node_i,node_j,condition,p_value
HISTORY,CVP,,0.0
HISTORY,PCWP,,0.0
HISTORY,HYPOVOLEMIA,,0.648812286855771
HISTORY,LVEDVOLUME,,0.0
HISTORY,LVFAILURE,,0.0
HISTORY,STROKEVOLUME,,3.895279579237544e-301
HISTORY,ERRLOWOUTPUT,,0.9477009323199405
HISTORY,HRBP,,0.14638642887146347
HISTORY,HREKG,,0.5356447306144922
HISTORY,ERRCAUTER,,0.9527714273168417
HISTORY,HRSAT,,0.33806366327280785
HISTORY,INSUFFANESTH,,0.18986125681202579
HISTORY,ANAPHYLAXIS,,0.8921429266296999
HISTORY,TPR,,0.6169608563539777
HISTORY,EXPCO2,,0.8688107585834386
HISTORY,KINKEDTUBE,,0.9686582954588183
HISTORY,MINVOL,,0.23746310191298867
HISTORY,FIO2,,0.8720290148169731
HISTORY,PVSAT,,0.916414151480894
HISTORY,SAO2,,0.7518734139373138
HISTORY,PAP,,0.21338427278650016
HISTORY,PULMEMBOLUS,,0.5441631922993402
HISTORY,SHUNT,,0.7236465308988939
HISTORY,INTUBATION,,0.8765947112420103
HISTORY,PRESS,,0.8243185687455975
HISTORY,DISCONNECT,,0.27922721730451155
HISTORY,MINVOLSET,,0.730143140620737
HISTORY,VENTMACH,,0.9084076332588744
HISTORY,VENTTUBE,,0.19114111236766193
HISTORY,VENTLUNG,,0.7799275475418502
HISTORY,VENTALV,,0.5127358411608214
HISTORY,ARTCO2,,0.4137262864781348
HISTORY,CATECHOL,,0.9035021048316896
HISTORY,HR,,0.22992162999465784
HISTORY,CO,,1.316735600314139e-212
HISTORY,BP,,6.220852760098034e-51
CVP,PCWP,,0.0
CVP,HYPOVOLEMIA,,0.0
CVP,LVEDVOLUME,,0.0
CVP,LVFAILURE,,0.0
CVP,STROKEVOLUME,,3.6825768928889757e-301
CVP,ERRLOWOUTPUT,,0.9789024227187606
CVP,HRBP,,0.40043767444739536
CVP,HREKG,,0.3493305519876568
CVP,ERRCAUTER,,0.34298452118176137
CVP,HRSAT,,0.32726493218069186
CVP,INSUFFANESTH,,0.010597905025879883
CVP,ANAPHYLAXIS,,0.5250210419824892
CVP,TPR,,0.8977201556649461
CVP,EXPCO2,,0.7542880452498634
CVP,KINKEDTUBE,,0.6037369926157833
CVP,MINVOL,,0.771270198473398
CVP,FIO2,,0.8253872136403391
CVP,PVSAT,,0.8663672478334917
CVP,SAO2,,0.978070958525537
CVP,PAP,,0.26095196275207033
CVP,PULMEMBOLUS,,0.7555498485045585
CVP,SHUNT,,0.7806242953548781
CVP,INTUBATION,,0.3923656911112654
CVP,PRESS,,0.46231401515698434
CVP,DISCONNECT,,0.9676085978657507
CVP,MINVOLSET,,0.746044138112433
CVP,VENTMACH,,0.7945046745364339
CVP,VENTTUBE,,0.1341943141374186
CVP,VENTLUNG,,0.8589331564584458
CVP,VENTALV,,0.9450104589826077
CVP,ARTCO2,,0.8012238064989166
CVP,CATECHOL,,0.873267497910771
CVP,HR,,0.04798482524701355
CVP,CO,,1.141221643889652e-199
CVP,BP,,1.3410801413310893e-40
PCWP,HYPOVOLEMIA,,0.0
PCWP,LVEDVOLUME,,0.0
PCWP,LVFAILURE,,0.0
PCWP,STROKEVOLUME,,0.0
PCWP,ERRLOWOUTPUT,,0.18406345449627712
PCWP,HRBP,,0.8009857149607533
PCWP,HREKG,,0.6976053010187625
PCWP,ERRCAUTER,,0.16861600966773344
PCWP,HRSAT,,0.6000929894009159
PCWP,INSUFFANESTH,,0.061609521848817496
PCWP,ANAPHYLAXIS,,0.7100161868577342
PCWP,TPR,,0.902477145871068
PCWP,EXPCO2,,0.729897808803422
PCWP,KINKEDTUBE,,0.8261163790886322
PCWP,MINVOL,,0.17151268501974037
PCWP,FIO2,,0.7701579423287683
PCWP,PVSAT,,0.870871106202715
PCWP,SAO2,,0.9821138613965624
PCWP,PAP,,0.38538193091710615
PCWP,PULMEMBOLUS,,0.308532439644826
PCWP,SHUNT,,0.4962712015702424
PCWP,INTUBATION,,0.06840335437491624
PCWP,PRESS,,0.3031166641220924
PCWP,DISCONNECT,,0.9029324196948952
PCWP,MINVOLSET,,0.7702507639839666
PCWP,VENTMACH,,0.6466690951278213
PCWP,VENTTUBE,,0.8820953038359923
PCWP,VENTLUNG,,0.735662426849357
PCWP,VENTALV,,0.1296021061257876
PCWP,ARTCO2,,0.015405998215381286
PCWP,CATECHOL,,0.4426339456471593
PCWP,HR,,0.18460611929832868
PCWP,CO,,3.4507333131648856e-281
PCWP,BP,,6.150055095379205e-54
HYPOVOLEMIA,LVEDVOLUME,,0.0
HYPOVOLEMIA,LVFAILURE,,0.835959324458166
HYPOVOLEMIA,STROKEVOLUME,,0.0
HYPOVOLEMIA,ERRLOWOUTPUT,,0.5317818409008921
HYPOVOLEMIA,HRBP,,0.4058883888435415
HYPOVOLEMIA,HREKG,,0.7585898557820524
HYPOVOLEMIA,ERRCAUTER,,0.0633565119204637
HYPOVOLEMIA,HRSAT,,0.622153599153034
HYPOVOLEMIA,INSUFFANESTH,,0.589302317673708
HYPOVOLEMIA,ANAPHYLAXIS,,0.3404225403323738
HYPOVOLEMIA,TPR,,0.2834670165202448
HYPOVOLEMIA,EXPCO2,,0.9999650040723093
HYPOVOLEMIA,KINKEDTUBE,,0.8098847681029819
HYPOVOLEMIA,MINVOL,,0.05852983182506474
HYPOVOLEMIA,FIO2,,0.3895002661620247
HYPOVOLEMIA,PVSAT,,0.6607395323263665
HYPOVOLEMIA,SAO2,,0.5070958499322209
HYPOVOLEMIA,PAP,,0.19149959511562933
HYPOVOLEMIA,PULMEMBOLUS,,0.636203658132352
HYPOVOLEMIA,SHUNT,,0.052187735757999364
HYPOVOLEMIA,INTUBATION,,0.5044711068231662
HYPOVOLEMIA,PRESS,,0.5455395645042287
HYPOVOLEMIA,DISCONNECT,,0.05484136763212883
HYPOVOLEMIA,MINVOLSET,,0.7249993688888987
HYPOVOLEMIA,VENTMACH,,0.8969034219598767
HYPOVOLEMIA,VENTTUBE,,0.8187311727489418
HYPOVOLEMIA,VENTLUNG,,0.5232032329091305
HYPOVOLEMIA,VENTALV,,0.3224022539342039
HYPOVOLEMIA,ARTCO2,,0.7092511313388987
HYPOVOLEMIA,CATECHOL,,0.8777093123478289
HYPOVOLEMIA,HR,,0.34706914696744656
HYPOVOLEMIA,CO,,3.107893881995781e-285
HYPOVOLEMIA,BP,,4.103692245092377e-62
LVEDVOLUME,LVFAILURE,,0.0
LVEDVOLUME,STROKEVOLUME,,0.0
LVEDVOLUME,ERRLOWOUTPUT,,0.6078762845722552
LVEDVOLUME,HRBP,,0.502255912059814
LVEDVOLUME,HREKG,,0.3383323906315298
LVEDVOLUME,ERRCAUTER,,0.040298035927145405
LVEDVOLUME,HRSAT,,0.34136403635499735
LVEDVOLUME,INSUFFANESTH,,0.10021707523220683
LVEDVOLUME,ANAPHYLAXIS,,0.6582479756612897
LVEDVOLUME,TPR,,0.682616699602477
LVEDVOLUME,EXPCO2,,0.8896183808643099
LVEDVOLUME,KINKEDTUBE,,0.8292976306134185
LVEDVOLUME,MINVOL,,0.1844445905781192
LVEDVOLUME,FIO2,,0.9849305457010332
LVEDVOLUME,PVSAT,,0.7043212417126061
LVEDVOLUME,SAO2,,0.9300629464871693
LVEDVOLUME,PAP,,0.10185902527055198
LVEDVOLUME,PULMEMBOLUS,,0.7160778957255456
LVEDVOLUME,SHUNT,,0.6588046885802027
LVEDVOLUME,INTUBATION,,0.33912089797909906
LVEDVOLUME,PRESS,,0.37575182986298516
LVEDVOLUME,DISCONNECT,,0.4178056243684495
LVEDVOLUME,MINVOLSET,,0.46779801949590927
LVEDVOLUME,VENTMACH,,0.6847857449145303
LVEDVOLUME,VENTTUBE,,0.3573672612432425
LVEDVOLUME,VENTLUNG,,0.48977708560852096
LVEDVOLUME,VENTALV,,0.11811029729687617
LVEDVOLUME,ARTCO2,,0.04932917509773616
LVEDVOLUME,CATECHOL,,0.858935678690911
LVEDVOLUME,HR,,0.2900371419424136
LVEDVOLUME,CO,,0.0
LVEDVOLUME,BP,,1.4348226867272992e-67
LVFAILURE,STROKEVOLUME,,0.0
LVFAILURE,ERRLOWOUTPUT,,0.8576827877328528
LVFAILURE,HRBP,,0.12842667312101202
LVFAILURE,HREKG,,0.7112474670018754
LVFAILURE,ERRCAUTER,,0.7560233030798117
LVFAILURE,HRSAT,,0.4103132974130248
LVFAILURE,INSUFFANESTH,,0.12266115070522964
LVFAILURE,ANAPHYLAXIS,,0.943652507555389
LVFAILURE,TPR,,0.36465948214465355
LVFAILURE,EXPCO2,,0.9589787119546721
LVFAILURE,KINKEDTUBE,,0.9624234077282677
LVFAILURE,MINVOL,,0.28173488844014466
LVFAILURE,FIO2,,0.6304432873377508
LVFAILURE,PVSAT,,0.9386081192252951
LVFAILURE,SAO2,,0.5823717402071803
LVFAILURE,PAP,,0.014941459295249062
LVFAILURE,PULMEMBOLUS,,0.16787322794052187
LVFAILURE,SHUNT,,0.5795659511346303
LVFAILURE,INTUBATION,,0.7563221938485829
LVFAILURE,PRESS,,0.766388903241106
LVFAILURE,DISCONNECT,,0.4677476145693569
LVFAILURE,MINVOLSET,,0.9274400107259
LVFAILURE,VENTMACH,,0.7755939283681021
LVFAILURE,VENTTUBE,,0.35236662547039266
LVFAILURE,VENTLUNG,,0.5038656494656264
LVFAILURE,VENTALV,,0.18932086222444142
LVFAILURE,ARTCO2,,0.17801750356928533
LVFAILURE,CATECHOL,,0.7666600760589574
LVFAILURE,HR,,0.3103171793754908
LVFAILURE,CO,,1.3415319489860087e-293
LVFAILURE,BP,,1.7068252360441771e-74
STROKEVOLUME,ERRLOWOUTPUT,,0.9085888576310468
STROKEVOLUME,HRBP,,0.3013976768105089
STROKEVOLUME,HREKG,,0.8743626406988845
STROKEVOLUME,ERRCAUTER,,0.9393567557116549
STROKEVOLUME,HRSAT,,0.8837653013355093
STROKEVOLUME,INSUFFANESTH,,0.8670941420146938
STROKEVOLUME,ANAPHYLAXIS,,0.8790773288014486
STROKEVOLUME,TPR,,0.9039623755601854
STROKEVOLUME,EXPCO2,,0.33398126457114913
STROKEVOLUME,KINKEDTUBE,,0.49073078917744795
STROKEVOLUME,MINVOL,,0.22025752130409482
STROKEVOLUME,FIO2,,0.5460576297806066
STROKEVOLUME,PVSAT,,0.478786259395531
STROKEVOLUME,SAO2,,0.7557821195632435
STROKEVOLUME,PAP,,0.07398223390007441
STROKEVOLUME,PULMEMBOLUS,,0.1860011178024944
STROKEVOLUME,SHUNT,,0.32626642994951316
STROKEVOLUME,INTUBATION,,0.6634530272974384
STROKEVOLUME,PRESS,,0.7774810354543635
STROKEVOLUME,DISCONNECT,,0.7791664899588379
STROKEVOLUME,MINVOLSET,,0.45263170563019817
STROKEVOLUME,VENTMACH,,0.7092159573608188
STROKEVOLUME,VENTTUBE,,0.8675164946978149
STROKEVOLUME,VENTLUNG,,0.6340229886857722
STROKEVOLUME,VENTALV,,0.05532360445158469
STROKEVOLUME,ARTCO2,,0.23965209071472346
STROKEVOLUME,CATECHOL,,0.7723572010723221
STROKEVOLUME,HR,,0.6745028010551102
STROKEVOLUME,CO,,0.0
STROKEVOLUME,BP,,0.0
ERRLOWOUTPUT,HRBP,,0.0
ERRLOWOUTPUT,HREKG,,0.916746537895886
ERRLOWOUTPUT,ERRCAUTER,,0.9212009151505006
ERRLOWOUTPUT,HRSAT,,0.8184954341662143
ERRLOWOUTPUT,INSUFFANESTH,,0.30525550358043146
ERRLOWOUTPUT,ANAPHYLAXIS,,0.692195176952903
ERRLOWOUTPUT,TPR,,0.5810742270249662
ERRLOWOUTPUT,EXPCO2,,0.9709694517578185
ERRLOWOUTPUT,KINKEDTUBE,,0.4155514781399454
ERRLOWOUTPUT,MINVOL,,0.8349904661120128
ERRLOWOUTPUT,FIO2,,0.8881045099264522
ERRLOWOUTPUT,PVSAT,,0.9854898928588423
ERRLOWOUTPUT,SAO2,,0.9784662410835547
ERRLOWOUTPUT,PAP,,0.6968824191375579
ERRLOWOUTPUT,PULMEMBOLUS,,0.7182781558549447
ERRLOWOUTPUT,SHUNT,,0.44689585028288004
ERRLOWOUTPUT,INTUBATION,,0.9695602362786693
ERRLOWOUTPUT,PRESS,,0.3818203531199349
ERRLOWOUTPUT,DISCONNECT,,0.515081255154926
ERRLOWOUTPUT,MINVOLSET,,0.19662177913405365
ERRLOWOUTPUT,VENTMACH,,0.0689449604964672
ERRLOWOUTPUT,VENTTUBE,,0.15928272635761745
ERRLOWOUTPUT,VENTLUNG,,0.9832548953294075
ERRLOWOUTPUT,VENTALV,,0.9689431540581697
ERRLOWOUTPUT,ARTCO2,,0.8723800023616644
ERRLOWOUTPUT,CATECHOL,,0.39179349299187183
ERRLOWOUTPUT,HR,,0.32532922429359507
ERRLOWOUTPUT,CO,,0.4498408087024558
ERRLOWOUTPUT,BP,,0.6113618227029467
HRBP,HREKG,,0.0
HRBP,ERRCAUTER,,0.1330084469849441
HRBP,HRSAT,,0.0
HRBP,INSUFFANESTH,,0.694474671163327
HRBP,ANAPHYLAXIS,,0.7683980651356044
HRBP,TPR,,3.057765891717607e-155
HRBP,EXPCO2,,3.549980517212406e-09
HRBP,KINKEDTUBE,,0.6146314209518521
HRBP,MINVOL,,5.7860954132274134e-92
HRBP,FIO2,,0.1136319985742851
HRBP,PVSAT,,3.528689629912312e-114
HRBP,SAO2,,2.3676112262806348e-108
HRBP,PAP,,0.25486022857358087
HRBP,PULMEMBOLUS,,0.9314553980862844
HRBP,SHUNT,,0.7797812797700493
HRBP,INTUBATION,,0.16841004763290593
HRBP,PRESS,,0.0002469366836061093
HRBP,DISCONNECT,,6.8842187055601235e-16
HRBP,MINVOLSET,,7.717009722929455e-14
HRBP,VENTMACH,,6.3428678805963926e-21
HRBP,VENTTUBE,,4.424289785440066e-52
HRBP,VENTLUNG,,1.3593718116317216e-82
HRBP,VENTALV,,2.611729751332922e-127
HRBP,ARTCO2,,1.088536027943875e-131
HRBP,CATECHOL,,0.0
HRBP,HR,,0.0
HRBP,CO,,0.0
HRBP,BP,,4.767485586587877e-119
HREKG,ERRCAUTER,,0.0
HREKG,HRSAT,,0.0
HREKG,INSUFFANESTH,,0.4848551146624831
HREKG,ANAPHYLAXIS,,0.6247725768727637
HREKG,TPR,,1.5344462589364227e-139
HREKG,EXPCO2,,4.613876827347155e-08
HREKG,KINKEDTUBE,,0.9269980922482833
HREKG,MINVOL,,3.8090064695143743e-94
HREKG,FIO2,,0.16751871140141075
HREKG,PVSAT,,7.930459287376345e-112
HREKG,SAO2,,4.916782710157833e-101
HREKG,PAP,,0.35953846398001604
HREKG,PULMEMBOLUS,,0.24738545898159287
HREKG,SHUNT,,0.08129447540550377
HREKG,INTUBATION,,0.16815423748416833
HREKG,PRESS,,0.0017225971819993002
HREKG,DISCONNECT,,4.271192610211849e-14
HREKG,MINVOLSET,,1.6408344416419322e-15
HREKG,VENTMACH,,2.965694468511676e-23
HREKG,VENTTUBE,,5.918111797805686e-53
HREKG,VENTLUNG,,3.8173783461917346e-81
HREKG,VENTALV,,9.918771900592991e-123
HREKG,ARTCO2,,3.3637853042064745e-124
HREKG,CATECHOL,,0.0
HREKG,HR,,0.0
HREKG,CO,,0.0
HREKG,BP,,6.003301557504698e-105
ERRCAUTER,HRSAT,,0.0
ERRCAUTER,INSUFFANESTH,,0.2521554764462347
ERRCAUTER,ANAPHYLAXIS,,0.3994536323805119
ERRCAUTER,TPR,,0.3131977608345382
ERRCAUTER,EXPCO2,,0.42562301008026737
ERRCAUTER,KINKEDTUBE,,0.832052297235485
ERRCAUTER,MINVOL,,0.6724819432777145
ERRCAUTER,FIO2,,0.11880717046210867
ERRCAUTER,PVSAT,,0.3652407424204972
ERRCAUTER,SAO2,,0.20610896831985454
ERRCAUTER,PAP,,0.9189610739015853
ERRCAUTER,PULMEMBOLUS,,0.08859529406265415
ERRCAUTER,SHUNT,,0.13733046431075993
ERRCAUTER,INTUBATION,,0.462354272016417
ERRCAUTER,PRESS,,0.23690811013759944
ERRCAUTER,DISCONNECT,,0.43580889382083987
ERRCAUTER,MINVOLSET,,0.11932190241866837
ERRCAUTER,VENTMACH,,0.3971230452124829
ERRCAUTER,VENTTUBE,,0.19895344337246745
ERRCAUTER,VENTLUNG,,0.6708293447665554
ERRCAUTER,VENTALV,,0.5525110341735915
ERRCAUTER,ARTCO2,,0.34764313230951094
ERRCAUTER,CATECHOL,,0.5530328913371463
ERRCAUTER,HR,,0.5993539809227308
ERRCAUTER,CO,,0.5596480079841301
ERRCAUTER,BP,,0.16521507795782261
HRSAT,INSUFFANESTH,,0.48215915296807643
HRSAT,ANAPHYLAXIS,,0.46472575491212187
HRSAT,TPR,,4.328975936928681e-141
HRSAT,EXPCO2,,2.2882966617638457e-09
HRSAT,KINKEDTUBE,,0.7856010881443558
HRSAT,MINVOL,,3.0671312901502012e-86
HRSAT,FIO2,,0.030871484633156667
HRSAT,PVSAT,,3.5479204549841947e-107
HRSAT,SAO2,,5.189331424470098e-100
HRSAT,PAP,,0.28589699027596027
HRSAT,PULMEMBOLUS,,0.25412206076076815
HRSAT,SHUNT,,0.15380468484515597
HRSAT,INTUBATION,,0.28954441692520666
HRSAT,PRESS,,0.0001533119003110484
HRSAT,DISCONNECT,,4.288753114823909e-13
HRSAT,MINVOLSET,,2.2055027995151543e-13
HRSAT,VENTMACH,,1.0007407568602126e-20
HRSAT,VENTTUBE,,5.0316100346190395e-47
HRSAT,VENTLUNG,,1.1475091241160434e-77
HRSAT,VENTALV,,1.6480921031074027e-116
HRSAT,ARTCO2,,2.13841421083584e-118
HRSAT,CATECHOL,,0.0
HRSAT,HR,,0.0
HRSAT,CO,,0.0
HRSAT,BP,,1.6011039798376857e-104
INSUFFANESTH,ANAPHYLAXIS,,0.1522264135928634
INSUFFANESTH,TPR,,0.14470824228809204
INSUFFANESTH,EXPCO2,,0.20235307229644345
INSUFFANESTH,KINKEDTUBE,,0.28752178393090316
INSUFFANESTH,MINVOL,,0.31257389980179895
INSUFFANESTH,FIO2,,0.44682807569908267
INSUFFANESTH,PVSAT,,0.08969860244158458
INSUFFANESTH,SAO2,,0.049966886868329584
INSUFFANESTH,PAP,,0.6276776049095787
INSUFFANESTH,PULMEMBOLUS,,0.04355136482742607
INSUFFANESTH,SHUNT,,0.9391319380145283
INSUFFANESTH,INTUBATION,,0.6582518750130286
INSUFFANESTH,PRESS,,0.378318591104794
INSUFFANESTH,DISCONNECT,,0.24585518328193132
INSUFFANESTH,MINVOLSET,,0.9375086574255567
INSUFFANESTH,VENTMACH,,0.48102830169885136
INSUFFANESTH,VENTTUBE,,0.150624627048468
INSUFFANESTH,VENTLUNG,,0.950892402395271
INSUFFANESTH,VENTALV,,0.9028756438979674
INSUFFANESTH,ARTCO2,,0.3688819295247543
INSUFFANESTH,CATECHOL,,0.4681742087020523
INSUFFANESTH,HR,,0.5132452183221436
INSUFFANESTH,CO,,0.6926835493208168
INSUFFANESTH,BP,,0.9133595813088948
ANAPHYLAXIS,TPR,,4.428809440397279e-59
ANAPHYLAXIS,EXPCO2,,0.0991083034682166
ANAPHYLAXIS,KINKEDTUBE,,0.8976770812384536
ANAPHYLAXIS,MINVOL,,0.20530477549264936
ANAPHYLAXIS,FIO2,,0.43610770645420227
ANAPHYLAXIS,PVSAT,,0.8745213345496782
ANAPHYLAXIS,SAO2,,0.44084730355853685
ANAPHYLAXIS,PAP,,0.10806358379231865
ANAPHYLAXIS,PULMEMBOLUS,,0.5962399733420369
ANAPHYLAXIS,SHUNT,,0.21851762517526968
ANAPHYLAXIS,INTUBATION,,0.06543211648661863
ANAPHYLAXIS,PRESS,,0.40312987933394884
ANAPHYLAXIS,DISCONNECT,,0.7397750529265767
ANAPHYLAXIS,MINVOLSET,,0.36233847254741336
ANAPHYLAXIS,VENTMACH,,0.1758093025628567
ANAPHYLAXIS,VENTTUBE,,0.07912443275230065
ANAPHYLAXIS,VENTLUNG,,0.257509798498746
ANAPHYLAXIS,VENTALV,,0.13420000138412624
ANAPHYLAXIS,ARTCO2,,0.9466482053955187
ANAPHYLAXIS,CATECHOL,,0.07415437289122181
ANAPHYLAXIS,HR,,0.7537457124410927
ANAPHYLAXIS,CO,,0.9655034732742066
ANAPHYLAXIS,BP,,1.1000230614999411e-33
TPR,EXPCO2,,0.7104036858456739
TPR,KINKEDTUBE,,0.4840000707467629
TPR,MINVOL,,0.29755738970220263
TPR,FIO2,,0.8359043228491515
TPR,PVSAT,,0.6062095587540661
TPR,SAO2,,0.9873826723199978
TPR,PAP,,0.8091686156759014
TPR,PULMEMBOLUS,,0.1328890783140617
TPR,SHUNT,,0.10088388942056839
TPR,INTUBATION,,0.3370946699872256
TPR,PRESS,,0.6563516218462768
TPR,DISCONNECT,,0.38993549451413734
TPR,MINVOLSET,,0.8859693193000261
TPR,VENTMACH,,0.8286948846853815
TPR,VENTTUBE,,0.7945610114790695
TPR,VENTLUNG,,0.6198136241898156
TPR,VENTALV,,0.5442004209846549
TPR,ARTCO2,,0.9244696441339992
TPR,CATECHOL,,0.0
TPR,HR,,3.4319923959097104e-174
TPR,CO,,2.985597416874713e-83
TPR,BP,,0.0
EXPCO2,KINKEDTUBE,,1.91030523682371e-06
EXPCO2,MINVOL,,0.0
EXPCO2,FIO2,,0.4155740040385594
EXPCO2,PVSAT,,9.774042848215459e-89
EXPCO2,SAO2,,9.800580160657292e-77
EXPCO2,PAP,,0.4379930509891191
EXPCO2,PULMEMBOLUS,,0.647700532276752
EXPCO2,SHUNT,,8.27202279798931e-119
EXPCO2,INTUBATION,,0.0
EXPCO2,PRESS,,1.2410371066761326e-58
EXPCO2,DISCONNECT,,3.5282888099877426e-14
EXPCO2,MINVOLSET,,1.5356337185490573e-28
EXPCO2,VENTMACH,,2.281030185562834e-39
EXPCO2,VENTTUBE,,2.744339351775904e-240
EXPCO2,VENTLUNG,,0.0
EXPCO2,VENTALV,,0.0
EXPCO2,ARTCO2,,1.0980935000115054e-218
EXPCO2,CATECHOL,,3.2242641779595e-25
EXPCO2,HR,,3.2380157938256218e-12
EXPCO2,CO,,2.089204364941255e-08
EXPCO2,BP,,0.2494531340169752
KINKEDTUBE,MINVOL,,1.2509338545468426e-32
KINKEDTUBE,FIO2,,0.756908486568842
KINKEDTUBE,PVSAT,,6.888715862369957e-30
KINKEDTUBE,SAO2,,3.5174967866784044e-23
KINKEDTUBE,PAP,,0.9536894184603298
KINKEDTUBE,PULMEMBOLUS,,0.6390418983151898
KINKEDTUBE,SHUNT,,0.2716650158875803
KINKEDTUBE,INTUBATION,,0.6671307451771935
KINKEDTUBE,PRESS,,2.4172506783136594e-97
KINKEDTUBE,DISCONNECT,,0.3475758120446669
KINKEDTUBE,MINVOLSET,,0.489524625843868
KINKEDTUBE,VENTMACH,,0.9691462079284783
KINKEDTUBE,VENTTUBE,,0.7119320145574489
KINKEDTUBE,VENTLUNG,,1.0465321823593925e-39
KINKEDTUBE,VENTALV,,6.10110094222597e-33
KINKEDTUBE,ARTCO2,,2.390043356607512e-30
KINKEDTUBE,CATECHOL,,0.0003375826057102663
KINKEDTUBE,HR,,0.5910444153436978
KINKEDTUBE,CO,,0.9822467694671815
KINKEDTUBE,BP,,0.8631112149117446
MINVOL,FIO2,,0.8538784262966781
MINVOL,PVSAT,,0.0
MINVOL,SAO2,,0.0
MINVOL,PAP,,0.2830064147061291
MINVOL,PULMEMBOLUS,,0.5587558370752108
MINVOL,SHUNT,,8.427417281929709e-167
MINVOL,INTUBATION,,0.0
MINVOL,PRESS,,7.886386985982637e-189
MINVOL,DISCONNECT,,1.9578623149546816e-227
MINVOL,MINVOLSET,,0.0
MINVOL,VENTMACH,,0.0
MINVOL,VENTTUBE,,0.0
MINVOL,VENTLUNG,,0.0
MINVOL,VENTALV,,0.0
MINVOL,ARTCO2,,0.0
MINVOL,CATECHOL,,2.352721598437638e-203
MINVOL,HR,,3.35272461896147e-106
MINVOL,CO,,1.4537131884244696e-57
MINVOL,BP,,1.1342519377257767e-12
FIO2,PVSAT,,2.073405509605092e-120
FIO2,SAO2,,3.4671285792544695e-86
FIO2,PAP,,0.07860158809029455
FIO2,PULMEMBOLUS,,0.05935838604485905
FIO2,SHUNT,,0.13305834119912283
FIO2,INTUBATION,,0.0767866312854991
FIO2,PRESS,,0.5300973872481829
FIO2,DISCONNECT,,0.7622298070963212
FIO2,MINVOLSET,,0.6016533129236794
FIO2,VENTMACH,,0.7938039920335695
FIO2,VENTTUBE,,0.5609471993228294
FIO2,VENTLUNG,,0.8590106961408281
FIO2,VENTALV,,0.5847845863679433
FIO2,ARTCO2,,0.7963831229979043
FIO2,CATECHOL,,0.12867447766647272
FIO2,HR,,0.2536819281244429
FIO2,CO,,0.21938772230889012
FIO2,BP,,0.6964493225838257
PVSAT,SAO2,,0.0
PVSAT,PAP,,0.644013199257746
PVSAT,PULMEMBOLUS,,0.2482955562543963
PVSAT,SHUNT,,5.1632473902026264e-14
PVSAT,INTUBATION,,1.5418209375032215e-46
PVSAT,PRESS,,1.9492073969460767e-103
PVSAT,DISCONNECT,,2.1937322279653913e-179
PVSAT,MINVOLSET,,0.0
PVSAT,VENTMACH,,0.0
PVSAT,VENTTUBE,,0.0
PVSAT,VENTLUNG,,0.0
PVSAT,VENTALV,,0.0
PVSAT,ARTCO2,,0.0
PVSAT,CATECHOL,,5.557101513137051e-242
PVSAT,HR,,2.169238768364699e-130
PVSAT,CO,,5.427177446055949e-71
PVSAT,BP,,7.2336148342476125e-12
SAO2,PAP,,0.9426383112345618
SAO2,PULMEMBOLUS,,1.136291778337403e-06
SAO2,SHUNT,,4.303527235925554e-93
SAO2,INTUBATION,,6.223106500222845e-50
SAO2,PRESS,,1.156910336925917e-85
SAO2,DISCONNECT,,1.1657391184241022e-162
SAO2,MINVOLSET,,1.0699692939611555e-277
SAO2,VENTMACH,,0.0
SAO2,VENTTUBE,,0.0
SAO2,VENTLUNG,,0.0
SAO2,VENTALV,,0.0
SAO2,ARTCO2,,0.0
SAO2,CATECHOL,,1.24426949732283e-238
SAO2,HR,,9.154647967330009e-124
SAO2,CO,,5.290503569790716e-65
SAO2,BP,,2.927217411236106e-11
PAP,PULMEMBOLUS,,2.6189584049819173e-102
PAP,SHUNT,,7.039845663796403e-14
PAP,INTUBATION,,0.29286828484285493
PAP,PRESS,,0.9027934657201463
PAP,DISCONNECT,,0.447271235360455
PAP,MINVOLSET,,0.6731654163471572
PAP,VENTMACH,,0.5638947920097335
PAP,VENTTUBE,,0.3209669808549458
PAP,VENTLUNG,,0.4139828143270895
PAP,VENTALV,,0.16789572171338601
PAP,ARTCO2,,0.40011454698259
PAP,CATECHOL,,0.6666424413430307
PAP,HR,,0.3626712655915112
PAP,CO,,0.13247046987409236
PAP,BP,,0.8150636581017517
PULMEMBOLUS,SHUNT,,4.5632205936607183e-91
PULMEMBOLUS,INTUBATION,,0.8290484319238718
PULMEMBOLUS,PRESS,,0.8929144740709927
PULMEMBOLUS,DISCONNECT,,0.977036213355193
PULMEMBOLUS,MINVOLSET,,0.27094637468295446
PULMEMBOLUS,VENTMACH,,0.3284031501008985
PULMEMBOLUS,VENTTUBE,,0.7439491481003677
PULMEMBOLUS,VENTLUNG,,0.2887917821298878
PULMEMBOLUS,VENTALV,,0.4304129996711168
PULMEMBOLUS,ARTCO2,,0.7957006719043174
PULMEMBOLUS,CATECHOL,,0.737426518776544
PULMEMBOLUS,HR,,0.963187351203626
PULMEMBOLUS,CO,,0.13795115922549175
PULMEMBOLUS,BP,,0.23304447385822366
SHUNT,INTUBATION,,0.0
SHUNT,PRESS,,4.264717871604511e-22
SHUNT,DISCONNECT,,0.2026845506410876
SHUNT,MINVOLSET,,0.4335270110365854
SHUNT,VENTMACH,,0.2814225462449077
SHUNT,VENTTUBE,,0.31523284689376607
SHUNT,VENTLUNG,,6.866451312345377e-26
SHUNT,VENTALV,,5.623893817646609e-274
SHUNT,ARTCO2,,7.345811158303203e-87
SHUNT,CATECHOL,,0.07402814451805773
SHUNT,HR,,0.889120417635983
SHUNT,CO,,0.14874760812166674
SHUNT,BP,,0.773394771243912
INTUBATION,PRESS,,4.910003618216701e-129
INTUBATION,DISCONNECT,,0.2532486043088865
INTUBATION,MINVOLSET,,0.13178791492442835
INTUBATION,VENTMACH,,0.734242370383547
INTUBATION,VENTTUBE,,0.080748289663285
INTUBATION,VENTLUNG,,3.913031503244059e-85
INTUBATION,VENTALV,,0.0
INTUBATION,ARTCO2,,9.024342262761519e-167
INTUBATION,CATECHOL,,0.029989650583614212
INTUBATION,HR,,0.07727996404705123
INTUBATION,CO,,0.06718612359579265
INTUBATION,BP,,0.8370838759237791
PRESS,DISCONNECT,,2.841562310197807e-222
PRESS,MINVOLSET,,5.535918951245338e-206
PRESS,VENTMACH,,0.0
PRESS,VENTTUBE,,0.0
PRESS,VENTLUNG,,3.1652483405615215e-198
PRESS,VENTALV,,2.910811226011865e-232
PRESS,ARTCO2,,1.759010781148337e-105
PRESS,CATECHOL,,4.764902356397191e-11
PRESS,HR,,3.517191251621219e-05
PRESS,CO,,0.00622038060737409
PRESS,BP,,0.15064993370289637
DISCONNECT,MINVOLSET,,0.7638330323243692
DISCONNECT,VENTMACH,,0.38443637179584234
DISCONNECT,VENTTUBE,,0.0
DISCONNECT,VENTLUNG,,6.866664614744776e-188
DISCONNECT,VENTALV,,1.4738702805127996e-215
DISCONNECT,ARTCO2,,1.8441024576781805e-184
DISCONNECT,CATECHOL,,2.059466900976376e-25
DISCONNECT,HR,,6.282566369869606e-16
DISCONNECT,CO,,1.4297319272764573e-09
DISCONNECT,BP,,0.19353833109509005
MINVOLSET,VENTMACH,,0.0
MINVOLSET,VENTTUBE,,0.0
MINVOLSET,VENTLUNG,,0.0
MINVOLSET,VENTALV,,0.0
MINVOLSET,ARTCO2,,1.0542327644590055e-307
MINVOLSET,CATECHOL,,1.4294933109677904e-32
MINVOLSET,HR,,6.95715100731474e-17
MINVOLSET,CO,,3.866378904460101e-10
MINVOLSET,BP,,0.005637708017323554
VENTMACH,VENTTUBE,,0.0
VENTMACH,VENTLUNG,,0.0
VENTMACH,VENTALV,,0.0
VENTMACH,ARTCO2,,0.0
VENTMACH,CATECHOL,,5.652501903474963e-61
VENTMACH,HR,,1.6022828216468174e-25
VENTMACH,CO,,2.4664833379831712e-11
VENTMACH,BP,,0.012119328908497994
VENTTUBE,VENTLUNG,,0.0
VENTTUBE,VENTALV,,0.0
VENTTUBE,ARTCO2,,0.0
VENTTUBE,CATECHOL,,3.399816135300842e-126
VENTTUBE,HR,,9.200415392578699e-59
VENTTUBE,CO,,5.656558247120113e-28
VENTTUBE,BP,,0.0006789232419468735
VENTLUNG,VENTALV,,0.0
VENTLUNG,ARTCO2,,0.0
VENTLUNG,CATECHOL,,6.321770563615421e-191
VENTLUNG,HR,,3.655809197175623e-95
VENTLUNG,CO,,4.650488431223386e-53
VENTLUNG,BP,,9.362436951596735e-11
VENTALV,ARTCO2,,0.0
VENTALV,CATECHOL,,1.1158242193510318e-279
VENTALV,HR,,1.04909490614223e-143
VENTALV,CO,,6.226435081659423e-78
VENTALV,BP,,5.346140736933065e-13
ARTCO2,CATECHOL,,1.5124050389730816e-290
ARTCO2,HR,,9.523969459833205e-149
ARTCO2,CO,,1.1095200889088513e-79
ARTCO2,BP,,6.618823211509513e-13
CATECHOL,HR,,0.0
CATECHOL,CO,,0.0
CATECHOL,BP,,7.061261157799499e-108
HR,CO,,0.0
HR,BP,,5.486446045905492e-143
CO,BP,,0.0
HISTORY,CVP,LVFAILURE,0.6837962389042932
HISTORY,CVP,LVFAILURE,0.6837962389042932
HISTORY,PCWP,LVFAILURE,0.9613451358247067
HISTORY,PCWP,LVFAILURE,0.9613451358247067
HISTORY,LVEDVOLUME,LVFAILURE,0.4487597543260531
HISTORY,LVEDVOLUME,LVFAILURE,0.4487597543260531
HISTORY,LVFAILURE,PCWP,0.0
HISTORY,LVFAILURE,PCWP,0.0
HISTORY,LVFAILURE,PCWP,0.0
HISTORY,LVFAILURE,PCWP,0.0
HISTORY,LVFAILURE,PCWP,0.0
HISTORY,LVFAILURE,PCWP,0.0
HISTORY,STROKEVOLUME,LVFAILURE,0.2810192060141244
HISTORY,STROKEVOLUME,LVFAILURE,0.2810192060141244
HISTORY,CO,LVFAILURE,0.2817690675957828
HISTORY,CO,LVFAILURE,0.2817690675957828
HISTORY,BP,LVFAILURE,0.9374667592549044
CVP,PCWP,HISTORY,0.0
CVP,PCWP,HISTORY,0.0
CVP,PCWP,HISTORY,0.0
CVP,PCWP,HISTORY,0.0
CVP,PCWP,HISTORY,0.0
CVP,PCWP,HISTORY,0.0
CVP,PCWP,HISTORY,0.0
CVP,PCWP,HISTORY,0.0
CVP,PCWP,HISTORY,0.0
CVP,HYPOVOLEMIA,LVEDVOLUME,0.8428012043135953
CVP,HYPOVOLEMIA,LVEDVOLUME,0.8428012043135953
CVP,HYPOVOLEMIA,LVEDVOLUME,0.8428012043135953
CVP,HYPOVOLEMIA,LVEDVOLUME,0.8428012043135953
CVP,HYPOVOLEMIA,LVEDVOLUME,0.8428012043135953
CVP,HYPOVOLEMIA,LVEDVOLUME,0.8428012043135953
CVP,LVEDVOLUME,HISTORY,0.0
CVP,LVEDVOLUME,HISTORY,0.0
CVP,LVEDVOLUME,HISTORY,0.0
CVP,LVEDVOLUME,HISTORY,0.0
CVP,LVEDVOLUME,HISTORY,0.0
CVP,LVEDVOLUME,HISTORY,0.0
CVP,LVEDVOLUME,HISTORY,0.0
CVP,LVEDVOLUME,HISTORY,0.0
CVP,LVEDVOLUME,HISTORY,0.0
CVP,LVFAILURE,LVEDVOLUME,0.20505645387304844
CVP,LVFAILURE,LVEDVOLUME,0.20505645387304844
CVP,LVFAILURE,LVEDVOLUME,0.20505645387304844
CVP,LVFAILURE,LVEDVOLUME,0.20505645387304844
CVP,LVFAILURE,LVEDVOLUME,0.20505645387304844
CVP,STROKEVOLUME,LVEDVOLUME,0.30162367655924477
CVP,STROKEVOLUME,LVEDVOLUME,0.30162367655924477
CVP,STROKEVOLUME,LVEDVOLUME,0.30162367655924477
CVP,STROKEVOLUME,LVEDVOLUME,0.30162367655924477
CVP,STROKEVOLUME,LVEDVOLUME,0.30162367655924477
CVP,INSUFFANESTH,LVFAILURE,0.0738271194459373
CVP,INSUFFANESTH,LVFAILURE,0.0738271194459373
CVP,HR,BP,0.19633240292666157
CVP,CO,STROKEVOLUME,0.24873653110472443
CVP,CO,STROKEVOLUME,0.24873653110472443
CVP,CO,STROKEVOLUME,0.24873653110472443
CVP,CO,STROKEVOLUME,0.24873653110472443
CVP,BP,CO,0.6822215454507135
CVP,BP,CO,0.6822215454507135
CVP,BP,CO,0.6822215454507135
PCWP,HYPOVOLEMIA,LVEDVOLUME,0.9412743858414625
PCWP,HYPOVOLEMIA,LVEDVOLUME,0.9412743858414625
PCWP,HYPOVOLEMIA,LVEDVOLUME,0.9412743858414625
PCWP,HYPOVOLEMIA,LVEDVOLUME,0.9412743858414625
PCWP,HYPOVOLEMIA,LVEDVOLUME,0.9412743858414625
PCWP,HYPOVOLEMIA,LVEDVOLUME,0.9412743858414625
PCWP,LVEDVOLUME,HISTORY,0.0
PCWP,LVEDVOLUME,HISTORY,0.0
PCWP,LVEDVOLUME,HISTORY,0.0
PCWP,LVEDVOLUME,HISTORY,0.0
PCWP,LVEDVOLUME,HISTORY,0.0
PCWP,LVEDVOLUME,HISTORY,0.0
PCWP,LVEDVOLUME,HISTORY,0.0
PCWP,LVEDVOLUME,HISTORY,0.0
PCWP,LVFAILURE,LVEDVOLUME,0.22563498105981442
PCWP,LVFAILURE,LVEDVOLUME,0.22563498105981442
PCWP,LVFAILURE,LVEDVOLUME,0.22563498105981442
PCWP,LVFAILURE,LVEDVOLUME,0.22563498105981442
PCWP,LVFAILURE,LVEDVOLUME,0.22563498105981442
PCWP,STROKEVOLUME,LVEDVOLUME,0.3401818961177062
PCWP,STROKEVOLUME,LVEDVOLUME,0.3401818961177062
PCWP,STROKEVOLUME,LVEDVOLUME,0.3401818961177062
PCWP,STROKEVOLUME,LVEDVOLUME,0.3401818961177062
PCWP,STROKEVOLUME,LVEDVOLUME,0.3401818961177062
PCWP,ARTCO2,BP,0.15993157030657532
PCWP,CO,STROKEVOLUME,0.3766663399387747
PCWP,CO,STROKEVOLUME,0.3766663399387747
PCWP,CO,STROKEVOLUME,0.3766663399387747
PCWP,CO,STROKEVOLUME,0.3766663399387747
PCWP,BP,CO,0.440242699386664
PCWP,BP,CO,0.440242699386664
PCWP,BP,CO,0.440242699386664
HYPOVOLEMIA,LVEDVOLUME,PCWP,1.0750093059988594e-223
HYPOVOLEMIA,LVEDVOLUME,PCWP,1.0750093059988594e-223
HYPOVOLEMIA,LVEDVOLUME,PCWP,1.0750093059988594e-223
HYPOVOLEMIA,LVEDVOLUME,PCWP,1.0750093059988594e-223
HYPOVOLEMIA,LVEDVOLUME,PCWP,1.0750093059988594e-223
HYPOVOLEMIA,STROKEVOLUME,PCWP,9.06445202350277e-211
HYPOVOLEMIA,STROKEVOLUME,PCWP,9.06445202350277e-211
HYPOVOLEMIA,STROKEVOLUME,PCWP,9.06445202350277e-211
HYPOVOLEMIA,STROKEVOLUME,PCWP,9.06445202350277e-211
HYPOVOLEMIA,STROKEVOLUME,PCWP,9.06445202350277e-211
HYPOVOLEMIA,CO,STROKEVOLUME,0.2501276420431987
HYPOVOLEMIA,CO,STROKEVOLUME,0.2501276420431987
HYPOVOLEMIA,CO,STROKEVOLUME,0.2501276420431987
HYPOVOLEMIA,BP,CO,0.09897415373491328
HYPOVOLEMIA,BP,CO,0.09897415373491328
LVEDVOLUME,LVFAILURE,HISTORY,9.085620013482162e-165
LVEDVOLUME,LVFAILURE,HISTORY,9.085620013482162e-165
LVEDVOLUME,LVFAILURE,HISTORY,9.085620013482162e-165
LVEDVOLUME,LVFAILURE,HISTORY,9.085620013482162e-165
LVEDVOLUME,LVFAILURE,HISTORY,9.085620013482162e-165
LVEDVOLUME,LVFAILURE,HISTORY,9.085620013482162e-165
LVEDVOLUME,LVFAILURE,HISTORY,9.085620013482162e-165
LVEDVOLUME,LVFAILURE,HISTORY,9.085620013482162e-165
LVEDVOLUME,LVFAILURE,HISTORY,9.085620013482162e-165
LVEDVOLUME,STROKEVOLUME,HISTORY,0.0
LVEDVOLUME,STROKEVOLUME,HISTORY,0.0
LVEDVOLUME,STROKEVOLUME,HISTORY,0.0
LVEDVOLUME,STROKEVOLUME,HISTORY,0.0
LVEDVOLUME,STROKEVOLUME,HISTORY,0.0
LVEDVOLUME,STROKEVOLUME,HISTORY,0.0
LVEDVOLUME,STROKEVOLUME,HISTORY,0.0
LVEDVOLUME,STROKEVOLUME,HISTORY,0.0
LVEDVOLUME,STROKEVOLUME,HISTORY,0.0
LVEDVOLUME,ERRCAUTER,BP,0.08323088631186512
LVEDVOLUME,ARTCO2,ERRCAUTER,0.07661537807217039
LVEDVOLUME,CO,STROKEVOLUME,0.4729240216711762
LVEDVOLUME,CO,STROKEVOLUME,0.4729240216711762
LVEDVOLUME,CO,STROKEVOLUME,0.4729240216711762
LVEDVOLUME,CO,STROKEVOLUME,0.4729240216711762
LVEDVOLUME,CO,STROKEVOLUME,0.4729240216711762
LVEDVOLUME,BP,CO,0.5285615316597629
LVEDVOLUME,BP,CO,0.5285615316597629
LVEDVOLUME,BP,CO,0.5285615316597629
LVEDVOLUME,BP,CO,0.5285615316597629
LVFAILURE,STROKEVOLUME,HISTORY,1.0115135575301682e-111
LVFAILURE,STROKEVOLUME,HISTORY,1.0115135575301682e-111
LVFAILURE,STROKEVOLUME,HISTORY,1.0115135575301682e-111
LVFAILURE,STROKEVOLUME,HISTORY,1.0115135575301682e-111
LVFAILURE,STROKEVOLUME,HISTORY,1.0115135575301682e-111
LVFAILURE,STROKEVOLUME,HISTORY,1.0115135575301682e-111
LVFAILURE,STROKEVOLUME,HISTORY,1.0115135575301682e-111
LVFAILURE,PAP,BP,0.14230976363255277
LVFAILURE,CO,STROKEVOLUME,0.19231608931900213
LVFAILURE,CO,STROKEVOLUME,0.19231608931900213
LVFAILURE,CO,STROKEVOLUME,0.19231608931900213
LVFAILURE,BP,CO,0.06958738572933498
LVFAILURE,BP,CO,0.06958738572933498
STROKEVOLUME,CO,HISTORY,0.0
STROKEVOLUME,CO,HISTORY,0.0
STROKEVOLUME,CO,HISTORY,0.0
STROKEVOLUME,CO,HISTORY,0.0
STROKEVOLUME,CO,HISTORY,0.0
STROKEVOLUME,CO,HISTORY,0.0
STROKEVOLUME,CO,HISTORY,0.0
STROKEVOLUME,BP,HISTORY,1.5652156205289866e-306
STROKEVOLUME,BP,HISTORY,1.5652156205289866e-306
STROKEVOLUME,BP,HISTORY,1.5652156205289866e-306
STROKEVOLUME,BP,HISTORY,1.5652156205289866e-306
STROKEVOLUME,BP,HISTORY,1.5652156205289866e-306
STROKEVOLUME,BP,HISTORY,1.5652156205289866e-306
STROKEVOLUME,BP,HISTORY,1.5652156205289866e-306
HRBP,HREKG,HR,0.7901289382209591
HRBP,HREKG,HR,0.7901289382209591
HRBP,HREKG,HR,0.7901289382209591
HRBP,HREKG,HR,0.7901289382209591
HRBP,HREKG,HR,0.7901289382209591
HRBP,HREKG,HR,0.7901289382209591
HRBP,HREKG,HR,0.7901289382209591
HRBP,HREKG,HR,0.7901289382209591
HRBP,HREKG,HR,0.7901289382209591
HRBP,HREKG,HR,0.7901289382209591
HRBP,HREKG,HR,0.7901289382209591
HRBP,HREKG,HR,0.7901289382209591
HRBP,HREKG,HR,0.7901289382209591
HRBP,HREKG,HR,0.7901289382209591
HRBP,HREKG,HR,0.7901289382209591
HRBP,HREKG,HR,0.7901289382209591
HRBP,HREKG,HR,0.7901289382209591
HRBP,HRSAT,HR,0.4902793938075184
HRBP,HRSAT,HR,0.4902793938075184
HRBP,HRSAT,HR,0.4902793938075184
HRBP,HRSAT,HR,0.4902793938075184
HRBP,HRSAT,HR,0.4902793938075184
HRBP,HRSAT,HR,0.4902793938075184
HRBP,HRSAT,HR,0.4902793938075184
HRBP,HRSAT,HR,0.4902793938075184
HRBP,HRSAT,HR,0.4902793938075184
HRBP,HRSAT,HR,0.4902793938075184
HRBP,HRSAT,HR,0.4902793938075184
HRBP,HRSAT,HR,0.4902793938075184
HRBP,HRSAT,HR,0.4902793938075184
HRBP,HRSAT,HR,0.4902793938075184
HRBP,HRSAT,HR,0.4902793938075184
HRBP,HRSAT,HR,0.4902793938075184
HRBP,HRSAT,HR,0.4902793938075184
HRBP,TPR,CATECHOL,0.859571831621587
HRBP,TPR,CATECHOL,0.859571831621587
HRBP,TPR,CATECHOL,0.859571831621587
HRBP,TPR,CATECHOL,0.859571831621587
HRBP,TPR,CATECHOL,0.859571831621587
HRBP,TPR,CATECHOL,0.859571831621587
HRBP,TPR,CATECHOL,0.859571831621587
HRBP,TPR,CATECHOL,0.859571831621587
HRBP,EXPCO2,HRSAT,0.5127167988181367
HRBP,MINVOL,VENTALV,0.6289422454239624
HRBP,MINVOL,VENTALV,0.6289422454239624
HRBP,MINVOL,VENTALV,0.6289422454239624
HRBP,MINVOL,VENTALV,0.6289422454239624
HRBP,MINVOL,VENTALV,0.6289422454239624
HRBP,PVSAT,VENTALV,0.1435330679852496
HRBP,PVSAT,VENTALV,0.1435330679852496
HRBP,PVSAT,VENTALV,0.1435330679852496
HRBP,PVSAT,VENTALV,0.1435330679852496
HRBP,PVSAT,VENTALV,0.1435330679852496
HRBP,PVSAT,VENTALV,0.1435330679852496
HRBP,SAO2,CATECHOL,0.5795563256250775
HRBP,SAO2,CATECHOL,0.5795563256250775
HRBP,SAO2,CATECHOL,0.5795563256250775
HRBP,SAO2,CATECHOL,0.5795563256250775
HRBP,SAO2,CATECHOL,0.5795563256250775
HRBP,SAO2,CATECHOL,0.5795563256250775
HRBP,SAO2,CATECHOL,0.5795563256250775
HRBP,SAO2,CATECHOL,0.5795563256250775
HRBP,PRESS,HRSAT,0.4545254028991434
HRBP,DISCONNECT,MINVOL,0.27113347986322534
HRBP,DISCONNECT,MINVOL,0.27113347986322534
HRBP,DISCONNECT,MINVOL,0.27113347986322534
HRBP,DISCONNECT,MINVOL,0.27113347986322534
HRBP,MINVOLSET,SAO2,0.27413581441865054
HRBP,MINVOLSET,SAO2,0.27413581441865054
HRBP,VENTMACH,SAO2,0.37317881451543816
HRBP,VENTMACH,SAO2,0.37317881451543816
HRBP,VENTTUBE,SAO2,0.06317598012313409
HRBP,VENTTUBE,SAO2,0.06317598012313409
HRBP,VENTLUNG,VENTALV,0.730432113562641
HRBP,VENTLUNG,VENTALV,0.730432113562641
HRBP,VENTLUNG,VENTALV,0.730432113562641
HRBP,VENTLUNG,VENTALV,0.730432113562641
HRBP,VENTLUNG,VENTALV,0.730432113562641
HRBP,VENTLUNG,VENTALV,0.730432113562641
HRBP,VENTALV,CATECHOL,0.23205547416437897
HRBP,VENTALV,CATECHOL,0.23205547416437897
HRBP,VENTALV,CATECHOL,0.23205547416437897
HRBP,VENTALV,CATECHOL,0.23205547416437897
HRBP,VENTALV,CATECHOL,0.23205547416437897
HRBP,VENTALV,CATECHOL,0.23205547416437897
HRBP,VENTALV,CATECHOL,0.23205547416437897
HRBP,VENTALV,CATECHOL,0.23205547416437897
HRBP,ARTCO2,CATECHOL,0.1521306388031624
HRBP,ARTCO2,CATECHOL,0.1521306388031624
HRBP,ARTCO2,CATECHOL,0.1521306388031624
HRBP,ARTCO2,CATECHOL,0.1521306388031624
HRBP,ARTCO2,CATECHOL,0.1521306388031624
HRBP,ARTCO2,CATECHOL,0.1521306388031624
HRBP,ARTCO2,CATECHOL,0.1521306388031624
HRBP,ARTCO2,CATECHOL,0.1521306388031624
HRBP,ARTCO2,CATECHOL,0.1521306388031624
HRBP,CATECHOL,HR,0.19784500365091892
HRBP,CATECHOL,HR,0.19784500365091892
HRBP,CATECHOL,HR,0.19784500365091892
HRBP,CATECHOL,HR,0.19784500365091892
HRBP,CATECHOL,HR,0.19784500365091892
HRBP,CATECHOL,HR,0.19784500365091892
HRBP,CATECHOL,HR,0.19784500365091892
HRBP,CATECHOL,HR,0.19784500365091892
HRBP,CATECHOL,HR,0.19784500365091892
HRBP,CATECHOL,HR,0.19784500365091892
HRBP,CATECHOL,HR,0.19784500365091892
HRBP,CATECHOL,HR,0.19784500365091892
HRBP,CATECHOL,HR,0.19784500365091892
HRBP,CATECHOL,HR,0.19784500365091892
HRBP,CATECHOL,HR,0.19784500365091892
HRBP,CATECHOL,HR,0.19784500365091892
HRBP,CATECHOL,HR,0.19784500365091892
HRBP,HR,MINVOLSET,0.0
HRBP,HR,MINVOLSET,0.0
HRBP,HR,MINVOLSET,0.0
HRBP,HR,MINVOLSET,0.0
HRBP,HR,MINVOLSET,0.0
HRBP,HR,MINVOLSET,0.0
HRBP,HR,MINVOLSET,0.0
HRBP,HR,MINVOLSET,0.0
HRBP,HR,MINVOLSET,0.0
HRBP,HR,MINVOLSET,0.0
HRBP,HR,MINVOLSET,0.0
HRBP,HR,MINVOLSET,0.0
HRBP,HR,MINVOLSET,0.0
HRBP,HR,MINVOLSET,0.0
HRBP,HR,MINVOLSET,0.0
HRBP,HR,MINVOLSET,0.0
HRBP,HR,MINVOLSET,0.0
HRBP,HR,MINVOLSET,0.0
HRBP,HR,MINVOLSET,0.0
HRBP,CO,HR,0.30937138194038943
HRBP,CO,HR,0.30937138194038943
HRBP,CO,HR,0.30937138194038943
HRBP,CO,HR,0.30937138194038943
HRBP,CO,HR,0.30937138194038943
HRBP,CO,HR,0.30937138194038943
HRBP,CO,HR,0.30937138194038943
HRBP,CO,HR,0.30937138194038943
HRBP,CO,HR,0.30937138194038943
HRBP,CO,HR,0.30937138194038943
HRBP,CO,HR,0.30937138194038943
HRBP,CO,HR,0.30937138194038943
HRBP,CO,HR,0.30937138194038943
HRBP,CO,HR,0.30937138194038943
HRBP,CO,HR,0.30937138194038943
HRBP,CO,HR,0.30937138194038943
HRBP,CO,HR,0.30937138194038943
HRBP,BP,HR,0.5737634312997464
HRBP,BP,HR,0.5737634312997464
HRBP,BP,HR,0.5737634312997464
HRBP,BP,HR,0.5737634312997464
HRBP,BP,HR,0.5737634312997464
HRBP,BP,HR,0.5737634312997464
HRBP,BP,HR,0.5737634312997464
HRBP,BP,HR,0.5737634312997464
HRBP,BP,HR,0.5737634312997464
HRBP,BP,HR,0.5737634312997464
HRBP,BP,HR,0.5737634312997464
HRBP,BP,HR,0.5737634312997464
HRBP,BP,HR,0.5737634312997464
HRBP,BP,HR,0.5737634312997464
HRBP,BP,HR,0.5737634312997464
HRBP,BP,HR,0.5737634312997464
HRBP,BP,HR,0.5737634312997464
HREKG,ERRCAUTER,MINVOLSET,0.0
HREKG,ERRCAUTER,MINVOLSET,0.0
HREKG,ERRCAUTER,MINVOLSET,0.0
HREKG,ERRCAUTER,MINVOLSET,0.0
HREKG,ERRCAUTER,MINVOLSET,0.0
HREKG,ERRCAUTER,MINVOLSET,0.0
HREKG,ERRCAUTER,MINVOLSET,0.0
HREKG,ERRCAUTER,MINVOLSET,0.0
HREKG,ERRCAUTER,MINVOLSET,0.0
HREKG,ERRCAUTER,MINVOLSET,0.0
HREKG,ERRCAUTER,MINVOLSET,0.0
HREKG,ERRCAUTER,MINVOLSET,0.0
HREKG,ERRCAUTER,MINVOLSET,0.0
HREKG,ERRCAUTER,MINVOLSET,0.0
HREKG,ERRCAUTER,MINVOLSET,0.0
HREKG,ERRCAUTER,MINVOLSET,0.0
HREKG,ERRCAUTER,MINVOLSET,0.0
HREKG,ERRCAUTER,MINVOLSET,0.0
HREKG,ERRCAUTER,MINVOLSET,0.0
HREKG,HRSAT,MINVOLSET,0.0
HREKG,HRSAT,MINVOLSET,0.0
HREKG,HRSAT,MINVOLSET,0.0
HREKG,HRSAT,MINVOLSET,0.0
HREKG,HRSAT,MINVOLSET,0.0
HREKG,HRSAT,MINVOLSET,0.0
HREKG,HRSAT,MINVOLSET,0.0
HREKG,HRSAT,MINVOLSET,0.0
HREKG,HRSAT,MINVOLSET,0.0
HREKG,HRSAT,MINVOLSET,0.0
HREKG,HRSAT,MINVOLSET,0.0
HREKG,HRSAT,MINVOLSET,0.0
HREKG,HRSAT,MINVOLSET,0.0
HREKG,HRSAT,MINVOLSET,0.0
HREKG,HRSAT,MINVOLSET,0.0
HREKG,HRSAT,MINVOLSET,0.0
HREKG,HRSAT,MINVOLSET,0.0
HREKG,HRSAT,MINVOLSET,0.0
HREKG,HRSAT,MINVOLSET,0.0
HREKG,TPR,CATECHOL,0.26418912461726113
HREKG,TPR,CATECHOL,0.26418912461726113
HREKG,TPR,CATECHOL,0.26418912461726113
HREKG,TPR,CATECHOL,0.26418912461726113
HREKG,TPR,CATECHOL,0.26418912461726113
HREKG,TPR,CATECHOL,0.26418912461726113
HREKG,TPR,CATECHOL,0.26418912461726113
HREKG,TPR,CATECHOL,0.26418912461726113
HREKG,TPR,CATECHOL,0.26418912461726113
HREKG,EXPCO2,HRSAT,0.4740454682552677
HREKG,MINVOL,VENTALV,0.2736415120792732
HREKG,MINVOL,VENTALV,0.2736415120792732
HREKG,MINVOL,VENTALV,0.2736415120792732
HREKG,MINVOL,VENTALV,0.2736415120792732
HREKG,MINVOL,VENTALV,0.2736415120792732
HREKG,MINVOL,VENTALV,0.2736415120792732
HREKG,PVSAT,VENTALV,0.27499335371134026
HREKG,PVSAT,VENTALV,0.27499335371134026
HREKG,PVSAT,VENTALV,0.27499335371134026
HREKG,PVSAT,VENTALV,0.27499335371134026
HREKG,PVSAT,VENTALV,0.27499335371134026
HREKG,PVSAT,VENTALV,0.27499335371134026
HREKG,PVSAT,VENTALV,0.27499335371134026
HREKG,SAO2,VENTALV,0.303004195023494
HREKG,SAO2,VENTALV,0.303004195023494
HREKG,SAO2,VENTALV,0.303004195023494
HREKG,SAO2,VENTALV,0.303004195023494
HREKG,SAO2,VENTALV,0.303004195023494
HREKG,SAO2,VENTALV,0.303004195023494
HREKG,PRESS,HRSAT,0.45116952212733025
HREKG,DISCONNECT,SAO2,0.6164794707969876
HREKG,DISCONNECT,SAO2,0.6164794707969876
HREKG,DISCONNECT,SAO2,0.6164794707969876
HREKG,MINVOLSET,HRSAT,0.07403427061022912
HREKG,VENTMACH,HRSAT,0.10529346105562307
HREKG,VENTTUBE,MINVOL,0.07697111959232422
HREKG,VENTTUBE,MINVOL,0.07697111959232422
HREKG,VENTTUBE,MINVOL,0.07697111959232422
HREKG,VENTTUBE,MINVOL,0.07697111959232422
HREKG,VENTTUBE,MINVOL,0.07697111959232422
HREKG,VENTLUNG,VENTALV,0.9750673800944255
HREKG,VENTLUNG,VENTALV,0.9750673800944255
HREKG,VENTLUNG,VENTALV,0.9750673800944255
HREKG,VENTLUNG,VENTALV,0.9750673800944255
HREKG,VENTLUNG,VENTALV,0.9750673800944255
HREKG,VENTLUNG,VENTALV,0.9750673800944255
HREKG,VENTLUNG,VENTALV,0.9750673800944255
HREKG,VENTALV,HR,0.1399599479103681
HREKG,VENTALV,HR,0.1399599479103681
HREKG,VENTALV,HR,0.1399599479103681
HREKG,VENTALV,HR,0.1399599479103681
HREKG,VENTALV,HR,0.1399599479103681
HREKG,VENTALV,HR,0.1399599479103681
HREKG,VENTALV,HR,0.1399599479103681
HREKG,VENTALV,HR,0.1399599479103681
HREKG,VENTALV,HR,0.1399599479103681
HREKG,VENTALV,HR,0.1399599479103681
HREKG,VENTALV,HR,0.1399599479103681
HREKG,VENTALV,HR,0.1399599479103681
HREKG,VENTALV,HR,0.1399599479103681
HREKG,VENTALV,HR,0.1399599479103681
HREKG,VENTALV,HR,0.1399599479103681
HREKG,VENTALV,HR,0.1399599479103681
HREKG,VENTALV,HR,0.1399599479103681
HREKG,ARTCO2,VENTALV,0.09544187825241161
HREKG,ARTCO2,VENTALV,0.09544187825241161
HREKG,ARTCO2,VENTALV,0.09544187825241161
HREKG,ARTCO2,VENTALV,0.09544187825241161
HREKG,ARTCO2,VENTALV,0.09544187825241161
HREKG,ARTCO2,VENTALV,0.09544187825241161
HREKG,ARTCO2,VENTALV,0.09544187825241161
HREKG,CATECHOL,HR,0.5261639002090754
HREKG,CATECHOL,HR,0.5261639002090754
HREKG,CATECHOL,HR,0.5261639002090754
HREKG,CATECHOL,HR,0.5261639002090754
HREKG,CATECHOL,HR,0.5261639002090754
HREKG,CATECHOL,HR,0.5261639002090754
HREKG,CATECHOL,HR,0.5261639002090754
HREKG,CATECHOL,HR,0.5261639002090754
HREKG,CATECHOL,HR,0.5261639002090754
HREKG,CATECHOL,HR,0.5261639002090754
HREKG,CATECHOL,HR,0.5261639002090754
HREKG,CATECHOL,HR,0.5261639002090754
HREKG,CATECHOL,HR,0.5261639002090754
HREKG,CATECHOL,HR,0.5261639002090754
HREKG,CATECHOL,HR,0.5261639002090754
HREKG,CATECHOL,HR,0.5261639002090754
HREKG,CATECHOL,HR,0.5261639002090754
HREKG,HR,MINVOLSET,0.0
HREKG,HR,MINVOLSET,0.0
HREKG,HR,MINVOLSET,0.0
HREKG,HR,MINVOLSET,0.0
HREKG,HR,MINVOLSET,0.0
HREKG,HR,MINVOLSET,0.0
HREKG,HR,MINVOLSET,0.0
HREKG,HR,MINVOLSET,0.0
HREKG,HR,MINVOLSET,0.0
HREKG,HR,MINVOLSET,0.0
HREKG,HR,MINVOLSET,0.0
HREKG,HR,MINVOLSET,0.0
HREKG,HR,MINVOLSET,0.0
HREKG,HR,MINVOLSET,0.0
HREKG,HR,MINVOLSET,0.0
HREKG,HR,MINVOLSET,0.0
HREKG,HR,MINVOLSET,0.0
HREKG,HR,MINVOLSET,0.0
HREKG,HR,MINVOLSET,0.0
HREKG,CO,HR,0.8845069788945795
HREKG,CO,HR,0.8845069788945795
HREKG,CO,HR,0.8845069788945795
HREKG,CO,HR,0.8845069788945795
HREKG,CO,HR,0.8845069788945795
HREKG,CO,HR,0.8845069788945795
HREKG,CO,HR,0.8845069788945795
HREKG,CO,HR,0.8845069788945795
HREKG,CO,HR,0.8845069788945795
HREKG,CO,HR,0.8845069788945795
HREKG,CO,HR,0.8845069788945795
HREKG,CO,HR,0.8845069788945795
HREKG,CO,HR,0.8845069788945795
HREKG,CO,HR,0.8845069788945795
HREKG,CO,HR,0.8845069788945795
HREKG,CO,HR,0.8845069788945795
HREKG,CO,HR,0.8845069788945795
HREKG,BP,HR,0.481184895079117
HREKG,BP,HR,0.481184895079117
HREKG,BP,HR,0.481184895079117
HREKG,BP,HR,0.481184895079117
HREKG,BP,HR,0.481184895079117
HREKG,BP,HR,0.481184895079117
HREKG,BP,HR,0.481184895079117
HREKG,BP,HR,0.481184895079117
HREKG,BP,HR,0.481184895079117
HREKG,BP,HR,0.481184895079117
HREKG,BP,HR,0.481184895079117
HREKG,BP,HR,0.481184895079117
HREKG,BP,HR,0.481184895079117
HREKG,BP,HR,0.481184895079117
HREKG,BP,HR,0.481184895079117
HREKG,BP,HR,0.481184895079117
HREKG,BP,HR,0.481184895079117
ERRCAUTER,HRSAT,HREKG,8.551229372163337e-255
ERRCAUTER,HRSAT,HREKG,8.551229372163337e-255
HRSAT,TPR,CATECHOL,0.05354870751618934
HRSAT,TPR,CATECHOL,0.05354870751618934
HRSAT,TPR,CATECHOL,0.05354870751618934
HRSAT,TPR,CATECHOL,0.05354870751618934
HRSAT,TPR,CATECHOL,0.05354870751618934
HRSAT,TPR,CATECHOL,0.05354870751618934
HRSAT,TPR,CATECHOL,0.05354870751618934
HRSAT,TPR,CATECHOL,0.05354870751618934
HRSAT,TPR,CATECHOL,0.05354870751618934
HRSAT,TPR,CATECHOL,0.05354870751618934
HRSAT,EXPCO2,SAO2,0.11927420496616939
HRSAT,EXPCO2,SAO2,0.11927420496616939
HRSAT,EXPCO2,SAO2,0.11927420496616939
HRSAT,MINVOL,VENTALV,0.5051022156380005
HRSAT,MINVOL,VENTALV,0.5051022156380005
HRSAT,MINVOL,VENTALV,0.5051022156380005
HRSAT,MINVOL,VENTALV,0.5051022156380005
HRSAT,MINVOL,VENTALV,0.5051022156380005
HRSAT,MINVOL,VENTALV,0.5051022156380005
HRSAT,FIO2,ERRCAUTER,0.08355554426118517
HRSAT,PVSAT,VENTALV,0.17595668444488824
HRSAT,PVSAT,VENTALV,0.17595668444488824
HRSAT,PVSAT,VENTALV,0.17595668444488824
HRSAT,PVSAT,VENTALV,0.17595668444488824
HRSAT,PVSAT,VENTALV,0.17595668444488824
HRSAT,PVSAT,VENTALV,0.17595668444488824
HRSAT,PVSAT,VENTALV,0.17595668444488824
HRSAT,SAO2,CATECHOL,0.14255544203222686
HRSAT,SAO2,CATECHOL,0.14255544203222686
HRSAT,SAO2,CATECHOL,0.14255544203222686
HRSAT,SAO2,CATECHOL,0.14255544203222686
HRSAT,SAO2,CATECHOL,0.14255544203222686
HRSAT,SAO2,CATECHOL,0.14255544203222686
HRSAT,SAO2,CATECHOL,0.14255544203222686
HRSAT,SAO2,CATECHOL,0.14255544203222686
HRSAT,SAO2,CATECHOL,0.14255544203222686
HRSAT,SAO2,CATECHOL,0.14255544203222686
HRSAT,PRESS,SAO2,0.29400008623130597
HRSAT,PRESS,SAO2,0.29400008623130597
HRSAT,PRESS,SAO2,0.29400008623130597
HRSAT,DISCONNECT,SAO2,0.5947181454950652
HRSAT,DISCONNECT,SAO2,0.5947181454950652
HRSAT,DISCONNECT,SAO2,0.5947181454950652
HRSAT,MINVOLSET,SAO2,0.14938927319941972
HRSAT,MINVOLSET,SAO2,0.14938927319941972
HRSAT,MINVOLSET,SAO2,0.14938927319941972
HRSAT,VENTMACH,MINVOL,0.08277954769457377
HRSAT,VENTMACH,MINVOL,0.08277954769457377
HRSAT,VENTMACH,MINVOL,0.08277954769457377
HRSAT,VENTMACH,MINVOL,0.08277954769457377
HRSAT,VENTMACH,MINVOL,0.08277954769457377
HRSAT,VENTTUBE,SAO2,0.08823243058502601
HRSAT,VENTTUBE,SAO2,0.08823243058502601
HRSAT,VENTTUBE,SAO2,0.08823243058502601
HRSAT,VENTLUNG,VENTALV,0.88495340258226
HRSAT,VENTLUNG,VENTALV,0.88495340258226
HRSAT,VENTLUNG,VENTALV,0.88495340258226
HRSAT,VENTLUNG,VENTALV,0.88495340258226
HRSAT,VENTLUNG,VENTALV,0.88495340258226
HRSAT,VENTLUNG,VENTALV,0.88495340258226
HRSAT,VENTLUNG,VENTALV,0.88495340258226
HRSAT,VENTALV,CATECHOL,0.21262366812269173
HRSAT,VENTALV,CATECHOL,0.21262366812269173
HRSAT,VENTALV,CATECHOL,0.21262366812269173
HRSAT,VENTALV,CATECHOL,0.21262366812269173
HRSAT,VENTALV,CATECHOL,0.21262366812269173
HRSAT,VENTALV,CATECHOL,0.21262366812269173
HRSAT,VENTALV,CATECHOL,0.21262366812269173
HRSAT,VENTALV,CATECHOL,0.21262366812269173
HRSAT,VENTALV,CATECHOL,0.21262366812269173
HRSAT,VENTALV,CATECHOL,0.21262366812269173
HRSAT,ARTCO2,CATECHOL,0.1859787834794833
HRSAT,ARTCO2,CATECHOL,0.1859787834794833
HRSAT,ARTCO2,CATECHOL,0.1859787834794833
HRSAT,ARTCO2,CATECHOL,0.1859787834794833
HRSAT,ARTCO2,CATECHOL,0.1859787834794833
HRSAT,ARTCO2,CATECHOL,0.1859787834794833
HRSAT,ARTCO2,CATECHOL,0.1859787834794833
HRSAT,ARTCO2,CATECHOL,0.1859787834794833
HRSAT,ARTCO2,CATECHOL,0.1859787834794833
HRSAT,ARTCO2,CATECHOL,0.1859787834794833
HRSAT,ARTCO2,CATECHOL,0.1859787834794833
HRSAT,CATECHOL,HR,0.47064767470416136
HRSAT,CATECHOL,HR,0.47064767470416136
HRSAT,CATECHOL,HR,0.47064767470416136
HRSAT,CATECHOL,HR,0.47064767470416136
HRSAT,CATECHOL,HR,0.47064767470416136
HRSAT,CATECHOL,HR,0.47064767470416136
HRSAT,CATECHOL,HR,0.47064767470416136
HRSAT,CATECHOL,HR,0.47064767470416136
HRSAT,CATECHOL,HR,0.47064767470416136
HRSAT,CATECHOL,HR,0.47064767470416136
HRSAT,CATECHOL,HR,0.47064767470416136
HRSAT,CATECHOL,HR,0.47064767470416136
HRSAT,CATECHOL,HR,0.47064767470416136
HRSAT,CATECHOL,HR,0.47064767470416136
HRSAT,CATECHOL,HR,0.47064767470416136
HRSAT,CATECHOL,HR,0.47064767470416136
HRSAT,CATECHOL,HR,0.47064767470416136
HRSAT,CATECHOL,HR,0.47064767470416136
HRSAT,HR,MINVOLSET,0.0
HRSAT,HR,MINVOLSET,0.0
HRSAT,HR,MINVOLSET,0.0
HRSAT,HR,MINVOLSET,0.0
HRSAT,HR,MINVOLSET,0.0
HRSAT,HR,MINVOLSET,0.0
HRSAT,HR,MINVOLSET,0.0
HRSAT,HR,MINVOLSET,0.0
HRSAT,HR,MINVOLSET,0.0
HRSAT,HR,MINVOLSET,0.0
HRSAT,HR,MINVOLSET,0.0
HRSAT,HR,MINVOLSET,0.0
HRSAT,HR,MINVOLSET,0.0
HRSAT,HR,MINVOLSET,0.0
HRSAT,HR,MINVOLSET,0.0
HRSAT,HR,MINVOLSET,0.0
HRSAT,HR,MINVOLSET,0.0
HRSAT,HR,MINVOLSET,0.0
HRSAT,HR,MINVOLSET,0.0
HRSAT,HR,MINVOLSET,0.0
HRSAT,CO,HR,0.833829508964603
HRSAT,CO,HR,0.833829508964603
HRSAT,CO,HR,0.833829508964603
HRSAT,CO,HR,0.833829508964603
HRSAT,CO,HR,0.833829508964603
HRSAT,CO,HR,0.833829508964603
HRSAT,CO,HR,0.833829508964603
HRSAT,CO,HR,0.833829508964603
HRSAT,CO,HR,0.833829508964603
HRSAT,CO,HR,0.833829508964603
HRSAT,CO,HR,0.833829508964603
HRSAT,CO,HR,0.833829508964603
HRSAT,CO,HR,0.833829508964603
HRSAT,CO,HR,0.833829508964603
HRSAT,CO,HR,0.833829508964603
HRSAT,CO,HR,0.833829508964603
HRSAT,CO,HR,0.833829508964603
HRSAT,CO,HR,0.833829508964603
HRSAT,BP,HR,0.851473948377122
HRSAT,BP,HR,0.851473948377122
HRSAT,BP,HR,0.851473948377122
HRSAT,BP,HR,0.851473948377122
HRSAT,BP,HR,0.851473948377122
HRSAT,BP,HR,0.851473948377122
HRSAT,BP,HR,0.851473948377122
HRSAT,BP,HR,0.851473948377122
HRSAT,BP,HR,0.851473948377122
HRSAT,BP,HR,0.851473948377122
HRSAT,BP,HR,0.851473948377122
HRSAT,BP,HR,0.851473948377122
HRSAT,BP,HR,0.851473948377122
HRSAT,BP,HR,0.851473948377122
HRSAT,BP,HR,0.851473948377122
HRSAT,BP,HR,0.851473948377122
HRSAT,BP,HR,0.851473948377122
HRSAT,BP,HR,0.851473948377122
INSUFFANESTH,SAO2,CVP,0.24466515686968898
INSUFFANESTH,PULMEMBOLUS,SAO2,0.35467670444944077
ANAPHYLAXIS,TPR,BP,1.4077797275813954e-22
ANAPHYLAXIS,BP,TPR,0.5767055987851899
TPR,CATECHOL,HRBP,1.8048647622928032e-278
TPR,CATECHOL,HRBP,1.8048647622928032e-278
TPR,CATECHOL,HRBP,1.8048647622928032e-278
TPR,CATECHOL,HRBP,1.8048647622928032e-278
TPR,CATECHOL,HRBP,1.8048647622928032e-278
TPR,CATECHOL,HRBP,1.8048647622928032e-278
TPR,CATECHOL,HRBP,1.8048647622928032e-278
TPR,HR,CATECHOL,0.8024962876667454
TPR,HR,CATECHOL,0.8024962876667454
TPR,HR,CATECHOL,0.8024962876667454
TPR,HR,CATECHOL,0.8024962876667454
TPR,HR,CATECHOL,0.8024962876667454
TPR,HR,CATECHOL,0.8024962876667454
TPR,HR,CATECHOL,0.8024962876667454
TPR,CO,HR,0.5326408682377994
TPR,CO,HR,0.5326408682377994
TPR,CO,HR,0.5326408682377994
TPR,CO,HR,0.5326408682377994
TPR,BP,CATECHOL,0.0
TPR,BP,CATECHOL,0.0
TPR,BP,CATECHOL,0.0
TPR,BP,CATECHOL,0.0
TPR,BP,CATECHOL,0.0
TPR,BP,CATECHOL,0.0
TPR,BP,CATECHOL,0.0
EXPCO2,KINKEDTUBE,MINVOLSET,0.0011432731562210248
EXPCO2,KINKEDTUBE,MINVOLSET,0.0011432731562210248
EXPCO2,KINKEDTUBE,MINVOLSET,0.0011432731562210248
EXPCO2,KINKEDTUBE,MINVOLSET,0.0011432731562210248
EXPCO2,KINKEDTUBE,MINVOLSET,0.0011432731562210248
EXPCO2,KINKEDTUBE,MINVOLSET,0.0011432731562210248
EXPCO2,KINKEDTUBE,MINVOLSET,0.0011432731562210248
EXPCO2,KINKEDTUBE,MINVOLSET,0.0011432731562210248
EXPCO2,KINKEDTUBE,MINVOLSET,0.0011432731562210248
EXPCO2,KINKEDTUBE,MINVOLSET,0.0011432731562210248
EXPCO2,KINKEDTUBE,MINVOLSET,0.0011432731562210248
EXPCO2,KINKEDTUBE,MINVOLSET,0.0011432731562210248
EXPCO2,KINKEDTUBE,MINVOLSET,0.0011432731562210248
EXPCO2,KINKEDTUBE,MINVOLSET,0.0011432731562210248
EXPCO2,KINKEDTUBE,MINVOLSET,0.0011432731562210248
EXPCO2,KINKEDTUBE,MINVOLSET,0.0011432731562210248
EXPCO2,KINKEDTUBE,MINVOLSET,0.0011432731562210248
EXPCO2,KINKEDTUBE,MINVOLSET,0.0011432731562210248
EXPCO2,KINKEDTUBE,MINVOLSET,0.0011432731562210248
EXPCO2,MINVOL,MINVOLSET,4.792789433668861e-294
EXPCO2,MINVOL,MINVOLSET,4.792789433668861e-294
EXPCO2,MINVOL,MINVOLSET,4.792789433668861e-294
EXPCO2,MINVOL,MINVOLSET,4.792789433668861e-294
EXPCO2,MINVOL,MINVOLSET,4.792789433668861e-294
EXPCO2,MINVOL,MINVOLSET,4.792789433668861e-294
EXPCO2,MINVOL,MINVOLSET,4.792789433668861e-294
EXPCO2,MINVOL,MINVOLSET,4.792789433668861e-294
EXPCO2,MINVOL,MINVOLSET,4.792789433668861e-294
EXPCO2,MINVOL,MINVOLSET,4.792789433668861e-294
EXPCO2,MINVOL,MINVOLSET,4.792789433668861e-294
EXPCO2,MINVOL,MINVOLSET,4.792789433668861e-294
EXPCO2,MINVOL,MINVOLSET,4.792789433668861e-294
EXPCO2,MINVOL,MINVOLSET,4.792789433668861e-294
EXPCO2,MINVOL,MINVOLSET,4.792789433668861e-294
EXPCO2,MINVOL,MINVOLSET,4.792789433668861e-294
EXPCO2,MINVOL,MINVOLSET,4.792789433668861e-294
EXPCO2,MINVOL,MINVOLSET,4.792789433668861e-294
EXPCO2,MINVOL,MINVOLSET,4.792789433668861e-294
EXPCO2,PVSAT,VENTALV,0.14170053276247918
EXPCO2,PVSAT,VENTALV,0.14170053276247918
EXPCO2,PVSAT,VENTALV,0.14170053276247918
EXPCO2,PVSAT,VENTALV,0.14170053276247918
EXPCO2,PVSAT,VENTALV,0.14170053276247918
EXPCO2,PVSAT,VENTALV,0.14170053276247918
EXPCO2,SAO2,MINVOLSET,9.9383377482584e-99
EXPCO2,SAO2,MINVOLSET,9.9383377482584e-99
EXPCO2,SAO2,MINVOLSET,9.9383377482584e-99
EXPCO2,SAO2,MINVOLSET,9.9383377482584e-99
EXPCO2,SAO2,MINVOLSET,9.9383377482584e-99
EXPCO2,SAO2,MINVOLSET,9.9383377482584e-99
EXPCO2,SAO2,MINVOLSET,9.9383377482584e-99
EXPCO2,SAO2,MINVOLSET,9.9383377482584e-99
EXPCO2,SAO2,MINVOLSET,9.9383377482584e-99
EXPCO2,SAO2,MINVOLSET,9.9383377482584e-99
EXPCO2,SAO2,MINVOLSET,9.9383377482584e-99
EXPCO2,SAO2,MINVOLSET,9.9383377482584e-99
EXPCO2,SAO2,MINVOLSET,9.9383377482584e-99
EXPCO2,SAO2,MINVOLSET,9.9383377482584e-99
EXPCO2,SAO2,MINVOLSET,9.9383377482584e-99
EXPCO2,SAO2,MINVOLSET,9.9383377482584e-99
EXPCO2,SAO2,MINVOLSET,9.9383377482584e-99
EXPCO2,SAO2,MINVOLSET,9.9383377482584e-99
EXPCO2,SAO2,MINVOLSET,9.9383377482584e-99
EXPCO2,SHUNT,INTUBATION,0.21774820300238132
EXPCO2,SHUNT,INTUBATION,0.21774820300238132
EXPCO2,SHUNT,INTUBATION,0.21774820300238132
EXPCO2,SHUNT,INTUBATION,0.21774820300238132
EXPCO2,SHUNT,INTUBATION,0.21774820300238132
EXPCO2,SHUNT,INTUBATION,0.21774820300238132
EXPCO2,SHUNT,INTUBATION,0.21774820300238132
EXPCO2,SHUNT,INTUBATION,0.21774820300238132
EXPCO2,SHUNT,INTUBATION,0.21774820300238132
EXPCO2,SHUNT,INTUBATION,0.21774820300238132
EXPCO2,SHUNT,INTUBATION,0.21774820300238132
EXPCO2,SHUNT,INTUBATION,0.21774820300238132
EXPCO2,SHUNT,INTUBATION,0.21774820300238132
EXPCO2,SHUNT,INTUBATION,0.21774820300238132
EXPCO2,SHUNT,INTUBATION,0.21774820300238132
EXPCO2,INTUBATION,MINVOLSET,0.0
EXPCO2,INTUBATION,MINVOLSET,0.0
EXPCO2,INTUBATION,MINVOLSET,0.0
EXPCO2,INTUBATION,MINVOLSET,0.0
EXPCO2,INTUBATION,MINVOLSET,0.0
EXPCO2,INTUBATION,MINVOLSET,0.0
EXPCO2,INTUBATION,MINVOLSET,0.0
EXPCO2,INTUBATION,MINVOLSET,0.0
EXPCO2,INTUBATION,MINVOLSET,0.0
EXPCO2,INTUBATION,MINVOLSET,0.0
EXPCO2,INTUBATION,MINVOLSET,0.0
EXPCO2,INTUBATION,MINVOLSET,0.0
EXPCO2,INTUBATION,MINVOLSET,0.0
EXPCO2,INTUBATION,MINVOLSET,0.0
EXPCO2,INTUBATION,MINVOLSET,0.0
EXPCO2,INTUBATION,MINVOLSET,0.0
EXPCO2,INTUBATION,MINVOLSET,0.0
EXPCO2,INTUBATION,MINVOLSET,0.0
EXPCO2,INTUBATION,MINVOLSET,0.0
EXPCO2,PRESS,MINVOLSET,1.9382745709329618e-91
EXPCO2,PRESS,MINVOLSET,1.9382745709329618e-91
EXPCO2,PRESS,MINVOLSET,1.9382745709329618e-91
EXPCO2,PRESS,MINVOLSET,1.9382745709329618e-91
EXPCO2,PRESS,MINVOLSET,1.9382745709329618e-91
EXPCO2,PRESS,MINVOLSET,1.9382745709329618e-91
EXPCO2,PRESS,MINVOLSET,1.9382745709329618e-91
EXPCO2,PRESS,MINVOLSET,1.9382745709329618e-91
EXPCO2,PRESS,MINVOLSET,1.9382745709329618e-91
EXPCO2,PRESS,MINVOLSET,1.9382745709329618e-91
EXPCO2,PRESS,MINVOLSET,1.9382745709329618e-91
EXPCO2,PRESS,MINVOLSET,1.9382745709329618e-91
EXPCO2,PRESS,MINVOLSET,1.9382745709329618e-91
EXPCO2,PRESS,MINVOLSET,1.9382745709329618e-91
EXPCO2,PRESS,MINVOLSET,1.9382745709329618e-91
EXPCO2,PRESS,MINVOLSET,1.9382745709329618e-91
EXPCO2,PRESS,MINVOLSET,1.9382745709329618e-91
EXPCO2,PRESS,MINVOLSET,1.9382745709329618e-91
EXPCO2,PRESS,MINVOLSET,1.9382745709329618e-91
EXPCO2,DISCONNECT,VENTTUBE,0.6513920075616488
EXPCO2,DISCONNECT,VENTTUBE,0.6513920075616488
EXPCO2,DISCONNECT,VENTTUBE,0.6513920075616488
EXPCO2,DISCONNECT,VENTTUBE,0.6513920075616488
EXPCO2,DISCONNECT,VENTTUBE,0.6513920075616488
EXPCO2,DISCONNECT,VENTTUBE,0.6513920075616488
EXPCO2,DISCONNECT,VENTTUBE,0.6513920075616488
EXPCO2,DISCONNECT,VENTTUBE,0.6513920075616488
EXPCO2,DISCONNECT,VENTTUBE,0.6513920075616488
EXPCO2,DISCONNECT,VENTTUBE,0.6513920075616488
EXPCO2,DISCONNECT,VENTTUBE,0.6513920075616488
EXPCO2,DISCONNECT,VENTTUBE,0.6513920075616488
EXPCO2,DISCONNECT,VENTTUBE,0.6513920075616488
EXPCO2,MINVOLSET,VENTMACH,0.812290359692553
EXPCO2,MINVOLSET,VENTMACH,0.812290359692553
EXPCO2,MINVOLSET,VENTMACH,0.812290359692553
EXPCO2,MINVOLSET,VENTMACH,0.812290359692553
EXPCO2,MINVOLSET,VENTMACH,0.812290359692553
EXPCO2,MINVOLSET,VENTMACH,0.812290359692553
EXPCO2,MINVOLSET,VENTMACH,0.812290359692553
EXPCO2,MINVOLSET,VENTMACH,0.812290359692553
EXPCO2,MINVOLSET,VENTMACH,0.812290359692553
EXPCO2,MINVOLSET,VENTMACH,0.812290359692553
EXPCO2,MINVOLSET,VENTMACH,0.812290359692553
EXPCO2,MINVOLSET,VENTMACH,0.812290359692553
EXPCO2,VENTMACH,VENTTUBE,0.17150341690727758
EXPCO2,VENTMACH,VENTTUBE,0.17150341690727758
EXPCO2,VENTMACH,VENTTUBE,0.17150341690727758
EXPCO2,VENTMACH,VENTTUBE,0.17150341690727758
EXPCO2,VENTMACH,VENTTUBE,0.17150341690727758
EXPCO2,VENTMACH,VENTTUBE,0.17150341690727758
EXPCO2,VENTMACH,VENTTUBE,0.17150341690727758
EXPCO2,VENTMACH,VENTTUBE,0.17150341690727758
EXPCO2,VENTMACH,VENTTUBE,0.17150341690727758
EXPCO2,VENTMACH,VENTTUBE,0.17150341690727758
EXPCO2,VENTMACH,VENTTUBE,0.17150341690727758
EXPCO2,VENTMACH,VENTTUBE,0.17150341690727758
EXPCO2,VENTTUBE,MINVOLSET,9.342178717087133e-195
EXPCO2,VENTTUBE,MINVOLSET,9.342178717087133e-195
EXPCO2,VENTTUBE,MINVOLSET,9.342178717087133e-195
EXPCO2,VENTTUBE,MINVOLSET,9.342178717087133e-195
EXPCO2,VENTTUBE,MINVOLSET,9.342178717087133e-195
EXPCO2,VENTTUBE,MINVOLSET,9.342178717087133e-195
EXPCO2,VENTTUBE,MINVOLSET,9.342178717087133e-195
EXPCO2,VENTTUBE,MINVOLSET,9.342178717087133e-195
EXPCO2,VENTTUBE,MINVOLSET,9.342178717087133e-195
EXPCO2,VENTTUBE,MINVOLSET,9.342178717087133e-195
EXPCO2,VENTTUBE,MINVOLSET,9.342178717087133e-195
EXPCO2,VENTTUBE,MINVOLSET,9.342178717087133e-195
EXPCO2,VENTTUBE,MINVOLSET,9.342178717087133e-195
EXPCO2,VENTTUBE,MINVOLSET,9.342178717087133e-195
EXPCO2,VENTTUBE,MINVOLSET,9.342178717087133e-195
EXPCO2,VENTTUBE,MINVOLSET,9.342178717087133e-195
EXPCO2,VENTTUBE,MINVOLSET,9.342178717087133e-195
EXPCO2,VENTTUBE,MINVOLSET,9.342178717087133e-195
EXPCO2,VENTTUBE,MINVOLSET,9.342178717087133e-195
EXPCO2,VENTLUNG,MINVOLSET,0.0
EXPCO2,VENTLUNG,MINVOLSET,0.0
EXPCO2,VENTLUNG,MINVOLSET,0.0
EXPCO2,VENTLUNG,MINVOLSET,0.0
EXPCO2,VENTLUNG,MINVOLSET,0.0
EXPCO2,VENTLUNG,MINVOLSET,0.0
EXPCO2,VENTLUNG,MINVOLSET,0.0
EXPCO2,VENTLUNG,MINVOLSET,0.0
EXPCO2,VENTLUNG,MINVOLSET,0.0
EXPCO2,VENTLUNG,MINVOLSET,0.0
EXPCO2,VENTLUNG,MINVOLSET,0.0
EXPCO2,VENTLUNG,MINVOLSET,0.0
EXPCO2,VENTLUNG,MINVOLSET,0.0
EXPCO2,VENTLUNG,MINVOLSET,0.0
EXPCO2,VENTLUNG,MINVOLSET,0.0
EXPCO2,VENTLUNG,MINVOLSET,0.0
EXPCO2,VENTLUNG,MINVOLSET,0.0
EXPCO2,VENTLUNG,MINVOLSET,0.0
EXPCO2,VENTLUNG,MINVOLSET,0.0
EXPCO2,VENTALV,MINVOLSET,0.0
EXPCO2,VENTALV,MINVOLSET,0.0
EXPCO2,VENTALV,MINVOLSET,0.0
EXPCO2,VENTALV,MINVOLSET,0.0
EXPCO2,VENTALV,MINVOLSET,0.0
EXPCO2,VENTALV,MINVOLSET,0.0
EXPCO2,VENTALV,MINVOLSET,0.0
EXPCO2,VENTALV,MINVOLSET,0.0
EXPCO2,VENTALV,MINVOLSET,0.0
EXPCO2,VENTALV,MINVOLSET,0.0
EXPCO2,VENTALV,MINVOLSET,0.0
EXPCO2,VENTALV,MINVOLSET,0.0
EXPCO2,VENTALV,MINVOLSET,0.0
EXPCO2,VENTALV,MINVOLSET,0.0
EXPCO2,VENTALV,MINVOLSET,0.0
EXPCO2,VENTALV,MINVOLSET,0.0
EXPCO2,VENTALV,MINVOLSET,0.0
EXPCO2,VENTALV,MINVOLSET,0.0
EXPCO2,VENTALV,MINVOLSET,0.0
EXPCO2,ARTCO2,MINVOLSET,2.6754824284910682e-278
EXPCO2,ARTCO2,MINVOLSET,2.6754824284910682e-278
EXPCO2,ARTCO2,MINVOLSET,2.6754824284910682e-278
EXPCO2,ARTCO2,MINVOLSET,2.6754824284910682e-278
EXPCO2,ARTCO2,MINVOLSET,2.6754824284910682e-278
EXPCO2,ARTCO2,MINVOLSET,2.6754824284910682e-278
EXPCO2,ARTCO2,MINVOLSET,2.6754824284910682e-278
EXPCO2,ARTCO2,MINVOLSET,2.6754824284910682e-278
EXPCO2,ARTCO2,MINVOLSET,2.6754824284910682e-278
EXPCO2,ARTCO2,MINVOLSET,2.6754824284910682e-278
EXPCO2,ARTCO2,MINVOLSET,2.6754824284910682e-278
EXPCO2,ARTCO2,MINVOLSET,2.6754824284910682e-278
EXPCO2,ARTCO2,MINVOLSET,2.6754824284910682e-278
EXPCO2,ARTCO2,MINVOLSET,2.6754824284910682e-278
EXPCO2,ARTCO2,MINVOLSET,2.6754824284910682e-278
EXPCO2,ARTCO2,MINVOLSET,2.6754824284910682e-278
EXPCO2,ARTCO2,MINVOLSET,2.6754824284910682e-278
EXPCO2,ARTCO2,MINVOLSET,2.6754824284910682e-278
EXPCO2,ARTCO2,MINVOLSET,2.6754824284910682e-278
EXPCO2,CATECHOL,ARTCO2,0.3278052955522853
EXPCO2,CATECHOL,ARTCO2,0.3278052955522853
EXPCO2,CATECHOL,ARTCO2,0.3278052955522853
EXPCO2,CATECHOL,ARTCO2,0.3278052955522853
EXPCO2,CATECHOL,ARTCO2,0.3278052955522853
EXPCO2,CATECHOL,ARTCO2,0.3278052955522853
EXPCO2,CATECHOL,ARTCO2,0.3278052955522853
EXPCO2,CATECHOL,ARTCO2,0.3278052955522853
EXPCO2,CATECHOL,ARTCO2,0.3278052955522853
EXPCO2,CATECHOL,ARTCO2,0.3278052955522853
EXPCO2,CATECHOL,ARTCO2,0.3278052955522853
EXPCO2,CATECHOL,ARTCO2,0.3278052955522853
EXPCO2,CATECHOL,ARTCO2,0.3278052955522853
EXPCO2,CATECHOL,ARTCO2,0.3278052955522853
EXPCO2,CATECHOL,ARTCO2,0.3278052955522853
EXPCO2,CATECHOL,ARTCO2,0.3278052955522853
EXPCO2,CATECHOL,ARTCO2,0.3278052955522853
EXPCO2,CATECHOL,ARTCO2,0.3278052955522853
EXPCO2,HR,CATECHOL,0.709076972847307
EXPCO2,HR,CATECHOL,0.709076972847307
EXPCO2,HR,CATECHOL,0.709076972847307
EXPCO2,HR,CATECHOL,0.709076972847307
EXPCO2,HR,CATECHOL,0.709076972847307
EXPCO2,HR,CATECHOL,0.709076972847307
EXPCO2,HR,CATECHOL,0.709076972847307
EXPCO2,HR,CATECHOL,0.709076972847307
EXPCO2,HR,CATECHOL,0.709076972847307
EXPCO2,HR,CATECHOL,0.709076972847307
EXPCO2,CO,HRSAT,0.07502099154745064
KINKEDTUBE,MINVOL,VENTALV,0.09960282775376082
KINKEDTUBE,MINVOL,VENTALV,0.09960282775376082
KINKEDTUBE,MINVOL,VENTALV,0.09960282775376082
KINKEDTUBE,MINVOL,VENTALV,0.09960282775376082
KINKEDTUBE,MINVOL,VENTALV,0.09960282775376082
KINKEDTUBE,PVSAT,MINVOL,0.4101171743704714
KINKEDTUBE,PVSAT,MINVOL,0.4101171743704714
KINKEDTUBE,PVSAT,MINVOL,0.4101171743704714
KINKEDTUBE,SAO2,MINVOL,0.8795101083874335
KINKEDTUBE,SAO2,MINVOL,0.8795101083874335
KINKEDTUBE,PRESS,PVSAT,1.2053130920480617e-89
KINKEDTUBE,PRESS,PVSAT,1.2053130920480617e-89
KINKEDTUBE,PRESS,PVSAT,1.2053130920480617e-89
KINKEDTUBE,PRESS,PVSAT,1.2053130920480617e-89
KINKEDTUBE,PRESS,PVSAT,1.2053130920480617e-89
KINKEDTUBE,PRESS,PVSAT,1.2053130920480617e-89
KINKEDTUBE,PRESS,PVSAT,1.2053130920480617e-89
KINKEDTUBE,PRESS,PVSAT,1.2053130920480617e-89
KINKEDTUBE,VENTLUNG,PVSAT,9.777958026154673e-10
KINKEDTUBE,VENTLUNG,PVSAT,9.777958026154673e-10
KINKEDTUBE,VENTLUNG,PVSAT,9.777958026154673e-10
KINKEDTUBE,VENTLUNG,PVSAT,9.777958026154673e-10
KINKEDTUBE,VENTLUNG,PVSAT,9.777958026154673e-10
KINKEDTUBE,VENTLUNG,PVSAT,9.777958026154673e-10
KINKEDTUBE,VENTLUNG,PVSAT,9.777958026154673e-10
KINKEDTUBE,VENTLUNG,PVSAT,9.777958026154673e-10
KINKEDTUBE,VENTALV,MINVOL,0.10305886630709708
KINKEDTUBE,VENTALV,MINVOL,0.10305886630709708
KINKEDTUBE,VENTALV,MINVOL,0.10305886630709708
KINKEDTUBE,ARTCO2,MINVOL,0.06677449440555665
KINKEDTUBE,ARTCO2,MINVOL,0.06677449440555665
KINKEDTUBE,ARTCO2,MINVOL,0.06677449440555665
KINKEDTUBE,CATECHOL,SAO2,0.7844090605629525
MINVOL,PVSAT,MINVOLSET,0.0
MINVOL,PVSAT,MINVOLSET,0.0
MINVOL,PVSAT,MINVOLSET,0.0
MINVOL,PVSAT,MINVOLSET,0.0
MINVOL,PVSAT,MINVOLSET,0.0
MINVOL,PVSAT,MINVOLSET,0.0
MINVOL,PVSAT,MINVOLSET,0.0
MINVOL,PVSAT,MINVOLSET,0.0
MINVOL,PVSAT,MINVOLSET,0.0
MINVOL,PVSAT,MINVOLSET,0.0
MINVOL,PVSAT,MINVOLSET,0.0
MINVOL,PVSAT,MINVOLSET,0.0
MINVOL,PVSAT,MINVOLSET,0.0
MINVOL,PVSAT,MINVOLSET,0.0
MINVOL,PVSAT,MINVOLSET,0.0
MINVOL,PVSAT,MINVOLSET,0.0
MINVOL,PVSAT,MINVOLSET,0.0
MINVOL,PVSAT,MINVOLSET,0.0
MINVOL,PVSAT,MINVOLSET,0.0
MINVOL,PVSAT,MINVOLSET,0.0
MINVOL,SAO2,VENTALV,0.07714349033026618
MINVOL,SAO2,VENTALV,0.07714349033026618
MINVOL,SAO2,VENTALV,0.07714349033026618
MINVOL,SAO2,VENTALV,0.07714349033026618
MINVOL,SHUNT,INTUBATION,0.6753143630668221
MINVOL,SHUNT,INTUBATION,0.6753143630668221
MINVOL,SHUNT,INTUBATION,0.6753143630668221
MINVOL,SHUNT,INTUBATION,0.6753143630668221
MINVOL,SHUNT,INTUBATION,0.6753143630668221
MINVOL,SHUNT,INTUBATION,0.6753143630668221
MINVOL,SHUNT,INTUBATION,0.6753143630668221
MINVOL,SHUNT,INTUBATION,0.6753143630668221
MINVOL,SHUNT,INTUBATION,0.6753143630668221
MINVOL,SHUNT,INTUBATION,0.6753143630668221
MINVOL,SHUNT,INTUBATION,0.6753143630668221
MINVOL,SHUNT,INTUBATION,0.6753143630668221
MINVOL,SHUNT,INTUBATION,0.6753143630668221
MINVOL,SHUNT,INTUBATION,0.6753143630668221
MINVOL,SHUNT,INTUBATION,0.6753143630668221
MINVOL,SHUNT,INTUBATION,0.6753143630668221
MINVOL,SHUNT,INTUBATION,0.6753143630668221
MINVOL,INTUBATION,MINVOLSET,0.0
MINVOL,INTUBATION,MINVOLSET,0.0
MINVOL,INTUBATION,MINVOLSET,0.0
MINVOL,INTUBATION,MINVOLSET,0.0
MINVOL,INTUBATION,MINVOLSET,0.0
MINVOL,INTUBATION,MINVOLSET,0.0
MINVOL,INTUBATION,MINVOLSET,0.0
MINVOL,INTUBATION,MINVOLSET,0.0
MINVOL,INTUBATION,MINVOLSET,0.0
MINVOL,INTUBATION,MINVOLSET,0.0
MINVOL,INTUBATION,MINVOLSET,0.0
MINVOL,INTUBATION,MINVOLSET,0.0
MINVOL,INTUBATION,MINVOLSET,0.0
MINVOL,INTUBATION,MINVOLSET,0.0
MINVOL,INTUBATION,MINVOLSET,0.0
MINVOL,INTUBATION,MINVOLSET,0.0
MINVOL,INTUBATION,MINVOLSET,0.0
MINVOL,INTUBATION,MINVOLSET,0.0
MINVOL,INTUBATION,MINVOLSET,0.0
MINVOL,INTUBATION,MINVOLSET,0.0
MINVOL,PRESS,MINVOLSET,1.3306419332595113e-221
MINVOL,PRESS,MINVOLSET,1.3306419332595113e-221
MINVOL,PRESS,MINVOLSET,1.3306419332595113e-221
MINVOL,PRESS,MINVOLSET,1.3306419332595113e-221
MINVOL,PRESS,MINVOLSET,1.3306419332595113e-221
MINVOL,PRESS,MINVOLSET,1.3306419332595113e-221
MINVOL,PRESS,MINVOLSET,1.3306419332595113e-221
MINVOL,PRESS,MINVOLSET,1.3306419332595113e-221
MINVOL,PRESS,MINVOLSET,1.3306419332595113e-221
MINVOL,PRESS,MINVOLSET,1.3306419332595113e-221
MINVOL,PRESS,MINVOLSET,1.3306419332595113e-221
MINVOL,PRESS,MINVOLSET,1.3306419332595113e-221
MINVOL,PRESS,MINVOLSET,1.3306419332595113e-221
MINVOL,PRESS,MINVOLSET,1.3306419332595113e-221
MINVOL,PRESS,MINVOLSET,1.3306419332595113e-221
MINVOL,PRESS,MINVOLSET,1.3306419332595113e-221
MINVOL,PRESS,MINVOLSET,1.3306419332595113e-221
MINVOL,PRESS,MINVOLSET,1.3306419332595113e-221
MINVOL,PRESS,MINVOLSET,1.3306419332595113e-221
MINVOL,PRESS,MINVOLSET,1.3306419332595113e-221
MINVOL,DISCONNECT,VENTTUBE,0.07897858613699231
MINVOL,DISCONNECT,VENTTUBE,0.07897858613699231
MINVOL,DISCONNECT,VENTTUBE,0.07897858613699231
MINVOL,DISCONNECT,VENTTUBE,0.07897858613699231
MINVOL,DISCONNECT,VENTTUBE,0.07897858613699231
MINVOL,DISCONNECT,VENTTUBE,0.07897858613699231
MINVOL,DISCONNECT,VENTTUBE,0.07897858613699231
MINVOL,DISCONNECT,VENTTUBE,0.07897858613699231
MINVOL,DISCONNECT,VENTTUBE,0.07897858613699231
MINVOL,DISCONNECT,VENTTUBE,0.07897858613699231
MINVOL,DISCONNECT,VENTTUBE,0.07897858613699231
MINVOL,DISCONNECT,VENTTUBE,0.07897858613699231
MINVOL,MINVOLSET,VENTMACH,0.05324305167093669
MINVOL,MINVOLSET,VENTMACH,0.05324305167093669
MINVOL,MINVOLSET,VENTMACH,0.05324305167093669
MINVOL,MINVOLSET,VENTMACH,0.05324305167093669
MINVOL,MINVOLSET,VENTMACH,0.05324305167093669
MINVOL,MINVOLSET,VENTMACH,0.05324305167093669
MINVOL,MINVOLSET,VENTMACH,0.05324305167093669
MINVOL,MINVOLSET,VENTMACH,0.05324305167093669
MINVOL,MINVOLSET,VENTMACH,0.05324305167093669
MINVOL,MINVOLSET,VENTMACH,0.05324305167093669
MINVOL,MINVOLSET,VENTMACH,0.05324305167093669
MINVOL,VENTMACH,VENTTUBE,0.28286976428054394
MINVOL,VENTMACH,VENTTUBE,0.28286976428054394
MINVOL,VENTMACH,VENTTUBE,0.28286976428054394
MINVOL,VENTMACH,VENTTUBE,0.28286976428054394
MINVOL,VENTMACH,VENTTUBE,0.28286976428054394
MINVOL,VENTMACH,VENTTUBE,0.28286976428054394
MINVOL,VENTMACH,VENTTUBE,0.28286976428054394
MINVOL,VENTMACH,VENTTUBE,0.28286976428054394
MINVOL,VENTMACH,VENTTUBE,0.28286976428054394
MINVOL,VENTMACH,VENTTUBE,0.28286976428054394
MINVOL,VENTMACH,VENTTUBE,0.28286976428054394
MINVOL,VENTTUBE,MINVOLSET,0.0
MINVOL,VENTTUBE,MINVOLSET,0.0
MINVOL,VENTTUBE,MINVOLSET,0.0
MINVOL,VENTTUBE,MINVOLSET,0.0
MINVOL,VENTTUBE,MINVOLSET,0.0
MINVOL,VENTTUBE,MINVOLSET,0.0
MINVOL,VENTTUBE,MINVOLSET,0.0
MINVOL,VENTTUBE,MINVOLSET,0.0
MINVOL,VENTTUBE,MINVOLSET,0.0
MINVOL,VENTTUBE,MINVOLSET,0.0
MINVOL,VENTTUBE,MINVOLSET,0.0
MINVOL,VENTTUBE,MINVOLSET,0.0
MINVOL,VENTTUBE,MINVOLSET,0.0
MINVOL,VENTTUBE,MINVOLSET,0.0
MINVOL,VENTTUBE,MINVOLSET,0.0
MINVOL,VENTTUBE,MINVOLSET,0.0
MINVOL,VENTTUBE,MINVOLSET,0.0
MINVOL,VENTTUBE,MINVOLSET,0.0
MINVOL,VENTTUBE,MINVOLSET,0.0
MINVOL,VENTTUBE,MINVOLSET,0.0
MINVOL,VENTLUNG,MINVOLSET,0.0
MINVOL,VENTLUNG,MINVOLSET,0.0
MINVOL,VENTLUNG,MINVOLSET,0.0
MINVOL,VENTLUNG,MINVOLSET,0.0
MINVOL,VENTLUNG,MINVOLSET,0.0
MINVOL,VENTLUNG,MINVOLSET,0.0
MINVOL,VENTLUNG,MINVOLSET,0.0
MINVOL,VENTLUNG,MINVOLSET,0.0
MINVOL,VENTLUNG,MINVOLSET,0.0
MINVOL,VENTLUNG,MINVOLSET,0.0
MINVOL,VENTLUNG,MINVOLSET,0.0
MINVOL,VENTLUNG,MINVOLSET,0.0
MINVOL,VENTLUNG,MINVOLSET,0.0
MINVOL,VENTLUNG,MINVOLSET,0.0
MINVOL,VENTLUNG,MINVOLSET,0.0
MINVOL,VENTLUNG,MINVOLSET,0.0
MINVOL,VENTLUNG,MINVOLSET,0.0
MINVOL,VENTLUNG,MINVOLSET,0.0
MINVOL,VENTLUNG,MINVOLSET,0.0
MINVOL,VENTLUNG,MINVOLSET,0.0
MINVOL,VENTALV,MINVOLSET,0.0
MINVOL,VENTALV,MINVOLSET,0.0
MINVOL,VENTALV,MINVOLSET,0.0
MINVOL,VENTALV,MINVOLSET,0.0
MINVOL,VENTALV,MINVOLSET,0.0
MINVOL,VENTALV,MINVOLSET,0.0
MINVOL,VENTALV,MINVOLSET,0.0
MINVOL,VENTALV,MINVOLSET,0.0
MINVOL,VENTALV,MINVOLSET,0.0
MINVOL,VENTALV,MINVOLSET,0.0
MINVOL,VENTALV,MINVOLSET,0.0
MINVOL,VENTALV,MINVOLSET,0.0
MINVOL,VENTALV,MINVOLSET,0.0
MINVOL,VENTALV,MINVOLSET,0.0
MINVOL,VENTALV,MINVOLSET,0.0
MINVOL,VENTALV,MINVOLSET,0.0
MINVOL,VENTALV,MINVOLSET,0.0
MINVOL,VENTALV,MINVOLSET,0.0
MINVOL,VENTALV,MINVOLSET,0.0
MINVOL,VENTALV,MINVOLSET,0.0
MINVOL,ARTCO2,VENTALV,0.5669107938603257
MINVOL,ARTCO2,VENTALV,0.5669107938603257
MINVOL,ARTCO2,VENTALV,0.5669107938603257
MINVOL,ARTCO2,VENTALV,0.5669107938603257
MINVOL,ARTCO2,VENTALV,0.5669107938603257
MINVOL,CATECHOL,VENTALV,0.2605409668983653
MINVOL,CATECHOL,VENTALV,0.2605409668983653
MINVOL,CATECHOL,VENTALV,0.2605409668983653
MINVOL,CATECHOL,VENTALV,0.2605409668983653
MINVOL,CATECHOL,VENTALV,0.2605409668983653
MINVOL,HR,CATECHOL,0.3490390316337555
MINVOL,HR,CATECHOL,0.3490390316337555
MINVOL,HR,CATECHOL,0.3490390316337555
MINVOL,HR,CATECHOL,0.3490390316337555
MINVOL,HR,CATECHOL,0.3490390316337555
MINVOL,HR,CATECHOL,0.3490390316337555
MINVOL,HR,CATECHOL,0.3490390316337555
MINVOL,HR,CATECHOL,0.3490390316337555
MINVOL,HR,CATECHOL,0.3490390316337555
MINVOL,CO,VENTALV,0.35529230174253873
MINVOL,CO,VENTALV,0.35529230174253873
MINVOL,CO,VENTALV,0.35529230174253873
MINVOL,CO,VENTALV,0.35529230174253873
MINVOL,CO,VENTALV,0.35529230174253873
MINVOL,BP,VENTALV,0.4739223728390851
MINVOL,BP,VENTALV,0.4739223728390851
MINVOL,BP,VENTALV,0.4739223728390851
MINVOL,BP,VENTALV,0.4739223728390851
MINVOL,BP,VENTALV,0.4739223728390851
FIO2,PVSAT,SAO2,3.547362900460127e-33
FIO2,PVSAT,SAO2,3.547362900460127e-33
FIO2,SAO2,PVSAT,0.17521009769264204
FIO2,SAO2,PVSAT,0.17521009769264204
PVSAT,SAO2,MINVOLSET,0.0
PVSAT,SAO2,MINVOLSET,0.0
PVSAT,SAO2,MINVOLSET,0.0
PVSAT,SAO2,MINVOLSET,0.0
PVSAT,SAO2,MINVOLSET,0.0
PVSAT,SAO2,MINVOLSET,0.0
PVSAT,SAO2,MINVOLSET,0.0
PVSAT,SAO2,MINVOLSET,0.0
PVSAT,SAO2,MINVOLSET,0.0
PVSAT,SAO2,MINVOLSET,0.0
PVSAT,SAO2,MINVOLSET,0.0
PVSAT,SAO2,MINVOLSET,0.0
PVSAT,SAO2,MINVOLSET,0.0
PVSAT,SAO2,MINVOLSET,0.0
PVSAT,SAO2,MINVOLSET,0.0
PVSAT,SAO2,MINVOLSET,0.0
PVSAT,SAO2,MINVOLSET,0.0
PVSAT,SAO2,MINVOLSET,0.0
PVSAT,SAO2,MINVOLSET,0.0
PVSAT,SAO2,MINVOLSET,0.0
PVSAT,SAO2,MINVOLSET,0.0
PVSAT,SHUNT,VENTALV,0.22790014198731873
PVSAT,SHUNT,VENTALV,0.22790014198731873
PVSAT,SHUNT,VENTALV,0.22790014198731873
PVSAT,SHUNT,VENTALV,0.22790014198731873
PVSAT,SHUNT,VENTALV,0.22790014198731873
PVSAT,SHUNT,VENTALV,0.22790014198731873
PVSAT,SHUNT,VENTALV,0.22790014198731873
PVSAT,INTUBATION,MINVOLSET,9.467309718595071e-50
PVSAT,INTUBATION,MINVOLSET,9.467309718595071e-50
PVSAT,INTUBATION,MINVOLSET,9.467309718595071e-50
PVSAT,INTUBATION,MINVOLSET,9.467309718595071e-50
PVSAT,INTUBATION,MINVOLSET,9.467309718595071e-50
PVSAT,INTUBATION,MINVOLSET,9.467309718595071e-50
PVSAT,INTUBATION,MINVOLSET,9.467309718595071e-50
PVSAT,INTUBATION,MINVOLSET,9.467309718595071e-50
PVSAT,INTUBATION,MINVOLSET,9.467309718595071e-50
PVSAT,INTUBATION,MINVOLSET,9.467309718595071e-50
PVSAT,INTUBATION,MINVOLSET,9.467309718595071e-50
PVSAT,INTUBATION,MINVOLSET,9.467309718595071e-50
PVSAT,INTUBATION,MINVOLSET,9.467309718595071e-50
PVSAT,INTUBATION,MINVOLSET,9.467309718595071e-50
PVSAT,INTUBATION,MINVOLSET,9.467309718595071e-50
PVSAT,INTUBATION,MINVOLSET,9.467309718595071e-50
PVSAT,INTUBATION,MINVOLSET,9.467309718595071e-50
PVSAT,INTUBATION,MINVOLSET,9.467309718595071e-50
PVSAT,INTUBATION,MINVOLSET,9.467309718595071e-50
PVSAT,INTUBATION,MINVOLSET,9.467309718595071e-50
PVSAT,INTUBATION,MINVOLSET,9.467309718595071e-50
PVSAT,PRESS,VENTALV,0.3423341788766749
PVSAT,PRESS,VENTALV,0.3423341788766749
PVSAT,PRESS,VENTALV,0.3423341788766749
PVSAT,PRESS,VENTALV,0.3423341788766749
PVSAT,PRESS,VENTALV,0.3423341788766749
PVSAT,PRESS,VENTALV,0.3423341788766749
PVSAT,DISCONNECT,VENTTUBE,0.7233860464643678
PVSAT,DISCONNECT,VENTTUBE,0.7233860464643678
PVSAT,DISCONNECT,VENTTUBE,0.7233860464643678
PVSAT,DISCONNECT,VENTTUBE,0.7233860464643678
PVSAT,DISCONNECT,VENTTUBE,0.7233860464643678
PVSAT,DISCONNECT,VENTTUBE,0.7233860464643678
PVSAT,DISCONNECT,VENTTUBE,0.7233860464643678
PVSAT,DISCONNECT,VENTTUBE,0.7233860464643678
PVSAT,DISCONNECT,VENTTUBE,0.7233860464643678
PVSAT,DISCONNECT,VENTTUBE,0.7233860464643678
PVSAT,DISCONNECT,VENTTUBE,0.7233860464643678
PVSAT,DISCONNECT,VENTTUBE,0.7233860464643678
PVSAT,DISCONNECT,VENTTUBE,0.7233860464643678
PVSAT,MINVOLSET,VENTMACH,0.1865434599971769
PVSAT,MINVOLSET,VENTMACH,0.1865434599971769
PVSAT,MINVOLSET,VENTMACH,0.1865434599971769
PVSAT,MINVOLSET,VENTMACH,0.1865434599971769
PVSAT,MINVOLSET,VENTMACH,0.1865434599971769
PVSAT,MINVOLSET,VENTMACH,0.1865434599971769
PVSAT,MINVOLSET,VENTMACH,0.1865434599971769
PVSAT,MINVOLSET,VENTMACH,0.1865434599971769
PVSAT,MINVOLSET,VENTMACH,0.1865434599971769
PVSAT,MINVOLSET,VENTMACH,0.1865434599971769
PVSAT,MINVOLSET,VENTMACH,0.1865434599971769
PVSAT,MINVOLSET,VENTMACH,0.1865434599971769
PVSAT,VENTMACH,VENTALV,0.07507762030689069
PVSAT,VENTMACH,VENTALV,0.07507762030689069
PVSAT,VENTMACH,VENTALV,0.07507762030689069
PVSAT,VENTMACH,VENTALV,0.07507762030689069
PVSAT,VENTMACH,VENTALV,0.07507762030689069
PVSAT,VENTMACH,VENTALV,0.07507762030689069
PVSAT,VENTMACH,VENTALV,0.07507762030689069
PVSAT,VENTTUBE,MINVOLSET,0.0
PVSAT,VENTTUBE,MINVOLSET,0.0
PVSAT,VENTTUBE,MINVOLSET,0.0
PVSAT,VENTTUBE,MINVOLSET,0.0
PVSAT,VENTTUBE,MINVOLSET,0.0
PVSAT,VENTTUBE,MINVOLSET,0.0
PVSAT,VENTTUBE,MINVOLSET,0.0
PVSAT,VENTTUBE,MINVOLSET,0.0
PVSAT,VENTTUBE,MINVOLSET,0.0
PVSAT,VENTTUBE,MINVOLSET,0.0
PVSAT,VENTTUBE,MINVOLSET,0.0
PVSAT,VENTTUBE,MINVOLSET,0.0
PVSAT,VENTTUBE,MINVOLSET,0.0
PVSAT,VENTTUBE,MINVOLSET,0.0
PVSAT,VENTTUBE,MINVOLSET,0.0
PVSAT,VENTTUBE,MINVOLSET,0.0
PVSAT,VENTTUBE,MINVOLSET,0.0
PVSAT,VENTTUBE,MINVOLSET,0.0
PVSAT,VENTTUBE,MINVOLSET,0.0
PVSAT,VENTTUBE,MINVOLSET,0.0
PVSAT,VENTTUBE,MINVOLSET,0.0
PVSAT,VENTLUNG,MINVOLSET,0.0
PVSAT,VENTLUNG,MINVOLSET,0.0
PVSAT,VENTLUNG,MINVOLSET,0.0
PVSAT,VENTLUNG,MINVOLSET,0.0
PVSAT,VENTLUNG,MINVOLSET,0.0
PVSAT,VENTLUNG,MINVOLSET,0.0
PVSAT,VENTLUNG,MINVOLSET,0.0
PVSAT,VENTLUNG,MINVOLSET,0.0
PVSAT,VENTLUNG,MINVOLSET,0.0
PVSAT,VENTLUNG,MINVOLSET,0.0
PVSAT,VENTLUNG,MINVOLSET,0.0
PVSAT,VENTLUNG,MINVOLSET,0.0
PVSAT,VENTLUNG,MINVOLSET,0.0
PVSAT,VENTLUNG,MINVOLSET,0.0
PVSAT,VENTLUNG,MINVOLSET,0.0
PVSAT,VENTLUNG,MINVOLSET,0.0
PVSAT,VENTLUNG,MINVOLSET,0.0
PVSAT,VENTLUNG,MINVOLSET,0.0
PVSAT,VENTLUNG,MINVOLSET,0.0
PVSAT,VENTLUNG,MINVOLSET,0.0
PVSAT,VENTLUNG,MINVOLSET,0.0
PVSAT,VENTALV,MINVOLSET,0.0
PVSAT,VENTALV,MINVOLSET,0.0
PVSAT,VENTALV,MINVOLSET,0.0
PVSAT,VENTALV,MINVOLSET,0.0
PVSAT,VENTALV,MINVOLSET,0.0
PVSAT,VENTALV,MINVOLSET,0.0
PVSAT,VENTALV,MINVOLSET,0.0
PVSAT,VENTALV,MINVOLSET,0.0
PVSAT,VENTALV,MINVOLSET,0.0
PVSAT,VENTALV,MINVOLSET,0.0
PVSAT,VENTALV,MINVOLSET,0.0
PVSAT,VENTALV,MINVOLSET,0.0
PVSAT,VENTALV,MINVOLSET,0.0
PVSAT,VENTALV,MINVOLSET,0.0
PVSAT,VENTALV,MINVOLSET,0.0
PVSAT,VENTALV,MINVOLSET,0.0
PVSAT,VENTALV,MINVOLSET,0.0
PVSAT,VENTALV,MINVOLSET,0.0
PVSAT,VENTALV,MINVOLSET,0.0
PVSAT,VENTALV,MINVOLSET,0.0
PVSAT,VENTALV,MINVOLSET,0.0
PVSAT,ARTCO2,MINVOLSET,0.0
PVSAT,ARTCO2,MINVOLSET,0.0
PVSAT,ARTCO2,MINVOLSET,0.0
PVSAT,ARTCO2,MINVOLSET,0.0
PVSAT,ARTCO2,MINVOLSET,0.0
PVSAT,ARTCO2,MINVOLSET,0.0
PVSAT,ARTCO2,MINVOLSET,0.0
PVSAT,ARTCO2,MINVOLSET,0.0
PVSAT,ARTCO2,MINVOLSET,0.0
PVSAT,ARTCO2,MINVOLSET,0.0
PVSAT,ARTCO2,MINVOLSET,0.0
PVSAT,ARTCO2,MINVOLSET,0.0
PVSAT,ARTCO2,MINVOLSET,0.0
PVSAT,ARTCO2,MINVOLSET,0.0
PVSAT,ARTCO2,MINVOLSET,0.0
PVSAT,ARTCO2,MINVOLSET,0.0
PVSAT,ARTCO2,MINVOLSET,0.0
PVSAT,ARTCO2,MINVOLSET,0.0
PVSAT,ARTCO2,MINVOLSET,0.0
PVSAT,ARTCO2,MINVOLSET,0.0
PVSAT,ARTCO2,MINVOLSET,0.0
PVSAT,CATECHOL,MINVOLSET,1.7879112978597632e-205
PVSAT,CATECHOL,MINVOLSET,1.7879112978597632e-205
PVSAT,CATECHOL,MINVOLSET,1.7879112978597632e-205
PVSAT,CATECHOL,MINVOLSET,1.7879112978597632e-205
PVSAT,CATECHOL,MINVOLSET,1.7879112978597632e-205
PVSAT,CATECHOL,MINVOLSET,1.7879112978597632e-205
PVSAT,CATECHOL,MINVOLSET,1.7879112978597632e-205
PVSAT,CATECHOL,MINVOLSET,1.7879112978597632e-205
PVSAT,CATECHOL,MINVOLSET,1.7879112978597632e-205
PVSAT,CATECHOL,MINVOLSET,1.7879112978597632e-205
PVSAT,CATECHOL,MINVOLSET,1.7879112978597632e-205
PVSAT,CATECHOL,MINVOLSET,1.7879112978597632e-205
PVSAT,CATECHOL,MINVOLSET,1.7879112978597632e-205
PVSAT,CATECHOL,MINVOLSET,1.7879112978597632e-205
PVSAT,CATECHOL,MINVOLSET,1.7879112978597632e-205
PVSAT,CATECHOL,MINVOLSET,1.7879112978597632e-205
PVSAT,CATECHOL,MINVOLSET,1.7879112978597632e-205
PVSAT,CATECHOL,MINVOLSET,1.7879112978597632e-205
PVSAT,CATECHOL,MINVOLSET,1.7879112978597632e-205
PVSAT,CATECHOL,MINVOLSET,1.7879112978597632e-205
PVSAT,CATECHOL,MINVOLSET,1.7879112978597632e-205
PVSAT,HR,CATECHOL,0.0506130585188666
PVSAT,HR,CATECHOL,0.0506130585188666
PVSAT,HR,CATECHOL,0.0506130585188666
PVSAT,HR,CATECHOL,0.0506130585188666
PVSAT,HR,CATECHOL,0.0506130585188666
PVSAT,HR,CATECHOL,0.0506130585188666
PVSAT,HR,CATECHOL,0.0506130585188666
PVSAT,HR,CATECHOL,0.0506130585188666
PVSAT,HR,CATECHOL,0.0506130585188666
PVSAT,HR,CATECHOL,0.0506130585188666
PVSAT,HR,CATECHOL,0.0506130585188666
PVSAT,CO,VENTALV,0.1905271673727121
PVSAT,CO,VENTALV,0.1905271673727121
PVSAT,CO,VENTALV,0.1905271673727121
PVSAT,CO,VENTALV,0.1905271673727121
PVSAT,CO,VENTALV,0.1905271673727121
PVSAT,CO,VENTALV,0.1905271673727121
PVSAT,CO,VENTALV,0.1905271673727121
PVSAT,BP,SAO2,0.6617338485642181
PVSAT,BP,SAO2,0.6617338485642181
PVSAT,BP,SAO2,0.6617338485642181
SAO2,PULMEMBOLUS,SHUNT,0.22871586266617908
SAO2,PULMEMBOLUS,SHUNT,0.22871586266617908
SAO2,PULMEMBOLUS,SHUNT,0.22871586266617908
SAO2,PULMEMBOLUS,SHUNT,0.22871586266617908
SAO2,PULMEMBOLUS,SHUNT,0.22871586266617908
SAO2,PULMEMBOLUS,SHUNT,0.22871586266617908
SAO2,PULMEMBOLUS,SHUNT,0.22871586266617908
SAO2,PULMEMBOLUS,SHUNT,0.22871586266617908
SAO2,PULMEMBOLUS,SHUNT,0.22871586266617908
SAO2,PULMEMBOLUS,SHUNT,0.22871586266617908
SAO2,PULMEMBOLUS,SHUNT,0.22871586266617908
SAO2,PULMEMBOLUS,SHUNT,0.22871586266617908
SAO2,PULMEMBOLUS,SHUNT,0.22871586266617908
SAO2,PULMEMBOLUS,SHUNT,0.22871586266617908
SAO2,PULMEMBOLUS,SHUNT,0.22871586266617908
SAO2,PULMEMBOLUS,SHUNT,0.22871586266617908
SAO2,PULMEMBOLUS,SHUNT,0.22871586266617908
SAO2,PULMEMBOLUS,SHUNT,0.22871586266617908
SAO2,PULMEMBOLUS,SHUNT,0.22871586266617908
SAO2,PULMEMBOLUS,SHUNT,0.22871586266617908
SAO2,PULMEMBOLUS,SHUNT,0.22871586266617908
SAO2,SHUNT,MINVOLSET,6.412593276418941e-105
SAO2,SHUNT,MINVOLSET,6.412593276418941e-105
SAO2,SHUNT,MINVOLSET,6.412593276418941e-105
SAO2,SHUNT,MINVOLSET,6.412593276418941e-105
SAO2,SHUNT,MINVOLSET,6.412593276418941e-105
SAO2,SHUNT,MINVOLSET,6.412593276418941e-105
SAO2,SHUNT,MINVOLSET,6.412593276418941e-105
SAO2,SHUNT,MINVOLSET,6.412593276418941e-105
SAO2,SHUNT,MINVOLSET,6.412593276418941e-105
SAO2,SHUNT,MINVOLSET,6.412593276418941e-105
SAO2,SHUNT,MINVOLSET,6.412593276418941e-105
SAO2,SHUNT,MINVOLSET,6.412593276418941e-105
SAO2,SHUNT,MINVOLSET,6.412593276418941e-105
SAO2,SHUNT,MINVOLSET,6.412593276418941e-105
SAO2,SHUNT,MINVOLSET,6.412593276418941e-105
SAO2,SHUNT,MINVOLSET,6.412593276418941e-105
SAO2,SHUNT,MINVOLSET,6.412593276418941e-105
SAO2,SHUNT,MINVOLSET,6.412593276418941e-105
SAO2,SHUNT,MINVOLSET,6.412593276418941e-105
SAO2,SHUNT,MINVOLSET,6.412593276418941e-105
SAO2,SHUNT,MINVOLSET,6.412593276418941e-105
SAO2,SHUNT,MINVOLSET,6.412593276418941e-105
SAO2,SHUNT,MINVOLSET,6.412593276418941e-105
SAO2,INTUBATION,MINVOLSET,1.7060324519031653e-49
SAO2,INTUBATION,MINVOLSET,1.7060324519031653e-49
SAO2,INTUBATION,MINVOLSET,1.7060324519031653e-49
SAO2,INTUBATION,MINVOLSET,1.7060324519031653e-49
SAO2,INTUBATION,MINVOLSET,1.7060324519031653e-49
SAO2,INTUBATION,MINVOLSET,1.7060324519031653e-49
SAO2,INTUBATION,MINVOLSET,1.7060324519031653e-49
SAO2,INTUBATION,MINVOLSET,1.7060324519031653e-49
SAO2,INTUBATION,MINVOLSET,1.7060324519031653e-49
SAO2,INTUBATION,MINVOLSET,1.7060324519031653e-49
SAO2,INTUBATION,MINVOLSET,1.7060324519031653e-49
SAO2,INTUBATION,MINVOLSET,1.7060324519031653e-49
SAO2,INTUBATION,MINVOLSET,1.7060324519031653e-49
SAO2,INTUBATION,MINVOLSET,1.7060324519031653e-49
SAO2,INTUBATION,MINVOLSET,1.7060324519031653e-49
SAO2,INTUBATION,MINVOLSET,1.7060324519031653e-49
SAO2,INTUBATION,MINVOLSET,1.7060324519031653e-49
SAO2,INTUBATION,MINVOLSET,1.7060324519031653e-49
SAO2,INTUBATION,MINVOLSET,1.7060324519031653e-49
SAO2,INTUBATION,MINVOLSET,1.7060324519031653e-49
SAO2,INTUBATION,MINVOLSET,1.7060324519031653e-49
SAO2,INTUBATION,MINVOLSET,1.7060324519031653e-49
SAO2,INTUBATION,MINVOLSET,1.7060324519031653e-49
SAO2,PRESS,MINVOL,0.23448143534719143
SAO2,PRESS,MINVOL,0.23448143534719143
SAO2,PRESS,MINVOL,0.23448143534719143
SAO2,PRESS,MINVOL,0.23448143534719143
SAO2,DISCONNECT,VENTALV,0.09392113946026921
SAO2,DISCONNECT,VENTALV,0.09392113946026921
SAO2,DISCONNECT,VENTALV,0.09392113946026921
SAO2,DISCONNECT,VENTALV,0.09392113946026921
SAO2,DISCONNECT,VENTALV,0.09392113946026921
SAO2,DISCONNECT,VENTALV,0.09392113946026921
SAO2,DISCONNECT,VENTALV,0.09392113946026921
SAO2,MINVOLSET,VENTALV,0.593395504778744
SAO2,MINVOLSET,VENTALV,0.593395504778744
SAO2,MINVOLSET,VENTALV,0.593395504778744
SAO2,MINVOLSET,VENTALV,0.593395504778744
SAO2,MINVOLSET,VENTALV,0.593395504778744
SAO2,MINVOLSET,VENTALV,0.593395504778744
SAO2,MINVOLSET,VENTALV,0.593395504778744
SAO2,VENTMACH,VENTALV,0.09844713815161991
SAO2,VENTMACH,VENTALV,0.09844713815161991
SAO2,VENTMACH,VENTALV,0.09844713815161991
SAO2,VENTMACH,VENTALV,0.09844713815161991
SAO2,VENTMACH,VENTALV,0.09844713815161991
SAO2,VENTMACH,VENTALV,0.09844713815161991
SAO2,VENTMACH,VENTALV,0.09844713815161991
SAO2,VENTTUBE,PVSAT,0.07516554461871355
SAO2,VENTTUBE,PVSAT,0.07516554461871355
SAO2,VENTTUBE,PVSAT,0.07516554461871355
SAO2,VENTTUBE,PVSAT,0.07516554461871355
SAO2,VENTTUBE,PVSAT,0.07516554461871355
SAO2,VENTTUBE,PVSAT,0.07516554461871355
SAO2,VENTTUBE,PVSAT,0.07516554461871355
SAO2,VENTTUBE,PVSAT,0.07516554461871355
SAO2,VENTTUBE,PVSAT,0.07516554461871355
SAO2,VENTTUBE,PVSAT,0.07516554461871355
SAO2,VENTTUBE,PVSAT,0.07516554461871355
SAO2,VENTTUBE,PVSAT,0.07516554461871355
SAO2,VENTLUNG,PVSAT,0.22138042306045086
SAO2,VENTLUNG,PVSAT,0.22138042306045086
SAO2,VENTLUNG,PVSAT,0.22138042306045086
SAO2,VENTLUNG,PVSAT,0.22138042306045086
SAO2,VENTLUNG,PVSAT,0.22138042306045086
SAO2,VENTLUNG,PVSAT,0.22138042306045086
SAO2,VENTLUNG,PVSAT,0.22138042306045086
SAO2,VENTLUNG,PVSAT,0.22138042306045086
SAO2,VENTLUNG,PVSAT,0.22138042306045086
SAO2,VENTLUNG,PVSAT,0.22138042306045086
SAO2,VENTLUNG,PVSAT,0.22138042306045086
SAO2,VENTLUNG,PVSAT,0.22138042306045086
SAO2,VENTALV,MINVOLSET,0.0
SAO2,VENTALV,MINVOLSET,0.0
SAO2,VENTALV,MINVOLSET,0.0
SAO2,VENTALV,MINVOLSET,0.0
SAO2,VENTALV,MINVOLSET,0.0
SAO2,VENTALV,MINVOLSET,0.0
SAO2,VENTALV,MINVOLSET,0.0
SAO2,VENTALV,MINVOLSET,0.0
SAO2,VENTALV,MINVOLSET,0.0
SAO2,VENTALV,MINVOLSET,0.0
SAO2,VENTALV,MINVOLSET,0.0
SAO2,VENTALV,MINVOLSET,0.0
SAO2,VENTALV,MINVOLSET,0.0
SAO2,VENTALV,MINVOLSET,0.0
SAO2,VENTALV,MINVOLSET,0.0
SAO2,VENTALV,MINVOLSET,0.0
SAO2,VENTALV,MINVOLSET,0.0
SAO2,VENTALV,MINVOLSET,0.0
SAO2,VENTALV,MINVOLSET,0.0
SAO2,VENTALV,MINVOLSET,0.0
SAO2,VENTALV,MINVOLSET,0.0
SAO2,VENTALV,MINVOLSET,0.0
SAO2,VENTALV,MINVOLSET,0.0
SAO2,ARTCO2,MINVOLSET,0.0
SAO2,ARTCO2,MINVOLSET,0.0
SAO2,ARTCO2,MINVOLSET,0.0
SAO2,ARTCO2,MINVOLSET,0.0
SAO2,ARTCO2,MINVOLSET,0.0
SAO2,ARTCO2,MINVOLSET,0.0
SAO2,ARTCO2,MINVOLSET,0.0
SAO2,ARTCO2,MINVOLSET,0.0
SAO2,ARTCO2,MINVOLSET,0.0
SAO2,ARTCO2,MINVOLSET,0.0
SAO2,ARTCO2,MINVOLSET,0.0
SAO2,ARTCO2,MINVOLSET,0.0
SAO2,ARTCO2,MINVOLSET,0.0
SAO2,ARTCO2,MINVOLSET,0.0
SAO2,ARTCO2,MINVOLSET,0.0
SAO2,ARTCO2,MINVOLSET,0.0
SAO2,ARTCO2,MINVOLSET,0.0
SAO2,ARTCO2,MINVOLSET,0.0
SAO2,ARTCO2,MINVOLSET,0.0
SAO2,ARTCO2,MINVOLSET,0.0
SAO2,ARTCO2,MINVOLSET,0.0
SAO2,ARTCO2,MINVOLSET,0.0
SAO2,ARTCO2,MINVOLSET,0.0
SAO2,CATECHOL,MINVOLSET,1.8608998131393278e-202
SAO2,CATECHOL,MINVOLSET,1.8608998131393278e-202
SAO2,CATECHOL,MINVOLSET,1.8608998131393278e-202
SAO2,CATECHOL,MINVOLSET,1.8608998131393278e-202
SAO2,CATECHOL,MINVOLSET,1.8608998131393278e-202
SAO2,CATECHOL,MINVOLSET,1.8608998131393278e-202
SAO2,CATECHOL,MINVOLSET,1.8608998131393278e-202
SAO2,CATECHOL,MINVOLSET,1.8608998131393278e-202
SAO2,CATECHOL,MINVOLSET,1.8608998131393278e-202
SAO2,CATECHOL,MINVOLSET,1.8608998131393278e-202
SAO2,CATECHOL,MINVOLSET,1.8608998131393278e-202
SAO2,CATECHOL,MINVOLSET,1.8608998131393278e-202
SAO2,CATECHOL,MINVOLSET,1.8608998131393278e-202
SAO2,CATECHOL,MINVOLSET,1.8608998131393278e-202
SAO2,CATECHOL,MINVOLSET,1.8608998131393278e-202
SAO2,CATECHOL,MINVOLSET,1.8608998131393278e-202
SAO2,CATECHOL,MINVOLSET,1.8608998131393278e-202
SAO2,CATECHOL,MINVOLSET,1.8608998131393278e-202
SAO2,CATECHOL,MINVOLSET,1.8608998131393278e-202
SAO2,CATECHOL,MINVOLSET,1.8608998131393278e-202
SAO2,CATECHOL,MINVOLSET,1.8608998131393278e-202
SAO2,CATECHOL,MINVOLSET,1.8608998131393278e-202
SAO2,CATECHOL,MINVOLSET,1.8608998131393278e-202
SAO2,HR,CATECHOL,0.16407069986795722
SAO2,HR,CATECHOL,0.16407069986795722
SAO2,HR,CATECHOL,0.16407069986795722
SAO2,HR,CATECHOL,0.16407069986795722
SAO2,HR,CATECHOL,0.16407069986795722
SAO2,HR,CATECHOL,0.16407069986795722
SAO2,HR,CATECHOL,0.16407069986795722
SAO2,HR,CATECHOL,0.16407069986795722
SAO2,HR,CATECHOL,0.16407069986795722
SAO2,HR,CATECHOL,0.16407069986795722
SAO2,HR,CATECHOL,0.16407069986795722
SAO2,CO,VENTALV,0.3504119464622064
SAO2,CO,VENTALV,0.3504119464622064
SAO2,CO,VENTALV,0.3504119464622064
SAO2,CO,VENTALV,0.3504119464622064
SAO2,CO,VENTALV,0.3504119464622064
SAO2,CO,VENTALV,0.3504119464622064
SAO2,CO,VENTALV,0.3504119464622064
SAO2,BP,MINVOL,0.30608698488040426
SAO2,BP,MINVOL,0.30608698488040426
SAO2,BP,MINVOL,0.30608698488040426
SAO2,BP,MINVOL,0.30608698488040426
PAP,PULMEMBOLUS,LVFAILURE,3.039777607242502e-100
PAP,PULMEMBOLUS,LVFAILURE,3.039777607242502e-100
PAP,SHUNT,PULMEMBOLUS,0.8039855623233457
PAP,SHUNT,PULMEMBOLUS,0.8039855623233457
PULMEMBOLUS,SHUNT,INSUFFANESTH,9.495096115168014e-90
PULMEMBOLUS,SHUNT,INSUFFANESTH,9.495096115168014e-90
PULMEMBOLUS,SHUNT,INSUFFANESTH,9.495096115168014e-90
SHUNT,INTUBATION,PAP,0.0
SHUNT,INTUBATION,PAP,0.0
SHUNT,INTUBATION,PAP,0.0
SHUNT,INTUBATION,PAP,0.0
SHUNT,INTUBATION,PAP,0.0
SHUNT,INTUBATION,PAP,0.0
SHUNT,INTUBATION,PAP,0.0
SHUNT,INTUBATION,PAP,0.0
SHUNT,INTUBATION,PAP,0.0
SHUNT,INTUBATION,PAP,0.0
SHUNT,PRESS,INTUBATION,0.48549132838182807
SHUNT,PRESS,INTUBATION,0.48549132838182807
SHUNT,PRESS,INTUBATION,0.48549132838182807
SHUNT,PRESS,INTUBATION,0.48549132838182807
SHUNT,PRESS,INTUBATION,0.48549132838182807
SHUNT,VENTLUNG,INTUBATION,0.5935183236262538
SHUNT,VENTLUNG,INTUBATION,0.5935183236262538
SHUNT,VENTLUNG,INTUBATION,0.5935183236262538
SHUNT,VENTLUNG,INTUBATION,0.5935183236262538
SHUNT,VENTLUNG,INTUBATION,0.5935183236262538
SHUNT,VENTALV,INTUBATION,0.4607849549518568
SHUNT,VENTALV,INTUBATION,0.4607849549518568
SHUNT,VENTALV,INTUBATION,0.4607849549518568
SHUNT,VENTALV,INTUBATION,0.4607849549518568
SHUNT,VENTALV,INTUBATION,0.4607849549518568
SHUNT,ARTCO2,INTUBATION,0.9482469941289831
SHUNT,ARTCO2,INTUBATION,0.9482469941289831
SHUNT,ARTCO2,INTUBATION,0.9482469941289831
SHUNT,ARTCO2,INTUBATION,0.9482469941289831
SHUNT,ARTCO2,INTUBATION,0.9482469941289831
INTUBATION,PRESS,PVSAT,4.680575571342345e-139
INTUBATION,PRESS,PVSAT,4.680575571342345e-139
INTUBATION,PRESS,PVSAT,4.680575571342345e-139
INTUBATION,PRESS,PVSAT,4.680575571342345e-139
INTUBATION,PRESS,PVSAT,4.680575571342345e-139
INTUBATION,PRESS,PVSAT,4.680575571342345e-139
INTUBATION,PRESS,PVSAT,4.680575571342345e-139
INTUBATION,PRESS,PVSAT,4.680575571342345e-139
INTUBATION,PRESS,PVSAT,4.680575571342345e-139
INTUBATION,VENTLUNG,PVSAT,0.0
INTUBATION,VENTLUNG,PVSAT,0.0
INTUBATION,VENTLUNG,PVSAT,0.0
INTUBATION,VENTLUNG,PVSAT,0.0
INTUBATION,VENTLUNG,PVSAT,0.0
INTUBATION,VENTLUNG,PVSAT,0.0
INTUBATION,VENTLUNG,PVSAT,0.0
INTUBATION,VENTLUNG,PVSAT,0.0
INTUBATION,VENTLUNG,PVSAT,0.0
INTUBATION,VENTALV,PVSAT,0.0
INTUBATION,VENTALV,PVSAT,0.0
INTUBATION,VENTALV,PVSAT,0.0
INTUBATION,VENTALV,PVSAT,0.0
INTUBATION,VENTALV,PVSAT,0.0
INTUBATION,VENTALV,PVSAT,0.0
INTUBATION,VENTALV,PVSAT,0.0
INTUBATION,VENTALV,PVSAT,0.0
INTUBATION,VENTALV,PVSAT,0.0
INTUBATION,ARTCO2,VENTALV,0.07268079552948943
INTUBATION,ARTCO2,VENTALV,0.07268079552948943
INTUBATION,ARTCO2,VENTALV,0.07268079552948943
INTUBATION,ARTCO2,VENTALV,0.07268079552948943
INTUBATION,ARTCO2,VENTALV,0.07268079552948943
INTUBATION,ARTCO2,VENTALV,0.07268079552948943
INTUBATION,CATECHOL,VENTALV,0.28748925176138995
INTUBATION,CATECHOL,VENTALV,0.28748925176138995
INTUBATION,CATECHOL,VENTALV,0.28748925176138995
INTUBATION,CATECHOL,VENTALV,0.28748925176138995
INTUBATION,CATECHOL,VENTALV,0.28748925176138995
INTUBATION,CATECHOL,VENTALV,0.28748925176138995
PRESS,DISCONNECT,MINVOLSET,1.8095722095775993e-238
PRESS,DISCONNECT,MINVOLSET,1.8095722095775993e-238
PRESS,DISCONNECT,MINVOLSET,1.8095722095775993e-238
PRESS,DISCONNECT,MINVOLSET,1.8095722095775993e-238
PRESS,DISCONNECT,MINVOLSET,1.8095722095775993e-238
PRESS,DISCONNECT,MINVOLSET,1.8095722095775993e-238
PRESS,DISCONNECT,MINVOLSET,1.8095722095775993e-238
PRESS,DISCONNECT,MINVOLSET,1.8095722095775993e-238
PRESS,DISCONNECT,MINVOLSET,1.8095722095775993e-238
PRESS,DISCONNECT,MINVOLSET,1.8095722095775993e-238
PRESS,DISCONNECT,MINVOLSET,1.8095722095775993e-238
PRESS,DISCONNECT,MINVOLSET,1.8095722095775993e-238
PRESS,DISCONNECT,MINVOLSET,1.8095722095775993e-238
PRESS,DISCONNECT,MINVOLSET,1.8095722095775993e-238
PRESS,DISCONNECT,MINVOLSET,1.8095722095775993e-238
PRESS,DISCONNECT,MINVOLSET,1.8095722095775993e-238
PRESS,DISCONNECT,MINVOLSET,1.8095722095775993e-238
PRESS,DISCONNECT,MINVOLSET,1.8095722095775993e-238
PRESS,DISCONNECT,MINVOLSET,1.8095722095775993e-238
PRESS,MINVOLSET,VENTTUBE,0.4304304807563424
PRESS,MINVOLSET,VENTTUBE,0.4304304807563424
PRESS,MINVOLSET,VENTTUBE,0.4304304807563424
PRESS,MINVOLSET,VENTTUBE,0.4304304807563424
PRESS,MINVOLSET,VENTTUBE,0.4304304807563424
PRESS,MINVOLSET,VENTTUBE,0.4304304807563424
PRESS,MINVOLSET,VENTTUBE,0.4304304807563424
PRESS,MINVOLSET,VENTTUBE,0.4304304807563424
PRESS,MINVOLSET,VENTTUBE,0.4304304807563424
PRESS,MINVOLSET,VENTTUBE,0.4304304807563424
PRESS,MINVOLSET,VENTTUBE,0.4304304807563424
PRESS,MINVOLSET,VENTTUBE,0.4304304807563424
PRESS,VENTMACH,VENTTUBE,0.08066892260798443
PRESS,VENTMACH,VENTTUBE,0.08066892260798443
PRESS,VENTMACH,VENTTUBE,0.08066892260798443
PRESS,VENTMACH,VENTTUBE,0.08066892260798443
PRESS,VENTMACH,VENTTUBE,0.08066892260798443
PRESS,VENTMACH,VENTTUBE,0.08066892260798443
PRESS,VENTMACH,VENTTUBE,0.08066892260798443
PRESS,VENTMACH,VENTTUBE,0.08066892260798443
PRESS,VENTMACH,VENTTUBE,0.08066892260798443
PRESS,VENTMACH,VENTTUBE,0.08066892260798443
PRESS,VENTMACH,VENTTUBE,0.08066892260798443
PRESS,VENTTUBE,MINVOLSET,0.0
PRESS,VENTTUBE,MINVOLSET,0.0
PRESS,VENTTUBE,MINVOLSET,0.0
PRESS,VENTTUBE,MINVOLSET,0.0
PRESS,VENTTUBE,MINVOLSET,0.0
PRESS,VENTTUBE,MINVOLSET,0.0
PRESS,VENTTUBE,MINVOLSET,0.0
PRESS,VENTTUBE,MINVOLSET,0.0
PRESS,VENTTUBE,MINVOLSET,0.0
PRESS,VENTTUBE,MINVOLSET,0.0
PRESS,VENTTUBE,MINVOLSET,0.0
PRESS,VENTTUBE,MINVOLSET,0.0
PRESS,VENTTUBE,MINVOLSET,0.0
PRESS,VENTTUBE,MINVOLSET,0.0
PRESS,VENTTUBE,MINVOLSET,0.0
PRESS,VENTTUBE,MINVOLSET,0.0
PRESS,VENTTUBE,MINVOLSET,0.0
PRESS,VENTTUBE,MINVOLSET,0.0
PRESS,VENTTUBE,MINVOLSET,0.0
PRESS,VENTLUNG,MINVOLSET,1.0869594623615336e-270
PRESS,VENTLUNG,MINVOLSET,1.0869594623615336e-270
PRESS,VENTLUNG,MINVOLSET,1.0869594623615336e-270
PRESS,VENTLUNG,MINVOLSET,1.0869594623615336e-270
PRESS,VENTLUNG,MINVOLSET,1.0869594623615336e-270
PRESS,VENTLUNG,MINVOLSET,1.0869594623615336e-270
PRESS,VENTLUNG,MINVOLSET,1.0869594623615336e-270
PRESS,VENTLUNG,MINVOLSET,1.0869594623615336e-270
PRESS,VENTLUNG,MINVOLSET,1.0869594623615336e-270
PRESS,VENTLUNG,MINVOLSET,1.0869594623615336e-270
PRESS,VENTLUNG,MINVOLSET,1.0869594623615336e-270
PRESS,VENTLUNG,MINVOLSET,1.0869594623615336e-270
PRESS,VENTLUNG,MINVOLSET,1.0869594623615336e-270
PRESS,VENTLUNG,MINVOLSET,1.0869594623615336e-270
PRESS,VENTLUNG,MINVOLSET,1.0869594623615336e-270
PRESS,VENTLUNG,MINVOLSET,1.0869594623615336e-270
PRESS,VENTLUNG,MINVOLSET,1.0869594623615336e-270
PRESS,VENTLUNG,MINVOLSET,1.0869594623615336e-270
PRESS,VENTLUNG,MINVOLSET,1.0869594623615336e-270
PRESS,VENTALV,MINVOLSET,4.832837699065964e-274
PRESS,VENTALV,MINVOLSET,4.832837699065964e-274
PRESS,VENTALV,MINVOLSET,4.832837699065964e-274
PRESS,VENTALV,MINVOLSET,4.832837699065964e-274
PRESS,VENTALV,MINVOLSET,4.832837699065964e-274
PRESS,VENTALV,MINVOLSET,4.832837699065964e-274
PRESS,VENTALV,MINVOLSET,4.832837699065964e-274
PRESS,VENTALV,MINVOLSET,4.832837699065964e-274
PRESS,VENTALV,MINVOLSET,4.832837699065964e-274
PRESS,VENTALV,MINVOLSET,4.832837699065964e-274
PRESS,VENTALV,MINVOLSET,4.832837699065964e-274
PRESS,VENTALV,MINVOLSET,4.832837699065964e-274
PRESS,VENTALV,MINVOLSET,4.832837699065964e-274
PRESS,VENTALV,MINVOLSET,4.832837699065964e-274
PRESS,VENTALV,MINVOLSET,4.832837699065964e-274
PRESS,VENTALV,MINVOLSET,4.832837699065964e-274
PRESS,VENTALV,MINVOLSET,4.832837699065964e-274
PRESS,VENTALV,MINVOLSET,4.832837699065964e-274
PRESS,VENTALV,MINVOLSET,4.832837699065964e-274
PRESS,ARTCO2,VENTALV,0.34099014663938837
PRESS,ARTCO2,VENTALV,0.34099014663938837
PRESS,ARTCO2,VENTALV,0.34099014663938837
PRESS,ARTCO2,VENTALV,0.34099014663938837
PRESS,ARTCO2,VENTALV,0.34099014663938837
PRESS,CATECHOL,SAO2,0.45415196573642147
PRESS,CATECHOL,SAO2,0.45415196573642147
PRESS,HR,HRSAT,0.2836287979955127
PRESS,CO,HRSAT,0.5084772191646945
DISCONNECT,VENTTUBE,PVSAT,0.0
DISCONNECT,VENTTUBE,PVSAT,0.0
DISCONNECT,VENTTUBE,PVSAT,0.0
DISCONNECT,VENTTUBE,PVSAT,0.0
DISCONNECT,VENTTUBE,PVSAT,0.0
DISCONNECT,VENTTUBE,PVSAT,0.0
DISCONNECT,VENTTUBE,PVSAT,0.0
DISCONNECT,VENTTUBE,PVSAT,0.0
DISCONNECT,VENTTUBE,PVSAT,0.0
DISCONNECT,VENTTUBE,PVSAT,0.0
DISCONNECT,VENTTUBE,PVSAT,0.0
DISCONNECT,VENTTUBE,PVSAT,0.0
DISCONNECT,VENTTUBE,PVSAT,0.0
DISCONNECT,VENTTUBE,PVSAT,0.0
DISCONNECT,VENTLUNG,VENTTUBE,0.08719370971881217
DISCONNECT,VENTLUNG,VENTTUBE,0.08719370971881217
DISCONNECT,VENTLUNG,VENTTUBE,0.08719370971881217
DISCONNECT,VENTLUNG,VENTTUBE,0.08719370971881217
DISCONNECT,VENTLUNG,VENTTUBE,0.08719370971881217
DISCONNECT,VENTLUNG,VENTTUBE,0.08719370971881217
DISCONNECT,VENTLUNG,VENTTUBE,0.08719370971881217
DISCONNECT,VENTLUNG,VENTTUBE,0.08719370971881217
DISCONNECT,VENTLUNG,VENTTUBE,0.08719370971881217
DISCONNECT,VENTLUNG,VENTTUBE,0.08719370971881217
DISCONNECT,VENTLUNG,VENTTUBE,0.08719370971881217
DISCONNECT,VENTLUNG,VENTTUBE,0.08719370971881217
DISCONNECT,VENTLUNG,VENTTUBE,0.08719370971881217
DISCONNECT,VENTLUNG,VENTTUBE,0.08719370971881217
DISCONNECT,VENTALV,VENTTUBE,0.7500459571988461
DISCONNECT,VENTALV,VENTTUBE,0.7500459571988461
DISCONNECT,VENTALV,VENTTUBE,0.7500459571988461
DISCONNECT,VENTALV,VENTTUBE,0.7500459571988461
DISCONNECT,VENTALV,VENTTUBE,0.7500459571988461
DISCONNECT,VENTALV,VENTTUBE,0.7500459571988461
DISCONNECT,VENTALV,VENTTUBE,0.7500459571988461
DISCONNECT,VENTALV,VENTTUBE,0.7500459571988461
DISCONNECT,VENTALV,VENTTUBE,0.7500459571988461
DISCONNECT,VENTALV,VENTTUBE,0.7500459571988461
DISCONNECT,VENTALV,VENTTUBE,0.7500459571988461
DISCONNECT,VENTALV,VENTTUBE,0.7500459571988461
DISCONNECT,VENTALV,VENTTUBE,0.7500459571988461
DISCONNECT,VENTALV,VENTTUBE,0.7500459571988461
DISCONNECT,ARTCO2,VENTALV,0.48662679773744955
DISCONNECT,ARTCO2,VENTALV,0.48662679773744955
DISCONNECT,ARTCO2,VENTALV,0.48662679773744955
DISCONNECT,ARTCO2,VENTALV,0.48662679773744955
DISCONNECT,ARTCO2,VENTALV,0.48662679773744955
DISCONNECT,ARTCO2,VENTALV,0.48662679773744955
DISCONNECT,ARTCO2,VENTALV,0.48662679773744955
DISCONNECT,ARTCO2,VENTALV,0.48662679773744955
DISCONNECT,CATECHOL,SAO2,0.6864365405139885
DISCONNECT,CATECHOL,SAO2,0.6864365405139885
DISCONNECT,HR,SAO2,0.34821608639034324
DISCONNECT,HR,SAO2,0.34821608639034324
DISCONNECT,CO,HRSAT,0.05287035221033551
MINVOLSET,VENTMACH,ARTCO2,0.0
MINVOLSET,VENTMACH,ARTCO2,0.0
MINVOLSET,VENTMACH,ARTCO2,0.0
MINVOLSET,VENTMACH,ARTCO2,0.0
MINVOLSET,VENTMACH,ARTCO2,0.0
MINVOLSET,VENTMACH,ARTCO2,0.0
MINVOLSET,VENTMACH,ARTCO2,0.0
MINVOLSET,VENTMACH,ARTCO2,0.0
MINVOLSET,VENTMACH,ARTCO2,0.0
MINVOLSET,VENTMACH,ARTCO2,0.0
MINVOLSET,VENTMACH,ARTCO2,0.0
MINVOLSET,VENTMACH,ARTCO2,0.0
MINVOLSET,VENTMACH,ARTCO2,0.0
MINVOLSET,VENTMACH,ARTCO2,0.0
MINVOLSET,VENTMACH,ARTCO2,0.0
MINVOLSET,VENTMACH,ARTCO2,0.0
MINVOLSET,VENTTUBE,ARTCO2,0.0
MINVOLSET,VENTTUBE,ARTCO2,0.0
MINVOLSET,VENTTUBE,ARTCO2,0.0
MINVOLSET,VENTTUBE,ARTCO2,0.0
MINVOLSET,VENTTUBE,ARTCO2,0.0
MINVOLSET,VENTTUBE,ARTCO2,0.0
MINVOLSET,VENTTUBE,ARTCO2,0.0
MINVOLSET,VENTTUBE,ARTCO2,0.0
MINVOLSET,VENTTUBE,ARTCO2,0.0
MINVOLSET,VENTTUBE,ARTCO2,0.0
MINVOLSET,VENTTUBE,ARTCO2,0.0
MINVOLSET,VENTTUBE,ARTCO2,0.0
MINVOLSET,VENTTUBE,ARTCO2,0.0
MINVOLSET,VENTTUBE,ARTCO2,0.0
MINVOLSET,VENTTUBE,ARTCO2,0.0
MINVOLSET,VENTTUBE,ARTCO2,0.0
MINVOLSET,VENTLUNG,VENTTUBE,0.5324239328982445
MINVOLSET,VENTLUNG,VENTTUBE,0.5324239328982445
MINVOLSET,VENTLUNG,VENTTUBE,0.5324239328982445
MINVOLSET,VENTLUNG,VENTTUBE,0.5324239328982445
MINVOLSET,VENTLUNG,VENTTUBE,0.5324239328982445
MINVOLSET,VENTLUNG,VENTTUBE,0.5324239328982445
MINVOLSET,VENTLUNG,VENTTUBE,0.5324239328982445
MINVOLSET,VENTLUNG,VENTTUBE,0.5324239328982445
MINVOLSET,VENTLUNG,VENTTUBE,0.5324239328982445
MINVOLSET,VENTLUNG,VENTTUBE,0.5324239328982445
MINVOLSET,VENTLUNG,VENTTUBE,0.5324239328982445
MINVOLSET,VENTALV,VENTTUBE,0.9189590399411214
MINVOLSET,VENTALV,VENTTUBE,0.9189590399411214
MINVOLSET,VENTALV,VENTTUBE,0.9189590399411214
MINVOLSET,VENTALV,VENTTUBE,0.9189590399411214
MINVOLSET,VENTALV,VENTTUBE,0.9189590399411214
MINVOLSET,VENTALV,VENTTUBE,0.9189590399411214
MINVOLSET,VENTALV,VENTTUBE,0.9189590399411214
MINVOLSET,VENTALV,VENTTUBE,0.9189590399411214
MINVOLSET,VENTALV,VENTTUBE,0.9189590399411214
MINVOLSET,VENTALV,VENTTUBE,0.9189590399411214
MINVOLSET,ARTCO2,VENTALV,0.7344265105969975
MINVOLSET,ARTCO2,VENTALV,0.7344265105969975
MINVOLSET,ARTCO2,VENTALV,0.7344265105969975
MINVOLSET,ARTCO2,VENTALV,0.7344265105969975
MINVOLSET,ARTCO2,VENTALV,0.7344265105969975
MINVOLSET,CATECHOL,SAO2,0.6049957789359699
MINVOLSET,CATECHOL,SAO2,0.6049957789359699
MINVOLSET,HR,SAO2,0.25034624524361315
MINVOLSET,HR,SAO2,0.25034624524361315
MINVOLSET,CO,HRSAT,0.2419700432265584
MINVOLSET,BP,SAO2,0.972005798997293
MINVOLSET,BP,SAO2,0.972005798997293
VENTMACH,VENTTUBE,MINVOLSET,0.0
VENTMACH,VENTTUBE,MINVOLSET,0.0
VENTMACH,VENTTUBE,MINVOLSET,0.0
VENTMACH,VENTTUBE,MINVOLSET,0.0
VENTMACH,VENTTUBE,MINVOLSET,0.0
VENTMACH,VENTTUBE,MINVOLSET,0.0
VENTMACH,VENTTUBE,MINVOLSET,0.0
VENTMACH,VENTTUBE,MINVOLSET,0.0
VENTMACH,VENTTUBE,MINVOLSET,0.0
VENTMACH,VENTTUBE,MINVOLSET,0.0
VENTMACH,VENTTUBE,MINVOLSET,0.0
VENTMACH,VENTTUBE,MINVOLSET,0.0
VENTMACH,VENTTUBE,MINVOLSET,0.0
VENTMACH,VENTTUBE,MINVOLSET,0.0
VENTMACH,VENTTUBE,MINVOLSET,0.0
VENTMACH,VENTTUBE,MINVOLSET,0.0
VENTMACH,VENTLUNG,MINVOLSET,1.3933846806442475e-196
VENTMACH,VENTLUNG,MINVOLSET,1.3933846806442475e-196
VENTMACH,VENTLUNG,MINVOLSET,1.3933846806442475e-196
VENTMACH,VENTLUNG,MINVOLSET,1.3933846806442475e-196
VENTMACH,VENTLUNG,MINVOLSET,1.3933846806442475e-196
VENTMACH,VENTLUNG,MINVOLSET,1.3933846806442475e-196
VENTMACH,VENTLUNG,MINVOLSET,1.3933846806442475e-196
VENTMACH,VENTLUNG,MINVOLSET,1.3933846806442475e-196
VENTMACH,VENTLUNG,MINVOLSET,1.3933846806442475e-196
VENTMACH,VENTLUNG,MINVOLSET,1.3933846806442475e-196
VENTMACH,VENTLUNG,MINVOLSET,1.3933846806442475e-196
VENTMACH,VENTLUNG,MINVOLSET,1.3933846806442475e-196
VENTMACH,VENTLUNG,MINVOLSET,1.3933846806442475e-196
VENTMACH,VENTLUNG,MINVOLSET,1.3933846806442475e-196
VENTMACH,VENTLUNG,MINVOLSET,1.3933846806442475e-196
VENTMACH,VENTLUNG,MINVOLSET,1.3933846806442475e-196
VENTMACH,VENTALV,VENTTUBE,0.4020718849293045
VENTMACH,VENTALV,VENTTUBE,0.4020718849293045
VENTMACH,VENTALV,VENTTUBE,0.4020718849293045
VENTMACH,VENTALV,VENTTUBE,0.4020718849293045
VENTMACH,VENTALV,VENTTUBE,0.4020718849293045
VENTMACH,VENTALV,VENTTUBE,0.4020718849293045
VENTMACH,VENTALV,VENTTUBE,0.4020718849293045
VENTMACH,VENTALV,VENTTUBE,0.4020718849293045
VENTMACH,VENTALV,VENTTUBE,0.4020718849293045
VENTMACH,VENTALV,VENTTUBE,0.4020718849293045
VENTMACH,ARTCO2,VENTALV,0.8051783749323455
VENTMACH,ARTCO2,VENTALV,0.8051783749323455
VENTMACH,ARTCO2,VENTALV,0.8051783749323455
VENTMACH,ARTCO2,VENTALV,0.8051783749323455
VENTMACH,ARTCO2,VENTALV,0.8051783749323455
VENTMACH,CATECHOL,VENTALV,0.1366226877671998
VENTMACH,CATECHOL,VENTALV,0.1366226877671998
VENTMACH,CATECHOL,VENTALV,0.1366226877671998
VENTMACH,CATECHOL,VENTALV,0.1366226877671998
VENTMACH,CATECHOL,VENTALV,0.1366226877671998
VENTMACH,HR,SAO2,0.18727750010563762
VENTMACH,HR,SAO2,0.18727750010563762
VENTMACH,CO,HRSAT,0.9105114397105919
VENTMACH,BP,SAO2,0.9665707223901266
VENTMACH,BP,SAO2,0.9665707223901266
VENTTUBE,VENTLUNG,MINVOLSET,0.0
VENTTUBE,VENTLUNG,MINVOLSET,0.0
VENTTUBE,VENTLUNG,MINVOLSET,0.0
VENTTUBE,VENTLUNG,MINVOLSET,0.0
VENTTUBE,VENTLUNG,MINVOLSET,0.0
VENTTUBE,VENTLUNG,MINVOLSET,0.0
VENTTUBE,VENTLUNG,MINVOLSET,0.0
VENTTUBE,VENTLUNG,MINVOLSET,0.0
VENTTUBE,VENTLUNG,MINVOLSET,0.0
VENTTUBE,VENTLUNG,MINVOLSET,0.0
VENTTUBE,VENTLUNG,MINVOLSET,0.0
VENTTUBE,VENTLUNG,MINVOLSET,0.0
VENTTUBE,VENTLUNG,MINVOLSET,0.0
VENTTUBE,VENTLUNG,MINVOLSET,0.0
VENTTUBE,VENTLUNG,MINVOLSET,0.0
VENTTUBE,VENTLUNG,MINVOLSET,0.0
VENTTUBE,VENTLUNG,MINVOLSET,0.0
VENTTUBE,VENTALV,MINVOLSET,0.0
VENTTUBE,VENTALV,MINVOLSET,0.0
VENTTUBE,VENTALV,MINVOLSET,0.0
VENTTUBE,VENTALV,MINVOLSET,0.0
VENTTUBE,VENTALV,MINVOLSET,0.0
VENTTUBE,VENTALV,MINVOLSET,0.0
VENTTUBE,VENTALV,MINVOLSET,0.0
VENTTUBE,VENTALV,MINVOLSET,0.0
VENTTUBE,VENTALV,MINVOLSET,0.0
VENTTUBE,VENTALV,MINVOLSET,0.0
VENTTUBE,VENTALV,MINVOLSET,0.0
VENTTUBE,VENTALV,MINVOLSET,0.0
VENTTUBE,VENTALV,MINVOLSET,0.0
VENTTUBE,VENTALV,MINVOLSET,0.0
VENTTUBE,VENTALV,MINVOLSET,0.0
VENTTUBE,VENTALV,MINVOLSET,0.0
VENTTUBE,VENTALV,MINVOLSET,0.0
VENTTUBE,ARTCO2,VENTALV,0.6078899155301072
VENTTUBE,ARTCO2,VENTALV,0.6078899155301072
VENTTUBE,ARTCO2,VENTALV,0.6078899155301072
VENTTUBE,ARTCO2,VENTALV,0.6078899155301072
VENTTUBE,ARTCO2,VENTALV,0.6078899155301072
VENTTUBE,CATECHOL,VENTALV,0.4243779033924576
VENTTUBE,CATECHOL,VENTALV,0.4243779033924576
VENTTUBE,CATECHOL,VENTALV,0.4243779033924576
VENTTUBE,CATECHOL,VENTALV,0.4243779033924576
VENTTUBE,CATECHOL,VENTALV,0.4243779033924576
VENTTUBE,HR,SAO2,0.06414415208559494
VENTTUBE,HR,SAO2,0.06414415208559494
VENTTUBE,CO,HRSAT,0.24020971033934926
VENTTUBE,BP,SAO2,0.5747637896145079
VENTTUBE,BP,SAO2,0.5747637896145079
VENTLUNG,VENTALV,MINVOLSET,0.0
VENTLUNG,VENTALV,MINVOLSET,0.0
VENTLUNG,VENTALV,MINVOLSET,0.0
VENTLUNG,VENTALV,MINVOLSET,0.0
VENTLUNG,VENTALV,MINVOLSET,0.0
VENTLUNG,VENTALV,MINVOLSET,0.0
VENTLUNG,VENTALV,MINVOLSET,0.0
VENTLUNG,VENTALV,MINVOLSET,0.0
VENTLUNG,VENTALV,MINVOLSET,0.0
VENTLUNG,VENTALV,MINVOLSET,0.0
VENTLUNG,VENTALV,MINVOLSET,0.0
VENTLUNG,VENTALV,MINVOLSET,0.0
VENTLUNG,VENTALV,MINVOLSET,0.0
VENTLUNG,VENTALV,MINVOLSET,0.0
VENTLUNG,VENTALV,MINVOLSET,0.0
VENTLUNG,VENTALV,MINVOLSET,0.0
VENTLUNG,VENTALV,MINVOLSET,0.0
VENTLUNG,VENTALV,MINVOLSET,0.0
VENTLUNG,VENTALV,MINVOLSET,0.0
VENTLUNG,VENTALV,MINVOLSET,0.0
VENTLUNG,ARTCO2,MINVOLSET,0.0
VENTLUNG,ARTCO2,MINVOLSET,0.0
VENTLUNG,ARTCO2,MINVOLSET,0.0
VENTLUNG,ARTCO2,MINVOLSET,0.0
VENTLUNG,ARTCO2,MINVOLSET,0.0
VENTLUNG,ARTCO2,MINVOLSET,0.0
VENTLUNG,ARTCO2,MINVOLSET,0.0
VENTLUNG,ARTCO2,MINVOLSET,0.0
VENTLUNG,ARTCO2,MINVOLSET,0.0
VENTLUNG,ARTCO2,MINVOLSET,0.0
VENTLUNG,ARTCO2,MINVOLSET,0.0
VENTLUNG,ARTCO2,MINVOLSET,0.0
VENTLUNG,ARTCO2,MINVOLSET,0.0
VENTLUNG,ARTCO2,MINVOLSET,0.0
VENTLUNG,ARTCO2,MINVOLSET,0.0
VENTLUNG,ARTCO2,MINVOLSET,0.0
VENTLUNG,ARTCO2,MINVOLSET,0.0
VENTLUNG,ARTCO2,MINVOLSET,0.0
VENTLUNG,ARTCO2,MINVOLSET,0.0
VENTLUNG,ARTCO2,MINVOLSET,0.0
VENTLUNG,CATECHOL,VENTALV,0.8741229598049439
VENTLUNG,CATECHOL,VENTALV,0.8741229598049439
VENTLUNG,CATECHOL,VENTALV,0.8741229598049439
VENTLUNG,CATECHOL,VENTALV,0.8741229598049439
VENTLUNG,CATECHOL,VENTALV,0.8741229598049439
VENTLUNG,CATECHOL,VENTALV,0.8741229598049439
VENTLUNG,HR,CATECHOL,0.24994218416786448
VENTLUNG,HR,CATECHOL,0.24994218416786448
VENTLUNG,HR,CATECHOL,0.24994218416786448
VENTLUNG,HR,CATECHOL,0.24994218416786448
VENTLUNG,HR,CATECHOL,0.24994218416786448
VENTLUNG,HR,CATECHOL,0.24994218416786448
VENTLUNG,HR,CATECHOL,0.24994218416786448
VENTLUNG,HR,CATECHOL,0.24994218416786448
VENTLUNG,HR,CATECHOL,0.24994218416786448
VENTLUNG,HR,CATECHOL,0.24994218416786448
VENTLUNG,CO,VENTALV,0.5667874995473796
VENTLUNG,CO,VENTALV,0.5667874995473796
VENTLUNG,CO,VENTALV,0.5667874995473796
VENTLUNG,CO,VENTALV,0.5667874995473796
VENTLUNG,CO,VENTALV,0.5667874995473796
VENTLUNG,CO,VENTALV,0.5667874995473796
VENTLUNG,BP,SAO2,0.24238608442342302
VENTLUNG,BP,SAO2,0.24238608442342302
VENTALV,ARTCO2,MINVOLSET,0.0
VENTALV,ARTCO2,MINVOLSET,0.0
VENTALV,ARTCO2,MINVOLSET,0.0
VENTALV,ARTCO2,MINVOLSET,0.0
VENTALV,ARTCO2,MINVOLSET,0.0
VENTALV,ARTCO2,MINVOLSET,0.0
VENTALV,ARTCO2,MINVOLSET,0.0
VENTALV,ARTCO2,MINVOLSET,0.0
VENTALV,ARTCO2,MINVOLSET,0.0
VENTALV,ARTCO2,MINVOLSET,0.0
VENTALV,ARTCO2,MINVOLSET,0.0
VENTALV,ARTCO2,MINVOLSET,0.0
VENTALV,ARTCO2,MINVOLSET,0.0
VENTALV,ARTCO2,MINVOLSET,0.0
VENTALV,ARTCO2,MINVOLSET,0.0
VENTALV,ARTCO2,MINVOLSET,0.0
VENTALV,ARTCO2,MINVOLSET,0.0
VENTALV,ARTCO2,MINVOLSET,0.0
VENTALV,ARTCO2,MINVOLSET,0.0
VENTALV,ARTCO2,MINVOLSET,0.0
VENTALV,CATECHOL,MINVOLSET,5.386153120886879e-241
VENTALV,CATECHOL,MINVOLSET,5.386153120886879e-241
VENTALV,CATECHOL,MINVOLSET,5.386153120886879e-241
VENTALV,CATECHOL,MINVOLSET,5.386153120886879e-241
VENTALV,CATECHOL,MINVOLSET,5.386153120886879e-241
VENTALV,CATECHOL,MINVOLSET,5.386153120886879e-241
VENTALV,CATECHOL,MINVOLSET,5.386153120886879e-241
VENTALV,CATECHOL,MINVOLSET,5.386153120886879e-241
VENTALV,CATECHOL,MINVOLSET,5.386153120886879e-241
VENTALV,CATECHOL,MINVOLSET,5.386153120886879e-241
VENTALV,CATECHOL,MINVOLSET,5.386153120886879e-241
VENTALV,CATECHOL,MINVOLSET,5.386153120886879e-241
VENTALV,CATECHOL,MINVOLSET,5.386153120886879e-241
VENTALV,CATECHOL,MINVOLSET,5.386153120886879e-241
VENTALV,CATECHOL,MINVOLSET,5.386153120886879e-241
VENTALV,CATECHOL,MINVOLSET,5.386153120886879e-241
VENTALV,CATECHOL,MINVOLSET,5.386153120886879e-241
VENTALV,CATECHOL,MINVOLSET,5.386153120886879e-241
VENTALV,CATECHOL,MINVOLSET,5.386153120886879e-241
VENTALV,CATECHOL,MINVOLSET,5.386153120886879e-241
VENTALV,HR,CATECHOL,0.2172760915277498
VENTALV,HR,CATECHOL,0.2172760915277498
VENTALV,HR,CATECHOL,0.2172760915277498
VENTALV,HR,CATECHOL,0.2172760915277498
VENTALV,HR,CATECHOL,0.2172760915277498
VENTALV,HR,CATECHOL,0.2172760915277498
VENTALV,HR,CATECHOL,0.2172760915277498
VENTALV,HR,CATECHOL,0.2172760915277498
VENTALV,HR,CATECHOL,0.2172760915277498
VENTALV,CO,CATECHOL,0.05749398724361372
VENTALV,CO,CATECHOL,0.05749398724361372
VENTALV,CO,CATECHOL,0.05749398724361372
VENTALV,CO,CATECHOL,0.05749398724361372
VENTALV,CO,CATECHOL,0.05749398724361372
VENTALV,CO,CATECHOL,0.05749398724361372
VENTALV,CO,CATECHOL,0.05749398724361372
VENTALV,CO,CATECHOL,0.05749398724361372
VENTALV,BP,SAO2,0.13454548140004344
VENTALV,BP,SAO2,0.13454548140004344
ARTCO2,CATECHOL,MINVOLSET,1.0639904879011597e-253
ARTCO2,CATECHOL,MINVOLSET,1.0639904879011597e-253
ARTCO2,CATECHOL,MINVOLSET,1.0639904879011597e-253
ARTCO2,CATECHOL,MINVOLSET,1.0639904879011597e-253
ARTCO2,CATECHOL,MINVOLSET,1.0639904879011597e-253
ARTCO2,CATECHOL,MINVOLSET,1.0639904879011597e-253
ARTCO2,CATECHOL,MINVOLSET,1.0639904879011597e-253
ARTCO2,CATECHOL,MINVOLSET,1.0639904879011597e-253
ARTCO2,CATECHOL,MINVOLSET,1.0639904879011597e-253
ARTCO2,CATECHOL,MINVOLSET,1.0639904879011597e-253
ARTCO2,CATECHOL,MINVOLSET,1.0639904879011597e-253
ARTCO2,CATECHOL,MINVOLSET,1.0639904879011597e-253
ARTCO2,CATECHOL,MINVOLSET,1.0639904879011597e-253
ARTCO2,CATECHOL,MINVOLSET,1.0639904879011597e-253
ARTCO2,CATECHOL,MINVOLSET,1.0639904879011597e-253
ARTCO2,CATECHOL,MINVOLSET,1.0639904879011597e-253
ARTCO2,CATECHOL,MINVOLSET,1.0639904879011597e-253
ARTCO2,CATECHOL,MINVOLSET,1.0639904879011597e-253
ARTCO2,CATECHOL,MINVOLSET,1.0639904879011597e-253
ARTCO2,CATECHOL,MINVOLSET,1.0639904879011597e-253
ARTCO2,CATECHOL,MINVOLSET,1.0639904879011597e-253
ARTCO2,CATECHOL,MINVOLSET,1.0639904879011597e-253
ARTCO2,HR,CATECHOL,0.0830086316967687
ARTCO2,HR,CATECHOL,0.0830086316967687
ARTCO2,HR,CATECHOL,0.0830086316967687
ARTCO2,HR,CATECHOL,0.0830086316967687
ARTCO2,HR,CATECHOL,0.0830086316967687
ARTCO2,HR,CATECHOL,0.0830086316967687
ARTCO2,HR,CATECHOL,0.0830086316967687
ARTCO2,HR,CATECHOL,0.0830086316967687
ARTCO2,HR,CATECHOL,0.0830086316967687
ARTCO2,HR,CATECHOL,0.0830086316967687
ARTCO2,CO,VENTALV,0.0741380470065552
ARTCO2,CO,VENTALV,0.0741380470065552
ARTCO2,CO,VENTALV,0.0741380470065552
ARTCO2,CO,VENTALV,0.0741380470065552
ARTCO2,CO,VENTALV,0.0741380470065552
ARTCO2,CO,VENTALV,0.0741380470065552
ARTCO2,BP,SAO2,0.1590758569317661
ARTCO2,BP,SAO2,0.1590758569317661
CATECHOL,HR,MINVOLSET,0.0
CATECHOL,HR,MINVOLSET,0.0
CATECHOL,HR,MINVOLSET,0.0
CATECHOL,HR,MINVOLSET,0.0
CATECHOL,HR,MINVOLSET,0.0
CATECHOL,HR,MINVOLSET,0.0
CATECHOL,HR,MINVOLSET,0.0
CATECHOL,HR,MINVOLSET,0.0
CATECHOL,HR,MINVOLSET,0.0
CATECHOL,HR,MINVOLSET,0.0
CATECHOL,HR,MINVOLSET,0.0
CATECHOL,HR,MINVOLSET,0.0
CATECHOL,HR,MINVOLSET,0.0
CATECHOL,HR,MINVOLSET,0.0
CATECHOL,HR,MINVOLSET,0.0
CATECHOL,HR,MINVOLSET,0.0
CATECHOL,HR,MINVOLSET,0.0
CATECHOL,HR,MINVOLSET,0.0
CATECHOL,HR,MINVOLSET,0.0
CATECHOL,HR,MINVOLSET,0.0
CATECHOL,CO,HR,0.3094688684984236
CATECHOL,CO,HR,0.3094688684984236
CATECHOL,CO,HR,0.3094688684984236
CATECHOL,CO,HR,0.3094688684984236
CATECHOL,CO,HR,0.3094688684984236
CATECHOL,CO,HR,0.3094688684984236
CATECHOL,CO,HR,0.3094688684984236
CATECHOL,CO,HR,0.3094688684984236
CATECHOL,CO,HR,0.3094688684984236
CATECHOL,CO,HR,0.3094688684984236
CATECHOL,CO,HR,0.3094688684984236
CATECHOL,CO,HR,0.3094688684984236
CATECHOL,CO,HR,0.3094688684984236
CATECHOL,CO,HR,0.3094688684984236
CATECHOL,CO,HR,0.3094688684984236
CATECHOL,CO,HR,0.3094688684984236
CATECHOL,CO,HR,0.3094688684984236
CATECHOL,CO,HR,0.3094688684984236
CATECHOL,BP,MINVOLSET,3.0365885392340175e-103
CATECHOL,BP,MINVOLSET,3.0365885392340175e-103
CATECHOL,BP,MINVOLSET,3.0365885392340175e-103
CATECHOL,BP,MINVOLSET,3.0365885392340175e-103
CATECHOL,BP,MINVOLSET,3.0365885392340175e-103
CATECHOL,BP,MINVOLSET,3.0365885392340175e-103
CATECHOL,BP,MINVOLSET,3.0365885392340175e-103
CATECHOL,BP,MINVOLSET,3.0365885392340175e-103
CATECHOL,BP,MINVOLSET,3.0365885392340175e-103
CATECHOL,BP,MINVOLSET,3.0365885392340175e-103
CATECHOL,BP,MINVOLSET,3.0365885392340175e-103
CATECHOL,BP,MINVOLSET,3.0365885392340175e-103
CATECHOL,BP,MINVOLSET,3.0365885392340175e-103
CATECHOL,BP,MINVOLSET,3.0365885392340175e-103
CATECHOL,BP,MINVOLSET,3.0365885392340175e-103
CATECHOL,BP,MINVOLSET,3.0365885392340175e-103
CATECHOL,BP,MINVOLSET,3.0365885392340175e-103
CATECHOL,BP,MINVOLSET,3.0365885392340175e-103
CATECHOL,BP,MINVOLSET,3.0365885392340175e-103
CATECHOL,BP,MINVOLSET,3.0365885392340175e-103
HR,CO,MINVOLSET,0.0
HR,CO,MINVOLSET,0.0
HR,CO,MINVOLSET,0.0
HR,CO,MINVOLSET,0.0
HR,CO,MINVOLSET,0.0
HR,CO,MINVOLSET,0.0
HR,CO,MINVOLSET,0.0
HR,CO,MINVOLSET,0.0
HR,CO,MINVOLSET,0.0
HR,CO,MINVOLSET,0.0
HR,CO,MINVOLSET,0.0
HR,CO,MINVOLSET,0.0
HR,CO,MINVOLSET,0.0
HR,CO,MINVOLSET,0.0
HR,CO,MINVOLSET,0.0
HR,CO,MINVOLSET,0.0
HR,CO,MINVOLSET,0.0
HR,CO,MINVOLSET,0.0
HR,CO,MINVOLSET,0.0
HR,BP,MINVOLSET,1.2646576744680063e-136
HR,BP,MINVOLSET,1.2646576744680063e-136
HR,BP,MINVOLSET,1.2646576744680063e-136
HR,BP,MINVOLSET,1.2646576744680063e-136
HR,BP,MINVOLSET,1.2646576744680063e-136
HR,BP,MINVOLSET,1.2646576744680063e-136
HR,BP,MINVOLSET,1.2646576744680063e-136
HR,BP,MINVOLSET,1.2646576744680063e-136
HR,BP,MINVOLSET,1.2646576744680063e-136
HR,BP,MINVOLSET,1.2646576744680063e-136
HR,BP,MINVOLSET,1.2646576744680063e-136
HR,BP,MINVOLSET,1.2646576744680063e-136
HR,BP,MINVOLSET,1.2646576744680063e-136
HR,BP,MINVOLSET,1.2646576744680063e-136
HR,BP,MINVOLSET,1.2646576744680063e-136
HR,BP,MINVOLSET,1.2646576744680063e-136
HR,BP,MINVOLSET,1.2646576744680063e-136
HR,BP,MINVOLSET,1.2646576744680063e-136
HR,BP,MINVOLSET,1.2646576744680063e-136
CO,BP,MINVOLSET,0.0
CO,BP,MINVOLSET,0.0
CO,BP,MINVOLSET,0.0
CO,BP,MINVOLSET,0.0
CO,BP,MINVOLSET,0.0
CO,BP,MINVOLSET,0.0
CO,BP,MINVOLSET,0.0
CO,BP,MINVOLSET,0.0
CO,BP,MINVOLSET,0.0
CO,BP,MINVOLSET,0.0
CO,BP,MINVOLSET,0.0
CO,BP,MINVOLSET,0.0
CO,BP,MINVOLSET,0.0
CO,BP,MINVOLSET,0.0
CO,BP,MINVOLSET,0.0
CO,BP,MINVOLSET,0.0
CO,BP,MINVOLSET,0.0
CO,BP,MINVOLSET,0.0
CO,BP,MINVOLSET,0.0
CO,BP,MINVOLSET,0.0
CO,BP,MINVOLSET,0.0
CO,BP,MINVOLSET,0.0
CO,BP,MINVOLSET,0.0
CO,BP,MINVOLSET,0.0
CO,BP,MINVOLSET,0.0
LVEDVOLUME,LVFAILURE,"CVP,STROKEVOLUME",2.5283529807673058e-87
LVEDVOLUME,LVFAILURE,"CVP,STROKEVOLUME",2.5283529807673058e-87
LVEDVOLUME,LVFAILURE,"CVP,STROKEVOLUME",2.5283529807673058e-87
LVEDVOLUME,LVFAILURE,"CVP,STROKEVOLUME",2.5283529807673058e-87
LVEDVOLUME,LVFAILURE,"CVP,STROKEVOLUME",2.5283529807673058e-87
LVEDVOLUME,LVFAILURE,"CVP,STROKEVOLUME",2.5283529807673058e-87
LVEDVOLUME,STROKEVOLUME,"HYPOVOLEMIA,LVFAILURE",0.06433341944595157
LVEDVOLUME,STROKEVOLUME,"HYPOVOLEMIA,LVFAILURE",0.06433341944595157
LVEDVOLUME,STROKEVOLUME,"HYPOVOLEMIA,LVFAILURE",0.06433341944595157
LVEDVOLUME,STROKEVOLUME,"HYPOVOLEMIA,LVFAILURE",0.06433341944595157
LVFAILURE,STROKEVOLUME,"HISTORY,LVEDVOLUME",1.7483843867195265e-55
STROKEVOLUME,CO,"HYPOVOLEMIA,LVFAILURE",0.0
STROKEVOLUME,CO,"HYPOVOLEMIA,LVFAILURE",0.0
STROKEVOLUME,CO,"HYPOVOLEMIA,LVFAILURE",0.0
STROKEVOLUME,CO,"HYPOVOLEMIA,LVFAILURE",0.0
STROKEVOLUME,CO,"HYPOVOLEMIA,LVFAILURE",0.0
STROKEVOLUME,CO,"HYPOVOLEMIA,LVFAILURE",0.0
STROKEVOLUME,BP,"CO,LVFAILURE",0.00013208255799060267
STROKEVOLUME,BP,"CO,LVFAILURE",0.00013208255799060267
STROKEVOLUME,BP,"CO,LVFAILURE",0.00013208255799060267
STROKEVOLUME,BP,"CO,LVFAILURE",0.00013208255799060267
STROKEVOLUME,BP,"CO,LVFAILURE",0.00013208255799060267
STROKEVOLUME,BP,"CO,LVFAILURE",0.00013208255799060267
HREKG,ERRCAUTER,"HR,HRSAT",4.327254238708364e-188
HREKG,HRSAT,"ERRCAUTER,HR",0.01180099693544881
HREKG,HR,"ERRCAUTER,HRSAT",0.0
HRSAT,HR,"ERRCAUTER,HREKG",6.703091570376914e-297
TPR,CATECHOL,"ANAPHYLAXIS,BP",0.0
TPR,BP,"ANAPHYLAXIS,CATECHOL",0.0
EXPCO2,KINKEDTUBE,"INTUBATION,VENTALV",0.0677302893175845
EXPCO2,KINKEDTUBE,"INTUBATION,VENTALV",0.0677302893175845
EXPCO2,KINKEDTUBE,"INTUBATION,VENTALV",0.0677302893175845
EXPCO2,KINKEDTUBE,"INTUBATION,VENTALV",0.0677302893175845
EXPCO2,KINKEDTUBE,"INTUBATION,VENTALV",0.0677302893175845
EXPCO2,KINKEDTUBE,"INTUBATION,VENTALV",0.0677302893175845
EXPCO2,KINKEDTUBE,"INTUBATION,VENTALV",0.0677302893175845
EXPCO2,KINKEDTUBE,"INTUBATION,VENTALV",0.0677302893175845
EXPCO2,KINKEDTUBE,"INTUBATION,VENTALV",0.0677302893175845
EXPCO2,KINKEDTUBE,"INTUBATION,VENTALV",0.0677302893175845
EXPCO2,KINKEDTUBE,"INTUBATION,VENTALV",0.0677302893175845
EXPCO2,KINKEDTUBE,"INTUBATION,VENTALV",0.0677302893175845
EXPCO2,KINKEDTUBE,"INTUBATION,VENTALV",0.0677302893175845
EXPCO2,KINKEDTUBE,"INTUBATION,VENTALV",0.0677302893175845
EXPCO2,KINKEDTUBE,"INTUBATION,VENTALV",0.0677302893175845
EXPCO2,KINKEDTUBE,"INTUBATION,VENTALV",0.0677302893175845
EXPCO2,MINVOL,"VENTALV,VENTLUNG",0.15198661529370694
EXPCO2,MINVOL,"VENTALV,VENTLUNG",0.15198661529370694
EXPCO2,MINVOL,"VENTALV,VENTLUNG",0.15198661529370694
EXPCO2,MINVOL,"VENTALV,VENTLUNG",0.15198661529370694
EXPCO2,MINVOL,"VENTALV,VENTLUNG",0.15198661529370694
EXPCO2,MINVOL,"VENTALV,VENTLUNG",0.15198661529370694
EXPCO2,MINVOL,"VENTALV,VENTLUNG",0.15198661529370694
EXPCO2,MINVOL,"VENTALV,VENTLUNG",0.15198661529370694
EXPCO2,MINVOL,"VENTALV,VENTLUNG",0.15198661529370694
EXPCO2,MINVOL,"VENTALV,VENTLUNG",0.15198661529370694
EXPCO2,MINVOL,"VENTALV,VENTLUNG",0.15198661529370694
EXPCO2,MINVOL,"VENTALV,VENTLUNG",0.15198661529370694
EXPCO2,MINVOL,"VENTALV,VENTLUNG",0.15198661529370694
EXPCO2,MINVOL,"VENTALV,VENTLUNG",0.15198661529370694
EXPCO2,MINVOL,"VENTALV,VENTLUNG",0.15198661529370694
EXPCO2,MINVOL,"VENTALV,VENTLUNG",0.15198661529370694
EXPCO2,MINVOL,"VENTALV,VENTLUNG",0.15198661529370694
EXPCO2,MINVOL,"VENTALV,VENTLUNG",0.15198661529370694
EXPCO2,MINVOL,"VENTALV,VENTLUNG",0.15198661529370694
EXPCO2,MINVOL,"VENTALV,VENTLUNG",0.15198661529370694
EXPCO2,MINVOL,"VENTALV,VENTLUNG",0.15198661529370694
EXPCO2,MINVOL,"VENTALV,VENTLUNG",0.15198661529370694
EXPCO2,MINVOL,"VENTALV,VENTLUNG",0.15198661529370694
EXPCO2,SAO2,"ARTCO2,VENTLUNG",0.07433048864871747
EXPCO2,SAO2,"ARTCO2,VENTLUNG",0.07433048864871747
EXPCO2,SAO2,"ARTCO2,VENTLUNG",0.07433048864871747
EXPCO2,SAO2,"ARTCO2,VENTLUNG",0.07433048864871747
EXPCO2,SAO2,"ARTCO2,VENTLUNG",0.07433048864871747
EXPCO2,SAO2,"ARTCO2,VENTLUNG",0.07433048864871747
EXPCO2,SAO2,"ARTCO2,VENTLUNG",0.07433048864871747
EXPCO2,SAO2,"ARTCO2,VENTLUNG",0.07433048864871747
EXPCO2,SAO2,"ARTCO2,VENTLUNG",0.07433048864871747
EXPCO2,SAO2,"ARTCO2,VENTLUNG",0.07433048864871747
EXPCO2,SAO2,"ARTCO2,VENTLUNG",0.07433048864871747
EXPCO2,SAO2,"ARTCO2,VENTLUNG",0.07433048864871747
EXPCO2,SAO2,"ARTCO2,VENTLUNG",0.07433048864871747
EXPCO2,SAO2,"ARTCO2,VENTLUNG",0.07433048864871747
EXPCO2,SAO2,"ARTCO2,VENTLUNG",0.07433048864871747
EXPCO2,SAO2,"ARTCO2,VENTLUNG",0.07433048864871747
EXPCO2,SAO2,"ARTCO2,VENTLUNG",0.07433048864871747
EXPCO2,SAO2,"ARTCO2,VENTLUNG",0.07433048864871747
EXPCO2,SAO2,"ARTCO2,VENTLUNG",0.07433048864871747
EXPCO2,SAO2,"ARTCO2,VENTLUNG",0.07433048864871747
EXPCO2,SAO2,"ARTCO2,VENTLUNG",0.07433048864871747
EXPCO2,SAO2,"ARTCO2,VENTLUNG",0.07433048864871747
EXPCO2,SAO2,"ARTCO2,VENTLUNG",0.07433048864871747
EXPCO2,SAO2,"ARTCO2,VENTLUNG",0.07433048864871747
EXPCO2,INTUBATION,"ARTCO2,VENTTUBE",0.0
EXPCO2,INTUBATION,"ARTCO2,VENTTUBE",0.0
EXPCO2,INTUBATION,"ARTCO2,VENTTUBE",0.0
EXPCO2,INTUBATION,"ARTCO2,VENTTUBE",0.0
EXPCO2,INTUBATION,"ARTCO2,VENTTUBE",0.0
EXPCO2,INTUBATION,"ARTCO2,VENTTUBE",0.0
EXPCO2,INTUBATION,"ARTCO2,VENTTUBE",0.0
EXPCO2,INTUBATION,"ARTCO2,VENTTUBE",0.0
EXPCO2,INTUBATION,"ARTCO2,VENTTUBE",0.0
EXPCO2,INTUBATION,"ARTCO2,VENTTUBE",0.0
EXPCO2,INTUBATION,"ARTCO2,VENTTUBE",0.0
EXPCO2,INTUBATION,"ARTCO2,VENTTUBE",0.0
EXPCO2,INTUBATION,"ARTCO2,VENTTUBE",0.0
EXPCO2,INTUBATION,"ARTCO2,VENTTUBE",0.0
EXPCO2,INTUBATION,"ARTCO2,VENTTUBE",0.0
EXPCO2,INTUBATION,"ARTCO2,VENTTUBE",0.0
EXPCO2,INTUBATION,"ARTCO2,VENTTUBE",0.0
EXPCO2,INTUBATION,"ARTCO2,VENTTUBE",0.0
EXPCO2,INTUBATION,"ARTCO2,VENTTUBE",0.0
EXPCO2,INTUBATION,"ARTCO2,VENTTUBE",0.0
EXPCO2,INTUBATION,"ARTCO2,VENTTUBE",0.0
EXPCO2,INTUBATION,"ARTCO2,VENTTUBE",0.0
EXPCO2,INTUBATION,"ARTCO2,VENTTUBE",0.0
EXPCO2,INTUBATION,"ARTCO2,VENTTUBE",0.0
EXPCO2,INTUBATION,"ARTCO2,VENTTUBE",0.0
EXPCO2,INTUBATION,"ARTCO2,VENTTUBE",0.0
EXPCO2,INTUBATION,"ARTCO2,VENTTUBE",0.0
EXPCO2,INTUBATION,"ARTCO2,VENTTUBE",0.0
EXPCO2,PRESS,"MINVOL,VENTLUNG",0.19524147190896632
EXPCO2,PRESS,"MINVOL,VENTLUNG",0.19524147190896632
EXPCO2,PRESS,"MINVOL,VENTLUNG",0.19524147190896632
EXPCO2,PRESS,"MINVOL,VENTLUNG",0.19524147190896632
EXPCO2,PRESS,"MINVOL,VENTLUNG",0.19524147190896632
EXPCO2,PRESS,"MINVOL,VENTLUNG",0.19524147190896632
EXPCO2,PRESS,"MINVOL,VENTLUNG",0.19524147190896632
EXPCO2,PRESS,"MINVOL,VENTLUNG",0.19524147190896632
EXPCO2,PRESS,"MINVOL,VENTLUNG",0.19524147190896632
EXPCO2,PRESS,"MINVOL,VENTLUNG",0.19524147190896632
EXPCO2,VENTTUBE,"ARTCO2,VENTALV",2.101226761746709e-137
EXPCO2,VENTTUBE,"ARTCO2,VENTALV",2.101226761746709e-137
EXPCO2,VENTTUBE,"ARTCO2,VENTALV",2.101226761746709e-137
EXPCO2,VENTTUBE,"ARTCO2,VENTALV",2.101226761746709e-137
EXPCO2,VENTTUBE,"ARTCO2,VENTALV",2.101226761746709e-137
EXPCO2,VENTTUBE,"ARTCO2,VENTALV",2.101226761746709e-137
EXPCO2,VENTTUBE,"ARTCO2,VENTALV",2.101226761746709e-137
EXPCO2,VENTTUBE,"ARTCO2,VENTALV",2.101226761746709e-137
EXPCO2,VENTTUBE,"ARTCO2,VENTALV",2.101226761746709e-137
EXPCO2,VENTTUBE,"ARTCO2,VENTALV",2.101226761746709e-137
EXPCO2,VENTTUBE,"ARTCO2,VENTALV",2.101226761746709e-137
EXPCO2,VENTTUBE,"ARTCO2,VENTALV",2.101226761746709e-137
EXPCO2,VENTTUBE,"ARTCO2,VENTALV",2.101226761746709e-137
EXPCO2,VENTTUBE,"ARTCO2,VENTALV",2.101226761746709e-137
EXPCO2,VENTTUBE,"ARTCO2,VENTALV",2.101226761746709e-137
EXPCO2,VENTTUBE,"ARTCO2,VENTALV",2.101226761746709e-137
EXPCO2,VENTTUBE,"ARTCO2,VENTALV",2.101226761746709e-137
EXPCO2,VENTTUBE,"ARTCO2,VENTALV",2.101226761746709e-137
EXPCO2,VENTTUBE,"ARTCO2,VENTALV",2.101226761746709e-137
EXPCO2,VENTTUBE,"ARTCO2,VENTALV",2.101226761746709e-137
EXPCO2,VENTTUBE,"ARTCO2,VENTALV",2.101226761746709e-137
EXPCO2,VENTTUBE,"ARTCO2,VENTALV",2.101226761746709e-137
EXPCO2,VENTTUBE,"ARTCO2,VENTALV",2.101226761746709e-137
EXPCO2,VENTTUBE,"ARTCO2,VENTALV",2.101226761746709e-137
EXPCO2,VENTTUBE,"ARTCO2,VENTALV",2.101226761746709e-137
EXPCO2,VENTTUBE,"ARTCO2,VENTALV",2.101226761746709e-137
EXPCO2,VENTTUBE,"ARTCO2,VENTALV",2.101226761746709e-137
EXPCO2,VENTTUBE,"ARTCO2,VENTALV",2.101226761746709e-137
EXPCO2,VENTLUNG,"ARTCO2,VENTTUBE",0.0
EXPCO2,VENTLUNG,"ARTCO2,VENTTUBE",0.0
EXPCO2,VENTLUNG,"ARTCO2,VENTTUBE",0.0
EXPCO2,VENTLUNG,"ARTCO2,VENTTUBE",0.0
EXPCO2,VENTLUNG,"ARTCO2,VENTTUBE",0.0
EXPCO2,VENTLUNG,"ARTCO2,VENTTUBE",0.0
EXPCO2,VENTLUNG,"ARTCO2,VENTTUBE",0.0
EXPCO2,VENTLUNG,"ARTCO2,VENTTUBE",0.0
EXPCO2,VENTLUNG,"ARTCO2,VENTTUBE",0.0
EXPCO2,VENTLUNG,"ARTCO2,VENTTUBE",0.0
EXPCO2,VENTLUNG,"ARTCO2,VENTTUBE",0.0
EXPCO2,VENTLUNG,"ARTCO2,VENTTUBE",0.0
EXPCO2,VENTLUNG,"ARTCO2,VENTTUBE",0.0
EXPCO2,VENTLUNG,"ARTCO2,VENTTUBE",0.0
EXPCO2,VENTLUNG,"ARTCO2,VENTTUBE",0.0
EXPCO2,VENTLUNG,"ARTCO2,VENTTUBE",0.0
EXPCO2,VENTLUNG,"ARTCO2,VENTTUBE",0.0
EXPCO2,VENTLUNG,"ARTCO2,VENTTUBE",0.0
EXPCO2,VENTLUNG,"ARTCO2,VENTTUBE",0.0
EXPCO2,VENTLUNG,"ARTCO2,VENTTUBE",0.0
EXPCO2,VENTLUNG,"ARTCO2,VENTTUBE",0.0
EXPCO2,VENTLUNG,"ARTCO2,VENTTUBE",0.0
EXPCO2,VENTLUNG,"ARTCO2,VENTTUBE",0.0
EXPCO2,VENTLUNG,"ARTCO2,VENTTUBE",0.0
EXPCO2,VENTLUNG,"ARTCO2,VENTTUBE",0.0
EXPCO2,VENTLUNG,"ARTCO2,VENTTUBE",0.0
EXPCO2,VENTLUNG,"ARTCO2,VENTTUBE",0.0
EXPCO2,VENTLUNG,"ARTCO2,VENTTUBE",0.0
EXPCO2,VENTALV,"ARTCO2,VENTTUBE",0.0
EXPCO2,VENTALV,"ARTCO2,VENTTUBE",0.0
EXPCO2,VENTALV,"ARTCO2,VENTTUBE",0.0
EXPCO2,VENTALV,"ARTCO2,VENTTUBE",0.0
EXPCO2,VENTALV,"ARTCO2,VENTTUBE",0.0
EXPCO2,VENTALV,"ARTCO2,VENTTUBE",0.0
EXPCO2,VENTALV,"ARTCO2,VENTTUBE",0.0
EXPCO2,VENTALV,"ARTCO2,VENTTUBE",0.0
EXPCO2,VENTALV,"ARTCO2,VENTTUBE",0.0
EXPCO2,VENTALV,"ARTCO2,VENTTUBE",0.0
EXPCO2,VENTALV,"ARTCO2,VENTTUBE",0.0
EXPCO2,VENTALV,"ARTCO2,VENTTUBE",0.0
EXPCO2,VENTALV,"ARTCO2,VENTTUBE",0.0
EXPCO2,VENTALV,"ARTCO2,VENTTUBE",0.0
EXPCO2,VENTALV,"ARTCO2,VENTTUBE",0.0
EXPCO2,VENTALV,"ARTCO2,VENTTUBE",0.0
EXPCO2,VENTALV,"ARTCO2,VENTTUBE",0.0
EXPCO2,VENTALV,"ARTCO2,VENTTUBE",0.0
EXPCO2,VENTALV,"ARTCO2,VENTTUBE",0.0
EXPCO2,VENTALV,"ARTCO2,VENTTUBE",0.0
EXPCO2,VENTALV,"ARTCO2,VENTTUBE",0.0
EXPCO2,VENTALV,"ARTCO2,VENTTUBE",0.0
EXPCO2,VENTALV,"ARTCO2,VENTTUBE",0.0
EXPCO2,VENTALV,"ARTCO2,VENTTUBE",0.0
EXPCO2,VENTALV,"ARTCO2,VENTTUBE",0.0
EXPCO2,VENTALV,"ARTCO2,VENTTUBE",0.0
EXPCO2,VENTALV,"ARTCO2,VENTTUBE",0.0
EXPCO2,VENTALV,"ARTCO2,VENTTUBE",0.0
EXPCO2,ARTCO2,"VENTALV,VENTTUBE",2.725921119831876e-298
EXPCO2,ARTCO2,"VENTALV,VENTTUBE",2.725921119831876e-298
EXPCO2,ARTCO2,"VENTALV,VENTTUBE",2.725921119831876e-298
EXPCO2,ARTCO2,"VENTALV,VENTTUBE",2.725921119831876e-298
EXPCO2,ARTCO2,"VENTALV,VENTTUBE",2.725921119831876e-298
EXPCO2,ARTCO2,"VENTALV,VENTTUBE",2.725921119831876e-298
EXPCO2,ARTCO2,"VENTALV,VENTTUBE",2.725921119831876e-298
EXPCO2,ARTCO2,"VENTALV,VENTTUBE",2.725921119831876e-298
EXPCO2,ARTCO2,"VENTALV,VENTTUBE",2.725921119831876e-298
EXPCO2,ARTCO2,"VENTALV,VENTTUBE",2.725921119831876e-298
EXPCO2,ARTCO2,"VENTALV,VENTTUBE",2.725921119831876e-298
EXPCO2,ARTCO2,"VENTALV,VENTTUBE",2.725921119831876e-298
EXPCO2,ARTCO2,"VENTALV,VENTTUBE",2.725921119831876e-298
EXPCO2,ARTCO2,"VENTALV,VENTTUBE",2.725921119831876e-298
EXPCO2,ARTCO2,"VENTALV,VENTTUBE",2.725921119831876e-298
EXPCO2,ARTCO2,"VENTALV,VENTTUBE",2.725921119831876e-298
EXPCO2,ARTCO2,"VENTALV,VENTTUBE",2.725921119831876e-298
EXPCO2,ARTCO2,"VENTALV,VENTTUBE",2.725921119831876e-298
EXPCO2,ARTCO2,"VENTALV,VENTTUBE",2.725921119831876e-298
EXPCO2,ARTCO2,"VENTALV,VENTTUBE",2.725921119831876e-298
EXPCO2,ARTCO2,"VENTALV,VENTTUBE",2.725921119831876e-298
EXPCO2,ARTCO2,"VENTALV,VENTTUBE",2.725921119831876e-298
EXPCO2,ARTCO2,"VENTALV,VENTTUBE",2.725921119831876e-298
EXPCO2,ARTCO2,"VENTALV,VENTTUBE",2.725921119831876e-298
EXPCO2,ARTCO2,"VENTALV,VENTTUBE",2.725921119831876e-298
EXPCO2,ARTCO2,"VENTALV,VENTTUBE",2.725921119831876e-298
EXPCO2,ARTCO2,"VENTALV,VENTTUBE",2.725921119831876e-298
EXPCO2,ARTCO2,"VENTALV,VENTTUBE",2.725921119831876e-298
KINKEDTUBE,PRESS,"EXPCO2,VENTLUNG",3.7488769441924197e-72
KINKEDTUBE,VENTLUNG,"EXPCO2,PRESS",1.5710377952896608e-21
MINVOL,PVSAT,"VENTALV,VENTTUBE",0.0003543826345675991
MINVOL,PVSAT,"VENTALV,VENTTUBE",0.0003543826345675991
MINVOL,PVSAT,"VENTALV,VENTTUBE",0.0003543826345675991
MINVOL,PVSAT,"VENTALV,VENTTUBE",0.0003543826345675991
MINVOL,PVSAT,"VENTALV,VENTTUBE",0.0003543826345675991
MINVOL,PVSAT,"VENTALV,VENTTUBE",0.0003543826345675991
MINVOL,PVSAT,"VENTALV,VENTTUBE",0.0003543826345675991
MINVOL,PVSAT,"VENTALV,VENTTUBE",0.0003543826345675991
MINVOL,PVSAT,"VENTALV,VENTTUBE",0.0003543826345675991
MINVOL,PVSAT,"VENTALV,VENTTUBE",0.0003543826345675991
MINVOL,PVSAT,"VENTALV,VENTTUBE",0.0003543826345675991
MINVOL,PVSAT,"VENTALV,VENTTUBE",0.0003543826345675991
MINVOL,PVSAT,"VENTALV,VENTTUBE",0.0003543826345675991
MINVOL,PVSAT,"VENTALV,VENTTUBE",0.0003543826345675991
MINVOL,PVSAT,"VENTALV,VENTTUBE",0.0003543826345675991
MINVOL,INTUBATION,"PVSAT,VENTTUBE",0.0
MINVOL,INTUBATION,"PVSAT,VENTTUBE",0.0
MINVOL,INTUBATION,"PVSAT,VENTTUBE",0.0
MINVOL,INTUBATION,"PVSAT,VENTTUBE",0.0
MINVOL,INTUBATION,"PVSAT,VENTTUBE",0.0
MINVOL,INTUBATION,"PVSAT,VENTTUBE",0.0
MINVOL,INTUBATION,"PVSAT,VENTTUBE",0.0
MINVOL,INTUBATION,"PVSAT,VENTTUBE",0.0
MINVOL,INTUBATION,"PVSAT,VENTTUBE",0.0
MINVOL,INTUBATION,"PVSAT,VENTTUBE",0.0
MINVOL,INTUBATION,"PVSAT,VENTTUBE",0.0
MINVOL,INTUBATION,"PVSAT,VENTTUBE",0.0
MINVOL,INTUBATION,"PVSAT,VENTTUBE",0.0
MINVOL,INTUBATION,"PVSAT,VENTTUBE",0.0
MINVOL,INTUBATION,"PVSAT,VENTTUBE",0.0
MINVOL,PRESS,"INTUBATION,VENTLUNG",0.14964717638231276
MINVOL,PRESS,"INTUBATION,VENTLUNG",0.14964717638231276
MINVOL,PRESS,"INTUBATION,VENTLUNG",0.14964717638231276
MINVOL,PRESS,"INTUBATION,VENTLUNG",0.14964717638231276
MINVOL,PRESS,"INTUBATION,VENTLUNG",0.14964717638231276
MINVOL,PRESS,"INTUBATION,VENTLUNG",0.14964717638231276
MINVOL,VENTTUBE,"PVSAT,VENTALV",9.332372064216704e-107
MINVOL,VENTTUBE,"PVSAT,VENTALV",9.332372064216704e-107
MINVOL,VENTTUBE,"PVSAT,VENTALV",9.332372064216704e-107
MINVOL,VENTTUBE,"PVSAT,VENTALV",9.332372064216704e-107
MINVOL,VENTTUBE,"PVSAT,VENTALV",9.332372064216704e-107
MINVOL,VENTTUBE,"PVSAT,VENTALV",9.332372064216704e-107
MINVOL,VENTTUBE,"PVSAT,VENTALV",9.332372064216704e-107
MINVOL,VENTTUBE,"PVSAT,VENTALV",9.332372064216704e-107
MINVOL,VENTTUBE,"PVSAT,VENTALV",9.332372064216704e-107
MINVOL,VENTTUBE,"PVSAT,VENTALV",9.332372064216704e-107
MINVOL,VENTTUBE,"PVSAT,VENTALV",9.332372064216704e-107
MINVOL,VENTTUBE,"PVSAT,VENTALV",9.332372064216704e-107
MINVOL,VENTTUBE,"PVSAT,VENTALV",9.332372064216704e-107
MINVOL,VENTTUBE,"PVSAT,VENTALV",9.332372064216704e-107
MINVOL,VENTTUBE,"PVSAT,VENTALV",9.332372064216704e-107
MINVOL,VENTLUNG,"PVSAT,VENTTUBE",0.0
MINVOL,VENTLUNG,"PVSAT,VENTTUBE",0.0
MINVOL,VENTLUNG,"PVSAT,VENTTUBE",0.0
MINVOL,VENTLUNG,"PVSAT,VENTTUBE",0.0
MINVOL,VENTLUNG,"PVSAT,VENTTUBE",0.0
MINVOL,VENTLUNG,"PVSAT,VENTTUBE",0.0
MINVOL,VENTLUNG,"PVSAT,VENTTUBE",0.0
MINVOL,VENTLUNG,"PVSAT,VENTTUBE",0.0
MINVOL,VENTLUNG,"PVSAT,VENTTUBE",0.0
MINVOL,VENTLUNG,"PVSAT,VENTTUBE",0.0
MINVOL,VENTLUNG,"PVSAT,VENTTUBE",0.0
MINVOL,VENTLUNG,"PVSAT,VENTTUBE",0.0
MINVOL,VENTLUNG,"PVSAT,VENTTUBE",0.0
MINVOL,VENTLUNG,"PVSAT,VENTTUBE",0.0
MINVOL,VENTLUNG,"PVSAT,VENTTUBE",0.0
MINVOL,VENTALV,"PVSAT,VENTTUBE",0.0
MINVOL,VENTALV,"PVSAT,VENTTUBE",0.0
MINVOL,VENTALV,"PVSAT,VENTTUBE",0.0
MINVOL,VENTALV,"PVSAT,VENTTUBE",0.0
MINVOL,VENTALV,"PVSAT,VENTTUBE",0.0
MINVOL,VENTALV,"PVSAT,VENTTUBE",0.0
MINVOL,VENTALV,"PVSAT,VENTTUBE",0.0
MINVOL,VENTALV,"PVSAT,VENTTUBE",0.0
MINVOL,VENTALV,"PVSAT,VENTTUBE",0.0
MINVOL,VENTALV,"PVSAT,VENTTUBE",0.0
MINVOL,VENTALV,"PVSAT,VENTTUBE",0.0
MINVOL,VENTALV,"PVSAT,VENTTUBE",0.0
MINVOL,VENTALV,"PVSAT,VENTTUBE",0.0
MINVOL,VENTALV,"PVSAT,VENTTUBE",0.0
MINVOL,VENTALV,"PVSAT,VENTTUBE",0.0
PVSAT,SAO2,"CATECHOL,VENTTUBE",0.0
PVSAT,SAO2,"CATECHOL,VENTTUBE",0.0
PVSAT,SAO2,"CATECHOL,VENTTUBE",0.0
PVSAT,SAO2,"CATECHOL,VENTTUBE",0.0
PVSAT,SAO2,"CATECHOL,VENTTUBE",0.0
PVSAT,SAO2,"CATECHOL,VENTTUBE",0.0
PVSAT,SAO2,"CATECHOL,VENTTUBE",0.0
PVSAT,SAO2,"CATECHOL,VENTTUBE",0.0
PVSAT,SAO2,"CATECHOL,VENTTUBE",0.0
PVSAT,SAO2,"CATECHOL,VENTTUBE",0.0
PVSAT,SAO2,"CATECHOL,VENTTUBE",0.0
PVSAT,SAO2,"CATECHOL,VENTTUBE",0.0
PVSAT,SAO2,"CATECHOL,VENTTUBE",0.0
PVSAT,SAO2,"CATECHOL,VENTTUBE",0.0
PVSAT,SAO2,"CATECHOL,VENTTUBE",0.0
PVSAT,SAO2,"CATECHOL,VENTTUBE",0.0
PVSAT,SAO2,"CATECHOL,VENTTUBE",0.0
PVSAT,SAO2,"CATECHOL,VENTTUBE",0.0
PVSAT,SAO2,"CATECHOL,VENTTUBE",0.0
PVSAT,SAO2,"CATECHOL,VENTTUBE",0.0
PVSAT,SAO2,"CATECHOL,VENTTUBE",0.0
PVSAT,SAO2,"CATECHOL,VENTTUBE",0.0
PVSAT,SAO2,"CATECHOL,VENTTUBE",0.0
PVSAT,SAO2,"CATECHOL,VENTTUBE",0.0
PVSAT,SAO2,"CATECHOL,VENTTUBE",0.0
PVSAT,SAO2,"CATECHOL,VENTTUBE",0.0
PVSAT,SAO2,"CATECHOL,VENTTUBE",0.0
PVSAT,SAO2,"CATECHOL,VENTTUBE",0.0
PVSAT,INTUBATION,"CATECHOL,VENTTUBE",1.6124093320467532e-76
PVSAT,INTUBATION,"CATECHOL,VENTTUBE",1.6124093320467532e-76
PVSAT,INTUBATION,"CATECHOL,VENTTUBE",1.6124093320467532e-76
PVSAT,INTUBATION,"CATECHOL,VENTTUBE",1.6124093320467532e-76
PVSAT,INTUBATION,"CATECHOL,VENTTUBE",1.6124093320467532e-76
PVSAT,INTUBATION,"CATECHOL,VENTTUBE",1.6124093320467532e-76
PVSAT,INTUBATION,"CATECHOL,VENTTUBE",1.6124093320467532e-76
PVSAT,INTUBATION,"CATECHOL,VENTTUBE",1.6124093320467532e-76
PVSAT,INTUBATION,"CATECHOL,VENTTUBE",1.6124093320467532e-76
PVSAT,INTUBATION,"CATECHOL,VENTTUBE",1.6124093320467532e-76
PVSAT,INTUBATION,"CATECHOL,VENTTUBE",1.6124093320467532e-76
PVSAT,INTUBATION,"CATECHOL,VENTTUBE",1.6124093320467532e-76
PVSAT,INTUBATION,"CATECHOL,VENTTUBE",1.6124093320467532e-76
PVSAT,INTUBATION,"CATECHOL,VENTTUBE",1.6124093320467532e-76
PVSAT,INTUBATION,"CATECHOL,VENTTUBE",1.6124093320467532e-76
PVSAT,INTUBATION,"CATECHOL,VENTTUBE",1.6124093320467532e-76
PVSAT,INTUBATION,"CATECHOL,VENTTUBE",1.6124093320467532e-76
PVSAT,INTUBATION,"CATECHOL,VENTTUBE",1.6124093320467532e-76
PVSAT,INTUBATION,"CATECHOL,VENTTUBE",1.6124093320467532e-76
PVSAT,INTUBATION,"CATECHOL,VENTTUBE",1.6124093320467532e-76
PVSAT,INTUBATION,"CATECHOL,VENTTUBE",1.6124093320467532e-76
PVSAT,INTUBATION,"CATECHOL,VENTTUBE",1.6124093320467532e-76
PVSAT,INTUBATION,"CATECHOL,VENTTUBE",1.6124093320467532e-76
PVSAT,INTUBATION,"CATECHOL,VENTTUBE",1.6124093320467532e-76
PVSAT,INTUBATION,"CATECHOL,VENTTUBE",1.6124093320467532e-76
PVSAT,INTUBATION,"CATECHOL,VENTTUBE",1.6124093320467532e-76
PVSAT,INTUBATION,"CATECHOL,VENTTUBE",1.6124093320467532e-76
PVSAT,INTUBATION,"CATECHOL,VENTTUBE",1.6124093320467532e-76
PVSAT,VENTTUBE,"ARTCO2,CATECHOL",5.803554560395906e-79
PVSAT,VENTTUBE,"ARTCO2,CATECHOL",5.803554560395906e-79
PVSAT,VENTTUBE,"ARTCO2,CATECHOL",5.803554560395906e-79
PVSAT,VENTTUBE,"ARTCO2,CATECHOL",5.803554560395906e-79
PVSAT,VENTTUBE,"ARTCO2,CATECHOL",5.803554560395906e-79
PVSAT,VENTTUBE,"ARTCO2,CATECHOL",5.803554560395906e-79
PVSAT,VENTTUBE,"ARTCO2,CATECHOL",5.803554560395906e-79
PVSAT,VENTTUBE,"ARTCO2,CATECHOL",5.803554560395906e-79
PVSAT,VENTTUBE,"ARTCO2,CATECHOL",5.803554560395906e-79
PVSAT,VENTTUBE,"ARTCO2,CATECHOL",5.803554560395906e-79
PVSAT,VENTTUBE,"ARTCO2,CATECHOL",5.803554560395906e-79
PVSAT,VENTTUBE,"ARTCO2,CATECHOL",5.803554560395906e-79
PVSAT,VENTTUBE,"ARTCO2,CATECHOL",5.803554560395906e-79
PVSAT,VENTTUBE,"ARTCO2,CATECHOL",5.803554560395906e-79
PVSAT,VENTTUBE,"ARTCO2,CATECHOL",5.803554560395906e-79
PVSAT,VENTTUBE,"ARTCO2,CATECHOL",5.803554560395906e-79
PVSAT,VENTTUBE,"ARTCO2,CATECHOL",5.803554560395906e-79
PVSAT,VENTTUBE,"ARTCO2,CATECHOL",5.803554560395906e-79
PVSAT,VENTTUBE,"ARTCO2,CATECHOL",5.803554560395906e-79
PVSAT,VENTTUBE,"ARTCO2,CATECHOL",5.803554560395906e-79
PVSAT,VENTTUBE,"ARTCO2,CATECHOL",5.803554560395906e-79
PVSAT,VENTTUBE,"ARTCO2,CATECHOL",5.803554560395906e-79
PVSAT,VENTTUBE,"ARTCO2,CATECHOL",5.803554560395906e-79
PVSAT,VENTTUBE,"ARTCO2,CATECHOL",5.803554560395906e-79
PVSAT,VENTTUBE,"ARTCO2,CATECHOL",5.803554560395906e-79
PVSAT,VENTTUBE,"ARTCO2,CATECHOL",5.803554560395906e-79
PVSAT,VENTTUBE,"ARTCO2,CATECHOL",5.803554560395906e-79
PVSAT,VENTTUBE,"ARTCO2,CATECHOL",5.803554560395906e-79
PVSAT,VENTLUNG,"CATECHOL,VENTTUBE",0.0
PVSAT,VENTLUNG,"CATECHOL,VENTTUBE",0.0
PVSAT,VENTLUNG,"CATECHOL,VENTTUBE",0.0
PVSAT,VENTLUNG,"CATECHOL,VENTTUBE",0.0
PVSAT,VENTLUNG,"CATECHOL,VENTTUBE",0.0
PVSAT,VENTLUNG,"CATECHOL,VENTTUBE",0.0
PVSAT,VENTLUNG,"CATECHOL,VENTTUBE",0.0
PVSAT,VENTLUNG,"CATECHOL,VENTTUBE",0.0
PVSAT,VENTLUNG,"CATECHOL,VENTTUBE",0.0
PVSAT,VENTLUNG,"CATECHOL,VENTTUBE",0.0
PVSAT,VENTLUNG,"CATECHOL,VENTTUBE",0.0
PVSAT,VENTLUNG,"CATECHOL,VENTTUBE",0.0
PVSAT,VENTLUNG,"CATECHOL,VENTTUBE",0.0
PVSAT,VENTLUNG,"CATECHOL,VENTTUBE",0.0
PVSAT,VENTLUNG,"CATECHOL,VENTTUBE",0.0
PVSAT,VENTLUNG,"CATECHOL,VENTTUBE",0.0
PVSAT,VENTLUNG,"CATECHOL,VENTTUBE",0.0
PVSAT,VENTLUNG,"CATECHOL,VENTTUBE",0.0
PVSAT,VENTLUNG,"CATECHOL,VENTTUBE",0.0
PVSAT,VENTLUNG,"CATECHOL,VENTTUBE",0.0
PVSAT,VENTLUNG,"CATECHOL,VENTTUBE",0.0
PVSAT,VENTLUNG,"CATECHOL,VENTTUBE",0.0
PVSAT,VENTLUNG,"CATECHOL,VENTTUBE",0.0
PVSAT,VENTLUNG,"CATECHOL,VENTTUBE",0.0
PVSAT,VENTLUNG,"CATECHOL,VENTTUBE",0.0
PVSAT,VENTLUNG,"CATECHOL,VENTTUBE",0.0
PVSAT,VENTLUNG,"CATECHOL,VENTTUBE",0.0
PVSAT,VENTLUNG,"CATECHOL,VENTTUBE",0.0
PVSAT,VENTALV,"CATECHOL,VENTTUBE",0.0
PVSAT,VENTALV,"CATECHOL,VENTTUBE",0.0
PVSAT,VENTALV,"CATECHOL,VENTTUBE",0.0
PVSAT,VENTALV,"CATECHOL,VENTTUBE",0.0
PVSAT,VENTALV,"CATECHOL,VENTTUBE",0.0
PVSAT,VENTALV,"CATECHOL,VENTTUBE",0.0
PVSAT,VENTALV,"CATECHOL,VENTTUBE",0.0
PVSAT,VENTALV,"CATECHOL,VENTTUBE",0.0
PVSAT,VENTALV,"CATECHOL,VENTTUBE",0.0
PVSAT,VENTALV,"CATECHOL,VENTTUBE",0.0
PVSAT,VENTALV,"CATECHOL,VENTTUBE",0.0
PVSAT,VENTALV,"CATECHOL,VENTTUBE",0.0
PVSAT,VENTALV,"CATECHOL,VENTTUBE",0.0
PVSAT,VENTALV,"CATECHOL,VENTTUBE",0.0
PVSAT,VENTALV,"CATECHOL,VENTTUBE",0.0
PVSAT,VENTALV,"CATECHOL,VENTTUBE",0.0
PVSAT,VENTALV,"CATECHOL,VENTTUBE",0.0
PVSAT,VENTALV,"CATECHOL,VENTTUBE",0.0
PVSAT,VENTALV,"CATECHOL,VENTTUBE",0.0
PVSAT,VENTALV,"CATECHOL,VENTTUBE",0.0
PVSAT,VENTALV,"CATECHOL,VENTTUBE",0.0
PVSAT,VENTALV,"CATECHOL,VENTTUBE",0.0
PVSAT,VENTALV,"CATECHOL,VENTTUBE",0.0
PVSAT,VENTALV,"CATECHOL,VENTTUBE",0.0
PVSAT,VENTALV,"CATECHOL,VENTTUBE",0.0
PVSAT,VENTALV,"CATECHOL,VENTTUBE",0.0
PVSAT,VENTALV,"CATECHOL,VENTTUBE",0.0
PVSAT,VENTALV,"CATECHOL,VENTTUBE",0.0
PVSAT,ARTCO2,"CATECHOL,VENTTUBE",0.0
PVSAT,ARTCO2,"CATECHOL,VENTTUBE",0.0
PVSAT,ARTCO2,"CATECHOL,VENTTUBE",0.0
PVSAT,ARTCO2,"CATECHOL,VENTTUBE",0.0
PVSAT,ARTCO2,"CATECHOL,VENTTUBE",0.0
PVSAT,ARTCO2,"CATECHOL,VENTTUBE",0.0
PVSAT,ARTCO2,"CATECHOL,VENTTUBE",0.0
PVSAT,ARTCO2,"CATECHOL,VENTTUBE",0.0
PVSAT,ARTCO2,"CATECHOL,VENTTUBE",0.0
PVSAT,ARTCO2,"CATECHOL,VENTTUBE",0.0
PVSAT,ARTCO2,"CATECHOL,VENTTUBE",0.0
PVSAT,ARTCO2,"CATECHOL,VENTTUBE",0.0
PVSAT,ARTCO2,"CATECHOL,VENTTUBE",0.0
PVSAT,ARTCO2,"CATECHOL,VENTTUBE",0.0
PVSAT,ARTCO2,"CATECHOL,VENTTUBE",0.0
PVSAT,ARTCO2,"CATECHOL,VENTTUBE",0.0
PVSAT,ARTCO2,"CATECHOL,VENTTUBE",0.0
PVSAT,ARTCO2,"CATECHOL,VENTTUBE",0.0
PVSAT,ARTCO2,"CATECHOL,VENTTUBE",0.0
PVSAT,ARTCO2,"CATECHOL,VENTTUBE",0.0
PVSAT,ARTCO2,"CATECHOL,VENTTUBE",0.0
PVSAT,ARTCO2,"CATECHOL,VENTTUBE",0.0
PVSAT,ARTCO2,"CATECHOL,VENTTUBE",0.0
PVSAT,ARTCO2,"CATECHOL,VENTTUBE",0.0
PVSAT,ARTCO2,"CATECHOL,VENTTUBE",0.0
PVSAT,ARTCO2,"CATECHOL,VENTTUBE",0.0
PVSAT,ARTCO2,"CATECHOL,VENTTUBE",0.0
PVSAT,ARTCO2,"CATECHOL,VENTTUBE",0.0
PVSAT,CATECHOL,"SAO2,VENTALV",0.4944606061367388
PVSAT,CATECHOL,"SAO2,VENTALV",0.4944606061367388
PVSAT,CATECHOL,"SAO2,VENTALV",0.4944606061367388
PVSAT,CATECHOL,"SAO2,VENTALV",0.4944606061367388
PVSAT,CATECHOL,"SAO2,VENTALV",0.4944606061367388
PVSAT,CATECHOL,"SAO2,VENTALV",0.4944606061367388
PVSAT,CATECHOL,"SAO2,VENTALV",0.4944606061367388
PVSAT,CATECHOL,"SAO2,VENTALV",0.4944606061367388
PVSAT,CATECHOL,"SAO2,VENTALV",0.4944606061367388
PVSAT,CATECHOL,"SAO2,VENTALV",0.4944606061367388
PVSAT,CATECHOL,"SAO2,VENTALV",0.4944606061367388
SAO2,SHUNT,"CATECHOL,PVSAT",3.3135287438191426e-196
SAO2,SHUNT,"CATECHOL,PVSAT",3.3135287438191426e-196
SAO2,SHUNT,"CATECHOL,PVSAT",3.3135287438191426e-196
SAO2,SHUNT,"CATECHOL,PVSAT",3.3135287438191426e-196
SAO2,SHUNT,"CATECHOL,PVSAT",3.3135287438191426e-196
SAO2,SHUNT,"CATECHOL,PVSAT",3.3135287438191426e-196
SAO2,SHUNT,"CATECHOL,PVSAT",3.3135287438191426e-196
SAO2,SHUNT,"CATECHOL,PVSAT",3.3135287438191426e-196
SAO2,SHUNT,"CATECHOL,PVSAT",3.3135287438191426e-196
SAO2,SHUNT,"CATECHOL,PVSAT",3.3135287438191426e-196
SAO2,SHUNT,"CATECHOL,PVSAT",3.3135287438191426e-196
SAO2,SHUNT,"CATECHOL,PVSAT",3.3135287438191426e-196
SAO2,SHUNT,"CATECHOL,PVSAT",3.3135287438191426e-196
SAO2,SHUNT,"CATECHOL,PVSAT",3.3135287438191426e-196
SAO2,SHUNT,"CATECHOL,PVSAT",3.3135287438191426e-196
SAO2,INTUBATION,"CATECHOL,PVSAT",1.1987497516366498e-15
SAO2,INTUBATION,"CATECHOL,PVSAT",1.1987497516366498e-15
SAO2,INTUBATION,"CATECHOL,PVSAT",1.1987497516366498e-15
SAO2,INTUBATION,"CATECHOL,PVSAT",1.1987497516366498e-15
SAO2,INTUBATION,"CATECHOL,PVSAT",1.1987497516366498e-15
SAO2,INTUBATION,"CATECHOL,PVSAT",1.1987497516366498e-15
SAO2,INTUBATION,"CATECHOL,PVSAT",1.1987497516366498e-15
SAO2,INTUBATION,"CATECHOL,PVSAT",1.1987497516366498e-15
SAO2,INTUBATION,"CATECHOL,PVSAT",1.1987497516366498e-15
SAO2,INTUBATION,"CATECHOL,PVSAT",1.1987497516366498e-15
SAO2,INTUBATION,"CATECHOL,PVSAT",1.1987497516366498e-15
SAO2,INTUBATION,"CATECHOL,PVSAT",1.1987497516366498e-15
SAO2,INTUBATION,"CATECHOL,PVSAT",1.1987497516366498e-15
SAO2,INTUBATION,"CATECHOL,PVSAT",1.1987497516366498e-15
SAO2,INTUBATION,"CATECHOL,PVSAT",1.1987497516366498e-15
SAO2,VENTALV,"CATECHOL,PVSAT",8.70756493916023e-05
SAO2,VENTALV,"CATECHOL,PVSAT",8.70756493916023e-05
SAO2,VENTALV,"CATECHOL,PVSAT",8.70756493916023e-05
SAO2,VENTALV,"CATECHOL,PVSAT",8.70756493916023e-05
SAO2,VENTALV,"CATECHOL,PVSAT",8.70756493916023e-05
SAO2,VENTALV,"CATECHOL,PVSAT",8.70756493916023e-05
SAO2,VENTALV,"CATECHOL,PVSAT",8.70756493916023e-05
SAO2,VENTALV,"CATECHOL,PVSAT",8.70756493916023e-05
SAO2,VENTALV,"CATECHOL,PVSAT",8.70756493916023e-05
SAO2,VENTALV,"CATECHOL,PVSAT",8.70756493916023e-05
SAO2,VENTALV,"CATECHOL,PVSAT",8.70756493916023e-05
SAO2,VENTALV,"CATECHOL,PVSAT",8.70756493916023e-05
SAO2,VENTALV,"CATECHOL,PVSAT",8.70756493916023e-05
SAO2,VENTALV,"CATECHOL,PVSAT",8.70756493916023e-05
SAO2,VENTALV,"CATECHOL,PVSAT",8.70756493916023e-05
SAO2,ARTCO2,"INTUBATION,PVSAT",0.102173049672358
SAO2,ARTCO2,"INTUBATION,PVSAT",0.102173049672358
SAO2,ARTCO2,"INTUBATION,PVSAT",0.102173049672358
SAO2,ARTCO2,"INTUBATION,PVSAT",0.102173049672358
SAO2,ARTCO2,"INTUBATION,PVSAT",0.102173049672358
SAO2,ARTCO2,"INTUBATION,PVSAT",0.102173049672358
SAO2,ARTCO2,"INTUBATION,PVSAT",0.102173049672358
SAO2,ARTCO2,"INTUBATION,PVSAT",0.102173049672358
SAO2,ARTCO2,"INTUBATION,PVSAT",0.102173049672358
SAO2,CATECHOL,"ARTCO2,PVSAT",1.9603877450176198e-06
SAO2,CATECHOL,"ARTCO2,PVSAT",1.9603877450176198e-06
SAO2,CATECHOL,"ARTCO2,PVSAT",1.9603877450176198e-06
SAO2,CATECHOL,"ARTCO2,PVSAT",1.9603877450176198e-06
SAO2,CATECHOL,"ARTCO2,PVSAT",1.9603877450176198e-06
SAO2,CATECHOL,"ARTCO2,PVSAT",1.9603877450176198e-06
SAO2,CATECHOL,"ARTCO2,PVSAT",1.9603877450176198e-06
SAO2,CATECHOL,"ARTCO2,PVSAT",1.9603877450176198e-06
SAO2,CATECHOL,"ARTCO2,PVSAT",1.9603877450176198e-06
SAO2,CATECHOL,"ARTCO2,PVSAT",1.9603877450176198e-06
SAO2,CATECHOL,"ARTCO2,PVSAT",1.9603877450176198e-06
SAO2,CATECHOL,"ARTCO2,PVSAT",1.9603877450176198e-06
SAO2,CATECHOL,"ARTCO2,PVSAT",1.9603877450176198e-06
SAO2,CATECHOL,"ARTCO2,PVSAT",1.9603877450176198e-06
SAO2,CATECHOL,"ARTCO2,PVSAT",1.9603877450176198e-06
SHUNT,INTUBATION,"PULMEMBOLUS,SAO2",0.0
INTUBATION,PRESS,"PVSAT,SHUNT",4.8720386569717036e-102
INTUBATION,PRESS,"PVSAT,SHUNT",4.8720386569717036e-102
INTUBATION,PRESS,"PVSAT,SHUNT",4.8720386569717036e-102
INTUBATION,PRESS,"PVSAT,SHUNT",4.8720386569717036e-102
INTUBATION,PRESS,"PVSAT,SHUNT",4.8720386569717036e-102
INTUBATION,PRESS,"PVSAT,SHUNT",4.8720386569717036e-102
INTUBATION,PRESS,"PVSAT,SHUNT",4.8720386569717036e-102
INTUBATION,PRESS,"PVSAT,SHUNT",4.8720386569717036e-102
INTUBATION,PRESS,"PVSAT,SHUNT",4.8720386569717036e-102
INTUBATION,PRESS,"PVSAT,SHUNT",4.8720386569717036e-102
INTUBATION,PRESS,"PVSAT,SHUNT",4.8720386569717036e-102
INTUBATION,PRESS,"PVSAT,SHUNT",4.8720386569717036e-102
INTUBATION,PRESS,"PVSAT,SHUNT",4.8720386569717036e-102
INTUBATION,PRESS,"PVSAT,SHUNT",4.8720386569717036e-102
INTUBATION,PRESS,"PVSAT,SHUNT",4.8720386569717036e-102
INTUBATION,PRESS,"PVSAT,SHUNT",4.8720386569717036e-102
INTUBATION,PRESS,"PVSAT,SHUNT",4.8720386569717036e-102
INTUBATION,PRESS,"PVSAT,SHUNT",4.8720386569717036e-102
INTUBATION,PRESS,"PVSAT,SHUNT",4.8720386569717036e-102
INTUBATION,PRESS,"PVSAT,SHUNT",4.8720386569717036e-102
INTUBATION,PRESS,"PVSAT,SHUNT",4.8720386569717036e-102
INTUBATION,VENTLUNG,"PVSAT,SHUNT",1.0778540717479971e-250
INTUBATION,VENTLUNG,"PVSAT,SHUNT",1.0778540717479971e-250
INTUBATION,VENTLUNG,"PVSAT,SHUNT",1.0778540717479971e-250
INTUBATION,VENTLUNG,"PVSAT,SHUNT",1.0778540717479971e-250
INTUBATION,VENTLUNG,"PVSAT,SHUNT",1.0778540717479971e-250
INTUBATION,VENTLUNG,"PVSAT,SHUNT",1.0778540717479971e-250
INTUBATION,VENTLUNG,"PVSAT,SHUNT",1.0778540717479971e-250
INTUBATION,VENTLUNG,"PVSAT,SHUNT",1.0778540717479971e-250
INTUBATION,VENTLUNG,"PVSAT,SHUNT",1.0778540717479971e-250
INTUBATION,VENTLUNG,"PVSAT,SHUNT",1.0778540717479971e-250
INTUBATION,VENTLUNG,"PVSAT,SHUNT",1.0778540717479971e-250
INTUBATION,VENTLUNG,"PVSAT,SHUNT",1.0778540717479971e-250
INTUBATION,VENTLUNG,"PVSAT,SHUNT",1.0778540717479971e-250
INTUBATION,VENTLUNG,"PVSAT,SHUNT",1.0778540717479971e-250
INTUBATION,VENTLUNG,"PVSAT,SHUNT",1.0778540717479971e-250
INTUBATION,VENTLUNG,"PVSAT,SHUNT",1.0778540717479971e-250
INTUBATION,VENTLUNG,"PVSAT,SHUNT",1.0778540717479971e-250
INTUBATION,VENTLUNG,"PVSAT,SHUNT",1.0778540717479971e-250
INTUBATION,VENTLUNG,"PVSAT,SHUNT",1.0778540717479971e-250
INTUBATION,VENTLUNG,"PVSAT,SHUNT",1.0778540717479971e-250
INTUBATION,VENTLUNG,"PVSAT,SHUNT",1.0778540717479971e-250
INTUBATION,VENTALV,"PVSAT,SHUNT",0.0
INTUBATION,VENTALV,"PVSAT,SHUNT",0.0
INTUBATION,VENTALV,"PVSAT,SHUNT",0.0
INTUBATION,VENTALV,"PVSAT,SHUNT",0.0
INTUBATION,VENTALV,"PVSAT,SHUNT",0.0
INTUBATION,VENTALV,"PVSAT,SHUNT",0.0
INTUBATION,VENTALV,"PVSAT,SHUNT",0.0
INTUBATION,VENTALV,"PVSAT,SHUNT",0.0
INTUBATION,VENTALV,"PVSAT,SHUNT",0.0
INTUBATION,VENTALV,"PVSAT,SHUNT",0.0
INTUBATION,VENTALV,"PVSAT,SHUNT",0.0
INTUBATION,VENTALV,"PVSAT,SHUNT",0.0
INTUBATION,VENTALV,"PVSAT,SHUNT",0.0
INTUBATION,VENTALV,"PVSAT,SHUNT",0.0
INTUBATION,VENTALV,"PVSAT,SHUNT",0.0
INTUBATION,VENTALV,"PVSAT,SHUNT",0.0
INTUBATION,VENTALV,"PVSAT,SHUNT",0.0
INTUBATION,VENTALV,"PVSAT,SHUNT",0.0
INTUBATION,VENTALV,"PVSAT,SHUNT",0.0
INTUBATION,VENTALV,"PVSAT,SHUNT",0.0
INTUBATION,VENTALV,"PVSAT,SHUNT",0.0
PRESS,DISCONNECT,"EXPCO2,VENTTUBE",0.40574350550914823
PRESS,DISCONNECT,"EXPCO2,VENTTUBE",0.40574350550914823
PRESS,DISCONNECT,"EXPCO2,VENTTUBE",0.40574350550914823
PRESS,DISCONNECT,"EXPCO2,VENTTUBE",0.40574350550914823
PRESS,DISCONNECT,"EXPCO2,VENTTUBE",0.40574350550914823
PRESS,DISCONNECT,"EXPCO2,VENTTUBE",0.40574350550914823
PRESS,VENTTUBE,"DISCONNECT,VENTALV",0.0
PRESS,VENTTUBE,"DISCONNECT,VENTALV",0.0
PRESS,VENTTUBE,"DISCONNECT,VENTALV",0.0
PRESS,VENTTUBE,"DISCONNECT,VENTALV",0.0
PRESS,VENTTUBE,"DISCONNECT,VENTALV",0.0
PRESS,VENTTUBE,"DISCONNECT,VENTALV",0.0
PRESS,VENTTUBE,"DISCONNECT,VENTALV",0.0
PRESS,VENTTUBE,"DISCONNECT,VENTALV",0.0
PRESS,VENTTUBE,"DISCONNECT,VENTALV",0.0
PRESS,VENTTUBE,"DISCONNECT,VENTALV",0.0
PRESS,VENTTUBE,"DISCONNECT,VENTALV",0.0
PRESS,VENTTUBE,"DISCONNECT,VENTALV",0.0
PRESS,VENTTUBE,"DISCONNECT,VENTALV",0.0
PRESS,VENTTUBE,"DISCONNECT,VENTALV",0.0
PRESS,VENTTUBE,"DISCONNECT,VENTALV",0.0
PRESS,VENTTUBE,"DISCONNECT,VENTALV",0.0
PRESS,VENTTUBE,"DISCONNECT,VENTALV",0.0
PRESS,VENTTUBE,"DISCONNECT,VENTALV",0.0
PRESS,VENTTUBE,"DISCONNECT,VENTALV",0.0
PRESS,VENTTUBE,"DISCONNECT,VENTALV",0.0
PRESS,VENTTUBE,"DISCONNECT,VENTALV",0.0
PRESS,VENTLUNG,"DISCONNECT,VENTTUBE",2.2311216960430654e-171
PRESS,VENTLUNG,"DISCONNECT,VENTTUBE",2.2311216960430654e-171
PRESS,VENTLUNG,"DISCONNECT,VENTTUBE",2.2311216960430654e-171
PRESS,VENTLUNG,"DISCONNECT,VENTTUBE",2.2311216960430654e-171
PRESS,VENTLUNG,"DISCONNECT,VENTTUBE",2.2311216960430654e-171
PRESS,VENTLUNG,"DISCONNECT,VENTTUBE",2.2311216960430654e-171
PRESS,VENTLUNG,"DISCONNECT,VENTTUBE",2.2311216960430654e-171
PRESS,VENTLUNG,"DISCONNECT,VENTTUBE",2.2311216960430654e-171
PRESS,VENTLUNG,"DISCONNECT,VENTTUBE",2.2311216960430654e-171
PRESS,VENTLUNG,"DISCONNECT,VENTTUBE",2.2311216960430654e-171
PRESS,VENTLUNG,"DISCONNECT,VENTTUBE",2.2311216960430654e-171
PRESS,VENTLUNG,"DISCONNECT,VENTTUBE",2.2311216960430654e-171
PRESS,VENTLUNG,"DISCONNECT,VENTTUBE",2.2311216960430654e-171
PRESS,VENTLUNG,"DISCONNECT,VENTTUBE",2.2311216960430654e-171
PRESS,VENTLUNG,"DISCONNECT,VENTTUBE",2.2311216960430654e-171
PRESS,VENTLUNG,"DISCONNECT,VENTTUBE",2.2311216960430654e-171
PRESS,VENTLUNG,"DISCONNECT,VENTTUBE",2.2311216960430654e-171
PRESS,VENTLUNG,"DISCONNECT,VENTTUBE",2.2311216960430654e-171
PRESS,VENTLUNG,"DISCONNECT,VENTTUBE",2.2311216960430654e-171
PRESS,VENTLUNG,"DISCONNECT,VENTTUBE",2.2311216960430654e-171
PRESS,VENTLUNG,"DISCONNECT,VENTTUBE",2.2311216960430654e-171
PRESS,VENTALV,"DISCONNECT,VENTTUBE",4.019743039872655e-251
PRESS,VENTALV,"DISCONNECT,VENTTUBE",4.019743039872655e-251
PRESS,VENTALV,"DISCONNECT,VENTTUBE",4.019743039872655e-251
PRESS,VENTALV,"DISCONNECT,VENTTUBE",4.019743039872655e-251
PRESS,VENTALV,"DISCONNECT,VENTTUBE",4.019743039872655e-251
PRESS,VENTALV,"DISCONNECT,VENTTUBE",4.019743039872655e-251
PRESS,VENTALV,"DISCONNECT,VENTTUBE",4.019743039872655e-251
PRESS,VENTALV,"DISCONNECT,VENTTUBE",4.019743039872655e-251
PRESS,VENTALV,"DISCONNECT,VENTTUBE",4.019743039872655e-251
PRESS,VENTALV,"DISCONNECT,VENTTUBE",4.019743039872655e-251
PRESS,VENTALV,"DISCONNECT,VENTTUBE",4.019743039872655e-251
PRESS,VENTALV,"DISCONNECT,VENTTUBE",4.019743039872655e-251
PRESS,VENTALV,"DISCONNECT,VENTTUBE",4.019743039872655e-251
PRESS,VENTALV,"DISCONNECT,VENTTUBE",4.019743039872655e-251
PRESS,VENTALV,"DISCONNECT,VENTTUBE",4.019743039872655e-251
PRESS,VENTALV,"DISCONNECT,VENTTUBE",4.019743039872655e-251
PRESS,VENTALV,"DISCONNECT,VENTTUBE",4.019743039872655e-251
PRESS,VENTALV,"DISCONNECT,VENTTUBE",4.019743039872655e-251
PRESS,VENTALV,"DISCONNECT,VENTTUBE",4.019743039872655e-251
PRESS,VENTALV,"DISCONNECT,VENTTUBE",4.019743039872655e-251
PRESS,VENTALV,"DISCONNECT,VENTTUBE",4.019743039872655e-251
VENTMACH,VENTTUBE,"MINVOLSET,VENTLUNG",0.0
VENTMACH,VENTLUNG,"MINVOLSET,VENTTUBE",0.00046749998785058244
VENTTUBE,VENTLUNG,"DISCONNECT,VENTMACH",5.619775154449693e-293
VENTTUBE,VENTLUNG,"DISCONNECT,VENTMACH",5.619775154449693e-293
VENTTUBE,VENTLUNG,"DISCONNECT,VENTMACH",5.619775154449693e-293
VENTTUBE,VENTLUNG,"DISCONNECT,VENTMACH",5.619775154449693e-293
VENTTUBE,VENTLUNG,"DISCONNECT,VENTMACH",5.619775154449693e-293
VENTTUBE,VENTLUNG,"DISCONNECT,VENTMACH",5.619775154449693e-293
VENTTUBE,VENTLUNG,"DISCONNECT,VENTMACH",5.619775154449693e-293
VENTTUBE,VENTLUNG,"DISCONNECT,VENTMACH",5.619775154449693e-293
VENTTUBE,VENTLUNG,"DISCONNECT,VENTMACH",5.619775154449693e-293
VENTTUBE,VENTLUNG,"DISCONNECT,VENTMACH",5.619775154449693e-293
VENTTUBE,VENTLUNG,"DISCONNECT,VENTMACH",5.619775154449693e-293
VENTTUBE,VENTLUNG,"DISCONNECT,VENTMACH",5.619775154449693e-293
VENTTUBE,VENTLUNG,"DISCONNECT,VENTMACH",5.619775154449693e-293
VENTTUBE,VENTLUNG,"DISCONNECT,VENTMACH",5.619775154449693e-293
VENTTUBE,VENTLUNG,"DISCONNECT,VENTMACH",5.619775154449693e-293
VENTTUBE,VENTLUNG,"DISCONNECT,VENTMACH",5.619775154449693e-293
VENTTUBE,VENTLUNG,"DISCONNECT,VENTMACH",5.619775154449693e-293
VENTTUBE,VENTLUNG,"DISCONNECT,VENTMACH",5.619775154449693e-293
VENTTUBE,VENTLUNG,"DISCONNECT,VENTMACH",5.619775154449693e-293
VENTTUBE,VENTLUNG,"DISCONNECT,VENTMACH",5.619775154449693e-293
VENTTUBE,VENTLUNG,"DISCONNECT,VENTMACH",5.619775154449693e-293
VENTTUBE,VENTLUNG,"DISCONNECT,VENTMACH",5.619775154449693e-293
VENTTUBE,VENTLUNG,"DISCONNECT,VENTMACH",5.619775154449693e-293
VENTTUBE,VENTLUNG,"DISCONNECT,VENTMACH",5.619775154449693e-293
VENTTUBE,VENTLUNG,"DISCONNECT,VENTMACH",5.619775154449693e-293
VENTTUBE,VENTLUNG,"DISCONNECT,VENTMACH",5.619775154449693e-293
VENTTUBE,VENTLUNG,"DISCONNECT,VENTMACH",5.619775154449693e-293
VENTTUBE,VENTLUNG,"DISCONNECT,VENTMACH",5.619775154449693e-293
VENTTUBE,VENTALV,"DISCONNECT,VENTMACH",1.7121315211742012e-245
VENTTUBE,VENTALV,"DISCONNECT,VENTMACH",1.7121315211742012e-245
VENTTUBE,VENTALV,"DISCONNECT,VENTMACH",1.7121315211742012e-245
VENTTUBE,VENTALV,"DISCONNECT,VENTMACH",1.7121315211742012e-245
VENTTUBE,VENTALV,"DISCONNECT,VENTMACH",1.7121315211742012e-245
VENTTUBE,VENTALV,"DISCONNECT,VENTMACH",1.7121315211742012e-245
VENTTUBE,VENTALV,"DISCONNECT,VENTMACH",1.7121315211742012e-245
VENTTUBE,VENTALV,"DISCONNECT,VENTMACH",1.7121315211742012e-245
VENTTUBE,VENTALV,"DISCONNECT,VENTMACH",1.7121315211742012e-245
VENTTUBE,VENTALV,"DISCONNECT,VENTMACH",1.7121315211742012e-245
VENTTUBE,VENTALV,"DISCONNECT,VENTMACH",1.7121315211742012e-245
VENTTUBE,VENTALV,"DISCONNECT,VENTMACH",1.7121315211742012e-245
VENTTUBE,VENTALV,"DISCONNECT,VENTMACH",1.7121315211742012e-245
VENTTUBE,VENTALV,"DISCONNECT,VENTMACH",1.7121315211742012e-245
VENTTUBE,VENTALV,"DISCONNECT,VENTMACH",1.7121315211742012e-245
VENTTUBE,VENTALV,"DISCONNECT,VENTMACH",1.7121315211742012e-245
VENTTUBE,VENTALV,"DISCONNECT,VENTMACH",1.7121315211742012e-245
VENTTUBE,VENTALV,"DISCONNECT,VENTMACH",1.7121315211742012e-245
VENTTUBE,VENTALV,"DISCONNECT,VENTMACH",1.7121315211742012e-245
VENTTUBE,VENTALV,"DISCONNECT,VENTMACH",1.7121315211742012e-245
VENTTUBE,VENTALV,"DISCONNECT,VENTMACH",1.7121315211742012e-245
VENTTUBE,VENTALV,"DISCONNECT,VENTMACH",1.7121315211742012e-245
VENTTUBE,VENTALV,"DISCONNECT,VENTMACH",1.7121315211742012e-245
VENTTUBE,VENTALV,"DISCONNECT,VENTMACH",1.7121315211742012e-245
VENTTUBE,VENTALV,"DISCONNECT,VENTMACH",1.7121315211742012e-245
VENTTUBE,VENTALV,"DISCONNECT,VENTMACH",1.7121315211742012e-245
VENTTUBE,VENTALV,"DISCONNECT,VENTMACH",1.7121315211742012e-245
VENTTUBE,VENTALV,"DISCONNECT,VENTMACH",1.7121315211742012e-245
VENTLUNG,VENTALV,"PVSAT,VENTMACH",0.0
VENTLUNG,VENTALV,"PVSAT,VENTMACH",0.0
VENTLUNG,VENTALV,"PVSAT,VENTMACH",0.0
VENTLUNG,VENTALV,"PVSAT,VENTMACH",0.0
VENTLUNG,VENTALV,"PVSAT,VENTMACH",0.0
VENTLUNG,VENTALV,"PVSAT,VENTMACH",0.0
VENTLUNG,VENTALV,"PVSAT,VENTMACH",0.0
VENTLUNG,VENTALV,"PVSAT,VENTMACH",0.0
VENTLUNG,VENTALV,"PVSAT,VENTMACH",0.0
VENTLUNG,VENTALV,"PVSAT,VENTMACH",0.0
VENTLUNG,VENTALV,"PVSAT,VENTMACH",0.0
VENTLUNG,VENTALV,"PVSAT,VENTMACH",0.0
VENTLUNG,VENTALV,"PVSAT,VENTMACH",0.0
VENTLUNG,VENTALV,"PVSAT,VENTMACH",0.0
VENTLUNG,VENTALV,"PVSAT,VENTMACH",0.0
VENTLUNG,VENTALV,"PVSAT,VENTMACH",0.0
VENTLUNG,VENTALV,"PVSAT,VENTMACH",0.0
VENTLUNG,VENTALV,"PVSAT,VENTMACH",0.0
VENTLUNG,VENTALV,"PVSAT,VENTMACH",0.0
VENTLUNG,VENTALV,"PVSAT,VENTMACH",0.0
VENTLUNG,VENTALV,"PVSAT,VENTMACH",0.0
VENTLUNG,VENTALV,"PVSAT,VENTMACH",0.0
VENTLUNG,VENTALV,"PVSAT,VENTMACH",0.0
VENTLUNG,VENTALV,"PVSAT,VENTMACH",0.0
VENTLUNG,VENTALV,"PVSAT,VENTMACH",0.0
VENTLUNG,VENTALV,"PVSAT,VENTMACH",0.0
VENTLUNG,VENTALV,"PVSAT,VENTMACH",0.0
VENTLUNG,VENTALV,"PVSAT,VENTMACH",0.0
VENTLUNG,VENTALV,"PVSAT,VENTMACH",0.0
VENTLUNG,VENTALV,"PVSAT,VENTMACH",0.0
VENTLUNG,VENTALV,"PVSAT,VENTMACH",0.0
VENTLUNG,VENTALV,"PVSAT,VENTMACH",0.0
VENTLUNG,VENTALV,"PVSAT,VENTMACH",0.0
VENTLUNG,VENTALV,"PVSAT,VENTMACH",0.0
VENTLUNG,VENTALV,"PVSAT,VENTMACH",0.0
VENTLUNG,VENTALV,"PVSAT,VENTMACH",0.0
VENTLUNG,ARTCO2,"PVSAT,VENTALV",0.054349453480037904
VENTLUNG,ARTCO2,"PVSAT,VENTALV",0.054349453480037904
VENTLUNG,ARTCO2,"PVSAT,VENTALV",0.054349453480037904
VENTLUNG,ARTCO2,"PVSAT,VENTALV",0.054349453480037904
VENTLUNG,ARTCO2,"PVSAT,VENTALV",0.054349453480037904
VENTLUNG,ARTCO2,"PVSAT,VENTALV",0.054349453480037904
VENTLUNG,ARTCO2,"PVSAT,VENTALV",0.054349453480037904
VENTLUNG,ARTCO2,"PVSAT,VENTALV",0.054349453480037904
VENTLUNG,ARTCO2,"PVSAT,VENTALV",0.054349453480037904
VENTLUNG,ARTCO2,"PVSAT,VENTALV",0.054349453480037904
VENTLUNG,ARTCO2,"PVSAT,VENTALV",0.054349453480037904
VENTLUNG,ARTCO2,"PVSAT,VENTALV",0.054349453480037904
VENTLUNG,ARTCO2,"PVSAT,VENTALV",0.054349453480037904
VENTLUNG,ARTCO2,"PVSAT,VENTALV",0.054349453480037904
VENTLUNG,ARTCO2,"PVSAT,VENTALV",0.054349453480037904
VENTLUNG,ARTCO2,"PVSAT,VENTALV",0.054349453480037904
VENTLUNG,ARTCO2,"PVSAT,VENTALV",0.054349453480037904
VENTLUNG,ARTCO2,"PVSAT,VENTALV",0.054349453480037904
VENTLUNG,ARTCO2,"PVSAT,VENTALV",0.054349453480037904
VENTLUNG,ARTCO2,"PVSAT,VENTALV",0.054349453480037904
VENTLUNG,ARTCO2,"PVSAT,VENTALV",0.054349453480037904
VENTLUNG,ARTCO2,"PVSAT,VENTALV",0.054349453480037904
VENTLUNG,ARTCO2,"PVSAT,VENTALV",0.054349453480037904
VENTLUNG,ARTCO2,"PVSAT,VENTALV",0.054349453480037904
VENTLUNG,ARTCO2,"PVSAT,VENTALV",0.054349453480037904
VENTLUNG,ARTCO2,"PVSAT,VENTALV",0.054349453480037904
VENTLUNG,ARTCO2,"PVSAT,VENTALV",0.054349453480037904
VENTLUNG,ARTCO2,"PVSAT,VENTALV",0.054349453480037904
VENTLUNG,ARTCO2,"PVSAT,VENTALV",0.054349453480037904
VENTLUNG,ARTCO2,"PVSAT,VENTALV",0.054349453480037904
VENTLUNG,ARTCO2,"PVSAT,VENTALV",0.054349453480037904
VENTLUNG,ARTCO2,"PVSAT,VENTALV",0.054349453480037904
VENTLUNG,ARTCO2,"PVSAT,VENTALV",0.054349453480037904
VENTLUNG,ARTCO2,"PVSAT,VENTALV",0.054349453480037904
VENTALV,ARTCO2,"PVSAT,VENTTUBE",0.0
VENTALV,ARTCO2,"PVSAT,VENTTUBE",0.0
VENTALV,ARTCO2,"PVSAT,VENTTUBE",0.0
VENTALV,ARTCO2,"PVSAT,VENTTUBE",0.0
VENTALV,ARTCO2,"PVSAT,VENTTUBE",0.0
VENTALV,ARTCO2,"PVSAT,VENTTUBE",0.0
VENTALV,ARTCO2,"PVSAT,VENTTUBE",0.0
VENTALV,ARTCO2,"PVSAT,VENTTUBE",0.0
VENTALV,ARTCO2,"PVSAT,VENTTUBE",0.0
VENTALV,ARTCO2,"PVSAT,VENTTUBE",0.0
VENTALV,ARTCO2,"PVSAT,VENTTUBE",0.0
VENTALV,ARTCO2,"PVSAT,VENTTUBE",0.0
VENTALV,ARTCO2,"PVSAT,VENTTUBE",0.0
VENTALV,ARTCO2,"PVSAT,VENTTUBE",0.0
VENTALV,ARTCO2,"PVSAT,VENTTUBE",0.0
VENTALV,ARTCO2,"PVSAT,VENTTUBE",0.0
VENTALV,ARTCO2,"PVSAT,VENTTUBE",0.0
VENTALV,ARTCO2,"PVSAT,VENTTUBE",0.0
VENTALV,ARTCO2,"PVSAT,VENTTUBE",0.0
VENTALV,ARTCO2,"PVSAT,VENTTUBE",0.0
VENTALV,ARTCO2,"PVSAT,VENTTUBE",0.0
VENTALV,ARTCO2,"PVSAT,VENTTUBE",0.0
VENTALV,ARTCO2,"PVSAT,VENTTUBE",0.0
VENTALV,ARTCO2,"PVSAT,VENTTUBE",0.0
VENTALV,ARTCO2,"PVSAT,VENTTUBE",0.0
VENTALV,ARTCO2,"PVSAT,VENTTUBE",0.0
VENTALV,ARTCO2,"PVSAT,VENTTUBE",0.0
VENTALV,ARTCO2,"PVSAT,VENTTUBE",0.0
VENTALV,ARTCO2,"PVSAT,VENTTUBE",0.0
VENTALV,ARTCO2,"PVSAT,VENTTUBE",0.0
VENTALV,ARTCO2,"PVSAT,VENTTUBE",0.0
VENTALV,ARTCO2,"PVSAT,VENTTUBE",0.0
VENTALV,ARTCO2,"PVSAT,VENTTUBE",0.0
VENTALV,ARTCO2,"PVSAT,VENTTUBE",0.0
VENTALV,ARTCO2,"PVSAT,VENTTUBE",0.0
VENTALV,ARTCO2,"PVSAT,VENTTUBE",0.0
VENTALV,CATECHOL,"ARTCO2,SAO2",0.7868458838786669
VENTALV,CATECHOL,"ARTCO2,SAO2",0.7868458838786669
VENTALV,CATECHOL,"ARTCO2,SAO2",0.7868458838786669
VENTALV,CATECHOL,"ARTCO2,SAO2",0.7868458838786669
VENTALV,CATECHOL,"ARTCO2,SAO2",0.7868458838786669
VENTALV,CATECHOL,"ARTCO2,SAO2",0.7868458838786669
ARTCO2,CATECHOL,"PVSAT,VENTALV",1.0271533967155475e-08
ARTCO2,CATECHOL,"PVSAT,VENTALV",1.0271533967155475e-08
ARTCO2,CATECHOL,"PVSAT,VENTALV",1.0271533967155475e-08
ARTCO2,CATECHOL,"PVSAT,VENTALV",1.0271533967155475e-08
ARTCO2,CATECHOL,"PVSAT,VENTALV",1.0271533967155475e-08
ARTCO2,CATECHOL,"PVSAT,VENTALV",1.0271533967155475e-08
ARTCO2,CATECHOL,"PVSAT,VENTALV",1.0271533967155475e-08
ARTCO2,CATECHOL,"PVSAT,VENTALV",1.0271533967155475e-08
ARTCO2,CATECHOL,"PVSAT,VENTALV",1.0271533967155475e-08
ARTCO2,CATECHOL,"PVSAT,VENTALV",1.0271533967155475e-08
CATECHOL,HR,"ARTCO2,PVSAT",0.0
CATECHOL,HR,"ARTCO2,PVSAT",0.0
CATECHOL,HR,"ARTCO2,PVSAT",0.0
CATECHOL,HR,"ARTCO2,PVSAT",0.0
CATECHOL,HR,"ARTCO2,PVSAT",0.0
CATECHOL,HR,"ARTCO2,PVSAT",0.0
CATECHOL,HR,"ARTCO2,PVSAT",0.0
CATECHOL,HR,"ARTCO2,PVSAT",0.0
CATECHOL,HR,"ARTCO2,PVSAT",0.0
CATECHOL,HR,"ARTCO2,PVSAT",0.0
CATECHOL,HR,"ARTCO2,PVSAT",0.0
CATECHOL,HR,"ARTCO2,PVSAT",0.0
CATECHOL,HR,"ARTCO2,PVSAT",0.0
CATECHOL,HR,"ARTCO2,PVSAT",0.0
CATECHOL,HR,"ARTCO2,PVSAT",0.0
CATECHOL,BP,"ARTCO2,PVSAT",1.6920816585132113e-101
CATECHOL,BP,"ARTCO2,PVSAT",1.6920816585132113e-101
CATECHOL,BP,"ARTCO2,PVSAT",1.6920816585132113e-101
CATECHOL,BP,"ARTCO2,PVSAT",1.6920816585132113e-101
CATECHOL,BP,"ARTCO2,PVSAT",1.6920816585132113e-101
CATECHOL,BP,"ARTCO2,PVSAT",1.6920816585132113e-101
CATECHOL,BP,"ARTCO2,PVSAT",1.6920816585132113e-101
CATECHOL,BP,"ARTCO2,PVSAT",1.6920816585132113e-101
CATECHOL,BP,"ARTCO2,PVSAT",1.6920816585132113e-101
CATECHOL,BP,"ARTCO2,PVSAT",1.6920816585132113e-101
CATECHOL,BP,"ARTCO2,PVSAT",1.6920816585132113e-101
CATECHOL,BP,"ARTCO2,PVSAT",1.6920816585132113e-101
CATECHOL,BP,"ARTCO2,PVSAT",1.6920816585132113e-101
CATECHOL,BP,"ARTCO2,PVSAT",1.6920816585132113e-101
CATECHOL,BP,"ARTCO2,PVSAT",1.6920816585132113e-101
HR,CO,"CATECHOL,HRBP",8.395840183772215e-193
HR,CO,"CATECHOL,HRBP",8.395840183772215e-193
HR,CO,"CATECHOL,HRBP",8.395840183772215e-193
HR,CO,"CATECHOL,HRBP",8.395840183772215e-193
HR,CO,"CATECHOL,HRBP",8.395840183772215e-193
HR,CO,"CATECHOL,HRBP",8.395840183772215e-193
HR,CO,"CATECHOL,HRBP",8.395840183772215e-193
HR,CO,"CATECHOL,HRBP",8.395840183772215e-193
HR,CO,"CATECHOL,HRBP",8.395840183772215e-193
HR,CO,"CATECHOL,HRBP",8.395840183772215e-193
HR,BP,"CO,HRBP",0.05360414538632436
HR,BP,"CO,HRBP",0.05360414538632436
HR,BP,"CO,HRBP",0.05360414538632436
HR,BP,"CO,HRBP",0.05360414538632436
HR,BP,"CO,HRBP",0.05360414538632436
CO,BP,"HR,STROKEVOLUME",3.4519595851141903e-141
LVEDVOLUME,LVFAILURE,"CVP,HYPOVOLEMIA,PCWP",9.10067683954003e-56
STROKEVOLUME,CO,"BP,HYPOVOLEMIA,LVFAILURE",0.0
STROKEVOLUME,BP,"CO,HYPOVOLEMIA,LVFAILURE",0.061952301226166955
EXPCO2,INTUBATION,"VENTALV,VENTLUNG,VENTTUBE",0.9374143601403284
EXPCO2,VENTTUBE,"INTUBATION,VENTALV,VENTLUNG",0.9999999988430209
EXPCO2,VENTLUNG,"ARTCO2,VENTALV,VENTTUBE",0.0
EXPCO2,VENTLUNG,"ARTCO2,VENTALV,VENTTUBE",0.0
EXPCO2,VENTLUNG,"ARTCO2,VENTALV,VENTTUBE",0.0
EXPCO2,VENTLUNG,"ARTCO2,VENTALV,VENTTUBE",0.0
EXPCO2,VENTALV,"ARTCO2,VENTLUNG,VENTTUBE",0.007952625209868372
EXPCO2,VENTALV,"ARTCO2,VENTLUNG,VENTTUBE",0.007952625209868372
EXPCO2,VENTALV,"ARTCO2,VENTLUNG,VENTTUBE",0.007952625209868372
EXPCO2,VENTALV,"ARTCO2,VENTLUNG,VENTTUBE",0.007952625209868372
EXPCO2,ARTCO2,"VENTALV,VENTLUNG,VENTTUBE",7.79381527566617e-257
EXPCO2,ARTCO2,"VENTALV,VENTLUNG,VENTTUBE",7.79381527566617e-257
EXPCO2,ARTCO2,"VENTALV,VENTLUNG,VENTTUBE",7.79381527566617e-257
EXPCO2,ARTCO2,"VENTALV,VENTLUNG,VENTTUBE",7.79381527566617e-257
MINVOL,PVSAT,"INTUBATION,VENTALV,VENTLUNG",0.9883611659448115
MINVOL,INTUBATION,"PVSAT,VENTALV,VENTTUBE",6.689389422906443e-92
MINVOL,INTUBATION,"PVSAT,VENTALV,VENTTUBE",6.689389422906443e-92
MINVOL,INTUBATION,"PVSAT,VENTALV,VENTTUBE",6.689389422906443e-92
MINVOL,INTUBATION,"PVSAT,VENTALV,VENTTUBE",6.689389422906443e-92
MINVOL,VENTTUBE,"INTUBATION,VENTALV,VENTLUNG",0.999999997376548
MINVOL,VENTLUNG,"PVSAT,VENTALV,VENTTUBE",9.258119269058944e-118
MINVOL,VENTLUNG,"PVSAT,VENTALV,VENTTUBE",9.258119269058944e-118
MINVOL,VENTLUNG,"PVSAT,VENTALV,VENTTUBE",9.258119269058944e-118
MINVOL,VENTLUNG,"PVSAT,VENTALV,VENTTUBE",9.258119269058944e-118
MINVOL,VENTALV,"INTUBATION,PVSAT,VENTLUNG",0.07731937387837676
PVSAT,SAO2,"ARTCO2,VENTALV,VENTTUBE",1.1818454841827666e-227
PVSAT,SAO2,"ARTCO2,VENTALV,VENTTUBE",1.1818454841827666e-227
PVSAT,SAO2,"ARTCO2,VENTALV,VENTTUBE",1.1818454841827666e-227
PVSAT,SAO2,"ARTCO2,VENTALV,VENTTUBE",1.1818454841827666e-227
PVSAT,SAO2,"ARTCO2,VENTALV,VENTTUBE",1.1818454841827666e-227
PVSAT,SAO2,"ARTCO2,VENTALV,VENTTUBE",1.1818454841827666e-227
PVSAT,SAO2,"ARTCO2,VENTALV,VENTTUBE",1.1818454841827666e-227
PVSAT,SAO2,"ARTCO2,VENTALV,VENTTUBE",1.1818454841827666e-227
PVSAT,SAO2,"ARTCO2,VENTALV,VENTTUBE",1.1818454841827666e-227
PVSAT,SAO2,"ARTCO2,VENTALV,VENTTUBE",1.1818454841827666e-227
PVSAT,SAO2,"ARTCO2,VENTALV,VENTTUBE",1.1818454841827666e-227
PVSAT,SAO2,"ARTCO2,VENTALV,VENTTUBE",1.1818454841827666e-227
PVSAT,SAO2,"ARTCO2,VENTALV,VENTTUBE",1.1818454841827666e-227
PVSAT,SAO2,"ARTCO2,VENTALV,VENTTUBE",1.1818454841827666e-227
PVSAT,SAO2,"ARTCO2,VENTALV,VENTTUBE",1.1818454841827666e-227
PVSAT,SAO2,"ARTCO2,VENTALV,VENTTUBE",1.1818454841827666e-227
PVSAT,SAO2,"ARTCO2,VENTALV,VENTTUBE",1.1818454841827666e-227
PVSAT,SAO2,"ARTCO2,VENTALV,VENTTUBE",1.1818454841827666e-227
PVSAT,SAO2,"ARTCO2,VENTALV,VENTTUBE",1.1818454841827666e-227
PVSAT,SAO2,"ARTCO2,VENTALV,VENTTUBE",1.1818454841827666e-227
PVSAT,SAO2,"ARTCO2,VENTALV,VENTTUBE",1.1818454841827666e-227
PVSAT,SAO2,"ARTCO2,VENTALV,VENTTUBE",1.1818454841827666e-227
PVSAT,SAO2,"ARTCO2,VENTALV,VENTTUBE",1.1818454841827666e-227
PVSAT,SAO2,"ARTCO2,VENTALV,VENTTUBE",1.1818454841827666e-227
PVSAT,SAO2,"ARTCO2,VENTALV,VENTTUBE",1.1818454841827666e-227
PVSAT,SAO2,"ARTCO2,VENTALV,VENTTUBE",1.1818454841827666e-227
PVSAT,SAO2,"ARTCO2,VENTALV,VENTTUBE",1.1818454841827666e-227
PVSAT,SAO2,"ARTCO2,VENTALV,VENTTUBE",1.1818454841827666e-227
PVSAT,SAO2,"ARTCO2,VENTALV,VENTTUBE",1.1818454841827666e-227
PVSAT,SAO2,"ARTCO2,VENTALV,VENTTUBE",1.1818454841827666e-227
PVSAT,SAO2,"ARTCO2,VENTALV,VENTTUBE",1.1818454841827666e-227
PVSAT,SAO2,"ARTCO2,VENTALV,VENTTUBE",1.1818454841827666e-227
PVSAT,SAO2,"ARTCO2,VENTALV,VENTTUBE",1.1818454841827666e-227
PVSAT,SAO2,"ARTCO2,VENTALV,VENTTUBE",1.1818454841827666e-227
PVSAT,SAO2,"ARTCO2,VENTALV,VENTTUBE",1.1818454841827666e-227
PVSAT,INTUBATION,"ARTCO2,MINVOL,VENTALV",0.20610484188728126
PVSAT,INTUBATION,"ARTCO2,MINVOL,VENTALV",0.20610484188728126
PVSAT,INTUBATION,"ARTCO2,MINVOL,VENTALV",0.20610484188728126
PVSAT,INTUBATION,"ARTCO2,MINVOL,VENTALV",0.20610484188728126
PVSAT,INTUBATION,"ARTCO2,MINVOL,VENTALV",0.20610484188728126
PVSAT,INTUBATION,"ARTCO2,MINVOL,VENTALV",0.20610484188728126
PVSAT,INTUBATION,"ARTCO2,MINVOL,VENTALV",0.20610484188728126
PVSAT,INTUBATION,"ARTCO2,MINVOL,VENTALV",0.20610484188728126
PVSAT,INTUBATION,"ARTCO2,MINVOL,VENTALV",0.20610484188728126
PVSAT,INTUBATION,"ARTCO2,MINVOL,VENTALV",0.20610484188728126
PVSAT,INTUBATION,"ARTCO2,MINVOL,VENTALV",0.20610484188728126
PVSAT,INTUBATION,"ARTCO2,MINVOL,VENTALV",0.20610484188728126
PVSAT,INTUBATION,"ARTCO2,MINVOL,VENTALV",0.20610484188728126
PVSAT,INTUBATION,"ARTCO2,MINVOL,VENTALV",0.20610484188728126
PVSAT,INTUBATION,"ARTCO2,MINVOL,VENTALV",0.20610484188728126
PVSAT,INTUBATION,"ARTCO2,MINVOL,VENTALV",0.20610484188728126
PVSAT,INTUBATION,"ARTCO2,MINVOL,VENTALV",0.20610484188728126
PVSAT,INTUBATION,"ARTCO2,MINVOL,VENTALV",0.20610484188728126
PVSAT,INTUBATION,"ARTCO2,MINVOL,VENTALV",0.20610484188728126
PVSAT,INTUBATION,"ARTCO2,MINVOL,VENTALV",0.20610484188728126
PVSAT,INTUBATION,"ARTCO2,MINVOL,VENTALV",0.20610484188728126
PVSAT,INTUBATION,"ARTCO2,MINVOL,VENTALV",0.20610484188728126
PVSAT,INTUBATION,"ARTCO2,MINVOL,VENTALV",0.20610484188728126
PVSAT,INTUBATION,"ARTCO2,MINVOL,VENTALV",0.20610484188728126
PVSAT,INTUBATION,"ARTCO2,MINVOL,VENTALV",0.20610484188728126
PVSAT,INTUBATION,"ARTCO2,MINVOL,VENTALV",0.20610484188728126
PVSAT,INTUBATION,"ARTCO2,MINVOL,VENTALV",0.20610484188728126
PVSAT,INTUBATION,"ARTCO2,MINVOL,VENTALV",0.20610484188728126
PVSAT,INTUBATION,"ARTCO2,MINVOL,VENTALV",0.20610484188728126
PVSAT,VENTTUBE,"FIO2,SAO2,VENTALV",0.08425007079407452
PVSAT,VENTTUBE,"FIO2,SAO2,VENTALV",0.08425007079407452
PVSAT,VENTTUBE,"FIO2,SAO2,VENTALV",0.08425007079407452
PVSAT,VENTTUBE,"FIO2,SAO2,VENTALV",0.08425007079407452
PVSAT,VENTLUNG,"ARTCO2,MINVOL,VENTALV",0.42893563339325186
PVSAT,VENTLUNG,"ARTCO2,MINVOL,VENTALV",0.42893563339325186
PVSAT,VENTLUNG,"ARTCO2,MINVOL,VENTALV",0.42893563339325186
PVSAT,VENTLUNG,"ARTCO2,MINVOL,VENTALV",0.42893563339325186
PVSAT,VENTLUNG,"ARTCO2,MINVOL,VENTALV",0.42893563339325186
PVSAT,VENTLUNG,"ARTCO2,MINVOL,VENTALV",0.42893563339325186
PVSAT,VENTLUNG,"ARTCO2,MINVOL,VENTALV",0.42893563339325186
PVSAT,VENTLUNG,"ARTCO2,MINVOL,VENTALV",0.42893563339325186
PVSAT,VENTLUNG,"ARTCO2,MINVOL,VENTALV",0.42893563339325186
PVSAT,VENTLUNG,"ARTCO2,MINVOL,VENTALV",0.42893563339325186
PVSAT,VENTLUNG,"ARTCO2,MINVOL,VENTALV",0.42893563339325186
PVSAT,VENTLUNG,"ARTCO2,MINVOL,VENTALV",0.42893563339325186
PVSAT,VENTLUNG,"ARTCO2,MINVOL,VENTALV",0.42893563339325186
PVSAT,VENTLUNG,"ARTCO2,MINVOL,VENTALV",0.42893563339325186
PVSAT,VENTLUNG,"ARTCO2,MINVOL,VENTALV",0.42893563339325186
PVSAT,VENTLUNG,"ARTCO2,MINVOL,VENTALV",0.42893563339325186
PVSAT,VENTLUNG,"ARTCO2,MINVOL,VENTALV",0.42893563339325186
PVSAT,VENTLUNG,"ARTCO2,MINVOL,VENTALV",0.42893563339325186
PVSAT,VENTLUNG,"ARTCO2,MINVOL,VENTALV",0.42893563339325186
PVSAT,VENTLUNG,"ARTCO2,MINVOL,VENTALV",0.42893563339325186
PVSAT,VENTLUNG,"ARTCO2,MINVOL,VENTALV",0.42893563339325186
PVSAT,VENTLUNG,"ARTCO2,MINVOL,VENTALV",0.42893563339325186
PVSAT,VENTLUNG,"ARTCO2,MINVOL,VENTALV",0.42893563339325186
PVSAT,VENTLUNG,"ARTCO2,MINVOL,VENTALV",0.42893563339325186
PVSAT,VENTLUNG,"ARTCO2,MINVOL,VENTALV",0.42893563339325186
PVSAT,VENTLUNG,"ARTCO2,MINVOL,VENTALV",0.42893563339325186
PVSAT,VENTLUNG,"ARTCO2,MINVOL,VENTALV",0.42893563339325186
PVSAT,VENTLUNG,"ARTCO2,MINVOL,VENTALV",0.42893563339325186
PVSAT,VENTLUNG,"ARTCO2,MINVOL,VENTALV",0.42893563339325186
PVSAT,VENTALV,"ARTCO2,VENTLUNG,VENTTUBE",3.069313124286468e-47
PVSAT,VENTALV,"ARTCO2,VENTLUNG,VENTTUBE",3.069313124286468e-47
PVSAT,VENTALV,"ARTCO2,VENTLUNG,VENTTUBE",3.069313124286468e-47
PVSAT,VENTALV,"ARTCO2,VENTLUNG,VENTTUBE",3.069313124286468e-47
PVSAT,VENTALV,"ARTCO2,VENTLUNG,VENTTUBE",3.069313124286468e-47
PVSAT,VENTALV,"ARTCO2,VENTLUNG,VENTTUBE",3.069313124286468e-47
PVSAT,VENTALV,"ARTCO2,VENTLUNG,VENTTUBE",3.069313124286468e-47
PVSAT,VENTALV,"ARTCO2,VENTLUNG,VENTTUBE",3.069313124286468e-47
PVSAT,VENTALV,"ARTCO2,VENTLUNG,VENTTUBE",3.069313124286468e-47
PVSAT,VENTALV,"ARTCO2,VENTLUNG,VENTTUBE",3.069313124286468e-47
PVSAT,VENTALV,"ARTCO2,VENTLUNG,VENTTUBE",3.069313124286468e-47
PVSAT,VENTALV,"ARTCO2,VENTLUNG,VENTTUBE",3.069313124286468e-47
PVSAT,VENTALV,"ARTCO2,VENTLUNG,VENTTUBE",3.069313124286468e-47
PVSAT,VENTALV,"ARTCO2,VENTLUNG,VENTTUBE",3.069313124286468e-47
PVSAT,VENTALV,"ARTCO2,VENTLUNG,VENTTUBE",3.069313124286468e-47
PVSAT,VENTALV,"ARTCO2,VENTLUNG,VENTTUBE",3.069313124286468e-47
PVSAT,VENTALV,"ARTCO2,VENTLUNG,VENTTUBE",3.069313124286468e-47
PVSAT,VENTALV,"ARTCO2,VENTLUNG,VENTTUBE",3.069313124286468e-47
PVSAT,VENTALV,"ARTCO2,VENTLUNG,VENTTUBE",3.069313124286468e-47
PVSAT,VENTALV,"ARTCO2,VENTLUNG,VENTTUBE",3.069313124286468e-47
PVSAT,VENTALV,"ARTCO2,VENTLUNG,VENTTUBE",3.069313124286468e-47
PVSAT,VENTALV,"ARTCO2,VENTLUNG,VENTTUBE",3.069313124286468e-47
PVSAT,VENTALV,"ARTCO2,VENTLUNG,VENTTUBE",3.069313124286468e-47
PVSAT,VENTALV,"ARTCO2,VENTLUNG,VENTTUBE",3.069313124286468e-47
PVSAT,VENTALV,"ARTCO2,VENTLUNG,VENTTUBE",3.069313124286468e-47
PVSAT,VENTALV,"ARTCO2,VENTLUNG,VENTTUBE",3.069313124286468e-47
PVSAT,VENTALV,"ARTCO2,VENTLUNG,VENTTUBE",3.069313124286468e-47
PVSAT,VENTALV,"ARTCO2,VENTLUNG,VENTTUBE",3.069313124286468e-47
PVSAT,VENTALV,"ARTCO2,VENTLUNG,VENTTUBE",3.069313124286468e-47
PVSAT,VENTALV,"ARTCO2,VENTLUNG,VENTTUBE",3.069313124286468e-47
PVSAT,VENTALV,"ARTCO2,VENTLUNG,VENTTUBE",3.069313124286468e-47
PVSAT,VENTALV,"ARTCO2,VENTLUNG,VENTTUBE",3.069313124286468e-47
PVSAT,VENTALV,"ARTCO2,VENTLUNG,VENTTUBE",3.069313124286468e-47
PVSAT,VENTALV,"ARTCO2,VENTLUNG,VENTTUBE",3.069313124286468e-47
PVSAT,VENTALV,"ARTCO2,VENTLUNG,VENTTUBE",3.069313124286468e-47
PVSAT,ARTCO2,"SAO2,VENTALV,VENTLUNG",0.08055691496324509
PVSAT,ARTCO2,"SAO2,VENTALV,VENTLUNG",0.08055691496324509
PVSAT,ARTCO2,"SAO2,VENTALV,VENTLUNG",0.08055691496324509
PVSAT,ARTCO2,"SAO2,VENTALV,VENTLUNG",0.08055691496324509
PVSAT,ARTCO2,"SAO2,VENTALV,VENTLUNG",0.08055691496324509
PVSAT,ARTCO2,"SAO2,VENTALV,VENTLUNG",0.08055691496324509
PVSAT,ARTCO2,"SAO2,VENTALV,VENTLUNG",0.08055691496324509
PVSAT,ARTCO2,"SAO2,VENTALV,VENTLUNG",0.08055691496324509
PVSAT,ARTCO2,"SAO2,VENTALV,VENTLUNG",0.08055691496324509
PVSAT,ARTCO2,"SAO2,VENTALV,VENTLUNG",0.08055691496324509
PVSAT,ARTCO2,"SAO2,VENTALV,VENTLUNG",0.08055691496324509
PVSAT,ARTCO2,"SAO2,VENTALV,VENTLUNG",0.08055691496324509
PVSAT,ARTCO2,"SAO2,VENTALV,VENTLUNG",0.08055691496324509
PVSAT,ARTCO2,"SAO2,VENTALV,VENTLUNG",0.08055691496324509
PVSAT,ARTCO2,"SAO2,VENTALV,VENTLUNG",0.08055691496324509
PVSAT,ARTCO2,"SAO2,VENTALV,VENTLUNG",0.08055691496324509
PVSAT,ARTCO2,"SAO2,VENTALV,VENTLUNG",0.08055691496324509
PVSAT,ARTCO2,"SAO2,VENTALV,VENTLUNG",0.08055691496324509
PVSAT,ARTCO2,"SAO2,VENTALV,VENTLUNG",0.08055691496324509
PVSAT,ARTCO2,"SAO2,VENTALV,VENTLUNG",0.08055691496324509
PVSAT,ARTCO2,"SAO2,VENTALV,VENTLUNG",0.08055691496324509
PVSAT,ARTCO2,"SAO2,VENTALV,VENTLUNG",0.08055691496324509
PVSAT,ARTCO2,"SAO2,VENTALV,VENTLUNG",0.08055691496324509
SAO2,SHUNT,"CATECHOL,PVSAT,VENTALV",3.4174781059543e-160
SAO2,SHUNT,"CATECHOL,PVSAT,VENTALV",3.4174781059543e-160
SAO2,SHUNT,"CATECHOL,PVSAT,VENTALV",3.4174781059543e-160
SAO2,SHUNT,"CATECHOL,PVSAT,VENTALV",3.4174781059543e-160
SAO2,INTUBATION,"PVSAT,SHUNT,VENTALV",0.000185176793878071
SAO2,INTUBATION,"PVSAT,SHUNT,VENTALV",0.000185176793878071
SAO2,INTUBATION,"PVSAT,SHUNT,VENTALV",0.000185176793878071
SAO2,INTUBATION,"PVSAT,SHUNT,VENTALV",0.000185176793878071
SAO2,VENTALV,"CATECHOL,INTUBATION,PVSAT",0.16695185455271477
SAO2,VENTALV,"CATECHOL,INTUBATION,PVSAT",0.16695185455271477
SAO2,VENTALV,"CATECHOL,INTUBATION,PVSAT",0.16695185455271477
SAO2,CATECHOL,"INTUBATION,PVSAT,VENTALV",0.08833123881013207
SAO2,CATECHOL,"INTUBATION,PVSAT,VENTALV",0.08833123881013207
SAO2,CATECHOL,"INTUBATION,PVSAT,VENTALV",0.08833123881013207
INTUBATION,PRESS,"EXPCO2,SAO2,VENTALV",0.11818011897813357
INTUBATION,PRESS,"EXPCO2,SAO2,VENTALV",0.11818011897813357
INTUBATION,PRESS,"EXPCO2,SAO2,VENTALV",0.11818011897813357
INTUBATION,VENTLUNG,"PVSAT,SHUNT,VENTALV",0.0
INTUBATION,VENTLUNG,"PVSAT,SHUNT,VENTALV",0.0
INTUBATION,VENTLUNG,"PVSAT,SHUNT,VENTALV",0.0
INTUBATION,VENTLUNG,"PVSAT,SHUNT,VENTALV",0.0
INTUBATION,VENTLUNG,"PVSAT,SHUNT,VENTALV",0.0
INTUBATION,VENTLUNG,"PVSAT,SHUNT,VENTALV",0.0
INTUBATION,VENTLUNG,"PVSAT,SHUNT,VENTALV",0.0
INTUBATION,VENTLUNG,"PVSAT,SHUNT,VENTALV",0.0
INTUBATION,VENTLUNG,"PVSAT,SHUNT,VENTALV",0.0
INTUBATION,VENTLUNG,"PVSAT,SHUNT,VENTALV",0.0
INTUBATION,VENTLUNG,"PVSAT,SHUNT,VENTALV",0.0
INTUBATION,VENTLUNG,"PVSAT,SHUNT,VENTALV",0.0
INTUBATION,VENTLUNG,"PVSAT,SHUNT,VENTALV",0.0
INTUBATION,VENTLUNG,"PVSAT,SHUNT,VENTALV",0.0
INTUBATION,VENTLUNG,"PVSAT,SHUNT,VENTALV",0.0
INTUBATION,VENTLUNG,"PVSAT,SHUNT,VENTALV",0.0
INTUBATION,VENTLUNG,"PVSAT,SHUNT,VENTALV",0.0
INTUBATION,VENTLUNG,"PVSAT,SHUNT,VENTALV",0.0
INTUBATION,VENTLUNG,"PVSAT,SHUNT,VENTALV",0.0
INTUBATION,VENTLUNG,"PVSAT,SHUNT,VENTALV",0.0
INTUBATION,VENTLUNG,"PVSAT,SHUNT,VENTALV",0.0
INTUBATION,VENTLUNG,"PVSAT,SHUNT,VENTALV",0.0
INTUBATION,VENTLUNG,"PVSAT,SHUNT,VENTALV",0.0
INTUBATION,VENTLUNG,"PVSAT,SHUNT,VENTALV",0.0
INTUBATION,VENTLUNG,"PVSAT,SHUNT,VENTALV",0.0
INTUBATION,VENTLUNG,"PVSAT,SHUNT,VENTALV",0.0
INTUBATION,VENTLUNG,"PVSAT,SHUNT,VENTALV",0.0
INTUBATION,VENTLUNG,"PVSAT,SHUNT,VENTALV",0.0
INTUBATION,VENTLUNG,"PVSAT,SHUNT,VENTALV",0.0
INTUBATION,VENTLUNG,"PVSAT,SHUNT,VENTALV",0.0
INTUBATION,VENTLUNG,"PVSAT,SHUNT,VENTALV",0.0
INTUBATION,VENTLUNG,"PVSAT,SHUNT,VENTALV",0.0
INTUBATION,VENTLUNG,"PVSAT,SHUNT,VENTALV",0.0
INTUBATION,VENTLUNG,"PVSAT,SHUNT,VENTALV",0.0
INTUBATION,VENTLUNG,"PVSAT,SHUNT,VENTALV",0.0
INTUBATION,VENTALV,"PRESS,PVSAT,SHUNT",6.088291855665756e-305
INTUBATION,VENTALV,"PRESS,PVSAT,SHUNT",6.088291855665756e-305
INTUBATION,VENTALV,"PRESS,PVSAT,SHUNT",6.088291855665756e-305
INTUBATION,VENTALV,"PRESS,PVSAT,SHUNT",6.088291855665756e-305
INTUBATION,VENTALV,"PRESS,PVSAT,SHUNT",6.088291855665756e-305
INTUBATION,VENTALV,"PRESS,PVSAT,SHUNT",6.088291855665756e-305
INTUBATION,VENTALV,"PRESS,PVSAT,SHUNT",6.088291855665756e-305
INTUBATION,VENTALV,"PRESS,PVSAT,SHUNT",6.088291855665756e-305
INTUBATION,VENTALV,"PRESS,PVSAT,SHUNT",6.088291855665756e-305
INTUBATION,VENTALV,"PRESS,PVSAT,SHUNT",6.088291855665756e-305
INTUBATION,VENTALV,"PRESS,PVSAT,SHUNT",6.088291855665756e-305
INTUBATION,VENTALV,"PRESS,PVSAT,SHUNT",6.088291855665756e-305
INTUBATION,VENTALV,"PRESS,PVSAT,SHUNT",6.088291855665756e-305
INTUBATION,VENTALV,"PRESS,PVSAT,SHUNT",6.088291855665756e-305
INTUBATION,VENTALV,"PRESS,PVSAT,SHUNT",6.088291855665756e-305
INTUBATION,VENTALV,"PRESS,PVSAT,SHUNT",6.088291855665756e-305
INTUBATION,VENTALV,"PRESS,PVSAT,SHUNT",6.088291855665756e-305
INTUBATION,VENTALV,"PRESS,PVSAT,SHUNT",6.088291855665756e-305
INTUBATION,VENTALV,"PRESS,PVSAT,SHUNT",6.088291855665756e-305
INTUBATION,VENTALV,"PRESS,PVSAT,SHUNT",6.088291855665756e-305
INTUBATION,VENTALV,"PRESS,PVSAT,SHUNT",6.088291855665756e-305
INTUBATION,VENTALV,"PRESS,PVSAT,SHUNT",6.088291855665756e-305
INTUBATION,VENTALV,"PRESS,PVSAT,SHUNT",6.088291855665756e-305
INTUBATION,VENTALV,"PRESS,PVSAT,SHUNT",6.088291855665756e-305
INTUBATION,VENTALV,"PRESS,PVSAT,SHUNT",6.088291855665756e-305
INTUBATION,VENTALV,"PRESS,PVSAT,SHUNT",6.088291855665756e-305
INTUBATION,VENTALV,"PRESS,PVSAT,SHUNT",6.088291855665756e-305
INTUBATION,VENTALV,"PRESS,PVSAT,SHUNT",6.088291855665756e-305
INTUBATION,VENTALV,"PRESS,PVSAT,SHUNT",6.088291855665756e-305
INTUBATION,VENTALV,"PRESS,PVSAT,SHUNT",6.088291855665756e-305
INTUBATION,VENTALV,"PRESS,PVSAT,SHUNT",6.088291855665756e-305
INTUBATION,VENTALV,"PRESS,PVSAT,SHUNT",6.088291855665756e-305
INTUBATION,VENTALV,"PRESS,PVSAT,SHUNT",6.088291855665756e-305
INTUBATION,VENTALV,"PRESS,PVSAT,SHUNT",6.088291855665756e-305
INTUBATION,VENTALV,"PRESS,PVSAT,SHUNT",6.088291855665756e-305
PRESS,VENTTUBE,"KINKEDTUBE,VENTALV,VENTLUNG",0.0
PRESS,VENTTUBE,"KINKEDTUBE,VENTALV,VENTLUNG",0.0
PRESS,VENTTUBE,"KINKEDTUBE,VENTALV,VENTLUNG",0.0
PRESS,VENTTUBE,"KINKEDTUBE,VENTALV,VENTLUNG",0.0
PRESS,VENTLUNG,"INTUBATION,KINKEDTUBE,VENTALV",0.21105858490735055
PRESS,VENTALV,"INTUBATION,KINKEDTUBE,VENTLUNG",0.9960383184424356
VENTTUBE,VENTLUNG,"EXPCO2,MINVOL,VENTALV",0.13614891515322267
VENTTUBE,VENTLUNG,"EXPCO2,MINVOL,VENTALV",0.13614891515322267
VENTTUBE,VENTALV,"EXPCO2,MINVOL,VENTLUNG",0.9999904419868647
VENTLUNG,VENTALV,"PVSAT,VENTMACH,VENTTUBE",0.0
VENTLUNG,VENTALV,"PVSAT,VENTMACH,VENTTUBE",0.0
VENTLUNG,VENTALV,"PVSAT,VENTMACH,VENTTUBE",0.0
VENTLUNG,VENTALV,"PVSAT,VENTMACH,VENTTUBE",0.0
VENTLUNG,VENTALV,"PVSAT,VENTMACH,VENTTUBE",0.0
VENTLUNG,VENTALV,"PVSAT,VENTMACH,VENTTUBE",0.0
VENTLUNG,VENTALV,"PVSAT,VENTMACH,VENTTUBE",0.0
VENTLUNG,VENTALV,"PVSAT,VENTMACH,VENTTUBE",0.0
VENTLUNG,VENTALV,"PVSAT,VENTMACH,VENTTUBE",0.0
VENTLUNG,VENTALV,"PVSAT,VENTMACH,VENTTUBE",0.0
VENTLUNG,VENTALV,"PVSAT,VENTMACH,VENTTUBE",0.0
VENTLUNG,VENTALV,"PVSAT,VENTMACH,VENTTUBE",0.0
VENTLUNG,VENTALV,"PVSAT,VENTMACH,VENTTUBE",0.0
VENTLUNG,VENTALV,"PVSAT,VENTMACH,VENTTUBE",0.0
VENTLUNG,VENTALV,"PVSAT,VENTMACH,VENTTUBE",0.0
VENTLUNG,VENTALV,"PVSAT,VENTMACH,VENTTUBE",0.0
VENTLUNG,VENTALV,"PVSAT,VENTMACH,VENTTUBE",0.0
VENTLUNG,VENTALV,"PVSAT,VENTMACH,VENTTUBE",0.0
VENTLUNG,VENTALV,"PVSAT,VENTMACH,VENTTUBE",0.0
VENTLUNG,VENTALV,"PVSAT,VENTMACH,VENTTUBE",0.0
VENTLUNG,VENTALV,"PVSAT,VENTMACH,VENTTUBE",0.0
VENTLUNG,VENTALV,"PVSAT,VENTMACH,VENTTUBE",0.0
VENTLUNG,VENTALV,"PVSAT,VENTMACH,VENTTUBE",0.0
VENTLUNG,VENTALV,"PVSAT,VENTMACH,VENTTUBE",0.0
VENTLUNG,VENTALV,"PVSAT,VENTMACH,VENTTUBE",0.0
VENTLUNG,VENTALV,"PVSAT,VENTMACH,VENTTUBE",0.0
VENTLUNG,VENTALV,"PVSAT,VENTMACH,VENTTUBE",0.0
VENTLUNG,VENTALV,"PVSAT,VENTMACH,VENTTUBE",0.0
VENTLUNG,VENTALV,"PVSAT,VENTMACH,VENTTUBE",0.0
VENTLUNG,VENTALV,"PVSAT,VENTMACH,VENTTUBE",0.0
VENTLUNG,VENTALV,"PVSAT,VENTMACH,VENTTUBE",0.0
VENTLUNG,VENTALV,"PVSAT,VENTMACH,VENTTUBE",0.0
VENTLUNG,VENTALV,"PVSAT,VENTMACH,VENTTUBE",0.0
VENTLUNG,VENTALV,"PVSAT,VENTMACH,VENTTUBE",0.0
VENTLUNG,VENTALV,"PVSAT,VENTMACH,VENTTUBE",0.0
VENTLUNG,VENTALV,"PVSAT,VENTMACH,VENTTUBE",0.0
VENTLUNG,VENTALV,"PVSAT,VENTMACH,VENTTUBE",0.0
VENTLUNG,VENTALV,"PVSAT,VENTMACH,VENTTUBE",0.0
VENTLUNG,VENTALV,"PVSAT,VENTMACH,VENTTUBE",0.0
VENTLUNG,VENTALV,"PVSAT,VENTMACH,VENTTUBE",0.0
VENTLUNG,VENTALV,"PVSAT,VENTMACH,VENTTUBE",0.0
VENTLUNG,VENTALV,"PVSAT,VENTMACH,VENTTUBE",0.0
VENTLUNG,VENTALV,"PVSAT,VENTMACH,VENTTUBE",0.0
VENTLUNG,VENTALV,"PVSAT,VENTMACH,VENTTUBE",0.0
VENTLUNG,VENTALV,"PVSAT,VENTMACH,VENTTUBE",0.0
VENTLUNG,VENTALV,"PVSAT,VENTMACH,VENTTUBE",0.0
VENTLUNG,VENTALV,"PVSAT,VENTMACH,VENTTUBE",0.0
VENTLUNG,VENTALV,"PVSAT,VENTMACH,VENTTUBE",0.0
VENTLUNG,VENTALV,"PVSAT,VENTMACH,VENTTUBE",0.0
VENTLUNG,VENTALV,"PVSAT,VENTMACH,VENTTUBE",0.0
VENTLUNG,VENTALV,"PVSAT,VENTMACH,VENTTUBE",0.0
VENTLUNG,VENTALV,"PVSAT,VENTMACH,VENTTUBE",0.0
VENTLUNG,VENTALV,"PVSAT,VENTMACH,VENTTUBE",0.0
VENTLUNG,VENTALV,"PVSAT,VENTMACH,VENTTUBE",0.0
VENTLUNG,VENTALV,"PVSAT,VENTMACH,VENTTUBE",0.0
VENTLUNG,VENTALV,"PVSAT,VENTMACH,VENTTUBE",0.0
VENTALV,ARTCO2,"PVSAT,VENTLUNG,VENTTUBE",0.0
VENTALV,ARTCO2,"PVSAT,VENTLUNG,VENTTUBE",0.0
VENTALV,ARTCO2,"PVSAT,VENTLUNG,VENTTUBE",0.0
VENTALV,ARTCO2,"PVSAT,VENTLUNG,VENTTUBE",0.0
VENTALV,ARTCO2,"PVSAT,VENTLUNG,VENTTUBE",0.0
VENTALV,ARTCO2,"PVSAT,VENTLUNG,VENTTUBE",0.0
VENTALV,ARTCO2,"PVSAT,VENTLUNG,VENTTUBE",0.0
VENTALV,ARTCO2,"PVSAT,VENTLUNG,VENTTUBE",0.0
VENTALV,ARTCO2,"PVSAT,VENTLUNG,VENTTUBE",0.0
VENTALV,ARTCO2,"PVSAT,VENTLUNG,VENTTUBE",0.0
VENTALV,ARTCO2,"PVSAT,VENTLUNG,VENTTUBE",0.0
VENTALV,ARTCO2,"PVSAT,VENTLUNG,VENTTUBE",0.0
VENTALV,ARTCO2,"PVSAT,VENTLUNG,VENTTUBE",0.0
VENTALV,ARTCO2,"PVSAT,VENTLUNG,VENTTUBE",0.0
VENTALV,ARTCO2,"PVSAT,VENTLUNG,VENTTUBE",0.0
VENTALV,ARTCO2,"PVSAT,VENTLUNG,VENTTUBE",0.0
VENTALV,ARTCO2,"PVSAT,VENTLUNG,VENTTUBE",0.0
VENTALV,ARTCO2,"PVSAT,VENTLUNG,VENTTUBE",0.0
VENTALV,ARTCO2,"PVSAT,VENTLUNG,VENTTUBE",0.0
VENTALV,ARTCO2,"PVSAT,VENTLUNG,VENTTUBE",0.0
VENTALV,ARTCO2,"PVSAT,VENTLUNG,VENTTUBE",0.0
VENTALV,ARTCO2,"PVSAT,VENTLUNG,VENTTUBE",0.0
VENTALV,ARTCO2,"PVSAT,VENTLUNG,VENTTUBE",0.0
VENTALV,ARTCO2,"PVSAT,VENTLUNG,VENTTUBE",0.0
VENTALV,ARTCO2,"PVSAT,VENTLUNG,VENTTUBE",0.0
VENTALV,ARTCO2,"PVSAT,VENTLUNG,VENTTUBE",0.0
VENTALV,ARTCO2,"PVSAT,VENTLUNG,VENTTUBE",0.0
VENTALV,ARTCO2,"PVSAT,VENTLUNG,VENTTUBE",0.0
VENTALV,ARTCO2,"PVSAT,VENTLUNG,VENTTUBE",0.0
VENTALV,ARTCO2,"PVSAT,VENTLUNG,VENTTUBE",0.0
VENTALV,ARTCO2,"PVSAT,VENTLUNG,VENTTUBE",0.0
VENTALV,ARTCO2,"PVSAT,VENTLUNG,VENTTUBE",0.0
VENTALV,ARTCO2,"PVSAT,VENTLUNG,VENTTUBE",0.0
VENTALV,ARTCO2,"PVSAT,VENTLUNG,VENTTUBE",0.0
VENTALV,ARTCO2,"PVSAT,VENTLUNG,VENTTUBE",0.0
VENTALV,ARTCO2,"PVSAT,VENTLUNG,VENTTUBE",0.0
VENTALV,ARTCO2,"PVSAT,VENTLUNG,VENTTUBE",0.0
VENTALV,ARTCO2,"PVSAT,VENTLUNG,VENTTUBE",0.0
VENTALV,ARTCO2,"PVSAT,VENTLUNG,VENTTUBE",0.0
VENTALV,ARTCO2,"PVSAT,VENTLUNG,VENTTUBE",0.0
VENTALV,ARTCO2,"PVSAT,VENTLUNG,VENTTUBE",0.0
VENTALV,ARTCO2,"PVSAT,VENTLUNG,VENTTUBE",0.0
VENTALV,ARTCO2,"PVSAT,VENTLUNG,VENTTUBE",0.0
VENTALV,ARTCO2,"PVSAT,VENTLUNG,VENTTUBE",0.0
VENTALV,ARTCO2,"PVSAT,VENTLUNG,VENTTUBE",0.0
VENTALV,ARTCO2,"PVSAT,VENTLUNG,VENTTUBE",0.0
VENTALV,ARTCO2,"PVSAT,VENTLUNG,VENTTUBE",0.0
VENTALV,ARTCO2,"PVSAT,VENTLUNG,VENTTUBE",0.0
VENTALV,ARTCO2,"PVSAT,VENTLUNG,VENTTUBE",0.0
VENTALV,ARTCO2,"PVSAT,VENTLUNG,VENTTUBE",0.0
VENTALV,ARTCO2,"PVSAT,VENTLUNG,VENTTUBE",0.0
VENTALV,ARTCO2,"PVSAT,VENTLUNG,VENTTUBE",0.0
VENTALV,ARTCO2,"PVSAT,VENTLUNG,VENTTUBE",0.0
VENTALV,ARTCO2,"PVSAT,VENTLUNG,VENTTUBE",0.0
VENTALV,ARTCO2,"PVSAT,VENTLUNG,VENTTUBE",0.0
VENTALV,ARTCO2,"PVSAT,VENTLUNG,VENTTUBE",0.0
ARTCO2,CATECHOL,"EXPCO2,PVSAT,VENTALV",0.161315372496707
CATECHOL,HR,"ARTCO2,SAO2,TPR",0.0
CATECHOL,HR,"ARTCO2,SAO2,TPR",0.0
CATECHOL,HR,"ARTCO2,SAO2,TPR",0.0
CATECHOL,HR,"ARTCO2,SAO2,TPR",0.0
CATECHOL,BP,"ARTCO2,HR,TPR",0.33924739307305063
CATECHOL,BP,"ARTCO2,HR,TPR",0.33924739307305063
CATECHOL,BP,"ARTCO2,HR,TPR",0.33924739307305063
HR,CO,"CATECHOL,HRBP,HREKG",1.5321587451900045e-68
HR,CO,"CATECHOL,HRBP,HREKG",1.5321587451900045e-68
HR,CO,"CATECHOL,HRBP,HREKG",1.5321587451900045e-68
HR,CO,"CATECHOL,HRBP,HREKG",1.5321587451900045e-68
