N0_7muVerMo,SubjVertMo,QGVertMotion,CombVerMo,AreaMeso_ALS,SatContMoist,RaoContMoist,CombMoisture,AreaMoDryAir,VISCloudCov,IRCloudCover,CombClouds,CldShadeOth,AMInstabMt,InsInMt,WndHodograph,OutflowFrMt,MorningBound,Boundaries,CldShadeConv,CompPlFcst,CapChange,LoLevMoistAd,InsChange,MountainFcst,Date,Scenario,ScenRelAMCIN,MorningCIN,AMCINInScen,CapInScen,ScenRelAMIns,LIfr12ZDENSd,AMDewptCalPl,AMInsWliScen,InsSclInScen,ScenRel3_4,LatestCIN,LLIW,CurPropConv,ScnRelPlFcst,PlainsFcst,N34StarFcst,R5Fcst,Dewpoints,LowLLapse,MeanRH,MidLLapse,MvmtFeatures,RHRatio,SfcWndShfDis,SynForcng,TempDis,WindAloft,WindFieldMt,WindFieldPln
,Neutral,WeakUp,Down,Down,VeryWet,Wet,Wet,Wet,PC,Cloudy,Cloudy,Cloudy,,,StrongWest,,,,,IncCapDecIns,Increasing,Neutral,LittleChange,XNIL,Jul16_Aug10,,CThruK,PartInhibit,LessThanAve,MoreThanAve,H,N5GtLIGt_8,Instability,MoreUnstable,MoreUnstable,HI,,Weak,Moderate,H,SVR,SIG,SIG,LowMtsHighPl,ModerateOrLe,VeryMoist,,MarkedUpper,DryMMoistL,,SigNegative,,NWQuad,Westerly,SEQuad
WeakUp,Neutral,WeakUp,WeakUp,WeakUp,Dry,VeryWet,Neutral,Wet,Clear,PC,Clear,PC,,Weak,DCVZFavor,,,Weak,,IncCapDecIns,Increasing,Neutral,LittleChange,XNIL,,,AB,,LessThanAve,MoreThanAve,ABI,N5GtLIGt_8,Neutral,Average,Average,,PartInhibit,Moderate,Slight,B,XNIL,XNIL,XNIL,LowAtStation,ModerateOrLe,Average,Steep,OtherRapid,MoistMDryL,E_W_N,LittleChange,Other,NWQuad,LVorOther,SEQuad
,WeakUp,WeakUp,StrongUp,StrongUp,VeryWet,VeryWet,VeryWet,VeryWet,PC,,Clear,Clear,Strong,Strong,Other,,,Strong,,DecCapIncIns,Decreasing,,Decreasing,SVR,Jul16_Aug10,D,CThruK,PartInhibit,Average,LessThanAve,CDEJ,N5GtLIGt_8,,MoreUnstable,Average,D,,,,D,SIG,SIG,SVR,LowAtStation,Steep,Average,Steep,,Other,,SigNegative,,NWQuad,LVorOther,SEQuad
StrongUp,Down,StrongUp,StrongUp,StrongUp,Dry,,VeryWet,,PC,PC,Cloudy,Cloudy,,,Westerly,Weak,,,,,Increasing,Neutral,Increasing,XNIL,Aug20_Sep15,I,CThruK,PartInhibit,Average,MoreThanAve,ABI,N1GtLIGt_4,Stability,LessUnstable,MoreUnstable,,,Moderate,Moderate,I,SVR,SVR,SVR,LowSHighN,ModerateOrLe,Dry,CloseToDryAd,StrongFront,DryMMoistL,E_W_S,PosToNeg,QStationary,LV,Westerly,
Down,Down,Neutral,,Neutral,Neutral,VeryWet,VeryWet,VeryWet,Clear,,Clear,Clear,Weak,,Other,Weak,,Weak,Some,IncCapDecIns,Increasing,WeakPos,Increasing,SIG,Jul16_Aug10,C,CThruK,PartInhibit,LessThanAve,Average,CDEJ,,Neutral,Average,MoreUnstable,ACEFK,,Moderate,Strong,C,SIG,SIG,SIG,LowMtsHighPl,CloseToDryAd,Average,Steep,OtherRapid,MoistMDryL,E_W_N,LittleChange,Other,NWQuad,Westerly,LongAnticyc
Down,Neutral,WeakUp,Down,Down,Wet,VeryWet,VeryWet,VeryWet,PC,Clear,PC,Clear,Strong,Strong,Westerly,Strong,,Weak,Some,LittleChange,LittleChange,Neutral,LittleChange,SIG,Jul2_Jul15,C,CThruK,TotalInhibit,MoreThanAve,,CDEJ,N5GtLIGt_8,Neutral,Average,Average,ACEFK,,Moderate,Moderate,C,SVR,SVR,SVR,LowEvrywhere,Steep,VeryMoist,Steep,MarkedUpper,MoistMDryL,,SigPositive,Other,NWQuad,Westerly,
WeakUp,Neutral,,Neutral,Neutral,Dry,Wet,Dry,Dry,Clear,,PC,PC,,,Westerly,,Strong,Weak,,LittleChange,LittleChange,WeakPos,Decreasing,XNIL,Aug20_Sep15,J,CThruK,PartInhibit,Average,Average,CDEJ,N5GtLIGt_8,Stability,Average,LessUnstable,GJ,Stifling,Weak,,J,XNIL,,,LowNHighS,ModerateOrLe,,CloseToDryAd,NoMajor,MoistMDryL,DryLine,LittleChange,,LV,LVorOther,LongAnticyc
StrongUp,WeakUp,,Neutral,Neutral,Wet,Neutral,Neutral,,PC,PC,PC,PC,Strong,Strong,Westerly,,Weak,Weak,,IncCapDecIns,Increasing,StrongPos,Increasing,SVR,Aug20_Sep15,C,CThruK,PartInhibit,Average,MoreThanAve,CDEJ,N1GtLIGt_4,Stability,LessUnstable,,ACEFK,PartInhibit,Weak,Slight,C,SIG,,SVR,LowEvrywhere,Steep,Dry,ModerateOrLe,MarkedUpper,,,NegToPos,Other,AllElse,,LongAnticyc
WeakUp,Neutral,Down,,,,Neutral,VeryWet,Neutral,Clear,Clear,,Clear,Strong,Strong,StrongWest,Strong,,,Some,DecCapIncIns,Decreasing,Negative,Decreasing,SIG,Jun15_Jul1,E,CThruK,PartInhibit,,LessThanAve,CDEJ,LIGt0,Instability,,Average,ACEFK,,Moderate,Strong,E,,SVR,,LowSHighN,CloseToDryAd,Average,Steep,OtherRapid,MoistMDryL,MovingFtorOt,,,SWQuad,Westerly,LV
Down,Neutral,Neutral,Neutral,Neutral,,Dry,Wet,Wet,,,Clear,Clear,Strong,Strong,Other,,,,Some,DecCapIncIns,Decreasing,StrongPos,Increasing,SIG,Aug20_Sep15,D,,PartInhibit,Average,,CDEJ,N5GtLIGt_8,Instability,LessUnstable,Average,D,PartInhibit,Moderate,Moderate,D,XNIL,XNIL,SIG,,,Average,CloseToDryAd,MarkedUpper,Other,,SigPositive,QStationary,SWQuad,Westerly,WidespdDnsl
Neutral,Neutral,WeakUp,,Neutral,Dry,VeryWet,,Neutral,PC,Cloudy,Cloudy,,Weak,Weak,Westerly,,,,,,Increasing,StrongPos,,XNIL,May15_Jun14,I,CThruK,,Average,MoreThanAve,ABI,N1GtLIGt_4,Instability,MoreUnstable,MoreUnstable,HI,PartInhibit,Moderate,,,SIG,SIG,SIG,LowMtsHighPl,,Average,Steep,NoMajor,DryMMoistL,,LittleChange,Moving,AllElse,LVorOther,LV
,Down,Neutral,Down,Down,Wet,Neutral,Neutral,Dry,,Clear,Clear,Clear,,,,,Weak,,,LittleChange,LittleChange,,Decreasing,,May15_Jun14,B,AB,PartInhibit,LessThanAve,LessThanAve,ABI,N1GtLIGt_4,Instability,LessUnstable,LessUnstable,B,,Unfavorable,,,SIG,,SIG,LowMtsHighPl,Steep,Average,ModerateOrLe,NoMajor,DryMMoistL,DenvCyclone,LittleChange,,,LVorOther,DenvCyclone
Neutral,Neutral,StrongUp,WeakUp,WeakUp,Dry,Neutral,Wet,Neutral,Clear,PC,Clear,Clear,Strong,Strong,StrongWest,Strong,Weak,Strong,Some,LittleChange,,StrongPos,,SVR,Jul16_Aug10,,AB,PartInhibit,LessThanAve,,,N1GtLIGt_4,Neutral,LessUnstable,Average,B,,Moderate,,B,XNIL,XNIL,SVR,LowEvrywhere,Stable,VeryMoist,,MarkedUpper,DryMMoistL,DenvCyclone,PosToNeg,Other,LV,Westerly,DenvCyclone
,Neutral,,WeakUp,WeakUp,Wet,Neutral,,VeryWet,PC,Clear,,,Strong,Strong,Westerly,Strong,Strong,Strong,Marked,LittleChange,LittleChange,StrongPos,Increasing,SVR,May15_Jun14,K,CThruK,PartInhibit,Average,Average,,LIGt0,Neutral,LessUnstable,MoreUnstable,ACEFK,PartInhibit,Strong,Moderate,K,XNIL,,SVR,LowSHighN,ModerateOrLe,Dry,ModerateOrLe,StrongFront,,MovingFtorOt,SigNegative,Moving,NWQuad,Westerly,WidespdDnsl
WeakUp,Neutral,,WeakUp,WeakUp,VeryWet,Neutral,,VeryWet,Clear,,Clear,,,Weak,,Weak,,Weak,Some,DecCapIncIns,Decreasing,Negative,Decreasing,,Aug20_Sep15,D,CThruK,PartInhibit,Average,,,N5GtLIGt_8,Stability,Average,LessUnstable,D,,Weak,Moderate,,,SIG,SIG,HighEvrywher,CloseToDryAd,,Steep,StrongFront,,DenvCyclone,NegToPos,Other,AllElse,LVorOther,DenvCyclone
Neutral,Down,Neutral,Neutral,Neutral,Neutral,,Neutral,Wet,PC,,PC,PC,Weak,Strong,Other,,,,,DecCapIncIns,Decreasing,WeakPos,,SIG,May15_Jun14,H,CThruK,PartInhibit,Average,LessThanAve,H,N1GtLIGt_4,,,Average,,Stifling,Strong,Slight,H,XNIL,,SIG,LowMtsHighPl,ModerateOrLe,VeryMoist,Steep,MarkedUpper,DryMMoistL,Other,SigNegative,,LV,LVorOther,E_NE
WeakUp,StronUp,Neutral,Neutral,Neutral,Neutral,,Neutral,Neutral,Cloudy,PC,PC,PC,,,Other,,Weak,Weak,,LittleChange,LittleChange,,Increasing,XNIL,,K,CThruK,,LessThanAve,LessThanAve,K,N1GtLIGt_4,,MoreUnstable,MoreUnstable,ACEFK,,Strong,Strong,K,XNIL,SIG,SIG,Other,Steep,Average,ModerateOrLe,StrongFront,Other,,PosToNeg,Moving,AllElse,Westerly,WidespdDnsl
Down,WeakUp,Neutral,Neutral,,Dry,Dry,VeryWet,VeryWet,PC,PC,,,,Weak,,Strong,Weak,Strong,,DecCapIncIns,Decreasing,WeakPos,Increasing,XNIL,May15_Jun14,A,AB,PartInhibit,LessThanAve,LessThanAve,ABI,,Stability,LessUnstable,,ACEFK,,Unfavorable,,A,,,SVR,HighEvrywher,Stable,,ModerateOrLe,StrongFront,DryMMoistL,DenvCyclone,,Other,,LVorOther,DenvCyclone
StrongUp,,Down,Neutral,Neutral,Wet,Dry,Dry,Dry,Clear,Cloudy,PC,PC,Strong,,StrongWest,Strong,,Strong,Marked,DecCapIncIns,Decreasing,,Decreasing,,Jul2_Jul15,K,CThruK,,MoreThanAve,MoreThanAve,K,N1GtLIGt_4,Stability,MoreUnstable,MoreUnstable,ACEFK,PartInhibit,Weak,Slight,K,SVR,SVR,SVR,HighEvrywher,,Average,Steep,MarkedUpper,DryMMoistL,MovingFtorOt,,Other,AllElse,LVorOther,WidespdDnsl
StrongUp,Neutral,Neutral,WeakUp,WeakUp,Neutral,Neutral,,Wet,Cloudy,Clear,Cloudy,PC,Strong,Strong,StrongWest,Strong,Strong,Strong,Marked,IncCapDecIns,,,Increasing,XNIL,Aug20_Sep15,C,CThruK,,MoreThanAve,MoreThanAve,CDEJ,N5GtLIGt_8,Instability,MoreUnstable,MoreUnstable,ACEFK,Stifling,Weak,,C,,,,LowAtStation,Steep,Dry,ModerateOrLe,MarkedUpper,MoistMDryL,,LittleChange,,SWQuad,Westerly,LongAnticyc
,,StrongUp,WeakUp,WeakUp,Neutral,Neutral,Neutral,Wet,Clear,PC,Clear,Clear,,,StrongWest,,,,,LittleChange,LittleChange,WeakPos,LittleChange,XNIL,,B,AB,,,LessThanAve,ABI,LILt_8,Stability,Average,MoreUnstable,B,,Moderate,Moderate,B,SVR,SVR,SVR,HighEvrywher,,VeryMoist,Steep,,DryMMoistL,DenvCyclone,SigNegative,QStationary,SWQuad,LVorOther,DenvCyclone
WeakUp,WeakUp,Neutral,WeakUp,,Neutral,Neutral,Neutral,Neutral,,Clear,Clear,Clear,,Weak,DCVZFavor,Weak,Weak,Strong,,DecCapIncIns,Decreasing,Neutral,Decreasing,XNIL,Jul2_Jul15,E,CThruK,TotalInhibit,Average,LessThanAve,CDEJ,N1GtLIGt_4,Stability,LessUnstable,LessUnstable,,,,Moderate,,XNIL,XNIL,XNIL,HighEvrywher,CloseToDryAd,Average,ModerateOrLe,NoMajor,MoistMDryL,,,,SWQuad,Westerly,LV
WeakUp,Neutral,Down,Down,Down,VeryWet,Dry,,Wet,PC,Cloudy,PC,PC,Strong,Strong,Westerly,Strong,,Strong,Marked,IncCapDecIns,Increasing,Neutral,,,Aug20_Sep15,C,CThruK,PartInhibit,MoreThanAve,MoreThanAve,,N1GtLIGt_4,,LessUnstable,LessUnstable,ACEFK,,Moderate,Strong,,SIG,SIG,SVR,LowEvrywhere,Steep,,ModerateOrLe,,MoistMDryL,E_W_N,,,NWQuad,LVorOther,WidespdDnsl
Neutral,Neutral,,Neutral,Neutral,Dry,Wet,Neutral,Neutral,Clear,PC,Clear,Clear,,Strong,DCVZFavor,Weak,Weak,,Marked,,Increasing,Neutral,LittleChange,,May15_Jun14,K,CThruK,Stifling,MoreThanAve,MoreThanAve,K,N1GtLIGt_4,Instability,MoreUnstable,MoreUnstable,,,Moderate,Strong,K,XNIL,,XNIL,LowAtStation,Steep,Dry,ModerateOrLe,StrongFront,,MovingFtorOt,,Moving,NWQuad,Westerly,SEQuad
Neutral,,Neutral,Neutral,,,Neutral,VeryWet,VeryWet,PC,Clear,PC,PC,,,Westerly,,,,,IncCapDecIns,Increasing,,Decreasing,,Jul16_Aug10,B,AB,,Average,MoreThanAve,ABI,N1GtLIGt_4,Stability,LessUnstable,LessUnstable,B,,Strong,Strong,,XNIL,XNIL,,LowNHighS,Stable,Dry,CloseToDryAd,OtherRapid,Other,,LittleChange,Other,,LVorOther,E_NE
StrongUp,Neutral,StrongUp,StrongUp,StrongUp,Wet,VeryWet,VeryWet,VeryWet,PC,Clear,PC,,,Weak,DCVZFavor,,Strong,,Some,DecCapIncIns,Decreasing,Negative,Decreasing,XNIL,May15_Jun14,A,AB,Stifling,Average,Average,,,Neutral,Average,LessUnstable,ACEFK,Stifling,Strong,Moderate,A,XNIL,XNIL,XNIL,LowMtsHighPl,ModerateOrLe,Dry,Steep,MarkedUpper,DryMMoistL,,PosToNeg,Other,SWQuad,Westerly,DenvCyclone
,Down,,Neutral,,Wet,Neutral,Dry,,Clear,Clear,Clear,Clear,,Weak,Westerly,Weak,Weak,,,DecCapIncIns,Decreasing,Negative,Decreasing,,Aug20_Sep15,B,AB,,LessThanAve,LessThanAve,,N5GtLIGt_8,Stability,,LessUnstable,B,PartInhibit,Moderate,Moderate,B,,XNIL,XNIL,,Stable,,CloseToDryAd,NoMajor,DryMMoistL,MovingFtorOt,LittleChange,Other,SWQuad,LVorOther,LV
WeakUp,Neutral,Neutral,Neutral,,Wet,Neutral,Dry,Dry,Clear,Clear,Clear,Clear,,,Other,,Weak,Weak,,LittleChange,,Neutral,Decreasing,XNIL,,C,CThruK,,Average,Average,,LIGt0,,LessUnstable,,ACEFK,PartInhibit,Unfavorable,,C,XNIL,,XNIL,LowAtStation,CloseToDryAd,Average,Steep,MarkedUpper,MoistMDryL,E_W_N,,Other,AllElse,,LongAnticyc
Neutral,,StrongUp,,,Dry,Dry,Dry,Dry,Clear,Clear,Clear,Clear,,,DCVZFavor,,Strong,Strong,,LittleChange,LittleChange,WeakPos,,XNIL,Jul2_Jul15,,CThruK,PartInhibit,,LessThanAve,CDEJ,N5GtLIGt_8,,MoreUnstable,MoreUnstable,,PartInhibit,Moderate,,E,SIG,SIG,SIG,LowMtsHighPl,ModerateOrLe,Dry,ModerateOrLe,NoMajor,Other,,LittleChange,,,Westerly,WidespdDnsl
Neutral,StronUp,Down,Down,Down,Dry,Dry,Dry,Dry,Clear,PC,Clear,Clear,,,,,,,,IncCapDecIns,Increasing,,Decreasing,XNIL,May15_Jun14,I,,PartInhibit,MoreThanAve,MoreThanAve,ABI,N1GtLIGt_4,Stability,Average,Average,HI,,,,I,,SVR,SVR,LowSHighN,ModerateOrLe,Average,CloseToDryAd,MarkedUpper,DryMMoistL,DryLine,LittleChange,,,LVorOther,DenvCyclone
Down,Down,,,Down,Dry,Neutral,VeryWet,Wet,,Cloudy,Cloudy,Cloudy,Strong,Strong,Westerly,Strong,,Weak,Marked,IncCapDecIns,Increasing,StrongPos,Increasing,SIG,Jun15_Jul1,I,CThruK,PartInhibit,Average,Average,ABI,,Instability,MoreUnstable,MoreUnstable,HI,PartInhibit,Moderate,Moderate,,SVR,XNIL,SIG,LowSHighN,CloseToDryAd,Average,CloseToDryAd,OtherRapid,,,SigNegative,Moving,SWQuad,Westerly,LV
Down,StronUp,StrongUp,StrongUp,StrongUp,Neutral,Neutral,Neutral,Neutral,Clear,PC,Clear,PC,Strong,Strong,DCVZFavor,Strong,,Weak,Marked,LittleChange,LittleChange,WeakPos,Increasing,SVR,Aug20_Sep15,B,AB,,LessThanAve,LessThanAve,ABI,N1GtLIGt_4,,Average,MoreUnstable,B,,Unfavorable,,B,XNIL,XNIL,SVR,HighEvrywher,,Average,Steep,,,DenvCyclone,,QStationary,,Westerly,DenvCyclone
,Down,StrongUp,,Down,Wet,Neutral,Wet,Dry,Cloudy,PC,Cloudy,Clear,,,StrongWest,Strong,Weak,Strong,Some,IncCapDecIns,,Neutral,Increasing,XNIL,Aug20_Sep15,I,CThruK,,Average,MoreThanAve,ABI,N5GtLIGt_8,Neutral,MoreUnstable,,HI,,Moderate,Strong,I,SVR,SVR,SVR,LowMtsHighPl,Steep,Average,CloseToDryAd,OtherRapid,DryMMoistL,E_W_S,,QStationary,SWQuad,Westerly,E_NE
Down,WeakUp,Neutral,WeakUp,WeakUp,Wet,Wet,,VeryWet,PC,Cloudy,Cloudy,Cloudy,,,Westerly,,Weak,,,LittleChange,,WeakPos,,XNIL,Aug20_Sep15,A,AB,,,LessThanAve,ABI,N1GtLIGt_4,Instability,LessUnstable,LessUnstable,ACEFK,PartInhibit,Unfavorable,Slight,A,XNIL,XNIL,,HighEvrywher,ModerateOrLe,Dry,Steep,MarkedUpper,Other,DenvCyclone,,Other,SWQuad,Westerly,DenvCyclone
Neutral,,WeakUp,WeakUp,WeakUp,Neutral,Neutral,Neutral,Wet,PC,Cloudy,PC,PC,,Weak,Other,,Strong,Weak,,DecCapIncIns,Decreasing,WeakPos,,SIG,Aug20_Sep15,K,CThruK,Stifling,Average,LessThanAve,K,,Instability,MoreUnstable,MoreUnstable,ACEFK,,Moderate,Strong,K,SVR,SVR,SVR,,ModerateOrLe,Average,,StrongFront,Other,,PosToNeg,,,Westerly,WidespdDnsl
Down,Neutral,Neutral,,Neutral,Neutral,Neutral,Dry,Neutral,Clear,PC,PC,PC,Weak,Weak,DCVZFavor,Weak,Weak,Weak,Some,LittleChange,LittleChange,Neutral,,SIG,,J,CThruK,PartInhibit,MoreThanAve,,CDEJ,,Instability,MoreUnstable,,GJ,Stifling,Weak,,,,SVR,SVR,,CloseToDryAd,Dry,CloseToDryAd,NoMajor,MoistMDryL,DryLine,,,LV,LVorOther,SEQuad
WeakUp,Neutral,Neutral,,WeakUp,Dry,Dry,Wet,VeryWet,Clear,PC,Clear,PC,Strong,Strong,Other,,Strong,Strong,,DecCapIncIns,Decreasing,Neutral,Decreasing,SIG,Jul16_Aug10,,,Stifling,Average,LessThanAve,CDEJ,N1GtLIGt_4,Neutral,Average,LessUnstable,D,PartInhibit,Moderate,Moderate,D,XNIL,,SIG,LowAtStation,Stable,Dry,Steep,,Other,DryLine,,,LV,LVorOther,WidespdDnsl
WeakUp,StronUp,,,WeakUp,Neutral,VeryWet,,Dry,PC,PC,PC,PC,,Weak,Other,,Weak,Weak,,DecCapIncIns,Decreasing,WeakPos,Increasing,,May15_Jun14,A,AB,Stifling,Average,LessThanAve,ABI,N5GtLIGt_8,Neutral,Average,Average,ACEFK,,Strong,,A,SIG,SIG,SIG,HighEvrywher,ModerateOrLe,Average,,,DryMMoistL,DenvCyclone,PosToNeg,Other,,Westerly,DenvCyclone
Down,Neutral,Neutral,Neutral,Neutral,Wet,Dry,Neutral,Wet,PC,,PC,Clear,Strong,Strong,StrongWest,Strong,,Strong,Marked,LittleChange,LittleChange,Neutral,Increasing,SVR,Jun15_Jul1,B,AB,PartInhibit,LessThanAve,LessThanAve,ABI,N5GtLIGt_8,,Average,MoreUnstable,B,PartInhibit,Moderate,Strong,B,SIG,SIG,,LowSHighN,Stable,,Steep,NoMajor,DryMMoistL,DryLine,LittleChange,,LV,,DenvCyclone
WeakUp,,Down,Down,Down,Wet,,Neutral,Neutral,Cloudy,PC,Clear,Clear,Strong,Strong,Other,Weak,,,Some,IncCapDecIns,,Neutral,Increasing,SVR,Jul16_Aug10,C,CThruK,PartInhibit,LessThanAve,MoreThanAve,CDEJ,N5GtLIGt_8,Stability,Average,,ACEFK,,Weak,Strong,C,SIG,SIG,SVR,,,,Steep,,Other,E_W_N,SigPositive,Other,NWQuad,Westerly,
Neutral,Neutral,Neutral,Neutral,Neutral,Wet,Wet,,Wet,Clear,PC,Clear,Clear,Weak,Strong,,Weak,,,Some,,Decreasing,Neutral,LittleChange,,May15_Jun14,J,,,LessThanAve,,CDEJ,LIGt0,Instability,MoreUnstable,MoreUnstable,GJ,,,,J,XNIL,XNIL,SVR,LowMtsHighPl,Steep,Average,CloseToDryAd,NoMajor,MoistMDryL,Other,LittleChange,Other,LV,LVorOther,LV
Down,Neutral,Down,Neutral,Neutral,Neutral,Dry,Dry,Dry,PC,Cloudy,PC,Clear,,Strong,,Strong,Weak,Strong,Marked,,Increasing,Negative,Increasing,SVR,May15_Jun14,D,CThruK,PartInhibit,,Average,CDEJ,N1GtLIGt_4,Instability,Average,Average,D,TotalInhibit,Moderate,Slight,D,SIG,SIG,SVR,LowSHighN,CloseToDryAd,Dry,CloseToDryAd,OtherRapid,Other,DryLine,LittleChange,Moving,NWQuad,Westerly,
,Neutral,StrongUp,WeakUp,WeakUp,Dry,VeryWet,Dry,Dry,Clear,Cloudy,PC,PC,,Weak,DCVZFavor,Weak,,Weak,Some,IncCapDecIns,Increasing,,Decreasing,SIG,Aug20_Sep15,D,,Stifling,MoreThanAve,MoreThanAve,CDEJ,N5GtLIGt_8,,Average,,,Stifling,,,D,XNIL,XNIL,,LowSHighN,CloseToDryAd,VeryMoist,CloseToDryAd,MarkedUpper,MoistMDryL,DryLine,SigPositive,Other,SWQuad,LVorOther,DenvCyclone
Down,Down,Neutral,Neutral,,,Wet,Neutral,Neutral,PC,PC,PC,PC,Strong,Strong,DCVZFavor,Strong,,Strong,Some,LittleChange,LittleChange,,,XNIL,Aug20_Sep15,A,AB,PartInhibit,Average,Average,ABI,,,LessUnstable,LessUnstable,ACEFK,,Strong,Moderate,A,XNIL,SVR,,HighEvrywher,,Average,Steep,StrongFront,Other,DenvCyclone,PosToNeg,,SWQuad,LVorOther,DenvCyclone
Down,,Neutral,Neutral,Neutral,Neutral,,Neutral,Neutral,Clear,Clear,PC,,Strong,Strong,Westerly,Weak,Strong,Strong,Some,IncCapDecIns,Increasing,Neutral,LittleChange,SIG,May15_Jun14,E,CThruK,,LessThanAve,Average,CDEJ,,Neutral,Average,,ACEFK,,Unfavorable,,E,XNIL,XNIL,SIG,LowAtStation,,,ModerateOrLe,NoMajor,MoistMDryL,,LittleChange,,SWQuad,Westerly,LV
WeakUp,Down,Neutral,Down,Down,Neutral,Dry,Wet,Wet,Clear,,,,Weak,Strong,,Weak,Strong,Weak,,,LittleChange,Neutral,,XNIL,Jul16_Aug10,C,CThruK,Stifling,Average,,CDEJ,LIGt0,Stability,,Average,,Stifling,Strong,,C,XNIL,XNIL,,,Steep,Average,Steep,NoMajor,Other,E_W_N,,,NWQuad,Westerly,LongAnticyc
Down,Neutral,Neutral,Down,Down,Dry,Dry,Dry,Dry,PC,PC,Cloudy,Cloudy,,Weak,StrongWest,,Weak,Strong,Marked,IncCapDecIns,Increasing,WeakPos,Increasing,SIG,Jul16_Aug10,E,CThruK,PartInhibit,LessThanAve,Average,CDEJ,N1GtLIGt_4,Instability,,,ACEFK,PartInhibit,Moderate,,E,XNIL,XNIL,SIG,Other,Steep,Dry,Steep,OtherRapid,MoistMDryL,E_W_N,SigNegative,,AllElse,LVorOther,LongAnticyc
WeakUp,Neutral,StrongUp,WeakUp,WeakUp,Neutral,VeryWet,Wet,,PC,Clear,PC,PC,,,Other,,Weak,Weak,,LittleChange,LittleChange,Negative,,,Aug20_Sep15,J,CThruK,PartInhibit,LessThanAve,LessThanAve,CDEJ,N1GtLIGt_4,Neutral,Average,Average,GJ,,Weak,Strong,J,SVR,,SVR,LowMtsHighPl,Steep,Average,Steep,NoMajor,Other,DryLine,LittleChange,,LV,,LV
StrongUp,StronUp,WeakUp,StrongUp,StrongUp,VeryWet,Dry,VeryWet,,PC,PC,Cloudy,Cloudy,Strong,Strong,DCVZFavor,Strong,,Strong,Marked,IncCapDecIns,Increasing,Neutral,,XNIL,Jul2_Jul15,G,,PartInhibit,,MoreThanAve,G,,Neutral,MoreUnstable,MoreUnstable,GJ,,Moderate,Moderate,G,SIG,,SIG,LowEvrywhere,CloseToDryAd,Dry,CloseToDryAd,NoMajor,Other,,,,AllElse,Westerly,LongAnticyc
WeakUp,Neutral,Neutral,Neutral,Neutral,Wet,Wet,Wet,,Clear,,PC,PC,,Weak,StrongWest,Strong,,Weak,Some,LittleChange,,Negative,Decreasing,SIG,May15_Jun14,K,CThruK,PartInhibit,LessThanAve,LessThanAve,K,,Instability,Average,,ACEFK,PartInhibit,Weak,Slight,,,SIG,SIG,LowEvrywhere,ModerateOrLe,Dry,ModerateOrLe,StrongFront,MoistMDryL,E_W_N,SigPositive,QStationary,NWQuad,Westerly,WidespdDnsl
Down,Down,Neutral,,Neutral,Neutral,VeryWet,Dry,,Clear,PC,PC,Clear,Strong,Strong,Other,Weak,Weak,,Some,LittleChange,LittleChange,Neutral,LittleChange,SVR,Jul2_Jul15,D,CThruK,TotalInhibit,MoreThanAve,MoreThanAve,CDEJ,N5GtLIGt_8,Instability,MoreUnstable,Average,D,PartInhibit,Moderate,Strong,D,XNIL,XNIL,SVR,LowSHighN,CloseToDryAd,Dry,CloseToDryAd,OtherRapid,,,,Other,AllElse,,SEQuad
Neutral,,StrongUp,WeakUp,WeakUp,,Wet,,Wet,PC,Clear,Clear,Clear,Strong,,StrongWest,Strong,,Strong,Some,LittleChange,,Negative,LittleChange,SIG,Aug20_Sep15,G,,,LessThanAve,LessThanAve,G,N1GtLIGt_4,Stability,Average,Average,GJ,Stifling,Moderate,Slight,,SIG,SIG,SIG,LowSHighN,CloseToDryAd,,CloseToDryAd,MarkedUpper,MoistMDryL,DryLine,SigNegative,,NWQuad,Westerly,LongAnticyc
WeakUp,StronUp,,StrongUp,,Wet,Dry,,VeryWet,PC,Clear,Clear,PC,Strong,Strong,StrongWest,Strong,Weak,Weak,Marked,LittleChange,LittleChange,Negative,LittleChange,SVR,Jul16_Aug10,H,CThruK,,Average,Average,H,,Stability,LessUnstable,LessUnstable,HI,PartInhibit,Unfavorable,,H,XNIL,XNIL,SVR,HighEvrywher,Stable,,,MarkedUpper,Other,MovingFtorOt,,Moving,LV,Westerly,
StrongUp,Neutral,Neutral,WeakUp,WeakUp,Neutral,Neutral,Neutral,Wet,PC,Clear,Cloudy,Cloudy,Strong,Strong,Westerly,Weak,Strong,Strong,Marked,,Increasing,StrongPos,Increasing,SIG,May15_Jun14,K,CThruK,Stifling,MoreThanAve,MoreThanAve,K,N1GtLIGt_4,Instability,,MoreUnstable,ACEFK,PartInhibit,Weak,,,SIG,SIG,SIG,Other,ModerateOrLe,Dry,Steep,,Other,MovingFtorOt,SigNegative,,NWQuad,LVorOther,LongAnticyc
,Neutral,Neutral,Neutral,Neutral,,,Neutral,Dry,PC,Clear,Clear,Clear,,Weak,StrongWest,,Strong,Weak,,LittleChange,,,LittleChange,,Jul2_Jul15,E,CThruK,PartInhibit,Average,Average,CDEJ,N5GtLIGt_8,Stability,Average,LessUnstable,,,Weak,Strong,,XNIL,XNIL,XNIL,LowSHighN,CloseToDryAd,Average,ModerateOrLe,MarkedUpper,MoistMDryL,E_W_N,,,SWQuad,LVorOther,
StrongUp,StronUp,Down,WeakUp,WeakUp,Dry,Wet,Wet,Wet,Cloudy,,Cloudy,PC,,Weak,DCVZFavor,,Weak,Weak,,LittleChange,LittleChange,Neutral,Decreasing,XNIL,Jul2_Jul15,I,CThruK,,LessThanAve,LessThanAve,ABI,N5GtLIGt_8,Stability,,LessUnstable,HI,PartInhibit,Unfavorable,,I,XNIL,,,LowSHighN,ModerateOrLe,,Steep,,Other,,PosToNeg,Moving,NWQuad,LVorOther,SEQuad
WeakUp,WeakUp,,Neutral,Neutral,Wet,Neutral,Wet,Wet,,Clear,,Cloudy,,Strong,DCVZFavor,Strong,,Strong,Some,IncCapDecIns,Increasing,StrongPos,Increasing,SVR,May15_Jun14,B,AB,PartInhibit,LessThanAve,LessThanAve,ABI,N1GtLIGt_4,Stability,Average,MoreUnstable,B,,Strong,Strong,B,SIG,SIG,SVR,,ModerateOrLe,Average,,NoMajor,,,LittleChange,Other,,LVorOther,SEQuad
,,Neutral,Neutral,Neutral,Neutral,Neutral,,Neutral,PC,PC,PC,,Weak,Weak,Westerly,Weak,Strong,Weak,Some,IncCapDecIns,Increasing,Negative,,SIG,Jun15_Jul1,I,CThruK,,Average,MoreThanAve,ABI,,Stability,LessUnstable,,HI,,Weak,Slight,I,XNIL,,,LowSHighN,Steep,Average,Steep,MarkedUpper,DryMMoistL,E_W_S,,QStationary,SWQuad,,DenvCyclone
Down,,StrongUp,Neutral,Neutral,Dry,Dry,,Dry,Clear,PC,Clear,Clear,Strong,Strong,StrongWest,Strong,Strong,,Marked,,Decreasing,Negative,Decreasing,XNIL,Jul2_Jul15,,CThruK,PartInhibit,Average,LessThanAve,CDEJ,N5GtLIGt_8,Neutral,MoreUnstable,Average,GJ,PartInhibit,Moderate,Slight,J,SIG,SIG,SIG,,Steep,Dry,ModerateOrLe,NoMajor,MoistMDryL,DryLine,LittleChange,Other,LV,LVorOther,SEQuad
Down,WeakUp,Neutral,WeakUp,WeakUp,Dry,VeryWet,VeryWet,VeryWet,Clear,PC,Clear,Cloudy,Strong,Strong,Westerly,Weak,,,Marked,IncCapDecIns,Increasing,Negative,Decreasing,XNIL,Jul2_Jul15,C,CThruK,PartInhibit,Average,,,N1GtLIGt_4,Neutral,MoreUnstable,MoreUnstable,,,,,C,SIG,SIG,SIG,LowNHighS,Steep,,CloseToDryAd,,MoistMDryL,E_W_N,NegToPos,Other,AllElse,Westerly,LongAnticyc
WeakUp,Neutral,Down,,Down,Neutral,Neutral,Neutral,Dry,PC,PC,PC,PC,,,Westerly,Weak,,Weak,Marked,IncCapDecIns,Increasing,Neutral,LittleChange,SVR,,D,CThruK,,LessThanAve,Average,CDEJ,N1GtLIGt_4,Stability,LessUnstable,,,PartInhibit,Weak,,D,,SIG,SVR,LowSHighN,CloseToDryAd,,CloseToDryAd,OtherRapid,MoistMDryL,DryLine,PosToNeg,QStationary,AllElse,Westerly,WidespdDnsl
StrongUp,Neutral,Neutral,WeakUp,WeakUp,Neutral,Dry,Neutral,Neutral,Cloudy,,Cloudy,Cloudy,,,Westerly,,Weak,Weak,,DecCapIncIns,Decreasing,Negative,,XNIL,Aug11_Aug20,B,AB,PartInhibit,,LessThanAve,,N1GtLIGt_4,Stability,LessUnstable,LessUnstable,B,Stifling,Strong,,B,,XNIL,XNIL,LowSHighN,,Average,Steep,NoMajor,Other,DenvCyclone,LittleChange,Other,,Westerly,E_NE
Neutral,WeakUp,Neutral,Neutral,Neutral,Dry,Neutral,Wet,VeryWet,,Cloudy,Cloudy,Cloudy,,,StrongWest,,,,,IncCapDecIns,,WeakPos,Increasing,XNIL,Aug11_Aug20,B,AB,PartInhibit,LessThanAve,Average,ABI,N5GtLIGt_8,Stability,LessUnstable,Average,B,,Unfavorable,,B,XNIL,XNIL,XNIL,LowSHighN,Steep,VeryMoist,Steep,NoMajor,DryMMoistL,DenvCyclone,LittleChange,Other,AllElse,,
WeakUp,Neutral,Neutral,,Neutral,Wet,Dry,,Neutral,Clear,PC,Clear,Clear,Weak,Weak,Westerly,Weak,,Weak,,LittleChange,LittleChange,WeakPos,LittleChange,SIG,Aug11_Aug20,E,CThruK,PartInhibit,Average,Average,,,Instability,MoreUnstable,,ACEFK,PartInhibit,Weak,,E,XNIL,XNIL,SIG,LowEvrywhere,CloseToDryAd,Dry,,NoMajor,,E_W_N,SigNegative,,SWQuad,LVorOther,DenvCyclone
Neutral,Down,WeakUp,Neutral,Neutral,Neutral,Neutral,Neutral,,Clear,Clear,Clear,Clear,,Strong,Westerly,Weak,Weak,Weak,Marked,IncCapDecIns,Increasing,Negative,LittleChange,XNIL,May15_Jun14,G,,PartInhibit,LessThanAve,LessThanAve,G,N1GtLIGt_4,Stability,Average,Average,GJ,Stifling,Moderate,,G,XNIL,,XNIL,,CloseToDryAd,,Steep,NoMajor,MoistMDryL,,PosToNeg,,NWQuad,Westerly,WidespdDnsl
Down,StronUp,WeakUp,StrongUp,StrongUp,Wet,Neutral,,VeryWet,Clear,Clear,Clear,,Strong,Strong,Other,,Weak,Weak,,,Decreasing,Neutral,LittleChange,SIG,Jul2_Jul15,,CThruK,PartInhibit,LessThanAve,LessThanAve,ABI,N1GtLIGt_4,,MoreUnstable,Average,HI,PartInhibit,Weak,,I,XNIL,XNIL,SIG,LowSHighN,Steep,Average,CloseToDryAd,MarkedUpper,DryMMoistL,MovingFtorOt,,,SWQuad,Westerly,LV
Neutral,WeakUp,Down,Neutral,Neutral,Dry,VeryWet,Dry,Neutral,Clear,Clear,Clear,Clear,Weak,Strong,,Strong,Weak,Strong,Some,IncCapDecIns,Increasing,StrongPos,Increasing,SIG,Aug20_Sep15,I,CThruK,PartInhibit,Average,MoreThanAve,ABI,N1GtLIGt_4,Instability,Average,Average,HI,,Strong,Strong,I,SVR,SVR,SVR,LowSHighN,Steep,Average,ModerateOrLe,OtherRapid,DryMMoistL,E_W_S,LittleChange,Moving,LV,LVorOther,
Neutral,Neutral,Down,Neutral,Neutral,VeryWet,Wet,VeryWet,VeryWet,PC,Clear,Clear,Clear,Weak,Strong,DCVZFavor,Weak,Strong,Weak,Marked,IncCapDecIns,Increasing,Neutral,,SIG,Aug20_Sep15,C,CThruK,,,Average,CDEJ,N1GtLIGt_4,Stability,,LessUnstable,ACEFK,TotalInhibit,Moderate,Slight,C,XNIL,XNIL,SIG,LowEvrywhere,Steep,Dry,Steep,,MoistMDryL,E_W_N,,,NWQuad,Westerly,WidespdDnsl
Down,Down,Down,,Down,Dry,Neutral,Dry,Dry,Clear,Clear,Clear,Clear,Weak,Strong,,,,Strong,,IncCapDecIns,Increasing,StrongPos,Increasing,SIG,Aug20_Sep15,E,CThruK,Stifling,Average,Average,CDEJ,LIGt0,Instability,MoreUnstable,MoreUnstable,ACEFK,Stifling,Unfavorable,,E,XNIL,XNIL,,LowSHighN,,Average,,NoMajor,MoistMDryL,,LittleChange,QStationary,,Westerly,WidespdDnsl
Neutral,Neutral,Neutral,Neutral,Neutral,Neutral,,Neutral,Neutral,Clear,PC,Clear,Clear,Weak,Weak,Other,,,,,LittleChange,LittleChange,StrongPos,Increasing,SIG,May15_Jun14,I,CThruK,,LessThanAve,LessThanAve,,LILt_8,Instability,,MoreUnstable,HI,PartInhibit,Moderate,,I,XNIL,XNIL,SIG,LowSHighN,Steep,Dry,Steep,StrongFront,Other,MovingFtorOt,,QStationary,,Westerly,DenvCyclone
StrongUp,StronUp,Down,Neutral,Neutral,Neutral,Wet,Neutral,Neutral,PC,Clear,Clear,Clear,,Strong,Other,,,Weak,Marked,IncCapDecIns,Increasing,WeakPos,Increasing,SIG,Aug11_Aug20,C,CThruK,PartInhibit,Average,MoreThanAve,CDEJ,N1GtLIGt_4,Instability,MoreUnstable,MoreUnstable,ACEFK,PartInhibit,Weak,,C,SVR,SVR,SVR,Other,CloseToDryAd,Dry,Steep,MarkedUpper,DryMMoistL,E_W_N,SigPositive,,NWQuad,Westerly,LongAnticyc
,StronUp,Neutral,StrongUp,,Neutral,,Neutral,Wet,PC,PC,PC,Cloudy,,,Westerly,,,Weak,,LittleChange,LittleChange,Negative,LittleChange,XNIL,Aug11_Aug20,B,AB,,LessThanAve,LessThanAve,ABI,N1GtLIGt_4,Stability,LessUnstable,LessUnstable,B,,Strong,Strong,B,XNIL,XNIL,XNIL,,ModerateOrLe,Average,Steep,OtherRapid,Other,DenvCyclone,LittleChange,,SWQuad,LVorOther,DenvCyclone
,Down,Neutral,Down,Down,Dry,Neutral,Wet,VeryWet,Clear,,,Clear,,Strong,Westerly,Weak,,Weak,Some,IncCapDecIns,Increasing,Negative,LittleChange,SIG,Aug20_Sep15,B,AB,Stifling,MoreThanAve,MoreThanAve,ABI,N1GtLIGt_4,Neutral,LessUnstable,LessUnstable,B,Stifling,Strong,Moderate,B,SIG,SIG,SIG,HighEvrywher,Steep,VeryMoist,ModerateOrLe,,Other,DenvCyclone,PosToNeg,Other,NWQuad,Westerly,DenvCyclone
WeakUp,StronUp,Neutral,StrongUp,,Wet,Wet,Neutral,Wet,PC,PC,PC,Cloudy,Strong,Strong,,Strong,,Weak,Marked,LittleChange,,StrongPos,Increasing,,Aug20_Sep15,J,CThruK,,LessThanAve,LessThanAve,CDEJ,,Stability,Average,MoreUnstable,,Stifling,Moderate,,J,XNIL,,SIG,LowMtsHighPl,ModerateOrLe,Dry,Steep,NoMajor,DryMMoistL,DryLine,LittleChange,,,,LV
Neutral,Neutral,Neutral,Neutral,Neutral,Wet,,Neutral,Neutral,Clear,PC,PC,PC,,Weak,,Weak,,Weak,Some,LittleChange,LittleChange,StrongPos,Increasing,SIG,Aug20_Sep15,,CThruK,,LessThanAve,LessThanAve,CDEJ,N5GtLIGt_8,Stability,,Average,ACEFK,,,Strong,,XNIL,XNIL,SIG,LowEvrywhere,,Dry,Steep,MarkedUpper,MoistMDryL,E_W_S,NegToPos,Other,AllElse,LVorOther,LV
,Neutral,Neutral,Neutral,Neutral,,Neutral,Wet,Neutral,PC,PC,PC,PC,,,StrongWest,,,,,IncCapDecIns,Increasing,,Increasing,XNIL,May15_Jun14,D,CThruK,PartInhibit,Average,,CDEJ,N1GtLIGt_4,Stability,Average,MoreUnstable,D,PartInhibit,Weak,,D,SVR,SVR,SVR,,ModerateOrLe,Average,Steep,StrongFront,Other,,PosToNeg,Other,SWQuad,LVorOther,SEQuad
StrongUp,StronUp,Neutral,StrongUp,StrongUp,Dry,Wet,Wet,VeryWet,PC,Clear,Clear,Clear,,Strong,DCVZFavor,Weak,Strong,Strong,Some,,Decreasing,WeakPos,Increasing,,,G,CThruK,PartInhibit,Average,Average,G,N5GtLIGt_8,Stability,MoreUnstable,MoreUnstable,GJ,PartInhibit,Moderate,Moderate,G,XNIL,,SIG,LowEvrywhere,CloseToDryAd,,CloseToDryAd,NoMajor,MoistMDryL,,,,LV,Westerly,LV
StrongUp,Down,,Neutral,Neutral,Neutral,Dry,Neutral,Wet,PC,PC,Cloudy,,,Strong,DCVZFavor,,Weak,Weak,,,,Negative,,SIG,Aug20_Sep15,K,CThruK,Stifling,MoreThanAve,MoreThanAve,K,,Instability,Average,Average,ACEFK,PartInhibit,Moderate,Slight,K,XNIL,XNIL,SIG,,ModerateOrLe,Dry,Steep,StrongFront,Other,DryLine,SigPositive,QStationary,NWQuad,LVorOther,WidespdDnsl
Neutral,WeakUp,Down,,Neutral,Dry,Wet,Dry,Dry,Clear,Clear,Clear,Clear,Strong,Strong,StrongWest,Weak,Weak,Weak,,IncCapDecIns,Increasing,StrongPos,Increasing,SIG,Aug20_Sep15,J,CThruK,Stifling,Average,MoreThanAve,CDEJ,N5GtLIGt_8,,,LessUnstable,GJ,PartInhibit,Strong,Moderate,J,XNIL,XNIL,SIG,LowEvrywhere,Stable,Average,Steep,NoMajor,MoistMDryL,DryLine,PosToNeg,,LV,LVorOther,LV
Neutral,,,,StrongUp,Neutral,Neutral,,,Clear,Cloudy,,Cloudy,,,DCVZFavor,,,Weak,,LittleChange,LittleChange,Neutral,Increasing,XNIL,Jul16_Aug10,J,CThruK,PartInhibit,LessThanAve,LessThanAve,,,Stability,LessUnstable,,GJ,PartInhibit,,Moderate,J,XNIL,,XNIL,LowAtStation,ModerateOrLe,Dry,CloseToDryAd,NoMajor,,E_W_S,,,LV,LVorOther,
StrongUp,Neutral,,StrongUp,,Neutral,Dry,Neutral,Wet,Clear,PC,PC,Cloudy,Weak,Weak,Westerly,Weak,,Weak,Some,DecCapIncIns,Decreasing,Negative,Decreasing,XNIL,Aug20_Sep15,H,CThruK,PartInhibit,LessThanAve,LessThanAve,H,LILt_8,Instability,,Average,HI,,Moderate,Strong,H,SIG,SIG,SIG,LowMtsHighPl,Stable,Average,CloseToDryAd,,Other,,,Moving,,LVorOther,SEQuad
WeakUp,WeakUp,WeakUp,WeakUp,WeakUp,Neutral,Dry,Neutral,Neutral,,PC,Cloudy,Cloudy,Weak,Strong,Westerly,Strong,,Weak,Marked,DecCapIncIns,Decreasing,Negative,Decreasing,SIG,Aug20_Sep15,B,AB,PartInhibit,LessThanAve,,ABI,N1GtLIGt_4,Instability,Average,LessUnstable,B,,Strong,Strong,B,SVR,SVR,SVR,LowMtsHighPl,Stable,Average,Steep,,DryMMoistL,DenvCyclone,LittleChange,Other,NWQuad,Westerly,DenvCyclone
Down,,Neutral,Down,Down,VeryWet,Dry,Dry,Dry,PC,Clear,,PC,,,Westerly,,,,,IncCapDecIns,Increasing,Negative,LittleChange,XNIL,Jul16_Aug10,,CThruK,PartInhibit,LessThanAve,,CDEJ,N5GtLIGt_8,Stability,LessUnstable,Average,GJ,,,Moderate,J,XNIL,XNIL,XNIL,HighEvrywher,Steep,,CloseToDryAd,NoMajor,DryMMoistL,DenvCyclone,,QStationary,LV,LVorOther,LV
Neutral,Neutral,Neutral,Neutral,,Neutral,Neutral,,Wet,,PC,Cloudy,Cloudy,Strong,Strong,StrongWest,Strong,,Strong,Marked,LittleChange,LittleChange,WeakPos,LittleChange,SIG,Jul2_Jul15,K,CThruK,,Average,Average,,N1GtLIGt_4,Instability,MoreUnstable,MoreUnstable,ACEFK,,,,K,XNIL,XNIL,SIG,,Stable,Average,ModerateOrLe,,DryMMoistL,MovingFtorOt,SigPositive,,,LVorOther,WidespdDnsl
WeakUp,Neutral,StrongUp,Neutral,Neutral,,VeryWet,Neutral,Dry,Clear,Clear,Clear,Clear,,,,,,Weak,,IncCapDecIns,,StrongPos,,XNIL,Jun15_Jul1,I,CThruK,PartInhibit,LessThanAve,Average,ABI,LIGt0,Instability,Average,MoreUnstable,HI,PartInhibit,Weak,,I,,XNIL,XNIL,,Stable,Average,,NoMajor,DryMMoistL,E_W_S,SigPositive,QStationary,SWQuad,,DenvCyclone
WeakUp,,WeakUp,,WeakUp,Dry,Dry,Neutral,Neutral,PC,PC,Clear,Clear,,,Other,,Strong,,,LittleChange,LittleChange,Neutral,,XNIL,,J,,Stifling,MoreThanAve,,CDEJ,N1GtLIGt_4,,LessUnstable,LessUnstable,GJ,,Weak,Moderate,,SIG,SIG,SIG,LowAtStation,,VeryMoist,ModerateOrLe,NoMajor,Other,,LittleChange,Other,LV,LVorOther,LongAnticyc
,,,Neutral,Neutral,Neutral,,,Neutral,,,Cloudy,Cloudy,,,DCVZFavor,,,Weak,,,Increasing,Neutral,Increasing,XNIL,,E,CThruK,,Average,MoreThanAve,CDEJ,LILt_8,,MoreUnstable,MoreUnstable,ACEFK,,Strong,,E,SVR,SVR,SVR,LowAtStation,,Average,,OtherRapid,MoistMDryL,,NegToPos,Other,SWQuad,LVorOther,LongAnticyc
WeakUp,Down,WeakUp,Neutral,Neutral,Dry,VeryWet,VeryWet,,PC,PC,,PC,Strong,Strong,Westerly,,,,Some,LittleChange,LittleChange,Neutral,Increasing,SVR,Jul2_Jul15,A,AB,PartInhibit,Average,,ABI,N5GtLIGt_8,Stability,Average,MoreUnstable,ACEFK,,Moderate,Strong,A,SVR,SVR,SVR,LowNHighS,Stable,VeryMoist,Steep,StrongFront,DryMMoistL,E_W_S,,Other,SWQuad,Westerly,DenvCyclone
,StronUp,Neutral,WeakUp,WeakUp,Neutral,Neutral,Dry,Dry,Clear,PC,PC,PC,,,,,,,,LittleChange,,StrongPos,LittleChange,XNIL,Aug20_Sep15,K,CThruK,Stifling,Average,Average,K,,Stability,MoreUnstable,Average,ACEFK,PartInhibit,Weak,,K,,,XNIL,Other,Steep,Average,CloseToDryAd,MarkedUpper,DryMMoistL,,SigNegative,,NWQuad,LVorOther,WidespdDnsl
Neutral,Down,WeakUp,Neutral,,Wet,Neutral,Neutral,Wet,PC,Clear,Cloudy,Cloudy,Weak,Weak,Westerly,Weak,,Weak,Some,,LittleChange,WeakPos,Decreasing,SIG,Jul2_Jul15,B,AB,Stifling,MoreThanAve,MoreThanAve,ABI,N1GtLIGt_4,,MoreUnstable,MoreUnstable,,,Moderate,Strong,B,SVR,SVR,SVR,HighEvrywher,Stable,VeryMoist,Steep,NoMajor,DryMMoistL,DenvCyclone,LittleChange,,AllElse,Westerly,SEQuad
Neutral,Neutral,,Neutral,,Neutral,VeryWet,VeryWet,VeryWet,Clear,Cloudy,Clear,PC,,,DCVZFavor,,,,,IncCapDecIns,Increasing,,Increasing,XNIL,Jul2_Jul15,A,AB,,LessThanAve,LessThanAve,ABI,N5GtLIGt_8,,Average,MoreUnstable,ACEFK,TotalInhibit,Moderate,Slight,A,SIG,SIG,SIG,HighEvrywher,ModerateOrLe,VeryMoist,Steep,MarkedUpper,DryMMoistL,E_W_S,NegToPos,Other,SWQuad,Westerly,DenvCyclone
Down,Neutral,Neutral,Neutral,,Dry,Neutral,VeryWet,Wet,Cloudy,,Cloudy,,Weak,Weak,StrongWest,Weak,Weak,,Some,LittleChange,LittleChange,Negative,Decreasing,XNIL,May15_Jun14,A,AB,TotalInhibit,Average,,ABI,N5GtLIGt_8,Neutral,Average,Average,ACEFK,PartInhibit,Moderate,,A,XNIL,XNIL,XNIL,LowMtsHighPl,,Average,Steep,OtherRapid,Other,DenvCyclone,LittleChange,Other,,Westerly,DenvCyclone
StrongUp,StronUp,,WeakUp,WeakUp,Dry,Neutral,,VeryWet,Clear,PC,Clear,PC,Weak,Strong,Other,,,,,DecCapIncIns,Decreasing,Negative,Decreasing,SIG,Jul16_Aug10,,AB,PartInhibit,Average,Average,ABI,N5GtLIGt_8,Neutral,MoreUnstable,MoreUnstable,ACEFK,,Moderate,Strong,A,SVR,SVR,SVR,HighEvrywher,CloseToDryAd,Average,Steep,MarkedUpper,DryMMoistL,DenvCyclone,NegToPos,Other,AllElse,,DenvCyclone
Neutral,StronUp,WeakUp,WeakUp,WeakUp,Neutral,Neutral,Dry,Dry,Clear,Clear,Clear,Clear,,,,,,,,LittleChange,,Neutral,LittleChange,XNIL,May15_Jun14,E,CThruK,PartInhibit,Average,Average,CDEJ,,Instability,MoreUnstable,,ACEFK,PartInhibit,Moderate,Moderate,,SVR,SVR,SVR,LowEvrywhere,Steep,Dry,ModerateOrLe,OtherRapid,MoistMDryL,,NegToPos,,SWQuad,Westerly,DenvCyclone
,Neutral,Down,Neutral,Neutral,,Neutral,,,Clear,,Clear,Clear,,,DCVZFavor,,,,,LittleChange,LittleChange,,LittleChange,XNIL,May15_Jun14,A,AB,PartInhibit,Average,Average,ABI,,Neutral,LessUnstable,LessUnstable,ACEFK,,,,,XNIL,XNIL,XNIL,LowNHighS,ModerateOrLe,Dry,Steep,MarkedUpper,DryMMoistL,,LittleChange,Moving,SWQuad,LVorOther,DenvCyclone
Down,StronUp,,Down,,Neutral,Wet,Neutral,Dry,PC,PC,PC,,Weak,Strong,Westerly,Strong,Weak,Weak,Marked,,Increasing,Negative,Decreasing,XNIL,,E,CThruK,TotalInhibit,MoreThanAve,MoreThanAve,CDEJ,N5GtLIGt_8,Neutral,MoreUnstable,LessUnstable,ACEFK,PartInhibit,Weak,,E,SIG,SIG,SIG,Other,CloseToDryAd,Average,ModerateOrLe,NoMajor,Other,DryLine,SigNegative,,,LVorOther,LV
Neutral,StronUp,StrongUp,,,,VeryWet,VeryWet,VeryWet,Clear,Cloudy,Cloudy,Cloudy,Strong,Strong,Other,,,Weak,,LittleChange,LittleChange,WeakPos,LittleChange,SVR,,A,AB,,LessThanAve,LessThanAve,ABI,N1GtLIGt_4,Instability,MoreUnstable,MoreUnstable,ACEFK,PartInhibit,Strong,Strong,A,SVR,,SVR,Other,ModerateOrLe,VeryMoist,CloseToDryAd,StrongFront,DryMMoistL,DenvCyclone,SigNegative,Other,SWQuad,Westerly,LV
WeakUp,Neutral,WeakUp,WeakUp,WeakUp,Neutral,,Wet,,Cloudy,,PC,Cloudy,,,Other,,Strong,,,LittleChange,LittleChange,Negative,Decreasing,XNIL,Jun15_Jul1,,CThruK,TotalInhibit,MoreThanAve,,G,N1GtLIGt_4,Instability,,Average,GJ,,Weak,Slight,G,SIG,SIG,SIG,LowAtStation,CloseToDryAd,Average,CloseToDryAd,OtherRapid,MoistMDryL,DryLine,SigNegative,,SWQuad,,LongAnticyc
WeakUp,WeakUp,WeakUp,WeakUp,WeakUp,VeryWet,Wet,Wet,Wet,PC,Cloudy,Cloudy,Cloudy,Strong,Strong,DCVZFavor,Weak,Weak,Strong,Marked,IncCapDecIns,Increasing,WeakPos,Increasing,,May15_Jun14,K,CThruK,PartInhibit,,MoreThanAve,K,N5GtLIGt_8,Stability,MoreUnstable,MoreUnstable,ACEFK,PartInhibit,Weak,,K,XNIL,,SVR,Other,CloseToDryAd,VeryMoist,Steep,,DryMMoistL,MovingFtorOt,SigPositive,Moving,AllElse,Westerly,LongAnticyc
Down,Neutral,,Neutral,Neutral,VeryWet,,Wet,Wet,Clear,Clear,,Clear,,,Westerly,,,,,LittleChange,LittleChange,Neutral,Decreasing,,Jul16_Aug10,A,AB,,LessThanAve,LessThanAve,ABI,N5GtLIGt_8,Stability,Average,LessUnstable,ACEFK,Stifling,Moderate,,A,XNIL,XNIL,XNIL,Other,Stable,Average,Steep,OtherRapid,Other,DenvCyclone,SigNegative,Other,SWQuad,Westerly,DenvCyclone
WeakUp,Down,Neutral,,Neutral,Neutral,VeryWet,Wet,Wet,Clear,Clear,Clear,Clear,,,Other,,Weak,Weak,,LittleChange,LittleChange,Neutral,LittleChange,XNIL,Aug20_Sep15,D,CThruK,TotalInhibit,MoreThanAve,MoreThanAve,CDEJ,N1GtLIGt_4,Neutral,Average,Average,D,PartInhibit,Strong,Strong,,SVR,SVR,SVR,HighEvrywher,Stable,Average,Steep,MarkedUpper,DryMMoistL,DenvCyclone,SigNegative,,NWQuad,Westerly,
WeakUp,,Down,StrongUp,StrongUp,Wet,VeryWet,,VeryWet,,PC,PC,Cloudy,Strong,Strong,StrongWest,Strong,Weak,Weak,Some,LittleChange,LittleChange,StrongPos,LittleChange,SIG,Aug20_Sep15,J,,TotalInhibit,MoreThanAve,MoreThanAve,CDEJ,N1GtLIGt_4,,LessUnstable,LessUnstable,GJ,,Moderate,Strong,,XNIL,XNIL,SIG,LowAtStation,ModerateOrLe,Average,Steep,OtherRapid,Other,DryLine,LittleChange,,LV,LVorOther,SEQuad
Neutral,Neutral,Neutral,Neutral,Neutral,,Neutral,Dry,,PC,,Cloudy,Cloudy,,,DCVZFavor,,Strong,Weak,,IncCapDecIns,Increasing,Negative,,XNIL,Jul2_Jul15,J,CThruK,PartInhibit,LessThanAve,LessThanAve,,LILt_8,Instability,MoreUnstable,MoreUnstable,GJ,PartInhibit,Strong,Slight,J,XNIL,XNIL,XNIL,LowMtsHighPl,ModerateOrLe,Average,ModerateOrLe,NoMajor,MoistMDryL,,NegToPos,,LV,LVorOther,SEQuad
Down,,Down,Neutral,Neutral,Wet,VeryWet,VeryWet,Wet,,Clear,Clear,Clear,Strong,Strong,,Strong,Strong,Weak,Marked,IncCapDecIns,,Neutral,Decreasing,SVR,May15_Jun14,E,,Stifling,MoreThanAve,MoreThanAve,CDEJ,LIGt0,Stability,,LessUnstable,,PartInhibit,Moderate,Slight,E,XNIL,XNIL,SVR,LowSHighN,Stable,Average,,NoMajor,MoistMDryL,DenvCyclone,,,AllElse,Westerly,WidespdDnsl
Neutral,Down,Neutral,,Neutral,Wet,Dry,Wet,,PC,Clear,Clear,Clear,,Strong,,Strong,,,,DecCapIncIns,Decreasing,Neutral,,XNIL,Jun15_Jul1,G,CThruK,,MoreThanAve,MoreThanAve,G,N5GtLIGt_8,Stability,Average,Average,GJ,,Moderate,Strong,G,,SVR,SVR,,CloseToDryAd,Dry,CloseToDryAd,NoMajor,Other,,SigNegative,,LV,LVorOther,LongAnticyc
,StronUp,Neutral,WeakUp,WeakUp,Neutral,,Dry,Dry,PC,,PC,PC,,Strong,Other,,Weak,Weak,Marked,IncCapDecIns,Increasing,Negative,,SIG,May15_Jun14,G,CThruK,,,MoreThanAve,G,N5GtLIGt_8,Stability,Average,Average,GJ,PartInhibit,Moderate,Slight,G,SIG,SIG,,,Steep,,CloseToDryAd,MarkedUpper,Other,Other,SigNegative,,,Westerly,WidespdDnsl
Down,Neutral,,Down,Down,Dry,Wet,Wet,Neutral,Cloudy,Clear,Cloudy,Cloudy,,,Other,,Weak,Weak,,IncCapDecIns,Increasing,Neutral,Increasing,,Jul2_Jul15,G,CThruK,PartInhibit,LessThanAve,,G,,Stability,Average,Average,GJ,,Unfavorable,,G,XNIL,XNIL,,LowAtStation,,Dry,CloseToDryAd,NoMajor,MoistMDryL,,LittleChange,,SWQuad,LVorOther,LongAnticyc
,Neutral,StrongUp,WeakUp,WeakUp,,,Neutral,Neutral,PC,Cloudy,,PC,,Weak,Other,,,,Some,IncCapDecIns,Increasing,Negative,LittleChange,SVR,Aug20_Sep15,G,CThruK,,MoreThanAve,,,N1GtLIGt_4,Instability,LessUnstable,Average,GJ,,Weak,Moderate,G,SVR,SVR,SVR,LowAtStation,CloseToDryAd,Dry,Steep,NoMajor,MoistMDryL,DryLine,LittleChange,,AllElse,Westerly,WidespdDnsl
Neutral,Neutral,,Neutral,Neutral,VeryWet,Dry,VeryWet,,PC,Cloudy,Cloudy,Cloudy,Strong,,DCVZFavor,Weak,Strong,Strong,Some,IncCapDecIns,Increasing,Negative,,SIG,May15_Jun14,B,AB,PartInhibit,Average,MoreThanAve,ABI,LIGt0,,LessUnstable,LessUnstable,B,,Unfavorable,,,,,,HighEvrywher,ModerateOrLe,,Steep,NoMajor,DryMMoistL,Other,LittleChange,Moving,LV,Westerly,DenvCyclone
Down,Neutral,StrongUp,Neutral,Neutral,,,,Wet,Clear,Clear,Clear,Clear,,Strong,Westerly,Strong,,,,DecCapIncIns,,Neutral,Decreasing,SVR,May15_Jun14,B,,,,LessThanAve,ABI,N1GtLIGt_4,Instability,LessUnstable,LessUnstable,B,,Moderate,Moderate,B,SVR,SVR,,HighEvrywher,Steep,Dry,Steep,NoMajor,Other,E_W_S,PosToNeg,Other,SWQuad,LVorOther,DenvCyclone
Down,,Neutral,Down,Down,,VeryWet,Wet,Wet,PC,Clear,Clear,,,Weak,Westerly,Strong,,Weak,Some,,LittleChange,Neutral,Increasing,SVR,Aug20_Sep15,K,CThruK,PartInhibit,Average,Average,K,N1GtLIGt_4,Stability,LessUnstable,LessUnstable,ACEFK,,Weak,,,XNIL,SIG,SVR,LowAtStation,,Dry,,MarkedUpper,DryMMoistL,MovingFtorOt,NegToPos,,AllElse,LVorOther,LV
Neutral,,Down,Neutral,Neutral,Neutral,Dry,Dry,Dry,Clear,Clear,,PC,Weak,Strong,DCVZFavor,,,Weak,Marked,IncCapDecIns,,Negative,,XNIL,May15_Jun14,E,CThruK,Stifling,MoreThanAve,MoreThanAve,CDEJ,N1GtLIGt_4,Neutral,LessUnstable,LessUnstable,ACEFK,,Weak,Slight,E,,XNIL,XNIL,LowEvrywhere,CloseToDryAd,Average,ModerateOrLe,NoMajor,MoistMDryL,,,,SWQuad,Westerly,LV
WeakUp,Neutral,StrongUp,StrongUp,StrongUp,Neutral,Wet,VeryWet,VeryWet,PC,PC,PC,Cloudy,Strong,Strong,DCVZFavor,Strong,,Strong,Marked,DecCapIncIns,Decreasing,Negative,LittleChange,XNIL,,B,AB,Stifling,Average,LessThanAve,ABI,LILt_8,Stability,LessUnstable,LessUnstable,B,TotalInhibit,Weak,,B,XNIL,XNIL,XNIL,HighEvrywher,,VeryMoist,,NoMajor,DryMMoistL,,LittleChange,Other,AllElse,Westerly,SEQuad
Down,StronUp,Neutral,Neutral,Neutral,Wet,Dry,Neutral,Neutral,PC,,Clear,Clear,,,Other,,,,,IncCapDecIns,Increasing,,Decreasing,XNIL,Jul2_Jul15,J,CThruK,PartInhibit,LessThanAve,LessThanAve,CDEJ,N5GtLIGt_8,Instability,MoreUnstable,MoreUnstable,,PartInhibit,Weak,Moderate,J,SVR,,SVR,,ModerateOrLe,,CloseToDryAd,NoMajor,MoistMDryL,DryLine,,Other,AllElse,LVorOther,DenvCyclone
WeakUp,Neutral,,Neutral,Neutral,Wet,Dry,,Neutral,,PC,Clear,Clear,Weak,Strong,,,Strong,Weak,,DecCapIncIns,Decreasing,Negative,Decreasing,SIG,Jul2_Jul15,,CThruK,PartInhibit,,LessThanAve,,N1GtLIGt_4,,LessUnstable,LessUnstable,ACEFK,PartInhibit,Moderate,,E,XNIL,XNIL,,LowAtStation,Steep,Average,ModerateOrLe,NoMajor,Other,E_W_N,SigNegative,,LV,Westerly,LV
WeakUp,StronUp,Down,Down,Down,Neutral,Wet,Wet,Wet,Clear,Clear,Clear,Clear,,Weak,DCVZFavor,Weak,Weak,Strong,,IncCapDecIns,Increasing,Negative,Decreasing,SIG,Aug20_Sep15,J,CThruK,PartInhibit,Average,MoreThanAve,CDEJ,LILt_8,,Average,LessUnstable,GJ,TotalInhibit,Strong,Moderate,J,XNIL,XNIL,SIG,HighEvrywher,CloseToDryAd,Dry,CloseToDryAd,NoMajor,Other,DryLine,LittleChange,Other,LV,LVorOther,E_NE
Down,Neutral,Neutral,Neutral,Neutral,Wet,Neutral,Dry,,Clear,Clear,,,,,StrongWest,,Weak,,,IncCapDecIns,Increasing,Neutral,LittleChange,XNIL,Jul2_Jul15,,CThruK,Stifling,Average,Average,CDEJ,N1GtLIGt_4,Instability,Average,Average,ACEFK,Stifling,Moderate,Slight,E,SVR,SIG,SIG,HighEvrywher,CloseToDryAd,Average,Steep,NoMajor,MoistMDryL,,NegToPos,Other,SWQuad,Westerly,LV
Down,Neutral,Down,Down,Down,,Neutral,Neutral,,PC,PC,Cloudy,PC,,,StrongWest,,,Weak,,,Increasing,Neutral,Increasing,XNIL,May15_Jun14,B,AB,Stifling,LessThanAve,LessThanAve,ABI,N5GtLIGt_8,Neutral,LessUnstable,LessUnstable,B,,Moderate,Moderate,B,SIG,SIG,SIG,LowMtsHighPl,ModerateOrLe,VeryMoist,Steep,NoMajor,DryMMoistL,DenvCyclone,LittleChange,,,LVorOther,SEQuad
StrongUp,Down,Neutral,Down,Down,,Dry,,Dry,PC,Clear,Clear,Clear,,,DCVZFavor,,Weak,Weak,,IncCapDecIns,Increasing,Neutral,LittleChange,XNIL,May15_Jun14,D,CThruK,Stifling,MoreThanAve,,,,Stability,Average,Average,D,PartInhibit,Moderate,Slight,D,SIG,SIG,,LowSHighN,CloseToDryAd,Average,Steep,,Other,,SigNegative,,,,
,,StrongUp,Neutral,Neutral,,Wet,Wet,Wet,PC,Clear,PC,PC,Strong,Strong,DCVZFavor,,,Weak,,IncCapDecIns,Increasing,Negative,,SIG,Aug20_Sep15,K,CThruK,PartInhibit,Average,MoreThanAve,K,LIGt0,Instability,LessUnstable,LessUnstable,ACEFK,PartInhibit,Weak,,K,XNIL,XNIL,SIG,LowNHighS,ModerateOrLe,VeryMoist,ModerateOrLe,StrongFront,Other,,NegToPos,QStationary,SWQuad,Westerly,WidespdDnsl
StrongUp,,Neutral,StrongUp,StrongUp,VeryWet,Wet,VeryWet,VeryWet,,PC,Clear,Cloudy,Strong,Strong,,Strong,,,Marked,IncCapDecIns,Increasing,WeakPos,Increasing,SIG,,C,CThruK,TotalInhibit,MoreThanAve,MoreThanAve,CDEJ,LILt_8,Instability,MoreUnstable,MoreUnstable,ACEFK,,Moderate,,C,,XNIL,SIG,,Steep,Average,ModerateOrLe,MarkedUpper,MoistMDryL,E_W_N,,,AllElse,,LongAnticyc
WeakUp,WeakUp,Down,Neutral,Neutral,Wet,Neutral,Wet,,Cloudy,,Cloudy,Cloudy,Weak,Strong,StrongWest,Weak,,,Marked,,Increasing,,LittleChange,SIG,Aug20_Sep15,F,CThruK,PartInhibit,Average,,F,N5GtLIGt_8,,LessUnstable,LessUnstable,ACEFK,PartInhibit,Moderate,Slight,F,XNIL,XNIL,SIG,HighEvrywher,Stable,VeryMoist,,,Other,,SigNegative,,AllElse,LVorOther,
Down,StronUp,Down,,Neutral,Wet,Neutral,Neutral,Neutral,PC,Clear,Clear,Clear,Strong,Strong,StrongWest,Weak,Weak,,Some,LittleChange,LittleChange,Neutral,LittleChange,SIG,Jul2_Jul15,A,AB,PartInhibit,LessThanAve,LessThanAve,ABI,N5GtLIGt_8,Instability,MoreUnstable,MoreUnstable,ACEFK,,Moderate,Strong,A,SIG,SIG,SIG,LowEvrywhere,Steep,,CloseToDryAd,MarkedUpper,Other,DenvCyclone,SigNegative,Moving,SWQuad,,DenvCyclone
StrongUp,Neutral,StrongUp,WeakUp,WeakUp,Wet,Wet,Dry,Neutral,Cloudy,Cloudy,Cloudy,PC,,,Other,,,,,,Increasing,WeakPos,Increasing,XNIL,Jul16_Aug10,,CThruK,,,MoreThanAve,CDEJ,N5GtLIGt_8,,Average,MoreUnstable,GJ,,Moderate,,,XNIL,XNIL,XNIL,LowNHighS,Steep,,Steep,NoMajor,Other,,LittleChange,,LV,,LV
WeakUp,Neutral,,Neutral,Neutral,Wet,,Neutral,,,PC,PC,PC,,,DCVZFavor,,,,,IncCapDecIns,Increasing,StrongPos,Increasing,,Aug20_Sep15,,AB,,,MoreThanAve,ABI,,,,MoreUnstable,ACEFK,PartInhibit,Unfavorable,,,SVR,SVR,SVR,HighEvrywher,Stable,,Steep,MarkedUpper,,DenvCyclone,NegToPos,QStationary,,Westerly,DenvCyclone
WeakUp,StronUp,Down,WeakUp,WeakUp,Neutral,Neutral,Neutral,Wet,Clear,,Clear,Clear,,,Westerly,,,Weak,Some,,Decreasing,,Decreasing,,Aug20_Sep15,I,,PartInhibit,,,,N1GtLIGt_4,,,MoreUnstable,HI,Stifling,Weak,,,SVR,,,LowSHighN,Stable,Average,Steep,NoMajor,Other,MovingFtorOt,,Moving,SWQuad,Westerly,E_NE
,WeakUp,Neutral,Neutral,Neutral,Dry,Dry,VeryWet,VeryWet,Clear,Cloudy,Cloudy,Cloudy,,,Other,,,,,IncCapDecIns,Increasing,StrongPos,Increasing,,May15_Jun14,B,AB,PartInhibit,LessThanAve,MoreThanAve,ABI,N1GtLIGt_4,Neutral,LessUnstable,,B,Stifling,Weak,,B,SIG,SIG,SIG,Other,,,Steep,NoMajor,DryMMoistL,E_W_N,,,,Westerly,SEQuad
Down,StronUp,Down,Down,,Dry,Neutral,VeryWet,Wet,Cloudy,,PC,Clear,Weak,Strong,,,,,Marked,LittleChange,,Neutral,LittleChange,SIG,May15_Jun14,H,CThruK,PartInhibit,Average,Average,H,N5GtLIGt_8,Neutral,Average,Average,,PartInhibit,,,H,XNIL,XNIL,,LowMtsHighPl,Stable,VeryMoist,Steep,MarkedUpper,DryMMoistL,MovingFtorOt,LittleChange,,AllElse,Westerly,E_NE
Down,Neutral,Neutral,Neutral,Neutral,Dry,Dry,VeryWet,Wet,Clear,Cloudy,Clear,Clear,Strong,,StrongWest,Strong,Weak,Strong,Marked,LittleChange,LittleChange,Neutral,Decreasing,SIG,Aug20_Sep15,C,CThruK,Stifling,Average,Average,CDEJ,N1GtLIGt_4,,MoreUnstable,MoreUnstable,,Stifling,Strong,Slight,,SIG,SIG,SIG,LowEvrywhere,CloseToDryAd,Dry,Steep,NoMajor,Other,E_W_S,PosToNeg,Other,NWQuad,Westerly,LongAnticyc
StrongUp,,Down,,WeakUp,Neutral,Dry,Neutral,Neutral,PC,,PC,PC,,,,,,Weak,,LittleChange,,,LittleChange,XNIL,May15_Jun14,,CThruK,,LessThanAve,LessThanAve,F,N1GtLIGt_4,Stability,,Average,ACEFK,PartInhibit,Unfavorable,Slight,F,XNIL,XNIL,XNIL,HighEvrywher,Steep,VeryMoist,ModerateOrLe,NoMajor,Other,,PosToNeg,,AllElse,LVorOther,LV
StrongUp,Neutral,Neutral,Neutral,Neutral,Neutral,Wet,Wet,VeryWet,Clear,Cloudy,PC,Cloudy,,Strong,DCVZFavor,Weak,Strong,Strong,Some,DecCapIncIns,Decreasing,,LittleChange,SVR,,C,,,LessThanAve,,CDEJ,N1GtLIGt_4,Stability,Average,,ACEFK,,Weak,,C,XNIL,SVR,SVR,LowNHighS,CloseToDryAd,Average,CloseToDryAd,MarkedUpper,,E_W_S,SigPositive,,NWQuad,LVorOther,LongAnticyc
Neutral,Down,Neutral,,Neutral,Wet,,,Wet,Cloudy,,Cloudy,PC,Weak,Weak,Other,,Weak,,,IncCapDecIns,Increasing,Neutral,LittleChange,SIG,,E,CThruK,PartInhibit,Average,Average,CDEJ,,Stability,Average,MoreUnstable,ACEFK,PartInhibit,Strong,Moderate,E,SIG,SIG,SIG,LowNHighS,,Average,ModerateOrLe,OtherRapid,MoistMDryL,,LittleChange,QStationary,,LVorOther,LV
Neutral,Neutral,Neutral,Neutral,Neutral,Dry,VeryWet,Wet,VeryWet,PC,Cloudy,Cloudy,Cloudy,,,Other,,,Weak,,LittleChange,LittleChange,Neutral,LittleChange,XNIL,Aug20_Sep15,C,CThruK,PartInhibit,LessThanAve,LessThanAve,CDEJ,N1GtLIGt_4,Neutral,,Average,ACEFK,TotalInhibit,,Slight,,XNIL,XNIL,XNIL,LowEvrywhere,CloseToDryAd,Dry,Steep,,DryMMoistL,E_W_N,SigPositive,Other,,LVorOther,
WeakUp,Neutral,Neutral,,Neutral,Neutral,VeryWet,Neutral,Neutral,Clear,PC,Clear,Clear,Strong,Strong,DCVZFavor,,Weak,Strong,Marked,IncCapDecIns,Increasing,Neutral,,SVR,,H,CThruK,PartInhibit,Average,MoreThanAve,H,N1GtLIGt_4,Instability,Average,MoreUnstable,HI,Stifling,Moderate,,H,XNIL,XNIL,SVR,Other,Stable,VeryMoist,,MarkedUpper,DryMMoistL,E_W_N,NegToPos,Moving,NWQuad,LVorOther,E_NE
Neutral,Neutral,Neutral,,Neutral,Neutral,,,Wet,PC,,PC,PC,,,Westerly,,,,,DecCapIncIns,Decreasing,Neutral,Decreasing,XNIL,Jul2_Jul15,D,CThruK,,,LessThanAve,CDEJ,N1GtLIGt_4,,LessUnstable,LessUnstable,D,TotalInhibit,Moderate,,D,,SIG,SIG,Other,Steep,Dry,ModerateOrLe,,Other,,NegToPos,,SWQuad,LVorOther,LongAnticyc
Down,Neutral,Neutral,Neutral,Neutral,Neutral,Dry,Dry,Dry,Clear,PC,Clear,Clear,,Strong,Westerly,Weak,Weak,Strong,Some,LittleChange,LittleChange,Negative,Decreasing,SIG,Aug11_Aug20,J,CThruK,PartInhibit,LessThanAve,LessThanAve,CDEJ,LILt_8,,Average,LessUnstable,GJ,,Unfavorable,,,XNIL,,SIG,LowAtStation,CloseToDryAd,Dry,ModerateOrLe,,,,LittleChange,,LV,LVorOther,LV
WeakUp,Neutral,Neutral,WeakUp,WeakUp,VeryWet,VeryWet,,VeryWet,PC,Cloudy,Clear,PC,Weak,Strong,Other,,,,,LittleChange,LittleChange,WeakPos,Increasing,SIG,Jul16_Aug10,B,AB,,LessThanAve,LessThanAve,ABI,LIGt0,Neutral,LessUnstable,MoreUnstable,B,PartInhibit,Moderate,Moderate,B,SIG,SIG,SIG,LowMtsHighPl,ModerateOrLe,VeryMoist,Steep,OtherRapid,MoistMDryL,,LittleChange,Other,AllElse,LVorOther,DenvCyclone
,Neutral,Down,Neutral,Neutral,Dry,Dry,Neutral,,Clear,Cloudy,,Clear,,Weak,StrongWest,Weak,Weak,Weak,Some,,Increasing,Negative,Decreasing,XNIL,Jul16_Aug10,G,CThruK,,Average,MoreThanAve,G,N1GtLIGt_4,Neutral,Average,Average,GJ,,Strong,Strong,G,SIG,SIG,SIG,LowEvrywhere,CloseToDryAd,Dry,CloseToDryAd,OtherRapid,MoistMDryL,E_W_S,SigNegative,QStationary,AllElse,Westerly,LongAnticyc
WeakUp,,Neutral,Neutral,,,Wet,Neutral,Wet,Clear,Clear,Clear,Clear,,,StrongWest,,,,,DecCapIncIns,Decreasing,Neutral,Decreasing,XNIL,May15_Jun14,K,CThruK,PartInhibit,Average,,K,LIGt0,Stability,Average,Average,ACEFK,PartInhibit,Moderate,Strong,K,,,,,Steep,VeryMoist,,StrongFront,DryMMoistL,DenvCyclone,SigPositive,,NWQuad,LVorOther,WidespdDnsl
Neutral,Neutral,,Neutral,Neutral,Neutral,VeryWet,Wet,Wet,Clear,PC,,Clear,,Strong,Westerly,,,Weak,Some,IncCapDecIns,Increasing,Neutral,LittleChange,SVR,Aug20_Sep15,,CThruK,PartInhibit,Average,MoreThanAve,G,N5GtLIGt_8,Stability,Average,LessUnstable,GJ,TotalInhibit,Weak,,G,XNIL,XNIL,SVR,LowEvrywhere,,Dry,CloseToDryAd,NoMajor,,,LittleChange,,NWQuad,,WidespdDnsl
StrongUp,WeakUp,WeakUp,WeakUp,WeakUp,VeryWet,Dry,Wet,Wet,PC,PC,PC,PC,,Strong,DCVZFavor,Weak,Weak,Strong,Marked,IncCapDecIns,Increasing,Negative,LittleChange,,Aug20_Sep15,J,CThruK,PartInhibit,MoreThanAve,MoreThanAve,CDEJ,N1GtLIGt_4,Stability,Average,MoreUnstable,GJ,,Moderate,,J,,XNIL,SIG,LowAtStation,Stable,Dry,Steep,,DryMMoistL,,LittleChange,,LV,LVorOther,LV
StrongUp,Neutral,WeakUp,WeakUp,WeakUp,Neutral,,Neutral,Wet,Clear,PC,,Clear,,Weak,,Strong,,Strong,,DecCapIncIns,,StrongPos,,XNIL,Jun15_Jul1,J,CThruK,PartInhibit,LessThanAve,LessThanAve,CDEJ,N1GtLIGt_4,,LessUnstable,LessUnstable,GJ,,Weak,Slight,J,XNIL,XNIL,XNIL,Other,ModerateOrLe,Dry,,OtherRapid,MoistMDryL,DryLine,SigNegative,Other,AllElse,LVorOther,LV
Down,WeakUp,StrongUp,Neutral,Neutral,Neutral,Dry,Neutral,Neutral,PC,Cloudy,Cloudy,Cloudy,,Strong,Westerly,Strong,,,Some,IncCapDecIns,,WeakPos,,SIG,Jul16_Aug10,,CThruK,TotalInhibit,MoreThanAve,,G,N1GtLIGt_4,Instability,Average,MoreUnstable,GJ,,Moderate,Strong,G,SIG,SIG,SIG,,CloseToDryAd,Dry,CloseToDryAd,OtherRapid,MoistMDryL,,LittleChange,QStationary,SWQuad,LVorOther,WidespdDnsl
Down,WeakUp,StrongUp,Neutral,Neutral,,Neutral,Wet,Wet,PC,PC,Cloudy,Cloudy,Weak,,DCVZFavor,,,Weak,Some,,Increasing,,LittleChange,SIG,May15_Jun14,H,CThruK,,Average,MoreThanAve,H,N5GtLIGt_8,Stability,LessUnstable,,HI,PartInhibit,Weak,Slight,H,XNIL,XNIL,,LowMtsHighPl,Stable,Average,,MarkedUpper,DryMMoistL,MovingFtorOt,SigPositive,Moving,NWQuad,LVorOther,DenvCyclone
WeakUp,WeakUp,WeakUp,,WeakUp,Neutral,VeryWet,Neutral,Neutral,Clear,PC,Clear,Clear,Strong,,,Weak,Weak,Weak,Marked,LittleChange,LittleChange,,Decreasing,XNIL,May15_Jun14,B,,PartInhibit,,LessThanAve,ABI,N5GtLIGt_8,Instability,Average,LessUnstable,B,,Unfavorable,,B,,XNIL,XNIL,LowMtsHighPl,,,Steep,NoMajor,,,LittleChange,,,,DenvCyclone
Down,Down,,Down,Down,VeryWet,Dry,Neutral,Neutral,PC,Cloudy,PC,PC,Weak,Strong,Other,,Weak,Weak,,IncCapDecIns,Increasing,Negative,,SIG,Aug20_Sep15,E,CThruK,,Average,MoreThanAve,CDEJ,N1GtLIGt_4,Stability,Average,Average,,PartInhibit,Strong,Moderate,E,XNIL,XNIL,SIG,,Steep,Dry,Steep,NoMajor,MoistMDryL,,SigNegative,QStationary,SWQuad,LVorOther,LongAnticyc
StrongUp,WeakUp,Neutral,WeakUp,WeakUp,Neutral,Dry,,Dry,PC,PC,,Clear,,,Westerly,Strong,Strong,Strong,Some,DecCapIncIns,Decreasing,WeakPos,LittleChange,XNIL,Aug20_Sep15,K,CThruK,,Average,Average,K,N1GtLIGt_4,Instability,MoreUnstable,MoreUnstable,ACEFK,,Weak,Slight,K,XNIL,,XNIL,LowEvrywhere,,Average,ModerateOrLe,StrongFront,DryMMoistL,MovingFtorOt,LittleChange,Other,AllElse,Westerly,LongAnticyc
Neutral,Neutral,StrongUp,WeakUp,WeakUp,Neutral,Neutral,Neutral,Neutral,PC,PC,PC,Cloudy,Strong,Strong,Other,Weak,,Weak,,,LittleChange,StrongPos,Increasing,XNIL,,J,CThruK,PartInhibit,Average,Average,CDEJ,N5GtLIGt_8,Instability,MoreUnstable,MoreUnstable,GJ,,Moderate,Strong,J,SIG,SIG,SIG,LowAtStation,ModerateOrLe,Average,Steep,NoMajor,MoistMDryL,,LittleChange,Other,LV,LVorOther,DenvCyclone
Down,Neutral,Neutral,Neutral,,Dry,Wet,,,Clear,PC,PC,PC,,Weak,DCVZFavor,Weak,Weak,Weak,,LittleChange,LittleChange,Neutral,LittleChange,XNIL,Jun15_Jul1,,CThruK,Stifling,,MoreThanAve,,,Stability,MoreUnstable,MoreUnstable,GJ,,Moderate,Moderate,G,SIG,SIG,SIG,LowEvrywhere,CloseToDryAd,Dry,CloseToDryAd,MarkedUpper,MoistMDryL,E_W_S,SigPositive,,LV,LVorOther,LongAnticyc
WeakUp,Neutral,WeakUp,WeakUp,WeakUp,Neutral,Dry,,Dry,,PC,Clear,Clear,,,StrongWest,,Strong,Strong,,DecCapIncIns,Decreasing,StrongPos,,XNIL,Aug20_Sep15,B,AB,PartInhibit,,Average,ABI,N5GtLIGt_8,Instability,MoreUnstable,MoreUnstable,B,PartInhibit,Weak,,B,SVR,,SVR,HighEvrywher,Stable,,,NoMajor,Other,DenvCyclone,,Other,NWQuad,LVorOther,E_NE
WeakUp,,Neutral,WeakUp,WeakUp,Wet,Neutral,Wet,VeryWet,Clear,PC,,,Strong,Strong,,,Weak,Weak,Some,DecCapIncIns,Decreasing,Neutral,LittleChange,,May15_Jun14,K,CThruK,,LessThanAve,LessThanAve,K,N5GtLIGt_8,Instability,MoreUnstable,MoreUnstable,ACEFK,PartInhibit,Unfavorable,,K,XNIL,,SVR,Other,Steep,Average,ModerateOrLe,StrongFront,DryMMoistL,MovingFtorOt,SigPositive,QStationary,AllElse,Westerly,WidespdDnsl
Neutral,StronUp,WeakUp,WeakUp,WeakUp,Neutral,VeryWet,Neutral,Wet,PC,Clear,PC,PC,Strong,,StrongWest,Strong,,Weak,,LittleChange,LittleChange,Neutral,Increasing,SIG,,G,CThruK,PartInhibit,MoreThanAve,MoreThanAve,G,LILt_8,Stability,MoreUnstable,MoreUnstable,GJ,,Weak,,G,XNIL,XNIL,,LowEvrywhere,,Average,CloseToDryAd,MarkedUpper,,DryLine,PosToNeg,,,Westerly,WidespdDnsl
Neutral,WeakUp,StrongUp,WeakUp,WeakUp,Wet,Wet,Dry,Neutral,Clear,PC,Clear,Clear,Strong,Strong,,Strong,,Strong,Some,DecCapIncIns,Decreasing,WeakPos,LittleChange,XNIL,Jul16_Aug10,B,AB,Stifling,MoreThanAve,LessThanAve,,,Instability,MoreUnstable,,B,PartInhibit,Weak,,B,SIG,SIG,SIG,,Stable,Average,Steep,,DryMMoistL,E_W_N,LittleChange,Moving,,Westerly,DenvCyclone
,Neutral,StrongUp,StrongUp,StrongUp,Wet,,Wet,VeryWet,Clear,PC,PC,,,,Westerly,,Weak,Weak,,,LittleChange,,LittleChange,XNIL,Jul16_Aug10,E,CThruK,,LessThanAve,LessThanAve,CDEJ,LIGt0,,LessUnstable,LessUnstable,ACEFK,PartInhibit,,,E,,XNIL,XNIL,LowMtsHighPl,Steep,Average,,,MoistMDryL,E_W_S,,,,Westerly,
Down,,Down,Neutral,Neutral,,Neutral,Neutral,Neutral,Clear,PC,Clear,Clear,,Strong,StrongWest,Strong,Weak,,Some,,LittleChange,Negative,Decreasing,XNIL,Aug20_Sep15,A,AB,,LessThanAve,LessThanAve,ABI,LIGt0,Stability,LessUnstable,LessUnstable,ACEFK,,Moderate,Strong,A,SVR,SVR,SVR,HighEvrywher,,Average,,StrongFront,DryMMoistL,DenvCyclone,LittleChange,,SWQuad,LVorOther,DenvCyclone
,WeakUp,WeakUp,WeakUp,WeakUp,VeryWet,Neutral,Wet,VeryWet,PC,,,PC,Strong,Strong,StrongWest,Strong,Weak,Strong,Marked,LittleChange,,Negative,,XNIL,Jun15_Jul1,G,CThruK,PartInhibit,Average,Average,G,N5GtLIGt_8,Neutral,Average,,GJ,,Moderate,,G,SIG,SIG,,LowEvrywhere,CloseToDryAd,Dry,CloseToDryAd,StrongFront,Other,,SigNegative,,NWQuad,,LongAnticyc
StrongUp,Down,WeakUp,WeakUp,WeakUp,Dry,Neutral,VeryWet,Wet,Clear,PC,Clear,,Weak,Strong,DCVZFavor,Weak,Strong,Weak,Marked,IncCapDecIns,Increasing,WeakPos,Increasing,SIG,Aug20_Sep15,B,AB,PartInhibit,LessThanAve,,ABI,N1GtLIGt_4,Stability,LessUnstable,LessUnstable,,TotalInhibit,Weak,,B,XNIL,,SIG,,Steep,Dry,ModerateOrLe,OtherRapid,DryMMoistL,DenvCyclone,SigNegative,,,LVorOther,
Down,StronUp,StrongUp,Neutral,,Neutral,Wet,Wet,Wet,Clear,,Clear,Clear,Strong,Strong,DCVZFavor,Strong,,Strong,Some,IncCapDecIns,Increasing,Negative,Decreasing,SVR,,K,CThruK,PartInhibit,,LessThanAve,,N1GtLIGt_4,Neutral,LessUnstable,LessUnstable,ACEFK,,Moderate,Strong,K,SVR,SVR,SVR,Other,ModerateOrLe,VeryMoist,ModerateOrLe,MarkedUpper,DryMMoistL,DryLine,SigPositive,,AllElse,Westerly,SEQuad
Down,WeakUp,Neutral,WeakUp,,Dry,Dry,VeryWet,VeryWet,PC,,Clear,PC,,,Westerly,,,,,DecCapIncIns,,Neutral,LittleChange,XNIL,Jul16_Aug10,D,CThruK,PartInhibit,Average,LessThanAve,CDEJ,,Neutral,Average,Average,D,,Moderate,Strong,D,SIG,SIG,SIG,LowMtsHighPl,Steep,Dry,Steep,MarkedUpper,MoistMDryL,DryLine,PosToNeg,,NWQuad,LVorOther,DenvCyclone
StrongUp,,WeakUp,,,Dry,Neutral,Dry,Neutral,PC,PC,PC,PC,,Strong,StrongWest,Strong,Strong,Strong,Marked,LittleChange,LittleChange,,Increasing,SIG,May15_Jun14,K,CThruK,PartInhibit,,Average,K,,,MoreUnstable,MoreUnstable,ACEFK,,Strong,Strong,K,SVR,SVR,SVR,Other,Steep,VeryMoist,,MarkedUpper,DryMMoistL,DryLine,SigNegative,Moving,AllElse,LVorOther,WidespdDnsl
,Neutral,Neutral,Neutral,Neutral,Dry,Dry,Wet,Wet,PC,Clear,Cloudy,Cloudy,Strong,Strong,Westerly,,,Weak,Some,IncCapDecIns,Increasing,WeakPos,Increasing,SIG,Jul16_Aug10,E,CThruK,,Average,MoreThanAve,,N1GtLIGt_4,Neutral,,MoreUnstable,ACEFK,PartInhibit,Weak,Slight,E,XNIL,,SIG,,Steep,Average,CloseToDryAd,NoMajor,MoistMDryL,,NegToPos,Moving,SWQuad,LVorOther,
StrongUp,StronUp,WeakUp,StrongUp,StrongUp,Dry,Dry,Wet,Wet,PC,PC,Clear,PC,,Weak,DCVZFavor,Weak,,Strong,Some,,LittleChange,Neutral,LittleChange,XNIL,,I,,PartInhibit,Average,Average,ABI,LILt_8,Stability,Average,,HI,,Unfavorable,,,,SIG,SIG,LowMtsHighPl,Steep,,CloseToDryAd,NoMajor,DryMMoistL,E_W_N,,Moving,SWQuad,Westerly,
Neutral,StronUp,Neutral,StrongUp,StrongUp,VeryWet,,VeryWet,VeryWet,Clear,,Clear,Clear,,Weak,Other,,,,,DecCapIncIns,Decreasing,Negative,Decreasing,,Aug20_Sep15,B,AB,PartInhibit,LessThanAve,LessThanAve,ABI,N5GtLIGt_8,Instability,MoreUnstable,Average,B,,Moderate,Slight,,XNIL,XNIL,SIG,HighEvrywher,Steep,VeryMoist,Steep,NoMajor,Other,E_W_S,LittleChange,Other,LV,LVorOther,SEQuad
StrongUp,,Neutral,Neutral,Neutral,Dry,Wet,Neutral,Neutral,Clear,Clear,Clear,Clear,,Weak,StrongWest,,Weak,Weak,Some,LittleChange,,WeakPos,,XNIL,Jul16_Aug10,F,CThruK,,LessThanAve,LessThanAve,,N1GtLIGt_4,Neutral,Average,MoreUnstable,ACEFK,,Weak,Strong,F,XNIL,XNIL,XNIL,HighEvrywher,Steep,VeryMoist,,NoMajor,Other,E_W_N,SigNegative,,AllElse,LVorOther,LV
Down,Neutral,WeakUp,Down,Down,Neutral,Neutral,Wet,Wet,,Clear,Clear,Clear,Weak,,StrongWest,Weak,Weak,Weak,,IncCapDecIns,Increasing,,Decreasing,SIG,Jul2_Jul15,B,,,LessThanAve,LessThanAve,ABI,N1GtLIGt_4,Instability,MoreUnstable,MoreUnstable,B,,Unfavorable,,B,XNIL,XNIL,SIG,HighEvrywher,ModerateOrLe,Dry,CloseToDryAd,MarkedUpper,MoistMDryL,DenvCyclone,PosToNeg,Other,SWQuad,LVorOther,SEQuad
WeakUp,Neutral,Down,Neutral,Neutral,VeryWet,Wet,VeryWet,VeryWet,PC,Clear,PC,,Strong,Strong,,,,,,DecCapIncIns,Decreasing,WeakPos,LittleChange,XNIL,Aug20_Sep15,J,,Stifling,MoreThanAve,LessThanAve,,N5GtLIGt_8,Neutral,Average,Average,GJ,,Strong,Moderate,J,SVR,SVR,SVR,,Steep,Average,ModerateOrLe,NoMajor,DryMMoistL,DryLine,LittleChange,QStationary,LV,LVorOther,DenvCyclone
StrongUp,WeakUp,Down,Down,Down,,Wet,VeryWet,,Cloudy,Cloudy,Cloudy,Cloudy,,Strong,Westerly,Strong,,Weak,Some,IncCapDecIns,Increasing,StrongPos,LittleChange,SIG,Aug20_Sep15,K,CThruK,,LessThanAve,LessThanAve,K,N1GtLIGt_4,Neutral,,MoreUnstable,ACEFK,,Moderate,Moderate,K,,SVR,SVR,,Stable,,ModerateOrLe,StrongFront,,MovingFtorOt,SigNegative,QStationary,NWQuad,,WidespdDnsl
WeakUp,WeakUp,,WeakUp,WeakUp,Neutral,Dry,Dry,Dry,Cloudy,PC,Cloudy,PC,Weak,,Westerly,,Weak,,,IncCapDecIns,Increasing,Negative,Decreasing,SIG,Aug20_Sep15,C,,Stifling,MoreThanAve,MoreThanAve,CDEJ,N1GtLIGt_4,Stability,LessUnstable,LessUnstable,ACEFK,PartInhibit,Moderate,Moderate,C,XNIL,XNIL,SIG,LowEvrywhere,Stable,,CloseToDryAd,NoMajor,MoistMDryL,E_W_N,,,LV,LVorOther,LongAnticyc
Neutral,StronUp,Neutral,,StrongUp,,Neutral,Neutral,Wet,PC,Clear,PC,PC,Weak,Strong,StrongWest,Strong,Strong,Strong,Marked,LittleChange,LittleChange,,Increasing,SIG,,A,AB,PartInhibit,Average,Average,ABI,LIGt0,Instability,LessUnstable,LessUnstable,ACEFK,PartInhibit,Moderate,,A,XNIL,,,LowSHighN,ModerateOrLe,VeryMoist,,,DryMMoistL,,PosToNeg,Other,SWQuad,Westerly,E_NE
Down,Neutral,Neutral,Neutral,Neutral,VeryWet,Neutral,VeryWet,VeryWet,Clear,Clear,Clear,PC,Weak,Weak,StrongWest,Weak,,Weak,Some,,Increasing,Negative,Increasing,SIG,May15_Jun14,,CThruK,PartInhibit,Average,MoreThanAve,,N1GtLIGt_4,Stability,Average,MoreUnstable,ACEFK,PartInhibit,,,,XNIL,XNIL,SIG,Other,ModerateOrLe,Average,CloseToDryAd,StrongFront,Other,,SigPositive,,NWQuad,Westerly,LongAnticyc
Neutral,Neutral,WeakUp,WeakUp,WeakUp,Dry,Dry,Dry,Neutral,Cloudy,PC,Cloudy,Cloudy,Strong,,,Strong,,Weak,Marked,DecCapIncIns,Decreasing,,Decreasing,SVR,May15_Jun14,E,CThruK,PartInhibit,Average,LessThanAve,CDEJ,N1GtLIGt_4,Instability,MoreUnstable,LessUnstable,ACEFK,,Moderate,Strong,E,XNIL,XNIL,SVR,LowAtStation,Steep,Dry,ModerateOrLe,NoMajor,MoistMDryL,MovingFtorOt,SigNegative,,,,LV
,,,Neutral,Neutral,Neutral,Neutral,Wet,Wet,Clear,Clear,Clear,Clear,,Weak,Westerly,,,Weak,Some,,LittleChange,,,XNIL,May15_Jun14,,CThruK,Stifling,MoreThanAve,MoreThanAve,CDEJ,N5GtLIGt_8,Instability,MoreUnstable,MoreUnstable,ACEFK,PartInhibit,Moderate,Slight,C,XNIL,XNIL,XNIL,LowAtStation,Steep,Dry,Steep,NoMajor,MoistMDryL,E_W_N,,,AllElse,LVorOther,WidespdDnsl
Down,WeakUp,Neutral,Down,Down,VeryWet,Dry,,Dry,PC,PC,PC,PC,Strong,Strong,DCVZFavor,Strong,,Strong,Some,LittleChange,LittleChange,Neutral,LittleChange,,Jul16_Aug10,E,CThruK,Stifling,MoreThanAve,MoreThanAve,CDEJ,LILt_8,,,Average,ACEFK,,Weak,Strong,E,SVR,SVR,SVR,LowSHighN,ModerateOrLe,Average,Steep,OtherRapid,MoistMDryL,,SigPositive,,,,LV
Neutral,,,WeakUp,WeakUp,Neutral,Dry,Neutral,,Clear,PC,Clear,,,Strong,DCVZFavor,Weak,Strong,Weak,Some,DecCapIncIns,Decreasing,WeakPos,LittleChange,SVR,Aug11_Aug20,J,CThruK,PartInhibit,LessThanAve,LessThanAve,CDEJ,N5GtLIGt_8,Stability,MoreUnstable,MoreUnstable,GJ,,Weak,Slight,J,XNIL,XNIL,SVR,LowAtStation,Steep,Dry,,,DryMMoistL,DryLine,SigNegative,Other,LV,LVorOther,LV
Down,Neutral,Neutral,Neutral,Neutral,Wet,VeryWet,Wet,Wet,PC,PC,PC,PC,,,Westerly,Strong,,Strong,Some,,LittleChange,Neutral,Decreasing,,Jul2_Jul15,E,CThruK,PartInhibit,Average,,CDEJ,LILt_8,Instability,MoreUnstable,MoreUnstable,ACEFK,,Moderate,Moderate,,SVR,SVR,SVR,LowNHighS,CloseToDryAd,Dry,ModerateOrLe,NoMajor,Other,DryLine,LittleChange,,SWQuad,LVorOther,
StrongUp,,Neutral,WeakUp,WeakUp,Dry,Dry,VeryWet,,PC,Clear,Clear,PC,Strong,Strong,DCVZFavor,,,Weak,Marked,IncCapDecIns,Increasing,Negative,LittleChange,,Aug20_Sep15,,CThruK,PartInhibit,Average,MoreThanAve,CDEJ,N1GtLIGt_4,Stability,Average,Average,ACEFK,,Moderate,Slight,E,SIG,SIG,SIG,LowEvrywhere,CloseToDryAd,Average,ModerateOrLe,NoMajor,MoistMDryL,DenvCyclone,NegToPos,,SWQuad,Westerly,LongAnticyc
WeakUp,WeakUp,Neutral,WeakUp,WeakUp,Dry,Dry,VeryWet,VeryWet,Clear,Clear,Clear,,Weak,Strong,DCVZFavor,Weak,Weak,Strong,Marked,LittleChange,LittleChange,Negative,Decreasing,SIG,Aug20_Sep15,I,CThruK,PartInhibit,LessThanAve,LessThanAve,ABI,N1GtLIGt_4,Stability,LessUnstable,LessUnstable,HI,PartInhibit,,Moderate,I,SIG,SIG,SIG,LowMtsHighPl,Steep,Dry,CloseToDryAd,NoMajor,,Other,SigNegative,QStationary,SWQuad,,
Down,WeakUp,Neutral,,Down,,Dry,Dry,Dry,PC,,PC,Cloudy,,,Westerly,,,Weak,,,LittleChange,Negative,,XNIL,,B,AB,,MoreThanAve,MoreThanAve,,LIGt0,Neutral,LessUnstable,LessUnstable,B,PartInhibit,Weak,,B,XNIL,XNIL,XNIL,LowAtStation,Stable,VeryMoist,,NoMajor,Other,,LittleChange,Other,LV,LVorOther,
StrongUp,Neutral,Neutral,WeakUp,WeakUp,,Wet,Wet,Neutral,Cloudy,Cloudy,Cloudy,Cloudy,Strong,Strong,Westerly,,,Weak,,DecCapIncIns,Decreasing,,,SIG,Jul16_Aug10,J,CThruK,Stifling,MoreThanAve,MoreThanAve,,N1GtLIGt_4,Neutral,Average,Average,,,Moderate,Moderate,J,,SIG,SIG,LowEvrywhere,CloseToDryAd,Average,Steep,NoMajor,Other,,LittleChange,,LV,LVorOther,LV
Neutral,StronUp,,WeakUp,WeakUp,Neutral,Dry,Dry,Dry,Clear,Clear,PC,Clear,Strong,Strong,StrongWest,Strong,Weak,,Marked,IncCapDecIns,,,Increasing,SVR,Jul16_Aug10,,AB,,LessThanAve,Average,ABI,N1GtLIGt_4,Stability,LessUnstable,LessUnstable,ACEFK,Stifling,Weak,,A,XNIL,XNIL,SVR,HighEvrywher,Steep,VeryMoist,CloseToDryAd,MarkedUpper,Other,E_W_S,PosToNeg,Other,SWQuad,Westerly,DenvCyclone
WeakUp,Neutral,Down,Down,Down,Neutral,Neutral,Neutral,,Clear,PC,Clear,Clear,,,,,,,,LittleChange,LittleChange,Neutral,LittleChange,XNIL,Jul16_Aug10,C,CThruK,Stifling,MoreThanAve,MoreThanAve,CDEJ,LIGt0,Stability,LessUnstable,LessUnstable,ACEFK,,,Moderate,C,XNIL,XNIL,XNIL,,Steep,Dry,ModerateOrLe,StrongFront,MoistMDryL,E_W_N,LittleChange,,SWQuad,Westerly,LongAnticyc
Down,Neutral,Down,Neutral,Neutral,Neutral,VeryWet,VeryWet,VeryWet,PC,PC,,PC,,Weak,Westerly,Weak,,Strong,,LittleChange,LittleChange,Negative,Decreasing,SIG,,C,CThruK,Stifling,,,CDEJ,LIGt0,Stability,LessUnstable,LessUnstable,ACEFK,PartInhibit,Weak,,C,XNIL,XNIL,SIG,LowEvrywhere,CloseToDryAd,Average,ModerateOrLe,NoMajor,MoistMDryL,E_W_N,NegToPos,,NWQuad,Westerly,LongAnticyc
WeakUp,Neutral,,WeakUp,WeakUp,VeryWet,,Dry,Wet,PC,Clear,PC,PC,,Weak,DCVZFavor,Weak,,,,IncCapDecIns,Increasing,Neutral,LittleChange,XNIL,Aug20_Sep15,,CThruK,PartInhibit,Average,MoreThanAve,K,N5GtLIGt_8,,Average,,ACEFK,PartInhibit,,Slight,K,,XNIL,XNIL,LowNHighS,Steep,VeryMoist,CloseToDryAd,,DryMMoistL,,SigPositive,,AllElse,Westerly,WidespdDnsl
StrongUp,Neutral,,Neutral,Neutral,Neutral,Neutral,Wet,,Clear,Clear,Clear,Clear,Strong,Strong,StrongWest,Strong,,Weak,Some,LittleChange,LittleChange,WeakPos,LittleChange,,Jun15_Jul1,B,AB,PartInhibit,LessThanAve,LessThanAve,,N1GtLIGt_4,Stability,LessUnstable,LessUnstable,B,,Weak,Strong,B,SIG,SIG,SIG,LowMtsHighPl,Steep,Average,CloseToDryAd,NoMajor,Other,DenvCyclone,NegToPos,Other,LV,Westerly,SEQuad
StrongUp,Neutral,,StrongUp,StrongUp,,Neutral,Neutral,,Clear,PC,PC,PC,Weak,,Westerly,Weak,,,,LittleChange,LittleChange,Neutral,LittleChange,XNIL,May15_Jun14,,CThruK,PartInhibit,LessThanAve,LessThanAve,ABI,N5GtLIGt_8,Neutral,Average,MoreUnstable,HI,PartInhibit,Weak,Slight,I,SVR,SVR,SVR,,CloseToDryAd,Average,Steep,OtherRapid,DryMMoistL,MovingFtorOt,SigNegative,QStationary,AllElse,Westerly,E_NE
StrongUp,Down,Neutral,Neutral,Neutral,Dry,Wet,,,PC,Cloudy,PC,PC,Strong,Strong,StrongWest,Strong,Weak,Weak,Some,LittleChange,LittleChange,StrongPos,Increasing,SVR,Jul2_Jul15,,CThruK,PartInhibit,LessThanAve,LessThanAve,,N1GtLIGt_4,,Average,Average,HI,Stifling,Strong,,I,XNIL,XNIL,SVR,LowSHighN,ModerateOrLe,Dry,CloseToDryAd,,DryMMoistL,E_W_S,SigNegative,QStationary,,LVorOther,LV
Down,StronUp,Neutral,Neutral,Neutral,Neutral,Neutral,Neutral,Neutral,PC,PC,PC,Cloudy,Strong,,Other,,Weak,Weak,,LittleChange,LittleChange,Negative,Increasing,SIG,Jul16_Aug10,B,AB,Stifling,,Average,ABI,N1GtLIGt_4,Instability,Average,Average,B,,Moderate,Strong,B,,XNIL,SIG,LowMtsHighPl,Stable,Average,ModerateOrLe,NoMajor,DryMMoistL,MovingFtorOt,LittleChange,Moving,AllElse,Westerly,
,,StrongUp,StrongUp,StrongUp,Neutral,Wet,Wet,,Clear,Cloudy,Clear,PC,,Weak,DCVZFavor,Weak,,Weak,Some,LittleChange,LittleChange,Negative,,,Jul16_Aug10,E,CThruK,PartInhibit,Average,Average,CDEJ,N5GtLIGt_8,Instability,Average,LessUnstable,ACEFK,PartInhibit,Weak,Moderate,E,,XNIL,,LowEvrywhere,,Average,Steep,MarkedUpper,MoistMDryL,E_W_N,NegToPos,,SWQuad,Westerly,DenvCyclone
Down,Neutral,,Neutral,Neutral,,Dry,Neutral,Dry,Clear,,Clear,Clear,,Weak,Westerly,,,Weak,,DecCapIncIns,,WeakPos,Increasing,XNIL,May15_Jun14,D,CThruK,TotalInhibit,,Average,CDEJ,N1GtLIGt_4,Stability,LessUnstable,LessUnstable,D,TotalInhibit,Moderate,,D,,XNIL,XNIL,,Steep,Average,CloseToDryAd,MarkedUpper,DryMMoistL,,PosToNeg,QStationary,NWQuad,Westerly,WidespdDnsl
StrongUp,StronUp,Neutral,WeakUp,WeakUp,Neutral,Neutral,Dry,Neutral,Cloudy,Clear,Cloudy,Cloudy,Weak,Weak,StrongWest,Strong,,Weak,Some,IncCapDecIns,Increasing,Neutral,Decreasing,SIG,Jun15_Jul1,,CThruK,,Average,MoreThanAve,ABI,LILt_8,,MoreUnstable,Average,HI,,Moderate,Strong,I,XNIL,,SIG,LowSHighN,Steep,Average,,NoMajor,DryMMoistL,E_W_S,SigPositive,QStationary,LV,Westerly,DenvCyclone
StrongUp,Down,Neutral,StrongUp,,Wet,Dry,,VeryWet,PC,Clear,Clear,,,Strong,DCVZFavor,Strong,,Weak,Marked,IncCapDecIns,Increasing,WeakPos,Increasing,SIG,Jul2_Jul15,H,CThruK,,,,,N1GtLIGt_4,Instability,MoreUnstable,MoreUnstable,HI,PartInhibit,Strong,Strong,H,SVR,XNIL,SIG,LowMtsHighPl,ModerateOrLe,,,NoMajor,DryMMoistL,,SigNegative,,LV,Westerly,
Neutral,Neutral,WeakUp,,Neutral,,Dry,VeryWet,VeryWet,Clear,PC,,Cloudy,Strong,Strong,StrongWest,Strong,,,Marked,IncCapDecIns,Increasing,Neutral,,SIG,,,CThruK,PartInhibit,Average,MoreThanAve,CDEJ,,Stability,,LessUnstable,GJ,PartInhibit,Moderate,Moderate,J,XNIL,XNIL,SIG,,,,Steep,NoMajor,,E_W_N,LittleChange,,LV,,LV
StrongUp,WeakUp,Down,,,Neutral,Neutral,,Wet,PC,Cloudy,Cloudy,Cloudy,,,StrongWest,,Weak,Weak,,IncCapDecIns,Increasing,WeakPos,Increasing,XNIL,Aug20_Sep15,E,CThruK,PartInhibit,Average,MoreThanAve,CDEJ,N5GtLIGt_8,Neutral,MoreUnstable,MoreUnstable,,,Unfavorable,Slight,E,XNIL,XNIL,XNIL,,,Dry,ModerateOrLe,OtherRapid,,MovingFtorOt,PosToNeg,,SWQuad,,DenvCyclone
,Neutral,Neutral,WeakUp,WeakUp,Dry,Neutral,Dry,,PC,Clear,,Clear,,,DCVZFavor,,,,,LittleChange,LittleChange,WeakPos,Increasing,XNIL,,B,AB,,Average,,ABI,,Stability,LessUnstable,Average,,,Moderate,,B,XNIL,XNIL,XNIL,LowSHighN,ModerateOrLe,VeryMoist,ModerateOrLe,NoMajor,DryMMoistL,DenvCyclone,LittleChange,Other,SWQuad,Westerly,LV
StrongUp,Neutral,StrongUp,Neutral,Neutral,Wet,Wet,Neutral,Neutral,PC,PC,PC,,,,,,Weak,,,LittleChange,LittleChange,Neutral,LittleChange,XNIL,Aug20_Sep15,K,CThruK,PartInhibit,Average,,K,LILt_8,Stability,MoreUnstable,,ACEFK,,Moderate,Strong,,SIG,SIG,SIG,LowEvrywhere,Steep,Average,Steep,StrongFront,DryMMoistL,,NegToPos,,NWQuad,Westerly,
Down,Neutral,WeakUp,Neutral,,Wet,Wet,Dry,Neutral,PC,Cloudy,PC,PC,Strong,Strong,DCVZFavor,,,Weak,Marked,LittleChange,LittleChange,Neutral,LittleChange,SIG,Aug20_Sep15,K,,TotalInhibit,MoreThanAve,MoreThanAve,K,N1GtLIGt_4,Stability,Average,,ACEFK,,Strong,Moderate,K,SVR,SVR,SVR,LowAtStation,ModerateOrLe,VeryMoist,Steep,StrongFront,MoistMDryL,,SigPositive,,,LVorOther,WidespdDnsl
,Down,Neutral,Neutral,Neutral,Neutral,Neutral,Neutral,Neutral,PC,PC,,PC,,,DCVZFavor,,,,,,LittleChange,,Decreasing,,May15_Jun14,K,CThruK,Stifling,MoreThanAve,,K,,Instability,MoreUnstable,LessUnstable,ACEFK,PartInhibit,Moderate,,K,XNIL,XNIL,,LowSHighN,Steep,,ModerateOrLe,StrongFront,DryMMoistL,DryLine,SigNegative,,NWQuad,LVorOther,WidespdDnsl
StrongUp,,,,,,VeryWet,Wet,Wet,PC,Clear,Clear,Clear,,Strong,,Strong,Strong,Weak,Marked,LittleChange,LittleChange,Negative,Decreasing,SVR,May15_Jun14,B,AB,TotalInhibit,MoreThanAve,,ABI,N5GtLIGt_8,Stability,,LessUnstable,B,Stifling,,Moderate,B,SIG,SIG,SVR,LowAtStation,Stable,Average,Steep,NoMajor,DryMMoistL,DenvCyclone,,Other,SWQuad,LVorOther,E_NE
Down,Neutral,WeakUp,Neutral,Neutral,Wet,Wet,,VeryWet,PC,Clear,,Clear,Weak,,StrongWest,Weak,Strong,,,DecCapIncIns,Decreasing,Negative,Decreasing,SIG,May15_Jun14,G,CThruK,,MoreThanAve,Average,G,N1GtLIGt_4,Stability,,LessUnstable,GJ,PartInhibit,Moderate,,,XNIL,,,LowSHighN,,Average,CloseToDryAd,MarkedUpper,Other,,NegToPos,,,Westerly,SEQuad
StrongUp,Neutral,,WeakUp,WeakUp,Dry,Neutral,VeryWet,VeryWet,,,PC,Cloudy,,,Other,,Weak,Weak,,IncCapDecIns,Increasing,WeakPos,Increasing,XNIL,Aug20_Sep15,K,CThruK,PartInhibit,Average,MoreThanAve,K,N5GtLIGt_8,Neutral,MoreUnstable,MoreUnstable,,PartInhibit,Moderate,Slight,K,XNIL,XNIL,XNIL,LowNHighS,Steep,Dry,Steep,MarkedUpper,Other,DenvCyclone,SigPositive,QStationary,SWQuad,LVorOther,WidespdDnsl
,WeakUp,WeakUp,WeakUp,,VeryWet,Wet,VeryWet,VeryWet,Clear,PC,PC,,,Strong,StrongWest,Strong,,,,LittleChange,LittleChange,Negative,LittleChange,SVR,Aug20_Sep15,G,CThruK,PartInhibit,,Average,G,N1GtLIGt_4,Stability,MoreUnstable,MoreUnstable,GJ,,Moderate,Slight,G,XNIL,,SVR,LowNHighS,,Dry,CloseToDryAd,NoMajor,Other,,LittleChange,,NWQuad,,LV
WeakUp,,,,Neutral,Wet,Neutral,Neutral,Neutral,Clear,Clear,Clear,Clear,Strong,Strong,Other,Weak,Weak,,Some,LittleChange,LittleChange,,Decreasing,SIG,Jul16_Aug10,E,CThruK,PartInhibit,Average,Average,CDEJ,N1GtLIGt_4,Instability,LessUnstable,LessUnstable,ACEFK,,Weak,Slight,E,XNIL,SVR,SVR,LowMtsHighPl,ModerateOrLe,Dry,,NoMajor,,,LittleChange,,SWQuad,LVorOther,LV
Neutral,Neutral,Neutral,Neutral,Neutral,Neutral,Neutral,Neutral,,Clear,PC,Clear,Clear,,,DCVZFavor,,,,,IncCapDecIns,,Neutral,LittleChange,XNIL,,,CThruK,PartInhibit,LessThanAve,LessThanAve,CDEJ,N1GtLIGt_4,Instability,MoreUnstable,MoreUnstable,ACEFK,,Weak,Moderate,E,SIG,SIG,SIG,Other,Steep,VeryMoist,,OtherRapid,Other,Other,LittleChange,,,Westerly,LV
StrongUp,Neutral,Neutral,Neutral,Neutral,Neutral,,Neutral,Neutral,PC,Clear,PC,PC,,,StrongWest,,,,,LittleChange,LittleChange,Neutral,Increasing,XNIL,Aug20_Sep15,B,,PartInhibit,LessThanAve,LessThanAve,ABI,N1GtLIGt_4,Instability,MoreUnstable,MoreUnstable,,,Weak,Slight,,SIG,SIG,SIG,LowAtStation,Stable,Average,ModerateOrLe,MarkedUpper,Other,DenvCyclone,,,,,E_NE
,Neutral,Neutral,Neutral,Neutral,,Wet,Neutral,Neutral,,Clear,PC,PC,,,StrongWest,,Weak,,,LittleChange,LittleChange,Negative,Decreasing,XNIL,May15_Jun14,C,CThruK,PartInhibit,Average,Average,CDEJ,N5GtLIGt_8,,MoreUnstable,Average,ACEFK,PartInhibit,,,,XNIL,XNIL,XNIL,LowEvrywhere,Steep,Dry,CloseToDryAd,NoMajor,Other,E_W_N,SigPositive,Other,NWQuad,Westerly,
WeakUp,Neutral,Down,WeakUp,,Neutral,Dry,,Wet,PC,Clear,Clear,Clear,Strong,Strong,StrongWest,Strong,,Strong,Some,LittleChange,LittleChange,Negative,Decreasing,,Aug20_Sep15,E,CThruK,,Average,Average,CDEJ,N1GtLIGt_4,Neutral,MoreUnstable,Average,ACEFK,Stifling,Weak,,,XNIL,XNIL,SIG,LowNHighS,,Average,Steep,,Other,DryLine,LittleChange,,SWQuad,Westerly,LV
,WeakUp,Neutral,Neutral,,Neutral,,Neutral,Neutral,PC,Cloudy,,PC,Weak,Weak,DCVZFavor,,Weak,Weak,,IncCapDecIns,Increasing,StrongPos,Increasing,SIG,Jun15_Jul1,C,CThruK,,Average,,CDEJ,N1GtLIGt_4,Stability,LessUnstable,LessUnstable,ACEFK,Stifling,Weak,,,,XNIL,SIG,LowMtsHighPl,Steep,Average,,StrongFront,DryMMoistL,E_W_N,LittleChange,Moving,NWQuad,,LongAnticyc
Neutral,Neutral,StrongUp,Neutral,Neutral,Dry,Neutral,Dry,Dry,PC,Clear,Clear,Clear,,,DCVZFavor,,Weak,Weak,,LittleChange,,,Increasing,XNIL,,B,AB,,MoreThanAve,MoreThanAve,ABI,N5GtLIGt_8,Stability,LessUnstable,MoreUnstable,,PartInhibit,,,B,XNIL,XNIL,XNIL,HighEvrywher,,Dry,CloseToDryAd,StrongFront,Other,DryLine,LittleChange,Other,LV,LVorOther,E_NE
StrongUp,Neutral,Down,StrongUp,StrongUp,Wet,Wet,Wet,VeryWet,Clear,PC,,Clear,,,Westerly,,,Weak,,,Decreasing,Neutral,Increasing,XNIL,May15_Jun14,,AB,PartInhibit,,LessThanAve,ABI,N5GtLIGt_8,Stability,MoreUnstable,MoreUnstable,ACEFK,PartInhibit,Strong,Slight,A,SVR,,,LowMtsHighPl,Stable,Average,Steep,,DryMMoistL,E_W_S,PosToNeg,Other,SWQuad,Westerly,LV
StrongUp,Neutral,Down,Neutral,Neutral,Neutral,VeryWet,Wet,Wet,PC,PC,,PC,Strong,Strong,DCVZFavor,Strong,,Strong,,DecCapIncIns,Decreasing,,Decreasing,SVR,Aug11_Aug20,,CThruK,PartInhibit,,,CDEJ,N1GtLIGt_4,Stability,LessUnstable,LessUnstable,ACEFK,PartInhibit,Moderate,Slight,E,XNIL,XNIL,SVR,LowSHighN,,Dry,ModerateOrLe,NoMajor,MoistMDryL,,LittleChange,,SWQuad,Westerly,
StrongUp,Neutral,Down,Neutral,Neutral,Wet,,Wet,Wet,Clear,Clear,Clear,Clear,,,Westerly,,Weak,,,IncCapDecIns,Increasing,Neutral,Increasing,,Aug20_Sep15,C,,,LessThanAve,LessThanAve,CDEJ,N5GtLIGt_8,Neutral,Average,MoreUnstable,ACEFK,Stifling,Weak,,C,XNIL,XNIL,XNIL,LowEvrywhere,Stable,Average,Steep,OtherRapid,Other,E_W_N,SigPositive,,NWQuad,Westerly,LongAnticyc
Down,Down,Down,Down,Down,Neutral,Neutral,Neutral,Dry,Cloudy,,Cloudy,PC,Strong,,Other,Strong,,,,IncCapDecIns,Increasing,Negative,,XNIL,,B,AB,PartInhibit,,MoreThanAve,ABI,N1GtLIGt_4,Instability,Average,Average,B,PartInhibit,Weak,Moderate,B,XNIL,,XNIL,,Steep,Average,Steep,NoMajor,Other,E_W_S,PosToNeg,Moving,LV,,DenvCyclone
,Down,Neutral,Neutral,Neutral,Neutral,Neutral,Neutral,Neutral,Clear,PC,Clear,Clear,,,,,,,,DecCapIncIns,Decreasing,StrongPos,Increasing,XNIL,May15_Jun14,,CThruK,,Average,Average,G,N1GtLIGt_4,,Average,Average,GJ,PartInhibit,Strong,Moderate,G,SIG,SIG,SIG,,Steep,Dry,CloseToDryAd,MarkedUpper,MoistMDryL,Other,LittleChange,,SWQuad,,
WeakUp,Neutral,StrongUp,WeakUp,WeakUp,Dry,Neutral,VeryWet,VeryWet,Clear,Clear,,Clear,,Strong,DCVZFavor,,,Strong,Marked,LittleChange,LittleChange,Neutral,LittleChange,SVR,,,CThruK,,LessThanAve,LessThanAve,CDEJ,N1GtLIGt_4,Neutral,,MoreUnstable,ACEFK,,Strong,Strong,E,SIG,SIG,SVR,LowAtStation,CloseToDryAd,Average,ModerateOrLe,NoMajor,DryMMoistL,Other,PosToNeg,,SWQuad,LVorOther,LV
WeakUp,WeakUp,StrongUp,StrongUp,StrongUp,,Neutral,,Dry,PC,PC,PC,,,,Westerly,,,,,,Increasing,WeakPos,,XNIL,Aug20_Sep15,B,AB,,Average,MoreThanAve,ABI,LIGt0,Neutral,LessUnstable,Average,B,Stifling,Moderate,Slight,B,SVR,SVR,SVR,,Steep,VeryMoist,Steep,MarkedUpper,DryMMoistL,DenvCyclone,PosToNeg,Other,AllElse,LVorOther,
Down,StronUp,Down,Down,Down,Dry,VeryWet,Wet,Wet,PC,Clear,PC,Clear,Strong,Strong,Other,,,,,IncCapDecIns,Increasing,WeakPos,,SVR,Jul16_Aug10,E,CThruK,TotalInhibit,MoreThanAve,MoreThanAve,CDEJ,N5GtLIGt_8,Instability,LessUnstable,MoreUnstable,ACEFK,,Strong,Slight,E,,SIG,SVR,LowNHighS,CloseToDryAd,Dry,,,MoistMDryL,,,,LV,Westerly,LV
WeakUp,Down,WeakUp,Neutral,Neutral,,Neutral,Dry,Dry,Cloudy,PC,Cloudy,Cloudy,,Weak,DCVZFavor,,Strong,,Marked,LittleChange,LittleChange,WeakPos,Increasing,XNIL,Jul16_Aug10,J,CThruK,PartInhibit,LessThanAve,LessThanAve,CDEJ,N1GtLIGt_4,Instability,MoreUnstable,MoreUnstable,,,Strong,,J,,SVR,SVR,LowEvrywhere,Steep,VeryMoist,CloseToDryAd,,DryMMoistL,Other,LittleChange,,LV,LVorOther,
Down,Neutral,Neutral,Neutral,Neutral,Wet,Neutral,Neutral,Neutral,Clear,Clear,Clear,Clear,Weak,Strong,StrongWest,Strong,Strong,Strong,Marked,IncCapDecIns,Increasing,StrongPos,Increasing,SVR,Jun15_Jul1,,CThruK,Stifling,MoreThanAve,MoreThanAve,CDEJ,,Stability,Average,,ACEFK,,Moderate,Moderate,,XNIL,,SVR,LowEvrywhere,Steep,Dry,CloseToDryAd,OtherRapid,,,NegToPos,,NWQuad,LVorOther,LongAnticyc
,Neutral,,Neutral,Neutral,Dry,Neutral,Dry,Dry,PC,Cloudy,Cloudy,Cloudy,Weak,Weak,StrongWest,,,Strong,Some,IncCapDecIns,Increasing,StrongPos,Increasing,SIG,Jul2_Jul15,E,CThruK,PartInhibit,LessThanAve,MoreThanAve,CDEJ,N1GtLIGt_4,Stability,LessUnstable,Average,ACEFK,PartInhibit,Unfavorable,,,,XNIL,SIG,LowNHighS,CloseToDryAd,Average,Steep,NoMajor,Other,E_W_N,PosToNeg,,SWQuad,Westerly,LongAnticyc
Neutral,Neutral,Down,Down,Down,Dry,,Dry,Dry,Clear,Cloudy,Clear,Clear,,,StrongWest,,Strong,Weak,,IncCapDecIns,Increasing,,LittleChange,XNIL,Jul16_Aug10,C,CThruK,,LessThanAve,Average,CDEJ,N5GtLIGt_8,Stability,LessUnstable,LessUnstable,ACEFK,PartInhibit,Weak,,C,,XNIL,XNIL,LowEvrywhere,CloseToDryAd,Average,Steep,,Other,E_W_S,NegToPos,Moving,NWQuad,LVorOther,LongAnticyc
Neutral,Neutral,Down,Neutral,Neutral,Dry,,Dry,Neutral,PC,PC,Cloudy,Cloudy,Strong,Strong,StrongWest,Strong,Strong,Weak,Marked,,LittleChange,,Increasing,SVR,Jul2_Jul15,G,CThruK,PartInhibit,LessThanAve,LessThanAve,G,,Neutral,Average,Average,GJ,TotalInhibit,Strong,Slight,G,XNIL,XNIL,,LowSHighN,CloseToDryAd,,CloseToDryAd,MarkedUpper,MoistMDryL,,LittleChange,,SWQuad,Westerly,SEQuad
WeakUp,Neutral,Neutral,Neutral,Neutral,Neutral,Wet,Wet,Wet,PC,Clear,PC,PC,Weak,Weak,,,,Weak,,IncCapDecIns,Increasing,Negative,LittleChange,XNIL,Jun15_Jul1,G,CThruK,,LessThanAve,LessThanAve,G,,Neutral,Average,MoreUnstable,GJ,PartInhibit,Weak,Slight,G,SIG,SIG,SIG,LowEvrywhere,CloseToDryAd,Dry,,MarkedUpper,MoistMDryL,Other,LittleChange,,SWQuad,,LV
Neutral,,Neutral,WeakUp,WeakUp,VeryWet,Dry,VeryWet,VeryWet,Clear,Clear,,PC,Weak,Strong,Westerly,Weak,,Weak,,IncCapDecIns,Increasing,Negative,Increasing,SVR,Aug20_Sep15,K,CThruK,PartInhibit,MoreThanAve,,,,,LessUnstable,Average,ACEFK,PartInhibit,Moderate,Moderate,K,XNIL,XNIL,SVR,LowNHighS,ModerateOrLe,,ModerateOrLe,StrongFront,DryMMoistL,E_W_N,NegToPos,QStationary,NWQuad,Westerly,LongAnticyc
Neutral,Down,Down,Down,Down,VeryWet,,,Wet,Clear,PC,,Clear,Strong,Strong,,Weak,,Weak,Some,LittleChange,LittleChange,WeakPos,,SIG,Jul2_Jul15,D,CThruK,Stifling,Average,,CDEJ,N5GtLIGt_8,Neutral,LessUnstable,LessUnstable,D,,Moderate,Strong,D,,XNIL,SIG,LowNHighS,Steep,Average,,MarkedUpper,DryMMoistL,,PosToNeg,,NWQuad,LVorOther,SEQuad
Down,Down,Neutral,,Down,Dry,Dry,Neutral,Neutral,Clear,Clear,Clear,Clear,Strong,Strong,StrongWest,,Weak,Strong,Marked,LittleChange,LittleChange,,LittleChange,SIG,Aug20_Sep15,G,,,MoreThanAve,MoreThanAve,G,N5GtLIGt_8,Stability,Average,,GJ,PartInhibit,Moderate,,,SIG,SVR,SVR,LowAtStation,Steep,Dry,CloseToDryAd,MarkedUpper,Other,Other,,,,Westerly,WidespdDnsl
Down,Down,Neutral,,Neutral,Dry,Dry,VeryWet,,Clear,PC,PC,PC,,,DCVZFavor,,,Weak,,DecCapIncIns,Decreasing,Negative,Decreasing,XNIL,Jun15_Jul1,B,AB,,LessThanAve,LessThanAve,ABI,N1GtLIGt_4,Stability,LessUnstable,LessUnstable,B,PartInhibit,Unfavorable,,B,XNIL,XNIL,XNIL,LowEvrywhere,Steep,Average,Steep,NoMajor,Other,,LittleChange,QStationary,AllElse,LVorOther,SEQuad
Down,,Neutral,Down,Down,,,Wet,Neutral,PC,PC,Cloudy,Cloudy,Weak,Strong,DCVZFavor,Weak,Weak,Weak,Marked,LittleChange,LittleChange,Negative,Decreasing,XNIL,Jul16_Aug10,G,CThruK,,LessThanAve,,G,N1GtLIGt_4,Stability,,,,PartInhibit,Moderate,Moderate,G,XNIL,,XNIL,,Steep,Dry,CloseToDryAd,NoMajor,MoistMDryL,Other,PosToNeg,,AllElse,Westerly,LongAnticyc
,WeakUp,StrongUp,StrongUp,,,Dry,Dry,Neutral,Clear,Cloudy,Clear,,,Strong,,Strong,Weak,Strong,Marked,LittleChange,LittleChange,Neutral,Decreasing,XNIL,Jul16_Aug10,J,CThruK,PartInhibit,LessThanAve,LessThanAve,CDEJ,N1GtLIGt_4,Instability,Average,LessUnstable,GJ,,Moderate,Strong,J,XNIL,XNIL,XNIL,LowSHighN,Stable,Average,ModerateOrLe,NoMajor,DryMMoistL,E_W_S,LittleChange,,LV,LVorOther,LV
Down,Down,Neutral,Down,Down,Wet,VeryWet,Wet,Wet,Clear,Clear,,Clear,,,Other,,,Weak,,LittleChange,LittleChange,Neutral,LittleChange,,,D,CThruK,PartInhibit,Average,Average,CDEJ,LILt_8,Stability,LessUnstable,LessUnstable,D,,Unfavorable,,D,XNIL,XNIL,SIG,LowAtStation,CloseToDryAd,Dry,CloseToDryAd,MarkedUpper,Other,,LittleChange,,NWQuad,LVorOther,LV
StrongUp,Neutral,Neutral,WeakUp,WeakUp,VeryWet,Wet,VeryWet,VeryWet,Cloudy,Cloudy,Cloudy,Cloudy,Weak,Weak,Other,,Weak,Weak,,IncCapDecIns,Increasing,WeakPos,Increasing,,Jul16_Aug10,,CThruK,PartInhibit,Average,MoreThanAve,CDEJ,N1GtLIGt_4,Neutral,MoreUnstable,MoreUnstable,ACEFK,,Unfavorable,,,SVR,SVR,,HighEvrywher,,Dry,,NoMajor,MoistMDryL,Other,LittleChange,,AllElse,,WidespdDnsl
Neutral,Down,Neutral,Neutral,Neutral,Neutral,Neutral,Dry,Dry,Clear,Cloudy,PC,PC,,,DCVZFavor,,,Weak,,LittleChange,,Negative,LittleChange,XNIL,May15_Jun14,,,,LessThanAve,LessThanAve,H,N1GtLIGt_4,Stability,LessUnstable,LessUnstable,HI,PartInhibit,Weak,,H,XNIL,XNIL,XNIL,LowSHighN,Stable,VeryMoist,,MarkedUpper,DryMMoistL,,SigNegative,Moving,,LVorOther,E_NE
WeakUp,Neutral,Neutral,WeakUp,WeakUp,Wet,,Dry,Neutral,Clear,PC,PC,PC,,Weak,Other,,,,,,LittleChange,WeakPos,Increasing,,Aug20_Sep15,I,CThruK,TotalInhibit,MoreThanAve,MoreThanAve,,N1GtLIGt_4,Stability,LessUnstable,MoreUnstable,HI,PartInhibit,Weak,,,SVR,SVR,SVR,LowSHighN,CloseToDryAd,Average,,NoMajor,,MovingFtorOt,,QStationary,SWQuad,LVorOther,DenvCyclone
Neutral,Neutral,Down,Down,Down,Dry,VeryWet,Dry,Dry,PC,Clear,Clear,Clear,Strong,,,Weak,,Weak,,IncCapDecIns,Increasing,Negative,Increasing,SIG,Jul16_Aug10,E,CThruK,PartInhibit,Average,Average,CDEJ,LILt_8,Stability,MoreUnstable,MoreUnstable,ACEFK,Stifling,Moderate,,,SVR,SVR,SVR,LowSHighN,,Dry,ModerateOrLe,NoMajor,MoistMDryL,DryLine,NegToPos,,SWQuad,Westerly,WidespdDnsl
Neutral,,Neutral,Down,Down,Wet,Neutral,,Neutral,,Clear,Clear,,,Strong,StrongWest,Strong,,Weak,Marked,IncCapDecIns,Increasing,Negative,,,Jul16_Aug10,D,CThruK,PartInhibit,LessThanAve,Average,CDEJ,N1GtLIGt_4,Instability,MoreUnstable,MoreUnstable,D,PartInhibit,Weak,,D,XNIL,XNIL,XNIL,LowAtStation,ModerateOrLe,Average,ModerateOrLe,StrongFront,DryMMoistL,,SigNegative,,,Westerly,SEQuad
Down,Neutral,StrongUp,Neutral,Neutral,Neutral,Dry,Dry,Dry,,Clear,Clear,Clear,Weak,Strong,,Strong,,Strong,,DecCapIncIns,Decreasing,Negative,Decreasing,SIG,Aug11_Aug20,,CThruK,PartInhibit,LessThanAve,LessThanAve,CDEJ,LILt_8,Stability,Average,LessUnstable,GJ,PartInhibit,Strong,Strong,J,XNIL,XNIL,SIG,LowMtsHighPl,Steep,VeryMoist,CloseToDryAd,,MoistMDryL,DryLine,LittleChange,QStationary,LV,LVorOther,LV
StrongUp,Neutral,Neutral,WeakUp,WeakUp,Neutral,Neutral,Wet,,PC,,PC,Clear,,Strong,Other,Weak,Strong,Strong,Some,LittleChange,LittleChange,Negative,Decreasing,SVR,May15_Jun14,B,AB,PartInhibit,LessThanAve,LessThanAve,ABI,,,MoreUnstable,LessUnstable,B,,Moderate,Moderate,B,SVR,,SVR,LowMtsHighPl,,,Steep,NoMajor,Other,DenvCyclone,SigPositive,Other,LV,,DenvCyclone
WeakUp,Neutral,Neutral,Neutral,Neutral,Neutral,,Neutral,VeryWet,PC,Clear,Clear,Clear,Weak,Strong,DCVZFavor,,,Weak,Some,LittleChange,LittleChange,Negative,Decreasing,SIG,Aug20_Sep15,K,,PartInhibit,Average,Average,K,N1GtLIGt_4,Stability,Average,LessUnstable,ACEFK,TotalInhibit,Strong,,K,,XNIL,SIG,LowNHighS,Stable,,CloseToDryAd,StrongFront,Other,Other,SigPositive,Other,NWQuad,LVorOther,WidespdDnsl
Down,Neutral,StrongUp,StrongUp,StrongUp,Wet,VeryWet,Wet,Wet,PC,PC,PC,Cloudy,,,StrongWest,,,,,LittleChange,LittleChange,Neutral,Decreasing,XNIL,Jul2_Jul15,,CThruK,PartInhibit,LessThanAve,LessThanAve,G,,,Average,LessUnstable,GJ,TotalInhibit,,,G,,,XNIL,LowEvrywhere,CloseToDryAd,Dry,CloseToDryAd,MarkedUpper,MoistMDryL,DryLine,SigNegative,,,,LV
StrongUp,Neutral,Down,Neutral,Neutral,Neutral,Neutral,Neutral,Wet,PC,PC,PC,PC,,,,,Strong,Strong,,,Decreasing,WeakPos,LittleChange,XNIL,May15_Jun14,C,CThruK,PartInhibit,Average,LessThanAve,CDEJ,N1GtLIGt_4,Stability,LessUnstable,LessUnstable,ACEFK,PartInhibit,Weak,,C,XNIL,XNIL,,,Steep,Average,ModerateOrLe,NoMajor,DryMMoistL,,,,NWQuad,Westerly,LongAnticyc
Neutral,StronUp,StrongUp,StrongUp,StrongUp,Dry,Neutral,VeryWet,VeryWet,PC,PC,PC,Cloudy,Weak,Strong,StrongWest,Strong,,Strong,Marked,IncCapDecIns,Increasing,Neutral,Increasing,XNIL,Jul16_Aug10,J,CThruK,,LessThanAve,MoreThanAve,CDEJ,N1GtLIGt_4,Stability,LessUnstable,LessUnstable,GJ,PartInhibit,Moderate,Moderate,J,XNIL,XNIL,XNIL,LowAtStation,ModerateOrLe,Dry,Steep,,MoistMDryL,DryLine,LittleChange,,LV,LVorOther,LV
Down,WeakUp,WeakUp,WeakUp,,Neutral,Neutral,Neutral,,Clear,Clear,Clear,Clear,Strong,Strong,Westerly,Strong,,,,LittleChange,LittleChange,Neutral,,,,,CThruK,PartInhibit,,Average,K,N5GtLIGt_8,Stability,,MoreUnstable,ACEFK,PartInhibit,Weak,,K,XNIL,XNIL,SIG,Other,ModerateOrLe,Average,Steep,StrongFront,MoistMDryL,E_W_N,LittleChange,Moving,NWQuad,,WidespdDnsl
,StronUp,WeakUp,Neutral,Neutral,Wet,Dry,Neutral,Neutral,Clear,PC,Clear,Clear,Weak,Strong,StrongWest,,Weak,Weak,,IncCapDecIns,Increasing,Negative,LittleChange,SVR,May15_Jun14,G,CThruK,,MoreThanAve,,,N1GtLIGt_4,Instability,MoreUnstable,MoreUnstable,GJ,PartInhibit,,Moderate,G,,XNIL,SVR,LowSHighN,,Dry,,NoMajor,MoistMDryL,,PosToNeg,Other,SWQuad,Westerly,
StrongUp,Neutral,StrongUp,StrongUp,StrongUp,VeryWet,Neutral,Wet,Wet,,PC,PC,Cloudy,Weak,Weak,Westerly,Strong,Weak,,Marked,IncCapDecIns,Increasing,WeakPos,Increasing,XNIL,Jul2_Jul15,K,CThruK,,Average,MoreThanAve,K,N1GtLIGt_4,Stability,,,ACEFK,PartInhibit,Weak,Moderate,,XNIL,XNIL,XNIL,LowMtsHighPl,CloseToDryAd,VeryMoist,Steep,StrongFront,MoistMDryL,DenvCyclone,SigNegative,,AllElse,Westerly,DenvCyclone
,Neutral,,WeakUp,,VeryWet,Neutral,Neutral,Neutral,Cloudy,,Cloudy,Cloudy,,,,,Strong,,,IncCapDecIns,Increasing,Neutral,Decreasing,XNIL,Aug20_Sep15,D,CThruK,PartInhibit,LessThanAve,LessThanAve,CDEJ,N1GtLIGt_4,Neutral,Average,LessUnstable,,,Weak,,D,XNIL,,XNIL,LowAtStation,CloseToDryAd,Dry,CloseToDryAd,OtherRapid,MoistMDryL,DryLine,SigPositive,,,LVorOther,LongAnticyc
StrongUp,Neutral,WeakUp,WeakUp,WeakUp,Neutral,Neutral,Wet,Wet,Clear,Clear,Clear,PC,Strong,Strong,,Strong,,Weak,,IncCapDecIns,Increasing,WeakPos,,XNIL,May15_Jun14,B,AB,PartInhibit,LessThanAve,LessThanAve,ABI,N1GtLIGt_4,Stability,,,B,PartInhibit,,Slight,B,XNIL,XNIL,XNIL,HighEvrywher,Steep,,,NoMajor,DryMMoistL,DenvCyclone,NegToPos,Other,AllElse,Westerly,DenvCyclone
StrongUp,Down,Down,Down,Down,VeryWet,,Neutral,Dry,Clear,Clear,Clear,Clear,Strong,Strong,,,,Strong,,IncCapDecIns,,,Increasing,SIG,Jul16_Aug10,B,AB,PartInhibit,LessThanAve,,ABI,N5GtLIGt_8,Stability,,LessUnstable,,,Moderate,Strong,B,SVR,SVR,SVR,LowEvrywhere,Stable,VeryMoist,ModerateOrLe,NoMajor,Other,Other,LittleChange,QStationary,SWQuad,,DenvCyclone
WeakUp,Neutral,Neutral,WeakUp,WeakUp,VeryWet,Neutral,Wet,Wet,PC,Clear,,PC,Strong,Strong,DCVZFavor,Weak,Weak,,Marked,,LittleChange,,Decreasing,SVR,,D,CThruK,Stifling,MoreThanAve,Average,CDEJ,N1GtLIGt_4,Stability,Average,Average,D,PartInhibit,Weak,,D,XNIL,XNIL,SVR,LowMtsHighPl,CloseToDryAd,Dry,CloseToDryAd,StrongFront,DryMMoistL,,PosToNeg,Other,NWQuad,Westerly,SEQuad
StrongUp,,WeakUp,WeakUp,WeakUp,Neutral,Wet,Neutral,Wet,,PC,PC,Cloudy,,,DCVZFavor,,Weak,Weak,,IncCapDecIns,Increasing,Negative,Increasing,XNIL,Aug11_Aug20,E,CThruK,PartInhibit,Average,Average,CDEJ,N1GtLIGt_4,Neutral,Average,,ACEFK,,Moderate,Strong,E,,XNIL,XNIL,LowAtStation,,Average,ModerateOrLe,NoMajor,MoistMDryL,,LittleChange,Other,SWQuad,Westerly,LongAnticyc
WeakUp,WeakUp,StrongUp,WeakUp,WeakUp,Neutral,Wet,Neutral,Wet,Clear,Clear,Clear,Clear,,,DCVZFavor,,,Weak,Some,DecCapIncIns,,Negative,Decreasing,XNIL,Jun15_Jul1,,CThruK,PartInhibit,LessThanAve,,CDEJ,N5GtLIGt_8,Instability,MoreUnstable,,,PartInhibit,Strong,Strong,,XNIL,XNIL,XNIL,,,Dry,Steep,OtherRapid,,,LittleChange,,SWQuad,Westerly,LongAnticyc
WeakUp,WeakUp,Neutral,WeakUp,WeakUp,Dry,Neutral,Dry,Neutral,PC,Clear,PC,PC,Strong,Strong,DCVZFavor,Weak,Strong,Strong,,LittleChange,LittleChange,Neutral,LittleChange,SVR,Aug20_Sep15,K,CThruK,PartInhibit,Average,Average,K,N5GtLIGt_8,,,MoreUnstable,ACEFK,PartInhibit,Unfavorable,Moderate,,SVR,SVR,SVR,,ModerateOrLe,Average,ModerateOrLe,StrongFront,Other,DryLine,,,NWQuad,Westerly,LV
,,Neutral,,Neutral,Wet,Wet,Wet,VeryWet,Clear,PC,PC,Cloudy,,Weak,,,,,Some,IncCapDecIns,Increasing,WeakPos,Increasing,XNIL,Jul16_Aug10,H,,,LessThanAve,LessThanAve,H,N5GtLIGt_8,Stability,Average,MoreUnstable,,Stifling,Weak,Slight,H,XNIL,,XNIL,Other,ModerateOrLe,Average,,,DryMMoistL,MovingFtorOt,SigPositive,,SWQuad,,LongAnticyc
WeakUp,,Neutral,WeakUp,WeakUp,Dry,Neutral,VeryWet,VeryWet,PC,PC,Cloudy,Cloudy,Strong,Strong,StrongWest,Strong,Weak,Strong,Marked,IncCapDecIns,Increasing,Neutral,Decreasing,SVR,Jul16_Aug10,I,CThruK,Stifling,Average,MoreThanAve,,N1GtLIGt_4,Stability,Average,LessUnstable,HI,PartInhibit,Weak,,I,XNIL,XNIL,SVR,LowSHighN,Steep,Dry,CloseToDryAd,NoMajor,DryMMoistL,Other,LittleChange,Moving,AllElse,LVorOther,DenvCyclone
Neutral,Neutral,Neutral,Neutral,Neutral,VeryWet,Wet,VeryWet,VeryWet,PC,Clear,,PC,,,Westerly,,Weak,,,IncCapDecIns,Increasing,Negative,Decreasing,XNIL,May15_Jun14,K,CThruK,TotalInhibit,,MoreThanAve,K,N1GtLIGt_4,Neutral,,MoreUnstable,,,Strong,Slight,K,SIG,XNIL,XNIL,LowEvrywhere,,Average,Steep,StrongFront,DryMMoistL,MovingFtorOt,SigPositive,,AllElse,LVorOther,LongAnticyc
StrongUp,Neutral,StrongUp,StrongUp,StrongUp,VeryWet,Neutral,Wet,Wet,,Clear,PC,Clear,,,Westerly,,,Weak,,DecCapIncIns,Decreasing,Negative,LittleChange,,Jul16_Aug10,B,AB,Stifling,Average,LessThanAve,ABI,N1GtLIGt_4,Instability,MoreUnstable,Average,B,PartInhibit,,Slight,B,,,SIG,HighEvrywher,,VeryMoist,Steep,NoMajor,DryMMoistL,DenvCyclone,LittleChange,,AllElse,,LV
StrongUp,Down,Neutral,,Down,Neutral,Neutral,Dry,Dry,Clear,PC,,Clear,Strong,Strong,Westerly,,Strong,Strong,Marked,IncCapDecIns,,Negative,LittleChange,,Aug20_Sep15,J,CThruK,PartInhibit,Average,Average,CDEJ,N1GtLIGt_4,Neutral,MoreUnstable,MoreUnstable,GJ,,,Moderate,J,SVR,SVR,SVR,LowSHighN,Steep,Average,Steep,StrongFront,,,LittleChange,Other,LV,LVorOther,LV
Down,StronUp,Neutral,WeakUp,WeakUp,Neutral,Dry,Neutral,Wet,Clear,PC,Clear,Clear,Weak,Strong,StrongWest,Strong,Strong,,Marked,IncCapDecIns,Increasing,,LittleChange,XNIL,Jul16_Aug10,E,CThruK,PartInhibit,Average,Average,CDEJ,N5GtLIGt_8,Instability,MoreUnstable,MoreUnstable,ACEFK,,Unfavorable,,E,SVR,SIG,SIG,HighEvrywher,CloseToDryAd,Average,Steep,OtherRapid,MoistMDryL,MovingFtorOt,LittleChange,,SWQuad,Westerly,LV
WeakUp,Neutral,Neutral,Neutral,Neutral,,Neutral,Wet,,Clear,Cloudy,,Clear,,Strong,DCVZFavor,Strong,,Strong,Some,DecCapIncIns,Decreasing,Neutral,LittleChange,SIG,,D,CThruK,PartInhibit,MoreThanAve,Average,CDEJ,,Neutral,,MoreUnstable,D,,Strong,Slight,D,SVR,SVR,SVR,LowSHighN,Steep,Average,CloseToDryAd,StrongFront,Other,,NegToPos,Other,AllElse,,LongAnticyc
Neutral,Down,WeakUp,Down,Down,Dry,Wet,Neutral,Neutral,PC,PC,Clear,Clear,,Strong,,Strong,,Strong,Marked,IncCapDecIns,Increasing,Negative,LittleChange,SIG,,A,AB,,LessThanAve,Average,ABI,,Instability,MoreUnstable,MoreUnstable,ACEFK,PartInhibit,Moderate,Strong,,SVR,,SVR,LowSHighN,,Average,CloseToDryAd,OtherRapid,DryMMoistL,MovingFtorOt,PosToNeg,Moving,SWQuad,Westerly,DenvCyclone
Neutral,Down,Neutral,Neutral,Neutral,,Neutral,Wet,Wet,,PC,Clear,Clear,Strong,,Westerly,Strong,Weak,Strong,Some,IncCapDecIns,Increasing,,Decreasing,SVR,Aug20_Sep15,D,,Stifling,MoreThanAve,MoreThanAve,,N1GtLIGt_4,,LessUnstable,LessUnstable,D,PartInhibit,Strong,,D,XNIL,SIG,SVR,LowSHighN,Steep,Dry,Steep,MarkedUpper,,DenvCyclone,PosToNeg,,NWQuad,Westerly,SEQuad
WeakUp,Neutral,WeakUp,Neutral,Neutral,Wet,Neutral,Wet,Wet,Clear,,,PC,Weak,,Westerly,,Weak,Weak,Marked,LittleChange,,Neutral,Decreasing,SVR,Jul16_Aug10,J,CThruK,Stifling,,MoreThanAve,CDEJ,,Instability,MoreUnstable,LessUnstable,GJ,PartInhibit,Unfavorable,,,XNIL,XNIL,SVR,,,Dry,Steep,NoMajor,DryMMoistL,DryLine,LittleChange,,LV,,LV
Down,Neutral,StrongUp,,Neutral,Neutral,Dry,Dry,Dry,,Clear,Cloudy,PC,Weak,Weak,Westerly,Weak,Weak,Weak,,IncCapDecIns,Increasing,WeakPos,LittleChange,SIG,Aug20_Sep15,B,AB,PartInhibit,LessThanAve,,ABI,N1GtLIGt_4,Instability,MoreUnstable,MoreUnstable,B,,Moderate,Slight,,SVR,SVR,SVR,LowSHighN,Steep,,ModerateOrLe,NoMajor,DryMMoistL,DenvCyclone,LittleChange,QStationary,SWQuad,Westerly,DenvCyclone
WeakUp,Down,StrongUp,WeakUp,WeakUp,Neutral,VeryWet,Neutral,Wet,,Cloudy,,Cloudy,Strong,Strong,Westerly,,Weak,Strong,Some,IncCapDecIns,,Neutral,,SVR,May15_Jun14,K,CThruK,,,Average,K,LIGt0,Stability,Average,MoreUnstable,,PartInhibit,Weak,,K,,XNIL,SVR,LowEvrywhere,ModerateOrLe,Average,Steep,NoMajor,,E_W_N,,Other,NWQuad,Westerly,LongAnticyc
StrongUp,Neutral,,,StrongUp,Neutral,Neutral,Neutral,,,PC,Clear,Clear,,,StrongWest,,,Weak,,,Decreasing,StrongPos,Increasing,XNIL,Aug20_Sep15,I,CThruK,PartInhibit,Average,Average,ABI,LIGt0,,LessUnstable,Average,HI,,Weak,Slight,I,SIG,SIG,SIG,LowMtsHighPl,ModerateOrLe,Dry,Steep,OtherRapid,DryMMoistL,MovingFtorOt,PosToNeg,QStationary,AllElse,LVorOther,E_NE
Down,Neutral,WeakUp,,Neutral,Neutral,Wet,Wet,VeryWet,Clear,Clear,Clear,Clear,Strong,Strong,StrongWest,Strong,,Strong,Marked,LittleChange,LittleChange,,,,,C,CThruK,Stifling,Average,Average,CDEJ,LIGt0,Instability,MoreUnstable,LessUnstable,ACEFK,,Weak,,C,XNIL,XNIL,SIG,LowNHighS,CloseToDryAd,Dry,CloseToDryAd,OtherRapid,MoistMDryL,E_W_S,LittleChange,,,,LongAnticyc
Neutral,Down,Neutral,Down,Down,Dry,,Dry,Dry,,Clear,Clear,Clear,Strong,Strong,StrongWest,Strong,Weak,Strong,Some,LittleChange,LittleChange,Negative,,SVR,Aug20_Sep15,I,,,LessThanAve,LessThanAve,ABI,N5GtLIGt_8,Instability,MoreUnstable,MoreUnstable,HI,TotalInhibit,Unfavorable,,,XNIL,,SVR,Other,Steep,,ModerateOrLe,StrongFront,DryMMoistL,E_W_S,PosToNeg,QStationary,AllElse,LVorOther,
Down,Neutral,Neutral,Down,Down,Neutral,Neutral,Neutral,Wet,PC,Cloudy,Cloudy,Cloudy,Weak,Strong,Other,Weak,Weak,Weak,,IncCapDecIns,Increasing,Negative,LittleChange,SIG,May15_Jun14,C,CThruK,,Average,MoreThanAve,CDEJ,N1GtLIGt_4,Instability,Average,Average,,,,Moderate,C,XNIL,XNIL,SIG,,Stable,Dry,Steep,,DryMMoistL,E_W_N,NegToPos,QStationary,NWQuad,Westerly,LongAnticyc
Neutral,StronUp,StrongUp,WeakUp,WeakUp,VeryWet,Neutral,Neutral,Neutral,PC,PC,PC,PC,Weak,Strong,Westerly,Strong,,Weak,,DecCapIncIns,Decreasing,Neutral,,SIG,,I,CThruK,TotalInhibit,MoreThanAve,LessThanAve,ABI,N1GtLIGt_4,Neutral,LessUnstable,LessUnstable,HI,,Weak,Slight,I,SIG,SIG,SIG,LowSHighN,Stable,Average,Steep,OtherRapid,DryMMoistL,MovingFtorOt,LittleChange,QStationary,AllElse,LVorOther,DenvCyclone
StrongUp,StronUp,,WeakUp,WeakUp,Wet,VeryWet,VeryWet,VeryWet,PC,Cloudy,PC,PC,,Strong,,,,,Some,DecCapIncIns,,Negative,LittleChange,,Aug11_Aug20,J,,TotalInhibit,Average,LessThanAve,,N5GtLIGt_8,Stability,LessUnstable,LessUnstable,GJ,PartInhibit,Weak,,J,SVR,SVR,SVR,LowMtsHighPl,ModerateOrLe,Average,ModerateOrLe,StrongFront,DryMMoistL,DryLine,LittleChange,,LV,LVorOther,LV
WeakUp,Neutral,,,WeakUp,Neutral,Dry,Wet,Neutral,Clear,Clear,Clear,Clear,Weak,Strong,DCVZFavor,Weak,,Weak,Marked,IncCapDecIns,,Neutral,Increasing,SIG,Aug11_Aug20,K,CThruK,Stifling,,MoreThanAve,K,N1GtLIGt_4,Instability,MoreUnstable,MoreUnstable,ACEFK,,Moderate,Strong,K,,XNIL,,LowAtStation,,Dry,ModerateOrLe,MarkedUpper,,Other,SigPositive,,AllElse,Westerly,WidespdDnsl
Down,WeakUp,StrongUp,Neutral,Neutral,Neutral,Neutral,Dry,Dry,PC,PC,PC,PC,Strong,Strong,Other,,,Weak,Marked,IncCapDecIns,Increasing,StrongPos,Increasing,SIG,May15_Jun14,K,CThruK,PartInhibit,Average,Average,K,N1GtLIGt_4,,Average,Average,ACEFK,PartInhibit,Moderate,,,XNIL,XNIL,SIG,Other,Steep,Dry,CloseToDryAd,StrongFront,DryMMoistL,MovingFtorOt,LittleChange,Moving,AllElse,Westerly,WidespdDnsl
WeakUp,,,,Neutral,Neutral,,Neutral,Wet,Clear,PC,Clear,Clear,Strong,,DCVZFavor,,,,Marked,DecCapIncIns,Decreasing,Negative,Decreasing,,Jul2_Jul15,,AB,,LessThanAve,LessThanAve,,LIGt0,Neutral,Average,LessUnstable,,PartInhibit,Unfavorable,,B,XNIL,XNIL,SIG,,ModerateOrLe,VeryMoist,CloseToDryAd,MarkedUpper,MoistMDryL,,LittleChange,Other,,Westerly,
,Down,StrongUp,WeakUp,WeakUp,Neutral,,Neutral,Wet,PC,,PC,Cloudy,,,StrongWest,,,,,IncCapDecIns,,,Decreasing,XNIL,Jun15_Jul1,C,,PartInhibit,Average,MoreThanAve,,LIGt0,Stability,Average,LessUnstable,ACEFK,,Moderate,Moderate,C,XNIL,,SIG,LowAtStation,Steep,,CloseToDryAd,NoMajor,Other,E_W_N,SigPositive,QStationary,NWQuad,Westerly,LongAnticyc
Down,Neutral,Down,Neutral,Neutral,,Neutral,VeryWet,,PC,PC,PC,PC,Strong,Strong,StrongWest,Strong,,Strong,Marked,IncCapDecIns,Increasing,Negative,Decreasing,SVR,May15_Jun14,G,CThruK,PartInhibit,Average,Average,G,N1GtLIGt_4,Neutral,Average,LessUnstable,GJ,,Moderate,Moderate,G,XNIL,XNIL,SVR,LowEvrywhere,CloseToDryAd,Dry,,NoMajor,,,LittleChange,,LV,,WidespdDnsl
Down,Neutral,WeakUp,,Down,Neutral,Wet,Neutral,,Clear,Cloudy,,PC,Strong,Strong,StrongWest,Strong,,Weak,Some,IncCapDecIns,Increasing,StrongPos,Increasing,SVR,Jul2_Jul15,J,CThruK,PartInhibit,MoreThanAve,MoreThanAve,CDEJ,,Stability,LessUnstable,,GJ,TotalInhibit,,,,XNIL,SIG,,LowAtStation,ModerateOrLe,Average,ModerateOrLe,NoMajor,DryMMoistL,DryLine,LittleChange,Other,,LVorOther,LV
StrongUp,WeakUp,Neutral,StrongUp,StrongUp,Dry,,,,PC,PC,,Cloudy,,,,,Weak,Weak,,DecCapIncIns,Decreasing,,Increasing,XNIL,,A,AB,PartInhibit,LessThanAve,,ABI,N5GtLIGt_8,Stability,Average,MoreUnstable,ACEFK,,Unfavorable,Slight,A,SVR,SVR,,LowMtsHighPl,Stable,,Steep,MarkedUpper,DryMMoistL,DenvCyclone,LittleChange,Other,SWQuad,Westerly,DenvCyclone
StrongUp,Neutral,Down,WeakUp,WeakUp,Wet,Neutral,Neutral,Dry,Clear,Cloudy,,Clear,Strong,Strong,StrongWest,Strong,,Weak,Marked,LittleChange,LittleChange,WeakPos,LittleChange,SIG,Aug20_Sep15,G,CThruK,Stifling,Average,Average,G,N5GtLIGt_8,,,LessUnstable,GJ,PartInhibit,Moderate,Moderate,G,XNIL,,SIG,LowEvrywhere,Steep,Dry,CloseToDryAd,MarkedUpper,Other,DryLine,PosToNeg,,,Westerly,
,,Down,Down,Down,Neutral,Neutral,Dry,Dry,,,Cloudy,PC,Weak,,DCVZFavor,Weak,,Weak,Marked,IncCapDecIns,Increasing,WeakPos,Increasing,SVR,May15_Jun14,A,AB,PartInhibit,LessThanAve,Average,ABI,N1GtLIGt_4,Stability,LessUnstable,MoreUnstable,,Stifling,Moderate,Slight,,SVR,SVR,SVR,HighEvrywher,ModerateOrLe,VeryMoist,Steep,MarkedUpper,Other,E_W_S,PosToNeg,QStationary,SWQuad,Westerly,DenvCyclone
Down,Down,Down,,Down,Neutral,Dry,Wet,Neutral,Clear,PC,Cloudy,,Weak,Strong,DCVZFavor,Weak,Strong,Strong,,IncCapDecIns,Increasing,Negative,LittleChange,SIG,Aug11_Aug20,I,CThruK,,LessThanAve,MoreThanAve,,N1GtLIGt_4,Stability,LessUnstable,LessUnstable,HI,Stifling,Moderate,,I,SIG,SIG,,LowMtsHighPl,,Average,,NoMajor,DryMMoistL,MovingFtorOt,SigPositive,,LV,Westerly,E_NE
Neutral,Down,Neutral,,Neutral,,Wet,Wet,,Clear,PC,PC,PC,,Strong,,Weak,Weak,Strong,Marked,IncCapDecIns,Increasing,WeakPos,Increasing,,Jul2_Jul15,G,CThruK,,LessThanAve,Average,G,N1GtLIGt_4,Stability,Average,MoreUnstable,GJ,TotalInhibit,Moderate,,G,XNIL,XNIL,XNIL,LowAtStation,,Dry,CloseToDryAd,MarkedUpper,Other,,NegToPos,Other,,Westerly,LV
StrongUp,WeakUp,StrongUp,StrongUp,StrongUp,Wet,Neutral,Neutral,Wet,PC,PC,PC,Cloudy,Weak,Strong,Westerly,Strong,,Weak,Marked,DecCapIncIns,Decreasing,,,SVR,May15_Jun14,,CThruK,,Average,LessThanAve,CDEJ,LIGt0,Stability,LessUnstable,LessUnstable,D,PartInhibit,Strong,,D,XNIL,,SVR,LowMtsHighPl,CloseToDryAd,Average,CloseToDryAd,,DryMMoistL,,NegToPos,,NWQuad,Westerly,SEQuad
StrongUp,StronUp,Neutral,StrongUp,,Neutral,Dry,Dry,Wet,PC,PC,,PC,Strong,Strong,Westerly,Strong,,Strong,Marked,,Decreasing,,LittleChange,SIG,Jun15_Jul1,K,CThruK,PartInhibit,Average,,K,N1GtLIGt_4,Instability,Average,,ACEFK,,Moderate,Slight,K,XNIL,XNIL,SIG,Other,Steep,Dry,,StrongFront,DryMMoistL,Other,,,AllElse,LVorOther,LongAnticyc
StrongUp,WeakUp,Down,,,VeryWet,Neutral,VeryWet,VeryWet,Clear,,,PC,Weak,,StrongWest,Strong,,Strong,Marked,IncCapDecIns,Increasing,,LittleChange,SVR,May15_Jun14,B,AB,PartInhibit,LessThanAve,Average,ABI,N1GtLIGt_4,,,LessUnstable,B,,Moderate,Moderate,B,SVR,SVR,SVR,LowEvrywhere,,Average,Steep,NoMajor,Other,DenvCyclone,PosToNeg,,LV,Westerly,DenvCyclone
Down,Neutral,,Down,Down,Neutral,VeryWet,Dry,Dry,Clear,,Clear,Clear,Strong,Strong,,Strong,Weak,,Some,LittleChange,LittleChange,,Decreasing,SVR,May15_Jun14,,CThruK,PartInhibit,LessThanAve,,CDEJ,N1GtLIGt_4,Stability,LessUnstable,LessUnstable,D,,Weak,Moderate,D,SVR,SVR,,LowSHighN,Steep,,Steep,OtherRapid,,,PosToNeg,,AllElse,Westerly,LV
Neutral,Neutral,Down,Down,Down,Neutral,,Wet,Neutral,PC,Clear,Clear,Clear,,Weak,StrongWest,,,Weak,,IncCapDecIns,Increasing,Neutral,LittleChange,,Jul16_Aug10,B,,TotalInhibit,Average,Average,ABI,N5GtLIGt_8,Stability,Average,MoreUnstable,B,PartInhibit,,,B,XNIL,XNIL,SIG,LowNHighS,Steep,Average,Steep,,DryMMoistL,DenvCyclone,LittleChange,Other,SWQuad,LVorOther,E_NE
StrongUp,Neutral,StrongUp,StrongUp,StrongUp,VeryWet,Wet,VeryWet,VeryWet,Clear,Clear,Clear,,Strong,Strong,,Strong,,Strong,Marked,LittleChange,,Negative,Decreasing,SVR,May15_Jun14,B,AB,,LessThanAve,LessThanAve,,,Stability,LessUnstable,LessUnstable,B,,Moderate,Slight,B,XNIL,XNIL,SVR,LowEvrywhere,Steep,,,OtherRapid,DryMMoistL,E_W_S,SigNegative,Other,AllElse,LVorOther,DenvCyclone
WeakUp,Down,Neutral,Neutral,Neutral,Neutral,Neutral,Dry,Neutral,Clear,PC,Clear,Clear,Weak,Weak,Other,,,,,IncCapDecIns,Increasing,Negative,Decreasing,SIG,May15_Jun14,A,AB,PartInhibit,MoreThanAve,MoreThanAve,ABI,N1GtLIGt_4,Stability,LessUnstable,LessUnstable,ACEFK,,Unfavorable,,,XNIL,XNIL,,LowMtsHighPl,ModerateOrLe,Average,Steep,OtherRapid,DryMMoistL,,PosToNeg,Other,SWQuad,Westerly,SEQuad
StrongUp,,Neutral,WeakUp,,Dry,VeryWet,Neutral,Wet,Cloudy,PC,Cloudy,Cloudy,Strong,,Other,,,,Marked,,LittleChange,Negative,Decreasing,SIG,Jul16_Aug10,J,CThruK,Stifling,MoreThanAve,MoreThanAve,CDEJ,LIGt0,Stability,LessUnstable,LessUnstable,GJ,,Unfavorable,,J,XNIL,,SIG,,ModerateOrLe,Average,Steep,NoMajor,MoistMDryL,DryLine,,,LV,LVorOther,
Down,WeakUp,WeakUp,Neutral,,Wet,Dry,Wet,Wet,PC,PC,PC,PC,Weak,Strong,,Strong,,Strong,Marked,IncCapDecIns,Increasing,,Increasing,SIG,Jul16_Aug10,B,AB,PartInhibit,Average,,ABI,N1GtLIGt_4,Neutral,,MoreUnstable,B,,Moderate,Strong,B,SVR,SVR,SVR,LowEvrywhere,ModerateOrLe,Average,CloseToDryAd,,Other,MovingFtorOt,NegToPos,Other,NWQuad,LVorOther,
StrongUp,WeakUp,Neutral,,WeakUp,,Neutral,VeryWet,VeryWet,Clear,Clear,,PC,Weak,Strong,StrongWest,Strong,Weak,Weak,Marked,,Decreasing,Neutral,LittleChange,,May15_Jun14,H,CThruK,Stifling,Average,Average,,N1GtLIGt_4,Stability,Average,Average,HI,PartInhibit,Unfavorable,Slight,,XNIL,XNIL,SVR,HighEvrywher,,VeryMoist,CloseToDryAd,MarkedUpper,Other,,NegToPos,,NWQuad,LVorOther,E_NE
Neutral,Neutral,Down,Neutral,Neutral,Dry,Neutral,Neutral,Neutral,Clear,Clear,Clear,Clear,Strong,Strong,Westerly,,,,,,Increasing,Negative,LittleChange,SVR,Aug20_Sep15,G,CThruK,Stifling,Average,MoreThanAve,G,LILt_8,Stability,MoreUnstable,MoreUnstable,GJ,,Moderate,Slight,G,,XNIL,SVR,LowEvrywhere,CloseToDryAd,Dry,CloseToDryAd,StrongFront,MoistMDryL,,NegToPos,,,Westerly,WidespdDnsl
WeakUp,StronUp,Neutral,WeakUp,WeakUp,Dry,Wet,VeryWet,VeryWet,Clear,Clear,Clear,Clear,Weak,Strong,StrongWest,Strong,,Weak,Marked,LittleChange,LittleChange,Negative,Decreasing,SVR,Aug20_Sep15,D,CThruK,PartInhibit,Average,Average,CDEJ,N1GtLIGt_4,Stability,LessUnstable,LessUnstable,D,,,Slight,,SVR,SVR,SVR,LowAtStation,Steep,Average,ModerateOrLe,OtherRapid,DryMMoistL,DryLine,SigNegative,,AllElse,Westerly,SEQuad
WeakUp,Neutral,WeakUp,WeakUp,WeakUp,Neutral,VeryWet,Neutral,Wet,PC,Clear,Clear,PC,Weak,Weak,,Weak,,Strong,,LittleChange,LittleChange,Neutral,,SIG,Aug20_Sep15,J,CThruK,,MoreThanAve,MoreThanAve,,N1GtLIGt_4,,,Average,GJ,,Moderate,,J,XNIL,XNIL,,Other,CloseToDryAd,Dry,Steep,NoMajor,MoistMDryL,DryLine,LittleChange,Other,,LVorOther,
StrongUp,Neutral,Down,Neutral,Neutral,,Dry,,Neutral,Clear,,Clear,Clear,Strong,,DCVZFavor,Weak,Weak,Weak,Some,DecCapIncIns,,Neutral,Decreasing,,Jul2_Jul15,J,CThruK,Stifling,MoreThanAve,LessThanAve,CDEJ,N1GtLIGt_4,Stability,LessUnstable,LessUnstable,GJ,,Weak,Strong,J,,SIG,SIG,,ModerateOrLe,Average,CloseToDryAd,NoMajor,MoistMDryL,DryLine,LittleChange,Other,LV,LVorOther,LV
WeakUp,Neutral,,Neutral,Neutral,Neutral,VeryWet,Neutral,Neutral,,PC,Cloudy,PC,Strong,Strong,,Strong,,,Marked,IncCapDecIns,,WeakPos,Decreasing,SIG,Jul16_Aug10,I,CThruK,,LessThanAve,LessThanAve,ABI,,,Average,,HI,,,Slight,I,XNIL,XNIL,SIG,,ModerateOrLe,,CloseToDryAd,OtherRapid,,E_W_N,PosToNeg,Moving,SWQuad,Westerly,LongAnticyc
StrongUp,Down,StrongUp,StrongUp,StrongUp,Neutral,VeryWet,Neutral,VeryWet,PC,PC,PC,Cloudy,Strong,Strong,StrongWest,Strong,,Strong,Marked,IncCapDecIns,Increasing,Negative,Decreasing,SIG,Aug20_Sep15,K,,PartInhibit,LessThanAve,LessThanAve,,LIGt0,Stability,LessUnstable,LessUnstable,ACEFK,,Weak,,K,XNIL,XNIL,SIG,Other,Steep,VeryMoist,CloseToDryAd,MarkedUpper,DryMMoistL,,SigPositive,Moving,,LVorOther,SEQuad
Down,Neutral,WeakUp,Neutral,Neutral,Neutral,VeryWet,Wet,Wet,PC,Clear,Clear,Clear,,Strong,StrongWest,Strong,Strong,Strong,,LittleChange,LittleChange,Negative,,XNIL,Aug20_Sep15,J,,Stifling,Average,Average,CDEJ,N5GtLIGt_8,,MoreUnstable,MoreUnstable,GJ,PartInhibit,Moderate,,J,XNIL,XNIL,XNIL,,Steep,,Steep,NoMajor,DryMMoistL,DryLine,LittleChange,,AllElse,,LV
Down,,WeakUp,Neutral,Neutral,Wet,Wet,Wet,Neutral,,Cloudy,Cloudy,Cloudy,Weak,,Westerly,Weak,,Weak,Some,LittleChange,LittleChange,WeakPos,Increasing,XNIL,Aug20_Sep15,H,CThruK,PartInhibit,Average,Average,H,N1GtLIGt_4,Stability,,MoreUnstable,HI,PartInhibit,Unfavorable,,H,SIG,,,Other,ModerateOrLe,VeryMoist,ModerateOrLe,MarkedUpper,DryMMoistL,MovingFtorOt,SigNegative,,AllElse,Westerly,E_NE
Neutral,Down,StrongUp,Neutral,Neutral,Dry,Neutral,VeryWet,VeryWet,Clear,,PC,,,,Other,,Weak,Weak,,DecCapIncIns,Decreasing,Neutral,LittleChange,XNIL,Jul16_Aug10,F,CThruK,,LessThanAve,LessThanAve,F,,Neutral,LessUnstable,LessUnstable,ACEFK,,Weak,Slight,F,,XNIL,XNIL,HighEvrywher,ModerateOrLe,VeryMoist,,NoMajor,Other,,LittleChange,,LV,,E_NE
Neutral,Down,Neutral,Neutral,Neutral,,,Neutral,,PC,PC,PC,PC,,,Other,,Weak,Weak,,DecCapIncIns,,WeakPos,LittleChange,XNIL,Aug20_Sep15,A,AB,PartInhibit,Average,Average,ABI,,Instability,MoreUnstable,MoreUnstable,ACEFK,PartInhibit,Moderate,Moderate,A,,SIG,SIG,HighEvrywher,Stable,Average,ModerateOrLe,MarkedUpper,Other,MovingFtorOt,NegToPos,,SWQuad,Westerly,
,,Neutral,Neutral,Neutral,VeryWet,Dry,Neutral,,PC,Cloudy,PC,PC,Weak,Strong,Westerly,Strong,,Weak,Some,IncCapDecIns,Increasing,StrongPos,Increasing,,May15_Jun14,K,CThruK,PartInhibit,Average,MoreThanAve,,LILt_8,Neutral,MoreUnstable,MoreUnstable,,,Weak,,K,XNIL,XNIL,SVR,Other,,,ModerateOrLe,NoMajor,Other,DryLine,SigPositive,Other,,LVorOther,WidespdDnsl
Down,StronUp,Neutral,,Neutral,Neutral,Wet,Neutral,Neutral,,PC,Clear,Clear,,Strong,,,,Strong,Marked,LittleChange,LittleChange,Negative,Decreasing,,May15_Jun14,B,,PartInhibit,Average,Average,ABI,N1GtLIGt_4,,LessUnstable,LessUnstable,B,PartInhibit,Weak,Slight,B,SVR,SVR,SVR,LowNHighS,ModerateOrLe,VeryMoist,Steep,,MoistMDryL,DenvCyclone,LittleChange,Other,AllElse,LVorOther,DenvCyclone
WeakUp,,,Neutral,Neutral,Neutral,Neutral,Neutral,Neutral,PC,PC,Cloudy,Cloudy,Strong,Strong,DCVZFavor,,Weak,Strong,Marked,LittleChange,LittleChange,WeakPos,LittleChange,SIG,,E,CThruK,PartInhibit,Average,Average,CDEJ,LILt_8,Instability,MoreUnstable,MoreUnstable,ACEFK,Stifling,,,E,,SVR,SVR,LowNHighS,CloseToDryAd,Dry,Steep,OtherRapid,MoistMDryL,Other,LittleChange,Other,SWQuad,LVorOther,LV
,Neutral,StrongUp,WeakUp,WeakUp,Dry,,Dry,Neutral,PC,PC,PC,PC,,,Westerly,,,,,DecCapIncIns,Decreasing,StrongPos,,XNIL,Jul16_Aug10,C,CThruK,PartInhibit,LessThanAve,LessThanAve,CDEJ,N1GtLIGt_4,Stability,,Average,ACEFK,PartInhibit,Moderate,,,XNIL,XNIL,XNIL,LowAtStation,ModerateOrLe,,Steep,OtherRapid,Other,E_W_S,PosToNeg,,NWQuad,LVorOther,WidespdDnsl
Neutral,Neutral,Neutral,,Neutral,Neutral,VeryWet,Wet,,Clear,Clear,Clear,Clear,,,Other,,Weak,Weak,,LittleChange,LittleChange,Neutral,Increasing,XNIL,Jun15_Jul1,B,AB,Stifling,Average,Average,ABI,N5GtLIGt_8,Stability,Average,Average,B,PartInhibit,Unfavorable,,B,XNIL,XNIL,XNIL,LowSHighN,ModerateOrLe,Average,Steep,,Other,DenvCyclone,LittleChange,Other,SWQuad,LVorOther,SEQuad
Down,Down,Down,Down,Down,Dry,Wet,VeryWet,Wet,Cloudy,PC,Cloudy,,,Weak,Westerly,,,,Some,,Increasing,Negative,Decreasing,XNIL,Jul2_Jul15,B,AB,PartInhibit,LessThanAve,Average,ABI,N1GtLIGt_4,Instability,Average,LessUnstable,B,Stifling,Weak,,B,XNIL,XNIL,XNIL,LowMtsHighPl,,VeryMoist,,NoMajor,DryMMoistL,DenvCyclone,PosToNeg,Other,SWQuad,Westerly,SEQuad
StrongUp,WeakUp,WeakUp,WeakUp,WeakUp,Dry,Dry,Neutral,Neutral,PC,,Cloudy,Cloudy,Weak,Strong,StrongWest,,,,Some,IncCapDecIns,Increasing,Negative,Decreasing,SIG,,E,CThruK,PartInhibit,,,CDEJ,,Instability,MoreUnstable,Average,ACEFK,,Weak,Slight,E,XNIL,XNIL,SIG,HighEvrywher,Steep,Average,Steep,NoMajor,Other,DryLine,SigNegative,,SWQuad,Westerly,WidespdDnsl
WeakUp,StronUp,Neutral,Neutral,Neutral,Neutral,Wet,Neutral,Neutral,PC,PC,,PC,,Strong,Westerly,Strong,,,Some,IncCapDecIns,Increasing,Neutral,LittleChange,SIG,May15_Jun14,C,,,LessThanAve,LessThanAve,CDEJ,,Instability,Average,MoreUnstable,ACEFK,,Unfavorable,,C,,SVR,SVR,Other,Steep,,Steep,StrongFront,Other,E_W_S,LittleChange,Other,AllElse,Westerly,LongAnticyc
Neutral,,WeakUp,WeakUp,WeakUp,,Dry,Neutral,Neutral,PC,PC,Cloudy,Cloudy,,,Westerly,,,,,DecCapIncIns,Decreasing,StrongPos,Decreasing,XNIL,Jul2_Jul15,K,CThruK,PartInhibit,Average,LessThanAve,K,N1GtLIGt_4,Stability,Average,Average,ACEFK,,Weak,,K,XNIL,XNIL,XNIL,LowNHighS,Stable,Dry,Steep,,DryMMoistL,DenvCyclone,NegToPos,QStationary,,Westerly,WidespdDnsl
,Down,,Down,Down,Wet,VeryWet,VeryWet,Wet,Clear,PC,PC,PC,,Weak,StrongWest,,,Strong,,DecCapIncIns,Decreasing,StrongPos,Increasing,SIG,Aug11_Aug20,G,CThruK,PartInhibit,,,,N5GtLIGt_8,Neutral,Average,Average,GJ,PartInhibit,Moderate,Moderate,G,XNIL,XNIL,SIG,LowEvrywhere,CloseToDryAd,Dry,,,,DryLine,NegToPos,,SWQuad,,LV
Down,Neutral,Neutral,,Down,,VeryWet,Neutral,Dry,,PC,,Clear,Strong,Strong,Westerly,Strong,Weak,,Some,LittleChange,LittleChange,WeakPos,LittleChange,SIG,Jun15_Jul1,E,,PartInhibit,Average,Average,,N1GtLIGt_4,Stability,,LessUnstable,ACEFK,,Moderate,,E,XNIL,XNIL,SIG,LowMtsHighPl,CloseToDryAd,Dry,ModerateOrLe,NoMajor,MoistMDryL,DryLine,NegToPos,,AllElse,Westerly,LV
StrongUp,,Neutral,WeakUp,WeakUp,Dry,Wet,Neutral,Dry,,Clear,Clear,Clear,,Weak,,Weak,Weak,Strong,,IncCapDecIns,Increasing,,Increasing,XNIL,,,,PartInhibit,Average,MoreThanAve,,LILt_8,Stability,MoreUnstable,MoreUnstable,,PartInhibit,,,F,XNIL,XNIL,XNIL,HighEvrywher,Steep,,ModerateOrLe,NoMajor,Other,Other,SigPositive,,AllElse,LVorOther,LV
WeakUp,Neutral,WeakUp,WeakUp,WeakUp,VeryWet,Wet,VeryWet,VeryWet,PC,,Clear,Clear,Weak,Strong,DCVZFavor,Strong,,Strong,,DecCapIncIns,Decreasing,WeakPos,Increasing,SVR,Aug11_Aug20,,CThruK,,LessThanAve,LessThanAve,CDEJ,,,LessUnstable,,ACEFK,,Strong,Strong,,SVR,SVR,SVR,LowAtStation,CloseToDryAd,Average,,OtherRapid,MoistMDryL,E_W_N,,Other,NWQuad,Westerly,LongAnticyc
Neutral,Neutral,Down,Neutral,,Dry,Wet,Neutral,,Cloudy,,Cloudy,PC,Strong,,DCVZFavor,Weak,,Weak,Marked,IncCapDecIns,Increasing,Negative,LittleChange,SIG,Jun15_Jul1,E,CThruK,,LessThanAve,LessThanAve,CDEJ,N1GtLIGt_4,Neutral,Average,Average,ACEFK,,Moderate,,E,XNIL,XNIL,SIG,HighEvrywher,,Average,ModerateOrLe,NoMajor,MoistMDryL,DryLine,,Moving,SWQuad,LVorOther,LV
Down,Down,Neutral,Down,Down,Dry,Wet,VeryWet,Wet,PC,Cloudy,,PC,Strong,Strong,StrongWest,Strong,,Weak,Some,IncCapDecIns,Increasing,,LittleChange,SVR,May15_Jun14,I,CThruK,,LessThanAve,MoreThanAve,ABI,N5GtLIGt_8,Instability,MoreUnstable,,HI,PartInhibit,Strong,Slight,I,XNIL,XNIL,,,Steep,,Steep,NoMajor,,E_W_S,PosToNeg,,,LVorOther,
Down,StronUp,Neutral,Neutral,Neutral,Neutral,VeryWet,Neutral,,,PC,Clear,Clear,,,StrongWest,,,Weak,,IncCapDecIns,Increasing,Negative,,XNIL,Jul2_Jul15,J,CThruK,PartInhibit,Average,MoreThanAve,CDEJ,N5GtLIGt_8,Stability,MoreUnstable,MoreUnstable,GJ,Stifling,Unfavorable,,J,SVR,,SVR,,Steep,,Steep,NoMajor,,DenvCyclone,LittleChange,Moving,,,LV
Neutral,Neutral,,Neutral,Neutral,Neutral,Neutral,Dry,Dry,Clear,Clear,Clear,Clear,Strong,Strong,Westerly,Strong,,Weak,,,LittleChange,Neutral,LittleChange,SIG,Aug20_Sep15,,,PartInhibit,Average,Average,G,N5GtLIGt_8,Stability,Average,MoreUnstable,GJ,PartInhibit,Unfavorable,,G,XNIL,XNIL,SIG,,CloseToDryAd,Dry,,MarkedUpper,MoistMDryL,Other,LittleChange,QStationary,NWQuad,Westerly,WidespdDnsl
,WeakUp,Neutral,Neutral,Neutral,Neutral,Dry,Dry,Neutral,PC,Clear,Clear,Clear,,,Westerly,,,,,LittleChange,,StrongPos,Increasing,XNIL,Aug20_Sep15,B,AB,,MoreThanAve,MoreThanAve,ABI,N5GtLIGt_8,Instability,MoreUnstable,MoreUnstable,B,Stifling,Moderate,,B,SIG,SIG,SIG,,Steep,VeryMoist,Steep,StrongFront,DryMMoistL,,PosToNeg,Other,LV,LVorOther,DenvCyclone
Down,Neutral,Down,,Down,Wet,Wet,Wet,Neutral,Clear,PC,Clear,,Strong,Strong,StrongWest,Strong,,Strong,Marked,IncCapDecIns,Increasing,Negative,LittleChange,SVR,,C,CThruK,Stifling,,MoreThanAve,CDEJ,,,LessUnstable,LessUnstable,ACEFK,,,Strong,C,SIG,SIG,SVR,LowEvrywhere,,Dry,Steep,MarkedUpper,DryMMoistL,,SigNegative,Other,NWQuad,Westerly,LongAnticyc
StrongUp,Neutral,Neutral,WeakUp,WeakUp,Neutral,Neutral,Neutral,Wet,PC,Clear,Clear,Clear,Strong,Strong,,Weak,Weak,,,IncCapDecIns,Increasing,Negative,,SIG,Aug20_Sep15,E,CThruK,PartInhibit,LessThanAve,MoreThanAve,CDEJ,LIGt0,Stability,LessUnstable,LessUnstable,ACEFK,,,,E,XNIL,,,LowEvrywhere,Steep,Average,,NoMajor,MoistMDryL,DryLine,SigPositive,,AllElse,LVorOther,LV
StrongUp,,StrongUp,StrongUp,StrongUp,VeryWet,VeryWet,VeryWet,VeryWet,Clear,Clear,Clear,Clear,Weak,Weak,DCVZFavor,Weak,Strong,Strong,Some,,Decreasing,WeakPos,LittleChange,,Jun15_Jul1,J,CThruK,,,,CDEJ,,Stability,Average,Average,GJ,,Unfavorable,,J,SIG,,SIG,LowNHighS,Steep,Average,,StrongFront,DryMMoistL,DryLine,LittleChange,,,,LV
Neutral,Down,WeakUp,Neutral,Neutral,Dry,Wet,Dry,Dry,PC,Cloudy,,Clear,,,,,Weak,Strong,,,Decreasing,Neutral,LittleChange,,Jun15_Jul1,,CThruK,PartInhibit,,LessThanAve,CDEJ,N1GtLIGt_4,Stability,Average,Average,GJ,PartInhibit,Weak,,J,,XNIL,,,ModerateOrLe,Average,CloseToDryAd,NoMajor,DryMMoistL,DryLine,LittleChange,,LV,,
WeakUp,Neutral,Neutral,Neutral,Neutral,Wet,,Neutral,Neutral,PC,PC,PC,PC,Weak,Strong,Other,Weak,Weak,Weak,,LittleChange,LittleChange,Neutral,LittleChange,SIG,Aug20_Sep15,J,CThruK,Stifling,MoreThanAve,MoreThanAve,CDEJ,LIGt0,Instability,MoreUnstable,MoreUnstable,GJ,,Weak,Slight,J,XNIL,,,LowMtsHighPl,Stable,Average,CloseToDryAd,NoMajor,Other,DryLine,LittleChange,,LV,LVorOther,LV
Neutral,Neutral,StrongUp,WeakUp,WeakUp,Wet,Wet,Wet,Neutral,Clear,Clear,Clear,,Weak,Strong,StrongWest,Strong,Weak,Weak,Marked,,LittleChange,Negative,LittleChange,SIG,Jun15_Jul1,B,AB,PartInhibit,LessThanAve,Average,ABI,N5GtLIGt_8,Neutral,Average,MoreUnstable,B,PartInhibit,Weak,Slight,B,SVR,SVR,SVR,LowNHighS,ModerateOrLe,Dry,Steep,NoMajor,,DenvCyclone,NegToPos,Other,AllElse,LVorOther,LongAnticyc
StrongUp,Neutral,,WeakUp,WeakUp,VeryWet,Neutral,VeryWet,VeryWet,Clear,Clear,Clear,Clear,,Weak,,,Strong,Weak,Some,IncCapDecIns,Increasing,WeakPos,Increasing,SIG,May15_Jun14,H,CThruK,Stifling,Average,MoreThanAve,H,,Instability,Average,MoreUnstable,HI,TotalInhibit,,,,SIG,SIG,SIG,LowMtsHighPl,Stable,,ModerateOrLe,MarkedUpper,DryMMoistL,E_W_N,SigNegative,,,LVorOther,E_NE
Neutral,WeakUp,Down,Neutral,Neutral,,Wet,Neutral,,PC,Clear,PC,PC,Weak,,,,,,,IncCapDecIns,Increasing,Neutral,LittleChange,,,K,,Stifling,MoreThanAve,MoreThanAve,K,N1GtLIGt_4,Neutral,LessUnstable,LessUnstable,ACEFK,,Weak,Strong,K,XNIL,SIG,SIG,Other,ModerateOrLe,Dry,,StrongFront,Other,E_W_N,PosToNeg,Moving,AllElse,Westerly,
,StronUp,Down,WeakUp,WeakUp,Dry,Dry,Dry,Dry,Clear,PC,PC,PC,,,StrongWest,,,Weak,,DecCapIncIns,Decreasing,WeakPos,Increasing,XNIL,Jul2_Jul15,,CThruK,Stifling,MoreThanAve,,ABI,N1GtLIGt_4,Instability,MoreUnstable,MoreUnstable,HI,,Unfavorable,,I,,SVR,SVR,LowSHighN,ModerateOrLe,Dry,CloseToDryAd,NoMajor,Other,E_W_S,LittleChange,QStationary,LV,Westerly,DenvCyclone
Down,Neutral,Neutral,Down,Down,Neutral,Neutral,Neutral,Dry,Clear,,,Clear,Strong,Strong,StrongWest,Strong,,,Marked,DecCapIncIns,Decreasing,Negative,Decreasing,SIG,Aug20_Sep15,C,CThruK,,LessThanAve,,CDEJ,N1GtLIGt_4,Instability,LessUnstable,LessUnstable,,,Moderate,Strong,C,SIG,SVR,,,,Dry,ModerateOrLe,OtherRapid,Other,E_W_N,SigPositive,QStationary,NWQuad,Westerly,WidespdDnsl
Neutral,WeakUp,Down,Down,Down,,Dry,Dry,,PC,Cloudy,,PC,Strong,Strong,DCVZFavor,Strong,,Weak,,IncCapDecIns,Increasing,WeakPos,Increasing,SVR,Jul2_Jul15,H,CThruK,Stifling,,MoreThanAve,H,N1GtLIGt_4,Stability,MoreUnstable,,HI,Stifling,Moderate,Slight,H,XNIL,XNIL,SVR,,,Average,CloseToDryAd,MarkedUpper,,,SigPositive,QStationary,LV,LVorOther,SEQuad
WeakUp,Down,StrongUp,,WeakUp,Dry,Dry,,Neutral,PC,PC,,PC,,Weak,StrongWest,Strong,Weak,Strong,Some,,,Neutral,LittleChange,XNIL,Aug20_Sep15,B,AB,,,MoreThanAve,,N1GtLIGt_4,Instability,MoreUnstable,MoreUnstable,B,,Strong,Moderate,B,,XNIL,XNIL,,Steep,VeryMoist,CloseToDryAd,NoMajor,,,PosToNeg,Other,,LVorOther,DenvCyclone
WeakUp,Down,StrongUp,Down,Down,VeryWet,Wet,VeryWet,VeryWet,,PC,PC,PC,Weak,Weak,DCVZFavor,,,,Some,IncCapDecIns,Increasing,,LittleChange,SIG,Aug11_Aug20,K,,PartInhibit,Average,MoreThanAve,,N1GtLIGt_4,Stability,Average,Average,ACEFK,PartInhibit,Moderate,,K,XNIL,XNIL,SIG,,Stable,Dry,Steep,StrongFront,DryMMoistL,MovingFtorOt,,,SWQuad,Westerly,DenvCyclone
,StronUp,Down,Down,Down,Dry,,Wet,Wet,PC,PC,PC,Clear,Strong,Strong,Westerly,Strong,Weak,Weak,Some,IncCapDecIns,,StrongPos,Increasing,SIG,May15_Jun14,E,CThruK,,LessThanAve,,CDEJ,LILt_8,Neutral,MoreUnstable,MoreUnstable,ACEFK,,Unfavorable,Slight,E,XNIL,XNIL,SIG,LowSHighN,ModerateOrLe,Dry,,NoMajor,,DenvCyclone,PosToNeg,Other,AllElse,Westerly,WidespdDnsl
Neutral,,WeakUp,Neutral,Neutral,,Neutral,Neutral,Neutral,,,PC,,Weak,Weak,StrongWest,,,Weak,Some,IncCapDecIns,Increasing,StrongPos,Increasing,SIG,Jul16_Aug10,J,CThruK,,LessThanAve,,CDEJ,N5GtLIGt_8,Instability,MoreUnstable,MoreUnstable,GJ,,Moderate,,J,SIG,SIG,SIG,LowMtsHighPl,ModerateOrLe,Dry,CloseToDryAd,NoMajor,DryMMoistL,,LittleChange,Other,LV,LVorOther,
StrongUp,Down,Neutral,Down,Down,Wet,Wet,Neutral,Neutral,,Clear,Clear,Clear,,,Westerly,,,,,IncCapDecIns,Increasing,StrongPos,Increasing,XNIL,Jul2_Jul15,B,,PartInhibit,,LessThanAve,ABI,N1GtLIGt_4,Stability,LessUnstable,Average,B,PartInhibit,Moderate,Moderate,B,SVR,SVR,SVR,HighEvrywher,Stable,VeryMoist,Steep,,Other,DenvCyclone,NegToPos,QStationary,AllElse,Westerly,DenvCyclone
,Down,,Down,,Neutral,Dry,Dry,Dry,Clear,PC,PC,Clear,Weak,Strong,Other,,Weak,Weak,,,LittleChange,Negative,Decreasing,SIG,Jul16_Aug10,B,AB,PartInhibit,LessThanAve,LessThanAve,ABI,N1GtLIGt_4,Stability,Average,LessUnstable,B,,Unfavorable,Slight,B,XNIL,XNIL,SIG,HighEvrywher,CloseToDryAd,Average,Steep,MarkedUpper,DryMMoistL,DenvCyclone,PosToNeg,Other,NWQuad,LVorOther,
StrongUp,StronUp,,Neutral,Neutral,Dry,Dry,VeryWet,Wet,PC,PC,,Cloudy,Strong,Strong,,,Strong,Strong,Some,,,,Increasing,,Aug20_Sep15,F,CThruK,PartInhibit,MoreThanAve,MoreThanAve,F,N1GtLIGt_4,Instability,MoreUnstable,MoreUnstable,ACEFK,PartInhibit,Unfavorable,,,XNIL,XNIL,SVR,HighEvrywher,ModerateOrLe,VeryMoist,ModerateOrLe,StrongFront,Other,DenvCyclone,LittleChange,,LV,LVorOther,E_NE
Down,StronUp,Neutral,,Down,,Wet,Wet,,PC,Clear,Clear,Clear,Weak,,StrongWest,,Strong,Strong,Marked,LittleChange,LittleChange,,LittleChange,SVR,Jul16_Aug10,B,AB,PartInhibit,Average,Average,ABI,N1GtLIGt_4,Neutral,LessUnstable,LessUnstable,B,Stifling,Weak,Slight,B,,,SVR,LowMtsHighPl,ModerateOrLe,Average,ModerateOrLe,NoMajor,Other,DenvCyclone,LittleChange,,LV,LVorOther,DenvCyclone
Down,Neutral,Down,Down,Down,Neutral,Wet,Wet,Dry,PC,Cloudy,PC,PC,Weak,Strong,DCVZFavor,Weak,Strong,Strong,Some,IncCapDecIns,Increasing,Neutral,LittleChange,SIG,Jul16_Aug10,E,CThruK,,LessThanAve,LessThanAve,,,Instability,MoreUnstable,,ACEFK,PartInhibit,Moderate,Strong,,XNIL,XNIL,,HighEvrywher,,,ModerateOrLe,NoMajor,MoistMDryL,Other,LittleChange,,SWQuad,Westerly,LV
Down,Neutral,Down,,Down,Dry,VeryWet,VeryWet,Wet,PC,Clear,Clear,Clear,Strong,Strong,Other,,Weak,,Marked,LittleChange,LittleChange,Negative,LittleChange,SVR,Jul16_Aug10,D,CThruK,PartInhibit,Average,Average,CDEJ,N1GtLIGt_4,Stability,LessUnstable,LessUnstable,D,,Unfavorable,,D,XNIL,XNIL,SVR,LowSHighN,CloseToDryAd,Average,Steep,OtherRapid,DryMMoistL,DryLine,NegToPos,Moving,NWQuad,Westerly,WidespdDnsl
StrongUp,Neutral,Neutral,WeakUp,WeakUp,Wet,Neutral,,Wet,PC,Clear,Clear,PC,Strong,Strong,DCVZFavor,Strong,,Weak,Marked,,Decreasing,WeakPos,LittleChange,SIG,Jul16_Aug10,,,PartInhibit,Average,Average,CDEJ,N1GtLIGt_4,Instability,Average,Average,D,,,Moderate,,SVR,SVR,SVR,LowSHighN,CloseToDryAd,,,MarkedUpper,DryMMoistL,DryLine,SigNegative,Other,AllElse,Westerly,
StrongUp,Neutral,Neutral,StrongUp,,Neutral,Wet,Neutral,Wet,PC,PC,PC,Cloudy,Weak,Strong,,Weak,,,Marked,IncCapDecIns,Increasing,Negative,LittleChange,SVR,,A,AB,PartInhibit,LessThanAve,Average,ABI,N1GtLIGt_4,Stability,LessUnstable,LessUnstable,,TotalInhibit,Weak,,A,SIG,SIG,SVR,Other,,,ModerateOrLe,,Other,DenvCyclone,SigNegative,Other,SWQuad,Westerly,DenvCyclone
Neutral,Neutral,Neutral,Neutral,Neutral,Wet,Dry,Dry,Dry,,PC,PC,PC,Strong,Strong,Other,Weak,,Weak,Some,LittleChange,LittleChange,Neutral,Increasing,SVR,Jun15_Jul1,,CThruK,PartInhibit,Average,,K,N1GtLIGt_4,Neutral,Average,,,Stifling,Unfavorable,Slight,K,XNIL,XNIL,SVR,LowNHighS,Stable,Average,ModerateOrLe,StrongFront,Other,MovingFtorOt,SigPositive,,NWQuad,LVorOther,LongAnticyc
Neutral,Down,Neutral,Neutral,Neutral,Wet,Neutral,Neutral,Dry,PC,Clear,PC,PC,,,Westerly,,Strong,Weak,,LittleChange,LittleChange,Neutral,LittleChange,XNIL,Aug11_Aug20,H,CThruK,PartInhibit,Average,Average,,N1GtLIGt_4,Stability,LessUnstable,LessUnstable,HI,,Moderate,,H,XNIL,XNIL,XNIL,,Stable,VeryMoist,,NoMajor,DryMMoistL,,NegToPos,Other,SWQuad,LVorOther,E_NE
Neutral,Down,Neutral,Neutral,Neutral,Neutral,,Dry,Neutral,PC,,PC,,Strong,Strong,StrongWest,Weak,Weak,Weak,Marked,,Increasing,StrongPos,Increasing,,May15_Jun14,B,,Stifling,Average,MoreThanAve,ABI,N5GtLIGt_8,,Average,Average,B,,Weak,Slight,B,SIG,SIG,SIG,LowMtsHighPl,,VeryMoist,Steep,NoMajor,Other,DenvCyclone,,,,LVorOther,DenvCyclone
WeakUp,Neutral,StrongUp,StrongUp,StrongUp,,Neutral,Neutral,Wet,PC,PC,Cloudy,Cloudy,Weak,Weak,DCVZFavor,Strong,,Weak,Some,IncCapDecIns,Increasing,Negative,LittleChange,,May15_Jun14,A,AB,TotalInhibit,,Average,ABI,N1GtLIGt_4,,Average,Average,,PartInhibit,Weak,,,SVR,SVR,SVR,LowAtStation,Stable,VeryMoist,ModerateOrLe,MarkedUpper,DryMMoistL,DenvCyclone,NegToPos,Other,SWQuad,Westerly,LV
,StronUp,Neutral,WeakUp,WeakUp,Neutral,Wet,,Neutral,Clear,,Clear,Clear,Strong,Strong,Westerly,Strong,Weak,Weak,Some,IncCapDecIns,,Neutral,LittleChange,SVR,,E,CThruK,PartInhibit,Average,Average,,N1GtLIGt_4,,MoreUnstable,,ACEFK,,,Strong,E,XNIL,XNIL,SVR,,,Average,ModerateOrLe,NoMajor,MoistMDryL,DryLine,LittleChange,,,LVorOther,DenvCyclone
Down,WeakUp,,Down,Down,VeryWet,Dry,Dry,Dry,,PC,PC,Clear,Strong,,Westerly,Strong,,,Some,IncCapDecIns,Increasing,Negative,Decreasing,SIG,,C,,PartInhibit,MoreThanAve,MoreThanAve,CDEJ,N1GtLIGt_4,Stability,LessUnstable,LessUnstable,ACEFK,Stifling,Weak,,C,XNIL,XNIL,SIG,LowEvrywhere,CloseToDryAd,Average,Steep,OtherRapid,Other,,SigNegative,QStationary,AllElse,Westerly,LongAnticyc
Down,Down,Neutral,Down,Down,Wet,Dry,,Dry,PC,PC,PC,Clear,,Weak,DCVZFavor,Weak,,,Some,IncCapDecIns,Increasing,Neutral,LittleChange,SIG,Aug20_Sep15,B,AB,,MoreThanAve,MoreThanAve,ABI,N1GtLIGt_4,Stability,LessUnstable,LessUnstable,B,,Moderate,,B,XNIL,XNIL,SIG,,Steep,Dry,ModerateOrLe,MarkedUpper,DryMMoistL,,LittleChange,Other,,LVorOther,DenvCyclone
StrongUp,Neutral,WeakUp,WeakUp,WeakUp,VeryWet,Neutral,,Wet,Clear,Clear,Clear,PC,,,StrongWest,,Weak,,,DecCapIncIns,Decreasing,Neutral,LittleChange,XNIL,Jul16_Aug10,I,CThruK,PartInhibit,Average,LessThanAve,ABI,N5GtLIGt_8,,,MoreUnstable,HI,,,,I,XNIL,XNIL,XNIL,LowSHighN,Steep,Dry,Steep,NoMajor,DryMMoistL,E_W_S,NegToPos,QStationary,AllElse,LVorOther,DenvCyclone
StrongUp,Neutral,StrongUp,StrongUp,StrongUp,Dry,Neutral,Dry,Neutral,Clear,Clear,Clear,PC,Strong,Strong,StrongWest,,,Weak,Marked,IncCapDecIns,Increasing,Neutral,LittleChange,SVR,Jul16_Aug10,B,,,LessThanAve,MoreThanAve,ABI,N1GtLIGt_4,Instability,LessUnstable,LessUnstable,B,,Weak,Moderate,B,SVR,SVR,SVR,LowNHighS,Steep,VeryMoist,Steep,NoMajor,DryMMoistL,E_W_N,PosToNeg,Other,,Westerly,DenvCyclone
Neutral,Down,WeakUp,Down,Down,Neutral,Wet,Neutral,Neutral,PC,Clear,Clear,Clear,Strong,Strong,Westerly,Strong,,Weak,Some,IncCapDecIns,,Neutral,LittleChange,SIG,Aug20_Sep15,I,CThruK,,,MoreThanAve,ABI,,Instability,MoreUnstable,MoreUnstable,HI,,,Moderate,I,SIG,SIG,SIG,LowSHighN,,Average,ModerateOrLe,StrongFront,Other,E_W_S,LittleChange,QStationary,LV,Westerly,LV
Down,Neutral,Down,Neutral,Neutral,Neutral,VeryWet,Neutral,Neutral,PC,Clear,Clear,,,,Other,,Weak,,,IncCapDecIns,Increasing,Neutral,Increasing,XNIL,Jul16_Aug10,G,CThruK,TotalInhibit,,MoreThanAve,G,N1GtLIGt_4,Stability,Average,Average,GJ,,Moderate,Moderate,,XNIL,XNIL,XNIL,LowEvrywhere,CloseToDryAd,Dry,,NoMajor,MoistMDryL,DryLine,LittleChange,,NWQuad,LVorOther,LongAnticyc
Down,Neutral,Neutral,,Neutral,Dry,Wet,VeryWet,VeryWet,,Clear,Clear,Clear,Weak,Strong,Westerly,Strong,,Weak,Some,,LittleChange,Neutral,Increasing,SVR,,A,AB,PartInhibit,LessThanAve,LessThanAve,,N5GtLIGt_8,,Average,Average,ACEFK,,Moderate,Slight,A,,,SVR,LowMtsHighPl,Steep,Average,Steep,MarkedUpper,,,PosToNeg,Other,SWQuad,Westerly,DenvCyclone
,StronUp,StrongUp,StrongUp,StrongUp,,,VeryWet,,PC,Clear,Clear,PC,,Weak,DCVZFavor,,,,Some,LittleChange,LittleChange,,,XNIL,May15_Jun14,B,AB,PartInhibit,,LessThanAve,ABI,,,Average,LessUnstable,B,Stifling,Weak,,B,SVR,SVR,,LowSHighN,Steep,Average,Steep,NoMajor,Other,DenvCyclone,NegToPos,,NWQuad,LVorOther,
Down,StronUp,WeakUp,Neutral,Neutral,Dry,Dry,Wet,Wet,PC,Clear,Clear,Clear,,Strong,Westerly,Strong,,Strong,Marked,IncCapDecIns,Increasing,Negative,,,Jun15_Jul1,,CThruK,PartInhibit,,MoreThanAve,CDEJ,N1GtLIGt_4,Neutral,Average,LessUnstable,ACEFK,PartInhibit,Unfavorable,,E,SIG,XNIL,SIG,LowSHighN,Steep,Average,,OtherRapid,MoistMDryL,,,,LV,LVorOther,DenvCyclone
WeakUp,StronUp,WeakUp,StrongUp,StrongUp,Wet,VeryWet,VeryWet,VeryWet,PC,Cloudy,PC,Cloudy,,,Other,,Weak,Weak,,IncCapDecIns,Increasing,Negative,LittleChange,XNIL,May15_Jun14,H,CThruK,,MoreThanAve,MoreThanAve,,N1GtLIGt_4,,Average,Average,HI,Stifling,Moderate,,H,XNIL,XNIL,XNIL,LowMtsHighPl,Stable,Dry,ModerateOrLe,MarkedUpper,DryMMoistL,E_W_S,,,NWQuad,,E_NE
Neutral,Down,StrongUp,WeakUp,WeakUp,Neutral,Dry,Dry,Neutral,Clear,Cloudy,PC,Cloudy,Strong,,Other,,Weak,,,IncCapDecIns,Increasing,,,SIG,May15_Jun14,,CThruK,Stifling,Average,Average,CDEJ,N5GtLIGt_8,Stability,LessUnstable,LessUnstable,,Stifling,Weak,,C,XNIL,XNIL,SIG,LowAtStation,CloseToDryAd,Average,Steep,MarkedUpper,,E_W_N,,Other,NWQuad,,LongAnticyc
Down,Down,Down,,Down,Dry,Neutral,VeryWet,Wet,Clear,PC,,PC,,Strong,StrongWest,Strong,Weak,Weak,Marked,IncCapDecIns,Increasing,WeakPos,LittleChange,SVR,Jun15_Jul1,B,AB,Stifling,MoreThanAve,MoreThanAve,ABI,N1GtLIGt_4,Instability,Average,MoreUnstable,B,PartInhibit,Moderate,,B,SVR,SVR,SVR,LowSHighN,,VeryMoist,,NoMajor,DryMMoistL,DryLine,LittleChange,QStationary,AllElse,LVorOther,DenvCyclone
Neutral,Neutral,Neutral,Neutral,Neutral,Neutral,Wet,Neutral,Neutral,Clear,,Clear,Clear,Weak,Strong,StrongWest,Strong,,Weak,Marked,,LittleChange,StrongPos,Increasing,,,C,CThruK,,LessThanAve,LessThanAve,CDEJ,N1GtLIGt_4,Stability,LessUnstable,MoreUnstable,ACEFK,PartInhibit,Moderate,Moderate,C,SVR,SVR,SVR,LowEvrywhere,CloseToDryAd,Dry,CloseToDryAd,OtherRapid,Other,E_W_N,,,NWQuad,,LongAnticyc
Neutral,Neutral,WeakUp,WeakUp,WeakUp,Neutral,Neutral,Dry,Neutral,PC,,PC,PC,,,Westerly,,Weak,,,IncCapDecIns,Increasing,,Increasing,XNIL,,C,CThruK,Stifling,Average,MoreThanAve,,LIGt0,Stability,LessUnstable,Average,,PartInhibit,Strong,Strong,C,SIG,SIG,,LowEvrywhere,Steep,Average,CloseToDryAd,MarkedUpper,DryMMoistL,E_W_S,SigPositive,Other,AllElse,Westerly,LongAnticyc
,,Neutral,Neutral,Neutral,Neutral,Neutral,Neutral,Neutral,PC,PC,PC,PC,,,Westerly,Strong,,Weak,Some,IncCapDecIns,Increasing,WeakPos,,SIG,,E,CThruK,PartInhibit,MoreThanAve,MoreThanAve,CDEJ,LIGt0,Neutral,MoreUnstable,MoreUnstable,ACEFK,PartInhibit,Weak,,E,,XNIL,SIG,LowAtStation,Stable,Dry,ModerateOrLe,NoMajor,Other,,SigNegative,,SWQuad,Westerly,LV
Down,WeakUp,Down,Down,Down,Neutral,VeryWet,VeryWet,Wet,PC,Clear,PC,PC,Strong,Strong,Other,,Weak,Weak,Marked,LittleChange,LittleChange,,Decreasing,,Aug20_Sep15,K,,PartInhibit,Average,Average,K,N1GtLIGt_4,Neutral,MoreUnstable,MoreUnstable,ACEFK,,Moderate,Strong,K,SIG,XNIL,,Other,ModerateOrLe,Dry,ModerateOrLe,,Other,E_W_N,NegToPos,Other,SWQuad,,E_NE
Neutral,StronUp,Neutral,WeakUp,WeakUp,,Dry,,VeryWet,Clear,Cloudy,Clear,Clear,,Strong,Westerly,Strong,Weak,Strong,Marked,IncCapDecIns,,Neutral,Increasing,SVR,Aug20_Sep15,K,,PartInhibit,LessThanAve,MoreThanAve,,N1GtLIGt_4,Instability,MoreUnstable,MoreUnstable,ACEFK,,,Slight,K,XNIL,XNIL,SVR,Other,Steep,Dry,ModerateOrLe,StrongFront,Other,MovingFtorOt,SigPositive,,NWQuad,LVorOther,DenvCyclone
Neutral,Neutral,Neutral,Neutral,Neutral,Neutral,Neutral,Neutral,Neutral,PC,PC,Cloudy,Cloudy,Weak,Strong,StrongWest,Weak,,Strong,Marked,LittleChange,LittleChange,,LittleChange,SIG,Aug20_Sep15,E,CThruK,,Average,Average,CDEJ,N5GtLIGt_8,Instability,MoreUnstable,,ACEFK,PartInhibit,Moderate,,E,XNIL,,SIG,,Steep,Average,ModerateOrLe,NoMajor,MoistMDryL,DryLine,LittleChange,,AllElse,Westerly,
WeakUp,WeakUp,,WeakUp,WeakUp,Neutral,,Neutral,Neutral,PC,Clear,Clear,Clear,Strong,Strong,Westerly,Strong,,Weak,Marked,IncCapDecIns,Increasing,Negative,Decreasing,SIG,Aug20_Sep15,K,,PartInhibit,LessThanAve,LessThanAve,,N5GtLIGt_8,Instability,MoreUnstable,MoreUnstable,ACEFK,Stifling,,Slight,K,XNIL,XNIL,SIG,LowAtStation,,Average,Steep,OtherRapid,,,SigNegative,,AllElse,Westerly,WidespdDnsl
,Neutral,Neutral,Neutral,Neutral,Dry,VeryWet,Wet,Neutral,PC,PC,PC,PC,Weak,Strong,Other,Weak,Weak,Weak,,DecCapIncIns,Decreasing,Negative,LittleChange,XNIL,Aug20_Sep15,C,CThruK,PartInhibit,,Average,CDEJ,N5GtLIGt_8,Stability,,Average,ACEFK,PartInhibit,Unfavorable,,C,XNIL,XNIL,XNIL,LowEvrywhere,Steep,Average,CloseToDryAd,,,E_W_S,,Other,NWQuad,LVorOther,LongAnticyc
Neutral,Neutral,Neutral,Neutral,Neutral,Wet,Dry,Wet,VeryWet,,PC,PC,Cloudy,,,StrongWest,,,Weak,,,LittleChange,,Increasing,XNIL,May15_Jun14,B,AB,TotalInhibit,MoreThanAve,MoreThanAve,ABI,N1GtLIGt_4,Stability,MoreUnstable,MoreUnstable,B,Stifling,Moderate,Slight,,XNIL,XNIL,XNIL,LowNHighS,,VeryMoist,Steep,NoMajor,Other,DenvCyclone,PosToNeg,,AllElse,Westerly,DenvCyclone
Neutral,Neutral,Neutral,Neutral,Neutral,Neutral,Neutral,Wet,Wet,PC,PC,PC,Clear,Weak,Weak,Westerly,Weak,Strong,Strong,Some,LittleChange,,Negative,,SIG,Jul2_Jul15,H,CThruK,PartInhibit,,MoreThanAve,,,Neutral,MoreUnstable,,HI,Stifling,Moderate,Slight,H,,XNIL,SIG,,ModerateOrLe,Average,Steep,,DryMMoistL,,NegToPos,,NWQuad,LVorOther,
Down,Down,Neutral,Neutral,Neutral,Neutral,Neutral,Neutral,Neutral,PC,Clear,Clear,Clear,,Strong,Other,Weak,Weak,Weak,Some,,Decreasing,Neutral,LittleChange,XNIL,Jul16_Aug10,J,CThruK,PartInhibit,Average,LessThanAve,CDEJ,LIGt0,Instability,MoreUnstable,MoreUnstable,GJ,TotalInhibit,Moderate,,,XNIL,XNIL,,LowSHighN,Stable,Dry,Steep,NoMajor,DryMMoistL,E_W_S,NegToPos,,LV,LVorOther,
WeakUp,Down,Down,Down,,Dry,,Wet,Wet,Clear,Cloudy,PC,Clear,Weak,,Westerly,Weak,Weak,Weak,Some,LittleChange,LittleChange,Negative,Increasing,SVR,May15_Jun14,B,AB,TotalInhibit,MoreThanAve,MoreThanAve,ABI,N5GtLIGt_8,Stability,Average,Average,B,PartInhibit,Strong,Strong,B,SVR,SIG,SVR,LowSHighN,,VeryMoist,Steep,NoMajor,Other,,PosToNeg,QStationary,NWQuad,LVorOther,DenvCyclone
StrongUp,Down,Neutral,WeakUp,WeakUp,Neutral,,Neutral,Wet,PC,PC,PC,PC,Weak,Strong,,Strong,Weak,Strong,Marked,LittleChange,LittleChange,Neutral,,,,G,CThruK,,MoreThanAve,MoreThanAve,G,N5GtLIGt_8,Stability,Average,LessUnstable,GJ,,Moderate,,G,XNIL,XNIL,SVR,LowEvrywhere,CloseToDryAd,Average,CloseToDryAd,MarkedUpper,Other,Other,LittleChange,,SWQuad,Westerly,SEQuad
Neutral,Neutral,StrongUp,Neutral,Neutral,VeryWet,,Wet,Neutral,PC,Clear,,PC,,Weak,,,Weak,,Marked,DecCapIncIns,Decreasing,Neutral,Decreasing,SIG,May15_Jun14,E,CThruK,PartInhibit,LessThanAve,LessThanAve,CDEJ,N1GtLIGt_4,Neutral,Average,LessUnstable,,PartInhibit,Weak,Slight,E,XNIL,XNIL,SIG,,ModerateOrLe,Average,ModerateOrLe,NoMajor,MoistMDryL,,LittleChange,Moving,AllElse,LVorOther,LongAnticyc
Neutral,,StrongUp,,StrongUp,Dry,Neutral,Wet,VeryWet,,PC,Cloudy,,Weak,,StrongWest,Strong,,Weak,Some,DecCapIncIns,Decreasing,WeakPos,Decreasing,SVR,Aug20_Sep15,C,CThruK,PartInhibit,,LessThanAve,CDEJ,N1GtLIGt_4,Stability,LessUnstable,LessUnstable,,Stifling,Weak,,,XNIL,XNIL,SVR,Other,Steep,Average,Steep,OtherRapid,MoistMDryL,E_W_N,SigPositive,Moving,,Westerly,LongAnticyc
StrongUp,StronUp,WeakUp,StrongUp,StrongUp,Neutral,,Dry,,PC,PC,PC,,Weak,Weak,StrongWest,Weak,Weak,Weak,Some,LittleChange,LittleChange,WeakPos,Increasing,,Aug20_Sep15,K,CThruK,PartInhibit,Average,Average,K,N1GtLIGt_4,Neutral,LessUnstable,LessUnstable,ACEFK,,Unfavorable,,K,,XNIL,SIG,LowAtStation,Stable,Average,CloseToDryAd,StrongFront,,MovingFtorOt,NegToPos,Moving,SWQuad,Westerly,LongAnticyc
WeakUp,Neutral,Down,Neutral,,,Neutral,Neutral,,Clear,PC,Clear,Clear,Weak,Strong,DCVZFavor,Strong,,Weak,Marked,,,StrongPos,Increasing,SIG,,,CThruK,PartInhibit,Average,Average,K,N5GtLIGt_8,Neutral,Average,MoreUnstable,ACEFK,TotalInhibit,Moderate,,K,XNIL,XNIL,,HighEvrywher,CloseToDryAd,VeryMoist,,,Other,MovingFtorOt,SigPositive,QStationary,AllElse,LVorOther,WidespdDnsl
StrongUp,Neutral,StrongUp,StrongUp,StrongUp,Neutral,Neutral,Neutral,,Clear,Clear,Clear,Cloudy,Strong,Strong,Other,,,,,IncCapDecIns,Increasing,Negative,Decreasing,,Jul16_Aug10,D,,PartInhibit,,,CDEJ,,Stability,,LessUnstable,,PartInhibit,Weak,,D,XNIL,SIG,SIG,,ModerateOrLe,Dry,Steep,OtherRapid,Other,MovingFtorOt,LittleChange,QStationary,SWQuad,LVorOther,SEQuad
,Neutral,Neutral,Neutral,,Neutral,VeryWet,VeryWet,Wet,PC,PC,PC,PC,Strong,Strong,Other,,Weak,,Some,LittleChange,,StrongPos,Increasing,SIG,Jun15_Jul1,,CThruK,PartInhibit,Average,Average,CDEJ,N1GtLIGt_4,Neutral,,MoreUnstable,GJ,,Unfavorable,,J,XNIL,XNIL,SIG,LowSHighN,,Average,CloseToDryAd,NoMajor,,DryLine,,,LV,LVorOther,
,Neutral,Down,Neutral,Neutral,Dry,Neutral,Neutral,Neutral,Cloudy,PC,Cloudy,Cloudy,,,StrongWest,,,Weak,,DecCapIncIns,Decreasing,WeakPos,LittleChange,XNIL,,G,CThruK,,,Average,G,,Stability,,LessUnstable,GJ,,Strong,Moderate,G,,,SIG,LowAtStation,CloseToDryAd,Dry,CloseToDryAd,NoMajor,MoistMDryL,E_W_N,SigPositive,,,LVorOther,LV
WeakUp,Neutral,WeakUp,Neutral,Neutral,Neutral,VeryWet,Neutral,Neutral,,PC,PC,Clear,Strong,Strong,DCVZFavor,,Strong,Strong,,LittleChange,LittleChange,Neutral,Increasing,SIG,Jul2_Jul15,D,CThruK,PartInhibit,,Average,CDEJ,,Neutral,Average,MoreUnstable,,PartInhibit,Weak,,,SVR,SVR,SVR,,CloseToDryAd,Dry,Steep,StrongFront,MoistMDryL,,SigNegative,QStationary,NWQuad,LVorOther,
WeakUp,Neutral,StrongUp,WeakUp,WeakUp,Dry,Neutral,VeryWet,VeryWet,PC,Cloudy,PC,Cloudy,Weak,Strong,Other,Strong,Weak,Weak,,IncCapDecIns,,WeakPos,Increasing,SIG,,,CThruK,Stifling,MoreThanAve,MoreThanAve,CDEJ,N5GtLIGt_8,,MoreUnstable,MoreUnstable,,,Weak,,D,XNIL,XNIL,SIG,LowAtStation,CloseToDryAd,Average,CloseToDryAd,OtherRapid,Other,,SigNegative,,NWQuad,Westerly,LongAnticyc
Neutral,Neutral,Neutral,Neutral,Neutral,,Wet,VeryWet,VeryWet,PC,Cloudy,Cloudy,PC,,Weak,Westerly,Weak,Weak,Weak,,IncCapDecIns,Increasing,Neutral,Increasing,,Jun15_Jul1,G,CThruK,Stifling,,MoreThanAve,G,N5GtLIGt_8,Stability,MoreUnstable,MoreUnstable,GJ,,Strong,Strong,G,SIG,SIG,,LowAtStation,CloseToDryAd,,CloseToDryAd,OtherRapid,MoistMDryL,,LittleChange,,NWQuad,Westerly,LongAnticyc
Down,Down,Down,,Down,VeryWet,Wet,Wet,,Clear,PC,Clear,Clear,Weak,Strong,StrongWest,Strong,Weak,Weak,Some,,LittleChange,WeakPos,LittleChange,SIG,,K,CThruK,PartInhibit,Average,,K,N1GtLIGt_4,Stability,MoreUnstable,MoreUnstable,,PartInhibit,Weak,Slight,K,,,SIG,LowNHighS,Stable,Dry,Steep,,Other,MovingFtorOt,NegToPos,,AllElse,,WidespdDnsl
Down,Neutral,Down,Down,Down,,Neutral,Neutral,Dry,PC,PC,PC,PC,,,DCVZFavor,,,Weak,,IncCapDecIns,Increasing,Negative,,XNIL,,G,CThruK,Stifling,Average,Average,G,N1GtLIGt_4,Neutral,,LessUnstable,GJ,,Moderate,Moderate,G,XNIL,XNIL,XNIL,Other,CloseToDryAd,Dry,,NoMajor,MoistMDryL,,NegToPos,,,,WidespdDnsl
Down,Down,Neutral,Neutral,Neutral,Dry,Dry,Neutral,Neutral,PC,Cloudy,PC,PC,Strong,Strong,Other,,,,,,LittleChange,StrongPos,Increasing,SVR,Aug20_Sep15,D,CThruK,PartInhibit,Average,,CDEJ,N1GtLIGt_4,Instability,Average,MoreUnstable,D,Stifling,,Strong,D,XNIL,XNIL,SVR,,CloseToDryAd,Dry,Steep,MarkedUpper,DryMMoistL,DryLine,SigNegative,QStationary,SWQuad,LVorOther,DenvCyclone
Down,StronUp,Neutral,WeakUp,WeakUp,VeryWet,Wet,Wet,VeryWet,Cloudy,PC,PC,PC,Weak,Strong,StrongWest,,Weak,Strong,Marked,IncCapDecIns,Increasing,Neutral,Increasing,SVR,Jul16_Aug10,H,CThruK,Stifling,,MoreThanAve,H,,Stability,Average,MoreUnstable,HI,,Moderate,Moderate,,SVR,XNIL,,Other,Stable,Average,,NoMajor,,Other,,Moving,NWQuad,Westerly,E_NE
,Neutral,Down,Down,Down,VeryWet,Neutral,Wet,VeryWet,Clear,Clear,Clear,PC,Strong,Strong,StrongWest,,Strong,Strong,Marked,IncCapDecIns,Increasing,Negative,Increasing,SIG,Jul16_Aug10,,CThruK,,Average,MoreThanAve,CDEJ,N1GtLIGt_4,Instability,Average,Average,ACEFK,,Unfavorable,,C,XNIL,XNIL,SIG,LowEvrywhere,ModerateOrLe,Dry,ModerateOrLe,,MoistMDryL,E_W_S,,Other,NWQuad,Westerly,LongAnticyc
StrongUp,,Neutral,StrongUp,StrongUp,Dry,Neutral,,,PC,PC,PC,Cloudy,Weak,Strong,Westerly,Weak,,Strong,Marked,IncCapDecIns,,WeakPos,Increasing,SVR,Aug20_Sep15,B,AB,PartInhibit,LessThanAve,MoreThanAve,ABI,N1GtLIGt_4,,MoreUnstable,MoreUnstable,B,PartInhibit,Weak,Slight,B,SIG,SIG,SVR,Other,Stable,Dry,Steep,NoMajor,DryMMoistL,MovingFtorOt,SigPositive,Other,SWQuad,LVorOther,
Down,Down,WeakUp,Neutral,Neutral,VeryWet,Dry,Wet,VeryWet,PC,Clear,Clear,Clear,Weak,,,Strong,Weak,Strong,Marked,,LittleChange,Negative,Decreasing,SVR,Jul16_Aug10,K,CThruK,PartInhibit,Average,Average,K,N1GtLIGt_4,Instability,LessUnstable,LessUnstable,ACEFK,,Moderate,Moderate,K,XNIL,,SVR,LowNHighS,Steep,Average,Steep,MarkedUpper,DryMMoistL,,PosToNeg,QStationary,SWQuad,Westerly,WidespdDnsl
StrongUp,Down,StrongUp,WeakUp,WeakUp,,VeryWet,Wet,Wet,Clear,PC,Clear,Clear,Strong,Strong,,Strong,Weak,Weak,Marked,DecCapIncIns,Decreasing,WeakPos,LittleChange,SIG,Jul16_Aug10,A,,,,LessThanAve,,,Neutral,Average,MoreUnstable,ACEFK,PartInhibit,Strong,Strong,A,SVR,SIG,SIG,LowSHighN,Stable,VeryMoist,ModerateOrLe,StrongFront,MoistMDryL,DenvCyclone,SigNegative,Other,SWQuad,Westerly,SEQuad
Down,Neutral,Down,Down,Down,Wet,Neutral,Wet,,PC,Clear,PC,PC,,Strong,StrongWest,Weak,Strong,Weak,Marked,,Increasing,WeakPos,Increasing,XNIL,May15_Jun14,K,CThruK,PartInhibit,LessThanAve,MoreThanAve,K,LIGt0,Stability,Average,MoreUnstable,,,Weak,Moderate,K,SIG,SIG,SIG,Other,Steep,Dry,ModerateOrLe,MarkedUpper,DryMMoistL,Other,SigNegative,,,Westerly,WidespdDnsl
Down,Down,StrongUp,Down,Down,VeryWet,,Wet,Wet,PC,PC,Cloudy,PC,Weak,Weak,StrongWest,Strong,,Strong,Some,IncCapDecIns,,Neutral,LittleChange,,Aug20_Sep15,J,CThruK,PartInhibit,MoreThanAve,MoreThanAve,,N5GtLIGt_8,Stability,Average,Average,GJ,PartInhibit,Weak,,J,XNIL,XNIL,SIG,LowAtStation,ModerateOrLe,Dry,Steep,NoMajor,MoistMDryL,DryLine,,QStationary,,LVorOther,LV
StrongUp,Down,Down,,Down,,,VeryWet,VeryWet,PC,PC,PC,PC,Weak,Strong,,Weak,Strong,Strong,,IncCapDecIns,Increasing,Negative,Decreasing,,,,CThruK,Stifling,Average,MoreThanAve,K,N1GtLIGt_4,Stability,Average,LessUnstable,,Stifling,Strong,Slight,K,XNIL,,XNIL,LowNHighS,Steep,VeryMoist,Steep,StrongFront,DryMMoistL,DryLine,PosToNeg,Moving,AllElse,Westerly,
WeakUp,StronUp,Neutral,WeakUp,WeakUp,Wet,Dry,Neutral,Neutral,PC,Cloudy,PC,Cloudy,,Weak,Other,,Weak,,,,Increasing,WeakPos,Increasing,XNIL,Jul16_Aug10,E,CThruK,Stifling,Average,MoreThanAve,CDEJ,N1GtLIGt_4,Stability,LessUnstable,LessUnstable,ACEFK,,Moderate,Strong,E,,SIG,SIG,LowEvrywhere,CloseToDryAd,,ModerateOrLe,NoMajor,Other,DryLine,LittleChange,,NWQuad,Westerly,WidespdDnsl
WeakUp,WeakUp,Neutral,WeakUp,WeakUp,Neutral,Neutral,,Wet,,Clear,Clear,Clear,Strong,Strong,Other,Weak,,Weak,Some,IncCapDecIns,,WeakPos,LittleChange,SIG,May15_Jun14,G,CThruK,PartInhibit,LessThanAve,MoreThanAve,G,,Neutral,LessUnstable,LessUnstable,GJ,Stifling,Moderate,,,,XNIL,SIG,LowNHighS,CloseToDryAd,Dry,,NoMajor,MoistMDryL,E_W_S,LittleChange,Other,SWQuad,LVorOther,WidespdDnsl
WeakUp,,WeakUp,,WeakUp,Neutral,Neutral,Neutral,Neutral,,PC,Clear,Clear,,,DCVZFavor,,Weak,,,,,WeakPos,,,Aug20_Sep15,,CThruK,Stifling,MoreThanAve,MoreThanAve,K,N1GtLIGt_4,Instability,MoreUnstable,MoreUnstable,ACEFK,,Strong,,K,XNIL,,XNIL,HighEvrywher,Stable,Average,ModerateOrLe,OtherRapid,DryMMoistL,,SigPositive,Moving,NWQuad,,WidespdDnsl
Down,Neutral,Neutral,,Neutral,Wet,Neutral,Dry,Neutral,Clear,PC,Cloudy,Cloudy,,,DCVZFavor,,,Weak,,IncCapDecIns,Increasing,Neutral,,,Jul16_Aug10,J,CThruK,Stifling,MoreThanAve,,CDEJ,N5GtLIGt_8,Stability,Average,,GJ,Stifling,Unfavorable,Slight,,XNIL,XNIL,,LowAtStation,,Average,Steep,NoMajor,MoistMDryL,,LittleChange,Other,,LVorOther,LV
StrongUp,WeakUp,Down,,WeakUp,VeryWet,Wet,VeryWet,VeryWet,,Clear,Clear,PC,Strong,Strong,DCVZFavor,Weak,,,Marked,,,Negative,Decreasing,SVR,Aug20_Sep15,C,CThruK,,Average,MoreThanAve,CDEJ,,Neutral,,LessUnstable,ACEFK,,Strong,Strong,C,XNIL,XNIL,SVR,LowAtStation,CloseToDryAd,Dry,Steep,OtherRapid,Other,E_W_N,,,NWQuad,,LongAnticyc
StrongUp,Neutral,,StrongUp,StrongUp,Wet,Dry,Wet,VeryWet,Clear,,,,,,Westerly,,,Weak,,IncCapDecIns,Increasing,Negative,LittleChange,XNIL,May15_Jun14,G,,PartInhibit,LessThanAve,MoreThanAve,G,,Stability,Average,Average,GJ,Stifling,Strong,,G,,SVR,SVR,LowAtStation,CloseToDryAd,Dry,CloseToDryAd,MarkedUpper,Other,Other,LittleChange,,,,LongAnticyc
Down,WeakUp,Neutral,Neutral,Neutral,Dry,Dry,VeryWet,VeryWet,,Cloudy,,Cloudy,Strong,Strong,Westerly,Weak,,Weak,Marked,IncCapDecIns,Increasing,Neutral,LittleChange,SVR,Jul16_Aug10,I,,TotalInhibit,,,ABI,,Instability,LessUnstable,LessUnstable,HI,,Weak,Slight,,,XNIL,SVR,Other,CloseToDryAd,Dry,ModerateOrLe,NoMajor,Other,MovingFtorOt,NegToPos,Moving,AllElse,Westerly,E_NE
Down,StronUp,Neutral,Neutral,Neutral,Dry,Dry,Neutral,Dry,PC,Cloudy,,,Weak,Strong,Other,,,Weak,,LittleChange,LittleChange,StrongPos,Increasing,SVR,May15_Jun14,H,CThruK,,Average,,H,LILt_8,Instability,MoreUnstable,MoreUnstable,HI,PartInhibit,Moderate,Slight,H,,SIG,,Other,Stable,Average,Steep,MarkedUpper,Other,Other,NegToPos,,LV,LVorOther,LV
Down,Down,Down,Down,Down,Wet,Wet,Neutral,Neutral,PC,Clear,,PC,,Strong,StrongWest,Strong,Weak,Weak,Marked,LittleChange,LittleChange,Neutral,Increasing,SVR,May15_Jun14,,,,LessThanAve,LessThanAve,,N1GtLIGt_4,Neutral,Average,Average,ACEFK,,Weak,,A,SIG,SIG,SVR,LowEvrywhere,,Average,,StrongFront,DryMMoistL,,PosToNeg,Other,SWQuad,Westerly,DenvCyclone
Down,Down,Down,Down,,Dry,Neutral,Neutral,Dry,Clear,Clear,Clear,Clear,Strong,Strong,DCVZFavor,Weak,Weak,,,IncCapDecIns,Increasing,Neutral,LittleChange,,,G,CThruK,PartInhibit,LessThanAve,Average,,LIGt0,Instability,Average,Average,GJ,,Unfavorable,,,XNIL,XNIL,SVR,LowEvrywhere,CloseToDryAd,Dry,CloseToDryAd,NoMajor,,,NegToPos,,NWQuad,Westerly,LongAnticyc
StrongUp,StronUp,WeakUp,StrongUp,StrongUp,Neutral,Neutral,Neutral,Wet,,PC,PC,PC,Weak,,Westerly,Weak,,Strong,,LittleChange,LittleChange,Negative,Decreasing,SIG,,D,,Stifling,,MoreThanAve,CDEJ,N1GtLIGt_4,Stability,MoreUnstable,Average,,PartInhibit,Weak,,D,XNIL,XNIL,,LowSHighN,CloseToDryAd,,CloseToDryAd,OtherRapid,MoistMDryL,DryLine,,Moving,,Westerly,SEQuad
Neutral,Neutral,StrongUp,WeakUp,WeakUp,,Dry,Neutral,Wet,PC,PC,PC,PC,,Strong,DCVZFavor,Weak,Strong,Weak,Marked,IncCapDecIns,Increasing,WeakPos,,,Jun15_Jul1,B,AB,,LessThanAve,Average,ABI,N5GtLIGt_8,Instability,MoreUnstable,MoreUnstable,B,,Weak,,B,SIG,SIG,SIG,HighEvrywher,ModerateOrLe,Average,Steep,OtherRapid,Other,DenvCyclone,PosToNeg,,,Westerly,E_NE
Neutral,Down,Down,Down,Down,,Wet,Dry,Dry,,Clear,,PC,Strong,Strong,Westerly,Strong,,Strong,Some,DecCapIncIns,Decreasing,Negative,,SIG,May15_Jun14,A,AB,PartInhibit,,LessThanAve,ABI,N1GtLIGt_4,Stability,,LessUnstable,ACEFK,PartInhibit,Moderate,Slight,A,XNIL,XNIL,SIG,Other,ModerateOrLe,Average,Steep,StrongFront,DryMMoistL,DenvCyclone,NegToPos,Other,SWQuad,,DenvCyclone
StrongUp,StronUp,WeakUp,StrongUp,StrongUp,,Wet,VeryWet,VeryWet,PC,,Cloudy,Cloudy,Weak,Strong,Westerly,Strong,Weak,Strong,Some,LittleChange,LittleChange,Neutral,Increasing,SVR,Aug20_Sep15,I,,,,MoreThanAve,ABI,,Stability,MoreUnstable,,HI,Stifling,Moderate,,I,SVR,SIG,SVR,LowMtsHighPl,ModerateOrLe,VeryMoist,,StrongFront,DryMMoistL,MovingFtorOt,LittleChange,QStationary,SWQuad,Westerly,DenvCyclone
Down,Neutral,WeakUp,WeakUp,,Neutral,Neutral,Neutral,Neutral,Clear,PC,Clear,Clear,Strong,Strong,Other,Strong,,,Some,LittleChange,LittleChange,WeakPos,LittleChange,SIG,Aug11_Aug20,J,CThruK,,MoreThanAve,MoreThanAve,CDEJ,N1GtLIGt_4,Instability,MoreUnstable,MoreUnstable,GJ,PartInhibit,Strong,Strong,,XNIL,XNIL,SIG,LowAtStation,Steep,,Steep,NoMajor,MoistMDryL,Other,LittleChange,Other,LV,LVorOther,LV
WeakUp,WeakUp,Neutral,Neutral,,,Neutral,Neutral,Neutral,,PC,Clear,Clear,Strong,,StrongWest,Weak,Strong,Weak,Marked,LittleChange,LittleChange,WeakPos,Decreasing,SIG,May15_Jun14,E,CThruK,PartInhibit,Average,,CDEJ,N1GtLIGt_4,Instability,MoreUnstable,LessUnstable,ACEFK,PartInhibit,Strong,Moderate,,SIG,SVR,,LowAtStation,CloseToDryAd,Dry,ModerateOrLe,NoMajor,Other,,LittleChange,,LV,LVorOther,LV
,Neutral,WeakUp,Down,Down,Neutral,Dry,Neutral,Neutral,Clear,PC,PC,PC,,,Westerly,,,,,IncCapDecIns,Increasing,Neutral,Increasing,XNIL,Jul16_Aug10,J,CThruK,PartInhibit,Average,MoreThanAve,CDEJ,N5GtLIGt_8,Neutral,Average,,GJ,Stifling,Moderate,Slight,J,XNIL,XNIL,XNIL,LowAtStation,ModerateOrLe,Average,Steep,NoMajor,,DryLine,LittleChange,,LV,LVorOther,LV
StrongUp,Neutral,Neutral,WeakUp,WeakUp,Dry,Wet,Dry,,Clear,,,PC,,,,,,Weak,,LittleChange,LittleChange,WeakPos,Increasing,XNIL,Jun15_Jul1,C,CThruK,,LessThanAve,Average,CDEJ,N5GtLIGt_8,Stability,LessUnstable,LessUnstable,ACEFK,Stifling,Strong,,C,SVR,SVR,SVR,LowAtStation,CloseToDryAd,Dry,Steep,StrongFront,Other,E_W_S,,Other,AllElse,LVorOther,LV
Down,,Down,Down,Down,Neutral,Dry,Dry,Dry,,Clear,Clear,Clear,,,StrongWest,,,Weak,,,LittleChange,,LittleChange,,Aug20_Sep15,B,AB,PartInhibit,Average,Average,ABI,N5GtLIGt_8,Instability,MoreUnstable,MoreUnstable,B,,Moderate,Slight,B,XNIL,XNIL,XNIL,HighEvrywher,Steep,VeryMoist,Steep,NoMajor,Other,DenvCyclone,LittleChange,Moving,AllElse,,DenvCyclone
WeakUp,StronUp,StrongUp,StrongUp,,Dry,Dry,Neutral,,PC,PC,PC,PC,Weak,Weak,DCVZFavor,Weak,,Weak,Some,DecCapIncIns,Decreasing,Negative,,XNIL,Aug20_Sep15,I,,PartInhibit,Average,Average,ABI,N1GtLIGt_4,Stability,LessUnstable,LessUnstable,HI,TotalInhibit,Moderate,Slight,I,XNIL,XNIL,,LowSHighN,Steep,VeryMoist,ModerateOrLe,NoMajor,,MovingFtorOt,LittleChange,QStationary,LV,LVorOther,
Down,StronUp,StrongUp,Down,,Wet,Neutral,Neutral,Neutral,,,Cloudy,Cloudy,,,StrongWest,,,,,DecCapIncIns,Decreasing,StrongPos,,XNIL,Jul16_Aug10,H,CThruK,PartInhibit,LessThanAve,LessThanAve,H,N1GtLIGt_4,Stability,LessUnstable,Average,HI,Stifling,Weak,,H,,XNIL,XNIL,HighEvrywher,Stable,VeryMoist,ModerateOrLe,MarkedUpper,Other,,SigNegative,,NWQuad,LVorOther,E_NE
StrongUp,Neutral,WeakUp,,StrongUp,,,,VeryWet,Clear,,Clear,,Weak,,DCVZFavor,,Weak,Strong,Marked,LittleChange,,Negative,Decreasing,XNIL,Aug20_Sep15,,,,LessThanAve,,F,LIGt0,Stability,LessUnstable,LessUnstable,ACEFK,PartInhibit,Moderate,Moderate,F,XNIL,SIG,SIG,Other,Steep,VeryMoist,ModerateOrLe,NoMajor,Other,DenvCyclone,PosToNeg,,LV,LVorOther,SEQuad
StrongUp,StronUp,Neutral,StrongUp,StrongUp,Neutral,Neutral,Neutral,Wet,Clear,,Clear,PC,,Weak,Other,,,,,LittleChange,,,LittleChange,SIG,Jul2_Jul15,G,CThruK,TotalInhibit,,,G,N5GtLIGt_8,Stability,Average,Average,GJ,Stifling,Moderate,Slight,G,SIG,SIG,SIG,,Steep,Dry,,StrongFront,MoistMDryL,,SigNegative,,,Westerly,LongAnticyc
WeakUp,StronUp,,,StrongUp,Dry,,Dry,Neutral,Clear,Clear,Clear,,,,DCVZFavor,Weak,Strong,Weak,,DecCapIncIns,Decreasing,Neutral,LittleChange,XNIL,May15_Jun14,H,CThruK,Stifling,Average,LessThanAve,H,N1GtLIGt_4,Neutral,Average,Average,HI,PartInhibit,Moderate,,H,XNIL,XNIL,XNIL,LowMtsHighPl,,Average,Steep,,DryMMoistL,,NegToPos,,NWQuad,LVorOther,E_NE
,Neutral,StrongUp,Neutral,Neutral,,Dry,Neutral,Neutral,Clear,PC,Clear,Clear,Weak,Strong,DCVZFavor,Weak,Weak,,Marked,LittleChange,LittleChange,,,SIG,May15_Jun14,E,CThruK,Stifling,Average,Average,CDEJ,N1GtLIGt_4,Stability,MoreUnstable,MoreUnstable,ACEFK,PartInhibit,Weak,Slight,E,SVR,,SVR,LowEvrywhere,CloseToDryAd,Average,ModerateOrLe,NoMajor,MoistMDryL,DryLine,SigPositive,QStationary,,Westerly,DenvCyclone
Neutral,,Neutral,Neutral,,VeryWet,Dry,VeryWet,VeryWet,PC,,,Cloudy,Weak,Weak,DCVZFavor,,,Weak,,IncCapDecIns,Increasing,WeakPos,,XNIL,Aug20_Sep15,H,CThruK,TotalInhibit,MoreThanAve,MoreThanAve,,N5GtLIGt_8,Stability,LessUnstable,LessUnstable,HI,,,,H,XNIL,XNIL,,Other,Stable,Average,ModerateOrLe,,DryMMoistL,,,,,,E_NE
Neutral,Down,StrongUp,Neutral,Neutral,Neutral,Wet,Neutral,Neutral,Clear,PC,,PC,Weak,Strong,Westerly,Strong,Weak,Strong,Marked,IncCapDecIns,Increasing,Neutral,LittleChange,SIG,Aug11_Aug20,A,AB,,LessThanAve,,ABI,N5GtLIGt_8,,Average,Average,ACEFK,,Strong,Moderate,A,SVR,SVR,SVR,HighEvrywher,Stable,Dry,Steep,StrongFront,DryMMoistL,DenvCyclone,SigNegative,Other,SWQuad,Westerly,DenvCyclone
StrongUp,,StrongUp,StrongUp,StrongUp,Dry,Wet,VeryWet,VeryWet,Clear,Clear,Clear,Clear,Weak,Strong,Other,,,,,LittleChange,LittleChange,,Decreasing,SIG,Jun15_Jul1,C,,PartInhibit,Average,,,N1GtLIGt_4,Neutral,,Average,ACEFK,,Moderate,,C,XNIL,XNIL,SIG,LowEvrywhere,Steep,Dry,Steep,NoMajor,MoistMDryL,E_W_N,,,NWQuad,Westerly,WidespdDnsl
WeakUp,Neutral,Neutral,Neutral,Neutral,Neutral,Neutral,Neutral,VeryWet,PC,Clear,Clear,Clear,Strong,Strong,Other,,Weak,,,,Decreasing,Neutral,,SVR,Aug20_Sep15,H,CThruK,,Average,LessThanAve,H,N1GtLIGt_4,Neutral,LessUnstable,LessUnstable,HI,,Moderate,Moderate,H,XNIL,XNIL,SVR,LowMtsHighPl,Stable,VeryMoist,ModerateOrLe,,DryMMoistL,,SigNegative,,NWQuad,Westerly,E_NE
Neutral,Neutral,WeakUp,Neutral,,Wet,,Dry,,PC,PC,PC,,,,Westerly,,,,,IncCapDecIns,Increasing,StrongPos,Increasing,XNIL,May15_Jun14,H,,Stifling,Average,MoreThanAve,H,N5GtLIGt_8,Stability,Average,MoreUnstable,HI,,Strong,,H,,SVR,SVR,HighEvrywher,Stable,,ModerateOrLe,MarkedUpper,DryMMoistL,MovingFtorOt,SigNegative,Moving,AllElse,LVorOther,E_NE
Down,Neutral,StrongUp,Neutral,,Dry,VeryWet,,VeryWet,Clear,PC,PC,PC,Weak,Strong,,Strong,,Weak,,,LittleChange,Neutral,Decreasing,SVR,Aug20_Sep15,H,CThruK,PartInhibit,LessThanAve,LessThanAve,H,,Instability,LessUnstable,LessUnstable,,Stifling,Weak,Slight,H,XNIL,XNIL,SVR,LowSHighN,Stable,Average,ModerateOrLe,NoMajor,Other,MovingFtorOt,PosToNeg,,,Westerly,E_NE
,StronUp,Down,WeakUp,WeakUp,Dry,Neutral,Dry,Dry,Clear,PC,Clear,Clear,Weak,Strong,Westerly,Strong,,Strong,Marked,IncCapDecIns,Increasing,Negative,Decreasing,SVR,Aug20_Sep15,K,CThruK,,Average,Average,K,,Neutral,LessUnstable,,ACEFK,,Weak,,K,XNIL,XNIL,SVR,Other,Steep,VeryMoist,,MarkedUpper,,DryLine,SigNegative,,NWQuad,LVorOther,WidespdDnsl
WeakUp,Neutral,,Down,Down,VeryWet,Wet,VeryWet,VeryWet,Clear,Cloudy,Cloudy,Cloudy,Strong,Strong,Other,Weak,Weak,,Some,,Increasing,StrongPos,Increasing,SVR,Jul2_Jul15,,CThruK,PartInhibit,MoreThanAve,MoreThanAve,ABI,N1GtLIGt_4,Instability,LessUnstable,LessUnstable,,,Weak,,I,XNIL,XNIL,SVR,LowSHighN,Stable,Dry,CloseToDryAd,,DryMMoistL,E_W_S,PosToNeg,,SWQuad,LVorOther,SEQuad
Down,WeakUp,Down,Down,Down,,Wet,,Dry,,PC,Clear,Clear,Strong,Strong,StrongWest,Strong,,Strong,,DecCapIncIns,,Neutral,Decreasing,SVR,Jul16_Aug10,J,CThruK,PartInhibit,MoreThanAve,MoreThanAve,CDEJ,N1GtLIGt_4,Stability,LessUnstable,LessUnstable,GJ,,Weak,Slight,J,XNIL,XNIL,SVR,LowNHighS,,Dry,ModerateOrLe,NoMajor,DryMMoistL,DryLine,LittleChange,,LV,LVorOther,LongAnticyc
,Neutral,StrongUp,WeakUp,WeakUp,Dry,Neutral,Dry,Dry,PC,Clear,Cloudy,Cloudy,Weak,Strong,Westerly,Strong,,Weak,,IncCapDecIns,,Negative,LittleChange,SIG,Jul16_Aug10,E,CThruK,PartInhibit,Average,MoreThanAve,CDEJ,N1GtLIGt_4,,LessUnstable,LessUnstable,ACEFK,Stifling,Moderate,,,,XNIL,SIG,LowNHighS,ModerateOrLe,Dry,,NoMajor,MoistMDryL,,SigPositive,,AllElse,LVorOther,E_NE
StrongUp,StronUp,Neutral,WeakUp,WeakUp,Dry,Neutral,Dry,Dry,PC,PC,PC,PC,Weak,Strong,,Strong,,,,DecCapIncIns,Decreasing,Neutral,LittleChange,SVR,Aug20_Sep15,D,CThruK,,Average,LessThanAve,CDEJ,N1GtLIGt_4,Neutral,MoreUnstable,MoreUnstable,D,,Moderate,Strong,D,XNIL,SIG,SVR,LowSHighN,,Average,Steep,MarkedUpper,MoistMDryL,,,Other,AllElse,Westerly,E_NE
Down,,,WeakUp,WeakUp,,Neutral,Neutral,Neutral,PC,PC,PC,PC,Strong,Strong,DCVZFavor,Strong,,Strong,Marked,LittleChange,LittleChange,Negative,LittleChange,SVR,,B,AB,PartInhibit,Average,Average,ABI,N5GtLIGt_8,Neutral,,MoreUnstable,,PartInhibit,Strong,,B,SIG,,,LowMtsHighPl,Stable,VeryMoist,,OtherRapid,Other,MovingFtorOt,PosToNeg,Other,NWQuad,Westerly,
,Neutral,StrongUp,,Neutral,,Wet,Wet,Wet,PC,Clear,Clear,PC,Weak,Weak,DCVZFavor,Strong,Strong,,Marked,LittleChange,,Negative,LittleChange,SIG,May15_Jun14,A,AB,,LessThanAve,,ABI,N1GtLIGt_4,Instability,MoreUnstable,MoreUnstable,ACEFK,PartInhibit,Strong,Moderate,A,SIG,,SIG,LowSHighN,ModerateOrLe,Average,,OtherRapid,DryMMoistL,DenvCyclone,PosToNeg,Moving,SWQuad,Westerly,E_NE
Neutral,Neutral,Neutral,,,Neutral,Dry,Dry,Neutral,PC,Clear,Clear,Clear,,Weak,StrongWest,Weak,,Weak,Some,,,WeakPos,LittleChange,XNIL,Jul2_Jul15,I,CThruK,PartInhibit,,MoreThanAve,ABI,N5GtLIGt_8,Neutral,Average,Average,HI,PartInhibit,Strong,Strong,I,SIG,SIG,SIG,LowSHighN,CloseToDryAd,VeryMoist,CloseToDryAd,OtherRapid,Other,MovingFtorOt,SigPositive,QStationary,SWQuad,Westerly,E_NE
WeakUp,StronUp,WeakUp,StrongUp,StrongUp,,,Neutral,Neutral,Clear,PC,PC,Cloudy,Strong,Strong,StrongWest,Strong,,Strong,Some,IncCapDecIns,,Negative,LittleChange,SIG,Jul16_Aug10,K,CThruK,PartInhibit,MoreThanAve,MoreThanAve,K,N1GtLIGt_4,Stability,MoreUnstable,MoreUnstable,ACEFK,,Weak,,K,XNIL,XNIL,SIG,HighEvrywher,Steep,Dry,ModerateOrLe,MarkedUpper,,MovingFtorOt,SigPositive,,NWQuad,Westerly,SEQuad
StrongUp,Down,StrongUp,StrongUp,StrongUp,Dry,Wet,Neutral,,,Cloudy,,PC,,,Westerly,,Weak,Weak,,,LittleChange,WeakPos,LittleChange,XNIL,May15_Jun14,K,CThruK,PartInhibit,Average,LessThanAve,K,N1GtLIGt_4,Stability,MoreUnstable,MoreUnstable,ACEFK,,Weak,Moderate,K,SVR,SVR,SVR,Other,Steep,Dry,CloseToDryAd,MarkedUpper,DryMMoistL,MovingFtorOt,NegToPos,Moving,NWQuad,Westerly,WidespdDnsl
Down,Neutral,Neutral,Down,Down,Dry,VeryWet,VeryWet,VeryWet,Clear,,PC,,,Weak,DCVZFavor,Weak,,Weak,Marked,LittleChange,LittleChange,Negative,Decreasing,SIG,Aug20_Sep15,K,CThruK,PartInhibit,Average,Average,K,,Instability,Average,Average,ACEFK,PartInhibit,Strong,Strong,K,XNIL,XNIL,SIG,LowNHighS,ModerateOrLe,Average,ModerateOrLe,MarkedUpper,DryMMoistL,MovingFtorOt,SigNegative,Moving,AllElse,LVorOther,WidespdDnsl
,Down,Neutral,Neutral,,,VeryWet,Neutral,Neutral,Cloudy,Clear,Cloudy,,,,,,,,,,LittleChange,WeakPos,Increasing,XNIL,Jun15_Jul1,H,CThruK,,LessThanAve,,H,,Instability,LessUnstable,Average,HI,PartInhibit,Moderate,,,XNIL,XNIL,XNIL,LowNHighS,Stable,Average,ModerateOrLe,NoMajor,Other,,SigNegative,Moving,NWQuad,LVorOther,E_NE
StrongUp,WeakUp,WeakUp,,WeakUp,Neutral,Dry,Dry,Dry,Clear,PC,PC,PC,Strong,Strong,Other,,,,Some,,,StrongPos,Increasing,SVR,Jul16_Aug10,I,CThruK,,,MoreThanAve,ABI,N5GtLIGt_8,,,,HI,PartInhibit,Weak,,,XNIL,,SVR,,ModerateOrLe,Average,Steep,NoMajor,DryMMoistL,E_W_S,NegToPos,QStationary,,LVorOther,E_NE
Down,Neutral,Neutral,Down,Down,,Dry,VeryWet,VeryWet,Clear,PC,,Clear,Weak,Strong,StrongWest,Strong,Weak,,Marked,LittleChange,LittleChange,Neutral,LittleChange,SIG,Jul2_Jul15,K,CThruK,PartInhibit,,Average,K,,Neutral,Average,Average,,,,,,SVR,SVR,SVR,Other,Stable,VeryMoist,Steep,,DryMMoistL,,LittleChange,QStationary,AllElse,LVorOther,
Neutral,WeakUp,Down,Neutral,Neutral,Neutral,Wet,Neutral,Neutral,PC,Cloudy,,PC,Weak,Weak,DCVZFavor,,Strong,Weak,Some,LittleChange,LittleChange,StrongPos,Increasing,XNIL,Jul16_Aug10,,CThruK,PartInhibit,Average,Average,CDEJ,N5GtLIGt_8,Neutral,Average,Average,ACEFK,,,,E,XNIL,XNIL,XNIL,LowSHighN,CloseToDryAd,Dry,Steep,NoMajor,MoistMDryL,,SigNegative,,SWQuad,Westerly,LV
,Neutral,WeakUp,WeakUp,,Neutral,VeryWet,Wet,Wet,Cloudy,Cloudy,Cloudy,Cloudy,Weak,Strong,StrongWest,Strong,,,Some,DecCapIncIns,Decreasing,Neutral,Decreasing,SVR,Jun15_Jul1,K,CThruK,PartInhibit,LessThanAve,LessThanAve,,N1GtLIGt_4,Stability,Average,LessUnstable,ACEFK,PartInhibit,Weak,,K,XNIL,XNIL,SVR,LowEvrywhere,Steep,Dry,ModerateOrLe,OtherRapid,,MovingFtorOt,NegToPos,Other,NWQuad,Westerly,WidespdDnsl
Down,Neutral,Neutral,Down,Down,Wet,Wet,Wet,Wet,Clear,PC,PC,Clear,Weak,Strong,DCVZFavor,Weak,Weak,Weak,,IncCapDecIns,,Negative,LittleChange,SIG,May15_Jun14,H,,TotalInhibit,MoreThanAve,MoreThanAve,H,N1GtLIGt_4,Instability,Average,Average,HI,PartInhibit,,,H,XNIL,XNIL,SIG,,Stable,Average,,MarkedUpper,DryMMoistL,E_W_S,SigNegative,,NWQuad,LVorOther,E_NE
WeakUp,Neutral,StrongUp,WeakUp,WeakUp,Wet,,Neutral,Dry,,PC,Clear,Clear,Strong,Strong,Westerly,Strong,Strong,Weak,Some,LittleChange,LittleChange,WeakPos,LittleChange,SVR,Jul2_Jul15,F,CThruK,TotalInhibit,MoreThanAve,MoreThanAve,F,N1GtLIGt_4,,LessUnstable,LessUnstable,ACEFK,PartInhibit,,Slight,F,XNIL,,SVR,,Stable,VeryMoist,ModerateOrLe,OtherRapid,Other,Other,SigNegative,,LV,LVorOther,DenvCyclone
Neutral,Down,Down,Down,Down,Neutral,VeryWet,,,PC,Clear,PC,,Strong,Strong,Other,,Weak,Weak,Some,IncCapDecIns,Increasing,StrongPos,Increasing,SIG,,A,AB,PartInhibit,,MoreThanAve,ABI,,Instability,LessUnstable,Average,ACEFK,,Moderate,,,XNIL,XNIL,,Other,ModerateOrLe,VeryMoist,CloseToDryAd,MarkedUpper,DryMMoistL,DenvCyclone,SigNegative,QStationary,SWQuad,Westerly,DenvCyclone
StrongUp,StronUp,Neutral,StrongUp,StrongUp,Neutral,Dry,Neutral,Wet,,Clear,Clear,PC,Weak,,StrongWest,,Weak,Weak,Marked,,LittleChange,Neutral,Increasing,SIG,Jul16_Aug10,F,CThruK,TotalInhibit,,MoreThanAve,F,N1GtLIGt_4,Neutral,,Average,ACEFK,TotalInhibit,Weak,,F,XNIL,,SIG,HighEvrywher,ModerateOrLe,VeryMoist,Steep,NoMajor,Other,,PosToNeg,,AllElse,LVorOther,SEQuad
Neutral,Neutral,Neutral,Neutral,Neutral,Dry,Neutral,,Dry,PC,PC,PC,PC,Weak,Weak,Westerly,,Strong,Strong,Some,LittleChange,LittleChange,Neutral,LittleChange,SIG,Jul2_Jul15,E,CThruK,PartInhibit,Average,Average,CDEJ,N1GtLIGt_4,Stability,LessUnstable,,ACEFK,,Strong,Moderate,E,SVR,SIG,SIG,Other,ModerateOrLe,Dry,,NoMajor,MoistMDryL,,PosToNeg,,,LVorOther,WidespdDnsl
Neutral,,Down,Down,Down,Neutral,VeryWet,Neutral,Dry,Clear,Clear,Clear,Clear,Strong,Strong,,Strong,,Strong,,IncCapDecIns,Increasing,Negative,Decreasing,SVR,Aug11_Aug20,K,CThruK,PartInhibit,LessThanAve,Average,K,,Stability,MoreUnstable,LessUnstable,,PartInhibit,Strong,Strong,K,XNIL,XNIL,SVR,,,VeryMoist,,MarkedUpper,DryMMoistL,MovingFtorOt,PosToNeg,QStationary,,Westerly,DenvCyclone
Neutral,Neutral,Neutral,Neutral,Neutral,Neutral,Neutral,Dry,Neutral,Clear,PC,Clear,Clear,Strong,Strong,Other,Strong,Weak,Strong,Some,DecCapIncIns,Decreasing,Neutral,Decreasing,XNIL,Aug20_Sep15,D,CThruK,Stifling,Average,Average,CDEJ,N5GtLIGt_8,Instability,MoreUnstable,Average,D,,Moderate,Strong,D,SIG,,SIG,,CloseToDryAd,Dry,Steep,OtherRapid,Other,DryLine,SigNegative,Moving,SWQuad,Westerly,LongAnticyc
WeakUp,Down,,Down,Down,Neutral,,,Dry,Cloudy,,Cloudy,,Weak,Strong,StrongWest,,,,Marked,DecCapIncIns,Decreasing,,LittleChange,SIG,Jul2_Jul15,D,CThruK,PartInhibit,Average,LessThanAve,CDEJ,N1GtLIGt_4,Stability,Average,Average,,Stifling,Weak,,D,XNIL,XNIL,SIG,LowEvrywhere,Steep,Dry,CloseToDryAd,MarkedUpper,Other,Other,SigPositive,,SWQuad,Westerly,DenvCyclone
StrongUp,Neutral,Neutral,WeakUp,WeakUp,VeryWet,Dry,VeryWet,,PC,PC,PC,,,Weak,StrongWest,,Weak,Strong,,LittleChange,LittleChange,Neutral,,,May15_Jun14,I,CThruK,PartInhibit,,MoreThanAve,ABI,LIGt0,Neutral,LessUnstable,LessUnstable,HI,,,,I,,XNIL,SIG,,ModerateOrLe,Average,Steep,MarkedUpper,Other,Other,SigNegative,QStationary,AllElse,Westerly,DenvCyclone
,Neutral,,Neutral,,Neutral,VeryWet,Neutral,Neutral,Cloudy,PC,PC,,,Strong,DCVZFavor,,,Weak,,IncCapDecIns,Increasing,Negative,LittleChange,SVR,May15_Jun14,C,CThruK,,LessThanAve,Average,CDEJ,N1GtLIGt_4,Neutral,Average,Average,ACEFK,PartInhibit,Weak,,C,,XNIL,SVR,LowEvrywhere,CloseToDryAd,Dry,ModerateOrLe,,,E_W_S,PosToNeg,,NWQuad,LVorOther,
Neutral,,Neutral,Neutral,,Neutral,Neutral,Neutral,,PC,Clear,PC,PC,,Weak,Other,,Weak,Weak,,LittleChange,LittleChange,Neutral,,XNIL,Jul16_Aug10,,CThruK,Stifling,MoreThanAve,MoreThanAve,CDEJ,N5GtLIGt_8,Stability,Average,Average,ACEFK,Stifling,Weak,,C,XNIL,XNIL,XNIL,LowAtStation,CloseToDryAd,Average,Steep,MarkedUpper,DryMMoistL,E_W_N,,Other,LV,Westerly,LongAnticyc
WeakUp,Neutral,,Neutral,Neutral,VeryWet,VeryWet,VeryWet,,Clear,PC,PC,PC,Weak,Strong,StrongWest,Strong,,Strong,Marked,LittleChange,LittleChange,WeakPos,Increasing,XNIL,Jun15_Jul1,I,CThruK,PartInhibit,,LessThanAve,ABI,N1GtLIGt_4,Instability,MoreUnstable,MoreUnstable,HI,TotalInhibit,Moderate,,I,XNIL,XNIL,XNIL,LowSHighN,Steep,Dry,,NoMajor,,MovingFtorOt,SigNegative,QStationary,SWQuad,,
StrongUp,Neutral,StrongUp,WeakUp,WeakUp,Neutral,Neutral,Wet,VeryWet,Clear,,Clear,Clear,,,DCVZFavor,,,,,LittleChange,LittleChange,WeakPos,LittleChange,XNIL,Jun15_Jul1,G,CThruK,Stifling,MoreThanAve,MoreThanAve,G,,Neutral,Average,Average,GJ,PartInhibit,Weak,,G,XNIL,XNIL,XNIL,,CloseToDryAd,Dry,,NoMajor,Other,,PosToNeg,,NWQuad,LVorOther,LongAnticyc
StrongUp,Neutral,Neutral,WeakUp,WeakUp,Dry,,Wet,Wet,,PC,Cloudy,Cloudy,Strong,Strong,StrongWest,Strong,,Strong,,DecCapIncIns,Decreasing,,,SVR,Jul2_Jul15,G,CThruK,Stifling,Average,LessThanAve,G,N5GtLIGt_8,,MoreUnstable,MoreUnstable,GJ,Stifling,Weak,,,SIG,SIG,,LowAtStation,CloseToDryAd,,CloseToDryAd,OtherRapid,,,SigNegative,,AllElse,Westerly,WidespdDnsl
Neutral,Neutral,Down,Neutral,Neutral,Dry,Dry,Dry,Neutral,PC,Clear,Clear,Clear,,,StrongWest,Strong,Weak,Weak,Some,IncCapDecIns,Increasing,,Increasing,XNIL,Jul16_Aug10,F,CThruK,PartInhibit,Average,MoreThanAve,F,N5GtLIGt_8,Instability,,MoreUnstable,ACEFK,PartInhibit,Weak,Moderate,F,XNIL,XNIL,XNIL,,Steep,VeryMoist,ModerateOrLe,NoMajor,Other,,,,LV,LVorOther,LV
Down,StronUp,Neutral,Neutral,Neutral,Dry,Neutral,VeryWet,Wet,Clear,Clear,Clear,Clear,Weak,Strong,DCVZFavor,Weak,,Weak,Marked,LittleChange,LittleChange,StrongPos,Increasing,SVR,May15_Jun14,I,CThruK,,LessThanAve,LessThanAve,ABI,N1GtLIGt_4,Instability,Average,MoreUnstable,HI,,Weak,,,,XNIL,SVR,LowSHighN,Steep,VeryMoist,ModerateOrLe,,,E_W_N,SigNegative,,SWQuad,,E_NE
Neutral,StronUp,Neutral,WeakUp,WeakUp,,Neutral,Wet,Neutral,PC,PC,PC,PC,,,DCVZFavor,,Weak,Strong,,LittleChange,LittleChange,Negative,Decreasing,XNIL,Jul16_Aug10,D,CThruK,PartInhibit,LessThanAve,LessThanAve,CDEJ,,Instability,MoreUnstable,Average,D,Stifling,Unfavorable,,D,XNIL,XNIL,XNIL,,Stable,,Steep,OtherRapid,DryMMoistL,,SigNegative,,AllElse,LVorOther,SEQuad
WeakUp,Down,WeakUp,Neutral,Neutral,Wet,Neutral,Wet,Wet,PC,Clear,Clear,Clear,Weak,Strong,Other,,Weak,Strong,Some,DecCapIncIns,Decreasing,Neutral,LittleChange,SIG,,B,AB,,Average,,ABI,LILt_8,Neutral,MoreUnstable,MoreUnstable,,,Weak,Slight,B,XNIL,XNIL,SIG,LowMtsHighPl,,VeryMoist,Steep,OtherRapid,Other,,PosToNeg,QStationary,AllElse,LVorOther,E_NE
Down,StronUp,Neutral,Neutral,Neutral,,VeryWet,VeryWet,VeryWet,Clear,Clear,Clear,Clear,Weak,Strong,DCVZFavor,Weak,,Weak,,IncCapDecIns,Increasing,WeakPos,Increasing,SVR,,,CThruK,Stifling,Average,MoreThanAve,CDEJ,LIGt0,Instability,MoreUnstable,MoreUnstable,D,,Moderate,Moderate,D,XNIL,XNIL,SVR,LowAtStation,Steep,Dry,Steep,StrongFront,Other,DryLine,SigNegative,Moving,AllElse,Westerly,DenvCyclone
StrongUp,Neutral,StrongUp,StrongUp,StrongUp,Wet,Dry,Wet,VeryWet,,PC,PC,,Weak,Strong,StrongWest,Strong,Weak,,Marked,,Increasing,Negative,,XNIL,Aug20_Sep15,,CThruK,PartInhibit,Average,Average,CDEJ,N5GtLIGt_8,Neutral,LessUnstable,,D,PartInhibit,Moderate,Moderate,,XNIL,,XNIL,LowAtStation,CloseToDryAd,Dry,CloseToDryAd,OtherRapid,,,PosToNeg,Other,AllElse,Westerly,SEQuad
Down,Neutral,Down,Down,Down,Neutral,Wet,VeryWet,Wet,PC,Clear,PC,PC,Strong,Strong,Westerly,Strong,Weak,Strong,Some,IncCapDecIns,Increasing,StrongPos,,SVR,Aug20_Sep15,K,CThruK,PartInhibit,Average,MoreThanAve,K,N1GtLIGt_4,Stability,Average,MoreUnstable,ACEFK,Stifling,Moderate,,K,SVR,SVR,SVR,LowNHighS,Steep,Average,ModerateOrLe,MarkedUpper,DryMMoistL,,SigPositive,Moving,,LVorOther,
StrongUp,Neutral,,,,,VeryWet,VeryWet,,,,Cloudy,Cloudy,Strong,,,Strong,Weak,,Some,IncCapDecIns,Increasing,Neutral,Increasing,XNIL,May15_Jun14,I,CThruK,Stifling,Average,MoreThanAve,ABI,N5GtLIGt_8,Stability,Average,Average,HI,,,Moderate,I,SVR,SVR,SVR,LowSHighN,ModerateOrLe,VeryMoist,CloseToDryAd,OtherRapid,DryMMoistL,E_W_S,,QStationary,AllElse,LVorOther,LV
StrongUp,Neutral,Neutral,WeakUp,WeakUp,Neutral,,Neutral,Wet,PC,PC,PC,Cloudy,,,StrongWest,,,,,LittleChange,LittleChange,Neutral,LittleChange,XNIL,Jun15_Jul1,K,CThruK,TotalInhibit,Average,LessThanAve,K,N5GtLIGt_8,Stability,MoreUnstable,MoreUnstable,ACEFK,,Weak,,K,XNIL,XNIL,XNIL,Other,CloseToDryAd,Average,Steep,StrongFront,MoistMDryL,E_W_N,,,AllElse,Westerly,
Down,StronUp,Down,Down,Down,Wet,Neutral,,Dry,Clear,,PC,Clear,Weak,Weak,Westerly,Weak,,Weak,Some,LittleChange,LittleChange,,Decreasing,XNIL,Jul2_Jul15,,,Stifling,MoreThanAve,,,N1GtLIGt_4,Neutral,Average,LessUnstable,D,Stifling,Moderate,,,XNIL,XNIL,,HighEvrywher,CloseToDryAd,Average,Steep,OtherRapid,MoistMDryL,E_W_S,NegToPos,Moving,NWQuad,LVorOther,E_NE
StrongUp,,,StrongUp,StrongUp,Wet,Dry,Dry,,Clear,Clear,Clear,Cloudy,Weak,Weak,DCVZFavor,,,Weak,Some,DecCapIncIns,Decreasing,Neutral,LittleChange,XNIL,Aug20_Sep15,B,,PartInhibit,LessThanAve,LessThanAve,ABI,N1GtLIGt_4,Stability,,LessUnstable,B,PartInhibit,Moderate,,B,XNIL,,XNIL,LowMtsHighPl,ModerateOrLe,VeryMoist,Steep,NoMajor,DryMMoistL,DenvCyclone,NegToPos,Other,SWQuad,,
Neutral,,Neutral,Neutral,Neutral,VeryWet,Neutral,Wet,Wet,Clear,Cloudy,Clear,Clear,Strong,Strong,DCVZFavor,Weak,,Weak,Marked,,Decreasing,,,SVR,May15_Jun14,,CThruK,PartInhibit,MoreThanAve,Average,K,,Stability,LessUnstable,LessUnstable,ACEFK,,Moderate,Strong,K,SIG,SIG,SVR,LowSHighN,Steep,Dry,CloseToDryAd,StrongFront,DryMMoistL,Other,SigPositive,Other,AllElse,Westerly,SEQuad
StrongUp,Down,Down,,Down,Dry,VeryWet,VeryWet,Wet,PC,Clear,Clear,Clear,,Weak,Other,,,,Some,LittleChange,LittleChange,WeakPos,,,May15_Jun14,D,CThruK,,,LessThanAve,CDEJ,N1GtLIGt_4,Instability,MoreUnstable,MoreUnstable,D,,Strong,,D,,SVR,SVR,LowSHighN,,VeryMoist,Steep,MarkedUpper,Other,,,QStationary,SWQuad,Westerly,DenvCyclone
WeakUp,,Neutral,Neutral,,Dry,Wet,Dry,Neutral,,,PC,PC,Weak,Weak,DCVZFavor,,Strong,Weak,Some,,Increasing,StrongPos,Increasing,,Jul16_Aug10,E,CThruK,Stifling,MoreThanAve,MoreThanAve,CDEJ,N1GtLIGt_4,Stability,LessUnstable,,ACEFK,Stifling,Moderate,,E,XNIL,XNIL,SIG,,Steep,Dry,,NoMajor,MoistMDryL,,PosToNeg,QStationary,,LVorOther,DenvCyclone
Neutral,Neutral,Neutral,Neutral,Neutral,,Neutral,Wet,VeryWet,Clear,Clear,,Clear,Strong,Strong,DCVZFavor,Strong,,Weak,Marked,IncCapDecIns,Increasing,StrongPos,Increasing,SVR,,G,CThruK,PartInhibit,Average,Average,G,N1GtLIGt_4,Instability,MoreUnstable,,GJ,PartInhibit,Moderate,,,SIG,SIG,SVR,LowEvrywhere,CloseToDryAd,Dry,CloseToDryAd,MarkedUpper,,,SigPositive,,SWQuad,Westerly,LV
Neutral,StronUp,WeakUp,Neutral,Neutral,,,Wet,VeryWet,,PC,PC,PC,,,Other,,,,,IncCapDecIns,Increasing,,LittleChange,SIG,,J,,PartInhibit,Average,MoreThanAve,CDEJ,N1GtLIGt_4,,,Average,GJ,,Strong,Strong,J,,SIG,SIG,LowEvrywhere,CloseToDryAd,Average,CloseToDryAd,OtherRapid,DryMMoistL,DryLine,,Other,,LVorOther,LV
Neutral,WeakUp,WeakUp,WeakUp,WeakUp,Dry,Neutral,VeryWet,VeryWet,PC,Cloudy,Cloudy,Cloudy,Strong,Strong,,Weak,,,Marked,IncCapDecIns,Increasing,WeakPos,Increasing,SIG,Jul16_Aug10,C,CThruK,PartInhibit,Average,MoreThanAve,CDEJ,N1GtLIGt_4,Stability,LessUnstable,Average,ACEFK,,Unfavorable,,C,XNIL,XNIL,SIG,LowEvrywhere,Steep,Average,CloseToDryAd,NoMajor,MoistMDryL,,NegToPos,,LV,LVorOther,LongAnticyc
WeakUp,WeakUp,Neutral,,,Neutral,,Neutral,,Cloudy,Clear,Cloudy,Cloudy,Strong,Strong,,Strong,,Weak,Some,LittleChange,LittleChange,,Decreasing,,May15_Jun14,,CThruK,TotalInhibit,MoreThanAve,MoreThanAve,H,N1GtLIGt_4,,Average,,HI,PartInhibit,Moderate,,H,XNIL,XNIL,XNIL,LowMtsHighPl,Stable,Average,CloseToDryAd,MarkedUpper,DryMMoistL,,NegToPos,,SWQuad,Westerly,E_NE
,Neutral,Neutral,,Neutral,Dry,VeryWet,Wet,VeryWet,Clear,Cloudy,Clear,Clear,,,StrongWest,,Strong,,,,Decreasing,WeakPos,Increasing,XNIL,Jul16_Aug10,E,CThruK,Stifling,MoreThanAve,MoreThanAve,CDEJ,N1GtLIGt_4,,MoreUnstable,MoreUnstable,ACEFK,PartInhibit,Moderate,Slight,E,XNIL,XNIL,XNIL,LowAtStation,CloseToDryAd,,ModerateOrLe,NoMajor,MoistMDryL,,LittleChange,,SWQuad,Westerly,LV
StrongUp,,StrongUp,StrongUp,,,Dry,,VeryWet,Clear,PC,Clear,,,,StrongWest,,Weak,,,DecCapIncIns,Decreasing,StrongPos,Increasing,XNIL,May15_Jun14,A,AB,PartInhibit,LessThanAve,LessThanAve,ABI,N5GtLIGt_8,Neutral,Average,MoreUnstable,,,,,A,SVR,SVR,SVR,LowMtsHighPl,Steep,Average,CloseToDryAd,OtherRapid,,E_W_S,NegToPos,Other,SWQuad,Westerly,DenvCyclone
WeakUp,Neutral,Down,Down,Down,Neutral,Dry,,Dry,Clear,,Clear,,,Weak,Other,,,Weak,,LittleChange,LittleChange,Neutral,Decreasing,SIG,Jul16_Aug10,E,CThruK,,LessThanAve,,CDEJ,N1GtLIGt_4,,LessUnstable,LessUnstable,ACEFK,Stifling,Unfavorable,,E,SVR,SVR,SVR,LowMtsHighPl,Steep,Average,ModerateOrLe,NoMajor,MoistMDryL,Other,SigPositive,,SWQuad,,SEQuad
Neutral,WeakUp,Neutral,WeakUp,WeakUp,Neutral,Dry,Dry,Wet,PC,Cloudy,,Clear,Weak,Weak,Other,Weak,Weak,,,LittleChange,LittleChange,Negative,LittleChange,SIG,Jul16_Aug10,E,CThruK,PartInhibit,Average,LessThanAve,CDEJ,LILt_8,Neutral,MoreUnstable,MoreUnstable,ACEFK,,Moderate,Moderate,,SIG,,SIG,LowNHighS,CloseToDryAd,Average,Steep,NoMajor,MoistMDryL,E_W_N,SigNegative,,SWQuad,LVorOther,LV
Down,WeakUp,Down,Down,Down,Neutral,VeryWet,Wet,VeryWet,Clear,PC,,Clear,Strong,Strong,Other,Weak,,Weak,,LittleChange,LittleChange,StrongPos,Increasing,SVR,,A,AB,PartInhibit,Average,Average,ABI,,Instability,MoreUnstable,MoreUnstable,ACEFK,,Moderate,Slight,A,SVR,SVR,SVR,HighEvrywher,Steep,Average,Steep,OtherRapid,Other,E_W_S,SigNegative,Other,SWQuad,LVorOther,DenvCyclone
Neutral,StronUp,Neutral,StrongUp,StrongUp,Neutral,Neutral,Wet,VeryWet,Clear,PC,Clear,PC,Weak,Strong,Westerly,Weak,Weak,Strong,Marked,IncCapDecIns,Increasing,WeakPos,Increasing,,Jul2_Jul15,A,AB,PartInhibit,LessThanAve,LessThanAve,ABI,N5GtLIGt_8,Neutral,MoreUnstable,MoreUnstable,ACEFK,,Strong,,A,,SVR,SVR,HighEvrywher,ModerateOrLe,VeryMoist,CloseToDryAd,,Other,,SigNegative,Other,,Westerly,LV
Neutral,Neutral,Neutral,Neutral,Neutral,Dry,Neutral,Wet,Neutral,PC,Cloudy,Cloudy,Cloudy,Strong,Strong,Other,,,,Some,LittleChange,LittleChange,Neutral,LittleChange,XNIL,Jun15_Jul1,K,CThruK,TotalInhibit,MoreThanAve,MoreThanAve,K,,Stability,LessUnstable,LessUnstable,ACEFK,,Weak,Slight,K,XNIL,XNIL,XNIL,LowSHighN,ModerateOrLe,Dry,,MarkedUpper,Other,,NegToPos,,NWQuad,Westerly,WidespdDnsl
StrongUp,Neutral,Neutral,Neutral,Neutral,Neutral,Neutral,Neutral,Neutral,,Cloudy,Cloudy,Cloudy,Strong,Strong,DCVZFavor,,,Strong,Marked,IncCapDecIns,Increasing,Neutral,Increasing,SIG,May15_Jun14,K,CThruK,PartInhibit,Average,MoreThanAve,K,LIGt0,Instability,Average,,,PartInhibit,Moderate,,K,XNIL,,SIG,LowEvrywhere,,Dry,ModerateOrLe,StrongFront,DryMMoistL,,SigNegative,Moving,AllElse,,WidespdDnsl
StrongUp,Neutral,Down,StrongUp,,Dry,Dry,VeryWet,VeryWet,Clear,Clear,Clear,Clear,Strong,Strong,,Strong,,,Marked,,Increasing,Negative,LittleChange,SIG,,I,CThruK,,Average,MoreThanAve,,N1GtLIGt_4,,LessUnstable,LessUnstable,HI,PartInhibit,Weak,,,SIG,SIG,SIG,Other,Stable,VeryMoist,CloseToDryAd,MarkedUpper,Other,DenvCyclone,SigNegative,QStationary,LV,LVorOther,DenvCyclone
StrongUp,Neutral,StrongUp,StrongUp,StrongUp,Wet,Wet,,VeryWet,,PC,Clear,Cloudy,Weak,Strong,,,Weak,Strong,Marked,IncCapDecIns,Increasing,Neutral,Decreasing,SIG,Aug20_Sep15,J,CThruK,Stifling,,Average,CDEJ,N1GtLIGt_4,Neutral,MoreUnstable,Average,GJ,,Weak,Moderate,J,SVR,,SVR,LowSHighN,,Average,ModerateOrLe,,DryMMoistL,,LittleChange,Other,LV,,DenvCyclone
WeakUp,WeakUp,,Neutral,Neutral,Neutral,Neutral,Neutral,Neutral,PC,PC,PC,PC,Weak,,,Weak,Weak,Weak,Marked,LittleChange,LittleChange,StrongPos,Increasing,SVR,Jul16_Aug10,J,CThruK,PartInhibit,Average,Average,CDEJ,N1GtLIGt_4,,LessUnstable,Average,GJ,PartInhibit,Unfavorable,,J,XNIL,XNIL,SVR,LowSHighN,Steep,Dry,,NoMajor,MoistMDryL,,LittleChange,Other,LV,LVorOther,SEQuad
Neutral,StronUp,,WeakUp,WeakUp,Dry,Dry,,Wet,PC,Clear,,PC,Strong,,Other,,,,,,Increasing,Neutral,,SIG,May15_Jun14,G,CThruK,PartInhibit,Average,,G,N1GtLIGt_4,Neutral,Average,Average,GJ,,Unfavorable,,,XNIL,XNIL,SIG,LowEvrywhere,CloseToDryAd,Dry,CloseToDryAd,MarkedUpper,,DryLine,SigPositive,,SWQuad,LVorOther,LongAnticyc
Down,Neutral,Down,,,VeryWet,,VeryWet,Wet,Clear,Cloudy,Cloudy,Cloudy,Strong,Strong,Westerly,Strong,,Strong,Some,LittleChange,LittleChange,Neutral,LittleChange,SIG,Jul16_Aug10,A,,PartInhibit,LessThanAve,LessThanAve,ABI,N1GtLIGt_4,Instability,LessUnstable,LessUnstable,ACEFK,PartInhibit,Moderate,,A,SIG,SIG,SIG,,Stable,Average,CloseToDryAd,StrongFront,,,NegToPos,Other,SWQuad,Westerly,DenvCyclone
StrongUp,Neutral,Down,Neutral,Neutral,VeryWet,Neutral,Wet,Wet,Clear,PC,PC,PC,Weak,Weak,Westerly,,Weak,,Some,DecCapIncIns,Decreasing,Negative,Decreasing,XNIL,Jul2_Jul15,D,CThruK,,Average,,CDEJ,N1GtLIGt_4,Stability,Average,LessUnstable,D,TotalInhibit,Strong,Slight,D,XNIL,XNIL,,LowEvrywhere,CloseToDryAd,Average,CloseToDryAd,OtherRapid,Other,,PosToNeg,Moving,AllElse,Westerly,WidespdDnsl
Neutral,Neutral,Neutral,Neutral,Neutral,Dry,Wet,VeryWet,VeryWet,PC,Clear,PC,,Weak,Weak,,,Strong,,Some,IncCapDecIns,Increasing,WeakPos,,SIG,Aug20_Sep15,,AB,PartInhibit,LessThanAve,LessThanAve,,N1GtLIGt_4,Stability,LessUnstable,Average,ACEFK,,Weak,Slight,A,SIG,SIG,,,ModerateOrLe,,Steep,,DryMMoistL,DenvCyclone,SigNegative,Other,SWQuad,,SEQuad
WeakUp,WeakUp,Neutral,WeakUp,WeakUp,Neutral,VeryWet,Wet,Neutral,PC,,PC,PC,,,Other,,,Weak,,DecCapIncIns,Decreasing,WeakPos,,XNIL,Jul2_Jul15,H,CThruK,PartInhibit,,LessThanAve,H,,,MoreUnstable,MoreUnstable,HI,PartInhibit,,Moderate,H,SIG,SIG,SIG,LowMtsHighPl,ModerateOrLe,Average,Steep,NoMajor,Other,E_W_N,PosToNeg,,SWQuad,Westerly,E_NE
,Neutral,Down,Neutral,Neutral,Wet,Dry,Neutral,Dry,PC,PC,PC,,Weak,Strong,,Strong,Weak,Strong,,IncCapDecIns,Increasing,StrongPos,LittleChange,,Jul2_Jul15,,CThruK,Stifling,MoreThanAve,MoreThanAve,CDEJ,LIGt0,Neutral,LessUnstable,LessUnstable,,,Moderate,Strong,E,,XNIL,SIG,LowNHighS,CloseToDryAd,,ModerateOrLe,OtherRapid,Other,,SigPositive,,AllElse,Westerly,WidespdDnsl
Down,Neutral,Neutral,Neutral,,Dry,,Neutral,Neutral,PC,PC,PC,PC,Weak,Strong,Westerly,,Weak,Strong,,,LittleChange,Neutral,LittleChange,SIG,Jun15_Jul1,B,AB,PartInhibit,,LessThanAve,ABI,,Stability,LessUnstable,LessUnstable,B,PartInhibit,Moderate,Strong,B,SIG,SIG,SIG,LowSHighN,Steep,,ModerateOrLe,OtherRapid,DryMMoistL,DenvCyclone,PosToNeg,Other,,Westerly,DenvCyclone
WeakUp,,WeakUp,,Neutral,VeryWet,Dry,Wet,Wet,PC,PC,PC,PC,Weak,Weak,StrongWest,Weak,,Weak,Some,LittleChange,LittleChange,Neutral,LittleChange,SIG,Jun15_Jul1,K,CThruK,Stifling,,Average,K,N1GtLIGt_4,Stability,LessUnstable,LessUnstable,ACEFK,PartInhibit,Moderate,Slight,K,XNIL,XNIL,SIG,HighEvrywher,Stable,,,StrongFront,MoistMDryL,,SigNegative,QStationary,SWQuad,Westerly,SEQuad
Neutral,Neutral,Neutral,Neutral,Neutral,Wet,Neutral,Wet,Wet,PC,,PC,PC,,Weak,,Weak,Weak,Weak,Some,LittleChange,LittleChange,StrongPos,Increasing,XNIL,Jul2_Jul15,B,AB,,LessThanAve,LessThanAve,ABI,N1GtLIGt_4,,MoreUnstable,,B,PartInhibit,Moderate,Moderate,B,SVR,SVR,SVR,,ModerateOrLe,,ModerateOrLe,NoMajor,DryMMoistL,DenvCyclone,SigNegative,Other,AllElse,LVorOther,SEQuad
Neutral,WeakUp,Neutral,Neutral,Neutral,,Neutral,,VeryWet,PC,PC,PC,PC,,Weak,,Strong,Weak,Strong,Some,LittleChange,LittleChange,Neutral,Decreasing,SIG,Jul16_Aug10,J,,PartInhibit,,LessThanAve,,N5GtLIGt_8,Stability,MoreUnstable,Average,GJ,PartInhibit,Moderate,Slight,J,XNIL,XNIL,SIG,Other,Stable,Dry,Steep,NoMajor,,DryLine,LittleChange,,LV,LVorOther,DenvCyclone
StrongUp,Neutral,StrongUp,StrongUp,StrongUp,Neutral,Wet,Neutral,Neutral,Clear,,Clear,Clear,Weak,Strong,DCVZFavor,Strong,,Strong,Marked,LittleChange,LittleChange,Neutral,LittleChange,SIG,Aug20_Sep15,B,AB,PartInhibit,LessThanAve,LessThanAve,ABI,N1GtLIGt_4,Instability,Average,LessUnstable,B,,,Strong,B,,XNIL,SIG,,,Dry,,NoMajor,Other,DenvCyclone,LittleChange,Other,AllElse,LVorOther,E_NE
WeakUp,StronUp,Neutral,Neutral,Neutral,Dry,,Dry,Dry,,PC,PC,,,Weak,,Strong,Weak,Weak,,DecCapIncIns,Decreasing,Neutral,Increasing,,Jul16_Aug10,,CThruK,PartInhibit,LessThanAve,LessThanAve,CDEJ,N1GtLIGt_4,Neutral,Average,MoreUnstable,GJ,,,Strong,J,SVR,SVR,SVR,LowMtsHighPl,ModerateOrLe,Average,Steep,NoMajor,,E_W_N,LittleChange,,AllElse,,LV
Neutral,Neutral,,Neutral,Neutral,Neutral,Wet,VeryWet,VeryWet,,Cloudy,,PC,Strong,Strong,Westerly,Strong,,Weak,Marked,LittleChange,LittleChange,Neutral,LittleChange,,May15_Jun14,,AB,,LessThanAve,LessThanAve,ABI,N5GtLIGt_8,Instability,,MoreUnstable,ACEFK,,Weak,Slight,A,SVR,SVR,SVR,HighEvrywher,Stable,Average,Steep,MarkedUpper,DryMMoistL,DenvCyclone,,QStationary,SWQuad,LVorOther,DenvCyclone
Neutral,Neutral,Down,Down,Down,Neutral,Dry,Neutral,Dry,Cloudy,Cloudy,Cloudy,PC,,,Westerly,,,,,IncCapDecIns,Increasing,Negative,Decreasing,XNIL,May15_Jun14,G,CThruK,,LessThanAve,LessThanAve,G,N5GtLIGt_8,Stability,Average,LessUnstable,GJ,PartInhibit,Unfavorable,,G,XNIL,XNIL,XNIL,,CloseToDryAd,Dry,CloseToDryAd,MarkedUpper,,DryLine,LittleChange,Other,,LVorOther,WidespdDnsl
StrongUp,Neutral,Neutral,StrongUp,StrongUp,Wet,VeryWet,VeryWet,VeryWet,PC,Cloudy,PC,,Weak,Strong,,Strong,,Strong,Marked,DecCapIncIns,Decreasing,WeakPos,Decreasing,,May15_Jun14,C,CThruK,PartInhibit,Average,LessThanAve,CDEJ,,Instability,MoreUnstable,Average,ACEFK,,Strong,Strong,C,XNIL,XNIL,,LowEvrywhere,,Average,CloseToDryAd,MarkedUpper,Other,E_W_S,NegToPos,Moving,NWQuad,Westerly,LongAnticyc
StrongUp,Neutral,StrongUp,WeakUp,WeakUp,Neutral,Wet,Wet,VeryWet,,PC,PC,Cloudy,Strong,Strong,Other,,,,,LittleChange,LittleChange,,Increasing,SIG,Aug20_Sep15,C,CThruK,Stifling,MoreThanAve,MoreThanAve,CDEJ,LIGt0,Stability,,MoreUnstable,,,Weak,Moderate,C,SIG,,SIG,LowAtStation,Steep,Dry,Steep,OtherRapid,Other,,PosToNeg,Other,NWQuad,Westerly,LongAnticyc
WeakUp,Down,Neutral,Down,Down,Wet,Neutral,Neutral,,PC,Clear,PC,,Weak,Weak,Westerly,,Weak,Strong,,LittleChange,LittleChange,,LittleChange,XNIL,May15_Jun14,K,CThruK,PartInhibit,LessThanAve,LessThanAve,K,N1GtLIGt_4,Neutral,MoreUnstable,,,Stifling,Weak,,,XNIL,XNIL,XNIL,LowSHighN,ModerateOrLe,Average,,MarkedUpper,DryMMoistL,,SigPositive,,,LVorOther,E_NE
Neutral,,Down,,Neutral,Neutral,Wet,Neutral,Neutral,PC,Clear,Clear,Clear,Weak,Weak,Westerly,Weak,Weak,Weak,Some,DecCapIncIns,Decreasing,WeakPos,Decreasing,SIG,May15_Jun14,E,CThruK,Stifling,MoreThanAve,MoreThanAve,CDEJ,,Instability,MoreUnstable,,ACEFK,,,Slight,,SVR,SVR,SVR,LowNHighS,Steep,Average,ModerateOrLe,NoMajor,MoistMDryL,DryLine,LittleChange,,SWQuad,,LV
Down,Neutral,,Neutral,,Dry,,Neutral,Neutral,Clear,Clear,Clear,Clear,Weak,Weak,,,,Weak,,LittleChange,LittleChange,Negative,Decreasing,,May15_Jun14,I,CThruK,PartInhibit,Average,Average,ABI,N1GtLIGt_4,Stability,LessUnstable,LessUnstable,HI,,,,I,XNIL,XNIL,XNIL,LowMtsHighPl,Steep,Dry,,NoMajor,Other,E_W_S,PosToNeg,Moving,LV,Westerly,LongAnticyc
