N0_7muVerMo,SubjVertMo,QGVertMotion,CombVerMo,AreaMeso_ALS,SatContMoist,RaoContMoist,CombMoisture,AreaMoDryAir,VISCloudCov,IRCloudCover,CombClouds,CldShadeOth,AMInstabMt,InsInMt,WndHodograph,OutflowFrMt,MorningBound,Boundaries,CldShadeConv,CompPlFcst,CapChange,LoLevMoistAd,InsChange,MountainFcst,Date,Scenario,ScenRelAMCIN,MorningCIN,AMCINInScen,CapInScen,ScenRelAMIns,LIfr12ZDENSd,AMDewptCalPl,AMInsWliScen,InsSclInScen,ScenRel3_4,LatestCIN,LLIW,CurPropConv,ScnRelPlFcst,PlainsFcst,N34StarFcst,R5Fcst,Dewpoints,LowLLapse,MeanRH,MidLLapse,MvmtFeatures,RHRatio,SfcWndShfDis,SynForcng,TempDis,WindAloft,WindFieldMt,WindFieldPln
Down,Neutral,WeakUp,Down,Down,VeryWet,Wet,Wet,Wet,,,,Cloudy,,,StrongWest,,,,,,Increasing,,LittleChange,XNIL,Jul16_Aug10,H,,PartInhibit,LessThanAve,MoreThanAve,H,N5GtLIGt_8,Instability,MoreUnstable,MoreUnstable,,,Weak,Moderate,H,,SIG,,LowMtsHighPl,,VeryMoist,ModerateOrLe,MarkedUpper,DryMMoistL,,SigNegative,,,Westerly,SEQuad
WeakUp,Neutral,WeakUp,WeakUp,,Dry,VeryWet,Neutral,,Clear,PC,Clear,PC,Weak,Weak,DCVZFavor,,,Weak,,IncCapDecIns,Increasing,Neutral,LittleChange,XNIL,Jul2_Jul15,B,AB,,,MoreThanAve,,N5GtLIGt_8,Neutral,Average,Average,,,Moderate,Slight,,XNIL,XNIL,XNIL,LowAtStation,ModerateOrLe,,Steep,OtherRapid,MoistMDryL,E_W_N,LittleChange,Other,NWQuad,LVorOther,SEQuad
,,WeakUp,StrongUp,StrongUp,VeryWet,,VeryWet,VeryWet,,,,,Strong,,Other,,Strong,,,DecCapIncIns,Decreasing,Neutral,,SVR,Jul16_Aug10,,CThruK,PartInhibit,,LessThanAve,CDEJ,N5GtLIGt_8,Instability,MoreUnstable,Average,,,Weak,,D,SIG,SIG,SVR,LowAtStation,,Average,,MarkedUpper,Other,,SigNegative,,NWQuad,LVorOther,SEQuad
StrongUp,Down,StrongUp,StrongUp,StrongUp,Dry,,,VeryWet,PC,,Cloudy,Cloudy,,,Westerly,Weak,,,,,Increasing,Neutral,Increasing,,Aug20_Sep15,I,,PartInhibit,Average,MoreThanAve,ABI,,Stability,LessUnstable,MoreUnstable,,,Moderate,Moderate,,SVR,SVR,SVR,LowSHighN,ModerateOrLe,Dry,CloseToDryAd,StrongFront,DryMMoistL,E_W_S,,QStationary,LV,Westerly,LV
Down,Down,Neutral,,,Neutral,VeryWet,VeryWet,VeryWet,Clear,,,Clear,Weak,Strong,Other,Weak,Weak,Weak,Some,IncCapDecIns,Increasing,WeakPos,Increasing,SIG,Jul16_Aug10,C,,PartInhibit,LessThanAve,Average,CDEJ,N1GtLIGt_4,Neutral,Average,MoreUnstable,ACEFK,,Moderate,Strong,C,SIG,SIG,SIG,LowMtsHighPl,CloseToDryAd,Average,Steep,OtherRapid,MoistMDryL,E_W_N,LittleChange,Other,NWQuad,Westerly,LongAnticyc
,Neutral,WeakUp,Down,Down,Wet,VeryWet,VeryWet,,PC,Clear,,,Strong,Strong,Westerly,Strong,,Weak,Some,LittleChange,LittleChange,,,SIG,Jul2_Jul15,C,CThruK,TotalInhibit,MoreThanAve,,CDEJ,N5GtLIGt_8,Neutral,,Average,ACEFK,,Moderate,Moderate,C,,SVR,SVR,LowEvrywhere,Steep,VeryMoist,,MarkedUpper,MoistMDryL,E_W_N,,Other,NWQuad,Westerly,LongAnticyc
,Neutral,Down,Neutral,Neutral,Dry,Wet,Dry,,,Cloudy,PC,PC,,,Westerly,,Strong,Weak,,LittleChange,LittleChange,WeakPos,Decreasing,XNIL,Aug20_Sep15,J,CThruK,PartInhibit,Average,Average,CDEJ,N5GtLIGt_8,,Average,LessUnstable,GJ,Stifling,Weak,,J,XNIL,XNIL,XNIL,LowNHighS,ModerateOrLe,,CloseToDryAd,NoMajor,MoistMDryL,,LittleChange,,LV,LVorOther,LongAnticyc
StrongUp,WeakUp,Neutral,Neutral,Neutral,,Neutral,Neutral,Neutral,PC,,PC,,Strong,Strong,Westerly,,Weak,Weak,Marked,IncCapDecIns,Increasing,StrongPos,Increasing,SVR,,,CThruK,PartInhibit,Average,MoreThanAve,,,,LessUnstable,Average,ACEFK,PartInhibit,Weak,Slight,C,SIG,SIG,SVR,LowEvrywhere,Steep,,ModerateOrLe,MarkedUpper,Other,E_W_N,,Other,AllElse,,LongAnticyc
WeakUp,,,Neutral,Neutral,,Neutral,VeryWet,,Clear,,,Clear,Strong,Strong,StrongWest,Strong,,Weak,,DecCapIncIns,Decreasing,,Decreasing,SIG,Jun15_Jul1,,,,MoreThanAve,,,,Instability,MoreUnstable,Average,ACEFK,,Moderate,Strong,,SVR,SVR,SVR,,CloseToDryAd,Average,Steep,OtherRapid,MoistMDryL,MovingFtorOt,,,SWQuad,Westerly,LV
Down,Neutral,Neutral,Neutral,,,,,Wet,Clear,Clear,,Clear,Strong,Strong,,,,,Some,DecCapIncIns,Decreasing,,Increasing,SIG,Aug20_Sep15,D,CThruK,PartInhibit,Average,LessThanAve,CDEJ,N5GtLIGt_8,Instability,,Average,D,PartInhibit,,Moderate,D,XNIL,XNIL,SIG,Other,ModerateOrLe,Average,,,Other,,,,SWQuad,Westerly,WidespdDnsl
Neutral,Neutral,WeakUp,Neutral,,Dry,,Neutral,Neutral,,Cloudy,Cloudy,Cloudy,Weak,Weak,,,Weak,Weak,,IncCapDecIns,Increasing,StrongPos,Increasing,XNIL,May15_Jun14,I,CThruK,,Average,MoreThanAve,ABI,N1GtLIGt_4,Instability,,MoreUnstable,HI,PartInhibit,Moderate,,I,SIG,SIG,SIG,LowMtsHighPl,ModerateOrLe,Average,Steep,NoMajor,,Other,,,AllElse,LVorOther,LV
Neutral,Down,Neutral,Down,Down,Wet,Neutral,Neutral,Dry,Clear,Clear,Clear,Clear,,,Westerly,,,,,LittleChange,LittleChange,,Decreasing,XNIL,May15_Jun14,B,AB,PartInhibit,LessThanAve,LessThanAve,ABI,,Instability,LessUnstable,LessUnstable,B,Stifling,,,B,,SIG,SIG,LowMtsHighPl,,Average,ModerateOrLe,NoMajor,DryMMoistL,DenvCyclone,LittleChange,,SWQuad,LVorOther,DenvCyclone
Neutral,Neutral,StrongUp,WeakUp,WeakUp,Dry,Neutral,Wet,Neutral,Clear,PC,Clear,Clear,Strong,Strong,StrongWest,,Weak,Strong,Some,LittleChange,,,Increasing,SVR,Jul16_Aug10,B,AB,PartInhibit,LessThanAve,,,N1GtLIGt_4,Neutral,,Average,B,PartInhibit,Moderate,,B,XNIL,XNIL,SVR,LowEvrywhere,Stable,VeryMoist,ModerateOrLe,MarkedUpper,,DenvCyclone,PosToNeg,,,Westerly,DenvCyclone
StrongUp,Neutral,WeakUp,WeakUp,WeakUp,Wet,Neutral,Wet,VeryWet,PC,Clear,PC,PC,,Strong,Westerly,Strong,,Strong,Marked,,LittleChange,StrongPos,Increasing,,May15_Jun14,K,CThruK,,,Average,K,LIGt0,,LessUnstable,MoreUnstable,ACEFK,PartInhibit,Strong,Moderate,K,XNIL,XNIL,SVR,LowSHighN,,Dry,ModerateOrLe,StrongFront,DryMMoistL,MovingFtorOt,SigNegative,Moving,,,WidespdDnsl
WeakUp,Neutral,Down,WeakUp,WeakUp,VeryWet,Neutral,,,,Clear,Clear,Clear,,Weak,,Weak,,,Some,DecCapIncIns,Decreasing,Negative,Decreasing,SIG,Aug20_Sep15,D,CThruK,,,LessThanAve,CDEJ,,Stability,Average,LessUnstable,D,,Weak,,D,SIG,,SIG,HighEvrywher,CloseToDryAd,Average,Steep,StrongFront,Other,DenvCyclone,,Other,AllElse,LVorOther,DenvCyclone
Neutral,Down,Neutral,Neutral,Neutral,,Neutral,Neutral,Wet,PC,PC,PC,,,Strong,,,,,,DecCapIncIns,Decreasing,WeakPos,,SIG,May15_Jun14,H,,PartInhibit,Average,LessThanAve,H,N1GtLIGt_4,,,Average,,Stifling,Strong,Slight,H,XNIL,XNIL,SIG,,,,,MarkedUpper,DryMMoistL,Other,SigNegative,,LV,LVorOther,E_NE
WeakUp,StronUp,Neutral,Neutral,,Neutral,,Neutral,Neutral,Cloudy,,PC,PC,,,Other,,,Weak,,LittleChange,LittleChange,,Increasing,XNIL,,K,,,LessThanAve,LessThanAve,K,N1GtLIGt_4,Instability,MoreUnstable,,ACEFK,,Strong,Strong,K,XNIL,SIG,SIG,Other,Steep,Average,ModerateOrLe,,Other,,PosToNeg,Moving,AllElse,Westerly,
Down,,Neutral,Neutral,Neutral,Dry,,VeryWet,VeryWet,PC,PC,,Clear,,Weak,StrongWest,Strong,Weak,,,DecCapIncIns,Decreasing,WeakPos,Increasing,XNIL,May15_Jun14,,AB,PartInhibit,LessThanAve,LessThanAve,ABI,LIGt0,Stability,LessUnstable,MoreUnstable,ACEFK,,Unfavorable,,A,,SVR,SVR,HighEvrywher,Stable,Average,ModerateOrLe,StrongFront,DryMMoistL,DenvCyclone,SigNegative,Other,SWQuad,LVorOther,
,Neutral,Down,Neutral,Neutral,Wet,Dry,Dry,Dry,Clear,Cloudy,PC,PC,,Strong,,Strong,,Strong,Marked,,Decreasing,Negative,Decreasing,SVR,Jul2_Jul15,K,,Stifling,MoreThanAve,MoreThanAve,K,N1GtLIGt_4,Stability,MoreUnstable,MoreUnstable,ACEFK,PartInhibit,Weak,Slight,K,,SVR,SVR,HighEvrywher,ModerateOrLe,Average,Steep,MarkedUpper,DryMMoistL,MovingFtorOt,,,AllElse,LVorOther,WidespdDnsl
,Neutral,Neutral,WeakUp,WeakUp,Neutral,Neutral,Wet,Wet,Cloudy,,Cloudy,PC,Strong,Strong,StrongWest,Strong,Strong,,Marked,IncCapDecIns,Increasing,WeakPos,Increasing,XNIL,,C,CThruK,Stifling,,MoreThanAve,CDEJ,N5GtLIGt_8,,MoreUnstable,MoreUnstable,ACEFK,Stifling,Weak,,C,XNIL,XNIL,XNIL,,Steep,Dry,ModerateOrLe,MarkedUpper,MoistMDryL,E_W_N,LittleChange,,,Westerly,LongAnticyc
,Neutral,StrongUp,WeakUp,WeakUp,Neutral,,Neutral,Wet,Clear,PC,Clear,Clear,,,StrongWest,,,,,LittleChange,LittleChange,WeakPos,LittleChange,,May15_Jun14,,AB,,LessThanAve,,ABI,LILt_8,,,MoreUnstable,B,,Moderate,Moderate,B,SVR,SVR,SVR,HighEvrywher,,,Steep,NoMajor,DryMMoistL,DenvCyclone,SigNegative,,,LVorOther,DenvCyclone
WeakUp,,Neutral,,WeakUp,Neutral,,,Neutral,PC,Clear,,Clear,,Weak,DCVZFavor,Weak,Weak,,Some,DecCapIncIns,Decreasing,Neutral,Decreasing,XNIL,Jul2_Jul15,E,CThruK,TotalInhibit,Average,LessThanAve,,N1GtLIGt_4,Stability,LessUnstable,,ACEFK,PartInhibit,Moderate,Moderate,E,XNIL,,XNIL,HighEvrywher,CloseToDryAd,,,,,,NegToPos,,SWQuad,Westerly,LV
WeakUp,Neutral,Down,Down,Down,VeryWet,Dry,VeryWet,Wet,PC,Cloudy,,PC,Strong,Strong,Westerly,Strong,,Strong,Marked,IncCapDecIns,,Neutral,Increasing,SVR,Aug20_Sep15,C,CThruK,PartInhibit,MoreThanAve,MoreThanAve,CDEJ,,Stability,LessUnstable,LessUnstable,ACEFK,,Moderate,Strong,C,SIG,SIG,SVR,LowEvrywhere,Steep,Average,ModerateOrLe,OtherRapid,,E_W_N,NegToPos,,NWQuad,LVorOther,WidespdDnsl
Neutral,,WeakUp,Neutral,Neutral,,Wet,Neutral,Neutral,Clear,PC,Clear,Clear,,,,Weak,Weak,Weak,,IncCapDecIns,,Neutral,LittleChange,XNIL,May15_Jun14,K,CThruK,Stifling,MoreThanAve,MoreThanAve,K,N1GtLIGt_4,Instability,,MoreUnstable,ACEFK,,Moderate,Strong,K,XNIL,XNIL,,LowAtStation,Steep,Dry,,StrongFront,,MovingFtorOt,SigPositive,Moving,NWQuad,Westerly,SEQuad
,Neutral,Neutral,Neutral,Neutral,Dry,Neutral,VeryWet,VeryWet,PC,Clear,PC,PC,,,Westerly,,,,,IncCapDecIns,Increasing,Negative,Decreasing,XNIL,Jul16_Aug10,B,AB,Stifling,Average,MoreThanAve,ABI,N1GtLIGt_4,Stability,LessUnstable,LessUnstable,B,,Strong,Strong,B,XNIL,XNIL,XNIL,LowNHighS,Stable,Dry,CloseToDryAd,OtherRapid,,,,,NWQuad,,E_NE
,,StrongUp,StrongUp,StrongUp,Wet,VeryWet,VeryWet,VeryWet,PC,Clear,PC,PC,,Weak,DCVZFavor,,,,,DecCapIncIns,Decreasing,Negative,Decreasing,,May15_Jun14,A,AB,Stifling,Average,Average,ABI,LILt_8,Neutral,Average,LessUnstable,ACEFK,Stifling,Strong,Moderate,A,XNIL,XNIL,XNIL,LowMtsHighPl,ModerateOrLe,Dry,Steep,MarkedUpper,DryMMoistL,DenvCyclone,PosToNeg,Other,SWQuad,Westerly,
WeakUp,Down,WeakUp,Neutral,,Wet,Neutral,Dry,Dry,Clear,Clear,Clear,Clear,,Weak,Westerly,Weak,Weak,Weak,,DecCapIncIns,Decreasing,Negative,,XNIL,,B,AB,,LessThanAve,LessThanAve,,N5GtLIGt_8,Stability,,LessUnstable,B,PartInhibit,,Moderate,B,XNIL,XNIL,XNIL,LowMtsHighPl,Stable,VeryMoist,CloseToDryAd,,DryMMoistL,MovingFtorOt,LittleChange,Other,SWQuad,LVorOther,
WeakUp,Neutral,Neutral,Neutral,Neutral,Wet,Neutral,Dry,,Clear,Clear,Clear,Clear,,,Other,,,Weak,,,LittleChange,Neutral,Decreasing,XNIL,Jul2_Jul15,C,CThruK,Stifling,Average,Average,,,Instability,LessUnstable,LessUnstable,ACEFK,PartInhibit,,,C,XNIL,,XNIL,LowAtStation,,Average,Steep,MarkedUpper,MoistMDryL,E_W_N,SigPositive,Other,AllElse,Westerly,LongAnticyc
Neutral,,StrongUp,Neutral,,Dry,Dry,Dry,Dry,Clear,Clear,Clear,Clear,,,DCVZFavor,,,Strong,,,,,Increasing,XNIL,Jul2_Jul15,E,CThruK,PartInhibit,LessThanAve,,CDEJ,,Neutral,MoreUnstable,MoreUnstable,ACEFK,PartInhibit,Moderate,,E,SIG,SIG,SIG,,ModerateOrLe,Dry,ModerateOrLe,NoMajor,Other,,LittleChange,,LV,Westerly,WidespdDnsl
Neutral,StronUp,,Down,,Dry,,Dry,Dry,Clear,PC,Clear,Clear,,,Other,,,Weak,,IncCapDecIns,Increasing,Negative,Decreasing,,May15_Jun14,,CThruK,,MoreThanAve,MoreThanAve,ABI,N1GtLIGt_4,Stability,Average,Average,HI,PartInhibit,Moderate,Slight,I,SVR,SVR,SVR,LowSHighN,ModerateOrLe,Average,CloseToDryAd,MarkedUpper,,DryLine,LittleChange,QStationary,NWQuad,,DenvCyclone
Down,Down,,Down,Down,Dry,Neutral,VeryWet,Wet,Clear,Cloudy,Cloudy,,Strong,Strong,Westerly,Strong,Strong,Weak,Marked,IncCapDecIns,Increasing,StrongPos,Increasing,,Jun15_Jul1,I,CThruK,PartInhibit,Average,Average,ABI,N5GtLIGt_8,Instability,MoreUnstable,MoreUnstable,HI,PartInhibit,,,I,SVR,,,LowSHighN,CloseToDryAd,Average,CloseToDryAd,OtherRapid,DryMMoistL,,SigNegative,Moving,SWQuad,,LV
Down,StronUp,,StrongUp,StrongUp,Neutral,Neutral,Neutral,,Clear,PC,Clear,,,Strong,,Strong,,,Marked,LittleChange,LittleChange,WeakPos,Increasing,,Aug20_Sep15,,AB,,LessThanAve,LessThanAve,ABI,N1GtLIGt_4,Stability,Average,,B,,Unfavorable,,,XNIL,XNIL,SVR,HighEvrywher,Steep,Average,Steep,NoMajor,DryMMoistL,DenvCyclone,LittleChange,QStationary,NWQuad,Westerly,DenvCyclone
Down,,StrongUp,Down,Down,Wet,Neutral,,Dry,Cloudy,PC,Cloudy,Clear,,,StrongWest,Strong,Weak,,,IncCapDecIns,Increasing,Neutral,Increasing,XNIL,,,,,Average,MoreThanAve,ABI,,Neutral,MoreUnstable,MoreUnstable,HI,,,,,,,SVR,LowMtsHighPl,Steep,Average,CloseToDryAd,OtherRapid,,E_W_S,PosToNeg,QStationary,SWQuad,Westerly,E_NE
Down,WeakUp,Neutral,WeakUp,WeakUp,Wet,Wet,VeryWet,VeryWet,PC,Cloudy,,Cloudy,,,,,,,,LittleChange,LittleChange,WeakPos,Increasing,XNIL,Aug20_Sep15,,AB,,LessThanAve,LessThanAve,ABI,,Instability,LessUnstable,LessUnstable,,PartInhibit,Unfavorable,Slight,A,,XNIL,,HighEvrywher,ModerateOrLe,Dry,Steep,MarkedUpper,Other,,,,,Westerly,DenvCyclone
Neutral,WeakUp,WeakUp,WeakUp,WeakUp,Neutral,Neutral,Neutral,Wet,PC,Cloudy,PC,PC,,Weak,Other,,Strong,Weak,,DecCapIncIns,Decreasing,WeakPos,LittleChange,,Aug20_Sep15,K,,Stifling,Average,LessThanAve,K,,,MoreUnstable,MoreUnstable,ACEFK,,Moderate,Strong,K,SVR,,SVR,Other,ModerateOrLe,Average,ModerateOrLe,StrongFront,Other,,PosToNeg,,NWQuad,Westerly,WidespdDnsl
Down,Neutral,Neutral,Neutral,Neutral,Neutral,Neutral,Dry,Neutral,,PC,PC,PC,Weak,Weak,DCVZFavor,Weak,Weak,Weak,Some,LittleChange,LittleChange,Neutral,LittleChange,SIG,Jul16_Aug10,J,CThruK,PartInhibit,MoreThanAve,MoreThanAve,CDEJ,N1GtLIGt_4,Instability,MoreUnstable,MoreUnstable,GJ,Stifling,Weak,,J,SVR,SVR,SVR,LowAtStation,CloseToDryAd,Dry,CloseToDryAd,NoMajor,MoistMDryL,DryLine,LittleChange,,LV,LVorOther,SEQuad
WeakUp,Neutral,Neutral,WeakUp,WeakUp,Dry,Dry,Wet,,Clear,PC,Clear,PC,Strong,Strong,Other,,Strong,Strong,,,Decreasing,Neutral,,SIG,,D,CThruK,Stifling,Average,LessThanAve,CDEJ,N1GtLIGt_4,Neutral,Average,LessUnstable,D,PartInhibit,Moderate,Moderate,D,,XNIL,SIG,LowAtStation,Stable,Dry,Steep,OtherRapid,Other,,SigNegative,Other,LV,LVorOther,WidespdDnsl
WeakUp,,Neutral,WeakUp,,Neutral,VeryWet,Dry,Dry,PC,PC,,PC,Weak,Weak,Other,,Weak,Weak,,DecCapIncIns,,,Increasing,XNIL,May15_Jun14,A,AB,,Average,LessThanAve,ABI,N5GtLIGt_8,Neutral,Average,,ACEFK,,,Strong,A,,SIG,,HighEvrywher,ModerateOrLe,,Steep,,,,PosToNeg,Other,SWQuad,Westerly,DenvCyclone
Down,Neutral,Neutral,Neutral,Neutral,Wet,Dry,Neutral,Wet,PC,Cloudy,PC,Clear,Strong,Strong,,Strong,,,Marked,,LittleChange,,Increasing,SVR,Jun15_Jul1,B,AB,PartInhibit,LessThanAve,LessThanAve,ABI,N5GtLIGt_8,Neutral,Average,MoreUnstable,,PartInhibit,Moderate,,B,SIG,SIG,SVR,,,,Steep,,,DryLine,LittleChange,,LV,Westerly,DenvCyclone
WeakUp,StronUp,Down,Down,Down,Wet,Neutral,Neutral,Neutral,Cloudy,PC,Clear,Clear,Strong,Strong,Other,Weak,,,Some,IncCapDecIns,,,Increasing,,Jul16_Aug10,C,,PartInhibit,LessThanAve,MoreThanAve,CDEJ,N5GtLIGt_8,Stability,Average,MoreUnstable,ACEFK,,Weak,Strong,C,,SIG,SVR,LowMtsHighPl,CloseToDryAd,Average,,MarkedUpper,Other,,SigPositive,Other,NWQuad,Westerly,LongAnticyc
,Neutral,Neutral,Neutral,Neutral,Wet,Wet,Wet,Wet,Clear,PC,Clear,Clear,Weak,Strong,Westerly,Weak,,,Some,DecCapIncIns,Decreasing,,LittleChange,SVR,May15_Jun14,J,,,LessThanAve,LessThanAve,CDEJ,LIGt0,Instability,MoreUnstable,MoreUnstable,,,Unfavorable,,,,XNIL,SVR,LowMtsHighPl,Steep,Average,CloseToDryAd,NoMajor,MoistMDryL,Other,LittleChange,Other,LV,LVorOther,LV
Down,,Down,,Neutral,,,Dry,,,Cloudy,PC,Clear,Strong,Strong,,,Weak,Strong,Marked,IncCapDecIns,Increasing,Negative,Increasing,SVR,May15_Jun14,D,CThruK,,LessThanAve,Average,CDEJ,N1GtLIGt_4,Instability,Average,,D,TotalInhibit,,Slight,D,SIG,SIG,SVR,LowSHighN,CloseToDryAd,Dry,CloseToDryAd,OtherRapid,Other,DryLine,LittleChange,Moving,NWQuad,Westerly,LV
Neutral,Neutral,StrongUp,WeakUp,WeakUp,,VeryWet,Dry,,Clear,Cloudy,PC,,,,,Weak,,Weak,,IncCapDecIns,Increasing,Negative,Decreasing,SIG,Aug20_Sep15,D,CThruK,Stifling,MoreThanAve,,CDEJ,N5GtLIGt_8,Stability,Average,LessUnstable,D,Stifling,Moderate,,D,XNIL,XNIL,SIG,LowSHighN,CloseToDryAd,VeryMoist,CloseToDryAd,MarkedUpper,MoistMDryL,DryLine,SigPositive,Other,SWQuad,LVorOther,DenvCyclone
Down,Down,Neutral,Neutral,Neutral,Wet,,,Neutral,PC,PC,PC,PC,,Strong,DCVZFavor,Strong,,Strong,Some,,LittleChange,Neutral,Decreasing,XNIL,Aug20_Sep15,,AB,PartInhibit,Average,Average,,,Stability,LessUnstable,LessUnstable,ACEFK,,Strong,Moderate,A,XNIL,SVR,,HighEvrywher,Stable,Average,Steep,StrongFront,Other,DenvCyclone,PosToNeg,,SWQuad,LVorOther,DenvCyclone
Down,WeakUp,,,Neutral,Neutral,Neutral,Neutral,Neutral,Clear,Clear,PC,PC,Strong,Strong,Westerly,Weak,Strong,Strong,Some,IncCapDecIns,,Neutral,,SIG,May15_Jun14,E,,,LessThanAve,Average,CDEJ,N1GtLIGt_4,Neutral,Average,Average,ACEFK,,Unfavorable,,E,,XNIL,SIG,LowAtStation,Steep,Dry,ModerateOrLe,NoMajor,MoistMDryL,,,,SWQuad,Westerly,LV
WeakUp,Down,Neutral,Down,Down,,Dry,Wet,Wet,,PC,Clear,Clear,,Strong,DCVZFavor,Weak,Strong,,Some,,LittleChange,Neutral,LittleChange,XNIL,Jul16_Aug10,,CThruK,Stifling,Average,Average,,LIGt0,,,Average,,Stifling,Strong,,C,XNIL,XNIL,XNIL,LowAtStation,Steep,,Steep,NoMajor,Other,E_W_N,SigPositive,,,Westerly,LongAnticyc
Down,Neutral,,,,,Dry,Dry,Dry,PC,PC,Cloudy,Cloudy,Weak,Weak,StrongWest,Strong,,Strong,Marked,IncCapDecIns,Increasing,WeakPos,,SIG,Jul16_Aug10,E,CThruK,PartInhibit,LessThanAve,Average,CDEJ,N1GtLIGt_4,,MoreUnstable,MoreUnstable,ACEFK,PartInhibit,Moderate,,E,XNIL,XNIL,SIG,,,Dry,,OtherRapid,MoistMDryL,E_W_N,,,AllElse,LVorOther,LongAnticyc
WeakUp,,StrongUp,WeakUp,,,VeryWet,Wet,VeryWet,,Clear,PC,,,,Other,,,Weak,,LittleChange,LittleChange,,Decreasing,,Aug20_Sep15,,CThruK,PartInhibit,LessThanAve,LessThanAve,CDEJ,N1GtLIGt_4,Neutral,,Average,,,Weak,Strong,,SVR,SVR,SVR,LowMtsHighPl,Steep,Average,Steep,NoMajor,Other,,LittleChange,,LV,LVorOther,LV
StrongUp,StronUp,WeakUp,StrongUp,StrongUp,VeryWet,Dry,,VeryWet,PC,PC,,Cloudy,,Strong,DCVZFavor,Strong,,Strong,Marked,IncCapDecIns,Increasing,Neutral,LittleChange,XNIL,,,CThruK,PartInhibit,Average,,G,N5GtLIGt_8,Neutral,MoreUnstable,MoreUnstable,GJ,,Moderate,Moderate,,,SIG,SIG,LowEvrywhere,,,CloseToDryAd,,Other,,PosToNeg,,AllElse,Westerly,
WeakUp,Neutral,Neutral,Neutral,Neutral,,,Wet,Wet,Clear,Clear,PC,PC,Weak,Weak,StrongWest,Strong,,Weak,Some,LittleChange,,Negative,Decreasing,SIG,May15_Jun14,,CThruK,PartInhibit,LessThanAve,LessThanAve,,N1GtLIGt_4,Instability,,LessUnstable,ACEFK,PartInhibit,Weak,Slight,K,,SIG,SIG,,ModerateOrLe,,ModerateOrLe,StrongFront,MoistMDryL,E_W_N,SigPositive,QStationary,NWQuad,Westerly,WidespdDnsl
Down,,,Neutral,Neutral,Neutral,,Dry,,,PC,,Clear,Strong,Strong,Other,Weak,Weak,,Some,LittleChange,LittleChange,Neutral,LittleChange,,Jul2_Jul15,D,CThruK,TotalInhibit,MoreThanAve,MoreThanAve,CDEJ,N5GtLIGt_8,Instability,MoreUnstable,Average,,PartInhibit,Moderate,,D,XNIL,XNIL,SVR,LowSHighN,CloseToDryAd,Dry,CloseToDryAd,OtherRapid,DryMMoistL,,,Other,,,SEQuad
,Neutral,StrongUp,WeakUp,WeakUp,,Wet,Wet,Wet,PC,Clear,,Clear,Strong,Strong,StrongWest,,,Strong,Some,LittleChange,LittleChange,Negative,LittleChange,SIG,,G,CThruK,,,LessThanAve,G,N1GtLIGt_4,Stability,,,GJ,,Moderate,Slight,,SIG,SIG,SIG,LowSHighN,CloseToDryAd,Average,CloseToDryAd,MarkedUpper,MoistMDryL,DryLine,SigNegative,,,Westerly,LongAnticyc
WeakUp,StronUp,StrongUp,StrongUp,StrongUp,Wet,Dry,Wet,VeryWet,PC,Clear,Clear,PC,,,,,Weak,Weak,Marked,LittleChange,LittleChange,Negative,LittleChange,SVR,Jul16_Aug10,H,CThruK,PartInhibit,Average,Average,H,N5GtLIGt_8,Stability,,LessUnstable,HI,PartInhibit,Unfavorable,,,XNIL,XNIL,SVR,HighEvrywher,,VeryMoist,ModerateOrLe,,Other,MovingFtorOt,SigNegative,Moving,LV,Westerly,
StrongUp,Neutral,Neutral,WeakUp,WeakUp,Neutral,Neutral,Neutral,Wet,PC,Clear,Cloudy,Cloudy,Strong,Strong,Westerly,Weak,Strong,Strong,Marked,IncCapDecIns,Increasing,StrongPos,Increasing,SIG,May15_Jun14,K,,,,MoreThanAve,K,N1GtLIGt_4,Instability,,,,PartInhibit,Weak,Slight,,SIG,SIG,,Other,ModerateOrLe,Dry,Steep,StrongFront,Other,MovingFtorOt,SigNegative,,NWQuad,LVorOther,LongAnticyc
Down,Neutral,Neutral,,,Neutral,Dry,Neutral,Dry,PC,Clear,Clear,Clear,,Weak,StrongWest,,Strong,Weak,Some,,LittleChange,Neutral,,XNIL,Jul2_Jul15,E,CThruK,PartInhibit,Average,Average,CDEJ,N5GtLIGt_8,,Average,LessUnstable,ACEFK,,Weak,Strong,E,,XNIL,,LowSHighN,CloseToDryAd,Average,ModerateOrLe,,MoistMDryL,E_W_N,LittleChange,,SWQuad,LVorOther,DenvCyclone
StrongUp,StronUp,Down,,,Dry,Wet,Wet,Wet,Cloudy,Cloudy,Cloudy,PC,,Weak,DCVZFavor,,Weak,Weak,Some,LittleChange,LittleChange,,Decreasing,XNIL,Jul2_Jul15,I,,,LessThanAve,LessThanAve,ABI,,Stability,LessUnstable,LessUnstable,HI,PartInhibit,Unfavorable,,I,XNIL,XNIL,XNIL,LowSHighN,ModerateOrLe,Dry,Steep,NoMajor,,MovingFtorOt,PosToNeg,Moving,NWQuad,LVorOther,
WeakUp,WeakUp,Neutral,Neutral,,Wet,Neutral,Wet,Wet,Cloudy,,Cloudy,Cloudy,Strong,Strong,,,,Strong,Some,IncCapDecIns,Increasing,StrongPos,Increasing,,May15_Jun14,B,AB,PartInhibit,LessThanAve,LessThanAve,ABI,,Stability,,,B,PartInhibit,,Strong,B,,SIG,SVR,Other,ModerateOrLe,Average,CloseToDryAd,NoMajor,Other,,LittleChange,Other,AllElse,LVorOther,SEQuad
WeakUp,WeakUp,,Neutral,Neutral,Neutral,Neutral,Neutral,Neutral,PC,PC,PC,PC,Weak,Weak,Westerly,Weak,Strong,Weak,,,Increasing,Negative,Decreasing,SIG,Jun15_Jul1,I,CThruK,Stifling,Average,MoreThanAve,ABI,,Stability,LessUnstable,LessUnstable,HI,,Weak,Slight,I,XNIL,XNIL,SIG,LowSHighN,Steep,Average,Steep,MarkedUpper,DryMMoistL,E_W_S,NegToPos,QStationary,SWQuad,LVorOther,
,Neutral,StrongUp,Neutral,Neutral,Dry,Dry,Dry,Dry,Clear,,Clear,Clear,,Strong,StrongWest,Strong,Strong,Strong,Marked,DecCapIncIns,,Negative,Decreasing,XNIL,Jul2_Jul15,,CThruK,PartInhibit,Average,LessThanAve,,N5GtLIGt_8,,MoreUnstable,Average,,PartInhibit,Moderate,Slight,,SIG,,SIG,,Steep,Dry,,NoMajor,MoistMDryL,DryLine,LittleChange,Other,LV,,SEQuad
Down,WeakUp,Neutral,,,,VeryWet,VeryWet,VeryWet,Clear,PC,Clear,,,,,Weak,Weak,,Marked,,Increasing,Negative,Decreasing,XNIL,,C,CThruK,PartInhibit,Average,MoreThanAve,CDEJ,N1GtLIGt_4,,MoreUnstable,MoreUnstable,ACEFK,PartInhibit,Moderate,,,,SIG,SIG,LowNHighS,Steep,Dry,CloseToDryAd,NoMajor,MoistMDryL,E_W_N,NegToPos,Other,AllElse,Westerly,
WeakUp,Neutral,,Down,Down,Neutral,Neutral,Neutral,Dry,PC,PC,PC,PC,Strong,Strong,Westerly,Weak,,Weak,Marked,IncCapDecIns,Increasing,Neutral,,SVR,Aug11_Aug20,D,CThruK,,LessThanAve,Average,CDEJ,N1GtLIGt_4,Stability,LessUnstable,LessUnstable,D,PartInhibit,Weak,Slight,,SIG,SIG,SVR,,CloseToDryAd,,,OtherRapid,MoistMDryL,DryLine,,,,Westerly,WidespdDnsl
StrongUp,,Neutral,WeakUp,WeakUp,Neutral,Dry,Neutral,Neutral,Cloudy,PC,Cloudy,,,,Westerly,,Weak,Weak,,DecCapIncIns,,,Decreasing,XNIL,,B,AB,,Average,LessThanAve,,,Stability,,,B,Stifling,,,B,,XNIL,XNIL,LowSHighN,ModerateOrLe,Average,Steep,NoMajor,Other,DenvCyclone,LittleChange,,AllElse,Westerly,
Neutral,WeakUp,,,Neutral,Dry,Neutral,Wet,VeryWet,PC,Cloudy,,Cloudy,,,StrongWest,,,,,IncCapDecIns,Increasing,WeakPos,Increasing,,Aug11_Aug20,B,AB,PartInhibit,LessThanAve,Average,ABI,N5GtLIGt_8,Stability,LessUnstable,Average,B,,Unfavorable,,B,XNIL,XNIL,XNIL,LowSHighN,Steep,VeryMoist,Steep,NoMajor,DryMMoistL,DenvCyclone,LittleChange,Other,AllElse,LVorOther,E_NE
WeakUp,Neutral,,Neutral,,,Dry,Neutral,Neutral,,PC,Clear,Clear,Weak,,Westerly,Weak,,Weak,,LittleChange,LittleChange,WeakPos,LittleChange,SIG,Aug11_Aug20,E,,PartInhibit,Average,Average,CDEJ,N5GtLIGt_8,Instability,MoreUnstable,MoreUnstable,ACEFK,PartInhibit,Weak,,E,,XNIL,SIG,LowEvrywhere,CloseToDryAd,Dry,Steep,NoMajor,DryMMoistL,E_W_N,SigNegative,,,LVorOther,DenvCyclone
Neutral,,WeakUp,Neutral,Neutral,Neutral,Neutral,Neutral,Neutral,,,Clear,,Weak,Strong,Westerly,,,Weak,Marked,IncCapDecIns,Increasing,Negative,LittleChange,,May15_Jun14,G,,PartInhibit,LessThanAve,,G,N1GtLIGt_4,Stability,Average,Average,GJ,Stifling,Moderate,,,XNIL,XNIL,XNIL,LowEvrywhere,,Dry,,,MoistMDryL,,PosToNeg,,NWQuad,Westerly,WidespdDnsl
Down,StronUp,WeakUp,StrongUp,,Wet,Neutral,,VeryWet,,Clear,Clear,PC,Strong,Strong,Other,,Weak,Weak,,DecCapIncIns,Decreasing,Neutral,LittleChange,SIG,Jul2_Jul15,I,,PartInhibit,LessThanAve,LessThanAve,ABI,N1GtLIGt_4,Instability,,Average,HI,PartInhibit,Weak,,I,,XNIL,SIG,LowSHighN,Steep,,CloseToDryAd,MarkedUpper,DryMMoistL,,,QStationary,SWQuad,,
Neutral,,Down,,Neutral,Dry,VeryWet,,Neutral,,Clear,Clear,Clear,Weak,Strong,,Strong,,,,IncCapDecIns,,,Increasing,SIG,,I,CThruK,PartInhibit,Average,MoreThanAve,ABI,N1GtLIGt_4,,,,HI,,Strong,Strong,I,SVR,SVR,SVR,LowSHighN,Steep,Average,ModerateOrLe,OtherRapid,,E_W_S,,Moving,LV,LVorOther,E_NE
Neutral,Neutral,Down,,Neutral,VeryWet,Wet,VeryWet,VeryWet,PC,Clear,Clear,,Weak,,DCVZFavor,Weak,Strong,Weak,Marked,IncCapDecIns,Increasing,Neutral,LittleChange,SIG,Aug20_Sep15,C,CThruK,,Average,Average,CDEJ,N1GtLIGt_4,Stability,Average,LessUnstable,,TotalInhibit,,,C,XNIL,XNIL,SIG,LowEvrywhere,Steep,Dry,Steep,MarkedUpper,MoistMDryL,E_W_N,NegToPos,,NWQuad,Westerly,WidespdDnsl
Down,Down,,Down,Down,Dry,Neutral,,Dry,Clear,Clear,,Clear,Weak,Strong,Other,,,,,IncCapDecIns,Increasing,StrongPos,Increasing,SIG,,,CThruK,,Average,,CDEJ,LIGt0,,MoreUnstable,MoreUnstable,ACEFK,,Unfavorable,,E,XNIL,XNIL,SIG,LowSHighN,Stable,Average,,,MoistMDryL,,LittleChange,QStationary,SWQuad,Westerly,WidespdDnsl
Neutral,Neutral,Neutral,Neutral,,Neutral,Neutral,Neutral,,Clear,PC,Clear,Clear,Weak,Weak,Other,,,,,LittleChange,LittleChange,StrongPos,Increasing,SIG,May15_Jun14,,CThruK,,LessThanAve,LessThanAve,ABI,LILt_8,,,MoreUnstable,,,Moderate,,I,,XNIL,,LowSHighN,Steep,Dry,Steep,StrongFront,Other,MovingFtorOt,SigNegative,QStationary,SWQuad,Westerly,
StrongUp,StronUp,Down,Neutral,Neutral,,Wet,Neutral,Neutral,PC,Clear,Clear,Clear,Strong,Strong,,Strong,,Weak,Marked,,,WeakPos,,,Aug11_Aug20,C,CThruK,PartInhibit,,,CDEJ,N1GtLIGt_4,Instability,MoreUnstable,MoreUnstable,ACEFK,PartInhibit,,,C,,SVR,SVR,Other,,,Steep,MarkedUpper,DryMMoistL,E_W_N,SigPositive,,NWQuad,,LongAnticyc
StrongUp,,Neutral,StrongUp,StrongUp,,Neutral,Neutral,Wet,PC,,PC,Cloudy,,,Westerly,,Weak,Weak,,LittleChange,,,LittleChange,,Aug11_Aug20,B,AB,,LessThanAve,LessThanAve,ABI,N1GtLIGt_4,Stability,LessUnstable,LessUnstable,B,,,,B,XNIL,XNIL,XNIL,LowSHighN,,Average,Steep,,Other,DenvCyclone,LittleChange,Moving,SWQuad,LVorOther,DenvCyclone
Down,Down,Neutral,Down,Down,Dry,,,VeryWet,Clear,,Clear,Clear,,Strong,Westerly,Weak,,Weak,,,Increasing,Negative,LittleChange,SIG,Aug20_Sep15,B,AB,Stifling,MoreThanAve,,ABI,N1GtLIGt_4,Neutral,LessUnstable,,B,Stifling,Strong,Moderate,B,SIG,SIG,SIG,,Steep,VeryMoist,ModerateOrLe,NoMajor,Other,DenvCyclone,PosToNeg,,NWQuad,Westerly,DenvCyclone
WeakUp,StronUp,Neutral,StrongUp,StrongUp,Wet,Wet,Neutral,Wet,PC,PC,PC,,Strong,Strong,,Strong,,Weak,Marked,LittleChange,LittleChange,StrongPos,Increasing,SIG,Aug20_Sep15,J,CThruK,,LessThanAve,LessThanAve,,LILt_8,Stability,Average,,,Stifling,,,J,XNIL,XNIL,SIG,LowMtsHighPl,,,Steep,NoMajor,DryMMoistL,DryLine,LittleChange,,LV,,LV
Neutral,Neutral,Neutral,Neutral,Neutral,Wet,Neutral,Neutral,,Clear,PC,PC,PC,Weak,Weak,DCVZFavor,,,Weak,,LittleChange,LittleChange,,Increasing,SIG,Aug20_Sep15,C,CThruK,,LessThanAve,,CDEJ,N5GtLIGt_8,,LessUnstable,Average,ACEFK,,Moderate,Strong,C,XNIL,XNIL,SIG,LowEvrywhere,CloseToDryAd,Dry,Steep,MarkedUpper,MoistMDryL,E_W_S,,Other,,,LV
WeakUp,Neutral,Neutral,Neutral,Neutral,Wet,Neutral,,Neutral,PC,PC,PC,PC,,,StrongWest,,,,,IncCapDecIns,Increasing,Neutral,Increasing,XNIL,May15_Jun14,,CThruK,,,MoreThanAve,CDEJ,N1GtLIGt_4,Stability,,MoreUnstable,,PartInhibit,Weak,,,SVR,SVR,SVR,LowAtStation,ModerateOrLe,,Steep,StrongFront,Other,,PosToNeg,Other,SWQuad,LVorOther,SEQuad
StrongUp,StronUp,Neutral,StrongUp,,,,,VeryWet,PC,Clear,Clear,Clear,,,DCVZFavor,Weak,Strong,Strong,Some,DecCapIncIns,Decreasing,WeakPos,Increasing,SIG,Aug20_Sep15,G,CThruK,PartInhibit,Average,Average,G,N5GtLIGt_8,Stability,MoreUnstable,MoreUnstable,GJ,PartInhibit,Moderate,Moderate,G,XNIL,SIG,SIG,,CloseToDryAd,Average,CloseToDryAd,,MoistMDryL,,PosToNeg,,,Westerly,
StrongUp,Down,Neutral,Neutral,Neutral,Neutral,Dry,Neutral,Wet,PC,,Cloudy,Cloudy,Weak,Strong,DCVZFavor,,Weak,Weak,Marked,IncCapDecIns,,Negative,Increasing,SIG,Aug20_Sep15,,CThruK,Stifling,MoreThanAve,MoreThanAve,K,N1GtLIGt_4,Instability,Average,,,PartInhibit,Moderate,Slight,K,,,SIG,LowMtsHighPl,,Dry,Steep,StrongFront,Other,DryLine,,QStationary,,LVorOther,
Neutral,,Down,Neutral,Neutral,Dry,Wet,Dry,Dry,Clear,Clear,Clear,Clear,Strong,Strong,StrongWest,Weak,Weak,Weak,Marked,IncCapDecIns,Increasing,StrongPos,Increasing,SIG,Aug20_Sep15,J,CThruK,Stifling,,,,N5GtLIGt_8,Stability,LessUnstable,LessUnstable,GJ,PartInhibit,Strong,Moderate,,,XNIL,SIG,LowEvrywhere,Stable,,Steep,NoMajor,MoistMDryL,DryLine,,,LV,LVorOther,LV
Neutral,StronUp,StrongUp,StrongUp,StrongUp,Neutral,Neutral,Neutral,Wet,Clear,Cloudy,,,,,DCVZFavor,,,Weak,,LittleChange,LittleChange,Neutral,Increasing,XNIL,Jul16_Aug10,J,CThruK,,LessThanAve,LessThanAve,CDEJ,,Stability,LessUnstable,,GJ,PartInhibit,Weak,Moderate,,XNIL,XNIL,XNIL,LowAtStation,ModerateOrLe,,CloseToDryAd,NoMajor,DryMMoistL,E_W_S,LittleChange,,,LVorOther,LongAnticyc
StrongUp,,Neutral,StrongUp,StrongUp,Neutral,Dry,,Wet,Clear,PC,PC,Cloudy,,Weak,Westerly,Weak,,Weak,Some,DecCapIncIns,,Negative,Decreasing,XNIL,,H,CThruK,PartInhibit,LessThanAve,,H,LILt_8,Instability,,Average,,,Moderate,Strong,H,SIG,SIG,SIG,LowMtsHighPl,,Average,CloseToDryAd,MarkedUpper,Other,,PosToNeg,,NWQuad,LVorOther,SEQuad
WeakUp,,,WeakUp,WeakUp,Neutral,Dry,Neutral,Neutral,Cloudy,PC,,,Weak,Strong,Westerly,,,Weak,Marked,DecCapIncIns,,Negative,Decreasing,,Aug20_Sep15,B,AB,PartInhibit,LessThanAve,LessThanAve,ABI,N1GtLIGt_4,Instability,,LessUnstable,,,,Strong,,SVR,SVR,SVR,LowMtsHighPl,,Average,Steep,,DryMMoistL,DenvCyclone,LittleChange,Other,NWQuad,Westerly,DenvCyclone
,Neutral,Neutral,Down,Down,VeryWet,Dry,Dry,,PC,Clear,PC,PC,,,Westerly,,,,,IncCapDecIns,Increasing,Negative,LittleChange,XNIL,Jul16_Aug10,,CThruK,PartInhibit,LessThanAve,LessThanAve,CDEJ,N5GtLIGt_8,Stability,,Average,GJ,,Weak,Moderate,J,XNIL,XNIL,XNIL,HighEvrywher,Steep,Average,,NoMajor,DryMMoistL,,LittleChange,QStationary,LV,LVorOther,LV
Neutral,Neutral,Neutral,,Neutral,Neutral,Neutral,Neutral,,PC,PC,Cloudy,Cloudy,Strong,Strong,StrongWest,Strong,Weak,Strong,Marked,LittleChange,LittleChange,WeakPos,LittleChange,SIG,Jul2_Jul15,K,CThruK,PartInhibit,Average,Average,K,N1GtLIGt_4,,MoreUnstable,,ACEFK,,Unfavorable,,,XNIL,XNIL,SIG,Other,Stable,Average,ModerateOrLe,,DryMMoistL,MovingFtorOt,SigPositive,,AllElse,LVorOther,WidespdDnsl
WeakUp,Neutral,StrongUp,,Neutral,Dry,VeryWet,Neutral,Dry,Clear,Clear,Clear,Clear,,,Other,,Weak,Weak,,IncCapDecIns,Increasing,StrongPos,,XNIL,Jun15_Jul1,I,CThruK,PartInhibit,,Average,ABI,LIGt0,Instability,,MoreUnstable,,PartInhibit,Weak,,I,XNIL,XNIL,XNIL,LowSHighN,Stable,Average,Steep,,DryMMoistL,,SigPositive,QStationary,SWQuad,LVorOther,DenvCyclone
WeakUp,WeakUp,WeakUp,WeakUp,WeakUp,Dry,Dry,Neutral,Neutral,PC,PC,Clear,Clear,,,Other,,Strong,Weak,,,,Neutral,,,,J,CThruK,Stifling,MoreThanAve,MoreThanAve,CDEJ,N1GtLIGt_4,,LessUnstable,LessUnstable,GJ,,Weak,,,SIG,SIG,SIG,LowAtStation,Steep,VeryMoist,ModerateOrLe,NoMajor,,,,Other,LV,LVorOther,LongAnticyc
WeakUp,,Neutral,Neutral,,Neutral,Neutral,Neutral,Neutral,Cloudy,PC,,Cloudy,,,DCVZFavor,,,Weak,,IncCapDecIns,Increasing,Neutral,,XNIL,Jul16_Aug10,E,CThruK,,Average,MoreThanAve,,LILt_8,Stability,,MoreUnstable,ACEFK,,,Strong,,SVR,,,LowAtStation,Steep,Average,ModerateOrLe,OtherRapid,MoistMDryL,E_W_S,,Other,SWQuad,,LongAnticyc
WeakUp,Down,WeakUp,Neutral,,Dry,,VeryWet,,,PC,PC,PC,Strong,Strong,Westerly,,,,Some,LittleChange,LittleChange,Neutral,Increasing,SVR,Jul2_Jul15,A,AB,PartInhibit,Average,Average,ABI,N5GtLIGt_8,Stability,Average,MoreUnstable,ACEFK,,Moderate,Strong,A,SVR,SVR,SVR,LowNHighS,,VeryMoist,Steep,StrongFront,,E_W_S,SigNegative,Other,SWQuad,Westerly,DenvCyclone
Neutral,StronUp,,WeakUp,WeakUp,,,Dry,Dry,Clear,PC,PC,PC,,,Westerly,,,,,LittleChange,LittleChange,StrongPos,LittleChange,,Aug20_Sep15,K,CThruK,Stifling,,Average,,N1GtLIGt_4,Stability,MoreUnstable,Average,ACEFK,PartInhibit,Weak,,K,XNIL,,,Other,Steep,,CloseToDryAd,MarkedUpper,DryMMoistL,,SigNegative,,NWQuad,LVorOther,WidespdDnsl
Neutral,,,,Neutral,Wet,Neutral,,Wet,PC,Clear,Cloudy,Cloudy,,Weak,,Weak,Weak,Weak,Some,LittleChange,LittleChange,WeakPos,Decreasing,SIG,Jul2_Jul15,B,AB,,MoreThanAve,MoreThanAve,ABI,,Instability,MoreUnstable,,B,,Moderate,,B,,SVR,SVR,HighEvrywher,,VeryMoist,Steep,NoMajor,DryMMoistL,DenvCyclone,,Other,,,
Neutral,Neutral,Neutral,,Neutral,Neutral,,VeryWet,VeryWet,Clear,Cloudy,Clear,PC,,,DCVZFavor,,,,,,Increasing,WeakPos,Increasing,XNIL,Jul2_Jul15,A,AB,,LessThanAve,LessThanAve,ABI,N5GtLIGt_8,Instability,,MoreUnstable,ACEFK,,Moderate,Slight,,SIG,SIG,,HighEvrywher,ModerateOrLe,VeryMoist,Steep,MarkedUpper,DryMMoistL,,,,,Westerly,DenvCyclone
Down,Neutral,Neutral,Neutral,Neutral,Dry,,,Wet,,Clear,Cloudy,Cloudy,Weak,Weak,StrongWest,,Weak,,Some,LittleChange,LittleChange,Negative,Decreasing,XNIL,,A,,TotalInhibit,,,ABI,N5GtLIGt_8,Neutral,Average,Average,ACEFK,PartInhibit,Moderate,Strong,A,XNIL,XNIL,XNIL,LowMtsHighPl,Steep,Average,Steep,OtherRapid,Other,DenvCyclone,LittleChange,Other,,Westerly,DenvCyclone
StrongUp,StronUp,,WeakUp,WeakUp,Dry,Neutral,VeryWet,VeryWet,Clear,PC,Clear,PC,Weak,Strong,Other,,,,,DecCapIncIns,,Negative,Decreasing,SIG,Jul16_Aug10,,,,Average,Average,ABI,N5GtLIGt_8,Neutral,MoreUnstable,MoreUnstable,ACEFK,,Moderate,Strong,A,,SVR,,HighEvrywher,,,,MarkedUpper,,,NegToPos,Other,AllElse,Westerly,DenvCyclone
Neutral,StronUp,WeakUp,,WeakUp,Neutral,Neutral,Dry,Dry,,,,Clear,,,Westerly,,,,,LittleChange,,Neutral,LittleChange,XNIL,May15_Jun14,E,CThruK,PartInhibit,Average,Average,,,Instability,,MoreUnstable,ACEFK,PartInhibit,Moderate,Moderate,,SVR,,SVR,LowEvrywhere,Steep,Dry,ModerateOrLe,,MoistMDryL,,NegToPos,,,Westerly,
StrongUp,Neutral,Down,,Neutral,,Neutral,Neutral,Neutral,Clear,PC,Clear,Clear,,,DCVZFavor,,,Weak,,LittleChange,LittleChange,Neutral,,XNIL,May15_Jun14,A,AB,PartInhibit,,Average,ABI,N1GtLIGt_4,Neutral,LessUnstable,LessUnstable,ACEFK,,,,,XNIL,XNIL,XNIL,LowNHighS,ModerateOrLe,Dry,Steep,,DryMMoistL,,LittleChange,Moving,,LVorOther,DenvCyclone
Down,StronUp,,,,Neutral,Wet,Neutral,Dry,,,PC,Clear,Weak,Strong,Westerly,,Weak,,,,,Negative,,XNIL,,E,CThruK,TotalInhibit,MoreThanAve,MoreThanAve,CDEJ,N5GtLIGt_8,Neutral,MoreUnstable,,ACEFK,,Weak,,E,SIG,SIG,SIG,,CloseToDryAd,Average,,NoMajor,Other,DryLine,SigNegative,,SWQuad,LVorOther,
,StronUp,StrongUp,,StrongUp,Wet,VeryWet,VeryWet,,Clear,Cloudy,Cloudy,,Strong,Strong,,,,Weak,,LittleChange,LittleChange,,,SVR,Aug20_Sep15,A,AB,,LessThanAve,LessThanAve,ABI,,Instability,MoreUnstable,MoreUnstable,ACEFK,PartInhibit,Strong,Strong,A,SVR,SVR,SVR,,ModerateOrLe,VeryMoist,CloseToDryAd,StrongFront,DryMMoistL,DenvCyclone,SigNegative,,SWQuad,Westerly,LV
WeakUp,Neutral,WeakUp,WeakUp,WeakUp,Neutral,Wet,Wet,VeryWet,Cloudy,Clear,,,,,Other,,Strong,Strong,,LittleChange,LittleChange,Negative,Decreasing,XNIL,Jun15_Jul1,G,,TotalInhibit,MoreThanAve,MoreThanAve,G,N1GtLIGt_4,Instability,Average,Average,,,Weak,Slight,G,SIG,SIG,SIG,,CloseToDryAd,Average,CloseToDryAd,OtherRapid,MoistMDryL,DryLine,SigNegative,,,Westerly,LongAnticyc
WeakUp,WeakUp,WeakUp,,WeakUp,VeryWet,Wet,Wet,,PC,Cloudy,Cloudy,Cloudy,,Strong,DCVZFavor,,,Strong,Marked,IncCapDecIns,Increasing,WeakPos,Increasing,SVR,May15_Jun14,K,CThruK,PartInhibit,Average,MoreThanAve,K,N5GtLIGt_8,Stability,MoreUnstable,,ACEFK,,Weak,,K,XNIL,XNIL,SVR,Other,CloseToDryAd,VeryMoist,Steep,StrongFront,DryMMoistL,MovingFtorOt,SigPositive,Moving,AllElse,,LongAnticyc
Down,Neutral,,Neutral,Neutral,VeryWet,Wet,Wet,Wet,Clear,Clear,,Clear,,,Westerly,,,,,,LittleChange,Neutral,Decreasing,XNIL,Jul16_Aug10,A,,,LessThanAve,LessThanAve,ABI,N5GtLIGt_8,Stability,Average,LessUnstable,,Stifling,Moderate,,A,XNIL,XNIL,,Other,,Average,,,Other,DenvCyclone,SigNegative,Other,SWQuad,,
WeakUp,Down,Neutral,,Neutral,,,Wet,,Clear,Clear,Clear,Clear,,,Other,,Weak,Weak,,LittleChange,LittleChange,Neutral,,XNIL,Aug20_Sep15,D,CThruK,TotalInhibit,,MoreThanAve,,N1GtLIGt_4,Neutral,Average,Average,D,,Strong,Strong,D,SVR,SVR,,,Stable,,Steep,MarkedUpper,DryMMoistL,DenvCyclone,SigNegative,Other,NWQuad,,LV
WeakUp,StronUp,Down,StrongUp,StrongUp,Wet,VeryWet,,VeryWet,PC,PC,PC,Cloudy,Strong,Strong,StrongWest,Strong,,Weak,Some,LittleChange,LittleChange,StrongPos,LittleChange,SIG,Aug20_Sep15,J,CThruK,TotalInhibit,MoreThanAve,MoreThanAve,CDEJ,,,LessUnstable,,,,Moderate,Strong,J,,XNIL,,LowAtStation,ModerateOrLe,Average,,,,DryLine,LittleChange,QStationary,,LVorOther,SEQuad
Neutral,Neutral,,Neutral,Neutral,Dry,Neutral,Dry,Neutral,PC,Clear,Cloudy,Cloudy,,,DCVZFavor,,Strong,Weak,,IncCapDecIns,Increasing,Negative,LittleChange,XNIL,,J,CThruK,,,LessThanAve,CDEJ,LILt_8,Instability,,MoreUnstable,GJ,,,Slight,J,XNIL,XNIL,XNIL,LowMtsHighPl,ModerateOrLe,,ModerateOrLe,NoMajor,MoistMDryL,DryLine,,Other,LV,,SEQuad
,StronUp,Down,Neutral,Neutral,Wet,VeryWet,VeryWet,Wet,PC,Clear,Clear,Clear,Strong,Strong,StrongWest,Strong,Strong,Weak,Marked,IncCapDecIns,,Neutral,Decreasing,SVR,,E,CThruK,,MoreThanAve,MoreThanAve,CDEJ,LIGt0,Stability,LessUnstable,LessUnstable,ACEFK,PartInhibit,Moderate,Slight,E,XNIL,XNIL,SVR,LowSHighN,Stable,Average,ModerateOrLe,NoMajor,MoistMDryL,DenvCyclone,LittleChange,,AllElse,Westerly,WidespdDnsl
Neutral,Down,,Neutral,,Wet,Dry,Wet,Wet,PC,Clear,Clear,Clear,,Strong,Westerly,Strong,,Strong,,DecCapIncIns,Decreasing,Neutral,Decreasing,,Jun15_Jul1,,CThruK,Stifling,MoreThanAve,MoreThanAve,G,N5GtLIGt_8,Stability,Average,Average,GJ,,Moderate,Strong,G,SVR,SVR,SVR,Other,CloseToDryAd,Dry,CloseToDryAd,NoMajor,Other,,,,LV,LVorOther,LongAnticyc
Neutral,,Neutral,WeakUp,WeakUp,Neutral,Dry,Dry,Dry,PC,PC,PC,PC,,Strong,Other,,Weak,Weak,Marked,IncCapDecIns,Increasing,Negative,LittleChange,SIG,May15_Jun14,G,,TotalInhibit,,MoreThanAve,G,N5GtLIGt_8,,Average,Average,GJ,PartInhibit,Moderate,Slight,G,SIG,SIG,SIG,LowEvrywhere,Steep,Dry,CloseToDryAd,MarkedUpper,Other,Other,,,NWQuad,,WidespdDnsl
Down,Neutral,StrongUp,Down,,Dry,Wet,Wet,,Cloudy,Clear,,Cloudy,,,Other,,Weak,Weak,,IncCapDecIns,,Neutral,Increasing,XNIL,Jul2_Jul15,,CThruK,PartInhibit,LessThanAve,,,,,Average,Average,GJ,,Unfavorable,,G,XNIL,XNIL,XNIL,LowAtStation,CloseToDryAd,Dry,,,MoistMDryL,,LittleChange,,,LVorOther,LongAnticyc
WeakUp,Neutral,,WeakUp,WeakUp,Wet,Dry,Neutral,Neutral,,,Clear,PC,,Weak,Other,,,,,IncCapDecIns,,Negative,LittleChange,SVR,Aug20_Sep15,G,,PartInhibit,MoreThanAve,MoreThanAve,G,N1GtLIGt_4,Instability,LessUnstable,Average,GJ,,Weak,Moderate,,SVR,SVR,SVR,LowAtStation,,Dry,Steep,NoMajor,,DryLine,LittleChange,,AllElse,Westerly,WidespdDnsl
Neutral,Neutral,Neutral,Neutral,Neutral,VeryWet,Dry,VeryWet,,PC,Cloudy,Cloudy,Cloudy,Strong,Strong,,Weak,,Strong,,IncCapDecIns,,Negative,,SIG,May15_Jun14,B,AB,PartInhibit,Average,MoreThanAve,ABI,LIGt0,,LessUnstable,LessUnstable,B,,Unfavorable,,B,SIG,SIG,,,,Dry,Steep,,DryMMoistL,Other,LittleChange,Moving,,Westerly,DenvCyclone
,,StrongUp,Neutral,Neutral,Neutral,Neutral,Wet,Wet,Clear,Clear,Clear,Clear,Weak,Strong,Westerly,,,Weak,Marked,DecCapIncIns,Decreasing,Neutral,Decreasing,SVR,,B,,TotalInhibit,,LessThanAve,ABI,N1GtLIGt_4,Instability,LessUnstable,LessUnstable,B,,Moderate,,B,SVR,SVR,SVR,HighEvrywher,Steep,Dry,,,Other,E_W_S,PosToNeg,,SWQuad,LVorOther,DenvCyclone
Down,Down,Neutral,,,Wet,VeryWet,Wet,Wet,PC,Clear,Clear,,,,Westerly,Strong,,Weak,Some,LittleChange,LittleChange,,Increasing,SVR,,,CThruK,PartInhibit,Average,Average,K,N1GtLIGt_4,Stability,LessUnstable,,,,Weak,Slight,K,XNIL,,,,,Dry,ModerateOrLe,MarkedUpper,DryMMoistL,MovingFtorOt,NegToPos,,AllElse,LVorOther,LV
Neutral,Neutral,Down,,Neutral,,Dry,Dry,Dry,Clear,,Clear,,Weak,,DCVZFavor,,,Weak,Marked,IncCapDecIns,Increasing,Negative,LittleChange,,May15_Jun14,E,CThruK,Stifling,,MoreThanAve,,,Neutral,LessUnstable,LessUnstable,ACEFK,,,Slight,E,XNIL,XNIL,XNIL,LowEvrywhere,CloseToDryAd,Average,ModerateOrLe,,MoistMDryL,DryLine,LittleChange,,SWQuad,Westerly,LV
WeakUp,,StrongUp,StrongUp,StrongUp,Neutral,Wet,VeryWet,VeryWet,PC,,,Cloudy,Strong,Strong,,Strong,,Strong,Marked,DecCapIncIns,Decreasing,Negative,LittleChange,XNIL,Aug20_Sep15,B,AB,Stifling,Average,LessThanAve,ABI,LILt_8,Stability,LessUnstable,LessUnstable,B,TotalInhibit,Weak,,B,XNIL,XNIL,XNIL,HighEvrywher,Stable,VeryMoist,CloseToDryAd,NoMajor,DryMMoistL,E_W_N,LittleChange,Other,AllElse,Westerly,SEQuad
Down,StronUp,Neutral,,Neutral,Wet,Dry,Neutral,Neutral,PC,Clear,Clear,,,,Other,,Weak,,,IncCapDecIns,,Negative,Decreasing,XNIL,Jul2_Jul15,,CThruK,PartInhibit,LessThanAve,LessThanAve,CDEJ,,Instability,MoreUnstable,MoreUnstable,GJ,PartInhibit,Weak,,J,SVR,SVR,,LowSHighN,ModerateOrLe,Dry,CloseToDryAd,NoMajor,,,LittleChange,Other,AllElse,LVorOther,DenvCyclone
WeakUp,Neutral,Neutral,Neutral,,Wet,Dry,Neutral,Neutral,Clear,PC,,Clear,Weak,Strong,Other,,Strong,Weak,,DecCapIncIns,Decreasing,Negative,,SIG,Jul2_Jul15,,CThruK,PartInhibit,Average,LessThanAve,CDEJ,N1GtLIGt_4,,,LessUnstable,ACEFK,PartInhibit,Moderate,,E,XNIL,XNIL,SIG,LowAtStation,Steep,,ModerateOrLe,NoMajor,Other,E_W_N,,,LV,Westerly,LV
WeakUp,StronUp,Down,Down,Down,Neutral,Wet,,Wet,Clear,Clear,Clear,Clear,,Weak,DCVZFavor,Weak,,Strong,,IncCapDecIns,Increasing,Negative,,SIG,Aug20_Sep15,J,CThruK,PartInhibit,Average,,CDEJ,LILt_8,Stability,Average,LessUnstable,GJ,TotalInhibit,Strong,Moderate,J,XNIL,XNIL,SIG,HighEvrywher,CloseToDryAd,,CloseToDryAd,,Other,DryLine,,Other,LV,LVorOther,E_NE
Down,Neutral,Neutral,Neutral,,Wet,Neutral,Dry,Dry,Clear,Clear,Clear,Clear,,,StrongWest,,Weak,,,IncCapDecIns,Increasing,,,XNIL,Jul2_Jul15,E,,,,Average,CDEJ,,Instability,Average,,,Stifling,,Slight,E,SVR,SIG,SIG,HighEvrywher,CloseToDryAd,Average,Steep,NoMajor,MoistMDryL,,NegToPos,Other,,,LV
Down,Neutral,,Down,Down,,Neutral,Neutral,Neutral,PC,PC,Cloudy,,,,StrongWest,,,Weak,,,,Neutral,Increasing,XNIL,May15_Jun14,B,AB,Stifling,LessThanAve,LessThanAve,ABI,N5GtLIGt_8,Neutral,LessUnstable,LessUnstable,B,,Moderate,,,SIG,SIG,SIG,,ModerateOrLe,VeryMoist,,,DryMMoistL,DenvCyclone,LittleChange,Other,NWQuad,LVorOther,SEQuad
StrongUp,Down,Neutral,Down,Down,,Dry,Neutral,Dry,PC,Clear,Clear,Clear,,,DCVZFavor,,Weak,Weak,,IncCapDecIns,,,,XNIL,May15_Jun14,D,CThruK,,MoreThanAve,MoreThanAve,CDEJ,N1GtLIGt_4,Stability,Average,Average,D,,Moderate,Slight,D,SIG,SIG,,LowSHighN,CloseToDryAd,,Steep,OtherRapid,Other,,SigNegative,Other,AllElse,Westerly,SEQuad
Neutral,,,Neutral,Neutral,Dry,Wet,Wet,Wet,PC,Clear,PC,PC,Strong,Strong,DCVZFavor,,,Weak,Some,IncCapDecIns,Increasing,Negative,LittleChange,SIG,,K,CThruK,PartInhibit,Average,MoreThanAve,K,LIGt0,Instability,LessUnstable,LessUnstable,ACEFK,PartInhibit,Weak,,K,,XNIL,SIG,LowNHighS,ModerateOrLe,VeryMoist,ModerateOrLe,StrongFront,,,NegToPos,,SWQuad,Westerly,WidespdDnsl
StrongUp,,,StrongUp,StrongUp,VeryWet,Wet,VeryWet,VeryWet,Clear,PC,Clear,Cloudy,Strong,Strong,DCVZFavor,Strong,,Weak,,IncCapDecIns,Increasing,WeakPos,Increasing,SIG,Aug20_Sep15,,CThruK,TotalInhibit,MoreThanAve,MoreThanAve,CDEJ,LILt_8,,MoreUnstable,MoreUnstable,ACEFK,PartInhibit,Moderate,Moderate,,,XNIL,,LowEvrywhere,Steep,Average,ModerateOrLe,MarkedUpper,MoistMDryL,E_W_N,SigPositive,,AllElse,Westerly,
WeakUp,,Down,Neutral,Neutral,Wet,Neutral,Wet,,Cloudy,PC,Cloudy,Cloudy,Weak,Strong,StrongWest,Weak,,Weak,Marked,IncCapDecIns,Increasing,Negative,LittleChange,SIG,Aug20_Sep15,F,CThruK,PartInhibit,Average,MoreThanAve,F,N5GtLIGt_8,Stability,LessUnstable,LessUnstable,ACEFK,PartInhibit,Moderate,,F,XNIL,XNIL,SIG,HighEvrywher,Stable,VeryMoist,ModerateOrLe,StrongFront,Other,,SigNegative,,,LVorOther,
,StronUp,,Neutral,Neutral,Wet,Neutral,,Neutral,,Clear,Clear,Clear,Strong,Strong,StrongWest,,Weak,,Some,LittleChange,,,LittleChange,SIG,Jul2_Jul15,A,AB,PartInhibit,LessThanAve,LessThanAve,ABI,,Instability,MoreUnstable,MoreUnstable,,,Moderate,Strong,A,SIG,SIG,SIG,LowEvrywhere,Steep,Average,CloseToDryAd,MarkedUpper,Other,DenvCyclone,SigNegative,Moving,SWQuad,Westerly,DenvCyclone
StrongUp,Neutral,StrongUp,WeakUp,WeakUp,,,Dry,Neutral,Cloudy,Cloudy,Cloudy,PC,,,,,,,,IncCapDecIns,Increasing,WeakPos,Increasing,,Jul16_Aug10,J,CThruK,PartInhibit,Average,,CDEJ,N5GtLIGt_8,Stability,,MoreUnstable,GJ,,,Moderate,,XNIL,XNIL,XNIL,LowNHighS,Steep,,Steep,NoMajor,Other,DryLine,,,LV,,
WeakUp,Neutral,Down,Neutral,Neutral,Wet,Wet,Neutral,Neutral,,PC,PC,PC,,,DCVZFavor,,Strong,,,IncCapDecIns,,,Increasing,XNIL,Aug20_Sep15,A,AB,,LessThanAve,MoreThanAve,ABI,N1GtLIGt_4,,LessUnstable,MoreUnstable,ACEFK,PartInhibit,Unfavorable,,A,SVR,SVR,SVR,HighEvrywher,Stable,VeryMoist,Steep,MarkedUpper,Other,DenvCyclone,NegToPos,QStationary,,Westerly,DenvCyclone
WeakUp,StronUp,Down,WeakUp,WeakUp,Neutral,,Neutral,Wet,,,Clear,Clear,,Weak,,,,Weak,Some,DecCapIncIns,Decreasing,Negative,Decreasing,,,I,CThruK,,MoreThanAve,Average,ABI,N1GtLIGt_4,Neutral,,MoreUnstable,HI,Stifling,,,I,,SVR,SVR,LowSHighN,,,Steep,NoMajor,Other,MovingFtorOt,PosToNeg,Moving,SWQuad,Westerly,E_NE
WeakUp,WeakUp,Neutral,,Neutral,Dry,Dry,VeryWet,VeryWet,Clear,,Cloudy,Cloudy,,,Other,,,,,IncCapDecIns,Increasing,StrongPos,,XNIL,May15_Jun14,B,,PartInhibit,LessThanAve,MoreThanAve,ABI,N1GtLIGt_4,Neutral,LessUnstable,Average,B,Stifling,Weak,,B,SIG,SIG,SIG,,ModerateOrLe,Average,Steep,NoMajor,DryMMoistL,E_W_N,LittleChange,,,Westerly,SEQuad
,StronUp,Down,,Down,,,VeryWet,Wet,Cloudy,PC,PC,Clear,Weak,Strong,DCVZFavor,Weak,,,Marked,LittleChange,LittleChange,Neutral,,,May15_Jun14,H,CThruK,,Average,Average,H,N5GtLIGt_8,,,Average,,,Unfavorable,,H,XNIL,XNIL,SIG,LowMtsHighPl,Stable,VeryMoist,Steep,MarkedUpper,DryMMoistL,MovingFtorOt,,,,Westerly,E_NE
Down,Neutral,,,Neutral,,Dry,VeryWet,Wet,Clear,Cloudy,Clear,Clear,Strong,Strong,StrongWest,Strong,Weak,Strong,Marked,LittleChange,LittleChange,,Decreasing,SIG,Aug20_Sep15,C,,,,Average,CDEJ,N1GtLIGt_4,Neutral,,MoreUnstable,ACEFK,Stifling,Strong,Slight,C,SIG,SIG,SIG,LowEvrywhere,CloseToDryAd,Dry,Steep,NoMajor,,E_W_S,PosToNeg,Other,NWQuad,Westerly,
StrongUp,WeakUp,,WeakUp,,Neutral,,,,PC,PC,PC,PC,,,DCVZFavor,,,Weak,,,LittleChange,Negative,LittleChange,XNIL,May15_Jun14,F,CThruK,,,LessThanAve,,N1GtLIGt_4,Stability,Average,Average,,PartInhibit,Unfavorable,Slight,,,XNIL,,HighEvrywher,Steep,VeryMoist,ModerateOrLe,NoMajor,Other,,PosToNeg,,AllElse,LVorOther,LV
,,Neutral,Neutral,Neutral,Neutral,Wet,Wet,,Clear,,PC,Cloudy,,Strong,DCVZFavor,Weak,Strong,Strong,Some,DecCapIncIns,Decreasing,WeakPos,LittleChange,SVR,Aug20_Sep15,C,,,,,CDEJ,,,Average,LessUnstable,ACEFK,,Weak,Slight,,XNIL,SVR,SVR,LowNHighS,CloseToDryAd,Average,CloseToDryAd,MarkedUpper,,,SigPositive,,NWQuad,LVorOther,
,Down,Neutral,Neutral,Neutral,,Wet,Wet,Wet,Cloudy,Cloudy,Cloudy,PC,,Weak,Other,,,,,IncCapDecIns,Increasing,Neutral,LittleChange,SIG,May15_Jun14,E,CThruK,PartInhibit,Average,Average,,N1GtLIGt_4,Stability,,MoreUnstable,,PartInhibit,Strong,Moderate,,,SIG,SIG,LowNHighS,Stable,,,OtherRapid,MoistMDryL,,LittleChange,QStationary,SWQuad,LVorOther,LV
,Neutral,Neutral,Neutral,Neutral,Dry,VeryWet,,VeryWet,PC,,,Cloudy,,,Other,,,,,LittleChange,LittleChange,,LittleChange,,Aug20_Sep15,C,CThruK,PartInhibit,LessThanAve,LessThanAve,CDEJ,,Neutral,Average,,ACEFK,TotalInhibit,Moderate,,C,,XNIL,XNIL,LowEvrywhere,CloseToDryAd,Dry,Steep,MarkedUpper,DryMMoistL,,SigPositive,,AllElse,LVorOther,WidespdDnsl
WeakUp,Neutral,Neutral,Neutral,Neutral,,VeryWet,,Neutral,,,Clear,Clear,Strong,Strong,DCVZFavor,Strong,Weak,Strong,Marked,IncCapDecIns,Increasing,Neutral,Increasing,SVR,Jul16_Aug10,H,CThruK,PartInhibit,Average,,H,N1GtLIGt_4,Instability,,MoreUnstable,,,Moderate,,H,XNIL,,SVR,,,VeryMoist,CloseToDryAd,MarkedUpper,DryMMoistL,E_W_N,,Moving,NWQuad,,E_NE
Neutral,Neutral,Neutral,Neutral,Neutral,Neutral,,Wet,Wet,PC,Clear,PC,PC,,,Westerly,,,,,DecCapIncIns,,Neutral,Decreasing,,Jul2_Jul15,D,CThruK,PartInhibit,Average,LessThanAve,CDEJ,N1GtLIGt_4,Neutral,,LessUnstable,D,,Moderate,,D,XNIL,SIG,SIG,Other,Steep,Dry,,StrongFront,,,NegToPos,,,LVorOther,LongAnticyc
Down,Neutral,Neutral,Neutral,Neutral,Neutral,Dry,Dry,Dry,Clear,,,Clear,,Strong,,,Weak,,Some,,,Negative,Decreasing,SIG,Aug11_Aug20,,,PartInhibit,LessThanAve,LessThanAve,CDEJ,LILt_8,Stability,Average,LessUnstable,,PartInhibit,Unfavorable,,J,,,SIG,LowAtStation,CloseToDryAd,Dry,ModerateOrLe,NoMajor,DryMMoistL,,LittleChange,,,LVorOther,LV
WeakUp,Neutral,,,WeakUp,VeryWet,,VeryWet,VeryWet,PC,Cloudy,Clear,PC,Weak,Strong,,,,,Some,,LittleChange,WeakPos,Increasing,SIG,Jul16_Aug10,,AB,,LessThanAve,LessThanAve,,LIGt0,,LessUnstable,,B,PartInhibit,Moderate,,B,SIG,SIG,SIG,LowMtsHighPl,,VeryMoist,Steep,OtherRapid,MoistMDryL,DenvCyclone,LittleChange,Other,,LVorOther,DenvCyclone
StrongUp,Neutral,Down,Neutral,Neutral,Dry,Dry,Neutral,Neutral,Clear,Cloudy,Clear,Clear,,,StrongWest,Weak,,Weak,Some,IncCapDecIns,Increasing,Negative,Decreasing,XNIL,Jul16_Aug10,G,CThruK,,,,G,,Neutral,Average,Average,GJ,,Strong,,G,SIG,SIG,SIG,LowEvrywhere,,Dry,CloseToDryAd,OtherRapid,MoistMDryL,E_W_S,SigNegative,QStationary,AllElse,Westerly,
WeakUp,,Neutral,Neutral,,Neutral,Wet,,Wet,Clear,Clear,Clear,,,,StrongWest,,,,,DecCapIncIns,,,Decreasing,XNIL,May15_Jun14,K,CThruK,PartInhibit,Average,LessThanAve,,LIGt0,Stability,,,ACEFK,PartInhibit,,Strong,K,SIG,SIG,SIG,,Steep,VeryMoist,ModerateOrLe,StrongFront,DryMMoistL,DenvCyclone,SigPositive,,NWQuad,LVorOther,WidespdDnsl
Neutral,Neutral,Neutral,,Neutral,Neutral,VeryWet,Wet,Wet,Clear,PC,Clear,Clear,Weak,Strong,Westerly,Weak,,Weak,Some,IncCapDecIns,Increasing,,LittleChange,,Aug20_Sep15,,CThruK,PartInhibit,Average,MoreThanAve,G,N5GtLIGt_8,Stability,Average,,GJ,TotalInhibit,Weak,,G,XNIL,XNIL,SVR,LowEvrywhere,,Dry,CloseToDryAd,NoMajor,Other,,LittleChange,,NWQuad,LVorOther,WidespdDnsl
StrongUp,WeakUp,,,WeakUp,,Dry,Wet,Wet,PC,PC,,,Weak,Strong,DCVZFavor,,,Strong,Marked,,Increasing,Negative,LittleChange,SIG,Aug20_Sep15,J,CThruK,PartInhibit,MoreThanAve,MoreThanAve,CDEJ,N1GtLIGt_4,Stability,Average,MoreUnstable,GJ,PartInhibit,Moderate,,J,XNIL,XNIL,,LowAtStation,Stable,Dry,Steep,NoMajor,DryMMoistL,E_W_S,LittleChange,,,LVorOther,LV
StrongUp,,WeakUp,WeakUp,WeakUp,Neutral,Dry,Neutral,,,PC,Clear,,,Weak,StrongWest,Strong,,Strong,,,Decreasing,StrongPos,Increasing,XNIL,Jun15_Jul1,J,,,LessThanAve,LessThanAve,CDEJ,,Stability,,LessUnstable,,,Weak,,,XNIL,XNIL,XNIL,Other,ModerateOrLe,,ModerateOrLe,OtherRapid,MoistMDryL,,SigNegative,Other,,LVorOther,LV
Down,WeakUp,StrongUp,,Neutral,Neutral,Dry,,Neutral,PC,,Cloudy,Cloudy,,Strong,,Strong,Weak,Strong,Some,IncCapDecIns,Increasing,WeakPos,Increasing,SIG,Jul16_Aug10,G,CThruK,TotalInhibit,MoreThanAve,,,,Instability,Average,MoreUnstable,GJ,,,Strong,G,SIG,SIG,SIG,,CloseToDryAd,,,OtherRapid,MoistMDryL,,LittleChange,,SWQuad,LVorOther,WidespdDnsl
,WeakUp,StrongUp,,Neutral,VeryWet,Neutral,Wet,Wet,PC,PC,Cloudy,Cloudy,,Strong,DCVZFavor,,,Weak,Some,,Increasing,Negative,LittleChange,,May15_Jun14,H,CThruK,,,MoreThanAve,H,N5GtLIGt_8,Stability,LessUnstable,LessUnstable,HI,PartInhibit,Weak,Slight,H,XNIL,XNIL,SIG,LowMtsHighPl,Stable,,ModerateOrLe,MarkedUpper,DryMMoistL,MovingFtorOt,SigPositive,,NWQuad,LVorOther,DenvCyclone
WeakUp,,WeakUp,WeakUp,,Neutral,,Neutral,Neutral,Clear,PC,Clear,,Strong,Strong,DCVZFavor,Weak,,Weak,,,LittleChange,WeakPos,Decreasing,XNIL,May15_Jun14,B,AB,PartInhibit,LessThanAve,,,N5GtLIGt_8,Instability,Average,LessUnstable,B,,Unfavorable,,B,XNIL,XNIL,XNIL,LowMtsHighPl,Steep,VeryMoist,Steep,NoMajor,DryMMoistL,E_W_N,,,NWQuad,LVorOther,DenvCyclone
Down,Down,Neutral,Down,Down,VeryWet,Dry,Neutral,Neutral,PC,Cloudy,PC,PC,Weak,Strong,Other,,,Weak,,IncCapDecIns,Increasing,,LittleChange,SIG,Aug20_Sep15,E,CThruK,,Average,MoreThanAve,CDEJ,N1GtLIGt_4,Stability,Average,Average,ACEFK,PartInhibit,Strong,Moderate,,XNIL,XNIL,SIG,,Steep,Dry,Steep,NoMajor,MoistMDryL,DryLine,SigNegative,QStationary,SWQuad,LVorOther,LongAnticyc
StrongUp,WeakUp,Neutral,WeakUp,WeakUp,Neutral,Dry,Dry,,PC,PC,PC,Clear,Strong,Strong,Westerly,,Strong,Strong,Some,DecCapIncIns,Decreasing,WeakPos,LittleChange,XNIL,Aug20_Sep15,,CThruK,,,Average,K,,Instability,MoreUnstable,MoreUnstable,ACEFK,,Weak,Slight,K,XNIL,,XNIL,LowEvrywhere,,Average,ModerateOrLe,,,,LittleChange,Other,AllElse,Westerly,LongAnticyc
,Neutral,StrongUp,,WeakUp,Neutral,Neutral,Neutral,,,,PC,Cloudy,Strong,Strong,Other,Weak,,Weak,,LittleChange,LittleChange,StrongPos,,XNIL,Jul16_Aug10,,,,Average,Average,CDEJ,,Instability,,MoreUnstable,GJ,,Moderate,Strong,J,SIG,SIG,SIG,LowAtStation,ModerateOrLe,Average,Steep,NoMajor,MoistMDryL,,LittleChange,Other,,LVorOther,DenvCyclone
Down,Neutral,Neutral,,Neutral,,Wet,Neutral,Neutral,Clear,PC,,PC,,,DCVZFavor,Weak,Weak,Weak,,LittleChange,LittleChange,Neutral,,XNIL,Jun15_Jul1,G,CThruK,Stifling,MoreThanAve,MoreThanAve,,N5GtLIGt_8,,MoreUnstable,MoreUnstable,,,Moderate,,G,SIG,SIG,SIG,LowEvrywhere,CloseToDryAd,Dry,CloseToDryAd,MarkedUpper,MoistMDryL,E_W_S,SigPositive,,LV,LVorOther,
WeakUp,Neutral,WeakUp,WeakUp,WeakUp,Neutral,Dry,Dry,Dry,Clear,PC,Clear,,,,StrongWest,,Strong,Strong,,DecCapIncIns,,,Increasing,XNIL,Aug20_Sep15,B,AB,PartInhibit,MoreThanAve,Average,ABI,N5GtLIGt_8,,MoreUnstable,MoreUnstable,B,PartInhibit,Weak,,B,SVR,SVR,SVR,HighEvrywher,Stable,VeryMoist,Steep,NoMajor,Other,DenvCyclone,PosToNeg,,,,
WeakUp,WeakUp,Neutral,WeakUp,WeakUp,,,Wet,,,PC,,PC,Strong,Strong,Westerly,Weak,,Weak,Some,DecCapIncIns,Decreasing,Neutral,LittleChange,SVR,May15_Jun14,K,,,,LessThanAve,K,,Instability,MoreUnstable,MoreUnstable,ACEFK,PartInhibit,Unfavorable,,K,XNIL,XNIL,SVR,,,Average,,StrongFront,DryMMoistL,MovingFtorOt,SigPositive,QStationary,AllElse,Westerly,WidespdDnsl
Neutral,,WeakUp,WeakUp,WeakUp,Neutral,VeryWet,,Wet,,Clear,PC,PC,,Strong,,Strong,,Weak,Marked,LittleChange,,Neutral,Increasing,SIG,,,CThruK,PartInhibit,MoreThanAve,,,LILt_8,Stability,,,GJ,PartInhibit,Weak,,G,XNIL,XNIL,SIG,LowEvrywhere,CloseToDryAd,Average,CloseToDryAd,MarkedUpper,MoistMDryL,DryLine,PosToNeg,,AllElse,Westerly,
,WeakUp,StrongUp,WeakUp,,Wet,Wet,,Neutral,,PC,Clear,Clear,Strong,Strong,Westerly,Strong,,,,DecCapIncIns,Decreasing,WeakPos,,XNIL,,B,AB,Stifling,MoreThanAve,,ABI,N5GtLIGt_8,Instability,MoreUnstable,,B,PartInhibit,Weak,,B,SIG,SIG,,LowSHighN,Stable,Average,Steep,NoMajor,,E_W_N,,,,Westerly,DenvCyclone
,Neutral,StrongUp,StrongUp,StrongUp,Wet,,Wet,VeryWet,Clear,,PC,Cloudy,,,,,Weak,Weak,,LittleChange,LittleChange,Negative,LittleChange,XNIL,Jul16_Aug10,,CThruK,PartInhibit,LessThanAve,LessThanAve,CDEJ,LIGt0,Stability,,LessUnstable,,PartInhibit,Moderate,Strong,E,,XNIL,XNIL,LowMtsHighPl,Steep,,ModerateOrLe,OtherRapid,MoistMDryL,,SigNegative,,AllElse,Westerly,LV
Down,Neutral,Down,Neutral,Neutral,Neutral,Neutral,Neutral,Neutral,Clear,PC,Clear,Clear,,Strong,StrongWest,Strong,Weak,Weak,Some,LittleChange,LittleChange,Negative,,XNIL,Aug20_Sep15,A,AB,,,LessThanAve,ABI,LIGt0,Stability,LessUnstable,LessUnstable,ACEFK,,Moderate,Strong,A,SVR,SVR,,HighEvrywher,Stable,Average,CloseToDryAd,,DryMMoistL,DenvCyclone,LittleChange,QStationary,,LVorOther,DenvCyclone
WeakUp,WeakUp,WeakUp,WeakUp,WeakUp,VeryWet,Neutral,Wet,VeryWet,,Clear,Clear,PC,Strong,Strong,StrongWest,Strong,Weak,,Marked,LittleChange,LittleChange,Negative,Decreasing,XNIL,,G,,,Average,Average,G,N5GtLIGt_8,Neutral,Average,LessUnstable,GJ,,Moderate,Moderate,G,SIG,SIG,SIG,LowEvrywhere,CloseToDryAd,,CloseToDryAd,StrongFront,,,SigNegative,,,,
StrongUp,Down,WeakUp,WeakUp,WeakUp,,Neutral,VeryWet,Wet,Clear,PC,Clear,Clear,Weak,Strong,DCVZFavor,,Strong,Weak,Marked,IncCapDecIns,Increasing,WeakPos,Increasing,SIG,Aug20_Sep15,B,AB,PartInhibit,LessThanAve,,ABI,,Stability,LessUnstable,LessUnstable,B,TotalInhibit,Weak,,B,XNIL,XNIL,SIG,HighEvrywher,Steep,Dry,ModerateOrLe,OtherRapid,DryMMoistL,DenvCyclone,SigNegative,,AllElse,LVorOther,DenvCyclone
Down,,,Neutral,Neutral,Neutral,Wet,Wet,Wet,Clear,Clear,Clear,Clear,Strong,Strong,DCVZFavor,Strong,,Strong,Some,,Increasing,Negative,Decreasing,SVR,May15_Jun14,K,CThruK,PartInhibit,LessThanAve,LessThanAve,,N1GtLIGt_4,Neutral,LessUnstable,LessUnstable,ACEFK,,Moderate,Strong,K,,SVR,,Other,ModerateOrLe,VeryMoist,ModerateOrLe,MarkedUpper,DryMMoistL,DryLine,SigPositive,,AllElse,Westerly,SEQuad
Down,WeakUp,,WeakUp,WeakUp,Dry,Dry,,,PC,Clear,Clear,PC,,,Westerly,,,,,DecCapIncIns,Decreasing,,LittleChange,XNIL,Jul16_Aug10,,CThruK,PartInhibit,Average,LessThanAve,CDEJ,N5GtLIGt_8,Neutral,,,D,,Moderate,Strong,,SIG,SIG,SIG,LowMtsHighPl,Steep,Dry,Steep,MarkedUpper,MoistMDryL,DryLine,PosToNeg,,NWQuad,LVorOther,
,Neutral,WeakUp,WeakUp,,Dry,Neutral,,Neutral,PC,PC,PC,PC,,,StrongWest,Strong,Strong,,,LittleChange,LittleChange,WeakPos,Increasing,,,K,CThruK,,Average,Average,K,N5GtLIGt_8,,MoreUnstable,MoreUnstable,ACEFK,,Strong,Strong,K,,SVR,SVR,Other,Steep,VeryMoist,ModerateOrLe,MarkedUpper,DryMMoistL,DryLine,SigNegative,Moving,AllElse,LVorOther,WidespdDnsl
Neutral,Neutral,Neutral,,Neutral,Dry,Dry,Wet,Wet,PC,Clear,,Cloudy,Strong,Strong,,Strong,,Weak,Some,IncCapDecIns,Increasing,,Increasing,SIG,Jul16_Aug10,E,CThruK,,,MoreThanAve,CDEJ,N1GtLIGt_4,Neutral,Average,MoreUnstable,ACEFK,PartInhibit,Weak,Slight,E,,XNIL,SIG,,Steep,,,NoMajor,MoistMDryL,,NegToPos,Moving,SWQuad,LVorOther,
StrongUp,StronUp,,StrongUp,,Dry,Dry,Wet,Wet,,PC,Clear,,,,DCVZFavor,Weak,Weak,Strong,,LittleChange,LittleChange,Neutral,LittleChange,XNIL,,I,CThruK,PartInhibit,Average,Average,ABI,LILt_8,Stability,,MoreUnstable,HI,,,,I,SIG,SIG,SIG,LowMtsHighPl,Steep,Average,CloseToDryAd,,DryMMoistL,E_W_N,LittleChange,,SWQuad,Westerly,E_NE
,StronUp,Neutral,,,VeryWet,Neutral,VeryWet,VeryWet,,PC,Clear,Clear,,,Other,,,,,,Decreasing,Negative,Decreasing,,Aug20_Sep15,B,AB,PartInhibit,LessThanAve,LessThanAve,ABI,N5GtLIGt_8,,MoreUnstable,Average,B,PartInhibit,Moderate,,,XNIL,XNIL,SIG,HighEvrywher,,VeryMoist,Steep,NoMajor,Other,E_W_S,,Other,LV,LVorOther,SEQuad
StrongUp,Neutral,,Neutral,Neutral,Dry,,Neutral,,Clear,,Clear,Clear,,,StrongWest,Strong,,Weak,Some,LittleChange,LittleChange,WeakPos,Increasing,XNIL,Jul16_Aug10,F,CThruK,,LessThanAve,LessThanAve,F,N1GtLIGt_4,,Average,MoreUnstable,,,Weak,Strong,F,XNIL,,XNIL,HighEvrywher,,VeryMoist,ModerateOrLe,NoMajor,Other,E_W_N,SigNegative,,AllElse,LVorOther,LV
Down,Neutral,WeakUp,Down,,,Neutral,Wet,,Clear,,Clear,Clear,Weak,Strong,StrongWest,Weak,Weak,,Marked,IncCapDecIns,Increasing,WeakPos,Decreasing,,,B,AB,PartInhibit,LessThanAve,LessThanAve,ABI,N1GtLIGt_4,,,,B,,,,,XNIL,XNIL,SIG,HighEvrywher,ModerateOrLe,,CloseToDryAd,MarkedUpper,MoistMDryL,DenvCyclone,PosToNeg,Other,SWQuad,LVorOther,SEQuad
WeakUp,Neutral,Down,Neutral,Neutral,VeryWet,Wet,,VeryWet,PC,,,PC,Strong,Strong,Other,,,,,,Decreasing,WeakPos,LittleChange,XNIL,Aug20_Sep15,J,,Stifling,MoreThanAve,LessThanAve,CDEJ,N5GtLIGt_8,Neutral,Average,Average,GJ,,Strong,Moderate,J,SVR,SVR,SVR,LowAtStation,Steep,,ModerateOrLe,NoMajor,DryMMoistL,,LittleChange,QStationary,LV,LVorOther,DenvCyclone
StrongUp,WeakUp,,Down,Down,VeryWet,,VeryWet,,Cloudy,Cloudy,Cloudy,,,Strong,Westerly,Strong,,Weak,Some,IncCapDecIns,Increasing,StrongPos,LittleChange,SIG,Aug20_Sep15,K,,,LessThanAve,LessThanAve,K,N1GtLIGt_4,Neutral,,,ACEFK,,Moderate,Moderate,K,SVR,SVR,SVR,,Stable,Dry,ModerateOrLe,StrongFront,,MovingFtorOt,SigNegative,QStationary,NWQuad,Westerly,WidespdDnsl
,,Neutral,WeakUp,WeakUp,Neutral,,,Dry,Cloudy,PC,,,Weak,Weak,Westerly,Weak,Weak,,,,Increasing,,Decreasing,SIG,,C,CThruK,Stifling,MoreThanAve,MoreThanAve,CDEJ,N1GtLIGt_4,,LessUnstable,,ACEFK,PartInhibit,Moderate,Moderate,C,XNIL,XNIL,SIG,LowEvrywhere,Stable,Dry,CloseToDryAd,NoMajor,,E_W_N,PosToNeg,,LV,LVorOther,LongAnticyc
,StronUp,Neutral,,,Wet,Neutral,Neutral,,PC,Clear,PC,PC,Weak,Strong,StrongWest,,Strong,Strong,Marked,,,,,SIG,Aug20_Sep15,A,AB,PartInhibit,Average,Average,ABI,LIGt0,Instability,LessUnstable,LessUnstable,ACEFK,PartInhibit,Moderate,,A,XNIL,XNIL,SIG,LowSHighN,,,Steep,StrongFront,DryMMoistL,Other,PosToNeg,Other,SWQuad,Westerly,
Down,Neutral,Neutral,Neutral,Neutral,,Neutral,VeryWet,VeryWet,Clear,Clear,Clear,PC,Weak,Weak,,Weak,,Weak,Some,IncCapDecIns,Increasing,Negative,Increasing,SIG,,K,CThruK,,Average,MoreThanAve,K,N1GtLIGt_4,Stability,Average,,ACEFK,PartInhibit,Weak,,K,XNIL,XNIL,SIG,Other,ModerateOrLe,Average,CloseToDryAd,StrongFront,Other,MovingFtorOt,SigPositive,,NWQuad,Westerly,LongAnticyc
Neutral,Neutral,WeakUp,WeakUp,WeakUp,Dry,Dry,Dry,Neutral,Cloudy,PC,Cloudy,Cloudy,Strong,Strong,Westerly,,,Weak,Marked,,Decreasing,Negative,,SVR,May15_Jun14,E,CThruK,PartInhibit,Average,,CDEJ,N1GtLIGt_4,Instability,MoreUnstable,LessUnstable,ACEFK,,Moderate,Strong,E,XNIL,XNIL,SVR,,Steep,,ModerateOrLe,NoMajor,MoistMDryL,MovingFtorOt,SigNegative,Moving,SWQuad,LVorOther,LV
Neutral,Neutral,Neutral,Neutral,Neutral,Neutral,Neutral,,Wet,,Clear,Clear,Clear,,,Westerly,,,Weak,Some,LittleChange,LittleChange,Neutral,LittleChange,XNIL,,,CThruK,Stifling,MoreThanAve,,CDEJ,N5GtLIGt_8,Instability,MoreUnstable,MoreUnstable,ACEFK,PartInhibit,,Slight,,XNIL,,XNIL,LowAtStation,Steep,Dry,,NoMajor,MoistMDryL,E_W_N,NegToPos,,,,WidespdDnsl
,WeakUp,Neutral,Down,Down,VeryWet,Dry,Neutral,Dry,,PC,PC,PC,Strong,Strong,DCVZFavor,Strong,,Strong,,LittleChange,LittleChange,Neutral,,,Jul16_Aug10,,CThruK,Stifling,,MoreThanAve,CDEJ,,Stability,Average,Average,ACEFK,,Weak,Strong,,SVR,SVR,,LowSHighN,ModerateOrLe,,Steep,OtherRapid,MoistMDryL,,,,SWQuad,Westerly,LV
Neutral,Neutral,StrongUp,WeakUp,WeakUp,Neutral,Dry,Neutral,Neutral,Clear,,Clear,Clear,Strong,Strong,,Weak,Strong,Weak,Some,,Decreasing,WeakPos,LittleChange,SVR,Aug11_Aug20,,,PartInhibit,LessThanAve,,CDEJ,N5GtLIGt_8,Stability,MoreUnstable,MoreUnstable,GJ,,Weak,Slight,J,XNIL,XNIL,SVR,LowAtStation,Steep,Dry,,NoMajor,,DryLine,SigNegative,Other,LV,LVorOther,LV
Down,Neutral,Neutral,Neutral,Neutral,,VeryWet,Wet,Wet,PC,,,PC,Weak,Strong,,Strong,Strong,Strong,Some,LittleChange,LittleChange,Neutral,Decreasing,XNIL,Jul2_Jul15,E,CThruK,PartInhibit,Average,LessThanAve,CDEJ,LILt_8,,MoreUnstable,MoreUnstable,ACEFK,,,Moderate,,SVR,SVR,SVR,LowNHighS,CloseToDryAd,Dry,ModerateOrLe,NoMajor,Other,DryLine,LittleChange,,SWQuad,LVorOther,LongAnticyc
StrongUp,Neutral,Neutral,WeakUp,,Dry,Dry,VeryWet,VeryWet,,Clear,Clear,PC,Strong,Strong,DCVZFavor,Weak,,,Marked,IncCapDecIns,Increasing,Negative,LittleChange,,Aug20_Sep15,E,CThruK,PartInhibit,Average,MoreThanAve,,N1GtLIGt_4,Stability,Average,Average,ACEFK,,Moderate,,E,SIG,SIG,SIG,LowEvrywhere,CloseToDryAd,Average,ModerateOrLe,NoMajor,MoistMDryL,,NegToPos,,SWQuad,,LongAnticyc
WeakUp,WeakUp,Neutral,,WeakUp,Dry,,VeryWet,,Clear,Clear,Clear,Clear,,Strong,,Weak,Weak,Strong,,LittleChange,LittleChange,,Decreasing,SIG,Aug20_Sep15,I,CThruK,PartInhibit,,LessThanAve,ABI,N1GtLIGt_4,Stability,LessUnstable,LessUnstable,,PartInhibit,Moderate,,I,SIG,,SIG,,Steep,Dry,CloseToDryAd,NoMajor,DryMMoistL,Other,SigNegative,,SWQuad,Westerly,E_NE
Down,WeakUp,Neutral,Down,Down,Neutral,Dry,Dry,Dry,PC,,PC,Cloudy,,,Westerly,,Weak,Weak,,LittleChange,LittleChange,Negative,Decreasing,XNIL,Aug20_Sep15,B,AB,PartInhibit,MoreThanAve,MoreThanAve,ABI,LIGt0,Neutral,LessUnstable,LessUnstable,B,PartInhibit,Weak,,B,XNIL,XNIL,XNIL,LowAtStation,Stable,VeryMoist,ModerateOrLe,NoMajor,Other,E_W_S,,Other,LV,LVorOther,SEQuad
,Neutral,Neutral,WeakUp,WeakUp,Wet,Wet,,Neutral,Cloudy,Cloudy,,Cloudy,,Strong,,,Weak,Weak,Marked,DecCapIncIns,Decreasing,WeakPos,Increasing,SIG,Jul16_Aug10,J,CThruK,Stifling,MoreThanAve,MoreThanAve,CDEJ,N1GtLIGt_4,Neutral,Average,,GJ,,Moderate,Moderate,J,SIG,SIG,SIG,LowEvrywhere,,Average,Steep,NoMajor,Other,,LittleChange,,LV,LVorOther,LV
Neutral,,Neutral,WeakUp,,Neutral,Dry,Dry,Dry,Clear,,PC,Clear,Strong,Strong,,Strong,Weak,Weak,Marked,IncCapDecIns,Increasing,WeakPos,Increasing,SVR,Jul16_Aug10,,AB,,,Average,ABI,N1GtLIGt_4,Stability,LessUnstable,,ACEFK,Stifling,,,A,XNIL,,,HighEvrywher,Steep,VeryMoist,CloseToDryAd,,Other,E_W_S,PosToNeg,,,Westerly,DenvCyclone
WeakUp,Neutral,Down,,Down,Neutral,Neutral,Neutral,Neutral,Clear,PC,,Clear,,,Westerly,,,,,LittleChange,LittleChange,Neutral,LittleChange,XNIL,Jul16_Aug10,C,CThruK,Stifling,,MoreThanAve,CDEJ,LIGt0,Stability,LessUnstable,LessUnstable,,,Weak,,C,XNIL,XNIL,XNIL,,Steep,Dry,ModerateOrLe,StrongFront,,E_W_N,LittleChange,,SWQuad,,
Down,Neutral,Down,Neutral,Neutral,Neutral,VeryWet,VeryWet,VeryWet,,PC,PC,PC,,Weak,Westerly,Weak,,,,LittleChange,LittleChange,Negative,,SIG,Aug20_Sep15,C,CThruK,Stifling,MoreThanAve,MoreThanAve,CDEJ,LIGt0,Stability,LessUnstable,LessUnstable,ACEFK,PartInhibit,Weak,,C,XNIL,XNIL,,LowEvrywhere,CloseToDryAd,Average,,NoMajor,MoistMDryL,E_W_N,NegToPos,,NWQuad,Westerly,LongAnticyc
WeakUp,Neutral,WeakUp,WeakUp,WeakUp,,Dry,Dry,Wet,PC,Clear,,,,Weak,DCVZFavor,Weak,,,,,Increasing,Neutral,LittleChange,XNIL,Aug20_Sep15,,CThruK,PartInhibit,Average,MoreThanAve,K,N5GtLIGt_8,Instability,Average,,ACEFK,PartInhibit,,Slight,K,XNIL,XNIL,,,Steep,VeryMoist,CloseToDryAd,MarkedUpper,,,,,AllElse,Westerly,WidespdDnsl
StrongUp,Neutral,Down,,Neutral,Neutral,Neutral,Wet,,Clear,Clear,Clear,Clear,Strong,Strong,StrongWest,Strong,,Weak,Some,,LittleChange,WeakPos,LittleChange,SIG,Jun15_Jul1,B,AB,PartInhibit,LessThanAve,LessThanAve,ABI,,Stability,LessUnstable,LessUnstable,B,,Weak,Strong,B,SIG,SIG,SIG,LowMtsHighPl,,Average,CloseToDryAd,NoMajor,Other,DenvCyclone,NegToPos,Other,LV,Westerly,
StrongUp,,,StrongUp,StrongUp,,,Neutral,Wet,,PC,PC,PC,Weak,,Westerly,Weak,,Weak,Some,LittleChange,LittleChange,Neutral,LittleChange,XNIL,,I,,PartInhibit,LessThanAve,,ABI,N5GtLIGt_8,Neutral,Average,MoreUnstable,HI,PartInhibit,Weak,Slight,I,,SVR,,LowMtsHighPl,CloseToDryAd,Average,Steep,,DryMMoistL,,,QStationary,AllElse,,E_NE
,Down,Neutral,,Neutral,Dry,Wet,Neutral,Neutral,,Cloudy,PC,PC,Strong,,,Strong,,Weak,Some,LittleChange,LittleChange,StrongPos,Increasing,SVR,Jul2_Jul15,I,,PartInhibit,LessThanAve,LessThanAve,ABI,N1GtLIGt_4,Neutral,,Average,HI,Stifling,Strong,,I,XNIL,XNIL,,LowSHighN,ModerateOrLe,,CloseToDryAd,StrongFront,DryMMoistL,E_W_S,SigNegative,QStationary,,LVorOther,LV
Down,,Neutral,Neutral,Neutral,Neutral,,,Neutral,PC,PC,PC,Cloudy,,Strong,Other,,Weak,Weak,,LittleChange,LittleChange,Negative,Increasing,SIG,,B,,Stifling,,Average,ABI,N1GtLIGt_4,Instability,Average,Average,,,Moderate,Strong,B,XNIL,,SIG,LowMtsHighPl,Stable,Average,ModerateOrLe,,DryMMoistL,MovingFtorOt,LittleChange,Moving,AllElse,Westerly,DenvCyclone
StrongUp,WeakUp,StrongUp,StrongUp,StrongUp,Neutral,Wet,,,Clear,Cloudy,Clear,PC,,Weak,,Weak,,Weak,Some,LittleChange,LittleChange,Negative,Decreasing,SIG,Jul16_Aug10,E,CThruK,PartInhibit,Average,Average,CDEJ,N5GtLIGt_8,Instability,Average,LessUnstable,,PartInhibit,Weak,,E,XNIL,,SIG,LowEvrywhere,ModerateOrLe,Average,Steep,MarkedUpper,MoistMDryL,E_W_N,NegToPos,,SWQuad,Westerly,DenvCyclone
Down,Neutral,Neutral,Neutral,,Neutral,Dry,Neutral,,Clear,Clear,Clear,,,,Westerly,,,Weak,,,,WeakPos,Increasing,XNIL,May15_Jun14,D,CThruK,TotalInhibit,MoreThanAve,,CDEJ,,Stability,,,D,TotalInhibit,Moderate,,D,XNIL,XNIL,XNIL,LowAtStation,Steep,,CloseToDryAd,MarkedUpper,DryMMoistL,,PosToNeg,,NWQuad,Westerly,WidespdDnsl
,StronUp,,WeakUp,WeakUp,Neutral,Neutral,Dry,,Cloudy,Clear,,Cloudy,Weak,,StrongWest,Strong,,Weak,Some,IncCapDecIns,Increasing,Neutral,Decreasing,SIG,Jun15_Jul1,,,,,,ABI,,,MoreUnstable,Average,HI,,,Strong,I,XNIL,XNIL,SIG,LowSHighN,Steep,Average,ModerateOrLe,NoMajor,DryMMoistL,E_W_S,SigPositive,QStationary,LV,Westerly,DenvCyclone
StrongUp,,,StrongUp,,Wet,Dry,Wet,VeryWet,PC,Clear,Clear,,Strong,Strong,DCVZFavor,Strong,,Weak,Marked,IncCapDecIns,Increasing,WeakPos,Increasing,SIG,Jul2_Jul15,H,CThruK,,Average,MoreThanAve,H,N1GtLIGt_4,Instability,MoreUnstable,MoreUnstable,HI,PartInhibit,Strong,Strong,,SVR,,SIG,LowMtsHighPl,,Average,,NoMajor,DryMMoistL,Other,SigNegative,,LV,,E_NE
Neutral,Neutral,WeakUp,Neutral,Neutral,VeryWet,Dry,VeryWet,VeryWet,Clear,PC,PC,Cloudy,,Strong,StrongWest,Strong,,Weak,Marked,IncCapDecIns,Increasing,Neutral,LittleChange,SIG,Jul2_Jul15,,CThruK,PartInhibit,,MoreThanAve,CDEJ,,Stability,,LessUnstable,,,,Moderate,J,,XNIL,SIG,LowAtStation,,Average,Steep,,DryMMoistL,,LittleChange,,LV,,LV
StrongUp,WeakUp,Down,Down,Down,Neutral,Neutral,Wet,,PC,Cloudy,Cloudy,Cloudy,,,StrongWest,,,,,IncCapDecIns,Increasing,WeakPos,Increasing,XNIL,Aug20_Sep15,E,,PartInhibit,Average,MoreThanAve,CDEJ,N5GtLIGt_8,Neutral,MoreUnstable,MoreUnstable,ACEFK,,,,E,XNIL,,XNIL,LowAtStation,Stable,Dry,,OtherRapid,MoistMDryL,MovingFtorOt,,,SWQuad,LVorOther,DenvCyclone
StrongUp,Neutral,Neutral,WeakUp,WeakUp,Dry,Neutral,Dry,Neutral,PC,,Clear,Clear,,,DCVZFavor,,,,,LittleChange,LittleChange,WeakPos,,,Aug20_Sep15,B,AB,PartInhibit,Average,Average,ABI,N1GtLIGt_4,Stability,LessUnstable,Average,,,Moderate,,B,XNIL,XNIL,XNIL,LowSHighN,ModerateOrLe,VeryMoist,ModerateOrLe,NoMajor,DryMMoistL,DenvCyclone,LittleChange,,SWQuad,Westerly,LV
StrongUp,,,Neutral,Neutral,Wet,,Neutral,Neutral,,,,,,,,,Weak,,,LittleChange,LittleChange,,LittleChange,XNIL,,K,,PartInhibit,Average,Average,K,LILt_8,Stability,MoreUnstable,,ACEFK,,,Strong,K,SIG,SIG,SIG,LowEvrywhere,Steep,Average,Steep,,DryMMoistL,,NegToPos,,NWQuad,,WidespdDnsl
Down,Neutral,WeakUp,,,Wet,Wet,Dry,Neutral,PC,Cloudy,PC,,Strong,,,Strong,,Weak,,LittleChange,LittleChange,Neutral,LittleChange,,Aug20_Sep15,K,CThruK,,,MoreThanAve,,,Stability,Average,MoreUnstable,ACEFK,Stifling,Strong,Moderate,,,SVR,SVR,LowAtStation,ModerateOrLe,VeryMoist,Steep,StrongFront,,,SigPositive,Other,NWQuad,LVorOther,WidespdDnsl
StrongUp,Down,Neutral,Neutral,Neutral,Neutral,,Neutral,Neutral,PC,PC,PC,PC,,,DCVZFavor,,,,,,LittleChange,WeakPos,Decreasing,XNIL,May15_Jun14,,,Stifling,MoreThanAve,MoreThanAve,K,N5GtLIGt_8,Instability,MoreUnstable,LessUnstable,ACEFK,PartInhibit,,,K,XNIL,XNIL,XNIL,LowSHighN,,Dry,ModerateOrLe,StrongFront,,DryLine,SigNegative,,NWQuad,LVorOther,
StrongUp,Down,Neutral,Neutral,Neutral,Neutral,VeryWet,Wet,Wet,PC,Clear,,,Weak,Strong,DCVZFavor,,Strong,,Marked,LittleChange,,Negative,Decreasing,SVR,May15_Jun14,B,AB,TotalInhibit,MoreThanAve,MoreThanAve,ABI,,Stability,,LessUnstable,B,Stifling,,Moderate,B,SIG,SIG,SVR,LowAtStation,Stable,Average,Steep,NoMajor,DryMMoistL,DenvCyclone,PosToNeg,Other,SWQuad,LVorOther,E_NE
,,WeakUp,Neutral,Neutral,Wet,,VeryWet,VeryWet,PC,Clear,Clear,Clear,Weak,Weak,,,Strong,Weak,,,,Negative,Decreasing,SIG,May15_Jun14,G,CThruK,Stifling,MoreThanAve,Average,,N1GtLIGt_4,Stability,Average,LessUnstable,GJ,PartInhibit,,Moderate,G,XNIL,XNIL,SIG,LowSHighN,CloseToDryAd,,CloseToDryAd,,Other,Other,NegToPos,,SWQuad,Westerly,
StrongUp,Neutral,Down,WeakUp,,,Neutral,,,PC,Clear,PC,Cloudy,,,Other,,Weak,Weak,,IncCapDecIns,Increasing,WeakPos,Increasing,,,K,CThruK,PartInhibit,Average,MoreThanAve,K,N5GtLIGt_8,Neutral,MoreUnstable,,,PartInhibit,Moderate,Slight,K,XNIL,XNIL,XNIL,LowNHighS,Steep,Dry,Steep,MarkedUpper,Other,DenvCyclone,SigPositive,,SWQuad,LVorOther,WidespdDnsl
Neutral,WeakUp,WeakUp,WeakUp,WeakUp,VeryWet,Wet,VeryWet,VeryWet,,PC,PC,,Strong,Strong,StrongWest,Strong,,Strong,,,LittleChange,,LittleChange,SVR,Aug20_Sep15,G,CThruK,PartInhibit,Average,Average,G,N1GtLIGt_4,Stability,,,GJ,,Moderate,Slight,G,XNIL,XNIL,SVR,,Steep,Dry,CloseToDryAd,,,,LittleChange,,NWQuad,LVorOther,LV
WeakUp,Neutral,WeakUp,Neutral,Neutral,,Neutral,Neutral,Neutral,,,Clear,Clear,Strong,Strong,Other,Weak,Weak,Weak,Some,LittleChange,LittleChange,Neutral,Decreasing,SIG,Jul16_Aug10,E,CThruK,PartInhibit,Average,Average,CDEJ,N1GtLIGt_4,,LessUnstable,LessUnstable,ACEFK,,Weak,Slight,,XNIL,SVR,SVR,LowMtsHighPl,ModerateOrLe,Dry,ModerateOrLe,NoMajor,MoistMDryL,,LittleChange,,SWQuad,LVorOther,LV
Neutral,Neutral,Neutral,Neutral,,Neutral,Neutral,Neutral,Neutral,Clear,PC,,,,,DCVZFavor,,,,,,Increasing,,LittleChange,,Jun15_Jul1,E,CThruK,PartInhibit,,LessThanAve,CDEJ,N1GtLIGt_4,Instability,MoreUnstable,MoreUnstable,,,Weak,Moderate,E,,SIG,SIG,Other,,VeryMoist,ModerateOrLe,OtherRapid,Other,,LittleChange,,NWQuad,Westerly,
,Neutral,Neutral,Neutral,Neutral,Neutral,Wet,Neutral,Neutral,PC,Clear,PC,PC,,,StrongWest,,,,,LittleChange,LittleChange,Neutral,Increasing,XNIL,Aug20_Sep15,B,AB,PartInhibit,,LessThanAve,ABI,N1GtLIGt_4,Instability,MoreUnstable,MoreUnstable,B,,,Slight,,,SIG,,LowAtStation,Stable,Average,ModerateOrLe,MarkedUpper,Other,,LittleChange,,SWQuad,Westerly,E_NE
,Neutral,Neutral,,Neutral,VeryWet,Wet,Neutral,Neutral,PC,Clear,PC,PC,,,StrongWest,,Weak,,,LittleChange,,Negative,Decreasing,,May15_Jun14,C,CThruK,PartInhibit,Average,,CDEJ,N5GtLIGt_8,,MoreUnstable,Average,,PartInhibit,Weak,,C,XNIL,XNIL,XNIL,LowEvrywhere,Steep,Dry,CloseToDryAd,NoMajor,Other,E_W_N,SigPositive,Other,NWQuad,Westerly,
WeakUp,Neutral,Down,WeakUp,WeakUp,Neutral,,Neutral,Wet,PC,Clear,Clear,Clear,Strong,Strong,StrongWest,Strong,,,Some,LittleChange,LittleChange,Negative,Decreasing,,,E,CThruK,,Average,Average,,,Neutral,MoreUnstable,Average,ACEFK,,Weak,,E,XNIL,XNIL,SIG,LowNHighS,Steep,Average,Steep,NoMajor,,DryLine,LittleChange,,SWQuad,Westerly,LV
Neutral,WeakUp,Neutral,,Neutral,,Neutral,Neutral,Neutral,PC,Cloudy,PC,PC,Weak,,DCVZFavor,,,,,,,StrongPos,Increasing,SIG,Jun15_Jul1,C,CThruK,Stifling,Average,Average,CDEJ,N1GtLIGt_4,Stability,LessUnstable,LessUnstable,ACEFK,Stifling,Weak,,C,,XNIL,SIG,LowMtsHighPl,Steep,Average,ModerateOrLe,StrongFront,DryMMoistL,E_W_N,,Moving,,Westerly,
Neutral,Neutral,StrongUp,Neutral,Neutral,,Neutral,Dry,Dry,,Clear,Clear,Clear,,,,,Weak,Weak,,LittleChange,LittleChange,Neutral,Increasing,XNIL,Jul16_Aug10,,,TotalInhibit,MoreThanAve,,,N5GtLIGt_8,Stability,LessUnstable,MoreUnstable,B,PartInhibit,Unfavorable,,B,,XNIL,,HighEvrywher,Steep,Dry,CloseToDryAd,StrongFront,Other,,LittleChange,Other,LV,LVorOther,E_NE
StrongUp,Neutral,Down,StrongUp,StrongUp,Wet,Wet,Wet,,Clear,PC,Clear,Clear,,,Westerly,,,Weak,,,Decreasing,,Increasing,XNIL,May15_Jun14,A,,,Average,LessThanAve,ABI,N5GtLIGt_8,Stability,MoreUnstable,MoreUnstable,ACEFK,PartInhibit,Strong,Slight,A,SVR,,SVR,,Stable,,Steep,StrongFront,DryMMoistL,,PosToNeg,Other,SWQuad,,LV
,Neutral,Down,Neutral,Neutral,Neutral,,Wet,Wet,PC,PC,PC,PC,Strong,Strong,DCVZFavor,Strong,,Strong,Marked,DecCapIncIns,Decreasing,Neutral,Decreasing,SVR,Aug11_Aug20,E,,PartInhibit,Average,,,N1GtLIGt_4,Stability,LessUnstable,LessUnstable,ACEFK,PartInhibit,Moderate,Slight,E,,,SVR,LowSHighN,Steep,Dry,ModerateOrLe,NoMajor,MoistMDryL,E_W_N,LittleChange,,SWQuad,Westerly,DenvCyclone
StrongUp,Neutral,Down,Neutral,Neutral,Wet,Neutral,Wet,Wet,Clear,,Clear,Clear,,,Westerly,,Weak,Weak,,IncCapDecIns,Increasing,Neutral,Increasing,,Aug20_Sep15,,CThruK,,LessThanAve,,,N5GtLIGt_8,Neutral,Average,MoreUnstable,ACEFK,Stifling,Weak,,C,XNIL,XNIL,XNIL,LowEvrywhere,Stable,Average,Steep,OtherRapid,Other,E_W_N,SigPositive,,NWQuad,Westerly,LongAnticyc
Down,Down,Down,Down,Down,Neutral,Neutral,Neutral,Dry,Cloudy,PC,,PC,Strong,,Other,Strong,,,,IncCapDecIns,Increasing,Negative,LittleChange,XNIL,May15_Jun14,,AB,PartInhibit,MoreThanAve,MoreThanAve,ABI,N1GtLIGt_4,Instability,Average,Average,B,PartInhibit,Weak,,B,,XNIL,XNIL,LowMtsHighPl,Steep,Average,Steep,NoMajor,Other,E_W_S,PosToNeg,Moving,LV,,DenvCyclone
Neutral,Down,Neutral,Neutral,,Neutral,Neutral,,,Clear,PC,Clear,Clear,,,DCVZFavor,,,,,DecCapIncIns,Decreasing,StrongPos,Increasing,,May15_Jun14,G,CThruK,PartInhibit,Average,Average,G,N1GtLIGt_4,Neutral,Average,Average,GJ,PartInhibit,Strong,,G,SIG,,SIG,LowEvrywhere,Steep,,CloseToDryAd,MarkedUpper,MoistMDryL,Other,LittleChange,,,,LV
WeakUp,Neutral,StrongUp,WeakUp,WeakUp,Dry,Neutral,VeryWet,,Clear,Clear,Clear,Clear,Strong,Strong,DCVZFavor,Weak,,Strong,Marked,LittleChange,LittleChange,Neutral,LittleChange,SVR,Aug20_Sep15,E,CThruK,,LessThanAve,LessThanAve,CDEJ,N1GtLIGt_4,Neutral,MoreUnstable,MoreUnstable,ACEFK,,Strong,Strong,E,SIG,SIG,SVR,LowAtStation,,Average,ModerateOrLe,NoMajor,DryMMoistL,Other,PosToNeg,,SWQuad,LVorOther,LV
WeakUp,WeakUp,StrongUp,StrongUp,StrongUp,Neutral,Neutral,Dry,,PC,PC,PC,Cloudy,,,Westerly,,,,,IncCapDecIns,,WeakPos,Increasing,XNIL,,B,AB,Stifling,Average,MoreThanAve,ABI,LIGt0,Neutral,LessUnstable,Average,B,Stifling,Moderate,Slight,,SVR,SVR,SVR,,Steep,VeryMoist,Steep,,DryMMoistL,DenvCyclone,PosToNeg,Other,,LVorOther,DenvCyclone
Down,,Down,Down,Down,Dry,,Wet,Wet,,Clear,PC,,,Strong,Other,,Strong,,,IncCapDecIns,Increasing,WeakPos,Increasing,SVR,Jul16_Aug10,E,CThruK,,MoreThanAve,MoreThanAve,,N5GtLIGt_8,Instability,LessUnstable,,ACEFK,PartInhibit,Strong,Slight,E,,SIG,SVR,,CloseToDryAd,Dry,ModerateOrLe,NoMajor,MoistMDryL,,PosToNeg,,,Westerly,LV
WeakUp,Down,WeakUp,Neutral,,,Neutral,Dry,Dry,,PC,Cloudy,,,Weak,DCVZFavor,,Strong,Weak,Marked,LittleChange,,WeakPos,Increasing,XNIL,Jul16_Aug10,J,CThruK,PartInhibit,LessThanAve,LessThanAve,CDEJ,N1GtLIGt_4,Instability,MoreUnstable,MoreUnstable,,PartInhibit,Strong,Strong,J,SVR,SVR,,LowEvrywhere,Steep,,CloseToDryAd,,DryMMoistL,Other,LittleChange,,LV,LVorOther,DenvCyclone
,Neutral,Neutral,,Neutral,Wet,Neutral,Neutral,Neutral,Clear,Clear,Clear,Clear,Weak,Strong,StrongWest,Strong,,Strong,Marked,IncCapDecIns,,StrongPos,Increasing,,Jun15_Jul1,,CThruK,Stifling,MoreThanAve,MoreThanAve,CDEJ,N1GtLIGt_4,Stability,Average,MoreUnstable,ACEFK,,Moderate,Moderate,C,XNIL,XNIL,SVR,LowEvrywhere,Steep,Dry,CloseToDryAd,OtherRapid,DryMMoistL,E_W_N,NegToPos,,NWQuad,LVorOther,LongAnticyc
Neutral,,WeakUp,Neutral,Neutral,Dry,Neutral,,Dry,PC,,Cloudy,Cloudy,Weak,Weak,StrongWest,Strong,,,Some,IncCapDecIns,Increasing,StrongPos,Increasing,SIG,Jul2_Jul15,,CThruK,PartInhibit,LessThanAve,MoreThanAve,CDEJ,N1GtLIGt_4,Stability,LessUnstable,Average,,PartInhibit,Unfavorable,,,XNIL,XNIL,SIG,LowNHighS,CloseToDryAd,Average,Steep,NoMajor,,E_W_N,PosToNeg,,,,
,Neutral,,Down,Down,Dry,Wet,Dry,Dry,Clear,Cloudy,,Clear,,,StrongWest,,,Weak,,IncCapDecIns,Increasing,Negative,LittleChange,XNIL,Jul16_Aug10,,CThruK,,,Average,,N5GtLIGt_8,,,LessUnstable,ACEFK,PartInhibit,Weak,,C,XNIL,XNIL,XNIL,LowEvrywhere,CloseToDryAd,Average,,NoMajor,Other,E_W_S,NegToPos,,NWQuad,LVorOther,LongAnticyc
Neutral,Neutral,Down,Neutral,Neutral,,Neutral,Dry,,PC,PC,Cloudy,Cloudy,Strong,,StrongWest,Strong,Strong,Weak,Marked,LittleChange,LittleChange,StrongPos,Increasing,SVR,Jul2_Jul15,G,CThruK,PartInhibit,LessThanAve,LessThanAve,,N1GtLIGt_4,,Average,,GJ,TotalInhibit,Strong,Slight,G,XNIL,XNIL,SVR,LowSHighN,CloseToDryAd,Dry,CloseToDryAd,,MoistMDryL,,LittleChange,,SWQuad,Westerly,SEQuad
WeakUp,Neutral,Neutral,,Neutral,Neutral,Wet,Wet,Wet,PC,Clear,PC,PC,Weak,Weak,Other,,,Weak,,IncCapDecIns,Increasing,Negative,LittleChange,XNIL,Jun15_Jul1,G,CThruK,PartInhibit,,,G,N5GtLIGt_8,Neutral,Average,MoreUnstable,GJ,PartInhibit,,Slight,,SIG,SIG,SIG,,,,CloseToDryAd,MarkedUpper,MoistMDryL,Other,LittleChange,,SWQuad,Westerly,LV
Neutral,,Neutral,WeakUp,WeakUp,VeryWet,,VeryWet,VeryWet,Clear,Clear,Clear,PC,Weak,,,Weak,,Weak,,IncCapDecIns,,Negative,Increasing,SVR,,K,CThruK,,MoreThanAve,,K,N1GtLIGt_4,Instability,LessUnstable,,ACEFK,,Moderate,,K,XNIL,XNIL,SVR,LowNHighS,,Average,ModerateOrLe,StrongFront,DryMMoistL,E_W_N,NegToPos,QStationary,NWQuad,Westerly,LongAnticyc
Neutral,Down,,,Down,VeryWet,Neutral,VeryWet,Wet,,PC,Clear,Clear,,Strong,Westerly,Weak,,,Some,LittleChange,LittleChange,WeakPos,Increasing,SIG,Jul2_Jul15,,CThruK,Stifling,Average,,CDEJ,,Neutral,LessUnstable,,D,,Moderate,,D,,,SIG,,Steep,Average,ModerateOrLe,MarkedUpper,,,PosToNeg,,NWQuad,,SEQuad
Down,Down,Neutral,Down,Down,Dry,Dry,,,Clear,Clear,Clear,,Strong,Strong,StrongWest,Strong,Weak,,Marked,LittleChange,LittleChange,Neutral,LittleChange,SIG,Aug20_Sep15,,CThruK,PartInhibit,MoreThanAve,MoreThanAve,G,N5GtLIGt_8,Stability,Average,Average,,PartInhibit,Moderate,Moderate,G,SIG,SVR,,LowAtStation,,Dry,,MarkedUpper,Other,Other,,,AllElse,Westerly,WidespdDnsl
,Down,Neutral,Neutral,,Dry,,VeryWet,Wet,Clear,PC,PC,PC,,,DCVZFavor,,,,,DecCapIncIns,Decreasing,Negative,Decreasing,XNIL,Jun15_Jul1,,AB,,LessThanAve,,ABI,N1GtLIGt_4,Stability,LessUnstable,LessUnstable,,PartInhibit,Unfavorable,,B,XNIL,XNIL,XNIL,LowEvrywhere,Steep,Average,Steep,NoMajor,,,LittleChange,QStationary,AllElse,LVorOther,
Down,Down,Neutral,Down,,Neutral,Dry,Wet,Neutral,PC,PC,Cloudy,,Weak,,DCVZFavor,Weak,Weak,Weak,Marked,LittleChange,LittleChange,Negative,Decreasing,XNIL,Jul16_Aug10,,CThruK,,,LessThanAve,G,N1GtLIGt_4,,Average,LessUnstable,GJ,,Moderate,Moderate,G,XNIL,XNIL,,LowAtStation,Steep,Dry,CloseToDryAd,NoMajor,,Other,PosToNeg,,AllElse,Westerly,LongAnticyc
WeakUp,WeakUp,StrongUp,StrongUp,StrongUp,Dry,Dry,Dry,Neutral,Clear,Cloudy,Clear,,Weak,,,,,Strong,Marked,LittleChange,LittleChange,Neutral,Decreasing,XNIL,Jul16_Aug10,,,PartInhibit,,LessThanAve,CDEJ,N1GtLIGt_4,Instability,Average,LessUnstable,GJ,,Moderate,Strong,J,,XNIL,XNIL,LowSHighN,Stable,Average,ModerateOrLe,NoMajor,DryMMoistL,E_W_S,LittleChange,,,LVorOther,LV
Down,Down,Neutral,Down,Down,Wet,VeryWet,Wet,Wet,Clear,,,Clear,Strong,Strong,,,,Weak,,LittleChange,LittleChange,Neutral,LittleChange,,Jun15_Jul1,D,CThruK,PartInhibit,Average,Average,CDEJ,LILt_8,Stability,LessUnstable,LessUnstable,D,,Unfavorable,,D,,XNIL,SIG,LowAtStation,CloseToDryAd,Dry,CloseToDryAd,MarkedUpper,Other,,LittleChange,,,,LV
StrongUp,Neutral,Neutral,WeakUp,WeakUp,VeryWet,Wet,VeryWet,VeryWet,,Cloudy,,Cloudy,Weak,,,,Weak,Weak,,IncCapDecIns,,WeakPos,,,,E,,PartInhibit,Average,MoreThanAve,CDEJ,N1GtLIGt_4,Neutral,,MoreUnstable,ACEFK,,Unfavorable,,,,SVR,SVR,HighEvrywher,,Dry,ModerateOrLe,NoMajor,MoistMDryL,Other,LittleChange,,,Westerly,WidespdDnsl
Neutral,Down,Neutral,Neutral,Neutral,Neutral,Neutral,Dry,Dry,Clear,,PC,PC,,,DCVZFavor,,,Weak,,LittleChange,LittleChange,Negative,LittleChange,XNIL,May15_Jun14,H,CThruK,,LessThanAve,,H,N1GtLIGt_4,Stability,LessUnstable,,,,Weak,,H,XNIL,XNIL,XNIL,,Stable,VeryMoist,,MarkedUpper,,,,,NWQuad,,E_NE
WeakUp,Neutral,Neutral,,WeakUp,Wet,Dry,Dry,Neutral,Clear,PC,PC,PC,Weak,Weak,Other,,,,,,LittleChange,WeakPos,Increasing,,Aug20_Sep15,I,CThruK,,MoreThanAve,MoreThanAve,ABI,N1GtLIGt_4,Stability,LessUnstable,MoreUnstable,HI,PartInhibit,Weak,,I,SVR,SVR,SVR,LowSHighN,CloseToDryAd,Average,Steep,,MoistMDryL,,LittleChange,QStationary,,LVorOther,DenvCyclone
,Neutral,Down,Down,,Dry,VeryWet,Dry,Dry,PC,Clear,Clear,Clear,,Strong,Westerly,Weak,,Weak,Some,IncCapDecIns,Increasing,Negative,Increasing,,Jul16_Aug10,E,CThruK,PartInhibit,Average,Average,CDEJ,LILt_8,Stability,MoreUnstable,MoreUnstable,,,Moderate,Slight,E,SVR,,,LowSHighN,Steep,Dry,,NoMajor,MoistMDryL,DryLine,NegToPos,,SWQuad,Westerly,WidespdDnsl
Neutral,Down,Neutral,,Down,Wet,Neutral,Neutral,,Clear,Clear,Clear,,,Strong,StrongWest,Strong,,Weak,,IncCapDecIns,Increasing,Negative,LittleChange,XNIL,Jul16_Aug10,D,CThruK,PartInhibit,LessThanAve,Average,CDEJ,N1GtLIGt_4,Instability,MoreUnstable,MoreUnstable,D,PartInhibit,Weak,,D,XNIL,XNIL,XNIL,,ModerateOrLe,,ModerateOrLe,StrongFront,DryMMoistL,DryLine,SigNegative,,AllElse,Westerly,SEQuad
Down,Neutral,StrongUp,Neutral,Neutral,Neutral,Dry,Dry,Dry,PC,Clear,Clear,Clear,Weak,Strong,,Strong,,Strong,Some,DecCapIncIns,Decreasing,Negative,Decreasing,SIG,Aug11_Aug20,,CThruK,PartInhibit,LessThanAve,,CDEJ,LILt_8,Stability,Average,LessUnstable,GJ,,Strong,Strong,J,XNIL,XNIL,,LowMtsHighPl,Steep,VeryMoist,,NoMajor,MoistMDryL,DryLine,LittleChange,QStationary,LV,,LV
StrongUp,,Neutral,WeakUp,WeakUp,Neutral,Neutral,Wet,Wet,PC,Clear,,Clear,Strong,Strong,Other,Weak,Strong,Strong,,LittleChange,LittleChange,Negative,Decreasing,SVR,,B,,,,LessThanAve,ABI,N5GtLIGt_8,Stability,MoreUnstable,LessUnstable,B,,Moderate,Moderate,B,SVR,SVR,SVR,,,VeryMoist,Steep,NoMajor,,DenvCyclone,SigPositive,Other,LV,LVorOther,DenvCyclone
,Neutral,Neutral,Neutral,Neutral,Neutral,Dry,Neutral,VeryWet,PC,Clear,,Clear,,Strong,DCVZFavor,Strong,Weak,Weak,Some,LittleChange,,Negative,Decreasing,,,K,CThruK,PartInhibit,Average,Average,K,N1GtLIGt_4,,Average,LessUnstable,ACEFK,TotalInhibit,Strong,,,XNIL,XNIL,SIG,LowNHighS,Stable,Average,,StrongFront,Other,,SigPositive,Other,NWQuad,LVorOther,
Down,Neutral,StrongUp,StrongUp,StrongUp,Wet,VeryWet,Wet,Wet,PC,PC,,Cloudy,,,StrongWest,,,,,LittleChange,,Neutral,Decreasing,,Jul2_Jul15,G,,,LessThanAve,LessThanAve,G,N5GtLIGt_8,,Average,LessUnstable,GJ,TotalInhibit,Weak,,G,XNIL,XNIL,XNIL,LowEvrywhere,CloseToDryAd,Dry,CloseToDryAd,MarkedUpper,MoistMDryL,DryLine,SigNegative,,NWQuad,Westerly,
StrongUp,Neutral,Down,Neutral,,,,,Wet,PC,,PC,,,,StrongWest,,Strong,Strong,,DecCapIncIns,Decreasing,WeakPos,,XNIL,May15_Jun14,C,CThruK,PartInhibit,,LessThanAve,CDEJ,,Stability,LessUnstable,LessUnstable,ACEFK,PartInhibit,Weak,,C,XNIL,XNIL,XNIL,LowNHighS,,Average,ModerateOrLe,NoMajor,DryMMoistL,,NegToPos,QStationary,,Westerly,LongAnticyc
Neutral,StronUp,StrongUp,,StrongUp,Dry,,VeryWet,VeryWet,PC,,,Cloudy,,Strong,StrongWest,Strong,Weak,Strong,Marked,IncCapDecIns,Increasing,Neutral,Increasing,XNIL,Jul16_Aug10,J,CThruK,,LessThanAve,MoreThanAve,CDEJ,N1GtLIGt_4,Stability,LessUnstable,LessUnstable,GJ,PartInhibit,,Moderate,J,XNIL,XNIL,XNIL,,ModerateOrLe,,Steep,,,,LittleChange,,LV,LVorOther,LV
Down,WeakUp,WeakUp,WeakUp,,Neutral,Neutral,Neutral,Neutral,Clear,Clear,Clear,Clear,Strong,Strong,Westerly,Strong,,Strong,Some,LittleChange,LittleChange,Neutral,Increasing,SIG,,,,PartInhibit,,Average,K,N5GtLIGt_8,Stability,Average,MoreUnstable,ACEFK,PartInhibit,,,,XNIL,,SIG,Other,ModerateOrLe,Average,,StrongFront,MoistMDryL,E_W_N,LittleChange,Moving,NWQuad,LVorOther,WidespdDnsl
Neutral,,WeakUp,Neutral,Neutral,,Dry,Neutral,Neutral,Clear,PC,Clear,Clear,Weak,Strong,StrongWest,,,Weak,Marked,,Increasing,Negative,LittleChange,SVR,May15_Jun14,G,CThruK,Stifling,MoreThanAve,MoreThanAve,,N1GtLIGt_4,Instability,MoreUnstable,MoreUnstable,GJ,PartInhibit,,Moderate,,XNIL,XNIL,SVR,LowSHighN,CloseToDryAd,Dry,Steep,NoMajor,,,PosToNeg,Other,SWQuad,Westerly,LongAnticyc
StrongUp,Neutral,StrongUp,StrongUp,StrongUp,VeryWet,Neutral,Wet,Wet,Cloudy,PC,PC,Cloudy,Weak,Weak,,Strong,Weak,Weak,,IncCapDecIns,Increasing,WeakPos,Increasing,XNIL,Jul2_Jul15,,CThruK,,Average,MoreThanAve,K,N1GtLIGt_4,Stability,,Average,ACEFK,,Weak,Moderate,K,XNIL,XNIL,XNIL,,CloseToDryAd,VeryMoist,,StrongFront,MoistMDryL,,SigNegative,,,Westerly,
,,WeakUp,WeakUp,WeakUp,,Neutral,Neutral,Neutral,Cloudy,Clear,Cloudy,Cloudy,,,,,Strong,,,IncCapDecIns,Increasing,,Decreasing,XNIL,Aug20_Sep15,D,CThruK,PartInhibit,LessThanAve,LessThanAve,CDEJ,N1GtLIGt_4,Neutral,Average,LessUnstable,,,,,D,XNIL,XNIL,XNIL,LowAtStation,CloseToDryAd,Dry,,,MoistMDryL,DryLine,SigPositive,,AllElse,LVorOther,LongAnticyc
StrongUp,Neutral,WeakUp,,WeakUp,Neutral,,Wet,,Clear,,Clear,PC,,Strong,Westerly,Strong,,Weak,Some,,Increasing,WeakPos,Increasing,,May15_Jun14,B,AB,PartInhibit,LessThanAve,LessThanAve,ABI,N1GtLIGt_4,Stability,LessUnstable,LessUnstable,B,PartInhibit,Moderate,Slight,B,XNIL,XNIL,XNIL,HighEvrywher,Steep,VeryMoist,Steep,NoMajor,DryMMoistL,DenvCyclone,NegToPos,Other,AllElse,Westerly,DenvCyclone
StrongUp,Down,Down,Down,Down,VeryWet,Neutral,Neutral,Dry,,Clear,,,Strong,Strong,StrongWest,,,Strong,Marked,IncCapDecIns,Increasing,WeakPos,Increasing,SIG,,B,AB,PartInhibit,LessThanAve,Average,ABI,N5GtLIGt_8,Stability,,LessUnstable,B,,Moderate,Strong,B,SVR,SVR,SVR,LowEvrywhere,Stable,VeryMoist,ModerateOrLe,NoMajor,Other,Other,LittleChange,QStationary,SWQuad,,DenvCyclone
WeakUp,Neutral,Neutral,WeakUp,WeakUp,,Neutral,,Wet,,,Clear,,Strong,,DCVZFavor,Weak,Weak,,Marked,LittleChange,,Negative,Decreasing,SVR,,D,CThruK,Stifling,,Average,,N1GtLIGt_4,,Average,Average,D,,Weak,,D,,XNIL,SVR,LowMtsHighPl,CloseToDryAd,Dry,CloseToDryAd,,DryMMoistL,Other,PosToNeg,Other,NWQuad,,
StrongUp,Neutral,WeakUp,WeakUp,WeakUp,Neutral,,Neutral,,PC,,PC,Cloudy,,,DCVZFavor,,Weak,Weak,,IncCapDecIns,,Negative,Increasing,XNIL,Aug11_Aug20,E,CThruK,PartInhibit,Average,Average,CDEJ,N1GtLIGt_4,Neutral,,Average,ACEFK,,Moderate,Strong,E,XNIL,XNIL,XNIL,LowAtStation,Steep,Average,,NoMajor,MoistMDryL,,LittleChange,,SWQuad,Westerly,
WeakUp,WeakUp,StrongUp,WeakUp,WeakUp,,,,Wet,,Clear,Clear,Clear,,Weak,DCVZFavor,,,Weak,,,Decreasing,Negative,Decreasing,XNIL,Jun15_Jul1,E,CThruK,PartInhibit,LessThanAve,LessThanAve,CDEJ,N5GtLIGt_8,Instability,MoreUnstable,LessUnstable,,PartInhibit,Strong,Strong,E,XNIL,,XNIL,LowMtsHighPl,ModerateOrLe,Dry,Steep,OtherRapid,MoistMDryL,,LittleChange,,SWQuad,Westerly,LongAnticyc
,,Neutral,WeakUp,WeakUp,Dry,Neutral,Dry,Neutral,,Clear,PC,PC,Strong,,,Weak,,Strong,Marked,LittleChange,LittleChange,,LittleChange,SVR,,,CThruK,PartInhibit,,Average,K,,Stability,MoreUnstable,MoreUnstable,ACEFK,PartInhibit,Unfavorable,Moderate,K,SVR,SVR,,LowMtsHighPl,ModerateOrLe,Average,ModerateOrLe,StrongFront,Other,DryLine,SigNegative,,NWQuad,Westerly,LV
Neutral,,Neutral,Neutral,,,,,VeryWet,,PC,PC,,Weak,Weak,DCVZFavor,Strong,,Weak,Some,IncCapDecIns,,WeakPos,Increasing,,Jul16_Aug10,H,CThruK,,LessThanAve,LessThanAve,,,,Average,,HI,Stifling,Weak,,H,XNIL,XNIL,,Other,ModerateOrLe,Average,ModerateOrLe,MarkedUpper,,,,,SWQuad,LVorOther,LongAnticyc
WeakUp,WeakUp,,WeakUp,,Dry,Neutral,VeryWet,VeryWet,PC,PC,Cloudy,Cloudy,Strong,,StrongWest,Strong,Weak,Strong,Marked,IncCapDecIns,Increasing,Neutral,,,Jul16_Aug10,I,CThruK,,Average,MoreThanAve,ABI,N1GtLIGt_4,Stability,Average,LessUnstable,HI,PartInhibit,Weak,,I,XNIL,XNIL,SVR,LowSHighN,Steep,Dry,,NoMajor,DryMMoistL,Other,LittleChange,Moving,AllElse,LVorOther,DenvCyclone
Neutral,Neutral,,Neutral,Neutral,VeryWet,Wet,VeryWet,VeryWet,,Clear,PC,PC,,,,,Weak,,,IncCapDecIns,,Negative,Decreasing,,,K,CThruK,TotalInhibit,MoreThanAve,MoreThanAve,,N1GtLIGt_4,Neutral,MoreUnstable,MoreUnstable,ACEFK,Stifling,Strong,,,SIG,,XNIL,LowEvrywhere,ModerateOrLe,Average,Steep,,DryMMoistL,MovingFtorOt,SigPositive,,AllElse,LVorOther,LongAnticyc
StrongUp,Neutral,,StrongUp,StrongUp,VeryWet,Neutral,Wet,Wet,,Clear,PC,Clear,,,Westerly,,Strong,Weak,,,Decreasing,Negative,LittleChange,XNIL,Jul16_Aug10,B,AB,Stifling,Average,LessThanAve,ABI,N1GtLIGt_4,,MoreUnstable,Average,B,,Moderate,Slight,B,SIG,SIG,SIG,HighEvrywher,ModerateOrLe,VeryMoist,Steep,NoMajor,DryMMoistL,DenvCyclone,,,AllElse,,LV
StrongUp,,,Down,Down,Neutral,Neutral,Dry,,Clear,PC,,Clear,Strong,Strong,Westerly,,Strong,Strong,Marked,IncCapDecIns,,Negative,LittleChange,SIG,Aug20_Sep15,J,CThruK,PartInhibit,Average,Average,CDEJ,,Neutral,MoreUnstable,MoreUnstable,GJ,,Weak,Moderate,,SVR,SVR,SVR,LowSHighN,,Average,Steep,StrongFront,MoistMDryL,DryLine,LittleChange,Other,,LVorOther,LV
Down,StronUp,Neutral,,,Neutral,Dry,Neutral,Wet,Clear,PC,Clear,Clear,Weak,Strong,StrongWest,,Strong,Strong,Marked,IncCapDecIns,Increasing,Neutral,LittleChange,XNIL,Jul16_Aug10,E,CThruK,PartInhibit,Average,Average,,N5GtLIGt_8,Instability,,MoreUnstable,ACEFK,,Unfavorable,,E,,SIG,SIG,,CloseToDryAd,Average,Steep,OtherRapid,MoistMDryL,MovingFtorOt,,,SWQuad,Westerly,LV
WeakUp,Neutral,Neutral,Neutral,Neutral,Wet,Neutral,,VeryWet,Clear,Cloudy,Clear,Clear,,Strong,DCVZFavor,Strong,,Strong,Some,DecCapIncIns,Decreasing,,,,,D,CThruK,PartInhibit,MoreThanAve,Average,CDEJ,N5GtLIGt_8,,Average,MoreUnstable,,PartInhibit,,Slight,D,SVR,SVR,SVR,,,Average,CloseToDryAd,,Other,,NegToPos,,,Westerly,
,,WeakUp,Down,Down,Dry,Wet,Neutral,Neutral,PC,PC,Clear,Clear,Weak,Strong,DCVZFavor,Strong,,,Marked,IncCapDecIns,,Negative,LittleChange,SIG,Aug20_Sep15,A,AB,,LessThanAve,Average,ABI,N1GtLIGt_4,Instability,MoreUnstable,MoreUnstable,,PartInhibit,,Strong,A,SVR,,,,Steep,Average,CloseToDryAd,,,MovingFtorOt,PosToNeg,Moving,SWQuad,Westerly,DenvCyclone
,Down,Neutral,Neutral,Neutral,Dry,Neutral,Wet,Wet,Clear,,Clear,Clear,Strong,Strong,Westerly,Strong,Weak,Strong,Some,IncCapDecIns,Increasing,Neutral,Decreasing,SVR,Aug20_Sep15,D,CThruK,Stifling,MoreThanAve,MoreThanAve,CDEJ,N1GtLIGt_4,Stability,,LessUnstable,D,,Strong,Moderate,D,,SIG,,LowSHighN,Steep,Dry,Steep,MarkedUpper,DryMMoistL,DenvCyclone,PosToNeg,,NWQuad,Westerly,SEQuad
WeakUp,,WeakUp,,Neutral,Wet,,Wet,Wet,Clear,Cloudy,PC,PC,Weak,Strong,Westerly,Weak,,Weak,,LittleChange,LittleChange,Neutral,Decreasing,SVR,Jul16_Aug10,J,CThruK,Stifling,MoreThanAve,MoreThanAve,CDEJ,LILt_8,,,LessUnstable,GJ,PartInhibit,Unfavorable,,J,,XNIL,SVR,LowNHighS,CloseToDryAd,Dry,Steep,NoMajor,DryMMoistL,DryLine,LittleChange,,LV,LVorOther,
Down,Neutral,StrongUp,Neutral,Neutral,Neutral,Dry,Dry,Dry,Cloudy,,,PC,Weak,Weak,Westerly,Weak,Weak,Weak,,IncCapDecIns,Increasing,WeakPos,LittleChange,,,B,AB,PartInhibit,,LessThanAve,ABI,N1GtLIGt_4,Instability,MoreUnstable,MoreUnstable,B,,Moderate,Slight,B,SVR,,SVR,LowSHighN,Steep,Average,ModerateOrLe,NoMajor,DryMMoistL,DenvCyclone,,QStationary,SWQuad,Westerly,DenvCyclone
,Down,StrongUp,WeakUp,WeakUp,Neutral,VeryWet,,Wet,,Cloudy,Cloudy,Cloudy,Strong,Strong,Westerly,Strong,,Strong,Some,,Increasing,Neutral,Increasing,SVR,May15_Jun14,,CThruK,PartInhibit,Average,Average,K,LIGt0,,,MoreUnstable,ACEFK,PartInhibit,Weak,,K,,XNIL,SVR,LowEvrywhere,ModerateOrLe,Average,,NoMajor,Other,E_W_N,SigPositive,,NWQuad,Westerly,LongAnticyc
StrongUp,Neutral,WeakUp,StrongUp,,Neutral,Neutral,,Neutral,Clear,PC,Clear,Clear,,,StrongWest,,Weak,Weak,,DecCapIncIns,,,Increasing,XNIL,Aug20_Sep15,I,CThruK,PartInhibit,Average,Average,ABI,LIGt0,Stability,LessUnstable,Average,HI,,Weak,Slight,I,SIG,SIG,SIG,LowMtsHighPl,ModerateOrLe,,Steep,OtherRapid,DryMMoistL,MovingFtorOt,PosToNeg,QStationary,AllElse,LVorOther,E_NE
Down,Neutral,WeakUp,,Neutral,Neutral,Wet,Wet,VeryWet,Clear,Clear,Clear,Clear,Strong,Strong,StrongWest,Strong,,Strong,Marked,LittleChange,LittleChange,Negative,Decreasing,SIG,May15_Jun14,C,CThruK,Stifling,Average,Average,CDEJ,LIGt0,Instability,MoreUnstable,LessUnstable,ACEFK,,,Slight,C,XNIL,,SIG,LowNHighS,CloseToDryAd,Dry,CloseToDryAd,,MoistMDryL,E_W_S,LittleChange,,AllElse,Westerly,LongAnticyc
Neutral,Down,,Down,Down,Dry,Dry,Dry,,PC,Clear,Clear,Clear,Strong,Strong,StrongWest,Strong,Weak,Strong,Some,LittleChange,LittleChange,Negative,LittleChange,,Aug20_Sep15,I,,PartInhibit,LessThanAve,LessThanAve,ABI,N5GtLIGt_8,Instability,MoreUnstable,MoreUnstable,HI,,Unfavorable,,I,XNIL,XNIL,SVR,Other,,Dry,ModerateOrLe,StrongFront,,E_W_S,,,,LVorOther,DenvCyclone
Down,,Neutral,,Down,Neutral,Neutral,Neutral,Wet,PC,Cloudy,Cloudy,Cloudy,,Strong,,Weak,Weak,,,IncCapDecIns,Increasing,,,SIG,May15_Jun14,C,CThruK,,Average,MoreThanAve,CDEJ,N1GtLIGt_4,Instability,Average,,ACEFK,,Strong,Moderate,C,,XNIL,SIG,LowNHighS,Stable,Dry,Steep,MarkedUpper,,,,QStationary,,,LongAnticyc
Neutral,StronUp,StrongUp,WeakUp,WeakUp,VeryWet,,Neutral,Neutral,PC,PC,PC,PC,Weak,Strong,Westerly,,,Weak,Marked,DecCapIncIns,Decreasing,Neutral,LittleChange,SIG,Aug20_Sep15,I,CThruK,TotalInhibit,,LessThanAve,ABI,N1GtLIGt_4,Neutral,LessUnstable,,HI,,Weak,Slight,I,,SIG,SIG,LowSHighN,Stable,Average,,OtherRapid,DryMMoistL,MovingFtorOt,LittleChange,QStationary,,LVorOther,DenvCyclone
StrongUp,StronUp,Neutral,,WeakUp,Wet,VeryWet,VeryWet,,,Cloudy,PC,PC,Strong,Strong,Other,,,,,DecCapIncIns,,Negative,LittleChange,,,J,,,Average,LessThanAve,CDEJ,N5GtLIGt_8,Stability,LessUnstable,,,PartInhibit,Weak,,,SVR,SVR,SVR,LowMtsHighPl,ModerateOrLe,Average,ModerateOrLe,StrongFront,DryMMoistL,DryLine,LittleChange,,LV,,LV
WeakUp,Neutral,,WeakUp,WeakUp,Neutral,Dry,Wet,Neutral,Clear,Clear,Clear,Clear,,Strong,DCVZFavor,Weak,,Weak,Marked,IncCapDecIns,,,Increasing,SIG,,K,CThruK,Stifling,Average,MoreThanAve,K,N1GtLIGt_4,Instability,,,ACEFK,,Moderate,Strong,K,XNIL,XNIL,SIG,LowAtStation,Steep,Dry,ModerateOrLe,MarkedUpper,DryMMoistL,Other,SigPositive,,,Westerly,WidespdDnsl
,WeakUp,StrongUp,Neutral,Neutral,Neutral,Neutral,Dry,Dry,PC,PC,PC,,,Strong,Other,,,,Marked,,Increasing,StrongPos,Increasing,,May15_Jun14,,CThruK,PartInhibit,,,,N1GtLIGt_4,Stability,Average,,ACEFK,PartInhibit,,,K,XNIL,,SIG,Other,Steep,Dry,CloseToDryAd,,,MovingFtorOt,LittleChange,Moving,,,WidespdDnsl
WeakUp,Neutral,Neutral,Neutral,Neutral,,,,Wet,Clear,PC,Clear,Clear,Strong,Strong,DCVZFavor,Weak,,,Marked,DecCapIncIns,Decreasing,Negative,Decreasing,SIG,Jul2_Jul15,B,AB,,,LessThanAve,ABI,LIGt0,Neutral,Average,LessUnstable,B,PartInhibit,Unfavorable,,B,XNIL,,,HighEvrywher,ModerateOrLe,VeryMoist,CloseToDryAd,MarkedUpper,MoistMDryL,,LittleChange,Other,AllElse,Westerly,DenvCyclone
StrongUp,Down,StrongUp,WeakUp,WeakUp,Neutral,Neutral,Neutral,Wet,PC,PC,,,,,StrongWest,,Weak,Weak,,,Increasing,Negative,Decreasing,XNIL,Jun15_Jul1,C,CThruK,PartInhibit,Average,MoreThanAve,,LIGt0,Stability,Average,,ACEFK,,Moderate,Moderate,C,,SIG,SIG,LowAtStation,Steep,,CloseToDryAd,NoMajor,Other,E_W_N,SigPositive,QStationary,NWQuad,Westerly,LongAnticyc
,,Down,Neutral,Neutral,Dry,Neutral,,Wet,PC,PC,,PC,Strong,,StrongWest,Strong,,Strong,Marked,IncCapDecIns,Increasing,Negative,Decreasing,SVR,May15_Jun14,G,CThruK,PartInhibit,Average,Average,G,N1GtLIGt_4,Neutral,Average,LessUnstable,GJ,,Moderate,Moderate,G,XNIL,XNIL,SVR,LowEvrywhere,CloseToDryAd,,CloseToDryAd,NoMajor,Other,,,,,LVorOther,WidespdDnsl
,Neutral,WeakUp,Down,Down,Neutral,Wet,Neutral,Dry,Clear,Cloudy,PC,PC,Strong,Strong,StrongWest,Strong,,Weak,,IncCapDecIns,,StrongPos,,SVR,,J,CThruK,PartInhibit,MoreThanAve,MoreThanAve,CDEJ,N1GtLIGt_4,Stability,LessUnstable,MoreUnstable,GJ,TotalInhibit,Weak,,J,,SIG,SVR,LowAtStation,ModerateOrLe,Average,ModerateOrLe,NoMajor,DryMMoistL,DryLine,LittleChange,Other,LV,LVorOther,LV
StrongUp,WeakUp,Neutral,StrongUp,,Dry,Neutral,VeryWet,VeryWet,PC,PC,PC,Cloudy,,,Other,,,Weak,,,Decreasing,,Increasing,XNIL,Jul2_Jul15,A,AB,PartInhibit,LessThanAve,,ABI,,Stability,Average,MoreUnstable,ACEFK,,Unfavorable,Slight,,SVR,SVR,SVR,LowMtsHighPl,Stable,Average,Steep,MarkedUpper,DryMMoistL,DenvCyclone,LittleChange,Other,SWQuad,,DenvCyclone
StrongUp,Neutral,,WeakUp,WeakUp,Wet,Neutral,Neutral,Dry,Clear,Cloudy,,Clear,Strong,Strong,StrongWest,Strong,,Weak,,LittleChange,,,LittleChange,,Aug20_Sep15,G,,Stifling,Average,Average,G,N5GtLIGt_8,,LessUnstable,LessUnstable,GJ,PartInhibit,Moderate,Moderate,G,XNIL,XNIL,SIG,LowEvrywhere,Steep,Dry,CloseToDryAd,MarkedUpper,,DryLine,PosToNeg,,,Westerly,SEQuad
WeakUp,,Down,,Down,Neutral,Neutral,Dry,,Cloudy,Clear,,PC,Weak,Strong,DCVZFavor,Weak,,Weak,Marked,IncCapDecIns,Increasing,WeakPos,,SVR,May15_Jun14,A,AB,PartInhibit,LessThanAve,Average,,N1GtLIGt_4,Stability,LessUnstable,,ACEFK,Stifling,Moderate,Slight,A,SVR,,,HighEvrywher,ModerateOrLe,VeryMoist,Steep,MarkedUpper,Other,,PosToNeg,QStationary,SWQuad,Westerly,DenvCyclone
Down,,Down,Down,Down,,,Wet,Neutral,Clear,PC,,Cloudy,Weak,Strong,,Weak,,Strong,,IncCapDecIns,Increasing,Negative,,SIG,Aug11_Aug20,I,CThruK,PartInhibit,LessThanAve,MoreThanAve,ABI,N1GtLIGt_4,Stability,,LessUnstable,HI,Stifling,Moderate,,I,,SIG,SIG,LowMtsHighPl,Steep,Average,,NoMajor,DryMMoistL,MovingFtorOt,SigPositive,Moving,LV,,E_NE
Neutral,Down,Neutral,Neutral,,,Wet,Wet,Wet,,,,PC,,Strong,Westerly,Weak,Weak,Strong,Marked,,Increasing,WeakPos,Increasing,XNIL,Jul2_Jul15,G,CThruK,,LessThanAve,Average,G,N1GtLIGt_4,Stability,Average,,GJ,,,,G,,XNIL,XNIL,LowAtStation,CloseToDryAd,Dry,,MarkedUpper,Other,,NegToPos,Other,SWQuad,Westerly,LV
StrongUp,WeakUp,StrongUp,StrongUp,StrongUp,Wet,Neutral,Neutral,Wet,PC,PC,PC,Cloudy,Weak,Strong,Westerly,Strong,,Weak,Marked,DecCapIncIns,Decreasing,Neutral,,SVR,May15_Jun14,D,CThruK,,Average,,CDEJ,LIGt0,Stability,,LessUnstable,D,PartInhibit,Strong,Moderate,D,,XNIL,SVR,LowMtsHighPl,,Average,CloseToDryAd,StrongFront,DryMMoistL,,NegToPos,,,Westerly,SEQuad
StrongUp,StronUp,Neutral,StrongUp,StrongUp,Neutral,Dry,,,PC,PC,Clear,PC,,Strong,Westerly,Strong,,,Marked,,,Neutral,LittleChange,SIG,Jun15_Jul1,K,,PartInhibit,Average,LessThanAve,K,,Instability,Average,MoreUnstable,ACEFK,,Moderate,,K,XNIL,XNIL,SIG,,Steep,Dry,Steep,StrongFront,DryMMoistL,,NegToPos,,,LVorOther,
,,Down,WeakUp,,VeryWet,Neutral,VeryWet,VeryWet,Clear,Clear,Clear,PC,Weak,Strong,StrongWest,Strong,,,Marked,IncCapDecIns,Increasing,Neutral,LittleChange,SVR,May15_Jun14,,AB,PartInhibit,LessThanAve,,ABI,N1GtLIGt_4,Stability,LessUnstable,LessUnstable,,,Moderate,Moderate,B,SVR,SVR,SVR,LowEvrywhere,Steep,,Steep,,Other,DenvCyclone,PosToNeg,,LV,Westerly,DenvCyclone
Down,Neutral,Down,,Down,Neutral,VeryWet,Dry,Dry,Clear,,,Clear,,Strong,Westerly,Strong,Weak,Weak,Some,LittleChange,LittleChange,,Decreasing,SVR,May15_Jun14,D,CThruK,PartInhibit,LessThanAve,,,N1GtLIGt_4,Stability,,LessUnstable,,,Weak,Moderate,D,,SVR,SVR,LowSHighN,Steep,Dry,Steep,OtherRapid,Other,DenvCyclone,PosToNeg,,AllElse,Westerly,LV
,Neutral,Down,Down,Down,Neutral,,Wet,Neutral,PC,Clear,Clear,Clear,,,,,,Weak,,IncCapDecIns,,Neutral,LittleChange,SIG,Jul16_Aug10,B,,TotalInhibit,Average,Average,ABI,N5GtLIGt_8,Stability,Average,MoreUnstable,B,,,,B,XNIL,XNIL,,LowNHighS,,,Steep,OtherRapid,DryMMoistL,DenvCyclone,LittleChange,Other,SWQuad,LVorOther,E_NE
,Neutral,StrongUp,StrongUp,StrongUp,VeryWet,Wet,VeryWet,,Clear,Clear,Clear,PC,Strong,Strong,StrongWest,Strong,Weak,,,LittleChange,LittleChange,Negative,,SVR,May15_Jun14,B,AB,,,LessThanAve,ABI,N1GtLIGt_4,Stability,LessUnstable,LessUnstable,B,,,Slight,B,XNIL,,SVR,LowEvrywhere,Steep,Dry,CloseToDryAd,OtherRapid,DryMMoistL,E_W_S,SigNegative,,AllElse,LVorOther,DenvCyclone
,Down,,Neutral,Neutral,Neutral,Neutral,,Neutral,Clear,PC,Clear,Clear,Weak,Weak,Other,,,,,IncCapDecIns,Increasing,Negative,Decreasing,SIG,May15_Jun14,A,,PartInhibit,,MoreThanAve,ABI,N1GtLIGt_4,Stability,LessUnstable,LessUnstable,ACEFK,PartInhibit,Unfavorable,,A,XNIL,XNIL,SIG,LowMtsHighPl,ModerateOrLe,Average,,OtherRapid,DryMMoistL,DenvCyclone,,Other,,Westerly,SEQuad
StrongUp,Neutral,Neutral,WeakUp,,,VeryWet,Neutral,,,PC,Cloudy,Cloudy,Strong,,,,Weak,,Marked,LittleChange,LittleChange,Negative,Decreasing,SIG,Jul16_Aug10,J,CThruK,Stifling,MoreThanAve,MoreThanAve,CDEJ,LIGt0,Stability,LessUnstable,LessUnstable,GJ,,Unfavorable,,J,XNIL,,SIG,HighEvrywher,ModerateOrLe,Average,Steep,NoMajor,MoistMDryL,DryLine,,,LV,LVorOther,LV
,WeakUp,,Neutral,,Wet,Dry,Wet,Wet,PC,,,PC,Weak,Strong,Westerly,Strong,,Strong,Marked,IncCapDecIns,Increasing,,Increasing,,Jul16_Aug10,B,AB,PartInhibit,,,ABI,,Neutral,MoreUnstable,MoreUnstable,B,,Moderate,Strong,,SVR,SVR,SVR,LowEvrywhere,ModerateOrLe,Average,CloseToDryAd,NoMajor,Other,MovingFtorOt,NegToPos,Other,NWQuad,LVorOther,DenvCyclone
StrongUp,WeakUp,Neutral,WeakUp,WeakUp,Dry,Neutral,VeryWet,,,Clear,Clear,,Weak,,StrongWest,Strong,Weak,Weak,Marked,DecCapIncIns,Decreasing,Neutral,LittleChange,SVR,May15_Jun14,,CThruK,Stifling,Average,Average,H,,Stability,Average,Average,HI,PartInhibit,Unfavorable,Slight,,XNIL,XNIL,SVR,HighEvrywher,Stable,VeryMoist,CloseToDryAd,,Other,,NegToPos,,NWQuad,LVorOther,
Neutral,Neutral,Down,Neutral,Neutral,,Neutral,Neutral,Neutral,,Clear,,Clear,Strong,Strong,Westerly,,,,,IncCapDecIns,Increasing,,LittleChange,SVR,Aug20_Sep15,G,CThruK,Stifling,Average,MoreThanAve,G,LILt_8,Stability,MoreUnstable,MoreUnstable,GJ,Stifling,Moderate,Slight,G,XNIL,,SVR,,CloseToDryAd,Dry,CloseToDryAd,StrongFront,MoistMDryL,,NegToPos,,AllElse,Westerly,
WeakUp,StronUp,Neutral,WeakUp,WeakUp,Dry,Wet,,,Clear,Clear,,Clear,Weak,Strong,,Strong,,Weak,Marked,LittleChange,LittleChange,Negative,Decreasing,SVR,Aug20_Sep15,D,CThruK,PartInhibit,Average,Average,CDEJ,N1GtLIGt_4,,LessUnstable,LessUnstable,D,,Weak,Slight,,SVR,SVR,SVR,LowAtStation,Steep,Average,ModerateOrLe,OtherRapid,,DryLine,SigNegative,Other,AllElse,Westerly,SEQuad
WeakUp,,WeakUp,,WeakUp,Neutral,VeryWet,,Wet,,Clear,,PC,Weak,Weak,Westerly,Weak,,Strong,,,LittleChange,Neutral,Decreasing,SIG,Aug20_Sep15,J,CThruK,PartInhibit,MoreThanAve,,CDEJ,N1GtLIGt_4,Instability,Average,,GJ,,Moderate,Strong,J,XNIL,XNIL,SIG,Other,CloseToDryAd,Dry,Steep,NoMajor,MoistMDryL,DryLine,,,LV,LVorOther,LV
StrongUp,Neutral,Down,Neutral,,,Dry,Neutral,Neutral,,Clear,Clear,Clear,Strong,Strong,DCVZFavor,Weak,Weak,Weak,Some,DecCapIncIns,Decreasing,,Decreasing,SIG,Jul2_Jul15,,CThruK,Stifling,MoreThanAve,LessThanAve,CDEJ,N1GtLIGt_4,Stability,LessUnstable,LessUnstable,GJ,,Weak,Strong,J,SIG,SIG,SIG,LowAtStation,,Average,CloseToDryAd,NoMajor,MoistMDryL,,LittleChange,Other,LV,LVorOther,LV
WeakUp,Neutral,Neutral,Neutral,Neutral,Neutral,VeryWet,Neutral,Neutral,PC,PC,Cloudy,PC,Strong,Strong,StrongWest,Strong,Strong,Strong,Marked,IncCapDecIns,Increasing,WeakPos,Decreasing,SIG,,I,CThruK,,LessThanAve,LessThanAve,ABI,N1GtLIGt_4,Instability,Average,Average,HI,,Weak,Slight,I,XNIL,XNIL,SIG,LowSHighN,ModerateOrLe,Average,CloseToDryAd,,DryMMoistL,E_W_N,,Moving,,Westerly,LongAnticyc
StrongUp,Down,StrongUp,StrongUp,StrongUp,Neutral,VeryWet,Neutral,VeryWet,PC,PC,PC,Cloudy,,Strong,StrongWest,Strong,,Strong,Marked,,,Negative,Decreasing,SIG,,K,,PartInhibit,LessThanAve,LessThanAve,K,LIGt0,Stability,LessUnstable,,ACEFK,,Weak,Slight,K,XNIL,,SIG,,,VeryMoist,CloseToDryAd,MarkedUpper,DryMMoistL,,SigPositive,Moving,AllElse,,SEQuad
Down,Neutral,WeakUp,Neutral,Neutral,,VeryWet,Wet,Wet,PC,Clear,Clear,Clear,Strong,Strong,,Strong,,Strong,,LittleChange,,Negative,Decreasing,,Aug20_Sep15,J,,Stifling,Average,Average,CDEJ,N5GtLIGt_8,,MoreUnstable,MoreUnstable,GJ,PartInhibit,Moderate,,J,XNIL,,XNIL,LowMtsHighPl,Steep,Dry,Steep,NoMajor,,DryLine,LittleChange,,AllElse,LVorOther,LV
Down,StronUp,WeakUp,Neutral,Neutral,Wet,Wet,,Neutral,PC,Cloudy,Cloudy,Cloudy,Weak,Strong,,Weak,,Weak,Some,LittleChange,LittleChange,WeakPos,Increasing,XNIL,,H,CThruK,PartInhibit,Average,Average,,N1GtLIGt_4,Stability,MoreUnstable,MoreUnstable,HI,PartInhibit,Unfavorable,,H,SIG,SIG,SIG,Other,,VeryMoist,ModerateOrLe,MarkedUpper,DryMMoistL,MovingFtorOt,SigNegative,,AllElse,Westerly,
Neutral,Down,StrongUp,Neutral,Neutral,Dry,Neutral,VeryWet,VeryWet,Clear,PC,PC,Cloudy,,,Other,,Weak,,,DecCapIncIns,Decreasing,Neutral,LittleChange,XNIL,Jul16_Aug10,F,,,LessThanAve,LessThanAve,F,N1GtLIGt_4,Neutral,LessUnstable,,ACEFK,,Weak,Slight,F,,XNIL,XNIL,HighEvrywher,ModerateOrLe,VeryMoist,ModerateOrLe,NoMajor,Other,,LittleChange,,LV,LVorOther,
Neutral,Down,Neutral,Neutral,Neutral,Neutral,Neutral,Neutral,Neutral,PC,PC,PC,PC,,,Other,,Weak,Weak,,DecCapIncIns,Decreasing,WeakPos,LittleChange,XNIL,,A,AB,PartInhibit,Average,Average,ABI,N5GtLIGt_8,,MoreUnstable,MoreUnstable,,PartInhibit,Moderate,Moderate,,SIG,SIG,SIG,HighEvrywher,,Average,ModerateOrLe,MarkedUpper,Other,MovingFtorOt,NegToPos,,SWQuad,Westerly,DenvCyclone
WeakUp,,Neutral,Neutral,Neutral,,Dry,Neutral,Neutral,PC,Cloudy,PC,,Weak,,Westerly,Strong,,,,IncCapDecIns,Increasing,StrongPos,Increasing,SVR,May15_Jun14,K,CThruK,PartInhibit,,MoreThanAve,K,LILt_8,Neutral,MoreUnstable,MoreUnstable,ACEFK,PartInhibit,Weak,,K,XNIL,XNIL,SVR,Other,Steep,Dry,ModerateOrLe,NoMajor,Other,DryLine,,Other,NWQuad,LVorOther,WidespdDnsl
,StronUp,Neutral,,Neutral,Neutral,,Neutral,,Clear,PC,Clear,,,Strong,Other,,,Strong,Marked,LittleChange,LittleChange,Negative,Decreasing,SIG,May15_Jun14,B,AB,PartInhibit,,Average,ABI,N1GtLIGt_4,Neutral,LessUnstable,LessUnstable,B,,,Slight,,SVR,SVR,SVR,,ModerateOrLe,VeryMoist,Steep,OtherRapid,MoistMDryL,DenvCyclone,LittleChange,Other,AllElse,LVorOther,DenvCyclone
WeakUp,StronUp,,Neutral,Neutral,Neutral,Neutral,,,PC,PC,,,Strong,Strong,DCVZFavor,,,Strong,Marked,LittleChange,LittleChange,,LittleChange,,,E,CThruK,PartInhibit,Average,Average,CDEJ,LILt_8,Instability,MoreUnstable,MoreUnstable,ACEFK,,Strong,,E,SVR,SVR,,LowNHighS,CloseToDryAd,Dry,Steep,OtherRapid,,Other,LittleChange,Other,SWQuad,LVorOther,LV
Neutral,Neutral,StrongUp,WeakUp,WeakUp,Dry,Wet,Dry,,PC,PC,PC,PC,,,Westerly,,,,,DecCapIncIns,Decreasing,StrongPos,Increasing,XNIL,Jul16_Aug10,,,PartInhibit,LessThanAve,LessThanAve,CDEJ,N1GtLIGt_4,Stability,,Average,ACEFK,PartInhibit,Moderate,,C,,,XNIL,LowAtStation,ModerateOrLe,Dry,Steep,OtherRapid,,E_W_S,PosToNeg,,,LVorOther,WidespdDnsl
Neutral,Neutral,Neutral,,Neutral,,VeryWet,Wet,Wet,Clear,Clear,,Clear,,,Other,,,Weak,,LittleChange,LittleChange,Neutral,,XNIL,Jun15_Jul1,B,AB,,Average,,ABI,N5GtLIGt_8,Stability,,Average,B,PartInhibit,Unfavorable,,B,XNIL,XNIL,XNIL,LowSHighN,ModerateOrLe,Average,Steep,,Other,,LittleChange,Other,,LVorOther,SEQuad
Down,Down,Down,Down,,Dry,,VeryWet,Wet,Cloudy,PC,Cloudy,Cloudy,,,Westerly,,Weak,,,IncCapDecIns,Increasing,,Decreasing,XNIL,Jul2_Jul15,B,AB,PartInhibit,,Average,ABI,N1GtLIGt_4,Instability,,,B,Stifling,Weak,,B,XNIL,,XNIL,LowMtsHighPl,,VeryMoist,Steep,NoMajor,DryMMoistL,DenvCyclone,PosToNeg,Other,,Westerly,SEQuad
,WeakUp,WeakUp,WeakUp,WeakUp,Dry,Dry,,Neutral,PC,Cloudy,Cloudy,Cloudy,Weak,Strong,StrongWest,,,,Some,IncCapDecIns,Increasing,Negative,Decreasing,SIG,Aug11_Aug20,E,CThruK,PartInhibit,Average,MoreThanAve,CDEJ,N1GtLIGt_4,Instability,MoreUnstable,Average,ACEFK,,Weak,,E,XNIL,,SIG,HighEvrywher,,Average,Steep,NoMajor,Other,DryLine,SigNegative,,,Westerly,
WeakUp,StronUp,Neutral,Neutral,,Neutral,Wet,Neutral,Neutral,PC,PC,PC,PC,Strong,Strong,,Strong,,Weak,Some,IncCapDecIns,Increasing,Neutral,,SIG,,C,,PartInhibit,LessThanAve,LessThanAve,CDEJ,N5GtLIGt_8,Instability,Average,MoreUnstable,ACEFK,PartInhibit,Unfavorable,,C,SVR,SVR,SVR,Other,Steep,Dry,Steep,,Other,,LittleChange,Other,AllElse,Westerly,LongAnticyc
Neutral,,WeakUp,,WeakUp,,Dry,Neutral,Neutral,PC,,Cloudy,Cloudy,,,Westerly,,,,,DecCapIncIns,Decreasing,StrongPos,Decreasing,XNIL,,,CThruK,PartInhibit,Average,LessThanAve,,,Stability,Average,Average,ACEFK,PartInhibit,,,K,XNIL,XNIL,XNIL,LowNHighS,Stable,Dry,,StrongFront,DryMMoistL,DenvCyclone,,QStationary,AllElse,Westerly,
WeakUp,Down,Neutral,Down,Down,Wet,VeryWet,VeryWet,Wet,,PC,PC,PC,,Weak,StrongWest,,,Strong,,DecCapIncIns,Decreasing,StrongPos,Increasing,SIG,,G,CThruK,PartInhibit,Average,LessThanAve,,N5GtLIGt_8,Neutral,Average,,,PartInhibit,Moderate,Moderate,G,XNIL,XNIL,SIG,LowEvrywhere,CloseToDryAd,Dry,Steep,NoMajor,,DryLine,NegToPos,,SWQuad,Westerly,LV
Down,Neutral,,Down,Down,Dry,VeryWet,Neutral,Dry,Clear,PC,Clear,Clear,Strong,Strong,Westerly,Strong,Weak,Weak,Some,LittleChange,LittleChange,WeakPos,LittleChange,SIG,,E,CThruK,PartInhibit,Average,Average,CDEJ,N1GtLIGt_4,Stability,LessUnstable,LessUnstable,ACEFK,PartInhibit,Moderate,Slight,,XNIL,XNIL,SIG,,,Dry,ModerateOrLe,NoMajor,,DryLine,NegToPos,,AllElse,Westerly,LV
,Neutral,Neutral,WeakUp,WeakUp,Dry,Wet,Neutral,Dry,PC,,Clear,Clear,,Weak,DCVZFavor,Weak,,Strong,,,Increasing,WeakPos,Increasing,XNIL,Aug20_Sep15,,CThruK,PartInhibit,Average,MoreThanAve,,LILt_8,Stability,,MoreUnstable,ACEFK,PartInhibit,Moderate,,,XNIL,XNIL,XNIL,HighEvrywher,Steep,,,NoMajor,Other,Other,SigPositive,,AllElse,LVorOther,LV
,Neutral,WeakUp,,WeakUp,VeryWet,Wet,,VeryWet,PC,Clear,,,,Strong,DCVZFavor,Strong,,,,,Decreasing,,Increasing,SVR,,C,CThruK,PartInhibit,LessThanAve,LessThanAve,CDEJ,N5GtLIGt_8,Stability,LessUnstable,,ACEFK,,Strong,Strong,C,SVR,SVR,SVR,LowAtStation,,Average,CloseToDryAd,OtherRapid,MoistMDryL,,LittleChange,Other,NWQuad,Westerly,LongAnticyc
,,Down,Neutral,Neutral,,Wet,Neutral,Neutral,,Clear,Cloudy,,Strong,Strong,DCVZFavor,Weak,,,Marked,IncCapDecIns,,Negative,LittleChange,SIG,,E,CThruK,,LessThanAve,LessThanAve,CDEJ,N1GtLIGt_4,,,Average,ACEFK,,Moderate,,,XNIL,XNIL,SIG,HighEvrywher,ModerateOrLe,Average,ModerateOrLe,,MoistMDryL,DryLine,LittleChange,Moving,SWQuad,LVorOther,LV
Down,Down,Neutral,Down,Down,Dry,Wet,VeryWet,Wet,PC,Cloudy,Cloudy,PC,Strong,Strong,,Strong,,Weak,,IncCapDecIns,Increasing,Negative,,SVR,May15_Jun14,I,CThruK,,LessThanAve,MoreThanAve,ABI,,,MoreUnstable,MoreUnstable,HI,PartInhibit,Strong,Slight,I,XNIL,XNIL,SVR,,Steep,Dry,,NoMajor,Other,,PosToNeg,QStationary,LV,LVorOther,
Down,StronUp,Neutral,Neutral,Neutral,,VeryWet,Neutral,Neutral,Clear,PC,Clear,Clear,,Weak,StrongWest,Weak,,Weak,,IncCapDecIns,,Negative,LittleChange,,Jul2_Jul15,J,CThruK,PartInhibit,Average,MoreThanAve,CDEJ,N5GtLIGt_8,,,MoreUnstable,GJ,Stifling,Unfavorable,,J,SVR,SVR,SVR,LowAtStation,Steep,Average,Steep,NoMajor,,DenvCyclone,LittleChange,Moving,LV,LVorOther,LV
Neutral,Neutral,,Neutral,Neutral,Neutral,,Dry,Dry,,Clear,Clear,Clear,Strong,Strong,Westerly,Strong,,Weak,Marked,,LittleChange,Neutral,LittleChange,SIG,Aug20_Sep15,G,CThruK,PartInhibit,Average,Average,G,N5GtLIGt_8,Stability,,MoreUnstable,,PartInhibit,,,G,,XNIL,,LowEvrywhere,CloseToDryAd,Dry,CloseToDryAd,MarkedUpper,,Other,LittleChange,QStationary,NWQuad,,WidespdDnsl
,WeakUp,Neutral,Neutral,Neutral,Neutral,,Dry,,,Clear,,Clear,,,Westerly,,,,,LittleChange,LittleChange,StrongPos,,XNIL,,B,,TotalInhibit,MoreThanAve,,ABI,N5GtLIGt_8,Instability,MoreUnstable,MoreUnstable,B,Stifling,Moderate,,B,SIG,SIG,SIG,LowNHighS,Steep,VeryMoist,Steep,,DryMMoistL,DenvCyclone,PosToNeg,Other,LV,LVorOther,DenvCyclone
Down,Neutral,Down,Down,Down,,Wet,Wet,,,PC,Clear,Clear,Strong,Strong,StrongWest,Strong,,Strong,Marked,IncCapDecIns,Increasing,Negative,LittleChange,SVR,Jun15_Jul1,,CThruK,Stifling,MoreThanAve,,CDEJ,N5GtLIGt_8,Stability,LessUnstable,LessUnstable,ACEFK,,Moderate,Strong,C,SIG,SIG,SVR,LowEvrywhere,CloseToDryAd,Dry,Steep,MarkedUpper,DryMMoistL,E_W_N,,Other,NWQuad,,
StrongUp,,Neutral,WeakUp,WeakUp,Neutral,Neutral,,,PC,Clear,,Clear,Strong,,DCVZFavor,,Weak,,Some,IncCapDecIns,Increasing,Negative,,SIG,Aug20_Sep15,E,CThruK,,LessThanAve,,CDEJ,LIGt0,Stability,LessUnstable,LessUnstable,ACEFK,,Unfavorable,,E,XNIL,SIG,SIG,LowEvrywhere,Steep,Average,,NoMajor,MoistMDryL,DryLine,SigPositive,,AllElse,LVorOther,LV
,WeakUp,StrongUp,StrongUp,StrongUp,,VeryWet,VeryWet,VeryWet,Clear,Clear,Clear,Clear,Weak,Weak,DCVZFavor,Weak,Strong,Strong,,DecCapIncIns,Decreasing,WeakPos,LittleChange,SIG,Jun15_Jul1,J,CThruK,,LessThanAve,LessThanAve,CDEJ,N1GtLIGt_4,,Average,,,Stifling,Unfavorable,,J,SIG,SIG,SIG,LowNHighS,Steep,,Steep,,DryMMoistL,DryLine,LittleChange,Other,LV,LVorOther,LV
Neutral,Down,WeakUp,Neutral,Neutral,Dry,Wet,Dry,Dry,,,,,,,,,Weak,Strong,,DecCapIncIns,Decreasing,Neutral,,,,J,,PartInhibit,MoreThanAve,LessThanAve,CDEJ,N1GtLIGt_4,Stability,Average,Average,GJ,PartInhibit,Weak,,J,XNIL,XNIL,,,,,,NoMajor,DryMMoistL,DryLine,LittleChange,,,,SEQuad
WeakUp,Neutral,Neutral,Neutral,Neutral,Wet,Dry,Neutral,,PC,PC,PC,PC,Weak,Strong,Other,Weak,Weak,Weak,,LittleChange,,,LittleChange,SIG,Aug20_Sep15,J,,Stifling,MoreThanAve,MoreThanAve,CDEJ,LIGt0,Instability,MoreUnstable,MoreUnstable,,,Weak,,,XNIL,XNIL,SIG,LowMtsHighPl,Stable,,CloseToDryAd,NoMajor,Other,DryLine,LittleChange,,LV,LVorOther,LV
Neutral,Neutral,StrongUp,WeakUp,,,Wet,Wet,Neutral,Clear,Clear,Clear,Clear,Weak,Strong,,Strong,Weak,Weak,,LittleChange,LittleChange,Negative,,SIG,Jun15_Jul1,,AB,PartInhibit,LessThanAve,Average,ABI,N5GtLIGt_8,Neutral,Average,MoreUnstable,,,Weak,,B,,,SVR,LowNHighS,ModerateOrLe,Dry,Steep,,Other,DenvCyclone,,,AllElse,LVorOther,
StrongUp,Neutral,WeakUp,WeakUp,WeakUp,,Neutral,VeryWet,VeryWet,Clear,,Clear,Clear,,,Westerly,,Strong,Weak,Some,IncCapDecIns,,WeakPos,Increasing,SIG,May15_Jun14,H,CThruK,Stifling,Average,MoreThanAve,H,LILt_8,Instability,Average,MoreUnstable,HI,TotalInhibit,Moderate,Moderate,H,SIG,SIG,SIG,,Stable,VeryMoist,,,DryMMoistL,E_W_N,SigNegative,,AllElse,LVorOther,E_NE
Neutral,WeakUp,Down,Neutral,Neutral,Neutral,Wet,Neutral,Wet,PC,Clear,PC,,,Weak,,,,,,IncCapDecIns,,,LittleChange,,Aug20_Sep15,K,CThruK,Stifling,MoreThanAve,MoreThanAve,K,N1GtLIGt_4,Neutral,,LessUnstable,ACEFK,,Weak,,K,XNIL,,SIG,,ModerateOrLe,Dry,CloseToDryAd,StrongFront,Other,E_W_N,PosToNeg,Moving,AllElse,Westerly,DenvCyclone
,StronUp,,WeakUp,WeakUp,Dry,Dry,Dry,Dry,Clear,PC,PC,PC,,,StrongWest,,,,,DecCapIncIns,Decreasing,WeakPos,,XNIL,Jul2_Jul15,I,CThruK,Stifling,MoreThanAve,MoreThanAve,ABI,,Instability,MoreUnstable,MoreUnstable,HI,,Unfavorable,,I,SVR,SVR,SVR,LowSHighN,ModerateOrLe,,CloseToDryAd,NoMajor,Other,E_W_S,,QStationary,,Westerly,DenvCyclone
,,,Down,Down,Neutral,Neutral,Neutral,Dry,,Clear,Clear,Clear,Strong,Strong,StrongWest,Strong,,Weak,Marked,DecCapIncIns,Decreasing,Negative,Decreasing,,Aug20_Sep15,C,CThruK,,LessThanAve,LessThanAve,CDEJ,N1GtLIGt_4,Instability,,LessUnstable,ACEFK,,Moderate,Strong,C,SIG,SVR,SVR,LowEvrywhere,Steep,Dry,ModerateOrLe,OtherRapid,Other,,SigPositive,,NWQuad,Westerly,WidespdDnsl
Neutral,,Down,Down,Down,Dry,,Dry,Dry,PC,,PC,PC,Strong,Strong,DCVZFavor,Strong,,Weak,Some,IncCapDecIns,Increasing,,Increasing,SVR,Jul2_Jul15,,CThruK,Stifling,MoreThanAve,MoreThanAve,H,N1GtLIGt_4,Stability,MoreUnstable,,HI,Stifling,Moderate,Slight,,XNIL,XNIL,SVR,,,Average,CloseToDryAd,MarkedUpper,,E_W_S,SigPositive,QStationary,LV,LVorOther,SEQuad
,Down,StrongUp,WeakUp,WeakUp,Dry,,Neutral,Neutral,,,,,,Weak,,Strong,Weak,Strong,,IncCapDecIns,Increasing,Neutral,,,Aug20_Sep15,B,AB,PartInhibit,Average,,ABI,,,,,B,Stifling,Strong,,B,,XNIL,XNIL,LowAtStation,Steep,VeryMoist,CloseToDryAd,,DryMMoistL,,PosToNeg,Other,NWQuad,LVorOther,DenvCyclone
WeakUp,Down,StrongUp,,Down,VeryWet,,VeryWet,VeryWet,PC,PC,PC,PC,Weak,Weak,DCVZFavor,,,Weak,,IncCapDecIns,Increasing,Neutral,LittleChange,SIG,Aug11_Aug20,K,CThruK,PartInhibit,Average,,K,N1GtLIGt_4,Stability,,Average,ACEFK,PartInhibit,Moderate,Moderate,K,XNIL,XNIL,SIG,,Stable,Dry,Steep,StrongFront,DryMMoistL,MovingFtorOt,SigPositive,,SWQuad,Westerly,DenvCyclone
Down,StronUp,Down,Down,,Dry,Wet,Wet,Wet,PC,PC,,Clear,Strong,Strong,,Strong,Weak,Weak,Some,IncCapDecIns,Increasing,,Increasing,SIG,May15_Jun14,E,CThruK,,LessThanAve,Average,CDEJ,LILt_8,,MoreUnstable,MoreUnstable,ACEFK,,Unfavorable,Slight,E,XNIL,XNIL,SIG,LowSHighN,ModerateOrLe,,CloseToDryAd,NoMajor,MoistMDryL,DenvCyclone,PosToNeg,,AllElse,Westerly,WidespdDnsl
Neutral,Neutral,WeakUp,Neutral,Neutral,Wet,Neutral,Neutral,Neutral,PC,,PC,PC,Weak,,StrongWest,Strong,,Weak,,IncCapDecIns,Increasing,StrongPos,Increasing,SIG,Jul16_Aug10,J,CThruK,,LessThanAve,Average,CDEJ,N5GtLIGt_8,Instability,MoreUnstable,MoreUnstable,,,,Strong,J,SIG,SIG,SIG,LowMtsHighPl,ModerateOrLe,Dry,CloseToDryAd,NoMajor,DryMMoistL,,LittleChange,,LV,LVorOther,
StrongUp,,,Down,,Wet,Wet,Neutral,,PC,Clear,,Clear,,,Westerly,,,,,IncCapDecIns,,StrongPos,Increasing,,Jul2_Jul15,B,AB,PartInhibit,,LessThanAve,ABI,,Stability,LessUnstable,Average,,PartInhibit,Moderate,Moderate,,,SVR,,HighEvrywher,Stable,VeryMoist,Steep,NoMajor,Other,DenvCyclone,NegToPos,QStationary,AllElse,,DenvCyclone
Neutral,Down,WeakUp,Down,Down,Neutral,Dry,Dry,Dry,Clear,PC,PC,Clear,Weak,Strong,Other,,Weak,Weak,,LittleChange,LittleChange,Negative,Decreasing,SIG,Jul16_Aug10,B,AB,PartInhibit,LessThanAve,LessThanAve,ABI,N1GtLIGt_4,Stability,Average,,B,,Unfavorable,,B,XNIL,XNIL,SIG,HighEvrywher,CloseToDryAd,Average,,MarkedUpper,DryMMoistL,DenvCyclone,PosToNeg,Other,NWQuad,,
,StronUp,Neutral,Neutral,Neutral,Dry,Dry,,Wet,PC,PC,,Cloudy,Strong,Strong,Other,,,Strong,,LittleChange,LittleChange,WeakPos,Increasing,,Aug20_Sep15,,CThruK,PartInhibit,,MoreThanAve,F,,,MoreUnstable,MoreUnstable,,,Unfavorable,,F,XNIL,XNIL,,HighEvrywher,ModerateOrLe,VeryMoist,ModerateOrLe,StrongFront,Other,DenvCyclone,LittleChange,,LV,LVorOther,
Down,StronUp,Neutral,Down,,,Wet,Wet,Wet,PC,,Clear,,Weak,Strong,StrongWest,Strong,,Strong,Marked,LittleChange,LittleChange,WeakPos,LittleChange,SVR,Jul16_Aug10,B,,PartInhibit,Average,Average,,,Neutral,,LessUnstable,B,Stifling,,,B,XNIL,XNIL,SVR,,,Average,ModerateOrLe,,Other,DenvCyclone,LittleChange,Other,LV,LVorOther,DenvCyclone
Down,Neutral,Down,Down,Down,Neutral,Wet,Wet,Dry,PC,Cloudy,PC,PC,Weak,Strong,DCVZFavor,Weak,Strong,,Some,IncCapDecIns,Increasing,Neutral,LittleChange,,Jul16_Aug10,E,CThruK,,LessThanAve,LessThanAve,CDEJ,N5GtLIGt_8,,MoreUnstable,MoreUnstable,ACEFK,PartInhibit,Moderate,,E,XNIL,XNIL,SIG,,ModerateOrLe,,ModerateOrLe,NoMajor,MoistMDryL,Other,LittleChange,,SWQuad,Westerly,LV
Down,Neutral,Down,Down,Down,Dry,VeryWet,VeryWet,Wet,PC,Clear,Clear,Clear,,Strong,Other,,,Weak,Marked,LittleChange,LittleChange,Negative,,SVR,Jul16_Aug10,D,CThruK,,Average,Average,CDEJ,N1GtLIGt_4,Stability,LessUnstable,LessUnstable,D,,Unfavorable,,D,XNIL,XNIL,SVR,LowSHighN,CloseToDryAd,Average,Steep,OtherRapid,DryMMoistL,DryLine,NegToPos,Moving,NWQuad,,
StrongUp,Neutral,Neutral,,WeakUp,Wet,Neutral,Wet,Wet,,Clear,Clear,PC,Strong,Strong,DCVZFavor,Strong,,Weak,Marked,DecCapIncIns,Decreasing,WeakPos,LittleChange,SIG,Jul16_Aug10,,,PartInhibit,Average,,,N1GtLIGt_4,Instability,,,D,,,Moderate,D,SVR,,SVR,LowSHighN,CloseToDryAd,Dry,CloseToDryAd,MarkedUpper,DryMMoistL,DryLine,SigNegative,,AllElse,,SEQuad
StrongUp,Neutral,Neutral,StrongUp,,,Wet,,Wet,PC,PC,PC,Cloudy,,,DCVZFavor,Weak,,,Marked,,Increasing,Negative,LittleChange,,,A,AB,PartInhibit,LessThanAve,Average,,N1GtLIGt_4,Stability,,,ACEFK,TotalInhibit,Weak,,,SIG,SIG,,Other,ModerateOrLe,Average,ModerateOrLe,OtherRapid,Other,DenvCyclone,SigNegative,,SWQuad,Westerly,
Neutral,Neutral,,Neutral,Neutral,Wet,Dry,Dry,Dry,Clear,PC,PC,PC,,Strong,Other,Weak,,Weak,Some,,LittleChange,Neutral,Increasing,,Jun15_Jul1,K,CThruK,PartInhibit,Average,Average,K,N1GtLIGt_4,,Average,MoreUnstable,,Stifling,Unfavorable,Slight,K,XNIL,,SVR,LowNHighS,Stable,Average,ModerateOrLe,StrongFront,Other,MovingFtorOt,SigPositive,,NWQuad,LVorOther,LongAnticyc
,Down,Neutral,Neutral,Neutral,Wet,Neutral,Neutral,Dry,PC,,PC,PC,,,,,,Weak,,LittleChange,LittleChange,Neutral,,XNIL,,H,CThruK,PartInhibit,Average,Average,,,,LessUnstable,LessUnstable,HI,PartInhibit,Moderate,,H,XNIL,,XNIL,LowMtsHighPl,Stable,,ModerateOrLe,NoMajor,DryMMoistL,MovingFtorOt,NegToPos,Other,SWQuad,LVorOther,E_NE
Neutral,,Neutral,Neutral,Neutral,Neutral,Dry,Dry,Neutral,PC,PC,PC,PC,Strong,Strong,StrongWest,Weak,Weak,Weak,Marked,IncCapDecIns,Increasing,StrongPos,Increasing,,May15_Jun14,B,,,Average,,ABI,N5GtLIGt_8,Neutral,Average,Average,,,Weak,Slight,B,SIG,SIG,,,ModerateOrLe,VeryMoist,Steep,NoMajor,Other,DenvCyclone,PosToNeg,,LV,,DenvCyclone
,Neutral,StrongUp,StrongUp,,VeryWet,Neutral,,Wet,,PC,Cloudy,,Weak,Weak,DCVZFavor,Strong,,Weak,Some,IncCapDecIns,Increasing,Negative,LittleChange,SIG,May15_Jun14,,AB,TotalInhibit,Average,Average,ABI,,Neutral,,Average,ACEFK,PartInhibit,Weak,,A,SVR,SVR,SVR,,Stable,VeryMoist,ModerateOrLe,,DryMMoistL,DenvCyclone,,Other,SWQuad,Westerly,LV
Neutral,StronUp,Neutral,WeakUp,WeakUp,Neutral,Wet,Neutral,Neutral,Clear,Clear,Clear,Clear,Strong,Strong,Westerly,Strong,Weak,Weak,Some,IncCapDecIns,Increasing,,,,Jul2_Jul15,E,CThruK,,Average,Average,CDEJ,N1GtLIGt_4,Neutral,MoreUnstable,MoreUnstable,,,,Strong,E,XNIL,XNIL,SVR,LowEvrywhere,Steep,Average,ModerateOrLe,,MoistMDryL,DryLine,LittleChange,,SWQuad,LVorOther,DenvCyclone
Down,,Down,Down,Down,VeryWet,,Dry,Dry,PC,,PC,Clear,Strong,Strong,,Strong,,Weak,Some,IncCapDecIns,Increasing,Negative,Decreasing,SIG,Jun15_Jul1,C,CThruK,PartInhibit,MoreThanAve,MoreThanAve,CDEJ,N1GtLIGt_4,,,LessUnstable,ACEFK,Stifling,Weak,,C,XNIL,XNIL,SIG,LowEvrywhere,CloseToDryAd,Average,,OtherRapid,Other,E_W_N,SigNegative,,AllElse,Westerly,LongAnticyc
Down,Down,Neutral,Down,Down,Wet,Dry,Dry,Dry,,PC,PC,Clear,,Weak,DCVZFavor,Weak,,,Some,IncCapDecIns,Increasing,Neutral,LittleChange,SIG,Aug20_Sep15,B,AB,Stifling,,MoreThanAve,ABI,N1GtLIGt_4,Stability,LessUnstable,LessUnstable,B,,Moderate,Strong,B,XNIL,XNIL,SIG,LowAtStation,Steep,Dry,ModerateOrLe,,DryMMoistL,E_W_S,LittleChange,Other,,LVorOther,DenvCyclone
StrongUp,Neutral,WeakUp,,WeakUp,VeryWet,Neutral,Wet,Wet,Clear,Clear,,PC,,,StrongWest,,,,,DecCapIncIns,Decreasing,,LittleChange,,Jul16_Aug10,I,CThruK,PartInhibit,Average,LessThanAve,,N5GtLIGt_8,Neutral,MoreUnstable,MoreUnstable,,,Weak,,,XNIL,XNIL,XNIL,LowSHighN,Steep,Dry,Steep,NoMajor,DryMMoistL,E_W_S,NegToPos,QStationary,,LVorOther,
StrongUp,Neutral,StrongUp,StrongUp,StrongUp,Dry,Neutral,Dry,Neutral,Clear,Clear,Clear,PC,Strong,Strong,StrongWest,Strong,,Weak,,IncCapDecIns,Increasing,Neutral,LittleChange,SVR,Jul16_Aug10,B,,PartInhibit,,MoreThanAve,ABI,N1GtLIGt_4,Instability,LessUnstable,LessUnstable,B,,Weak,Moderate,B,SVR,SVR,,LowNHighS,,,Steep,NoMajor,DryMMoistL,E_W_N,PosToNeg,Other,AllElse,Westerly,
Neutral,,WeakUp,Down,Down,Neutral,Wet,Neutral,Neutral,PC,,,,Strong,Strong,Westerly,Strong,,Weak,,IncCapDecIns,Increasing,Neutral,LittleChange,,Aug20_Sep15,I,,,LessThanAve,MoreThanAve,ABI,LILt_8,Instability,MoreUnstable,MoreUnstable,HI,,Moderate,Moderate,,SIG,SIG,SIG,LowSHighN,,Average,ModerateOrLe,StrongFront,Other,,LittleChange,QStationary,LV,Westerly,LV
Down,,Down,Neutral,Neutral,Neutral,VeryWet,Neutral,,,Clear,Clear,,,,Other,,Weak,,,IncCapDecIns,,Neutral,Increasing,XNIL,,,CThruK,TotalInhibit,MoreThanAve,MoreThanAve,G,N1GtLIGt_4,Stability,Average,Average,,,,Moderate,G,XNIL,XNIL,XNIL,LowEvrywhere,CloseToDryAd,Dry,CloseToDryAd,NoMajor,MoistMDryL,DryLine,LittleChange,,NWQuad,LVorOther,LongAnticyc
Down,,Neutral,Neutral,Neutral,Dry,Wet,VeryWet,,Clear,Clear,Clear,Clear,Weak,Strong,,,,Weak,Some,LittleChange,LittleChange,Neutral,Increasing,SVR,Aug20_Sep15,A,AB,PartInhibit,LessThanAve,LessThanAve,ABI,N5GtLIGt_8,Neutral,Average,,,PartInhibit,Moderate,,,SVR,,SVR,LowMtsHighPl,,Average,Steep,MarkedUpper,DryMMoistL,DenvCyclone,PosToNeg,Other,SWQuad,Westerly,DenvCyclone
StrongUp,,StrongUp,StrongUp,StrongUp,Neutral,VeryWet,VeryWet,VeryWet,PC,Clear,Clear,PC,,Weak,DCVZFavor,,,,Some,LittleChange,LittleChange,Negative,,XNIL,May15_Jun14,B,AB,,,LessThanAve,ABI,N1GtLIGt_4,,Average,LessUnstable,B,Stifling,,,B,SVR,SVR,SVR,,Steep,Average,Steep,NoMajor,Other,DenvCyclone,NegToPos,,NWQuad,,DenvCyclone
Down,StronUp,WeakUp,Neutral,,Dry,Dry,Wet,Wet,PC,Clear,Clear,Clear,Strong,Strong,Westerly,Strong,,Strong,Marked,IncCapDecIns,Increasing,Negative,Decreasing,SIG,Jun15_Jul1,E,CThruK,PartInhibit,Average,,CDEJ,N1GtLIGt_4,Neutral,Average,LessUnstable,,PartInhibit,Unfavorable,,E,SIG,XNIL,SIG,LowSHighN,Steep,Average,CloseToDryAd,,MoistMDryL,,PosToNeg,,LV,,DenvCyclone
WeakUp,StronUp,WeakUp,StrongUp,StrongUp,Wet,VeryWet,VeryWet,VeryWet,PC,Cloudy,PC,Cloudy,,,Other,,Weak,Weak,,IncCapDecIns,Increasing,Negative,LittleChange,XNIL,May15_Jun14,H,,PartInhibit,MoreThanAve,MoreThanAve,,N1GtLIGt_4,Stability,,Average,HI,Stifling,Moderate,,,XNIL,XNIL,XNIL,LowMtsHighPl,,Dry,ModerateOrLe,MarkedUpper,DryMMoistL,E_W_S,,,NWQuad,LVorOther,E_NE
Neutral,Down,StrongUp,,WeakUp,Neutral,Dry,Dry,Neutral,Clear,Cloudy,PC,Cloudy,Strong,Weak,Other,,Weak,,,,Increasing,Neutral,LittleChange,SIG,May15_Jun14,C,CThruK,Stifling,Average,Average,,N5GtLIGt_8,,,LessUnstable,ACEFK,Stifling,Weak,,,XNIL,XNIL,,LowAtStation,CloseToDryAd,Average,Steep,MarkedUpper,Other,E_W_N,LittleChange,,NWQuad,LVorOther,LongAnticyc
Down,Down,Down,Down,,Dry,Neutral,VeryWet,Wet,Clear,PC,PC,PC,Weak,Strong,,Strong,Weak,Weak,Marked,IncCapDecIns,Increasing,WeakPos,LittleChange,,,B,AB,Stifling,,MoreThanAve,ABI,N1GtLIGt_4,Instability,Average,MoreUnstable,B,PartInhibit,,,B,SVR,SVR,SVR,LowSHighN,CloseToDryAd,VeryMoist,,NoMajor,,DryLine,LittleChange,QStationary,AllElse,LVorOther,DenvCyclone
Neutral,,Neutral,Neutral,Neutral,Neutral,Wet,Neutral,Neutral,Clear,PC,Clear,Clear,Weak,,StrongWest,Strong,,Weak,Marked,LittleChange,LittleChange,StrongPos,Increasing,SIG,Jun15_Jul1,C,CThruK,,,LessThanAve,CDEJ,N1GtLIGt_4,Stability,LessUnstable,MoreUnstable,ACEFK,PartInhibit,Moderate,Moderate,C,,,SVR,,CloseToDryAd,Dry,CloseToDryAd,OtherRapid,Other,E_W_N,SigNegative,Moving,,Westerly,LongAnticyc
,Neutral,WeakUp,WeakUp,WeakUp,Neutral,Neutral,Dry,Neutral,PC,PC,PC,,,,Westerly,,Weak,,,IncCapDecIns,Increasing,WeakPos,Increasing,,Aug11_Aug20,C,CThruK,Stifling,Average,MoreThanAve,CDEJ,LIGt0,Stability,,Average,ACEFK,PartInhibit,Strong,Strong,C,,SIG,SIG,LowEvrywhere,Steep,Average,CloseToDryAd,,,E_W_S,SigPositive,Other,AllElse,Westerly,LongAnticyc
Neutral,Neutral,,Neutral,Neutral,Neutral,Neutral,,,PC,PC,PC,PC,Strong,Strong,Westerly,Strong,,Weak,Some,IncCapDecIns,Increasing,WeakPos,Increasing,,Jun15_Jul1,E,CThruK,,MoreThanAve,MoreThanAve,,LIGt0,Neutral,MoreUnstable,MoreUnstable,ACEFK,PartInhibit,Weak,,E,,XNIL,,LowAtStation,Stable,Dry,,NoMajor,Other,,SigNegative,,SWQuad,Westerly,LV
Down,WeakUp,Down,Down,Down,Neutral,,VeryWet,,PC,Clear,PC,PC,Strong,,Other,,Weak,Weak,Marked,,LittleChange,Negative,Decreasing,SIG,Aug20_Sep15,,CThruK,PartInhibit,Average,Average,K,N1GtLIGt_4,Neutral,MoreUnstable,MoreUnstable,ACEFK,,Moderate,,K,SIG,XNIL,,Other,ModerateOrLe,Dry,ModerateOrLe,MarkedUpper,Other,E_W_N,NegToPos,Other,SWQuad,Westerly,E_NE
,StronUp,Neutral,WeakUp,,Dry,Dry,,VeryWet,Clear,Cloudy,Clear,Clear,,Strong,,Strong,Weak,Strong,Marked,IncCapDecIns,Increasing,Neutral,Increasing,,Aug20_Sep15,K,CThruK,PartInhibit,LessThanAve,MoreThanAve,K,N1GtLIGt_4,,MoreUnstable,MoreUnstable,,PartInhibit,Moderate,Slight,,XNIL,XNIL,SVR,Other,Steep,Dry,ModerateOrLe,StrongFront,Other,MovingFtorOt,SigPositive,,NWQuad,LVorOther,
Neutral,Neutral,,,Neutral,Neutral,Neutral,,Neutral,PC,PC,Cloudy,Cloudy,Weak,Strong,StrongWest,Weak,,Strong,Marked,LittleChange,LittleChange,Negative,LittleChange,SIG,,E,CThruK,Stifling,Average,Average,,N5GtLIGt_8,Instability,MoreUnstable,MoreUnstable,ACEFK,PartInhibit,Moderate,,E,XNIL,,SIG,LowNHighS,Steep,Average,ModerateOrLe,NoMajor,MoistMDryL,DryLine,LittleChange,,AllElse,Westerly,LV
WeakUp,WeakUp,Neutral,WeakUp,WeakUp,Neutral,Wet,Neutral,Neutral,PC,Clear,Clear,Clear,Strong,,Westerly,Strong,,,Marked,IncCapDecIns,Increasing,Negative,Decreasing,,Aug20_Sep15,K,CThruK,PartInhibit,LessThanAve,LessThanAve,K,,Instability,MoreUnstable,,ACEFK,Stifling,Weak,Slight,K,XNIL,,SIG,LowAtStation,Stable,Average,Steep,OtherRapid,MoistMDryL,,SigNegative,Moving,,Westerly,
Down,,Neutral,Neutral,Neutral,Dry,VeryWet,,Neutral,PC,PC,PC,PC,Weak,Strong,Other,Weak,Weak,Weak,,DecCapIncIns,Decreasing,Negative,LittleChange,XNIL,Aug20_Sep15,C,CThruK,PartInhibit,,,,N5GtLIGt_8,Stability,Average,Average,ACEFK,PartInhibit,Unfavorable,,C,XNIL,,,,Steep,,,OtherRapid,MoistMDryL,E_W_S,SigPositive,Other,NWQuad,,LongAnticyc
,Neutral,Neutral,Neutral,Neutral,Wet,Dry,,VeryWet,PC,,PC,,,,StrongWest,,Weak,,,,LittleChange,Neutral,Increasing,,May15_Jun14,B,AB,TotalInhibit,MoreThanAve,MoreThanAve,ABI,,Stability,,MoreUnstable,B,Stifling,Moderate,Slight,B,XNIL,XNIL,XNIL,LowNHighS,Steep,,,NoMajor,Other,DenvCyclone,,,AllElse,Westerly,DenvCyclone
Neutral,Neutral,Neutral,Neutral,,Neutral,Neutral,Wet,Wet,PC,PC,PC,Clear,Weak,,Westerly,Weak,Strong,Strong,Some,LittleChange,LittleChange,Negative,,SIG,Jul2_Jul15,,,PartInhibit,MoreThanAve,MoreThanAve,H,N1GtLIGt_4,Neutral,MoreUnstable,LessUnstable,HI,Stifling,Moderate,Slight,H,XNIL,XNIL,SIG,LowMtsHighPl,ModerateOrLe,Average,,MarkedUpper,DryMMoistL,E_W_S,NegToPos,,,LVorOther,E_NE
Down,Down,Neutral,,Neutral,,Neutral,Neutral,,PC,Clear,Clear,Clear,Weak,Strong,Other,Weak,Weak,Weak,Some,DecCapIncIns,Decreasing,Neutral,LittleChange,XNIL,Jul16_Aug10,,,PartInhibit,,LessThanAve,CDEJ,LIGt0,Instability,MoreUnstable,MoreUnstable,GJ,TotalInhibit,Moderate,,,XNIL,XNIL,XNIL,LowSHighN,,Dry,,NoMajor,DryMMoistL,E_W_S,NegToPos,,LV,LVorOther,LV
WeakUp,Down,Down,Down,,,Neutral,,Wet,Clear,,PC,Clear,,Strong,Westerly,Weak,Weak,Weak,Some,LittleChange,LittleChange,,,SVR,May15_Jun14,B,AB,TotalInhibit,MoreThanAve,MoreThanAve,ABI,N5GtLIGt_8,Stability,Average,,,,Strong,,B,SVR,SIG,,LowSHighN,Steep,,Steep,,,DenvCyclone,PosToNeg,QStationary,NWQuad,LVorOther,DenvCyclone
StrongUp,,Neutral,WeakUp,WeakUp,Neutral,Neutral,Neutral,,PC,,,PC,Weak,Strong,DCVZFavor,,Weak,Strong,Marked,LittleChange,LittleChange,Neutral,Decreasing,SVR,Jul16_Aug10,G,CThruK,,MoreThanAve,MoreThanAve,G,N5GtLIGt_8,Stability,Average,LessUnstable,,,,Moderate,G,,,SVR,LowEvrywhere,,Average,CloseToDryAd,MarkedUpper,Other,Other,,,SWQuad,Westerly,SEQuad
Neutral,Neutral,StrongUp,Neutral,,,Neutral,,,,Clear,PC,PC,,,,,Weak,,Marked,DecCapIncIns,,,Decreasing,SIG,May15_Jun14,E,CThruK,PartInhibit,LessThanAve,LessThanAve,,,,Average,LessUnstable,ACEFK,PartInhibit,Weak,,E,XNIL,XNIL,SIG,LowAtStation,ModerateOrLe,Average,,NoMajor,MoistMDryL,,LittleChange,,AllElse,LVorOther,
Neutral,StronUp,StrongUp,StrongUp,StrongUp,Dry,Neutral,Wet,VeryWet,,PC,,Cloudy,Weak,Strong,StrongWest,Strong,,Weak,Some,DecCapIncIns,Decreasing,WeakPos,Decreasing,,,C,CThruK,PartInhibit,Average,LessThanAve,CDEJ,N1GtLIGt_4,,LessUnstable,LessUnstable,ACEFK,Stifling,Weak,,,,XNIL,SVR,Other,Steep,Average,Steep,OtherRapid,MoistMDryL,E_W_N,SigPositive,Moving,NWQuad,Westerly,
StrongUp,StronUp,WeakUp,StrongUp,StrongUp,Neutral,Neutral,,Neutral,PC,PC,PC,PC,Weak,,StrongWest,Weak,Weak,Weak,Some,LittleChange,,WeakPos,Increasing,SIG,Aug20_Sep15,,CThruK,,Average,Average,K,N1GtLIGt_4,Neutral,,LessUnstable,,,Unfavorable,,K,XNIL,XNIL,SIG,LowAtStation,Stable,Average,CloseToDryAd,StrongFront,,MovingFtorOt,NegToPos,Moving,SWQuad,Westerly,LongAnticyc
WeakUp,Neutral,Down,Neutral,Neutral,Neutral,Neutral,Neutral,Neutral,Clear,PC,Clear,Clear,Weak,Strong,DCVZFavor,Strong,,Weak,,,,StrongPos,Increasing,SIG,Aug20_Sep15,,CThruK,PartInhibit,Average,Average,K,N5GtLIGt_8,,Average,MoreUnstable,,TotalInhibit,Moderate,,K,XNIL,XNIL,SIG,HighEvrywher,CloseToDryAd,VeryMoist,CloseToDryAd,OtherRapid,,MovingFtorOt,SigPositive,,AllElse,LVorOther,
StrongUp,Neutral,StrongUp,,StrongUp,Neutral,Neutral,Neutral,VeryWet,Clear,Clear,,Cloudy,Strong,Strong,Other,,Weak,,,IncCapDecIns,Increasing,,Decreasing,SIG,Jul16_Aug10,D,,PartInhibit,,MoreThanAve,CDEJ,,Stability,LessUnstable,LessUnstable,D,PartInhibit,Weak,Moderate,D,XNIL,,SIG,LowEvrywhere,ModerateOrLe,Dry,Steep,OtherRapid,Other,MovingFtorOt,LittleChange,,SWQuad,LVorOther,SEQuad
Neutral,Neutral,Neutral,Neutral,Neutral,Neutral,VeryWet,VeryWet,,PC,PC,PC,PC,Strong,,Other,,,,Some,,LittleChange,StrongPos,,SIG,Jun15_Jul1,J,CThruK,PartInhibit,Average,,,,Neutral,Average,MoreUnstable,GJ,,Unfavorable,,,XNIL,,SIG,LowSHighN,Steep,Average,CloseToDryAd,NoMajor,MoistMDryL,DryLine,LittleChange,,LV,LVorOther,LV
,Neutral,Down,Neutral,,Dry,Neutral,Neutral,Neutral,Cloudy,,Cloudy,Cloudy,,,,,,Weak,,,Decreasing,WeakPos,LittleChange,,Jun15_Jul1,G,CThruK,,Average,,G,LIGt0,Stability,,,GJ,PartInhibit,Strong,Moderate,G,,SIG,SIG,LowAtStation,CloseToDryAd,Dry,CloseToDryAd,,MoistMDryL,E_W_N,SigPositive,,NWQuad,LVorOther,
WeakUp,Neutral,WeakUp,Neutral,Neutral,Neutral,VeryWet,Neutral,Neutral,Clear,PC,PC,Clear,Strong,Strong,DCVZFavor,Weak,Strong,Strong,Some,LittleChange,LittleChange,Neutral,Increasing,SIG,Jul2_Jul15,D,CThruK,PartInhibit,Average,Average,CDEJ,N5GtLIGt_8,Neutral,Average,MoreUnstable,D,PartInhibit,Weak,,D,,SVR,,LowAtStation,CloseToDryAd,Dry,,StrongFront,,Other,,QStationary,NWQuad,LVorOther,
WeakUp,,,,,Dry,Neutral,VeryWet,,,Cloudy,PC,,Weak,Strong,Other,Strong,Weak,,,IncCapDecIns,,,Increasing,SIG,May15_Jun14,D,CThruK,Stifling,MoreThanAve,MoreThanAve,CDEJ,N5GtLIGt_8,Neutral,MoreUnstable,MoreUnstable,D,,Weak,,D,XNIL,XNIL,,,CloseToDryAd,,,OtherRapid,Other,,SigNegative,,NWQuad,Westerly,LongAnticyc
Neutral,,Neutral,Neutral,Neutral,VeryWet,,,,PC,Cloudy,,PC,,Weak,,Weak,Weak,Weak,,IncCapDecIns,Increasing,Neutral,Increasing,SIG,Jun15_Jul1,,CThruK,Stifling,,MoreThanAve,,N5GtLIGt_8,Stability,MoreUnstable,MoreUnstable,GJ,,Strong,Strong,,,SIG,SIG,LowAtStation,,Dry,CloseToDryAd,OtherRapid,,,LittleChange,,NWQuad,Westerly,LongAnticyc
Down,Down,,,,VeryWet,Wet,Wet,Wet,,PC,Clear,Clear,Weak,Strong,StrongWest,Strong,Weak,Weak,Some,LittleChange,,WeakPos,LittleChange,SIG,Aug20_Sep15,K,CThruK,PartInhibit,Average,Average,K,N1GtLIGt_4,Stability,MoreUnstable,MoreUnstable,ACEFK,PartInhibit,Weak,Slight,,XNIL,XNIL,SIG,,Stable,Dry,Steep,StrongFront,Other,MovingFtorOt,NegToPos,,AllElse,Westerly,WidespdDnsl
,Neutral,Down,Down,Down,Wet,Neutral,Neutral,Dry,PC,PC,PC,PC,,,,,,Weak,,IncCapDecIns,Increasing,Negative,Decreasing,XNIL,Aug11_Aug20,G,CThruK,Stifling,Average,Average,G,N1GtLIGt_4,Neutral,LessUnstable,LessUnstable,GJ,,Moderate,Moderate,G,XNIL,XNIL,,Other,CloseToDryAd,Dry,CloseToDryAd,NoMajor,,,NegToPos,,AllElse,Westerly,WidespdDnsl
,,Neutral,Neutral,Neutral,Dry,,Neutral,Neutral,,,PC,PC,,Strong,,,,,,LittleChange,LittleChange,StrongPos,Increasing,,Aug20_Sep15,D,CThruK,,,Average,CDEJ,N1GtLIGt_4,Instability,Average,MoreUnstable,D,Stifling,Strong,Strong,D,XNIL,XNIL,SVR,LowEvrywhere,CloseToDryAd,Dry,Steep,MarkedUpper,DryMMoistL,DryLine,SigNegative,,SWQuad,LVorOther,DenvCyclone
Down,StronUp,Neutral,WeakUp,WeakUp,VeryWet,Wet,Wet,VeryWet,Cloudy,PC,,PC,Weak,Strong,StrongWest,Strong,,Strong,Marked,IncCapDecIns,Increasing,Neutral,Increasing,SVR,,H,CThruK,Stifling,MoreThanAve,MoreThanAve,H,,Stability,Average,MoreUnstable,HI,,Moderate,,H,SVR,,,Other,Stable,,,NoMajor,Other,Other,NegToPos,Moving,NWQuad,Westerly,E_NE
Down,Neutral,,,Down,VeryWet,,,VeryWet,Clear,Clear,Clear,PC,Strong,Strong,StrongWest,Strong,Strong,Strong,Marked,IncCapDecIns,Increasing,,Increasing,,Jul16_Aug10,C,CThruK,,Average,MoreThanAve,CDEJ,N1GtLIGt_4,Instability,Average,Average,ACEFK,,,,C,XNIL,,SIG,LowEvrywhere,,,ModerateOrLe,NoMajor,MoistMDryL,E_W_S,NegToPos,Other,NWQuad,Westerly,LongAnticyc
StrongUp,StronUp,Neutral,StrongUp,StrongUp,Dry,Neutral,Wet,,PC,PC,PC,Cloudy,Weak,Strong,Westerly,Weak,,Strong,,IncCapDecIns,,WeakPos,,,,,AB,,,MoreThanAve,ABI,N1GtLIGt_4,Stability,,,B,PartInhibit,Weak,Slight,B,,,SVR,Other,Stable,,Steep,NoMajor,DryMMoistL,,,Other,SWQuad,LVorOther,DenvCyclone
Down,,WeakUp,Neutral,Neutral,VeryWet,Dry,,VeryWet,PC,Clear,Clear,Clear,,,StrongWest,Strong,,Strong,,LittleChange,LittleChange,Negative,Decreasing,SVR,Jul16_Aug10,K,,,Average,Average,,N1GtLIGt_4,Instability,LessUnstable,LessUnstable,ACEFK,,Moderate,Moderate,K,XNIL,XNIL,SVR,LowNHighS,,Average,Steep,MarkedUpper,DryMMoistL,,,QStationary,SWQuad,Westerly,
StrongUp,Down,StrongUp,,WeakUp,VeryWet,VeryWet,Wet,Wet,Clear,PC,Clear,Clear,Strong,Strong,DCVZFavor,Strong,Weak,Weak,Marked,DecCapIncIns,Decreasing,WeakPos,,SIG,Jul16_Aug10,A,AB,Stifling,LessThanAve,LessThanAve,ABI,N1GtLIGt_4,Neutral,Average,MoreUnstable,ACEFK,PartInhibit,Strong,Strong,A,SVR,SIG,SIG,LowSHighN,Stable,VeryMoist,ModerateOrLe,,MoistMDryL,DenvCyclone,,,SWQuad,Westerly,SEQuad
Down,,Down,Down,Down,Wet,,,Neutral,PC,Clear,,,Strong,Strong,StrongWest,Weak,Strong,Weak,Marked,IncCapDecIns,Increasing,WeakPos,Increasing,,May15_Jun14,K,CThruK,PartInhibit,LessThanAve,MoreThanAve,K,LIGt0,Stability,,MoreUnstable,ACEFK,,Weak,Moderate,K,SIG,SIG,SIG,Other,Steep,,ModerateOrLe,MarkedUpper,DryMMoistL,Other,SigNegative,,AllElse,Westerly,WidespdDnsl
Down,Down,StrongUp,Down,Down,VeryWet,Neutral,Wet,Wet,,PC,Cloudy,PC,Weak,Weak,StrongWest,Strong,,Strong,,IncCapDecIns,Increasing,Neutral,LittleChange,SIG,,J,,PartInhibit,MoreThanAve,MoreThanAve,,N5GtLIGt_8,,Average,Average,GJ,PartInhibit,Weak,,,XNIL,XNIL,SIG,LowAtStation,ModerateOrLe,,Steep,NoMajor,MoistMDryL,DryLine,LittleChange,QStationary,LV,LVorOther,LV
StrongUp,Down,Down,Down,,VeryWet,Wet,VeryWet,VeryWet,PC,PC,PC,,,,Other,Weak,Strong,,,IncCapDecIns,Increasing,Negative,Decreasing,,May15_Jun14,K,,,,MoreThanAve,K,N1GtLIGt_4,Stability,,LessUnstable,ACEFK,Stifling,Strong,Slight,K,,XNIL,XNIL,LowNHighS,,,Steep,StrongFront,DryMMoistL,,PosToNeg,Moving,AllElse,Westerly,WidespdDnsl
,StronUp,Neutral,WeakUp,,,,,Neutral,PC,Cloudy,PC,Cloudy,,,,,,Weak,,IncCapDecIns,Increasing,WeakPos,Increasing,XNIL,Jul16_Aug10,E,CThruK,,Average,MoreThanAve,CDEJ,N1GtLIGt_4,Stability,LessUnstable,LessUnstable,ACEFK,,Moderate,Strong,E,XNIL,,SIG,LowEvrywhere,CloseToDryAd,Average,,NoMajor,Other,DryLine,LittleChange,,NWQuad,Westerly,WidespdDnsl
WeakUp,WeakUp,Neutral,WeakUp,WeakUp,,Neutral,Neutral,,,Clear,Clear,Clear,Strong,Strong,Other,,,,Some,IncCapDecIns,Increasing,WeakPos,LittleChange,SIG,May15_Jun14,G,CThruK,,LessThanAve,,G,N1GtLIGt_4,Neutral,LessUnstable,LessUnstable,GJ,Stifling,Moderate,,,,XNIL,SIG,,CloseToDryAd,Dry,CloseToDryAd,NoMajor,MoistMDryL,E_W_S,LittleChange,Other,,,WidespdDnsl
WeakUp,WeakUp,WeakUp,WeakUp,WeakUp,,Neutral,Neutral,,PC,PC,,Clear,,,DCVZFavor,,Weak,,,,Decreasing,WeakPos,,XNIL,,K,CThruK,Stifling,MoreThanAve,MoreThanAve,,N1GtLIGt_4,,,,ACEFK,,Strong,Moderate,,XNIL,,XNIL,HighEvrywher,,,ModerateOrLe,,DryMMoistL,DryLine,SigPositive,Moving,NWQuad,Westerly,
Down,,,,Neutral,,Neutral,Dry,Neutral,Clear,PC,Cloudy,Cloudy,,,DCVZFavor,,,,,IncCapDecIns,Increasing,Neutral,Increasing,XNIL,Jul16_Aug10,J,CThruK,Stifling,MoreThanAve,,CDEJ,,,Average,MoreUnstable,GJ,Stifling,Unfavorable,Slight,J,XNIL,XNIL,XNIL,LowAtStation,ModerateOrLe,Average,Steep,NoMajor,MoistMDryL,DryLine,LittleChange,Other,LV,LVorOther,LV
StrongUp,WeakUp,Down,WeakUp,WeakUp,,,VeryWet,VeryWet,Clear,Clear,,,Strong,,DCVZFavor,Weak,,Strong,,,Increasing,,Decreasing,SVR,Aug20_Sep15,C,CThruK,,Average,MoreThanAve,CDEJ,N5GtLIGt_8,Neutral,LessUnstable,LessUnstable,ACEFK,,,Strong,C,XNIL,XNIL,SVR,LowAtStation,CloseToDryAd,Dry,,OtherRapid,Other,E_W_N,SigNegative,,NWQuad,Westerly,LongAnticyc
StrongUp,Neutral,StrongUp,StrongUp,StrongUp,Wet,Dry,Wet,VeryWet,,,,Cloudy,,,,,Weak,Weak,,IncCapDecIns,Increasing,Negative,,XNIL,May15_Jun14,G,CThruK,PartInhibit,LessThanAve,MoreThanAve,G,N1GtLIGt_4,Stability,Average,Average,GJ,,Strong,,,SIG,SVR,SVR,LowAtStation,,,CloseToDryAd,MarkedUpper,Other,,LittleChange,,AllElse,Westerly,
,WeakUp,Neutral,Neutral,Neutral,Dry,Dry,VeryWet,VeryWet,Clear,Cloudy,PC,Cloudy,Strong,,Westerly,Weak,,Weak,Marked,,Increasing,Neutral,LittleChange,SVR,Jul16_Aug10,I,CThruK,TotalInhibit,MoreThanAve,MoreThanAve,,N5GtLIGt_8,Instability,LessUnstable,,HI,,Weak,Slight,,,,SVR,,CloseToDryAd,,ModerateOrLe,,Other,,NegToPos,Moving,,Westerly,E_NE
Down,StronUp,Neutral,,Neutral,Dry,Dry,Neutral,Dry,PC,Cloudy,PC,PC,Weak,Strong,Other,,Weak,Weak,,LittleChange,LittleChange,StrongPos,Increasing,SVR,May15_Jun14,H,CThruK,,Average,Average,,LILt_8,,MoreUnstable,MoreUnstable,HI,PartInhibit,,Slight,H,,SIG,SVR,Other,Stable,Average,Steep,,Other,Other,NegToPos,,LV,LVorOther,LV
Down,Down,Down,Down,Down,,Wet,Neutral,Neutral,PC,Clear,PC,PC,Strong,Strong,,Strong,Weak,Weak,Marked,,LittleChange,Neutral,Increasing,SVR,May15_Jun14,A,AB,,LessThanAve,LessThanAve,ABI,N1GtLIGt_4,Neutral,Average,Average,ACEFK,,Weak,Strong,A,SIG,SIG,,,ModerateOrLe,Average,Steep,StrongFront,DryMMoistL,MovingFtorOt,,Other,,Westerly,DenvCyclone
Down,Down,Down,Down,Down,Dry,Neutral,Neutral,Dry,,Clear,Clear,,,Strong,DCVZFavor,Weak,Weak,,,IncCapDecIns,Increasing,Neutral,LittleChange,SVR,Aug20_Sep15,G,CThruK,PartInhibit,LessThanAve,Average,G,LIGt0,Instability,Average,,GJ,,,,,XNIL,XNIL,SVR,LowEvrywhere,CloseToDryAd,,CloseToDryAd,NoMajor,MoistMDryL,,NegToPos,,,Westerly,LongAnticyc
StrongUp,StronUp,WeakUp,,StrongUp,Neutral,Neutral,,Wet,,PC,PC,PC,Weak,Weak,Westerly,,,Strong,,LittleChange,LittleChange,Negative,Decreasing,SIG,Jun15_Jul1,D,CThruK,Stifling,MoreThanAve,,,N1GtLIGt_4,Stability,,Average,D,PartInhibit,Weak,,D,,,SIG,LowSHighN,,Average,CloseToDryAd,OtherRapid,MoistMDryL,DryLine,SigNegative,Moving,NWQuad,Westerly,SEQuad
Neutral,,StrongUp,WeakUp,WeakUp,,Dry,Neutral,Wet,PC,PC,PC,PC,Strong,Strong,DCVZFavor,,,Weak,,IncCapDecIns,Increasing,WeakPos,Increasing,SIG,Jun15_Jul1,B,AB,,LessThanAve,Average,,N5GtLIGt_8,Instability,,MoreUnstable,B,PartInhibit,,,B,SIG,SIG,SIG,HighEvrywher,ModerateOrLe,,,,Other,,PosToNeg,Moving,NWQuad,Westerly,E_NE
Neutral,Down,,Down,Down,Dry,Wet,Dry,,PC,Clear,,PC,,Strong,,Strong,,Strong,Some,,Decreasing,Negative,Decreasing,SIG,,A,AB,,LessThanAve,LessThanAve,ABI,N1GtLIGt_4,,,LessUnstable,ACEFK,PartInhibit,Moderate,Slight,A,XNIL,XNIL,SIG,Other,ModerateOrLe,Average,,StrongFront,DryMMoistL,DenvCyclone,NegToPos,Other,SWQuad,Westerly,DenvCyclone
StrongUp,StronUp,WeakUp,StrongUp,StrongUp,Dry,,VeryWet,VeryWet,PC,Cloudy,Cloudy,Cloudy,Weak,Strong,Westerly,Strong,Weak,,Some,LittleChange,LittleChange,,Increasing,,Aug20_Sep15,I,,PartInhibit,MoreThanAve,MoreThanAve,,N1GtLIGt_4,,,,HI,Stifling,Moderate,,I,SVR,,SVR,LowMtsHighPl,ModerateOrLe,VeryMoist,CloseToDryAd,StrongFront,DryMMoistL,MovingFtorOt,,QStationary,SWQuad,,DenvCyclone
Down,Neutral,WeakUp,,WeakUp,Neutral,Neutral,Neutral,Neutral,Clear,PC,Clear,Clear,Strong,Strong,Other,,Weak,Strong,Some,LittleChange,LittleChange,WeakPos,LittleChange,,Aug11_Aug20,J,CThruK,TotalInhibit,,MoreThanAve,CDEJ,,Instability,MoreUnstable,MoreUnstable,GJ,,Strong,Strong,J,XNIL,XNIL,SIG,LowAtStation,Steep,Dry,Steep,NoMajor,MoistMDryL,,LittleChange,,LV,LVorOther,LV
WeakUp,WeakUp,Neutral,Neutral,Neutral,Wet,Neutral,Neutral,Neutral,Clear,PC,Clear,,Strong,Strong,StrongWest,Weak,Strong,Weak,Marked,LittleChange,,WeakPos,Decreasing,SIG,May15_Jun14,E,CThruK,,Average,Average,CDEJ,,Instability,MoreUnstable,,ACEFK,PartInhibit,Strong,Moderate,E,,SVR,SVR,LowAtStation,CloseToDryAd,,ModerateOrLe,NoMajor,Other,,LittleChange,,LV,LVorOther,LV
Down,Neutral,WeakUp,Down,,Neutral,Dry,,,Clear,PC,PC,PC,,,Westerly,,,,,,Increasing,Neutral,Increasing,XNIL,Jul16_Aug10,,CThruK,PartInhibit,Average,,CDEJ,N5GtLIGt_8,Neutral,Average,MoreUnstable,GJ,,Moderate,Slight,J,XNIL,,XNIL,LowAtStation,ModerateOrLe,Average,Steep,NoMajor,MoistMDryL,DryLine,LittleChange,,LV,LVorOther,LV
StrongUp,Neutral,Neutral,,WeakUp,,Wet,Dry,Dry,Clear,PC,Clear,PC,,,DCVZFavor,,,Weak,,,LittleChange,WeakPos,Increasing,XNIL,Jun15_Jul1,C,CThruK,,LessThanAve,Average,CDEJ,N5GtLIGt_8,Stability,,LessUnstable,ACEFK,Stifling,Strong,Strong,C,,SVR,,LowAtStation,CloseToDryAd,Dry,,StrongFront,Other,,SigPositive,Other,,,LV
Down,WeakUp,Down,Down,Down,Neutral,Dry,Dry,Dry,Clear,Clear,Clear,Clear,,,StrongWest,,,Weak,,LittleChange,LittleChange,Neutral,LittleChange,XNIL,,B,AB,PartInhibit,Average,Average,ABI,N5GtLIGt_8,Instability,MoreUnstable,MoreUnstable,B,TotalInhibit,Moderate,Slight,B,,XNIL,XNIL,HighEvrywher,,VeryMoist,Steep,,Other,DenvCyclone,LittleChange,Moving,AllElse,,DenvCyclone
WeakUp,StronUp,,StrongUp,StrongUp,Dry,Dry,Neutral,Neutral,PC,,PC,PC,,Weak,DCVZFavor,,,Weak,Some,DecCapIncIns,Decreasing,Negative,Decreasing,XNIL,Aug20_Sep15,I,CThruK,PartInhibit,Average,Average,ABI,N1GtLIGt_4,Stability,,LessUnstable,HI,TotalInhibit,Moderate,Slight,I,XNIL,XNIL,XNIL,LowSHighN,Steep,VeryMoist,ModerateOrLe,NoMajor,,MovingFtorOt,LittleChange,QStationary,,LVorOther,LV
Down,,StrongUp,,,Wet,Neutral,,Neutral,Cloudy,PC,Cloudy,Cloudy,,,StrongWest,,,,,DecCapIncIns,Decreasing,,Increasing,,Jul16_Aug10,H,CThruK,PartInhibit,LessThanAve,LessThanAve,H,N1GtLIGt_4,Stability,LessUnstable,Average,HI,Stifling,,,H,XNIL,XNIL,XNIL,HighEvrywher,Stable,VeryMoist,ModerateOrLe,MarkedUpper,Other,MovingFtorOt,SigNegative,,,LVorOther,E_NE
StrongUp,Neutral,WeakUp,StrongUp,StrongUp,Wet,Dry,Wet,VeryWet,Clear,PC,,Clear,Weak,Strong,DCVZFavor,Strong,,Strong,Marked,LittleChange,LittleChange,Negative,Decreasing,XNIL,Aug20_Sep15,F,,,,LessThanAve,F,LIGt0,Stability,,LessUnstable,ACEFK,PartInhibit,Moderate,,F,XNIL,SIG,SIG,Other,Steep,VeryMoist,ModerateOrLe,,Other,,,,LV,LVorOther,SEQuad
,,Neutral,StrongUp,StrongUp,Neutral,Neutral,Neutral,Wet,Clear,,Clear,,,,Other,,,,,,LittleChange,,LittleChange,,Jul2_Jul15,G,,TotalInhibit,MoreThanAve,MoreThanAve,G,N5GtLIGt_8,,Average,,,Stifling,Moderate,Slight,G,SIG,SIG,SIG,LowEvrywhere,Steep,Dry,Steep,StrongFront,MoistMDryL,,SigNegative,,SWQuad,Westerly,LongAnticyc
WeakUp,StronUp,StrongUp,StrongUp,StrongUp,Dry,Neutral,Dry,Neutral,Clear,Clear,Clear,PC,Weak,Weak,DCVZFavor,,Strong,,,DecCapIncIns,Decreasing,,LittleChange,XNIL,May15_Jun14,,,Stifling,Average,,H,N1GtLIGt_4,Neutral,Average,Average,HI,,Moderate,,H,XNIL,XNIL,XNIL,LowMtsHighPl,ModerateOrLe,,Steep,MarkedUpper,,,NegToPos,,NWQuad,,E_NE
Down,Neutral,StrongUp,Neutral,Neutral,Neutral,,Neutral,Neutral,Clear,,Clear,Clear,Weak,,DCVZFavor,Weak,Weak,,,,LittleChange,WeakPos,Increasing,SIG,May15_Jun14,E,CThruK,Stifling,Average,Average,CDEJ,N1GtLIGt_4,Stability,MoreUnstable,,ACEFK,PartInhibit,Weak,,E,,SVR,SVR,LowEvrywhere,CloseToDryAd,,ModerateOrLe,NoMajor,MoistMDryL,DryLine,,QStationary,SWQuad,Westerly,DenvCyclone
Neutral,Neutral,Neutral,Neutral,,,Dry,VeryWet,VeryWet,,Clear,PC,Cloudy,Weak,Weak,DCVZFavor,,,Weak,,IncCapDecIns,,WeakPos,LittleChange,XNIL,Aug20_Sep15,H,CThruK,TotalInhibit,MoreThanAve,MoreThanAve,H,N5GtLIGt_8,Stability,LessUnstable,LessUnstable,HI,Stifling,Unfavorable,,H,XNIL,,XNIL,Other,Stable,Average,ModerateOrLe,OtherRapid,DryMMoistL,,LittleChange,,LV,LVorOther,E_NE
Neutral,Down,,Neutral,Neutral,Neutral,Wet,Neutral,Neutral,,PC,Clear,PC,Weak,,Westerly,Strong,Weak,Strong,Marked,IncCapDecIns,Increasing,Neutral,LittleChange,SIG,Aug11_Aug20,A,AB,PartInhibit,,Average,ABI,N5GtLIGt_8,Instability,,Average,ACEFK,,Strong,Moderate,,SVR,SVR,SVR,HighEvrywher,Stable,Dry,Steep,StrongFront,,DenvCyclone,SigNegative,,SWQuad,Westerly,
StrongUp,Neutral,,StrongUp,StrongUp,Dry,Wet,VeryWet,,,Clear,Clear,Clear,Weak,,Other,,,,,,LittleChange,Negative,Decreasing,SIG,Jun15_Jul1,C,CThruK,,Average,,CDEJ,N1GtLIGt_4,Neutral,Average,Average,ACEFK,,Moderate,,,XNIL,XNIL,SIG,LowEvrywhere,,Dry,Steep,NoMajor,MoistMDryL,E_W_N,NegToPos,QStationary,NWQuad,Westerly,WidespdDnsl
WeakUp,Neutral,Neutral,Neutral,Neutral,Neutral,Neutral,Neutral,VeryWet,PC,Clear,Clear,Clear,Strong,Strong,Other,,,,,DecCapIncIns,Decreasing,Neutral,,,Aug20_Sep15,H,,,Average,LessThanAve,H,N1GtLIGt_4,,LessUnstable,LessUnstable,HI,,Moderate,Moderate,,XNIL,XNIL,SVR,LowMtsHighPl,Stable,,ModerateOrLe,NoMajor,DryMMoistL,,SigNegative,,NWQuad,Westerly,
Neutral,Neutral,WeakUp,,Neutral,Wet,Dry,Dry,Neutral,PC,PC,PC,PC,,,Westerly,,,,,,Increasing,StrongPos,,XNIL,May15_Jun14,H,CThruK,Stifling,Average,MoreThanAve,H,N5GtLIGt_8,Stability,Average,MoreUnstable,HI,,Strong,Slight,H,SVR,SVR,SVR,HighEvrywher,Stable,,ModerateOrLe,MarkedUpper,DryMMoistL,MovingFtorOt,SigNegative,Moving,AllElse,LVorOther,
Down,Neutral,StrongUp,Neutral,Neutral,Dry,VeryWet,VeryWet,VeryWet,Clear,PC,PC,PC,Weak,Strong,Other,Strong,,Weak,Some,LittleChange,LittleChange,Neutral,Decreasing,SVR,,H,,PartInhibit,,LessThanAve,H,N1GtLIGt_4,Instability,LessUnstable,LessUnstable,HI,Stifling,Weak,Slight,H,XNIL,,SVR,LowSHighN,Stable,Average,,,Other,,PosToNeg,,LV,Westerly,
StrongUp,StronUp,Down,,WeakUp,,,Dry,,Clear,,Clear,,Weak,Strong,Westerly,Strong,,Strong,Marked,IncCapDecIns,Increasing,Negative,Decreasing,SVR,Aug20_Sep15,K,CThruK,PartInhibit,Average,,K,N1GtLIGt_4,,LessUnstable,LessUnstable,ACEFK,,Weak,Moderate,K,XNIL,XNIL,SVR,Other,,VeryMoist,Steep,MarkedUpper,DryMMoistL,DryLine,SigNegative,,NWQuad,LVorOther,WidespdDnsl
,Neutral,Down,Down,Down,VeryWet,Wet,VeryWet,VeryWet,Clear,Cloudy,Cloudy,Cloudy,,Strong,,Weak,Weak,,Some,IncCapDecIns,Increasing,StrongPos,Increasing,SVR,Jul2_Jul15,I,CThruK,PartInhibit,,MoreThanAve,ABI,N1GtLIGt_4,Instability,LessUnstable,LessUnstable,HI,,Weak,,I,XNIL,XNIL,,LowSHighN,Stable,Dry,CloseToDryAd,OtherRapid,,,PosToNeg,,SWQuad,LVorOther,SEQuad
Down,,Down,Down,Down,Dry,Wet,Dry,,Clear,PC,Clear,Clear,Strong,Strong,StrongWest,Strong,,Strong,,DecCapIncIns,,Neutral,Decreasing,,Jul16_Aug10,J,CThruK,PartInhibit,MoreThanAve,,CDEJ,N1GtLIGt_4,Stability,LessUnstable,LessUnstable,GJ,,Weak,Slight,,XNIL,XNIL,SVR,LowNHighS,Steep,Dry,ModerateOrLe,NoMajor,DryMMoistL,DryLine,LittleChange,,LV,LVorOther,LongAnticyc
WeakUp,Neutral,StrongUp,WeakUp,WeakUp,Dry,Neutral,Dry,,,Clear,Cloudy,Cloudy,Weak,Strong,Westerly,Strong,,Weak,,IncCapDecIns,Increasing,Negative,LittleChange,SIG,,E,,PartInhibit,Average,MoreThanAve,CDEJ,N1GtLIGt_4,Stability,LessUnstable,,ACEFK,,Moderate,,E,XNIL,XNIL,SIG,LowNHighS,ModerateOrLe,Dry,Steep,NoMajor,MoistMDryL,,,,,LVorOther,E_NE
StrongUp,StronUp,Neutral,WeakUp,WeakUp,Dry,Neutral,Dry,Dry,,PC,PC,PC,Weak,Strong,DCVZFavor,Strong,,Strong,,DecCapIncIns,,Neutral,LittleChange,,,D,CThruK,PartInhibit,Average,,CDEJ,N1GtLIGt_4,Neutral,MoreUnstable,MoreUnstable,D,,,Strong,D,,,,LowSHighN,CloseToDryAd,Average,Steep,MarkedUpper,,,,Other,AllElse,Westerly,
Down,StronUp,Down,WeakUp,WeakUp,Wet,Neutral,Neutral,Neutral,PC,PC,PC,PC,Strong,Strong,DCVZFavor,Strong,Weak,,Marked,LittleChange,,,LittleChange,SVR,Aug20_Sep15,B,AB,PartInhibit,Average,Average,,N5GtLIGt_8,Neutral,MoreUnstable,MoreUnstable,,PartInhibit,,Slight,,SIG,SIG,SVR,,Stable,VeryMoist,ModerateOrLe,OtherRapid,Other,MovingFtorOt,PosToNeg,Other,NWQuad,Westerly,DenvCyclone
Neutral,Neutral,StrongUp,Neutral,,Wet,,Wet,Wet,PC,Clear,Clear,,Weak,Weak,DCVZFavor,Strong,Strong,,Marked,LittleChange,LittleChange,Negative,LittleChange,SIG,May15_Jun14,A,,PartInhibit,LessThanAve,LessThanAve,ABI,,Instability,,MoreUnstable,,PartInhibit,,,A,SIG,SIG,SIG,LowSHighN,ModerateOrLe,Average,,OtherRapid,DryMMoistL,DenvCyclone,PosToNeg,Moving,SWQuad,Westerly,E_NE
Neutral,Neutral,Neutral,Neutral,Neutral,Neutral,Dry,,Neutral,PC,Clear,Clear,Clear,,Weak,StrongWest,Weak,,Weak,Some,IncCapDecIns,Increasing,WeakPos,LittleChange,XNIL,Jul2_Jul15,I,CThruK,PartInhibit,Average,MoreThanAve,,N5GtLIGt_8,Neutral,Average,Average,,PartInhibit,,Strong,I,SIG,SIG,SIG,LowSHighN,CloseToDryAd,VeryMoist,CloseToDryAd,OtherRapid,Other,MovingFtorOt,SigPositive,QStationary,SWQuad,Westerly,E_NE
WeakUp,StronUp,WeakUp,StrongUp,StrongUp,Dry,Dry,Neutral,Neutral,Clear,PC,PC,Cloudy,Strong,Strong,,Strong,,Strong,Some,IncCapDecIns,Increasing,,,SIG,Jul16_Aug10,K,CThruK,PartInhibit,MoreThanAve,MoreThanAve,K,N1GtLIGt_4,,MoreUnstable,MoreUnstable,,,,,K,XNIL,XNIL,SIG,HighEvrywher,Steep,Dry,ModerateOrLe,MarkedUpper,DryMMoistL,MovingFtorOt,SigPositive,Other,NWQuad,,SEQuad
,Down,,,StrongUp,,Wet,Neutral,VeryWet,Clear,Cloudy,Clear,PC,,,Westerly,,Weak,Weak,,LittleChange,LittleChange,WeakPos,LittleChange,XNIL,May15_Jun14,K,,PartInhibit,Average,LessThanAve,K,N1GtLIGt_4,Stability,MoreUnstable,MoreUnstable,ACEFK,,Weak,Moderate,K,,SVR,SVR,Other,Steep,Dry,CloseToDryAd,MarkedUpper,DryMMoistL,MovingFtorOt,NegToPos,Moving,NWQuad,Westerly,WidespdDnsl
Down,Neutral,Neutral,Down,Down,,,VeryWet,VeryWet,Clear,PC,PC,PC,,Weak,DCVZFavor,Weak,,Weak,Marked,LittleChange,LittleChange,Negative,,SIG,Aug20_Sep15,K,,PartInhibit,Average,Average,K,N1GtLIGt_4,Instability,Average,Average,,,Strong,Strong,K,XNIL,XNIL,SIG,LowNHighS,,Average,,MarkedUpper,DryMMoistL,,SigNegative,Moving,AllElse,LVorOther,WidespdDnsl
Neutral,,Neutral,Neutral,Neutral,Neutral,VeryWet,Neutral,Neutral,Cloudy,Clear,Cloudy,Cloudy,,,StrongWest,,,,,LittleChange,LittleChange,WeakPos,Increasing,XNIL,Jun15_Jul1,H,CThruK,,LessThanAve,LessThanAve,,LIGt0,Instability,,,HI,PartInhibit,,Slight,H,XNIL,XNIL,,LowNHighS,Stable,Average,ModerateOrLe,NoMajor,,MovingFtorOt,SigNegative,Moving,NWQuad,,E_NE
,,WeakUp,WeakUp,,Neutral,Dry,Dry,Dry,Clear,PC,,PC,,,Other,,,,Some,IncCapDecIns,Increasing,StrongPos,,SVR,Jul16_Aug10,I,CThruK,,Average,MoreThanAve,ABI,N5GtLIGt_8,Stability,Average,Average,HI,PartInhibit,Weak,,I,XNIL,XNIL,SVR,LowSHighN,ModerateOrLe,Average,Steep,NoMajor,DryMMoistL,E_W_S,NegToPos,QStationary,LV,LVorOther,
,Neutral,Neutral,Down,Down,VeryWet,Dry,VeryWet,VeryWet,Clear,PC,Clear,,Weak,Strong,StrongWest,Strong,Weak,,Marked,LittleChange,LittleChange,Neutral,LittleChange,,,K,CThruK,PartInhibit,,Average,K,N5GtLIGt_8,Neutral,Average,Average,ACEFK,,Weak,Moderate,K,SVR,SVR,,Other,Stable,VeryMoist,Steep,MarkedUpper,DryMMoistL,,,QStationary,AllElse,LVorOther,SEQuad
Neutral,WeakUp,,Neutral,,Neutral,,Neutral,Neutral,PC,Cloudy,PC,PC,Weak,Weak,DCVZFavor,,Strong,Weak,Some,LittleChange,LittleChange,StrongPos,Increasing,XNIL,Jul16_Aug10,E,CThruK,PartInhibit,Average,Average,CDEJ,N5GtLIGt_8,,Average,Average,ACEFK,,Weak,,E,,XNIL,,,,Dry,,NoMajor,,,SigNegative,,SWQuad,Westerly,LV
StrongUp,Neutral,WeakUp,WeakUp,WeakUp,Neutral,VeryWet,,Wet,Cloudy,Cloudy,Cloudy,Cloudy,Weak,,StrongWest,Strong,,,Some,DecCapIncIns,Decreasing,,Decreasing,SVR,Jun15_Jul1,K,CThruK,PartInhibit,LessThanAve,LessThanAve,,N1GtLIGt_4,,,LessUnstable,ACEFK,,Weak,,K,XNIL,XNIL,SVR,LowEvrywhere,Steep,Dry,ModerateOrLe,OtherRapid,Other,MovingFtorOt,NegToPos,Other,NWQuad,Westerly,WidespdDnsl
Down,Neutral,,,Down,Wet,Wet,Wet,Wet,Clear,PC,PC,Clear,,,DCVZFavor,Weak,Weak,Weak,Marked,IncCapDecIns,Increasing,Negative,LittleChange,SIG,May15_Jun14,,CThruK,TotalInhibit,MoreThanAve,MoreThanAve,H,N1GtLIGt_4,Instability,Average,Average,HI,PartInhibit,Unfavorable,,H,XNIL,XNIL,SIG,Other,,,Steep,,,E_W_S,,Other,NWQuad,LVorOther,E_NE
WeakUp,Neutral,StrongUp,WeakUp,WeakUp,,Dry,Neutral,Dry,PC,PC,Clear,Clear,Strong,Strong,Westerly,Strong,Strong,,Some,LittleChange,LittleChange,WeakPos,LittleChange,SVR,Jul2_Jul15,F,CThruK,,,,F,N1GtLIGt_4,Stability,LessUnstable,,ACEFK,PartInhibit,Strong,Slight,F,,,SVR,HighEvrywher,Stable,VeryMoist,ModerateOrLe,OtherRapid,,Other,SigNegative,,LV,LVorOther,DenvCyclone
Neutral,Down,Down,,Down,,,VeryWet,Wet,,,PC,PC,Strong,Strong,Other,,,Weak,Some,IncCapDecIns,,StrongPos,Increasing,SIG,Jun15_Jul1,A,AB,PartInhibit,Average,,ABI,N1GtLIGt_4,Instability,LessUnstable,Average,ACEFK,,,Moderate,,XNIL,,SIG,Other,ModerateOrLe,VeryMoist,CloseToDryAd,MarkedUpper,DryMMoistL,DenvCyclone,SigNegative,QStationary,SWQuad,Westerly,DenvCyclone
StrongUp,StronUp,Neutral,StrongUp,,Neutral,Dry,Neutral,Wet,PC,Clear,,PC,,Strong,StrongWest,Strong,Weak,Weak,,LittleChange,LittleChange,,Increasing,,Jul16_Aug10,F,,TotalInhibit,MoreThanAve,MoreThanAve,,,Neutral,,Average,ACEFK,TotalInhibit,Weak,,F,,XNIL,,HighEvrywher,,VeryMoist,Steep,NoMajor,Other,,,,AllElse,LVorOther,SEQuad
Neutral,Neutral,Neutral,,Neutral,Dry,Neutral,Dry,Dry,PC,PC,PC,PC,Weak,Weak,,,Strong,Strong,Some,LittleChange,LittleChange,,LittleChange,SIG,Jul2_Jul15,E,,PartInhibit,Average,,CDEJ,N1GtLIGt_4,Stability,,,,,Strong,Moderate,,SVR,,,Other,ModerateOrLe,Dry,Steep,NoMajor,MoistMDryL,,,,LV,LVorOther,WidespdDnsl
Neutral,Down,Down,Down,Down,Neutral,,Neutral,Dry,Clear,Clear,Clear,Clear,Strong,Strong,DCVZFavor,Strong,,Strong,,IncCapDecIns,Increasing,Negative,Decreasing,SVR,,K,CThruK,PartInhibit,LessThanAve,Average,K,,Stability,MoreUnstable,LessUnstable,,PartInhibit,Strong,Strong,K,XNIL,XNIL,SVR,LowSHighN,ModerateOrLe,VeryMoist,ModerateOrLe,MarkedUpper,DryMMoistL,MovingFtorOt,PosToNeg,QStationary,NWQuad,Westerly,
Neutral,,Neutral,Neutral,Neutral,Neutral,Neutral,,Neutral,Clear,,,,Strong,Strong,Other,Strong,Weak,Strong,Some,DecCapIncIns,Decreasing,Neutral,Decreasing,XNIL,Aug20_Sep15,D,CThruK,,Average,Average,CDEJ,N5GtLIGt_8,Instability,MoreUnstable,Average,D,,Moderate,Strong,D,,SIG,SIG,LowMtsHighPl,CloseToDryAd,Dry,Steep,,Other,DryLine,SigNegative,Moving,SWQuad,Westerly,LongAnticyc
WeakUp,,Down,,Down,Neutral,Dry,Wet,Dry,Cloudy,PC,Cloudy,Cloudy,Weak,Strong,StrongWest,Strong,,Weak,Marked,DecCapIncIns,Decreasing,Neutral,LittleChange,SIG,Jul2_Jul15,D,CThruK,PartInhibit,Average,LessThanAve,,N1GtLIGt_4,,Average,Average,D,Stifling,,,D,XNIL,,SIG,,Steep,Dry,CloseToDryAd,,Other,Other,SigPositive,,,Westerly,
,Neutral,Neutral,WeakUp,WeakUp,VeryWet,Dry,VeryWet,VeryWet,PC,PC,PC,PC,,Weak,StrongWest,,Weak,Strong,,LittleChange,LittleChange,Neutral,,SIG,May15_Jun14,I,CThruK,PartInhibit,,MoreThanAve,ABI,LIGt0,Neutral,,LessUnstable,HI,TotalInhibit,Weak,,,XNIL,XNIL,SIG,,ModerateOrLe,,Steep,MarkedUpper,Other,Other,SigNegative,,AllElse,,
Down,,WeakUp,Neutral,Neutral,Neutral,VeryWet,Neutral,Neutral,Cloudy,PC,PC,PC,Strong,,,Weak,,,,IncCapDecIns,Increasing,Negative,LittleChange,,May15_Jun14,C,CThruK,,LessThanAve,Average,CDEJ,N1GtLIGt_4,Neutral,Average,,ACEFK,PartInhibit,Weak,,,,XNIL,SVR,LowEvrywhere,CloseToDryAd,,ModerateOrLe,StrongFront,Other,E_W_S,PosToNeg,,NWQuad,LVorOther,
Neutral,,Neutral,Neutral,Neutral,,Neutral,,Neutral,,Clear,PC,PC,,Weak,,,Weak,Weak,,LittleChange,LittleChange,Neutral,LittleChange,XNIL,Jul16_Aug10,C,CThruK,Stifling,MoreThanAve,MoreThanAve,CDEJ,N5GtLIGt_8,Stability,Average,Average,ACEFK,Stifling,Weak,,C,XNIL,XNIL,XNIL,LowAtStation,CloseToDryAd,Average,Steep,MarkedUpper,DryMMoistL,,SigPositive,Other,LV,,LongAnticyc
WeakUp,,WeakUp,,Neutral,,VeryWet,VeryWet,VeryWet,Clear,PC,PC,PC,Weak,,StrongWest,,,Strong,Marked,LittleChange,LittleChange,WeakPos,,XNIL,Jun15_Jul1,I,CThruK,PartInhibit,LessThanAve,LessThanAve,ABI,N1GtLIGt_4,Instability,,,HI,TotalInhibit,Moderate,,I,XNIL,,XNIL,LowSHighN,,,CloseToDryAd,NoMajor,,MovingFtorOt,SigNegative,QStationary,SWQuad,Westerly,DenvCyclone
StrongUp,Neutral,StrongUp,WeakUp,WeakUp,Neutral,Neutral,Wet,VeryWet,Clear,Cloudy,Clear,Clear,,,DCVZFavor,,,,,LittleChange,,WeakPos,LittleChange,XNIL,Jun15_Jul1,G,CThruK,,MoreThanAve,,G,N5GtLIGt_8,,Average,Average,GJ,PartInhibit,,,,XNIL,XNIL,XNIL,LowAtStation,CloseToDryAd,Dry,Steep,NoMajor,Other,,PosToNeg,,NWQuad,LVorOther,LongAnticyc
StrongUp,Neutral,Neutral,WeakUp,WeakUp,Dry,Neutral,Wet,,Cloudy,PC,Cloudy,Cloudy,Strong,Strong,StrongWest,Strong,,,,DecCapIncIns,Decreasing,WeakPos,Increasing,SVR,,G,CThruK,,Average,LessThanAve,G,N5GtLIGt_8,Neutral,MoreUnstable,MoreUnstable,GJ,Stifling,Weak,,G,SIG,SIG,SVR,LowAtStation,CloseToDryAd,Dry,CloseToDryAd,OtherRapid,MoistMDryL,,SigNegative,,AllElse,Westerly,WidespdDnsl
Neutral,Neutral,,Neutral,Neutral,Dry,Dry,Dry,Neutral,PC,Clear,Clear,Clear,,Weak,,Strong,Weak,Weak,Some,IncCapDecIns,Increasing,,,XNIL,Jul16_Aug10,F,CThruK,PartInhibit,Average,MoreThanAve,F,N5GtLIGt_8,Instability,,MoreUnstable,ACEFK,PartInhibit,Weak,Moderate,,XNIL,XNIL,XNIL,HighEvrywher,Steep,,,NoMajor,,,SigPositive,,LV,LVorOther,LV
Down,StronUp,Neutral,Neutral,Neutral,Dry,Neutral,VeryWet,Wet,Clear,Clear,Clear,Clear,Weak,Strong,DCVZFavor,Weak,Weak,Weak,Marked,LittleChange,LittleChange,,Increasing,SVR,May15_Jun14,I,CThruK,,,LessThanAve,ABI,N1GtLIGt_4,Instability,Average,,HI,,Weak,Slight,I,XNIL,XNIL,SVR,LowSHighN,Steep,VeryMoist,ModerateOrLe,MarkedUpper,,E_W_N,SigNegative,Moving,SWQuad,Westerly,
,StronUp,Neutral,WeakUp,WeakUp,Dry,Neutral,Wet,Neutral,PC,PC,PC,PC,Weak,Weak,DCVZFavor,,Weak,,,LittleChange,LittleChange,Negative,,XNIL,Jul16_Aug10,D,CThruK,PartInhibit,LessThanAve,,,N5GtLIGt_8,Instability,MoreUnstable,Average,D,Stifling,Unfavorable,,D,XNIL,XNIL,XNIL,LowSHighN,Stable,Average,,,,,,,AllElse,,
WeakUp,Down,WeakUp,Neutral,Neutral,,Neutral,Wet,Wet,PC,,Clear,Clear,Weak,Strong,Other,,Weak,Strong,Some,,Decreasing,Neutral,LittleChange,SIG,Aug20_Sep15,,AB,,Average,,ABI,,Neutral,MoreUnstable,MoreUnstable,B,,Weak,Slight,B,XNIL,XNIL,,LowMtsHighPl,Steep,VeryMoist,Steep,OtherRapid,Other,,PosToNeg,QStationary,AllElse,,
Down,StronUp,Neutral,Neutral,Neutral,Wet,,VeryWet,VeryWet,Clear,Clear,Clear,Clear,Weak,Strong,,Weak,,Weak,Marked,IncCapDecIns,Increasing,WeakPos,Increasing,SVR,Aug20_Sep15,D,CThruK,Stifling,Average,MoreThanAve,,,Instability,MoreUnstable,MoreUnstable,D,,Moderate,,,,XNIL,SVR,LowAtStation,,Dry,Steep,,Other,DryLine,SigNegative,Moving,AllElse,,DenvCyclone
StrongUp,Neutral,StrongUp,StrongUp,StrongUp,Wet,Dry,,VeryWet,PC,PC,PC,Cloudy,Weak,Strong,StrongWest,Strong,Weak,,Marked,IncCapDecIns,Increasing,Negative,Decreasing,XNIL,Aug20_Sep15,,,PartInhibit,Average,Average,CDEJ,N5GtLIGt_8,Neutral,LessUnstable,LessUnstable,D,PartInhibit,Moderate,Moderate,D,XNIL,,XNIL,LowAtStation,CloseToDryAd,Dry,,OtherRapid,MoistMDryL,DryLine,PosToNeg,Other,AllElse,Westerly,SEQuad
Down,Neutral,Down,,Down,Neutral,Wet,VeryWet,Wet,PC,Clear,PC,PC,Strong,Strong,Westerly,Strong,Weak,Strong,Some,IncCapDecIns,Increasing,,Increasing,SVR,Aug20_Sep15,K,,PartInhibit,Average,MoreThanAve,K,,Stability,Average,,ACEFK,Stifling,,Moderate,K,SVR,SVR,SVR,LowNHighS,Steep,Average,ModerateOrLe,MarkedUpper,DryMMoistL,,SigPositive,Moving,AllElse,LVorOther,
StrongUp,Neutral,Down,Neutral,Neutral,Wet,VeryWet,VeryWet,,PC,Clear,,,Strong,Strong,Westerly,Strong,Weak,Strong,Some,IncCapDecIns,Increasing,Neutral,Increasing,XNIL,May15_Jun14,I,CThruK,,Average,,ABI,N5GtLIGt_8,Stability,Average,Average,HI,,Moderate,Moderate,I,SVR,,SVR,LowSHighN,ModerateOrLe,VeryMoist,CloseToDryAd,,DryMMoistL,,LittleChange,QStationary,AllElse,LVorOther,LV
,Neutral,Neutral,WeakUp,WeakUp,Neutral,,Neutral,Wet,PC,PC,,Cloudy,,,StrongWest,,,,,LittleChange,LittleChange,Neutral,LittleChange,XNIL,,K,CThruK,TotalInhibit,Average,LessThanAve,K,N5GtLIGt_8,Stability,,MoreUnstable,,,Weak,Slight,K,XNIL,XNIL,XNIL,Other,CloseToDryAd,,Steep,,MoistMDryL,E_W_N,SigNegative,Other,,,WidespdDnsl
Down,StronUp,,,Down,Wet,Neutral,Neutral,Dry,Clear,Cloudy,,Clear,,,,Weak,Weak,Weak,Some,LittleChange,LittleChange,,Decreasing,XNIL,Jul2_Jul15,D,,,MoreThanAve,,,N1GtLIGt_4,Neutral,Average,LessUnstable,D,,Moderate,,D,XNIL,XNIL,XNIL,HighEvrywher,CloseToDryAd,Average,Steep,OtherRapid,MoistMDryL,E_W_S,NegToPos,Moving,NWQuad,LVorOther,
,StronUp,,StrongUp,,Wet,Dry,Dry,Dry,Clear,Clear,Clear,Cloudy,,Weak,DCVZFavor,,,Weak,,,Decreasing,Neutral,LittleChange,XNIL,Aug20_Sep15,B,AB,PartInhibit,LessThanAve,LessThanAve,ABI,N1GtLIGt_4,Stability,,LessUnstable,B,PartInhibit,Moderate,,B,XNIL,XNIL,XNIL,LowMtsHighPl,ModerateOrLe,VeryMoist,Steep,NoMajor,DryMMoistL,,NegToPos,Other,SWQuad,LVorOther,
Neutral,StronUp,Neutral,Neutral,Neutral,VeryWet,Neutral,,Wet,Clear,Cloudy,Clear,Clear,Strong,Strong,DCVZFavor,Weak,,Weak,Marked,DecCapIncIns,Decreasing,Negative,Decreasing,SVR,May15_Jun14,K,CThruK,PartInhibit,MoreThanAve,,,N5GtLIGt_8,Stability,LessUnstable,LessUnstable,ACEFK,,Moderate,Strong,K,,,SVR,LowSHighN,Steep,Dry,CloseToDryAd,StrongFront,,,,Other,AllElse,Westerly,SEQuad
StrongUp,Down,Down,Down,Down,Dry,VeryWet,VeryWet,Wet,PC,Clear,Clear,Clear,,Weak,Other,,,,Some,LittleChange,,WeakPos,LittleChange,,May15_Jun14,D,CThruK,,LessThanAve,LessThanAve,CDEJ,N1GtLIGt_4,Instability,MoreUnstable,MoreUnstable,D,PartInhibit,Strong,Strong,D,,SVR,SVR,LowSHighN,Steep,VeryMoist,Steep,MarkedUpper,Other,,SigNegative,,SWQuad,Westerly,DenvCyclone
,WeakUp,Neutral,Neutral,,Dry,,Dry,Neutral,PC,Clear,PC,PC,Weak,Weak,DCVZFavor,,Strong,Weak,,IncCapDecIns,,StrongPos,Increasing,,Jul16_Aug10,E,CThruK,Stifling,MoreThanAve,MoreThanAve,CDEJ,N1GtLIGt_4,,LessUnstable,,ACEFK,Stifling,Moderate,,E,XNIL,,SIG,LowAtStation,,,ModerateOrLe,NoMajor,MoistMDryL,,PosToNeg,QStationary,SWQuad,LVorOther,DenvCyclone
Neutral,Neutral,Neutral,,,,Neutral,Wet,VeryWet,Clear,Clear,Clear,Clear,Strong,Strong,DCVZFavor,,,,Marked,IncCapDecIns,Increasing,StrongPos,Increasing,SVR,,G,CThruK,PartInhibit,Average,Average,G,N1GtLIGt_4,Instability,MoreUnstable,,,PartInhibit,,Slight,,,SIG,,,CloseToDryAd,Dry,CloseToDryAd,MarkedUpper,MoistMDryL,,,,SWQuad,,LV
,StronUp,WeakUp,Neutral,,,Neutral,Wet,,,,,PC,,Weak,Other,,,,,IncCapDecIns,Increasing,Neutral,LittleChange,SIG,Jul2_Jul15,J,CThruK,PartInhibit,Average,MoreThanAve,CDEJ,,Instability,Average,Average,GJ,,,Strong,J,SIG,SIG,SIG,LowEvrywhere,,Average,CloseToDryAd,OtherRapid,DryMMoistL,DryLine,LittleChange,Other,LV,LVorOther,LV
Neutral,WeakUp,WeakUp,WeakUp,WeakUp,Dry,Neutral,,,PC,Cloudy,Cloudy,Cloudy,,Strong,DCVZFavor,Weak,,,Marked,IncCapDecIns,Increasing,,,SIG,Jul16_Aug10,,,PartInhibit,Average,MoreThanAve,CDEJ,,,LessUnstable,Average,ACEFK,,Unfavorable,,C,,XNIL,,LowEvrywhere,Steep,Average,CloseToDryAd,NoMajor,MoistMDryL,E_W_S,NegToPos,,LV,,LongAnticyc
WeakUp,,Neutral,Neutral,Neutral,,Neutral,Neutral,Neutral,Cloudy,Clear,Cloudy,Cloudy,,Strong,,Strong,,Weak,Some,LittleChange,,Negative,Decreasing,XNIL,May15_Jun14,H,CThruK,TotalInhibit,MoreThanAve,,H,N1GtLIGt_4,Stability,Average,LessUnstable,HI,PartInhibit,Moderate,,H,,XNIL,XNIL,LowMtsHighPl,Stable,Average,CloseToDryAd,,DryMMoistL,,NegToPos,,SWQuad,Westerly,
WeakUp,,,,,,VeryWet,Wet,VeryWet,Clear,Cloudy,,Clear,,,StrongWest,,Strong,Strong,,DecCapIncIns,Decreasing,WeakPos,Increasing,XNIL,Jul16_Aug10,E,CThruK,,,MoreThanAve,CDEJ,,Instability,,MoreUnstable,,PartInhibit,Moderate,Slight,E,XNIL,XNIL,XNIL,,CloseToDryAd,,,NoMajor,MoistMDryL,,LittleChange,,SWQuad,Westerly,LV
StrongUp,WeakUp,StrongUp,StrongUp,StrongUp,Wet,Dry,,VeryWet,Clear,PC,Clear,,,,StrongWest,,Weak,,,DecCapIncIns,Decreasing,StrongPos,Increasing,XNIL,May15_Jun14,,AB,PartInhibit,LessThanAve,,ABI,N5GtLIGt_8,,Average,,ACEFK,,Moderate,Strong,,SVR,,SVR,LowMtsHighPl,Steep,Average,CloseToDryAd,OtherRapid,DryMMoistL,E_W_S,NegToPos,,SWQuad,,
,Neutral,,,Down,,Dry,Dry,Dry,Clear,PC,Clear,Clear,,Weak,Other,,,Weak,,,LittleChange,Neutral,Decreasing,,Jul16_Aug10,E,CThruK,,LessThanAve,LessThanAve,CDEJ,N1GtLIGt_4,Stability,LessUnstable,LessUnstable,ACEFK,Stifling,Unfavorable,,E,SVR,,SVR,LowMtsHighPl,Steep,,ModerateOrLe,,MoistMDryL,Other,SigPositive,,SWQuad,Westerly,SEQuad
Neutral,,Neutral,WeakUp,WeakUp,Neutral,Dry,Dry,Wet,PC,,,,,Weak,Other,Weak,,Weak,,LittleChange,LittleChange,Negative,LittleChange,SIG,Jul16_Aug10,E,,PartInhibit,,LessThanAve,,,Neutral,MoreUnstable,MoreUnstable,ACEFK,,Moderate,Moderate,E,,SIG,SIG,LowNHighS,CloseToDryAd,Average,Steep,NoMajor,,E_W_N,SigNegative,,,LVorOther,LV
Down,WeakUp,Down,,Down,Neutral,VeryWet,Wet,VeryWet,Clear,,,Clear,Strong,,Other,Weak,,Weak,,LittleChange,LittleChange,StrongPos,Increasing,SVR,Jun15_Jul1,A,AB,PartInhibit,Average,,,N1GtLIGt_4,Instability,MoreUnstable,MoreUnstable,ACEFK,PartInhibit,Moderate,Slight,A,,SVR,SVR,HighEvrywher,Steep,Average,Steep,OtherRapid,Other,E_W_S,SigNegative,Other,SWQuad,LVorOther,DenvCyclone
,StronUp,Neutral,StrongUp,StrongUp,Neutral,Neutral,Wet,VeryWet,Clear,PC,Clear,PC,Weak,Strong,Westerly,,Weak,Strong,Marked,IncCapDecIns,Increasing,WeakPos,Increasing,,Jul2_Jul15,,AB,PartInhibit,,LessThanAve,,N5GtLIGt_8,Neutral,,MoreUnstable,,,Strong,Strong,A,SVR,SVR,SVR,HighEvrywher,ModerateOrLe,VeryMoist,CloseToDryAd,OtherRapid,Other,,,Other,,Westerly,LV
Neutral,Neutral,Neutral,Neutral,Neutral,Dry,Neutral,Wet,Neutral,,Cloudy,,,Strong,Strong,Other,,,,Some,LittleChange,LittleChange,Neutral,LittleChange,XNIL,,K,CThruK,,MoreThanAve,MoreThanAve,K,N1GtLIGt_4,Stability,,,ACEFK,,Weak,Slight,K,XNIL,XNIL,XNIL,LowSHighN,ModerateOrLe,Dry,ModerateOrLe,MarkedUpper,Other,,NegToPos,,NWQuad,Westerly,WidespdDnsl
StrongUp,Neutral,Neutral,,Neutral,Neutral,Neutral,Neutral,Neutral,Cloudy,Cloudy,Cloudy,Cloudy,Strong,Strong,,Strong,,Strong,Marked,IncCapDecIns,Increasing,Neutral,Increasing,SIG,,,CThruK,PartInhibit,Average,,,LIGt0,,,MoreUnstable,ACEFK,,Moderate,,K,XNIL,XNIL,SIG,LowEvrywhere,ModerateOrLe,Dry,ModerateOrLe,StrongFront,,,,Moving,AllElse,LVorOther,WidespdDnsl
,Neutral,Down,,StrongUp,Dry,Dry,VeryWet,,Clear,Clear,Clear,,Strong,Strong,DCVZFavor,Strong,,Strong,Marked,IncCapDecIns,Increasing,Negative,LittleChange,SIG,Aug20_Sep15,I,CThruK,,Average,MoreThanAve,ABI,N1GtLIGt_4,Stability,LessUnstable,LessUnstable,HI,PartInhibit,Weak,,,SIG,SIG,SIG,Other,Stable,VeryMoist,CloseToDryAd,MarkedUpper,Other,,SigNegative,QStationary,LV,LVorOther,DenvCyclone
StrongUp,Neutral,StrongUp,StrongUp,StrongUp,Wet,Wet,Wet,VeryWet,Clear,PC,Clear,Cloudy,Weak,Strong,DCVZFavor,Weak,Weak,Strong,Marked,IncCapDecIns,Increasing,Neutral,,SIG,,J,CThruK,Stifling,Average,Average,CDEJ,,Neutral,MoreUnstable,Average,GJ,,Weak,Moderate,J,SVR,SVR,SVR,,Steep,Average,ModerateOrLe,NoMajor,DryMMoistL,,LittleChange,Other,,,DenvCyclone
WeakUp,WeakUp,Neutral,Neutral,Neutral,Neutral,Neutral,Neutral,Neutral,PC,PC,,PC,Weak,Strong,DCVZFavor,Weak,Weak,Weak,Marked,LittleChange,LittleChange,,Increasing,SVR,Jul16_Aug10,J,CThruK,PartInhibit,,Average,CDEJ,N1GtLIGt_4,Stability,LessUnstable,Average,GJ,PartInhibit,Unfavorable,,J,XNIL,XNIL,SVR,LowSHighN,,Dry,CloseToDryAd,NoMajor,,DryLine,LittleChange,Other,LV,LVorOther,SEQuad
Neutral,,Neutral,WeakUp,WeakUp,Dry,,Wet,Wet,PC,Clear,PC,PC,,Strong,Other,,,,,IncCapDecIns,Increasing,Neutral,LittleChange,,May15_Jun14,G,CThruK,PartInhibit,Average,Average,G,N1GtLIGt_4,Neutral,Average,Average,GJ,,,Slight,G,XNIL,XNIL,SIG,,,,,MarkedUpper,Other,DryLine,SigPositive,,SWQuad,LVorOther,LongAnticyc
,Neutral,Down,Down,Down,VeryWet,Neutral,,Wet,Clear,Cloudy,Cloudy,Cloudy,Strong,Strong,Westerly,Strong,,Strong,,LittleChange,LittleChange,Neutral,LittleChange,SIG,Jul16_Aug10,,AB,PartInhibit,LessThanAve,,ABI,N1GtLIGt_4,,LessUnstable,LessUnstable,ACEFK,,Moderate,Moderate,A,,SIG,,,Stable,,CloseToDryAd,StrongFront,Other,DenvCyclone,,Other,,Westerly,DenvCyclone
StrongUp,Neutral,Down,Neutral,,VeryWet,Neutral,Wet,Wet,,PC,,PC,Weak,Weak,Westerly,,Weak,,Some,DecCapIncIns,Decreasing,Negative,Decreasing,XNIL,Jul2_Jul15,,,,Average,LessThanAve,CDEJ,N1GtLIGt_4,,Average,LessUnstable,D,TotalInhibit,Strong,Slight,D,,XNIL,,LowEvrywhere,CloseToDryAd,,,OtherRapid,Other,,PosToNeg,Moving,AllElse,Westerly,WidespdDnsl
Neutral,Neutral,Neutral,Neutral,,Dry,Wet,VeryWet,VeryWet,PC,Clear,,PC,Weak,,Westerly,Weak,Strong,Weak,,,Increasing,WeakPos,Increasing,SIG,Aug20_Sep15,A,,PartInhibit,,LessThanAve,,N1GtLIGt_4,,LessUnstable,Average,ACEFK,,Weak,Slight,,SIG,,SIG,,ModerateOrLe,VeryMoist,Steep,,DryMMoistL,,SigNegative,Other,SWQuad,,SEQuad
WeakUp,WeakUp,Neutral,WeakUp,WeakUp,Neutral,VeryWet,Wet,Neutral,PC,PC,PC,,,Weak,Other,,,Weak,,DecCapIncIns,Decreasing,WeakPos,LittleChange,XNIL,Jul2_Jul15,H,CThruK,PartInhibit,LessThanAve,LessThanAve,H,N1GtLIGt_4,Instability,,MoreUnstable,HI,PartInhibit,Strong,Moderate,,SIG,SIG,SIG,LowMtsHighPl,ModerateOrLe,Average,,NoMajor,Other,E_W_N,PosToNeg,,SWQuad,Westerly,E_NE
Neutral,,Down,,Neutral,Wet,Dry,Neutral,,PC,,PC,PC,Weak,Strong,Westerly,Strong,,,Some,IncCapDecIns,Increasing,,LittleChange,SIG,Jul2_Jul15,E,,Stifling,MoreThanAve,MoreThanAve,CDEJ,LIGt0,Neutral,,LessUnstable,ACEFK,,Moderate,Strong,E,XNIL,XNIL,SIG,LowNHighS,CloseToDryAd,Average,ModerateOrLe,OtherRapid,Other,,,,AllElse,,WidespdDnsl
Down,Neutral,Neutral,Neutral,,Dry,Neutral,Neutral,Neutral,PC,PC,PC,PC,Weak,,Westerly,,Weak,Strong,Marked,LittleChange,LittleChange,Neutral,LittleChange,SIG,Jun15_Jul1,B,AB,PartInhibit,LessThanAve,LessThanAve,ABI,,Stability,LessUnstable,LessUnstable,B,PartInhibit,Moderate,Strong,B,SIG,SIG,,LowSHighN,Steep,Average,ModerateOrLe,OtherRapid,DryMMoistL,DenvCyclone,PosToNeg,Other,AllElse,Westerly,
WeakUp,Down,,Neutral,Neutral,VeryWet,Dry,Wet,,PC,,PC,PC,,Weak,,Weak,,,Some,LittleChange,LittleChange,Neutral,,SIG,,K,CThruK,Stifling,,Average,K,,Stability,LessUnstable,LessUnstable,ACEFK,,Moderate,Slight,,XNIL,XNIL,SIG,,Stable,Dry,ModerateOrLe,StrongFront,MoistMDryL,,SigNegative,QStationary,SWQuad,Westerly,
Neutral,Neutral,Neutral,Neutral,Neutral,Wet,Neutral,Wet,,PC,PC,,PC,,Weak,Westerly,Weak,,,Some,LittleChange,LittleChange,StrongPos,Increasing,,Jul2_Jul15,B,,,LessThanAve,,ABI,N1GtLIGt_4,Stability,,,B,PartInhibit,Moderate,Moderate,B,SVR,SVR,SVR,LowSHighN,ModerateOrLe,Dry,ModerateOrLe,NoMajor,DryMMoistL,DenvCyclone,SigNegative,Other,AllElse,LVorOther,SEQuad
Neutral,,Neutral,Neutral,Neutral,VeryWet,Neutral,Wet,VeryWet,PC,PC,PC,PC,,Weak,StrongWest,Strong,Weak,,Some,LittleChange,LittleChange,Neutral,Decreasing,SIG,Jul16_Aug10,J,CThruK,PartInhibit,LessThanAve,LessThanAve,CDEJ,N5GtLIGt_8,Stability,MoreUnstable,,GJ,PartInhibit,Moderate,Slight,,XNIL,XNIL,,Other,Stable,Dry,Steep,NoMajor,Other,,LittleChange,,LV,LVorOther,
StrongUp,,StrongUp,StrongUp,StrongUp,,Wet,Neutral,,Clear,Clear,Clear,Clear,Weak,Strong,DCVZFavor,Strong,,Strong,Marked,LittleChange,LittleChange,Neutral,LittleChange,,Aug20_Sep15,,AB,PartInhibit,LessThanAve,LessThanAve,ABI,N1GtLIGt_4,Instability,Average,,,,Strong,Strong,,XNIL,XNIL,,,Steep,Dry,Steep,NoMajor,Other,DenvCyclone,LittleChange,Other,,,E_NE
WeakUp,StronUp,Neutral,Neutral,Neutral,Dry,,Dry,,PC,PC,PC,PC,,Weak,StrongWest,Strong,Weak,Weak,,DecCapIncIns,Decreasing,Neutral,,SIG,Jul16_Aug10,J,CThruK,PartInhibit,LessThanAve,LessThanAve,CDEJ,N1GtLIGt_4,Neutral,Average,,GJ,,,Strong,J,SVR,SVR,SVR,LowMtsHighPl,ModerateOrLe,Average,Steep,NoMajor,,E_W_N,LittleChange,,AllElse,LVorOther,LV
Neutral,Neutral,Neutral,Neutral,Neutral,Neutral,Wet,VeryWet,VeryWet,Clear,Cloudy,PC,,,Strong,Westerly,,,Weak,,LittleChange,LittleChange,Neutral,LittleChange,SVR,May15_Jun14,A,AB,,LessThanAve,LessThanAve,,N5GtLIGt_8,Instability,MoreUnstable,MoreUnstable,ACEFK,,Weak,Slight,A,SVR,,SVR,HighEvrywher,Stable,Average,,MarkedUpper,,,,QStationary,SWQuad,,DenvCyclone
Neutral,Neutral,Down,Down,Down,Neutral,Dry,Neutral,Dry,Cloudy,Cloudy,Cloudy,PC,,,Westerly,,,,,IncCapDecIns,Increasing,Negative,Decreasing,,,G,,,LessThanAve,LessThanAve,G,N5GtLIGt_8,,Average,LessUnstable,GJ,PartInhibit,,,G,XNIL,XNIL,XNIL,LowEvrywhere,CloseToDryAd,Dry,CloseToDryAd,MarkedUpper,,DryLine,LittleChange,Other,NWQuad,LVorOther,WidespdDnsl
StrongUp,Neutral,Neutral,,StrongUp,Wet,,VeryWet,VeryWet,PC,Cloudy,,Cloudy,Weak,Strong,,Strong,,Strong,Marked,DecCapIncIns,Decreasing,WeakPos,Decreasing,,,C,CThruK,,Average,LessThanAve,CDEJ,N5GtLIGt_8,Instability,MoreUnstable,Average,,,Strong,,,XNIL,XNIL,SIG,LowEvrywhere,Steep,Average,,MarkedUpper,Other,,NegToPos,Moving,,Westerly,LongAnticyc
StrongUp,Neutral,StrongUp,WeakUp,WeakUp,Neutral,,,VeryWet,,PC,PC,Cloudy,Strong,Strong,,,,,,LittleChange,LittleChange,WeakPos,,SIG,Aug20_Sep15,C,,Stifling,MoreThanAve,MoreThanAve,,,Stability,LessUnstable,,ACEFK,,Weak,,,SIG,SIG,,LowAtStation,,Dry,Steep,,Other,E_W_N,PosToNeg,,,Westerly,LongAnticyc
WeakUp,Down,Neutral,,Down,,Neutral,Neutral,Dry,PC,Clear,PC,PC,Weak,Weak,Westerly,,Weak,Strong,,LittleChange,,WeakPos,LittleChange,,May15_Jun14,K,CThruK,,,,K,N1GtLIGt_4,Neutral,MoreUnstable,,ACEFK,Stifling,Weak,,K,,,XNIL,LowSHighN,ModerateOrLe,Average,CloseToDryAd,MarkedUpper,,,,,NWQuad,LVorOther,E_NE
,Neutral,Down,,,Neutral,Wet,,Neutral,PC,Clear,Clear,,Weak,Weak,Westerly,Weak,Weak,,Some,DecCapIncIns,Decreasing,WeakPos,Decreasing,SIG,,E,CThruK,Stifling,MoreThanAve,MoreThanAve,CDEJ,N5GtLIGt_8,Instability,MoreUnstable,,,,Moderate,Slight,E,SVR,SVR,,,Steep,Average,ModerateOrLe,NoMajor,MoistMDryL,DryLine,LittleChange,,SWQuad,Westerly,
,,WeakUp,Neutral,Neutral,Dry,,Neutral,Neutral,Clear,Clear,Clear,Clear,Weak,Weak,DCVZFavor,,,Weak,,,LittleChange,Negative,,XNIL,May15_Jun14,I,CThruK,PartInhibit,Average,Average,,N1GtLIGt_4,Stability,LessUnstable,LessUnstable,HI,,,,I,XNIL,XNIL,XNIL,LowMtsHighPl,,Dry,Steep,NoMajor,Other,E_W_S,PosToNeg,Moving,LV,Westerly,LongAnticyc
