node_i,node_j,condition,p_value
N0_7muVerMo,SubjVertMo,,0.8695441103631258
N0_7muVerMo,QGVertMotion,,0.6888512960172948
N0_7muVerMo,CombVerMo,,4.574409150047958e-24
N0_7muVerMo,AreaMeso_ALS,,4.574409150047958e-24
N0_7muVerMo,SatContMoist,,0.9023870843479207
N0_7muVerMo,RaoContMoist,,0.8815047410977518
N0_7muVerMo,CombMoisture,,0.24131306949641043
N0_7muVerMo,AreaMoDryAir,,0.00182743272499774
N0_7muVerMo,VISCloudCov,,0.36471275960882166
N0_7muVerMo,IRCloudCover,,0.4958102111417151
N0_7muVerMo,CombClouds,,0.8923413335365149
N0_7muVerMo,CldShadeOth,,0.24710229335435527
N0_7muVerMo,AMInstabMt,,0.9411051583516289
N0_7muVerMo,InsInMt,,0.8820091622237992
N0_7muVerMo,WndHodograph,,0.7762781232137649
N0_7muVerMo,OutflowFrMt,,0.8133159306483022
N0_7muVerMo,MorningBound,,0.9920310495997359
N0_7muVerMo,Boundaries,,0.28434062583673825
N0_7muVerMo,CldShadeConv,,0.7938244763722384
N0_7muVerMo,CompPlFcst,,0.23149265244433806
N0_7muVerMo,CapChange,,0.23149265244433806
N0_7muVerMo,LoLevMoistAd,,0.4170665924667289
N0_7muVerMo,InsChange,,0.8779985539137938
N0_7muVerMo,MountainFcst,,0.03840857715163845
N0_7muVerMo,Date,,0.47731811465089136
N0_7muVerMo,Scenario,,0.4740785032731909
N0_7muVerMo,ScenRelAMCIN,,0.1817207350756657
N0_7muVerMo,MorningCIN,,0.9903757171274866
N0_7muVerMo,AMCINInScen,,0.8161935085371463
N0_7muVerMo,CapInScen,,0.8561909162203507
N0_7muVerMo,ScenRelAMIns,,0.973959769344006
N0_7muVerMo,LIfr12ZDENSd,,0.8502293511251343
N0_7muVerMo,AMDewptCalPl,,0.5808854908570344
N0_7muVerMo,AMInsWliScen,,0.9714655385306108
N0_7muVerMo,InsSclInScen,,0.5222404793562405
N0_7muVerMo,ScenRel3_4,,0.16589100906942048
N0_7muVerMo,LatestCIN,,0.6326325939988477
N0_7muVerMo,LLIW,,0.9279584085527731
N0_7muVerMo,CurPropConv,,0.7777517155992617
N0_7muVerMo,ScnRelPlFcst,,0.4740785032731909
N0_7muVerMo,PlainsFcst,,0.6987404688152237
N0_7muVerMo,N34StarFcst,,0.7953877718728307
N0_7muVerMo,R5Fcst,,0.47670945047295954
N0_7muVerMo,Dewpoints,,0.3793279967051611
N0_7muVerMo,LowLLapse,,0.6881206903064072
N0_7muVerMo,MeanRH,,0.7421386470359774
N0_7muVerMo,MidLLapse,,0.6668421929332808
N0_7muVerMo,MvmtFeatures,,0.3905645309224434
N0_7muVerMo,RHRatio,,0.9094994456956539
N0_7muVerMo,SfcWndShfDis,,0.009978975168827519
N0_7muVerMo,SynForcng,,0.0750072621887464
N0_7muVerMo,TempDis,,0.6469391181540813
N0_7muVerMo,WindAloft,,0.17304793735128757
N0_7muVerMo,WindFieldMt,,0.5350089788471892
N0_7muVerMo,WindFieldPln,,0.36367437859392354
SubjVertMo,QGVertMotion,,0.9572613864078641
SubjVertMo,CombVerMo,,3.005225253108763e-15
SubjVertMo,AreaMeso_ALS,,3.005225253108763e-15
SubjVertMo,SatContMoist,,0.4672947258454987
SubjVertMo,RaoContMoist,,0.5669709996375807
SubjVertMo,CombMoisture,,0.07390246708716153
SubjVertMo,AreaMoDryAir,,0.07989571236341533
SubjVertMo,VISCloudCov,,0.5885369158655762
SubjVertMo,IRCloudCover,,0.05274035236764786
SubjVertMo,CombClouds,,0.5032777810256839
SubjVertMo,CldShadeOth,,0.41864133789297064
SubjVertMo,AMInstabMt,,0.35167874396229903
SubjVertMo,InsInMt,,0.2224807443885437
SubjVertMo,WndHodograph,,0.43663239105537516
SubjVertMo,OutflowFrMt,,0.15920174122643288
SubjVertMo,MorningBound,,0.8221198411421362
SubjVertMo,Boundaries,,0.5277833631290874
SubjVertMo,CldShadeConv,,0.5441336058250181
SubjVertMo,CompPlFcst,,0.40733147362073197
SubjVertMo,CapChange,,0.40733147362073197
SubjVertMo,LoLevMoistAd,,0.9960161578420226
SubjVertMo,InsChange,,0.3435425483661082
SubjVertMo,MountainFcst,,0.7367576499989755
SubjVertMo,Date,,0.38701718513215544
SubjVertMo,Scenario,,0.9687419899412664
SubjVertMo,ScenRelAMCIN,,0.9455074427028874
SubjVertMo,MorningCIN,,0.8419811917424063
SubjVertMo,AMCINInScen,,0.683949612199374
SubjVertMo,CapInScen,,0.4320505121341911
SubjVertMo,ScenRelAMIns,,0.9592194943324355
SubjVertMo,LIfr12ZDENSd,,0.2323058460012684
SubjVertMo,AMDewptCalPl,,0.08419534712350073
SubjVertMo,AMInsWliScen,,0.05781606117100701
SubjVertMo,InsSclInScen,,0.046830036777791705
SubjVertMo,ScenRel3_4,,0.7879841974387535
SubjVertMo,LatestCIN,,0.4936476960859453
SubjVertMo,LLIW,,0.00953591470517057
SubjVertMo,CurPropConv,,0.0025720174176333595
SubjVertMo,ScnRelPlFcst,,0.9687419899412664
SubjVertMo,PlainsFcst,,0.5058159249959695
SubjVertMo,N34StarFcst,,0.6486672453014042
SubjVertMo,R5Fcst,,0.6952662812635685
SubjVertMo,Dewpoints,,0.5725957046724356
SubjVertMo,LowLLapse,,0.5724833504791038
SubjVertMo,MeanRH,,0.2476700492062211
SubjVertMo,MidLLapse,,0.2288007968548889
SubjVertMo,MvmtFeatures,,0.8670796097641605
SubjVertMo,RHRatio,,0.9978078805718497
SubjVertMo,SfcWndShfDis,,0.3181512232859608
SubjVertMo,SynForcng,,0.4538075801508422
SubjVertMo,TempDis,,0.44302328682890757
SubjVertMo,WindAloft,,0.529675688547744
SubjVertMo,WindFieldMt,,0.7133166398912119
SubjVertMo,WindFieldPln,,0.46793252661262097
QGVertMotion,CombVerMo,,1.4422898083353564e-16
QGVertMotion,AreaMeso_ALS,,1.4422898083353564e-16
QGVertMotion,SatContMoist,,0.6583888002130245
QGVertMotion,RaoContMoist,,0.5688341979959367
QGVertMotion,CombMoisture,,0.3599174802075218
QGVertMotion,AreaMoDryAir,,0.017662102201725528
QGVertMotion,VISCloudCov,,0.8053764723686214
QGVertMotion,IRCloudCover,,0.9278766881851657
QGVertMotion,CombClouds,,0.619195349215371
QGVertMotion,CldShadeOth,,0.08749338954328567
QGVertMotion,AMInstabMt,,0.4951276971513544
QGVertMotion,InsInMt,,0.6896129920785037
QGVertMotion,WndHodograph,,0.58286084225877
QGVertMotion,OutflowFrMt,,0.6743783144012498
QGVertMotion,MorningBound,,0.6523306116327403
QGVertMotion,Boundaries,,0.9391829377907075
QGVertMotion,CldShadeConv,,0.49671465792713054
QGVertMotion,CompPlFcst,,0.4496769469816919
QGVertMotion,CapChange,,0.4496769469816919
QGVertMotion,LoLevMoistAd,,0.5305344678281818
QGVertMotion,InsChange,,0.3051157259412719
QGVertMotion,MountainFcst,,0.8207466554611669
QGVertMotion,Date,,0.9694325901442608
QGVertMotion,Scenario,,0.33887176679511144
QGVertMotion,ScenRelAMCIN,,0.039087435905510885
QGVertMotion,MorningCIN,,0.7721195821295793
QGVertMotion,AMCINInScen,,0.38895347280074005
QGVertMotion,CapInScen,,0.909656690672577
QGVertMotion,ScenRelAMIns,,0.20804218214045173
QGVertMotion,LIfr12ZDENSd,,0.28031168074788054
QGVertMotion,AMDewptCalPl,,0.17319024352418338
QGVertMotion,AMInsWliScen,,0.0625467266697162
QGVertMotion,InsSclInScen,,0.010938665111827959
QGVertMotion,ScenRel3_4,,0.11396915854815359
QGVertMotion,LatestCIN,,0.812758055976787
QGVertMotion,LLIW,,0.7594514629281115
QGVertMotion,CurPropConv,,0.5305085124350897
QGVertMotion,ScnRelPlFcst,,0.33887176679511144
QGVertMotion,PlainsFcst,,0.2956021785078986
QGVertMotion,N34StarFcst,,0.14532875356044198
QGVertMotion,R5Fcst,,0.7907887422243123
QGVertMotion,Dewpoints,,0.48361519696400934
QGVertMotion,LowLLapse,,0.2578023845198024
QGVertMotion,MeanRH,,0.5249793920379275
QGVertMotion,MidLLapse,,0.8194763531173836
QGVertMotion,MvmtFeatures,,0.3607915958444537
QGVertMotion,RHRatio,,0.573878995303498
QGVertMotion,SfcWndShfDis,,0.13347307400350547
QGVertMotion,SynForcng,,0.9777148482796537
QGVertMotion,TempDis,,0.1858464786911133
QGVertMotion,WindAloft,,0.543017569915211
QGVertMotion,WindFieldMt,,0.32915387486345143
QGVertMotion,WindFieldPln,,0.31941684198772813
CombVerMo,AreaMeso_ALS,,1.3489568606680032e-215
CombVerMo,SatContMoist,,0.5783331220061162
CombVerMo,RaoContMoist,,0.5844854130183026
CombVerMo,CombMoisture,,0.7439520172814647
CombVerMo,AreaMoDryAir,,5.605012256560945e-10
CombVerMo,VISCloudCov,,0.41541275952568074
CombVerMo,IRCloudCover,,0.4532711490613811
CombVerMo,CombClouds,,0.4513587916702042
CombVerMo,CldShadeOth,,2.2551609073474345e-08
CombVerMo,AMInstabMt,,0.7579506732283087
CombVerMo,InsInMt,,0.8985556328630916
CombVerMo,WndHodograph,,0.9855572723117149
CombVerMo,OutflowFrMt,,0.38583937010268704
CombVerMo,MorningBound,,0.826185254552564
CombVerMo,Boundaries,,0.12118173864825317
CombVerMo,CldShadeConv,,0.1928234869581777
CombVerMo,CompPlFcst,,0.005426309886704111
CombVerMo,CapChange,,0.005426309886704111
CombVerMo,LoLevMoistAd,,0.9730686218856427
CombVerMo,InsChange,,0.11925966975523918
CombVerMo,MountainFcst,,0.5881025834484639
CombVerMo,Date,,0.5831037179487382
CombVerMo,Scenario,,0.5669468008087899
CombVerMo,ScenRelAMCIN,,0.12997720451816927
CombVerMo,MorningCIN,,0.4716301247651241
CombVerMo,AMCINInScen,,0.3052295383094442
CombVerMo,CapInScen,,0.18218061461039328
CombVerMo,ScenRelAMIns,,0.40906336537961113
CombVerMo,LIfr12ZDENSd,,0.8978440699835084
CombVerMo,AMDewptCalPl,,0.3149379010668975
CombVerMo,AMInsWliScen,,0.409405684837202
CombVerMo,InsSclInScen,,0.7548318626847238
CombVerMo,ScenRel3_4,,0.17525163315660428
CombVerMo,LatestCIN,,0.3196952126081814
CombVerMo,LLIW,,0.2067529355974919
CombVerMo,CurPropConv,,0.9984334479242507
CombVerMo,ScnRelPlFcst,,0.5669468008087899
CombVerMo,PlainsFcst,,0.18030863026724653
CombVerMo,N34StarFcst,,0.16728579668085997
CombVerMo,R5Fcst,,0.8951280142029858
CombVerMo,Dewpoints,,0.2040944301564747
CombVerMo,LowLLapse,,0.8993316769691095
CombVerMo,MeanRH,,0.03322190498546597
CombVerMo,MidLLapse,,0.7822980621841982
CombVerMo,MvmtFeatures,,0.6235308204292089
CombVerMo,RHRatio,,0.17642543468422722
CombVerMo,SfcWndShfDis,,0.39892254749840383
CombVerMo,SynForcng,,0.9785855831417929
CombVerMo,TempDis,,0.7285792441686696
CombVerMo,WindAloft,,0.9052247566530987
CombVerMo,WindFieldMt,,0.44295400784554706
CombVerMo,WindFieldPln,,0.14257962636627816
AreaMeso_ALS,SatContMoist,,0.5783331220061162
AreaMeso_ALS,RaoContMoist,,0.5844854130183026
AreaMeso_ALS,CombMoisture,,0.7439520172814647
AreaMeso_ALS,AreaMoDryAir,,5.605012256560945e-10
AreaMeso_ALS,VISCloudCov,,0.41541275952568074
AreaMeso_ALS,IRCloudCover,,0.4532711490613811
AreaMeso_ALS,CombClouds,,0.4513587916702042
AreaMeso_ALS,CldShadeOth,,2.2551609073474345e-08
AreaMeso_ALS,AMInstabMt,,0.7579506732283087
AreaMeso_ALS,InsInMt,,0.8985556328630916
AreaMeso_ALS,WndHodograph,,0.9855572723117149
AreaMeso_ALS,OutflowFrMt,,0.38583937010268704
AreaMeso_ALS,MorningBound,,0.826185254552564
AreaMeso_ALS,Boundaries,,0.12118173864825317
AreaMeso_ALS,CldShadeConv,,0.1928234869581777
AreaMeso_ALS,CompPlFcst,,0.005426309886704111
AreaMeso_ALS,CapChange,,0.005426309886704111
AreaMeso_ALS,LoLevMoistAd,,0.9730686218856427
AreaMeso_ALS,InsChange,,0.11925966975523918
AreaMeso_ALS,MountainFcst,,0.5881025834484639
AreaMeso_ALS,Date,,0.5831037179487382
AreaMeso_ALS,Scenario,,0.5669468008087899
AreaMeso_ALS,ScenRelAMCIN,,0.12997720451816927
AreaMeso_ALS,MorningCIN,,0.4716301247651241
AreaMeso_ALS,AMCINInScen,,0.3052295383094442
AreaMeso_ALS,CapInScen,,0.18218061461039328
AreaMeso_ALS,ScenRelAMIns,,0.40906336537961113
AreaMeso_ALS,LIfr12ZDENSd,,0.8978440699835084
AreaMeso_ALS,AMDewptCalPl,,0.3149379010668975
AreaMeso_ALS,AMInsWliScen,,0.409405684837202
AreaMeso_ALS,InsSclInScen,,0.7548318626847238
AreaMeso_ALS,ScenRel3_4,,0.17525163315660428
AreaMeso_ALS,LatestCIN,,0.3196952126081814
AreaMeso_ALS,LLIW,,0.2067529355974919
AreaMeso_ALS,CurPropConv,,0.9984334479242507
AreaMeso_ALS,ScnRelPlFcst,,0.5669468008087899
AreaMeso_ALS,PlainsFcst,,0.18030863026724653
AreaMeso_ALS,N34StarFcst,,0.16728579668085997
AreaMeso_ALS,R5Fcst,,0.8951280142029858
AreaMeso_ALS,Dewpoints,,0.2040944301564747
AreaMeso_ALS,LowLLapse,,0.8993316769691095
AreaMeso_ALS,MeanRH,,0.03322190498546597
AreaMeso_ALS,MidLLapse,,0.7822980621841982
AreaMeso_ALS,MvmtFeatures,,0.6235308204292089
AreaMeso_ALS,RHRatio,,0.17642543468422722
AreaMeso_ALS,SfcWndShfDis,,0.39892254749840383
AreaMeso_ALS,SynForcng,,0.9785855831417929
AreaMeso_ALS,TempDis,,0.7285792441686696
AreaMeso_ALS,WindAloft,,0.9052247566530987
AreaMeso_ALS,WindFieldMt,,0.44295400784554706
AreaMeso_ALS,WindFieldPln,,0.14257962636627816
SatContMoist,RaoContMoist,,0.12860767676742807
SatContMoist,CombMoisture,,7.192131729292112e-24
SatContMoist,AreaMoDryAir,,7.239837253307894e-07
SatContMoist,VISCloudCov,,0.6784928393928018
SatContMoist,IRCloudCover,,0.1454044206123192
SatContMoist,CombClouds,,0.6318206249335268
SatContMoist,CldShadeOth,,0.2793766529388086
SatContMoist,AMInstabMt,,0.4942354700567242
SatContMoist,InsInMt,,0.7634996484807466
SatContMoist,WndHodograph,,0.9296340730390683
SatContMoist,OutflowFrMt,,0.20866547521446763
SatContMoist,MorningBound,,0.45990461734302523
SatContMoist,Boundaries,,0.9134863683617103
SatContMoist,CldShadeConv,,0.3870714483179266
SatContMoist,CompPlFcst,,0.4997612145206213
SatContMoist,CapChange,,0.4997612145206213
SatContMoist,LoLevMoistAd,,0.20774873610293482
SatContMoist,InsChange,,0.8797921317852614
SatContMoist,MountainFcst,,0.31493529993741814
SatContMoist,Date,,0.7117029277308227
SatContMoist,Scenario,,0.9746864214131536
SatContMoist,ScenRelAMCIN,,0.9623940825035935
SatContMoist,MorningCIN,,0.691178912934684
SatContMoist,AMCINInScen,,0.341505777138448
SatContMoist,CapInScen,,0.9226072333915802
SatContMoist,ScenRelAMIns,,0.6651272130516415
SatContMoist,LIfr12ZDENSd,,0.6861601505517068
SatContMoist,AMDewptCalPl,,0.4423082126484209
SatContMoist,AMInsWliScen,,0.2602648745207203
SatContMoist,InsSclInScen,,0.4417491331294595
SatContMoist,ScenRel3_4,,0.8927518208400647
SatContMoist,LatestCIN,,0.5954957643747758
SatContMoist,LLIW,,0.9922941580542278
SatContMoist,CurPropConv,,0.8090180480600974
SatContMoist,ScnRelPlFcst,,0.9746864214131536
SatContMoist,PlainsFcst,,0.25885862958111
SatContMoist,N34StarFcst,,0.3486910755702178
SatContMoist,R5Fcst,,0.9059892068565037
SatContMoist,Dewpoints,,0.3571412896571181
SatContMoist,LowLLapse,,0.6260945077077309
SatContMoist,MeanRH,,0.4780430638380023
SatContMoist,MidLLapse,,0.34278988126176546
SatContMoist,MvmtFeatures,,0.33019817841175814
SatContMoist,RHRatio,,0.08983076205903769
SatContMoist,SfcWndShfDis,,0.09751861266795463
SatContMoist,SynForcng,,0.7701190914974855
SatContMoist,TempDis,,0.024426878993960566
SatContMoist,WindAloft,,0.8434186200350077
SatContMoist,WindFieldMt,,0.5922643643516381
SatContMoist,WindFieldPln,,0.4231147468087107
RaoContMoist,CombMoisture,,1.5100731900761105e-08
RaoContMoist,AreaMoDryAir,,0.0006219374160664651
RaoContMoist,VISCloudCov,,0.8373750444001737
RaoContMoist,IRCloudCover,,0.6276643382831584
RaoContMoist,CombClouds,,0.740926252185843
RaoContMoist,CldShadeOth,,0.2973913236828158
RaoContMoist,AMInstabMt,,0.8617678107895757
RaoContMoist,InsInMt,,0.4650066804570371
RaoContMoist,WndHodograph,,0.7603069288019677
RaoContMoist,OutflowFrMt,,0.8036524464595457
RaoContMoist,MorningBound,,0.9054674408726568
RaoContMoist,Boundaries,,0.7660615483521889
RaoContMoist,CldShadeConv,,0.7050699719783564
RaoContMoist,CompPlFcst,,0.934149730418186
RaoContMoist,CapChange,,0.934149730418186
RaoContMoist,LoLevMoistAd,,0.6667107340909799
RaoContMoist,InsChange,,0.8750487342488653
RaoContMoist,MountainFcst,,0.9878728180685508
RaoContMoist,Date,,0.6423188891348861
RaoContMoist,Scenario,,0.9508774622825891
RaoContMoist,ScenRelAMCIN,,0.8000289343716699
RaoContMoist,MorningCIN,,0.6685400617068071
RaoContMoist,AMCINInScen,,0.2200628222236182
RaoContMoist,CapInScen,,0.19679762838857157
RaoContMoist,ScenRelAMIns,,0.9381018161294761
RaoContMoist,LIfr12ZDENSd,,0.651036050579443
RaoContMoist,AMDewptCalPl,,0.48563163765574546
RaoContMoist,AMInsWliScen,,0.600509622816519
RaoContMoist,InsSclInScen,,0.9240851718459256
RaoContMoist,ScenRel3_4,,0.8651081892137166
RaoContMoist,LatestCIN,,0.039626526122400765
RaoContMoist,LLIW,,0.9538842783826874
RaoContMoist,CurPropConv,,0.6008321685576483
RaoContMoist,ScnRelPlFcst,,0.9508774622825891
RaoContMoist,PlainsFcst,,0.3240778408355732
RaoContMoist,N34StarFcst,,0.23170747037988113
RaoContMoist,R5Fcst,,0.40113870296953547
RaoContMoist,Dewpoints,,0.6880834254087755
RaoContMoist,LowLLapse,,0.9579663767963438
RaoContMoist,MeanRH,,0.45432018288442744
RaoContMoist,MidLLapse,,0.6263402358999302
RaoContMoist,MvmtFeatures,,0.825940916016798
RaoContMoist,RHRatio,,0.6646656135547424
RaoContMoist,SfcWndShfDis,,0.5285362440483796
RaoContMoist,SynForcng,,0.8068651116640081
RaoContMoist,TempDis,,0.9531663477353309
RaoContMoist,WindAloft,,0.3671254089319967
RaoContMoist,WindFieldMt,,0.5286507177239117
RaoContMoist,WindFieldPln,,0.9645553858337864
CombMoisture,AreaMoDryAir,,2.293570735796967e-64
CombMoisture,VISCloudCov,,0.83317652586809
CombMoisture,IRCloudCover,,0.052704958603334295
CombMoisture,CombClouds,,0.7620433509536073
CombMoisture,CldShadeOth,,0.41764700814328626
CombMoisture,AMInstabMt,,0.888990773029398
CombMoisture,InsInMt,,0.4189327605926255
CombMoisture,WndHodograph,,0.31190834036413323
CombMoisture,OutflowFrMt,,0.13144383032102294
CombMoisture,MorningBound,,0.5955627875817564
CombMoisture,Boundaries,,0.4673999065673331
CombMoisture,CldShadeConv,,0.5189701318497273
CombMoisture,CompPlFcst,,0.2688566198306177
CombMoisture,CapChange,,0.2688566198306177
CombMoisture,LoLevMoistAd,,0.8973681312983566
CombMoisture,InsChange,,0.9329810379191577
CombMoisture,MountainFcst,,0.6059673226053803
CombMoisture,Date,,0.44353392113850926
CombMoisture,Scenario,,0.8317369999702362
CombMoisture,ScenRelAMCIN,,0.8218464135931808
CombMoisture,MorningCIN,,0.5930771535079205
CombMoisture,AMCINInScen,,0.667172623371544
CombMoisture,CapInScen,,0.38024187762768097
CombMoisture,ScenRelAMIns,,0.23610990712882265
CombMoisture,LIfr12ZDENSd,,0.6124192865501346
CombMoisture,AMDewptCalPl,,0.7669687426087655
CombMoisture,AMInsWliScen,,0.7392029558839504
CombMoisture,InsSclInScen,,0.1306160649558922
CombMoisture,ScenRel3_4,,0.7556026107022765
CombMoisture,LatestCIN,,0.9558545142475986
CombMoisture,LLIW,,0.4553150918187503
CombMoisture,CurPropConv,,0.37803831523856885
CombMoisture,ScnRelPlFcst,,0.8317369999702362
CombMoisture,PlainsFcst,,0.7796126681823067
CombMoisture,N34StarFcst,,0.8065124916352666
CombMoisture,R5Fcst,,0.6674684844453854
CombMoisture,Dewpoints,,0.12032617905162532
CombMoisture,LowLLapse,,0.6024022904062938
CombMoisture,MeanRH,,0.6730173768630039
CombMoisture,MidLLapse,,0.9248776366616128
CombMoisture,MvmtFeatures,,0.8454468441846444
CombMoisture,RHRatio,,0.14612491660619484
CombMoisture,SfcWndShfDis,,0.08859552909054329
CombMoisture,SynForcng,,0.7402823254318294
CombMoisture,TempDis,,0.8196021662823213
CombMoisture,WindAloft,,0.8906841574077988
CombMoisture,WindFieldMt,,0.9120712203305492
CombMoisture,WindFieldPln,,0.8543296006990359
AreaMoDryAir,VISCloudCov,,0.5211359475428723
AreaMoDryAir,IRCloudCover,,0.11180465891497508
AreaMoDryAir,CombClouds,,0.6502764394176861
AreaMoDryAir,CldShadeOth,,4.439509244817503e-06
AreaMoDryAir,AMInstabMt,,0.9696936136844492
AreaMoDryAir,InsInMt,,0.4659667646102231
AreaMoDryAir,WndHodograph,,0.08675076751111488
AreaMoDryAir,OutflowFrMt,,0.1192344443090985
AreaMoDryAir,MorningBound,,0.597797729562721
AreaMoDryAir,Boundaries,,0.8351371201693556
AreaMoDryAir,CldShadeConv,,0.4527991180686437
AreaMoDryAir,CompPlFcst,,0.39280062288842904
AreaMoDryAir,CapChange,,0.39280062288842904
AreaMoDryAir,LoLevMoistAd,,0.29731389650634005
AreaMoDryAir,InsChange,,0.2807229652000084
AreaMoDryAir,MountainFcst,,0.30975259313606146
AreaMoDryAir,Date,,0.5618349795262229
AreaMoDryAir,Scenario,,0.9141431677810747
AreaMoDryAir,ScenRelAMCIN,,0.6120578379284227
AreaMoDryAir,MorningCIN,,0.8040974168356597
AreaMoDryAir,AMCINInScen,,0.48112979166600744
AreaMoDryAir,CapInScen,,0.956845734676006
AreaMoDryAir,ScenRelAMIns,,0.8421011245814283
AreaMoDryAir,LIfr12ZDENSd,,0.9205571156731824
AreaMoDryAir,AMDewptCalPl,,0.734954088592161
AreaMoDryAir,AMInsWliScen,,0.11349270173893558
AreaMoDryAir,InsSclInScen,,0.23797596655799388
AreaMoDryAir,ScenRel3_4,,0.4723258663643578
AreaMoDryAir,LatestCIN,,0.8937060005644833
AreaMoDryAir,LLIW,,0.9007267666746988
AreaMoDryAir,CurPropConv,,0.8192828228729037
AreaMoDryAir,ScnRelPlFcst,,0.9141431677810747
AreaMoDryAir,PlainsFcst,,0.8298549235016143
AreaMoDryAir,N34StarFcst,,0.966295468028015
AreaMoDryAir,R5Fcst,,0.33789576858268383
AreaMoDryAir,Dewpoints,,0.5679152357960822
AreaMoDryAir,LowLLapse,,0.7928949555896233
AreaMoDryAir,MeanRH,,0.32896315197566617
AreaMoDryAir,MidLLapse,,0.8475179633624467
AreaMoDryAir,MvmtFeatures,,0.813539676431439
AreaMoDryAir,RHRatio,,0.5950914067189255
AreaMoDryAir,SfcWndShfDis,,0.3512625629752709
AreaMoDryAir,SynForcng,,0.40191775003281877
AreaMoDryAir,TempDis,,0.9987434678953069
AreaMoDryAir,WindAloft,,0.9325917150447511
AreaMoDryAir,WindFieldMt,,0.7149467040911683
AreaMoDryAir,WindFieldPln,,0.8231252620634287
VISCloudCov,IRCloudCover,,0.9811465027570621
VISCloudCov,CombClouds,,1.9617401119221462e-56
VISCloudCov,CldShadeOth,,2.7662661767465535e-27
VISCloudCov,AMInstabMt,,0.4166225412309392
VISCloudCov,InsInMt,,0.9526155680536401
VISCloudCov,WndHodograph,,0.899173016760975
VISCloudCov,OutflowFrMt,,0.7837797114550998
VISCloudCov,MorningBound,,0.6102313069211267
VISCloudCov,Boundaries,,0.32420025852186407
VISCloudCov,CldShadeConv,,0.8447346326203571
VISCloudCov,CompPlFcst,,0.22173655084559937
VISCloudCov,CapChange,,0.22173655084559937
VISCloudCov,LoLevMoistAd,,0.5011191473376266
VISCloudCov,InsChange,,0.5846222693686216
VISCloudCov,MountainFcst,,0.753924670941179
VISCloudCov,Date,,0.3173367258703528
VISCloudCov,Scenario,,0.5575578845359404
VISCloudCov,ScenRelAMCIN,,0.824718048582618
VISCloudCov,MorningCIN,,0.6304377501216857
VISCloudCov,AMCINInScen,,0.6245699595941151
VISCloudCov,CapInScen,,0.4580856532043901
VISCloudCov,ScenRelAMIns,,0.5696324115049001
VISCloudCov,LIfr12ZDENSd,,0.510713903949604
VISCloudCov,AMDewptCalPl,,0.6757290220392893
VISCloudCov,AMInsWliScen,,0.5420825244490906
VISCloudCov,InsSclInScen,,0.1036459429705486
VISCloudCov,ScenRel3_4,,0.6720414323043995
VISCloudCov,LatestCIN,,0.38001005773525304
VISCloudCov,LLIW,,0.29977395698170206
VISCloudCov,CurPropConv,,0.29782800720876834
VISCloudCov,ScnRelPlFcst,,0.5575578845359404
VISCloudCov,PlainsFcst,,0.9600930786406905
VISCloudCov,N34StarFcst,,0.9749060861791949
VISCloudCov,R5Fcst,,0.6050762947208528
VISCloudCov,Dewpoints,,0.6708378066027235
VISCloudCov,LowLLapse,,0.6450181854882873
VISCloudCov,MeanRH,,0.8426346712776409
VISCloudCov,MidLLapse,,0.4841995479970972
VISCloudCov,MvmtFeatures,,0.2438570972645966
VISCloudCov,RHRatio,,0.9230315756752112
VISCloudCov,SfcWndShfDis,,0.760968724760761
VISCloudCov,SynForcng,,0.20419991973512236
VISCloudCov,TempDis,,0.45055431579943794
VISCloudCov,WindAloft,,0.5217223485288784
VISCloudCov,WindFieldMt,,0.10933419236587501
VISCloudCov,WindFieldPln,,0.20942730525044942
IRCloudCover,CombClouds,,2.732819625055322e-09
IRCloudCover,CldShadeOth,,3.316347228951207e-05
IRCloudCover,AMInstabMt,,0.1784199157220526
IRCloudCover,InsInMt,,0.30382091839311226
IRCloudCover,WndHodograph,,0.9762560598337975
IRCloudCover,OutflowFrMt,,0.4464260087091674
IRCloudCover,MorningBound,,0.42629899101140534
IRCloudCover,Boundaries,,0.7163300937790531
IRCloudCover,CldShadeConv,,0.31496904403144904
IRCloudCover,CompPlFcst,,0.5834444836431391
IRCloudCover,CapChange,,0.5834444836431391
IRCloudCover,LoLevMoistAd,,0.14824696416172894
IRCloudCover,InsChange,,0.3871435947804434
IRCloudCover,MountainFcst,,0.7606031436007601
IRCloudCover,Date,,0.8720815935502855
IRCloudCover,Scenario,,0.9640124928664722
IRCloudCover,ScenRelAMCIN,,0.33492376243280386
IRCloudCover,MorningCIN,,0.5467970356952478
IRCloudCover,AMCINInScen,,0.4032303364296425
IRCloudCover,CapInScen,,0.8171425926088114
IRCloudCover,ScenRelAMIns,,0.8316398937719138
IRCloudCover,LIfr12ZDENSd,,0.9089636836174717
IRCloudCover,AMDewptCalPl,,0.29182416654297955
IRCloudCover,AMInsWliScen,,0.7387771075060738
IRCloudCover,InsSclInScen,,0.5744169215069164
IRCloudCover,ScenRel3_4,,0.9344510615970202
IRCloudCover,LatestCIN,,0.9285930972108805
IRCloudCover,LLIW,,0.8264071566789568
IRCloudCover,CurPropConv,,0.5326379541481828
IRCloudCover,ScnRelPlFcst,,0.9640124928664722
IRCloudCover,PlainsFcst,,0.3490180892975704
IRCloudCover,N34StarFcst,,0.14442692351613193
IRCloudCover,R5Fcst,,0.9332944949607227
IRCloudCover,Dewpoints,,0.4224904685867621
IRCloudCover,LowLLapse,,0.011008441280228837
IRCloudCover,MeanRH,,0.4090112383546747
IRCloudCover,MidLLapse,,0.4376827782689925
IRCloudCover,MvmtFeatures,,0.8237825511022094
IRCloudCover,RHRatio,,0.7210634968686209
IRCloudCover,SfcWndShfDis,,0.5871890132358539
IRCloudCover,SynForcng,,0.621148747751658
IRCloudCover,TempDis,,0.9079112009665744
IRCloudCover,WindAloft,,0.6549047716252496
IRCloudCover,WindFieldMt,,0.4266060191871608
IRCloudCover,WindFieldPln,,0.5346966286634617
CombClouds,CldShadeOth,,4.5765567126401844e-70
CombClouds,AMInstabMt,,0.2648441762422415
CombClouds,InsInMt,,0.1875594399900835
CombClouds,WndHodograph,,0.9153204995555364
CombClouds,OutflowFrMt,,0.18306236340952603
CombClouds,MorningBound,,0.774326020353638
CombClouds,Boundaries,,0.1597400965306637
CombClouds,CldShadeConv,,0.5786369095889539
CombClouds,CompPlFcst,,0.004000154802981387
CombClouds,CapChange,,0.004000154802981387
CombClouds,LoLevMoistAd,,0.6163373789912994
CombClouds,InsChange,,0.8124958528909927
CombClouds,MountainFcst,,0.6614951806777896
CombClouds,Date,,0.9736189778932816
CombClouds,Scenario,,0.8797608335310337
CombClouds,ScenRelAMCIN,,0.8132256760703042
CombClouds,MorningCIN,,0.6361724019999344
CombClouds,AMCINInScen,,0.36055455586021795
CombClouds,CapInScen,,0.31828888905891983
CombClouds,ScenRelAMIns,,0.7692315415822043
CombClouds,LIfr12ZDENSd,,0.7889441706356379
CombClouds,AMDewptCalPl,,0.47748638034822855
CombClouds,AMInsWliScen,,0.4222072008202947
CombClouds,InsSclInScen,,0.34471224745597023
CombClouds,ScenRel3_4,,0.5301764811373787
CombClouds,LatestCIN,,0.7397061866896456
CombClouds,LLIW,,0.09815754777977838
CombClouds,CurPropConv,,0.29481741945982926
CombClouds,ScnRelPlFcst,,0.8797608335310337
CombClouds,PlainsFcst,,0.8098508528395706
CombClouds,N34StarFcst,,0.8886768896966107
CombClouds,R5Fcst,,0.9542898683065966
CombClouds,Dewpoints,,0.5330615182525609
CombClouds,LowLLapse,,0.3400710104327032
CombClouds,MeanRH,,0.6227487994487465
CombClouds,MidLLapse,,0.3645155927780506
CombClouds,MvmtFeatures,,0.50176585241572
CombClouds,RHRatio,,0.4393033076712799
CombClouds,SfcWndShfDis,,0.4360053340665231
CombClouds,SynForcng,,0.21353788196075987
CombClouds,TempDis,,0.5476468589393759
CombClouds,WindAloft,,0.45134284993455587
CombClouds,WindFieldMt,,0.09500757349166893
CombClouds,WindFieldPln,,0.8523203552266724
CldShadeOth,AMInstabMt,,0.06423470603467717
CldShadeOth,InsInMt,,0.03174287532689214
CldShadeOth,WndHodograph,,0.9725109669537145
CldShadeOth,OutflowFrMt,,0.7664851281315003
CldShadeOth,MorningBound,,0.9974191621340021
CldShadeOth,Boundaries,,0.055014573804892
CldShadeOth,CldShadeConv,,0.06650811266052772
CldShadeOth,CompPlFcst,,0.03135771594677013
CldShadeOth,CapChange,,0.03135771594677013
CldShadeOth,LoLevMoistAd,,0.0864123210154646
CldShadeOth,InsChange,,0.7513129391909095
CldShadeOth,MountainFcst,,0.8456993406341482
CldShadeOth,Date,,0.5832475115651838
CldShadeOth,Scenario,,0.9976556614340697
CldShadeOth,ScenRelAMCIN,,0.7642214330566398
CldShadeOth,MorningCIN,,0.40066666500391085
CldShadeOth,AMCINInScen,,0.8181480663312477
CldShadeOth,CapInScen,,0.9558414580434343
CldShadeOth,ScenRelAMIns,,0.9927465948502457
CldShadeOth,LIfr12ZDENSd,,0.13687810606036893
CldShadeOth,AMDewptCalPl,,0.2512127808421596
CldShadeOth,AMInsWliScen,,0.4005605377671433
CldShadeOth,InsSclInScen,,0.6207570318757825
CldShadeOth,ScenRel3_4,,0.9577856003814728
CldShadeOth,LatestCIN,,0.7216642181131055
CldShadeOth,LLIW,,0.8496444492072702
CldShadeOth,CurPropConv,,0.980148116147502
CldShadeOth,ScnRelPlFcst,,0.9976556614340697
CldShadeOth,PlainsFcst,,0.7299353375246658
CldShadeOth,N34StarFcst,,0.92108141828469
CldShadeOth,R5Fcst,,0.9851332288265299
CldShadeOth,Dewpoints,,0.37756896411265084
CldShadeOth,LowLLapse,,0.7444080988152685
CldShadeOth,MeanRH,,0.2850706440502026
CldShadeOth,MidLLapse,,0.3774358334708095
CldShadeOth,MvmtFeatures,,0.5434345364889719
CldShadeOth,RHRatio,,0.4930960732886289
CldShadeOth,SfcWndShfDis,,0.45078039203347675
CldShadeOth,SynForcng,,0.17313757565833052
CldShadeOth,TempDis,,0.6316641938161403
CldShadeOth,WindAloft,,0.9653638610299227
CldShadeOth,WindFieldMt,,0.6015614934799012
CldShadeOth,WindFieldPln,,0.5584311615214597
AMInstabMt,InsInMt,,4.2027643584166244e-08
AMInstabMt,WndHodograph,,0.5300443685591902
AMInstabMt,OutflowFrMt,,0.01125648997908731
AMInstabMt,MorningBound,,0.3914984935786333
AMInstabMt,Boundaries,,0.3232146417578988
AMInstabMt,CldShadeConv,,0.5182489052219057
AMInstabMt,CompPlFcst,,0.5130307402686853
AMInstabMt,CapChange,,0.5130307402686853
AMInstabMt,LoLevMoistAd,,0.6273260629140478
AMInstabMt,InsChange,,0.5021049046727122
AMInstabMt,MountainFcst,,0.035444807416425694
AMInstabMt,Date,,0.8212226040931858
AMInstabMt,Scenario,,0.34006045483859454
AMInstabMt,ScenRelAMCIN,,0.979376396809138
AMInstabMt,MorningCIN,,0.39330438466176565
AMInstabMt,AMCINInScen,,0.8484730053187914
AMInstabMt,CapInScen,,0.2514021615907097
AMInstabMt,ScenRelAMIns,,0.3594077963498424
AMInstabMt,LIfr12ZDENSd,,0.9865810363446282
AMInstabMt,AMDewptCalPl,,0.7085573116051254
AMInstabMt,AMInsWliScen,,0.30023242627935903
AMInstabMt,InsSclInScen,,0.5688656838757274
AMInstabMt,ScenRel3_4,,0.8043627217754754
AMInstabMt,LatestCIN,,0.36619253156505877
AMInstabMt,LLIW,,0.18538532086709256
AMInstabMt,CurPropConv,,0.2437582826123957
AMInstabMt,ScnRelPlFcst,,0.34006045483859454
AMInstabMt,PlainsFcst,,0.618882790356821
AMInstabMt,N34StarFcst,,0.40730012713615826
AMInstabMt,R5Fcst,,0.04774590315136162
AMInstabMt,Dewpoints,,0.33869713315622363
AMInstabMt,LowLLapse,,0.5197038375880731
AMInstabMt,MeanRH,,0.13099974495580685
AMInstabMt,MidLLapse,,0.4363852111424128
AMInstabMt,MvmtFeatures,,0.28860814941344703
AMInstabMt,RHRatio,,0.25907733278837053
AMInstabMt,SfcWndShfDis,,0.3732762099037013
AMInstabMt,SynForcng,,0.10362440937950472
AMInstabMt,TempDis,,0.014246102560303956
AMInstabMt,WindAloft,,0.3843200782191433
AMInstabMt,WindFieldMt,,0.6694290433907075
AMInstabMt,WindFieldPln,,0.9461809860488012
InsInMt,WndHodograph,,0.054123384200463434
InsInMt,OutflowFrMt,,0.002635401825290199
InsInMt,MorningBound,,0.9923469296229759
InsInMt,Boundaries,,0.4608987874371656
InsInMt,CldShadeConv,,1.1644881857248697e-11
InsInMt,CompPlFcst,,0.6603130013137256
InsInMt,CapChange,,0.6603130013137256
InsInMt,LoLevMoistAd,,0.9676224463496746
InsInMt,InsChange,,0.39620525448402943
InsInMt,MountainFcst,,1.5318955912551819e-07
InsInMt,Date,,0.5080887823185827
InsInMt,Scenario,,0.7763658392921671
InsInMt,ScenRelAMCIN,,0.7323750303622409
InsInMt,MorningCIN,,0.5221260203271063
InsInMt,AMCINInScen,,0.3530846215774073
InsInMt,CapInScen,,0.27348477361331486
InsInMt,ScenRelAMIns,,0.3639725576318539
InsInMt,LIfr12ZDENSd,,0.27409669288919625
InsInMt,AMDewptCalPl,,0.9615143480078218
InsInMt,AMInsWliScen,,0.620265667480983
InsInMt,InsSclInScen,,0.7187737094679902
InsInMt,ScenRel3_4,,0.6371836469138416
InsInMt,LatestCIN,,0.03655841444646572
InsInMt,LLIW,,0.08627765962888426
InsInMt,CurPropConv,,0.8833965522697125
InsInMt,ScnRelPlFcst,,0.7763658392921671
InsInMt,PlainsFcst,,0.36438598217458984
InsInMt,N34StarFcst,,0.23052110716803617
InsInMt,R5Fcst,,0.008934808753367865
InsInMt,Dewpoints,,0.8830680810628264
InsInMt,LowLLapse,,0.6209171038769614
InsInMt,MeanRH,,0.8818617151201628
InsInMt,MidLLapse,,0.08794505809443653
InsInMt,MvmtFeatures,,0.2626778666165784
InsInMt,RHRatio,,0.5331441713221141
InsInMt,SfcWndShfDis,,0.5772711942339099
InsInMt,SynForcng,,0.09883549948163689
InsInMt,TempDis,,0.9737994474771688
InsInMt,WindAloft,,0.3569569566543456
InsInMt,WindFieldMt,,0.40356939920832635
InsInMt,WindFieldPln,,0.583292049563247
WndHodograph,OutflowFrMt,,6.712938701944477e-08
WndHodograph,MorningBound,,0.8925974035405373
WndHodograph,Boundaries,,0.5171859008939368
WndHodograph,CldShadeConv,,7.961616806484322e-18
WndHodograph,CompPlFcst,,0.7775909137332895
WndHodograph,CapChange,,0.7775909137332895
WndHodograph,LoLevMoistAd,,0.5487323700430118
WndHodograph,InsChange,,0.6467349544324426
WndHodograph,MountainFcst,,0.32193449536456087
WndHodograph,Date,,0.5799319644748666
WndHodograph,Scenario,,0.7642904488769631
WndHodograph,ScenRelAMCIN,,0.6478786444835272
WndHodograph,MorningCIN,,0.029411429848627234
WndHodograph,AMCINInScen,,0.3473242776701002
WndHodograph,CapInScen,,0.13330524479538
WndHodograph,ScenRelAMIns,,0.550694291780652
WndHodograph,LIfr12ZDENSd,,0.31730544006350236
WndHodograph,AMDewptCalPl,,0.3768078672052836
WndHodograph,AMInsWliScen,,0.009542241943335259
WndHodograph,InsSclInScen,,0.9520586184236217
WndHodograph,ScenRel3_4,,0.7304104975579854
WndHodograph,LatestCIN,,0.9651571602455442
WndHodograph,LLIW,,0.7969906409520942
WndHodograph,CurPropConv,,0.11119918857032887
WndHodograph,ScnRelPlFcst,,0.7642904488769631
WndHodograph,PlainsFcst,,0.979324144923664
WndHodograph,N34StarFcst,,0.9457340998399134
WndHodograph,R5Fcst,,0.8490640311549051
WndHodograph,Dewpoints,,0.4545993492099758
WndHodograph,LowLLapse,,0.6270557802602803
WndHodograph,MeanRH,,0.33753333812399183
WndHodograph,MidLLapse,,0.990610347566366
WndHodograph,MvmtFeatures,,0.9143636645692403
WndHodograph,RHRatio,,0.6893051926656737
WndHodograph,SfcWndShfDis,,0.8562701750449075
WndHodograph,SynForcng,,0.9938558743550961
WndHodograph,TempDis,,0.7328821889449904
WndHodograph,WindAloft,,0.8532154506620349
WndHodograph,WindFieldMt,,0.10492529358386762
WndHodograph,WindFieldPln,,0.5537671612283728
OutflowFrMt,MorningBound,,0.5521769878420086
OutflowFrMt,Boundaries,,5.765981551641324e-05
OutflowFrMt,CldShadeConv,,0.0524680231433325
OutflowFrMt,CompPlFcst,,0.1377339310797162
OutflowFrMt,CapChange,,0.1377339310797162
OutflowFrMt,LoLevMoistAd,,0.3970168075954884
OutflowFrMt,InsChange,,0.11996193861540118
OutflowFrMt,MountainFcst,,0.7412962333050963
OutflowFrMt,Date,,0.3119184701905918
OutflowFrMt,Scenario,,0.5039434423659156
OutflowFrMt,ScenRelAMCIN,,0.40957095748902983
OutflowFrMt,MorningCIN,,0.18669666940035784
OutflowFrMt,AMCINInScen,,0.7486947555652275
OutflowFrMt,CapInScen,,0.4599451339210532
OutflowFrMt,ScenRelAMIns,,0.4028199720813895
OutflowFrMt,LIfr12ZDENSd,,0.6165722516753027
OutflowFrMt,AMDewptCalPl,,0.638858283022341
OutflowFrMt,AMInsWliScen,,0.22989258048017902
OutflowFrMt,InsSclInScen,,0.4178595244084705
OutflowFrMt,ScenRel3_4,,0.9112455448994008
OutflowFrMt,LatestCIN,,0.16134511209733557
OutflowFrMt,LLIW,,0.8619479767160386
OutflowFrMt,CurPropConv,,0.8519767980763703
OutflowFrMt,ScnRelPlFcst,,0.5039434423659156
OutflowFrMt,PlainsFcst,,0.9333107013922328
OutflowFrMt,N34StarFcst,,0.9379728694043931
OutflowFrMt,R5Fcst,,0.7501963512943196
OutflowFrMt,Dewpoints,,0.32038059678222736
OutflowFrMt,LowLLapse,,0.1281610661320781
OutflowFrMt,MeanRH,,0.006248160360285085
OutflowFrMt,MidLLapse,,0.0996015421874308
OutflowFrMt,MvmtFeatures,,0.7789642568863097
OutflowFrMt,RHRatio,,0.5897507270848827
OutflowFrMt,SfcWndShfDis,,0.505940298253399
OutflowFrMt,SynForcng,,0.7145363891214793
OutflowFrMt,TempDis,,0.6681634997587136
OutflowFrMt,WindAloft,,0.8686032278088864
OutflowFrMt,WindFieldMt,,0.8485702407035012
OutflowFrMt,WindFieldPln,,0.19051273255122164
MorningBound,Boundaries,,3.3606069263504517e-11
MorningBound,CldShadeConv,,0.902087715196237
MorningBound,CompPlFcst,,0.6728807406429795
MorningBound,CapChange,,0.6728807406429795
MorningBound,LoLevMoistAd,,0.5523504322588484
MorningBound,InsChange,,0.7444848408206355
MorningBound,MountainFcst,,0.009713441359353587
MorningBound,Date,,0.49767404129988047
MorningBound,Scenario,,0.949974537818201
MorningBound,ScenRelAMCIN,,0.4946320396561199
MorningBound,MorningCIN,,0.9004625771946109
MorningBound,AMCINInScen,,0.10864462532040389
MorningBound,CapInScen,,0.707333755920512
MorningBound,ScenRelAMIns,,0.9012033861796445
MorningBound,LIfr12ZDENSd,,0.11966794440865489
MorningBound,AMDewptCalPl,,0.7993496489157064
MorningBound,AMInsWliScen,,0.3063749236109115
MorningBound,InsSclInScen,,0.24301970797173522
MorningBound,ScenRel3_4,,0.8285678349185635
MorningBound,LatestCIN,,0.37855324756491127
MorningBound,LLIW,,0.92389031950959
MorningBound,CurPropConv,,0.916862518430094
MorningBound,ScnRelPlFcst,,0.949974537818201
MorningBound,PlainsFcst,,0.7397415498235353
MorningBound,N34StarFcst,,0.9043323140148638
MorningBound,R5Fcst,,0.021604531620738117
MorningBound,Dewpoints,,0.5635562710419737
MorningBound,LowLLapse,,0.7024820316906555
MorningBound,MeanRH,,0.8998137999657827
MorningBound,MidLLapse,,0.25555156520168776
MorningBound,MvmtFeatures,,0.6997338543599658
MorningBound,RHRatio,,0.30157106287845614
MorningBound,SfcWndShfDis,,0.9254457592029901
MorningBound,SynForcng,,0.6831383068759389
MorningBound,TempDis,,0.955213776537972
MorningBound,WindAloft,,0.9756760120430209
MorningBound,WindFieldMt,,0.12323267984662352
MorningBound,WindFieldPln,,0.904384237022359
Boundaries,CldShadeConv,,0.2075809556834884
Boundaries,CompPlFcst,,0.3305946870787753
Boundaries,CapChange,,0.3305946870787753
Boundaries,LoLevMoistAd,,0.40316084286942033
Boundaries,InsChange,,0.23634364033391703
Boundaries,MountainFcst,,0.12698866015040228
Boundaries,Date,,0.5067689081496637
Boundaries,Scenario,,0.8056007139895571
Boundaries,ScenRelAMCIN,,0.3879692315940012
Boundaries,MorningCIN,,0.74433370331772
Boundaries,AMCINInScen,,0.5723204268816735
Boundaries,CapInScen,,0.6636132832750363
Boundaries,ScenRelAMIns,,0.6404885941063259
Boundaries,LIfr12ZDENSd,,0.14776877889587364
Boundaries,AMDewptCalPl,,0.1934395147108679
Boundaries,AMInsWliScen,,0.2728980357001937
Boundaries,InsSclInScen,,0.2873208881867095
Boundaries,ScenRel3_4,,0.7345474424165694
Boundaries,LatestCIN,,0.8989497661111844
Boundaries,LLIW,,0.8451681264688988
Boundaries,CurPropConv,,0.7627179887220867
Boundaries,ScnRelPlFcst,,0.8056007139895571
Boundaries,PlainsFcst,,0.4429205756492044
Boundaries,N34StarFcst,,0.6267239915287326
Boundaries,R5Fcst,,0.07775743847805909
Boundaries,Dewpoints,,0.6600927461070223
Boundaries,LowLLapse,,0.6703734637902097
Boundaries,MeanRH,,0.8527623184784036
Boundaries,MidLLapse,,0.1740197915769262
Boundaries,MvmtFeatures,,0.5087828382826853
Boundaries,RHRatio,,0.5945646880590183
Boundaries,SfcWndShfDis,,0.9570764585600922
Boundaries,SynForcng,,0.561065141759397
Boundaries,TempDis,,0.6190916217915908
Boundaries,WindAloft,,0.4017933165649722
Boundaries,WindFieldMt,,0.39115388862490574
Boundaries,WindFieldPln,,0.2700466216036038
CldShadeConv,CompPlFcst,,0.02781801170020182
CldShadeConv,CapChange,,0.02781801170020182
CldShadeConv,LoLevMoistAd,,0.5956992055817114
CldShadeConv,InsChange,,0.07423176808828783
CldShadeConv,MountainFcst,,0.26355015543588695
CldShadeConv,Date,,0.7477862906780461
CldShadeConv,Scenario,,0.7255079531364528
CldShadeConv,ScenRelAMCIN,,0.3101647045935476
CldShadeConv,MorningCIN,,0.9217227018605899
CldShadeConv,AMCINInScen,,0.7677702642720177
CldShadeConv,CapInScen,,0.9708720838464419
CldShadeConv,ScenRelAMIns,,0.7449727905827468
CldShadeConv,LIfr12ZDENSd,,0.3666071470822468
CldShadeConv,AMDewptCalPl,,0.49686608981258384
CldShadeConv,AMInsWliScen,,0.6843919123702771
CldShadeConv,InsSclInScen,,0.9082111112084319
CldShadeConv,ScenRel3_4,,0.34142579981339255
CldShadeConv,LatestCIN,,0.041177467743799455
CldShadeConv,LLIW,,0.17068772563270163
CldShadeConv,CurPropConv,,0.34698862117851864
CldShadeConv,ScnRelPlFcst,,0.7255079531364528
CldShadeConv,PlainsFcst,,0.8799030335169508
CldShadeConv,N34StarFcst,,0.7158215258386584
CldShadeConv,R5Fcst,,0.4328101337780983
CldShadeConv,Dewpoints,,0.1713945196518512
CldShadeConv,LowLLapse,,0.9405626514433986
CldShadeConv,MeanRH,,0.22515607982106103
CldShadeConv,MidLLapse,,0.28344597186245685
CldShadeConv,MvmtFeatures,,0.8728384515576553
CldShadeConv,RHRatio,,0.26233529660398075
CldShadeConv,SfcWndShfDis,,0.3608851527123019
CldShadeConv,SynForcng,,0.05153049467952771
CldShadeConv,TempDis,,0.6805629014017153
CldShadeConv,WindAloft,,0.6734917260561162
CldShadeConv,WindFieldMt,,0.3551988742270732
CldShadeConv,WindFieldPln,,0.8776292751355363
CompPlFcst,CapChange,,1.5128426605752499e-195
CompPlFcst,LoLevMoistAd,,0.4965498443236006
CompPlFcst,InsChange,,1.2231495823508244e-06
CompPlFcst,MountainFcst,,0.6028266328044769
CompPlFcst,Date,,0.7625703998670411
CompPlFcst,Scenario,,0.399224864535623
CompPlFcst,ScenRelAMCIN,,0.8821859286612148
CompPlFcst,MorningCIN,,0.8113283504374822
CompPlFcst,AMCINInScen,,0.829521177118175
CompPlFcst,CapInScen,,3.637864905282352e-30
CompPlFcst,ScenRelAMIns,,0.2341752870686454
CompPlFcst,LIfr12ZDENSd,,0.45790758624012773
CompPlFcst,AMDewptCalPl,,0.41991507887407187
CompPlFcst,AMInsWliScen,,0.9618244551014961
CompPlFcst,InsSclInScen,,0.7213284077190634
CompPlFcst,ScenRel3_4,,0.7833883248653475
CompPlFcst,LatestCIN,,0.5531597972459054
CompPlFcst,LLIW,,0.8694784383710188
CompPlFcst,CurPropConv,,0.3374591766429619
CompPlFcst,ScnRelPlFcst,,0.399224864535623
CompPlFcst,PlainsFcst,,0.445626929552456
CompPlFcst,N34StarFcst,,0.2571607450179728
CompPlFcst,R5Fcst,,0.4669912723996156
CompPlFcst,Dewpoints,,0.27198401375085757
CompPlFcst,LowLLapse,,0.20380807873027623
CompPlFcst,MeanRH,,0.8070644196897243
CompPlFcst,MidLLapse,,0.9276242019933217
CompPlFcst,MvmtFeatures,,0.4666288057368806
CompPlFcst,RHRatio,,0.7911876367221592
CompPlFcst,SfcWndShfDis,,0.7580714419350626
CompPlFcst,SynForcng,,0.3706593357498344
CompPlFcst,TempDis,,0.1592707138582779
CompPlFcst,WindAloft,,0.5270212449717981
CompPlFcst,WindFieldMt,,0.363428756936988
CompPlFcst,WindFieldPln,,0.8872896765692967
CapChange,LoLevMoistAd,,0.4965498443236006
CapChange,InsChange,,1.2231495823508244e-06
CapChange,MountainFcst,,0.6028266328044769
CapChange,Date,,0.7625703998670411
CapChange,Scenario,,0.399224864535623
CapChange,ScenRelAMCIN,,0.8821859286612148
CapChange,MorningCIN,,0.8113283504374822
CapChange,AMCINInScen,,0.829521177118175
CapChange,CapInScen,,3.637864905282352e-30
CapChange,ScenRelAMIns,,0.2341752870686454
CapChange,LIfr12ZDENSd,,0.45790758624012773
CapChange,AMDewptCalPl,,0.41991507887407187
CapChange,AMInsWliScen,,0.9618244551014961
CapChange,InsSclInScen,,0.7213284077190634
CapChange,ScenRel3_4,,0.7833883248653475
CapChange,LatestCIN,,0.5531597972459054
CapChange,LLIW,,0.8694784383710188
CapChange,CurPropConv,,0.3374591766429619
CapChange,ScnRelPlFcst,,0.399224864535623
CapChange,PlainsFcst,,0.445626929552456
CapChange,N34StarFcst,,0.2571607450179728
CapChange,R5Fcst,,0.4669912723996156
CapChange,Dewpoints,,0.27198401375085757
CapChange,LowLLapse,,0.20380807873027623
CapChange,MeanRH,,0.8070644196897243
CapChange,MidLLapse,,0.9276242019933217
CapChange,MvmtFeatures,,0.4666288057368806
CapChange,RHRatio,,0.7911876367221592
CapChange,SfcWndShfDis,,0.7580714419350626
CapChange,SynForcng,,0.3706593357498344
CapChange,TempDis,,0.1592707138582779
CapChange,WindAloft,,0.5270212449717981
CapChange,WindFieldMt,,0.363428756936988
CapChange,WindFieldPln,,0.8872896765692967
LoLevMoistAd,InsChange,,6.635018473274533e-45
LoLevMoistAd,MountainFcst,,0.4246362283437177
LoLevMoistAd,Date,,0.536174070071278
LoLevMoistAd,Scenario,,0.5206804985733172
LoLevMoistAd,ScenRelAMCIN,,0.07821904885697398
LoLevMoistAd,MorningCIN,,0.19326727262387394
LoLevMoistAd,AMCINInScen,,0.941533069054437
LoLevMoistAd,CapInScen,,0.22916961268539063
LoLevMoistAd,ScenRelAMIns,,0.5797511437754466
LoLevMoistAd,LIfr12ZDENSd,,0.561165664648556
LoLevMoistAd,AMDewptCalPl,,0.734276292381399
LoLevMoistAd,AMInsWliScen,,0.7021598181236925
LoLevMoistAd,InsSclInScen,,2.6315241835714135e-09
LoLevMoistAd,ScenRel3_4,,0.20536354962756226
LoLevMoistAd,LatestCIN,,0.3063659443492416
LoLevMoistAd,LLIW,,0.7319716087494752
LoLevMoistAd,CurPropConv,,0.9432519755794126
LoLevMoistAd,ScnRelPlFcst,,0.5206804985733172
LoLevMoistAd,PlainsFcst,,0.19873055748376395
LoLevMoistAd,N34StarFcst,,0.17379599516358407
LoLevMoistAd,R5Fcst,,0.7576278786454119
LoLevMoistAd,Dewpoints,,0.693947825885006
LoLevMoistAd,LowLLapse,,0.6599285448360369
LoLevMoistAd,MeanRH,,0.18457026370093385
LoLevMoistAd,MidLLapse,,0.19167645564968033
LoLevMoistAd,MvmtFeatures,,0.4965452794531937
LoLevMoistAd,RHRatio,,0.6593676534455504
LoLevMoistAd,SfcWndShfDis,,0.5496108549158656
LoLevMoistAd,SynForcng,,0.9095667337298459
LoLevMoistAd,TempDis,,0.5330884668218114
LoLevMoistAd,WindAloft,,0.3532593867127209
LoLevMoistAd,WindFieldMt,,0.38219927281685745
LoLevMoistAd,WindFieldPln,,0.5177968704162209
InsChange,MountainFcst,,0.1964649623027408
InsChange,Date,,0.06530703061136796
InsChange,Scenario,,0.5597187360172023
InsChange,ScenRelAMCIN,,0.11999274422561032
InsChange,MorningCIN,,0.6780892271135639
InsChange,AMCINInScen,,0.7164726353367187
InsChange,CapInScen,,0.025547110168459043
InsChange,ScenRelAMIns,,0.597591606141638
InsChange,LIfr12ZDENSd,,0.7992832012668839
InsChange,AMDewptCalPl,,0.4458320479971907
InsChange,AMInsWliScen,,0.16114773676427485
InsChange,InsSclInScen,,6.84715558130009e-24
InsChange,ScenRel3_4,,0.5419572307894684
InsChange,LatestCIN,,0.3170242858225038
InsChange,LLIW,,0.11079065783641996
InsChange,CurPropConv,,0.8666818918332267
InsChange,ScnRelPlFcst,,0.5597187360172023
InsChange,PlainsFcst,,0.002635548267922444
InsChange,N34StarFcst,,0.0030368823228099245
InsChange,R5Fcst,,0.023193284994735105
InsChange,Dewpoints,,0.09393394409162716
InsChange,LowLLapse,,0.18637772606367434
InsChange,MeanRH,,0.8700644639691113
InsChange,MidLLapse,,0.07779466194367866
InsChange,MvmtFeatures,,0.3924267089992287
InsChange,RHRatio,,0.5615231058795065
InsChange,SfcWndShfDis,,0.08731991565866236
InsChange,SynForcng,,0.45260791424368996
InsChange,TempDis,,0.8338449227774534
InsChange,WindAloft,,0.5051442993129294
InsChange,WindFieldMt,,0.856426333112224
InsChange,WindFieldPln,,0.7369277123744954
MountainFcst,Date,,0.05490817711932989
MountainFcst,Scenario,,0.8999889602930399
MountainFcst,ScenRelAMCIN,,0.19608064863147534
MountainFcst,MorningCIN,,0.9067458186977753
MountainFcst,AMCINInScen,,0.8082257490407696
MountainFcst,CapInScen,,0.1562336080490267
MountainFcst,ScenRelAMIns,,0.80175736746368
MountainFcst,LIfr12ZDENSd,,0.4683324471093352
MountainFcst,AMDewptCalPl,,0.14974215011060643
MountainFcst,AMInsWliScen,,0.5235830913164106
MountainFcst,InsSclInScen,,0.4340173255455074
MountainFcst,ScenRel3_4,,0.6306399851305438
MountainFcst,LatestCIN,,0.2529882353063578
MountainFcst,LLIW,,0.4671391635577371
MountainFcst,CurPropConv,,0.49705422650946707
MountainFcst,ScnRelPlFcst,,0.8999889602930399
MountainFcst,PlainsFcst,,0.8286647114793618
MountainFcst,N34StarFcst,,0.8673023756760085
MountainFcst,R5Fcst,,3.5852820760334837e-88
MountainFcst,Dewpoints,,0.8104743104855673
MountainFcst,LowLLapse,,0.12428168646606229
MountainFcst,MeanRH,,0.37430966674258287
MountainFcst,MidLLapse,,0.9910201055357436
MountainFcst,MvmtFeatures,,0.8729703006171311
MountainFcst,RHRatio,,0.8578455814572887
MountainFcst,SfcWndShfDis,,0.11405236122561405
MountainFcst,SynForcng,,0.579938615988916
MountainFcst,TempDis,,0.48944792377415947
MountainFcst,WindAloft,,0.7123089727491345
MountainFcst,WindFieldMt,,0.9571332924598153
MountainFcst,WindFieldPln,,0.6930058488760074
Date,Scenario,,0.0035609075622395404
Date,ScenRelAMCIN,,0.001944758412252445
Date,MorningCIN,,0.8024372246602685
Date,AMCINInScen,,0.3223505862425796
Date,CapInScen,,0.07762894054905815
Date,ScenRelAMIns,,0.11555579414381008
Date,LIfr12ZDENSd,,0.06252833864901919
Date,AMDewptCalPl,,0.9389276482003287
Date,AMInsWliScen,,0.1853187287159052
Date,InsSclInScen,,0.19856281214504204
Date,ScenRel3_4,,0.004222646369140188
Date,LatestCIN,,0.5007588279397004
Date,LLIW,,0.29078041712809916
Date,CurPropConv,,0.5463667520881307
Date,ScnRelPlFcst,,0.0035609075622395404
Date,PlainsFcst,,0.18059685954457566
Date,N34StarFcst,,0.16461580183422223
Date,R5Fcst,,0.07906095712384448
Date,Dewpoints,,0.49966940683979366
Date,LowLLapse,,0.5014863049089253
Date,MeanRH,,0.627974081382257
Date,MidLLapse,,0.4836984588908547
Date,MvmtFeatures,,0.05603091754638835
Date,RHRatio,,0.5204076884418949
Date,SfcWndShfDis,,0.27174135079959183
Date,SynForcng,,0.7324452699919533
Date,TempDis,,0.9311559974303538
Date,WindAloft,,6.63416170700616e-05
Date,WindFieldMt,,0.15575553013847854
Date,WindFieldPln,,0.29748273341675135
Scenario,ScenRelAMCIN,,1.8575749112677923e-93
Scenario,MorningCIN,,0.4646668251257877
Scenario,AMCINInScen,,0.33701589406899685
Scenario,CapInScen,,0.12951268995063994
Scenario,ScenRelAMIns,,5.439195670432736e-164
Scenario,LIfr12ZDENSd,,0.668848737190448
Scenario,AMDewptCalPl,,0.707634197550113
Scenario,AMInsWliScen,,6.409358234168026e-05
Scenario,InsSclInScen,,0.04550787204136592
Scenario,ScenRel3_4,,1.134837673096451e-202
Scenario,LatestCIN,,0.8171438408130267
Scenario,LLIW,,0.1977347858000427
Scenario,CurPropConv,,0.6564309912115108
Scenario,ScnRelPlFcst,,6.853563532533765e-261
Scenario,PlainsFcst,,0.002241484866162765
Scenario,N34StarFcst,,0.11959035974994485
Scenario,R5Fcst,,0.15484201274928866
Scenario,Dewpoints,,2.9438485781710975e-32
Scenario,LowLLapse,,7.236758023035876e-18
Scenario,MeanRH,,8.046292058662744e-09
Scenario,MidLLapse,,2.7020565932544685e-06
Scenario,MvmtFeatures,,7.060726830523356e-41
Scenario,RHRatio,,1.3150075106671523e-19
Scenario,SfcWndShfDis,,8.379148314019246e-65
Scenario,SynForcng,,1.843314215983493e-19
Scenario,TempDis,,8.31946706141992e-31
Scenario,WindAloft,,1.3443453020644882e-49
Scenario,WindFieldMt,,1.4523538955045279e-21
Scenario,WindFieldPln,,3.015001613514865e-68
ScenRelAMCIN,MorningCIN,,0.22406584881006816
ScenRelAMCIN,AMCINInScen,,0.00043931725741111206
ScenRelAMCIN,CapInScen,,0.007226864192693794
ScenRelAMCIN,ScenRelAMIns,,1.4312718200679335e-52
ScenRelAMCIN,LIfr12ZDENSd,,0.3911510901531092
ScenRelAMCIN,AMDewptCalPl,,0.9870748753314711
ScenRelAMCIN,AMInsWliScen,,8.689191804000914e-06
ScenRelAMCIN,InsSclInScen,,0.08352330577475742
ScenRelAMCIN,ScenRel3_4,,5.911731688134532e-62
ScenRelAMCIN,LatestCIN,,0.18191363789196324
ScenRelAMCIN,LLIW,,0.08140930608240649
ScenRelAMCIN,CurPropConv,,0.7731778393373259
ScenRelAMCIN,ScnRelPlFcst,,1.857574911267845e-93
ScenRelAMCIN,PlainsFcst,,1.0000560288910356e-06
ScenRelAMCIN,N34StarFcst,,5.8989147494822014e-05
ScenRelAMCIN,R5Fcst,,0.000694669102573938
ScenRelAMCIN,Dewpoints,,0.000625087140461562
ScenRelAMCIN,LowLLapse,,7.334604490959175e-09
ScenRelAMCIN,MeanRH,,1.4071383911877689e-08
ScenRelAMCIN,MidLLapse,,0.0059237393912783855
ScenRelAMCIN,MvmtFeatures,,0.000605093226229686
ScenRelAMCIN,RHRatio,,5.911090490296565e-06
ScenRelAMCIN,SfcWndShfDis,,2.6008604030523866e-37
ScenRelAMCIN,SynForcng,,0.0117463810205894
ScenRelAMCIN,TempDis,,0.0005271496206735478
ScenRelAMCIN,WindAloft,,1.1939392159115784e-08
ScenRelAMCIN,WindFieldMt,,0.5170071538812814
ScenRelAMCIN,WindFieldPln,,3.8273589912653555e-34
MorningCIN,AMCINInScen,,2.741383034935093e-47
MorningCIN,CapInScen,,1.6278310611952219e-12
MorningCIN,ScenRelAMIns,,0.41751393321008734
MorningCIN,LIfr12ZDENSd,,0.46002286901071865
MorningCIN,AMDewptCalPl,,0.3354751383104471
MorningCIN,AMInsWliScen,,0.9765414219308096
MorningCIN,InsSclInScen,,0.9297784727704803
MorningCIN,ScenRel3_4,,0.34032381122470756
MorningCIN,LatestCIN,,0.05622509929080768
MorningCIN,LLIW,,0.8614996060614449
MorningCIN,CurPropConv,,0.5962925653347884
MorningCIN,ScnRelPlFcst,,0.46466682512578794
MorningCIN,PlainsFcst,,0.4581666977551473
MorningCIN,N34StarFcst,,0.5493648716074391
MorningCIN,R5Fcst,,0.3967713442550159
MorningCIN,Dewpoints,,0.8075962184807587
MorningCIN,LowLLapse,,0.8556242177572762
MorningCIN,MeanRH,,0.46857774886684334
MorningCIN,MidLLapse,,0.8615904699170344
MorningCIN,MvmtFeatures,,0.20436098979562142
MorningCIN,RHRatio,,0.06376790019791796
MorningCIN,SfcWndShfDis,,0.07012518905703814
MorningCIN,SynForcng,,0.9266056902977877
MorningCIN,TempDis,,0.4504848300904575
MorningCIN,WindAloft,,0.6735773350775669
MorningCIN,WindFieldMt,,0.9036150024179909
MorningCIN,WindFieldPln,,0.5100546055426483
AMCINInScen,CapInScen,,6.195490305675525e-48
AMCINInScen,ScenRelAMIns,,0.3476768337597737
AMCINInScen,LIfr12ZDENSd,,0.18976693842352116
AMCINInScen,AMDewptCalPl,,0.977107550910512
AMCINInScen,AMInsWliScen,,0.3987497340234731
AMCINInScen,InsSclInScen,,0.23585576460008376
AMCINInScen,ScenRel3_4,,0.14101892011329667
AMCINInScen,LatestCIN,,0.5340178535582639
AMCINInScen,LLIW,,0.5832084682900998
AMCINInScen,CurPropConv,,0.49227409321124094
AMCINInScen,ScnRelPlFcst,,0.33701589406899685
AMCINInScen,PlainsFcst,,0.26365765561265236
AMCINInScen,N34StarFcst,,0.3053533884173258
AMCINInScen,R5Fcst,,0.709339590695233
AMCINInScen,Dewpoints,,0.7435634406877978
AMCINInScen,LowLLapse,,0.34950220311544866
AMCINInScen,MeanRH,,0.9680569287733863
AMCINInScen,MidLLapse,,0.9353900060336224
AMCINInScen,MvmtFeatures,,0.7769179380833408
AMCINInScen,RHRatio,,0.967616704179252
AMCINInScen,SfcWndShfDis,,0.15458850695018395
AMCINInScen,SynForcng,,0.9576670446744641
AMCINInScen,TempDis,,0.35051077759409477
AMCINInScen,WindAloft,,0.46807286311863605
AMCINInScen,WindFieldMt,,0.44892040318833626
AMCINInScen,WindFieldPln,,0.3474810224439117
CapInScen,ScenRelAMIns,,0.38098953991372364
CapInScen,LIfr12ZDENSd,,0.9116332675304032
CapInScen,AMDewptCalPl,,0.5989863812719489
CapInScen,AMInsWliScen,,0.8888780496693558
CapInScen,InsSclInScen,,0.5982536530339302
CapInScen,ScenRel3_4,,0.16074552696517042
CapInScen,LatestCIN,,0.4659906110132287
CapInScen,LLIW,,0.5075043818542251
CapInScen,CurPropConv,,0.6609701497578819
CapInScen,ScnRelPlFcst,,0.12951268995064016
CapInScen,PlainsFcst,,0.013352704156102598
CapInScen,N34StarFcst,,0.09074050141146009
CapInScen,R5Fcst,,0.05320044166275033
CapInScen,Dewpoints,,0.5124826067121868
CapInScen,LowLLapse,,0.25390040434281713
CapInScen,MeanRH,,0.5895673801027794
CapInScen,MidLLapse,,0.13704402194327112
CapInScen,MvmtFeatures,,0.5233104048898907
CapInScen,RHRatio,,0.9854754516606975
CapInScen,SfcWndShfDis,,0.6867236789922763
CapInScen,SynForcng,,0.5056708458435839
CapInScen,TempDis,,0.47927963852992017
CapInScen,WindAloft,,0.7614407893624968
CapInScen,WindFieldMt,,0.7712062956239789
CapInScen,WindFieldPln,,0.9778164882824937
ScenRelAMIns,LIfr12ZDENSd,,0.47728138390061026
ScenRelAMIns,AMDewptCalPl,,0.39536467792533786
ScenRelAMIns,AMInsWliScen,,3.377826795651392e-05
ScenRelAMIns,InsSclInScen,,0.31183823974741565
ScenRelAMIns,ScenRel3_4,,5.103259281282209e-88
ScenRelAMIns,LatestCIN,,0.49704077935679625
ScenRelAMIns,LLIW,,0.4839671048000944
ScenRelAMIns,CurPropConv,,0.7986355434500678
ScenRelAMIns,ScnRelPlFcst,,5.4391956704321155e-164
ScenRelAMIns,PlainsFcst,,0.0009701930489100473
ScenRelAMIns,N34StarFcst,,0.0973977929499126
ScenRelAMIns,R5Fcst,,0.08741734559079856
ScenRelAMIns,Dewpoints,,3.107209316992554e-20
ScenRelAMIns,LowLLapse,,5.6145216198685105e-11
ScenRelAMIns,MeanRH,,4.4487841515036214e-10
ScenRelAMIns,MidLLapse,,0.0011470016028814211
ScenRelAMIns,MvmtFeatures,,5.165605853978822e-13
ScenRelAMIns,RHRatio,,1.4105826116672332e-14
ScenRelAMIns,SfcWndShfDis,,1.446598884402022e-43
ScenRelAMIns,SynForcng,,1.545221315685791e-07
ScenRelAMIns,TempDis,,8.121480349442433e-14
ScenRelAMIns,WindAloft,,1.3379926131982045e-18
ScenRelAMIns,WindFieldMt,,0.038002744172995956
ScenRelAMIns,WindFieldPln,,7.13862245793949e-56
LIfr12ZDENSd,AMDewptCalPl,,0.9645984198937407
LIfr12ZDENSd,AMInsWliScen,,6.6342842882686546e-09
LIfr12ZDENSd,InsSclInScen,,3.9626183751853593e-05
LIfr12ZDENSd,ScenRel3_4,,0.12394239119662782
LIfr12ZDENSd,LatestCIN,,0.9543077674658906
LIfr12ZDENSd,LLIW,,0.42257290716534657
LIfr12ZDENSd,CurPropConv,,0.04614475794704033
LIfr12ZDENSd,ScnRelPlFcst,,0.668848737190448
LIfr12ZDENSd,PlainsFcst,,0.8270690464015902
LIfr12ZDENSd,N34StarFcst,,0.8486394405247047
LIfr12ZDENSd,R5Fcst,,0.9863125439407765
LIfr12ZDENSd,Dewpoints,,0.1600189165609509
LIfr12ZDENSd,LowLLapse,,0.5736231503393044
LIfr12ZDENSd,MeanRH,,0.7495213999155148
LIfr12ZDENSd,MidLLapse,,0.24461353234757716
LIfr12ZDENSd,MvmtFeatures,,0.7715778690897346
LIfr12ZDENSd,RHRatio,,0.09254497572840413
LIfr12ZDENSd,SfcWndShfDis,,0.5712315440770638
LIfr12ZDENSd,SynForcng,,0.6738032716722654
LIfr12ZDENSd,TempDis,,0.12617190230413192
LIfr12ZDENSd,WindAloft,,0.1374028016171432
LIfr12ZDENSd,WindFieldMt,,0.5553062567883376
LIfr12ZDENSd,WindFieldPln,,0.11667209699972565
AMDewptCalPl,AMInsWliScen,,1.5251139880405276e-12
AMDewptCalPl,InsSclInScen,,1.4891354879655187e-08
AMDewptCalPl,ScenRel3_4,,0.9800663865909466
AMDewptCalPl,LatestCIN,,0.9410604996793477
AMDewptCalPl,LLIW,,0.7599776127772857
AMDewptCalPl,CurPropConv,,0.7097684472444732
AMDewptCalPl,ScnRelPlFcst,,0.707634197550112
AMDewptCalPl,PlainsFcst,,0.9970798604909524
AMDewptCalPl,N34StarFcst,,0.7293029103063835
AMDewptCalPl,R5Fcst,,0.06691507715478144
AMDewptCalPl,Dewpoints,,0.8133203743824441
AMDewptCalPl,LowLLapse,,0.38602611975354717
AMDewptCalPl,MeanRH,,0.6193269329928917
AMDewptCalPl,MidLLapse,,0.7656496678574907
AMDewptCalPl,MvmtFeatures,,0.3157088000811149
AMDewptCalPl,RHRatio,,0.9652608408932148
AMDewptCalPl,SfcWndShfDis,,0.25666393876932675
AMDewptCalPl,SynForcng,,0.843411595267894
AMDewptCalPl,TempDis,,0.2964188036335639
AMDewptCalPl,WindAloft,,0.555854314039917
AMDewptCalPl,WindFieldMt,,0.3742583503110652
AMDewptCalPl,WindFieldPln,,0.1934028217445262
AMInsWliScen,InsSclInScen,,1.217831171659034e-64
AMInsWliScen,ScenRel3_4,,0.0009293727463667107
AMInsWliScen,LatestCIN,,0.587269964721572
AMInsWliScen,LLIW,,0.05246938334834124
AMInsWliScen,CurPropConv,,0.3680001838695023
AMInsWliScen,ScnRelPlFcst,,6.409358234168026e-05
AMInsWliScen,PlainsFcst,,0.02357164225899226
AMInsWliScen,N34StarFcst,,0.022187542695155153
AMInsWliScen,R5Fcst,,0.7596528291214361
AMInsWliScen,Dewpoints,,0.7373242869289796
AMInsWliScen,LowLLapse,,0.656663541741487
AMInsWliScen,MeanRH,,0.10717350757163839
AMInsWliScen,MidLLapse,,0.9994946312606942
AMInsWliScen,MvmtFeatures,,0.5588496113249024
AMInsWliScen,RHRatio,,0.5491579797304622
AMInsWliScen,SfcWndShfDis,,0.025039838690348832
AMInsWliScen,SynForcng,,0.5161104693331938
AMInsWliScen,TempDis,,0.10325314351857912
AMInsWliScen,WindAloft,,0.11315053280986884
AMInsWliScen,WindFieldMt,,0.9487421889114536
AMInsWliScen,WindFieldPln,,0.05134019656030806
InsSclInScen,ScenRel3_4,,0.013835376293525997
InsSclInScen,LatestCIN,,0.2592331395600447
InsSclInScen,LLIW,,0.021312994025873683
InsSclInScen,CurPropConv,,0.5366671763960744
InsSclInScen,ScnRelPlFcst,,0.045507872041365714
InsSclInScen,PlainsFcst,,5.668962978739457e-07
InsSclInScen,N34StarFcst,,1.1697784888201302e-06
InsSclInScen,R5Fcst,,0.21380321676032374
InsSclInScen,Dewpoints,,0.8619739604407544
InsSclInScen,LowLLapse,,0.9343654774448565
InsSclInScen,MeanRH,,0.12243895312310643
InsSclInScen,MidLLapse,,0.9759697514357509
InsSclInScen,MvmtFeatures,,0.1130940859829296
InsSclInScen,RHRatio,,0.832293228197311
InsSclInScen,SfcWndShfDis,,0.19660086566641483
InsSclInScen,SynForcng,,0.8417482261480249
InsSclInScen,TempDis,,0.9656379246056945
InsSclInScen,WindAloft,,0.9432779085509698
InsSclInScen,WindFieldMt,,0.7360938665407373
InsSclInScen,WindFieldPln,,0.26027460102907785
ScenRel3_4,LatestCIN,,0.291038380134393
ScenRel3_4,LLIW,,0.23296086553661627
ScenRel3_4,CurPropConv,,0.43729427943758425
ScenRel3_4,ScnRelPlFcst,,1.134837673096451e-202
ScenRel3_4,PlainsFcst,,0.0024490818931407763
ScenRel3_4,N34StarFcst,,0.043504124680742814
ScenRel3_4,R5Fcst,,0.1193951183817238
ScenRel3_4,Dewpoints,,3.366081685922997e-31
ScenRel3_4,LowLLapse,,1.5057429497482252e-06
ScenRel3_4,MeanRH,,0.00010410785661605291
ScenRel3_4,MidLLapse,,0.06931140958639011
ScenRel3_4,MvmtFeatures,,1.5683821567595196e-24
ScenRel3_4,RHRatio,,1.169573941133711e-12
ScenRel3_4,SfcWndShfDis,,2.304442829183913e-49
ScenRel3_4,SynForcng,,8.273031981358585e-20
ScenRel3_4,TempDis,,7.113146353355206e-23
ScenRel3_4,WindAloft,,6.241209298205252e-30
ScenRel3_4,WindFieldMt,,7.956546118964373e-21
ScenRel3_4,WindFieldPln,,2.3600612864986864e-46
LatestCIN,LLIW,,0.7759211789071645
LatestCIN,CurPropConv,,2.610854422717614e-06
LatestCIN,ScnRelPlFcst,,0.8171438408130267
LatestCIN,PlainsFcst,,0.636577343966052
LatestCIN,N34StarFcst,,0.6135683105415352
LatestCIN,R5Fcst,,0.6470750663205551
LatestCIN,Dewpoints,,0.14266722055369835
LatestCIN,LowLLapse,,0.35761518237307977
LatestCIN,MeanRH,,0.12429555799301298
LatestCIN,MidLLapse,,0.020672442851533416
LatestCIN,MvmtFeatures,,0.6533128279470768
LatestCIN,RHRatio,,0.36154777874314653
LatestCIN,SfcWndShfDis,,0.5330243513149133
LatestCIN,SynForcng,,0.05374577513335356
LatestCIN,TempDis,,0.2122131163052734
LatestCIN,WindAloft,,0.5775021205123576
LatestCIN,WindFieldMt,,0.6474351740717934
LatestCIN,WindFieldPln,,0.9528545049648035
LLIW,CurPropConv,,3.537887405656157e-29
LLIW,ScnRelPlFcst,,0.1977347858000427
LLIW,PlainsFcst,,0.05707905324112448
LLIW,N34StarFcst,,0.03818066994325856
LLIW,R5Fcst,,0.5211652127394304
LLIW,Dewpoints,,0.9846077844051225
LLIW,LowLLapse,,0.8195332094766921
LLIW,MeanRH,,0.7079084392205993
LLIW,MidLLapse,,0.660476422502039
LLIW,MvmtFeatures,,0.6079060839305559
LLIW,RHRatio,,0.020586036641728506
LLIW,SfcWndShfDis,,0.8878206512362428
LLIW,SynForcng,,0.6288451063118594
LLIW,TempDis,,0.13962305858304516
LLIW,WindAloft,,0.6196544738865675
LLIW,WindFieldMt,,0.14053494117317822
LLIW,WindFieldPln,,0.7955021464520119
CurPropConv,ScnRelPlFcst,,0.6564309912115108
CurPropConv,PlainsFcst,,0.002983410775353016
CurPropConv,N34StarFcst,,0.005246648916413075
CurPropConv,R5Fcst,,0.40656258458357286
CurPropConv,Dewpoints,,0.3317390287327225
CurPropConv,LowLLapse,,0.8438945328479184
CurPropConv,MeanRH,,0.6705781325450106
CurPropConv,MidLLapse,,0.7351706698281346
CurPropConv,MvmtFeatures,,0.2075999974411757
CurPropConv,RHRatio,,0.6240420650884038
CurPropConv,SfcWndShfDis,,0.2912216943051473
CurPropConv,SynForcng,,0.6920510017837742
CurPropConv,TempDis,,0.25239195348341
CurPropConv,WindAloft,,0.5204245115624349
CurPropConv,WindFieldMt,,0.9267623561920868
CurPropConv,WindFieldPln,,0.891490645322561
ScnRelPlFcst,PlainsFcst,,0.002241484866162765
ScnRelPlFcst,N34StarFcst,,0.11959035974994485
ScnRelPlFcst,R5Fcst,,0.15484201274928866
ScnRelPlFcst,Dewpoints,,2.9438485781710975e-32
ScnRelPlFcst,LowLLapse,,7.236758023035876e-18
ScnRelPlFcst,MeanRH,,8.046292058662744e-09
ScnRelPlFcst,MidLLapse,,2.7020565932544685e-06
ScnRelPlFcst,MvmtFeatures,,7.060726830523356e-41
ScnRelPlFcst,RHRatio,,1.3150075106671523e-19
ScnRelPlFcst,SfcWndShfDis,,8.379148314019246e-65
ScnRelPlFcst,SynForcng,,1.843314215983493e-19
ScnRelPlFcst,TempDis,,8.31946706141992e-31
ScnRelPlFcst,WindAloft,,1.3443453020644882e-49
ScnRelPlFcst,WindFieldMt,,1.4523538955045279e-21
ScnRelPlFcst,WindFieldPln,,3.015001613514865e-68
PlainsFcst,N34StarFcst,,3.4750566465633615e-146
PlainsFcst,R5Fcst,,5.516549333623625e-35
PlainsFcst,Dewpoints,,0.05129444725934089
PlainsFcst,LowLLapse,,0.39031828027810067
PlainsFcst,MeanRH,,0.12607032820406272
PlainsFcst,MidLLapse,,0.8129227991706396
PlainsFcst,MvmtFeatures,,0.1549623546769857
PlainsFcst,RHRatio,,0.029815264724329785
PlainsFcst,SfcWndShfDis,,0.03574903381999353
PlainsFcst,SynForcng,,0.5727098701748994
PlainsFcst,TempDis,,0.29582472814883315
PlainsFcst,WindAloft,,0.43413827048222
PlainsFcst,WindFieldMt,,0.5634735850094488
PlainsFcst,WindFieldPln,,7.18733485992322e-06
N34StarFcst,R5Fcst,,3.011808156734933e-42
N34StarFcst,Dewpoints,,0.12462861702111161
N34StarFcst,LowLLapse,,0.3973737397415026
N34StarFcst,MeanRH,,0.12822400101161402
N34StarFcst,MidLLapse,,0.806854608854129
N34StarFcst,MvmtFeatures,,0.11836233865272182
N34StarFcst,RHRatio,,0.09145828537113378
N34StarFcst,SfcWndShfDis,,0.08922572198895336
N34StarFcst,SynForcng,,0.812110964142456
N34StarFcst,TempDis,,0.5804245199830808
N34StarFcst,WindAloft,,0.9349533563611468
N34StarFcst,WindFieldMt,,0.2427181529006907
N34StarFcst,WindFieldPln,,9.382968936972022e-05
R5Fcst,Dewpoints,,0.4243095659292518
R5Fcst,LowLLapse,,0.18777723007365002
R5Fcst,MeanRH,,0.24172193881171403
R5Fcst,MidLLapse,,0.5917141731714202
R5Fcst,MvmtFeatures,,0.7435154009638603
R5Fcst,RHRatio,,0.9620058011258145
R5Fcst,SfcWndShfDis,,0.02049493884805285
R5Fcst,SynForcng,,0.504573344187774
R5Fcst,TempDis,,0.4050975192447795
R5Fcst,WindAloft,,0.9967244071655391
R5Fcst,WindFieldMt,,0.5998122359274654
R5Fcst,WindFieldPln,,0.00501453118939615
Dewpoints,LowLLapse,,0.46508057646281065
Dewpoints,MeanRH,,0.09649379361532481
Dewpoints,MidLLapse,,0.20704404835835985
Dewpoints,MvmtFeatures,,0.0372555006545424
Dewpoints,RHRatio,,6.623626645419323e-05
Dewpoints,SfcWndShfDis,,1.3292369314534925e-06
Dewpoints,SynForcng,,0.03156626524638513
Dewpoints,TempDis,,1.099154301222125e-09
Dewpoints,WindAloft,,0.0001678717941108577
Dewpoints,WindFieldMt,,0.5640181509333781
Dewpoints,WindFieldPln,,2.6828085854142445e-10
LowLLapse,MeanRH,,0.021320436640633916
LowLLapse,MidLLapse,,0.08477242944457682
LowLLapse,MvmtFeatures,,0.30657568344505254
LowLLapse,RHRatio,,0.1842484404044559
LowLLapse,SfcWndShfDis,,2.876324536271812e-05
LowLLapse,SynForcng,,0.19681514571627545
LowLLapse,TempDis,,0.24570984864878453
LowLLapse,WindAloft,,0.08886028269853047
LowLLapse,WindFieldMt,,0.09945564432907492
LowLLapse,WindFieldPln,,0.00161142303969453
MeanRH,MidLLapse,,0.06949561339971694
MeanRH,MvmtFeatures,,0.27758146706820513
MeanRH,RHRatio,,0.08024576938679541
MeanRH,SfcWndShfDis,,0.0063189963474046176
MeanRH,SynForcng,,0.6520616840178588
MeanRH,TempDis,,0.048072699241139244
MeanRH,WindAloft,,0.06866295370029282
MeanRH,WindFieldMt,,0.6264403407660031
MeanRH,WindFieldPln,,0.0013249862345030951
MidLLapse,MvmtFeatures,,0.24845311830118047
MidLLapse,RHRatio,,0.9710329511979561
MidLLapse,SfcWndShfDis,,0.27171035306799707
MidLLapse,SynForcng,,0.1626551840490499
MidLLapse,TempDis,,0.6005282883845765
MidLLapse,WindAloft,,0.4127277203059538
MidLLapse,WindFieldMt,,0.6294809283648422
MidLLapse,WindFieldPln,,0.2520016877661662
MvmtFeatures,RHRatio,,0.09160073952817248
MvmtFeatures,SfcWndShfDis,,0.0003513798886528074
MvmtFeatures,SynForcng,,0.00011462626914410495
MvmtFeatures,TempDis,,0.06073236641964245
MvmtFeatures,WindAloft,,6.375440411428223e-12
MvmtFeatures,WindFieldMt,,5.726026008272808e-09
MvmtFeatures,WindFieldPln,,2.743574087554519e-08
RHRatio,SfcWndShfDis,,2.504899209763941e-05
RHRatio,SynForcng,,0.017805706646080582
RHRatio,TempDis,,0.09363092440381855
RHRatio,WindAloft,,0.013242179495259956
RHRatio,WindFieldMt,,0.1437812693443164
RHRatio,WindFieldPln,,1.3680041030071776e-06
SfcWndShfDis,SynForcng,,0.013556017127089886
SfcWndShfDis,TempDis,,1.3373345793171084e-07
SfcWndShfDis,WindAloft,,1.6965159703617744e-08
SfcWndShfDis,WindFieldMt,,0.09093404823371712
SfcWndShfDis,WindFieldPln,,3.639770072395733e-19
SynForcng,TempDis,,0.9416417472413369
SynForcng,WindAloft,,5.696187119752854e-14
SynForcng,WindFieldMt,,0.010596714767358332
SynForcng,WindFieldPln,,5.918234699702513e-07
TempDis,WindAloft,,0.019697779644575385
TempDis,WindFieldMt,,0.8815455743269872
TempDis,WindFieldPln,,1.4274527190138943e-06
WindAloft,WindFieldMt,,1.971150922165163e-11
WindAloft,WindFieldPln,,1.7059662827709616e-14
WindFieldMt,WindFieldPln,,3.7009774624364227e-06
N0_7muVerMo,CombVerMo,AreaMeso_ALS,0.9974710327162328
N0_7muVerMo,CombVerMo,AreaMeso_ALS,0.9974710327162328
N0_7muVerMo,AreaMeso_ALS,CombVerMo,0.9974710327162328
N0_7muVerMo,AreaMoDryAir,CombVerMo,0.465570805297714
N0_7muVerMo,MountainFcst,CombVerMo,0.07030947394670921
N0_7muVerMo,SfcWndShfDis,CombVerMo,0.7287013522108371
SubjVertMo,CombVerMo,AreaMeso_ALS,0.9962604734098224
SubjVertMo,CombVerMo,AreaMeso_ALS,0.9962604734098224
SubjVertMo,AreaMeso_ALS,CombVerMo,0.9962604734098224
SubjVertMo,InsSclInScen,CombVerMo,0.46312905201816346
SubjVertMo,LLIW,CombVerMo,0.23523784223586214
SubjVertMo,CurPropConv,CombVerMo,0.14348248416505646
QGVertMotion,CombVerMo,AreaMeso_ALS,0.9460578741199503
QGVertMotion,CombVerMo,AreaMeso_ALS,0.9460578741199503
QGVertMotion,AreaMeso_ALS,CombVerMo,0.9460578741199503
QGVertMotion,AreaMoDryAir,CombVerMo,0.586881834505449
QGVertMotion,ScenRelAMCIN,CombVerMo,0.6053448099711438
QGVertMotion,InsSclInScen,CombVerMo,0.23875364703488836
CombVerMo,AreaMeso_ALS,QGVertMotion,2.050484189083161e-152
CombVerMo,AreaMeso_ALS,QGVertMotion,2.050484189083161e-152
CombVerMo,AreaMeso_ALS,QGVertMotion,2.050484189083161e-152
CombVerMo,AreaMeso_ALS,QGVertMotion,2.050484189083161e-152
CombVerMo,AreaMeso_ALS,QGVertMotion,2.050484189083161e-152
CombVerMo,AreaMeso_ALS,QGVertMotion,2.050484189083161e-152
CombVerMo,AreaMeso_ALS,QGVertMotion,2.050484189083161e-152
CombVerMo,AreaMeso_ALS,QGVertMotion,2.050484189083161e-152
CombVerMo,AreaMoDryAir,AreaMeso_ALS,0.999724303552196
CombVerMo,CldShadeOth,AreaMeso_ALS,0.9979714677058905
CombVerMo,CompPlFcst,AreaMeso_ALS,0.9999995425652674
CombVerMo,CapChange,AreaMeso_ALS,0.9999995425652674
CombVerMo,MeanRH,AreaMeso_ALS,0.9999991124710366
AreaMeso_ALS,AreaMoDryAir,CombVerMo,0.999724303552196
AreaMeso_ALS,AreaMoDryAir,CombVerMo,0.999724303552196
AreaMeso_ALS,AreaMoDryAir,CombVerMo,0.999724303552196
AreaMeso_ALS,AreaMoDryAir,CombVerMo,0.999724303552196
AreaMeso_ALS,AreaMoDryAir,CombVerMo,0.999724303552196
AreaMeso_ALS,AreaMoDryAir,CombVerMo,0.999724303552196
AreaMeso_ALS,CldShadeOth,CombVerMo,0.9979714677058905
AreaMeso_ALS,CldShadeOth,CombVerMo,0.9979714677058905
AreaMeso_ALS,CldShadeOth,CombVerMo,0.9979714677058905
AreaMeso_ALS,CldShadeOth,CombVerMo,0.9979714677058905
AreaMeso_ALS,CldShadeOth,CombVerMo,0.9979714677058905
AreaMeso_ALS,CldShadeOth,CombVerMo,0.9979714677058905
AreaMeso_ALS,CompPlFcst,AreaMoDryAir,0.5393231838127073
AreaMeso_ALS,CapChange,AreaMoDryAir,0.5393231838127073
AreaMeso_ALS,MeanRH,AreaMoDryAir,0.3064416676669165
SatContMoist,CombMoisture,TempDis,1.5896544894654153e-15
SatContMoist,CombMoisture,TempDis,1.5896544894654153e-15
SatContMoist,AreaMoDryAir,CombMoisture,0.9909369458315437
SatContMoist,TempDis,AreaMoDryAir,0.1264296762237584
RaoContMoist,CombMoisture,AreaMoDryAir,0.24043020121565356
RaoContMoist,CombMoisture,AreaMoDryAir,0.24043020121565356
RaoContMoist,AreaMoDryAir,LatestCIN,0.09702222477621578
RaoContMoist,LatestCIN,AreaMoDryAir,0.5584679459467619
CombMoisture,AreaMoDryAir,RaoContMoist,6.918612303415127e-38
CombMoisture,AreaMoDryAir,RaoContMoist,6.918612303415127e-38
AreaMoDryAir,CldShadeOth,AreaMeso_ALS,0.10736394169540513
VISCloudCov,CombClouds,CldShadeOth,1.6867837986055825e-23
VISCloudCov,CldShadeOth,CombClouds,0.6598800602933834
IRCloudCover,CombClouds,CldShadeOth,0.0009335066190300876
IRCloudCover,CombClouds,CldShadeOth,0.0009335066190300876
IRCloudCover,CldShadeOth,CombClouds,0.3297435989270951
IRCloudCover,CldShadeOth,CombClouds,0.3297435989270951
IRCloudCover,LowLLapse,CombClouds,0.2139271342574814
CombClouds,CldShadeOth,CompPlFcst,1.7860593733467676e-58
CombClouds,CldShadeOth,CompPlFcst,1.7860593733467676e-58
CombClouds,CldShadeOth,CompPlFcst,1.7860593733467676e-58
CombClouds,CldShadeOth,CompPlFcst,1.7860593733467676e-58
CombClouds,CompPlFcst,CapChange,0.9752705692834955
CombClouds,CapChange,IRCloudCover,0.12277116052117555
CldShadeOth,InsInMt,IRCloudCover,0.2589672935629761
CldShadeOth,CompPlFcst,IRCloudCover,0.38955215989432945
CldShadeOth,CapChange,IRCloudCover,0.38955215989432945
AMInstabMt,InsInMt,TempDis,2.9267460236534915e-06
AMInstabMt,InsInMt,TempDis,2.9267460236534915e-06
AMInstabMt,InsInMt,TempDis,2.9267460236534915e-06
AMInstabMt,InsInMt,TempDis,2.9267460236534915e-06
AMInstabMt,OutflowFrMt,R5Fcst,0.06398441600567017
AMInstabMt,OutflowFrMt,R5Fcst,0.06398441600567017
AMInstabMt,MountainFcst,R5Fcst,0.9034935170810371
AMInstabMt,MountainFcst,R5Fcst,0.9034935170810371
AMInstabMt,R5Fcst,TempDis,0.06675329842335047
AMInstabMt,TempDis,InsInMt,0.04690816488394995
AMInstabMt,TempDis,InsInMt,0.04690816488394995
AMInstabMt,TempDis,InsInMt,0.04690816488394995
AMInstabMt,TempDis,InsInMt,0.04690816488394995
InsInMt,OutflowFrMt,MountainFcst,0.01839610714004548
InsInMt,OutflowFrMt,MountainFcst,0.01839610714004548
InsInMt,OutflowFrMt,MountainFcst,0.01839610714004548
InsInMt,OutflowFrMt,MountainFcst,0.01839610714004548
InsInMt,OutflowFrMt,MountainFcst,0.01839610714004548
InsInMt,OutflowFrMt,MountainFcst,0.01839610714004548
InsInMt,CldShadeConv,OutflowFrMt,1.1960157808957611e-09
InsInMt,CldShadeConv,OutflowFrMt,1.1960157808957611e-09
InsInMt,CldShadeConv,OutflowFrMt,1.1960157808957611e-09
InsInMt,CldShadeConv,OutflowFrMt,1.1960157808957611e-09
InsInMt,CldShadeConv,OutflowFrMt,1.1960157808957611e-09
InsInMt,CldShadeConv,OutflowFrMt,1.1960157808957611e-09
InsInMt,MountainFcst,OutflowFrMt,5.975527843327294e-06
InsInMt,MountainFcst,OutflowFrMt,5.975527843327294e-06
InsInMt,MountainFcst,OutflowFrMt,5.975527843327294e-06
InsInMt,MountainFcst,OutflowFrMt,5.975527843327294e-06
InsInMt,MountainFcst,OutflowFrMt,5.975527843327294e-06
InsInMt,MountainFcst,OutflowFrMt,5.975527843327294e-06
InsInMt,LatestCIN,CldShadeConv,0.07273435799389996
InsInMt,R5Fcst,CldShadeConv,0.06873039124162247
WndHodograph,OutflowFrMt,AMInsWliScen,4.702082173410145e-06
WndHodograph,OutflowFrMt,AMInsWliScen,4.702082173410145e-06
WndHodograph,OutflowFrMt,AMInsWliScen,4.702082173410145e-06
WndHodograph,CldShadeConv,OutflowFrMt,3.252252372307885e-15
WndHodograph,CldShadeConv,OutflowFrMt,3.252252372307885e-15
WndHodograph,CldShadeConv,OutflowFrMt,3.252252372307885e-15
WndHodograph,MorningCIN,CldShadeConv,0.0990156929655814
WndHodograph,AMInsWliScen,CldShadeConv,0.0716714914535528
OutflowFrMt,Boundaries,AMInstabMt,0.0003165064959645289
OutflowFrMt,Boundaries,AMInstabMt,0.0003165064959645289
OutflowFrMt,Boundaries,AMInstabMt,0.0003165064959645289
OutflowFrMt,Boundaries,AMInstabMt,0.0003165064959645289
OutflowFrMt,MeanRH,WndHodograph,0.15958877149389922
MorningBound,Boundaries,MountainFcst,1.2705020497496132e-10
MorningBound,Boundaries,MountainFcst,1.2705020497496132e-10
MorningBound,MountainFcst,R5Fcst,0.7152764061613535
MorningBound,R5Fcst,Boundaries,0.11219609842985778
CldShadeConv,CompPlFcst,LatestCIN,0.22204666978615645
CldShadeConv,CapChange,LatestCIN,0.22204666978615645
CldShadeConv,LatestCIN,WndHodograph,0.3030582710457417
CompPlFcst,CapChange,CombVerMo,4.525227619799222e-162
CompPlFcst,CapChange,CombVerMo,4.525227619799222e-162
CompPlFcst,CapChange,CombVerMo,4.525227619799222e-162
CompPlFcst,CapChange,CombVerMo,4.525227619799222e-162
CompPlFcst,CapChange,CombVerMo,4.525227619799222e-162
CompPlFcst,CapChange,CombVerMo,4.525227619799222e-162
CompPlFcst,CapChange,CombVerMo,4.525227619799222e-162
CompPlFcst,InsChange,CapChange,0.9998461444799612
CompPlFcst,InsChange,CapChange,0.9998461444799612
CompPlFcst,InsChange,CapChange,0.9998461444799612
CompPlFcst,CapInScen,CapChange,0.885411464453963
CompPlFcst,CapInScen,CapChange,0.885411464453963
CompPlFcst,CapInScen,CapChange,0.885411464453963
CompPlFcst,CapInScen,CapChange,0.885411464453963
CapChange,InsChange,CompPlFcst,0.9998461444799612
CapChange,InsChange,CompPlFcst,0.9998461444799612
CapChange,InsChange,CompPlFcst,0.9998461444799612
CapChange,InsChange,CompPlFcst,0.9998461444799612
CapChange,InsChange,CompPlFcst,0.9998461444799612
CapChange,InsChange,CompPlFcst,0.9998461444799612
CapChange,CapInScen,CompPlFcst,0.885411464453963
CapChange,CapInScen,CompPlFcst,0.885411464453963
CapChange,CapInScen,CompPlFcst,0.885411464453963
CapChange,CapInScen,CompPlFcst,0.885411464453963
CapChange,CapInScen,CompPlFcst,0.885411464453963
CapChange,CapInScen,CompPlFcst,0.885411464453963
LoLevMoistAd,InsChange,InsSclInScen,3.835012658028741e-26
LoLevMoistAd,InsSclInScen,InsChange,0.9262717874432711
InsChange,CapInScen,R5Fcst,0.22619529937200228
InsChange,InsSclInScen,LoLevMoistAd,1.0888751451905826e-08
InsChange,InsSclInScen,LoLevMoistAd,1.0888751451905826e-08
InsChange,InsSclInScen,LoLevMoistAd,1.0888751451905826e-08
InsChange,InsSclInScen,LoLevMoistAd,1.0888751451905826e-08
InsChange,InsSclInScen,LoLevMoistAd,1.0888751451905826e-08
InsChange,InsSclInScen,LoLevMoistAd,1.0888751451905826e-08
InsChange,InsSclInScen,LoLevMoistAd,1.0888751451905826e-08
InsChange,PlainsFcst,R5Fcst,0.3691426495232797
InsChange,N34StarFcst,R5Fcst,0.3392947334556043
InsChange,R5Fcst,InsSclInScen,0.14001830852791367
MountainFcst,R5Fcst,AMInstabMt,5.8911993334455246e-80
MountainFcst,R5Fcst,AMInstabMt,5.8911993334455246e-80
MountainFcst,R5Fcst,AMInstabMt,5.8911993334455246e-80
MountainFcst,R5Fcst,AMInstabMt,5.8911993334455246e-80
Date,Scenario,ScenRel3_4,1.0
Date,ScenRelAMCIN,ScenRel3_4,0.6585911156883338
Date,ScenRel3_4,Scenario,1.0
Date,ScnRelPlFcst,ScenRel3_4,1.0
Date,WindAloft,ScenRel3_4,0.7541943858059541
Scenario,ScenRelAMCIN,PlainsFcst,1.020015918488732e-62
Scenario,ScenRelAMCIN,PlainsFcst,1.020015918488732e-62
Scenario,ScenRelAMCIN,PlainsFcst,1.020015918488732e-62
Scenario,ScenRelAMCIN,PlainsFcst,1.020015918488732e-62
Scenario,ScenRelAMCIN,PlainsFcst,1.020015918488732e-62
Scenario,ScenRelAMCIN,PlainsFcst,1.020015918488732e-62
Scenario,ScenRelAMCIN,PlainsFcst,1.020015918488732e-62
Scenario,ScenRelAMCIN,PlainsFcst,1.020015918488732e-62
Scenario,ScenRelAMCIN,PlainsFcst,1.020015918488732e-62
Scenario,ScenRelAMCIN,PlainsFcst,1.020015918488732e-62
Scenario,ScenRelAMCIN,PlainsFcst,1.020015918488732e-62
Scenario,ScenRelAMCIN,PlainsFcst,1.020015918488732e-62
Scenario,ScenRelAMCIN,PlainsFcst,1.020015918488732e-62
Scenario,ScenRelAMCIN,PlainsFcst,1.020015918488732e-62
Scenario,ScenRelAMCIN,PlainsFcst,1.020015918488732e-62
Scenario,ScenRelAMCIN,PlainsFcst,1.020015918488732e-62
Scenario,ScenRelAMCIN,PlainsFcst,1.020015918488732e-62
Scenario,ScenRelAMCIN,PlainsFcst,1.020015918488732e-62
Scenario,ScenRelAMCIN,PlainsFcst,1.020015918488732e-62
Scenario,ScenRelAMIns,PlainsFcst,9.34627304876097e-90
Scenario,ScenRelAMIns,PlainsFcst,9.34627304876097e-90
Scenario,ScenRelAMIns,PlainsFcst,9.34627304876097e-90
Scenario,ScenRelAMIns,PlainsFcst,9.34627304876097e-90
Scenario,ScenRelAMIns,PlainsFcst,9.34627304876097e-90
Scenario,ScenRelAMIns,PlainsFcst,9.34627304876097e-90
Scenario,ScenRelAMIns,PlainsFcst,9.34627304876097e-90
Scenario,ScenRelAMIns,PlainsFcst,9.34627304876097e-90
Scenario,ScenRelAMIns,PlainsFcst,9.34627304876097e-90
Scenario,ScenRelAMIns,PlainsFcst,9.34627304876097e-90
Scenario,ScenRelAMIns,PlainsFcst,9.34627304876097e-90
Scenario,ScenRelAMIns,PlainsFcst,9.34627304876097e-90
Scenario,ScenRelAMIns,PlainsFcst,9.34627304876097e-90
Scenario,ScenRelAMIns,PlainsFcst,9.34627304876097e-90
Scenario,ScenRelAMIns,PlainsFcst,9.34627304876097e-90
Scenario,ScenRelAMIns,PlainsFcst,9.34627304876097e-90
Scenario,ScenRelAMIns,PlainsFcst,9.34627304876097e-90
Scenario,ScenRelAMIns,PlainsFcst,9.34627304876097e-90
Scenario,ScenRelAMIns,PlainsFcst,9.34627304876097e-90
Scenario,AMInsWliScen,SynForcng,0.9531008262422114
Scenario,InsSclInScen,SynForcng,0.9990661340978989
Scenario,ScenRel3_4,PlainsFcst,1.9356615830033613e-122
Scenario,ScenRel3_4,PlainsFcst,1.9356615830033613e-122
Scenario,ScenRel3_4,PlainsFcst,1.9356615830033613e-122
Scenario,ScenRel3_4,PlainsFcst,1.9356615830033613e-122
Scenario,ScenRel3_4,PlainsFcst,1.9356615830033613e-122
Scenario,ScenRel3_4,PlainsFcst,1.9356615830033613e-122
Scenario,ScenRel3_4,PlainsFcst,1.9356615830033613e-122
Scenario,ScenRel3_4,PlainsFcst,1.9356615830033613e-122
Scenario,ScenRel3_4,PlainsFcst,1.9356615830033613e-122
Scenario,ScenRel3_4,PlainsFcst,1.9356615830033613e-122
Scenario,ScenRel3_4,PlainsFcst,1.9356615830033613e-122
Scenario,ScenRel3_4,PlainsFcst,1.9356615830033613e-122
Scenario,ScenRel3_4,PlainsFcst,1.9356615830033613e-122
Scenario,ScenRel3_4,PlainsFcst,1.9356615830033613e-122
Scenario,ScenRel3_4,PlainsFcst,1.9356615830033613e-122
Scenario,ScenRel3_4,PlainsFcst,1.9356615830033613e-122
Scenario,ScenRel3_4,PlainsFcst,1.9356615830033613e-122
Scenario,ScenRel3_4,PlainsFcst,1.9356615830033613e-122
Scenario,ScenRel3_4,PlainsFcst,1.9356615830033613e-122
Scenario,ScnRelPlFcst,PlainsFcst,1.038769359668221e-120
Scenario,ScnRelPlFcst,PlainsFcst,1.038769359668221e-120
Scenario,ScnRelPlFcst,PlainsFcst,1.038769359668221e-120
Scenario,ScnRelPlFcst,PlainsFcst,1.038769359668221e-120
Scenario,ScnRelPlFcst,PlainsFcst,1.038769359668221e-120
Scenario,ScnRelPlFcst,PlainsFcst,1.038769359668221e-120
Scenario,ScnRelPlFcst,PlainsFcst,1.038769359668221e-120
Scenario,ScnRelPlFcst,PlainsFcst,1.038769359668221e-120
Scenario,ScnRelPlFcst,PlainsFcst,1.038769359668221e-120
Scenario,ScnRelPlFcst,PlainsFcst,1.038769359668221e-120
Scenario,ScnRelPlFcst,PlainsFcst,1.038769359668221e-120
Scenario,ScnRelPlFcst,PlainsFcst,1.038769359668221e-120
Scenario,ScnRelPlFcst,PlainsFcst,1.038769359668221e-120
Scenario,ScnRelPlFcst,PlainsFcst,1.038769359668221e-120
Scenario,ScnRelPlFcst,PlainsFcst,1.038769359668221e-120
Scenario,ScnRelPlFcst,PlainsFcst,1.038769359668221e-120
Scenario,ScnRelPlFcst,PlainsFcst,1.038769359668221e-120
Scenario,ScnRelPlFcst,PlainsFcst,1.038769359668221e-120
Scenario,ScnRelPlFcst,PlainsFcst,1.038769359668221e-120
Scenario,PlainsFcst,SynForcng,0.9568517437946198
Scenario,Dewpoints,SynForcng,0.8520383855175909
Scenario,LowLLapse,SynForcng,0.5203781327572085
Scenario,MeanRH,SynForcng,0.7802663608039588
Scenario,MidLLapse,SynForcng,0.9721614027290351
Scenario,MvmtFeatures,Dewpoints,0.10073465676997978
Scenario,MvmtFeatures,Dewpoints,0.10073465676997978
Scenario,MvmtFeatures,Dewpoints,0.10073465676997978
Scenario,RHRatio,Dewpoints,0.897708171372065
Scenario,RHRatio,Dewpoints,0.897708171372065
Scenario,RHRatio,Dewpoints,0.897708171372065
Scenario,SfcWndShfDis,Dewpoints,0.7308773366579354
Scenario,SfcWndShfDis,Dewpoints,0.7308773366579354
Scenario,SfcWndShfDis,Dewpoints,0.7308773366579354
Scenario,SynForcng,Dewpoints,0.9999798466795187
Scenario,SynForcng,Dewpoints,0.9999798466795187
Scenario,TempDis,Dewpoints,0.2487457508579926
Scenario,TempDis,Dewpoints,0.2487457508579926
Scenario,TempDis,Dewpoints,0.2487457508579926
Scenario,WindAloft,ScnRelPlFcst,1.0
Scenario,WindAloft,ScnRelPlFcst,1.0
Scenario,WindAloft,ScnRelPlFcst,1.0
Scenario,WindAloft,ScnRelPlFcst,1.0
Scenario,WindAloft,ScnRelPlFcst,1.0
Scenario,WindAloft,ScnRelPlFcst,1.0
Scenario,WindAloft,ScnRelPlFcst,1.0
Scenario,WindAloft,ScnRelPlFcst,1.0
Scenario,WindAloft,ScnRelPlFcst,1.0
Scenario,WindAloft,ScnRelPlFcst,1.0
Scenario,WindAloft,ScnRelPlFcst,1.0
Scenario,WindAloft,ScnRelPlFcst,1.0
Scenario,WindAloft,ScnRelPlFcst,1.0
Scenario,WindAloft,ScnRelPlFcst,1.0
Scenario,WindAloft,ScnRelPlFcst,1.0
Scenario,WindFieldMt,ScenRel3_4,0.6488101919429731
Scenario,WindFieldMt,ScenRel3_4,0.6488101919429731
Scenario,WindFieldMt,ScenRel3_4,0.6488101919429731
Scenario,WindFieldMt,ScenRel3_4,0.6488101919429731
Scenario,WindFieldMt,ScenRel3_4,0.6488101919429731
Scenario,WindFieldMt,ScenRel3_4,0.6488101919429731
Scenario,WindFieldMt,ScenRel3_4,0.6488101919429731
Scenario,WindFieldMt,ScenRel3_4,0.6488101919429731
Scenario,WindFieldMt,ScenRel3_4,0.6488101919429731
Scenario,WindFieldMt,ScenRel3_4,0.6488101919429731
Scenario,WindFieldMt,ScenRel3_4,0.6488101919429731
Scenario,WindFieldMt,ScenRel3_4,0.6488101919429731
Scenario,WindFieldPln,Dewpoints,0.49031463365005623
Scenario,WindFieldPln,Dewpoints,0.49031463365005623
Scenario,WindFieldPln,Dewpoints,0.49031463365005623
ScenRelAMCIN,AMCINInScen,SynForcng,0.06667074897557142
ScenRelAMCIN,CapInScen,SynForcng,0.13005581808722994
ScenRelAMCIN,ScenRelAMIns,N34StarFcst,8.297627896459141e-38
ScenRelAMCIN,ScenRelAMIns,N34StarFcst,8.297627896459141e-38
ScenRelAMCIN,ScenRelAMIns,N34StarFcst,8.297627896459141e-38
ScenRelAMCIN,ScenRelAMIns,N34StarFcst,8.297627896459141e-38
ScenRelAMCIN,ScenRelAMIns,N34StarFcst,8.297627896459141e-38
ScenRelAMCIN,ScenRelAMIns,N34StarFcst,8.297627896459141e-38
ScenRelAMCIN,ScenRelAMIns,N34StarFcst,8.297627896459141e-38
ScenRelAMCIN,ScenRelAMIns,N34StarFcst,8.297627896459141e-38
ScenRelAMCIN,ScenRelAMIns,N34StarFcst,8.297627896459141e-38
ScenRelAMCIN,ScenRelAMIns,N34StarFcst,8.297627896459141e-38
ScenRelAMCIN,ScenRelAMIns,N34StarFcst,8.297627896459141e-38
ScenRelAMCIN,ScenRelAMIns,N34StarFcst,8.297627896459141e-38
ScenRelAMCIN,ScenRelAMIns,N34StarFcst,8.297627896459141e-38
ScenRelAMCIN,ScenRelAMIns,N34StarFcst,8.297627896459141e-38
ScenRelAMCIN,ScenRelAMIns,N34StarFcst,8.297627896459141e-38
ScenRelAMCIN,ScenRelAMIns,N34StarFcst,8.297627896459141e-38
ScenRelAMCIN,ScenRelAMIns,N34StarFcst,8.297627896459141e-38
ScenRelAMCIN,ScenRelAMIns,N34StarFcst,8.297627896459141e-38
ScenRelAMCIN,ScenRelAMIns,N34StarFcst,8.297627896459141e-38
ScenRelAMCIN,ScenRelAMIns,N34StarFcst,8.297627896459141e-38
ScenRelAMCIN,ScenRelAMIns,N34StarFcst,8.297627896459141e-38
ScenRelAMCIN,ScenRelAMIns,N34StarFcst,8.297627896459141e-38
ScenRelAMCIN,AMInsWliScen,ScenRelAMIns,0.9636066251402923
ScenRelAMCIN,AMInsWliScen,ScenRelAMIns,0.9636066251402923
ScenRelAMCIN,AMInsWliScen,ScenRelAMIns,0.9636066251402923
ScenRelAMCIN,AMInsWliScen,ScenRelAMIns,0.9636066251402923
ScenRelAMCIN,AMInsWliScen,ScenRelAMIns,0.9636066251402923
ScenRelAMCIN,ScenRel3_4,N34StarFcst,3.5100830243095613e-47
ScenRelAMCIN,ScenRel3_4,N34StarFcst,3.5100830243095613e-47
ScenRelAMCIN,ScenRel3_4,N34StarFcst,3.5100830243095613e-47
ScenRelAMCIN,ScenRel3_4,N34StarFcst,3.5100830243095613e-47
ScenRelAMCIN,ScenRel3_4,N34StarFcst,3.5100830243095613e-47
ScenRelAMCIN,ScenRel3_4,N34StarFcst,3.5100830243095613e-47
ScenRelAMCIN,ScenRel3_4,N34StarFcst,3.5100830243095613e-47
ScenRelAMCIN,ScenRel3_4,N34StarFcst,3.5100830243095613e-47
ScenRelAMCIN,ScenRel3_4,N34StarFcst,3.5100830243095613e-47
ScenRelAMCIN,ScenRel3_4,N34StarFcst,3.5100830243095613e-47
ScenRelAMCIN,ScenRel3_4,N34StarFcst,3.5100830243095613e-47
ScenRelAMCIN,ScenRel3_4,N34StarFcst,3.5100830243095613e-47
ScenRelAMCIN,ScenRel3_4,N34StarFcst,3.5100830243095613e-47
ScenRelAMCIN,ScenRel3_4,N34StarFcst,3.5100830243095613e-47
ScenRelAMCIN,ScenRel3_4,N34StarFcst,3.5100830243095613e-47
ScenRelAMCIN,ScenRel3_4,N34StarFcst,3.5100830243095613e-47
ScenRelAMCIN,ScenRel3_4,N34StarFcst,3.5100830243095613e-47
ScenRelAMCIN,ScenRel3_4,N34StarFcst,3.5100830243095613e-47
ScenRelAMCIN,ScenRel3_4,N34StarFcst,3.5100830243095613e-47
ScenRelAMCIN,ScenRel3_4,N34StarFcst,3.5100830243095613e-47
ScenRelAMCIN,ScenRel3_4,N34StarFcst,3.5100830243095613e-47
ScenRelAMCIN,ScenRel3_4,N34StarFcst,3.5100830243095613e-47
ScenRelAMCIN,ScnRelPlFcst,N34StarFcst,4.3712947263855705e-64
ScenRelAMCIN,ScnRelPlFcst,N34StarFcst,4.3712947263855705e-64
ScenRelAMCIN,ScnRelPlFcst,N34StarFcst,4.3712947263855705e-64
ScenRelAMCIN,ScnRelPlFcst,N34StarFcst,4.3712947263855705e-64
ScenRelAMCIN,ScnRelPlFcst,N34StarFcst,4.3712947263855705e-64
ScenRelAMCIN,ScnRelPlFcst,N34StarFcst,4.3712947263855705e-64
ScenRelAMCIN,ScnRelPlFcst,N34StarFcst,4.3712947263855705e-64
ScenRelAMCIN,ScnRelPlFcst,N34StarFcst,4.3712947263855705e-64
ScenRelAMCIN,ScnRelPlFcst,N34StarFcst,4.3712947263855705e-64
ScenRelAMCIN,ScnRelPlFcst,N34StarFcst,4.3712947263855705e-64
ScenRelAMCIN,ScnRelPlFcst,N34StarFcst,4.3712947263855705e-64
ScenRelAMCIN,ScnRelPlFcst,N34StarFcst,4.3712947263855705e-64
ScenRelAMCIN,ScnRelPlFcst,N34StarFcst,4.3712947263855705e-64
ScenRelAMCIN,ScnRelPlFcst,N34StarFcst,4.3712947263855705e-64
ScenRelAMCIN,ScnRelPlFcst,N34StarFcst,4.3712947263855705e-64
ScenRelAMCIN,ScnRelPlFcst,N34StarFcst,4.3712947263855705e-64
ScenRelAMCIN,ScnRelPlFcst,N34StarFcst,4.3712947263855705e-64
ScenRelAMCIN,ScnRelPlFcst,N34StarFcst,4.3712947263855705e-64
ScenRelAMCIN,ScnRelPlFcst,N34StarFcst,4.3712947263855705e-64
ScenRelAMCIN,ScnRelPlFcst,N34StarFcst,4.3712947263855705e-64
ScenRelAMCIN,ScnRelPlFcst,N34StarFcst,4.3712947263855705e-64
ScenRelAMCIN,ScnRelPlFcst,N34StarFcst,4.3712947263855705e-64
ScenRelAMCIN,PlainsFcst,ScenRelAMIns,0.7278138352629109
ScenRelAMCIN,PlainsFcst,ScenRelAMIns,0.7278138352629109
ScenRelAMCIN,PlainsFcst,ScenRelAMIns,0.7278138352629109
ScenRelAMCIN,PlainsFcst,ScenRelAMIns,0.7278138352629109
ScenRelAMCIN,PlainsFcst,ScenRelAMIns,0.7278138352629109
ScenRelAMCIN,N34StarFcst,ScenRelAMIns,0.7764389226079401
ScenRelAMCIN,N34StarFcst,ScenRelAMIns,0.7764389226079401
ScenRelAMCIN,N34StarFcst,ScenRelAMIns,0.7764389226079401
ScenRelAMCIN,N34StarFcst,ScenRelAMIns,0.7764389226079401
ScenRelAMCIN,N34StarFcst,ScenRelAMIns,0.7764389226079401
ScenRelAMCIN,R5Fcst,Dewpoints,0.13616807613955154
ScenRelAMCIN,R5Fcst,Dewpoints,0.13616807613955154
ScenRelAMCIN,R5Fcst,Dewpoints,0.13616807613955154
ScenRelAMCIN,Dewpoints,SynForcng,0.09938875302020685
ScenRelAMCIN,LowLLapse,ScenRel3_4,0.7245632763439545
ScenRelAMCIN,LowLLapse,ScenRel3_4,0.7245632763439545
ScenRelAMCIN,LowLLapse,ScenRel3_4,0.7245632763439545
ScenRelAMCIN,LowLLapse,ScenRel3_4,0.7245632763439545
ScenRelAMCIN,LowLLapse,ScenRel3_4,0.7245632763439545
ScenRelAMCIN,LowLLapse,ScenRel3_4,0.7245632763439545
ScenRelAMCIN,LowLLapse,ScenRel3_4,0.7245632763439545
ScenRelAMCIN,LowLLapse,ScenRel3_4,0.7245632763439545
ScenRelAMCIN,LowLLapse,ScenRel3_4,0.7245632763439545
ScenRelAMCIN,LowLLapse,ScenRel3_4,0.7245632763439545
ScenRelAMCIN,LowLLapse,ScenRel3_4,0.7245632763439545
ScenRelAMCIN,LowLLapse,ScenRel3_4,0.7245632763439545
ScenRelAMCIN,LowLLapse,ScenRel3_4,0.7245632763439545
ScenRelAMCIN,LowLLapse,ScenRel3_4,0.7245632763439545
ScenRelAMCIN,MeanRH,ScenRelAMIns,0.29323351015425536
ScenRelAMCIN,MeanRH,ScenRelAMIns,0.29323351015425536
ScenRelAMCIN,MeanRH,ScenRelAMIns,0.29323351015425536
ScenRelAMCIN,MeanRH,ScenRelAMIns,0.29323351015425536
ScenRelAMCIN,MeanRH,ScenRelAMIns,0.29323351015425536
ScenRelAMCIN,MidLLapse,SynForcng,0.1812247270509912
ScenRelAMCIN,MvmtFeatures,Dewpoints,0.13728270596824077
ScenRelAMCIN,MvmtFeatures,Dewpoints,0.13728270596824077
ScenRelAMCIN,MvmtFeatures,Dewpoints,0.13728270596824077
ScenRelAMCIN,RHRatio,ScenRelAMIns,0.22016936220226022
ScenRelAMCIN,RHRatio,ScenRelAMIns,0.22016936220226022
ScenRelAMCIN,RHRatio,ScenRelAMIns,0.22016936220226022
ScenRelAMCIN,RHRatio,ScenRelAMIns,0.22016936220226022
ScenRelAMCIN,SfcWndShfDis,ScnRelPlFcst,0.6882929464530663
ScenRelAMCIN,SfcWndShfDis,ScnRelPlFcst,0.6882929464530663
ScenRelAMCIN,SfcWndShfDis,ScnRelPlFcst,0.6882929464530663
ScenRelAMCIN,SfcWndShfDis,ScnRelPlFcst,0.6882929464530663
ScenRelAMCIN,SfcWndShfDis,ScnRelPlFcst,0.6882929464530663
ScenRelAMCIN,SfcWndShfDis,ScnRelPlFcst,0.6882929464530663
ScenRelAMCIN,SfcWndShfDis,ScnRelPlFcst,0.6882929464530663
ScenRelAMCIN,SfcWndShfDis,ScnRelPlFcst,0.6882929464530663
ScenRelAMCIN,SfcWndShfDis,ScnRelPlFcst,0.6882929464530663
ScenRelAMCIN,SfcWndShfDis,ScnRelPlFcst,0.6882929464530663
ScenRelAMCIN,SfcWndShfDis,ScnRelPlFcst,0.6882929464530663
ScenRelAMCIN,SfcWndShfDis,ScnRelPlFcst,0.6882929464530663
ScenRelAMCIN,SfcWndShfDis,ScnRelPlFcst,0.6882929464530663
ScenRelAMCIN,SfcWndShfDis,ScnRelPlFcst,0.6882929464530663
ScenRelAMCIN,SfcWndShfDis,ScnRelPlFcst,0.6882929464530663
ScenRelAMCIN,SfcWndShfDis,ScnRelPlFcst,0.6882929464530663
ScenRelAMCIN,SfcWndShfDis,ScnRelPlFcst,0.6882929464530663
ScenRelAMCIN,SfcWndShfDis,ScnRelPlFcst,0.6882929464530663
ScenRelAMCIN,SynForcng,CapInScen,0.14377391459736735
ScenRelAMCIN,TempDis,Date,0.1028343401207573
ScenRelAMCIN,TempDis,Date,0.1028343401207573
ScenRelAMCIN,TempDis,Date,0.1028343401207573
ScenRelAMCIN,TempDis,Date,0.1028343401207573
ScenRelAMCIN,TempDis,Date,0.1028343401207573
ScenRelAMCIN,TempDis,Date,0.1028343401207573
ScenRelAMCIN,TempDis,Date,0.1028343401207573
ScenRelAMCIN,TempDis,Date,0.1028343401207573
ScenRelAMCIN,TempDis,Date,0.1028343401207573
ScenRelAMCIN,TempDis,Date,0.1028343401207573
ScenRelAMCIN,TempDis,Date,0.1028343401207573
ScenRelAMCIN,WindAloft,ScenRelAMIns,0.936008503329482
ScenRelAMCIN,WindAloft,ScenRelAMIns,0.936008503329482
ScenRelAMCIN,WindAloft,ScenRelAMIns,0.936008503329482
ScenRelAMCIN,WindAloft,ScenRelAMIns,0.936008503329482
ScenRelAMCIN,WindAloft,ScenRelAMIns,0.936008503329482
ScenRelAMCIN,WindFieldPln,ScnRelPlFcst,0.6288758842545334
ScenRelAMCIN,WindFieldPln,ScnRelPlFcst,0.6288758842545334
ScenRelAMCIN,WindFieldPln,ScnRelPlFcst,0.6288758842545334
ScenRelAMCIN,WindFieldPln,ScnRelPlFcst,0.6288758842545334
ScenRelAMCIN,WindFieldPln,ScnRelPlFcst,0.6288758842545334
ScenRelAMCIN,WindFieldPln,ScnRelPlFcst,0.6288758842545334
ScenRelAMCIN,WindFieldPln,ScnRelPlFcst,0.6288758842545334
ScenRelAMCIN,WindFieldPln,ScnRelPlFcst,0.6288758842545334
ScenRelAMCIN,WindFieldPln,ScnRelPlFcst,0.6288758842545334
ScenRelAMCIN,WindFieldPln,ScnRelPlFcst,0.6288758842545334
ScenRelAMCIN,WindFieldPln,ScnRelPlFcst,0.6288758842545334
ScenRelAMCIN,WindFieldPln,ScnRelPlFcst,0.6288758842545334
ScenRelAMCIN,WindFieldPln,ScnRelPlFcst,0.6288758842545334
ScenRelAMCIN,WindFieldPln,ScnRelPlFcst,0.6288758842545334
ScenRelAMCIN,WindFieldPln,ScnRelPlFcst,0.6288758842545334
ScenRelAMCIN,WindFieldPln,ScnRelPlFcst,0.6288758842545334
ScenRelAMCIN,WindFieldPln,ScnRelPlFcst,0.6288758842545334
MorningCIN,AMCINInScen,WndHodograph,2.6223895391911264e-35
MorningCIN,AMCINInScen,WndHodograph,2.6223895391911264e-35
MorningCIN,CapInScen,AMCINInScen,0.8100168427208503
AMCINInScen,CapInScen,MorningCIN,2.2042539582869827e-29
AMCINInScen,CapInScen,MorningCIN,2.2042539582869827e-29
CapInScen,PlainsFcst,AMCINInScen,0.05731819148840764
ScenRelAMIns,AMInsWliScen,SynForcng,0.499061803689083
ScenRelAMIns,ScenRel3_4,PlainsFcst,7.463842816971833e-54
ScenRelAMIns,ScenRel3_4,PlainsFcst,7.463842816971833e-54
ScenRelAMIns,ScenRel3_4,PlainsFcst,7.463842816971833e-54
ScenRelAMIns,ScenRel3_4,PlainsFcst,7.463842816971833e-54
ScenRelAMIns,ScenRel3_4,PlainsFcst,7.463842816971833e-54
ScenRelAMIns,ScenRel3_4,PlainsFcst,7.463842816971833e-54
ScenRelAMIns,ScenRel3_4,PlainsFcst,7.463842816971833e-54
ScenRelAMIns,ScenRel3_4,PlainsFcst,7.463842816971833e-54
ScenRelAMIns,ScenRel3_4,PlainsFcst,7.463842816971833e-54
ScenRelAMIns,ScenRel3_4,PlainsFcst,7.463842816971833e-54
ScenRelAMIns,ScenRel3_4,PlainsFcst,7.463842816971833e-54
ScenRelAMIns,ScenRel3_4,PlainsFcst,7.463842816971833e-54
ScenRelAMIns,ScenRel3_4,PlainsFcst,7.463842816971833e-54
ScenRelAMIns,ScenRel3_4,PlainsFcst,7.463842816971833e-54
ScenRelAMIns,ScenRel3_4,PlainsFcst,7.463842816971833e-54
ScenRelAMIns,ScenRel3_4,PlainsFcst,7.463842816971833e-54
ScenRelAMIns,ScenRel3_4,PlainsFcst,7.463842816971833e-54
ScenRelAMIns,ScnRelPlFcst,PlainsFcst,9.34627304876097e-90
ScenRelAMIns,ScnRelPlFcst,PlainsFcst,9.34627304876097e-90
ScenRelAMIns,ScnRelPlFcst,PlainsFcst,9.34627304876097e-90
ScenRelAMIns,ScnRelPlFcst,PlainsFcst,9.34627304876097e-90
ScenRelAMIns,ScnRelPlFcst,PlainsFcst,9.34627304876097e-90
ScenRelAMIns,ScnRelPlFcst,PlainsFcst,9.34627304876097e-90
ScenRelAMIns,ScnRelPlFcst,PlainsFcst,9.34627304876097e-90
ScenRelAMIns,ScnRelPlFcst,PlainsFcst,9.34627304876097e-90
ScenRelAMIns,ScnRelPlFcst,PlainsFcst,9.34627304876097e-90
ScenRelAMIns,ScnRelPlFcst,PlainsFcst,9.34627304876097e-90
ScenRelAMIns,ScnRelPlFcst,PlainsFcst,9.34627304876097e-90
ScenRelAMIns,ScnRelPlFcst,PlainsFcst,9.34627304876097e-90
ScenRelAMIns,ScnRelPlFcst,PlainsFcst,9.34627304876097e-90
ScenRelAMIns,ScnRelPlFcst,PlainsFcst,9.34627304876097e-90
ScenRelAMIns,ScnRelPlFcst,PlainsFcst,9.34627304876097e-90
ScenRelAMIns,ScnRelPlFcst,PlainsFcst,9.34627304876097e-90
ScenRelAMIns,ScnRelPlFcst,PlainsFcst,9.34627304876097e-90
ScenRelAMIns,PlainsFcst,SynForcng,0.5430015008572915
ScenRelAMIns,Dewpoints,SynForcng,0.12812088336220548
ScenRelAMIns,LowLLapse,SynForcng,0.38344351831693296
ScenRelAMIns,MeanRH,SynForcng,0.08216227550005327
ScenRelAMIns,MidLLapse,SynForcng,0.9609089789744077
ScenRelAMIns,MvmtFeatures,Dewpoints,0.29791548218687475
ScenRelAMIns,MvmtFeatures,Dewpoints,0.29791548218687475
ScenRelAMIns,RHRatio,Dewpoints,0.1986954552008948
ScenRelAMIns,RHRatio,Dewpoints,0.1986954552008948
ScenRelAMIns,SfcWndShfDis,ScnRelPlFcst,0.9999999895637162
ScenRelAMIns,SfcWndShfDis,ScnRelPlFcst,0.9999999895637162
ScenRelAMIns,SfcWndShfDis,ScnRelPlFcst,0.9999999895637162
ScenRelAMIns,SfcWndShfDis,ScnRelPlFcst,0.9999999895637162
ScenRelAMIns,SfcWndShfDis,ScnRelPlFcst,0.9999999895637162
ScenRelAMIns,SfcWndShfDis,ScnRelPlFcst,0.9999999895637162
ScenRelAMIns,SfcWndShfDis,ScnRelPlFcst,0.9999999895637162
ScenRelAMIns,SfcWndShfDis,ScnRelPlFcst,0.9999999895637162
ScenRelAMIns,SfcWndShfDis,ScnRelPlFcst,0.9999999895637162
ScenRelAMIns,SfcWndShfDis,ScnRelPlFcst,0.9999999895637162
ScenRelAMIns,SfcWndShfDis,ScnRelPlFcst,0.9999999895637162
ScenRelAMIns,SfcWndShfDis,ScnRelPlFcst,0.9999999895637162
ScenRelAMIns,SfcWndShfDis,ScnRelPlFcst,0.9999999895637162
ScenRelAMIns,SynForcng,Dewpoints,0.9994302307791256
ScenRelAMIns,TempDis,Dewpoints,0.249816726024749
ScenRelAMIns,TempDis,Dewpoints,0.249816726024749
ScenRelAMIns,WindAloft,Dewpoints,0.09015517359705516
ScenRelAMIns,WindAloft,Dewpoints,0.09015517359705516
ScenRelAMIns,WindFieldMt,Dewpoints,0.9562856829871607
ScenRelAMIns,WindFieldMt,Dewpoints,0.9562856829871607
ScenRelAMIns,WindFieldPln,ScnRelPlFcst,0.9999999803757158
ScenRelAMIns,WindFieldPln,ScnRelPlFcst,0.9999999803757158
ScenRelAMIns,WindFieldPln,ScnRelPlFcst,0.9999999803757158
ScenRelAMIns,WindFieldPln,ScnRelPlFcst,0.9999999803757158
ScenRelAMIns,WindFieldPln,ScnRelPlFcst,0.9999999803757158
ScenRelAMIns,WindFieldPln,ScnRelPlFcst,0.9999999803757158
ScenRelAMIns,WindFieldPln,ScnRelPlFcst,0.9999999803757158
ScenRelAMIns,WindFieldPln,ScnRelPlFcst,0.9999999803757158
ScenRelAMIns,WindFieldPln,ScnRelPlFcst,0.9999999803757158
ScenRelAMIns,WindFieldPln,ScnRelPlFcst,0.9999999803757158
ScenRelAMIns,WindFieldPln,ScnRelPlFcst,0.9999999803757158
ScenRelAMIns,WindFieldPln,ScnRelPlFcst,0.9999999803757158
LIfr12ZDENSd,AMInsWliScen,CurPropConv,2.9565350718262624e-05
LIfr12ZDENSd,AMInsWliScen,CurPropConv,2.9565350718262624e-05
LIfr12ZDENSd,InsSclInScen,AMInsWliScen,0.6192034874922927
LIfr12ZDENSd,CurPropConv,InsSclInScen,0.22366676593074294
AMDewptCalPl,AMInsWliScen,InsSclInScen,0.00508069549581782
AMDewptCalPl,InsSclInScen,AMInsWliScen,0.613769531114841
AMInsWliScen,InsSclInScen,N34StarFcst,2.006479446183128e-54
AMInsWliScen,InsSclInScen,N34StarFcst,2.006479446183128e-54
AMInsWliScen,InsSclInScen,N34StarFcst,2.006479446183128e-54
AMInsWliScen,InsSclInScen,N34StarFcst,2.006479446183128e-54
AMInsWliScen,InsSclInScen,N34StarFcst,2.006479446183128e-54
AMInsWliScen,InsSclInScen,N34StarFcst,2.006479446183128e-54
AMInsWliScen,InsSclInScen,N34StarFcst,2.006479446183128e-54
AMInsWliScen,InsSclInScen,N34StarFcst,2.006479446183128e-54
AMInsWliScen,InsSclInScen,N34StarFcst,2.006479446183128e-54
AMInsWliScen,InsSclInScen,N34StarFcst,2.006479446183128e-54
AMInsWliScen,InsSclInScen,N34StarFcst,2.006479446183128e-54
AMInsWliScen,ScenRel3_4,InsSclInScen,0.11755274409445811
AMInsWliScen,ScenRel3_4,InsSclInScen,0.11755274409445811
AMInsWliScen,ScnRelPlFcst,AMDewptCalPl,0.05211742335225803
AMInsWliScen,PlainsFcst,InsSclInScen,0.5284887296505925
AMInsWliScen,PlainsFcst,InsSclInScen,0.5284887296505925
AMInsWliScen,N34StarFcst,InsSclInScen,0.7791621893652447
AMInsWliScen,N34StarFcst,InsSclInScen,0.7791621893652447
AMInsWliScen,SfcWndShfDis,AMDewptCalPl,0.2084402542724231
InsSclInScen,ScenRel3_4,AMDewptCalPl,0.14057045320071734
InsSclInScen,LLIW,AMDewptCalPl,0.22929314679067916
InsSclInScen,ScnRelPlFcst,AMDewptCalPl,0.8213882322829492
InsSclInScen,PlainsFcst,N34StarFcst,0.8225729700674237
InsSclInScen,PlainsFcst,N34StarFcst,0.8225729700674237
InsSclInScen,N34StarFcst,PlainsFcst,0.9126559667513667
InsSclInScen,N34StarFcst,PlainsFcst,0.9126559667513667
InsSclInScen,N34StarFcst,PlainsFcst,0.9126559667513667
InsSclInScen,N34StarFcst,PlainsFcst,0.9126559667513667
InsSclInScen,N34StarFcst,PlainsFcst,0.9126559667513667
InsSclInScen,N34StarFcst,PlainsFcst,0.9126559667513667
InsSclInScen,N34StarFcst,PlainsFcst,0.9126559667513667
InsSclInScen,N34StarFcst,PlainsFcst,0.9126559667513667
InsSclInScen,N34StarFcst,PlainsFcst,0.9126559667513667
InsSclInScen,N34StarFcst,PlainsFcst,0.9126559667513667
InsSclInScen,N34StarFcst,PlainsFcst,0.9126559667513667
ScenRel3_4,ScnRelPlFcst,N34StarFcst,3.143367680516288e-123
ScenRel3_4,ScnRelPlFcst,N34StarFcst,3.143367680516288e-123
ScenRel3_4,ScnRelPlFcst,N34StarFcst,3.143367680516288e-123
ScenRel3_4,ScnRelPlFcst,N34StarFcst,3.143367680516288e-123
ScenRel3_4,ScnRelPlFcst,N34StarFcst,3.143367680516288e-123
ScenRel3_4,ScnRelPlFcst,N34StarFcst,3.143367680516288e-123
ScenRel3_4,ScnRelPlFcst,N34StarFcst,3.143367680516288e-123
ScenRel3_4,ScnRelPlFcst,N34StarFcst,3.143367680516288e-123
ScenRel3_4,ScnRelPlFcst,N34StarFcst,3.143367680516288e-123
ScenRel3_4,ScnRelPlFcst,N34StarFcst,3.143367680516288e-123
ScenRel3_4,ScnRelPlFcst,N34StarFcst,3.143367680516288e-123
ScenRel3_4,ScnRelPlFcst,N34StarFcst,3.143367680516288e-123
ScenRel3_4,ScnRelPlFcst,N34StarFcst,3.143367680516288e-123
ScenRel3_4,ScnRelPlFcst,N34StarFcst,3.143367680516288e-123
ScenRel3_4,ScnRelPlFcst,N34StarFcst,3.143367680516288e-123
ScenRel3_4,ScnRelPlFcst,N34StarFcst,3.143367680516288e-123
ScenRel3_4,ScnRelPlFcst,N34StarFcst,3.143367680516288e-123
ScenRel3_4,ScnRelPlFcst,N34StarFcst,3.143367680516288e-123
ScenRel3_4,ScnRelPlFcst,N34StarFcst,3.143367680516288e-123
ScenRel3_4,PlainsFcst,SynForcng,0.4387698375989882
ScenRel3_4,N34StarFcst,SynForcng,0.8321617159009012
ScenRel3_4,Dewpoints,ScenRelAMIns,0.436998457249064
ScenRel3_4,Dewpoints,ScenRelAMIns,0.436998457249064
ScenRel3_4,Dewpoints,ScenRelAMIns,0.436998457249064
ScenRel3_4,Dewpoints,ScenRelAMIns,0.436998457249064
ScenRel3_4,Dewpoints,ScenRelAMIns,0.436998457249064
ScenRel3_4,LowLLapse,SynForcng,0.37984407386077773
ScenRel3_4,MeanRH,SynForcng,0.11421282015004114
ScenRel3_4,MvmtFeatures,ScnRelPlFcst,0.999892252254588
ScenRel3_4,MvmtFeatures,ScnRelPlFcst,0.999892252254588
ScenRel3_4,MvmtFeatures,ScnRelPlFcst,0.999892252254588
ScenRel3_4,MvmtFeatures,ScnRelPlFcst,0.999892252254588
ScenRel3_4,MvmtFeatures,ScnRelPlFcst,0.999892252254588
ScenRel3_4,MvmtFeatures,ScnRelPlFcst,0.999892252254588
ScenRel3_4,MvmtFeatures,ScnRelPlFcst,0.999892252254588
ScenRel3_4,MvmtFeatures,ScnRelPlFcst,0.999892252254588
ScenRel3_4,MvmtFeatures,ScnRelPlFcst,0.999892252254588
ScenRel3_4,MvmtFeatures,ScnRelPlFcst,0.999892252254588
ScenRel3_4,MvmtFeatures,ScnRelPlFcst,0.999892252254588
ScenRel3_4,MvmtFeatures,ScnRelPlFcst,0.999892252254588
ScenRel3_4,MvmtFeatures,ScnRelPlFcst,0.999892252254588
ScenRel3_4,RHRatio,Dewpoints,0.2798776040294679
ScenRel3_4,RHRatio,Dewpoints,0.2798776040294679
ScenRel3_4,RHRatio,Dewpoints,0.2798776040294679
ScenRel3_4,SfcWndShfDis,ScnRelPlFcst,0.9999898325179476
ScenRel3_4,SfcWndShfDis,ScnRelPlFcst,0.9999898325179476
ScenRel3_4,SfcWndShfDis,ScnRelPlFcst,0.9999898325179476
ScenRel3_4,SfcWndShfDis,ScnRelPlFcst,0.9999898325179476
ScenRel3_4,SfcWndShfDis,ScnRelPlFcst,0.9999898325179476
ScenRel3_4,SfcWndShfDis,ScnRelPlFcst,0.9999898325179476
ScenRel3_4,SfcWndShfDis,ScnRelPlFcst,0.9999898325179476
ScenRel3_4,SfcWndShfDis,ScnRelPlFcst,0.9999898325179476
ScenRel3_4,SfcWndShfDis,ScnRelPlFcst,0.9999898325179476
ScenRel3_4,SfcWndShfDis,ScnRelPlFcst,0.9999898325179476
ScenRel3_4,SfcWndShfDis,ScnRelPlFcst,0.9999898325179476
ScenRel3_4,SfcWndShfDis,ScnRelPlFcst,0.9999898325179476
ScenRel3_4,SfcWndShfDis,ScnRelPlFcst,0.9999898325179476
ScenRel3_4,SfcWndShfDis,ScnRelPlFcst,0.9999898325179476
ScenRel3_4,SynForcng,ScenRelAMIns,0.08117737708155193
ScenRel3_4,SynForcng,ScenRelAMIns,0.08117737708155193
ScenRel3_4,SynForcng,ScenRelAMIns,0.08117737708155193
ScenRel3_4,SynForcng,ScenRelAMIns,0.08117737708155193
ScenRel3_4,SynForcng,ScenRelAMIns,0.08117737708155193
ScenRel3_4,TempDis,ScnRelPlFcst,0.9996822765000417
ScenRel3_4,TempDis,ScnRelPlFcst,0.9996822765000417
ScenRel3_4,TempDis,ScnRelPlFcst,0.9996822765000417
ScenRel3_4,TempDis,ScnRelPlFcst,0.9996822765000417
ScenRel3_4,TempDis,ScnRelPlFcst,0.9996822765000417
ScenRel3_4,TempDis,ScnRelPlFcst,0.9996822765000417
ScenRel3_4,TempDis,ScnRelPlFcst,0.9996822765000417
ScenRel3_4,TempDis,ScnRelPlFcst,0.9996822765000417
ScenRel3_4,TempDis,ScnRelPlFcst,0.9996822765000417
ScenRel3_4,TempDis,ScnRelPlFcst,0.9996822765000417
ScenRel3_4,TempDis,ScnRelPlFcst,0.9996822765000417
ScenRel3_4,TempDis,ScnRelPlFcst,0.9996822765000417
ScenRel3_4,TempDis,ScnRelPlFcst,0.9996822765000417
ScenRel3_4,TempDis,ScnRelPlFcst,0.9996822765000417
ScenRel3_4,WindAloft,ScnRelPlFcst,0.9997156674943456
ScenRel3_4,WindAloft,ScnRelPlFcst,0.9997156674943456
ScenRel3_4,WindAloft,ScnRelPlFcst,0.9997156674943456
ScenRel3_4,WindAloft,ScnRelPlFcst,0.9997156674943456
ScenRel3_4,WindAloft,ScnRelPlFcst,0.9997156674943456
ScenRel3_4,WindAloft,ScnRelPlFcst,0.9997156674943456
ScenRel3_4,WindAloft,ScnRelPlFcst,0.9997156674943456
ScenRel3_4,WindAloft,ScnRelPlFcst,0.9997156674943456
ScenRel3_4,WindAloft,ScnRelPlFcst,0.9997156674943456
ScenRel3_4,WindAloft,ScnRelPlFcst,0.9997156674943456
ScenRel3_4,WindAloft,ScnRelPlFcst,0.9997156674943456
ScenRel3_4,WindAloft,ScnRelPlFcst,0.9997156674943456
ScenRel3_4,WindAloft,ScnRelPlFcst,0.9997156674943456
ScenRel3_4,WindFieldMt,ScnRelPlFcst,0.9948366484025041
ScenRel3_4,WindFieldMt,ScnRelPlFcst,0.9948366484025041
ScenRel3_4,WindFieldMt,ScnRelPlFcst,0.9948366484025041
ScenRel3_4,WindFieldMt,ScnRelPlFcst,0.9948366484025041
ScenRel3_4,WindFieldMt,ScnRelPlFcst,0.9948366484025041
ScenRel3_4,WindFieldMt,ScnRelPlFcst,0.9948366484025041
ScenRel3_4,WindFieldMt,ScnRelPlFcst,0.9948366484025041
ScenRel3_4,WindFieldMt,ScnRelPlFcst,0.9948366484025041
ScenRel3_4,WindFieldMt,ScnRelPlFcst,0.9948366484025041
ScenRel3_4,WindFieldMt,ScnRelPlFcst,0.9948366484025041
ScenRel3_4,WindFieldMt,ScnRelPlFcst,0.9948366484025041
ScenRel3_4,WindFieldMt,ScnRelPlFcst,0.9948366484025041
ScenRel3_4,WindFieldMt,ScnRelPlFcst,0.9948366484025041
ScenRel3_4,WindFieldMt,ScnRelPlFcst,0.9948366484025041
ScenRel3_4,WindFieldPln,ScnRelPlFcst,0.9999819765022491
ScenRel3_4,WindFieldPln,ScnRelPlFcst,0.9999819765022491
ScenRel3_4,WindFieldPln,ScnRelPlFcst,0.9999819765022491
ScenRel3_4,WindFieldPln,ScnRelPlFcst,0.9999819765022491
ScenRel3_4,WindFieldPln,ScnRelPlFcst,0.9999819765022491
ScenRel3_4,WindFieldPln,ScnRelPlFcst,0.9999819765022491
ScenRel3_4,WindFieldPln,ScnRelPlFcst,0.9999819765022491
ScenRel3_4,WindFieldPln,ScnRelPlFcst,0.9999819765022491
ScenRel3_4,WindFieldPln,ScnRelPlFcst,0.9999819765022491
ScenRel3_4,WindFieldPln,ScnRelPlFcst,0.9999819765022491
ScenRel3_4,WindFieldPln,ScnRelPlFcst,0.9999819765022491
ScenRel3_4,WindFieldPln,ScnRelPlFcst,0.9999819765022491
ScenRel3_4,WindFieldPln,ScnRelPlFcst,0.9999819765022491
LatestCIN,CurPropConv,RaoContMoist,0.05447735973565865
LatestCIN,CurPropConv,RaoContMoist,0.05447735973565865
LatestCIN,CurPropConv,RaoContMoist,0.05447735973565865
LatestCIN,MidLLapse,CldShadeConv,0.16593206355685428
LLIW,CurPropConv,InsSclInScen,5.925538810747004e-21
LLIW,CurPropConv,InsSclInScen,5.925538810747004e-21
LLIW,CurPropConv,InsSclInScen,5.925538810747004e-21
LLIW,CurPropConv,InsSclInScen,5.925538810747004e-21
LLIW,N34StarFcst,SubjVertMo,0.6781831039933177
LLIW,RHRatio,SubjVertMo,0.3426747087572272
CurPropConv,PlainsFcst,SubjVertMo,0.08728771753823554
CurPropConv,PlainsFcst,SubjVertMo,0.08728771753823554
CurPropConv,N34StarFcst,SubjVertMo,0.15999073860352686
CurPropConv,N34StarFcst,SubjVertMo,0.15999073860352686
ScnRelPlFcst,PlainsFcst,SynForcng,0.9568517437946198
ScnRelPlFcst,Dewpoints,SynForcng,0.8520383855175909
ScnRelPlFcst,LowLLapse,SynForcng,0.5203781327572085
ScnRelPlFcst,MeanRH,SynForcng,0.7802663608039588
ScnRelPlFcst,MidLLapse,SynForcng,0.9721614027290351
ScnRelPlFcst,MvmtFeatures,Dewpoints,0.10073465676997978
ScnRelPlFcst,MvmtFeatures,Dewpoints,0.10073465676997978
ScnRelPlFcst,MvmtFeatures,Dewpoints,0.10073465676997978
ScnRelPlFcst,RHRatio,Dewpoints,0.897708171372065
ScnRelPlFcst,RHRatio,Dewpoints,0.897708171372065
ScnRelPlFcst,RHRatio,Dewpoints,0.897708171372065
ScnRelPlFcst,SfcWndShfDis,Dewpoints,0.7308773366579354
ScnRelPlFcst,SfcWndShfDis,Dewpoints,0.7308773366579354
ScnRelPlFcst,SfcWndShfDis,Dewpoints,0.7308773366579354
ScnRelPlFcst,SynForcng,Dewpoints,0.9999798466795187
ScnRelPlFcst,SynForcng,Dewpoints,0.9999798466795187
ScnRelPlFcst,TempDis,Dewpoints,0.2487457508579926
ScnRelPlFcst,TempDis,Dewpoints,0.2487457508579926
ScnRelPlFcst,TempDis,Dewpoints,0.2487457508579926
ScnRelPlFcst,WindAloft,Scenario,1.0
ScnRelPlFcst,WindAloft,Scenario,1.0
ScnRelPlFcst,WindAloft,Scenario,1.0
ScnRelPlFcst,WindAloft,Scenario,1.0
ScnRelPlFcst,WindAloft,Scenario,1.0
ScnRelPlFcst,WindAloft,Scenario,1.0
ScnRelPlFcst,WindAloft,Scenario,1.0
ScnRelPlFcst,WindAloft,Scenario,1.0
ScnRelPlFcst,WindAloft,Scenario,1.0
ScnRelPlFcst,WindAloft,Scenario,1.0
ScnRelPlFcst,WindAloft,Scenario,1.0
ScnRelPlFcst,WindAloft,Scenario,1.0
ScnRelPlFcst,WindAloft,Scenario,1.0
ScnRelPlFcst,WindAloft,Scenario,1.0
ScnRelPlFcst,WindAloft,Scenario,1.0
ScnRelPlFcst,WindAloft,Scenario,1.0
ScnRelPlFcst,WindFieldMt,ScenRel3_4,0.6488101919429731
ScnRelPlFcst,WindFieldMt,ScenRel3_4,0.6488101919429731
ScnRelPlFcst,WindFieldMt,ScenRel3_4,0.6488101919429731
ScnRelPlFcst,WindFieldMt,ScenRel3_4,0.6488101919429731
ScnRelPlFcst,WindFieldMt,ScenRel3_4,0.6488101919429731
ScnRelPlFcst,WindFieldMt,ScenRel3_4,0.6488101919429731
ScnRelPlFcst,WindFieldMt,ScenRel3_4,0.6488101919429731
ScnRelPlFcst,WindFieldMt,ScenRel3_4,0.6488101919429731
ScnRelPlFcst,WindFieldMt,ScenRel3_4,0.6488101919429731
ScnRelPlFcst,WindFieldMt,ScenRel3_4,0.6488101919429731
ScnRelPlFcst,WindFieldMt,ScenRel3_4,0.6488101919429731
ScnRelPlFcst,WindFieldMt,ScenRel3_4,0.6488101919429731
ScnRelPlFcst,WindFieldPln,Dewpoints,0.49031463365005623
ScnRelPlFcst,WindFieldPln,Dewpoints,0.49031463365005623
ScnRelPlFcst,WindFieldPln,Dewpoints,0.49031463365005623
PlainsFcst,N34StarFcst,ScenRelAMIns,3.04750051489233e-116
PlainsFcst,N34StarFcst,ScenRelAMIns,3.04750051489233e-116
PlainsFcst,N34StarFcst,ScenRelAMIns,3.04750051489233e-116
PlainsFcst,N34StarFcst,ScenRelAMIns,3.04750051489233e-116
PlainsFcst,N34StarFcst,ScenRelAMIns,3.04750051489233e-116
PlainsFcst,N34StarFcst,ScenRelAMIns,3.04750051489233e-116
PlainsFcst,N34StarFcst,ScenRelAMIns,3.04750051489233e-116
PlainsFcst,N34StarFcst,ScenRelAMIns,3.04750051489233e-116
PlainsFcst,N34StarFcst,ScenRelAMIns,3.04750051489233e-116
PlainsFcst,N34StarFcst,ScenRelAMIns,3.04750051489233e-116
PlainsFcst,N34StarFcst,ScenRelAMIns,3.04750051489233e-116
PlainsFcst,N34StarFcst,ScenRelAMIns,3.04750051489233e-116
PlainsFcst,N34StarFcst,ScenRelAMIns,3.04750051489233e-116
PlainsFcst,N34StarFcst,ScenRelAMIns,3.04750051489233e-116
PlainsFcst,R5Fcst,N34StarFcst,0.07153958126836044
PlainsFcst,R5Fcst,N34StarFcst,0.07153958126836044
PlainsFcst,R5Fcst,N34StarFcst,0.07153958126836044
PlainsFcst,R5Fcst,N34StarFcst,0.07153958126836044
PlainsFcst,R5Fcst,N34StarFcst,0.07153958126836044
PlainsFcst,R5Fcst,N34StarFcst,0.07153958126836044
PlainsFcst,R5Fcst,N34StarFcst,0.07153958126836044
PlainsFcst,R5Fcst,N34StarFcst,0.07153958126836044
PlainsFcst,R5Fcst,N34StarFcst,0.07153958126836044
PlainsFcst,R5Fcst,N34StarFcst,0.07153958126836044
PlainsFcst,R5Fcst,N34StarFcst,0.07153958126836044
PlainsFcst,R5Fcst,N34StarFcst,0.07153958126836044
PlainsFcst,R5Fcst,N34StarFcst,0.07153958126836044
PlainsFcst,R5Fcst,N34StarFcst,0.07153958126836044
PlainsFcst,RHRatio,R5Fcst,0.39352780309306096
PlainsFcst,SfcWndShfDis,R5Fcst,0.8047439007124175
PlainsFcst,WindFieldPln,R5Fcst,0.1372942593295647
N34StarFcst,R5Fcst,PlainsFcst,2.4196500261529336e-06
N34StarFcst,R5Fcst,PlainsFcst,2.4196500261529336e-06
N34StarFcst,R5Fcst,PlainsFcst,2.4196500261529336e-06
N34StarFcst,R5Fcst,PlainsFcst,2.4196500261529336e-06
N34StarFcst,R5Fcst,PlainsFcst,2.4196500261529336e-06
N34StarFcst,R5Fcst,PlainsFcst,2.4196500261529336e-06
N34StarFcst,R5Fcst,PlainsFcst,2.4196500261529336e-06
N34StarFcst,R5Fcst,PlainsFcst,2.4196500261529336e-06
N34StarFcst,R5Fcst,PlainsFcst,2.4196500261529336e-06
N34StarFcst,WindFieldPln,R5Fcst,0.544349582455369
R5Fcst,SfcWndShfDis,MorningBound,0.14049288057949283
R5Fcst,WindFieldPln,MorningBound,0.06792105511941408
Dewpoints,MvmtFeatures,WindFieldPln,0.9878587907769706
Dewpoints,RHRatio,WindFieldPln,0.5125718821537534
Dewpoints,SfcWndShfDis,WindFieldPln,0.9992531546073895
Dewpoints,SynForcng,WindFieldPln,0.9982298125041078
Dewpoints,TempDis,WindFieldPln,0.09976156616764392
Dewpoints,WindAloft,WindFieldPln,0.7378922137932925
Dewpoints,WindFieldPln,SynForcng,0.4928723570728097
LowLLapse,MeanRH,IRCloudCover,0.18912803632937183
LowLLapse,SfcWndShfDis,WindFieldPln,0.48998441174673113
LowLLapse,SfcWndShfDis,WindFieldPln,0.48998441174673113
LowLLapse,SfcWndShfDis,WindFieldPln,0.48998441174673113
LowLLapse,WindFieldPln,IRCloudCover,0.19968123993557255
MeanRH,SfcWndShfDis,AreaMeso_ALS,0.4068546398014744
MeanRH,TempDis,AreaMeso_ALS,0.14343140169456697
MeanRH,WindFieldPln,AreaMeso_ALS,0.09182583702665705
MvmtFeatures,SfcWndShfDis,WindFieldPln,0.9744348181727657
MvmtFeatures,SfcWndShfDis,WindFieldPln,0.9744348181727657
MvmtFeatures,SynForcng,WindFieldPln,0.08328696156239647
MvmtFeatures,SynForcng,WindFieldPln,0.08328696156239647
MvmtFeatures,WindAloft,ScnRelPlFcst,0.9833359609899922
MvmtFeatures,WindAloft,ScnRelPlFcst,0.9833359609899922
MvmtFeatures,WindAloft,ScnRelPlFcst,0.9833359609899922
MvmtFeatures,WindAloft,ScnRelPlFcst,0.9833359609899922
MvmtFeatures,WindAloft,ScnRelPlFcst,0.9833359609899922
MvmtFeatures,WindFieldMt,ScnRelPlFcst,0.49359427582850446
MvmtFeatures,WindFieldMt,ScnRelPlFcst,0.49359427582850446
MvmtFeatures,WindFieldMt,ScnRelPlFcst,0.49359427582850446
MvmtFeatures,WindFieldMt,ScnRelPlFcst,0.49359427582850446
MvmtFeatures,WindFieldMt,ScnRelPlFcst,0.49359427582850446
MvmtFeatures,WindFieldPln,ScenRel3_4,0.34407288352529225
MvmtFeatures,WindFieldPln,ScenRel3_4,0.34407288352529225
MvmtFeatures,WindFieldPln,ScenRel3_4,0.34407288352529225
MvmtFeatures,WindFieldPln,ScenRel3_4,0.34407288352529225
RHRatio,SfcWndShfDis,WindFieldPln,0.5666427844371467
RHRatio,SynForcng,WindFieldPln,0.4209155675627396
RHRatio,WindAloft,WindFieldPln,0.462772080319654
RHRatio,WindFieldPln,ScenRel3_4,0.3027409409914575
RHRatio,WindFieldPln,ScenRel3_4,0.3027409409914575
RHRatio,WindFieldPln,ScenRel3_4,0.3027409409914575
RHRatio,WindFieldPln,ScenRel3_4,0.3027409409914575
SfcWndShfDis,SynForcng,Dewpoints,0.9983475959553382
SfcWndShfDis,TempDis,Dewpoints,0.0762303889730647
SfcWndShfDis,TempDis,Dewpoints,0.0762303889730647
SfcWndShfDis,WindAloft,SynForcng,0.40821074729799234
SfcWndShfDis,WindFieldPln,Dewpoints,0.5325921370493223
SfcWndShfDis,WindFieldPln,Dewpoints,0.5325921370493223
SynForcng,WindAloft,ScenRel3_4,0.1258483189651608
SynForcng,WindAloft,ScenRel3_4,0.1258483189651608
SynForcng,WindAloft,ScenRel3_4,0.1258483189651608
SynForcng,WindFieldMt,WindFieldPln,0.602193779733259
SynForcng,WindFieldPln,WindAloft,0.08002343505983325
SynForcng,WindFieldPln,WindAloft,0.08002343505983325
TempDis,WindAloft,WindFieldPln,0.3802629490063599
TempDis,WindAloft,WindFieldPln,0.3802629490063599
TempDis,WindFieldPln,ScenRel3_4,0.9141994252328763
TempDis,WindFieldPln,ScenRel3_4,0.9141994252328763
TempDis,WindFieldPln,ScenRel3_4,0.9141994252328763
TempDis,WindFieldPln,ScenRel3_4,0.9141994252328763
TempDis,WindFieldPln,ScenRel3_4,0.9141994252328763
WindAloft,WindFieldMt,ScnRelPlFcst,0.7740196407241914
WindAloft,WindFieldMt,ScnRelPlFcst,0.7740196407241914
WindAloft,WindFieldMt,ScnRelPlFcst,0.7740196407241914
WindAloft,WindFieldMt,ScnRelPlFcst,0.7740196407241914
WindAloft,WindFieldMt,ScnRelPlFcst,0.7740196407241914
WindAloft,WindFieldPln,ScnRelPlFcst,0.9999997027677768
WindAloft,WindFieldPln,ScnRelPlFcst,0.9999997027677768
WindAloft,WindFieldPln,ScnRelPlFcst,0.9999997027677768
WindAloft,WindFieldPln,ScnRelPlFcst,0.9999997027677768
WindAloft,WindFieldPln,ScnRelPlFcst,0.9999997027677768
WindFieldMt,WindFieldPln,ScenRel3_4,0.9690437073754042
WindFieldMt,WindFieldPln,ScenRel3_4,0.9690437073754042
WindFieldMt,WindFieldPln,ScenRel3_4,0.9690437073754042
CombClouds,CldShadeOth,"IRCloudCover,VISCloudCov",1.5401851710883683e-18
InsInMt,OutflowFrMt,"CldShadeConv,MountainFcst",0.18505364414457534
InsInMt,CldShadeConv,"AMInstabMt,MountainFcst",4.922150637951167e-06
InsInMt,CldShadeConv,"AMInstabMt,MountainFcst",4.922150637951167e-06
InsInMt,CldShadeConv,"AMInstabMt,MountainFcst",4.922150637951167e-06
InsInMt,MountainFcst,"AMInstabMt,OutflowFrMt",0.0008339805211349619
InsInMt,MountainFcst,"AMInstabMt,OutflowFrMt",0.0008339805211349619
InsInMt,MountainFcst,"AMInstabMt,OutflowFrMt",0.0008339805211349619
OutflowFrMt,Boundaries,"InsInMt,WndHodograph",9.935250552201327e-07
Scenario,ScenRelAMCIN,"ScenRel3_4,ScenRelAMIns",0.9999994500458502
Scenario,ScenRelAMIns,"ScenRel3_4,ScnRelPlFcst",1.0
Scenario,ScenRelAMIns,"ScenRel3_4,ScnRelPlFcst",1.0
Scenario,ScenRel3_4,"ScenRelAMCIN,ScnRelPlFcst",1.0
Scenario,ScenRel3_4,"ScenRelAMCIN,ScnRelPlFcst",1.0
Scenario,ScnRelPlFcst,"ScenRel3_4,ScenRelAMCIN",0.7386733906435127
ScenRelAMCIN,ScenRelAMIns,"Scenario,ScnRelPlFcst",1.0
ScenRelAMCIN,ScenRel3_4,"ScenRelAMIns,Scenario",0.9999999999999998
ScenRelAMCIN,ScnRelPlFcst,"ScenRelAMIns,Scenario",1.0
ScenRelAMIns,ScenRel3_4,"ScenRelAMCIN,Scenario",0.9783350360730322
ScenRelAMIns,ScnRelPlFcst,"ScenRelAMCIN,Scenario",1.0
AMInsWliScen,InsSclInScen,"AMDewptCalPl,LIfr12ZDENSd",4.947492347714876e-24
ScenRel3_4,ScnRelPlFcst,"ScenRelAMCIN,Scenario",1.0
