N0_7muVerMo,SubjVertMo,QGVertMotion,CombVerMo,AreaMeso_ALS,SatContMoist,RaoContMoist,CombMoisture,AreaMoDryAir,VISCloudCov,IRCloudCover,CombClouds,CldShadeOth,AMInstabMt,InsInMt,WndHodograph,OutflowFrMt,MorningBound,Boundaries,CldShadeConv,CompPlFcst,CapChange,LoLevMoistAd,InsChange,MountainFcst,Date,Scenario,ScenRelAMCIN,MorningCIN,AMCINInScen,CapInScen,ScenRelAMIns,LIfr12ZDENSd,AMDewptCalPl,AMInsWliScen,InsSclInScen,ScenRel3_4,LatestCIN,LLIW,CurPropConv,ScnRelPlFcst,PlainsFcst,N34StarFcst,R5Fcst,Dewpoints,LowLLapse,MeanRH,MidLLapse,MvmtFeatures,RHRatio,SfcWndShfDis,SynForcng,TempDis,WindAloft,WindFieldMt,WindFieldPln
,,WeakUp,Down,Down,,Wet,Wet,Wet,PC,Cloudy,Cloudy,Cloudy,,,StrongWest,,,,,IncCapDecIns,Increasing,Neutral,,XNIL,,H,CThruK,PartInhibit,LessThanAve,MoreThanAve,H,N5GtLIGt_8,Instability,,MoreUnstable,HI,,,Moderate,H,SVR,SIG,SIG,LowMtsHighPl,,VeryMoist,ModerateOrLe,MarkedUpper,DryMMoistL,,SigNegative,,NWQuad,,SEQuad
WeakUp,Neutral,WeakUp,WeakUp,WeakUp,Dry,VeryWet,Neutral,Wet,,,Clear,PC,Weak,,DCVZFavor,,Weak,Weak,,IncCapDecIns,Increasing,Neutral,LittleChange,XNIL,Jul2_Jul15,B,,,LessThanAve,MoreThanAve,,N5GtLIGt_8,Neutral,Average,Average,B,,Moderate,Slight,B,XNIL,XNIL,XNIL,LowAtStation,ModerateOrLe,,Steep,OtherRapid,MoistMDryL,,LittleChange,Other,,LVorOther,
StrongUp,,WeakUp,StrongUp,,VeryWet,VeryWet,VeryWet,VeryWet,,,Clear,Clear,,,,,,Strong,,,Decreasing,Neutral,Decreasing,SVR,Jul16_Aug10,D,CThruK,PartInhibit,Average,LessThanAve,CDEJ,N5GtLIGt_8,Instability,MoreUnstable,Average,D,,Weak,,D,SIG,SIG,SVR,LowAtStation,Steep,Average,Steep,MarkedUpper,Other,,SigNegative,,,LVorOther,SEQuad
StrongUp,Down,StrongUp,StrongUp,StrongUp,Dry,Neutral,VeryWet,VeryWet,PC,PC,,Cloudy,Weak,Weak,,Weak,,,,IncCapDecIns,Increasing,Neutral,Increasing,XNIL,,I,CThruK,PartInhibit,Average,MoreThanAve,ABI,N1GtLIGt_4,,,MoreUnstable,,,Moderate,Moderate,,SVR,SVR,,LowSHighN,,Dry,CloseToDryAd,,,E_W_S,PosToNeg,,LV,Westerly,LV
Down,Down,Neutral,,Neutral,Neutral,,,,Clear,,Clear,Clear,Weak,Strong,Other,,,Weak,Some,IncCapDecIns,Increasing,WeakPos,Increasing,SIG,Jul16_Aug10,,CThruK,PartInhibit,LessThanAve,Average,,N1GtLIGt_4,Neutral,Average,,ACEFK,,Moderate,Strong,C,SIG,SIG,,LowMtsHighPl,,Average,Steep,OtherRapid,,E_W_N,LittleChange,Other,NWQuad,Westerly,
Down,Neutral,,Down,,Wet,VeryWet,VeryWet,VeryWet,PC,Clear,PC,,Strong,Strong,Westerly,,,Weak,Some,LittleChange,LittleChange,Neutral,,SIG,Jul2_Jul15,C,,TotalInhibit,MoreThanAve,MoreThanAve,,N5GtLIGt_8,Neutral,,,,,Moderate,Moderate,,SVR,SVR,SVR,LowEvrywhere,Steep,VeryMoist,,MarkedUpper,,E_W_N,SigPositive,,,Westerly,LongAnticyc
WeakUp,Neutral,Down,Neutral,Neutral,Dry,,Dry,,,,PC,PC,,,,,Strong,,,LittleChange,,WeakPos,Decreasing,XNIL,Aug20_Sep15,J,CThruK,,Average,,,,,Average,LessUnstable,GJ,Stifling,Weak,,,,XNIL,XNIL,LowNHighS,ModerateOrLe,Dry,CloseToDryAd,NoMajor,MoistMDryL,DryLine,LittleChange,,LV,,LongAnticyc
StrongUp,WeakUp,,Neutral,Neutral,,Neutral,,Neutral,PC,PC,PC,PC,Strong,Strong,Westerly,,Weak,Weak,,IncCapDecIns,Increasing,StrongPos,Increasing,,,C,,PartInhibit,Average,MoreThanAve,,,,,Average,ACEFK,PartInhibit,Weak,Slight,C,SIG,,SVR,LowEvrywhere,Steep,Dry,ModerateOrLe,MarkedUpper,,E_W_N,NegToPos,,AllElse,Westerly,
WeakUp,,,,,Wet,Neutral,VeryWet,Neutral,,Clear,Clear,Clear,Strong,Strong,StrongWest,Strong,,,Some,,Decreasing,Negative,,,Jun15_Jul1,,,,MoreThanAve,LessThanAve,CDEJ,,,,Average,ACEFK,,Moderate,Strong,E,,SVR,SVR,,CloseToDryAd,Average,Steep,OtherRapid,MoistMDryL,MovingFtorOt,,,SWQuad,Westerly,LV
Down,Neutral,,,,,Dry,Wet,,,Clear,,Clear,Strong,Strong,Other,,,,Some,DecCapIncIns,Decreasing,StrongPos,Increasing,,Aug20_Sep15,,CThruK,PartInhibit,Average,LessThanAve,CDEJ,N5GtLIGt_8,,LessUnstable,,D,PartInhibit,,Moderate,D,XNIL,,SIG,Other,ModerateOrLe,Average,,,Other,,,QStationary,,Westerly,
Neutral,,,Neutral,,Dry,VeryWet,Neutral,Neutral,PC,Cloudy,Cloudy,Cloudy,Weak,Weak,,,Weak,Weak,,IncCapDecIns,Increasing,StrongPos,Increasing,XNIL,May15_Jun14,,CThruK,,Average,MoreThanAve,,N1GtLIGt_4,Instability,MoreUnstable,,,,,,I,,SIG,SIG,LowMtsHighPl,ModerateOrLe,,Steep,NoMajor,DryMMoistL,Other,LittleChange,,AllElse,,
Neutral,Down,Neutral,Down,Down,,,Neutral,Dry,Clear,Clear,Clear,Clear,,,Westerly,,Weak,,,,,Negative,,XNIL,May15_Jun14,,AB,,,,,,,LessUnstable,LessUnstable,B,Stifling,,,,SIG,,SIG,LowMtsHighPl,Steep,Average,,NoMajor,DryMMoistL,,,QStationary,SWQuad,LVorOther,DenvCyclone
Neutral,Neutral,,WeakUp,WeakUp,Dry,,Wet,Neutral,Clear,PC,,,Strong,,StrongWest,Strong,Weak,,Some,LittleChange,LittleChange,StrongPos,,,Jul16_Aug10,B,AB,,,,ABI,N1GtLIGt_4,Neutral,LessUnstable,,,,,,B,,XNIL,SVR,LowEvrywhere,Stable,,,MarkedUpper,DryMMoistL,,PosToNeg,Other,LV,Westerly,DenvCyclone
StrongUp,,,WeakUp,WeakUp,Wet,,Wet,VeryWet,PC,,PC,PC,,Strong,,Strong,Strong,,Marked,LittleChange,LittleChange,StrongPos,,SVR,May15_Jun14,,,PartInhibit,,,K,LIGt0,Neutral,LessUnstable,,,PartInhibit,,Moderate,K,XNIL,XNIL,SVR,LowSHighN,ModerateOrLe,Dry,ModerateOrLe,StrongFront,,MovingFtorOt,SigNegative,Moving,NWQuad,Westerly,WidespdDnsl
WeakUp,Neutral,,,,VeryWet,Neutral,,VeryWet,Clear,Clear,Clear,Clear,,Weak,Westerly,Weak,,Weak,,,Decreasing,Negative,Decreasing,SIG,Aug20_Sep15,D,CThruK,PartInhibit,Average,LessThanAve,CDEJ,,Stability,Average,LessUnstable,D,,Weak,Moderate,D,SIG,,SIG,HighEvrywher,CloseToDryAd,Average,Steep,StrongFront,Other,DenvCyclone,NegToPos,Other,AllElse,LVorOther,DenvCyclone
Neutral,Down,Neutral,Neutral,Neutral,Neutral,Neutral,,Wet,PC,PC,PC,PC,,Strong,Other,,,,,,Decreasing,WeakPos,LittleChange,SIG,,H,CThruK,PartInhibit,,,,N1GtLIGt_4,,,,HI,Stifling,,Slight,H,XNIL,XNIL,SIG,,ModerateOrLe,VeryMoist,Steep,,DryMMoistL,Other,SigNegative,,LV,LVorOther,
WeakUp,,,Neutral,Neutral,Neutral,Neutral,,Neutral,Cloudy,PC,PC,PC,,,Other,,Weak,,,LittleChange,,WeakPos,Increasing,,May15_Jun14,K,CThruK,,LessThanAve,,K,N1GtLIGt_4,Instability,MoreUnstable,MoreUnstable,,,Strong,Strong,,,SIG,,Other,Steep,,ModerateOrLe,,Other,MovingFtorOt,,Moving,,Westerly,
Down,WeakUp,Neutral,,,Dry,Dry,VeryWet,VeryWet,PC,PC,Clear,Clear,,,StrongWest,Strong,Weak,,,DecCapIncIns,Decreasing,WeakPos,,XNIL,,A,AB,PartInhibit,,LessThanAve,ABI,LIGt0,Stability,LessUnstable,,ACEFK,,Unfavorable,,A,SVR,SVR,SVR,HighEvrywher,Stable,Average,ModerateOrLe,StrongFront,,DenvCyclone,SigNegative,,SWQuad,LVorOther,DenvCyclone
,Neutral,Down,Neutral,Neutral,Wet,,,Dry,,Cloudy,PC,PC,Strong,Strong,StrongWest,Strong,,Strong,Marked,,Decreasing,,Decreasing,SVR,,K,CThruK,Stifling,MoreThanAve,MoreThanAve,K,,Stability,MoreUnstable,,ACEFK,PartInhibit,Weak,Slight,K,SVR,SVR,SVR,,ModerateOrLe,,,MarkedUpper,DryMMoistL,,SigPositive,Other,,,WidespdDnsl
StrongUp,Neutral,Neutral,,WeakUp,Neutral,Neutral,,Wet,,Clear,Cloudy,PC,Strong,,StrongWest,,Strong,Strong,,IncCapDecIns,Increasing,,Increasing,XNIL,Aug20_Sep15,C,CThruK,Stifling,MoreThanAve,MoreThanAve,CDEJ,N5GtLIGt_8,Instability,,MoreUnstable,ACEFK,,,,C,XNIL,XNIL,XNIL,LowAtStation,,Dry,,MarkedUpper,MoistMDryL,,LittleChange,,SWQuad,,LongAnticyc
,,,WeakUp,WeakUp,Neutral,,Neutral,,Clear,PC,Clear,Clear,,,StrongWest,,,,,LittleChange,LittleChange,WeakPos,LittleChange,XNIL,,B,AB,,LessThanAve,LessThanAve,ABI,LILt_8,,,MoreUnstable,,,Moderate,,B,,SVR,SVR,HighEvrywher,Steep,VeryMoist,Steep,NoMajor,DryMMoistL,DenvCyclone,,,,LVorOther,DenvCyclone
WeakUp,WeakUp,Neutral,WeakUp,WeakUp,Neutral,,Neutral,Neutral,PC,,Clear,Clear,,Weak,,Weak,Weak,Strong,Some,DecCapIncIns,Decreasing,Neutral,,XNIL,Jul2_Jul15,E,CThruK,TotalInhibit,Average,,,N1GtLIGt_4,,,,ACEFK,PartInhibit,,Moderate,E,,XNIL,XNIL,HighEvrywher,CloseToDryAd,Average,,NoMajor,MoistMDryL,,NegToPos,,SWQuad,,LV
,Neutral,Down,,Down,VeryWet,,,,,Cloudy,PC,PC,Strong,Strong,Westerly,,,Strong,Marked,IncCapDecIns,,,Increasing,SVR,Aug20_Sep15,,CThruK,,,MoreThanAve,CDEJ,N1GtLIGt_4,,LessUnstable,,,,Moderate,,C,,SIG,,LowEvrywhere,Steep,Average,,OtherRapid,,,NegToPos,,NWQuad,LVorOther,WidespdDnsl
,Neutral,WeakUp,Neutral,Neutral,Dry,Wet,Neutral,,,PC,Clear,Clear,Strong,Strong,,Weak,Weak,Weak,Marked,,Increasing,Neutral,LittleChange,,May15_Jun14,,CThruK,,,MoreThanAve,K,N1GtLIGt_4,Instability,,MoreUnstable,ACEFK,,,Strong,K,XNIL,,XNIL,LowAtStation,Steep,,ModerateOrLe,StrongFront,Other,MovingFtorOt,,,NWQuad,,SEQuad
,Neutral,Neutral,Neutral,Neutral,Dry,Neutral,,,PC,Clear,PC,,,,Westerly,,,,,IncCapDecIns,Increasing,Negative,Decreasing,XNIL,,B,,Stifling,Average,MoreThanAve,ABI,N1GtLIGt_4,Stability,LessUnstable,,,,,,,XNIL,,,LowNHighS,,Dry,CloseToDryAd,OtherRapid,,,LittleChange,,NWQuad,LVorOther,
StrongUp,Neutral,StrongUp,,StrongUp,Wet,VeryWet,VeryWet,VeryWet,PC,Clear,PC,,,,DCVZFavor,,,,Some,DecCapIncIns,Decreasing,Negative,Decreasing,XNIL,May15_Jun14,A,,,Average,Average,ABI,LILt_8,,Average,LessUnstable,ACEFK,Stifling,,Moderate,,XNIL,XNIL,XNIL,LowMtsHighPl,,Dry,Steep,,,DenvCyclone,PosToNeg,Other,,Westerly,DenvCyclone
WeakUp,Down,WeakUp,,Neutral,Wet,Neutral,,,Clear,Clear,,Clear,,Weak,Westerly,Weak,,Weak,,DecCapIncIns,Decreasing,Negative,,,Aug20_Sep15,B,AB,,LessThanAve,LessThanAve,ABI,N5GtLIGt_8,Stability,Average,LessUnstable,B,PartInhibit,Moderate,Moderate,B,,XNIL,XNIL,LowMtsHighPl,Stable,,CloseToDryAd,NoMajor,DryMMoistL,,LittleChange,,SWQuad,LVorOther,LV
WeakUp,,Neutral,,,Wet,,Dry,Dry,,Clear,Clear,Clear,,,Other,,Weak,,,,LittleChange,Neutral,,XNIL,Jul2_Jul15,,,,,Average,,LIGt0,Instability,LessUnstable,LessUnstable,ACEFK,PartInhibit,Unfavorable,,C,XNIL,XNIL,XNIL,,CloseToDryAd,Average,Steep,MarkedUpper,MoistMDryL,,,Other,,Westerly,LongAnticyc
,Neutral,StrongUp,Neutral,Neutral,Dry,Dry,Dry,,,Clear,,Clear,,,DCVZFavor,,Strong,Strong,,LittleChange,LittleChange,,Increasing,,,,CThruK,,,LessThanAve,CDEJ,N5GtLIGt_8,Neutral,MoreUnstable,MoreUnstable,ACEFK,,Moderate,Slight,E,SIG,,,LowMtsHighPl,ModerateOrLe,Dry,ModerateOrLe,,Other,,,,LV,Westerly,WidespdDnsl
Neutral,StronUp,Down,Down,Down,Dry,Dry,,Dry,,PC,Clear,,,,Other,,,,,IncCapDecIns,Increasing,Negative,Decreasing,XNIL,May15_Jun14,I,CThruK,PartInhibit,MoreThanAve,MoreThanAve,ABI,N1GtLIGt_4,,,Average,HI,PartInhibit,Moderate,Slight,I,SVR,SVR,SVR,LowSHighN,ModerateOrLe,Average,CloseToDryAd,MarkedUpper,DryMMoistL,,LittleChange,QStationary,NWQuad,,
Down,Down,Neutral,Down,Down,Dry,,VeryWet,,Clear,Cloudy,,Cloudy,Strong,,Westerly,Strong,Strong,Weak,,,Increasing,,Increasing,SIG,Jun15_Jul1,I,CThruK,PartInhibit,Average,Average,,N5GtLIGt_8,Instability,MoreUnstable,MoreUnstable,HI,PartInhibit,,Moderate,,SVR,,SIG,LowSHighN,,Average,,OtherRapid,,E_W_S,SigNegative,,,Westerly,LV
Down,StronUp,StrongUp,,,Neutral,,Neutral,,Clear,,Clear,PC,Strong,Strong,DCVZFavor,Strong,,Weak,Marked,LittleChange,LittleChange,,Increasing,,Aug20_Sep15,,AB,,LessThanAve,,ABI,N1GtLIGt_4,Stability,Average,MoreUnstable,B,,Unfavorable,,B,XNIL,XNIL,SVR,HighEvrywher,Steep,Average,Steep,NoMajor,DryMMoistL,DenvCyclone,,QStationary,NWQuad,Westerly,DenvCyclone
Down,Down,StrongUp,Down,Down,Wet,Neutral,Wet,Dry,,,Cloudy,Clear,,Weak,StrongWest,,Weak,Strong,Some,IncCapDecIns,Increasing,Neutral,Increasing,,Aug20_Sep15,I,CThruK,,Average,MoreThanAve,,N5GtLIGt_8,,,MoreUnstable,HI,,Moderate,Strong,I,SVR,SVR,SVR,LowMtsHighPl,Steep,Average,CloseToDryAd,OtherRapid,DryMMoistL,,PosToNeg,QStationary,SWQuad,Westerly,E_NE
Down,WeakUp,Neutral,WeakUp,WeakUp,Wet,Wet,VeryWet,,,Cloudy,Cloudy,Cloudy,,,Westerly,,Weak,,,LittleChange,LittleChange,,Increasing,XNIL,,A,AB,,LessThanAve,LessThanAve,ABI,N1GtLIGt_4,Instability,LessUnstable,LessUnstable,ACEFK,PartInhibit,,,A,XNIL,XNIL,XNIL,HighEvrywher,ModerateOrLe,Dry,Steep,MarkedUpper,,,,Other,,,DenvCyclone
Neutral,WeakUp,WeakUp,WeakUp,WeakUp,,Neutral,,Wet,PC,,PC,PC,,Weak,,,Strong,Weak,,DecCapIncIns,,,,SIG,,K,CThruK,Stifling,Average,LessThanAve,K,N1GtLIGt_4,Instability,MoreUnstable,MoreUnstable,ACEFK,,Moderate,,,,SVR,SVR,Other,ModerateOrLe,Average,ModerateOrLe,StrongFront,Other,,PosToNeg,,NWQuad,Westerly,
Down,Neutral,Neutral,Neutral,Neutral,Neutral,Neutral,Dry,,Clear,PC,PC,PC,,,,Weak,,,,LittleChange,LittleChange,Neutral,LittleChange,SIG,Jul16_Aug10,J,,PartInhibit,MoreThanAve,,CDEJ,,,MoreUnstable,,GJ,Stifling,Weak,,J,SVR,SVR,SVR,LowAtStation,CloseToDryAd,Dry,CloseToDryAd,NoMajor,,DryLine,,,LV,LVorOther,
WeakUp,,Neutral,WeakUp,WeakUp,Dry,Dry,,,Clear,PC,Clear,,Strong,,,,Strong,Strong,,DecCapIncIns,Decreasing,,Decreasing,SIG,,D,CThruK,Stifling,,LessThanAve,,N1GtLIGt_4,Neutral,Average,,D,PartInhibit,Moderate,Moderate,,XNIL,XNIL,SIG,LowAtStation,Stable,Dry,,OtherRapid,Other,DryLine,SigNegative,Other,LV,LVorOther,
WeakUp,StronUp,,WeakUp,WeakUp,,VeryWet,Dry,,PC,PC,PC,PC,Weak,Weak,,,Weak,Weak,,DecCapIncIns,Decreasing,WeakPos,,XNIL,,,AB,,Average,LessThanAve,ABI,N5GtLIGt_8,,Average,,ACEFK,,Strong,Strong,A,SIG,,,HighEvrywher,ModerateOrLe,Average,Steep,MarkedUpper,DryMMoistL,DenvCyclone,,Other,SWQuad,Westerly,DenvCyclone
Down,Neutral,Neutral,Neutral,,Wet,,,Wet,PC,Cloudy,,Clear,,Strong,StrongWest,Strong,,Strong,Marked,LittleChange,LittleChange,Neutral,,SVR,Jun15_Jul1,B,AB,PartInhibit,,LessThanAve,,N5GtLIGt_8,Neutral,Average,MoreUnstable,B,PartInhibit,,Strong,B,SIG,SIG,SVR,LowSHighN,Stable,Average,Steep,NoMajor,,DryLine,LittleChange,,,Westerly,
WeakUp,StronUp,Down,Down,Down,Wet,Neutral,Neutral,,Cloudy,PC,Clear,Clear,Strong,,Other,Weak,,,Some,,Increasing,Neutral,Increasing,SVR,,C,CThruK,PartInhibit,LessThanAve,MoreThanAve,,N5GtLIGt_8,Stability,,,ACEFK,,Weak,Strong,C,SIG,SIG,SVR,,,,Steep,MarkedUpper,,E_W_N,,Other,,Westerly,LongAnticyc
Neutral,Neutral,,Neutral,Neutral,Wet,Wet,Wet,Wet,,,,Clear,,Strong,Westerly,Weak,,,Some,DecCapIncIns,Decreasing,Neutral,LittleChange,,May15_Jun14,J,CThruK,,LessThanAve,LessThanAve,CDEJ,,Instability,MoreUnstable,MoreUnstable,,,Unfavorable,,J,XNIL,XNIL,,LowMtsHighPl,Steep,Average,CloseToDryAd,NoMajor,MoistMDryL,Other,LittleChange,Other,,,LV
Down,Neutral,Down,,Neutral,Neutral,Dry,Dry,Dry,PC,Cloudy,,Clear,Strong,Strong,,Strong,Weak,Strong,,IncCapDecIns,Increasing,Negative,,,May15_Jun14,D,CThruK,PartInhibit,LessThanAve,Average,CDEJ,N1GtLIGt_4,Instability,Average,Average,D,,Moderate,Slight,D,,SIG,,,CloseToDryAd,Dry,CloseToDryAd,OtherRapid,,DryLine,LittleChange,Moving,,Westerly,LV
Neutral,Neutral,,WeakUp,WeakUp,Dry,VeryWet,,Dry,Clear,Cloudy,PC,,,,DCVZFavor,Weak,,Weak,,,Increasing,,Decreasing,,,D,CThruK,Stifling,MoreThanAve,MoreThanAve,CDEJ,N5GtLIGt_8,Stability,,LessUnstable,,,Moderate,,,,,SIG,,CloseToDryAd,VeryMoist,CloseToDryAd,MarkedUpper,MoistMDryL,DryLine,SigPositive,Other,SWQuad,LVorOther,
Down,Down,Neutral,,Neutral,Wet,Wet,Neutral,Neutral,PC,PC,PC,,Strong,Strong,DCVZFavor,Strong,,Strong,,LittleChange,LittleChange,,Decreasing,,,A,,PartInhibit,,Average,ABI,N1GtLIGt_4,Stability,,,ACEFK,,Strong,Moderate,A,XNIL,SVR,SVR,,,Average,Steep,StrongFront,Other,DenvCyclone,,Other,SWQuad,LVorOther,
Down,WeakUp,Neutral,Neutral,Neutral,Neutral,Neutral,Neutral,Neutral,,Clear,PC,PC,Strong,Strong,Westerly,Weak,Strong,Strong,Some,IncCapDecIns,Increasing,Neutral,LittleChange,,,E,CThruK,,LessThanAve,Average,CDEJ,,Neutral,Average,Average,ACEFK,,,,E,,XNIL,SIG,LowAtStation,,Dry,ModerateOrLe,NoMajor,MoistMDryL,,LittleChange,,SWQuad,,LV
WeakUp,Down,Neutral,Down,,Neutral,Dry,Wet,,,,Clear,,Weak,Strong,DCVZFavor,Weak,,,Some,LittleChange,LittleChange,,LittleChange,XNIL,,C,CThruK,,Average,,CDEJ,LIGt0,Stability,LessUnstable,Average,ACEFK,Stifling,Strong,,C,XNIL,XNIL,XNIL,,Steep,,Steep,NoMajor,Other,E_W_N,SigPositive,,NWQuad,Westerly,
Down,Neutral,Neutral,Down,,Dry,Dry,Dry,,PC,PC,Cloudy,Cloudy,Weak,Weak,StrongWest,Strong,,,Marked,IncCapDecIns,Increasing,WeakPos,Increasing,SIG,Jul16_Aug10,,CThruK,PartInhibit,LessThanAve,Average,,N1GtLIGt_4,Instability,MoreUnstable,,,PartInhibit,,,E,XNIL,XNIL,SIG,Other,,Dry,,OtherRapid,MoistMDryL,E_W_N,SigNegative,,AllElse,LVorOther,LongAnticyc
WeakUp,Neutral,,WeakUp,WeakUp,Neutral,,Wet,,PC,Clear,PC,PC,,,Other,,Weak,Weak,,LittleChange,LittleChange,,Decreasing,,Aug20_Sep15,J,CThruK,PartInhibit,,LessThanAve,CDEJ,N1GtLIGt_4,Neutral,,Average,GJ,,Weak,Strong,J,SVR,SVR,SVR,,Steep,Average,Steep,NoMajor,Other,DryLine,LittleChange,,LV,LVorOther,
StrongUp,,WeakUp,,StrongUp,VeryWet,,VeryWet,VeryWet,PC,PC,,,Strong,,,Strong,,Strong,Marked,IncCapDecIns,Increasing,,LittleChange,XNIL,,G,CThruK,PartInhibit,Average,MoreThanAve,,,Neutral,MoreUnstable,,GJ,,Moderate,Moderate,G,SIG,SIG,,,CloseToDryAd,Dry,CloseToDryAd,,Other,,PosToNeg,,AllElse,Westerly,LongAnticyc
WeakUp,Neutral,Neutral,Neutral,Neutral,Wet,Wet,Wet,,,Clear,,PC,Weak,Weak,StrongWest,,,Weak,Some,,,Negative,Decreasing,SIG,May15_Jun14,K,CThruK,PartInhibit,,,,N1GtLIGt_4,Instability,Average,LessUnstable,ACEFK,,,Slight,K,XNIL,SIG,SIG,LowEvrywhere,ModerateOrLe,Dry,ModerateOrLe,StrongFront,MoistMDryL,E_W_N,SigPositive,QStationary,,Westerly,WidespdDnsl
Down,Down,,Neutral,Neutral,,,Dry,Dry,Clear,,PC,Clear,Strong,Strong,Other,Weak,,,Some,LittleChange,,Neutral,LittleChange,SVR,,,CThruK,TotalInhibit,MoreThanAve,,,N5GtLIGt_8,Instability,MoreUnstable,,D,,Moderate,Strong,D,,XNIL,SVR,LowSHighN,CloseToDryAd,Dry,,OtherRapid,DryMMoistL,,SigNegative,Other,,Westerly,SEQuad
,Neutral,,,WeakUp,Dry,,,Wet,,Clear,,Clear,,Strong,StrongWest,Strong,,Strong,Some,LittleChange,LittleChange,,LittleChange,SIG,Aug20_Sep15,G,CThruK,,LessThanAve,,G,N1GtLIGt_4,,Average,Average,GJ,Stifling,,Slight,G,SIG,,,LowSHighN,CloseToDryAd,Average,CloseToDryAd,,MoistMDryL,,SigNegative,,NWQuad,Westerly,LongAnticyc
WeakUp,StronUp,StrongUp,StrongUp,,Wet,Dry,,VeryWet,PC,,Clear,PC,Strong,,StrongWest,Strong,Weak,Weak,Marked,LittleChange,LittleChange,Negative,LittleChange,SVR,Jul16_Aug10,H,,PartInhibit,Average,,H,N5GtLIGt_8,Stability,LessUnstable,,HI,PartInhibit,Unfavorable,,H,XNIL,XNIL,,HighEvrywher,Stable,VeryMoist,ModerateOrLe,MarkedUpper,Other,,SigNegative,Moving,LV,Westerly,E_NE
StrongUp,,Neutral,WeakUp,WeakUp,Neutral,Neutral,,Wet,,Clear,Cloudy,Cloudy,Strong,Strong,Westerly,Weak,Strong,,Marked,,Increasing,StrongPos,,,May15_Jun14,K,CThruK,Stifling,MoreThanAve,MoreThanAve,,N1GtLIGt_4,Instability,,,ACEFK,PartInhibit,Weak,,K,SIG,SIG,,Other,ModerateOrLe,Dry,Steep,StrongFront,Other,MovingFtorOt,,,,LVorOther,LongAnticyc
Down,Neutral,Neutral,,Neutral,Neutral,Dry,,Dry,PC,Clear,,Clear,,Weak,,,Strong,Weak,,LittleChange,LittleChange,Neutral,,XNIL,,,,PartInhibit,,Average,CDEJ,N5GtLIGt_8,Stability,Average,,,,Weak,Strong,E,XNIL,XNIL,XNIL,,,Average,ModerateOrLe,MarkedUpper,,,LittleChange,,,LVorOther,
StrongUp,StronUp,Down,WeakUp,WeakUp,Dry,Wet,,Wet,,,Cloudy,PC,,Weak,DCVZFavor,,Weak,Weak,,LittleChange,LittleChange,Neutral,Decreasing,XNIL,,I,,,LessThanAve,LessThanAve,ABI,N5GtLIGt_8,Stability,LessUnstable,LessUnstable,HI,PartInhibit,Unfavorable,,,XNIL,XNIL,XNIL,LowSHighN,ModerateOrLe,Dry,Steep,,,MovingFtorOt,PosToNeg,,NWQuad,LVorOther,SEQuad
WeakUp,WeakUp,Neutral,Neutral,Neutral,Wet,Neutral,,Wet,Cloudy,Clear,,Cloudy,Strong,Strong,,Strong,,Strong,Some,IncCapDecIns,Increasing,StrongPos,Increasing,SVR,May15_Jun14,B,AB,PartInhibit,LessThanAve,,ABI,N1GtLIGt_4,Stability,Average,,B,PartInhibit,,Strong,B,,SIG,SVR,Other,ModerateOrLe,Average,CloseToDryAd,,Other,DenvCyclone,LittleChange,Other,AllElse,LVorOther,
,WeakUp,Neutral,Neutral,Neutral,Neutral,Neutral,Neutral,Neutral,PC,PC,PC,PC,Weak,,,Weak,Strong,Weak,Some,IncCapDecIns,Increasing,,Decreasing,SIG,,I,CThruK,Stifling,Average,MoreThanAve,ABI,N1GtLIGt_4,,LessUnstable,LessUnstable,HI,,Weak,,I,XNIL,XNIL,,,Steep,,Steep,MarkedUpper,DryMMoistL,,NegToPos,QStationary,SWQuad,LVorOther,
Down,,,,Neutral,,Dry,Dry,,Clear,PC,Clear,Clear,,Strong,StrongWest,Strong,Strong,Strong,Marked,DecCapIncIns,Decreasing,Negative,,,Jul2_Jul15,J,CThruK,,Average,LessThanAve,CDEJ,N5GtLIGt_8,,MoreUnstable,Average,GJ,,,Slight,J,SIG,SIG,SIG,,Steep,,ModerateOrLe,,MoistMDryL,DryLine,LittleChange,Other,LV,LVorOther,
Down,WeakUp,,WeakUp,WeakUp,Dry,VeryWet,VeryWet,VeryWet,,PC,Clear,,Strong,Strong,Westerly,Weak,Weak,,Marked,IncCapDecIns,,Negative,Decreasing,XNIL,Jul2_Jul15,C,,PartInhibit,Average,,CDEJ,,,MoreUnstable,MoreUnstable,,PartInhibit,Moderate,,C,SIG,,,LowNHighS,Steep,Dry,,NoMajor,MoistMDryL,E_W_N,NegToPos,Other,AllElse,,LongAnticyc
WeakUp,Neutral,Down,Down,Down,Neutral,Neutral,,Dry,,PC,,PC,Strong,Strong,Westerly,,,Weak,,IncCapDecIns,,Neutral,LittleChange,,Aug11_Aug20,D,CThruK,PartInhibit,,Average,,,Stability,,,D,PartInhibit,Weak,Slight,D,SIG,SIG,,LowSHighN,CloseToDryAd,Average,CloseToDryAd,,MoistMDryL,DryLine,,QStationary,AllElse,,
StrongUp,Neutral,Neutral,WeakUp,WeakUp,Neutral,,Neutral,Neutral,Cloudy,PC,Cloudy,Cloudy,,,Westerly,,,,,DecCapIncIns,Decreasing,,Decreasing,XNIL,Aug11_Aug20,B,AB,PartInhibit,Average,LessThanAve,ABI,,Stability,LessUnstable,LessUnstable,B,Stifling,,Slight,,XNIL,XNIL,XNIL,LowSHighN,,,Steep,,,DenvCyclone,LittleChange,Other,,Westerly,
,,Neutral,Neutral,Neutral,Dry,Neutral,Wet,VeryWet,,,Cloudy,Cloudy,,,StrongWest,,,,,,,WeakPos,,XNIL,Aug11_Aug20,B,AB,PartInhibit,LessThanAve,,ABI,,,LessUnstable,Average,B,,,,,,XNIL,XNIL,LowSHighN,Steep,VeryMoist,Steep,NoMajor,DryMMoistL,DenvCyclone,LittleChange,Other,AllElse,LVorOther,
WeakUp,,Neutral,,Neutral,Wet,,Neutral,Neutral,Clear,PC,,Clear,,Weak,Westerly,,,Weak,,LittleChange,LittleChange,,LittleChange,SIG,Aug11_Aug20,E,,PartInhibit,Average,,CDEJ,N5GtLIGt_8,,MoreUnstable,,,PartInhibit,Weak,,,XNIL,XNIL,SIG,LowEvrywhere,CloseToDryAd,Dry,,NoMajor,DryMMoistL,E_W_N,SigNegative,,,LVorOther,DenvCyclone
Neutral,Down,WeakUp,Neutral,Neutral,Neutral,,Neutral,,,Clear,Clear,,,Strong,Westerly,Weak,Weak,Weak,,IncCapDecIns,Increasing,Negative,LittleChange,XNIL,May15_Jun14,G,CThruK,PartInhibit,LessThanAve,LessThanAve,G,N1GtLIGt_4,Stability,Average,Average,GJ,Stifling,Moderate,,G,XNIL,XNIL,XNIL,LowEvrywhere,CloseToDryAd,Dry,Steep,NoMajor,,,,,NWQuad,,WidespdDnsl
Down,StronUp,,,StrongUp,,Neutral,Neutral,VeryWet,Clear,Clear,,PC,Strong,,Other,,,Weak,,DecCapIncIns,Decreasing,Neutral,LittleChange,,,I,CThruK,PartInhibit,LessThanAve,,ABI,N1GtLIGt_4,Instability,MoreUnstable,Average,,PartInhibit,Weak,,I,XNIL,XNIL,SIG,LowSHighN,,Average,CloseToDryAd,,DryMMoistL,MovingFtorOt,NegToPos,QStationary,SWQuad,,LV
Neutral,WeakUp,Down,Neutral,,Dry,VeryWet,Dry,,,Clear,,,Weak,Strong,,Strong,Weak,Strong,Some,,Increasing,StrongPos,Increasing,SIG,Aug20_Sep15,I,CThruK,PartInhibit,Average,MoreThanAve,ABI,N1GtLIGt_4,Instability,Average,Average,HI,,Strong,Strong,I,SVR,,SVR,LowSHighN,,Average,,OtherRapid,DryMMoistL,E_W_S,LittleChange,Moving,LV,LVorOther,E_NE
Neutral,Neutral,Down,Neutral,Neutral,,Wet,,VeryWet,PC,Clear,Clear,Clear,Weak,Strong,DCVZFavor,Weak,Strong,Weak,,IncCapDecIns,Increasing,Neutral,LittleChange,SIG,,C,CThruK,Stifling,,Average,CDEJ,,Stability,Average,,ACEFK,TotalInhibit,,Slight,C,XNIL,XNIL,SIG,LowEvrywhere,Steep,Dry,Steep,MarkedUpper,,E_W_N,NegToPos,,NWQuad,Westerly,
Down,,Down,Down,Down,Dry,,,Dry,Clear,Clear,Clear,Clear,Weak,Strong,Other,,,Strong,,IncCapDecIns,,StrongPos,Increasing,,Aug20_Sep15,E,CThruK,,Average,Average,,LIGt0,Instability,MoreUnstable,MoreUnstable,ACEFK,,Unfavorable,,E,XNIL,XNIL,SIG,LowSHighN,Stable,Average,Steep,NoMajor,,DenvCyclone,,,SWQuad,Westerly,WidespdDnsl
Neutral,Neutral,,Neutral,,Neutral,Neutral,Neutral,Neutral,Clear,PC,,Clear,Weak,Weak,,,,,,LittleChange,LittleChange,StrongPos,Increasing,SIG,,I,CThruK,,,LessThanAve,,LILt_8,,MoreUnstable,MoreUnstable,HI,PartInhibit,Moderate,,I,XNIL,,SIG,LowSHighN,Steep,Dry,,StrongFront,Other,MovingFtorOt,,,SWQuad,Westerly,DenvCyclone
StrongUp,StronUp,Down,Neutral,Neutral,Neutral,Wet,,Neutral,PC,Clear,Clear,Clear,Strong,,Other,,,,Marked,IncCapDecIns,Increasing,WeakPos,Increasing,SIG,Aug11_Aug20,C,,PartInhibit,,MoreThanAve,CDEJ,N1GtLIGt_4,,MoreUnstable,MoreUnstable,ACEFK,PartInhibit,Weak,,C,SVR,SVR,SVR,,CloseToDryAd,Dry,Steep,MarkedUpper,DryMMoistL,E_W_N,SigPositive,,NWQuad,Westerly,
StrongUp,,Neutral,StrongUp,StrongUp,Neutral,Neutral,Neutral,Wet,PC,,PC,,,,Westerly,,Weak,Weak,,LittleChange,LittleChange,Negative,,XNIL,Aug11_Aug20,B,AB,,,,ABI,N1GtLIGt_4,,LessUnstable,LessUnstable,,,,Strong,B,,XNIL,XNIL,,,,Steep,OtherRapid,,DenvCyclone,,Moving,,LVorOther,DenvCyclone
Down,,Neutral,Down,,Dry,,Wet,VeryWet,Clear,,Clear,,,Strong,Westerly,Weak,,Weak,Some,IncCapDecIns,Increasing,Negative,LittleChange,SIG,Aug20_Sep15,B,,Stifling,MoreThanAve,MoreThanAve,ABI,N1GtLIGt_4,Neutral,LessUnstable,,B,Stifling,,Moderate,B,,,SIG,HighEvrywher,Steep,VeryMoist,ModerateOrLe,,,,PosToNeg,,NWQuad,Westerly,DenvCyclone
,,,StrongUp,,Wet,Wet,,Wet,PC,PC,PC,,Strong,Strong,,Strong,,Weak,Marked,LittleChange,LittleChange,StrongPos,Increasing,SIG,Aug20_Sep15,J,CThruK,,,,CDEJ,,Stability,Average,MoreUnstable,,Stifling,Moderate,,,XNIL,XNIL,SIG,LowMtsHighPl,ModerateOrLe,,,NoMajor,,DryLine,LittleChange,,LV,LVorOther,LV
Neutral,Neutral,Neutral,Neutral,Neutral,,,Neutral,,Clear,PC,PC,PC,Weak,Weak,DCVZFavor,,,Weak,Some,LittleChange,LittleChange,StrongPos,Increasing,SIG,Aug20_Sep15,,CThruK,,LessThanAve,,CDEJ,N5GtLIGt_8,Stability,,,ACEFK,,Moderate,Strong,C,,,SIG,LowEvrywhere,CloseToDryAd,Dry,Steep,,MoistMDryL,E_W_S,NegToPos,,AllElse,LVorOther,LV
WeakUp,Neutral,,Neutral,Neutral,,Neutral,Wet,Neutral,,PC,PC,PC,,,StrongWest,,,,,IncCapDecIns,,,Increasing,,May15_Jun14,D,,,Average,MoreThanAve,CDEJ,,,Average,MoreUnstable,D,,Weak,,D,,SVR,SVR,LowAtStation,ModerateOrLe,Average,Steep,StrongFront,,,PosToNeg,Other,,,SEQuad
,,,StrongUp,StrongUp,Dry,,Wet,VeryWet,,Clear,Clear,,,,DCVZFavor,,Strong,Strong,Some,DecCapIncIns,,WeakPos,,SIG,Aug20_Sep15,G,,PartInhibit,,Average,G,N5GtLIGt_8,Stability,MoreUnstable,,,,Moderate,Moderate,G,XNIL,,SIG,,CloseToDryAd,Average,CloseToDryAd,NoMajor,,,,,LV,Westerly,
StrongUp,Down,Neutral,,Neutral,,Dry,Neutral,Wet,PC,PC,,Cloudy,Weak,,DCVZFavor,,,Weak,Marked,,Increasing,,Increasing,SIG,Aug20_Sep15,K,CThruK,Stifling,MoreThanAve,,,N1GtLIGt_4,Instability,Average,Average,,PartInhibit,,,K,XNIL,XNIL,,LowMtsHighPl,ModerateOrLe,Dry,Steep,,Other,DryLine,SigPositive,QStationary,NWQuad,LVorOther,WidespdDnsl
,WeakUp,Down,Neutral,Neutral,Dry,Wet,Dry,Dry,Clear,Clear,Clear,Clear,,Strong,StrongWest,Weak,Weak,Weak,Marked,IncCapDecIns,,,,SIG,Aug20_Sep15,J,CThruK,Stifling,Average,MoreThanAve,CDEJ,N5GtLIGt_8,Stability,,LessUnstable,,PartInhibit,,Moderate,,XNIL,XNIL,,LowEvrywhere,Stable,Average,Steep,NoMajor,MoistMDryL,DryLine,PosToNeg,,LV,LVorOther,LV
Neutral,StronUp,StrongUp,,StrongUp,Neutral,Neutral,,Wet,Clear,,,Cloudy,,,DCVZFavor,,,Weak,,LittleChange,LittleChange,,Increasing,XNIL,Jul16_Aug10,J,CThruK,,LessThanAve,,CDEJ,,Stability,LessUnstable,,GJ,,Weak,,J,XNIL,XNIL,,LowAtStation,,Dry,CloseToDryAd,NoMajor,DryMMoistL,E_W_S,LittleChange,,,LVorOther,LongAnticyc
StrongUp,Neutral,,,StrongUp,Neutral,Dry,Neutral,,Clear,PC,PC,Cloudy,,Weak,Westerly,Weak,,Weak,Some,DecCapIncIns,Decreasing,Negative,Decreasing,XNIL,,,CThruK,PartInhibit,LessThanAve,,H,LILt_8,Instability,MoreUnstable,,HI,,Moderate,Strong,H,SIG,SIG,,LowMtsHighPl,Stable,Average,CloseToDryAd,MarkedUpper,Other,,PosToNeg,,NWQuad,LVorOther,SEQuad
WeakUp,WeakUp,,WeakUp,,Neutral,,Neutral,,Cloudy,PC,Cloudy,Cloudy,Weak,Strong,Westerly,Strong,,,Marked,DecCapIncIns,Decreasing,Negative,Decreasing,SIG,Aug20_Sep15,B,AB,PartInhibit,LessThanAve,,ABI,N1GtLIGt_4,Instability,Average,,,,Strong,Strong,B,SVR,SVR,SVR,LowMtsHighPl,,Average,,NoMajor,DryMMoistL,DenvCyclone,LittleChange,,,Westerly,
Down,Neutral,,Down,Down,,Dry,Dry,Dry,PC,,PC,PC,,,Westerly,,,,,IncCapDecIns,,,,,Jul16_Aug10,J,CThruK,PartInhibit,,LessThanAve,CDEJ,N5GtLIGt_8,Stability,LessUnstable,Average,GJ,,,Moderate,J,XNIL,,XNIL,,,Average,CloseToDryAd,NoMajor,DryMMoistL,DenvCyclone,LittleChange,QStationary,LV,LVorOther,LV
Neutral,Neutral,,Neutral,Neutral,Neutral,,,,PC,PC,,Cloudy,Strong,Strong,,Strong,Weak,Strong,Marked,,LittleChange,WeakPos,LittleChange,SIG,,K,CThruK,PartInhibit,Average,Average,K,N1GtLIGt_4,Instability,MoreUnstable,MoreUnstable,ACEFK,,Unfavorable,,K,XNIL,XNIL,SIG,,Stable,,,MarkedUpper,DryMMoistL,MovingFtorOt,,,,LVorOther,WidespdDnsl
WeakUp,Neutral,StrongUp,,,,VeryWet,Neutral,Dry,Clear,Clear,Clear,,,,Other,,,Weak,,IncCapDecIns,Increasing,StrongPos,,XNIL,,I,CThruK,,,Average,ABI,LIGt0,,Average,MoreUnstable,HI,PartInhibit,Weak,,I,XNIL,,XNIL,LowSHighN,Stable,Average,,NoMajor,DryMMoistL,E_W_S,SigPositive,QStationary,SWQuad,LVorOther,DenvCyclone
,WeakUp,WeakUp,WeakUp,WeakUp,,Dry,,,PC,PC,,Clear,,,,,Strong,,,,LittleChange,Neutral,LittleChange,XNIL,May15_Jun14,J,CThruK,,,MoreThanAve,CDEJ,N1GtLIGt_4,,LessUnstable,LessUnstable,GJ,,,Moderate,J,SIG,SIG,SIG,,Steep,VeryMoist,ModerateOrLe,,Other,,LittleChange,Other,LV,,
WeakUp,Neutral,,Neutral,,Neutral,,Neutral,Neutral,,,Cloudy,,,,DCVZFavor,,,Weak,,,Increasing,Neutral,Increasing,XNIL,,E,CThruK,,,MoreThanAve,CDEJ,LILt_8,Stability,MoreUnstable,,ACEFK,,Strong,Strong,E,SVR,,SVR,LowAtStation,Steep,Average,ModerateOrLe,OtherRapid,MoistMDryL,,NegToPos,Other,SWQuad,LVorOther,LongAnticyc
,Down,WeakUp,Neutral,,,VeryWet,VeryWet,VeryWet,PC,PC,PC,,Strong,Strong,Westerly,,,,Some,LittleChange,LittleChange,Neutral,Increasing,SVR,Jul2_Jul15,A,AB,PartInhibit,Average,,ABI,N5GtLIGt_8,Stability,Average,MoreUnstable,ACEFK,,Moderate,Strong,,SVR,SVR,SVR,LowNHighS,Stable,VeryMoist,Steep,,,E_W_S,SigNegative,Other,SWQuad,Westerly,DenvCyclone
Neutral,StronUp,,WeakUp,WeakUp,,,Dry,,,PC,PC,PC,,,Westerly,,,,,LittleChange,LittleChange,StrongPos,,XNIL,Aug20_Sep15,,CThruK,Stifling,Average,Average,K,N1GtLIGt_4,Stability,MoreUnstable,,,PartInhibit,Weak,,K,XNIL,XNIL,,Other,Steep,Average,,MarkedUpper,DryMMoistL,,SigNegative,,NWQuad,,WidespdDnsl
Neutral,Down,,Neutral,Neutral,Wet,Neutral,Neutral,Wet,PC,Clear,Cloudy,Cloudy,Weak,Weak,Westerly,Weak,Weak,Weak,Some,LittleChange,LittleChange,WeakPos,Decreasing,SIG,,B,AB,Stifling,MoreThanAve,MoreThanAve,ABI,N1GtLIGt_4,Instability,MoreUnstable,,B,,Moderate,Strong,B,,SVR,SVR,HighEvrywher,Stable,VeryMoist,Steep,NoMajor,,,LittleChange,Other,,Westerly,SEQuad
Neutral,,,Neutral,Neutral,Neutral,VeryWet,VeryWet,VeryWet,Clear,,,PC,,,,,,,,IncCapDecIns,Increasing,WeakPos,Increasing,,,A,,,LessThanAve,,ABI,N5GtLIGt_8,Instability,Average,MoreUnstable,,TotalInhibit,Moderate,Slight,A,SIG,,SIG,HighEvrywher,ModerateOrLe,,,MarkedUpper,,,NegToPos,Other,SWQuad,Westerly,DenvCyclone
,Neutral,Neutral,Neutral,,Dry,Neutral,VeryWet,Wet,Cloudy,Clear,Cloudy,Cloudy,,Weak,StrongWest,,,,,,,Negative,Decreasing,XNIL,May15_Jun14,A,AB,,Average,Average,,N5GtLIGt_8,Neutral,Average,,ACEFK,PartInhibit,Moderate,,A,XNIL,,XNIL,LowMtsHighPl,,,,OtherRapid,Other,,LittleChange,Other,SWQuad,Westerly,DenvCyclone
StrongUp,StronUp,Down,WeakUp,WeakUp,Dry,Neutral,,VeryWet,Clear,PC,Clear,,Weak,Strong,,,,,,DecCapIncIns,,Negative,Decreasing,SIG,Jul16_Aug10,A,,,Average,Average,,N5GtLIGt_8,Neutral,MoreUnstable,MoreUnstable,,,Moderate,,,SVR,SVR,,HighEvrywher,CloseToDryAd,Average,,MarkedUpper,,DenvCyclone,NegToPos,Other,AllElse,Westerly,DenvCyclone
,StronUp,WeakUp,,WeakUp,Neutral,Neutral,Dry,Dry,Clear,,,Clear,,,Westerly,,,,,,,Neutral,LittleChange,XNIL,May15_Jun14,E,,PartInhibit,,,CDEJ,N1GtLIGt_4,Instability,MoreUnstable,,ACEFK,PartInhibit,Moderate,Moderate,,SVR,SVR,,LowEvrywhere,Steep,Dry,ModerateOrLe,OtherRapid,,,NegToPos,,SWQuad,Westerly,DenvCyclone
StrongUp,Neutral,Down,,Neutral,Dry,Neutral,,Neutral,,PC,,,,,DCVZFavor,,,,,,LittleChange,Neutral,,,May15_Jun14,A,AB,PartInhibit,Average,Average,ABI,N1GtLIGt_4,Neutral,LessUnstable,,ACEFK,,Unfavorable,,,XNIL,XNIL,XNIL,,ModerateOrLe,Dry,Steep,MarkedUpper,DryMMoistL,,LittleChange,Moving,SWQuad,,DenvCyclone
Down,,Down,Down,Down,Neutral,Wet,Neutral,Dry,,PC,PC,Clear,Weak,Strong,Westerly,Strong,Weak,Weak,Marked,IncCapDecIns,Increasing,Negative,Decreasing,XNIL,,,CThruK,TotalInhibit,MoreThanAve,,,N5GtLIGt_8,Neutral,MoreUnstable,LessUnstable,,PartInhibit,,,E,,,,Other,CloseToDryAd,Average,,NoMajor,Other,,SigNegative,,SWQuad,,LV
,StronUp,,StrongUp,,Wet,VeryWet,VeryWet,VeryWet,Clear,Cloudy,Cloudy,Cloudy,Strong,Strong,,,,Weak,,LittleChange,,WeakPos,LittleChange,SVR,Aug20_Sep15,A,,,LessThanAve,LessThanAve,ABI,N1GtLIGt_4,Instability,MoreUnstable,MoreUnstable,ACEFK,PartInhibit,,Strong,A,SVR,SVR,SVR,,ModerateOrLe,VeryMoist,CloseToDryAd,StrongFront,,DenvCyclone,SigNegative,Other,SWQuad,,LV
,Neutral,WeakUp,WeakUp,WeakUp,Neutral,Wet,Wet,VeryWet,,Clear,PC,Cloudy,,,,,Strong,Strong,,LittleChange,,,Decreasing,XNIL,Jun15_Jul1,G,CThruK,TotalInhibit,MoreThanAve,MoreThanAve,G,N1GtLIGt_4,Instability,Average,Average,,,Weak,,G,SIG,SIG,SIG,LowAtStation,CloseToDryAd,,,,,,,,,,LongAnticyc
WeakUp,WeakUp,WeakUp,WeakUp,WeakUp,,Wet,,Wet,,Cloudy,Cloudy,Cloudy,Strong,Strong,,,Weak,Strong,Marked,IncCapDecIns,Increasing,WeakPos,Increasing,SVR,May15_Jun14,K,CThruK,PartInhibit,,MoreThanAve,,N5GtLIGt_8,Stability,,MoreUnstable,ACEFK,,Weak,,K,XNIL,,,Other,CloseToDryAd,VeryMoist,Steep,,DryMMoistL,MovingFtorOt,,Moving,AllElse,Westerly,LongAnticyc
Down,,,Neutral,Neutral,VeryWet,,,Wet,,,Clear,Clear,,,,,,,,LittleChange,LittleChange,Neutral,Decreasing,,Jul16_Aug10,A,,,LessThanAve,LessThanAve,ABI,,Stability,Average,LessUnstable,ACEFK,Stifling,,,A,XNIL,XNIL,XNIL,Other,Stable,Average,Steep,OtherRapid,Other,DenvCyclone,SigNegative,Other,SWQuad,,DenvCyclone
,Down,Neutral,Neutral,Neutral,,,Wet,,,,Clear,Clear,,,Other,,Weak,Weak,,LittleChange,LittleChange,Neutral,,,Aug20_Sep15,,CThruK,,MoreThanAve,MoreThanAve,CDEJ,N1GtLIGt_4,,Average,Average,D,PartInhibit,Strong,Strong,D,,SVR,SVR,,Stable,Average,Steep,MarkedUpper,DryMMoistL,DenvCyclone,SigNegative,Other,NWQuad,Westerly,
WeakUp,,,StrongUp,StrongUp,Wet,VeryWet,Wet,VeryWet,PC,PC,PC,Cloudy,Strong,Strong,,Strong,Weak,Weak,,LittleChange,LittleChange,StrongPos,LittleChange,SIG,Aug20_Sep15,J,CThruK,TotalInhibit,MoreThanAve,MoreThanAve,CDEJ,N1GtLIGt_4,Stability,LessUnstable,,,,Moderate,Strong,,XNIL,,SIG,LowAtStation,ModerateOrLe,Average,,OtherRapid,Other,DryLine,,,LV,LVorOther,SEQuad
,Neutral,,Neutral,Neutral,,Neutral,Dry,,PC,Clear,Cloudy,Cloudy,,,DCVZFavor,,Strong,Weak,,IncCapDecIns,Increasing,,LittleChange,XNIL,Jul2_Jul15,J,CThruK,PartInhibit,,,CDEJ,LILt_8,Instability,MoreUnstable,MoreUnstable,,,Strong,Slight,J,XNIL,,XNIL,,ModerateOrLe,Average,ModerateOrLe,NoMajor,MoistMDryL,,NegToPos,Other,LV,,
,StronUp,Down,Neutral,Neutral,,,VeryWet,Wet,PC,Clear,Clear,,Strong,,StrongWest,Strong,Strong,Weak,,IncCapDecIns,Increasing,Neutral,Decreasing,SVR,May15_Jun14,E,,,,MoreThanAve,CDEJ,,Stability,LessUnstable,LessUnstable,ACEFK,PartInhibit,Moderate,Slight,E,XNIL,XNIL,,LowSHighN,,Average,,NoMajor,MoistMDryL,DenvCyclone,LittleChange,,AllElse,Westerly,WidespdDnsl
Neutral,Down,Neutral,Neutral,Neutral,Wet,,,Wet,PC,,Clear,Clear,,,Westerly,Strong,,Strong,,DecCapIncIns,Decreasing,Neutral,Decreasing,,Jun15_Jul1,,CThruK,Stifling,MoreThanAve,,,N5GtLIGt_8,Stability,Average,Average,,,,Strong,G,SVR,SVR,SVR,,,Dry,CloseToDryAd,,Other,,SigNegative,,LV,,LongAnticyc
Neutral,StronUp,Neutral,WeakUp,WeakUp,Neutral,Dry,Dry,Dry,PC,PC,PC,PC,,Strong,Other,,Weak,Weak,Marked,,,Negative,LittleChange,SIG,May15_Jun14,,,TotalInhibit,MoreThanAve,MoreThanAve,G,N5GtLIGt_8,,,,GJ,PartInhibit,,Slight,G,SIG,SIG,SIG,LowEvrywhere,,Dry,CloseToDryAd,,Other,Other,SigNegative,,NWQuad,Westerly,WidespdDnsl
,Neutral,StrongUp,Down,Down,Dry,Wet,Wet,Neutral,Cloudy,Clear,Cloudy,,,,Other,,Weak,Weak,,IncCapDecIns,Increasing,,Increasing,XNIL,Jul2_Jul15,G,CThruK,PartInhibit,LessThanAve,,G,N1GtLIGt_4,Stability,Average,Average,GJ,,Unfavorable,,,XNIL,,XNIL,LowAtStation,CloseToDryAd,Dry,,NoMajor,MoistMDryL,,LittleChange,,,LVorOther,LongAnticyc
,,,,,Wet,Dry,Neutral,,PC,Cloudy,Clear,PC,,,Other,,,,Some,IncCapDecIns,Increasing,Negative,,SVR,Aug20_Sep15,G,CThruK,,,MoreThanAve,G,N1GtLIGt_4,,LessUnstable,Average,GJ,,Weak,,G,SVR,,SVR,LowAtStation,CloseToDryAd,,Steep,,MoistMDryL,DryLine,LittleChange,,,Westerly,
Neutral,Neutral,Neutral,,Neutral,VeryWet,Dry,VeryWet,Wet,,Cloudy,,,Strong,,DCVZFavor,Weak,,Strong,Some,IncCapDecIns,Increasing,,,,May15_Jun14,,AB,PartInhibit,,,ABI,,Neutral,LessUnstable,LessUnstable,B,,,,B,SIG,SIG,,HighEvrywher,ModerateOrLe,,Steep,NoMajor,DryMMoistL,,,Moving,LV,Westerly,
Down,Neutral,,,,Neutral,Neutral,Wet,,Clear,Clear,,,Weak,Strong,Westerly,Strong,,,Marked,DecCapIncIns,Decreasing,,Decreasing,SVR,,,AB,TotalInhibit,MoreThanAve,LessThanAve,ABI,N1GtLIGt_4,,LessUnstable,LessUnstable,B,,Moderate,Moderate,,SVR,SVR,SVR,HighEvrywher,Steep,Dry,Steep,NoMajor,,E_W_S,,,SWQuad,,DenvCyclone
Down,Down,Neutral,Down,,,VeryWet,Wet,Wet,PC,Clear,Clear,Clear,,Weak,,Strong,,Weak,,LittleChange,LittleChange,Neutral,Increasing,,Aug20_Sep15,K,CThruK,PartInhibit,Average,,K,N1GtLIGt_4,Stability,LessUnstable,LessUnstable,ACEFK,,Weak,Slight,K,,,,LowAtStation,Steep,Dry,ModerateOrLe,MarkedUpper,DryMMoistL,MovingFtorOt,,,,LVorOther,LV
Neutral,Neutral,Down,,,Neutral,,Dry,Dry,Clear,,Clear,,Weak,,DCVZFavor,Strong,,Weak,Marked,IncCapDecIns,Increasing,Negative,,,May15_Jun14,E,CThruK,Stifling,MoreThanAve,MoreThanAve,,N1GtLIGt_4,,LessUnstable,LessUnstable,ACEFK,,Weak,Slight,E,XNIL,XNIL,,LowEvrywhere,,Average,,NoMajor,MoistMDryL,DryLine,LittleChange,,SWQuad,Westerly,LV
WeakUp,Neutral,,StrongUp,StrongUp,,,VeryWet,VeryWet,PC,PC,,Cloudy,Strong,Strong,,Strong,,,Marked,DecCapIncIns,Decreasing,Negative,,,,B,AB,Stifling,Average,LessThanAve,ABI,LILt_8,,LessUnstable,LessUnstable,B,TotalInhibit,Weak,,,,,,,Stable,,CloseToDryAd,,DryMMoistL,,LittleChange,Other,,Westerly,SEQuad
Down,StronUp,Neutral,Neutral,Neutral,Wet,Dry,Neutral,Neutral,,Clear,Clear,Clear,,,Other,,,,,IncCapDecIns,,Negative,Decreasing,,Jul2_Jul15,J,CThruK,PartInhibit,,,CDEJ,N5GtLIGt_8,Instability,MoreUnstable,MoreUnstable,GJ,PartInhibit,Weak,Moderate,J,SVR,,SVR,LowSHighN,ModerateOrLe,Dry,CloseToDryAd,NoMajor,,DryLine,LittleChange,,AllElse,LVorOther,DenvCyclone
WeakUp,Neutral,Neutral,Neutral,Neutral,,Dry,Neutral,Neutral,Clear,,Clear,Clear,Weak,,,,Strong,Weak,,,Decreasing,Negative,Decreasing,,,E,CThruK,,Average,LessThanAve,CDEJ,N1GtLIGt_4,Stability,LessUnstable,LessUnstable,ACEFK,PartInhibit,Moderate,,E,XNIL,XNIL,SIG,LowAtStation,Steep,,ModerateOrLe,NoMajor,Other,E_W_N,SigNegative,,LV,,LV
WeakUp,,Down,Down,Down,,Wet,Wet,Wet,Clear,Clear,,,,,DCVZFavor,Weak,Weak,Strong,,IncCapDecIns,,Negative,Decreasing,,Aug20_Sep15,J,,PartInhibit,Average,MoreThanAve,CDEJ,,Stability,Average,LessUnstable,GJ,TotalInhibit,Strong,Moderate,J,XNIL,XNIL,SIG,,CloseToDryAd,,CloseToDryAd,NoMajor,Other,DryLine,,,LV,LVorOther,E_NE
Down,Neutral,,Neutral,Neutral,,Neutral,Dry,,Clear,Clear,Clear,Clear,,,StrongWest,,,,,IncCapDecIns,Increasing,Neutral,,XNIL,,,CThruK,,Average,Average,CDEJ,,Instability,,,ACEFK,,,,E,SVR,SIG,SIG,HighEvrywher,,Average,,NoMajor,MoistMDryL,,NegToPos,,SWQuad,Westerly,LV
Down,Neutral,Down,,Down,Neutral,,,Neutral,PC,PC,,PC,,,,,,Weak,,,Increasing,Neutral,Increasing,,May15_Jun14,,AB,Stifling,LessThanAve,,ABI,N5GtLIGt_8,Neutral,LessUnstable,,,,Moderate,Moderate,B,SIG,SIG,,,ModerateOrLe,VeryMoist,Steep,NoMajor,DryMMoistL,DenvCyclone,LittleChange,Other,NWQuad,LVorOther,
StrongUp,,Neutral,Down,Down,VeryWet,Dry,,Dry,PC,,Clear,Clear,,,,,Weak,,,IncCapDecIns,Increasing,Neutral,LittleChange,XNIL,May15_Jun14,D,CThruK,Stifling,MoreThanAve,,CDEJ,,Stability,,Average,D,,Moderate,Slight,D,SIG,SIG,SIG,LowSHighN,,Average,Steep,OtherRapid,,,SigNegative,Other,AllElse,,SEQuad
,Neutral,StrongUp,Neutral,Neutral,Dry,Wet,Wet,,PC,Clear,PC,,,Strong,,,,,,IncCapDecIns,Increasing,Negative,,SIG,Aug20_Sep15,K,CThruK,PartInhibit,Average,MoreThanAve,K,LIGt0,Instability,LessUnstable,LessUnstable,ACEFK,PartInhibit,,Slight,,XNIL,XNIL,SIG,LowNHighS,ModerateOrLe,VeryMoist,ModerateOrLe,,Other,,NegToPos,,SWQuad,Westerly,WidespdDnsl
StrongUp,Down,Neutral,StrongUp,StrongUp,,Wet,,,Clear,,Clear,Cloudy,Strong,Strong,DCVZFavor,Strong,,Weak,Marked,IncCapDecIns,Increasing,WeakPos,Increasing,SIG,Aug20_Sep15,C,,TotalInhibit,MoreThanAve,MoreThanAve,CDEJ,LILt_8,Instability,MoreUnstable,MoreUnstable,,PartInhibit,Moderate,Moderate,,XNIL,XNIL,SIG,LowEvrywhere,Steep,Average,ModerateOrLe,MarkedUpper,MoistMDryL,,SigPositive,,AllElse,Westerly,LongAnticyc
WeakUp,WeakUp,,,Neutral,Wet,Neutral,Wet,Wet,,PC,,Cloudy,Weak,Strong,StrongWest,Weak,,,,,,Negative,,SIG,,F,CThruK,PartInhibit,Average,MoreThanAve,F,N5GtLIGt_8,,,LessUnstable,,PartInhibit,Moderate,Slight,,XNIL,XNIL,,HighEvrywher,Stable,VeryMoist,ModerateOrLe,StrongFront,,,SigNegative,,AllElse,LVorOther,E_NE
Down,StronUp,Down,Neutral,Neutral,Wet,Neutral,Neutral,Neutral,PC,Clear,Clear,,Strong,Strong,StrongWest,Weak,Weak,,Some,LittleChange,LittleChange,,LittleChange,SIG,,,AB,PartInhibit,LessThanAve,LessThanAve,ABI,N5GtLIGt_8,Instability,MoreUnstable,MoreUnstable,ACEFK,,,Strong,,SIG,SIG,SIG,,Steep,Average,,MarkedUpper,Other,DenvCyclone,,,SWQuad,Westerly,DenvCyclone
StrongUp,Neutral,StrongUp,WeakUp,,Wet,Wet,Dry,Neutral,,Cloudy,Cloudy,PC,,,Other,,,,,,Increasing,WeakPos,Increasing,XNIL,Jul16_Aug10,,CThruK,,,,CDEJ,,Stability,Average,MoreUnstable,,,Moderate,Moderate,J,,,XNIL,LowNHighS,Steep,Average,Steep,,,DryLine,LittleChange,,,LVorOther,LV
WeakUp,Neutral,Down,Neutral,Neutral,Wet,Wet,Neutral,Neutral,PC,PC,PC,PC,,,,,,,,,Increasing,StrongPos,Increasing,XNIL,Aug20_Sep15,,,,LessThanAve,,ABI,,Stability,LessUnstable,,ACEFK,PartInhibit,Unfavorable,,,,SVR,SVR,,Stable,,Steep,,Other,DenvCyclone,,QStationary,SWQuad,Westerly,
WeakUp,,Down,WeakUp,,Neutral,Neutral,Neutral,,Clear,,,,,Weak,Westerly,,,Weak,Some,DecCapIncIns,Decreasing,,,XNIL,,I,,PartInhibit,MoreThanAve,Average,ABI,N1GtLIGt_4,,MoreUnstable,MoreUnstable,HI,,Weak,,I,,SVR,SVR,,Stable,Average,,,,MovingFtorOt,PosToNeg,Moving,,Westerly,E_NE
WeakUp,,Neutral,Neutral,,Dry,Dry,,VeryWet,Clear,Cloudy,Cloudy,,,,Other,,,,,IncCapDecIns,Increasing,StrongPos,Increasing,,,B,AB,,,MoreThanAve,ABI,,Neutral,,Average,B,Stifling,Weak,,B,SIG,SIG,SIG,Other,ModerateOrLe,,Steep,NoMajor,DryMMoistL,E_W_N,LittleChange,,,,SEQuad
Down,StronUp,,Down,Down,Dry,Neutral,VeryWet,,,,,Clear,Weak,,DCVZFavor,,,,Marked,,LittleChange,,LittleChange,SIG,May15_Jun14,,CThruK,PartInhibit,,Average,H,,Neutral,Average,Average,HI,PartInhibit,Unfavorable,,H,XNIL,XNIL,SIG,LowMtsHighPl,Stable,VeryMoist,Steep,MarkedUpper,,MovingFtorOt,LittleChange,,,Westerly,E_NE
,Neutral,Neutral,Neutral,Neutral,Dry,Dry,VeryWet,Wet,Clear,Cloudy,,Clear,Strong,Strong,,Strong,Weak,Strong,,LittleChange,LittleChange,Neutral,Decreasing,,,C,CThruK,Stifling,Average,Average,CDEJ,N1GtLIGt_4,Neutral,MoreUnstable,,,,Strong,Slight,C,SIG,SIG,,LowEvrywhere,,Dry,Steep,NoMajor,Other,E_W_S,PosToNeg,,,Westerly,
StrongUp,WeakUp,Down,WeakUp,WeakUp,Neutral,Dry,Neutral,,PC,,PC,PC,,,DCVZFavor,,,Weak,,LittleChange,LittleChange,Negative,LittleChange,,May15_Jun14,F,CThruK,,LessThanAve,,,N1GtLIGt_4,Stability,Average,Average,,PartInhibit,Unfavorable,Slight,F,XNIL,,XNIL,HighEvrywher,Steep,VeryMoist,ModerateOrLe,NoMajor,,,PosToNeg,,AllElse,LVorOther,LV
StrongUp,Neutral,Neutral,Neutral,Neutral,Neutral,,Wet,VeryWet,Clear,Cloudy,PC,Cloudy,,,DCVZFavor,Weak,Strong,Strong,Some,DecCapIncIns,Decreasing,WeakPos,LittleChange,SVR,,,,,LessThanAve,LessThanAve,CDEJ,,Stability,Average,LessUnstable,ACEFK,,Weak,Slight,C,,SVR,SVR,,CloseToDryAd,Average,CloseToDryAd,MarkedUpper,Other,E_W_S,SigPositive,,NWQuad,LVorOther,
,Down,Neutral,,,Wet,Wet,Wet,,Cloudy,Cloudy,,PC,Weak,Weak,Other,,Weak,,,IncCapDecIns,Increasing,Neutral,LittleChange,SIG,,E,CThruK,PartInhibit,,Average,CDEJ,,,Average,MoreUnstable,ACEFK,PartInhibit,Strong,Moderate,E,SIG,,SIG,LowNHighS,Stable,,ModerateOrLe,OtherRapid,MoistMDryL,,,QStationary,SWQuad,LVorOther,LV
Neutral,,,Neutral,Neutral,,VeryWet,,,,Cloudy,,Cloudy,,,Other,,,Weak,,,,Neutral,LittleChange,XNIL,Aug20_Sep15,C,CThruK,PartInhibit,LessThanAve,LessThanAve,CDEJ,N1GtLIGt_4,Neutral,,Average,,TotalInhibit,Moderate,Slight,C,,XNIL,XNIL,,,Dry,Steep,MarkedUpper,DryMMoistL,E_W_N,SigPositive,,,LVorOther,WidespdDnsl
WeakUp,,Neutral,Neutral,Neutral,Neutral,VeryWet,Neutral,,Clear,PC,Clear,Clear,Strong,Strong,DCVZFavor,,,Strong,,IncCapDecIns,Increasing,Neutral,Increasing,SVR,Jul16_Aug10,H,CThruK,PartInhibit,Average,MoreThanAve,H,,Instability,,MoreUnstable,HI,Stifling,Moderate,,H,XNIL,XNIL,SVR,Other,Stable,,,MarkedUpper,DryMMoistL,E_W_N,,,NWQuad,,E_NE
,,Neutral,Neutral,Neutral,Neutral,VeryWet,Wet,Wet,PC,Clear,PC,PC,,,,,,,,,,Neutral,Decreasing,XNIL,Jul2_Jul15,D,,PartInhibit,Average,LessThanAve,,N1GtLIGt_4,Neutral,LessUnstable,LessUnstable,D,,,,D,XNIL,SIG,SIG,Other,Steep,,ModerateOrLe,StrongFront,Other,,,,SWQuad,,
Down,,Neutral,,Neutral,,,,Dry,Clear,,,,,Strong,Westerly,,Weak,Strong,Some,,,Negative,Decreasing,SIG,Aug11_Aug20,J,CThruK,PartInhibit,LessThanAve,LessThanAve,CDEJ,,,Average,LessUnstable,,,Unfavorable,,J,XNIL,,SIG,,CloseToDryAd,,ModerateOrLe,NoMajor,DryMMoistL,,LittleChange,,LV,,LV
,Neutral,Neutral,,,VeryWet,VeryWet,VeryWet,,,Cloudy,Clear,PC,Weak,,Other,,,,Some,LittleChange,LittleChange,WeakPos,,SIG,Jul16_Aug10,B,,,,LessThanAve,ABI,LIGt0,Neutral,LessUnstable,MoreUnstable,B,PartInhibit,Moderate,Moderate,B,SIG,SIG,SIG,,ModerateOrLe,VeryMoist,Steep,,MoistMDryL,DenvCyclone,,,AllElse,,DenvCyclone
StrongUp,Neutral,,Neutral,,Dry,Dry,Neutral,Neutral,,Cloudy,,Clear,,,StrongWest,Weak,Weak,Weak,Some,,Increasing,Negative,,,,G,CThruK,,Average,MoreThanAve,G,N1GtLIGt_4,Neutral,,Average,GJ,,,,,SIG,,,LowEvrywhere,,Dry,CloseToDryAd,OtherRapid,MoistMDryL,E_W_S,,QStationary,AllElse,Westerly,LongAnticyc
WeakUp,Neutral,Neutral,Neutral,Neutral,Neutral,Wet,Neutral,Wet,Clear,Clear,Clear,Clear,,,,,,,,DecCapIncIns,,Neutral,Decreasing,XNIL,,K,CThruK,,,LessThanAve,K,LIGt0,,Average,,ACEFK,PartInhibit,Moderate,Strong,K,,SIG,SIG,,,VeryMoist,,StrongFront,DryMMoistL,DenvCyclone,,,NWQuad,LVorOther,WidespdDnsl
Neutral,,Neutral,Neutral,,Neutral,VeryWet,Wet,Wet,Clear,,Clear,Clear,Weak,Strong,Westerly,Weak,,,Some,,,Neutral,LittleChange,SVR,Aug20_Sep15,G,CThruK,PartInhibit,,,G,N5GtLIGt_8,Stability,Average,LessUnstable,GJ,TotalInhibit,Weak,,G,XNIL,,SVR,LowEvrywhere,CloseToDryAd,,CloseToDryAd,NoMajor,,,LittleChange,,NWQuad,LVorOther,
,WeakUp,,WeakUp,WeakUp,VeryWet,Dry,,Wet,PC,PC,,PC,Weak,Strong,DCVZFavor,Weak,,Strong,Marked,,,Negative,LittleChange,SIG,Aug20_Sep15,,,PartInhibit,MoreThanAve,MoreThanAve,CDEJ,,Stability,Average,MoreUnstable,GJ,PartInhibit,Moderate,,J,XNIL,,SIG,LowAtStation,Stable,,,,,,LittleChange,,LV,LVorOther,LV
StrongUp,Neutral,WeakUp,WeakUp,WeakUp,Neutral,Dry,Neutral,,,PC,Clear,Clear,,,StrongWest,Strong,,Strong,,DecCapIncIns,Decreasing,StrongPos,Increasing,XNIL,,J,,PartInhibit,,LessThanAve,CDEJ,,,LessUnstable,LessUnstable,GJ,,Weak,Slight,J,,XNIL,,Other,,Dry,ModerateOrLe,OtherRapid,MoistMDryL,DryLine,,,,LVorOther,LV
Down,WeakUp,StrongUp,Neutral,,Neutral,Dry,,Neutral,PC,Cloudy,,Cloudy,Strong,,Westerly,Strong,,Strong,Some,IncCapDecIns,Increasing,WeakPos,,SIG,,G,CThruK,TotalInhibit,,,G,N1GtLIGt_4,,Average,MoreUnstable,GJ,,Moderate,Strong,G,SIG,,SIG,LowEvrywhere,CloseToDryAd,Dry,CloseToDryAd,OtherRapid,MoistMDryL,,,QStationary,SWQuad,LVorOther,WidespdDnsl
Down,WeakUp,StrongUp,Neutral,,,Neutral,Wet,Wet,PC,,Cloudy,Cloudy,Weak,Strong,DCVZFavor,,,Weak,,IncCapDecIns,,Negative,,SIG,May15_Jun14,,CThruK,,,MoreThanAve,,N5GtLIGt_8,Stability,LessUnstable,LessUnstable,HI,PartInhibit,Weak,Slight,H,XNIL,XNIL,,LowMtsHighPl,Stable,Average,,MarkedUpper,DryMMoistL,MovingFtorOt,SigPositive,Moving,,,DenvCyclone
,,,WeakUp,WeakUp,,VeryWet,,Neutral,Clear,,Clear,Clear,Strong,Strong,DCVZFavor,,Weak,Weak,Marked,LittleChange,LittleChange,WeakPos,Decreasing,XNIL,May15_Jun14,B,,PartInhibit,LessThanAve,,ABI,N5GtLIGt_8,,Average,LessUnstable,B,,Unfavorable,,B,,XNIL,XNIL,LowMtsHighPl,,VeryMoist,Steep,NoMajor,DryMMoistL,,LittleChange,,NWQuad,LVorOther,DenvCyclone
Down,Down,,,,VeryWet,Dry,Neutral,,PC,Cloudy,,PC,Weak,Strong,,,Weak,Weak,,IncCapDecIns,Increasing,Negative,LittleChange,SIG,Aug20_Sep15,E,,PartInhibit,Average,MoreThanAve,CDEJ,N1GtLIGt_4,Stability,,Average,ACEFK,PartInhibit,Strong,,,XNIL,XNIL,SIG,LowAtStation,Steep,Dry,Steep,NoMajor,MoistMDryL,DryLine,SigNegative,,SWQuad,,
,,,WeakUp,WeakUp,Neutral,Dry,Dry,Dry,PC,PC,PC,Clear,,Strong,Westerly,Strong,Strong,,Some,DecCapIncIns,Decreasing,,LittleChange,,Aug20_Sep15,K,CThruK,,Average,Average,K,,Instability,MoreUnstable,MoreUnstable,ACEFK,,Weak,,,XNIL,XNIL,XNIL,,Steep,Average,ModerateOrLe,,DryMMoistL,MovingFtorOt,LittleChange,Other,,Westerly,LongAnticyc
Neutral,,StrongUp,,,,Neutral,Neutral,Neutral,PC,,PC,Cloudy,Strong,Strong,Other,Weak,,Weak,,LittleChange,LittleChange,StrongPos,Increasing,XNIL,,J,CThruK,PartInhibit,Average,Average,CDEJ,N5GtLIGt_8,Instability,MoreUnstable,MoreUnstable,,,Moderate,Strong,,SIG,,,LowAtStation,ModerateOrLe,,,NoMajor,MoistMDryL,,LittleChange,Other,,LVorOther,DenvCyclone
Down,Neutral,Neutral,,Neutral,,Wet,Neutral,Neutral,Clear,PC,,,,Weak,DCVZFavor,Weak,Weak,,,LittleChange,LittleChange,Neutral,LittleChange,XNIL,Jun15_Jul1,G,CThruK,Stifling,MoreThanAve,MoreThanAve,G,N5GtLIGt_8,Stability,MoreUnstable,,GJ,,Moderate,Moderate,G,SIG,,,LowEvrywhere,,Dry,,MarkedUpper,,E_W_S,,,LV,LVorOther,LongAnticyc
WeakUp,Neutral,WeakUp,WeakUp,WeakUp,Neutral,Dry,Dry,Dry,Clear,PC,Clear,Clear,,,,,Strong,Strong,,DecCapIncIns,,StrongPos,,XNIL,Aug20_Sep15,,AB,,MoreThanAve,Average,,N5GtLIGt_8,,MoreUnstable,,,PartInhibit,Weak,,B,,SVR,SVR,HighEvrywher,Stable,VeryMoist,Steep,,Other,DenvCyclone,,,,LVorOther,E_NE
,WeakUp,Neutral,WeakUp,WeakUp,,Neutral,Wet,VeryWet,Clear,PC,,PC,Strong,Strong,,,,Weak,Some,DecCapIncIns,Decreasing,,LittleChange,SVR,,K,CThruK,,,LessThanAve,K,,Instability,,,,PartInhibit,Unfavorable,,K,,XNIL,SVR,Other,,,,StrongFront,DryMMoistL,,SigPositive,QStationary,,Westerly,WidespdDnsl
Neutral,StronUp,WeakUp,WeakUp,WeakUp,,VeryWet,Neutral,Wet,PC,,PC,PC,Strong,Strong,StrongWest,Strong,,Weak,,,,Neutral,Increasing,SIG,Aug20_Sep15,,CThruK,,MoreThanAve,MoreThanAve,G,LILt_8,,MoreUnstable,MoreUnstable,GJ,,Weak,,G,,XNIL,,,CloseToDryAd,Average,CloseToDryAd,MarkedUpper,MoistMDryL,DryLine,PosToNeg,,AllElse,Westerly,WidespdDnsl
Neutral,,StrongUp,WeakUp,WeakUp,Wet,Wet,Dry,Neutral,,PC,,,Strong,,Westerly,Strong,,Strong,Some,DecCapIncIns,Decreasing,WeakPos,,XNIL,,,AB,Stifling,MoreThanAve,LessThanAve,ABI,N5GtLIGt_8,Instability,,MoreUnstable,B,PartInhibit,Weak,,B,,SIG,,LowSHighN,Stable,Average,Steep,NoMajor,DryMMoistL,,,Moving,NWQuad,Westerly,DenvCyclone
WeakUp,Neutral,StrongUp,StrongUp,StrongUp,Wet,VeryWet,Wet,VeryWet,Clear,,PC,,,,Westerly,,,Weak,,LittleChange,,Negative,,XNIL,,E,CThruK,PartInhibit,,LessThanAve,,LIGt0,Stability,LessUnstable,,ACEFK,PartInhibit,Moderate,,E,,XNIL,,LowMtsHighPl,Steep,Average,ModerateOrLe,OtherRapid,MoistMDryL,E_W_S,,,AllElse,Westerly,LV
,Neutral,Down,Neutral,Neutral,,Neutral,Neutral,Neutral,Clear,,Clear,Clear,,Strong,StrongWest,,Weak,Weak,Some,,,Negative,Decreasing,XNIL,Aug20_Sep15,A,AB,,LessThanAve,LessThanAve,,LIGt0,Stability,LessUnstable,LessUnstable,,,Moderate,,A,SVR,SVR,SVR,HighEvrywher,Stable,Average,,,,DenvCyclone,,QStationary,SWQuad,LVorOther,DenvCyclone
,,WeakUp,WeakUp,WeakUp,VeryWet,Neutral,Wet,,,Clear,,PC,,Strong,StrongWest,Strong,Weak,,Marked,LittleChange,LittleChange,,Decreasing,,Jun15_Jul1,G,CThruK,PartInhibit,Average,Average,G,,Neutral,Average,,GJ,,Moderate,Moderate,G,,SIG,SIG,LowEvrywhere,CloseToDryAd,Dry,CloseToDryAd,,Other,E_W_N,,,NWQuad,LVorOther,LongAnticyc
StrongUp,Down,WeakUp,WeakUp,WeakUp,Dry,Neutral,VeryWet,,Clear,,Clear,Clear,,Strong,DCVZFavor,Weak,Strong,Weak,,,Increasing,WeakPos,Increasing,,Aug20_Sep15,B,AB,,LessThanAve,LessThanAve,ABI,N1GtLIGt_4,Stability,LessUnstable,LessUnstable,B,TotalInhibit,,,,XNIL,,SIG,HighEvrywher,,Dry,ModerateOrLe,OtherRapid,DryMMoistL,DenvCyclone,SigNegative,,,LVorOther,DenvCyclone
Down,StronUp,StrongUp,Neutral,,Neutral,Wet,Wet,Wet,,,Clear,,,,,Strong,,,Some,,Increasing,Negative,,SVR,May15_Jun14,K,CThruK,,LessThanAve,LessThanAve,,,,LessUnstable,LessUnstable,,PartInhibit,,Strong,K,SVR,SVR,SVR,,ModerateOrLe,VeryMoist,ModerateOrLe,,DryMMoistL,,SigPositive,,AllElse,,
Down,WeakUp,Neutral,WeakUp,WeakUp,Dry,Dry,VeryWet,,PC,Clear,Clear,,,,Westerly,,,,,DecCapIncIns,Decreasing,Neutral,LittleChange,,Jul16_Aug10,D,CThruK,,Average,LessThanAve,,N5GtLIGt_8,Neutral,,,D,,,Strong,D,SIG,,SIG,LowMtsHighPl,,Dry,Steep,MarkedUpper,MoistMDryL,DryLine,PosToNeg,,NWQuad,,
StrongUp,Neutral,WeakUp,WeakUp,,,Neutral,Dry,Neutral,PC,,PC,,Strong,Strong,StrongWest,Strong,Strong,,Marked,,LittleChange,,Increasing,SIG,,K,,PartInhibit,Average,Average,K,N5GtLIGt_8,Instability,MoreUnstable,MoreUnstable,,,Strong,Strong,K,SVR,SVR,SVR,Other,,VeryMoist,,MarkedUpper,DryMMoistL,DryLine,SigNegative,,AllElse,,WidespdDnsl
Neutral,Neutral,,,Neutral,Dry,Dry,Wet,Wet,,Clear,Cloudy,Cloudy,,Strong,Westerly,Strong,,Weak,Some,IncCapDecIns,Increasing,WeakPos,Increasing,SIG,Jul16_Aug10,E,CThruK,,Average,,CDEJ,N1GtLIGt_4,Neutral,Average,MoreUnstable,,PartInhibit,Weak,Slight,E,XNIL,XNIL,,,,Average,CloseToDryAd,NoMajor,,,,Moving,SWQuad,LVorOther,LV
,StronUp,,StrongUp,,Dry,Dry,Wet,Wet,PC,,Clear,,,,DCVZFavor,Weak,Weak,Strong,Some,LittleChange,LittleChange,Neutral,LittleChange,XNIL,,I,,PartInhibit,Average,,ABI,LILt_8,,Average,MoreUnstable,HI,,Unfavorable,,I,SIG,SIG,SIG,LowMtsHighPl,,Average,,NoMajor,,,LittleChange,,SWQuad,Westerly,E_NE
Neutral,StronUp,,,StrongUp,VeryWet,Neutral,VeryWet,,Clear,,Clear,Clear,,Weak,,,,,,DecCapIncIns,,Negative,Decreasing,,Aug20_Sep15,B,AB,,,,ABI,N5GtLIGt_8,Instability,MoreUnstable,Average,B,,Moderate,Slight,,XNIL,XNIL,SIG,HighEvrywher,,,Steep,NoMajor,Other,E_W_S,,,,LVorOther,SEQuad
StrongUp,Neutral,Neutral,Neutral,Neutral,Dry,Wet,,Neutral,Clear,,Clear,,,Weak,,Strong,,Weak,Some,LittleChange,,,Increasing,XNIL,Jul16_Aug10,F,,,LessThanAve,,F,N1GtLIGt_4,,Average,MoreUnstable,ACEFK,,Weak,Strong,,XNIL,XNIL,,HighEvrywher,Steep,VeryMoist,ModerateOrLe,NoMajor,,E_W_N,SigNegative,,AllElse,,LV
Down,Neutral,,Down,Down,,Neutral,,,Clear,Clear,Clear,Clear,Weak,,StrongWest,Weak,Weak,Weak,,IncCapDecIns,Increasing,WeakPos,Decreasing,,Jul2_Jul15,B,AB,,LessThanAve,LessThanAve,ABI,N1GtLIGt_4,,,MoreUnstable,B,,Unfavorable,,B,XNIL,XNIL,,HighEvrywher,ModerateOrLe,Dry,CloseToDryAd,,MoistMDryL,DenvCyclone,PosToNeg,Other,,LVorOther,
WeakUp,Neutral,Down,Neutral,Neutral,,,,,PC,,,,Strong,Strong,Other,,,,,,Decreasing,,,XNIL,,J,,Stifling,MoreThanAve,LessThanAve,CDEJ,N5GtLIGt_8,Neutral,Average,Average,,,Strong,Moderate,,SVR,SVR,SVR,LowAtStation,Steep,,ModerateOrLe,NoMajor,,,LittleChange,,LV,,
StrongUp,WeakUp,,Down,Down,VeryWet,,,VeryWet,Cloudy,Cloudy,Cloudy,,Strong,Strong,Westerly,Strong,,,,IncCapDecIns,Increasing,StrongPos,LittleChange,SIG,Aug20_Sep15,K,CThruK,,,,,N1GtLIGt_4,Neutral,,,,,Moderate,Moderate,K,SVR,SVR,SVR,,Stable,Dry,ModerateOrLe,StrongFront,Other,MovingFtorOt,SigNegative,QStationary,,Westerly,WidespdDnsl
WeakUp,WeakUp,Neutral,,WeakUp,Neutral,Dry,Dry,,,,Cloudy,PC,Weak,Weak,Westerly,,,,,IncCapDecIns,,Negative,Decreasing,,Aug20_Sep15,C,CThruK,Stifling,,,,,,LessUnstable,,ACEFK,PartInhibit,,Moderate,C,,XNIL,SIG,,,Dry,,NoMajor,MoistMDryL,E_W_N,PosToNeg,,LV,LVorOther,LongAnticyc
Neutral,StronUp,,StrongUp,StrongUp,Wet,Neutral,,Wet,,,PC,,Weak,Strong,,Strong,Strong,,,,LittleChange,StrongPos,,,Aug20_Sep15,A,AB,PartInhibit,Average,Average,ABI,LIGt0,Instability,LessUnstable,,ACEFK,PartInhibit,Moderate,,A,,XNIL,SIG,,ModerateOrLe,,Steep,StrongFront,DryMMoistL,Other,,Other,SWQuad,Westerly,E_NE
,,,Neutral,Neutral,VeryWet,Neutral,VeryWet,VeryWet,Clear,Clear,Clear,PC,Weak,,StrongWest,,,Weak,Some,IncCapDecIns,,Negative,Increasing,SIG,May15_Jun14,K,CThruK,PartInhibit,Average,MoreThanAve,K,N1GtLIGt_4,Stability,Average,MoreUnstable,ACEFK,,Weak,,K,XNIL,XNIL,,Other,ModerateOrLe,,,,Other,MovingFtorOt,SigPositive,,NWQuad,Westerly,LongAnticyc
Neutral,Neutral,WeakUp,,WeakUp,Dry,Dry,,Neutral,Cloudy,PC,Cloudy,Cloudy,,Strong,Westerly,Strong,,Weak,Marked,DecCapIncIns,,Negative,,SVR,,E,CThruK,PartInhibit,,,CDEJ,N1GtLIGt_4,Instability,,,ACEFK,,Moderate,Strong,,XNIL,XNIL,SVR,LowAtStation,,,ModerateOrLe,NoMajor,,,SigNegative,,SWQuad,,LV
,Neutral,,Neutral,,Neutral,Neutral,,Wet,,Clear,,,,,Westerly,,,Weak,Some,,,Neutral,LittleChange,XNIL,May15_Jun14,,CThruK,,MoreThanAve,,CDEJ,,Instability,,MoreUnstable,ACEFK,PartInhibit,Moderate,,C,,XNIL,XNIL,,Steep,Dry,Steep,NoMajor,MoistMDryL,E_W_N,NegToPos,,AllElse,LVorOther,WidespdDnsl
Down,,Neutral,Down,,VeryWet,Dry,,Dry,PC,,,PC,,,,Strong,,Strong,,,LittleChange,Neutral,,XNIL,Jul16_Aug10,E,CThruK,Stifling,MoreThanAve,MoreThanAve,CDEJ,LILt_8,,Average,Average,ACEFK,,Weak,,,,,SVR,,ModerateOrLe,,,OtherRapid,MoistMDryL,,SigPositive,,SWQuad,Westerly,LV
Neutral,Neutral,StrongUp,,WeakUp,Neutral,Dry,Neutral,Neutral,Clear,PC,,Clear,Strong,Strong,DCVZFavor,Weak,Strong,Weak,Some,DecCapIncIns,Decreasing,WeakPos,LittleChange,SVR,,J,CThruK,PartInhibit,LessThanAve,LessThanAve,CDEJ,N5GtLIGt_8,Stability,,MoreUnstable,GJ,,,,J,XNIL,,SVR,LowAtStation,Steep,,,NoMajor,,DryLine,SigNegative,Other,LV,LVorOther,LV
,Neutral,Neutral,,Neutral,Wet,VeryWet,Wet,Wet,PC,PC,PC,PC,Weak,Strong,Westerly,,Strong,Strong,,LittleChange,,,,XNIL,Jul2_Jul15,E,CThruK,PartInhibit,Average,LessThanAve,CDEJ,LILt_8,Instability,MoreUnstable,MoreUnstable,,,Moderate,Moderate,,SVR,,SVR,,CloseToDryAd,,ModerateOrLe,NoMajor,Other,,LittleChange,,SWQuad,,
,Neutral,,WeakUp,WeakUp,,Dry,,VeryWet,,Clear,,PC,,Strong,DCVZFavor,Weak,,Weak,Marked,,Increasing,Negative,,,,E,CThruK,PartInhibit,Average,MoreThanAve,CDEJ,N1GtLIGt_4,Stability,Average,Average,ACEFK,,Moderate,Slight,E,,SIG,,LowEvrywhere,CloseToDryAd,,ModerateOrLe,NoMajor,,DenvCyclone,NegToPos,,SWQuad,Westerly,
WeakUp,WeakUp,Neutral,WeakUp,WeakUp,Dry,Dry,VeryWet,VeryWet,Clear,Clear,,,Weak,Strong,DCVZFavor,Weak,Weak,,Marked,,LittleChange,Negative,Decreasing,SIG,,I,CThruK,,LessThanAve,,,N1GtLIGt_4,Stability,,LessUnstable,HI,PartInhibit,Moderate,Moderate,I,SIG,,,,,Dry,CloseToDryAd,,,,SigNegative,QStationary,SWQuad,Westerly,
,WeakUp,Neutral,,Down,Neutral,Dry,,Dry,PC,Cloudy,PC,,,,Westerly,,,Weak,,LittleChange,,Negative,Decreasing,XNIL,Aug20_Sep15,B,AB,PartInhibit,MoreThanAve,MoreThanAve,ABI,LIGt0,Neutral,LessUnstable,LessUnstable,,PartInhibit,Weak,,B,XNIL,XNIL,XNIL,LowAtStation,Stable,,ModerateOrLe,NoMajor,Other,,LittleChange,Other,LV,,SEQuad
StrongUp,Neutral,Neutral,WeakUp,WeakUp,Wet,Wet,,,,Cloudy,Cloudy,,Strong,Strong,Westerly,,Weak,Weak,Marked,DecCapIncIns,,WeakPos,,,Jul16_Aug10,J,CThruK,,MoreThanAve,MoreThanAve,CDEJ,N1GtLIGt_4,Neutral,Average,Average,,,,Moderate,J,SIG,,SIG,LowEvrywhere,CloseToDryAd,,Steep,,Other,,,,LV,,LV
,StronUp,Neutral,WeakUp,WeakUp,Neutral,Dry,Dry,,Clear,Clear,PC,Clear,Strong,,StrongWest,Strong,Weak,Weak,,IncCapDecIns,Increasing,,Increasing,SVR,Jul16_Aug10,A,,,LessThanAve,Average,,N1GtLIGt_4,,LessUnstable,LessUnstable,ACEFK,Stifling,Weak,,,,,SVR,HighEvrywher,,VeryMoist,,MarkedUpper,Other,E_W_S,PosToNeg,Other,SWQuad,Westerly,DenvCyclone
WeakUp,Neutral,Down,Down,Down,,,Neutral,Neutral,,PC,Clear,Clear,,,,,,,,LittleChange,LittleChange,Neutral,LittleChange,,Jul16_Aug10,,,Stifling,,MoreThanAve,CDEJ,LIGt0,Stability,LessUnstable,LessUnstable,ACEFK,,Weak,,C,,XNIL,XNIL,LowAtStation,,Dry,ModerateOrLe,,MoistMDryL,E_W_N,LittleChange,,SWQuad,,
,Neutral,Down,Neutral,Neutral,Neutral,VeryWet,VeryWet,VeryWet,PC,PC,PC,PC,,,Westerly,,,,,LittleChange,LittleChange,,,,Aug20_Sep15,C,CThruK,Stifling,MoreThanAve,MoreThanAve,CDEJ,LIGt0,Stability,LessUnstable,LessUnstable,ACEFK,PartInhibit,Weak,,,XNIL,XNIL,SIG,,,Average,ModerateOrLe,NoMajor,MoistMDryL,E_W_N,NegToPos,,,Westerly,
WeakUp,Neutral,WeakUp,,WeakUp,VeryWet,,Dry,Wet,PC,Clear,PC,PC,,,DCVZFavor,Weak,,,,IncCapDecIns,Increasing,Neutral,,XNIL,Aug20_Sep15,K,CThruK,PartInhibit,Average,MoreThanAve,K,N5GtLIGt_8,,Average,Average,ACEFK,,,Slight,,XNIL,,,LowNHighS,Steep,VeryMoist,CloseToDryAd,MarkedUpper,,,SigPositive,,AllElse,,WidespdDnsl
StrongUp,Neutral,,Neutral,Neutral,,Neutral,,VeryWet,Clear,Clear,Clear,,Strong,,StrongWest,,,Weak,Some,LittleChange,LittleChange,WeakPos,LittleChange,SIG,Jun15_Jul1,B,AB,,LessThanAve,,ABI,N1GtLIGt_4,,LessUnstable,LessUnstable,B,,,,B,,SIG,SIG,,,Average,CloseToDryAd,,Other,DenvCyclone,NegToPos,,,,
,,,,StrongUp,Neutral,Neutral,Neutral,Wet,Clear,PC,PC,PC,Weak,Strong,Westerly,,,Weak,Some,LittleChange,,Neutral,LittleChange,XNIL,May15_Jun14,,,PartInhibit,,LessThanAve,ABI,,Neutral,,MoreUnstable,HI,,Weak,Slight,I,SVR,SVR,,,CloseToDryAd,,Steep,OtherRapid,DryMMoistL,MovingFtorOt,SigNegative,QStationary,,,E_NE
StrongUp,Down,Neutral,Neutral,,,Wet,Neutral,Neutral,PC,,,,,,StrongWest,Strong,,Weak,Some,LittleChange,LittleChange,StrongPos,,SVR,,I,CThruK,PartInhibit,,LessThanAve,ABI,N1GtLIGt_4,Neutral,Average,Average,HI,Stifling,,,I,XNIL,XNIL,,LowSHighN,ModerateOrLe,Dry,CloseToDryAd,StrongFront,DryMMoistL,E_W_S,,,LV,LVorOther,LV
,,Neutral,Neutral,,Neutral,,,Neutral,PC,PC,,Cloudy,Strong,Strong,,,Weak,Weak,,LittleChange,LittleChange,Negative,Increasing,SIG,Jul16_Aug10,B,AB,Stifling,Average,Average,,N1GtLIGt_4,Instability,Average,,B,,,Strong,B,,,SIG,LowMtsHighPl,Stable,Average,ModerateOrLe,NoMajor,,MovingFtorOt,,Moving,AllElse,Westerly,DenvCyclone
,WeakUp,StrongUp,StrongUp,StrongUp,Neutral,Wet,Wet,VeryWet,Clear,Cloudy,Clear,,,Weak,DCVZFavor,Weak,,Weak,Some,,LittleChange,,,SIG,,E,,PartInhibit,Average,Average,CDEJ,N5GtLIGt_8,Instability,Average,LessUnstable,ACEFK,PartInhibit,Weak,Moderate,E,XNIL,XNIL,SIG,,,,Steep,MarkedUpper,,,NegToPos,,,Westerly,DenvCyclone
Down,,Neutral,Neutral,Neutral,Neutral,Dry,Neutral,,Clear,Clear,,Clear,,Weak,Westerly,,,,,DecCapIncIns,Decreasing,,Increasing,XNIL,,D,CThruK,TotalInhibit,MoreThanAve,Average,CDEJ,N1GtLIGt_4,Stability,,,D,TotalInhibit,Moderate,,D,XNIL,XNIL,XNIL,,,Average,CloseToDryAd,,,,,QStationary,NWQuad,Westerly,
StrongUp,StronUp,Neutral,WeakUp,WeakUp,Neutral,,Dry,Neutral,,Clear,,Cloudy,Weak,,,Strong,,Weak,,,Increasing,Neutral,,SIG,,I,CThruK,,Average,,ABI,LILt_8,Neutral,MoreUnstable,,HI,,Moderate,Strong,,XNIL,,,LowSHighN,,,ModerateOrLe,NoMajor,DryMMoistL,E_W_S,SigPositive,,LV,Westerly,DenvCyclone
StrongUp,Down,Neutral,StrongUp,StrongUp,Wet,Dry,Wet,VeryWet,,Clear,,PC,Strong,Strong,DCVZFavor,Strong,,Weak,Marked,,Increasing,WeakPos,Increasing,SIG,Jul2_Jul15,,CThruK,,Average,MoreThanAve,H,,Instability,,,,PartInhibit,Strong,Strong,H,,XNIL,SIG,LowMtsHighPl,ModerateOrLe,Average,ModerateOrLe,,DryMMoistL,Other,,,LV,,
Neutral,,,Neutral,Neutral,VeryWet,,,VeryWet,Clear,,PC,Cloudy,Strong,Strong,StrongWest,Strong,,Weak,Marked,IncCapDecIns,Increasing,,LittleChange,SIG,Jul2_Jul15,J,CThruK,PartInhibit,Average,MoreThanAve,CDEJ,N1GtLIGt_4,Stability,LessUnstable,LessUnstable,GJ,PartInhibit,,Moderate,,XNIL,XNIL,SIG,LowAtStation,Stable,Average,,NoMajor,DryMMoistL,,LittleChange,,LV,LVorOther,LV
,,,,Down,,Neutral,Wet,Wet,PC,Cloudy,Cloudy,Cloudy,,,StrongWest,,Weak,Weak,,IncCapDecIns,Increasing,WeakPos,Increasing,,Aug20_Sep15,E,CThruK,PartInhibit,Average,MoreThanAve,CDEJ,N5GtLIGt_8,Neutral,MoreUnstable,MoreUnstable,ACEFK,,Unfavorable,Slight,E,XNIL,XNIL,,LowAtStation,Stable,Dry,,OtherRapid,,MovingFtorOt,PosToNeg,,,,DenvCyclone
,Neutral,Neutral,,WeakUp,Dry,,Dry,Neutral,PC,Clear,Clear,Clear,,,DCVZFavor,,,,,LittleChange,LittleChange,,Increasing,XNIL,,B,AB,PartInhibit,Average,Average,ABI,N1GtLIGt_4,Stability,,,B,,Moderate,Moderate,B,XNIL,XNIL,XNIL,LowSHighN,ModerateOrLe,,,NoMajor,,,LittleChange,,SWQuad,,
StrongUp,,,Neutral,,Wet,Wet,,Neutral,,PC,,PC,,,Westerly,,Weak,,,,LittleChange,Neutral,,XNIL,,K,,PartInhibit,Average,Average,K,LILt_8,Stability,MoreUnstable,MoreUnstable,ACEFK,,Moderate,Strong,K,SIG,SIG,SIG,LowEvrywhere,Steep,Average,Steep,StrongFront,DryMMoistL,,NegToPos,,NWQuad,Westerly,
Down,Neutral,WeakUp,,Neutral,,,Dry,,PC,Cloudy,PC,PC,Strong,Strong,DCVZFavor,Strong,,Weak,Marked,LittleChange,,Neutral,,SIG,Aug20_Sep15,,CThruK,TotalInhibit,MoreThanAve,MoreThanAve,K,N1GtLIGt_4,Stability,Average,,ACEFK,Stifling,Strong,,K,,SVR,SVR,LowAtStation,ModerateOrLe,,Steep,StrongFront,,,SigPositive,Other,NWQuad,,
StrongUp,Down,Neutral,Neutral,Neutral,Neutral,Neutral,,Neutral,PC,PC,,PC,,,DCVZFavor,,,,,,,,,XNIL,May15_Jun14,K,,Stifling,MoreThanAve,MoreThanAve,,N5GtLIGt_8,,MoreUnstable,LessUnstable,ACEFK,,,,,XNIL,XNIL,XNIL,,,,ModerateOrLe,StrongFront,DryMMoistL,DryLine,SigNegative,,NWQuad,,WidespdDnsl
StrongUp,Down,Neutral,Neutral,Neutral,Neutral,VeryWet,Wet,Wet,PC,Clear,,,Weak,Strong,DCVZFavor,Strong,,Weak,Marked,,LittleChange,Negative,Decreasing,,May15_Jun14,B,AB,TotalInhibit,MoreThanAve,MoreThanAve,ABI,N5GtLIGt_8,Stability,Average,LessUnstable,B,Stifling,Weak,Moderate,,SIG,,SVR,LowAtStation,Stable,Average,Steep,NoMajor,DryMMoistL,DenvCyclone,,,SWQuad,LVorOther,E_NE
Down,Neutral,WeakUp,Neutral,,Wet,Wet,VeryWet,VeryWet,PC,,Clear,,Weak,Weak,StrongWest,Weak,,Weak,,DecCapIncIns,Decreasing,Negative,,,May15_Jun14,G,,Stifling,,Average,G,N1GtLIGt_4,Stability,Average,,,PartInhibit,Moderate,Moderate,G,XNIL,XNIL,SIG,LowSHighN,CloseToDryAd,Average,CloseToDryAd,,,Other,NegToPos,,SWQuad,Westerly,SEQuad
StrongUp,,Down,WeakUp,WeakUp,,,VeryWet,VeryWet,PC,Clear,PC,Cloudy,,,Other,,Weak,Weak,,IncCapDecIns,,WeakPos,,,Aug20_Sep15,K,CThruK,,Average,MoreThanAve,K,N5GtLIGt_8,,MoreUnstable,MoreUnstable,,PartInhibit,,Slight,K,,XNIL,,LowNHighS,,,,MarkedUpper,,DenvCyclone,SigPositive,QStationary,SWQuad,LVorOther,
,WeakUp,WeakUp,WeakUp,WeakUp,VeryWet,Wet,VeryWet,,,,PC,PC,Strong,,StrongWest,Strong,,,,LittleChange,LittleChange,,LittleChange,SVR,Aug20_Sep15,G,,PartInhibit,Average,Average,G,N1GtLIGt_4,Stability,MoreUnstable,MoreUnstable,GJ,,Moderate,Slight,G,XNIL,XNIL,SVR,LowNHighS,Steep,Dry,,NoMajor,Other,,LittleChange,,NWQuad,LVorOther,LV
WeakUp,Neutral,WeakUp,Neutral,Neutral,Wet,Neutral,Neutral,Neutral,Clear,Clear,Clear,Clear,Strong,,Other,Weak,Weak,Weak,Some,,,Neutral,,SIG,Jul16_Aug10,E,,PartInhibit,,,CDEJ,N1GtLIGt_4,,LessUnstable,LessUnstable,,,,,E,XNIL,SVR,SVR,LowMtsHighPl,,Dry,ModerateOrLe,NoMajor,MoistMDryL,,,,SWQuad,LVorOther,LV
,Neutral,Neutral,,Neutral,Neutral,,,Neutral,Clear,PC,Clear,,,,DCVZFavor,,,,,,Increasing,Neutral,,XNIL,Jun15_Jul1,E,CThruK,PartInhibit,LessThanAve,LessThanAve,,N1GtLIGt_4,Instability,MoreUnstable,MoreUnstable,ACEFK,,,,E,SIG,SIG,SIG,Other,,VeryMoist,ModerateOrLe,OtherRapid,Other,Other,,,NWQuad,,LV
StrongUp,,Neutral,,Neutral,Neutral,,,Neutral,PC,Clear,PC,,,,StrongWest,,,,,,LittleChange,Neutral,Increasing,,Aug20_Sep15,,AB,,LessThanAve,LessThanAve,ABI,N1GtLIGt_4,,MoreUnstable,MoreUnstable,B,,Weak,Slight,,,SIG,SIG,LowAtStation,,Average,,,Other,,,,SWQuad,,E_NE
,Neutral,Neutral,Neutral,Neutral,,Wet,,Neutral,PC,,PC,PC,,,,,Weak,,,LittleChange,LittleChange,Negative,Decreasing,XNIL,May15_Jun14,,,PartInhibit,Average,Average,,N5GtLIGt_8,Stability,,,,,Weak,,C,XNIL,XNIL,XNIL,LowEvrywhere,Steep,Dry,CloseToDryAd,NoMajor,Other,,SigPositive,Other,NWQuad,Westerly,LongAnticyc
,,Down,WeakUp,WeakUp,Neutral,Dry,Neutral,,,Clear,Clear,,Strong,,StrongWest,,,Strong,Some,LittleChange,,Negative,Decreasing,,,E,CThruK,,Average,,CDEJ,N1GtLIGt_4,Neutral,MoreUnstable,,ACEFK,Stifling,Weak,,E,XNIL,,SIG,LowNHighS,,Average,Steep,NoMajor,,DryLine,LittleChange,,,Westerly,LV
Neutral,,,Neutral,,,,Neutral,Neutral,PC,,PC,,,Weak,DCVZFavor,,Weak,Weak,,IncCapDecIns,Increasing,,Increasing,,Jun15_Jul1,C,CThruK,Stifling,Average,Average,CDEJ,N1GtLIGt_4,,LessUnstable,LessUnstable,,Stifling,Weak,,C,XNIL,XNIL,SIG,LowMtsHighPl,Steep,Average,ModerateOrLe,,DryMMoistL,E_W_N,LittleChange,Moving,NWQuad,Westerly,LongAnticyc
Neutral,,StrongUp,Neutral,Neutral,Dry,Neutral,Dry,Dry,PC,Clear,Clear,Clear,,,,,Weak,,,LittleChange,,Neutral,Increasing,XNIL,Jul16_Aug10,B,AB,TotalInhibit,,,,,,LessUnstable,,B,PartInhibit,,,B,,XNIL,XNIL,,,Dry,CloseToDryAd,StrongFront,,DryLine,LittleChange,Other,LV,LVorOther,E_NE
StrongUp,,Down,StrongUp,,Wet,,,VeryWet,Clear,PC,Clear,Clear,,,Westerly,,,Weak,,DecCapIncIns,,Neutral,Increasing,XNIL,May15_Jun14,A,AB,PartInhibit,,LessThanAve,ABI,,Stability,,MoreUnstable,ACEFK,PartInhibit,Strong,,A,SVR,SVR,SVR,LowMtsHighPl,Stable,Average,Steep,StrongFront,DryMMoistL,E_W_S,PosToNeg,,SWQuad,Westerly,LV
StrongUp,Neutral,Down,,,Neutral,VeryWet,Wet,Wet,,PC,PC,PC,Strong,Strong,DCVZFavor,Strong,,Strong,Marked,DecCapIncIns,Decreasing,Neutral,Decreasing,SVR,Aug11_Aug20,E,CThruK,,Average,,,N1GtLIGt_4,Stability,LessUnstable,,ACEFK,PartInhibit,,Slight,,XNIL,,,LowSHighN,,Dry,ModerateOrLe,,MoistMDryL,E_W_N,LittleChange,,,Westerly,
StrongUp,Neutral,Down,,Neutral,Wet,,Wet,Wet,Clear,Clear,,,,,Westerly,,Weak,Weak,,,,Neutral,Increasing,,Aug20_Sep15,C,,,LessThanAve,LessThanAve,CDEJ,,Neutral,Average,MoreUnstable,,Stifling,Weak,,,,XNIL,XNIL,LowEvrywhere,,,Steep,,Other,,,,NWQuad,Westerly,LongAnticyc
,Down,Down,Down,Down,Neutral,Neutral,Neutral,Dry,Cloudy,,Cloudy,PC,Strong,Strong,Other,Strong,,,,IncCapDecIns,Increasing,Negative,,XNIL,May15_Jun14,B,AB,PartInhibit,MoreThanAve,MoreThanAve,,N1GtLIGt_4,Instability,Average,,B,PartInhibit,,Moderate,B,XNIL,XNIL,XNIL,,Steep,Average,Steep,NoMajor,Other,E_W_S,PosToNeg,Moving,LV,LVorOther,DenvCyclone
,Down,,Neutral,Neutral,Neutral,Neutral,Neutral,,Clear,PC,Clear,Clear,,,DCVZFavor,,,,,DecCapIncIns,Decreasing,StrongPos,,,May15_Jun14,,CThruK,PartInhibit,Average,Average,,N1GtLIGt_4,Neutral,Average,Average,GJ,PartInhibit,Strong,,G,,SIG,,,Steep,Dry,CloseToDryAd,,MoistMDryL,Other,LittleChange,,,Westerly,LV
WeakUp,,StrongUp,WeakUp,WeakUp,Dry,Neutral,,VeryWet,Clear,,Clear,Clear,Strong,Strong,DCVZFavor,Weak,,,Marked,LittleChange,LittleChange,Neutral,LittleChange,SVR,,E,CThruK,,LessThanAve,,,N1GtLIGt_4,Neutral,MoreUnstable,MoreUnstable,ACEFK,,Strong,Strong,E,SIG,,,LowAtStation,,Average,ModerateOrLe,NoMajor,DryMMoistL,Other,,,SWQuad,,LV
WeakUp,WeakUp,StrongUp,StrongUp,StrongUp,Neutral,Neutral,Dry,,PC,PC,PC,Cloudy,,,Westerly,,,,,,,,Increasing,XNIL,Aug20_Sep15,,AB,,Average,MoreThanAve,ABI,LIGt0,Neutral,LessUnstable,,B,,Moderate,Slight,B,SVR,SVR,,,Steep,,,MarkedUpper,,,,Other,AllElse,LVorOther,
Down,StronUp,,Down,Down,,VeryWet,Wet,Wet,,Clear,PC,Clear,Strong,Strong,Other,,,,,IncCapDecIns,,,Increasing,,Jul16_Aug10,E,CThruK,TotalInhibit,MoreThanAve,MoreThanAve,CDEJ,N5GtLIGt_8,Instability,LessUnstable,,,,,Slight,E,SIG,SIG,SVR,LowNHighS,CloseToDryAd,Dry,,NoMajor,,,PosToNeg,,LV,Westerly,
WeakUp,Down,WeakUp,Neutral,Neutral,Neutral,,,,Cloudy,PC,,Cloudy,,,DCVZFavor,,Strong,Weak,Marked,LittleChange,LittleChange,WeakPos,,,Jul16_Aug10,J,CThruK,PartInhibit,LessThanAve,,CDEJ,N1GtLIGt_4,Instability,MoreUnstable,,GJ,PartInhibit,Strong,Strong,J,SVR,SVR,,,Steep,VeryMoist,,NoMajor,DryMMoistL,,LittleChange,,LV,LVorOther,
Down,Neutral,Neutral,Neutral,Neutral,Wet,,,,Clear,Clear,Clear,,Weak,Strong,StrongWest,Strong,Strong,Strong,,IncCapDecIns,Increasing,StrongPos,,SVR,Jun15_Jul1,C,CThruK,Stifling,MoreThanAve,,CDEJ,,Stability,Average,MoreUnstable,ACEFK,,,Moderate,C,XNIL,XNIL,,LowEvrywhere,Steep,Dry,CloseToDryAd,OtherRapid,DryMMoistL,E_W_N,NegToPos,,NWQuad,LVorOther,LongAnticyc
Neutral,Neutral,,,Neutral,Dry,Neutral,Dry,Dry,PC,Cloudy,,Cloudy,Weak,,StrongWest,Strong,,Strong,,,Increasing,StrongPos,Increasing,SIG,Jul2_Jul15,,CThruK,,LessThanAve,,CDEJ,,Stability,LessUnstable,Average,ACEFK,PartInhibit,Unfavorable,,,XNIL,XNIL,SIG,LowNHighS,,Average,Steep,NoMajor,,E_W_N,PosToNeg,,SWQuad,Westerly,
Neutral,Neutral,,,,Dry,,,Dry,Clear,,Clear,Clear,,,StrongWest,,,Weak,,IncCapDecIns,Increasing,,,XNIL,Jul16_Aug10,,,,LessThanAve,Average,CDEJ,,Stability,LessUnstable,LessUnstable,,PartInhibit,,,C,XNIL,,XNIL,,,,Steep,NoMajor,Other,,NegToPos,Moving,NWQuad,LVorOther,LongAnticyc
Neutral,Neutral,Down,Neutral,Neutral,Dry,Neutral,Dry,Neutral,PC,PC,Cloudy,Cloudy,Strong,Strong,,,Strong,Weak,Marked,LittleChange,LittleChange,,Increasing,SVR,Jul2_Jul15,G,CThruK,PartInhibit,LessThanAve,LessThanAve,G,N1GtLIGt_4,,Average,Average,GJ,TotalInhibit,,Slight,G,,XNIL,,LowSHighN,CloseToDryAd,Dry,CloseToDryAd,MarkedUpper,MoistMDryL,,LittleChange,,SWQuad,Westerly,SEQuad
WeakUp,Neutral,Neutral,,Neutral,Neutral,Wet,Wet,Wet,PC,Clear,PC,,,,Other,,,Weak,,IncCapDecIns,Increasing,,LittleChange,XNIL,Jun15_Jul1,,,,LessThanAve,LessThanAve,G,,Neutral,Average,MoreUnstable,GJ,PartInhibit,Weak,Slight,G,,SIG,SIG,LowEvrywhere,,Dry,CloseToDryAd,MarkedUpper,MoistMDryL,Other,,,,,LV
,WeakUp,Neutral,WeakUp,WeakUp,VeryWet,,VeryWet,VeryWet,,,Clear,PC,Weak,Strong,Westerly,,,Weak,,IncCapDecIns,Increasing,Negative,Increasing,SVR,Aug20_Sep15,K,CThruK,PartInhibit,MoreThanAve,MoreThanAve,,N1GtLIGt_4,Instability,LessUnstable,Average,,,,,K,XNIL,XNIL,SVR,LowNHighS,ModerateOrLe,,ModerateOrLe,StrongFront,DryMMoistL,,NegToPos,,NWQuad,Westerly,LongAnticyc
Neutral,Down,Down,Down,Down,,,VeryWet,Wet,Clear,,Clear,Clear,Strong,Strong,Westerly,Weak,,Weak,Some,LittleChange,LittleChange,,Increasing,,Jul2_Jul15,D,,Stifling,,Average,CDEJ,,Neutral,LessUnstable,,D,,Moderate,Strong,,XNIL,XNIL,SIG,,,,,MarkedUpper,DryMMoistL,,PosToNeg,,NWQuad,LVorOther,
Down,Down,Neutral,Down,,Dry,Dry,Neutral,,Clear,Clear,Clear,Clear,Strong,,,Strong,Weak,Strong,Marked,LittleChange,LittleChange,Neutral,LittleChange,,Aug20_Sep15,G,CThruK,PartInhibit,MoreThanAve,MoreThanAve,,N5GtLIGt_8,Stability,Average,Average,,PartInhibit,,Moderate,G,SIG,,SVR,LowAtStation,Steep,Dry,CloseToDryAd,MarkedUpper,,Other,LittleChange,,,,WidespdDnsl
Down,Down,Neutral,Neutral,,,Dry,VeryWet,Wet,Clear,PC,PC,PC,,,,,,Weak,,DecCapIncIns,Decreasing,Negative,,XNIL,,B,AB,,,LessThanAve,ABI,,Stability,,LessUnstable,B,PartInhibit,,,B,,XNIL,XNIL,LowEvrywhere,Steep,Average,Steep,,Other,,LittleChange,,AllElse,,SEQuad
Down,Down,Neutral,Down,Down,Neutral,Dry,,Neutral,,PC,Cloudy,,Weak,Strong,DCVZFavor,Weak,Weak,Weak,Marked,LittleChange,,,Decreasing,XNIL,Jul16_Aug10,G,CThruK,,LessThanAve,,G,,Stability,,,,,,,G,XNIL,,XNIL,LowAtStation,Steep,Dry,CloseToDryAd,NoMajor,MoistMDryL,Other,PosToNeg,,,Westerly,
,,StrongUp,,,,Dry,Dry,,Clear,Cloudy,Clear,Clear,Weak,Strong,,,Weak,Strong,Marked,LittleChange,LittleChange,Neutral,Decreasing,XNIL,Jul16_Aug10,J,,,LessThanAve,LessThanAve,,,Instability,Average,,GJ,,,Strong,J,XNIL,XNIL,XNIL,LowSHighN,Stable,Average,ModerateOrLe,NoMajor,,E_W_S,LittleChange,,LV,LVorOther,LV
Down,Down,Neutral,,Down,,,Wet,Wet,Clear,Clear,PC,Clear,Strong,,Other,,,Weak,,LittleChange,LittleChange,Neutral,LittleChange,SIG,Jun15_Jul1,,CThruK,PartInhibit,Average,Average,CDEJ,LILt_8,Stability,LessUnstable,LessUnstable,,,,Slight,D,XNIL,XNIL,SIG,LowAtStation,CloseToDryAd,,CloseToDryAd,,Other,,,,NWQuad,LVorOther,LV
StrongUp,Neutral,Neutral,WeakUp,WeakUp,VeryWet,Wet,VeryWet,VeryWet,Cloudy,Cloudy,,Cloudy,Weak,,Other,,Weak,,Some,IncCapDecIns,Increasing,WeakPos,Increasing,XNIL,Jul16_Aug10,E,CThruK,PartInhibit,Average,MoreThanAve,CDEJ,,Neutral,MoreUnstable,MoreUnstable,ACEFK,,Unfavorable,,,SVR,,SVR,HighEvrywher,CloseToDryAd,,,NoMajor,MoistMDryL,Other,LittleChange,,AllElse,Westerly,WidespdDnsl
Neutral,Down,,Neutral,Neutral,,,Dry,Dry,Clear,Cloudy,PC,PC,,,DCVZFavor,,,Weak,,LittleChange,,,LittleChange,XNIL,May15_Jun14,H,CThruK,,,LessThanAve,H,N1GtLIGt_4,Stability,,LessUnstable,HI,PartInhibit,Weak,,H,XNIL,XNIL,,,Stable,VeryMoist,CloseToDryAd,,DryMMoistL,,SigNegative,Moving,NWQuad,LVorOther,E_NE
WeakUp,,Neutral,,WeakUp,Wet,Dry,Dry,Neutral,Clear,,PC,PC,,Weak,Other,,,,,LittleChange,LittleChange,WeakPos,Increasing,,,I,CThruK,,MoreThanAve,MoreThanAve,ABI,N1GtLIGt_4,Stability,,MoreUnstable,HI,PartInhibit,Weak,,I,,SVR,SVR,,CloseToDryAd,Average,Steep,NoMajor,MoistMDryL,MovingFtorOt,LittleChange,QStationary,SWQuad,LVorOther,DenvCyclone
Neutral,,,Down,Down,Dry,,Dry,Dry,PC,Clear,Clear,Clear,,Strong,Westerly,,,Weak,,,Increasing,,,SIG,Jul16_Aug10,E,CThruK,,Average,Average,CDEJ,LILt_8,,MoreUnstable,,,,Moderate,Slight,E,,SVR,SVR,LowSHighN,Steep,Dry,,NoMajor,MoistMDryL,,NegToPos,,SWQuad,Westerly,
Neutral,Down,Neutral,Down,,Wet,Neutral,Neutral,,Clear,Clear,Clear,Clear,,Strong,,Strong,,Weak,Marked,IncCapDecIns,,Negative,LittleChange,XNIL,Jul16_Aug10,D,CThruK,,LessThanAve,Average,CDEJ,N1GtLIGt_4,Instability,MoreUnstable,,D,PartInhibit,Weak,,D,XNIL,XNIL,XNIL,LowAtStation,ModerateOrLe,Average,ModerateOrLe,StrongFront,,DryLine,SigNegative,,,Westerly,SEQuad
Down,,StrongUp,Neutral,,Neutral,Dry,,,,Clear,Clear,Clear,Weak,Strong,,Strong,,,,,Decreasing,Negative,Decreasing,SIG,Aug11_Aug20,J,CThruK,,LessThanAve,LessThanAve,CDEJ,LILt_8,,,,GJ,PartInhibit,Strong,Strong,J,,XNIL,SIG,LowMtsHighPl,Steep,VeryMoist,CloseToDryAd,NoMajor,MoistMDryL,,,,LV,LVorOther,LV
StrongUp,Neutral,Neutral,WeakUp,WeakUp,Neutral,Neutral,Wet,Wet,PC,Clear,,Clear,Strong,Strong,,Weak,,,Some,LittleChange,LittleChange,Negative,Decreasing,,May15_Jun14,B,AB,PartInhibit,LessThanAve,LessThanAve,ABI,N5GtLIGt_8,,MoreUnstable,,,,,,B,,SVR,SVR,LowMtsHighPl,Stable,,Steep,NoMajor,,DenvCyclone,,,LV,LVorOther,DenvCyclone
WeakUp,Neutral,,Neutral,Neutral,Neutral,Dry,Neutral,VeryWet,PC,Clear,Clear,Clear,Weak,Strong,,Strong,Weak,Weak,,LittleChange,,,Decreasing,,Aug20_Sep15,,CThruK,PartInhibit,,Average,K,N1GtLIGt_4,Stability,Average,LessUnstable,,TotalInhibit,Strong,,K,,XNIL,SIG,,,,CloseToDryAd,StrongFront,Other,,SigPositive,Other,,LVorOther,WidespdDnsl
Down,Neutral,StrongUp,StrongUp,,,VeryWet,Wet,Wet,PC,,,Cloudy,,,StrongWest,,,,,LittleChange,LittleChange,,Decreasing,XNIL,Jul2_Jul15,,CThruK,PartInhibit,LessThanAve,LessThanAve,G,N5GtLIGt_8,Instability,Average,LessUnstable,GJ,TotalInhibit,Weak,,G,XNIL,XNIL,XNIL,LowEvrywhere,CloseToDryAd,Dry,CloseToDryAd,,,DryLine,SigNegative,,NWQuad,Westerly,
StrongUp,Neutral,Down,,Neutral,Neutral,Neutral,Neutral,,PC,,,PC,,,StrongWest,,Strong,,,DecCapIncIns,,WeakPos,LittleChange,XNIL,May15_Jun14,C,,,Average,,CDEJ,N1GtLIGt_4,Stability,LessUnstable,LessUnstable,ACEFK,PartInhibit,Weak,,C,XNIL,,XNIL,LowNHighS,Steep,Average,ModerateOrLe,,DryMMoistL,,NegToPos,QStationary,,Westerly,LongAnticyc
Neutral,StronUp,StrongUp,StrongUp,StrongUp,Dry,,,VeryWet,PC,PC,PC,Cloudy,Weak,Strong,StrongWest,Strong,Weak,,Marked,IncCapDecIns,Increasing,,,XNIL,Jul16_Aug10,J,,,LessThanAve,MoreThanAve,,,,,,GJ,PartInhibit,Moderate,,,XNIL,XNIL,,,ModerateOrLe,,Steep,,MoistMDryL,DryLine,LittleChange,,LV,,
,WeakUp,WeakUp,WeakUp,WeakUp,Neutral,Neutral,Neutral,Neutral,Clear,Clear,Clear,Clear,Strong,Strong,,Strong,,Strong,Some,LittleChange,,Neutral,Increasing,SIG,May15_Jun14,K,CThruK,PartInhibit,Average,,K,,Stability,Average,MoreUnstable,ACEFK,PartInhibit,Weak,,,XNIL,XNIL,,,ModerateOrLe,,,StrongFront,,E_W_N,,Moving,NWQuad,LVorOther,WidespdDnsl
,StronUp,,,Neutral,,Dry,,Neutral,Clear,PC,Clear,Clear,Weak,Strong,StrongWest,Weak,Weak,Weak,,IncCapDecIns,Increasing,,LittleChange,,May15_Jun14,G,CThruK,Stifling,MoreThanAve,MoreThanAve,G,N1GtLIGt_4,Instability,MoreUnstable,MoreUnstable,GJ,PartInhibit,,Moderate,G,XNIL,XNIL,,LowSHighN,CloseToDryAd,Dry,Steep,NoMajor,,,,Other,,Westerly,LongAnticyc
StrongUp,Neutral,StrongUp,StrongUp,StrongUp,VeryWet,Neutral,,,Cloudy,PC,PC,Cloudy,,Weak,Westerly,Strong,Weak,,Marked,IncCapDecIns,Increasing,,Increasing,XNIL,Jul2_Jul15,,CThruK,,Average,MoreThanAve,K,N1GtLIGt_4,Stability,Average,,ACEFK,PartInhibit,Weak,Moderate,K,XNIL,XNIL,XNIL,LowMtsHighPl,,VeryMoist,Steep,StrongFront,MoistMDryL,DenvCyclone,SigNegative,,AllElse,Westerly,
,Neutral,WeakUp,WeakUp,WeakUp,VeryWet,Neutral,Neutral,Neutral,Cloudy,,Cloudy,Cloudy,,,StrongWest,,Strong,,,IncCapDecIns,Increasing,,Decreasing,XNIL,Aug20_Sep15,D,CThruK,,,LessThanAve,CDEJ,N1GtLIGt_4,Neutral,Average,LessUnstable,D,,Weak,,,XNIL,,XNIL,LowAtStation,CloseToDryAd,Dry,CloseToDryAd,OtherRapid,MoistMDryL,,SigPositive,,AllElse,LVorOther,
StrongUp,Neutral,WeakUp,WeakUp,WeakUp,Neutral,,Wet,Wet,Clear,Clear,,,,,Westerly,Strong,,Weak,,IncCapDecIns,Increasing,WeakPos,,XNIL,May15_Jun14,B,AB,,LessThanAve,,,N1GtLIGt_4,,LessUnstable,LessUnstable,B,PartInhibit,Moderate,Slight,B,,,XNIL,HighEvrywher,Steep,VeryMoist,Steep,NoMajor,DryMMoistL,DenvCyclone,,Other,AllElse,Westerly,DenvCyclone
StrongUp,Down,Down,Down,Down,VeryWet,Neutral,,Dry,Clear,Clear,Clear,Clear,,Strong,StrongWest,Strong,,Strong,Marked,IncCapDecIns,Increasing,,Increasing,SIG,Jul16_Aug10,B,AB,PartInhibit,,Average,,,Stability,,,,,Moderate,Strong,,SVR,SVR,SVR,LowEvrywhere,,VeryMoist,ModerateOrLe,,Other,Other,LittleChange,QStationary,SWQuad,,DenvCyclone
,Neutral,Neutral,WeakUp,WeakUp,,Neutral,Wet,Wet,PC,Clear,Clear,PC,Strong,Strong,,Weak,Weak,,,LittleChange,LittleChange,Negative,Decreasing,SVR,Aug20_Sep15,,,Stifling,MoreThanAve,Average,CDEJ,,Stability,,Average,,PartInhibit,Weak,,D,,,SVR,LowMtsHighPl,CloseToDryAd,,CloseToDryAd,,DryMMoistL,Other,PosToNeg,Other,NWQuad,,SEQuad
,Neutral,WeakUp,WeakUp,,Neutral,,,Wet,PC,,PC,Cloudy,,,,,Weak,Weak,,,Increasing,Negative,Increasing,XNIL,Aug11_Aug20,E,,PartInhibit,Average,,CDEJ,,,Average,,,,,Strong,E,,XNIL,XNIL,,Steep,,,,MoistMDryL,,LittleChange,Other,,Westerly,LongAnticyc
WeakUp,WeakUp,StrongUp,WeakUp,WeakUp,Neutral,Wet,,Wet,Clear,Clear,Clear,,,Weak,DCVZFavor,,,Weak,Some,DecCapIncIns,Decreasing,Negative,Decreasing,,Jun15_Jul1,E,,PartInhibit,LessThanAve,LessThanAve,CDEJ,N5GtLIGt_8,Instability,MoreUnstable,,ACEFK,PartInhibit,Strong,Strong,,,,,LowMtsHighPl,ModerateOrLe,,,OtherRapid,MoistMDryL,,LittleChange,,SWQuad,Westerly,LongAnticyc
,WeakUp,,WeakUp,,,Neutral,Dry,,,,PC,,,Strong,,Weak,Strong,,Marked,,LittleChange,Neutral,LittleChange,SVR,Aug20_Sep15,,CThruK,PartInhibit,Average,Average,K,N5GtLIGt_8,Stability,MoreUnstable,MoreUnstable,ACEFK,,Unfavorable,,K,SVR,SVR,,LowMtsHighPl,ModerateOrLe,Average,ModerateOrLe,StrongFront,Other,DryLine,,,,,LV
,Neutral,,Neutral,Neutral,Wet,Wet,Wet,,Clear,PC,,Cloudy,Weak,,DCVZFavor,Strong,,Weak,Some,IncCapDecIns,Increasing,WeakPos,Increasing,XNIL,,,CThruK,,LessThanAve,,H,,,Average,MoreUnstable,,Stifling,Weak,,H,XNIL,XNIL,,,ModerateOrLe,,,MarkedUpper,,MovingFtorOt,,,SWQuad,LVorOther,LongAnticyc
WeakUp,,Neutral,WeakUp,WeakUp,Dry,Neutral,VeryWet,VeryWet,PC,PC,Cloudy,Cloudy,Strong,Strong,StrongWest,Strong,,Strong,,IncCapDecIns,Increasing,Neutral,,,Jul16_Aug10,I,CThruK,,Average,MoreThanAve,ABI,N1GtLIGt_4,Stability,,LessUnstable,HI,PartInhibit,Weak,,I,XNIL,,SVR,LowSHighN,Steep,Dry,CloseToDryAd,,DryMMoistL,Other,,Moving,AllElse,LVorOther,DenvCyclone
Neutral,Neutral,Neutral,Neutral,Neutral,,Wet,VeryWet,VeryWet,,Clear,,PC,,,Westerly,,Weak,,,IncCapDecIns,,,Decreasing,XNIL,May15_Jun14,,CThruK,TotalInhibit,MoreThanAve,MoreThanAve,K,,Neutral,MoreUnstable,MoreUnstable,ACEFK,Stifling,Strong,Slight,,,XNIL,XNIL,,ModerateOrLe,,Steep,StrongFront,DryMMoistL,MovingFtorOt,SigPositive,,,LVorOther,LongAnticyc
StrongUp,Neutral,StrongUp,StrongUp,StrongUp,VeryWet,Neutral,Wet,Wet,PC,Clear,PC,Clear,,,Westerly,,Strong,Weak,,,Decreasing,Negative,LittleChange,,Jul16_Aug10,B,AB,Stifling,Average,LessThanAve,ABI,,Instability,MoreUnstable,,,PartInhibit,Moderate,Slight,,SIG,SIG,,HighEvrywher,ModerateOrLe,VeryMoist,Steep,NoMajor,DryMMoistL,DenvCyclone,LittleChange,,AllElse,LVorOther,LV
StrongUp,Down,,Down,Down,Neutral,,Dry,Dry,,,Clear,,,Strong,,,,Strong,Marked,IncCapDecIns,,Negative,,SIG,Aug20_Sep15,J,CThruK,PartInhibit,Average,Average,CDEJ,N1GtLIGt_4,,MoreUnstable,MoreUnstable,,,Weak,Moderate,,SVR,SVR,SVR,LowSHighN,,,Steep,StrongFront,MoistMDryL,,LittleChange,Other,LV,LVorOther,
Down,StronUp,Neutral,WeakUp,,Neutral,Dry,Neutral,,Clear,,Clear,Clear,,,StrongWest,Strong,Strong,,,,Increasing,Neutral,,XNIL,,E,,PartInhibit,Average,Average,,N5GtLIGt_8,Instability,MoreUnstable,MoreUnstable,ACEFK,,Unfavorable,,E,SVR,SIG,SIG,HighEvrywher,CloseToDryAd,Average,Steep,OtherRapid,MoistMDryL,MovingFtorOt,LittleChange,,,,LV
WeakUp,Neutral,,Neutral,,Wet,Neutral,Wet,,Clear,,Clear,Clear,,Strong,DCVZFavor,Strong,Weak,Strong,Some,DecCapIncIns,Decreasing,,LittleChange,SIG,May15_Jun14,D,CThruK,PartInhibit,MoreThanAve,Average,CDEJ,N5GtLIGt_8,Neutral,Average,MoreUnstable,D,PartInhibit,Strong,Slight,D,SVR,,,,Steep,,CloseToDryAd,,Other,,NegToPos,Other,AllElse,Westerly,LongAnticyc
Neutral,Down,,Down,Down,,Wet,Neutral,Neutral,PC,PC,Clear,Clear,Weak,Strong,,,,Strong,Marked,IncCapDecIns,,Negative,LittleChange,SIG,Aug20_Sep15,,,,LessThanAve,Average,,,Instability,MoreUnstable,MoreUnstable,ACEFK,PartInhibit,Moderate,Strong,,SVR,SVR,SVR,,,Average,CloseToDryAd,OtherRapid,DryMMoistL,MovingFtorOt,PosToNeg,Moving,,Westerly,DenvCyclone
Neutral,Down,Neutral,,Neutral,Dry,,Wet,Wet,Clear,,Clear,Clear,Strong,Strong,,,Weak,Strong,Some,IncCapDecIns,Increasing,,Decreasing,SVR,Aug20_Sep15,D,,Stifling,,MoreThanAve,,N1GtLIGt_4,,LessUnstable,,D,,Strong,Moderate,D,,SIG,,LowSHighN,,,,,DryMMoistL,DenvCyclone,PosToNeg,,NWQuad,Westerly,SEQuad
,Neutral,,Neutral,Neutral,Wet,Neutral,Wet,Wet,Clear,Cloudy,PC,PC,,,,,Weak,,Marked,,LittleChange,,,SVR,Jul16_Aug10,J,CThruK,Stifling,MoreThanAve,MoreThanAve,CDEJ,,,MoreUnstable,LessUnstable,GJ,PartInhibit,Unfavorable,,,XNIL,XNIL,SVR,LowNHighS,CloseToDryAd,Dry,Steep,NoMajor,DryMMoistL,DryLine,LittleChange,,,LVorOther,LV
,Neutral,StrongUp,Neutral,Neutral,,Dry,,Dry,,Clear,Cloudy,PC,Weak,Weak,,Weak,,,,IncCapDecIns,Increasing,WeakPos,LittleChange,SIG,Aug20_Sep15,B,AB,PartInhibit,LessThanAve,LessThanAve,ABI,N1GtLIGt_4,Instability,MoreUnstable,MoreUnstable,,,Moderate,Slight,B,SVR,SVR,,LowSHighN,Steep,Average,ModerateOrLe,,DryMMoistL,DenvCyclone,LittleChange,QStationary,SWQuad,Westerly,DenvCyclone
WeakUp,Down,StrongUp,,WeakUp,,VeryWet,,Wet,,Cloudy,,Cloudy,Strong,Strong,Westerly,Strong,Weak,Strong,Some,IncCapDecIns,Increasing,Neutral,,,May15_Jun14,K,CThruK,PartInhibit,,Average,K,LIGt0,,Average,,ACEFK,PartInhibit,Weak,,K,XNIL,,SVR,LowEvrywhere,,Average,Steep,,Other,E_W_N,SigPositive,,NWQuad,,LongAnticyc
StrongUp,Neutral,WeakUp,StrongUp,,Neutral,Neutral,Neutral,,Clear,PC,Clear,Clear,,,,,Weak,,,DecCapIncIns,,StrongPos,Increasing,XNIL,Aug20_Sep15,,CThruK,PartInhibit,Average,Average,,,Stability,LessUnstable,Average,HI,,Weak,Slight,,SIG,SIG,,LowMtsHighPl,ModerateOrLe,,Steep,OtherRapid,DryMMoistL,MovingFtorOt,PosToNeg,QStationary,AllElse,LVorOther,E_NE
Down,Neutral,WeakUp,Neutral,Neutral,Neutral,Wet,,VeryWet,Clear,Clear,Clear,Clear,Strong,,StrongWest,Strong,,Strong,Marked,LittleChange,LittleChange,Negative,Decreasing,SIG,May15_Jun14,,CThruK,Stifling,Average,Average,CDEJ,LIGt0,Instability,MoreUnstable,,ACEFK,,,Slight,C,XNIL,XNIL,SIG,,CloseToDryAd,Dry,CloseToDryAd,,MoistMDryL,,,,AllElse,Westerly,
Neutral,Down,Neutral,,Down,Dry,Dry,Dry,Dry,PC,,Clear,Clear,Strong,Strong,StrongWest,Strong,,,Some,LittleChange,LittleChange,Negative,LittleChange,SVR,,I,CThruK,PartInhibit,LessThanAve,LessThanAve,ABI,N5GtLIGt_8,Instability,MoreUnstable,MoreUnstable,HI,,Unfavorable,,I,XNIL,XNIL,,Other,Steep,Dry,ModerateOrLe,StrongFront,DryMMoistL,E_W_S,PosToNeg,QStationary,,LVorOther,DenvCyclone
Down,,Neutral,Down,,Neutral,Neutral,Neutral,,PC,Cloudy,Cloudy,Cloudy,Weak,Strong,Other,Weak,Weak,Weak,,,,Negative,LittleChange,SIG,May15_Jun14,C,,,,,CDEJ,,,,,ACEFK,,Strong,Moderate,C,XNIL,XNIL,SIG,,Stable,Dry,Steep,,DryMMoistL,E_W_N,NegToPos,QStationary,,Westerly,LongAnticyc
Neutral,,StrongUp,WeakUp,WeakUp,VeryWet,Neutral,Neutral,Neutral,PC,,,PC,,Strong,Westerly,Strong,,,Marked,,Decreasing,Neutral,LittleChange,,Aug20_Sep15,I,,TotalInhibit,MoreThanAve,,ABI,N1GtLIGt_4,Neutral,,LessUnstable,HI,,Weak,Slight,,SIG,SIG,SIG,LowSHighN,Stable,Average,Steep,OtherRapid,,MovingFtorOt,LittleChange,QStationary,,LVorOther,DenvCyclone
StrongUp,StronUp,,WeakUp,WeakUp,Wet,,VeryWet,,PC,Cloudy,,PC,Strong,Strong,Other,,,,Some,DecCapIncIns,Decreasing,Negative,LittleChange,,,J,CThruK,,Average,LessThanAve,CDEJ,N5GtLIGt_8,Stability,LessUnstable,LessUnstable,,PartInhibit,Weak,,J,SVR,SVR,SVR,LowMtsHighPl,ModerateOrLe,Average,,,DryMMoistL,DryLine,LittleChange,,LV,LVorOther,LV
,Neutral,StrongUp,WeakUp,WeakUp,Neutral,,,Neutral,Clear,Clear,Clear,Clear,,Strong,,,,Weak,Marked,IncCapDecIns,,Neutral,Increasing,SIG,Aug11_Aug20,K,CThruK,Stifling,,MoreThanAve,K,N1GtLIGt_4,Instability,,,,,Moderate,Strong,,XNIL,XNIL,SIG,LowAtStation,,Dry,ModerateOrLe,MarkedUpper,,Other,SigPositive,,,Westerly,WidespdDnsl
Down,WeakUp,StrongUp,,,Neutral,Neutral,Dry,Dry,PC,,PC,PC,Strong,Strong,Other,,,Weak,Marked,IncCapDecIns,Increasing,StrongPos,Increasing,SIG,May15_Jun14,K,,PartInhibit,Average,Average,K,N1GtLIGt_4,Stability,Average,Average,ACEFK,PartInhibit,Moderate,,,XNIL,,SIG,Other,,,CloseToDryAd,StrongFront,DryMMoistL,MovingFtorOt,LittleChange,Moving,AllElse,Westerly,
WeakUp,Neutral,,Neutral,Neutral,Neutral,,Neutral,Wet,,,,Clear,Strong,Strong,,Weak,,,Marked,DecCapIncIns,Decreasing,,Decreasing,,Jul2_Jul15,B,AB,,,LessThanAve,,LIGt0,Neutral,Average,LessUnstable,B,PartInhibit,Unfavorable,,B,,XNIL,SIG,HighEvrywher,ModerateOrLe,,CloseToDryAd,MarkedUpper,MoistMDryL,,,Other,AllElse,Westerly,DenvCyclone
StrongUp,Down,StrongUp,WeakUp,WeakUp,Neutral,Neutral,Neutral,Wet,PC,,,Cloudy,,,StrongWest,,Weak,,,IncCapDecIns,,,Decreasing,XNIL,Jun15_Jul1,C,CThruK,PartInhibit,Average,,CDEJ,,Stability,Average,LessUnstable,ACEFK,,Moderate,Moderate,C,XNIL,SIG,,LowAtStation,Steep,Dry,,NoMajor,Other,E_W_N,SigPositive,,NWQuad,Westerly,LongAnticyc
Down,,Down,Neutral,Neutral,Dry,Neutral,VeryWet,Wet,PC,PC,,PC,Strong,Strong,,Strong,,Strong,Marked,,Increasing,Negative,,SVR,May15_Jun14,G,CThruK,,Average,Average,G,N1GtLIGt_4,Neutral,,LessUnstable,GJ,,Moderate,Moderate,G,XNIL,XNIL,SVR,LowEvrywhere,CloseToDryAd,,CloseToDryAd,NoMajor,Other,,LittleChange,,LV,,WidespdDnsl
Down,Neutral,,Down,Down,,Wet,Neutral,,,Cloudy,PC,PC,,,StrongWest,Strong,,Weak,Some,IncCapDecIns,,StrongPos,Increasing,SVR,,J,CThruK,PartInhibit,MoreThanAve,MoreThanAve,,N1GtLIGt_4,Stability,LessUnstable,MoreUnstable,GJ,TotalInhibit,Weak,,J,XNIL,,SVR,LowAtStation,ModerateOrLe,Average,,,DryMMoistL,,,Other,,,LV
StrongUp,WeakUp,Neutral,StrongUp,StrongUp,Dry,,,VeryWet,PC,,PC,Cloudy,,,,,Weak,Weak,,,Decreasing,StrongPos,Increasing,XNIL,,A,AB,PartInhibit,LessThanAve,LessThanAve,ABI,,Stability,Average,MoreUnstable,ACEFK,,Unfavorable,Slight,,SVR,SVR,SVR,LowMtsHighPl,Stable,,,MarkedUpper,DryMMoistL,DenvCyclone,LittleChange,Other,SWQuad,Westerly,DenvCyclone
,Neutral,Down,WeakUp,,Wet,,Neutral,Dry,,Cloudy,,,Strong,,StrongWest,,,Weak,Marked,,LittleChange,WeakPos,LittleChange,SIG,Aug20_Sep15,G,,Stifling,Average,Average,G,N5GtLIGt_8,Stability,LessUnstable,LessUnstable,GJ,PartInhibit,Moderate,,G,XNIL,XNIL,,,Steep,Dry,CloseToDryAd,MarkedUpper,,DryLine,PosToNeg,,,Westerly,
WeakUp,Neutral,Down,,Down,Neutral,Neutral,,Dry,,Clear,Cloudy,PC,Weak,Strong,,,,,Marked,IncCapDecIns,Increasing,,,,May15_Jun14,,AB,PartInhibit,LessThanAve,Average,ABI,N1GtLIGt_4,Stability,LessUnstable,,ACEFK,Stifling,Moderate,Slight,A,SVR,,SVR,HighEvrywher,,VeryMoist,,MarkedUpper,,E_W_S,PosToNeg,QStationary,SWQuad,,DenvCyclone
Down,Down,Down,Down,Down,,Dry,Wet,Neutral,Clear,PC,Cloudy,,Weak,Strong,,Weak,Strong,,Marked,IncCapDecIns,Increasing,Negative,LittleChange,SIG,Aug11_Aug20,I,CThruK,PartInhibit,,,ABI,N1GtLIGt_4,Stability,LessUnstable,LessUnstable,HI,,,,I,SIG,,SIG,LowMtsHighPl,,,CloseToDryAd,NoMajor,,MovingFtorOt,,Moving,LV,Westerly,E_NE
Neutral,Down,Neutral,,,Neutral,Wet,Wet,Wet,Clear,PC,PC,PC,,Strong,Westerly,Weak,,Strong,Marked,IncCapDecIns,,,,XNIL,Jul2_Jul15,G,CThruK,,LessThanAve,Average,G,N1GtLIGt_4,Stability,Average,MoreUnstable,GJ,TotalInhibit,Moderate,,,XNIL,,,LowAtStation,CloseToDryAd,Dry,CloseToDryAd,MarkedUpper,Other,,NegToPos,Other,SWQuad,Westerly,
,WeakUp,,StrongUp,StrongUp,Wet,Neutral,Neutral,Wet,PC,PC,PC,Cloudy,Weak,Strong,Westerly,,,,Marked,DecCapIncIns,Decreasing,Neutral,Decreasing,SVR,May15_Jun14,D,,PartInhibit,Average,,,LIGt0,Stability,LessUnstable,LessUnstable,,,Strong,Moderate,,XNIL,XNIL,SVR,,CloseToDryAd,Average,CloseToDryAd,StrongFront,DryMMoistL,,NegToPos,,NWQuad,Westerly,SEQuad
StrongUp,StronUp,Neutral,StrongUp,,Neutral,,,,,PC,Clear,,Strong,Strong,Westerly,,,Strong,Marked,,,Neutral,,SIG,Jun15_Jul1,K,CThruK,PartInhibit,Average,LessThanAve,K,,,Average,,ACEFK,,Moderate,Slight,,XNIL,XNIL,,Other,,,Steep,StrongFront,DryMMoistL,Other,NegToPos,,AllElse,,LongAnticyc
StrongUp,WeakUp,Down,,WeakUp,VeryWet,Neutral,VeryWet,VeryWet,Clear,Clear,Clear,PC,Weak,,StrongWest,Strong,,Strong,Marked,IncCapDecIns,Increasing,Neutral,LittleChange,,May15_Jun14,B,AB,PartInhibit,LessThanAve,Average,,N1GtLIGt_4,Stability,LessUnstable,LessUnstable,B,,Moderate,Moderate,B,SVR,SVR,SVR,,Steep,,,NoMajor,Other,DenvCyclone,PosToNeg,,LV,,DenvCyclone
,Neutral,,Down,,Neutral,VeryWet,Dry,Dry,Clear,PC,Clear,Clear,,Strong,,Strong,Weak,,Some,LittleChange,LittleChange,,Decreasing,SVR,,,CThruK,,LessThanAve,LessThanAve,CDEJ,,Stability,LessUnstable,LessUnstable,D,,Weak,Moderate,D,,SVR,,,Steep,Dry,,OtherRapid,,DenvCyclone,PosToNeg,,,Westerly,LV
Neutral,Neutral,Down,Down,,Neutral,,Wet,Neutral,PC,Clear,Clear,Clear,,Weak,StrongWest,,,Weak,,IncCapDecIns,Increasing,,LittleChange,SIG,,B,AB,TotalInhibit,Average,Average,ABI,N5GtLIGt_8,,Average,,B,PartInhibit,Weak,,B,XNIL,XNIL,,LowNHighS,Steep,Average,Steep,OtherRapid,DryMMoistL,DenvCyclone,LittleChange,Other,SWQuad,LVorOther,E_NE
StrongUp,Neutral,,StrongUp,StrongUp,VeryWet,Wet,VeryWet,,Clear,Clear,,,Strong,Strong,StrongWest,Strong,Weak,Strong,Marked,,LittleChange,Negative,Decreasing,SVR,May15_Jun14,,,,LessThanAve,LessThanAve,ABI,,Stability,,LessUnstable,B,Stifling,Moderate,Slight,B,XNIL,,SVR,LowEvrywhere,Steep,,CloseToDryAd,OtherRapid,DryMMoistL,E_W_S,SigNegative,,AllElse,LVorOther,
WeakUp,Down,Neutral,Neutral,Neutral,Neutral,Neutral,Dry,Neutral,Clear,PC,Clear,Clear,Weak,Weak,,,,,,,Increasing,,Decreasing,SIG,May15_Jun14,,AB,PartInhibit,MoreThanAve,,ABI,,Stability,LessUnstable,,ACEFK,PartInhibit,,,,XNIL,XNIL,,LowMtsHighPl,ModerateOrLe,,Steep,OtherRapid,DryMMoistL,DenvCyclone,PosToNeg,Other,,Westerly,
StrongUp,,Neutral,WeakUp,WeakUp,Dry,VeryWet,Neutral,,Cloudy,PC,Cloudy,Cloudy,,Strong,,,Weak,,Marked,,,Negative,Decreasing,SIG,Jul16_Aug10,J,,Stifling,,MoreThanAve,CDEJ,LIGt0,,LessUnstable,LessUnstable,GJ,,Unfavorable,,,,XNIL,SIG,HighEvrywher,ModerateOrLe,Average,Steep,,,,LittleChange,,LV,LVorOther,LV
Down,WeakUp,WeakUp,,Neutral,Wet,Dry,Wet,,,PC,PC,PC,Weak,Strong,Westerly,,,Strong,Marked,IncCapDecIns,Increasing,WeakPos,Increasing,,Jul16_Aug10,B,AB,PartInhibit,Average,MoreThanAve,ABI,N1GtLIGt_4,,MoreUnstable,MoreUnstable,B,,,Strong,B,SVR,SVR,,,,,CloseToDryAd,NoMajor,Other,MovingFtorOt,NegToPos,Other,NWQuad,LVorOther,DenvCyclone
,,Neutral,WeakUp,,Dry,,,VeryWet,Clear,Clear,Clear,PC,Weak,Strong,StrongWest,,Weak,Weak,Marked,DecCapIncIns,Decreasing,Neutral,LittleChange,SVR,May15_Jun14,H,CThruK,Stifling,Average,Average,H,,Stability,Average,Average,HI,,Unfavorable,Slight,,XNIL,XNIL,SVR,HighEvrywher,Stable,VeryMoist,CloseToDryAd,MarkedUpper,,,NegToPos,,,LVorOther,E_NE
Neutral,Neutral,Down,Neutral,,,,,,Clear,Clear,Clear,Clear,,Strong,Westerly,,,,,IncCapDecIns,Increasing,Negative,LittleChange,,Aug20_Sep15,,CThruK,Stifling,Average,,,LILt_8,Stability,MoreUnstable,,GJ,,,Slight,G,XNIL,XNIL,SVR,,CloseToDryAd,Dry,CloseToDryAd,StrongFront,,,NegToPos,,AllElse,Westerly,WidespdDnsl
WeakUp,StronUp,Neutral,WeakUp,WeakUp,Dry,,VeryWet,,Clear,Clear,Clear,Clear,,Strong,,,,Weak,,,LittleChange,Negative,,SVR,,D,CThruK,PartInhibit,Average,Average,CDEJ,N1GtLIGt_4,Stability,LessUnstable,LessUnstable,D,,Weak,Slight,,,SVR,SVR,,Steep,Average,ModerateOrLe,OtherRapid,DryMMoistL,,SigNegative,,AllElse,Westerly,SEQuad
WeakUp,Neutral,WeakUp,WeakUp,WeakUp,Neutral,VeryWet,Neutral,Wet,,,Clear,PC,,Weak,,,,Strong,,LittleChange,LittleChange,,,SIG,,J,CThruK,PartInhibit,MoreThanAve,MoreThanAve,CDEJ,N1GtLIGt_4,Instability,Average,Average,,,Moderate,Strong,J,XNIL,XNIL,SIG,Other,CloseToDryAd,,,,MoistMDryL,DryLine,LittleChange,,LV,LVorOther,LV
StrongUp,Neutral,Down,Neutral,Neutral,Wet,Dry,Neutral,Neutral,Clear,Clear,Clear,,,Strong,,,Weak,Weak,Some,DecCapIncIns,Decreasing,,Decreasing,SIG,Jul2_Jul15,J,,Stifling,,LessThanAve,CDEJ,N1GtLIGt_4,,,LessUnstable,GJ,,Weak,,,SIG,SIG,SIG,,ModerateOrLe,Average,CloseToDryAd,,MoistMDryL,DryLine,LittleChange,,,LVorOther,
WeakUp,Neutral,Neutral,Neutral,Neutral,Neutral,,,Neutral,PC,PC,,PC,,,StrongWest,Strong,Strong,Strong,Marked,,Increasing,WeakPos,Decreasing,SIG,,I,CThruK,,LessThanAve,LessThanAve,,N1GtLIGt_4,,,Average,,,Weak,,,XNIL,XNIL,SIG,LowSHighN,,Average,CloseToDryAd,OtherRapid,DryMMoistL,E_W_N,PosToNeg,,SWQuad,,LongAnticyc
StrongUp,Down,StrongUp,StrongUp,,Neutral,,Neutral,VeryWet,PC,,PC,,Strong,,StrongWest,Strong,,Strong,Marked,IncCapDecIns,Increasing,,Decreasing,SIG,,K,CThruK,PartInhibit,,,K,LIGt0,Stability,LessUnstable,,ACEFK,,,,K,XNIL,XNIL,SIG,,Steep,VeryMoist,CloseToDryAd,MarkedUpper,DryMMoistL,,SigPositive,Moving,AllElse,LVorOther,SEQuad
Down,Neutral,WeakUp,Neutral,,,VeryWet,,,PC,Clear,Clear,Clear,Strong,Strong,,Strong,,Strong,Some,LittleChange,LittleChange,Negative,Decreasing,XNIL,Aug20_Sep15,J,CThruK,Stifling,Average,Average,CDEJ,,Instability,MoreUnstable,,,,Moderate,,,XNIL,XNIL,XNIL,LowMtsHighPl,Steep,Dry,,NoMajor,DryMMoistL,DryLine,LittleChange,,AllElse,LVorOther,
,StronUp,WeakUp,Neutral,Neutral,Wet,,Wet,Neutral,PC,Cloudy,Cloudy,Cloudy,Weak,Strong,Westerly,,Weak,Weak,Some,LittleChange,LittleChange,WeakPos,Increasing,XNIL,Aug20_Sep15,H,,PartInhibit,,Average,H,N1GtLIGt_4,Stability,,MoreUnstable,HI,PartInhibit,Unfavorable,,H,SIG,,SIG,Other,ModerateOrLe,VeryMoist,ModerateOrLe,MarkedUpper,DryMMoistL,MovingFtorOt,,,AllElse,,
,,StrongUp,Neutral,Neutral,Dry,Neutral,,VeryWet,Clear,PC,,Cloudy,,,Other,,,Weak,,DecCapIncIns,Decreasing,Neutral,LittleChange,XNIL,,,CThruK,,LessThanAve,,F,N1GtLIGt_4,Neutral,,LessUnstable,ACEFK,,Weak,Slight,F,XNIL,,XNIL,HighEvrywher,ModerateOrLe,VeryMoist,ModerateOrLe,,Other,,LittleChange,,LV,,E_NE
Neutral,Down,Neutral,,Neutral,,Neutral,Neutral,Neutral,PC,,PC,,,,Other,,Weak,,,DecCapIncIns,Decreasing,WeakPos,,XNIL,Aug20_Sep15,A,AB,PartInhibit,Average,Average,ABI,,Instability,,MoreUnstable,,,Moderate,Moderate,A,SIG,SIG,SIG,HighEvrywher,,Average,ModerateOrLe,MarkedUpper,Other,MovingFtorOt,NegToPos,,SWQuad,Westerly,DenvCyclone
,,Neutral,Neutral,,VeryWet,Dry,,Neutral,PC,,PC,,Weak,Strong,Westerly,Strong,,Weak,Some,IncCapDecIns,Increasing,StrongPos,,SVR,May15_Jun14,K,CThruK,PartInhibit,Average,,K,LILt_8,Neutral,MoreUnstable,MoreUnstable,ACEFK,PartInhibit,Weak,,,XNIL,XNIL,SVR,Other,,Dry,ModerateOrLe,NoMajor,Other,,SigPositive,Other,NWQuad,LVorOther,WidespdDnsl
Down,StronUp,Neutral,,,Neutral,Wet,Neutral,,Clear,PC,Clear,Clear,,Strong,,,,Strong,Marked,LittleChange,,Negative,Decreasing,SIG,May15_Jun14,,,PartInhibit,Average,,,N1GtLIGt_4,,LessUnstable,LessUnstable,,,Weak,Slight,B,SVR,SVR,,LowNHighS,ModerateOrLe,,Steep,OtherRapid,MoistMDryL,DenvCyclone,LittleChange,Other,AllElse,LVorOther,
WeakUp,StronUp,Neutral,Neutral,,,,Neutral,,PC,PC,Cloudy,Cloudy,Strong,Strong,DCVZFavor,Strong,Weak,Strong,Marked,,LittleChange,WeakPos,LittleChange,SIG,May15_Jun14,E,CThruK,PartInhibit,Average,Average,CDEJ,LILt_8,Instability,MoreUnstable,MoreUnstable,ACEFK,Stifling,,,E,SVR,SVR,SVR,,CloseToDryAd,Dry,Steep,OtherRapid,MoistMDryL,Other,LittleChange,Other,,LVorOther,
Neutral,Neutral,StrongUp,,,,Wet,Dry,,PC,,PC,PC,,,,,,,,DecCapIncIns,,StrongPos,Increasing,,Jul16_Aug10,C,CThruK,,LessThanAve,LessThanAve,CDEJ,N1GtLIGt_4,,Average,Average,ACEFK,,Moderate,,,XNIL,XNIL,XNIL,LowAtStation,ModerateOrLe,Dry,Steep,OtherRapid,,E_W_S,PosToNeg,,NWQuad,LVorOther,
,Neutral,Neutral,,,,,,Wet,,Clear,Clear,Clear,,,Other,,Weak,,,,LittleChange,Neutral,Increasing,XNIL,Jun15_Jul1,,AB,Stifling,,,,N5GtLIGt_8,,Average,,,,Unfavorable,,B,,XNIL,XNIL,LowSHighN,ModerateOrLe,,Steep,,Other,DenvCyclone,LittleChange,,SWQuad,LVorOther,
,Down,,Down,Down,,Wet,,Wet,Cloudy,PC,Cloudy,Cloudy,,,Westerly,,Weak,,,IncCapDecIns,,Negative,Decreasing,XNIL,,,AB,PartInhibit,LessThanAve,,ABI,N1GtLIGt_4,Instability,Average,,B,Stifling,,,B,,,XNIL,LowMtsHighPl,Steep,VeryMoist,,NoMajor,,DenvCyclone,PosToNeg,Other,,Westerly,SEQuad
StrongUp,WeakUp,,WeakUp,WeakUp,Dry,Dry,Neutral,Neutral,PC,Cloudy,,Cloudy,Weak,Strong,,,,,Some,IncCapDecIns,Increasing,,Decreasing,SIG,Aug11_Aug20,,,PartInhibit,Average,MoreThanAve,,N1GtLIGt_4,,MoreUnstable,,ACEFK,,Weak,Slight,E,XNIL,XNIL,SIG,HighEvrywher,Steep,,,NoMajor,,DryLine,SigNegative,,SWQuad,Westerly,
WeakUp,StronUp,,,Neutral,Neutral,Wet,Neutral,Neutral,PC,,,PC,Strong,,Westerly,Strong,,Weak,Some,IncCapDecIns,Increasing,Neutral,LittleChange,SIG,,C,CThruK,PartInhibit,LessThanAve,LessThanAve,CDEJ,N5GtLIGt_8,,,MoreUnstable,ACEFK,PartInhibit,,,C,SVR,SVR,,Other,,Dry,Steep,StrongFront,Other,E_W_S,,,AllElse,Westerly,LongAnticyc
Neutral,Neutral,WeakUp,WeakUp,WeakUp,Neutral,Dry,Neutral,,PC,PC,Cloudy,Cloudy,,,Westerly,,,,,DecCapIncIns,Decreasing,StrongPos,Decreasing,XNIL,Jul2_Jul15,K,CThruK,PartInhibit,,LessThanAve,,N1GtLIGt_4,Stability,,Average,ACEFK,PartInhibit,Weak,Moderate,,,XNIL,,LowNHighS,,Dry,Steep,StrongFront,DryMMoistL,DenvCyclone,,QStationary,AllElse,,WidespdDnsl
WeakUp,Down,Neutral,Down,Down,Wet,VeryWet,,,Clear,PC,PC,PC,,Weak,StrongWest,Strong,,,,DecCapIncIns,Decreasing,StrongPos,Increasing,SIG,Aug11_Aug20,G,CThruK,,,,G,,Neutral,,Average,GJ,PartInhibit,,,G,XNIL,,SIG,,CloseToDryAd,Dry,,NoMajor,MoistMDryL,DryLine,NegToPos,,SWQuad,,
,Neutral,Neutral,Down,Down,Dry,VeryWet,Neutral,Dry,Clear,PC,Clear,Clear,Strong,Strong,Westerly,Strong,Weak,Weak,Some,LittleChange,LittleChange,WeakPos,LittleChange,SIG,Jun15_Jul1,E,CThruK,PartInhibit,Average,Average,CDEJ,N1GtLIGt_4,Stability,LessUnstable,LessUnstable,,PartInhibit,Moderate,Slight,E,XNIL,XNIL,,LowMtsHighPl,,Dry,ModerateOrLe,NoMajor,MoistMDryL,DryLine,NegToPos,,AllElse,Westerly,LV
,,Neutral,WeakUp,WeakUp,Dry,,,Dry,PC,Clear,,Clear,,Weak,DCVZFavor,Weak,Weak,Strong,,IncCapDecIns,Increasing,WeakPos,Increasing,XNIL,Aug20_Sep15,,,PartInhibit,,,,LILt_8,Stability,MoreUnstable,MoreUnstable,ACEFK,PartInhibit,Moderate,,F,,,XNIL,HighEvrywher,Steep,VeryMoist,,NoMajor,Other,Other,SigPositive,,AllElse,LVorOther,LV
WeakUp,Neutral,WeakUp,WeakUp,,VeryWet,Wet,VeryWet,VeryWet,PC,Clear,Clear,,Weak,Strong,DCVZFavor,Strong,,Strong,Marked,DecCapIncIns,Decreasing,WeakPos,Increasing,SVR,Aug11_Aug20,C,CThruK,,LessThanAve,LessThanAve,CDEJ,N5GtLIGt_8,Stability,,Average,ACEFK,,Strong,Strong,C,SVR,SVR,SVR,LowAtStation,CloseToDryAd,Average,CloseToDryAd,,,E_W_N,,,,Westerly,
Neutral,,,Neutral,Neutral,Dry,Wet,,,Cloudy,Clear,Cloudy,PC,Strong,,,,,Weak,Marked,IncCapDecIns,Increasing,,LittleChange,SIG,Jun15_Jul1,,,,LessThanAve,,,,Neutral,,Average,ACEFK,,Moderate,,,,XNIL,SIG,HighEvrywher,ModerateOrLe,Average,ModerateOrLe,,MoistMDryL,DryLine,LittleChange,,SWQuad,,LV
Down,Down,Neutral,,Down,,Wet,,Wet,PC,Cloudy,Cloudy,PC,Strong,Strong,StrongWest,Strong,,,Some,IncCapDecIns,Increasing,,LittleChange,SVR,,I,CThruK,,,MoreThanAve,ABI,N5GtLIGt_8,Instability,MoreUnstable,MoreUnstable,HI,PartInhibit,Strong,Slight,I,XNIL,XNIL,SVR,,Steep,,Steep,NoMajor,Other,E_W_S,PosToNeg,,LV,LVorOther,E_NE
Down,StronUp,Neutral,,Neutral,Neutral,VeryWet,Neutral,Neutral,,,Clear,Clear,,,StrongWest,Weak,Weak,Weak,,IncCapDecIns,Increasing,Negative,LittleChange,,Jul2_Jul15,J,CThruK,,Average,MoreThanAve,CDEJ,N5GtLIGt_8,Stability,,,,Stifling,Unfavorable,,J,,,,,Steep,Average,Steep,NoMajor,MoistMDryL,DenvCyclone,LittleChange,,LV,,
Neutral,Neutral,WeakUp,Neutral,Neutral,Neutral,Neutral,Dry,Dry,,Clear,Clear,Clear,,Strong,Westerly,,,Weak,Marked,LittleChange,,Neutral,LittleChange,SIG,Aug20_Sep15,G,CThruK,,Average,Average,G,N5GtLIGt_8,Stability,Average,MoreUnstable,,PartInhibit,Unfavorable,,,XNIL,XNIL,,LowEvrywhere,CloseToDryAd,Dry,,MarkedUpper,MoistMDryL,Other,LittleChange,,NWQuad,Westerly,WidespdDnsl
StrongUp,,,Neutral,Neutral,,,Dry,Neutral,PC,Clear,Clear,,,,,,,,,,LittleChange,StrongPos,Increasing,XNIL,Aug20_Sep15,B,,TotalInhibit,MoreThanAve,MoreThanAve,ABI,N5GtLIGt_8,Instability,,MoreUnstable,B,Stifling,,,B,SIG,SIG,SIG,LowNHighS,,VeryMoist,,StrongFront,DryMMoistL,DenvCyclone,PosToNeg,Other,LV,LVorOther,DenvCyclone
,,,Down,Down,Wet,Wet,Wet,Neutral,Clear,PC,,Clear,,,StrongWest,Strong,,Strong,Marked,IncCapDecIns,Increasing,Negative,LittleChange,SVR,Jun15_Jul1,C,,Stifling,MoreThanAve,,CDEJ,,Stability,LessUnstable,,,,Moderate,Strong,,SIG,SIG,SVR,LowEvrywhere,CloseToDryAd,Dry,Steep,MarkedUpper,DryMMoistL,E_W_N,SigNegative,,NWQuad,Westerly,LongAnticyc
StrongUp,Neutral,,WeakUp,,,Neutral,Neutral,Wet,PC,Clear,Clear,,Strong,,DCVZFavor,,Weak,,Some,IncCapDecIns,,Negative,,SIG,Aug20_Sep15,,CThruK,PartInhibit,LessThanAve,,CDEJ,LIGt0,Stability,LessUnstable,,ACEFK,,Unfavorable,,E,,SIG,SIG,,Steep,Average,ModerateOrLe,NoMajor,MoistMDryL,DryLine,SigPositive,,AllElse,LVorOther,LV
StrongUp,WeakUp,StrongUp,StrongUp,StrongUp,VeryWet,VeryWet,VeryWet,VeryWet,Clear,Clear,Clear,Clear,Weak,Weak,DCVZFavor,,,Strong,,DecCapIncIns,,,LittleChange,SIG,Jun15_Jul1,J,CThruK,PartInhibit,LessThanAve,LessThanAve,CDEJ,N1GtLIGt_4,Stability,,Average,GJ,Stifling,Unfavorable,,J,,SIG,SIG,LowNHighS,Steep,,Steep,StrongFront,DryMMoistL,DryLine,LittleChange,,LV,LVorOther,
Neutral,Down,WeakUp,Neutral,Neutral,Dry,Wet,Dry,Dry,,Cloudy,,Clear,,,,,Weak,Strong,,DecCapIncIns,Decreasing,Neutral,LittleChange,XNIL,Jun15_Jul1,J,,PartInhibit,MoreThanAve,LessThanAve,CDEJ,N1GtLIGt_4,Stability,Average,Average,GJ,PartInhibit,,,J,,,XNIL,LowMtsHighPl,ModerateOrLe,Average,CloseToDryAd,NoMajor,,DryLine,,,,LVorOther,SEQuad
WeakUp,Neutral,Neutral,Neutral,Neutral,Wet,Dry,,Neutral,PC,PC,,,Weak,Strong,Other,Weak,Weak,Weak,,LittleChange,LittleChange,,LittleChange,SIG,Aug20_Sep15,J,,Stifling,MoreThanAve,,,LIGt0,Instability,MoreUnstable,MoreUnstable,GJ,,,Slight,J,XNIL,XNIL,SIG,LowMtsHighPl,Stable,Average,CloseToDryAd,NoMajor,Other,DryLine,,,LV,,
Neutral,,StrongUp,WeakUp,WeakUp,Wet,Wet,Wet,Neutral,Clear,Clear,Clear,Clear,Weak,Strong,StrongWest,Strong,Weak,,,,LittleChange,Negative,LittleChange,SIG,Jun15_Jul1,,AB,PartInhibit,LessThanAve,Average,,N5GtLIGt_8,,Average,MoreUnstable,B,,Weak,Slight,B,SVR,,,LowNHighS,ModerateOrLe,,Steep,NoMajor,Other,DenvCyclone,NegToPos,,AllElse,LVorOther,
,Neutral,WeakUp,,WeakUp,VeryWet,Neutral,VeryWet,VeryWet,Clear,Clear,Clear,Clear,,Weak,Westerly,,Strong,Weak,Some,IncCapDecIns,Increasing,WeakPos,Increasing,,,H,CThruK,Stifling,Average,MoreThanAve,H,LILt_8,Instability,,MoreUnstable,HI,TotalInhibit,Moderate,Moderate,H,SIG,SIG,SIG,,Stable,VeryMoist,ModerateOrLe,,,E_W_N,SigNegative,,,LVorOther,
Neutral,WeakUp,Down,,Neutral,Neutral,Wet,,Wet,PC,Clear,PC,PC,Weak,Weak,Other,,,,,IncCapDecIns,Increasing,Neutral,,XNIL,Aug20_Sep15,K,CThruK,Stifling,MoreThanAve,MoreThanAve,K,N1GtLIGt_4,,LessUnstable,,ACEFK,,Weak,Strong,K,XNIL,,SIG,,,Dry,CloseToDryAd,StrongFront,Other,E_W_N,PosToNeg,Moving,AllElse,Westerly,
Down,StronUp,Down,WeakUp,WeakUp,,Dry,Dry,Dry,Clear,,PC,PC,,,StrongWest,,,Weak,,DecCapIncIns,,WeakPos,Increasing,XNIL,Jul2_Jul15,,CThruK,Stifling,MoreThanAve,MoreThanAve,ABI,N1GtLIGt_4,,MoreUnstable,MoreUnstable,HI,,Unfavorable,,I,,SVR,,LowSHighN,ModerateOrLe,Dry,CloseToDryAd,NoMajor,Other,E_W_S,LittleChange,QStationary,LV,,
,Neutral,Neutral,Down,Down,Neutral,Neutral,,Dry,Clear,Clear,Clear,Clear,Strong,Strong,,,,,,DecCapIncIns,,Negative,Decreasing,,Aug20_Sep15,C,CThruK,,LessThanAve,LessThanAve,,,Instability,LessUnstable,LessUnstable,ACEFK,,Moderate,,C,SIG,,SVR,LowEvrywhere,Steep,Dry,ModerateOrLe,OtherRapid,Other,E_W_N,SigPositive,QStationary,,Westerly,WidespdDnsl
,,Down,,,Dry,Dry,Dry,Dry,,Cloudy,,,Strong,,DCVZFavor,Strong,,Weak,Some,IncCapDecIns,Increasing,WeakPos,,SVR,Jul2_Jul15,,CThruK,Stifling,MoreThanAve,MoreThanAve,,N1GtLIGt_4,Stability,,MoreUnstable,,Stifling,Moderate,,H,,,SVR,LowMtsHighPl,Stable,Average,CloseToDryAd,MarkedUpper,,E_W_S,SigPositive,QStationary,LV,,
WeakUp,Down,StrongUp,WeakUp,WeakUp,Dry,Dry,Neutral,,,PC,PC,PC,,,StrongWest,,,Strong,Some,IncCapDecIns,Increasing,Neutral,LittleChange,,Aug20_Sep15,B,AB,,Average,MoreThanAve,ABI,N1GtLIGt_4,Instability,,,B,Stifling,Strong,Moderate,B,XNIL,XNIL,,LowAtStation,Steep,,,,DryMMoistL,,PosToNeg,,,LVorOther,DenvCyclone
WeakUp,,,Down,Down,,,VeryWet,VeryWet,PC,,PC,PC,Weak,,,Strong,,Weak,Some,,Increasing,Neutral,LittleChange,SIG,,,CThruK,PartInhibit,,MoreThanAve,,,Stability,Average,Average,ACEFK,PartInhibit,Moderate,Moderate,K,,XNIL,SIG,Other,Stable,Dry,,StrongFront,,,,,SWQuad,Westerly,DenvCyclone
Down,StronUp,,Down,Down,Dry,Wet,Wet,,,PC,PC,Clear,Strong,Strong,,,Weak,Weak,,IncCapDecIns,Increasing,,Increasing,SIG,,E,CThruK,,LessThanAve,Average,CDEJ,,Neutral,,MoreUnstable,ACEFK,,,Slight,E,XNIL,XNIL,SIG,,ModerateOrLe,Dry,CloseToDryAd,NoMajor,,DenvCyclone,PosToNeg,Other,AllElse,,WidespdDnsl
Neutral,Neutral,WeakUp,,Neutral,Wet,,,,PC,Clear,,PC,Weak,Weak,StrongWest,Strong,,Weak,Some,,Increasing,StrongPos,Increasing,SIG,Jul16_Aug10,,CThruK,,LessThanAve,,CDEJ,N5GtLIGt_8,Instability,,,,,,Strong,J,SIG,SIG,SIG,LowMtsHighPl,ModerateOrLe,Dry,,NoMajor,DryMMoistL,,,Other,LV,LVorOther,
StrongUp,Down,Neutral,Down,Down,,Wet,Neutral,Neutral,PC,Clear,Clear,,,,,,,,,IncCapDecIns,,StrongPos,Increasing,,,B,AB,PartInhibit,LessThanAve,,,N1GtLIGt_4,Stability,LessUnstable,Average,B,PartInhibit,,Moderate,B,SVR,SVR,SVR,HighEvrywher,Stable,,Steep,,Other,DenvCyclone,,,AllElse,Westerly,DenvCyclone
Neutral,Down,WeakUp,Down,,,Dry,,Dry,Clear,PC,PC,Clear,Weak,Strong,Other,,Weak,Weak,,LittleChange,LittleChange,,Decreasing,SIG,,B,AB,,LessThanAve,LessThanAve,ABI,N1GtLIGt_4,Stability,Average,LessUnstable,B,,Unfavorable,Slight,B,XNIL,XNIL,SIG,HighEvrywher,,,Steep,MarkedUpper,DryMMoistL,DenvCyclone,,Other,NWQuad,LVorOther,DenvCyclone
StrongUp,StronUp,Neutral,Neutral,Neutral,Dry,,VeryWet,Wet,,PC,Cloudy,Cloudy,Strong,Strong,,,Strong,Strong,Some,LittleChange,LittleChange,,Increasing,,Aug20_Sep15,F,CThruK,PartInhibit,,,,,Instability,MoreUnstable,MoreUnstable,ACEFK,PartInhibit,,,F,XNIL,,,HighEvrywher,ModerateOrLe,VeryMoist,,StrongFront,Other,,LittleChange,,,LVorOther,E_NE
Down,StronUp,Neutral,Down,,Wet,Wet,Wet,Wet,PC,Clear,Clear,Clear,,Strong,,,Strong,Strong,Marked,LittleChange,LittleChange,WeakPos,,SVR,Jul16_Aug10,B,,PartInhibit,Average,Average,ABI,N1GtLIGt_4,Neutral,,LessUnstable,B,,Weak,Slight,B,XNIL,,,LowMtsHighPl,ModerateOrLe,Average,ModerateOrLe,NoMajor,Other,DenvCyclone,LittleChange,Other,LV,,
,Neutral,Down,Down,Down,Neutral,,Wet,,,Cloudy,,PC,Weak,Strong,DCVZFavor,Weak,Strong,,Some,IncCapDecIns,Increasing,Neutral,LittleChange,SIG,,E,,,,LessThanAve,CDEJ,,,,,ACEFK,PartInhibit,,Strong,E,XNIL,,SIG,,ModerateOrLe,Average,,NoMajor,MoistMDryL,,LittleChange,,SWQuad,Westerly,LV
Down,Neutral,Down,Down,Down,,,VeryWet,Wet,PC,Clear,,Clear,Strong,Strong,,,Weak,,Marked,LittleChange,,Negative,LittleChange,,Jul16_Aug10,D,CThruK,PartInhibit,,Average,CDEJ,,Stability,LessUnstable,,D,,Unfavorable,,D,,XNIL,SVR,,,Average,Steep,OtherRapid,,DryLine,NegToPos,,NWQuad,Westerly,WidespdDnsl
StrongUp,Neutral,Neutral,WeakUp,,,Neutral,,,,,Clear,,Strong,Strong,,Strong,,Weak,Marked,DecCapIncIns,Decreasing,WeakPos,LittleChange,,Jul16_Aug10,D,CThruK,,Average,,CDEJ,,Instability,Average,,D,,Weak,Moderate,D,SVR,SVR,,LowSHighN,,Dry,CloseToDryAd,MarkedUpper,,DryLine,,Other,AllElse,Westerly,SEQuad
StrongUp,Neutral,,StrongUp,StrongUp,Neutral,,Neutral,Wet,PC,,,,Weak,Strong,,Weak,,,Marked,IncCapDecIns,Increasing,,LittleChange,SVR,Jul16_Aug10,,AB,PartInhibit,,Average,ABI,N1GtLIGt_4,Stability,,LessUnstable,ACEFK,,Weak,,A,SIG,SIG,,,ModerateOrLe,Average,ModerateOrLe,OtherRapid,,DenvCyclone,SigNegative,,SWQuad,Westerly,DenvCyclone
Neutral,Neutral,Neutral,Neutral,,Wet,Dry,,Dry,Clear,,PC,,,,,,,,,LittleChange,LittleChange,,Increasing,,,K,CThruK,PartInhibit,,Average,K,,Neutral,Average,MoreUnstable,,Stifling,Unfavorable,Slight,K,XNIL,XNIL,SVR,LowNHighS,,Average,,StrongFront,Other,MovingFtorOt,SigPositive,,NWQuad,LVorOther,LongAnticyc
Neutral,Down,Neutral,Neutral,,,Neutral,Neutral,Dry,,Clear,,PC,,,,,Strong,Weak,,LittleChange,LittleChange,,LittleChange,XNIL,Aug11_Aug20,H,CThruK,PartInhibit,Average,Average,H,N1GtLIGt_4,Stability,LessUnstable,,HI,PartInhibit,,,,XNIL,,XNIL,LowMtsHighPl,Stable,VeryMoist,ModerateOrLe,,DryMMoistL,MovingFtorOt,NegToPos,Other,SWQuad,,E_NE
Neutral,Down,Neutral,Neutral,Neutral,,Dry,Dry,,,PC,PC,PC,Strong,Strong,StrongWest,Weak,Weak,,,IncCapDecIns,Increasing,StrongPos,,XNIL,May15_Jun14,,AB,,Average,MoreThanAve,,N5GtLIGt_8,Neutral,Average,Average,B,,Weak,,,SIG,SIG,SIG,LowMtsHighPl,ModerateOrLe,VeryMoist,Steep,NoMajor,,DenvCyclone,PosToNeg,,,LVorOther,
WeakUp,Neutral,StrongUp,StrongUp,,,Neutral,,Wet,PC,PC,Cloudy,Cloudy,,Weak,DCVZFavor,Strong,,,Some,IncCapDecIns,Increasing,Negative,LittleChange,SIG,May15_Jun14,A,AB,,Average,Average,,N1GtLIGt_4,Neutral,,,ACEFK,PartInhibit,Weak,,A,,SVR,SVR,LowAtStation,Stable,VeryMoist,ModerateOrLe,MarkedUpper,,DenvCyclone,NegToPos,,SWQuad,Westerly,LV
Neutral,StronUp,Neutral,WeakUp,WeakUp,Neutral,Wet,Neutral,Neutral,,Clear,Clear,Clear,Strong,Strong,,Strong,Weak,Weak,Some,IncCapDecIns,Increasing,Neutral,LittleChange,SVR,,E,CThruK,PartInhibit,Average,Average,CDEJ,N1GtLIGt_4,Neutral,MoreUnstable,,ACEFK,,Moderate,Strong,E,XNIL,,SVR,,,Average,ModerateOrLe,NoMajor,MoistMDryL,DryLine,LittleChange,,,LVorOther,DenvCyclone
Down,WeakUp,Down,Down,Down,VeryWet,Dry,Dry,,PC,PC,PC,Clear,Strong,Strong,Westerly,Strong,,,Some,IncCapDecIns,,Negative,,SIG,Jun15_Jul1,,CThruK,PartInhibit,,MoreThanAve,CDEJ,,Stability,LessUnstable,LessUnstable,,Stifling,,,C,,XNIL,SIG,LowEvrywhere,CloseToDryAd,Average,Steep,,Other,E_W_N,SigNegative,QStationary,,,
,Down,Neutral,Down,,Wet,,Dry,Dry,PC,,,Clear,,Weak,DCVZFavor,Weak,,,Some,IncCapDecIns,Increasing,,LittleChange,SIG,Aug20_Sep15,B,,Stifling,MoreThanAve,MoreThanAve,ABI,N1GtLIGt_4,,,LessUnstable,B,,,Strong,,XNIL,XNIL,SIG,LowAtStation,Steep,Dry,,MarkedUpper,DryMMoistL,E_W_S,,,AllElse,LVorOther,DenvCyclone
,Neutral,WeakUp,WeakUp,WeakUp,VeryWet,Neutral,,Wet,Clear,Clear,,PC,,,StrongWest,,Weak,,,DecCapIncIns,Decreasing,Neutral,LittleChange,XNIL,Jul16_Aug10,I,,PartInhibit,Average,LessThanAve,ABI,N5GtLIGt_8,,,MoreUnstable,HI,,,,I,XNIL,XNIL,,,,Dry,Steep,NoMajor,DryMMoistL,E_W_S,NegToPos,QStationary,AllElse,LVorOther,DenvCyclone
StrongUp,Neutral,StrongUp,StrongUp,StrongUp,Dry,Neutral,Dry,Neutral,Clear,Clear,Clear,PC,,Strong,StrongWest,,,Weak,,IncCapDecIns,,Neutral,LittleChange,SVR,,,AB,PartInhibit,LessThanAve,,ABI,N1GtLIGt_4,Instability,LessUnstable,LessUnstable,B,,Weak,,B,,SVR,,LowNHighS,Steep,VeryMoist,Steep,,DryMMoistL,E_W_N,PosToNeg,Other,,,DenvCyclone
Neutral,Down,WeakUp,Down,Down,Neutral,Wet,,,PC,Clear,,Clear,Strong,Strong,Westerly,,,Weak,Some,IncCapDecIns,Increasing,Neutral,LittleChange,SIG,Aug20_Sep15,,CThruK,,LessThanAve,MoreThanAve,,LILt_8,Instability,MoreUnstable,,HI,,Moderate,,I,SIG,,SIG,LowSHighN,Steep,,ModerateOrLe,,,E_W_S,,QStationary,,Westerly,LV
,Neutral,,Neutral,,Neutral,VeryWet,,,PC,Clear,,,,,,,Weak,,,,Increasing,Neutral,Increasing,XNIL,Jul16_Aug10,G,CThruK,TotalInhibit,MoreThanAve,MoreThanAve,G,N1GtLIGt_4,,Average,Average,GJ,,,Moderate,G,XNIL,,XNIL,LowEvrywhere,CloseToDryAd,Dry,,,MoistMDryL,DryLine,LittleChange,,,LVorOther,LongAnticyc
,Neutral,Neutral,Neutral,Neutral,Dry,Wet,,VeryWet,Clear,Clear,,Clear,Weak,Strong,Westerly,,,Weak,Some,LittleChange,,,Increasing,SVR,,,,PartInhibit,LessThanAve,LessThanAve,,N5GtLIGt_8,Neutral,,Average,ACEFK,PartInhibit,Moderate,Slight,,,SVR,SVR,LowMtsHighPl,Steep,Average,Steep,,DryMMoistL,,,,SWQuad,Westerly,DenvCyclone
StrongUp,,StrongUp,StrongUp,,Neutral,VeryWet,VeryWet,VeryWet,,Clear,Clear,PC,,,DCVZFavor,,,,Some,,LittleChange,Negative,,XNIL,May15_Jun14,B,AB,PartInhibit,LessThanAve,,ABI,N1GtLIGt_4,Neutral,Average,LessUnstable,,Stifling,Weak,,,,SVR,,LowSHighN,Steep,Average,Steep,NoMajor,Other,DenvCyclone,,,NWQuad,LVorOther,DenvCyclone
Down,StronUp,WeakUp,,,Dry,Dry,,Wet,PC,Clear,Clear,Clear,Strong,Strong,Westerly,Strong,,,Marked,IncCapDecIns,Increasing,Negative,Decreasing,,Jun15_Jul1,E,,PartInhibit,Average,,CDEJ,,Neutral,Average,LessUnstable,ACEFK,PartInhibit,Unfavorable,,E,SIG,,,LowSHighN,,,,OtherRapid,MoistMDryL,DryLine,PosToNeg,,LV,LVorOther,
WeakUp,,WeakUp,StrongUp,,Wet,VeryWet,,,PC,,PC,Cloudy,,,,,Weak,Weak,,IncCapDecIns,,Negative,,XNIL,,,CThruK,PartInhibit,MoreThanAve,MoreThanAve,H,N1GtLIGt_4,,Average,,,Stifling,,,H,XNIL,XNIL,XNIL,LowMtsHighPl,Stable,Dry,ModerateOrLe,MarkedUpper,DryMMoistL,E_W_S,NegToPos,,NWQuad,LVorOther,E_NE
Neutral,,StrongUp,WeakUp,WeakUp,,Dry,,,Clear,Cloudy,PC,Cloudy,Strong,Weak,Other,,,,,IncCapDecIns,Increasing,Neutral,LittleChange,,May15_Jun14,C,,Stifling,Average,,,N5GtLIGt_8,,LessUnstable,LessUnstable,ACEFK,Stifling,Weak,,,XNIL,XNIL,SIG,LowAtStation,CloseToDryAd,Average,Steep,MarkedUpper,Other,E_W_N,,,,LVorOther,
,Down,Down,,Down,,Neutral,VeryWet,Wet,Clear,PC,PC,PC,Weak,Strong,StrongWest,Strong,Weak,,,IncCapDecIns,Increasing,WeakPos,LittleChange,SVR,Jun15_Jul1,B,AB,Stifling,MoreThanAve,MoreThanAve,ABI,N1GtLIGt_4,Instability,Average,,B,PartInhibit,Moderate,,B,,SVR,SVR,,CloseToDryAd,,CloseToDryAd,NoMajor,DryMMoistL,,LittleChange,,AllElse,LVorOther,DenvCyclone
Neutral,,Neutral,Neutral,Neutral,Neutral,Wet,Neutral,Neutral,,PC,Clear,Clear,,Strong,,Strong,,Weak,,LittleChange,LittleChange,,Increasing,SIG,Jun15_Jul1,C,CThruK,,LessThanAve,LessThanAve,CDEJ,N1GtLIGt_4,Stability,LessUnstable,MoreUnstable,,,,,,,SVR,SVR,LowEvrywhere,CloseToDryAd,Dry,CloseToDryAd,OtherRapid,Other,E_W_N,,Moving,NWQuad,Westerly,LongAnticyc
Neutral,,,WeakUp,WeakUp,Neutral,Neutral,Dry,Neutral,PC,,PC,PC,,,Westerly,,Weak,,,,Increasing,,Increasing,XNIL,,C,CThruK,,Average,,CDEJ,,Stability,LessUnstable,,ACEFK,,Strong,Strong,C,,,SIG,LowEvrywhere,Steep,Average,CloseToDryAd,MarkedUpper,DryMMoistL,,SigPositive,Other,,Westerly,LongAnticyc
Neutral,Neutral,Neutral,Neutral,,Neutral,Neutral,Neutral,,PC,PC,,PC,Strong,Strong,Westerly,Strong,,Weak,,,Increasing,WeakPos,Increasing,SIG,Jun15_Jul1,E,,PartInhibit,MoreThanAve,MoreThanAve,CDEJ,,Neutral,MoreUnstable,MoreUnstable,ACEFK,PartInhibit,Weak,,E,XNIL,,SIG,LowAtStation,Stable,Dry,ModerateOrLe,NoMajor,Other,,,,SWQuad,,LV
Down,,Down,Down,Down,Neutral,VeryWet,VeryWet,Wet,PC,Clear,,PC,Strong,Strong,Other,,Weak,Weak,Marked,LittleChange,LittleChange,Negative,Decreasing,,Aug20_Sep15,K,,PartInhibit,Average,Average,K,N1GtLIGt_4,,,,ACEFK,,Moderate,Strong,,,,SIG,Other,ModerateOrLe,Dry,ModerateOrLe,MarkedUpper,Other,E_W_N,,Other,SWQuad,Westerly,E_NE
,StronUp,Neutral,WeakUp,WeakUp,Dry,,VeryWet,,Clear,,,Clear,,,Westerly,Strong,Weak,Strong,Marked,IncCapDecIns,Increasing,Neutral,Increasing,SVR,Aug20_Sep15,,CThruK,PartInhibit,,,K,,Instability,,,ACEFK,PartInhibit,Moderate,Slight,K,,XNIL,SVR,Other,Steep,Dry,ModerateOrLe,,,MovingFtorOt,SigPositive,,,,DenvCyclone
Neutral,,Neutral,Neutral,Neutral,Neutral,Neutral,Neutral,Neutral,PC,PC,Cloudy,Cloudy,,Strong,StrongWest,Weak,,Strong,Marked,LittleChange,,Negative,LittleChange,,Aug20_Sep15,E,CThruK,Stifling,Average,Average,,N5GtLIGt_8,Instability,MoreUnstable,,ACEFK,PartInhibit,Moderate,,E,XNIL,XNIL,SIG,,Steep,Average,ModerateOrLe,NoMajor,MoistMDryL,DryLine,LittleChange,,,,
,WeakUp,Neutral,,WeakUp,Neutral,,Neutral,Neutral,PC,Clear,Clear,Clear,Strong,Strong,,Strong,,Weak,,IncCapDecIns,,Negative,Decreasing,SIG,,K,CThruK,PartInhibit,,LessThanAve,K,,Instability,MoreUnstable,MoreUnstable,ACEFK,Stifling,Weak,Slight,K,,XNIL,SIG,LowAtStation,,Average,Steep,OtherRapid,MoistMDryL,,SigNegative,Moving,,Westerly,
,,Neutral,Neutral,Neutral,Dry,VeryWet,Wet,Neutral,PC,PC,,,,Strong,Other,Weak,Weak,,,DecCapIncIns,,,LittleChange,XNIL,Aug20_Sep15,C,CThruK,PartInhibit,Average,,CDEJ,N5GtLIGt_8,,,,ACEFK,PartInhibit,,,C,XNIL,XNIL,XNIL,LowEvrywhere,Steep,Average,CloseToDryAd,,MoistMDryL,E_W_S,SigPositive,Other,NWQuad,,LongAnticyc
Neutral,Neutral,Neutral,,Neutral,Wet,Dry,Wet,,PC,PC,,Cloudy,,,StrongWest,,Weak,Weak,,LittleChange,LittleChange,Neutral,Increasing,,May15_Jun14,B,AB,TotalInhibit,,MoreThanAve,,,,MoreUnstable,,B,Stifling,Moderate,Slight,B,,,XNIL,LowNHighS,Steep,,Steep,,,DenvCyclone,PosToNeg,,AllElse,Westerly,DenvCyclone
Neutral,,Neutral,Neutral,Neutral,Neutral,Neutral,Wet,,PC,,PC,,Weak,Weak,Westerly,,Strong,Strong,,LittleChange,LittleChange,Negative,Decreasing,SIG,,H,CThruK,PartInhibit,MoreThanAve,MoreThanAve,H,N1GtLIGt_4,Neutral,MoreUnstable,,,Stifling,Moderate,Slight,,,XNIL,,LowMtsHighPl,,,Steep,MarkedUpper,DryMMoistL,E_W_S,NegToPos,,,LVorOther,E_NE
Down,Down,Neutral,Neutral,Neutral,Neutral,,Neutral,,PC,,Clear,Clear,,,Other,,,Weak,Some,DecCapIncIns,,,LittleChange,XNIL,Jul16_Aug10,J,CThruK,PartInhibit,Average,,CDEJ,LIGt0,Instability,MoreUnstable,,GJ,TotalInhibit,,,J,XNIL,XNIL,,LowSHighN,Stable,Dry,Steep,,,E_W_S,NegToPos,,LV,LVorOther,LV
WeakUp,Down,Down,Down,Down,Dry,,Wet,Wet,Clear,Cloudy,PC,Clear,Weak,Strong,Westerly,,Weak,,Some,,LittleChange,Negative,Increasing,SVR,May15_Jun14,B,,TotalInhibit,MoreThanAve,MoreThanAve,,N5GtLIGt_8,,Average,Average,,PartInhibit,Strong,Strong,B,SVR,SIG,SVR,,,VeryMoist,Steep,,,DenvCyclone,PosToNeg,QStationary,,LVorOther,
,,Neutral,WeakUp,WeakUp,Neutral,Neutral,,Wet,,PC,PC,,Weak,Strong,DCVZFavor,Strong,,Strong,Marked,LittleChange,LittleChange,Neutral,,SVR,Jul16_Aug10,G,CThruK,Stifling,MoreThanAve,MoreThanAve,,N5GtLIGt_8,Stability,Average,LessUnstable,GJ,,Moderate,,G,XNIL,,SVR,LowEvrywhere,,,CloseToDryAd,,,Other,LittleChange,,SWQuad,,SEQuad
,Neutral,,Neutral,,,,Wet,Neutral,PC,Clear,PC,PC,,,Westerly,,,,Marked,DecCapIncIns,Decreasing,Neutral,,SIG,May15_Jun14,,,PartInhibit,LessThanAve,,CDEJ,N1GtLIGt_4,,Average,LessUnstable,ACEFK,PartInhibit,Weak,Slight,E,XNIL,XNIL,SIG,LowAtStation,ModerateOrLe,,ModerateOrLe,NoMajor,,,LittleChange,,,LVorOther,LongAnticyc
Neutral,StronUp,StrongUp,,StrongUp,,Neutral,,VeryWet,Cloudy,PC,Cloudy,,Weak,Strong,StrongWest,Strong,,Weak,Some,,,WeakPos,Decreasing,SVR,Aug20_Sep15,,CThruK,PartInhibit,Average,LessThanAve,CDEJ,,Stability,,LessUnstable,ACEFK,,Weak,,,XNIL,,,Other,Steep,Average,Steep,,,E_W_N,SigPositive,,NWQuad,Westerly,LongAnticyc
StrongUp,StronUp,,StrongUp,,,Neutral,Dry,Neutral,,PC,PC,PC,,Weak,,,,Weak,Some,,LittleChange,WeakPos,Increasing,SIG,,,CThruK,PartInhibit,,Average,,N1GtLIGt_4,Neutral,LessUnstable,,ACEFK,,Unfavorable,,K,XNIL,XNIL,SIG,LowAtStation,Stable,Average,CloseToDryAd,StrongFront,DryMMoistL,,,Moving,,Westerly,
WeakUp,Neutral,Down,Neutral,Neutral,Neutral,,Neutral,Neutral,Clear,,,,Weak,Strong,DCVZFavor,Strong,,Weak,Marked,IncCapDecIns,Increasing,,,,,K,CThruK,PartInhibit,Average,Average,,N5GtLIGt_8,Neutral,Average,MoreUnstable,ACEFK,TotalInhibit,Moderate,,K,XNIL,XNIL,SIG,,CloseToDryAd,VeryMoist,,,Other,MovingFtorOt,,QStationary,AllElse,LVorOther,
StrongUp,Neutral,StrongUp,StrongUp,,,Neutral,Neutral,VeryWet,,Clear,Clear,,Strong,Strong,Other,,,,,IncCapDecIns,Increasing,Negative,Decreasing,SIG,Jul16_Aug10,D,CThruK,PartInhibit,Average,MoreThanAve,,N1GtLIGt_4,Stability,LessUnstable,LessUnstable,D,PartInhibit,,Moderate,,XNIL,SIG,SIG,LowEvrywhere,,Dry,Steep,OtherRapid,Other,MovingFtorOt,LittleChange,QStationary,SWQuad,,
Neutral,Neutral,Neutral,,Neutral,Neutral,VeryWet,VeryWet,Wet,PC,,,PC,,Strong,Other,,Weak,,Some,,LittleChange,,Increasing,SIG,Jun15_Jul1,,CThruK,PartInhibit,Average,,CDEJ,N1GtLIGt_4,Neutral,,MoreUnstable,,,,,J,XNIL,,SIG,LowSHighN,Steep,Average,CloseToDryAd,NoMajor,MoistMDryL,DryLine,LittleChange,,,LVorOther,LV
WeakUp,Neutral,Down,Neutral,Neutral,Dry,Neutral,,Neutral,,PC,Cloudy,Cloudy,,,StrongWest,,,,,DecCapIncIns,Decreasing,WeakPos,LittleChange,XNIL,Jun15_Jul1,,CThruK,,Average,Average,G,LIGt0,,LessUnstable,,,PartInhibit,,Moderate,G,SIG,SIG,,LowAtStation,CloseToDryAd,,CloseToDryAd,NoMajor,MoistMDryL,E_W_N,SigPositive,,,LVorOther,LV
WeakUp,Neutral,WeakUp,Neutral,Neutral,Neutral,VeryWet,Neutral,Neutral,Clear,PC,PC,Clear,Strong,Strong,DCVZFavor,Weak,Strong,,Some,LittleChange,LittleChange,Neutral,Increasing,SIG,,D,CThruK,PartInhibit,Average,,,N5GtLIGt_8,Neutral,Average,MoreUnstable,D,PartInhibit,Weak,,D,SVR,,SVR,,CloseToDryAd,Dry,Steep,StrongFront,MoistMDryL,Other,SigNegative,QStationary,NWQuad,LVorOther,LongAnticyc
WeakUp,Neutral,StrongUp,WeakUp,WeakUp,Dry,Neutral,,VeryWet,PC,,PC,Cloudy,,Strong,Other,,Weak,Weak,,,Increasing,WeakPos,Increasing,,May15_Jun14,D,CThruK,Stifling,MoreThanAve,MoreThanAve,CDEJ,,Neutral,MoreUnstable,MoreUnstable,,,Weak,,D,XNIL,XNIL,SIG,LowAtStation,CloseToDryAd,Average,CloseToDryAd,OtherRapid,,,SigNegative,,,,LongAnticyc
Neutral,,Neutral,Neutral,Neutral,VeryWet,Wet,,VeryWet,PC,Cloudy,Cloudy,PC,,,Westerly,Weak,Weak,Weak,,,Increasing,,Increasing,,Jun15_Jul1,G,CThruK,Stifling,,,G,N5GtLIGt_8,Stability,MoreUnstable,,GJ,,Strong,Strong,,SIG,SIG,SIG,LowAtStation,CloseToDryAd,Dry,CloseToDryAd,,MoistMDryL,,LittleChange,,NWQuad,Westerly,
Down,Down,Down,,Down,VeryWet,,Wet,Wet,Clear,PC,Clear,Clear,Weak,Strong,,Strong,Weak,,Some,LittleChange,LittleChange,WeakPos,LittleChange,SIG,Aug20_Sep15,,CThruK,,Average,Average,K,,Stability,MoreUnstable,MoreUnstable,,PartInhibit,,Slight,K,XNIL,XNIL,SIG,LowNHighS,,Dry,Steep,StrongFront,Other,,,,AllElse,,WidespdDnsl
Down,Neutral,,,Down,,,Neutral,Dry,PC,PC,PC,PC,,,DCVZFavor,,,Weak,,IncCapDecIns,Increasing,Negative,Decreasing,XNIL,Aug11_Aug20,G,,Stifling,Average,Average,,N1GtLIGt_4,Neutral,LessUnstable,LessUnstable,,,Moderate,,G,,XNIL,XNIL,Other,,Dry,CloseToDryAd,NoMajor,,,NegToPos,,AllElse,Westerly,WidespdDnsl
Down,Down,Neutral,,Neutral,Dry,Dry,,Neutral,PC,Cloudy,PC,PC,,Strong,Other,,,,,LittleChange,LittleChange,StrongPos,Increasing,,Aug20_Sep15,,CThruK,,Average,,CDEJ,N1GtLIGt_4,Instability,Average,MoreUnstable,D,Stifling,Strong,Strong,D,XNIL,XNIL,SVR,LowEvrywhere,,Dry,Steep,MarkedUpper,,DryLine,,QStationary,SWQuad,LVorOther,DenvCyclone
Down,StronUp,Neutral,,WeakUp,VeryWet,,Wet,,,PC,PC,,Weak,Strong,StrongWest,Strong,Weak,Strong,Marked,IncCapDecIns,,Neutral,Increasing,,,,CThruK,Stifling,,MoreThanAve,H,N1GtLIGt_4,,Average,,HI,,,Moderate,,SVR,XNIL,SVR,Other,Stable,Average,,NoMajor,Other,Other,NegToPos,Moving,NWQuad,Westerly,E_NE
Down,Neutral,Down,Down,Down,VeryWet,Neutral,,VeryWet,,Clear,Clear,PC,,,StrongWest,Strong,,Strong,Marked,IncCapDecIns,Increasing,Negative,Increasing,SIG,,C,,PartInhibit,,MoreThanAve,,N1GtLIGt_4,Instability,Average,Average,,,Unfavorable,,,XNIL,XNIL,,LowEvrywhere,ModerateOrLe,Dry,ModerateOrLe,NoMajor,MoistMDryL,E_W_S,NegToPos,Other,NWQuad,Westerly,LongAnticyc
,StronUp,,,,Dry,,Wet,VeryWet,,,PC,,Weak,,Westerly,Weak,,Strong,Marked,IncCapDecIns,Increasing,WeakPos,Increasing,,Aug20_Sep15,B,AB,PartInhibit,LessThanAve,MoreThanAve,ABI,,Stability,MoreUnstable,MoreUnstable,B,PartInhibit,Weak,Slight,B,,SIG,,Other,Stable,Dry,Steep,NoMajor,,MovingFtorOt,SigPositive,Other,SWQuad,LVorOther,DenvCyclone
Down,Down,WeakUp,Neutral,Neutral,VeryWet,Dry,Wet,VeryWet,PC,Clear,Clear,Clear,Weak,,StrongWest,Strong,,,Marked,LittleChange,LittleChange,Negative,,SVR,Jul16_Aug10,K,CThruK,PartInhibit,Average,Average,K,N1GtLIGt_4,Instability,,LessUnstable,,,Moderate,Moderate,K,XNIL,XNIL,SVR,LowNHighS,Steep,,Steep,MarkedUpper,DryMMoistL,MovingFtorOt,PosToNeg,,SWQuad,Westerly,WidespdDnsl
,Down,,WeakUp,WeakUp,VeryWet,VeryWet,Wet,Wet,Clear,PC,Clear,Clear,Strong,Strong,DCVZFavor,Strong,,Weak,,DecCapIncIns,Decreasing,WeakPos,,SIG,Jul16_Aug10,A,AB,Stifling,LessThanAve,LessThanAve,ABI,N1GtLIGt_4,Neutral,Average,MoreUnstable,ACEFK,PartInhibit,,,,SVR,,SIG,LowSHighN,Stable,,ModerateOrLe,,,DenvCyclone,,Other,SWQuad,,SEQuad
Down,,,Down,Down,Wet,Neutral,Wet,Neutral,PC,,PC,,Strong,,,Weak,,Weak,,IncCapDecIns,,WeakPos,,,May15_Jun14,K,,PartInhibit,LessThanAve,MoreThanAve,K,LIGt0,Stability,Average,MoreUnstable,ACEFK,,Weak,,K,SIG,SIG,,,Steep,,ModerateOrLe,,DryMMoistL,,SigNegative,,AllElse,Westerly,WidespdDnsl
Down,Down,StrongUp,,Down,VeryWet,,Wet,,,PC,Cloudy,PC,Weak,Weak,,Strong,,Strong,Some,,Increasing,Neutral,LittleChange,,Aug20_Sep15,J,,PartInhibit,MoreThanAve,MoreThanAve,CDEJ,N5GtLIGt_8,Stability,Average,,,PartInhibit,Weak,,J,XNIL,XNIL,SIG,,ModerateOrLe,Dry,,NoMajor,MoistMDryL,,,QStationary,,,
StrongUp,Down,,,Down,VeryWet,Wet,VeryWet,VeryWet,,,PC,PC,Weak,Strong,Other,Weak,Strong,,,IncCapDecIns,,,,XNIL,May15_Jun14,K,CThruK,Stifling,Average,MoreThanAve,K,,,Average,,,Stifling,Strong,,,XNIL,XNIL,XNIL,,Steep,,Steep,StrongFront,DryMMoistL,DryLine,,Moving,,,WidespdDnsl
,StronUp,,,WeakUp,,Dry,Neutral,,PC,Cloudy,PC,,,Weak,Other,,,Weak,,,Increasing,,Increasing,XNIL,,,CThruK,Stifling,,MoreThanAve,CDEJ,N1GtLIGt_4,,LessUnstable,LessUnstable,ACEFK,,Moderate,Strong,E,XNIL,SIG,SIG,LowEvrywhere,CloseToDryAd,Average,,,Other,DryLine,LittleChange,,,Westerly,
,WeakUp,,WeakUp,WeakUp,Neutral,,Neutral,Wet,Clear,,Clear,Clear,Strong,Strong,,,,Weak,Some,,Increasing,WeakPos,,SIG,May15_Jun14,G,,PartInhibit,LessThanAve,MoreThanAve,G,N1GtLIGt_4,Neutral,LessUnstable,LessUnstable,,,,,,XNIL,XNIL,,LowNHighS,CloseToDryAd,Dry,,NoMajor,,E_W_S,,,SWQuad,LVorOther,WidespdDnsl
,,WeakUp,WeakUp,WeakUp,Neutral,Neutral,,,,PC,Clear,Clear,,,DCVZFavor,,Weak,,,,,WeakPos,,XNIL,Aug20_Sep15,K,,Stifling,MoreThanAve,,K,N1GtLIGt_4,Instability,MoreUnstable,MoreUnstable,,,,,K,XNIL,XNIL,,,Stable,Average,ModerateOrLe,OtherRapid,,DryLine,SigPositive,Moving,,Westerly,WidespdDnsl
,,,Neutral,Neutral,Wet,Neutral,Dry,Neutral,Clear,PC,,Cloudy,,,DCVZFavor,,,Weak,,IncCapDecIns,Increasing,Neutral,Increasing,XNIL,Jul16_Aug10,J,,,MoreThanAve,MoreThanAve,CDEJ,N5GtLIGt_8,Stability,,MoreUnstable,GJ,Stifling,Unfavorable,,J,XNIL,XNIL,XNIL,,ModerateOrLe,Average,Steep,,MoistMDryL,DryLine,LittleChange,Other,,LVorOther,
StrongUp,WeakUp,Down,,WeakUp,VeryWet,Wet,VeryWet,,Clear,Clear,Clear,PC,Strong,Strong,,Weak,,,Marked,IncCapDecIns,,Negative,Decreasing,SVR,,C,CThruK,,Average,MoreThanAve,CDEJ,N5GtLIGt_8,Neutral,LessUnstable,LessUnstable,ACEFK,,,Strong,C,,XNIL,,LowAtStation,CloseToDryAd,,,OtherRapid,,E_W_N,SigNegative,,,Westerly,LongAnticyc
StrongUp,,StrongUp,StrongUp,StrongUp,Wet,Dry,Wet,VeryWet,Clear,,,Cloudy,,,Westerly,,Weak,,,IncCapDecIns,Increasing,Negative,LittleChange,XNIL,May15_Jun14,,CThruK,PartInhibit,LessThanAve,MoreThanAve,G,,Stability,Average,,GJ,,,,G,SIG,SVR,SVR,,CloseToDryAd,Dry,,MarkedUpper,Other,Other,LittleChange,,,Westerly,LongAnticyc
,,,,Neutral,,,,,,Cloudy,PC,Cloudy,Strong,Strong,,Weak,,Weak,Marked,IncCapDecIns,Increasing,Neutral,LittleChange,,Jul16_Aug10,I,CThruK,TotalInhibit,MoreThanAve,,,N5GtLIGt_8,Instability,LessUnstable,LessUnstable,HI,,,Slight,I,XNIL,,SVR,Other,,Dry,ModerateOrLe,NoMajor,Other,MovingFtorOt,,Moving,,Westerly,E_NE
Down,StronUp,Neutral,Neutral,Neutral,Dry,,Neutral,Dry,PC,,PC,PC,Weak,Strong,Other,,Weak,Weak,,LittleChange,,,Increasing,SVR,May15_Jun14,H,CThruK,,Average,Average,H,,,MoreUnstable,MoreUnstable,HI,,Moderate,Slight,H,,SIG,SVR,,Stable,,Steep,MarkedUpper,Other,,NegToPos,,,LVorOther,LV
Down,,,Down,Down,Wet,,Neutral,,PC,,,PC,Strong,,StrongWest,Strong,Weak,Weak,Marked,,,,,SVR,May15_Jun14,,AB,,LessThanAve,LessThanAve,,N1GtLIGt_4,,Average,Average,ACEFK,,Weak,Strong,,SIG,,SVR,,,,Steep,StrongFront,DryMMoistL,MovingFtorOt,,,,,
Down,Down,Down,Down,Down,Dry,Neutral,Neutral,Dry,,Clear,,Clear,Strong,Strong,DCVZFavor,,Weak,,Marked,IncCapDecIns,Increasing,,LittleChange,SVR,Aug20_Sep15,G,CThruK,PartInhibit,LessThanAve,,G,LIGt0,,,,GJ,,Unfavorable,,G,XNIL,,SVR,,CloseToDryAd,Dry,CloseToDryAd,NoMajor,MoistMDryL,,NegToPos,,,Westerly,LongAnticyc
StrongUp,StronUp,WeakUp,,StrongUp,Neutral,,Neutral,Wet,PC,,PC,PC,Weak,,,Weak,,Strong,,,LittleChange,Negative,Decreasing,,,,,,MoreThanAve,,CDEJ,,,MoreUnstable,Average,D,,Weak,,D,XNIL,XNIL,SIG,LowSHighN,,Average,,OtherRapid,MoistMDryL,DryLine,SigNegative,,NWQuad,Westerly,
Neutral,Neutral,StrongUp,WeakUp,WeakUp,,Dry,,Wet,,PC,PC,PC,,,DCVZFavor,Weak,Strong,,,IncCapDecIns,Increasing,WeakPos,,SIG,Jun15_Jul1,B,,PartInhibit,LessThanAve,Average,ABI,,Instability,MoreUnstable,MoreUnstable,B,PartInhibit,Weak,,B,SIG,SIG,SIG,,,,Steep,,Other,DenvCyclone,PosToNeg,Moving,NWQuad,Westerly,
Neutral,Down,,,Down,Dry,,,,PC,Clear,PC,PC,Strong,Strong,Westerly,,,Strong,,DecCapIncIns,Decreasing,Negative,Decreasing,,May15_Jun14,A,AB,,,,,N1GtLIGt_4,Stability,LessUnstable,LessUnstable,ACEFK,PartInhibit,Moderate,Slight,A,,,SIG,Other,ModerateOrLe,Average,,StrongFront,DryMMoistL,DenvCyclone,,,SWQuad,Westerly,DenvCyclone
StrongUp,StronUp,WeakUp,StrongUp,,Dry,Wet,,VeryWet,,Cloudy,Cloudy,,,Strong,,Strong,Weak,Strong,Some,LittleChange,LittleChange,Neutral,Increasing,SVR,,,CThruK,PartInhibit,MoreThanAve,,ABI,N1GtLIGt_4,Stability,MoreUnstable,MoreUnstable,HI,,Moderate,,I,,SIG,SVR,LowMtsHighPl,ModerateOrLe,VeryMoist,CloseToDryAd,StrongFront,DryMMoistL,MovingFtorOt,LittleChange,QStationary,,,DenvCyclone
Down,Neutral,WeakUp,WeakUp,,Neutral,Neutral,Neutral,,Clear,,Clear,,Strong,Strong,Other,Strong,,Strong,,,LittleChange,,LittleChange,SIG,Aug11_Aug20,,CThruK,TotalInhibit,MoreThanAve,MoreThanAve,CDEJ,N1GtLIGt_4,Instability,,,GJ,PartInhibit,Strong,Strong,J,,XNIL,SIG,,Steep,,Steep,NoMajor,MoistMDryL,Other,LittleChange,Other,,LVorOther,
WeakUp,WeakUp,Neutral,,,,Neutral,Neutral,,Clear,PC,Clear,,Strong,Strong,StrongWest,Weak,,Weak,,,LittleChange,WeakPos,Decreasing,SIG,May15_Jun14,E,CThruK,,Average,Average,CDEJ,,,,LessUnstable,ACEFK,,Strong,,,,SVR,,,,Dry,ModerateOrLe,NoMajor,,,LittleChange,,LV,,
Down,Neutral,WeakUp,Down,Down,Neutral,,Neutral,Neutral,,,,PC,,,Westerly,,,,,,Increasing,Neutral,Increasing,XNIL,Jul16_Aug10,J,CThruK,PartInhibit,Average,MoreThanAve,,N5GtLIGt_8,Neutral,,MoreUnstable,GJ,Stifling,Moderate,,,XNIL,XNIL,XNIL,LowAtStation,,Average,,NoMajor,MoistMDryL,DryLine,LittleChange,,,LVorOther,LV
StrongUp,Neutral,Neutral,,,Dry,Wet,Dry,Dry,,PC,Clear,PC,,,DCVZFavor,,,,,LittleChange,LittleChange,WeakPos,Increasing,,Jun15_Jul1,,CThruK,,LessThanAve,,,,Stability,LessUnstable,LessUnstable,,Stifling,Strong,Strong,,SVR,SVR,SVR,LowAtStation,CloseToDryAd,Dry,Steep,,Other,E_W_S,SigPositive,Other,AllElse,LVorOther,LV
Down,WeakUp,,,,,Dry,Dry,Dry,Clear,,Clear,Clear,,,,,,Weak,,,LittleChange,Neutral,,,Aug20_Sep15,,AB,,Average,,ABI,N5GtLIGt_8,Instability,,MoreUnstable,B,TotalInhibit,Moderate,Slight,B,XNIL,XNIL,XNIL,HighEvrywher,Steep,,Steep,,Other,DenvCyclone,,Moving,AllElse,,DenvCyclone
WeakUp,StronUp,,,,,Dry,,Neutral,,PC,PC,PC,,Weak,DCVZFavor,Weak,,Weak,Some,DecCapIncIns,Decreasing,Negative,Decreasing,XNIL,Aug20_Sep15,,CThruK,PartInhibit,Average,Average,ABI,N1GtLIGt_4,,LessUnstable,,HI,TotalInhibit,,Slight,I,XNIL,XNIL,XNIL,LowSHighN,Steep,VeryMoist,,NoMajor,,,,QStationary,,LVorOther,LV
Down,StronUp,,Down,Down,Wet,,Neutral,Neutral,Cloudy,PC,Cloudy,Cloudy,,,,,,,,DecCapIncIns,Decreasing,StrongPos,Increasing,XNIL,Jul16_Aug10,H,CThruK,PartInhibit,LessThanAve,LessThanAve,H,N1GtLIGt_4,Stability,LessUnstable,,,Stifling,Weak,,H,,XNIL,XNIL,,Stable,VeryMoist,ModerateOrLe,MarkedUpper,Other,MovingFtorOt,SigNegative,,NWQuad,LVorOther,E_NE
StrongUp,Neutral,WeakUp,StrongUp,StrongUp,,Dry,Wet,VeryWet,Clear,PC,Clear,,Weak,Strong,,,Weak,Strong,Marked,LittleChange,,Negative,,XNIL,Aug20_Sep15,F,CThruK,,LessThanAve,LessThanAve,F,LIGt0,Stability,,LessUnstable,ACEFK,PartInhibit,Moderate,Moderate,,,SIG,,Other,Steep,VeryMoist,ModerateOrLe,NoMajor,Other,DenvCyclone,,,,LVorOther,SEQuad
StrongUp,StronUp,,,StrongUp,Neutral,Neutral,Neutral,Wet,,,Clear,PC,,,Other,,,,,LittleChange,,,,,Jul2_Jul15,G,,,MoreThanAve,MoreThanAve,G,,Stability,Average,Average,,Stifling,,,G,SIG,SIG,SIG,LowEvrywhere,Steep,Dry,Steep,StrongFront,MoistMDryL,,SigNegative,,SWQuad,Westerly,LongAnticyc
WeakUp,StronUp,StrongUp,StrongUp,StrongUp,,Neutral,,Neutral,Clear,,Clear,,Weak,Weak,DCVZFavor,Weak,Strong,Weak,,DecCapIncIns,Decreasing,Neutral,,XNIL,,H,CThruK,Stifling,Average,,H,N1GtLIGt_4,Neutral,,Average,,,,,H,XNIL,XNIL,,LowMtsHighPl,,,Steep,MarkedUpper,DryMMoistL,,NegToPos,,NWQuad,LVorOther,E_NE
,Neutral,StrongUp,Neutral,Neutral,Neutral,Dry,Neutral,,Clear,PC,Clear,Clear,Weak,,,Weak,,Strong,,LittleChange,,,,SIG,May15_Jun14,E,CThruK,Stifling,Average,Average,CDEJ,N1GtLIGt_4,Stability,,MoreUnstable,ACEFK,PartInhibit,Weak,,E,SVR,SVR,SVR,LowEvrywhere,CloseToDryAd,,ModerateOrLe,NoMajor,MoistMDryL,,SigPositive,QStationary,SWQuad,Westerly,DenvCyclone
Neutral,Neutral,Neutral,,,VeryWet,Dry,,VeryWet,PC,Clear,PC,Cloudy,,Weak,,,,Weak,,IncCapDecIns,Increasing,WeakPos,LittleChange,XNIL,,H,CThruK,TotalInhibit,MoreThanAve,MoreThanAve,H,N5GtLIGt_8,Stability,,,HI,Stifling,Unfavorable,,,XNIL,XNIL,XNIL,Other,,,,OtherRapid,DryMMoistL,,LittleChange,,LV,LVorOther,
Neutral,Down,StrongUp,,Neutral,Neutral,Wet,,Neutral,Clear,PC,Clear,PC,Weak,,Westerly,Strong,Weak,Strong,Marked,IncCapDecIns,Increasing,Neutral,LittleChange,,Aug11_Aug20,A,AB,PartInhibit,LessThanAve,,ABI,,Instability,Average,Average,ACEFK,,Strong,,A,SVR,,,HighEvrywher,,,,StrongFront,,DenvCyclone,SigNegative,,SWQuad,Westerly,DenvCyclone
,,StrongUp,StrongUp,StrongUp,,Wet,,VeryWet,Clear,,Clear,Clear,Weak,,,,,,,,,,,,Jun15_Jul1,C,CThruK,PartInhibit,Average,,CDEJ,N1GtLIGt_4,,Average,,ACEFK,PartInhibit,Moderate,,,,XNIL,SIG,LowEvrywhere,Steep,Dry,,NoMajor,MoistMDryL,E_W_N,,,NWQuad,Westerly,
WeakUp,Neutral,,Neutral,Neutral,Neutral,Neutral,Neutral,,,Clear,,,,,Other,,Weak,,,DecCapIncIns,Decreasing,Neutral,Decreasing,SVR,Aug20_Sep15,H,,,,LessThanAve,H,,,LessUnstable,LessUnstable,HI,Stifling,Moderate,Moderate,H,XNIL,XNIL,,LowMtsHighPl,Stable,VeryMoist,ModerateOrLe,NoMajor,DryMMoistL,,SigNegative,,NWQuad,Westerly,E_NE
Neutral,Neutral,WeakUp,Neutral,Neutral,,Dry,Dry,Neutral,PC,PC,PC,,,,Westerly,,,,,IncCapDecIns,Increasing,,,XNIL,,H,,,,MoreThanAve,H,N5GtLIGt_8,,Average,MoreUnstable,HI,,Strong,Slight,H,SVR,SVR,SVR,HighEvrywher,Stable,,ModerateOrLe,MarkedUpper,,MovingFtorOt,SigNegative,Moving,,LVorOther,E_NE
Down,,StrongUp,Neutral,Neutral,Dry,,VeryWet,VeryWet,Clear,PC,PC,PC,,,Other,,,Weak,Some,,LittleChange,Neutral,Decreasing,,Aug20_Sep15,,CThruK,PartInhibit,LessThanAve,LessThanAve,H,N1GtLIGt_4,Instability,,LessUnstable,HI,,Weak,Slight,H,XNIL,XNIL,SVR,LowSHighN,Stable,Average,ModerateOrLe,,Other,,PosToNeg,Moving,LV,Westerly,E_NE
StrongUp,StronUp,Down,WeakUp,,Dry,Neutral,Dry,,Clear,,,Clear,Weak,,Westerly,Strong,,,Marked,,Increasing,,Decreasing,SVR,Aug20_Sep15,K,,PartInhibit,,,K,N1GtLIGt_4,Neutral,LessUnstable,LessUnstable,ACEFK,,Weak,Moderate,,XNIL,XNIL,SVR,,,VeryMoist,Steep,MarkedUpper,DryMMoistL,DryLine,SigNegative,,NWQuad,LVorOther,
WeakUp,Neutral,,,Down,VeryWet,,,VeryWet,,,Cloudy,Cloudy,Strong,,Other,Weak,,,Some,,Increasing,,,SVR,Jul2_Jul15,,CThruK,PartInhibit,MoreThanAve,MoreThanAve,ABI,N1GtLIGt_4,,LessUnstable,LessUnstable,HI,,Weak,,,XNIL,XNIL,SVR,LowSHighN,Stable,Dry,CloseToDryAd,OtherRapid,,E_W_S,,QStationary,SWQuad,LVorOther,SEQuad
,WeakUp,Down,Down,Down,Dry,,Dry,Dry,Clear,,Clear,Clear,,Strong,StrongWest,Strong,,Strong,Marked,,Decreasing,,Decreasing,SVR,Jul16_Aug10,J,CThruK,PartInhibit,MoreThanAve,,CDEJ,N1GtLIGt_4,Stability,LessUnstable,LessUnstable,,,,,J,,XNIL,SVR,,,Dry,ModerateOrLe,NoMajor,DryMMoistL,DryLine,LittleChange,,LV,LVorOther,LongAnticyc
WeakUp,Neutral,StrongUp,WeakUp,WeakUp,,Neutral,Dry,Dry,PC,Clear,Cloudy,Cloudy,Weak,Strong,Westerly,Strong,,Weak,,IncCapDecIns,Increasing,Negative,LittleChange,SIG,,E,,,Average,MoreThanAve,CDEJ,N1GtLIGt_4,Stability,LessUnstable,LessUnstable,ACEFK,Stifling,,,,XNIL,XNIL,,,,,Steep,NoMajor,MoistMDryL,,SigPositive,,AllElse,,E_NE
StrongUp,StronUp,Neutral,WeakUp,,Dry,Neutral,Dry,Dry,PC,PC,PC,PC,,Strong,DCVZFavor,Strong,,Strong,Marked,DecCapIncIns,,Neutral,LittleChange,SVR,Aug20_Sep15,D,,PartInhibit,Average,LessThanAve,,,,MoreUnstable,MoreUnstable,,,Moderate,,D,,SIG,,,CloseToDryAd,Average,Steep,,,,SigPositive,Other,AllElse,Westerly,
Down,StronUp,Down,WeakUp,,Wet,,,,,,PC,PC,,Strong,DCVZFavor,Strong,Weak,,,LittleChange,LittleChange,Negative,LittleChange,SVR,,B,AB,,Average,,ABI,,Neutral,MoreUnstable,,B,PartInhibit,,Slight,B,,SIG,SVR,LowMtsHighPl,Stable,VeryMoist,ModerateOrLe,OtherRapid,Other,,PosToNeg,Other,,Westerly,
,Neutral,StrongUp,Neutral,Neutral,Wet,Wet,Wet,Wet,PC,,Clear,PC,,Weak,,,Strong,,Marked,LittleChange,,Negative,LittleChange,SIG,May15_Jun14,A,AB,PartInhibit,LessThanAve,LessThanAve,ABI,,Instability,MoreUnstable,MoreUnstable,ACEFK,PartInhibit,Strong,Moderate,,,,SIG,LowSHighN,,Average,Steep,OtherRapid,DryMMoistL,DenvCyclone,PosToNeg,Moving,SWQuad,Westerly,
,Neutral,Neutral,,Neutral,Neutral,,,Neutral,PC,Clear,Clear,Clear,,Weak,,Weak,,Weak,Some,IncCapDecIns,Increasing,WeakPos,LittleChange,XNIL,Jul2_Jul15,I,CThruK,PartInhibit,Average,MoreThanAve,ABI,,Neutral,Average,,HI,PartInhibit,,Strong,I,SIG,SIG,SIG,,CloseToDryAd,VeryMoist,,OtherRapid,Other,MovingFtorOt,SigPositive,QStationary,SWQuad,Westerly,
WeakUp,StronUp,,StrongUp,,,,Neutral,Neutral,Clear,,,,,,StrongWest,,,,Some,IncCapDecIns,,,LittleChange,,Jul16_Aug10,,CThruK,PartInhibit,,MoreThanAve,K,N1GtLIGt_4,Stability,,,,,Weak,,K,XNIL,,SIG,,Steep,Dry,ModerateOrLe,MarkedUpper,DryMMoistL,MovingFtorOt,SigPositive,Other,NWQuad,,SEQuad
StrongUp,Down,StrongUp,,StrongUp,Dry,Wet,Neutral,VeryWet,Clear,Cloudy,Clear,,,,Westerly,,Weak,Weak,,LittleChange,LittleChange,WeakPos,LittleChange,,,K,CThruK,PartInhibit,,LessThanAve,K,N1GtLIGt_4,Stability,MoreUnstable,,ACEFK,,Weak,Moderate,K,SVR,SVR,SVR,Other,Steep,Dry,CloseToDryAd,MarkedUpper,DryMMoistL,MovingFtorOt,,Moving,,Westerly,WidespdDnsl
,Neutral,Neutral,Down,,Dry,VeryWet,VeryWet,VeryWet,Clear,PC,,,,Weak,DCVZFavor,Weak,,Weak,Marked,,LittleChange,Negative,Decreasing,,Aug20_Sep15,K,CThruK,PartInhibit,Average,Average,,N1GtLIGt_4,Instability,,Average,,PartInhibit,Strong,Strong,K,XNIL,XNIL,SIG,LowNHighS,ModerateOrLe,Average,ModerateOrLe,MarkedUpper,DryMMoistL,MovingFtorOt,SigNegative,Moving,AllElse,LVorOther,WidespdDnsl
Neutral,Down,Neutral,Neutral,Neutral,,,,Neutral,Cloudy,Clear,,Cloudy,,,StrongWest,,,,,LittleChange,LittleChange,WeakPos,Increasing,XNIL,Jun15_Jul1,H,CThruK,,LessThanAve,LessThanAve,H,LIGt0,Instability,,Average,HI,,,Slight,,,XNIL,,LowNHighS,,Average,ModerateOrLe,,Other,MovingFtorOt,SigNegative,,NWQuad,LVorOther,E_NE
,WeakUp,,WeakUp,WeakUp,Neutral,Dry,Dry,,,,PC,PC,,Strong,Other,,,,Some,IncCapDecIns,Increasing,,Increasing,SVR,,I,,,,,ABI,N5GtLIGt_8,,Average,Average,HI,PartInhibit,Weak,,I,XNIL,XNIL,SVR,,,Average,Steep,NoMajor,DryMMoistL,E_W_S,NegToPos,QStationary,LV,LVorOther,E_NE
Down,Neutral,Neutral,Down,Down,,Dry,VeryWet,VeryWet,,PC,Clear,Clear,Weak,Strong,StrongWest,Strong,,Weak,Marked,LittleChange,LittleChange,Neutral,,SIG,Jul2_Jul15,K,CThruK,PartInhibit,Average,Average,K,,Neutral,Average,Average,ACEFK,,Weak,Moderate,,SVR,,SVR,Other,Stable,,,MarkedUpper,DryMMoistL,,LittleChange,,,LVorOther,
Neutral,WeakUp,Down,Neutral,,,,Neutral,Neutral,PC,,PC,PC,,,DCVZFavor,,Strong,Weak,Some,LittleChange,LittleChange,StrongPos,Increasing,XNIL,Jul16_Aug10,,CThruK,,Average,Average,CDEJ,,Neutral,Average,Average,,PartInhibit,Weak,,E,XNIL,XNIL,XNIL,LowSHighN,,Dry,Steep,,,,SigNegative,,SWQuad,Westerly,LV
StrongUp,Neutral,WeakUp,WeakUp,WeakUp,Neutral,VeryWet,Wet,,Cloudy,Cloudy,Cloudy,Cloudy,Weak,Strong,,Strong,,Weak,Some,,,,,SVR,Jun15_Jul1,K,CThruK,,LessThanAve,LessThanAve,K,N1GtLIGt_4,,Average,LessUnstable,,PartInhibit,Weak,,K,XNIL,XNIL,SVR,LowEvrywhere,Steep,Dry,ModerateOrLe,OtherRapid,Other,MovingFtorOt,NegToPos,Other,NWQuad,,WidespdDnsl
Down,Neutral,Neutral,,Down,Wet,,Wet,Wet,Clear,PC,PC,Clear,Weak,,DCVZFavor,Weak,Weak,,Marked,,Increasing,Negative,LittleChange,SIG,,H,CThruK,TotalInhibit,,,H,N1GtLIGt_4,Instability,,,HI,PartInhibit,,,H,XNIL,XNIL,SIG,Other,,Average,Steep,,DryMMoistL,E_W_S,SigNegative,Other,,,
WeakUp,Neutral,StrongUp,WeakUp,WeakUp,Wet,Dry,Neutral,,,PC,Clear,Clear,Strong,Strong,Westerly,Strong,Strong,Weak,,LittleChange,,WeakPos,LittleChange,SVR,Jul2_Jul15,F,CThruK,TotalInhibit,MoreThanAve,MoreThanAve,F,N1GtLIGt_4,,,LessUnstable,,PartInhibit,Strong,Slight,F,,,SVR,,Stable,VeryMoist,,OtherRapid,Other,,SigNegative,,LV,,
Neutral,Down,Down,Down,,Neutral,VeryWet,,Wet,PC,,PC,PC,Strong,Strong,Other,,Weak,Weak,Some,,Increasing,StrongPos,Increasing,SIG,,A,,,,MoreThanAve,,N1GtLIGt_4,Instability,,Average,ACEFK,,Moderate,,A,XNIL,XNIL,SIG,Other,,VeryMoist,,,DryMMoistL,DenvCyclone,SigNegative,,SWQuad,Westerly,
StrongUp,StronUp,Neutral,StrongUp,StrongUp,Neutral,Dry,Neutral,Wet,,,Clear,PC,Weak,Strong,StrongWest,Strong,Weak,Weak,Marked,LittleChange,LittleChange,,,SIG,Jul16_Aug10,F,CThruK,TotalInhibit,MoreThanAve,MoreThanAve,F,,Neutral,Average,Average,ACEFK,TotalInhibit,Weak,,F,XNIL,XNIL,SIG,HighEvrywher,ModerateOrLe,VeryMoist,Steep,NoMajor,Other,,PosToNeg,,,LVorOther,SEQuad
,,Neutral,Neutral,Neutral,Dry,Neutral,Dry,,PC,,PC,PC,Weak,Weak,Westerly,,Strong,,,LittleChange,,Neutral,LittleChange,SIG,Jul2_Jul15,E,CThruK,PartInhibit,Average,Average,CDEJ,N1GtLIGt_4,Stability,LessUnstable,LessUnstable,,,,Moderate,E,SVR,SIG,SIG,Other,ModerateOrLe,Dry,Steep,NoMajor,MoistMDryL,,PosToNeg,,LV,LVorOther,WidespdDnsl
Neutral,Down,Down,,Down,Neutral,VeryWet,Neutral,Dry,Clear,Clear,Clear,,Strong,,DCVZFavor,Strong,,Strong,Marked,IncCapDecIns,Increasing,,Decreasing,SVR,Aug11_Aug20,K,CThruK,PartInhibit,LessThanAve,Average,K,,Stability,,,ACEFK,PartInhibit,Strong,,,XNIL,,SVR,,ModerateOrLe,VeryMoist,,MarkedUpper,DryMMoistL,MovingFtorOt,PosToNeg,QStationary,NWQuad,Westerly,DenvCyclone
Neutral,Neutral,,,,,Neutral,,Neutral,,PC,,Clear,Strong,Strong,,,,Strong,Some,DecCapIncIns,,Neutral,,XNIL,Aug20_Sep15,D,CThruK,,,Average,CDEJ,,Instability,,,D,,Moderate,Strong,D,SIG,SIG,SIG,LowMtsHighPl,,,Steep,OtherRapid,Other,DryLine,SigNegative,Moving,,Westerly,
WeakUp,,Down,Down,,,Dry,,Dry,Cloudy,PC,,Cloudy,Weak,Strong,StrongWest,Strong,,Weak,Marked,DecCapIncIns,,Neutral,LittleChange,SIG,Jul2_Jul15,,CThruK,,Average,,CDEJ,N1GtLIGt_4,Stability,Average,Average,D,,,,D,XNIL,XNIL,SIG,LowEvrywhere,,Dry,CloseToDryAd,MarkedUpper,Other,Other,,,SWQuad,Westerly,DenvCyclone
StrongUp,Neutral,,WeakUp,WeakUp,VeryWet,Dry,,VeryWet,PC,,,,,Weak,StrongWest,Strong,Weak,Strong,,,LittleChange,,Decreasing,SIG,May15_Jun14,,CThruK,PartInhibit,MoreThanAve,,ABI,,Neutral,LessUnstable,LessUnstable,,,Weak,,I,XNIL,,SIG,LowMtsHighPl,ModerateOrLe,,Steep,MarkedUpper,Other,Other,SigNegative,,AllElse,Westerly,DenvCyclone
Down,Neutral,WeakUp,,Neutral,,VeryWet,,,Cloudy,,,PC,Strong,Strong,DCVZFavor,Weak,,Weak,Some,IncCapDecIns,Increasing,Negative,LittleChange,SVR,May15_Jun14,,CThruK,,LessThanAve,,CDEJ,N1GtLIGt_4,Neutral,Average,Average,ACEFK,PartInhibit,Weak,,,XNIL,XNIL,SVR,,CloseToDryAd,Dry,ModerateOrLe,,Other,E_W_S,PosToNeg,,NWQuad,LVorOther,WidespdDnsl
,Neutral,Neutral,Neutral,,Neutral,,Neutral,,,Clear,,PC,,Weak,Other,,,Weak,,,LittleChange,Neutral,LittleChange,XNIL,Jul16_Aug10,C,,Stifling,,MoreThanAve,,N5GtLIGt_8,Stability,Average,Average,,Stifling,Weak,,,XNIL,XNIL,XNIL,LowAtStation,CloseToDryAd,Average,,MarkedUpper,DryMMoistL,E_W_N,SigPositive,Other,LV,Westerly,LongAnticyc
WeakUp,,WeakUp,Neutral,Neutral,,VeryWet,,,,PC,PC,PC,Weak,Strong,StrongWest,Strong,,Strong,,,LittleChange,,Increasing,,Jun15_Jul1,,CThruK,PartInhibit,LessThanAve,LessThanAve,ABI,N1GtLIGt_4,,MoreUnstable,,HI,TotalInhibit,,,,,XNIL,XNIL,LowSHighN,Steep,Dry,,NoMajor,DryMMoistL,,SigNegative,QStationary,SWQuad,Westerly,DenvCyclone
,Neutral,StrongUp,WeakUp,,Neutral,Neutral,Wet,VeryWet,Clear,,Clear,Clear,,,DCVZFavor,,,,,LittleChange,,WeakPos,LittleChange,,Jun15_Jul1,G,CThruK,,MoreThanAve,MoreThanAve,G,N5GtLIGt_8,Neutral,Average,,GJ,,Weak,,,,XNIL,XNIL,LowAtStation,CloseToDryAd,Dry,Steep,,Other,,PosToNeg,,NWQuad,LVorOther,
,Neutral,Neutral,,WeakUp,Dry,Neutral,Wet,Wet,Cloudy,PC,Cloudy,Cloudy,,Strong,,Strong,,Strong,Marked,DecCapIncIns,Decreasing,WeakPos,Increasing,SVR,Jul2_Jul15,,CThruK,,Average,,G,,Neutral,MoreUnstable,MoreUnstable,GJ,,Weak,,G,SIG,SIG,SVR,LowAtStation,CloseToDryAd,Dry,,,MoistMDryL,,SigNegative,,AllElse,Westerly,WidespdDnsl
,Neutral,Down,Neutral,,Dry,Dry,Dry,,,Clear,Clear,Clear,,Weak,StrongWest,Strong,Weak,Weak,Some,IncCapDecIns,Increasing,WeakPos,,,Jul16_Aug10,F,CThruK,PartInhibit,Average,MoreThanAve,F,,Instability,,MoreUnstable,,PartInhibit,Weak,Moderate,F,XNIL,XNIL,XNIL,HighEvrywher,Steep,VeryMoist,ModerateOrLe,,Other,,,,LV,LVorOther,LV
Down,StronUp,Neutral,Neutral,Neutral,Dry,Neutral,VeryWet,Wet,Clear,Clear,Clear,Clear,,Strong,DCVZFavor,Weak,,Weak,Marked,LittleChange,,StrongPos,Increasing,,May15_Jun14,I,,,LessThanAve,LessThanAve,ABI,N1GtLIGt_4,Instability,Average,MoreUnstable,,,Weak,,,XNIL,XNIL,SVR,LowSHighN,Steep,VeryMoist,ModerateOrLe,,,E_W_N,SigNegative,Moving,SWQuad,Westerly,E_NE
Neutral,,Neutral,WeakUp,WeakUp,,Neutral,Wet,,PC,PC,PC,,Weak,Weak,DCVZFavor,,Weak,,,,LittleChange,Negative,,XNIL,Jul16_Aug10,D,CThruK,PartInhibit,LessThanAve,,CDEJ,N5GtLIGt_8,Instability,,Average,D,Stifling,Unfavorable,,D,XNIL,XNIL,XNIL,LowSHighN,Stable,Average,Steep,OtherRapid,,,SigNegative,,AllElse,,SEQuad
WeakUp,Down,,,Neutral,Wet,Neutral,,Wet,PC,Clear,Clear,Clear,Weak,Strong,,,Weak,Strong,Some,DecCapIncIns,Decreasing,,LittleChange,SIG,Aug20_Sep15,B,AB,PartInhibit,Average,Average,ABI,,Neutral,MoreUnstable,MoreUnstable,B,,Weak,Slight,,XNIL,XNIL,SIG,LowMtsHighPl,,,Steep,OtherRapid,Other,,PosToNeg,,AllElse,LVorOther,E_NE
,StronUp,Neutral,,,,,VeryWet,VeryWet,,Clear,Clear,Clear,Weak,Strong,DCVZFavor,Weak,,Weak,Marked,IncCapDecIns,Increasing,,Increasing,SVR,Aug20_Sep15,D,CThruK,Stifling,Average,MoreThanAve,,LIGt0,Instability,MoreUnstable,MoreUnstable,D,,,Moderate,D,,XNIL,,LowAtStation,Steep,,Steep,StrongFront,Other,DryLine,SigNegative,Moving,AllElse,Westerly,
StrongUp,Neutral,,,StrongUp,Wet,Dry,,VeryWet,PC,PC,PC,Cloudy,,Strong,StrongWest,Strong,Weak,,Marked,IncCapDecIns,Increasing,Negative,Decreasing,,Aug20_Sep15,D,CThruK,,Average,,,N5GtLIGt_8,Neutral,LessUnstable,,D,PartInhibit,Moderate,Moderate,D,XNIL,XNIL,XNIL,LowAtStation,CloseToDryAd,,CloseToDryAd,OtherRapid,MoistMDryL,,PosToNeg,Other,,Westerly,SEQuad
Down,,Down,Down,Down,Neutral,,,,PC,Clear,PC,PC,Strong,Strong,,Strong,,,,IncCapDecIns,,,Increasing,,Aug20_Sep15,K,CThruK,PartInhibit,,MoreThanAve,K,N1GtLIGt_4,Stability,Average,,,Stifling,Moderate,Moderate,K,SVR,,SVR,LowNHighS,Steep,Average,ModerateOrLe,,DryMMoistL,,SigPositive,Moving,AllElse,,LongAnticyc
StrongUp,,Down,,Neutral,Wet,,VeryWet,VeryWet,PC,Clear,Cloudy,Cloudy,Strong,Strong,Westerly,Strong,Weak,Strong,Some,IncCapDecIns,Increasing,Neutral,,XNIL,,I,CThruK,,Average,MoreThanAve,ABI,N5GtLIGt_8,Stability,Average,Average,,,Moderate,Moderate,I,,SVR,SVR,,,VeryMoist,CloseToDryAd,,,,LittleChange,,AllElse,LVorOther,LV
,,,,WeakUp,Neutral,Neutral,Neutral,,,PC,PC,Cloudy,,,,,,,,LittleChange,LittleChange,,LittleChange,,Jun15_Jul1,,,TotalInhibit,,LessThanAve,K,N5GtLIGt_8,Stability,MoreUnstable,MoreUnstable,,,Weak,Slight,K,XNIL,XNIL,XNIL,Other,,,,StrongFront,MoistMDryL,E_W_N,,,AllElse,Westerly,WidespdDnsl
Down,StronUp,,Down,Down,Wet,,,Dry,Clear,Cloudy,,Clear,,Weak,Westerly,Weak,Weak,Weak,,LittleChange,LittleChange,Neutral,Decreasing,XNIL,Jul2_Jul15,D,,Stifling,MoreThanAve,,CDEJ,N1GtLIGt_4,,Average,LessUnstable,D,,Moderate,,,XNIL,,XNIL,HighEvrywher,,Average,Steep,OtherRapid,MoistMDryL,E_W_S,,Moving,NWQuad,LVorOther,
StrongUp,StronUp,Neutral,,,Wet,Dry,Dry,Dry,Clear,Clear,Clear,Cloudy,Weak,Weak,DCVZFavor,,,,Some,DecCapIncIns,Decreasing,Neutral,,XNIL,Aug20_Sep15,B,AB,,LessThanAve,,ABI,,Stability,,LessUnstable,B,PartInhibit,Moderate,,B,XNIL,,XNIL,LowMtsHighPl,,VeryMoist,Steep,NoMajor,DryMMoistL,DenvCyclone,NegToPos,Other,SWQuad,LVorOther,
Neutral,StronUp,Neutral,,Neutral,VeryWet,Neutral,Wet,Wet,Clear,Cloudy,Clear,Clear,Strong,Strong,DCVZFavor,,,,Marked,DecCapIncIns,Decreasing,,,SVR,,,CThruK,,,Average,,N5GtLIGt_8,,LessUnstable,,ACEFK,,Moderate,Strong,K,SIG,,SVR,,Steep,,CloseToDryAd,StrongFront,DryMMoistL,Other,SigPositive,Other,AllElse,Westerly,SEQuad
StrongUp,Down,,,,Dry,VeryWet,,,PC,Clear,Clear,Clear,,Weak,Other,,,,Some,,LittleChange,WeakPos,LittleChange,XNIL,May15_Jun14,D,CThruK,,LessThanAve,LessThanAve,,N1GtLIGt_4,,MoreUnstable,,D,PartInhibit,Strong,Strong,D,,SVR,,LowSHighN,Steep,,Steep,MarkedUpper,Other,,SigNegative,QStationary,SWQuad,,
WeakUp,WeakUp,Neutral,,,Dry,Wet,,Neutral,,,PC,,,,DCVZFavor,,Strong,,Some,IncCapDecIns,Increasing,StrongPos,,,Jul16_Aug10,,,Stifling,MoreThanAve,,CDEJ,,Stability,LessUnstable,Average,ACEFK,Stifling,Moderate,,E,XNIL,XNIL,SIG,LowAtStation,Steep,Dry,,,MoistMDryL,,PosToNeg,QStationary,SWQuad,LVorOther,DenvCyclone
Neutral,,Neutral,Neutral,Neutral,Wet,Neutral,Wet,VeryWet,Clear,,Clear,Clear,Strong,Strong,DCVZFavor,,,Weak,Marked,IncCapDecIns,,StrongPos,Increasing,SVR,Jul2_Jul15,,,PartInhibit,,,,N1GtLIGt_4,Instability,MoreUnstable,MoreUnstable,,,Moderate,Slight,G,,,,LowEvrywhere,,,,MarkedUpper,MoistMDryL,,SigPositive,,,Westerly,LV
Neutral,StronUp,,Neutral,Neutral,Wet,Neutral,Wet,VeryWet,PC,PC,PC,PC,,,Other,,,,,,,Neutral,LittleChange,,Jul2_Jul15,,CThruK,PartInhibit,Average,MoreThanAve,CDEJ,N1GtLIGt_4,Instability,Average,Average,,,Strong,Strong,J,SIG,SIG,SIG,LowEvrywhere,CloseToDryAd,Average,,OtherRapid,DryMMoistL,DryLine,LittleChange,Other,,,LV
Neutral,,,,,Dry,Neutral,VeryWet,VeryWet,PC,,,Cloudy,Strong,,DCVZFavor,Weak,,,Marked,IncCapDecIns,Increasing,WeakPos,Increasing,,Jul16_Aug10,C,CThruK,,Average,MoreThanAve,CDEJ,N1GtLIGt_4,,LessUnstable,Average,,,Unfavorable,,,XNIL,,SIG,,Steep,Average,CloseToDryAd,NoMajor,,E_W_S,NegToPos,,LV,,
,WeakUp,Neutral,Neutral,Neutral,,Neutral,,Neutral,Cloudy,Clear,Cloudy,Cloudy,Strong,,StrongWest,Strong,,Weak,Some,,LittleChange,,Decreasing,XNIL,May15_Jun14,H,CThruK,TotalInhibit,,MoreThanAve,H,N1GtLIGt_4,,,LessUnstable,HI,PartInhibit,,,H,,XNIL,XNIL,LowMtsHighPl,Stable,Average,CloseToDryAd,MarkedUpper,,,NegToPos,,,Westerly,E_NE
WeakUp,,Neutral,Neutral,Neutral,Dry,VeryWet,Wet,VeryWet,Clear,Cloudy,,Clear,,,StrongWest,,,Strong,,DecCapIncIns,Decreasing,WeakPos,Increasing,,Jul16_Aug10,E,CThruK,Stifling,MoreThanAve,MoreThanAve,CDEJ,N1GtLIGt_4,,MoreUnstable,MoreUnstable,,PartInhibit,Moderate,,E,XNIL,XNIL,XNIL,,CloseToDryAd,,ModerateOrLe,NoMajor,MoistMDryL,,LittleChange,,SWQuad,Westerly,LV
StrongUp,WeakUp,StrongUp,StrongUp,StrongUp,Wet,Dry,Neutral,,Clear,PC,Clear,Cloudy,,,StrongWest,,Weak,,,,,StrongPos,Increasing,XNIL,May15_Jun14,A,AB,PartInhibit,,LessThanAve,,N5GtLIGt_8,Neutral,Average,MoreUnstable,ACEFK,,,Strong,A,SVR,,SVR,,Steep,Average,CloseToDryAd,,DryMMoistL,E_W_S,NegToPos,,SWQuad,Westerly,DenvCyclone
WeakUp,,Down,Down,Down,Neutral,Dry,Dry,Dry,Clear,PC,Clear,Clear,,Weak,Other,,,Weak,,LittleChange,LittleChange,Neutral,Decreasing,SIG,Jul16_Aug10,E,CThruK,,LessThanAve,,CDEJ,N1GtLIGt_4,,LessUnstable,LessUnstable,ACEFK,Stifling,Unfavorable,,E,SVR,,SVR,,Steep,,ModerateOrLe,NoMajor,MoistMDryL,,SigPositive,,SWQuad,Westerly,SEQuad
,WeakUp,Neutral,WeakUp,,Neutral,Dry,Dry,,PC,Cloudy,PC,,Weak,Weak,Other,,Weak,Weak,,LittleChange,LittleChange,Negative,,,Jul16_Aug10,E,CThruK,PartInhibit,Average,LessThanAve,CDEJ,LILt_8,Neutral,MoreUnstable,MoreUnstable,,,,Moderate,,SIG,SIG,SIG,,CloseToDryAd,,Steep,NoMajor,MoistMDryL,E_W_N,SigNegative,,SWQuad,LVorOther,LV
Down,WeakUp,Down,Down,,,VeryWet,Wet,,,PC,Clear,Clear,Strong,Strong,Other,Weak,,Weak,,,LittleChange,StrongPos,,SVR,Jun15_Jul1,A,AB,PartInhibit,Average,Average,ABI,N1GtLIGt_4,Instability,MoreUnstable,MoreUnstable,,PartInhibit,Moderate,Slight,A,,SVR,SVR,HighEvrywher,Steep,Average,Steep,OtherRapid,,,,Other,SWQuad,,
Neutral,StronUp,Neutral,StrongUp,StrongUp,Neutral,Neutral,Wet,VeryWet,,,Clear,PC,Weak,Strong,Westerly,Weak,Weak,Strong,Marked,IncCapDecIns,Increasing,WeakPos,,SIG,Jul2_Jul15,,AB,PartInhibit,LessThanAve,LessThanAve,,N5GtLIGt_8,,MoreUnstable,MoreUnstable,ACEFK,,Strong,Strong,A,,SVR,SVR,HighEvrywher,ModerateOrLe,VeryMoist,CloseToDryAd,OtherRapid,Other,,SigNegative,Other,SWQuad,Westerly,LV
,,Neutral,Neutral,Neutral,,,Wet,,PC,Cloudy,,Cloudy,Strong,Strong,Other,,,,Some,LittleChange,LittleChange,Neutral,LittleChange,,,K,CThruK,,MoreThanAve,MoreThanAve,K,N1GtLIGt_4,Stability,LessUnstable,LessUnstable,ACEFK,,,,,XNIL,XNIL,XNIL,LowSHighN,ModerateOrLe,Dry,ModerateOrLe,MarkedUpper,,,,,,Westerly,WidespdDnsl
StrongUp,,,Neutral,,,Neutral,Neutral,Neutral,Cloudy,,,,Strong,Strong,,Strong,Strong,Strong,Marked,IncCapDecIns,Increasing,,Increasing,SIG,May15_Jun14,K,CThruK,,,MoreThanAve,,LIGt0,Instability,Average,MoreUnstable,ACEFK,PartInhibit,Moderate,,K,XNIL,XNIL,SIG,LowEvrywhere,ModerateOrLe,,,StrongFront,DryMMoistL,,SigNegative,,,LVorOther,WidespdDnsl
,Neutral,Down,StrongUp,StrongUp,Dry,Dry,VeryWet,VeryWet,Clear,Clear,Clear,Clear,Strong,Strong,,,,Strong,Marked,IncCapDecIns,,Negative,,SIG,Aug20_Sep15,I,,,Average,MoreThanAve,ABI,,Stability,,,HI,PartInhibit,,,I,SIG,SIG,SIG,Other,Stable,VeryMoist,CloseToDryAd,MarkedUpper,,DenvCyclone,SigNegative,,,LVorOther,DenvCyclone
,,StrongUp,,StrongUp,Wet,,Wet,,,,Clear,Cloudy,Weak,Strong,DCVZFavor,Weak,,Strong,Marked,IncCapDecIns,Increasing,,,SIG,Aug20_Sep15,J,CThruK,Stifling,Average,Average,CDEJ,N1GtLIGt_4,Neutral,MoreUnstable,Average,GJ,,Weak,,J,,SVR,SVR,,Steep,Average,ModerateOrLe,NoMajor,DryMMoistL,,LittleChange,Other,LV,,DenvCyclone
WeakUp,,Neutral,,Neutral,,Neutral,,Neutral,PC,PC,PC,,Weak,Strong,DCVZFavor,Weak,,Weak,Marked,LittleChange,LittleChange,StrongPos,Increasing,SVR,,J,CThruK,PartInhibit,Average,,CDEJ,N1GtLIGt_4,Stability,LessUnstable,Average,GJ,,Unfavorable,,J,XNIL,XNIL,SVR,LowSHighN,Steep,,CloseToDryAd,NoMajor,MoistMDryL,DryLine,LittleChange,,LV,LVorOther,SEQuad
Neutral,StronUp,Neutral,WeakUp,WeakUp,Dry,Dry,Wet,Wet,PC,Clear,PC,PC,,,Other,,,,,IncCapDecIns,Increasing,,,SIG,May15_Jun14,G,CThruK,PartInhibit,Average,Average,G,,Neutral,,Average,GJ,,,Slight,G,XNIL,XNIL,,LowEvrywhere,,Dry,,,Other,DryLine,SigPositive,,,LVorOther,LongAnticyc
Down,Neutral,Down,Down,,,Neutral,VeryWet,Wet,,Cloudy,Cloudy,Cloudy,Strong,Strong,Westerly,Strong,,Strong,,LittleChange,,Neutral,LittleChange,SIG,Jul16_Aug10,A,AB,PartInhibit,LessThanAve,LessThanAve,ABI,N1GtLIGt_4,Instability,LessUnstable,LessUnstable,ACEFK,PartInhibit,Moderate,,A,SIG,,SIG,LowNHighS,Stable,Average,,,,DenvCyclone,NegToPos,,SWQuad,,
StrongUp,Neutral,Down,Neutral,Neutral,VeryWet,Neutral,Wet,Wet,Clear,PC,PC,PC,Weak,,Westerly,,,,,DecCapIncIns,Decreasing,Negative,Decreasing,XNIL,Jul2_Jul15,D,CThruK,,,,CDEJ,N1GtLIGt_4,Stability,,LessUnstable,D,,Strong,Slight,D,XNIL,XNIL,,,,Average,CloseToDryAd,OtherRapid,Other,,,Moving,AllElse,Westerly,WidespdDnsl
Neutral,,Neutral,Neutral,Neutral,Dry,Wet,VeryWet,VeryWet,PC,,,PC,Weak,Weak,,Weak,Strong,Weak,Some,,Increasing,WeakPos,Increasing,SIG,Aug20_Sep15,A,AB,PartInhibit,,,ABI,,Stability,LessUnstable,Average,,,Weak,,A,SIG,,,LowSHighN,,VeryMoist,,StrongFront,DryMMoistL,DenvCyclone,SigNegative,Other,,,
WeakUp,WeakUp,,WeakUp,,Neutral,VeryWet,,Neutral,,,,PC,,,Other,,,Weak,,DecCapIncIns,,WeakPos,LittleChange,XNIL,Jul2_Jul15,,CThruK,PartInhibit,LessThanAve,LessThanAve,,,Instability,,,HI,,Strong,Moderate,H,,,,LowMtsHighPl,ModerateOrLe,Average,Steep,,Other,,PosToNeg,,SWQuad,Westerly,E_NE
Neutral,Neutral,,,Neutral,Wet,Dry,Neutral,Dry,PC,PC,PC,PC,,Strong,,Strong,Weak,Strong,,IncCapDecIns,,StrongPos,,,Jul2_Jul15,,CThruK,Stifling,MoreThanAve,MoreThanAve,,LIGt0,Neutral,LessUnstable,,ACEFK,,,,,XNIL,XNIL,SIG,LowNHighS,CloseToDryAd,Average,ModerateOrLe,,,,SigPositive,,AllElse,Westerly,WidespdDnsl
Down,,Neutral,Neutral,,,,,Neutral,PC,PC,,PC,Weak,Strong,,,Weak,Strong,Marked,LittleChange,,,LittleChange,SIG,Jun15_Jul1,B,,,LessThanAve,LessThanAve,ABI,,Stability,,LessUnstable,B,PartInhibit,Moderate,Strong,B,SIG,,SIG,LowSHighN,Steep,,,OtherRapid,DryMMoistL,DenvCyclone,,,AllElse,Westerly,DenvCyclone
WeakUp,Down,WeakUp,Neutral,Neutral,VeryWet,,,Wet,PC,PC,PC,PC,Weak,Weak,StrongWest,Weak,,,Some,LittleChange,LittleChange,,LittleChange,,,K,CThruK,Stifling,MoreThanAve,Average,K,N1GtLIGt_4,,,LessUnstable,ACEFK,PartInhibit,Moderate,Slight,,XNIL,XNIL,SIG,HighEvrywher,Stable,Dry,,StrongFront,MoistMDryL,MovingFtorOt,SigNegative,,,,
,,Neutral,,,Wet,,Wet,Wet,PC,,PC,PC,,Weak,,Weak,,Weak,Some,LittleChange,,StrongPos,Increasing,XNIL,Jul2_Jul15,B,AB,,,LessThanAve,ABI,N1GtLIGt_4,Stability,,MoreUnstable,B,PartInhibit,,,B,SVR,SVR,SVR,LowSHighN,ModerateOrLe,,ModerateOrLe,NoMajor,,DenvCyclone,SigNegative,Other,,LVorOther,
,,,Neutral,Neutral,,,Wet,VeryWet,PC,PC,PC,,,,StrongWest,Strong,Weak,Strong,,LittleChange,LittleChange,Neutral,,SIG,Jul16_Aug10,J,CThruK,PartInhibit,LessThanAve,LessThanAve,CDEJ,N5GtLIGt_8,,MoreUnstable,Average,GJ,PartInhibit,Moderate,,J,,XNIL,SIG,Other,Stable,,Steep,NoMajor,Other,DryLine,LittleChange,,,,DenvCyclone
StrongUp,,StrongUp,StrongUp,StrongUp,Neutral,,Neutral,Neutral,Clear,,Clear,Clear,,Strong,,Strong,,Strong,,LittleChange,LittleChange,Neutral,LittleChange,SIG,Aug20_Sep15,B,AB,PartInhibit,,LessThanAve,ABI,N1GtLIGt_4,,Average,LessUnstable,B,,,Strong,B,XNIL,XNIL,,LowNHighS,Steep,Dry,Steep,NoMajor,,DenvCyclone,LittleChange,Other,,,E_NE
,,Neutral,Neutral,Neutral,,Dry,Dry,,,,,PC,,,,Strong,Weak,,,DecCapIncIns,Decreasing,Neutral,Increasing,SIG,Jul16_Aug10,J,,PartInhibit,LessThanAve,LessThanAve,,N1GtLIGt_4,Neutral,Average,MoreUnstable,,,Moderate,Strong,J,SVR,SVR,SVR,LowMtsHighPl,ModerateOrLe,,,NoMajor,,E_W_N,LittleChange,,AllElse,LVorOther,LV
Neutral,Neutral,Neutral,Neutral,Neutral,Neutral,Wet,,VeryWet,Clear,Cloudy,,PC,Strong,Strong,Westerly,,,,Marked,LittleChange,LittleChange,Neutral,LittleChange,SVR,May15_Jun14,A,,,LessThanAve,LessThanAve,,N5GtLIGt_8,,MoreUnstable,MoreUnstable,,,Weak,Slight,A,,SVR,,HighEvrywher,Stable,Average,,MarkedUpper,DryMMoistL,DenvCyclone,,,,LVorOther,
Neutral,Neutral,Down,Down,Down,,Dry,Neutral,Dry,,Cloudy,Cloudy,,,,Westerly,,,,,IncCapDecIns,,,Decreasing,XNIL,May15_Jun14,G,CThruK,,LessThanAve,LessThanAve,G,N5GtLIGt_8,,Average,LessUnstable,,,,,G,XNIL,XNIL,XNIL,LowEvrywhere,CloseToDryAd,Dry,CloseToDryAd,,,DryLine,LittleChange,,NWQuad,LVorOther,WidespdDnsl
StrongUp,Neutral,Neutral,StrongUp,StrongUp,Wet,,,VeryWet,PC,,PC,Cloudy,Weak,Strong,,Strong,,Strong,Marked,DecCapIncIns,Decreasing,,Decreasing,SIG,,,CThruK,PartInhibit,Average,LessThanAve,CDEJ,N5GtLIGt_8,Instability,MoreUnstable,,ACEFK,,,,C,XNIL,XNIL,SIG,,,Average,,MarkedUpper,,,NegToPos,,NWQuad,Westerly,LongAnticyc
StrongUp,Neutral,StrongUp,WeakUp,WeakUp,Neutral,Wet,Wet,,,,PC,Cloudy,,,Other,,,,,LittleChange,LittleChange,WeakPos,,SIG,Aug20_Sep15,C,CThruK,Stifling,MoreThanAve,MoreThanAve,CDEJ,,Stability,,,ACEFK,,Weak,,,SIG,SIG,SIG,,,Dry,Steep,OtherRapid,,,,,,Westerly,LongAnticyc
WeakUp,Down,Neutral,,Down,,,Neutral,Dry,,Clear,,PC,Weak,,Westerly,,Weak,Strong,,LittleChange,LittleChange,WeakPos,,XNIL,May15_Jun14,K,,PartInhibit,,,,N1GtLIGt_4,Neutral,MoreUnstable,,ACEFK,Stifling,Weak,,K,,XNIL,,LowSHighN,,Average,CloseToDryAd,MarkedUpper,,,SigPositive,,NWQuad,LVorOther,E_NE
Neutral,,Down,,,Neutral,Wet,Neutral,Neutral,PC,Clear,,Clear,Weak,,,,Weak,Weak,Some,DecCapIncIns,,WeakPos,Decreasing,SIG,,E,CThruK,Stifling,MoreThanAve,MoreThanAve,CDEJ,N5GtLIGt_8,,MoreUnstable,Average,ACEFK,,Moderate,Slight,E,SVR,SVR,,,Steep,Average,ModerateOrLe,NoMajor,MoistMDryL,DryLine,LittleChange,,SWQuad,Westerly,LV
,,WeakUp,Neutral,Neutral,,,Neutral,Neutral,Clear,Clear,Clear,,Weak,Weak,DCVZFavor,,,,,LittleChange,LittleChange,Negative,Decreasing,XNIL,May15_Jun14,I,,PartInhibit,Average,Average,,N1GtLIGt_4,,,LessUnstable,,,Weak,,I,XNIL,XNIL,XNIL,LowMtsHighPl,Steep,,Steep,,Other,,PosToNeg,Moving,LV,Westerly,
