node_i,node_j,condition,p_value
N0_7muVerMo,SubjVertMo,,0.7823194198615055
N0_7muVerMo,QGVertMotion,,0.9024359617719604
N0_7muVerMo,CombVerMo,,1.822314063081879e-25
N0_7muVerMo,AreaMeso_ALS,,1.822314063081879e-25
N0_7muVerMo,SatContMoist,,0.9582703095042204
N0_7muVerMo,RaoContMoist,,0.82257890723162
N0_7muVerMo,CombMoisture,,0.3332394986748715
N0_7muVerMo,AreaMoDryAir,,0.01168798728119471
N0_7muVerMo,VISCloudCov,,0.45960719750459234
N0_7muVerMo,IRCloudCover,,0.6938314638285334
N0_7muVerMo,CombClouds,,0.9832487881536968
N0_7muVerMo,CldShadeOth,,0.18273679595154224
N0_7muVerMo,AMInstabMt,,0.9682652926079343
N0_7muVerMo,InsInMt,,0.4596542003844609
N0_7muVerMo,WndHodograph,,0.8356394560411382
N0_7muVerMo,OutflowFrMt,,0.7788848797975267
N0_7muVerMo,MorningBound,,0.9676204016074715
N0_7muVerMo,Boundaries,,0.19096062444683715
N0_7muVerMo,CldShadeConv,,0.9409811012601771
N0_7muVerMo,CompPlFcst,,0.26220218009674257
N0_7muVerMo,CapChange,,0.26220218009674257
N0_7muVerMo,LoLevMoistAd,,0.38839189985169975
N0_7muVerMo,InsChange,,0.7936201619054966
N0_7muVerMo,MountainFcst,,0.09938543684391074
N0_7muVerMo,Date,,0.6563160508945641
N0_7muVerMo,Scenario,,0.22792702680099683
N0_7muVerMo,ScenRelAMCIN,,0.1734486222456995
N0_7muVerMo,MorningCIN,,0.9977681794219386
N0_7muVerMo,AMCINInScen,,0.7359804658994287
N0_7muVerMo,CapInScen,,0.9599555716812135
N0_7muVerMo,ScenRelAMIns,,0.8850417498788286
N0_7muVerMo,LIfr12ZDENSd,,0.6941805245055259
N0_7muVerMo,AMDewptCalPl,,0.6459880972314136
N0_7muVerMo,AMInsWliScen,,0.9957129335046024
N0_7muVerMo,InsSclInScen,,0.6846114992041693
N0_7muVerMo,ScenRel3_4,,0.07084312005164876
N0_7muVerMo,LatestCIN,,0.4709320787345661
N0_7muVerMo,LLIW,,0.7424070724677889
N0_7muVerMo,CurPropConv,,0.6735531271229998
N0_7muVerMo,ScnRelPlFcst,,0.22792702680099683
N0_7muVerMo,PlainsFcst,,0.7390806189725245
N0_7muVerMo,N34StarFcst,,0.7989572810878506
N0_7muVerMo,R5Fcst,,0.36444843208295247
N0_7muVerMo,Dewpoints,,0.5780474691265106
N0_7muVerMo,LowLLapse,,0.8257583031745888
N0_7muVerMo,MeanRH,,0.728223490967249
N0_7muVerMo,MidLLapse,,0.6575264996021146
N0_7muVerMo,MvmtFeatures,,0.26636589077019623
N0_7muVerMo,RHRatio,,0.918562030541886
N0_7muVerMo,SfcWndShfDis,,0.007191415827581886
N0_7muVerMo,SynForcng,,0.028839988510824574
N0_7muVerMo,TempDis,,0.5745671186725927
N0_7muVerMo,WindAloft,,0.2835247674153941
N0_7muVerMo,WindFieldMt,,0.8606088047104886
N0_7muVerMo,WindFieldPln,,0.19055836379481364
SubjVertMo,QGVertMotion,,0.9846143166982577
SubjVertMo,CombVerMo,,8.002422592231537e-18
SubjVertMo,AreaMeso_ALS,,8.002422592231537e-18
SubjVertMo,SatContMoist,,0.6840543799500963
SubjVertMo,RaoContMoist,,0.6000808516450797
SubjVertMo,CombMoisture,,0.02328961635345363
SubjVertMo,AreaMoDryAir,,0.015903584754342944
SubjVertMo,VISCloudCov,,0.5295911735076266
SubjVertMo,IRCloudCover,,0.06947662883439168
SubjVertMo,CombClouds,,0.7154621678330133
SubjVertMo,CldShadeOth,,0.41895413682317184
SubjVertMo,AMInstabMt,,0.25401752461698235
SubjVertMo,InsInMt,,0.28644753800091377
SubjVertMo,WndHodograph,,0.32465026017077775
SubjVertMo,OutflowFrMt,,0.07700935964699474
SubjVertMo,MorningBound,,0.5477973485902139
SubjVertMo,Boundaries,,0.491678453120589
SubjVertMo,CldShadeConv,,0.43738947931122885
SubjVertMo,CompPlFcst,,0.3245120781025763
SubjVertMo,CapChange,,0.3245120781025763
SubjVertMo,LoLevMoistAd,,0.9998278688179695
SubjVertMo,InsChange,,0.23293745292964527
SubjVertMo,MountainFcst,,0.47483208314369485
SubjVertMo,Date,,0.5722268357906821
SubjVertMo,Scenario,,0.9511827031098994
SubjVertMo,ScenRelAMCIN,,0.8567739907857829
SubjVertMo,MorningCIN,,0.958922908506533
SubjVertMo,AMCINInScen,,0.725831953462668
SubjVertMo,CapInScen,,0.4116891696913533
SubjVertMo,ScenRelAMIns,,0.8753103359621366
SubjVertMo,LIfr12ZDENSd,,0.3664382023321253
SubjVertMo,AMDewptCalPl,,0.13751100752267667
SubjVertMo,AMInsWliScen,,0.040387047745787406
SubjVertMo,InsSclInScen,,0.07251339480249636
SubjVertMo,ScenRel3_4,,0.7593568946214081
SubjVertMo,LatestCIN,,0.6171441530698742
SubjVertMo,LLIW,,0.003346954668584369
SubjVertMo,CurPropConv,,0.0032667717539853207
SubjVertMo,ScnRelPlFcst,,0.9511827031098994
SubjVertMo,PlainsFcst,,0.242541932975926
SubjVertMo,N34StarFcst,,0.32325053464561815
SubjVertMo,R5Fcst,,0.5438544917351298
SubjVertMo,Dewpoints,,0.3921355098581984
SubjVertMo,LowLLapse,,0.3468968512982165
SubjVertMo,MeanRH,,0.6043228082042502
SubjVertMo,MidLLapse,,0.154177180481363
SubjVertMo,MvmtFeatures,,0.7938081007392338
SubjVertMo,RHRatio,,0.9957514034436877
SubjVertMo,SfcWndShfDis,,0.6919867521648183
SubjVertMo,SynForcng,,0.3119201687696212
SubjVertMo,TempDis,,0.31811169913002785
SubjVertMo,WindAloft,,0.2594954531036455
SubjVertMo,WindFieldMt,,0.7945990730223292
SubjVertMo,WindFieldPln,,0.4965820395289988
QGVertMotion,CombVerMo,,1.5052718774159992e-18
QGVertMotion,AreaMeso_ALS,,1.5052718774159992e-18
QGVertMotion,SatContMoist,,0.7230554638470421
QGVertMotion,RaoContMoist,,0.32915287494800616
QGVertMotion,CombMoisture,,0.18864620820414724
QGVertMotion,AreaMoDryAir,,0.024919053162941525
QGVertMotion,VISCloudCov,,0.677169502889998
QGVertMotion,IRCloudCover,,0.7859848406229697
QGVertMotion,CombClouds,,0.32706994459428235
QGVertMotion,CldShadeOth,,0.06418898226709534
QGVertMotion,AMInstabMt,,0.33787588669917074
QGVertMotion,InsInMt,,0.9358881165128772
QGVertMotion,WndHodograph,,0.5843022165157297
QGVertMotion,OutflowFrMt,,0.7339387497562035
QGVertMotion,MorningBound,,0.8293670562007179
QGVertMotion,Boundaries,,0.9405808899464206
QGVertMotion,CldShadeConv,,0.6562678821475798
QGVertMotion,CompPlFcst,,0.3871897259950237
QGVertMotion,CapChange,,0.3871897259950237
QGVertMotion,LoLevMoistAd,,0.25920440300021713
QGVertMotion,InsChange,,0.15816517214707257
QGVertMotion,MountainFcst,,0.8070133755234971
QGVertMotion,Date,,0.9528291192827893
QGVertMotion,Scenario,,0.3880148278985585
QGVertMotion,ScenRelAMCIN,,0.10812300190137647
QGVertMotion,MorningCIN,,0.6942528994208359
QGVertMotion,AMCINInScen,,0.44001305232866983
QGVertMotion,CapInScen,,0.9727642199331308
QGVertMotion,ScenRelAMIns,,0.10838481421396837
QGVertMotion,LIfr12ZDENSd,,0.38444220548528285
QGVertMotion,AMDewptCalPl,,0.17528851565920522
QGVertMotion,AMInsWliScen,,0.1839332537298673
QGVertMotion,InsSclInScen,,0.03919166306232323
QGVertMotion,ScenRel3_4,,0.20951994980639302
QGVertMotion,LatestCIN,,0.7192588155206041
QGVertMotion,LLIW,,0.6935594403577394
QGVertMotion,CurPropConv,,0.6972207078155178
QGVertMotion,ScnRelPlFcst,,0.3880148278985585
QGVertMotion,PlainsFcst,,0.5251825168920994
QGVertMotion,N34StarFcst,,0.2306853495906927
QGVertMotion,R5Fcst,,0.8716758738347793
QGVertMotion,Dewpoints,,0.32269751213355397
QGVertMotion,LowLLapse,,0.1531476944987547
QGVertMotion,MeanRH,,0.23698422746961648
QGVertMotion,MidLLapse,,0.7626629026351062
QGVertMotion,MvmtFeatures,,0.5002399266727507
QGVertMotion,RHRatio,,0.2576676556105974
QGVertMotion,SfcWndShfDis,,0.3911120958752597
QGVertMotion,SynForcng,,0.9876271411725762
QGVertMotion,TempDis,,0.10646856929212382
QGVertMotion,WindAloft,,0.4903294695545082
QGVertMotion,WindFieldMt,,0.5252899549584107
QGVertMotion,WindFieldPln,,0.11788142245882059
CombVerMo,AreaMeso_ALS,,7.265821087762647e-246
CombVerMo,SatContMoist,,0.6908029244335929
CombVerMo,RaoContMoist,,0.5356297966164175
CombVerMo,CombMoisture,,0.5942598374684047
CombVerMo,AreaMoDryAir,,8.561207806586786e-10
CombVerMo,VISCloudCov,,0.2563211475189812
CombVerMo,IRCloudCover,,0.20282296453169182
CombVerMo,CombClouds,,0.3699119066209944
CombVerMo,CldShadeOth,,6.073519854217241e-10
CombVerMo,AMInstabMt,,0.7468610217910049
CombVerMo,InsInMt,,0.9321624070149352
CombVerMo,WndHodograph,,0.9873789671637065
CombVerMo,OutflowFrMt,,0.5804668440953302
CombVerMo,MorningBound,,0.9970470980272967
CombVerMo,Boundaries,,0.16657983947827598
CombVerMo,CldShadeConv,,0.1204107128585252
CombVerMo,CompPlFcst,,0.0042503676571522065
CombVerMo,CapChange,,0.0042503676571522065
CombVerMo,LoLevMoistAd,,0.958059343200419
CombVerMo,InsChange,,0.1928129976085625
CombVerMo,MountainFcst,,0.6908374580603287
CombVerMo,Date,,0.8147204559119138
CombVerMo,Scenario,,0.8114098246607244
CombVerMo,ScenRelAMCIN,,0.3054790549652321
CombVerMo,MorningCIN,,0.5096971558375938
CombVerMo,AMCINInScen,,0.3177234751305632
CombVerMo,CapInScen,,0.12605121446325954
CombVerMo,ScenRelAMIns,,0.6123190100815169
CombVerMo,LIfr12ZDENSd,,0.9512156824001005
CombVerMo,AMDewptCalPl,,0.36009119879855034
CombVerMo,AMInsWliScen,,0.5659551535449825
CombVerMo,InsSclInScen,,0.8862750859208632
CombVerMo,ScenRel3_4,,0.24401004340679133
CombVerMo,LatestCIN,,0.4611787376864408
CombVerMo,LLIW,,0.19569628443407158
CombVerMo,CurPropConv,,0.9902944148348682
CombVerMo,ScnRelPlFcst,,0.8114098246607244
CombVerMo,PlainsFcst,,0.2552063512355483
CombVerMo,N34StarFcst,,0.1637392012540919
CombVerMo,R5Fcst,,0.9472768116215106
CombVerMo,Dewpoints,,0.1317512678160488
CombVerMo,LowLLapse,,0.8309757034881606
CombVerMo,MeanRH,,0.09100012156190712
CombVerMo,MidLLapse,,0.3661809930154608
CombVerMo,MvmtFeatures,,0.7328264779663364
CombVerMo,RHRatio,,0.13378527174197122
CombVerMo,SfcWndShfDis,,0.3571613085989987
CombVerMo,SynForcng,,0.9434040600936441
CombVerMo,TempDis,,0.559038552897654
CombVerMo,WindAloft,,0.8866790249248543
CombVerMo,WindFieldMt,,0.5054870053635436
CombVerMo,WindFieldPln,,0.21462237470327586
AreaMeso_ALS,SatContMoist,,0.6908029244335929
AreaMeso_ALS,RaoContMoist,,0.5356297966164175
AreaMeso_ALS,CombMoisture,,0.5942598374684047
AreaMeso_ALS,AreaMoDryAir,,8.561207806586786e-10
AreaMeso_ALS,VISCloudCov,,0.2563211475189812
AreaMeso_ALS,IRCloudCover,,0.20282296453169182
AreaMeso_ALS,CombClouds,,0.3699119066209944
AreaMeso_ALS,CldShadeOth,,6.073519854217241e-10
AreaMeso_ALS,AMInstabMt,,0.7468610217910049
AreaMeso_ALS,InsInMt,,0.9321624070149352
AreaMeso_ALS,WndHodograph,,0.9873789671637065
AreaMeso_ALS,OutflowFrMt,,0.5804668440953302
AreaMeso_ALS,MorningBound,,0.9970470980272967
AreaMeso_ALS,Boundaries,,0.16657983947827598
AreaMeso_ALS,CldShadeConv,,0.1204107128585252
AreaMeso_ALS,CompPlFcst,,0.0042503676571522065
AreaMeso_ALS,CapChange,,0.0042503676571522065
AreaMeso_ALS,LoLevMoistAd,,0.958059343200419
AreaMeso_ALS,InsChange,,0.1928129976085625
AreaMeso_ALS,MountainFcst,,0.6908374580603287
AreaMeso_ALS,Date,,0.8147204559119138
AreaMeso_ALS,Scenario,,0.8114098246607244
AreaMeso_ALS,ScenRelAMCIN,,0.3054790549652321
AreaMeso_ALS,MorningCIN,,0.5096971558375938
AreaMeso_ALS,AMCINInScen,,0.3177234751305632
AreaMeso_ALS,CapInScen,,0.12605121446325954
AreaMeso_ALS,ScenRelAMIns,,0.6123190100815169
AreaMeso_ALS,LIfr12ZDENSd,,0.9512156824001005
AreaMeso_ALS,AMDewptCalPl,,0.36009119879855034
AreaMeso_ALS,AMInsWliScen,,0.5659551535449825
AreaMeso_ALS,InsSclInScen,,0.8862750859208632
AreaMeso_ALS,ScenRel3_4,,0.24401004340679133
AreaMeso_ALS,LatestCIN,,0.4611787376864408
AreaMeso_ALS,LLIW,,0.19569628443407158
AreaMeso_ALS,CurPropConv,,0.9902944148348682
AreaMeso_ALS,ScnRelPlFcst,,0.8114098246607244
AreaMeso_ALS,PlainsFcst,,0.2552063512355483
AreaMeso_ALS,N34StarFcst,,0.1637392012540919
AreaMeso_ALS,R5Fcst,,0.9472768116215106
AreaMeso_ALS,Dewpoints,,0.1317512678160488
AreaMeso_ALS,LowLLapse,,0.8309757034881606
AreaMeso_ALS,MeanRH,,0.09100012156190712
AreaMeso_ALS,MidLLapse,,0.3661809930154608
AreaMeso_ALS,MvmtFeatures,,0.7328264779663364
AreaMeso_ALS,RHRatio,,0.13378527174197122
AreaMeso_ALS,SfcWndShfDis,,0.3571613085989987
AreaMeso_ALS,SynForcng,,0.9434040600936441
AreaMeso_ALS,TempDis,,0.559038552897654
AreaMeso_ALS,WindAloft,,0.8866790249248543
AreaMeso_ALS,WindFieldMt,,0.5054870053635436
AreaMeso_ALS,WindFieldPln,,0.21462237470327586
SatContMoist,RaoContMoist,,0.1169893076220252
SatContMoist,CombMoisture,,2.382393283704568e-28
SatContMoist,AreaMoDryAir,,7.316246197849066e-09
SatContMoist,VISCloudCov,,0.6698354758939857
SatContMoist,IRCloudCover,,0.18594491003022007
SatContMoist,CombClouds,,0.6449101957845933
SatContMoist,CldShadeOth,,0.2842670411732048
SatContMoist,AMInstabMt,,0.4596023126956643
SatContMoist,InsInMt,,0.617479461809094
SatContMoist,WndHodograph,,0.9712578905673502
SatContMoist,OutflowFrMt,,0.16977108866707705
SatContMoist,MorningBound,,0.37233455924173803
SatContMoist,Boundaries,,0.8874172110025799
SatContMoist,CldShadeConv,,0.6148735193472328
SatContMoist,CompPlFcst,,0.33836232600244737
SatContMoist,CapChange,,0.33836232600244737
SatContMoist,LoLevMoistAd,,0.23609937319642035
SatContMoist,InsChange,,0.5079597500886868
SatContMoist,MountainFcst,,0.4083869197564134
SatContMoist,Date,,0.46928018040283626
SatContMoist,Scenario,,0.998618748509419
SatContMoist,ScenRelAMCIN,,0.9061287319498085
SatContMoist,MorningCIN,,0.7809020794459757
SatContMoist,AMCINInScen,,0.7116965962738304
SatContMoist,CapInScen,,0.9063145706208036
SatContMoist,ScenRelAMIns,,0.9326609008283278
SatContMoist,LIfr12ZDENSd,,0.6771632570831084
SatContMoist,AMDewptCalPl,,0.44948119895956207
SatContMoist,AMInsWliScen,,0.16929552751663632
SatContMoist,InsSclInScen,,0.24660745282425273
SatContMoist,ScenRel3_4,,0.9906676472738787
SatContMoist,LatestCIN,,0.6935684265351252
SatContMoist,LLIW,,0.9882441104528881
SatContMoist,CurPropConv,,0.6611304718579856
SatContMoist,ScnRelPlFcst,,0.998618748509419
SatContMoist,PlainsFcst,,0.25139220578528365
SatContMoist,N34StarFcst,,0.27736875104957687
SatContMoist,R5Fcst,,0.9559583478091461
SatContMoist,Dewpoints,,0.4127401467044272
SatContMoist,LowLLapse,,0.43879061563523203
SatContMoist,MeanRH,,0.49586300104244196
SatContMoist,MidLLapse,,0.507724587290058
SatContMoist,MvmtFeatures,,0.3958296354751375
SatContMoist,RHRatio,,0.17206973498385117
SatContMoist,SfcWndShfDis,,0.24886757409709992
SatContMoist,SynForcng,,0.8410658726538296
SatContMoist,TempDis,,0.07171478323811768
SatContMoist,WindAloft,,0.8845601245508258
SatContMoist,WindFieldMt,,0.43065357149628014
SatContMoist,WindFieldPln,,0.48286283926418194
RaoContMoist,CombMoisture,,2.0751625142496838e-08
RaoContMoist,AreaMoDryAir,,0.0005269256099166525
RaoContMoist,VISCloudCov,,0.8279487989299787
RaoContMoist,IRCloudCover,,0.48986612698096355
RaoContMoist,CombClouds,,0.6919735976623294
RaoContMoist,CldShadeOth,,0.4691176401761522
RaoContMoist,AMInstabMt,,0.9550666876455296
RaoContMoist,InsInMt,,0.5597405879086623
RaoContMoist,WndHodograph,,0.7517137239772453
RaoContMoist,OutflowFrMt,,0.8891200826287725
RaoContMoist,MorningBound,,0.7343660098551004
RaoContMoist,Boundaries,,0.8022104575374813
RaoContMoist,CldShadeConv,,0.8274645447249883
RaoContMoist,CompPlFcst,,0.7300082027328101
RaoContMoist,CapChange,,0.7300082027328101
RaoContMoist,LoLevMoistAd,,0.39743329827539914
RaoContMoist,InsChange,,0.8079286384189861
RaoContMoist,MountainFcst,,0.9685848765359023
RaoContMoist,Date,,0.4768906406862927
RaoContMoist,Scenario,,0.9122247118410548
RaoContMoist,ScenRelAMCIN,,0.8222314490326471
RaoContMoist,MorningCIN,,0.9488761906335726
RaoContMoist,AMCINInScen,,0.3939231482152789
RaoContMoist,CapInScen,,0.33578920764000136
RaoContMoist,ScenRelAMIns,,0.7908773904761688
RaoContMoist,LIfr12ZDENSd,,0.8587247941939815
RaoContMoist,AMDewptCalPl,,0.28716468102135323
RaoContMoist,AMInsWliScen,,0.2224451726508393
RaoContMoist,InsSclInScen,,0.7016656073353933
RaoContMoist,ScenRel3_4,,0.8975300925853145
RaoContMoist,LatestCIN,,0.05183644064975626
RaoContMoist,LLIW,,0.9584173993481836
RaoContMoist,CurPropConv,,0.6848798171421142
RaoContMoist,ScnRelPlFcst,,0.9122247118410548
RaoContMoist,PlainsFcst,,0.18060213922220814
RaoContMoist,N34StarFcst,,0.20930342841446153
RaoContMoist,R5Fcst,,0.45709830243883676
RaoContMoist,Dewpoints,,0.7621862328661819
RaoContMoist,LowLLapse,,0.8474120490363541
RaoContMoist,MeanRH,,0.3339441739102
RaoContMoist,MidLLapse,,0.5533404834527507
RaoContMoist,MvmtFeatures,,0.8510801284178744
RaoContMoist,RHRatio,,0.7173352613144909
RaoContMoist,SfcWndShfDis,,0.3430576815143598
RaoContMoist,SynForcng,,0.7861500913576606
RaoContMoist,TempDis,,0.9399097082998408
RaoContMoist,WindAloft,,0.5943422482594016
RaoContMoist,WindFieldMt,,0.28519961426348567
RaoContMoist,WindFieldPln,,0.9306659129914161
CombMoisture,AreaMoDryAir,,3.987342221522336e-77
CombMoisture,VISCloudCov,,0.8890572520887928
CombMoisture,IRCloudCover,,0.10689560731978813
CombMoisture,CombClouds,,0.8501763519066059
CombMoisture,CldShadeOth,,0.4090676428445173
CombMoisture,AMInstabMt,,0.8173887402828179
CombMoisture,InsInMt,,0.5525118294561835
CombMoisture,WndHodograph,,0.2511795882038347
CombMoisture,OutflowFrMt,,0.38928313126360553
CombMoisture,MorningBound,,0.4821554122590096
CombMoisture,Boundaries,,0.5730345658468063
CombMoisture,CldShadeConv,,0.2601385811728828
CombMoisture,CompPlFcst,,0.3568366828746323
CombMoisture,CapChange,,0.3568366828746323
CombMoisture,LoLevMoistAd,,0.7283394075045195
CombMoisture,InsChange,,0.9670929552369943
CombMoisture,MountainFcst,,0.6549259765668978
CombMoisture,Date,,0.7656902578546819
CombMoisture,Scenario,,0.5898579015936067
CombMoisture,ScenRelAMCIN,,0.9032663688927818
CombMoisture,MorningCIN,,0.7162695903694466
CombMoisture,AMCINInScen,,0.9031198528321306
CombMoisture,CapInScen,,0.43099497817364496
CombMoisture,ScenRelAMIns,,0.08900636138721209
CombMoisture,LIfr12ZDENSd,,0.38287274621730344
CombMoisture,AMDewptCalPl,,0.6325829967585219
CombMoisture,AMInsWliScen,,0.4626519165231737
CombMoisture,InsSclInScen,,0.15083067708734213
CombMoisture,ScenRel3_4,,0.6104316727783474
CombMoisture,LatestCIN,,0.9370802967018468
CombMoisture,LLIW,,0.747207878357134
CombMoisture,CurPropConv,,0.3090128146406861
CombMoisture,ScnRelPlFcst,,0.5898579015936067
CombMoisture,PlainsFcst,,0.7349295776351088
CombMoisture,N34StarFcst,,0.7883100213869343
CombMoisture,R5Fcst,,0.574234970844544
CombMoisture,Dewpoints,,0.19546799702892473
CombMoisture,LowLLapse,,0.7632782076103322
CombMoisture,MeanRH,,0.6733154325846056
CombMoisture,MidLLapse,,0.7977366937583814
CombMoisture,MvmtFeatures,,0.56688884597372
CombMoisture,RHRatio,,0.2830709579117733
CombMoisture,SfcWndShfDis,,0.047615599095563635
CombMoisture,SynForcng,,0.8422885020799725
CombMoisture,TempDis,,0.7055779079081281
CombMoisture,WindAloft,,0.9360456310877138
CombMoisture,WindFieldMt,,0.9104317716222774
CombMoisture,WindFieldPln,,0.7793358888108376
AreaMoDryAir,VISCloudCov,,0.6364353999632055
AreaMoDryAir,IRCloudCover,,0.18589932950362764
AreaMoDryAir,CombClouds,,0.48803210375412054
AreaMoDryAir,CldShadeOth,,7.874486774390767e-07
AreaMoDryAir,AMInstabMt,,0.9587225322239343
AreaMoDryAir,InsInMt,,0.3956390862867455
AreaMoDryAir,WndHodograph,,0.061965814360367584
AreaMoDryAir,OutflowFrMt,,0.3085719959856511
AreaMoDryAir,MorningBound,,0.742926345714275
AreaMoDryAir,Boundaries,,0.671146937450867
AreaMoDryAir,CldShadeConv,,0.6762438531384104
AreaMoDryAir,CompPlFcst,,0.44127419954478153
AreaMoDryAir,CapChange,,0.44127419954478153
AreaMoDryAir,LoLevMoistAd,,0.18798040085279621
AreaMoDryAir,InsChange,,0.43726539054833846
AreaMoDryAir,MountainFcst,,0.3442373119740374
AreaMoDryAir,Date,,0.3556095324767361
AreaMoDryAir,Scenario,,0.7330294633046626
AreaMoDryAir,ScenRelAMCIN,,0.6392117384470564
AreaMoDryAir,MorningCIN,,0.66173820988801
AreaMoDryAir,AMCINInScen,,0.6149827071675795
AreaMoDryAir,CapInScen,,0.9914787972411588
AreaMoDryAir,ScenRelAMIns,,0.5331737537777754
AreaMoDryAir,LIfr12ZDENSd,,0.845510270336679
AreaMoDryAir,AMDewptCalPl,,0.6343977252196993
AreaMoDryAir,AMInsWliScen,,0.1457352396083712
AreaMoDryAir,InsSclInScen,,0.18680825399430562
AreaMoDryAir,ScenRel3_4,,0.3775339134653799
AreaMoDryAir,LatestCIN,,0.8587553155316185
AreaMoDryAir,LLIW,,0.9866275351782765
AreaMoDryAir,CurPropConv,,0.7627666285264749
AreaMoDryAir,ScnRelPlFcst,,0.7330294633046626
AreaMoDryAir,PlainsFcst,,0.7818120815950985
AreaMoDryAir,N34StarFcst,,0.9573537127472711
AreaMoDryAir,R5Fcst,,0.23222868001973568
AreaMoDryAir,Dewpoints,,0.6775523423638352
AreaMoDryAir,LowLLapse,,0.95634668266588
AreaMoDryAir,MeanRH,,0.6064757588639473
AreaMoDryAir,MidLLapse,,0.575592943992342
AreaMoDryAir,MvmtFeatures,,0.7612118115806399
AreaMoDryAir,RHRatio,,0.3781316978333719
AreaMoDryAir,SfcWndShfDis,,0.25923762819548274
AreaMoDryAir,SynForcng,,0.3984803080686946
AreaMoDryAir,TempDis,,0.9082168351097464
AreaMoDryAir,WindAloft,,0.9849653717718055
AreaMoDryAir,WindFieldMt,,0.41618972408232724
AreaMoDryAir,WindFieldPln,,0.7338495488198964
VISCloudCov,IRCloudCover,,0.9988009267209411
VISCloudCov,CombClouds,,1.0769549764423313e-63
VISCloudCov,CldShadeOth,,8.6112241624294e-31
VISCloudCov,AMInstabMt,,0.2848260479997646
VISCloudCov,InsInMt,,0.5252949142146793
VISCloudCov,WndHodograph,,0.8358992891327587
VISCloudCov,OutflowFrMt,,0.8345868354837006
VISCloudCov,MorningBound,,0.4424126222462864
VISCloudCov,Boundaries,,0.2674814818424876
VISCloudCov,CldShadeConv,,0.8928614456484465
VISCloudCov,CompPlFcst,,0.37909483197547694
VISCloudCov,CapChange,,0.37909483197547694
VISCloudCov,LoLevMoistAd,,0.7126626732538192
VISCloudCov,InsChange,,0.7069747011332381
VISCloudCov,MountainFcst,,0.7811768865938883
VISCloudCov,Date,,0.27963040142574064
VISCloudCov,Scenario,,0.36008719700082653
VISCloudCov,ScenRelAMCIN,,0.9344684982844176
VISCloudCov,MorningCIN,,0.8391054416066237
VISCloudCov,AMCINInScen,,0.6013284534543483
VISCloudCov,CapInScen,,0.3784324833422137
VISCloudCov,ScenRelAMIns,,0.3684660272380647
VISCloudCov,LIfr12ZDENSd,,0.4638179990848311
VISCloudCov,AMDewptCalPl,,0.33243042624386093
VISCloudCov,AMInsWliScen,,0.7802572133404939
VISCloudCov,InsSclInScen,,0.48494032129984443
VISCloudCov,ScenRel3_4,,0.6703491000358291
VISCloudCov,LatestCIN,,0.34401343197499584
VISCloudCov,LLIW,,0.3149067149281508
VISCloudCov,CurPropConv,,0.3425332229203449
VISCloudCov,ScnRelPlFcst,,0.36008719700082653
VISCloudCov,PlainsFcst,,0.8584729393801971
VISCloudCov,N34StarFcst,,0.9163223192084177
VISCloudCov,R5Fcst,,0.5428838146640969
VISCloudCov,Dewpoints,,0.7019145834015985
VISCloudCov,LowLLapse,,0.7380191843318208
VISCloudCov,MeanRH,,0.8159519971755572
VISCloudCov,MidLLapse,,0.5176679750070047
VISCloudCov,MvmtFeatures,,0.25489573205103544
VISCloudCov,RHRatio,,0.7533352943388828
VISCloudCov,SfcWndShfDis,,0.684965988526096
VISCloudCov,SynForcng,,0.2588350763590971
VISCloudCov,TempDis,,0.19333982935742114
VISCloudCov,WindAloft,,0.3451619188031811
VISCloudCov,WindFieldMt,,0.027925288891132095
VISCloudCov,WindFieldPln,,0.46901759911755947
IRCloudCover,CombClouds,,1.0380386131465784e-10
IRCloudCover,CldShadeOth,,1.611591235243814e-05
IRCloudCover,AMInstabMt,,0.1144171196991507
IRCloudCover,InsInMt,,0.43033731908283146
IRCloudCover,WndHodograph,,0.9554024460595086
IRCloudCover,OutflowFrMt,,0.8355589442783357
IRCloudCover,MorningBound,,0.4753895448809813
IRCloudCover,Boundaries,,0.8010783366251591
IRCloudCover,CldShadeConv,,0.7947421458182402
IRCloudCover,CompPlFcst,,0.636966206092113
IRCloudCover,CapChange,,0.636966206092113
IRCloudCover,LoLevMoistAd,,0.17204247669564046
IRCloudCover,InsChange,,0.24608247117384854
IRCloudCover,MountainFcst,,0.8650489172454956
IRCloudCover,Date,,0.859487273676217
IRCloudCover,Scenario,,0.9898347966476604
IRCloudCover,ScenRelAMCIN,,0.46509268767081247
IRCloudCover,MorningCIN,,0.7201264763643695
IRCloudCover,AMCINInScen,,0.5538679878873745
IRCloudCover,CapInScen,,0.8502140522129544
IRCloudCover,ScenRelAMIns,,0.973262951685137
IRCloudCover,LIfr12ZDENSd,,0.8118180119655418
IRCloudCover,AMDewptCalPl,,0.31443999605878287
IRCloudCover,AMInsWliScen,,0.8481233961906932
IRCloudCover,InsSclInScen,,0.5073147840393146
IRCloudCover,ScenRel3_4,,0.9362600458786856
IRCloudCover,LatestCIN,,0.845914965213439
IRCloudCover,LLIW,,0.8747066800747023
IRCloudCover,CurPropConv,,0.614963200537755
IRCloudCover,ScnRelPlFcst,,0.9898347966476604
IRCloudCover,PlainsFcst,,0.382785825495387
IRCloudCover,N34StarFcst,,0.12635558806328345
IRCloudCover,R5Fcst,,0.937355602031293
IRCloudCover,Dewpoints,,0.5080939206059083
IRCloudCover,LowLLapse,,0.17037659976970873
IRCloudCover,MeanRH,,0.6030677311877686
IRCloudCover,MidLLapse,,0.3789747113853201
IRCloudCover,MvmtFeatures,,0.9643661938102465
IRCloudCover,RHRatio,,0.5259039476951614
IRCloudCover,SfcWndShfDis,,0.6699015136178744
IRCloudCover,SynForcng,,0.8254520993886104
IRCloudCover,TempDis,,0.8481355538146763
IRCloudCover,WindAloft,,0.8313726075412894
IRCloudCover,WindFieldMt,,0.515378358906393
IRCloudCover,WindFieldPln,,0.5802053522382284
CombClouds,CldShadeOth,,2.1982234387763085e-79
CombClouds,AMInstabMt,,0.3141564382805313
CombClouds,InsInMt,,0.24654288078392048
CombClouds,WndHodograph,,0.9224455562066348
CombClouds,OutflowFrMt,,0.2960888886689207
CombClouds,MorningBound,,0.5735848203820076
CombClouds,Boundaries,,0.17084258910445227
CombClouds,CldShadeConv,,0.3269984364915531
CombClouds,CompPlFcst,,0.00842872826040465
CombClouds,CapChange,,0.00842872826040465
CombClouds,LoLevMoistAd,,0.8421123681787996
CombClouds,InsChange,,0.8705226786168802
CombClouds,MountainFcst,,0.6002523824499981
CombClouds,Date,,0.7633096371145482
CombClouds,Scenario,,0.7232432177464174
CombClouds,ScenRelAMCIN,,0.8188174377752448
CombClouds,MorningCIN,,0.7375103418182207
CombClouds,AMCINInScen,,0.14737285084761267
CombClouds,CapInScen,,0.06677938041037138
CombClouds,ScenRelAMIns,,0.7099807423657645
CombClouds,LIfr12ZDENSd,,0.6779264343213738
CombClouds,AMDewptCalPl,,0.4377470651359685
CombClouds,AMInsWliScen,,0.2182575790520758
CombClouds,InsSclInScen,,0.21854204251309797
CombClouds,ScenRel3_4,,0.24416616891681148
CombClouds,LatestCIN,,0.6241182674946444
CombClouds,LLIW,,0.24269780787100728
CombClouds,CurPropConv,,0.18294687373960447
CombClouds,ScnRelPlFcst,,0.7232432177464174
CombClouds,PlainsFcst,,0.5756037728402998
CombClouds,N34StarFcst,,0.5817844110325919
CombClouds,R5Fcst,,0.874949006871137
CombClouds,Dewpoints,,0.4915473074567117
CombClouds,LowLLapse,,0.6689029819847754
CombClouds,MeanRH,,0.2921953275840973
CombClouds,MidLLapse,,0.39485696878466936
CombClouds,MvmtFeatures,,0.3950887846357123
CombClouds,RHRatio,,0.2311434266168674
CombClouds,SfcWndShfDis,,0.3521247612423994
CombClouds,SynForcng,,0.3539908025305834
CombClouds,TempDis,,0.4088855821302515
CombClouds,WindAloft,,0.3426195552031752
CombClouds,WindFieldMt,,0.04031556893733579
CombClouds,WindFieldPln,,0.8341060155157102
CldShadeOth,AMInstabMt,,0.056869577454127004
CldShadeOth,InsInMt,,0.0076901708997852885
CldShadeOth,WndHodograph,,0.961341609467577
CldShadeOth,OutflowFrMt,,0.5422437732813905
CldShadeOth,MorningBound,,0.8620858766789579
CldShadeOth,Boundaries,,0.10869492396365654
CldShadeOth,CldShadeConv,,0.030389044221208424
CldShadeOth,CompPlFcst,,0.01649090353908407
CldShadeOth,CapChange,,0.01649090353908407
CldShadeOth,LoLevMoistAd,,0.26744138579645005
CldShadeOth,InsChange,,0.8264626540682781
CldShadeOth,MountainFcst,,0.6536453433393351
CldShadeOth,Date,,0.46221193636855684
CldShadeOth,Scenario,,0.956902835432185
CldShadeOth,ScenRelAMCIN,,0.6402732243494251
CldShadeOth,MorningCIN,,0.6032563836485071
CldShadeOth,AMCINInScen,,0.7755235102859814
CldShadeOth,CapInScen,,0.8976005775113853
CldShadeOth,ScenRelAMIns,,0.9566617695325943
CldShadeOth,LIfr12ZDENSd,,0.09264548352328679
CldShadeOth,AMDewptCalPl,,0.09988446645811754
CldShadeOth,AMInsWliScen,,0.4130104022378389
CldShadeOth,InsSclInScen,,0.6275137156414159
CldShadeOth,ScenRel3_4,,0.8148088048442742
CldShadeOth,LatestCIN,,0.4422106806435322
CldShadeOth,LLIW,,0.5703775247188756
CldShadeOth,CurPropConv,,0.90208142540172
CldShadeOth,ScnRelPlFcst,,0.956902835432185
CldShadeOth,PlainsFcst,,0.7789665522755048
CldShadeOth,N34StarFcst,,0.9477200017139314
CldShadeOth,R5Fcst,,0.9876997084008471
CldShadeOth,Dewpoints,,0.38572721688321115
CldShadeOth,LowLLapse,,0.8979550338061311
CldShadeOth,MeanRH,,0.49520851813741795
CldShadeOth,MidLLapse,,0.3853214550841824
CldShadeOth,MvmtFeatures,,0.4825498981065327
CldShadeOth,RHRatio,,0.29180566412183045
CldShadeOth,SfcWndShfDis,,0.3932439184757998
CldShadeOth,SynForcng,,0.2276958823391619
CldShadeOth,TempDis,,0.5143169565766161
CldShadeOth,WindAloft,,0.8032171382519507
CldShadeOth,WindFieldMt,,0.5479416239680612
CldShadeOth,WindFieldPln,,0.8545601933331137
AMInstabMt,InsInMt,,3.2667939457817197e-09
AMInstabMt,WndHodograph,,0.42471721929766015
AMInstabMt,OutflowFrMt,,0.009292933900793278
AMInstabMt,MorningBound,,0.6089030104521937
AMInstabMt,Boundaries,,0.5578064415122239
AMInstabMt,CldShadeConv,,0.36588782941496256
AMInstabMt,CompPlFcst,,0.36425021475035674
AMInstabMt,CapChange,,0.36425021475035674
AMInstabMt,LoLevMoistAd,,0.5868459021417081
AMInstabMt,InsChange,,0.2907880852230513
AMInstabMt,MountainFcst,,0.05302784047867319
AMInstabMt,Date,,0.7957854254802232
AMInstabMt,Scenario,,0.3592812519560626
AMInstabMt,ScenRelAMCIN,,0.7975106328805944
AMInstabMt,MorningCIN,,0.5565989906515731
AMInstabMt,AMCINInScen,,0.8586002477739789
AMInstabMt,CapInScen,,0.3193036610328867
AMInstabMt,ScenRelAMIns,,0.4346496403744844
AMInstabMt,LIfr12ZDENSd,,0.9359561352887302
AMInstabMt,AMDewptCalPl,,0.5679897090591417
AMInstabMt,AMInsWliScen,,0.41806835213216165
AMInstabMt,InsSclInScen,,0.5654899375812139
AMInstabMt,ScenRel3_4,,0.6637910086510277
AMInstabMt,LatestCIN,,0.21355513760295491
AMInstabMt,LLIW,,0.07592994766734261
AMInstabMt,CurPropConv,,0.0867571736044908
AMInstabMt,ScnRelPlFcst,,0.3592812519560626
AMInstabMt,PlainsFcst,,0.5453345017669768
AMInstabMt,N34StarFcst,,0.332620862871057
AMInstabMt,R5Fcst,,0.025789019593340966
AMInstabMt,Dewpoints,,0.4058413545241367
AMInstabMt,LowLLapse,,0.6832781734865175
AMInstabMt,MeanRH,,0.15099106773983378
AMInstabMt,MidLLapse,,0.5281310527462207
AMInstabMt,MvmtFeatures,,0.27428758987800095
AMInstabMt,RHRatio,,0.5908446315094463
AMInstabMt,SfcWndShfDis,,0.3789399240369212
AMInstabMt,SynForcng,,0.04337370448350828
AMInstabMt,TempDis,,0.025504023113386964
AMInstabMt,WindAloft,,0.4934072506815035
AMInstabMt,WindFieldMt,,0.8730971211721168
AMInstabMt,WindFieldPln,,0.997849308741142
InsInMt,WndHodograph,,0.04795276128556882
InsInMt,OutflowFrMt,,0.0008500202077595992
InsInMt,MorningBound,,0.7125551254143068
InsInMt,Boundaries,,0.4589974971108083
InsInMt,CldShadeConv,,1.4581628925597966e-11
InsInMt,CompPlFcst,,0.6509274190355032
InsInMt,CapChange,,0.6509274190355032
InsInMt,LoLevMoistAd,,0.9976058577283262
InsInMt,InsChange,,0.30352707118899613
InsInMt,MountainFcst,,3.981168834677209e-08
InsInMt,Date,,0.5311972760560588
InsInMt,Scenario,,0.6857517552864947
InsInMt,ScenRelAMCIN,,0.7210086621802028
InsInMt,MorningCIN,,0.610000655532119
InsInMt,AMCINInScen,,0.782935583538821
InsInMt,CapInScen,,0.6009655184118599
InsInMt,ScenRelAMIns,,0.2574564746242424
InsInMt,LIfr12ZDENSd,,0.15658292167708077
InsInMt,AMDewptCalPl,,0.8846215747948423
InsInMt,AMInsWliScen,,0.3626112731136555
InsInMt,InsSclInScen,,0.8128540585852142
InsInMt,ScenRel3_4,,0.7024623240751495
InsInMt,LatestCIN,,0.042272451892569056
InsInMt,LLIW,,0.14905692281232233
InsInMt,CurPropConv,,0.8139747106873396
InsInMt,ScnRelPlFcst,,0.6857517552864947
InsInMt,PlainsFcst,,0.47396894601375916
InsInMt,N34StarFcst,,0.5717239321652665
InsInMt,R5Fcst,,0.0012090289324346662
InsInMt,Dewpoints,,0.9393017411432387
InsInMt,LowLLapse,,0.9477742304984526
InsInMt,MeanRH,,0.7995873356925001
InsInMt,MidLLapse,,0.15762390441242613
InsInMt,MvmtFeatures,,0.4104268196515737
InsInMt,RHRatio,,0.8487324859451345
InsInMt,SfcWndShfDis,,0.5430387184407085
InsInMt,SynForcng,,0.10105890880125702
InsInMt,TempDis,,0.9785038261058012
InsInMt,WindAloft,,0.2169913721080673
InsInMt,WindFieldMt,,0.29944750150788674
InsInMt,WindFieldPln,,0.946097564763243
WndHodograph,OutflowFrMt,,1.0297604717082633e-08
WndHodograph,MorningBound,,0.9242939489201515
WndHodograph,Boundaries,,0.38989029578775763
WndHodograph,CldShadeConv,,4.793780307992209e-18
WndHodograph,CompPlFcst,,0.8588417511398838
WndHodograph,CapChange,,0.8588417511398838
WndHodograph,LoLevMoistAd,,0.7499357030276349
WndHodograph,InsChange,,0.8706253192730863
WndHodograph,MountainFcst,,0.6003729531472326
WndHodograph,Date,,0.5469531998454201
WndHodograph,Scenario,,0.7922619819099549
WndHodograph,ScenRelAMCIN,,0.8146115613806426
WndHodograph,MorningCIN,,0.022977681420019207
WndHodograph,AMCINInScen,,0.5503956184583956
WndHodograph,CapInScen,,0.28783209177773994
WndHodograph,ScenRelAMIns,,0.7262302320164917
WndHodograph,LIfr12ZDENSd,,0.4500360785239501
WndHodograph,AMDewptCalPl,,0.5023283282865689
WndHodograph,AMInsWliScen,,0.012432109451743776
WndHodograph,InsSclInScen,,0.8799441859582938
WndHodograph,ScenRel3_4,,0.5739355218064834
WndHodograph,LatestCIN,,0.9801475858119023
WndHodograph,LLIW,,0.5394187967487549
WndHodograph,CurPropConv,,0.15638751730903774
WndHodograph,ScnRelPlFcst,,0.7922619819099549
WndHodograph,PlainsFcst,,0.9657949775131813
WndHodograph,N34StarFcst,,0.9091580520812823
WndHodograph,R5Fcst,,0.9898869326448934
WndHodograph,Dewpoints,,0.5879681010460427
WndHodograph,LowLLapse,,0.8344324980684173
WndHodograph,MeanRH,,0.533327907427906
WndHodograph,MidLLapse,,0.943417505311638
WndHodograph,MvmtFeatures,,0.8750506115820332
WndHodograph,RHRatio,,0.6377843082788421
WndHodograph,SfcWndShfDis,,0.684180315982934
WndHodograph,SynForcng,,0.9924288840827169
WndHodograph,TempDis,,0.9547551813585912
WndHodograph,WindAloft,,0.8696382492037854
WndHodograph,WindFieldMt,,0.5313710620195324
WndHodograph,WindFieldPln,,0.49061557795494215
OutflowFrMt,MorningBound,,0.40738456888003083
OutflowFrMt,Boundaries,,2.5669652425806024e-07
OutflowFrMt,CldShadeConv,,0.04882024751038176
OutflowFrMt,CompPlFcst,,0.18751630271165304
OutflowFrMt,CapChange,,0.18751630271165304
OutflowFrMt,LoLevMoistAd,,0.5752426917305749
OutflowFrMt,InsChange,,0.02882061726343053
OutflowFrMt,MountainFcst,,0.9046947486778286
OutflowFrMt,Date,,0.1322666382546855
OutflowFrMt,Scenario,,0.8845611386090086
OutflowFrMt,ScenRelAMCIN,,0.5305715510920399
OutflowFrMt,MorningCIN,,0.09231994297582756
OutflowFrMt,AMCINInScen,,0.8089901314808459
OutflowFrMt,CapInScen,,0.5211745261240607
OutflowFrMt,ScenRelAMIns,,0.6885666758726179
OutflowFrMt,LIfr12ZDENSd,,0.24634385931722885
OutflowFrMt,AMDewptCalPl,,0.9256178727421478
OutflowFrMt,AMInsWliScen,,0.2286904941358049
OutflowFrMt,InsSclInScen,,0.6489192198411702
OutflowFrMt,ScenRel3_4,,0.9953172189343851
OutflowFrMt,LatestCIN,,0.4366546291894131
OutflowFrMt,LLIW,,0.9567872637358895
OutflowFrMt,CurPropConv,,0.7619078901819776
OutflowFrMt,ScnRelPlFcst,,0.8845611386090086
OutflowFrMt,PlainsFcst,,0.9352023318612729
OutflowFrMt,N34StarFcst,,0.9204946837399217
OutflowFrMt,R5Fcst,,0.5463949108831341
OutflowFrMt,Dewpoints,,0.4897440837604844
OutflowFrMt,LowLLapse,,0.279451340984889
OutflowFrMt,MeanRH,,0.008688975206065442
OutflowFrMt,MidLLapse,,0.19699176559270892
OutflowFrMt,MvmtFeatures,,0.9236588226104571
OutflowFrMt,RHRatio,,0.6426542903236743
OutflowFrMt,SfcWndShfDis,,0.6862054993169742
OutflowFrMt,SynForcng,,0.6217236606594904
OutflowFrMt,TempDis,,0.828531142793053
OutflowFrMt,WindAloft,,0.6543262662278622
OutflowFrMt,WindFieldMt,,0.7216449394263802
OutflowFrMt,WindFieldPln,,0.2845436177068891
MorningBound,Boundaries,,5.737921146305847e-10
MorningBound,CldShadeConv,,0.9160173746720441
MorningBound,CompPlFcst,,0.6114012580742629
MorningBound,CapChange,,0.6114012580742629
MorningBound,LoLevMoistAd,,0.9145942239003643
MorningBound,InsChange,,0.6063884314225028
MorningBound,MountainFcst,,0.062151263588170524
MorningBound,Date,,0.4078251355255577
MorningBound,Scenario,,0.8589926062170545
MorningBound,ScenRelAMCIN,,0.19737041075652378
MorningBound,MorningCIN,,0.9480324574831428
MorningBound,AMCINInScen,,0.20147490074673358
MorningBound,CapInScen,,0.44231719698217475
MorningBound,ScenRelAMIns,,0.6437164782638778
MorningBound,LIfr12ZDENSd,,0.11004605038238185
MorningBound,AMDewptCalPl,,0.7402451921661753
MorningBound,AMInsWliScen,,0.2003953313492546
MorningBound,InsSclInScen,,0.31968686018511344
MorningBound,ScenRel3_4,,0.8331789705916268
MorningBound,LatestCIN,,0.21668671127568562
MorningBound,LLIW,,0.661757295463564
MorningBound,CurPropConv,,0.9445961689714292
MorningBound,ScnRelPlFcst,,0.8589926062170545
MorningBound,PlainsFcst,,0.4922823083964346
MorningBound,N34StarFcst,,0.6481358095407919
MorningBound,R5Fcst,,0.04497485593274629
MorningBound,Dewpoints,,0.3683440917271689
MorningBound,LowLLapse,,0.7064631431001477
MorningBound,MeanRH,,0.9228663619688637
MorningBound,MidLLapse,,0.28810270570494617
MorningBound,MvmtFeatures,,0.3868451692550133
MorningBound,RHRatio,,0.11414827740826768
MorningBound,SfcWndShfDis,,0.7853066681904333
MorningBound,SynForcng,,0.7092218340395904
MorningBound,TempDis,,0.7567869051475453
MorningBound,WindAloft,,0.5842309233423217
MorningBound,WindFieldMt,,0.2224690569982065
MorningBound,WindFieldPln,,0.9684187812525825
Boundaries,CldShadeConv,,0.17855549772024945
Boundaries,CompPlFcst,,0.2108742291985511
Boundaries,CapChange,,0.2108742291985511
Boundaries,LoLevMoistAd,,0.6044518615401819
Boundaries,InsChange,,0.17816338896425477
Boundaries,MountainFcst,,0.153179127389773
Boundaries,Date,,0.5103346081037647
Boundaries,Scenario,,0.9170512835394214
Boundaries,ScenRelAMCIN,,0.5073590774911886
Boundaries,MorningCIN,,0.843651904292382
Boundaries,AMCINInScen,,0.5744397271519125
Boundaries,CapInScen,,0.7350691042627188
Boundaries,ScenRelAMIns,,0.8813855541451342
Boundaries,LIfr12ZDENSd,,0.15052094443734357
Boundaries,AMDewptCalPl,,0.06646926838610667
Boundaries,AMInsWliScen,,0.21314426614600304
Boundaries,InsSclInScen,,0.3289087108687395
Boundaries,ScenRel3_4,,0.7850950229409188
Boundaries,LatestCIN,,0.9384328664968542
Boundaries,LLIW,,0.9337629725158071
Boundaries,CurPropConv,,0.618388781801458
Boundaries,ScnRelPlFcst,,0.9170512835394214
Boundaries,PlainsFcst,,0.28348009340248365
Boundaries,N34StarFcst,,0.5139454811722637
Boundaries,R5Fcst,,0.15516549598482393
Boundaries,Dewpoints,,0.6767310601132748
Boundaries,LowLLapse,,0.9008828590728951
Boundaries,MeanRH,,0.8928309952319806
Boundaries,MidLLapse,,0.174266427465873
Boundaries,MvmtFeatures,,0.6743116039423301
Boundaries,RHRatio,,0.3340925412849211
Boundaries,SfcWndShfDis,,0.798123218150865
Boundaries,SynForcng,,0.405966116670133
Boundaries,TempDis,,0.6159148403821555
Boundaries,WindAloft,,0.37879808461509046
Boundaries,WindFieldMt,,0.7038168239813407
Boundaries,WindFieldPln,,0.22692049376250042
CldShadeConv,CompPlFcst,,0.02218391825098513
CldShadeConv,CapChange,,0.02218391825098513
CldShadeConv,LoLevMoistAd,,0.3105746890127947
CldShadeConv,InsChange,,0.013452666561809955
CldShadeConv,MountainFcst,,0.19618367146249294
CldShadeConv,Date,,0.5434489243805378
CldShadeConv,Scenario,,0.925460179768196
CldShadeConv,ScenRelAMCIN,,0.7468191730629712
CldShadeConv,MorningCIN,,0.8750105243627848
CldShadeConv,AMCINInScen,,0.7890579151618844
CldShadeConv,CapInScen,,0.9602702822279828
CldShadeConv,ScenRelAMIns,,0.8203378422511745
CldShadeConv,LIfr12ZDENSd,,0.2431304442395096
CldShadeConv,AMDewptCalPl,,0.6652055707780651
CldShadeConv,AMInsWliScen,,0.38900076805056
CldShadeConv,InsSclInScen,,0.9345571629791666
CldShadeConv,ScenRel3_4,,0.5462916456491007
CldShadeConv,LatestCIN,,0.09471131216427225
CldShadeConv,LLIW,,0.17230612589915392
CldShadeConv,CurPropConv,,0.25455514596964135
CldShadeConv,ScnRelPlFcst,,0.925460179768196
CldShadeConv,PlainsFcst,,0.947349522588332
CldShadeConv,N34StarFcst,,0.9837799572776398
CldShadeConv,R5Fcst,,0.21889564693705385
CldShadeConv,Dewpoints,,0.07452130705328053
CldShadeConv,LowLLapse,,0.6618364726541348
CldShadeConv,MeanRH,,0.23206945656871913
CldShadeConv,MidLLapse,,0.24739041226143746
CldShadeConv,MvmtFeatures,,0.9551475554219511
CldShadeConv,RHRatio,,0.5947806183544597
CldShadeConv,SfcWndShfDis,,0.5413502806101012
CldShadeConv,SynForcng,,0.17090572985598304
CldShadeConv,TempDis,,0.9644535946904496
CldShadeConv,WindAloft,,0.5916819982035897
CldShadeConv,WindFieldMt,,0.5912979860038958
CldShadeConv,WindFieldPln,,0.6810269847575385
CompPlFcst,CapChange,,1.1707228126694675e-221
CompPlFcst,LoLevMoistAd,,0.4664528483214929
CompPlFcst,InsChange,,3.209758097334918e-08
CompPlFcst,MountainFcst,,0.5405931950839786
CompPlFcst,Date,,0.47740570672494775
CompPlFcst,Scenario,,0.5381262383615051
CompPlFcst,ScenRelAMCIN,,0.8187200844338809
CompPlFcst,MorningCIN,,0.9067322713522753
CompPlFcst,AMCINInScen,,0.9724284155799691
CompPlFcst,CapInScen,,5.765356714570046e-35
CompPlFcst,ScenRelAMIns,,0.3624997890713329
CompPlFcst,LIfr12ZDENSd,,0.6460490336811928
CompPlFcst,AMDewptCalPl,,0.15719006165774266
CompPlFcst,AMInsWliScen,,0.9890555106434962
CompPlFcst,InsSclInScen,,0.5168857678449784
CompPlFcst,ScenRel3_4,,0.6762312540980793
CompPlFcst,LatestCIN,,0.6578634666575105
CompPlFcst,LLIW,,0.9160382321192756
CompPlFcst,CurPropConv,,0.3202527027845632
CompPlFcst,ScnRelPlFcst,,0.5381262383615051
CompPlFcst,PlainsFcst,,0.49929271612982173
CompPlFcst,N34StarFcst,,0.32711820558835947
CompPlFcst,R5Fcst,,0.5002288824912322
CompPlFcst,Dewpoints,,0.44348290487181663
CompPlFcst,LowLLapse,,0.41101832591918147
CompPlFcst,MeanRH,,0.9518743867669472
CompPlFcst,MidLLapse,,0.7855324156605725
CompPlFcst,MvmtFeatures,,0.22463275445219202
CompPlFcst,RHRatio,,0.7600845544974449
CompPlFcst,SfcWndShfDis,,0.8930272849361506
CompPlFcst,SynForcng,,0.38858261636253144
CompPlFcst,TempDis,,0.06897888858430357
CompPlFcst,WindAloft,,0.4064150804939153
CompPlFcst,WindFieldMt,,0.6799649489922146
CompPlFcst,WindFieldPln,,0.5605737360166518
CapChange,LoLevMoistAd,,0.4664528483214929
CapChange,InsChange,,3.209758097334918e-08
CapChange,MountainFcst,,0.5405931950839786
CapChange,Date,,0.47740570672494775
CapChange,Scenario,,0.5381262383615051
CapChange,ScenRelAMCIN,,0.8187200844338809
CapChange,MorningCIN,,0.9067322713522753
CapChange,AMCINInScen,,0.9724284155799691
CapChange,CapInScen,,5.765356714570046e-35
CapChange,ScenRelAMIns,,0.3624997890713329
CapChange,LIfr12ZDENSd,,0.6460490336811928
CapChange,AMDewptCalPl,,0.15719006165774266
CapChange,AMInsWliScen,,0.9890555106434962
CapChange,InsSclInScen,,0.5168857678449784
CapChange,ScenRel3_4,,0.6762312540980793
CapChange,LatestCIN,,0.6578634666575105
CapChange,LLIW,,0.9160382321192756
CapChange,CurPropConv,,0.3202527027845632
CapChange,ScnRelPlFcst,,0.5381262383615051
CapChange,PlainsFcst,,0.49929271612982173
CapChange,N34StarFcst,,0.32711820558835947
CapChange,R5Fcst,,0.5002288824912322
CapChange,Dewpoints,,0.44348290487181663
CapChange,LowLLapse,,0.41101832591918147
CapChange,MeanRH,,0.9518743867669472
CapChange,MidLLapse,,0.7855324156605725
CapChange,MvmtFeatures,,0.22463275445219202
CapChange,RHRatio,,0.7600845544974449
CapChange,SfcWndShfDis,,0.8930272849361506
CapChange,SynForcng,,0.38858261636253144
CapChange,TempDis,,0.06897888858430357
CapChange,WindAloft,,0.4064150804939153
CapChange,WindFieldMt,,0.6799649489922146
CapChange,WindFieldPln,,0.5605737360166518
LoLevMoistAd,InsChange,,6.12887021246469e-47
LoLevMoistAd,MountainFcst,,0.2541140527291872
LoLevMoistAd,Date,,0.4963735025522239
LoLevMoistAd,Scenario,,0.5407594487435459
LoLevMoistAd,ScenRelAMCIN,,0.1460647576252171
LoLevMoistAd,MorningCIN,,0.05875103385755541
LoLevMoistAd,AMCINInScen,,0.9346588490869185
LoLevMoistAd,CapInScen,,0.3400364353793085
LoLevMoistAd,ScenRelAMIns,,0.46034951198565655
LoLevMoistAd,LIfr12ZDENSd,,0.6190459392794561
LoLevMoistAd,AMDewptCalPl,,0.8525718861755082
LoLevMoistAd,AMInsWliScen,,0.6362426910717314
LoLevMoistAd,InsSclInScen,,1.1107402250620732e-09
LoLevMoistAd,ScenRel3_4,,0.28396876158153855
LoLevMoistAd,LatestCIN,,0.6807504804219922
LoLevMoistAd,LLIW,,0.7887441353378464
LoLevMoistAd,CurPropConv,,0.957245665537481
LoLevMoistAd,ScnRelPlFcst,,0.5407594487435459
LoLevMoistAd,PlainsFcst,,0.6321158734929635
LoLevMoistAd,N34StarFcst,,0.5868185599421096
LoLevMoistAd,R5Fcst,,0.7096268717671035
LoLevMoistAd,Dewpoints,,0.7750442778963127
LoLevMoistAd,LowLLapse,,0.8877004251874135
LoLevMoistAd,MeanRH,,0.1943932725028042
LoLevMoistAd,MidLLapse,,0.11575759279754899
LoLevMoistAd,MvmtFeatures,,0.63930156976023
LoLevMoistAd,RHRatio,,0.6261132811128554
LoLevMoistAd,SfcWndShfDis,,0.4017917297787234
LoLevMoistAd,SynForcng,,0.8929735937270191
LoLevMoistAd,TempDis,,0.5087787868371245
LoLevMoistAd,WindAloft,,0.1793519906703077
LoLevMoistAd,WindFieldMt,,0.4535109105295365
LoLevMoistAd,WindFieldPln,,0.7222739983453239
InsChange,MountainFcst,,0.29842470217474326
InsChange,Date,,0.12469255968549021
InsChange,Scenario,,0.5806221747260131
InsChange,ScenRelAMCIN,,0.3761833821831345
InsChange,MorningCIN,,0.7728446105306647
InsChange,AMCINInScen,,0.9307872995783418
InsChange,CapInScen,,0.00967278751517199
InsChange,ScenRelAMIns,,0.38908405930173995
InsChange,LIfr12ZDENSd,,0.7352502414616324
InsChange,AMDewptCalPl,,0.3041468797480753
InsChange,AMInsWliScen,,0.10920796405579739
InsChange,InsSclInScen,,2.527727397323672e-27
InsChange,ScenRel3_4,,0.6054740171511241
InsChange,LatestCIN,,0.6114499928187742
InsChange,LLIW,,0.2832328648263708
InsChange,CurPropConv,,0.91761839397625
InsChange,ScnRelPlFcst,,0.5806221747260131
InsChange,PlainsFcst,,0.004322091277784176
InsChange,N34StarFcst,,0.004179014424093518
InsChange,R5Fcst,,0.08294472407980143
InsChange,Dewpoints,,0.1787068024274977
InsChange,LowLLapse,,0.3407501451876171
InsChange,MeanRH,,0.8022211091556177
InsChange,MidLLapse,,0.048943017512358515
InsChange,MvmtFeatures,,0.3357078947144653
InsChange,RHRatio,,0.6195315107808748
InsChange,SfcWndShfDis,,0.22747585603014792
InsChange,SynForcng,,0.35062440460199956
InsChange,TempDis,,0.895970815719686
InsChange,WindAloft,,0.38162401488279407
InsChange,WindFieldMt,,0.8485059799214922
InsChange,WindFieldPln,,0.8333763602556169
MountainFcst,Date,,0.04935529366542846
MountainFcst,Scenario,,0.7879521376380579
MountainFcst,ScenRelAMCIN,,0.14163969641554228
MountainFcst,MorningCIN,,0.8964017889431227
MountainFcst,AMCINInScen,,0.19964052930838036
MountainFcst,CapInScen,,0.22226316680891586
MountainFcst,ScenRelAMIns,,0.7814319195965327
MountainFcst,LIfr12ZDENSd,,0.4469314986183158
MountainFcst,AMDewptCalPl,,0.01693090129188767
MountainFcst,AMInsWliScen,,0.29823736657503214
MountainFcst,InsSclInScen,,0.21238629454533914
MountainFcst,ScenRel3_4,,0.4169969047356411
MountainFcst,LatestCIN,,0.23061411935605006
MountainFcst,LLIW,,0.6050098102573185
MountainFcst,CurPropConv,,0.7542691788970903
MountainFcst,ScnRelPlFcst,,0.7879521376380579
MountainFcst,PlainsFcst,,0.8220618477837323
MountainFcst,N34StarFcst,,0.6898176670024246
MountainFcst,R5Fcst,,2.3074351107765188e-101
MountainFcst,Dewpoints,,0.6696212623116882
MountainFcst,LowLLapse,,0.18654551925546733
MountainFcst,MeanRH,,0.330832690950955
MountainFcst,MidLLapse,,0.9662068369694609
MountainFcst,MvmtFeatures,,0.8498586363658703
MountainFcst,RHRatio,,0.8637593052795182
MountainFcst,SfcWndShfDis,,0.1815312382717175
MountainFcst,SynForcng,,0.6891791754633083
MountainFcst,TempDis,,0.6039049247042687
MountainFcst,WindAloft,,0.8565811969820767
MountainFcst,WindFieldMt,,0.9481181104333325
MountainFcst,WindFieldPln,,0.8678178504162869
Date,Scenario,,0.0002550452634332573
Date,ScenRelAMCIN,,0.00046155800902008664
Date,MorningCIN,,0.7981355771590773
Date,AMCINInScen,,0.2727758694993169
Date,CapInScen,,0.0897632762085498
Date,ScenRelAMIns,,0.05251482813346021
Date,LIfr12ZDENSd,,0.05724134309381403
Date,AMDewptCalPl,,0.9614646281837014
Date,AMInsWliScen,,0.07585492652718272
Date,InsSclInScen,,0.13861604911581984
Date,ScenRel3_4,,0.000485526381563254
Date,LatestCIN,,0.7145909488255611
Date,LLIW,,0.6369267544816661
Date,CurPropConv,,0.7576655288264929
Date,ScnRelPlFcst,,0.0002550452634332573
Date,PlainsFcst,,0.2908514022428134
Date,N34StarFcst,,0.2251640552865538
Date,R5Fcst,,0.09137599229133575
Date,Dewpoints,,0.15033898944375515
Date,LowLLapse,,0.6510399991124844
Date,MeanRH,,0.5309064494479444
Date,MidLLapse,,0.6893725151453148
Date,MvmtFeatures,,0.03362824196237674
Date,RHRatio,,0.27397951280889193
Date,SfcWndShfDis,,0.09783564321862522
Date,SynForcng,,0.3321211761549876
Date,TempDis,,0.9827271289542103
Date,WindAloft,,1.4895686344200756e-05
Date,WindFieldMt,,0.18301180981649287
Date,WindFieldPln,,0.46263735684615714
Scenario,ScenRelAMCIN,,6.125294323831851e-107
Scenario,MorningCIN,,0.4694221840581736
Scenario,AMCINInScen,,0.2814214873593127
Scenario,CapInScen,,0.15699740941369345
Scenario,ScenRelAMIns,,8.618352119309679e-194
Scenario,LIfr12ZDENSd,,0.5724302647742958
Scenario,AMDewptCalPl,,0.845650036913612
Scenario,AMInsWliScen,,0.00027397810598808845
Scenario,InsSclInScen,,0.192068652738777
Scenario,ScenRel3_4,,1.1012151086689944e-237
Scenario,LatestCIN,,0.8123041876617723
Scenario,LLIW,,0.20160693976328808
Scenario,CurPropConv,,0.8613405669485992
Scenario,ScnRelPlFcst,,1.9399117953564786e-308
Scenario,PlainsFcst,,0.0012377322651637036
Scenario,N34StarFcst,,0.055499760012204774
Scenario,R5Fcst,,0.1329912082967757
Scenario,Dewpoints,,5.457259232491517e-40
Scenario,LowLLapse,,1.7875541426575088e-18
Scenario,MeanRH,,8.953883460102596e-12
Scenario,MidLLapse,,5.51426991561617e-07
Scenario,MvmtFeatures,,6.067999285597959e-47
Scenario,RHRatio,,1.520525144109479e-23
Scenario,SfcWndShfDis,,1.7603398604231474e-78
Scenario,SynForcng,,1.8032175060105155e-27
Scenario,TempDis,,5.908046020247789e-35
Scenario,WindAloft,,7.739987216966842e-58
Scenario,WindFieldMt,,1.9977849305296508e-25
Scenario,WindFieldPln,,4.778246919977815e-83
ScenRelAMCIN,MorningCIN,,0.14861244857014794
ScenRelAMCIN,AMCINInScen,,0.0005336983896124877
ScenRelAMCIN,CapInScen,,0.021956079729386346
ScenRelAMCIN,ScenRelAMIns,,1.9273354456529516e-60
ScenRelAMCIN,LIfr12ZDENSd,,0.27224802932123227
ScenRelAMCIN,AMDewptCalPl,,0.48054919820426645
ScenRelAMCIN,AMInsWliScen,,2.5595117148267657e-05
ScenRelAMCIN,InsSclInScen,,0.13001502676503893
ScenRelAMCIN,ScenRel3_4,,1.1229964789697858e-71
ScenRelAMCIN,LatestCIN,,0.3474797062976933
ScenRelAMCIN,LLIW,,0.15283698515420174
ScenRelAMCIN,CurPropConv,,0.7773797663505269
ScenRelAMCIN,ScnRelPlFcst,,6.125294323831851e-107
ScenRelAMCIN,PlainsFcst,,4.854004176284246e-07
ScenRelAMCIN,N34StarFcst,,2.907970524119828e-05
ScenRelAMCIN,R5Fcst,,0.0013245541229660034
ScenRelAMCIN,Dewpoints,,0.0006762980266723122
ScenRelAMCIN,LowLLapse,,7.110751614152013e-10
ScenRelAMCIN,MeanRH,,1.0982409093877834e-09
ScenRelAMCIN,MidLLapse,,0.0010659308018800492
ScenRelAMCIN,MvmtFeatures,,0.0008679652169815572
ScenRelAMCIN,RHRatio,,1.970821010515257e-06
ScenRelAMCIN,SfcWndShfDis,,8.25293676957904e-45
ScenRelAMCIN,SynForcng,,0.0017541682544258317
ScenRelAMCIN,TempDis,,0.0012107079415681502
ScenRelAMCIN,WindAloft,,2.0648699598733652e-09
ScenRelAMCIN,WindFieldMt,,0.5468735381200835
ScenRelAMCIN,WindFieldPln,,2.2196365038721313e-40
MorningCIN,AMCINInScen,,9.775803755166146e-54
MorningCIN,CapInScen,,3.1995367186722196e-16
MorningCIN,ScenRelAMIns,,0.3885742880303975
MorningCIN,LIfr12ZDENSd,,0.5090833850506944
MorningCIN,AMDewptCalPl,,0.34138399606889613
MorningCIN,AMInsWliScen,,0.9215257240321235
MorningCIN,InsSclInScen,,0.9247513413715684
MorningCIN,ScenRel3_4,,0.20086048675608986
MorningCIN,LatestCIN,,0.12058661335379527
MorningCIN,LLIW,,0.943009696700997
MorningCIN,CurPropConv,,0.7471364256720987
MorningCIN,ScnRelPlFcst,,0.46942218405817315
MorningCIN,PlainsFcst,,0.5202618240716554
MorningCIN,N34StarFcst,,0.6792693628604112
MorningCIN,R5Fcst,,0.468890401918604
MorningCIN,Dewpoints,,0.5553986111882045
MorningCIN,LowLLapse,,0.8224158644379702
MorningCIN,MeanRH,,0.430385861615022
MorningCIN,MidLLapse,,0.949013711762425
MorningCIN,MvmtFeatures,,0.4318732424487578
MorningCIN,RHRatio,,0.08948870265377011
MorningCIN,SfcWndShfDis,,0.05162129494849546
MorningCIN,SynForcng,,0.8034132440668079
MorningCIN,TempDis,,0.2019953960183792
MorningCIN,WindAloft,,0.6779458740745482
MorningCIN,WindFieldMt,,0.7100765380440668
MorningCIN,WindFieldPln,,0.21872339001956934
AMCINInScen,CapInScen,,1.0414750856410138e-57
AMCINInScen,ScenRelAMIns,,0.2791800439675185
AMCINInScen,LIfr12ZDENSd,,0.279777832954823
AMCINInScen,AMDewptCalPl,,0.9936238823602465
AMCINInScen,AMInsWliScen,,0.5953413152552081
AMCINInScen,InsSclInScen,,0.572272071586785
AMCINInScen,ScenRel3_4,,0.1260269371193535
AMCINInScen,LatestCIN,,0.4808949161155658
AMCINInScen,LLIW,,0.676897185621234
AMCINInScen,CurPropConv,,0.30886701996869226
AMCINInScen,ScnRelPlFcst,,0.2814214873593127
AMCINInScen,PlainsFcst,,0.20336194645276662
AMCINInScen,N34StarFcst,,0.29413319613887723
AMCINInScen,R5Fcst,,0.17844947564563612
AMCINInScen,Dewpoints,,0.8619378608116329
AMCINInScen,LowLLapse,,0.38328887306592785
AMCINInScen,MeanRH,,0.8208829236851475
AMCINInScen,MidLLapse,,0.6364503963294118
AMCINInScen,MvmtFeatures,,0.8456790314818614
AMCINInScen,RHRatio,,0.8393466778044268
AMCINInScen,SfcWndShfDis,,0.07968069669713314
AMCINInScen,SynForcng,,0.9393425513630695
AMCINInScen,TempDis,,0.3805005660425828
AMCINInScen,WindAloft,,0.3450600099531825
AMCINInScen,WindFieldMt,,0.16052371965630577
AMCINInScen,WindFieldPln,,0.21397167495925815
CapInScen,ScenRelAMIns,,0.34321853994546825
CapInScen,LIfr12ZDENSd,,0.7687312878271135
CapInScen,AMDewptCalPl,,0.5318512534113418
CapInScen,AMInsWliScen,,0.9243496893295902
CapInScen,InsSclInScen,,0.6638317547803343
CapInScen,ScenRel3_4,,0.13311127752426047
CapInScen,LatestCIN,,0.5507477137969139
CapInScen,LLIW,,0.3747438469620453
CapInScen,CurPropConv,,0.40200183534542144
CapInScen,ScnRelPlFcst,,0.15699740941369328
CapInScen,PlainsFcst,,0.022197185217856946
CapInScen,N34StarFcst,,0.14522016120618683
CapInScen,R5Fcst,,0.06468267846568074
CapInScen,Dewpoints,,0.4656518775156423
CapInScen,LowLLapse,,0.23501786400335645
CapInScen,MeanRH,,0.7947027265959737
CapInScen,MidLLapse,,0.06701667581448534
CapInScen,MvmtFeatures,,0.5171563821331036
CapInScen,RHRatio,,0.9747370273318458
CapInScen,SfcWndShfDis,,0.5202962540363071
CapInScen,SynForcng,,0.5760150609278764
CapInScen,TempDis,,0.18853554097913977
CapInScen,WindAloft,,0.789375035188925
CapInScen,WindFieldMt,,0.6154663517381186
CapInScen,WindFieldPln,,0.9571191909542514
ScenRelAMIns,LIfr12ZDENSd,,0.45996020402154336
ScenRelAMIns,AMDewptCalPl,,0.4310976015807752
ScenRelAMIns,AMInsWliScen,,9.869453538245683e-05
ScenRelAMIns,InsSclInScen,,0.5551730136838593
ScenRelAMIns,ScenRel3_4,,6.6221459284373635e-105
ScenRelAMIns,LatestCIN,,0.5027407204145653
ScenRelAMIns,LLIW,,0.5243185863540694
ScenRelAMIns,CurPropConv,,0.9296420418737203
ScenRelAMIns,ScnRelPlFcst,,8.618352119310657e-194
ScenRelAMIns,PlainsFcst,,0.00024527651768808945
ScenRelAMIns,N34StarFcst,,0.03510885080069698
ScenRelAMIns,R5Fcst,,0.16715328595653353
ScenRelAMIns,Dewpoints,,7.133625597983061e-25
ScenRelAMIns,LowLLapse,,1.6918948582439947e-12
ScenRelAMIns,MeanRH,,6.49052218575325e-13
ScenRelAMIns,MidLLapse,,0.00032450624835800025
ScenRelAMIns,MvmtFeatures,,1.207108228065827e-14
ScenRelAMIns,RHRatio,,3.731400715894145e-17
ScenRelAMIns,SfcWndShfDis,,1.2521203044472842e-52
ScenRelAMIns,SynForcng,,1.2444043017885432e-09
ScenRelAMIns,TempDis,,3.1193256744672845e-17
ScenRelAMIns,WindAloft,,1.19146750535769e-21
ScenRelAMIns,WindFieldMt,,0.0033298461725229226
ScenRelAMIns,WindFieldPln,,2.8953933629231727e-67
LIfr12ZDENSd,AMDewptCalPl,,0.9172168174778121
LIfr12ZDENSd,AMInsWliScen,,2.8782894238333616e-09
LIfr12ZDENSd,InsSclInScen,,5.337436153517998e-06
LIfr12ZDENSd,ScenRel3_4,,0.20276800260218816
LIfr12ZDENSd,LatestCIN,,0.8660593454305408
LIfr12ZDENSd,LLIW,,0.3776848344962147
LIfr12ZDENSd,CurPropConv,,0.09317084719730846
LIfr12ZDENSd,ScnRelPlFcst,,0.5724302647742956
LIfr12ZDENSd,PlainsFcst,,0.7406754762681871
LIfr12ZDENSd,N34StarFcst,,0.7746128939250992
LIfr12ZDENSd,R5Fcst,,0.890099637395017
LIfr12ZDENSd,Dewpoints,,0.31751840846889556
LIfr12ZDENSd,LowLLapse,,0.6189769474656277
LIfr12ZDENSd,MeanRH,,0.7642575499051693
LIfr12ZDENSd,MidLLapse,,0.32199212792540205
LIfr12ZDENSd,MvmtFeatures,,0.5838673580026987
LIfr12ZDENSd,RHRatio,,0.1371060411949056
LIfr12ZDENSd,SfcWndShfDis,,0.613634159827435
LIfr12ZDENSd,SynForcng,,0.546970476433388
LIfr12ZDENSd,TempDis,,0.2198892784651975
LIfr12ZDENSd,WindAloft,,0.1390225351229247
LIfr12ZDENSd,WindFieldMt,,0.49849886255446785
LIfr12ZDENSd,WindFieldPln,,0.43813683002246234
AMDewptCalPl,AMInsWliScen,,2.515921977763903e-16
AMDewptCalPl,InsSclInScen,,2.023147444508479e-10
AMDewptCalPl,ScenRel3_4,,0.9833937409048349
AMDewptCalPl,LatestCIN,,0.7975504623127687
AMDewptCalPl,LLIW,,0.9122642507679859
AMDewptCalPl,CurPropConv,,0.7722700545930211
AMDewptCalPl,ScnRelPlFcst,,0.8456500369136115
AMDewptCalPl,PlainsFcst,,0.9863742759200007
AMDewptCalPl,N34StarFcst,,0.7595755736363385
AMDewptCalPl,R5Fcst,,0.01938618902749671
AMDewptCalPl,Dewpoints,,0.6927667932533302
AMDewptCalPl,LowLLapse,,0.4302818891031912
AMDewptCalPl,MeanRH,,0.658226566768522
AMDewptCalPl,MidLLapse,,0.9416823385379247
AMDewptCalPl,MvmtFeatures,,0.5602060918529603
AMDewptCalPl,RHRatio,,0.9390117758576723
AMDewptCalPl,SfcWndShfDis,,0.160584409176482
AMDewptCalPl,SynForcng,,0.6722379003764736
AMDewptCalPl,TempDis,,0.3204437627925685
AMDewptCalPl,WindAloft,,0.33618016476122864
AMDewptCalPl,WindFieldMt,,0.1420053634510937
AMDewptCalPl,WindFieldPln,,0.3907822714380602
AMInsWliScen,InsSclInScen,,5.293503008956912e-74
AMInsWliScen,ScenRel3_4,,0.0015969911404106305
AMInsWliScen,LatestCIN,,0.4557234215453192
AMInsWliScen,LLIW,,0.12557037781994912
AMInsWliScen,CurPropConv,,0.2665016054971359
AMInsWliScen,ScnRelPlFcst,,0.0002739781059880895
AMInsWliScen,PlainsFcst,,0.05282906499283818
AMInsWliScen,N34StarFcst,,0.02358039334356829
AMInsWliScen,R5Fcst,,0.5635017950073768
AMInsWliScen,Dewpoints,,0.7461654307503829
AMInsWliScen,LowLLapse,,0.8474939577902004
AMInsWliScen,MeanRH,,0.14254191782538503
AMInsWliScen,MidLLapse,,0.973805275279966
AMInsWliScen,MvmtFeatures,,0.6546651584977581
AMInsWliScen,RHRatio,,0.5974072181691579
AMInsWliScen,SfcWndShfDis,,0.0654328021488454
AMInsWliScen,SynForcng,,0.4813828361670226
AMInsWliScen,TempDis,,0.036722915895489976
AMInsWliScen,WindAloft,,0.05160820020658064
AMInsWliScen,WindFieldMt,,0.8944679641006932
AMInsWliScen,WindFieldPln,,0.03183124252684081
InsSclInScen,ScenRel3_4,,0.05166741477258439
InsSclInScen,LatestCIN,,0.31060226748162933
InsSclInScen,LLIW,,0.042032060343792095
InsSclInScen,CurPropConv,,0.7900493020362761
InsSclInScen,ScnRelPlFcst,,0.192068652738777
InsSclInScen,PlainsFcst,,6.696672533632264e-08
InsSclInScen,N34StarFcst,,1.2438110374125996e-07
InsSclInScen,R5Fcst,,0.09512769693236274
InsSclInScen,Dewpoints,,0.8965927340901841
InsSclInScen,LowLLapse,,0.8452051801266025
InsSclInScen,MeanRH,,0.35632576999146587
InsSclInScen,MidLLapse,,0.9954351302272177
InsSclInScen,MvmtFeatures,,0.177260180668254
InsSclInScen,RHRatio,,0.9134745834035287
InsSclInScen,SfcWndShfDis,,0.2764098047618971
InsSclInScen,SynForcng,,0.9144802143983591
InsSclInScen,TempDis,,0.8713710468136879
InsSclInScen,WindAloft,,0.8723822659861886
InsSclInScen,WindFieldMt,,0.8806726628842066
InsSclInScen,WindFieldPln,,0.27995214769401516
ScenRel3_4,LatestCIN,,0.2912072359268663
ScenRel3_4,LLIW,,0.34140374264240486
ScenRel3_4,CurPropConv,,0.7657681355793224
ScenRel3_4,ScnRelPlFcst,,1.1012151086689944e-237
ScenRel3_4,PlainsFcst,,0.00280762989061479
ScenRel3_4,N34StarFcst,,0.041206534256973716
ScenRel3_4,R5Fcst,,0.09717939652282523
ScenRel3_4,Dewpoints,,8.083173897202623e-37
ScenRel3_4,LowLLapse,,3.5285670255422435e-06
ScenRel3_4,MeanRH,,7.3311407827590355e-06
ScenRel3_4,MidLLapse,,0.004911462607070382
ScenRel3_4,MvmtFeatures,,2.833338674873878e-29
ScenRel3_4,RHRatio,,2.6674581371357937e-15
ScenRel3_4,SfcWndShfDis,,1.6759636106366136e-58
ScenRel3_4,SynForcng,,1.010607066904798e-27
ScenRel3_4,TempDis,,5.96650947217889e-26
ScenRel3_4,WindAloft,,3.385868142478039e-33
ScenRel3_4,WindFieldMt,,1.5903132526874971e-21
ScenRel3_4,WindFieldPln,,4.1339345485230153e-57
LatestCIN,LLIW,,0.7842479642705058
LatestCIN,CurPropConv,,5.202817784091331e-07
LatestCIN,ScnRelPlFcst,,0.8123041876617721
LatestCIN,PlainsFcst,,0.5111667748733366
LatestCIN,N34StarFcst,,0.5271595746291001
LatestCIN,R5Fcst,,0.42341720043039344
LatestCIN,Dewpoints,,0.07588043007051404
LatestCIN,LowLLapse,,0.4599489462801194
LatestCIN,MeanRH,,0.3308380483657438
LatestCIN,MidLLapse,,0.025577905005412703
LatestCIN,MvmtFeatures,,0.3302608921785434
LatestCIN,RHRatio,,0.6647728379217319
LatestCIN,SfcWndShfDis,,0.8770822217178054
LatestCIN,SynForcng,,0.12519771874191468
LatestCIN,TempDis,,0.04559396516151893
LatestCIN,WindAloft,,0.7881959615992208
LatestCIN,WindFieldMt,,0.9633280538688298
LatestCIN,WindFieldPln,,0.9383778039647331
LLIW,CurPropConv,,1.1148555946480588e-31
LLIW,ScnRelPlFcst,,0.2016069397632881
LLIW,PlainsFcst,,0.11037646561189511
LLIW,N34StarFcst,,0.09718796169813906
LLIW,R5Fcst,,0.5959419412574469
LLIW,Dewpoints,,0.9462426254356173
LLIW,LowLLapse,,0.49242168764858585
LLIW,MeanRH,,0.6866448020147138
LLIW,MidLLapse,,0.426616359481387
LLIW,MvmtFeatures,,0.5432922628474238
LLIW,RHRatio,,0.06450385461293778
LLIW,SfcWndShfDis,,0.9653422722291842
LLIW,SynForcng,,0.5929318337471841
LLIW,TempDis,,0.14128085850946906
LLIW,WindAloft,,0.6812146209511527
LLIW,WindFieldMt,,0.19343459559214285
LLIW,WindFieldPln,,0.8010688477689941
CurPropConv,ScnRelPlFcst,,0.8613405669485992
CurPropConv,PlainsFcst,,0.001813583363046476
CurPropConv,N34StarFcst,,0.0032892935695188895
CurPropConv,R5Fcst,,0.35108118402958216
CurPropConv,Dewpoints,,0.3771046074419381
CurPropConv,LowLLapse,,0.817450431590601
CurPropConv,MeanRH,,0.6081671956087842
CurPropConv,MidLLapse,,0.5041749938264899
CurPropConv,MvmtFeatures,,0.40865240218000404
CurPropConv,RHRatio,,0.479282486491748
CurPropConv,SfcWndShfDis,,0.2443085812695492
CurPropConv,SynForcng,,0.5362234072962185
CurPropConv,TempDis,,0.6241163615952235
CurPropConv,WindAloft,,0.6863305445748844
CurPropConv,WindFieldMt,,0.9187247566693235
CurPropConv,WindFieldPln,,0.9004293078806013
ScnRelPlFcst,PlainsFcst,,0.0012377322651637036
ScnRelPlFcst,N34StarFcst,,0.055499760012204774
ScnRelPlFcst,R5Fcst,,0.1329912082967757
ScnRelPlFcst,Dewpoints,,5.457259232491517e-40
ScnRelPlFcst,LowLLapse,,1.7875541426575088e-18
ScnRelPlFcst,MeanRH,,8.953883460102596e-12
ScnRelPlFcst,MidLLapse,,5.51426991561617e-07
ScnRelPlFcst,MvmtFeatures,,6.067999285597959e-47
ScnRelPlFcst,RHRatio,,1.520525144109479e-23
ScnRelPlFcst,SfcWndShfDis,,1.7603398604231474e-78
ScnRelPlFcst,SynForcng,,1.8032175060105155e-27
ScnRelPlFcst,TempDis,,5.908046020247789e-35
ScnRelPlFcst,WindAloft,,7.739987216966842e-58
ScnRelPlFcst,WindFieldMt,,1.9977849305296508e-25
ScnRelPlFcst,WindFieldPln,,4.778246919977815e-83
PlainsFcst,N34StarFcst,,1.0178276585516462e-166
PlainsFcst,R5Fcst,,5.8657003227430185e-39
PlainsFcst,Dewpoints,,0.055393200152956866
PlainsFcst,LowLLapse,,0.4432226096508153
PlainsFcst,MeanRH,,0.1506675151208741
PlainsFcst,MidLLapse,,0.9433524976389493
PlainsFcst,MvmtFeatures,,0.08728044541363446
PlainsFcst,RHRatio,,0.009442023435917735
PlainsFcst,SfcWndShfDis,,0.029721136839823345
PlainsFcst,SynForcng,,0.9174574646533311
PlainsFcst,TempDis,,0.45130030941031907
PlainsFcst,WindAloft,,0.7275106508502791
PlainsFcst,WindFieldMt,,0.5070469494588824
PlainsFcst,WindFieldPln,,1.150668034586681e-06
N34StarFcst,R5Fcst,,6.53306620885269e-46
N34StarFcst,Dewpoints,,0.0989982339483698
N34StarFcst,LowLLapse,,0.4315945981790036
N34StarFcst,MeanRH,,0.17662045175538857
N34StarFcst,MidLLapse,,0.8517087676724041
N34StarFcst,MvmtFeatures,,0.08175716900461581
N34StarFcst,RHRatio,,0.03557399812700765
N34StarFcst,SfcWndShfDis,,0.1062037514068908
N34StarFcst,SynForcng,,0.9348962635143058
N34StarFcst,TempDis,,0.7503117412767484
N34StarFcst,WindAloft,,0.9845537475792393
N34StarFcst,WindFieldMt,,0.2935559512422439
N34StarFcst,WindFieldPln,,1.582402872455584e-05
R5Fcst,Dewpoints,,0.2712618692198006
R5Fcst,LowLLapse,,0.24732729555433128
R5Fcst,MeanRH,,0.25227304887805463
R5Fcst,MidLLapse,,0.5969043468995089
R5Fcst,MvmtFeatures,,0.5302494998084741
R5Fcst,RHRatio,,0.9896059489686151
R5Fcst,SfcWndShfDis,,0.040676245454644794
R5Fcst,SynForcng,,0.5444521561703644
R5Fcst,TempDis,,0.42068734805070496
R5Fcst,WindAloft,,0.9986054098104845
R5Fcst,WindFieldMt,,0.6377429145308604
R5Fcst,WindFieldPln,,0.02994613030293173
Dewpoints,LowLLapse,,0.16089058615677204
Dewpoints,MeanRH,,0.06140918004571367
Dewpoints,MidLLapse,,0.20296591611220602
Dewpoints,MvmtFeatures,,0.11663388979475152
Dewpoints,RHRatio,,6.702145397940689e-05
Dewpoints,SfcWndShfDis,,6.574458861005004e-08
Dewpoints,SynForcng,,0.004912918840402633
Dewpoints,TempDis,,1.9075572339584523e-10
Dewpoints,WindAloft,,4.798913219685734e-05
Dewpoints,WindFieldMt,,0.22906577510830267
Dewpoints,WindFieldPln,,2.1033352461853345e-11
LowLLapse,MeanRH,,0.004923766916110717
LowLLapse,MidLLapse,,0.02075721100654856
LowLLapse,MvmtFeatures,,0.33352068864910867
LowLLapse,RHRatio,,0.13400440246654954
LowLLapse,SfcWndShfDis,,2.850369839958583e-06
LowLLapse,SynForcng,,0.21170994247552138
LowLLapse,TempDis,,0.45506301752224165
LowLLapse,WindAloft,,0.09620459522829967
LowLLapse,WindFieldMt,,0.019283630185071603
LowLLapse,WindFieldPln,,0.0003675396219694318
MeanRH,MidLLapse,,0.10880108388498876
MeanRH,MvmtFeatures,,0.1691564441184036
MeanRH,RHRatio,,0.0248417545674247
MeanRH,SfcWndShfDis,,0.000641043950043448
MeanRH,SynForcng,,0.5763254183846027
MeanRH,TempDis,,0.035296712479577275
MeanRH,WindAloft,,0.040732400846833
MeanRH,WindFieldMt,,0.28896865961182966
MeanRH,WindFieldPln,,0.00010726220432468033
MidLLapse,MvmtFeatures,,0.25637986832086695
MidLLapse,RHRatio,,0.8516081311186412
MidLLapse,SfcWndShfDis,,0.1249907366506883
MidLLapse,SynForcng,,0.03333470380646035
MidLLapse,TempDis,,0.635665156392607
MidLLapse,WindAloft,,0.5125178449172874
MidLLapse,WindFieldMt,,0.9080467912838385
MidLLapse,WindFieldPln,,0.1394882832915527
MvmtFeatures,RHRatio,,0.04443096081343658
MvmtFeatures,SfcWndShfDis,,0.0006863349468972156
MvmtFeatures,SynForcng,,6.074255384460597e-07
MvmtFeatures,TempDis,,0.10640213821536007
MvmtFeatures,WindAloft,,1.3460878395554119e-12
MvmtFeatures,WindFieldMt,,8.820546098369288e-10
MvmtFeatures,WindFieldPln,,8.098383443356163e-09
RHRatio,SfcWndShfDis,,9.324144986640498e-07
RHRatio,SynForcng,,0.0012434080015321038
RHRatio,TempDis,,0.034923375111190084
RHRatio,WindAloft,,0.0017803444628798262
RHRatio,WindFieldMt,,0.13289830353005663
RHRatio,WindFieldPln,,1.314335798508834e-08
SfcWndShfDis,SynForcng,,0.0026004827061371014
SfcWndShfDis,TempDis,,2.2271402161784815e-08
SfcWndShfDis,WindAloft,,2.6983715508747607e-10
SfcWndShfDis,WindFieldMt,,0.1403739015460186
SfcWndShfDis,WindFieldPln,,2.5783252936872684e-25
SynForcng,TempDis,,0.7042460428257349
SynForcng,WindAloft,,4.3541620220198677e-16
SynForcng,WindFieldMt,,0.006806974050517074
SynForcng,WindFieldPln,,5.276469274774086e-09
TempDis,WindAloft,,0.0036690209963053167
TempDis,WindFieldMt,,0.6026902975663525
TempDis,WindFieldPln,,6.9186570732119665e-09
WindAloft,WindFieldMt,,1.0806476289991184e-13
WindAloft,WindFieldPln,,8.351054956117252e-17
WindFieldMt,WindFieldPln,,1.3425768493578972e-07
N0_7muVerMo,CombVerMo,AreaMeso_ALS,0.9982809533355272
N0_7muVerMo,AreaMeso_ALS,CombVerMo,0.9982809533355272
N0_7muVerMo,AreaMeso_ALS,CombVerMo,0.9982809533355272
N0_7muVerMo,AreaMeso_ALS,CombVerMo,0.9982809533355272
N0_7muVerMo,AreaMoDryAir,AreaMeso_ALS,0.5176076445008306
N0_7muVerMo,SfcWndShfDis,AreaMeso_ALS,0.6674365504865503
N0_7muVerMo,SynForcng,AreaMeso_ALS,0.8391766743887006
SubjVertMo,CombVerMo,AreaMeso_ALS,0.9916931369210429
SubjVertMo,AreaMeso_ALS,CombVerMo,0.9916931369210429
SubjVertMo,AreaMeso_ALS,CombVerMo,0.9916931369210429
SubjVertMo,AreaMeso_ALS,CombVerMo,0.9916931369210429
SubjVertMo,AreaMeso_ALS,CombVerMo,0.9916931369210429
SubjVertMo,AreaMeso_ALS,CombVerMo,0.9916931369210429
SubjVertMo,AreaMeso_ALS,CombVerMo,0.9916931369210429
SubjVertMo,CombMoisture,AreaMeso_ALS,0.5896207286630708
SubjVertMo,AreaMoDryAir,AreaMeso_ALS,0.3028337533230765
SubjVertMo,AMInsWliScen,AreaMeso_ALS,0.09065976519533653
SubjVertMo,LLIW,AreaMeso_ALS,0.10201203459520773
SubjVertMo,CurPropConv,AreaMeso_ALS,0.08458696301262578
QGVertMotion,CombVerMo,AreaMeso_ALS,0.9501398089854319
QGVertMotion,CombVerMo,AreaMeso_ALS,0.9501398089854319
QGVertMotion,CombVerMo,AreaMeso_ALS,0.9501398089854319
QGVertMotion,AreaMeso_ALS,CombVerMo,0.9501398089854319
QGVertMotion,AreaMeso_ALS,CombVerMo,0.9501398089854319
QGVertMotion,AreaMoDryAir,InsSclInScen,0.2214143433597272
QGVertMotion,InsSclInScen,AreaMeso_ALS,0.2913719757314468
CombVerMo,AreaMeso_ALS,N0_7muVerMo,2.1378648807116768e-170
CombVerMo,AreaMeso_ALS,N0_7muVerMo,2.1378648807116768e-170
CombVerMo,AreaMeso_ALS,N0_7muVerMo,2.1378648807116768e-170
CombVerMo,AreaMeso_ALS,N0_7muVerMo,2.1378648807116768e-170
CombVerMo,AreaMeso_ALS,N0_7muVerMo,2.1378648807116768e-170
CombVerMo,AreaMeso_ALS,N0_7muVerMo,2.1378648807116768e-170
CombVerMo,AreaMeso_ALS,N0_7muVerMo,2.1378648807116768e-170
CombVerMo,AreaMoDryAir,AreaMeso_ALS,0.9999153100769794
CombVerMo,AreaMoDryAir,AreaMeso_ALS,0.9999153100769794
CombVerMo,CldShadeOth,AreaMeso_ALS,0.9954267949594804
CombVerMo,CldShadeOth,AreaMeso_ALS,0.9954267949594804
CombVerMo,CompPlFcst,CapChange,0.9773383912645102
CombVerMo,CapChange,AreaMeso_ALS,0.9999998034248333
AreaMeso_ALS,AreaMoDryAir,CombVerMo,0.9999153100769794
AreaMeso_ALS,AreaMoDryAir,CombVerMo,0.9999153100769794
AreaMeso_ALS,AreaMoDryAir,CombVerMo,0.9999153100769794
AreaMeso_ALS,AreaMoDryAir,CombVerMo,0.9999153100769794
AreaMeso_ALS,AreaMoDryAir,CombVerMo,0.9999153100769794
AreaMeso_ALS,AreaMoDryAir,CombVerMo,0.9999153100769794
AreaMeso_ALS,AreaMoDryAir,CombVerMo,0.9999153100769794
AreaMeso_ALS,CldShadeOth,CombVerMo,0.9954267949594804
AreaMeso_ALS,CldShadeOth,CombVerMo,0.9954267949594804
AreaMeso_ALS,CldShadeOth,CombVerMo,0.9954267949594804
AreaMeso_ALS,CldShadeOth,CombVerMo,0.9954267949594804
AreaMeso_ALS,CldShadeOth,CombVerMo,0.9954267949594804
AreaMeso_ALS,CldShadeOth,CombVerMo,0.9954267949594804
AreaMeso_ALS,CldShadeOth,CombVerMo,0.9954267949594804
AreaMeso_ALS,CompPlFcst,CapChange,0.9773383912645102
AreaMeso_ALS,CapChange,CompPlFcst,0.9773383912645102
SatContMoist,CombMoisture,AreaMoDryAir,1.178486855174394e-08
SatContMoist,AreaMoDryAir,CombMoisture,0.9926735514763281
RaoContMoist,CombMoisture,AreaMoDryAir,0.21419990245816387
RaoContMoist,AreaMoDryAir,CombMoisture,0.9852353585325202
CombMoisture,AreaMoDryAir,SatContMoist,5.009364420002924e-44
CombMoisture,AreaMoDryAir,SatContMoist,5.009364420002924e-44
CombMoisture,AreaMoDryAir,SatContMoist,5.009364420002924e-44
CombMoisture,AreaMoDryAir,SatContMoist,5.009364420002924e-44
CombMoisture,SfcWndShfDis,RaoContMoist,0.6161847521211662
AreaMoDryAir,CldShadeOth,SatContMoist,2.8042879126842457e-06
AreaMoDryAir,CldShadeOth,SatContMoist,2.8042879126842457e-06
AreaMoDryAir,CldShadeOth,SatContMoist,2.8042879126842457e-06
AreaMoDryAir,CldShadeOth,SatContMoist,2.8042879126842457e-06
AreaMoDryAir,CldShadeOth,SatContMoist,2.8042879126842457e-06
AreaMoDryAir,CldShadeOth,SatContMoist,2.8042879126842457e-06
AreaMoDryAir,CldShadeOth,SatContMoist,2.8042879126842457e-06
AreaMoDryAir,CldShadeOth,SatContMoist,2.8042879126842457e-06
VISCloudCov,CombClouds,WindFieldMt,2.7812998352075893e-58
VISCloudCov,CombClouds,WindFieldMt,2.7812998352075893e-58
VISCloudCov,CldShadeOth,CombClouds,0.5961146313285295
VISCloudCov,WindFieldMt,CldShadeOth,0.08207566135686808
IRCloudCover,CombClouds,CldShadeOth,0.00039815353482418607
IRCloudCover,CldShadeOth,CombClouds,0.5448106734814082
CombClouds,CldShadeOth,VISCloudCov,5.458458235125476e-41
CombClouds,CldShadeOth,VISCloudCov,5.458458235125476e-41
CombClouds,CldShadeOth,VISCloudCov,5.458458235125476e-41
CombClouds,CldShadeOth,VISCloudCov,5.458458235125476e-41
CombClouds,CldShadeOth,VISCloudCov,5.458458235125476e-41
CombClouds,CompPlFcst,IRCloudCover,0.08356446152082764
CombClouds,CapChange,IRCloudCover,0.08356446152082764
CombClouds,WindFieldMt,IRCloudCover,0.15791161867006467
CldShadeOth,InsInMt,AreaMeso_ALS,0.06855300492700298
CldShadeOth,CldShadeConv,AreaMeso_ALS,0.21215783186790058
CldShadeOth,CompPlFcst,IRCloudCover,0.1655731070958095
CldShadeOth,CompPlFcst,IRCloudCover,0.1655731070958095
CldShadeOth,CapChange,IRCloudCover,0.1655731070958095
CldShadeOth,CapChange,IRCloudCover,0.1655731070958095
AMInstabMt,InsInMt,SynForcng,1.9562435285252145e-05
AMInstabMt,InsInMt,SynForcng,1.9562435285252145e-05
AMInstabMt,InsInMt,SynForcng,1.9562435285252145e-05
AMInstabMt,InsInMt,SynForcng,1.9562435285252145e-05
AMInstabMt,OutflowFrMt,R5Fcst,0.06675625138117602
AMInstabMt,R5Fcst,InsInMt,0.157051326175584
AMInstabMt,R5Fcst,InsInMt,0.157051326175584
AMInstabMt,SynForcng,R5Fcst,0.43641577402686793
AMInstabMt,TempDis,InsInMt,0.09545130515406038
AMInstabMt,TempDis,InsInMt,0.09545130515406038
InsInMt,WndHodograph,LatestCIN,0.23904303189169235
InsInMt,OutflowFrMt,MountainFcst,0.00842260767124015
InsInMt,OutflowFrMt,MountainFcst,0.00842260767124015
InsInMt,OutflowFrMt,MountainFcst,0.00842260767124015
InsInMt,OutflowFrMt,MountainFcst,0.00842260767124015
InsInMt,OutflowFrMt,MountainFcst,0.00842260767124015
InsInMt,OutflowFrMt,MountainFcst,0.00842260767124015
InsInMt,OutflowFrMt,MountainFcst,0.00842260767124015
InsInMt,CldShadeConv,MountainFcst,1.1968576853471024e-09
InsInMt,CldShadeConv,MountainFcst,1.1968576853471024e-09
InsInMt,CldShadeConv,MountainFcst,1.1968576853471024e-09
InsInMt,CldShadeConv,MountainFcst,1.1968576853471024e-09
InsInMt,CldShadeConv,MountainFcst,1.1968576853471024e-09
InsInMt,CldShadeConv,MountainFcst,1.1968576853471024e-09
InsInMt,CldShadeConv,MountainFcst,1.1968576853471024e-09
InsInMt,MountainFcst,AMInstabMt,1.980813155500769e-06
InsInMt,MountainFcst,AMInstabMt,1.980813155500769e-06
InsInMt,MountainFcst,AMInstabMt,1.980813155500769e-06
InsInMt,MountainFcst,AMInstabMt,1.980813155500769e-06
InsInMt,MountainFcst,AMInstabMt,1.980813155500769e-06
InsInMt,MountainFcst,AMInstabMt,1.980813155500769e-06
InsInMt,MountainFcst,AMInstabMt,1.980813155500769e-06
InsInMt,LatestCIN,R5Fcst,0.1246336565676834
InsInMt,LatestCIN,R5Fcst,0.1246336565676834
InsInMt,LatestCIN,R5Fcst,0.1246336565676834
InsInMt,R5Fcst,MountainFcst,0.0126188256356903
InsInMt,R5Fcst,MountainFcst,0.0126188256356903
InsInMt,R5Fcst,MountainFcst,0.0126188256356903
InsInMt,R5Fcst,MountainFcst,0.0126188256356903
InsInMt,R5Fcst,MountainFcst,0.0126188256356903
InsInMt,R5Fcst,MountainFcst,0.0126188256356903
InsInMt,R5Fcst,MountainFcst,0.0126188256356903
WndHodograph,OutflowFrMt,AMInsWliScen,9.375564555852725e-07
WndHodograph,OutflowFrMt,AMInsWliScen,9.375564555852725e-07
WndHodograph,OutflowFrMt,AMInsWliScen,9.375564555852725e-07
WndHodograph,OutflowFrMt,AMInsWliScen,9.375564555852725e-07
WndHodograph,CldShadeConv,AMInsWliScen,3.317183322506538e-14
WndHodograph,CldShadeConv,AMInsWliScen,3.317183322506538e-14
WndHodograph,CldShadeConv,AMInsWliScen,3.317183322506538e-14
WndHodograph,CldShadeConv,AMInsWliScen,3.317183322506538e-14
WndHodograph,MorningCIN,CldShadeConv,0.057618862054828295
WndHodograph,MorningCIN,CldShadeConv,0.057618862054828295
WndHodograph,MorningCIN,CldShadeConv,0.057618862054828295
WndHodograph,AMInsWliScen,MorningCIN,0.0554162027282578
OutflowFrMt,Boundaries,AMInstabMt,1.4298083510806993e-06
OutflowFrMt,Boundaries,AMInstabMt,1.4298083510806993e-06
OutflowFrMt,Boundaries,AMInstabMt,1.4298083510806993e-06
OutflowFrMt,Boundaries,AMInstabMt,1.4298083510806993e-06
OutflowFrMt,Boundaries,AMInstabMt,1.4298083510806993e-06
OutflowFrMt,Boundaries,AMInstabMt,1.4298083510806993e-06
OutflowFrMt,CldShadeConv,Boundaries,0.20874891023213654
OutflowFrMt,InsChange,MeanRH,0.0942585909386293
OutflowFrMt,InsChange,MeanRH,0.0942585909386293
OutflowFrMt,MeanRH,WndHodograph,0.08977352490091652
OutflowFrMt,MeanRH,WndHodograph,0.08977352490091652
OutflowFrMt,MeanRH,WndHodograph,0.08977352490091652
OutflowFrMt,MeanRH,WndHodograph,0.08977352490091652
OutflowFrMt,MeanRH,WndHodograph,0.08977352490091652
MorningBound,Boundaries,R5Fcst,5.452931606418056e-08
MorningBound,R5Fcst,Boundaries,0.20586214326678148
CldShadeConv,CompPlFcst,WndHodograph,0.2974574929252175
CldShadeConv,CapChange,CldShadeOth,0.1166287396836744
CldShadeConv,InsChange,WndHodograph,0.2018457504705817
CompPlFcst,CapChange,CombVerMo,9.22691079473257e-187
CompPlFcst,CapChange,CombVerMo,9.22691079473257e-187
CompPlFcst,CapChange,CombVerMo,9.22691079473257e-187
CompPlFcst,CapChange,CombVerMo,9.22691079473257e-187
CompPlFcst,CapChange,CombVerMo,9.22691079473257e-187
CompPlFcst,CapChange,CombVerMo,9.22691079473257e-187
CompPlFcst,CapChange,CombVerMo,9.22691079473257e-187
CompPlFcst,InsChange,CapChange,0.9997715963846746
CompPlFcst,CapInScen,CapChange,0.8662669349366248
CapChange,InsChange,CompPlFcst,0.9997715963846746
CapChange,InsChange,CompPlFcst,0.9997715963846746
CapChange,InsChange,CompPlFcst,0.9997715963846746
CapChange,InsChange,CompPlFcst,0.9997715963846746
CapChange,CapInScen,CompPlFcst,0.8662669349366248
CapChange,CapInScen,CompPlFcst,0.8662669349366248
CapChange,CapInScen,CompPlFcst,0.8662669349366248
CapChange,CapInScen,CompPlFcst,0.8662669349366248
LoLevMoistAd,InsChange,InsSclInScen,3.0455646550456806e-27
LoLevMoistAd,InsSclInScen,InsChange,0.9775939119380006
InsChange,CapInScen,PlainsFcst,0.09197232874883814
InsChange,InsSclInScen,MidLLapse,1.3612472528573874e-23
InsChange,InsSclInScen,MidLLapse,1.3612472528573874e-23
InsChange,InsSclInScen,MidLLapse,1.3612472528573874e-23
InsChange,InsSclInScen,MidLLapse,1.3612472528573874e-23
InsChange,InsSclInScen,MidLLapse,1.3612472528573874e-23
InsChange,InsSclInScen,MidLLapse,1.3612472528573874e-23
InsChange,InsSclInScen,MidLLapse,1.3612472528573874e-23
InsChange,InsSclInScen,MidLLapse,1.3612472528573874e-23
InsChange,InsSclInScen,MidLLapse,1.3612472528573874e-23
InsChange,PlainsFcst,InsSclInScen,0.24160254848309298
InsChange,N34StarFcst,PlainsFcst,0.8299133260484779
InsChange,MidLLapse,PlainsFcst,0.41540742470460257
MountainFcst,Date,R5Fcst,0.947165857970467
MountainFcst,AMDewptCalPl,Date,0.8312402475856776
MountainFcst,R5Fcst,AMDewptCalPl,2.9169112276987586e-86
MountainFcst,R5Fcst,AMDewptCalPl,2.9169112276987586e-86
MountainFcst,R5Fcst,AMDewptCalPl,2.9169112276987586e-86
Date,Scenario,MvmtFeatures,0.9999896576213679
Date,ScenRelAMCIN,MvmtFeatures,0.2611638070079781
Date,ScenRel3_4,MvmtFeatures,0.7599588537356482
Date,ScnRelPlFcst,MvmtFeatures,0.9999896576213679
Date,MvmtFeatures,ScnRelPlFcst,0.9999999999940042
Date,WindAloft,ScnRelPlFcst,0.9999993635983642
Date,WindAloft,ScnRelPlFcst,0.9999993635983642
Scenario,ScenRelAMCIN,LowLLapse,1.5161941266437397e-64
Scenario,ScenRelAMCIN,LowLLapse,1.5161941266437397e-64
Scenario,ScenRelAMCIN,LowLLapse,1.5161941266437397e-64
Scenario,ScenRelAMCIN,LowLLapse,1.5161941266437397e-64
Scenario,ScenRelAMCIN,LowLLapse,1.5161941266437397e-64
Scenario,ScenRelAMCIN,LowLLapse,1.5161941266437397e-64
Scenario,ScenRelAMCIN,LowLLapse,1.5161941266437397e-64
Scenario,ScenRelAMCIN,LowLLapse,1.5161941266437397e-64
Scenario,ScenRelAMCIN,LowLLapse,1.5161941266437397e-64
Scenario,ScenRelAMCIN,LowLLapse,1.5161941266437397e-64
Scenario,ScenRelAMCIN,LowLLapse,1.5161941266437397e-64
Scenario,ScenRelAMCIN,LowLLapse,1.5161941266437397e-64
Scenario,ScenRelAMCIN,LowLLapse,1.5161941266437397e-64
Scenario,ScenRelAMCIN,LowLLapse,1.5161941266437397e-64
Scenario,ScenRelAMCIN,LowLLapse,1.5161941266437397e-64
Scenario,ScenRelAMCIN,LowLLapse,1.5161941266437397e-64
Scenario,ScenRelAMCIN,LowLLapse,1.5161941266437397e-64
Scenario,ScenRelAMCIN,LowLLapse,1.5161941266437397e-64
Scenario,ScenRelAMIns,LowLLapse,9.286538596433105e-85
Scenario,ScenRelAMIns,LowLLapse,9.286538596433105e-85
Scenario,ScenRelAMIns,LowLLapse,9.286538596433105e-85
Scenario,ScenRelAMIns,LowLLapse,9.286538596433105e-85
Scenario,ScenRelAMIns,LowLLapse,9.286538596433105e-85
Scenario,ScenRelAMIns,LowLLapse,9.286538596433105e-85
Scenario,ScenRelAMIns,LowLLapse,9.286538596433105e-85
Scenario,ScenRelAMIns,LowLLapse,9.286538596433105e-85
Scenario,ScenRelAMIns,LowLLapse,9.286538596433105e-85
Scenario,ScenRelAMIns,LowLLapse,9.286538596433105e-85
Scenario,ScenRelAMIns,LowLLapse,9.286538596433105e-85
Scenario,ScenRelAMIns,LowLLapse,9.286538596433105e-85
Scenario,ScenRelAMIns,LowLLapse,9.286538596433105e-85
Scenario,ScenRelAMIns,LowLLapse,9.286538596433105e-85
Scenario,ScenRelAMIns,LowLLapse,9.286538596433105e-85
Scenario,ScenRelAMIns,LowLLapse,9.286538596433105e-85
Scenario,ScenRelAMIns,LowLLapse,9.286538596433105e-85
Scenario,ScenRelAMIns,LowLLapse,9.286538596433105e-85
Scenario,AMInsWliScen,RHRatio,0.24002844635272053
Scenario,ScenRel3_4,LowLLapse,1.2365322895788083e-123
Scenario,ScenRel3_4,LowLLapse,1.2365322895788083e-123
Scenario,ScenRel3_4,LowLLapse,1.2365322895788083e-123
Scenario,ScenRel3_4,LowLLapse,1.2365322895788083e-123
Scenario,ScenRel3_4,LowLLapse,1.2365322895788083e-123
Scenario,ScenRel3_4,LowLLapse,1.2365322895788083e-123
Scenario,ScenRel3_4,LowLLapse,1.2365322895788083e-123
Scenario,ScenRel3_4,LowLLapse,1.2365322895788083e-123
Scenario,ScenRel3_4,LowLLapse,1.2365322895788083e-123
Scenario,ScenRel3_4,LowLLapse,1.2365322895788083e-123
Scenario,ScenRel3_4,LowLLapse,1.2365322895788083e-123
Scenario,ScenRel3_4,LowLLapse,1.2365322895788083e-123
Scenario,ScenRel3_4,LowLLapse,1.2365322895788083e-123
Scenario,ScenRel3_4,LowLLapse,1.2365322895788083e-123
Scenario,ScenRel3_4,LowLLapse,1.2365322895788083e-123
Scenario,ScenRel3_4,LowLLapse,1.2365322895788083e-123
Scenario,ScenRel3_4,LowLLapse,1.2365322895788083e-123
Scenario,ScenRel3_4,LowLLapse,1.2365322895788083e-123
Scenario,ScnRelPlFcst,LowLLapse,3.242781384151227e-104
Scenario,ScnRelPlFcst,LowLLapse,3.242781384151227e-104
Scenario,ScnRelPlFcst,LowLLapse,3.242781384151227e-104
Scenario,ScnRelPlFcst,LowLLapse,3.242781384151227e-104
Scenario,ScnRelPlFcst,LowLLapse,3.242781384151227e-104
Scenario,ScnRelPlFcst,LowLLapse,3.242781384151227e-104
Scenario,ScnRelPlFcst,LowLLapse,3.242781384151227e-104
Scenario,ScnRelPlFcst,LowLLapse,3.242781384151227e-104
Scenario,ScnRelPlFcst,LowLLapse,3.242781384151227e-104
Scenario,ScnRelPlFcst,LowLLapse,3.242781384151227e-104
Scenario,ScnRelPlFcst,LowLLapse,3.242781384151227e-104
Scenario,ScnRelPlFcst,LowLLapse,3.242781384151227e-104
Scenario,ScnRelPlFcst,LowLLapse,3.242781384151227e-104
Scenario,ScnRelPlFcst,LowLLapse,3.242781384151227e-104
Scenario,ScnRelPlFcst,LowLLapse,3.242781384151227e-104
Scenario,ScnRelPlFcst,LowLLapse,3.242781384151227e-104
Scenario,ScnRelPlFcst,LowLLapse,3.242781384151227e-104
Scenario,ScnRelPlFcst,LowLLapse,3.242781384151227e-104
Scenario,PlainsFcst,RHRatio,0.599793711969949
Scenario,Dewpoints,WindFieldPln,0.9994639348725862
Scenario,Dewpoints,WindFieldPln,0.9994639348725862
Scenario,LowLLapse,WindFieldPln,0.9815412476484937
Scenario,LowLLapse,WindFieldPln,0.9815412476484937
Scenario,MeanRH,WindFieldPln,0.906788531377792
Scenario,MeanRH,WindFieldPln,0.906788531377792
Scenario,MidLLapse,WindFieldPln,0.9715397579609684
Scenario,MidLLapse,WindFieldPln,0.9715397579609684
Scenario,MvmtFeatures,ScnRelPlFcst,1.0
Scenario,MvmtFeatures,ScnRelPlFcst,1.0
Scenario,MvmtFeatures,ScnRelPlFcst,1.0
Scenario,MvmtFeatures,ScnRelPlFcst,1.0
Scenario,MvmtFeatures,ScnRelPlFcst,1.0
Scenario,MvmtFeatures,ScnRelPlFcst,1.0
Scenario,MvmtFeatures,ScnRelPlFcst,1.0
Scenario,MvmtFeatures,ScnRelPlFcst,1.0
Scenario,MvmtFeatures,ScnRelPlFcst,1.0
Scenario,MvmtFeatures,ScnRelPlFcst,1.0
Scenario,RHRatio,WindFieldPln,0.07467810324277793
Scenario,SfcWndShfDis,Dewpoints,0.07436417793019451
Scenario,SfcWndShfDis,Dewpoints,0.07436417793019451
Scenario,SfcWndShfDis,Dewpoints,0.07436417793019451
Scenario,SynForcng,WindFieldPln,0.9625853318906485
Scenario,SynForcng,WindFieldPln,0.9625853318906485
Scenario,TempDis,Dewpoints,0.07211360711415214
Scenario,TempDis,Dewpoints,0.07211360711415214
Scenario,TempDis,Dewpoints,0.07211360711415214
Scenario,WindAloft,ScnRelPlFcst,1.0
Scenario,WindAloft,ScnRelPlFcst,1.0
Scenario,WindAloft,ScnRelPlFcst,1.0
Scenario,WindAloft,ScnRelPlFcst,1.0
Scenario,WindAloft,ScnRelPlFcst,1.0
Scenario,WindAloft,ScnRelPlFcst,1.0
Scenario,WindAloft,ScnRelPlFcst,1.0
Scenario,WindAloft,ScnRelPlFcst,1.0
Scenario,WindAloft,ScnRelPlFcst,1.0
Scenario,WindAloft,ScnRelPlFcst,1.0
Scenario,WindAloft,ScnRelPlFcst,1.0
Scenario,WindFieldMt,ScnRelPlFcst,0.9999999675089062
Scenario,WindFieldMt,ScnRelPlFcst,0.9999999675089062
Scenario,WindFieldMt,ScnRelPlFcst,0.9999999675089062
Scenario,WindFieldMt,ScnRelPlFcst,0.9999999675089062
Scenario,WindFieldMt,ScnRelPlFcst,0.9999999675089062
Scenario,WindFieldMt,ScnRelPlFcst,0.9999999675089062
Scenario,WindFieldMt,ScnRelPlFcst,0.9999999675089062
Scenario,WindFieldMt,ScnRelPlFcst,0.9999999675089062
Scenario,WindFieldMt,ScnRelPlFcst,0.9999999675089062
Scenario,WindFieldMt,ScnRelPlFcst,0.9999999675089062
Scenario,WindFieldMt,ScnRelPlFcst,0.9999999675089062
Scenario,WindFieldPln,ScenRelAMIns,0.7023315573541771
Scenario,WindFieldPln,ScenRelAMIns,0.7023315573541771
Scenario,WindFieldPln,ScenRelAMIns,0.7023315573541771
ScenRelAMCIN,AMCINInScen,CapInScen,0.08721679597814597
ScenRelAMCIN,AMCINInScen,CapInScen,0.08721679597814597
ScenRelAMCIN,AMCINInScen,CapInScen,0.08721679597814597
ScenRelAMCIN,CapInScen,Dewpoints,0.3297502521044735
ScenRelAMCIN,CapInScen,Dewpoints,0.3297502521044735
ScenRelAMCIN,CapInScen,Dewpoints,0.3297502521044735
ScenRelAMCIN,ScenRelAMIns,LowLLapse,4.177739427164609e-46
ScenRelAMCIN,ScenRelAMIns,LowLLapse,4.177739427164609e-46
ScenRelAMCIN,ScenRelAMIns,LowLLapse,4.177739427164609e-46
ScenRelAMCIN,ScenRelAMIns,LowLLapse,4.177739427164609e-46
ScenRelAMCIN,ScenRelAMIns,LowLLapse,4.177739427164609e-46
ScenRelAMCIN,ScenRelAMIns,LowLLapse,4.177739427164609e-46
ScenRelAMCIN,ScenRelAMIns,LowLLapse,4.177739427164609e-46
ScenRelAMCIN,ScenRelAMIns,LowLLapse,4.177739427164609e-46
ScenRelAMCIN,ScenRelAMIns,LowLLapse,4.177739427164609e-46
ScenRelAMCIN,ScenRelAMIns,LowLLapse,4.177739427164609e-46
ScenRelAMCIN,ScenRelAMIns,LowLLapse,4.177739427164609e-46
ScenRelAMCIN,ScenRelAMIns,LowLLapse,4.177739427164609e-46
ScenRelAMCIN,ScenRelAMIns,LowLLapse,4.177739427164609e-46
ScenRelAMCIN,ScenRelAMIns,LowLLapse,4.177739427164609e-46
ScenRelAMCIN,ScenRelAMIns,LowLLapse,4.177739427164609e-46
ScenRelAMCIN,ScenRelAMIns,LowLLapse,4.177739427164609e-46
ScenRelAMCIN,ScenRelAMIns,LowLLapse,4.177739427164609e-46
ScenRelAMCIN,ScenRelAMIns,LowLLapse,4.177739427164609e-46
ScenRelAMCIN,ScenRelAMIns,LowLLapse,4.177739427164609e-46
ScenRelAMCIN,ScenRelAMIns,LowLLapse,4.177739427164609e-46
ScenRelAMCIN,ScenRelAMIns,LowLLapse,4.177739427164609e-46
ScenRelAMCIN,AMInsWliScen,WindFieldPln,0.3312057233325697
ScenRelAMCIN,AMInsWliScen,WindFieldPln,0.3312057233325697
ScenRelAMCIN,ScenRel3_4,LowLLapse,5.178849126805916e-47
ScenRelAMCIN,ScenRel3_4,LowLLapse,5.178849126805916e-47
ScenRelAMCIN,ScenRel3_4,LowLLapse,5.178849126805916e-47
ScenRelAMCIN,ScenRel3_4,LowLLapse,5.178849126805916e-47
ScenRelAMCIN,ScenRel3_4,LowLLapse,5.178849126805916e-47
ScenRelAMCIN,ScenRel3_4,LowLLapse,5.178849126805916e-47
ScenRelAMCIN,ScenRel3_4,LowLLapse,5.178849126805916e-47
ScenRelAMCIN,ScenRel3_4,LowLLapse,5.178849126805916e-47
ScenRelAMCIN,ScenRel3_4,LowLLapse,5.178849126805916e-47
ScenRelAMCIN,ScenRel3_4,LowLLapse,5.178849126805916e-47
ScenRelAMCIN,ScenRel3_4,LowLLapse,5.178849126805916e-47
ScenRelAMCIN,ScenRel3_4,LowLLapse,5.178849126805916e-47
ScenRelAMCIN,ScenRel3_4,LowLLapse,5.178849126805916e-47
ScenRelAMCIN,ScenRel3_4,LowLLapse,5.178849126805916e-47
ScenRelAMCIN,ScenRel3_4,LowLLapse,5.178849126805916e-47
ScenRelAMCIN,ScenRel3_4,LowLLapse,5.178849126805916e-47
ScenRelAMCIN,ScenRel3_4,LowLLapse,5.178849126805916e-47
ScenRelAMCIN,ScenRel3_4,LowLLapse,5.178849126805916e-47
ScenRelAMCIN,ScenRel3_4,LowLLapse,5.178849126805916e-47
ScenRelAMCIN,ScenRel3_4,LowLLapse,5.178849126805916e-47
ScenRelAMCIN,ScenRel3_4,LowLLapse,5.178849126805916e-47
ScenRelAMCIN,ScnRelPlFcst,LowLLapse,1.5161941266437397e-64
ScenRelAMCIN,ScnRelPlFcst,LowLLapse,1.5161941266437397e-64
ScenRelAMCIN,ScnRelPlFcst,LowLLapse,1.5161941266437397e-64
ScenRelAMCIN,ScnRelPlFcst,LowLLapse,1.5161941266437397e-64
ScenRelAMCIN,ScnRelPlFcst,LowLLapse,1.5161941266437397e-64
ScenRelAMCIN,ScnRelPlFcst,LowLLapse,1.5161941266437397e-64
ScenRelAMCIN,ScnRelPlFcst,LowLLapse,1.5161941266437397e-64
ScenRelAMCIN,ScnRelPlFcst,LowLLapse,1.5161941266437397e-64
ScenRelAMCIN,ScnRelPlFcst,LowLLapse,1.5161941266437397e-64
ScenRelAMCIN,ScnRelPlFcst,LowLLapse,1.5161941266437397e-64
ScenRelAMCIN,ScnRelPlFcst,LowLLapse,1.5161941266437397e-64
ScenRelAMCIN,ScnRelPlFcst,LowLLapse,1.5161941266437397e-64
ScenRelAMCIN,ScnRelPlFcst,LowLLapse,1.5161941266437397e-64
ScenRelAMCIN,ScnRelPlFcst,LowLLapse,1.5161941266437397e-64
ScenRelAMCIN,ScnRelPlFcst,LowLLapse,1.5161941266437397e-64
ScenRelAMCIN,ScnRelPlFcst,LowLLapse,1.5161941266437397e-64
ScenRelAMCIN,ScnRelPlFcst,LowLLapse,1.5161941266437397e-64
ScenRelAMCIN,ScnRelPlFcst,LowLLapse,1.5161941266437397e-64
ScenRelAMCIN,ScnRelPlFcst,LowLLapse,1.5161941266437397e-64
ScenRelAMCIN,ScnRelPlFcst,LowLLapse,1.5161941266437397e-64
ScenRelAMCIN,ScnRelPlFcst,LowLLapse,1.5161941266437397e-64
ScenRelAMCIN,PlainsFcst,WindFieldPln,0.13337055777199863
ScenRelAMCIN,PlainsFcst,WindFieldPln,0.13337055777199863
ScenRelAMCIN,N34StarFcst,WindFieldPln,0.3349243579535906
ScenRelAMCIN,N34StarFcst,WindFieldPln,0.3349243579535906
ScenRelAMCIN,R5Fcst,WindFieldPln,0.5514352077394495
ScenRelAMCIN,R5Fcst,WindFieldPln,0.5514352077394495
ScenRelAMCIN,Dewpoints,WindFieldPln,0.309010889486392
ScenRelAMCIN,Dewpoints,WindFieldPln,0.309010889486392
ScenRelAMCIN,LowLLapse,SfcWndShfDis,0.102866266524664
ScenRelAMCIN,LowLLapse,SfcWndShfDis,0.102866266524664
ScenRelAMCIN,LowLLapse,SfcWndShfDis,0.102866266524664
ScenRelAMCIN,LowLLapse,SfcWndShfDis,0.102866266524664
ScenRelAMCIN,LowLLapse,SfcWndShfDis,0.102866266524664
ScenRelAMCIN,LowLLapse,SfcWndShfDis,0.102866266524664
ScenRelAMCIN,LowLLapse,SfcWndShfDis,0.102866266524664
ScenRelAMCIN,LowLLapse,SfcWndShfDis,0.102866266524664
ScenRelAMCIN,LowLLapse,SfcWndShfDis,0.102866266524664
ScenRelAMCIN,LowLLapse,SfcWndShfDis,0.102866266524664
ScenRelAMCIN,LowLLapse,SfcWndShfDis,0.102866266524664
ScenRelAMCIN,LowLLapse,SfcWndShfDis,0.102866266524664
ScenRelAMCIN,MeanRH,ScenRelAMIns,0.1944533197818985
ScenRelAMCIN,MeanRH,ScenRelAMIns,0.1944533197818985
ScenRelAMCIN,MeanRH,ScenRelAMIns,0.1944533197818985
ScenRelAMCIN,MeanRH,ScenRelAMIns,0.1944533197818985
ScenRelAMCIN,MeanRH,ScenRelAMIns,0.1944533197818985
ScenRelAMCIN,MeanRH,ScenRelAMIns,0.1944533197818985
ScenRelAMCIN,MidLLapse,WindFieldPln,0.11377326445127235
ScenRelAMCIN,MidLLapse,WindFieldPln,0.11377326445127235
ScenRelAMCIN,MvmtFeatures,WindFieldPln,0.39693222458764565
ScenRelAMCIN,MvmtFeatures,WindFieldPln,0.39693222458764565
ScenRelAMCIN,RHRatio,ScenRelAMIns,0.21118408996400653
ScenRelAMCIN,RHRatio,ScenRelAMIns,0.21118408996400653
ScenRelAMCIN,RHRatio,ScenRelAMIns,0.21118408996400653
ScenRelAMCIN,RHRatio,ScenRelAMIns,0.21118408996400653
ScenRelAMCIN,RHRatio,ScenRelAMIns,0.21118408996400653
ScenRelAMCIN,SfcWndShfDis,Scenario,0.5643417166955552
ScenRelAMCIN,SfcWndShfDis,Scenario,0.5643417166955552
ScenRelAMCIN,SfcWndShfDis,Scenario,0.5643417166955552
ScenRelAMCIN,SfcWndShfDis,Scenario,0.5643417166955552
ScenRelAMCIN,SfcWndShfDis,Scenario,0.5643417166955552
ScenRelAMCIN,SfcWndShfDis,Scenario,0.5643417166955552
ScenRelAMCIN,SfcWndShfDis,Scenario,0.5643417166955552
ScenRelAMCIN,SfcWndShfDis,Scenario,0.5643417166955552
ScenRelAMCIN,SfcWndShfDis,Scenario,0.5643417166955552
ScenRelAMCIN,SfcWndShfDis,Scenario,0.5643417166955552
ScenRelAMCIN,SfcWndShfDis,Scenario,0.5643417166955552
ScenRelAMCIN,SfcWndShfDis,Scenario,0.5643417166955552
ScenRelAMCIN,SynForcng,WindFieldPln,0.2794606798531874
ScenRelAMCIN,SynForcng,WindFieldPln,0.2794606798531874
ScenRelAMCIN,TempDis,CapInScen,0.06179414976681098
ScenRelAMCIN,TempDis,CapInScen,0.06179414976681098
ScenRelAMCIN,TempDis,CapInScen,0.06179414976681098
ScenRelAMCIN,WindAloft,WindFieldPln,0.06752403529754383
ScenRelAMCIN,WindAloft,WindFieldPln,0.06752403529754383
ScenRelAMCIN,WindFieldPln,Scenario,0.47361712659411337
ScenRelAMCIN,WindFieldPln,Scenario,0.47361712659411337
ScenRelAMCIN,WindFieldPln,Scenario,0.47361712659411337
ScenRelAMCIN,WindFieldPln,Scenario,0.47361712659411337
ScenRelAMCIN,WindFieldPln,Scenario,0.47361712659411337
ScenRelAMCIN,WindFieldPln,Scenario,0.47361712659411337
ScenRelAMCIN,WindFieldPln,Scenario,0.47361712659411337
ScenRelAMCIN,WindFieldPln,Scenario,0.47361712659411337
ScenRelAMCIN,WindFieldPln,Scenario,0.47361712659411337
ScenRelAMCIN,WindFieldPln,Scenario,0.47361712659411337
ScenRelAMCIN,WindFieldPln,Scenario,0.47361712659411337
ScenRelAMCIN,WindFieldPln,Scenario,0.47361712659411337
MorningCIN,AMCINInScen,CapInScen,3.329329183231002e-30
MorningCIN,AMCINInScen,CapInScen,3.329329183231002e-30
MorningCIN,CapInScen,AMCINInScen,0.8367437514204943
MorningCIN,CapInScen,AMCINInScen,0.8367437514204943
AMCINInScen,CapInScen,MorningCIN,4.850292973892642e-35
AMCINInScen,CapInScen,MorningCIN,4.850292973892642e-35
CapInScen,PlainsFcst,MorningCIN,0.17120282749299653
ScenRelAMIns,AMInsWliScen,WindFieldPln,0.8579196914808316
ScenRelAMIns,AMInsWliScen,WindFieldPln,0.8579196914808316
ScenRelAMIns,ScenRel3_4,LowLLapse,1.4895059632498532e-63
ScenRelAMIns,ScenRel3_4,LowLLapse,1.4895059632498532e-63
ScenRelAMIns,ScenRel3_4,LowLLapse,1.4895059632498532e-63
ScenRelAMIns,ScenRel3_4,LowLLapse,1.4895059632498532e-63
ScenRelAMIns,ScenRel3_4,LowLLapse,1.4895059632498532e-63
ScenRelAMIns,ScenRel3_4,LowLLapse,1.4895059632498532e-63
ScenRelAMIns,ScenRel3_4,LowLLapse,1.4895059632498532e-63
ScenRelAMIns,ScenRel3_4,LowLLapse,1.4895059632498532e-63
ScenRelAMIns,ScenRel3_4,LowLLapse,1.4895059632498532e-63
ScenRelAMIns,ScenRel3_4,LowLLapse,1.4895059632498532e-63
ScenRelAMIns,ScenRel3_4,LowLLapse,1.4895059632498532e-63
ScenRelAMIns,ScenRel3_4,LowLLapse,1.4895059632498532e-63
ScenRelAMIns,ScenRel3_4,LowLLapse,1.4895059632498532e-63
ScenRelAMIns,ScenRel3_4,LowLLapse,1.4895059632498532e-63
ScenRelAMIns,ScenRel3_4,LowLLapse,1.4895059632498532e-63
ScenRelAMIns,ScenRel3_4,LowLLapse,1.4895059632498532e-63
ScenRelAMIns,ScenRel3_4,LowLLapse,1.4895059632498532e-63
ScenRelAMIns,ScenRel3_4,LowLLapse,1.4895059632498532e-63
ScenRelAMIns,ScnRelPlFcst,LowLLapse,9.286538596433105e-85
ScenRelAMIns,ScnRelPlFcst,LowLLapse,9.286538596433105e-85
ScenRelAMIns,ScnRelPlFcst,LowLLapse,9.286538596433105e-85
ScenRelAMIns,ScnRelPlFcst,LowLLapse,9.286538596433105e-85
ScenRelAMIns,ScnRelPlFcst,LowLLapse,9.286538596433105e-85
ScenRelAMIns,ScnRelPlFcst,LowLLapse,9.286538596433105e-85
ScenRelAMIns,ScnRelPlFcst,LowLLapse,9.286538596433105e-85
ScenRelAMIns,ScnRelPlFcst,LowLLapse,9.286538596433105e-85
ScenRelAMIns,ScnRelPlFcst,LowLLapse,9.286538596433105e-85
ScenRelAMIns,ScnRelPlFcst,LowLLapse,9.286538596433105e-85
ScenRelAMIns,ScnRelPlFcst,LowLLapse,9.286538596433105e-85
ScenRelAMIns,ScnRelPlFcst,LowLLapse,9.286538596433105e-85
ScenRelAMIns,ScnRelPlFcst,LowLLapse,9.286538596433105e-85
ScenRelAMIns,ScnRelPlFcst,LowLLapse,9.286538596433105e-85
ScenRelAMIns,ScnRelPlFcst,LowLLapse,9.286538596433105e-85
ScenRelAMIns,ScnRelPlFcst,LowLLapse,9.286538596433105e-85
ScenRelAMIns,ScnRelPlFcst,LowLLapse,9.286538596433105e-85
ScenRelAMIns,ScnRelPlFcst,LowLLapse,9.286538596433105e-85
ScenRelAMIns,PlainsFcst,RHRatio,0.09753102137598013
ScenRelAMIns,N34StarFcst,RHRatio,0.44770530577484086
ScenRelAMIns,Dewpoints,WindFieldPln,0.9104498108466765
ScenRelAMIns,Dewpoints,WindFieldPln,0.9104498108466765
ScenRelAMIns,LowLLapse,WindFieldPln,0.6442644565642526
ScenRelAMIns,LowLLapse,WindFieldPln,0.6442644565642526
ScenRelAMIns,MeanRH,WindFieldPln,0.2471257513205099
ScenRelAMIns,MeanRH,WindFieldPln,0.2471257513205099
ScenRelAMIns,MidLLapse,RHRatio,0.09770142272571504
ScenRelAMIns,MvmtFeatures,WindFieldPln,0.2826091018258598
ScenRelAMIns,MvmtFeatures,WindFieldPln,0.2826091018258598
ScenRelAMIns,RHRatio,WindFieldPln,0.05900866070390996
ScenRelAMIns,SfcWndShfDis,Scenario,0.9999990644871354
ScenRelAMIns,SfcWndShfDis,Scenario,0.9999990644871354
ScenRelAMIns,SfcWndShfDis,Scenario,0.9999990644871354
ScenRelAMIns,SfcWndShfDis,Scenario,0.9999990644871354
ScenRelAMIns,SfcWndShfDis,Scenario,0.9999990644871354
ScenRelAMIns,SfcWndShfDis,Scenario,0.9999990644871354
ScenRelAMIns,SfcWndShfDis,Scenario,0.9999990644871354
ScenRelAMIns,SfcWndShfDis,Scenario,0.9999990644871354
ScenRelAMIns,SfcWndShfDis,Scenario,0.9999990644871354
ScenRelAMIns,SynForcng,WindFieldPln,0.9334772908008084
ScenRelAMIns,SynForcng,WindFieldPln,0.9334772908008084
ScenRelAMIns,TempDis,Dewpoints,0.12815467808530845
ScenRelAMIns,TempDis,Dewpoints,0.12815467808530845
ScenRelAMIns,TempDis,Dewpoints,0.12815467808530845
ScenRelAMIns,WindAloft,SfcWndShfDis,0.10446986980030314
ScenRelAMIns,WindAloft,SfcWndShfDis,0.10446986980030314
ScenRelAMIns,WindAloft,SfcWndShfDis,0.10446986980030314
ScenRelAMIns,WindAloft,SfcWndShfDis,0.10446986980030314
ScenRelAMIns,WindAloft,SfcWndShfDis,0.10446986980030314
ScenRelAMIns,WindAloft,SfcWndShfDis,0.10446986980030314
ScenRelAMIns,WindAloft,SfcWndShfDis,0.10446986980030314
ScenRelAMIns,WindAloft,SfcWndShfDis,0.10446986980030314
ScenRelAMIns,WindAloft,SfcWndShfDis,0.10446986980030314
ScenRelAMIns,WindFieldMt,WindFieldPln,0.8432382232590072
ScenRelAMIns,WindFieldMt,WindFieldPln,0.8432382232590072
ScenRelAMIns,WindFieldPln,Scenario,0.9999974394335752
ScenRelAMIns,WindFieldPln,Scenario,0.9999974394335752
ScenRelAMIns,WindFieldPln,Scenario,0.9999974394335752
ScenRelAMIns,WindFieldPln,Scenario,0.9999974394335752
ScenRelAMIns,WindFieldPln,Scenario,0.9999974394335752
ScenRelAMIns,WindFieldPln,Scenario,0.9999974394335752
ScenRelAMIns,WindFieldPln,Scenario,0.9999974394335752
ScenRelAMIns,WindFieldPln,Scenario,0.9999974394335752
ScenRelAMIns,WindFieldPln,Scenario,0.9999974394335752
LIfr12ZDENSd,AMInsWliScen,InsSclInScen,0.0344800840830303
LIfr12ZDENSd,InsSclInScen,AMInsWliScen,0.524440598730648
AMDewptCalPl,AMInsWliScen,R5Fcst,1.1440275285436565e-15
AMDewptCalPl,AMInsWliScen,R5Fcst,1.1440275285436565e-15
AMDewptCalPl,AMInsWliScen,R5Fcst,1.1440275285436565e-15
AMDewptCalPl,InsSclInScen,AMInsWliScen,0.41756908641152946
AMDewptCalPl,InsSclInScen,AMInsWliScen,0.41756908641152946
AMDewptCalPl,InsSclInScen,AMInsWliScen,0.41756908641152946
AMDewptCalPl,R5Fcst,MountainFcst,0.9476561809628278
AMDewptCalPl,R5Fcst,MountainFcst,0.9476561809628278
AMInsWliScen,InsSclInScen,ScenRelAMIns,7.247185302728982e-57
AMInsWliScen,InsSclInScen,ScenRelAMIns,7.247185302728982e-57
AMInsWliScen,InsSclInScen,ScenRelAMIns,7.247185302728982e-57
AMInsWliScen,InsSclInScen,ScenRelAMIns,7.247185302728982e-57
AMInsWliScen,InsSclInScen,ScenRelAMIns,7.247185302728982e-57
AMInsWliScen,InsSclInScen,ScenRelAMIns,7.247185302728982e-57
AMInsWliScen,InsSclInScen,ScenRelAMIns,7.247185302728982e-57
AMInsWliScen,InsSclInScen,ScenRelAMIns,7.247185302728982e-57
AMInsWliScen,InsSclInScen,ScenRelAMIns,7.247185302728982e-57
AMInsWliScen,InsSclInScen,ScenRelAMIns,7.247185302728982e-57
AMInsWliScen,InsSclInScen,ScenRelAMIns,7.247185302728982e-57
AMInsWliScen,InsSclInScen,ScenRelAMIns,7.247185302728982e-57
AMInsWliScen,ScenRel3_4,InsSclInScen,0.17132295127192926
AMInsWliScen,ScnRelPlFcst,InsSclInScen,0.23019205540181117
AMInsWliScen,N34StarFcst,InsSclInScen,0.8135220731525818
AMInsWliScen,TempDis,InsSclInScen,0.19207070319193625
AMInsWliScen,WindFieldPln,InsSclInScen,0.41311887892594373
InsSclInScen,LLIW,PlainsFcst,0.10239724831416788
InsSclInScen,PlainsFcst,N34StarFcst,0.8242654009061566
InsSclInScen,PlainsFcst,N34StarFcst,0.8242654009061566
InsSclInScen,PlainsFcst,N34StarFcst,0.8242654009061566
InsSclInScen,N34StarFcst,PlainsFcst,0.9036226659960601
ScenRel3_4,ScnRelPlFcst,LowLLapse,1.2365322895788083e-123
ScenRel3_4,ScnRelPlFcst,LowLLapse,1.2365322895788083e-123
ScenRel3_4,ScnRelPlFcst,LowLLapse,1.2365322895788083e-123
ScenRel3_4,ScnRelPlFcst,LowLLapse,1.2365322895788083e-123
ScenRel3_4,ScnRelPlFcst,LowLLapse,1.2365322895788083e-123
ScenRel3_4,ScnRelPlFcst,LowLLapse,1.2365322895788083e-123
ScenRel3_4,ScnRelPlFcst,LowLLapse,1.2365322895788083e-123
ScenRel3_4,ScnRelPlFcst,LowLLapse,1.2365322895788083e-123
ScenRel3_4,ScnRelPlFcst,LowLLapse,1.2365322895788083e-123
ScenRel3_4,ScnRelPlFcst,LowLLapse,1.2365322895788083e-123
ScenRel3_4,ScnRelPlFcst,LowLLapse,1.2365322895788083e-123
ScenRel3_4,ScnRelPlFcst,LowLLapse,1.2365322895788083e-123
ScenRel3_4,ScnRelPlFcst,LowLLapse,1.2365322895788083e-123
ScenRel3_4,ScnRelPlFcst,LowLLapse,1.2365322895788083e-123
ScenRel3_4,ScnRelPlFcst,LowLLapse,1.2365322895788083e-123
ScenRel3_4,ScnRelPlFcst,LowLLapse,1.2365322895788083e-123
ScenRel3_4,ScnRelPlFcst,LowLLapse,1.2365322895788083e-123
ScenRel3_4,ScnRelPlFcst,LowLLapse,1.2365322895788083e-123
ScenRel3_4,ScnRelPlFcst,LowLLapse,1.2365322895788083e-123
ScenRel3_4,PlainsFcst,RHRatio,0.09097113370086994
ScenRel3_4,N34StarFcst,RHRatio,0.2064739702603906
ScenRel3_4,Dewpoints,ScenRelAMIns,0.092654417932901
ScenRel3_4,Dewpoints,ScenRelAMIns,0.092654417932901
ScenRel3_4,Dewpoints,ScenRelAMIns,0.092654417932901
ScenRel3_4,LowLLapse,WindFieldPln,0.31652266499245935
ScenRel3_4,LowLLapse,WindFieldPln,0.31652266499245935
ScenRel3_4,MeanRH,RHRatio,0.07959588925228123
ScenRel3_4,MidLLapse,WindFieldPln,0.19602379175967832
ScenRel3_4,MidLLapse,WindFieldPln,0.19602379175967832
ScenRel3_4,MvmtFeatures,Scenario,0.9994965732663506
ScenRel3_4,MvmtFeatures,Scenario,0.9994965732663506
ScenRel3_4,MvmtFeatures,Scenario,0.9994965732663506
ScenRel3_4,MvmtFeatures,Scenario,0.9994965732663506
ScenRel3_4,MvmtFeatures,Scenario,0.9994965732663506
ScenRel3_4,MvmtFeatures,Scenario,0.9994965732663506
ScenRel3_4,MvmtFeatures,Scenario,0.9994965732663506
ScenRel3_4,MvmtFeatures,Scenario,0.9994965732663506
ScenRel3_4,MvmtFeatures,Scenario,0.9994965732663506
ScenRel3_4,MvmtFeatures,Scenario,0.9994965732663506
ScenRel3_4,RHRatio,Dewpoints,0.11466245534811637
ScenRel3_4,RHRatio,Dewpoints,0.11466245534811637
ScenRel3_4,SfcWndShfDis,Scenario,0.9997880101632068
ScenRel3_4,SfcWndShfDis,Scenario,0.9997880101632068
ScenRel3_4,SfcWndShfDis,Scenario,0.9997880101632068
ScenRel3_4,SfcWndShfDis,Scenario,0.9997880101632068
ScenRel3_4,SfcWndShfDis,Scenario,0.9997880101632068
ScenRel3_4,SfcWndShfDis,Scenario,0.9997880101632068
ScenRel3_4,SfcWndShfDis,Scenario,0.9997880101632068
ScenRel3_4,SfcWndShfDis,Scenario,0.9997880101632068
ScenRel3_4,SfcWndShfDis,Scenario,0.9997880101632068
ScenRel3_4,SfcWndShfDis,Scenario,0.9997880101632068
ScenRel3_4,SynForcng,Scenario,0.9999999999999999
ScenRel3_4,SynForcng,Scenario,0.9999999999999999
ScenRel3_4,SynForcng,Scenario,0.9999999999999999
ScenRel3_4,SynForcng,Scenario,0.9999999999999999
ScenRel3_4,SynForcng,Scenario,0.9999999999999999
ScenRel3_4,SynForcng,Scenario,0.9999999999999999
ScenRel3_4,SynForcng,Scenario,0.9999999999999999
ScenRel3_4,SynForcng,Scenario,0.9999999999999999
ScenRel3_4,SynForcng,Scenario,0.9999999999999999
ScenRel3_4,SynForcng,Scenario,0.9999999999999999
ScenRel3_4,SynForcng,Scenario,0.9999999999999999
ScenRel3_4,TempDis,Scenario,0.9993073980895217
ScenRel3_4,TempDis,Scenario,0.9993073980895217
ScenRel3_4,TempDis,Scenario,0.9993073980895217
ScenRel3_4,TempDis,Scenario,0.9993073980895217
ScenRel3_4,TempDis,Scenario,0.9993073980895217
ScenRel3_4,TempDis,Scenario,0.9993073980895217
ScenRel3_4,TempDis,Scenario,0.9993073980895217
ScenRel3_4,TempDis,Scenario,0.9993073980895217
ScenRel3_4,TempDis,Scenario,0.9993073980895217
ScenRel3_4,TempDis,Scenario,0.9993073980895217
ScenRel3_4,WindAloft,Scenario,0.9987043228568934
ScenRel3_4,WindAloft,Scenario,0.9987043228568934
ScenRel3_4,WindAloft,Scenario,0.9987043228568934
ScenRel3_4,WindAloft,Scenario,0.9987043228568934
ScenRel3_4,WindAloft,Scenario,0.9987043228568934
ScenRel3_4,WindAloft,Scenario,0.9987043228568934
ScenRel3_4,WindAloft,Scenario,0.9987043228568934
ScenRel3_4,WindAloft,Scenario,0.9987043228568934
ScenRel3_4,WindAloft,Scenario,0.9987043228568934
ScenRel3_4,WindAloft,Scenario,0.9987043228568934
ScenRel3_4,WindAloft,Scenario,0.9987043228568934
ScenRel3_4,WindFieldMt,Scenario,0.9884658739103702
ScenRel3_4,WindFieldMt,Scenario,0.9884658739103702
ScenRel3_4,WindFieldMt,Scenario,0.9884658739103702
ScenRel3_4,WindFieldMt,Scenario,0.9884658739103702
ScenRel3_4,WindFieldMt,Scenario,0.9884658739103702
ScenRel3_4,WindFieldMt,Scenario,0.9884658739103702
ScenRel3_4,WindFieldMt,Scenario,0.9884658739103702
ScenRel3_4,WindFieldMt,Scenario,0.9884658739103702
ScenRel3_4,WindFieldMt,Scenario,0.9884658739103702
ScenRel3_4,WindFieldMt,Scenario,0.9884658739103702
ScenRel3_4,WindFieldMt,Scenario,0.9884658739103702
ScenRel3_4,WindFieldPln,Scenario,0.9995210084060453
ScenRel3_4,WindFieldPln,Scenario,0.9995210084060453
ScenRel3_4,WindFieldPln,Scenario,0.9995210084060453
ScenRel3_4,WindFieldPln,Scenario,0.9995210084060453
ScenRel3_4,WindFieldPln,Scenario,0.9995210084060453
ScenRel3_4,WindFieldPln,Scenario,0.9995210084060453
ScenRel3_4,WindFieldPln,Scenario,0.9995210084060453
ScenRel3_4,WindFieldPln,Scenario,0.9995210084060453
ScenRel3_4,WindFieldPln,Scenario,0.9995210084060453
ScenRel3_4,WindFieldPln,Scenario,0.9995210084060453
LatestCIN,CurPropConv,InsInMt,9.424725465030697e-05
LatestCIN,CurPropConv,InsInMt,9.424725465030697e-05
LatestCIN,CurPropConv,InsInMt,9.424725465030697e-05
LatestCIN,MidLLapse,TempDis,0.477939991627365
LatestCIN,TempDis,InsInMt,0.09866641510468219
LLIW,CurPropConv,SubjVertMo,3.242219083004494e-20
LLIW,CurPropConv,SubjVertMo,3.242219083004494e-20
CurPropConv,PlainsFcst,N34StarFcst,0.626484813891192
CurPropConv,PlainsFcst,N34StarFcst,0.626484813891192
CurPropConv,PlainsFcst,N34StarFcst,0.626484813891192
CurPropConv,N34StarFcst,PlainsFcst,0.745821174822729
ScnRelPlFcst,PlainsFcst,RHRatio,0.599793711969949
ScnRelPlFcst,Dewpoints,WindFieldPln,0.9994639348725862
ScnRelPlFcst,Dewpoints,WindFieldPln,0.9994639348725862
ScnRelPlFcst,LowLLapse,WindFieldPln,0.9815412476484937
ScnRelPlFcst,LowLLapse,WindFieldPln,0.9815412476484937
ScnRelPlFcst,MeanRH,WindFieldPln,0.906788531377792
ScnRelPlFcst,MeanRH,WindFieldPln,0.906788531377792
ScnRelPlFcst,MidLLapse,WindFieldPln,0.9715397579609684
ScnRelPlFcst,MidLLapse,WindFieldPln,0.9715397579609684
ScnRelPlFcst,MvmtFeatures,Scenario,1.0
ScnRelPlFcst,MvmtFeatures,Scenario,1.0
ScnRelPlFcst,MvmtFeatures,Scenario,1.0
ScnRelPlFcst,MvmtFeatures,Scenario,1.0
ScnRelPlFcst,MvmtFeatures,Scenario,1.0
ScnRelPlFcst,MvmtFeatures,Scenario,1.0
ScnRelPlFcst,MvmtFeatures,Scenario,1.0
ScnRelPlFcst,MvmtFeatures,Scenario,1.0
ScnRelPlFcst,MvmtFeatures,Scenario,1.0
ScnRelPlFcst,MvmtFeatures,Scenario,1.0
ScnRelPlFcst,RHRatio,WindFieldPln,0.07467810324277793
ScnRelPlFcst,SfcWndShfDis,Dewpoints,0.07436417793019451
ScnRelPlFcst,SfcWndShfDis,Dewpoints,0.07436417793019451
ScnRelPlFcst,SfcWndShfDis,Dewpoints,0.07436417793019451
ScnRelPlFcst,SynForcng,WindFieldPln,0.9625853318906485
ScnRelPlFcst,SynForcng,WindFieldPln,0.9625853318906485
ScnRelPlFcst,TempDis,Dewpoints,0.07211360711415214
ScnRelPlFcst,TempDis,Dewpoints,0.07211360711415214
ScnRelPlFcst,TempDis,Dewpoints,0.07211360711415214
ScnRelPlFcst,WindAloft,Scenario,1.0
ScnRelPlFcst,WindAloft,Scenario,1.0
ScnRelPlFcst,WindAloft,Scenario,1.0
ScnRelPlFcst,WindAloft,Scenario,1.0
ScnRelPlFcst,WindAloft,Scenario,1.0
ScnRelPlFcst,WindAloft,Scenario,1.0
ScnRelPlFcst,WindAloft,Scenario,1.0
ScnRelPlFcst,WindAloft,Scenario,1.0
ScnRelPlFcst,WindAloft,Scenario,1.0
ScnRelPlFcst,WindAloft,Scenario,1.0
ScnRelPlFcst,WindAloft,Scenario,1.0
ScnRelPlFcst,WindFieldMt,Scenario,0.9999999675089062
ScnRelPlFcst,WindFieldMt,Scenario,0.9999999675089062
ScnRelPlFcst,WindFieldMt,Scenario,0.9999999675089062
ScnRelPlFcst,WindFieldMt,Scenario,0.9999999675089062
ScnRelPlFcst,WindFieldMt,Scenario,0.9999999675089062
ScnRelPlFcst,WindFieldMt,Scenario,0.9999999675089062
ScnRelPlFcst,WindFieldMt,Scenario,0.9999999675089062
ScnRelPlFcst,WindFieldMt,Scenario,0.9999999675089062
ScnRelPlFcst,WindFieldMt,Scenario,0.9999999675089062
ScnRelPlFcst,WindFieldMt,Scenario,0.9999999675089062
ScnRelPlFcst,WindFieldMt,Scenario,0.9999999675089062
ScnRelPlFcst,WindFieldPln,ScenRelAMIns,0.7023315573541771
ScnRelPlFcst,WindFieldPln,ScenRelAMIns,0.7023315573541771
ScnRelPlFcst,WindFieldPln,ScenRelAMIns,0.7023315573541771
PlainsFcst,N34StarFcst,ScenRelAMIns,6.069779849323746e-135
PlainsFcst,N34StarFcst,ScenRelAMIns,6.069779849323746e-135
PlainsFcst,N34StarFcst,ScenRelAMIns,6.069779849323746e-135
PlainsFcst,N34StarFcst,ScenRelAMIns,6.069779849323746e-135
PlainsFcst,N34StarFcst,ScenRelAMIns,6.069779849323746e-135
PlainsFcst,N34StarFcst,ScenRelAMIns,6.069779849323746e-135
PlainsFcst,N34StarFcst,ScenRelAMIns,6.069779849323746e-135
PlainsFcst,N34StarFcst,ScenRelAMIns,6.069779849323746e-135
PlainsFcst,N34StarFcst,ScenRelAMIns,6.069779849323746e-135
PlainsFcst,N34StarFcst,ScenRelAMIns,6.069779849323746e-135
PlainsFcst,N34StarFcst,ScenRelAMIns,6.069779849323746e-135
PlainsFcst,N34StarFcst,ScenRelAMIns,6.069779849323746e-135
PlainsFcst,N34StarFcst,ScenRelAMIns,6.069779849323746e-135
PlainsFcst,R5Fcst,ScenRelAMIns,1.403604455171734e-22
PlainsFcst,R5Fcst,ScenRelAMIns,1.403604455171734e-22
PlainsFcst,R5Fcst,ScenRelAMIns,1.403604455171734e-22
PlainsFcst,R5Fcst,ScenRelAMIns,1.403604455171734e-22
PlainsFcst,R5Fcst,ScenRelAMIns,1.403604455171734e-22
PlainsFcst,R5Fcst,ScenRelAMIns,1.403604455171734e-22
PlainsFcst,R5Fcst,ScenRelAMIns,1.403604455171734e-22
PlainsFcst,R5Fcst,ScenRelAMIns,1.403604455171734e-22
PlainsFcst,R5Fcst,ScenRelAMIns,1.403604455171734e-22
PlainsFcst,R5Fcst,ScenRelAMIns,1.403604455171734e-22
PlainsFcst,R5Fcst,ScenRelAMIns,1.403604455171734e-22
PlainsFcst,R5Fcst,ScenRelAMIns,1.403604455171734e-22
PlainsFcst,R5Fcst,ScenRelAMIns,1.403604455171734e-22
PlainsFcst,RHRatio,SfcWndShfDis,0.6282047167493543
PlainsFcst,RHRatio,SfcWndShfDis,0.6282047167493543
PlainsFcst,SfcWndShfDis,InsSclInScen,0.08340272040545363
PlainsFcst,WindFieldPln,SfcWndShfDis,0.37933616502738315
PlainsFcst,WindFieldPln,SfcWndShfDis,0.37933616502738315
PlainsFcst,WindFieldPln,SfcWndShfDis,0.37933616502738315
N34StarFcst,R5Fcst,ScenRelAMIns,1.527200249903911e-27
N34StarFcst,R5Fcst,ScenRelAMIns,1.527200249903911e-27
N34StarFcst,R5Fcst,ScenRelAMIns,1.527200249903911e-27
N34StarFcst,R5Fcst,ScenRelAMIns,1.527200249903911e-27
N34StarFcst,R5Fcst,ScenRelAMIns,1.527200249903911e-27
N34StarFcst,R5Fcst,ScenRelAMIns,1.527200249903911e-27
N34StarFcst,R5Fcst,ScenRelAMIns,1.527200249903911e-27
N34StarFcst,R5Fcst,ScenRelAMIns,1.527200249903911e-27
N34StarFcst,R5Fcst,ScenRelAMIns,1.527200249903911e-27
N34StarFcst,R5Fcst,ScenRelAMIns,1.527200249903911e-27
N34StarFcst,RHRatio,PlainsFcst,0.9969879764182245
N34StarFcst,WindFieldPln,PlainsFcst,0.9885802885180464
R5Fcst,SfcWndShfDis,PlainsFcst,0.905440017100679
R5Fcst,WindFieldPln,PlainsFcst,0.9392476697806211
Dewpoints,RHRatio,SfcWndShfDis,0.9533125290930046
Dewpoints,SfcWndShfDis,RHRatio,0.2594681319510739
Dewpoints,SynForcng,RHRatio,0.5237941418496336
Dewpoints,TempDis,ScnRelPlFcst,0.999999999803327
Dewpoints,TempDis,ScnRelPlFcst,0.999999999803327
Dewpoints,TempDis,ScnRelPlFcst,0.999999999803327
Dewpoints,WindAloft,RHRatio,0.11006777871743886
Dewpoints,WindFieldPln,SfcWndShfDis,0.9129072238843298
Dewpoints,WindFieldPln,SfcWndShfDis,0.9129072238843298
LowLLapse,MeanRH,SfcWndShfDis,0.41553192189010546
LowLLapse,MidLLapse,MeanRH,0.13993024304791454
LowLLapse,SfcWndShfDis,ScnRelPlFcst,0.9999999998852351
LowLLapse,SfcWndShfDis,ScnRelPlFcst,0.9999999998852351
LowLLapse,WindFieldMt,MeanRH,0.26427727701977655
LowLLapse,WindFieldPln,MeanRH,0.2888605016834866
MeanRH,RHRatio,SfcWndShfDis,0.5233973355206387
MeanRH,SfcWndShfDis,RHRatio,0.07196621502963241
MeanRH,TempDis,RHRatio,0.21689987306757627
MeanRH,WindAloft,RHRatio,0.35800571659365166
MeanRH,WindFieldPln,RHRatio,0.061357547153203795
MidLLapse,SynForcng,LatestCIN,0.3158307173304987
MvmtFeatures,RHRatio,SfcWndShfDis,0.6720800277896257
MvmtFeatures,SfcWndShfDis,RHRatio,0.10800579639276675
MvmtFeatures,SynForcng,Scenario,0.9999895437172729
MvmtFeatures,SynForcng,Scenario,0.9999895437172729
MvmtFeatures,SynForcng,Scenario,0.9999895437172729
MvmtFeatures,WindAloft,Scenario,0.9577225156044579
MvmtFeatures,WindAloft,Scenario,0.9577225156044579
MvmtFeatures,WindAloft,Scenario,0.9577225156044579
MvmtFeatures,WindFieldMt,Scenario,0.615458242329066
MvmtFeatures,WindFieldMt,Scenario,0.615458242329066
MvmtFeatures,WindFieldMt,Scenario,0.615458242329066
MvmtFeatures,WindFieldPln,SfcWndShfDis,0.43146264335987644
MvmtFeatures,WindFieldPln,SfcWndShfDis,0.43146264335987644
RHRatio,SfcWndShfDis,ScnRelPlFcst,0.9999999980787054
RHRatio,SfcWndShfDis,ScnRelPlFcst,0.9999999980787054
RHRatio,SfcWndShfDis,ScnRelPlFcst,0.9999999980787054
RHRatio,SfcWndShfDis,ScnRelPlFcst,0.9999999980787054
RHRatio,SynForcng,MvmtFeatures,0.16623970790868023
RHRatio,SynForcng,MvmtFeatures,0.16623970790868023
RHRatio,SynForcng,MvmtFeatures,0.16623970790868023
RHRatio,TempDis,PlainsFcst,0.1432493558283893
RHRatio,WindAloft,MeanRH,0.07311955902577678
RHRatio,WindAloft,MeanRH,0.07311955902577678
RHRatio,WindFieldPln,SfcWndShfDis,0.24180861651193777
RHRatio,WindFieldPln,SfcWndShfDis,0.24180861651193777
RHRatio,WindFieldPln,SfcWndShfDis,0.24180861651193777
RHRatio,WindFieldPln,SfcWndShfDis,0.24180861651193777
SfcWndShfDis,SynForcng,RHRatio,0.38952920757458304
SfcWndShfDis,TempDis,WindFieldPln,0.1499652782786025
SfcWndShfDis,TempDis,WindFieldPln,0.1499652782786025
SfcWndShfDis,WindAloft,WindFieldPln,0.22951838710760752
SfcWndShfDis,WindAloft,WindFieldPln,0.22951838710760752
SfcWndShfDis,WindFieldPln,ScenRelAMIns,0.989576970831007
SfcWndShfDis,WindFieldPln,ScenRelAMIns,0.989576970831007
SfcWndShfDis,WindFieldPln,ScenRelAMIns,0.989576970831007
SynForcng,WindAloft,Scenario,0.9997102357163371
SynForcng,WindAloft,Scenario,0.9997102357163371
SynForcng,WindAloft,Scenario,0.9997102357163371
SynForcng,WindAloft,Scenario,0.9997102357163371
SynForcng,WindFieldMt,MvmtFeatures,0.334429863922533
SynForcng,WindFieldPln,SfcWndShfDis,0.6970941593166293
SynForcng,WindFieldPln,SfcWndShfDis,0.6970941593166293
SynForcng,WindFieldPln,SfcWndShfDis,0.6970941593166293
TempDis,WindAloft,LatestCIN,0.06821382381566012
TempDis,WindFieldPln,SfcWndShfDis,0.1531005062822381
TempDis,WindFieldPln,SfcWndShfDis,0.1531005062822381
TempDis,WindFieldPln,SfcWndShfDis,0.1531005062822381
TempDis,WindFieldPln,SfcWndShfDis,0.1531005062822381
WindAloft,WindFieldMt,Scenario,0.5492514318093067
WindAloft,WindFieldMt,Scenario,0.5492514318093067
WindAloft,WindFieldMt,Scenario,0.5492514318093067
WindAloft,WindFieldMt,Scenario,0.5492514318093067
WindAloft,WindFieldMt,Scenario,0.5492514318093067
WindAloft,WindFieldPln,Scenario,0.9999994426443889
WindAloft,WindFieldPln,Scenario,0.9999994426443889
WindAloft,WindFieldPln,Scenario,0.9999994426443889
WindAloft,WindFieldPln,Scenario,0.9999994426443889
WindAloft,WindFieldPln,Scenario,0.9999994426443889
WindFieldMt,WindFieldPln,Scenario,0.9994618394206605
WindFieldMt,WindFieldPln,Scenario,0.9994618394206605
CombClouds,CldShadeOth,"IRCloudCover,VISCloudCov",1.925726757941991e-22
InsInMt,OutflowFrMt,"AMInstabMt,R5Fcst",0.16379754741259905
InsInMt,CldShadeConv,"MountainFcst,OutflowFrMt",7.83745924792518e-07
InsInMt,CldShadeConv,"MountainFcst,OutflowFrMt",7.83745924792518e-07
InsInMt,CldShadeConv,"MountainFcst,OutflowFrMt",7.83745924792518e-07
InsInMt,CldShadeConv,"MountainFcst,OutflowFrMt",7.83745924792518e-07
InsInMt,CldShadeConv,"MountainFcst,OutflowFrMt",7.83745924792518e-07
InsInMt,CldShadeConv,"MountainFcst,OutflowFrMt",7.83745924792518e-07
InsInMt,MountainFcst,"CldShadeConv,OutflowFrMt",0.00012428179078245047
InsInMt,MountainFcst,"CldShadeConv,OutflowFrMt",0.00012428179078245047
InsInMt,MountainFcst,"CldShadeConv,OutflowFrMt",0.00012428179078245047
InsInMt,MountainFcst,"CldShadeConv,OutflowFrMt",0.00012428179078245047
InsInMt,MountainFcst,"CldShadeConv,OutflowFrMt",0.00012428179078245047
InsInMt,MountainFcst,"CldShadeConv,OutflowFrMt",0.00012428179078245047
InsInMt,R5Fcst,"AMInstabMt,OutflowFrMt",0.06555543831950585
InsInMt,R5Fcst,"AMInstabMt,OutflowFrMt",0.06555543831950585
OutflowFrMt,Boundaries,"InsInMt,WndHodograph",2.1417440868109755e-08
Scenario,ScenRelAMCIN,"ScenRel3_4,ScnRelPlFcst",1.0
Scenario,ScenRelAMIns,"ScenRelAMCIN,ScnRelPlFcst",1.0
Scenario,ScenRelAMIns,"ScenRelAMCIN,ScnRelPlFcst",1.0
Scenario,ScenRel3_4,"ScenRelAMCIN,ScnRelPlFcst",0.9999999999998672
Scenario,ScnRelPlFcst,"ScenRelAMCIN,ScenRelAMIns",0.8879562159772658
Scenario,ScnRelPlFcst,"ScenRelAMCIN,ScenRelAMIns",0.8879562159772658
ScenRelAMCIN,ScenRelAMIns,"Scenario,ScnRelPlFcst",1.0
ScenRelAMCIN,ScenRel3_4,"ScenRelAMIns,Scenario",0.9999999999999695
ScenRelAMCIN,ScnRelPlFcst,"ScenRelAMIns,Scenario",1.0
ScenRelAMIns,ScenRel3_4,"ScenRelAMCIN,Scenario",0.8011300472316308
ScenRelAMIns,ScnRelPlFcst,"ScenRelAMCIN,Scenario",1.0
AMInsWliScen,InsSclInScen,"AMDewptCalPl,LIfr12ZDENSd",3.368546933726219e-29
ScenRel3_4,ScnRelPlFcst,"ScenRelAMCIN,Scenario",0.9999999999998672
