node_i,node_j,condition,p_value
N0_7muVerMo,SubjVertMo,,0.8202793690910664
N0_7muVerMo,QGVertMotion,,0.8757029287161441
N0_7muVerMo,CombVerMo,,8.368955685436716e-31
N0_7muVerMo,AreaMeso_ALS,,8.368955685436716e-31
N0_7muVerMo,SatContMoist,,0.8521561654051416
N0_7muVerMo,RaoContMoist,,0.5514969800384603
N0_7muVerMo,CombMoisture,,0.442879580940467
N0_7muVerMo,AreaMoDryAir,,0.04643876475947658
N0_7muVerMo,VISCloudCov,,0.5485343851534428
N0_7muVerMo,IRCloudCover,,0.5868268807346697
N0_7muVerMo,CombClouds,,0.8616994130855782
N0_7muVerMo,CldShadeOth,,0.08396730920036224
N0_7muVerMo,AMInstabMt,,0.9046997955517819
N0_7muVerMo,InsInMt,,0.6820120742517861
N0_7muVerMo,WndHodograph,,0.9690418058710206
N0_7muVerMo,OutflowFrMt,,0.8891141533823067
N0_7muVerMo,MorningBound,,0.9977872574988997
N0_7muVerMo,Boundaries,,0.16180868999850107
N0_7muVerMo,CldShadeConv,,0.969302383808155
N0_7muVerMo,CompPlFcst,,0.05256869703575864
N0_7muVerMo,CapChange,,0.05256869703575864
N0_7muVerMo,LoLevMoistAd,,0.63403731012851
N0_7muVerMo,InsChange,,0.8055569196932749
N0_7muVerMo,MountainFcst,,0.18091605631692304
N0_7muVerMo,Date,,0.6052400120761401
N0_7muVerMo,Scenario,,0.24320223164009183
N0_7muVerMo,ScenRelAMCIN,,0.29792542517534976
N0_7muVerMo,MorningCIN,,0.9964733741134806
N0_7muVerMo,AMCINInScen,,0.3205756635020051
N0_7muVerMo,CapInScen,,0.7021893495002893
N0_7muVerMo,ScenRelAMIns,,0.8807096974621504
N0_7muVerMo,LIfr12ZDENSd,,0.5527903170432642
N0_7muVerMo,AMDewptCalPl,,0.46084134467278803
N0_7muVerMo,AMInsWliScen,,0.9987968734707952
N0_7muVerMo,InsSclInScen,,0.6226502673819345
N0_7muVerMo,ScenRel3_4,,0.10970858373896797
N0_7muVerMo,LatestCIN,,0.5425789655498607
N0_7muVerMo,LLIW,,0.8566479013691408
N0_7muVerMo,CurPropConv,,0.9026094491621254
N0_7muVerMo,ScnRelPlFcst,,0.24320223164009183
N0_7muVerMo,PlainsFcst,,0.8451157282627731
N0_7muVerMo,N34StarFcst,,0.8945787700762109
N0_7muVerMo,R5Fcst,,0.40357826959331844
N0_7muVerMo,Dewpoints,,0.3809549384030668
N0_7muVerMo,LowLLapse,,0.7832233200767748
N0_7muVerMo,MeanRH,,0.8423586361289519
N0_7muVerMo,MidLLapse,,0.45245082129707725
N0_7muVerMo,MvmtFeatures,,0.2703348929779227
N0_7muVerMo,RHRatio,,0.9965590622275504
N0_7muVerMo,SfcWndShfDis,,0.031713396123888134
N0_7muVerMo,SynForcng,,0.05438213373436665
N0_7muVerMo,TempDis,,0.33335102877092415
N0_7muVerMo,WindAloft,,0.19760107189502818
N0_7muVerMo,WindFieldMt,,0.7546260591251904
N0_7muVerMo,WindFieldPln,,0.17632141565366602
SubjVertMo,QGVertMotion,,0.9219398570282198
SubjVertMo,CombVerMo,,3.706908354717164e-19
SubjVertMo,AreaMeso_ALS,,3.706908354717164e-19
SubjVertMo,SatContMoist,,0.38176112916106214
SubjVertMo,RaoContMoist,,0.6901731862642281
SubjVertMo,CombMoisture,,0.12709651264218533
SubjVertMo,AreaMoDryAir,,0.043067265384404585
SubjVertMo,VISCloudCov,,0.6265430395770828
SubjVertMo,IRCloudCover,,0.011706398363856842
SubjVertMo,CombClouds,,0.5573077139985021
SubjVertMo,CldShadeOth,,0.42384087057858677
SubjVertMo,AMInstabMt,,0.12056889866768658
SubjVertMo,InsInMt,,0.3034635146712064
SubjVertMo,WndHodograph,,0.1595411844667248
SubjVertMo,OutflowFrMt,,0.09659227922693092
SubjVertMo,MorningBound,,0.5928261147650589
SubjVertMo,Boundaries,,0.370645236307056
SubjVertMo,CldShadeConv,,0.35009356751907006
SubjVertMo,CompPlFcst,,0.17963849822145544
SubjVertMo,CapChange,,0.17963849822145544
SubjVertMo,LoLevMoistAd,,0.9922962587704223
SubjVertMo,InsChange,,0.12045574015553874
SubjVertMo,MountainFcst,,0.4864207824351947
SubjVertMo,Date,,0.7026165105602191
SubjVertMo,Scenario,,0.9653201396540368
SubjVertMo,ScenRelAMCIN,,0.7149886335433351
SubjVertMo,MorningCIN,,0.8921710019787852
SubjVertMo,AMCINInScen,,0.636728794492617
SubjVertMo,CapInScen,,0.3032463880628518
SubjVertMo,ScenRelAMIns,,0.8159843363041255
SubjVertMo,LIfr12ZDENSd,,0.6231161863630692
SubjVertMo,AMDewptCalPl,,0.23780097135442768
SubjVertMo,AMInsWliScen,,0.10382351982631954
SubjVertMo,InsSclInScen,,0.06572902841399783
SubjVertMo,ScenRel3_4,,0.7591081153149377
SubjVertMo,LatestCIN,,0.7075323856254354
SubjVertMo,LLIW,,0.0003397618529898783
SubjVertMo,CurPropConv,,0.01738522074113893
SubjVertMo,ScnRelPlFcst,,0.9653201396540368
SubjVertMo,PlainsFcst,,0.564317394279277
SubjVertMo,N34StarFcst,,0.7978067168587086
SubjVertMo,R5Fcst,,0.6854150552206717
SubjVertMo,Dewpoints,,0.6398207611380682
SubjVertMo,LowLLapse,,0.6405976609089217
SubjVertMo,MeanRH,,0.3668080669266099
SubjVertMo,MidLLapse,,0.33338227476776083
SubjVertMo,MvmtFeatures,,0.8835167301277043
SubjVertMo,RHRatio,,0.97529752342421
SubjVertMo,SfcWndShfDis,,0.6834273157811385
SubjVertMo,SynForcng,,0.40852493634962217
SubjVertMo,TempDis,,0.5283927570329505
SubjVertMo,WindAloft,,0.19020580236455287
SubjVertMo,WindFieldMt,,0.7604741630724863
SubjVertMo,WindFieldPln,,0.28231653581480903
QGVertMotion,CombVerMo,,3.7679783589061264e-22
QGVertMotion,AreaMeso_ALS,,3.7679783589061264e-22
QGVertMotion,SatContMoist,,0.6438503350047329
QGVertMotion,RaoContMoist,,0.5252465570872217
QGVertMotion,CombMoisture,,0.28843298778049936
QGVertMotion,AreaMoDryAir,,0.012895197048879807
QGVertMotion,VISCloudCov,,0.6944824177768536
QGVertMotion,IRCloudCover,,0.8544028321725314
QGVertMotion,CombClouds,,0.3780355142227563
QGVertMotion,CldShadeOth,,0.058507268906653635
QGVertMotion,AMInstabMt,,0.19275271308127775
QGVertMotion,InsInMt,,0.7779014458081861
QGVertMotion,WndHodograph,,0.666436788728075
QGVertMotion,OutflowFrMt,,0.6718834326603222
QGVertMotion,MorningBound,,0.5256681168866395
QGVertMotion,Boundaries,,0.9461593769474063
QGVertMotion,CldShadeConv,,0.8172777798367212
QGVertMotion,CompPlFcst,,0.20519492328010921
QGVertMotion,CapChange,,0.20519492328010921
QGVertMotion,LoLevMoistAd,,0.4908861348653062
QGVertMotion,InsChange,,0.5970890787190197
QGVertMotion,MountainFcst,,0.7450613439068263
QGVertMotion,Date,,0.9247409588557033
QGVertMotion,Scenario,,0.28016377240118945
QGVertMotion,ScenRelAMCIN,,0.134140737102095
QGVertMotion,MorningCIN,,0.8642264214607129
QGVertMotion,AMCINInScen,,0.20424454513862397
QGVertMotion,CapInScen,,0.8643790831547706
QGVertMotion,ScenRelAMIns,,0.10445198672704625
QGVertMotion,LIfr12ZDENSd,,0.31155464238569525
QGVertMotion,AMDewptCalPl,,0.1158316988287879
QGVertMotion,AMInsWliScen,,0.13571873877554647
QGVertMotion,InsSclInScen,,0.012486076162190279
QGVertMotion,ScenRel3_4,,0.09804730858664734
QGVertMotion,LatestCIN,,0.5400312111160295
QGVertMotion,LLIW,,0.6013763218910935
QGVertMotion,CurPropConv,,0.4786532651282368
QGVertMotion,ScnRelPlFcst,,0.28016377240118945
QGVertMotion,PlainsFcst,,0.7360746569998429
QGVertMotion,N34StarFcst,,0.5973315775617551
QGVertMotion,R5Fcst,,0.8472991778322303
QGVertMotion,Dewpoints,,0.2490961590102648
QGVertMotion,LowLLapse,,0.08841263595562643
QGVertMotion,MeanRH,,0.3049610068875697
QGVertMotion,MidLLapse,,0.7081234465503801
QGVertMotion,MvmtFeatures,,0.7051281597576674
QGVertMotion,RHRatio,,0.34951593226465616
QGVertMotion,SfcWndShfDis,,0.3852009270379853
QGVertMotion,SynForcng,,0.9558942018804878
QGVertMotion,TempDis,,0.04615796161149097
QGVertMotion,WindAloft,,0.6191720644442691
QGVertMotion,WindFieldMt,,0.8731063827357197
QGVertMotion,WindFieldPln,,0.14531749597036106
CombVerMo,AreaMeso_ALS,,1.3769325594444984e-283
CombVerMo,SatContMoist,,0.662793245264944
CombVerMo,RaoContMoist,,0.43924787168744794
CombVerMo,CombMoisture,,0.33581037227708965
CombVerMo,AreaMoDryAir,,2.180001440785647e-09
CombVerMo,VISCloudCov,,0.2905503283394793
CombVerMo,IRCloudCover,,0.18170710860960324
CombVerMo,CombClouds,,0.6000344903117736
CombVerMo,CldShadeOth,,8.277690836045461e-10
CombVerMo,AMInstabMt,,0.6937191510078329
CombVerMo,InsInMt,,0.8819642657922468
CombVerMo,WndHodograph,,0.9800730931451158
CombVerMo,OutflowFrMt,,0.5098006982470822
CombVerMo,MorningBound,,0.8649617341132653
CombVerMo,Boundaries,,0.3076280970947087
CombVerMo,CldShadeConv,,0.0754212828762613
CombVerMo,CompPlFcst,,0.0003686243771478438
CombVerMo,CapChange,,0.0003686243771478438
CombVerMo,LoLevMoistAd,,0.7661622034931376
CombVerMo,InsChange,,0.3139778470426018
CombVerMo,MountainFcst,,0.664455224778495
CombVerMo,Date,,0.8244528024446993
CombVerMo,Scenario,,0.8938170875765251
CombVerMo,ScenRelAMCIN,,0.4602580012049795
CombVerMo,MorningCIN,,0.567682888658664
CombVerMo,AMCINInScen,,0.3417644188570381
CombVerMo,CapInScen,,0.04629449986686823
CombVerMo,ScenRelAMIns,,0.708250057265097
CombVerMo,LIfr12ZDENSd,,0.9636545502612965
CombVerMo,AMDewptCalPl,,0.35572174475755086
CombVerMo,AMInsWliScen,,0.4573481500782516
CombVerMo,InsSclInScen,,0.653714671854293
CombVerMo,ScenRel3_4,,0.4102419330887422
CombVerMo,LatestCIN,,0.5095849095346914
CombVerMo,LLIW,,0.1323138347798137
CombVerMo,CurPropConv,,0.9954329161167891
CombVerMo,ScnRelPlFcst,,0.8938170875765251
CombVerMo,PlainsFcst,,0.2069017798188624
CombVerMo,N34StarFcst,,0.11004203127470708
CombVerMo,R5Fcst,,0.9736417809260067
CombVerMo,Dewpoints,,0.10377804227026098
CombVerMo,LowLLapse,,0.7664851908366077
CombVerMo,MeanRH,,0.1104685914705595
CombVerMo,MidLLapse,,0.5817233124941594
CombVerMo,MvmtFeatures,,0.65792843763963
CombVerMo,RHRatio,,0.14539969870380834
CombVerMo,SfcWndShfDis,,0.4820909038869946
CombVerMo,SynForcng,,0.9884229414971376
CombVerMo,TempDis,,0.6757407496172378
CombVerMo,WindAloft,,0.9882326823162702
CombVerMo,WindFieldMt,,0.30077188878030786
CombVerMo,WindFieldPln,,0.19621199234805953
AreaMeso_ALS,SatContMoist,,0.662793245264944
AreaMeso_ALS,RaoContMoist,,0.43924787168744794
AreaMeso_ALS,CombMoisture,,0.33581037227708965
AreaMeso_ALS,AreaMoDryAir,,2.180001440785647e-09
AreaMeso_ALS,VISCloudCov,,0.2905503283394793
AreaMeso_ALS,IRCloudCover,,0.18170710860960324
AreaMeso_ALS,CombClouds,,0.6000344903117736
AreaMeso_ALS,CldShadeOth,,8.277690836045461e-10
AreaMeso_ALS,AMInstabMt,,0.6937191510078329
AreaMeso_ALS,InsInMt,,0.8819642657922468
AreaMeso_ALS,WndHodograph,,0.9800730931451158
AreaMeso_ALS,OutflowFrMt,,0.5098006982470822
AreaMeso_ALS,MorningBound,,0.8649617341132653
AreaMeso_ALS,Boundaries,,0.3076280970947087
AreaMeso_ALS,CldShadeConv,,0.0754212828762613
AreaMeso_ALS,CompPlFcst,,0.0003686243771478438
AreaMeso_ALS,CapChange,,0.0003686243771478438
AreaMeso_ALS,LoLevMoistAd,,0.7661622034931376
AreaMeso_ALS,InsChange,,0.3139778470426018
AreaMeso_ALS,MountainFcst,,0.664455224778495
AreaMeso_ALS,Date,,0.8244528024446993
AreaMeso_ALS,Scenario,,0.8938170875765251
AreaMeso_ALS,ScenRelAMCIN,,0.4602580012049795
AreaMeso_ALS,MorningCIN,,0.567682888658664
AreaMeso_ALS,AMCINInScen,,0.3417644188570381
AreaMeso_ALS,CapInScen,,0.04629449986686823
AreaMeso_ALS,ScenRelAMIns,,0.708250057265097
AreaMeso_ALS,LIfr12ZDENSd,,0.9636545502612965
AreaMeso_ALS,AMDewptCalPl,,0.35572174475755086
AreaMeso_ALS,AMInsWliScen,,0.4573481500782516
AreaMeso_ALS,InsSclInScen,,0.653714671854293
AreaMeso_ALS,ScenRel3_4,,0.4102419330887422
AreaMeso_ALS,LatestCIN,,0.5095849095346914
AreaMeso_ALS,LLIW,,0.1323138347798137
AreaMeso_ALS,CurPropConv,,0.9954329161167891
AreaMeso_ALS,ScnRelPlFcst,,0.8938170875765251
AreaMeso_ALS,PlainsFcst,,0.2069017798188624
AreaMeso_ALS,N34StarFcst,,0.11004203127470708
AreaMeso_ALS,R5Fcst,,0.9736417809260067
AreaMeso_ALS,Dewpoints,,0.10377804227026098
AreaMeso_ALS,LowLLapse,,0.7664851908366077
AreaMeso_ALS,MeanRH,,0.1104685914705595
AreaMeso_ALS,MidLLapse,,0.5817233124941594
AreaMeso_ALS,MvmtFeatures,,0.65792843763963
AreaMeso_ALS,RHRatio,,0.14539969870380834
AreaMeso_ALS,SfcWndShfDis,,0.4820909038869946
AreaMeso_ALS,SynForcng,,0.9884229414971376
AreaMeso_ALS,TempDis,,0.6757407496172378
AreaMeso_ALS,WindAloft,,0.9882326823162702
AreaMeso_ALS,WindFieldMt,,0.30077188878030786
AreaMeso_ALS,WindFieldPln,,0.19621199234805953
SatContMoist,RaoContMoist,,0.130074415721253
SatContMoist,CombMoisture,,7.423553025326395e-33
SatContMoist,AreaMoDryAir,,1.0620642510055488e-10
SatContMoist,VISCloudCov,,0.922363948041918
SatContMoist,IRCloudCover,,0.30868518424450303
SatContMoist,CombClouds,,0.45961550882517754
SatContMoist,CldShadeOth,,0.38947012012716775
SatContMoist,AMInstabMt,,0.44053580794596814
SatContMoist,InsInMt,,0.459821432798437
SatContMoist,WndHodograph,,0.855316922434874
SatContMoist,OutflowFrMt,,0.19927862562422086
SatContMoist,MorningBound,,0.3353345031292555
SatContMoist,Boundaries,,0.8986600770864315
SatContMoist,CldShadeConv,,0.2589553958611561
SatContMoist,CompPlFcst,,0.5880822008602276
SatContMoist,CapChange,,0.5880822008602276
SatContMoist,LoLevMoistAd,,0.24006844713442593
SatContMoist,InsChange,,0.5903069066386584
SatContMoist,MountainFcst,,0.45382287970601987
SatContMoist,Date,,0.5748584976918396
SatContMoist,Scenario,,0.994710358893992
SatContMoist,ScenRelAMCIN,,0.7610930981825456
SatContMoist,MorningCIN,,0.5854278096604664
SatContMoist,AMCINInScen,,0.5560659675154469
SatContMoist,CapInScen,,0.7919094490567984
SatContMoist,ScenRelAMIns,,0.9512523766369428
SatContMoist,LIfr12ZDENSd,,0.7663422344598967
SatContMoist,AMDewptCalPl,,0.0972823203868935
SatContMoist,AMInsWliScen,,0.1562524430088873
SatContMoist,InsSclInScen,,0.20451672364330523
SatContMoist,ScenRel3_4,,0.9980027518567639
SatContMoist,LatestCIN,,0.5593515364177788
SatContMoist,LLIW,,0.9100175744234065
SatContMoist,CurPropConv,,0.4742970289923115
SatContMoist,ScnRelPlFcst,,0.994710358893992
SatContMoist,PlainsFcst,,0.6070020056455361
SatContMoist,N34StarFcst,,0.5667564815148729
SatContMoist,R5Fcst,,0.996064177005236
SatContMoist,Dewpoints,,0.43737085471892423
SatContMoist,LowLLapse,,0.6324842958220942
SatContMoist,MeanRH,,0.4614825779848767
SatContMoist,MidLLapse,,0.8067035780690407
SatContMoist,MvmtFeatures,,0.365604459114593
SatContMoist,RHRatio,,0.4576416212230069
SatContMoist,SfcWndShfDis,,0.5353187344585385
SatContMoist,SynForcng,,0.7123792061460912
SatContMoist,TempDis,,0.24268838714521676
SatContMoist,WindAloft,,0.8546549319525195
SatContMoist,WindFieldMt,,0.870289204719355
SatContMoist,WindFieldPln,,0.782588444668185
RaoContMoist,CombMoisture,,8.219166323491965e-09
RaoContMoist,AreaMoDryAir,,0.002215775389329748
RaoContMoist,VISCloudCov,,0.67406422344708
RaoContMoist,IRCloudCover,,0.3833907128333707
RaoContMoist,CombClouds,,0.8194030481228113
RaoContMoist,CldShadeOth,,0.24247416507913605
RaoContMoist,AMInstabMt,,0.9735143558543149
RaoContMoist,InsInMt,,0.6901465147687178
RaoContMoist,WndHodograph,,0.3994041029855248
RaoContMoist,OutflowFrMt,,0.9368846010501595
RaoContMoist,MorningBound,,0.4050969138910744
RaoContMoist,Boundaries,,0.7339842640721694
RaoContMoist,CldShadeConv,,0.545588565742424
RaoContMoist,CompPlFcst,,0.6997482652361964
RaoContMoist,CapChange,,0.6997482652361964
RaoContMoist,LoLevMoistAd,,0.46367581329856433
RaoContMoist,InsChange,,0.8669792786244755
RaoContMoist,MountainFcst,,0.9786036387981778
RaoContMoist,Date,,0.8675869763713864
RaoContMoist,Scenario,,0.8232004195643015
RaoContMoist,ScenRelAMCIN,,0.6342410425568807
RaoContMoist,MorningCIN,,0.9751472394031077
RaoContMoist,AMCINInScen,,0.46350496980912603
RaoContMoist,CapInScen,,0.6346101884244593
RaoContMoist,ScenRelAMIns,,0.6634809702087461
RaoContMoist,LIfr12ZDENSd,,0.5625464861185993
RaoContMoist,AMDewptCalPl,,0.30626025551729585
RaoContMoist,AMInsWliScen,,0.233851586572597
RaoContMoist,InsSclInScen,,0.6237199019872517
RaoContMoist,ScenRel3_4,,0.9187034974130609
RaoContMoist,LatestCIN,,0.02869823100938243
RaoContMoist,LLIW,,0.9241953482177969
RaoContMoist,CurPropConv,,0.39999371738108186
RaoContMoist,ScnRelPlFcst,,0.8232004195643015
RaoContMoist,PlainsFcst,,0.09766965165478489
RaoContMoist,N34StarFcst,,0.15593689841180028
RaoContMoist,R5Fcst,,0.35297167828850884
RaoContMoist,Dewpoints,,0.5987273823532485
RaoContMoist,LowLLapse,,0.9128027188550527
RaoContMoist,MeanRH,,0.6865508009528445
RaoContMoist,MidLLapse,,0.568554127707604
RaoContMoist,MvmtFeatures,,0.8382523327414905
RaoContMoist,RHRatio,,0.9233968366201089
RaoContMoist,SfcWndShfDis,,0.3177294901662555
RaoContMoist,SynForcng,,0.6665866197495713
RaoContMoist,TempDis,,0.8899242550651313
RaoContMoist,WindAloft,,0.30883268043398304
RaoContMoist,WindFieldMt,,0.16753282005488715
RaoContMoist,WindFieldPln,,0.9800050735090038
CombMoisture,AreaMoDryAir,,1.2073169756268599e-89
CombMoisture,VISCloudCov,,0.9393962692293315
CombMoisture,IRCloudCover,,0.15603237645596343
CombMoisture,CombClouds,,0.8801953369961621
CombMoisture,CldShadeOth,,0.5376229812170128
CombMoisture,AMInstabMt,,0.6640034330511868
CombMoisture,InsInMt,,0.3855034015790739
CombMoisture,WndHodograph,,0.2817558181043217
CombMoisture,OutflowFrMt,,0.267025352948154
CombMoisture,MorningBound,,0.19205128859752962
CombMoisture,Boundaries,,0.45853664833119245
CombMoisture,CldShadeConv,,0.3089723080293158
CombMoisture,CompPlFcst,,0.22633472671939095
CombMoisture,CapChange,,0.22633472671939095
CombMoisture,LoLevMoistAd,,0.41458782062111277
CombMoisture,InsChange,,0.8752698573301416
CombMoisture,MountainFcst,,0.6425922446246257
CombMoisture,Date,,0.973496424682774
CombMoisture,Scenario,,0.6179697183527435
CombMoisture,ScenRelAMCIN,,0.8347670831364818
CombMoisture,MorningCIN,,0.5428512648351043
CombMoisture,AMCINInScen,,0.7636509024337368
CombMoisture,CapInScen,,0.26610786754652255
CombMoisture,ScenRelAMIns,,0.15023822577287396
CombMoisture,LIfr12ZDENSd,,0.2942937802440105
CombMoisture,AMDewptCalPl,,0.15889156755706058
CombMoisture,AMInsWliScen,,0.23155092572753472
CombMoisture,InsSclInScen,,0.2363145696384191
CombMoisture,ScenRel3_4,,0.581195936647499
CombMoisture,LatestCIN,,0.899435740116069
CombMoisture,LLIW,,0.5951030204712963
CombMoisture,CurPropConv,,0.48730110863915843
CombMoisture,ScnRelPlFcst,,0.6179697183527435
CombMoisture,PlainsFcst,,0.47016896565420974
CombMoisture,N34StarFcst,,0.49347537417121756
CombMoisture,R5Fcst,,0.6596208686654033
CombMoisture,Dewpoints,,0.04505364447245447
CombMoisture,LowLLapse,,0.8520067518003206
CombMoisture,MeanRH,,0.7281074096459466
CombMoisture,MidLLapse,,0.9937998475231179
CombMoisture,MvmtFeatures,,0.7635524921572906
CombMoisture,RHRatio,,0.19779297757488987
CombMoisture,SfcWndShfDis,,0.03993050692440723
CombMoisture,SynForcng,,0.860944207108173
CombMoisture,TempDis,,0.6543915252737655
CombMoisture,WindAloft,,0.9374555123385621
CombMoisture,WindFieldMt,,0.9787207703479127
CombMoisture,WindFieldPln,,0.9590813222853873
AreaMoDryAir,VISCloudCov,,0.3280088023016295
AreaMoDryAir,IRCloudCover,,0.2519864086941898
AreaMoDryAir,CombClouds,,0.40873076995184415
AreaMoDryAir,CldShadeOth,,3.15046698191971e-07
AreaMoDryAir,AMInstabMt,,0.7417496879591546
AreaMoDryAir,InsInMt,,0.36623079117355367
AreaMoDryAir,WndHodograph,,0.03347445299890286
AreaMoDryAir,OutflowFrMt,,0.18865069420588473
AreaMoDryAir,MorningBound,,0.9313660686498559
AreaMoDryAir,Boundaries,,0.591832997698283
AreaMoDryAir,CldShadeConv,,0.6239554852486557
AreaMoDryAir,CompPlFcst,,0.3054070818201927
AreaMoDryAir,CapChange,,0.3054070818201927
AreaMoDryAir,LoLevMoistAd,,0.46587320821116396
AreaMoDryAir,InsChange,,0.3033353933612667
AreaMoDryAir,MountainFcst,,0.49773896100573556
AreaMoDryAir,Date,,0.16923495663278687
AreaMoDryAir,Scenario,,0.6975174303642232
AreaMoDryAir,ScenRelAMCIN,,0.7878282973883847
AreaMoDryAir,MorningCIN,,0.4995506163536002
AreaMoDryAir,AMCINInScen,,0.7133157383693033
AreaMoDryAir,CapInScen,,0.994249698706353
AreaMoDryAir,ScenRelAMIns,,0.5824510490561863
AreaMoDryAir,LIfr12ZDENSd,,0.4901887210143103
AreaMoDryAir,AMDewptCalPl,,0.2147529031026787
AreaMoDryAir,AMInsWliScen,,0.1370000625397288
AreaMoDryAir,InsSclInScen,,0.2563114777629813
AreaMoDryAir,ScenRel3_4,,0.49795045474641
AreaMoDryAir,LatestCIN,,0.8714047336783236
AreaMoDryAir,LLIW,,0.983156773233383
AreaMoDryAir,CurPropConv,,0.8657351352412586
AreaMoDryAir,ScnRelPlFcst,,0.6975174303642232
AreaMoDryAir,PlainsFcst,,0.4565676972680498
AreaMoDryAir,N34StarFcst,,0.7508526878231273
AreaMoDryAir,R5Fcst,,0.29476541313674076
AreaMoDryAir,Dewpoints,,0.362094835659209
AreaMoDryAir,LowLLapse,,0.9772286984177133
AreaMoDryAir,MeanRH,,0.47357904434035547
AreaMoDryAir,MidLLapse,,0.8947356165772055
AreaMoDryAir,MvmtFeatures,,0.4345845503797157
AreaMoDryAir,RHRatio,,0.1851985320256819
AreaMoDryAir,SfcWndShfDis,,0.274273921347363
AreaMoDryAir,SynForcng,,0.44613123605372806
AreaMoDryAir,TempDis,,0.98850953420705
AreaMoDryAir,WindAloft,,0.9985886996986643
AreaMoDryAir,WindFieldMt,,0.4326486777883417
AreaMoDryAir,WindFieldPln,,0.9621474939432726
VISCloudCov,IRCloudCover,,0.7839355926508884
VISCloudCov,CombClouds,,3.543804611599735e-73
VISCloudCov,CldShadeOth,,1.727341521787489e-35
VISCloudCov,AMInstabMt,,0.2512707105504966
VISCloudCov,InsInMt,,0.320552684287805
VISCloudCov,WndHodograph,,0.8947400824966445
VISCloudCov,OutflowFrMt,,0.9506416744794763
VISCloudCov,MorningBound,,0.4765198063442674
VISCloudCov,Boundaries,,0.42979873505899613
VISCloudCov,CldShadeConv,,0.6299980538876657
VISCloudCov,CompPlFcst,,0.18996495709676045
VISCloudCov,CapChange,,0.18996495709676045
VISCloudCov,LoLevMoistAd,,0.5392180794507082
VISCloudCov,InsChange,,0.6216251170509128
VISCloudCov,MountainFcst,,0.7157876581295008
VISCloudCov,Date,,0.07252675141141335
VISCloudCov,Scenario,,0.4305686098791311
VISCloudCov,ScenRelAMCIN,,0.6414271252547478
VISCloudCov,MorningCIN,,0.8639932548595071
VISCloudCov,AMCINInScen,,0.5165311291798804
VISCloudCov,CapInScen,,0.39894094110364053
VISCloudCov,ScenRelAMIns,,0.42783419835750985
VISCloudCov,LIfr12ZDENSd,,0.4791475420256912
VISCloudCov,AMDewptCalPl,,0.20409889251021313
VISCloudCov,AMInsWliScen,,0.782138036359271
VISCloudCov,InsSclInScen,,0.5008450454625837
VISCloudCov,ScenRel3_4,,0.6261733395986584
VISCloudCov,LatestCIN,,0.1852783992911295
VISCloudCov,LLIW,,0.4157876415811875
VISCloudCov,CurPropConv,,0.3147457642362018
VISCloudCov,ScnRelPlFcst,,0.4305686098791311
VISCloudCov,PlainsFcst,,0.9213449874376689
VISCloudCov,N34StarFcst,,0.8127426484459324
VISCloudCov,R5Fcst,,0.35656409719474086
VISCloudCov,Dewpoints,,0.5428864480651465
VISCloudCov,LowLLapse,,0.5337182433610645
VISCloudCov,MeanRH,,0.8409624869580758
VISCloudCov,MidLLapse,,0.7460208920072249
VISCloudCov,MvmtFeatures,,0.5596841684293872
VISCloudCov,RHRatio,,0.8423356385417833
VISCloudCov,SfcWndShfDis,,0.7592518205065237
VISCloudCov,SynForcng,,0.085787988649635
VISCloudCov,TempDis,,0.3792132736839256
VISCloudCov,WindAloft,,0.17629252214914132
VISCloudCov,WindFieldMt,,0.019418591437139997
VISCloudCov,WindFieldPln,,0.23007731772046877
IRCloudCover,CombClouds,,9.07878823769783e-14
IRCloudCover,CldShadeOth,,8.682306948130176e-08
IRCloudCover,AMInstabMt,,0.06889052593830072
IRCloudCover,InsInMt,,0.4091162531358401
IRCloudCover,WndHodograph,,0.9460109693338984
IRCloudCover,OutflowFrMt,,0.9026154757968371
IRCloudCover,MorningBound,,0.5110792944213292
IRCloudCover,Boundaries,,0.7434376549634568
IRCloudCover,CldShadeConv,,0.6045214806813457
IRCloudCover,CompPlFcst,,0.7698015054322545
IRCloudCover,CapChange,,0.7698015054322545
IRCloudCover,LoLevMoistAd,,0.2557719386666754
IRCloudCover,InsChange,,0.7093177160815264
IRCloudCover,MountainFcst,,0.8593404064178878
IRCloudCover,Date,,0.39203980877958344
IRCloudCover,Scenario,,0.9907152719140199
IRCloudCover,ScenRelAMCIN,,0.5691603487788356
IRCloudCover,MorningCIN,,0.8241681777021258
IRCloudCover,AMCINInScen,,0.6617897573580211
IRCloudCover,CapInScen,,0.6819715669086378
IRCloudCover,ScenRelAMIns,,0.9670934261916184
IRCloudCover,LIfr12ZDENSd,,0.5669182128519985
IRCloudCover,AMDewptCalPl,,0.7191540829232352
IRCloudCover,AMInsWliScen,,0.7961452663534324
IRCloudCover,InsSclInScen,,0.8833819396368858
IRCloudCover,ScenRel3_4,,0.9297682344447783
IRCloudCover,LatestCIN,,0.6458570287953753
IRCloudCover,LLIW,,0.6809475196458312
IRCloudCover,CurPropConv,,0.9013838373995496
IRCloudCover,ScnRelPlFcst,,0.9907152719140199
IRCloudCover,PlainsFcst,,0.23041425199559495
IRCloudCover,N34StarFcst,,0.05894071050423346
IRCloudCover,R5Fcst,,0.9160167390820634
IRCloudCover,Dewpoints,,0.5529969917061237
IRCloudCover,LowLLapse,,0.22063402618365344
IRCloudCover,MeanRH,,0.5937565943770462
IRCloudCover,MidLLapse,,0.4559360222962424
IRCloudCover,MvmtFeatures,,0.8997337836237039
IRCloudCover,RHRatio,,0.47843943765295094
IRCloudCover,SfcWndShfDis,,0.5875024905378265
IRCloudCover,SynForcng,,0.8687504698616516
IRCloudCover,TempDis,,0.7756130702690355
IRCloudCover,WindAloft,,0.6121669164650592
IRCloudCover,WindFieldMt,,0.29842666913367794
IRCloudCover,WindFieldPln,,0.2917585247227561
CombClouds,CldShadeOth,,2.401108097071941e-90
CombClouds,AMInstabMt,,0.25841584237542853
CombClouds,InsInMt,,0.27276912115923196
CombClouds,WndHodograph,,0.8914178702449648
CombClouds,OutflowFrMt,,0.38537217960969933
CombClouds,MorningBound,,0.5429914560876798
CombClouds,Boundaries,,0.41417693590140436
CombClouds,CldShadeConv,,0.16088629806242588
CombClouds,CompPlFcst,,0.017399476644121715
CombClouds,CapChange,,0.017399476644121715
CombClouds,LoLevMoistAd,,0.7166440221599175
CombClouds,InsChange,,0.8491141727666343
CombClouds,MountainFcst,,0.8739544239734721
CombClouds,Date,,0.29066690491998703
CombClouds,Scenario,,0.5005603807253327
CombClouds,ScenRelAMCIN,,0.31156908079669765
CombClouds,MorningCIN,,0.54882602013827
CombClouds,AMCINInScen,,0.223955713963503
CombClouds,CapInScen,,0.1469429537632371
CombClouds,ScenRelAMIns,,0.7518140176187237
CombClouds,LIfr12ZDENSd,,0.4214525250366037
CombClouds,AMDewptCalPl,,0.26159439840670945
CombClouds,AMInsWliScen,,0.5814641527306013
CombClouds,InsSclInScen,,0.5013631122888087
CombClouds,ScenRel3_4,,0.08898346329071717
CombClouds,LatestCIN,,0.4148210090734443
CombClouds,LLIW,,0.7381438524594692
CombClouds,CurPropConv,,0.2776472764500147
CombClouds,ScnRelPlFcst,,0.5005603807253327
CombClouds,PlainsFcst,,0.6116364975352497
CombClouds,N34StarFcst,,0.5377943443834972
CombClouds,R5Fcst,,0.8349262981605814
CombClouds,Dewpoints,,0.2598887085167891
CombClouds,LowLLapse,,0.8325666566629588
CombClouds,MeanRH,,0.31000654185642407
CombClouds,MidLLapse,,0.5075991770450733
CombClouds,MvmtFeatures,,0.42605513651135685
CombClouds,RHRatio,,0.28263910787412017
CombClouds,SfcWndShfDis,,0.4712878943186729
CombClouds,SynForcng,,0.3684653276552969
CombClouds,TempDis,,0.45710600170763616
CombClouds,WindAloft,,0.20073091494001669
CombClouds,WindFieldMt,,0.049118719979304004
CombClouds,WindFieldPln,,0.8964609615405149
CldShadeOth,AMInstabMt,,0.013251889431392702
CldShadeOth,InsInMt,,0.005172254112043168
CldShadeOth,WndHodograph,,0.9290984538357839
CldShadeOth,OutflowFrMt,,0.436612797634917
CldShadeOth,MorningBound,,0.9196683791949263
CldShadeOth,Boundaries,,0.15177923961487322
CldShadeOth,CldShadeConv,,0.015573837897083442
CldShadeOth,CompPlFcst,,0.031410415159930254
CldShadeOth,CapChange,,0.031410415159930254
CldShadeOth,LoLevMoistAd,,0.1430569629364598
CldShadeOth,InsChange,,0.9539377692216691
CldShadeOth,MountainFcst,,0.6062622103084949
CldShadeOth,Date,,0.3324495716518349
CldShadeOth,Scenario,,0.8969320625383835
CldShadeOth,ScenRelAMCIN,,0.867143180471887
CldShadeOth,MorningCIN,,0.7626863743512556
CldShadeOth,AMCINInScen,,0.7324573510038942
CldShadeOth,CapInScen,,0.8491570932553398
CldShadeOth,ScenRelAMIns,,0.9119782291471319
CldShadeOth,LIfr12ZDENSd,,0.025754418289414067
CldShadeOth,AMDewptCalPl,,0.17633062366761468
CldShadeOth,AMInsWliScen,,0.19623882870630516
CldShadeOth,InsSclInScen,,0.4700323502129279
CldShadeOth,ScenRel3_4,,0.5228063284063855
CldShadeOth,LatestCIN,,0.5770385768957675
CldShadeOth,LLIW,,0.7457535595591203
CldShadeOth,CurPropConv,,0.7278859429754013
CldShadeOth,ScnRelPlFcst,,0.8969320625383835
CldShadeOth,PlainsFcst,,0.7818794733710295
CldShadeOth,N34StarFcst,,0.8569792598749001
CldShadeOth,R5Fcst,,0.6737238486294701
CldShadeOth,Dewpoints,,0.37205741064833203
CldShadeOth,LowLLapse,,0.29143493293241846
CldShadeOth,MeanRH,,0.3350214507873833
CldShadeOth,MidLLapse,,0.3004666660821326
CldShadeOth,MvmtFeatures,,0.4946606602543049
CldShadeOth,RHRatio,,0.5929047760573991
CldShadeOth,SfcWndShfDis,,0.6593195781203413
CldShadeOth,SynForcng,,0.09080420024323022
CldShadeOth,TempDis,,0.48955037914023325
CldShadeOth,WindAloft,,0.8293740124484695
CldShadeOth,WindFieldMt,,0.44110037237000344
CldShadeOth,WindFieldPln,,0.8401437922212274
AMInstabMt,InsInMt,,4.3331304427451136e-11
AMInstabMt,WndHodograph,,0.6459874966810997
AMInstabMt,OutflowFrMt,,0.00932664787936406
AMInstabMt,MorningBound,,0.6715234748916674
AMInstabMt,Boundaries,,0.8216617436303172
AMInstabMt,CldShadeConv,,0.44028015818288646
AMInstabMt,CompPlFcst,,0.6257895895958738
AMInstabMt,CapChange,,0.6257895895958738
AMInstabMt,LoLevMoistAd,,0.6329294819249416
AMInstabMt,InsChange,,0.4047350087705456
AMInstabMt,MountainFcst,,0.023358449573372644
AMInstabMt,Date,,0.6904729719250435
AMInstabMt,Scenario,,0.3181094379632159
AMInstabMt,ScenRelAMCIN,,0.8916833352593483
AMInstabMt,MorningCIN,,0.5162766096703917
AMInstabMt,AMCINInScen,,0.7215590979154802
AMInstabMt,CapInScen,,0.4231881015396999
AMInstabMt,ScenRelAMIns,,0.3465819391960726
AMInstabMt,LIfr12ZDENSd,,0.8868937440761773
AMInstabMt,AMDewptCalPl,,0.7896707250007737
AMInstabMt,AMInsWliScen,,0.18311125045796026
AMInstabMt,InsSclInScen,,0.5593573314626279
AMInstabMt,ScenRel3_4,,0.5972954320006987
AMInstabMt,LatestCIN,,0.2333046648137224
AMInstabMt,LLIW,,0.09978478369830253
AMInstabMt,CurPropConv,,0.18945284234131923
AMInstabMt,ScnRelPlFcst,,0.3181094379632159
AMInstabMt,PlainsFcst,,0.3092271095051632
AMInstabMt,N34StarFcst,,0.39070553814969006
AMInstabMt,R5Fcst,,0.01938011495623388
AMInstabMt,Dewpoints,,0.31903318377078377
AMInstabMt,LowLLapse,,0.19682029433007014
AMInstabMt,MeanRH,,0.1276405395015638
AMInstabMt,MidLLapse,,0.5180705933302308
AMInstabMt,MvmtFeatures,,0.32174390482974147
AMInstabMt,RHRatio,,0.48783378280439216
AMInstabMt,SfcWndShfDis,,0.4956345922552816
AMInstabMt,SynForcng,,0.055072613808062956
AMInstabMt,TempDis,,0.020205633470354034
AMInstabMt,WindAloft,,0.4645447815509959
AMInstabMt,WindFieldMt,,0.7940357140964669
AMInstabMt,WindFieldPln,,0.9618169822997678
InsInMt,WndHodograph,,0.07930522465161007
InsInMt,OutflowFrMt,,0.0008801270142484343
InsInMt,MorningBound,,0.7534663943139728
InsInMt,Boundaries,,0.6571768514673197
InsInMt,CldShadeConv,,1.9102363600644973e-13
InsInMt,CompPlFcst,,0.5923073912020507
InsInMt,CapChange,,0.5923073912020507
InsInMt,LoLevMoistAd,,0.9305143287654172
InsInMt,InsChange,,0.6387352633986407
InsInMt,MountainFcst,,3.9201912240238144e-10
InsInMt,Date,,0.3817232737551806
InsInMt,Scenario,,0.6636657285343729
InsInMt,ScenRelAMCIN,,0.8275742244192559
InsInMt,MorningCIN,,0.7675054851538663
InsInMt,AMCINInScen,,0.9062893107490438
InsInMt,CapInScen,,0.6227640492328665
InsInMt,ScenRelAMIns,,0.1959935591516014
InsInMt,LIfr12ZDENSd,,0.17806796090714788
InsInMt,AMDewptCalPl,,0.6449254048489372
InsInMt,AMInsWliScen,,0.14564005674175615
InsInMt,InsSclInScen,,0.8492244017887678
InsInMt,ScenRel3_4,,0.7223384081601172
InsInMt,LatestCIN,,0.0068113226245124225
InsInMt,LLIW,,0.1234151849212625
InsInMt,CurPropConv,,0.6531366666951881
InsInMt,ScnRelPlFcst,,0.6636657285343729
InsInMt,PlainsFcst,,0.5198970695438274
InsInMt,N34StarFcst,,0.6902078551700767
InsInMt,R5Fcst,,1.779978413994079e-05
InsInMt,Dewpoints,,0.9484966456541744
InsInMt,LowLLapse,,0.8342636517181349
InsInMt,MeanRH,,0.655088605372776
InsInMt,MidLLapse,,0.14060476557194068
InsInMt,MvmtFeatures,,0.5078512233203172
InsInMt,RHRatio,,0.8931109078172036
InsInMt,SfcWndShfDis,,0.6678074612332064
InsInMt,SynForcng,,0.06599952718979536
InsInMt,TempDis,,0.8858292519350396
InsInMt,WindAloft,,0.24729308134994155
InsInMt,WindFieldMt,,0.22232555875008161
InsInMt,WindFieldPln,,0.9183326331321674
WndHodograph,OutflowFrMt,,6.40037578610325e-11
WndHodograph,MorningBound,,0.8019265884178908
WndHodograph,Boundaries,,0.12171446009855144
WndHodograph,CldShadeConv,,5.071962779545104e-19
WndHodograph,CompPlFcst,,0.969983825841769
WndHodograph,CapChange,,0.969983825841769
WndHodograph,LoLevMoistAd,,0.5903973762637886
WndHodograph,InsChange,,0.8098349852527832
WndHodograph,MountainFcst,,0.7287865759602821
WndHodograph,Date,,0.37372065222403605
WndHodograph,Scenario,,0.8488476587548003
WndHodograph,ScenRelAMCIN,,0.6600980929098479
WndHodograph,MorningCIN,,0.08867804074194069
WndHodograph,AMCINInScen,,0.6592415639784408
WndHodograph,CapInScen,,0.3566964629186212
WndHodograph,ScenRelAMIns,,0.7398159438359766
WndHodograph,LIfr12ZDENSd,,0.7441980643384498
WndHodograph,AMDewptCalPl,,0.7921588315746413
WndHodograph,AMInsWliScen,,0.003744470557441301
WndHodograph,InsSclInScen,,0.6266244884227272
WndHodograph,ScenRel3_4,,0.5897020756041216
WndHodograph,LatestCIN,,0.9984904036583779
WndHodograph,LLIW,,0.6172528228133273
WndHodograph,CurPropConv,,0.183802953772771
WndHodograph,ScnRelPlFcst,,0.8488476587548003
WndHodograph,PlainsFcst,,0.9405530563971015
WndHodograph,N34StarFcst,,0.8034677587996587
WndHodograph,R5Fcst,,0.9651262240440132
WndHodograph,Dewpoints,,0.6305278722921759
WndHodograph,LowLLapse,,0.9605102243147413
WndHodograph,MeanRH,,0.5058864947433761
WndHodograph,MidLLapse,,0.7348451314928147
WndHodograph,MvmtFeatures,,0.8309329554749517
WndHodograph,RHRatio,,0.8730482900702683
WndHodograph,SfcWndShfDis,,0.7209880545206697
WndHodograph,SynForcng,,0.9722880468829864
WndHodograph,TempDis,,0.9515265073771378
WndHodograph,WindAloft,,0.7473547829283173
WndHodograph,WindFieldMt,,0.7046509428654155
WndHodograph,WindFieldPln,,0.4203807001192121
OutflowFrMt,MorningBound,,0.6541023318960887
OutflowFrMt,Boundaries,,6.567750646799513e-07
OutflowFrMt,CldShadeConv,,0.10740669342353533
OutflowFrMt,CompPlFcst,,0.42691896405016017
OutflowFrMt,CapChange,,0.42691896405016017
OutflowFrMt,LoLevMoistAd,,0.9297683534194546
OutflowFrMt,InsChange,,0.2180725875339829
OutflowFrMt,MountainFcst,,0.9521706510273322
OutflowFrMt,Date,,0.27938434576519516
OutflowFrMt,Scenario,,0.8920613653058876
OutflowFrMt,ScenRelAMCIN,,0.4012773014766393
OutflowFrMt,MorningCIN,,0.07221474934273968
OutflowFrMt,AMCINInScen,,0.37986001096619276
OutflowFrMt,CapInScen,,0.45132491787756446
OutflowFrMt,ScenRelAMIns,,0.7036006785075493
OutflowFrMt,LIfr12ZDENSd,,0.04469075462743025
OutflowFrMt,AMDewptCalPl,,0.961027569921751
OutflowFrMt,AMInsWliScen,,0.17491058114320884
OutflowFrMt,InsSclInScen,,0.47114121045987833
OutflowFrMt,ScenRel3_4,,0.9346592656710419
OutflowFrMt,LatestCIN,,0.25763116281234105
OutflowFrMt,LLIW,,0.9776570232634759
OutflowFrMt,CurPropConv,,0.827293991898937
OutflowFrMt,ScnRelPlFcst,,0.8920613653058876
OutflowFrMt,PlainsFcst,,0.48571268955704716
OutflowFrMt,N34StarFcst,,0.5474011236344452
OutflowFrMt,R5Fcst,,0.5618662675902004
OutflowFrMt,Dewpoints,,0.5237367048479686
OutflowFrMt,LowLLapse,,0.31052833729586105
OutflowFrMt,MeanRH,,0.07747553830780289
OutflowFrMt,MidLLapse,,0.17659171015331093
OutflowFrMt,MvmtFeatures,,0.962603678142219
OutflowFrMt,RHRatio,,0.6854625567122216
OutflowFrMt,SfcWndShfDis,,0.707596130041556
OutflowFrMt,SynForcng,,0.7908938241187542
OutflowFrMt,TempDis,,0.7995945270275423
OutflowFrMt,WindAloft,,0.8008741014914722
OutflowFrMt,WindFieldMt,,0.8602043495024756
OutflowFrMt,WindFieldPln,,0.36195209928119043
MorningBound,Boundaries,,4.7394308629806e-10
MorningBound,CldShadeConv,,0.9179633723593106
MorningBound,CompPlFcst,,0.3962446447035406
MorningBound,CapChange,,0.3962446447035406
MorningBound,LoLevMoistAd,,0.8815822239886193
MorningBound,InsChange,,0.4281242907727999
MorningBound,MountainFcst,,0.10605930206413898
MorningBound,Date,,0.5591151000647029
MorningBound,Scenario,,0.9574104581622881
MorningBound,ScenRelAMCIN,,0.34932570187776846
MorningBound,MorningCIN,,0.5922342195038546
MorningBound,AMCINInScen,,0.2361120804442911
MorningBound,CapInScen,,0.25976845844719787
MorningBound,ScenRelAMIns,,0.9350178643309844
MorningBound,LIfr12ZDENSd,,0.08048847271832711
MorningBound,AMDewptCalPl,,0.925405216877069
MorningBound,AMInsWliScen,,0.3890926079913352
MorningBound,InsSclInScen,,0.6985876894455757
MorningBound,ScenRel3_4,,0.8675655044225582
MorningBound,LatestCIN,,0.21169922420282405
MorningBound,LLIW,,0.830635205456244
MorningBound,CurPropConv,,0.9486084186488767
MorningBound,ScnRelPlFcst,,0.9574104581622881
MorningBound,PlainsFcst,,0.45931801221323654
MorningBound,N34StarFcst,,0.4229611793625393
MorningBound,R5Fcst,,0.05212612737294202
MorningBound,Dewpoints,,0.39409394895989613
MorningBound,LowLLapse,,0.8919855923418071
MorningBound,MeanRH,,0.7149313684228185
MorningBound,MidLLapse,,0.26129446416395563
MorningBound,MvmtFeatures,,0.4629988374418763
MorningBound,RHRatio,,0.07227832820180703
MorningBound,SfcWndShfDis,,0.9780923342570014
MorningBound,SynForcng,,0.4204558319868029
MorningBound,TempDis,,0.9855477969280874
MorningBound,WindAloft,,0.5313213120856843
MorningBound,WindFieldMt,,0.07056826610127041
MorningBound,WindFieldPln,,0.9747341712229379
Boundaries,CldShadeConv,,0.22516700482809632
Boundaries,CompPlFcst,,0.24210331440281557
Boundaries,CapChange,,0.24210331440281557
Boundaries,LoLevMoistAd,,0.6765068428222198
Boundaries,InsChange,,0.30132226189507005
Boundaries,MountainFcst,,0.11127146272205894
Boundaries,Date,,0.3672075435821353
Boundaries,Scenario,,0.8913697252341575
Boundaries,ScenRelAMCIN,,0.9390318401181385
Boundaries,MorningCIN,,0.6883353360017417
Boundaries,AMCINInScen,,0.7961591241594232
Boundaries,CapInScen,,0.6853380926750852
Boundaries,ScenRelAMIns,,0.9667385967369442
Boundaries,LIfr12ZDENSd,,0.11391784989399924
Boundaries,AMDewptCalPl,,0.2187685048223857
Boundaries,AMInsWliScen,,0.16549233585762357
Boundaries,InsSclInScen,,0.33866194341524747
Boundaries,ScenRel3_4,,0.7819991662307365
Boundaries,LatestCIN,,0.9353575260821754
Boundaries,LLIW,,0.7868679034839507
Boundaries,CurPropConv,,0.6365092847342533
Boundaries,ScnRelPlFcst,,0.8913697252341575
Boundaries,PlainsFcst,,0.15605294929720445
Boundaries,N34StarFcst,,0.33052606464883916
Boundaries,R5Fcst,,0.10661513593939731
Boundaries,Dewpoints,,0.46339585139938355
Boundaries,LowLLapse,,0.7807346028578249
Boundaries,MeanRH,,0.8289184205303453
Boundaries,MidLLapse,,0.1816601580830743
Boundaries,MvmtFeatures,,0.5598162687483261
Boundaries,RHRatio,,0.38931880025398974
Boundaries,SfcWndShfDis,,0.47967539507329804
Boundaries,SynForcng,,0.43345120025882145
Boundaries,TempDis,,0.4683967819636513
Boundaries,WindAloft,,0.031584774027185625
Boundaries,WindFieldMt,,0.6941415635201797
Boundaries,WindFieldPln,,0.06861894486011061
CldShadeConv,CompPlFcst,,0.06245786209049388
CldShadeConv,CapChange,,0.06245786209049388
CldShadeConv,LoLevMoistAd,,0.4452723246399407
CldShadeConv,InsChange,,0.02000656353101958
CldShadeConv,MountainFcst,,0.21585338588730912
CldShadeConv,Date,,0.3484540317267663
CldShadeConv,Scenario,,0.874984775797917
CldShadeConv,ScenRelAMCIN,,0.556109024387397
CldShadeConv,MorningCIN,,0.9774012138750144
CldShadeConv,AMCINInScen,,0.6593705061155779
CldShadeConv,CapInScen,,0.8166676672060174
CldShadeConv,ScenRelAMIns,,0.6782481086610088
CldShadeConv,LIfr12ZDENSd,,0.469669952627665
CldShadeConv,AMDewptCalPl,,0.6053665392303471
CldShadeConv,AMInsWliScen,,0.5176520651698389
CldShadeConv,InsSclInScen,,0.8555989831712922
CldShadeConv,ScenRel3_4,,0.6435443604539864
CldShadeConv,LatestCIN,,0.061056794415345284
CldShadeConv,LLIW,,0.09865707345755205
CldShadeConv,CurPropConv,,0.20562152397441913
CldShadeConv,ScnRelPlFcst,,0.874984775797917
CldShadeConv,PlainsFcst,,0.827358195155767
CldShadeConv,N34StarFcst,,0.9982185415370289
CldShadeConv,R5Fcst,,0.15987692687504368
CldShadeConv,Dewpoints,,0.02916660333474991
CldShadeConv,LowLLapse,,0.52103105973033
CldShadeConv,MeanRH,,0.2918727542020827
CldShadeConv,MidLLapse,,0.23697817172651744
CldShadeConv,MvmtFeatures,,0.7870118597869374
CldShadeConv,RHRatio,,0.7999431377825512
CldShadeConv,SfcWndShfDis,,0.6468174183486379
CldShadeConv,SynForcng,,0.11119073724697517
CldShadeConv,TempDis,,0.7767505348203552
CldShadeConv,WindAloft,,0.4301657650738472
CldShadeConv,WindFieldMt,,0.6151229700829302
CldShadeConv,WindFieldPln,,0.6303839195972499
CompPlFcst,CapChange,,8.622039358485905e-255
CompPlFcst,LoLevMoistAd,,0.6150625331951336
CompPlFcst,InsChange,,2.444679258418486e-10
CompPlFcst,MountainFcst,,0.7227397100508244
CompPlFcst,Date,,0.7309199945897775
CompPlFcst,Scenario,,0.7770614377242774
CompPlFcst,ScenRelAMCIN,,0.8617923412953774
CompPlFcst,MorningCIN,,0.8880634604150881
CompPlFcst,AMCINInScen,,0.9863780599057633
CompPlFcst,CapInScen,,1.9504829889526217e-39
CompPlFcst,ScenRelAMIns,,0.6872958064395936
CompPlFcst,LIfr12ZDENSd,,0.332097734129515
CompPlFcst,AMDewptCalPl,,0.23852982397894568
CompPlFcst,AMInsWliScen,,0.9736711195809465
CompPlFcst,InsSclInScen,,0.16155584399217912
CompPlFcst,ScenRel3_4,,0.9286234111553602
CompPlFcst,LatestCIN,,0.8913203124690599
CompPlFcst,LLIW,,0.8306203383513717
CompPlFcst,CurPropConv,,0.07147414617254333
CompPlFcst,ScnRelPlFcst,,0.7770614377242774
CompPlFcst,PlainsFcst,,0.421844435204319
CompPlFcst,N34StarFcst,,0.3461920841169793
CompPlFcst,R5Fcst,,0.8577019619125703
CompPlFcst,Dewpoints,,0.6333476444025099
CompPlFcst,LowLLapse,,0.2860669745768211
CompPlFcst,MeanRH,,0.9313658457483748
CompPlFcst,MidLLapse,,0.7714549366043431
CompPlFcst,MvmtFeatures,,0.10120757161720594
CompPlFcst,RHRatio,,0.8892066714299705
CompPlFcst,SfcWndShfDis,,0.8922222403518284
CompPlFcst,SynForcng,,0.5372944404740914
CompPlFcst,TempDis,,0.10670343075310816
CompPlFcst,WindAloft,,0.4370091133078279
CompPlFcst,WindFieldMt,,0.509753213978996
CompPlFcst,WindFieldPln,,0.6777892927414944
CapChange,LoLevMoistAd,,0.6150625331951336
CapChange,InsChange,,2.444679258418486e-10
CapChange,MountainFcst,,0.7227397100508244
CapChange,Date,,0.7309199945897775
CapChange,Scenario,,0.7770614377242774
CapChange,ScenRelAMCIN,,0.8617923412953774
CapChange,MorningCIN,,0.8880634604150881
CapChange,AMCINInScen,,0.9863780599057633
CapChange,CapInScen,,1.9504829889526217e-39
CapChange,ScenRelAMIns,,0.6872958064395936
CapChange,LIfr12ZDENSd,,0.332097734129515
CapChange,AMDewptCalPl,,0.23852982397894568
CapChange,AMInsWliScen,,0.9736711195809465
CapChange,InsSclInScen,,0.16155584399217912
CapChange,ScenRel3_4,,0.9286234111553602
CapChange,LatestCIN,,0.8913203124690599
CapChange,LLIW,,0.8306203383513717
CapChange,CurPropConv,,0.07147414617254333
CapChange,ScnRelPlFcst,,0.7770614377242774
CapChange,PlainsFcst,,0.421844435204319
CapChange,N34StarFcst,,0.3461920841169793
CapChange,R5Fcst,,0.8577019619125703
CapChange,Dewpoints,,0.6333476444025099
CapChange,LowLLapse,,0.2860669745768211
CapChange,MeanRH,,0.9313658457483748
CapChange,MidLLapse,,0.7714549366043431
CapChange,MvmtFeatures,,0.10120757161720594
CapChange,RHRatio,,0.8892066714299705
CapChange,SfcWndShfDis,,0.8922222403518284
CapChange,SynForcng,,0.5372944404740914
CapChange,TempDis,,0.10670343075310816
CapChange,WindAloft,,0.4370091133078279
CapChange,WindFieldMt,,0.509753213978996
CapChange,WindFieldPln,,0.6777892927414944
LoLevMoistAd,InsChange,,7.720237538849621e-56
LoLevMoistAd,MountainFcst,,0.1960426384781034
LoLevMoistAd,Date,,0.5178569727638734
LoLevMoistAd,Scenario,,0.5602863055037198
LoLevMoistAd,ScenRelAMCIN,,0.4969297000496067
LoLevMoistAd,MorningCIN,,0.09457669599876312
LoLevMoistAd,AMCINInScen,,0.9835477793590658
LoLevMoistAd,CapInScen,,0.6815729263154147
LoLevMoistAd,ScenRelAMIns,,0.44317048669964343
LoLevMoistAd,LIfr12ZDENSd,,0.5106302441282261
LoLevMoistAd,AMDewptCalPl,,0.8072260400690557
LoLevMoistAd,AMInsWliScen,,0.5502617338308544
LoLevMoistAd,InsSclInScen,,5.277389466214432e-10
LoLevMoistAd,ScenRel3_4,,0.5449742239156032
LoLevMoistAd,LatestCIN,,0.7331111728459438
LoLevMoistAd,LLIW,,0.7464147770773936
LoLevMoistAd,CurPropConv,,0.9361911617295294
LoLevMoistAd,ScnRelPlFcst,,0.5602863055037198
LoLevMoistAd,PlainsFcst,,0.301137765805001
LoLevMoistAd,N34StarFcst,,0.2488943953332087
LoLevMoistAd,R5Fcst,,0.8104245324302985
LoLevMoistAd,Dewpoints,,0.9215020004163519
LoLevMoistAd,LowLLapse,,0.7027362168439399
LoLevMoistAd,MeanRH,,0.22355925242471747
LoLevMoistAd,MidLLapse,,0.3458125310526349
LoLevMoistAd,MvmtFeatures,,0.6885683266296162
LoLevMoistAd,RHRatio,,0.5550142860392007
LoLevMoistAd,SfcWndShfDis,,0.37207688858282595
LoLevMoistAd,SynForcng,,0.608805367314385
LoLevMoistAd,TempDis,,0.7451971216821741
LoLevMoistAd,WindAloft,,0.19527483040772323
LoLevMoistAd,WindFieldMt,,0.42514406775664293
LoLevMoistAd,WindFieldPln,,0.8291782527925844
InsChange,MountainFcst,,0.4926741422212334
InsChange,Date,,0.22846138193247584
InsChange,Scenario,,0.5580614756376093
InsChange,ScenRelAMCIN,,0.12831357757075634
InsChange,MorningCIN,,0.6819519189286545
InsChange,AMCINInScen,,0.7383803352913012
InsChange,CapInScen,,0.009753903708598298
InsChange,ScenRelAMIns,,0.7305794728172668
InsChange,LIfr12ZDENSd,,0.6384632307701192
InsChange,AMDewptCalPl,,0.6604980277145275
InsChange,AMInsWliScen,,0.08417739853365284
InsChange,InsSclInScen,,4.367525382829649e-31
InsChange,ScenRel3_4,,0.720979014870706
InsChange,LatestCIN,,0.6460193389315917
InsChange,LLIW,,0.4365812904743206
InsChange,CurPropConv,,0.7712063405791467
InsChange,ScnRelPlFcst,,0.5580614756376093
InsChange,PlainsFcst,,0.00045333165626966254
InsChange,N34StarFcst,,0.001652829914861316
InsChange,R5Fcst,,0.26641514049853654
InsChange,Dewpoints,,0.2785252286453389
InsChange,LowLLapse,,0.07772821054411624
InsChange,MeanRH,,0.42988098661892826
InsChange,MidLLapse,,0.20461868350488668
InsChange,MvmtFeatures,,0.1904599363483604
InsChange,RHRatio,,0.7351504779576574
InsChange,SfcWndShfDis,,0.04437001901756112
InsChange,SynForcng,,0.5157149400380898
InsChange,TempDis,,0.9824486377823074
InsChange,WindAloft,,0.3534565538698552
InsChange,WindFieldMt,,0.696304505852311
InsChange,WindFieldPln,,0.8952437986786745
MountainFcst,Date,,0.2453216400986153
MountainFcst,Scenario,,0.6238858277316688
MountainFcst,ScenRelAMCIN,,0.22746024147729324
MountainFcst,MorningCIN,,0.438037669736306
MountainFcst,AMCINInScen,,0.13395641368849773
MountainFcst,CapInScen,,0.19289309595666299
MountainFcst,ScenRelAMIns,,0.6872757167424214
MountainFcst,LIfr12ZDENSd,,0.5930415978585564
MountainFcst,AMDewptCalPl,,0.08172151306179766
MountainFcst,AMInsWliScen,,0.31622670112584456
MountainFcst,InsSclInScen,,0.1073409316784568
MountainFcst,ScenRel3_4,,0.1923959384183218
MountainFcst,LatestCIN,,0.23952368634191318
MountainFcst,LLIW,,0.3288382299417368
MountainFcst,CurPropConv,,0.5667538323098129
MountainFcst,ScnRelPlFcst,,0.6238858277316688
MountainFcst,PlainsFcst,,0.6544220740561548
MountainFcst,N34StarFcst,,0.5054692758392608
MountainFcst,R5Fcst,,1.0345077714484989e-119
MountainFcst,Dewpoints,,0.6939054176236714
MountainFcst,LowLLapse,,0.20368695580370036
MountainFcst,MeanRH,,0.783442963041128
MountainFcst,MidLLapse,,0.9969985581779747
MountainFcst,MvmtFeatures,,0.8512499497525504
MountainFcst,RHRatio,,0.9748125044986136
MountainFcst,SfcWndShfDis,,0.11839023560342153
MountainFcst,SynForcng,,0.4379217001637151
MountainFcst,TempDis,,0.6381345214833793
MountainFcst,WindAloft,,0.8231283838381033
MountainFcst,WindFieldMt,,0.8410506103679243
MountainFcst,WindFieldPln,,0.9510178009523839
Date,Scenario,,0.00032977962344126225
Date,ScenRelAMCIN,,0.0008874709277645631
Date,MorningCIN,,0.7576548581222413
Date,AMCINInScen,,0.1837554388093922
Date,CapInScen,,0.05944446987393393
Date,ScenRelAMIns,,0.0338768618077326
Date,LIfr12ZDENSd,,0.03222273695475023
Date,AMDewptCalPl,,0.8881139816736306
Date,AMInsWliScen,,0.2151931916347866
Date,InsSclInScen,,0.22228173348417454
Date,ScenRel3_4,,0.00020441963202831256
Date,LatestCIN,,0.699952616102044
Date,LLIW,,0.6628251266175141
Date,CurPropConv,,0.6195985533240634
Date,ScnRelPlFcst,,0.00032977962344126225
Date,PlainsFcst,,0.21425256441995286
Date,N34StarFcst,,0.24437815162567067
Date,R5Fcst,,0.12265642057617394
Date,Dewpoints,,0.06351933491470284
Date,LowLLapse,,0.7637868437519377
Date,MeanRH,,0.24764368106533596
Date,MidLLapse,,0.6752173913012001
Date,MvmtFeatures,,0.03531257104254516
Date,RHRatio,,0.3370789526937116
Date,SfcWndShfDis,,0.31492169380660917
Date,SynForcng,,0.20430472601927943
Date,TempDis,,0.8734029356000225
Date,WindAloft,,0.00012905807547316828
Date,WindFieldMt,,0.07728903090215854
Date,WindFieldPln,,0.06718164735705438
Scenario,ScenRelAMCIN,,1.1957557747023482e-127
Scenario,MorningCIN,,0.6382024024473857
Scenario,AMCINInScen,,0.20612348412551695
Scenario,CapInScen,,0.26472151830382523
Scenario,ScenRelAMIns,,2.99524839354468e-229
Scenario,LIfr12ZDENSd,,0.4481564503686558
Scenario,AMDewptCalPl,,0.8523245329224107
Scenario,AMInsWliScen,,2.4564270491315063e-05
Scenario,InsSclInScen,,0.05587274576648118
Scenario,ScenRel3_4,,1.00843489619503e-280
Scenario,LatestCIN,,0.5863288825351762
Scenario,LLIW,,0.2033326600562171
Scenario,CurPropConv,,0.9467867704159608
Scenario,ScnRelPlFcst,,0.0
Scenario,PlainsFcst,,0.0013518352252662356
Scenario,N34StarFcst,,0.07106356131333381
Scenario,R5Fcst,,0.02849558842697884
Scenario,Dewpoints,,1.996517439640678e-52
Scenario,LowLLapse,,2.065912426643968e-20
Scenario,MeanRH,,5.859808276713789e-16
Scenario,MidLLapse,,7.150620786514038e-08
Scenario,MvmtFeatures,,5.292056092889772e-54
Scenario,RHRatio,,1.2604927881372518e-27
Scenario,SfcWndShfDis,,7.386219944015526e-99
Scenario,SynForcng,,1.1316549031627706e-35
Scenario,TempDis,,6.369154851179064e-40
Scenario,WindAloft,,5.0476870296845576e-67
Scenario,WindFieldMt,,2.427518597054785e-29
Scenario,WindFieldPln,,3.4236591019823126e-99
ScenRelAMCIN,MorningCIN,,0.2953884699636209
ScenRelAMCIN,AMCINInScen,,0.00015310743956467533
ScenRelAMCIN,CapInScen,,0.00839182398088223
ScenRelAMCIN,ScenRelAMIns,,1.4226831897166065e-72
ScenRelAMCIN,LIfr12ZDENSd,,0.2876496802989992
ScenRelAMCIN,AMDewptCalPl,,0.8339825638531904
ScenRelAMCIN,AMInsWliScen,,7.0631534092947745e-06
ScenRelAMCIN,InsSclInScen,,0.021613824736336724
ScenRelAMCIN,ScenRel3_4,,3.921666232214846e-85
ScenRelAMCIN,LatestCIN,,0.27247939908696256
ScenRelAMCIN,LLIW,,0.2116859211782227
ScenRelAMCIN,CurPropConv,,0.9401016762378294
ScenRelAMCIN,ScnRelPlFcst,,1.1957557747023482e-127
ScenRelAMCIN,PlainsFcst,,2.272058201190164e-06
ScenRelAMCIN,N34StarFcst,,0.00015480989106894015
ScenRelAMCIN,R5Fcst,,0.0014442451119992177
ScenRelAMCIN,Dewpoints,,3.403798060067681e-06
ScenRelAMCIN,LowLLapse,,3.833675289264426e-10
ScenRelAMCIN,MeanRH,,1.7583989909350575e-13
ScenRelAMCIN,MidLLapse,,0.0032069471698724828
ScenRelAMCIN,MvmtFeatures,,0.00012679049280467375
ScenRelAMCIN,RHRatio,,8.186799403736541e-08
ScenRelAMCIN,SfcWndShfDis,,6.5942857037543615e-56
ScenRelAMCIN,SynForcng,,7.937620030068644e-05
ScenRelAMCIN,TempDis,,7.346387027410554e-05
ScenRelAMCIN,WindAloft,,1.1002913515636257e-11
ScenRelAMCIN,WindFieldMt,,0.3781425450877475
ScenRelAMCIN,WindFieldPln,,4.060436592314928e-49
MorningCIN,AMCINInScen,,5.001358080255196e-62
MorningCIN,CapInScen,,5.998432046793913e-19
MorningCIN,ScenRelAMIns,,0.5944236465965911
MorningCIN,LIfr12ZDENSd,,0.18930283464114178
MorningCIN,AMDewptCalPl,,0.2419143645686772
MorningCIN,AMInsWliScen,,0.9674536641015025
MorningCIN,InsSclInScen,,0.7731484104750223
MorningCIN,ScenRel3_4,,0.28133479737140227
MorningCIN,LatestCIN,,0.17664466370427473
MorningCIN,LLIW,,0.9895213978937881
MorningCIN,CurPropConv,,0.7533288898621054
MorningCIN,ScnRelPlFcst,,0.6382024024473857
MorningCIN,PlainsFcst,,0.5354664332148668
MorningCIN,N34StarFcst,,0.7326976359257599
MorningCIN,R5Fcst,,0.14438627434068366
MorningCIN,Dewpoints,,0.4895813596749371
MorningCIN,LowLLapse,,0.9182477206941143
MorningCIN,MeanRH,,0.685711555066111
MorningCIN,MidLLapse,,0.9098568745330788
MorningCIN,MvmtFeatures,,0.26679324047149866
MorningCIN,RHRatio,,0.1817519418823394
MorningCIN,SfcWndShfDis,,0.0702547438246036
MorningCIN,SynForcng,,0.6326485019652158
MorningCIN,TempDis,,0.2394836605943987
MorningCIN,WindAloft,,0.7473781594301594
MorningCIN,WindFieldMt,,0.9042202507413956
MorningCIN,WindFieldPln,,0.39133077189683385
AMCINInScen,CapInScen,,3.0687794609272864e-63
AMCINInScen,ScenRelAMIns,,0.22684569197691956
AMCINInScen,LIfr12ZDENSd,,0.34545603475433373
AMCINInScen,AMDewptCalPl,,0.8152318432541139
AMCINInScen,AMInsWliScen,,0.7805473479070573
AMCINInScen,InsSclInScen,,0.8739645920472165
AMCINInScen,ScenRel3_4,,0.13656088125759172
AMCINInScen,LatestCIN,,0.5710865856941922
AMCINInScen,LLIW,,0.9613858741709561
AMCINInScen,CurPropConv,,0.32645996018725715
AMCINInScen,ScnRelPlFcst,,0.20612348412551706
AMCINInScen,PlainsFcst,,0.47269201541636796
AMCINInScen,N34StarFcst,,0.5576745890427989
AMCINInScen,R5Fcst,,0.14770004802664288
AMCINInScen,Dewpoints,,0.8737903479602156
AMCINInScen,LowLLapse,,0.14679149358271362
AMCINInScen,MeanRH,,0.9696681987493879
AMCINInScen,MidLLapse,,0.5460548944327228
AMCINInScen,MvmtFeatures,,0.5670187386803904
AMCINInScen,RHRatio,,0.8388544772165746
AMCINInScen,SfcWndShfDis,,0.16651453230945998
AMCINInScen,SynForcng,,0.752273329540927
AMCINInScen,TempDis,,0.6403037242379759
AMCINInScen,WindAloft,,0.23695610514741328
AMCINInScen,WindFieldMt,,0.38198202407506854
AMCINInScen,WindFieldPln,,0.09955546990471408
CapInScen,ScenRelAMIns,,0.5090253847076054
CapInScen,LIfr12ZDENSd,,0.7181165059388688
CapInScen,AMDewptCalPl,,0.20433078908483887
CapInScen,AMInsWliScen,,0.9348815073766608
CapInScen,InsSclInScen,,0.47744448104790205
CapInScen,ScenRel3_4,,0.22408132314986456
CapInScen,LatestCIN,,0.5651739892458549
CapInScen,LLIW,,0.40692384813787846
CapInScen,CurPropConv,,0.44232644500968255
CapInScen,ScnRelPlFcst,,0.26472151830382523
CapInScen,PlainsFcst,,0.08057690789019474
CapInScen,N34StarFcst,,0.29509729131657103
CapInScen,R5Fcst,,0.12539829510422534
CapInScen,Dewpoints,,0.8871316961518314
CapInScen,LowLLapse,,0.18455950741696106
CapInScen,MeanRH,,0.9227593411829648
CapInScen,MidLLapse,,0.06348381482570858
CapInScen,MvmtFeatures,,0.6184454013119611
CapInScen,RHRatio,,0.9732094410321318
CapInScen,SfcWndShfDis,,0.29671118354446363
CapInScen,SynForcng,,0.5917106035049384
CapInScen,TempDis,,0.16524360805401503
CapInScen,WindAloft,,0.8063497333971108
CapInScen,WindFieldMt,,0.46261017097907586
CapInScen,WindFieldPln,,0.885352097713933
ScenRelAMIns,LIfr12ZDENSd,,0.6746577417464934
ScenRelAMIns,AMDewptCalPl,,0.4838876528431826
ScenRelAMIns,AMInsWliScen,,5.462872860432853e-06
ScenRelAMIns,InsSclInScen,,0.12572956219462572
ScenRelAMIns,ScenRel3_4,,2.4477564936886993e-123
ScenRelAMIns,LatestCIN,,0.3935335061955711
ScenRelAMIns,LLIW,,0.550948982955946
ScenRelAMIns,CurPropConv,,0.9799175617927195
ScenRelAMIns,ScnRelPlFcst,,2.995248393545021e-229
ScenRelAMIns,PlainsFcst,,0.00017765076965167172
ScenRelAMIns,N34StarFcst,,0.03171011631269762
ScenRelAMIns,R5Fcst,,0.10377660562416598
ScenRelAMIns,Dewpoints,,1.5652092746157803e-31
ScenRelAMIns,LowLLapse,,1.011342385737732e-14
ScenRelAMIns,MeanRH,,8.044192873337111e-17
ScenRelAMIns,MidLLapse,,1.8687206537536903e-05
ScenRelAMIns,MvmtFeatures,,3.918888558982398e-16
ScenRelAMIns,RHRatio,,1.711630682175812e-21
ScenRelAMIns,SfcWndShfDis,,2.4072075585660058e-65
ScenRelAMIns,SynForcng,,3.609178062244241e-12
ScenRelAMIns,TempDis,,2.2781047206715276e-18
ScenRelAMIns,WindAloft,,1.612050472524469e-23
ScenRelAMIns,WindFieldMt,,0.001415215010060489
ScenRelAMIns,WindFieldPln,,1.4732619134264443e-77
LIfr12ZDENSd,AMDewptCalPl,,0.7743311795715071
LIfr12ZDENSd,AMInsWliScen,,7.203594912309956e-09
LIfr12ZDENSd,InsSclInScen,,7.127587984670736e-06
LIfr12ZDENSd,ScenRel3_4,,0.0993434595224446
LIfr12ZDENSd,LatestCIN,,0.8731844935394156
LIfr12ZDENSd,LLIW,,0.24815048246169366
LIfr12ZDENSd,CurPropConv,,0.02752449124765773
LIfr12ZDENSd,ScnRelPlFcst,,0.4481564503686547
LIfr12ZDENSd,PlainsFcst,,0.3729715972338823
LIfr12ZDENSd,N34StarFcst,,0.6940925434791545
LIfr12ZDENSd,R5Fcst,,0.9020564073608675
LIfr12ZDENSd,Dewpoints,,0.2216998355732647
LIfr12ZDENSd,LowLLapse,,0.2683997867692416
LIfr12ZDENSd,MeanRH,,0.6103403446215376
LIfr12ZDENSd,MidLLapse,,0.4603577475948768
LIfr12ZDENSd,MvmtFeatures,,0.5726383948991662
LIfr12ZDENSd,RHRatio,,0.2571605367885767
LIfr12ZDENSd,SfcWndShfDis,,0.6776003924018863
LIfr12ZDENSd,SynForcng,,0.6560333015352178
LIfr12ZDENSd,TempDis,,0.31809831375233016
LIfr12ZDENSd,WindAloft,,0.22584240359209007
LIfr12ZDENSd,WindFieldMt,,0.7045736145618307
LIfr12ZDENSd,WindFieldPln,,0.23990192730544754
AMDewptCalPl,AMInsWliScen,,4.0989810357890796e-17
AMDewptCalPl,InsSclInScen,,8.4557345654807e-09
AMDewptCalPl,ScenRel3_4,,0.8591154335105649
AMDewptCalPl,LatestCIN,,0.8447819018747611
AMDewptCalPl,LLIW,,0.9317729220491112
AMDewptCalPl,CurPropConv,,0.6772574576901205
AMDewptCalPl,ScnRelPlFcst,,0.8523245329224107
AMDewptCalPl,PlainsFcst,,0.7112418786592164
AMDewptCalPl,N34StarFcst,,0.47157379193168747
AMDewptCalPl,R5Fcst,,0.07626043447542594
AMDewptCalPl,Dewpoints,,0.7308701902196286
AMDewptCalPl,LowLLapse,,0.15528987107439413
AMDewptCalPl,MeanRH,,0.7528617815388247
AMDewptCalPl,MidLLapse,,0.7994002571120006
AMDewptCalPl,MvmtFeatures,,0.4451409650015721
AMDewptCalPl,RHRatio,,0.9616679739983585
AMDewptCalPl,SfcWndShfDis,,0.24295299364650982
AMDewptCalPl,SynForcng,,0.836640131891144
AMDewptCalPl,TempDis,,0.46062326294934
AMDewptCalPl,WindAloft,,0.46398836914351327
AMDewptCalPl,WindFieldMt,,0.14422988197823808
AMDewptCalPl,WindFieldPln,,0.3483946693773888
AMInsWliScen,InsSclInScen,,1.4494274416394229e-83
AMInsWliScen,ScenRel3_4,,0.00011815606094711691
AMInsWliScen,LatestCIN,,0.4022420744664392
AMInsWliScen,LLIW,,0.07739289124366128
AMInsWliScen,CurPropConv,,0.3399991921259797
AMInsWliScen,ScnRelPlFcst,,2.456427049131526e-05
AMInsWliScen,PlainsFcst,,0.009441482780128288
AMInsWliScen,N34StarFcst,,0.008752630376134366
AMInsWliScen,R5Fcst,,0.6046074630933085
AMInsWliScen,Dewpoints,,0.8419650562308035
AMInsWliScen,LowLLapse,,0.3985836331330161
AMInsWliScen,MeanRH,,0.3396033860452738
AMInsWliScen,MidLLapse,,0.9103580930812563
AMInsWliScen,MvmtFeatures,,0.5979274202045617
AMInsWliScen,RHRatio,,0.2477492391852392
AMInsWliScen,SfcWndShfDis,,0.023704417017544263
AMInsWliScen,SynForcng,,0.583646229812666
AMInsWliScen,TempDis,,0.04451410189723955
AMInsWliScen,WindAloft,,0.06302145270260072
AMInsWliScen,WindFieldMt,,0.77543090981336
AMInsWliScen,WindFieldPln,,0.057716108728717186
InsSclInScen,ScenRel3_4,,0.010906253392689825
InsSclInScen,LatestCIN,,0.374719944606039
InsSclInScen,LLIW,,0.15322189778530276
InsSclInScen,CurPropConv,,0.6994294427757712
InsSclInScen,ScnRelPlFcst,,0.05587274576648104
InsSclInScen,PlainsFcst,,1.9217455140541095e-08
InsSclInScen,N34StarFcst,,3.506582160621379e-08
InsSclInScen,R5Fcst,,0.0661916267991054
InsSclInScen,Dewpoints,,0.6140487401227013
InsSclInScen,LowLLapse,,0.8016409061738766
InsSclInScen,MeanRH,,0.31809679101713667
InsSclInScen,MidLLapse,,0.9953434635858404
InsSclInScen,MvmtFeatures,,0.31260317599926085
InsSclInScen,RHRatio,,0.9620365083677527
InsSclInScen,SfcWndShfDis,,0.04264515707162948
InsSclInScen,SynForcng,,0.9741156746050397
InsSclInScen,TempDis,,0.9531823815041663
InsSclInScen,WindAloft,,0.7738024008115267
InsSclInScen,WindFieldMt,,0.5349375828373453
InsSclInScen,WindFieldPln,,0.14882667097568997
ScenRel3_4,LatestCIN,,0.1983311734997913
ScenRel3_4,LLIW,,0.3769898334943752
ScenRel3_4,CurPropConv,,0.9653404907300221
ScenRel3_4,ScnRelPlFcst,,1.00843489619503e-280
ScenRel3_4,PlainsFcst,,0.012126153719429598
ScenRel3_4,N34StarFcst,,0.1514031393051834
ScenRel3_4,R5Fcst,,0.01699881731891088
ScenRel3_4,Dewpoints,,6.716689924105198e-46
ScenRel3_4,LowLLapse,,5.6925538680510205e-06
ScenRel3_4,MeanRH,,6.066028656315969e-09
ScenRel3_4,MidLLapse,,0.017549128436065015
ScenRel3_4,MvmtFeatures,,1.2481129806298335e-32
ScenRel3_4,RHRatio,,3.834474762569495e-18
ScenRel3_4,SfcWndShfDis,,1.658998323165776e-71
ScenRel3_4,SynForcng,,1.2769049763358794e-35
ScenRel3_4,TempDis,,3.302570283782543e-30
ScenRel3_4,WindAloft,,3.443052374922495e-36
ScenRel3_4,WindFieldMt,,6.819999935828416e-25
ScenRel3_4,WindFieldPln,,8.615362223354185e-66
LatestCIN,LLIW,,0.7951716350843804
LatestCIN,CurPropConv,,2.3833189277180334e-07
LatestCIN,ScnRelPlFcst,,0.5863288825351762
LatestCIN,PlainsFcst,,0.5112852652985013
LatestCIN,N34StarFcst,,0.6506739714659355
LatestCIN,R5Fcst,,0.31802835808880625
LatestCIN,Dewpoints,,0.1287342304272349
LatestCIN,LowLLapse,,0.4440185417759439
LatestCIN,MeanRH,,0.3901791540673364
LatestCIN,MidLLapse,,0.08065319526550702
LatestCIN,MvmtFeatures,,0.1398305639474024
LatestCIN,RHRatio,,0.7822953031032974
LatestCIN,SfcWndShfDis,,0.9014902474732229
LatestCIN,SynForcng,,0.2818113455396349
LatestCIN,TempDis,,0.03304341316447249
LatestCIN,WindAloft,,0.6957948044784754
LatestCIN,WindFieldMt,,0.9139202793578225
LatestCIN,WindFieldPln,,0.944879495811033
LLIW,CurPropConv,,9.700818386512234e-34
LLIW,ScnRelPlFcst,,0.20333266005621708
LLIW,PlainsFcst,,0.12226356085969103
LLIW,N34StarFcst,,0.1370151372140418
LLIW,R5Fcst,,0.362381912954009
LLIW,Dewpoints,,0.8370655716182587
LLIW,LowLLapse,,0.6218434108630084
LLIW,MeanRH,,0.4528916858944402
LLIW,MidLLapse,,0.322236894074644
LLIW,MvmtFeatures,,0.4130744348918217
LLIW,RHRatio,,0.0417780275982818
LLIW,SfcWndShfDis,,0.987337840768206
LLIW,SynForcng,,0.6537797119237716
LLIW,TempDis,,0.05094695738227372
LLIW,WindAloft,,0.7462432172451325
LLIW,WindFieldMt,,0.3378467655539069
LLIW,WindFieldPln,,0.6208491564213796
CurPropConv,ScnRelPlFcst,,0.9467867704159607
CurPropConv,PlainsFcst,,0.004865718281318398
CurPropConv,N34StarFcst,,0.0039735673076326155
CurPropConv,R5Fcst,,0.20349310170057905
CurPropConv,Dewpoints,,0.41350637738400586
CurPropConv,LowLLapse,,0.6906577399044652
CurPropConv,MeanRH,,0.5081021375659511
CurPropConv,MidLLapse,,0.25666233343238615
CurPropConv,MvmtFeatures,,0.6434021355715653
CurPropConv,RHRatio,,0.5717406931320699
CurPropConv,SfcWndShfDis,,0.41506960384908276
CurPropConv,SynForcng,,0.3671157312697934
CurPropConv,TempDis,,0.7379924574249075
CurPropConv,WindAloft,,0.5596911560637023
CurPropConv,WindFieldMt,,0.7881669205487343
CurPropConv,WindFieldPln,,0.9320340358228303
ScnRelPlFcst,PlainsFcst,,0.0013518352252662356
ScnRelPlFcst,N34StarFcst,,0.07106356131333381
ScnRelPlFcst,R5Fcst,,0.02849558842697884
ScnRelPlFcst,Dewpoints,,1.996517439640678e-52
ScnRelPlFcst,LowLLapse,,2.065912426643968e-20
ScnRelPlFcst,MeanRH,,5.859808276713789e-16
ScnRelPlFcst,MidLLapse,,7.150620786514038e-08
ScnRelPlFcst,MvmtFeatures,,5.292056092889772e-54
ScnRelPlFcst,RHRatio,,1.2604927881372518e-27
ScnRelPlFcst,SfcWndShfDis,,7.386219944015526e-99
ScnRelPlFcst,SynForcng,,1.1316549031627706e-35
ScnRelPlFcst,TempDis,,6.369154851179064e-40
ScnRelPlFcst,WindAloft,,5.0476870296845576e-67
ScnRelPlFcst,WindFieldMt,,2.427518597054785e-29
ScnRelPlFcst,WindFieldPln,,3.4236591019823126e-99
PlainsFcst,N34StarFcst,,1.2431527442742829e-188
PlainsFcst,R5Fcst,,1.650799050850991e-40
PlainsFcst,Dewpoints,,0.03464326933595275
PlainsFcst,LowLLapse,,0.6570084470947519
PlainsFcst,MeanRH,,0.07649296964240405
PlainsFcst,MidLLapse,,0.7572926451732322
PlainsFcst,MvmtFeatures,,0.2038954192054649
PlainsFcst,RHRatio,,0.013427073479547927
PlainsFcst,SfcWndShfDis,,0.055707864677737744
PlainsFcst,SynForcng,,0.7912772863143056
PlainsFcst,TempDis,,0.4502109718417554
PlainsFcst,WindAloft,,0.8373751220378668
PlainsFcst,WindFieldMt,,0.5153032891826228
PlainsFcst,WindFieldPln,,8.146091806419122e-05
N34StarFcst,R5Fcst,,6.713376648597885e-50
N34StarFcst,Dewpoints,,0.10139833412169955
N34StarFcst,LowLLapse,,0.5904997134818797
N34StarFcst,MeanRH,,0.10740002311782229
N34StarFcst,MidLLapse,,0.459262574398825
N34StarFcst,MvmtFeatures,,0.16098526652089246
N34StarFcst,RHRatio,,0.05697138457687647
N34StarFcst,SfcWndShfDis,,0.20548281224975504
N34StarFcst,SynForcng,,0.777700510621693
N34StarFcst,TempDis,,0.704011125566138
N34StarFcst,WindAloft,,0.9910158108453871
N34StarFcst,WindFieldMt,,0.46230140460459135
N34StarFcst,WindFieldPln,,0.001129094824505997
R5Fcst,Dewpoints,,0.2948449459393664
R5Fcst,LowLLapse,,0.26702055934314384
R5Fcst,MeanRH,,0.26071987851261447
R5Fcst,MidLLapse,,0.6457326640558637
R5Fcst,MvmtFeatures,,0.7247157255656211
R5Fcst,RHRatio,,0.9618774503784953
R5Fcst,SfcWndShfDis,,0.010709265165569512
R5Fcst,SynForcng,,0.4388605332093498
R5Fcst,TempDis,,0.25586834815131376
R5Fcst,WindAloft,,0.979474887043733
R5Fcst,WindFieldMt,,0.7959791424295568
R5Fcst,WindFieldPln,,0.07193349451774572
Dewpoints,LowLLapse,,0.03688625788638165
Dewpoints,MeanRH,,0.0017731394321451937
Dewpoints,MidLLapse,,0.35961227471637963
Dewpoints,MvmtFeatures,,0.018652437019816222
Dewpoints,RHRatio,,3.773917112041463e-05
Dewpoints,SfcWndShfDis,,9.173754342110459e-11
Dewpoints,SynForcng,,0.003938356283896967
Dewpoints,TempDis,,5.214900673121124e-12
Dewpoints,WindAloft,,3.2620205712452257e-05
Dewpoints,WindFieldMt,,0.10640658928367719
Dewpoints,WindFieldPln,,1.4104045726418658e-14
LowLLapse,MeanRH,,0.007591729975133725
LowLLapse,MidLLapse,,0.09048761625466853
LowLLapse,MvmtFeatures,,0.4038260999374939
LowLLapse,RHRatio,,0.14031882505126317
LowLLapse,SfcWndShfDis,,1.5056969908980746e-07
LowLLapse,SynForcng,,0.2723887048047785
LowLLapse,TempDis,,0.673403165907936
LowLLapse,WindAloft,,0.04296901246288651
LowLLapse,WindFieldMt,,0.013505908427971362
LowLLapse,WindFieldPln,,3.68957402469409e-05
MeanRH,MidLLapse,,0.08477220847317363
MeanRH,MvmtFeatures,,0.21349270089936678
MeanRH,RHRatio,,0.010899044656911194
MeanRH,SfcWndShfDis,,3.244213893934072e-05
MeanRH,SynForcng,,0.5745933611874174
MeanRH,TempDis,,0.11375040953200635
MeanRH,WindAloft,,0.051340962522937905
MeanRH,WindFieldMt,,0.2642985683542268
MeanRH,WindFieldPln,,1.050419125850304e-06
MidLLapse,MvmtFeatures,,0.1874870843074089
MidLLapse,RHRatio,,0.6011559010310003
MidLLapse,SfcWndShfDis,,0.20926527857761465
MidLLapse,SynForcng,,0.031065012423096013
MidLLapse,TempDis,,0.5036143157982362
MidLLapse,WindAloft,,0.34294280065793853
MidLLapse,WindFieldMt,,0.9805834394724158
MidLLapse,WindFieldPln,,0.09005222597244901
MvmtFeatures,RHRatio,,0.01757933451362752
MvmtFeatures,SfcWndShfDis,,0.0004386644486667931
MvmtFeatures,SynForcng,,3.267004992703891e-08
MvmtFeatures,TempDis,,0.029829203291640644
MvmtFeatures,WindAloft,,2.831475068377655e-11
MvmtFeatures,WindFieldMt,,6.014837736324743e-11
MvmtFeatures,WindFieldPln,,7.825302781633845e-10
RHRatio,SfcWndShfDis,,2.7185328258678687e-08
RHRatio,SynForcng,,0.0011235889857390256
RHRatio,TempDis,,0.03571524906313504
RHRatio,WindAloft,,0.0010618457547268943
RHRatio,WindFieldMt,,0.2781363642627873
RHRatio,WindFieldPln,,8.511752728262981e-10
SfcWndShfDis,SynForcng,,0.00011036857320213635
SfcWndShfDis,TempDis,,1.9267445240056916e-11
SfcWndShfDis,WindAloft,,8.090879702653166e-12
SfcWndShfDis,WindFieldMt,,0.04977855720386906
SfcWndShfDis,WindFieldPln,,3.46180674863176e-33
SynForcng,TempDis,,0.47860171793629835
SynForcng,WindAloft,,8.929388929331008e-17
SynForcng,WindFieldMt,,0.0010149406905637203
SynForcng,WindFieldPln,,5.5027155780913776e-12
TempDis,WindAloft,,0.0023010019883497558
TempDis,WindFieldMt,,0.7972829520901066
TempDis,WindFieldPln,,1.0152721298382245e-09
WindAloft,WindFieldMt,,7.63598136022186e-15
WindAloft,WindFieldPln,,9.165072476028473e-20
WindFieldMt,WindFieldPln,,1.902478647964345e-08
N0_7muVerMo,CombVerMo,AreaMeso_ALS,0.9976634847594361
N0_7muVerMo,AreaMeso_ALS,CombVerMo,0.9976634847594361
N0_7muVerMo,AreaMeso_ALS,CombVerMo,0.9976634847594361
N0_7muVerMo,AreaMoDryAir,AreaMeso_ALS,0.871224554013808
N0_7muVerMo,SfcWndShfDis,AreaMeso_ALS,0.7686103305981327
SubjVertMo,CombVerMo,AreaMeso_ALS,0.9938753145559798
SubjVertMo,CombVerMo,AreaMeso_ALS,0.9938753145559798
SubjVertMo,CombVerMo,AreaMeso_ALS,0.9938753145559798
SubjVertMo,CombVerMo,AreaMeso_ALS,0.9938753145559798
SubjVertMo,AreaMeso_ALS,CombVerMo,0.9938753145559798
SubjVertMo,AreaMeso_ALS,CombVerMo,0.9938753145559798
SubjVertMo,AreaMeso_ALS,CombVerMo,0.9938753145559798
SubjVertMo,AreaMeso_ALS,CombVerMo,0.9938753145559798
SubjVertMo,AreaMeso_ALS,CombVerMo,0.9938753145559798
SubjVertMo,AreaMoDryAir,LLIW,0.6888927092467523
SubjVertMo,IRCloudCover,LLIW,0.3426966306111596
SubjVertMo,LLIW,AreaMoDryAir,0.0953148755289511
SubjVertMo,LLIW,AreaMoDryAir,0.0953148755289511
SubjVertMo,CurPropConv,LLIW,0.3031750707971596
QGVertMotion,CombVerMo,AreaMeso_ALS,0.9203226115186844
QGVertMotion,CombVerMo,AreaMeso_ALS,0.9203226115186844
QGVertMotion,CombVerMo,AreaMeso_ALS,0.9203226115186844
QGVertMotion,AreaMeso_ALS,CombVerMo,0.9203226115186844
QGVertMotion,AreaMeso_ALS,CombVerMo,0.9203226115186844
QGVertMotion,AreaMoDryAir,CombVerMo,0.8186208540534614
QGVertMotion,AreaMoDryAir,CombVerMo,0.8186208540534614
QGVertMotion,InsSclInScen,AreaMoDryAir,0.2520158361417055
QGVertMotion,TempDis,AreaMoDryAir,0.11515889252954041
CombVerMo,AreaMeso_ALS,CldShadeOth,2.9232647680822497e-235
CombVerMo,AreaMeso_ALS,CldShadeOth,2.9232647680822497e-235
CombVerMo,AreaMeso_ALS,CldShadeOth,2.9232647680822497e-235
CombVerMo,AreaMeso_ALS,CldShadeOth,2.9232647680822497e-235
CombVerMo,AreaMeso_ALS,CldShadeOth,2.9232647680822497e-235
CombVerMo,AreaMeso_ALS,CldShadeOth,2.9232647680822497e-235
CombVerMo,AreaMeso_ALS,CldShadeOth,2.9232647680822497e-235
CombVerMo,AreaMeso_ALS,CldShadeOth,2.9232647680822497e-235
CombVerMo,AreaMoDryAir,AreaMeso_ALS,0.9999716562540513
CombVerMo,AreaMoDryAir,AreaMeso_ALS,0.9999716562540513
CombVerMo,AreaMoDryAir,AreaMeso_ALS,0.9999716562540513
CombVerMo,AreaMoDryAir,AreaMeso_ALS,0.9999716562540513
CombVerMo,AreaMoDryAir,AreaMeso_ALS,0.9999716562540513
CombVerMo,AreaMoDryAir,AreaMeso_ALS,0.9999716562540513
CombVerMo,CldShadeOth,AreaMeso_ALS,0.9964464201148722
CombVerMo,CldShadeOth,AreaMeso_ALS,0.9964464201148722
CombVerMo,CldShadeOth,AreaMeso_ALS,0.9964464201148722
CombVerMo,CldShadeOth,AreaMeso_ALS,0.9964464201148722
CombVerMo,CldShadeOth,AreaMeso_ALS,0.9964464201148722
CombVerMo,CldShadeOth,AreaMeso_ALS,0.9964464201148722
CombVerMo,CldShadeOth,AreaMeso_ALS,0.9964464201148722
CombVerMo,CompPlFcst,N0_7muVerMo,0.4330403600558206
CombVerMo,CapChange,N0_7muVerMo,0.4330403600558206
CombVerMo,CapInScen,N0_7muVerMo,0.40865868708956227
AreaMeso_ALS,AreaMoDryAir,CombVerMo,0.9999716562540513
AreaMeso_ALS,AreaMoDryAir,CombVerMo,0.9999716562540513
AreaMeso_ALS,AreaMoDryAir,CombVerMo,0.9999716562540513
AreaMeso_ALS,AreaMoDryAir,CombVerMo,0.9999716562540513
AreaMeso_ALS,AreaMoDryAir,CombVerMo,0.9999716562540513
AreaMeso_ALS,AreaMoDryAir,CombVerMo,0.9999716562540513
AreaMeso_ALS,CldShadeOth,CombVerMo,0.9964464201148722
AreaMeso_ALS,CldShadeOth,CombVerMo,0.9964464201148722
AreaMeso_ALS,CldShadeOth,CombVerMo,0.9964464201148722
AreaMeso_ALS,CldShadeOth,CombVerMo,0.9964464201148722
AreaMeso_ALS,CldShadeOth,CombVerMo,0.9964464201148722
AreaMeso_ALS,CldShadeOth,CombVerMo,0.9964464201148722
AreaMeso_ALS,CldShadeOth,CombVerMo,0.9964464201148722
AreaMeso_ALS,CompPlFcst,N0_7muVerMo,0.4330403600558206
AreaMeso_ALS,CapChange,N0_7muVerMo,0.4330403600558206
AreaMeso_ALS,CapInScen,N0_7muVerMo,0.40865868708956227
SatContMoist,CombMoisture,AreaMoDryAir,1.4795456483284457e-10
SatContMoist,AreaMoDryAir,CombMoisture,0.9917611876537173
RaoContMoist,CombMoisture,AreaMoDryAir,0.06057859972202336
RaoContMoist,AreaMoDryAir,LatestCIN,0.2526000429808998
RaoContMoist,LatestCIN,AreaMoDryAir,0.6636738542197129
CombMoisture,AreaMoDryAir,RaoContMoist,5.7220023133579105e-61
CombMoisture,AreaMoDryAir,RaoContMoist,5.7220023133579105e-61
CombMoisture,AreaMoDryAir,RaoContMoist,5.7220023133579105e-61
CombMoisture,AreaMoDryAir,RaoContMoist,5.7220023133579105e-61
CombMoisture,Dewpoints,AreaMoDryAir,0.9135722244092874
CombMoisture,SfcWndShfDis,AreaMoDryAir,0.9781396304226178
AreaMoDryAir,CldShadeOth,SatContMoist,1.4404878712530839e-05
AreaMoDryAir,CldShadeOth,SatContMoist,1.4404878712530839e-05
AreaMoDryAir,CldShadeOth,SatContMoist,1.4404878712530839e-05
AreaMoDryAir,CldShadeOth,SatContMoist,1.4404878712530839e-05
AreaMoDryAir,CldShadeOth,SatContMoist,1.4404878712530839e-05
AreaMoDryAir,CldShadeOth,SatContMoist,1.4404878712530839e-05
AreaMoDryAir,CldShadeOth,SatContMoist,1.4404878712530839e-05
AreaMoDryAir,CldShadeOth,SatContMoist,1.4404878712530839e-05
AreaMoDryAir,CldShadeOth,SatContMoist,1.4404878712530839e-05
AreaMoDryAir,WndHodograph,N0_7muVerMo,0.10283912090173039
VISCloudCov,CombClouds,CldShadeOth,9.529580313721198e-32
VISCloudCov,CombClouds,CldShadeOth,9.529580313721198e-32
VISCloudCov,CldShadeOth,CombClouds,0.5097080118312154
VISCloudCov,WindFieldMt,CombClouds,0.4019029375402265
IRCloudCover,CombClouds,CldShadeOth,5.04205510758006e-05
IRCloudCover,CombClouds,CldShadeOth,5.04205510758006e-05
IRCloudCover,CldShadeOth,CombClouds,0.37219056546509194
IRCloudCover,CldShadeOth,CombClouds,0.37219056546509194
CombClouds,CldShadeOth,WindFieldMt,3.604700838872399e-85
CombClouds,CldShadeOth,WindFieldMt,3.604700838872399e-85
CombClouds,CldShadeOth,WindFieldMt,3.604700838872399e-85
CombClouds,CldShadeOth,WindFieldMt,3.604700838872399e-85
CombClouds,CldShadeOth,WindFieldMt,3.604700838872399e-85
CombClouds,CompPlFcst,IRCloudCover,0.0650999632317676
CombClouds,CapChange,IRCloudCover,0.0650999632317676
CombClouds,WindFieldMt,IRCloudCover,0.1381527787025847
CldShadeOth,AMInstabMt,IRCloudCover,0.1274129563513542
CldShadeOth,InsInMt,IRCloudCover,0.052326442050457674
CldShadeOth,CldShadeConv,IRCloudCover,0.10359351734088153
CldShadeOth,CompPlFcst,IRCloudCover,0.2165192965234202
CldShadeOth,CapChange,IRCloudCover,0.2165192965234202
CldShadeOth,LIfr12ZDENSd,IRCloudCover,0.07046695645019023
AMInstabMt,InsInMt,CldShadeOth,1.5200017564927542e-11
AMInstabMt,InsInMt,CldShadeOth,1.5200017564927542e-11
AMInstabMt,InsInMt,CldShadeOth,1.5200017564927542e-11
AMInstabMt,InsInMt,CldShadeOth,1.5200017564927542e-11
AMInstabMt,InsInMt,CldShadeOth,1.5200017564927542e-11
AMInstabMt,OutflowFrMt,InsInMt,0.20358627838585144
AMInstabMt,OutflowFrMt,InsInMt,0.20358627838585144
AMInstabMt,MountainFcst,InsInMt,0.13095451702406224
AMInstabMt,R5Fcst,MountainFcst,0.8345058012745222
AMInstabMt,TempDis,InsInMt,0.06065083899967466
AMInstabMt,TempDis,InsInMt,0.06065083899967466
InsInMt,OutflowFrMt,CldShadeOth,0.0010263191958877346
InsInMt,OutflowFrMt,CldShadeOth,0.0010263191958877346
InsInMt,OutflowFrMt,CldShadeOth,0.0010263191958877346
InsInMt,OutflowFrMt,CldShadeOth,0.0010263191958877346
InsInMt,OutflowFrMt,CldShadeOth,0.0010263191958877346
InsInMt,OutflowFrMt,CldShadeOth,0.0010263191958877346
InsInMt,CldShadeConv,CldShadeOth,1.640397026197954e-10
InsInMt,CldShadeConv,CldShadeOth,1.640397026197954e-10
InsInMt,CldShadeConv,CldShadeOth,1.640397026197954e-10
InsInMt,CldShadeConv,CldShadeOth,1.640397026197954e-10
InsInMt,CldShadeConv,CldShadeOth,1.640397026197954e-10
InsInMt,CldShadeConv,CldShadeOth,1.640397026197954e-10
InsInMt,MountainFcst,CldShadeOth,1.8088224791672747e-07
InsInMt,MountainFcst,CldShadeOth,1.8088224791672747e-07
InsInMt,MountainFcst,CldShadeOth,1.8088224791672747e-07
InsInMt,MountainFcst,CldShadeOth,1.8088224791672747e-07
InsInMt,MountainFcst,CldShadeOth,1.8088224791672747e-07
InsInMt,MountainFcst,CldShadeOth,1.8088224791672747e-07
InsInMt,LatestCIN,R5Fcst,0.050029635144784555
InsInMt,LatestCIN,R5Fcst,0.050029635144784555
InsInMt,LatestCIN,R5Fcst,0.050029635144784555
InsInMt,LatestCIN,R5Fcst,0.050029635144784555
InsInMt,R5Fcst,CldShadeOth,4.444054635933972e-05
InsInMt,R5Fcst,CldShadeOth,4.444054635933972e-05
InsInMt,R5Fcst,CldShadeOth,4.444054635933972e-05
InsInMt,R5Fcst,CldShadeOth,4.444054635933972e-05
InsInMt,R5Fcst,CldShadeOth,4.444054635933972e-05
InsInMt,R5Fcst,CldShadeOth,4.444054635933972e-05
WndHodograph,OutflowFrMt,AMInsWliScen,2.774090622927934e-08
WndHodograph,OutflowFrMt,AMInsWliScen,2.774090622927934e-08
WndHodograph,OutflowFrMt,AMInsWliScen,2.774090622927934e-08
WndHodograph,CldShadeConv,OutflowFrMt,7.971434116457124e-17
WndHodograph,CldShadeConv,OutflowFrMt,7.971434116457124e-17
WndHodograph,CldShadeConv,OutflowFrMt,7.971434116457124e-17
WndHodograph,AMInsWliScen,OutflowFrMt,0.03249025429101864
WndHodograph,AMInsWliScen,OutflowFrMt,0.03249025429101864
WndHodograph,AMInsWliScen,OutflowFrMt,0.03249025429101864
OutflowFrMt,Boundaries,InsInMt,4.441313860775967e-06
OutflowFrMt,Boundaries,InsInMt,4.441313860775967e-06
OutflowFrMt,Boundaries,InsInMt,4.441313860775967e-06
OutflowFrMt,Boundaries,InsInMt,4.441313860775967e-06
OutflowFrMt,LIfr12ZDENSd,AMInstabMt,0.17652375781813456
Boundaries,WindAloft,MorningBound,0.2108395641432993
CldShadeConv,InsChange,Dewpoints,0.373121853473212
CldShadeConv,InsChange,Dewpoints,0.373121853473212
CldShadeConv,Dewpoints,CldShadeOth,0.47274792858645664
CompPlFcst,CapChange,CldShadeOth,3.5391948248369865e-229
CompPlFcst,CapChange,CldShadeOth,3.5391948248369865e-229
CompPlFcst,CapChange,CldShadeOth,3.5391948248369865e-229
CompPlFcst,CapChange,CldShadeOth,3.5391948248369865e-229
CompPlFcst,CapChange,CldShadeOth,3.5391948248369865e-229
CompPlFcst,CapChange,CldShadeOth,3.5391948248369865e-229
CompPlFcst,InsChange,CapChange,0.9995499261766027
CompPlFcst,InsChange,CapChange,0.9995499261766027
CompPlFcst,CapInScen,CapChange,0.8515409314114102
CapChange,InsChange,CompPlFcst,0.9995499261766027
CapChange,InsChange,CompPlFcst,0.9995499261766027
CapChange,InsChange,CompPlFcst,0.9995499261766027
CapChange,CapInScen,CompPlFcst,0.8515409314114102
CapChange,CapInScen,CompPlFcst,0.8515409314114102
LoLevMoistAd,InsChange,InsSclInScen,5.925494100599221e-35
LoLevMoistAd,InsSclInScen,InsChange,0.9930028178424455
InsChange,CapInScen,SfcWndShfDis,0.11375208627913519
InsChange,InsSclInScen,N34StarFcst,2.2345043934179374e-24
InsChange,InsSclInScen,N34StarFcst,2.2345043934179374e-24
InsChange,InsSclInScen,N34StarFcst,2.2345043934179374e-24
InsChange,InsSclInScen,N34StarFcst,2.2345043934179374e-24
InsChange,InsSclInScen,N34StarFcst,2.2345043934179374e-24
InsChange,InsSclInScen,N34StarFcst,2.2345043934179374e-24
InsChange,InsSclInScen,N34StarFcst,2.2345043934179374e-24
InsChange,InsSclInScen,N34StarFcst,2.2345043934179374e-24
InsChange,PlainsFcst,CompPlFcst,0.10598718155500426
InsChange,PlainsFcst,CompPlFcst,0.10598718155500426
InsChange,PlainsFcst,CompPlFcst,0.10598718155500426
InsChange,N34StarFcst,SfcWndShfDis,0.05809745440262311
InsChange,SfcWndShfDis,CapInScen,0.1589483446426133
MountainFcst,R5Fcst,InsInMt,1.757289384705827e-110
MountainFcst,R5Fcst,InsInMt,1.757289384705827e-110
Date,Scenario,MvmtFeatures,0.9998942132253392
Date,ScenRelAMCIN,Scenario,0.9999991847181584
Date,ScenRelAMIns,Scenario,1.0
Date,LIfr12ZDENSd,Scenario,0.9998931762980756
Date,ScenRel3_4,Scenario,1.0
Date,ScnRelPlFcst,Scenario,1.0
Date,MvmtFeatures,Scenario,0.9999999995724485
Date,WindAloft,Scenario,0.9999996528763757
Scenario,ScenRelAMCIN,SynForcng,1.2023301168468536e-77
Scenario,ScenRelAMCIN,SynForcng,1.2023301168468536e-77
Scenario,ScenRelAMCIN,SynForcng,1.2023301168468536e-77
Scenario,ScenRelAMCIN,SynForcng,1.2023301168468536e-77
Scenario,ScenRelAMCIN,SynForcng,1.2023301168468536e-77
Scenario,ScenRelAMCIN,SynForcng,1.2023301168468536e-77
Scenario,ScenRelAMCIN,SynForcng,1.2023301168468536e-77
Scenario,ScenRelAMCIN,SynForcng,1.2023301168468536e-77
Scenario,ScenRelAMCIN,SynForcng,1.2023301168468536e-77
Scenario,ScenRelAMCIN,SynForcng,1.2023301168468536e-77
Scenario,ScenRelAMCIN,SynForcng,1.2023301168468536e-77
Scenario,ScenRelAMCIN,SynForcng,1.2023301168468536e-77
Scenario,ScenRelAMCIN,SynForcng,1.2023301168468536e-77
Scenario,ScenRelAMCIN,SynForcng,1.2023301168468536e-77
Scenario,ScenRelAMCIN,SynForcng,1.2023301168468536e-77
Scenario,ScenRelAMCIN,SynForcng,1.2023301168468536e-77
Scenario,ScenRelAMCIN,SynForcng,1.2023301168468536e-77
Scenario,ScenRelAMCIN,SynForcng,1.2023301168468536e-77
Scenario,ScenRelAMCIN,SynForcng,1.2023301168468536e-77
Scenario,ScenRelAMIns,SynForcng,7.929675313655375e-89
Scenario,ScenRelAMIns,SynForcng,7.929675313655375e-89
Scenario,ScenRelAMIns,SynForcng,7.929675313655375e-89
Scenario,ScenRelAMIns,SynForcng,7.929675313655375e-89
Scenario,ScenRelAMIns,SynForcng,7.929675313655375e-89
Scenario,ScenRelAMIns,SynForcng,7.929675313655375e-89
Scenario,ScenRelAMIns,SynForcng,7.929675313655375e-89
Scenario,ScenRelAMIns,SynForcng,7.929675313655375e-89
Scenario,ScenRelAMIns,SynForcng,7.929675313655375e-89
Scenario,ScenRelAMIns,SynForcng,7.929675313655375e-89
Scenario,ScenRelAMIns,SynForcng,7.929675313655375e-89
Scenario,ScenRelAMIns,SynForcng,7.929675313655375e-89
Scenario,ScenRelAMIns,SynForcng,7.929675313655375e-89
Scenario,ScenRelAMIns,SynForcng,7.929675313655375e-89
Scenario,ScenRelAMIns,SynForcng,7.929675313655375e-89
Scenario,ScenRelAMIns,SynForcng,7.929675313655375e-89
Scenario,ScenRelAMIns,SynForcng,7.929675313655375e-89
Scenario,ScenRelAMIns,SynForcng,7.929675313655375e-89
Scenario,ScenRelAMIns,SynForcng,7.929675313655375e-89
Scenario,AMInsWliScen,Dewpoints,0.998655956712501
Scenario,AMInsWliScen,Dewpoints,0.998655956712501
Scenario,ScenRel3_4,SynForcng,8.730720392602666e-115
Scenario,ScenRel3_4,SynForcng,8.730720392602666e-115
Scenario,ScenRel3_4,SynForcng,8.730720392602666e-115
Scenario,ScenRel3_4,SynForcng,8.730720392602666e-115
Scenario,ScenRel3_4,SynForcng,8.730720392602666e-115
Scenario,ScenRel3_4,SynForcng,8.730720392602666e-115
Scenario,ScenRel3_4,SynForcng,8.730720392602666e-115
Scenario,ScenRel3_4,SynForcng,8.730720392602666e-115
Scenario,ScenRel3_4,SynForcng,8.730720392602666e-115
Scenario,ScenRel3_4,SynForcng,8.730720392602666e-115
Scenario,ScenRel3_4,SynForcng,8.730720392602666e-115
Scenario,ScenRel3_4,SynForcng,8.730720392602666e-115
Scenario,ScenRel3_4,SynForcng,8.730720392602666e-115
Scenario,ScenRel3_4,SynForcng,8.730720392602666e-115
Scenario,ScenRel3_4,SynForcng,8.730720392602666e-115
Scenario,ScenRel3_4,SynForcng,8.730720392602666e-115
Scenario,ScenRel3_4,SynForcng,8.730720392602666e-115
Scenario,ScenRel3_4,SynForcng,8.730720392602666e-115
Scenario,ScenRel3_4,SynForcng,8.730720392602666e-115
Scenario,ScnRelPlFcst,SynForcng,1.6704103645015737e-97
Scenario,ScnRelPlFcst,SynForcng,1.6704103645015737e-97
Scenario,ScnRelPlFcst,SynForcng,1.6704103645015737e-97
Scenario,ScnRelPlFcst,SynForcng,1.6704103645015737e-97
Scenario,ScnRelPlFcst,SynForcng,1.6704103645015737e-97
Scenario,ScnRelPlFcst,SynForcng,1.6704103645015737e-97
Scenario,ScnRelPlFcst,SynForcng,1.6704103645015737e-97
Scenario,ScnRelPlFcst,SynForcng,1.6704103645015737e-97
Scenario,ScnRelPlFcst,SynForcng,1.6704103645015737e-97
Scenario,ScnRelPlFcst,SynForcng,1.6704103645015737e-97
Scenario,ScnRelPlFcst,SynForcng,1.6704103645015737e-97
Scenario,ScnRelPlFcst,SynForcng,1.6704103645015737e-97
Scenario,ScnRelPlFcst,SynForcng,1.6704103645015737e-97
Scenario,ScnRelPlFcst,SynForcng,1.6704103645015737e-97
Scenario,ScnRelPlFcst,SynForcng,1.6704103645015737e-97
Scenario,ScnRelPlFcst,SynForcng,1.6704103645015737e-97
Scenario,ScnRelPlFcst,SynForcng,1.6704103645015737e-97
Scenario,ScnRelPlFcst,SynForcng,1.6704103645015737e-97
Scenario,ScnRelPlFcst,SynForcng,1.6704103645015737e-97
Scenario,PlainsFcst,MeanRH,0.1581189789204399
Scenario,R5Fcst,MeanRH,0.24946854736580074
Scenario,Dewpoints,ScenRelAMIns,0.9999785445355653
Scenario,Dewpoints,ScenRelAMIns,0.9999785445355653
Scenario,Dewpoints,ScenRelAMIns,0.9999785445355653
Scenario,LowLLapse,Dewpoints,0.9941943050246246
Scenario,LowLLapse,Dewpoints,0.9941943050246246
Scenario,MeanRH,Dewpoints,0.8385728757493915
Scenario,MidLLapse,Dewpoints,0.9883366943135387
Scenario,MidLLapse,Dewpoints,0.9883366943135387
Scenario,MvmtFeatures,ScnRelPlFcst,1.0
Scenario,MvmtFeatures,ScnRelPlFcst,1.0
Scenario,MvmtFeatures,ScnRelPlFcst,1.0
Scenario,MvmtFeatures,ScnRelPlFcst,1.0
Scenario,MvmtFeatures,ScnRelPlFcst,1.0
Scenario,MvmtFeatures,ScnRelPlFcst,1.0
Scenario,MvmtFeatures,ScnRelPlFcst,1.0
Scenario,MvmtFeatures,ScnRelPlFcst,1.0
Scenario,MvmtFeatures,ScnRelPlFcst,1.0
Scenario,MvmtFeatures,ScnRelPlFcst,1.0
Scenario,RHRatio,Dewpoints,0.18984811430245488
Scenario,RHRatio,Dewpoints,0.18984811430245488
Scenario,SfcWndShfDis,ScnRelPlFcst,1.0
Scenario,SfcWndShfDis,ScnRelPlFcst,1.0
Scenario,SfcWndShfDis,ScnRelPlFcst,1.0
Scenario,SfcWndShfDis,ScnRelPlFcst,1.0
Scenario,SfcWndShfDis,ScnRelPlFcst,1.0
Scenario,SfcWndShfDis,ScnRelPlFcst,1.0
Scenario,SfcWndShfDis,ScnRelPlFcst,1.0
Scenario,SfcWndShfDis,ScnRelPlFcst,1.0
Scenario,SfcWndShfDis,ScnRelPlFcst,1.0
Scenario,SfcWndShfDis,ScnRelPlFcst,1.0
Scenario,SynForcng,Dewpoints,0.7627377649491336
Scenario,SynForcng,Dewpoints,0.7627377649491336
Scenario,TempDis,ScnRelPlFcst,0.9999999999996464
Scenario,TempDis,ScnRelPlFcst,0.9999999999996464
Scenario,TempDis,ScnRelPlFcst,0.9999999999996464
Scenario,TempDis,ScnRelPlFcst,0.9999999999996464
Scenario,TempDis,ScnRelPlFcst,0.9999999999996464
Scenario,TempDis,ScnRelPlFcst,0.9999999999996464
Scenario,TempDis,ScnRelPlFcst,0.9999999999996464
Scenario,TempDis,ScnRelPlFcst,0.9999999999996464
Scenario,TempDis,ScnRelPlFcst,0.9999999999996464
Scenario,WindAloft,ScnRelPlFcst,0.9999999999999991
Scenario,WindAloft,ScnRelPlFcst,0.9999999999999991
Scenario,WindAloft,ScnRelPlFcst,0.9999999999999991
Scenario,WindAloft,ScnRelPlFcst,0.9999999999999991
Scenario,WindAloft,ScnRelPlFcst,0.9999999999999991
Scenario,WindAloft,ScnRelPlFcst,0.9999999999999991
Scenario,WindAloft,ScnRelPlFcst,0.9999999999999991
Scenario,WindAloft,ScnRelPlFcst,0.9999999999999991
Scenario,WindAloft,ScnRelPlFcst,0.9999999999999991
Scenario,WindFieldMt,ScenRel3_4,0.11691639243186203
Scenario,WindFieldMt,ScenRel3_4,0.11691639243186203
Scenario,WindFieldMt,ScenRel3_4,0.11691639243186203
Scenario,WindFieldMt,ScenRel3_4,0.11691639243186203
Scenario,WindFieldMt,ScenRel3_4,0.11691639243186203
Scenario,WindFieldMt,ScenRel3_4,0.11691639243186203
Scenario,WindFieldPln,ScenRelAMIns,0.17673278580288881
Scenario,WindFieldPln,ScenRelAMIns,0.17673278580288881
Scenario,WindFieldPln,ScenRelAMIns,0.17673278580288881
Scenario,WindFieldPln,ScenRelAMIns,0.17673278580288881
ScenRelAMCIN,AMCINInScen,ScenRelAMIns,0.6187878914743443
ScenRelAMCIN,AMCINInScen,ScenRelAMIns,0.6187878914743443
ScenRelAMCIN,AMCINInScen,ScenRelAMIns,0.6187878914743443
ScenRelAMCIN,AMCINInScen,ScenRelAMIns,0.6187878914743443
ScenRelAMCIN,CapInScen,MeanRH,0.09589354489851143
ScenRelAMCIN,ScenRelAMIns,SynForcng,1.1951014633916167e-48
ScenRelAMCIN,ScenRelAMIns,SynForcng,1.1951014633916167e-48
ScenRelAMCIN,ScenRelAMIns,SynForcng,1.1951014633916167e-48
ScenRelAMCIN,ScenRelAMIns,SynForcng,1.1951014633916167e-48
ScenRelAMCIN,ScenRelAMIns,SynForcng,1.1951014633916167e-48
ScenRelAMCIN,ScenRelAMIns,SynForcng,1.1951014633916167e-48
ScenRelAMCIN,ScenRelAMIns,SynForcng,1.1951014633916167e-48
ScenRelAMCIN,ScenRelAMIns,SynForcng,1.1951014633916167e-48
ScenRelAMCIN,ScenRelAMIns,SynForcng,1.1951014633916167e-48
ScenRelAMCIN,ScenRelAMIns,SynForcng,1.1951014633916167e-48
ScenRelAMCIN,ScenRelAMIns,SynForcng,1.1951014633916167e-48
ScenRelAMCIN,ScenRelAMIns,SynForcng,1.1951014633916167e-48
ScenRelAMCIN,ScenRelAMIns,SynForcng,1.1951014633916167e-48
ScenRelAMCIN,ScenRelAMIns,SynForcng,1.1951014633916167e-48
ScenRelAMCIN,ScenRelAMIns,SynForcng,1.1951014633916167e-48
ScenRelAMCIN,ScenRelAMIns,SynForcng,1.1951014633916167e-48
ScenRelAMCIN,ScenRelAMIns,SynForcng,1.1951014633916167e-48
ScenRelAMCIN,ScenRelAMIns,SynForcng,1.1951014633916167e-48
ScenRelAMCIN,ScenRelAMIns,SynForcng,1.1951014633916167e-48
ScenRelAMCIN,ScenRelAMIns,SynForcng,1.1951014633916167e-48
ScenRelAMCIN,ScenRelAMIns,SynForcng,1.1951014633916167e-48
ScenRelAMCIN,ScenRelAMIns,SynForcng,1.1951014633916167e-48
ScenRelAMCIN,AMInsWliScen,ScenRelAMIns,0.9639773991161054
ScenRelAMCIN,AMInsWliScen,ScenRelAMIns,0.9639773991161054
ScenRelAMCIN,AMInsWliScen,ScenRelAMIns,0.9639773991161054
ScenRelAMCIN,InsSclInScen,MeanRH,0.1818654749875009
ScenRelAMCIN,ScenRel3_4,SynForcng,4.94823826084343e-65
ScenRelAMCIN,ScenRel3_4,SynForcng,4.94823826084343e-65
ScenRelAMCIN,ScenRel3_4,SynForcng,4.94823826084343e-65
ScenRelAMCIN,ScenRel3_4,SynForcng,4.94823826084343e-65
ScenRelAMCIN,ScenRel3_4,SynForcng,4.94823826084343e-65
ScenRelAMCIN,ScenRel3_4,SynForcng,4.94823826084343e-65
ScenRelAMCIN,ScenRel3_4,SynForcng,4.94823826084343e-65
ScenRelAMCIN,ScenRel3_4,SynForcng,4.94823826084343e-65
ScenRelAMCIN,ScenRel3_4,SynForcng,4.94823826084343e-65
ScenRelAMCIN,ScenRel3_4,SynForcng,4.94823826084343e-65
ScenRelAMCIN,ScenRel3_4,SynForcng,4.94823826084343e-65
ScenRelAMCIN,ScenRel3_4,SynForcng,4.94823826084343e-65
ScenRelAMCIN,ScenRel3_4,SynForcng,4.94823826084343e-65
ScenRelAMCIN,ScenRel3_4,SynForcng,4.94823826084343e-65
ScenRelAMCIN,ScenRel3_4,SynForcng,4.94823826084343e-65
ScenRelAMCIN,ScenRel3_4,SynForcng,4.94823826084343e-65
ScenRelAMCIN,ScenRel3_4,SynForcng,4.94823826084343e-65
ScenRelAMCIN,ScenRel3_4,SynForcng,4.94823826084343e-65
ScenRelAMCIN,ScenRel3_4,SynForcng,4.94823826084343e-65
ScenRelAMCIN,ScenRel3_4,SynForcng,4.94823826084343e-65
ScenRelAMCIN,ScenRel3_4,SynForcng,4.94823826084343e-65
ScenRelAMCIN,ScenRel3_4,SynForcng,4.94823826084343e-65
ScenRelAMCIN,ScnRelPlFcst,SynForcng,1.202330116846854e-77
ScenRelAMCIN,ScnRelPlFcst,SynForcng,1.202330116846854e-77
ScenRelAMCIN,ScnRelPlFcst,SynForcng,1.202330116846854e-77
ScenRelAMCIN,ScnRelPlFcst,SynForcng,1.202330116846854e-77
ScenRelAMCIN,ScnRelPlFcst,SynForcng,1.202330116846854e-77
ScenRelAMCIN,ScnRelPlFcst,SynForcng,1.202330116846854e-77
ScenRelAMCIN,ScnRelPlFcst,SynForcng,1.202330116846854e-77
ScenRelAMCIN,ScnRelPlFcst,SynForcng,1.202330116846854e-77
ScenRelAMCIN,ScnRelPlFcst,SynForcng,1.202330116846854e-77
ScenRelAMCIN,ScnRelPlFcst,SynForcng,1.202330116846854e-77
ScenRelAMCIN,ScnRelPlFcst,SynForcng,1.202330116846854e-77
ScenRelAMCIN,ScnRelPlFcst,SynForcng,1.202330116846854e-77
ScenRelAMCIN,ScnRelPlFcst,SynForcng,1.202330116846854e-77
ScenRelAMCIN,ScnRelPlFcst,SynForcng,1.202330116846854e-77
ScenRelAMCIN,ScnRelPlFcst,SynForcng,1.202330116846854e-77
ScenRelAMCIN,ScnRelPlFcst,SynForcng,1.202330116846854e-77
ScenRelAMCIN,ScnRelPlFcst,SynForcng,1.202330116846854e-77
ScenRelAMCIN,ScnRelPlFcst,SynForcng,1.202330116846854e-77
ScenRelAMCIN,ScnRelPlFcst,SynForcng,1.202330116846854e-77
ScenRelAMCIN,ScnRelPlFcst,SynForcng,1.202330116846854e-77
ScenRelAMCIN,ScnRelPlFcst,SynForcng,1.202330116846854e-77
ScenRelAMCIN,ScnRelPlFcst,SynForcng,1.202330116846854e-77
ScenRelAMCIN,PlainsFcst,ScenRelAMIns,0.8585712268918306
ScenRelAMCIN,PlainsFcst,ScenRelAMIns,0.8585712268918306
ScenRelAMCIN,PlainsFcst,ScenRelAMIns,0.8585712268918306
ScenRelAMCIN,PlainsFcst,ScenRelAMIns,0.8585712268918306
ScenRelAMCIN,N34StarFcst,ScenRelAMIns,0.8902167935760495
ScenRelAMCIN,N34StarFcst,ScenRelAMIns,0.8902167935760495
ScenRelAMCIN,N34StarFcst,ScenRelAMIns,0.8902167935760495
ScenRelAMCIN,N34StarFcst,ScenRelAMIns,0.8902167935760495
ScenRelAMCIN,R5Fcst,Dewpoints,0.07624155701876516
ScenRelAMCIN,R5Fcst,Dewpoints,0.07624155701876516
ScenRelAMCIN,Dewpoints,ScnRelPlFcst,0.9734216964771744
ScenRelAMCIN,Dewpoints,ScnRelPlFcst,0.9734216964771744
ScenRelAMCIN,Dewpoints,ScnRelPlFcst,0.9734216964771744
ScenRelAMCIN,Dewpoints,ScnRelPlFcst,0.9734216964771744
ScenRelAMCIN,Dewpoints,ScnRelPlFcst,0.9734216964771744
ScenRelAMCIN,Dewpoints,ScnRelPlFcst,0.9734216964771744
ScenRelAMCIN,Dewpoints,ScnRelPlFcst,0.9734216964771744
ScenRelAMCIN,Dewpoints,ScnRelPlFcst,0.9734216964771744
ScenRelAMCIN,Dewpoints,ScnRelPlFcst,0.9734216964771744
ScenRelAMCIN,LowLLapse,ScenRel3_4,0.26808832933938254
ScenRelAMCIN,LowLLapse,ScenRel3_4,0.26808832933938254
ScenRelAMCIN,LowLLapse,ScenRel3_4,0.26808832933938254
ScenRelAMCIN,LowLLapse,ScenRel3_4,0.26808832933938254
ScenRelAMCIN,LowLLapse,ScenRel3_4,0.26808832933938254
ScenRelAMCIN,LowLLapse,ScenRel3_4,0.26808832933938254
ScenRelAMCIN,MeanRH,ScenRelAMIns,0.07141186044835512
ScenRelAMCIN,MeanRH,ScenRelAMIns,0.07141186044835512
ScenRelAMCIN,MeanRH,ScenRelAMIns,0.07141186044835512
ScenRelAMCIN,MidLLapse,ScenRelAMIns,0.33112055234378146
ScenRelAMCIN,MidLLapse,ScenRelAMIns,0.33112055234378146
ScenRelAMCIN,MidLLapse,ScenRelAMIns,0.33112055234378146
ScenRelAMCIN,MidLLapse,ScenRelAMIns,0.33112055234378146
ScenRelAMCIN,MvmtFeatures,Dewpoints,0.13884339165238996
ScenRelAMCIN,MvmtFeatures,Dewpoints,0.13884339165238996
ScenRelAMCIN,RHRatio,ScenRelAMIns,0.15663875936403754
ScenRelAMCIN,RHRatio,ScenRelAMIns,0.15663875936403754
ScenRelAMCIN,RHRatio,ScenRelAMIns,0.15663875936403754
ScenRelAMCIN,RHRatio,ScenRelAMIns,0.15663875936403754
ScenRelAMCIN,SfcWndShfDis,ScnRelPlFcst,0.44241232130757774
ScenRelAMCIN,SfcWndShfDis,ScnRelPlFcst,0.44241232130757774
ScenRelAMCIN,SfcWndShfDis,ScnRelPlFcst,0.44241232130757774
ScenRelAMCIN,SfcWndShfDis,ScnRelPlFcst,0.44241232130757774
ScenRelAMCIN,SfcWndShfDis,ScnRelPlFcst,0.44241232130757774
ScenRelAMCIN,SfcWndShfDis,ScnRelPlFcst,0.44241232130757774
ScenRelAMCIN,SfcWndShfDis,ScnRelPlFcst,0.44241232130757774
ScenRelAMCIN,SfcWndShfDis,ScnRelPlFcst,0.44241232130757774
ScenRelAMCIN,SfcWndShfDis,ScnRelPlFcst,0.44241232130757774
ScenRelAMCIN,SfcWndShfDis,ScnRelPlFcst,0.44241232130757774
ScenRelAMCIN,SynForcng,ScenRelAMIns,0.6980645013489402
ScenRelAMCIN,SynForcng,ScenRelAMIns,0.6980645013489402
ScenRelAMCIN,SynForcng,ScenRelAMIns,0.6980645013489402
ScenRelAMCIN,SynForcng,ScenRelAMIns,0.6980645013489402
ScenRelAMCIN,TempDis,ScnRelPlFcst,0.8129287879271916
ScenRelAMCIN,TempDis,ScnRelPlFcst,0.8129287879271916
ScenRelAMCIN,TempDis,ScnRelPlFcst,0.8129287879271916
ScenRelAMCIN,TempDis,ScnRelPlFcst,0.8129287879271916
ScenRelAMCIN,TempDis,ScnRelPlFcst,0.8129287879271916
ScenRelAMCIN,TempDis,ScnRelPlFcst,0.8129287879271916
ScenRelAMCIN,TempDis,ScnRelPlFcst,0.8129287879271916
ScenRelAMCIN,TempDis,ScnRelPlFcst,0.8129287879271916
ScenRelAMCIN,TempDis,ScnRelPlFcst,0.8129287879271916
ScenRelAMCIN,WindAloft,ScenRelAMIns,0.8801501250617859
ScenRelAMCIN,WindAloft,ScenRelAMIns,0.8801501250617859
ScenRelAMCIN,WindAloft,ScenRelAMIns,0.8801501250617859
ScenRelAMCIN,WindAloft,ScenRelAMIns,0.8801501250617859
ScenRelAMCIN,WindFieldPln,ScnRelPlFcst,0.3841545199276464
ScenRelAMCIN,WindFieldPln,ScnRelPlFcst,0.3841545199276464
ScenRelAMCIN,WindFieldPln,ScnRelPlFcst,0.3841545199276464
ScenRelAMCIN,WindFieldPln,ScnRelPlFcst,0.3841545199276464
ScenRelAMCIN,WindFieldPln,ScnRelPlFcst,0.3841545199276464
ScenRelAMCIN,WindFieldPln,ScnRelPlFcst,0.3841545199276464
ScenRelAMCIN,WindFieldPln,ScnRelPlFcst,0.3841545199276464
ScenRelAMCIN,WindFieldPln,ScnRelPlFcst,0.3841545199276464
ScenRelAMCIN,WindFieldPln,ScnRelPlFcst,0.3841545199276464
ScenRelAMCIN,WindFieldPln,ScnRelPlFcst,0.3841545199276464
MorningCIN,AMCINInScen,CapInScen,2.0882614751328236e-35
MorningCIN,CapInScen,AMCINInScen,0.8288851368702443
AMCINInScen,CapInScen,MorningCIN,8.440105829370877e-38
AMCINInScen,CapInScen,MorningCIN,8.440105829370877e-38
ScenRelAMIns,AMInsWliScen,Dewpoints,0.9317409243696126
ScenRelAMIns,AMInsWliScen,Dewpoints,0.9317409243696126
ScenRelAMIns,ScenRel3_4,SynForcng,8.086993613987461e-60
ScenRelAMIns,ScenRel3_4,SynForcng,8.086993613987461e-60
ScenRelAMIns,ScenRel3_4,SynForcng,8.086993613987461e-60
ScenRelAMIns,ScenRel3_4,SynForcng,8.086993613987461e-60
ScenRelAMIns,ScenRel3_4,SynForcng,8.086993613987461e-60
ScenRelAMIns,ScenRel3_4,SynForcng,8.086993613987461e-60
ScenRelAMIns,ScenRel3_4,SynForcng,8.086993613987461e-60
ScenRelAMIns,ScenRel3_4,SynForcng,8.086993613987461e-60
ScenRelAMIns,ScenRel3_4,SynForcng,8.086993613987461e-60
ScenRelAMIns,ScenRel3_4,SynForcng,8.086993613987461e-60
ScenRelAMIns,ScenRel3_4,SynForcng,8.086993613987461e-60
ScenRelAMIns,ScenRel3_4,SynForcng,8.086993613987461e-60
ScenRelAMIns,ScenRel3_4,SynForcng,8.086993613987461e-60
ScenRelAMIns,ScenRel3_4,SynForcng,8.086993613987461e-60
ScenRelAMIns,ScenRel3_4,SynForcng,8.086993613987461e-60
ScenRelAMIns,ScenRel3_4,SynForcng,8.086993613987461e-60
ScenRelAMIns,ScenRel3_4,SynForcng,8.086993613987461e-60
ScenRelAMIns,ScenRel3_4,SynForcng,8.086993613987461e-60
ScenRelAMIns,ScenRel3_4,SynForcng,8.086993613987461e-60
ScenRelAMIns,ScnRelPlFcst,SynForcng,7.929675313655375e-89
ScenRelAMIns,ScnRelPlFcst,SynForcng,7.929675313655375e-89
ScenRelAMIns,ScnRelPlFcst,SynForcng,7.929675313655375e-89
ScenRelAMIns,ScnRelPlFcst,SynForcng,7.929675313655375e-89
ScenRelAMIns,ScnRelPlFcst,SynForcng,7.929675313655375e-89
ScenRelAMIns,ScnRelPlFcst,SynForcng,7.929675313655375e-89
ScenRelAMIns,ScnRelPlFcst,SynForcng,7.929675313655375e-89
ScenRelAMIns,ScnRelPlFcst,SynForcng,7.929675313655375e-89
ScenRelAMIns,ScnRelPlFcst,SynForcng,7.929675313655375e-89
ScenRelAMIns,ScnRelPlFcst,SynForcng,7.929675313655375e-89
ScenRelAMIns,ScnRelPlFcst,SynForcng,7.929675313655375e-89
ScenRelAMIns,ScnRelPlFcst,SynForcng,7.929675313655375e-89
ScenRelAMIns,ScnRelPlFcst,SynForcng,7.929675313655375e-89
ScenRelAMIns,ScnRelPlFcst,SynForcng,7.929675313655375e-89
ScenRelAMIns,ScnRelPlFcst,SynForcng,7.929675313655375e-89
ScenRelAMIns,ScnRelPlFcst,SynForcng,7.929675313655375e-89
ScenRelAMIns,ScnRelPlFcst,SynForcng,7.929675313655375e-89
ScenRelAMIns,ScnRelPlFcst,SynForcng,7.929675313655375e-89
ScenRelAMIns,ScnRelPlFcst,SynForcng,7.929675313655375e-89
ScenRelAMIns,PlainsFcst,MeanRH,0.15592850549120305
ScenRelAMIns,N34StarFcst,MeanRH,0.665811553054553
ScenRelAMIns,Dewpoints,ScnRelPlFcst,1.0
ScenRelAMIns,Dewpoints,ScnRelPlFcst,1.0
ScenRelAMIns,Dewpoints,ScnRelPlFcst,1.0
ScenRelAMIns,Dewpoints,ScnRelPlFcst,1.0
ScenRelAMIns,Dewpoints,ScnRelPlFcst,1.0
ScenRelAMIns,Dewpoints,ScnRelPlFcst,1.0
ScenRelAMIns,Dewpoints,ScnRelPlFcst,1.0
ScenRelAMIns,Dewpoints,ScnRelPlFcst,1.0
ScenRelAMIns,Dewpoints,ScnRelPlFcst,1.0
ScenRelAMIns,LowLLapse,Dewpoints,0.3403806100952977
ScenRelAMIns,LowLLapse,Dewpoints,0.3403806100952977
ScenRelAMIns,MeanRH,ScnRelPlFcst,0.9999999969550676
ScenRelAMIns,MeanRH,ScnRelPlFcst,0.9999999969550676
ScenRelAMIns,MeanRH,ScnRelPlFcst,0.9999999969550676
ScenRelAMIns,MeanRH,ScnRelPlFcst,0.9999999969550676
ScenRelAMIns,MeanRH,ScnRelPlFcst,0.9999999969550676
ScenRelAMIns,MeanRH,ScnRelPlFcst,0.9999999969550676
ScenRelAMIns,MeanRH,ScnRelPlFcst,0.9999999969550676
ScenRelAMIns,MeanRH,ScnRelPlFcst,0.9999999969550676
ScenRelAMIns,MeanRH,ScnRelPlFcst,0.9999999969550676
ScenRelAMIns,MidLLapse,Dewpoints,0.7488998806208231
ScenRelAMIns,MidLLapse,Dewpoints,0.7488998806208231
ScenRelAMIns,MvmtFeatures,ScnRelPlFcst,0.999961674992038
ScenRelAMIns,MvmtFeatures,ScnRelPlFcst,0.999961674992038
ScenRelAMIns,MvmtFeatures,ScnRelPlFcst,0.999961674992038
ScenRelAMIns,MvmtFeatures,ScnRelPlFcst,0.999961674992038
ScenRelAMIns,MvmtFeatures,ScnRelPlFcst,0.999961674992038
ScenRelAMIns,MvmtFeatures,ScnRelPlFcst,0.999961674992038
ScenRelAMIns,MvmtFeatures,ScnRelPlFcst,0.999961674992038
ScenRelAMIns,MvmtFeatures,ScnRelPlFcst,0.999961674992038
ScenRelAMIns,MvmtFeatures,ScnRelPlFcst,0.999961674992038
ScenRelAMIns,MvmtFeatures,ScnRelPlFcst,0.999961674992038
ScenRelAMIns,RHRatio,ScnRelPlFcst,0.9999989261056653
ScenRelAMIns,RHRatio,ScnRelPlFcst,0.9999989261056653
ScenRelAMIns,RHRatio,ScnRelPlFcst,0.9999989261056653
ScenRelAMIns,RHRatio,ScnRelPlFcst,0.9999989261056653
ScenRelAMIns,RHRatio,ScnRelPlFcst,0.9999989261056653
ScenRelAMIns,RHRatio,ScnRelPlFcst,0.9999989261056653
ScenRelAMIns,RHRatio,ScnRelPlFcst,0.9999989261056653
ScenRelAMIns,RHRatio,ScnRelPlFcst,0.9999989261056653
ScenRelAMIns,RHRatio,ScnRelPlFcst,0.9999989261056653
ScenRelAMIns,RHRatio,ScnRelPlFcst,0.9999989261056653
ScenRelAMIns,SfcWndShfDis,ScnRelPlFcst,0.9999449992661952
ScenRelAMIns,SfcWndShfDis,ScnRelPlFcst,0.9999449992661952
ScenRelAMIns,SfcWndShfDis,ScnRelPlFcst,0.9999449992661952
ScenRelAMIns,SfcWndShfDis,ScnRelPlFcst,0.9999449992661952
ScenRelAMIns,SfcWndShfDis,ScnRelPlFcst,0.9999449992661952
ScenRelAMIns,SfcWndShfDis,ScnRelPlFcst,0.9999449992661952
ScenRelAMIns,SfcWndShfDis,ScnRelPlFcst,0.9999449992661952
ScenRelAMIns,SfcWndShfDis,ScnRelPlFcst,0.9999449992661952
ScenRelAMIns,SfcWndShfDis,ScnRelPlFcst,0.9999449992661952
ScenRelAMIns,SfcWndShfDis,ScnRelPlFcst,0.9999449992661952
ScenRelAMIns,SynForcng,Dewpoints,0.91474166775361
ScenRelAMIns,SynForcng,Dewpoints,0.91474166775361
ScenRelAMIns,TempDis,ScnRelPlFcst,0.9999115601229338
ScenRelAMIns,TempDis,ScnRelPlFcst,0.9999115601229338
ScenRelAMIns,TempDis,ScnRelPlFcst,0.9999115601229338
ScenRelAMIns,TempDis,ScnRelPlFcst,0.9999115601229338
ScenRelAMIns,TempDis,ScnRelPlFcst,0.9999115601229338
ScenRelAMIns,TempDis,ScnRelPlFcst,0.9999115601229338
ScenRelAMIns,TempDis,ScnRelPlFcst,0.9999115601229338
ScenRelAMIns,TempDis,ScnRelPlFcst,0.9999115601229338
ScenRelAMIns,TempDis,ScnRelPlFcst,0.9999115601229338
ScenRelAMIns,WindAloft,ScnRelPlFcst,0.9998076445949741
ScenRelAMIns,WindAloft,ScnRelPlFcst,0.9998076445949741
ScenRelAMIns,WindAloft,ScnRelPlFcst,0.9998076445949741
ScenRelAMIns,WindAloft,ScnRelPlFcst,0.9998076445949741
ScenRelAMIns,WindAloft,ScnRelPlFcst,0.9998076445949741
ScenRelAMIns,WindAloft,ScnRelPlFcst,0.9998076445949741
ScenRelAMIns,WindAloft,ScnRelPlFcst,0.9998076445949741
ScenRelAMIns,WindAloft,ScnRelPlFcst,0.9998076445949741
ScenRelAMIns,WindAloft,ScnRelPlFcst,0.9998076445949741
ScenRelAMIns,WindFieldMt,MeanRH,0.15137142073029833
ScenRelAMIns,WindFieldPln,ScnRelPlFcst,0.9999466119568289
ScenRelAMIns,WindFieldPln,ScnRelPlFcst,0.9999466119568289
ScenRelAMIns,WindFieldPln,ScnRelPlFcst,0.9999466119568289
ScenRelAMIns,WindFieldPln,ScnRelPlFcst,0.9999466119568289
ScenRelAMIns,WindFieldPln,ScnRelPlFcst,0.9999466119568289
ScenRelAMIns,WindFieldPln,ScnRelPlFcst,0.9999466119568289
ScenRelAMIns,WindFieldPln,ScnRelPlFcst,0.9999466119568289
ScenRelAMIns,WindFieldPln,ScnRelPlFcst,0.9999466119568289
ScenRelAMIns,WindFieldPln,ScnRelPlFcst,0.9999466119568289
ScenRelAMIns,WindFieldPln,ScnRelPlFcst,0.9999466119568289
LIfr12ZDENSd,AMInsWliScen,CldShadeOth,4.886863549284018e-05
LIfr12ZDENSd,AMInsWliScen,CldShadeOth,4.886863549284018e-05
LIfr12ZDENSd,AMInsWliScen,CldShadeOth,4.886863549284018e-05
LIfr12ZDENSd,AMInsWliScen,CldShadeOth,4.886863549284018e-05
LIfr12ZDENSd,AMInsWliScen,CldShadeOth,4.886863549284018e-05
LIfr12ZDENSd,InsSclInScen,AMInsWliScen,0.5963591231799104
LIfr12ZDENSd,CurPropConv,InsSclInScen,0.12223518788797563
LIfr12ZDENSd,CurPropConv,InsSclInScen,0.12223518788797563
AMDewptCalPl,AMInsWliScen,InsSclInScen,1.1488792862169814e-06
AMDewptCalPl,InsSclInScen,AMInsWliScen,0.4299024974374168
AMInsWliScen,InsSclInScen,ScenRelAMCIN,3.916647404595301e-77
AMInsWliScen,InsSclInScen,ScenRelAMCIN,3.916647404595301e-77
AMInsWliScen,InsSclInScen,ScenRelAMCIN,3.916647404595301e-77
AMInsWliScen,InsSclInScen,ScenRelAMCIN,3.916647404595301e-77
AMInsWliScen,InsSclInScen,ScenRelAMCIN,3.916647404595301e-77
AMInsWliScen,InsSclInScen,ScenRelAMCIN,3.916647404595301e-77
AMInsWliScen,InsSclInScen,ScenRelAMCIN,3.916647404595301e-77
AMInsWliScen,InsSclInScen,ScenRelAMCIN,3.916647404595301e-77
AMInsWliScen,InsSclInScen,ScenRelAMCIN,3.916647404595301e-77
AMInsWliScen,InsSclInScen,ScenRelAMCIN,3.916647404595301e-77
AMInsWliScen,InsSclInScen,ScenRelAMCIN,3.916647404595301e-77
AMInsWliScen,InsSclInScen,ScenRelAMCIN,3.916647404595301e-77
AMInsWliScen,ScenRel3_4,SfcWndShfDis,0.9276493188204172
AMInsWliScen,ScnRelPlFcst,SfcWndShfDis,0.9999829678053438
AMInsWliScen,PlainsFcst,SfcWndShfDis,0.15651264189851954
AMInsWliScen,N34StarFcst,SfcWndShfDis,0.15964186905946137
AMInsWliScen,SfcWndShfDis,Scenario,0.9999999999948807
AMInsWliScen,TempDis,SfcWndShfDis,0.22695324707904194
InsSclInScen,ScenRel3_4,SfcWndShfDis,0.8946364217696814
InsSclInScen,PlainsFcst,N34StarFcst,0.6973510728622085
InsSclInScen,PlainsFcst,N34StarFcst,0.6973510728622085
InsSclInScen,PlainsFcst,N34StarFcst,0.6973510728622085
InsSclInScen,PlainsFcst,N34StarFcst,0.6973510728622085
InsSclInScen,PlainsFcst,N34StarFcst,0.6973510728622085
InsSclInScen,PlainsFcst,N34StarFcst,0.6973510728622085
InsSclInScen,PlainsFcst,N34StarFcst,0.6973510728622085
InsSclInScen,N34StarFcst,PlainsFcst,0.7958882683667322
InsSclInScen,N34StarFcst,PlainsFcst,0.7958882683667322
InsSclInScen,SfcWndShfDis,AMInsWliScen,0.5350305384857117
InsSclInScen,SfcWndShfDis,AMInsWliScen,0.5350305384857117
ScenRel3_4,ScnRelPlFcst,SynForcng,8.730720392602666e-115
ScenRel3_4,ScnRelPlFcst,SynForcng,8.730720392602666e-115
ScenRel3_4,ScnRelPlFcst,SynForcng,8.730720392602666e-115
ScenRel3_4,ScnRelPlFcst,SynForcng,8.730720392602666e-115
ScenRel3_4,ScnRelPlFcst,SynForcng,8.730720392602666e-115
ScenRel3_4,ScnRelPlFcst,SynForcng,8.730720392602666e-115
ScenRel3_4,ScnRelPlFcst,SynForcng,8.730720392602666e-115
ScenRel3_4,ScnRelPlFcst,SynForcng,8.730720392602666e-115
ScenRel3_4,ScnRelPlFcst,SynForcng,8.730720392602666e-115
ScenRel3_4,ScnRelPlFcst,SynForcng,8.730720392602666e-115
ScenRel3_4,ScnRelPlFcst,SynForcng,8.730720392602666e-115
ScenRel3_4,ScnRelPlFcst,SynForcng,8.730720392602666e-115
ScenRel3_4,ScnRelPlFcst,SynForcng,8.730720392602666e-115
ScenRel3_4,ScnRelPlFcst,SynForcng,8.730720392602666e-115
ScenRel3_4,ScnRelPlFcst,SynForcng,8.730720392602666e-115
ScenRel3_4,ScnRelPlFcst,SynForcng,8.730720392602666e-115
ScenRel3_4,ScnRelPlFcst,SynForcng,8.730720392602666e-115
ScenRel3_4,ScnRelPlFcst,SynForcng,8.730720392602666e-115
ScenRel3_4,ScnRelPlFcst,SynForcng,8.730720392602666e-115
ScenRel3_4,ScnRelPlFcst,SynForcng,8.730720392602666e-115
ScenRel3_4,PlainsFcst,Dewpoints,0.7606737946591934
ScenRel3_4,PlainsFcst,Dewpoints,0.7606737946591934
ScenRel3_4,R5Fcst,MeanRH,0.10301675069485622
ScenRel3_4,Dewpoints,ScnRelPlFcst,0.9999999999999031
ScenRel3_4,Dewpoints,ScnRelPlFcst,0.9999999999999031
ScenRel3_4,Dewpoints,ScnRelPlFcst,0.9999999999999031
ScenRel3_4,Dewpoints,ScnRelPlFcst,0.9999999999999031
ScenRel3_4,Dewpoints,ScnRelPlFcst,0.9999999999999031
ScenRel3_4,Dewpoints,ScnRelPlFcst,0.9999999999999031
ScenRel3_4,Dewpoints,ScnRelPlFcst,0.9999999999999031
ScenRel3_4,Dewpoints,ScnRelPlFcst,0.9999999999999031
ScenRel3_4,LowLLapse,Dewpoints,0.7379152469176765
ScenRel3_4,LowLLapse,Dewpoints,0.7379152469176765
ScenRel3_4,MeanRH,Dewpoints,0.23227133585911308
ScenRel3_4,MidLLapse,MeanRH,0.08826988269220486
ScenRel3_4,MvmtFeatures,ScnRelPlFcst,0.9988021028977382
ScenRel3_4,MvmtFeatures,ScnRelPlFcst,0.9988021028977382
ScenRel3_4,MvmtFeatures,ScnRelPlFcst,0.9988021028977382
ScenRel3_4,MvmtFeatures,ScnRelPlFcst,0.9988021028977382
ScenRel3_4,MvmtFeatures,ScnRelPlFcst,0.9988021028977382
ScenRel3_4,MvmtFeatures,ScnRelPlFcst,0.9988021028977382
ScenRel3_4,MvmtFeatures,ScnRelPlFcst,0.9988021028977382
ScenRel3_4,MvmtFeatures,ScnRelPlFcst,0.9988021028977382
ScenRel3_4,MvmtFeatures,ScnRelPlFcst,0.9988021028977382
ScenRel3_4,RHRatio,ScenRelAMIns,0.14042243089286505
ScenRel3_4,RHRatio,ScenRelAMIns,0.14042243089286505
ScenRel3_4,RHRatio,ScenRelAMIns,0.14042243089286505
ScenRel3_4,RHRatio,ScenRelAMIns,0.14042243089286505
ScenRel3_4,SfcWndShfDis,ScnRelPlFcst,0.9970213578310528
ScenRel3_4,SfcWndShfDis,ScnRelPlFcst,0.9970213578310528
ScenRel3_4,SfcWndShfDis,ScnRelPlFcst,0.9970213578310528
ScenRel3_4,SfcWndShfDis,ScnRelPlFcst,0.9970213578310528
ScenRel3_4,SfcWndShfDis,ScnRelPlFcst,0.9970213578310528
ScenRel3_4,SfcWndShfDis,ScnRelPlFcst,0.9970213578310528
ScenRel3_4,SfcWndShfDis,ScnRelPlFcst,0.9970213578310528
ScenRel3_4,SfcWndShfDis,ScnRelPlFcst,0.9970213578310528
ScenRel3_4,SfcWndShfDis,ScnRelPlFcst,0.9970213578310528
ScenRel3_4,SynForcng,ScnRelPlFcst,0.9999999999999375
ScenRel3_4,SynForcng,ScnRelPlFcst,0.9999999999999375
ScenRel3_4,SynForcng,ScnRelPlFcst,0.9999999999999375
ScenRel3_4,SynForcng,ScnRelPlFcst,0.9999999999999375
ScenRel3_4,SynForcng,ScnRelPlFcst,0.9999999999999375
ScenRel3_4,SynForcng,ScnRelPlFcst,0.9999999999999375
ScenRel3_4,SynForcng,ScnRelPlFcst,0.9999999999999375
ScenRel3_4,SynForcng,ScnRelPlFcst,0.9999999999999375
ScenRel3_4,SynForcng,ScnRelPlFcst,0.9999999999999375
ScenRel3_4,TempDis,ScnRelPlFcst,0.9988535077259443
ScenRel3_4,TempDis,ScnRelPlFcst,0.9988535077259443
ScenRel3_4,TempDis,ScnRelPlFcst,0.9988535077259443
ScenRel3_4,TempDis,ScnRelPlFcst,0.9988535077259443
ScenRel3_4,TempDis,ScnRelPlFcst,0.9988535077259443
ScenRel3_4,TempDis,ScnRelPlFcst,0.9988535077259443
ScenRel3_4,TempDis,ScnRelPlFcst,0.9988535077259443
ScenRel3_4,TempDis,ScnRelPlFcst,0.9988535077259443
ScenRel3_4,WindAloft,ScnRelPlFcst,0.9962715480534806
ScenRel3_4,WindAloft,ScnRelPlFcst,0.9962715480534806
ScenRel3_4,WindAloft,ScnRelPlFcst,0.9962715480534806
ScenRel3_4,WindAloft,ScnRelPlFcst,0.9962715480534806
ScenRel3_4,WindAloft,ScnRelPlFcst,0.9962715480534806
ScenRel3_4,WindAloft,ScnRelPlFcst,0.9962715480534806
ScenRel3_4,WindAloft,ScnRelPlFcst,0.9962715480534806
ScenRel3_4,WindAloft,ScnRelPlFcst,0.9962715480534806
ScenRel3_4,WindFieldMt,ScnRelPlFcst,0.9815674730616512
ScenRel3_4,WindFieldMt,ScnRelPlFcst,0.9815674730616512
ScenRel3_4,WindFieldMt,ScnRelPlFcst,0.9815674730616512
ScenRel3_4,WindFieldMt,ScnRelPlFcst,0.9815674730616512
ScenRel3_4,WindFieldMt,ScnRelPlFcst,0.9815674730616512
ScenRel3_4,WindFieldMt,ScnRelPlFcst,0.9815674730616512
ScenRel3_4,WindFieldMt,ScnRelPlFcst,0.9815674730616512
ScenRel3_4,WindFieldMt,ScnRelPlFcst,0.9815674730616512
ScenRel3_4,WindFieldPln,ScnRelPlFcst,0.9966904277284068
ScenRel3_4,WindFieldPln,ScnRelPlFcst,0.9966904277284068
ScenRel3_4,WindFieldPln,ScnRelPlFcst,0.9966904277284068
ScenRel3_4,WindFieldPln,ScnRelPlFcst,0.9966904277284068
ScenRel3_4,WindFieldPln,ScnRelPlFcst,0.9966904277284068
ScenRel3_4,WindFieldPln,ScnRelPlFcst,0.9966904277284068
ScenRel3_4,WindFieldPln,ScnRelPlFcst,0.9966904277284068
ScenRel3_4,WindFieldPln,ScnRelPlFcst,0.9966904277284068
ScenRel3_4,WindFieldPln,ScnRelPlFcst,0.9966904277284068
LatestCIN,CurPropConv,InsInMt,4.597415093081106e-05
LatestCIN,CurPropConv,InsInMt,4.597415093081106e-05
LatestCIN,CurPropConv,InsInMt,4.597415093081106e-05
LatestCIN,TempDis,CurPropConv,0.15286687044597866
LLIW,CurPropConv,RHRatio,8.084007777918862e-25
LLIW,CurPropConv,RHRatio,8.084007777918862e-25
LLIW,RHRatio,CurPropConv,0.5476693852005254
CurPropConv,PlainsFcst,LLIW,0.5211420431732026
CurPropConv,PlainsFcst,LLIW,0.5211420431732026
CurPropConv,N34StarFcst,LLIW,0.6180337491853194
CurPropConv,N34StarFcst,LLIW,0.6180337491853194
ScnRelPlFcst,PlainsFcst,MeanRH,0.1581189789204399
ScnRelPlFcst,R5Fcst,MeanRH,0.24946854736580074
ScnRelPlFcst,Dewpoints,ScenRelAMIns,0.9999785445355653
ScnRelPlFcst,Dewpoints,ScenRelAMIns,0.9999785445355653
ScnRelPlFcst,Dewpoints,ScenRelAMIns,0.9999785445355653
ScnRelPlFcst,LowLLapse,Dewpoints,0.9941943050246246
ScnRelPlFcst,LowLLapse,Dewpoints,0.9941943050246246
ScnRelPlFcst,MeanRH,Dewpoints,0.8385728757493915
ScnRelPlFcst,MidLLapse,Dewpoints,0.9883366943135387
ScnRelPlFcst,MidLLapse,Dewpoints,0.9883366943135387
ScnRelPlFcst,MvmtFeatures,Scenario,1.0
ScnRelPlFcst,MvmtFeatures,Scenario,1.0
ScnRelPlFcst,MvmtFeatures,Scenario,1.0
ScnRelPlFcst,MvmtFeatures,Scenario,1.0
ScnRelPlFcst,MvmtFeatures,Scenario,1.0
ScnRelPlFcst,MvmtFeatures,Scenario,1.0
ScnRelPlFcst,MvmtFeatures,Scenario,1.0
ScnRelPlFcst,MvmtFeatures,Scenario,1.0
ScnRelPlFcst,MvmtFeatures,Scenario,1.0
ScnRelPlFcst,MvmtFeatures,Scenario,1.0
ScnRelPlFcst,MvmtFeatures,Scenario,1.0
ScnRelPlFcst,MvmtFeatures,Scenario,1.0
ScnRelPlFcst,MvmtFeatures,Scenario,1.0
ScnRelPlFcst,RHRatio,Dewpoints,0.18984811430245488
ScnRelPlFcst,RHRatio,Dewpoints,0.18984811430245488
ScnRelPlFcst,SfcWndShfDis,Scenario,1.0
ScnRelPlFcst,SfcWndShfDis,Scenario,1.0
ScnRelPlFcst,SfcWndShfDis,Scenario,1.0
ScnRelPlFcst,SfcWndShfDis,Scenario,1.0
ScnRelPlFcst,SfcWndShfDis,Scenario,1.0
ScnRelPlFcst,SfcWndShfDis,Scenario,1.0
ScnRelPlFcst,SfcWndShfDis,Scenario,1.0
ScnRelPlFcst,SfcWndShfDis,Scenario,1.0
ScnRelPlFcst,SfcWndShfDis,Scenario,1.0
ScnRelPlFcst,SfcWndShfDis,Scenario,1.0
ScnRelPlFcst,SfcWndShfDis,Scenario,1.0
ScnRelPlFcst,SfcWndShfDis,Scenario,1.0
ScnRelPlFcst,SynForcng,Dewpoints,0.7627377649491336
ScnRelPlFcst,SynForcng,Dewpoints,0.7627377649491336
ScnRelPlFcst,TempDis,Scenario,0.9999999999996464
ScnRelPlFcst,TempDis,Scenario,0.9999999999996464
ScnRelPlFcst,TempDis,Scenario,0.9999999999996464
ScnRelPlFcst,TempDis,Scenario,0.9999999999996464
ScnRelPlFcst,TempDis,Scenario,0.9999999999996464
ScnRelPlFcst,TempDis,Scenario,0.9999999999996464
ScnRelPlFcst,TempDis,Scenario,0.9999999999996464
ScnRelPlFcst,TempDis,Scenario,0.9999999999996464
ScnRelPlFcst,TempDis,Scenario,0.9999999999996464
ScnRelPlFcst,TempDis,Scenario,0.9999999999996464
ScnRelPlFcst,TempDis,Scenario,0.9999999999996464
ScnRelPlFcst,TempDis,Scenario,0.9999999999996464
ScnRelPlFcst,WindAloft,Scenario,0.9999999999999991
ScnRelPlFcst,WindAloft,Scenario,0.9999999999999991
ScnRelPlFcst,WindAloft,Scenario,0.9999999999999991
ScnRelPlFcst,WindAloft,Scenario,0.9999999999999991
ScnRelPlFcst,WindAloft,Scenario,0.9999999999999991
ScnRelPlFcst,WindAloft,Scenario,0.9999999999999991
ScnRelPlFcst,WindAloft,Scenario,0.9999999999999991
ScnRelPlFcst,WindAloft,Scenario,0.9999999999999991
ScnRelPlFcst,WindAloft,Scenario,0.9999999999999991
ScnRelPlFcst,WindAloft,Scenario,0.9999999999999991
ScnRelPlFcst,WindAloft,Scenario,0.9999999999999991
ScnRelPlFcst,WindAloft,Scenario,0.9999999999999991
ScnRelPlFcst,WindFieldMt,ScenRel3_4,0.11691639243186203
ScnRelPlFcst,WindFieldMt,ScenRel3_4,0.11691639243186203
ScnRelPlFcst,WindFieldMt,ScenRel3_4,0.11691639243186203
ScnRelPlFcst,WindFieldMt,ScenRel3_4,0.11691639243186203
ScnRelPlFcst,WindFieldMt,ScenRel3_4,0.11691639243186203
ScnRelPlFcst,WindFieldMt,ScenRel3_4,0.11691639243186203
ScnRelPlFcst,WindFieldPln,ScenRelAMIns,0.17673278580288881
ScnRelPlFcst,WindFieldPln,ScenRelAMIns,0.17673278580288881
ScnRelPlFcst,WindFieldPln,ScenRelAMIns,0.17673278580288881
ScnRelPlFcst,WindFieldPln,ScenRelAMIns,0.17673278580288881
PlainsFcst,N34StarFcst,ScenRelAMCIN,1.580640782945683e-176
PlainsFcst,N34StarFcst,ScenRelAMCIN,1.580640782945683e-176
PlainsFcst,N34StarFcst,ScenRelAMCIN,1.580640782945683e-176
PlainsFcst,N34StarFcst,ScenRelAMCIN,1.580640782945683e-176
PlainsFcst,N34StarFcst,ScenRelAMCIN,1.580640782945683e-176
PlainsFcst,N34StarFcst,ScenRelAMCIN,1.580640782945683e-176
PlainsFcst,N34StarFcst,ScenRelAMCIN,1.580640782945683e-176
PlainsFcst,N34StarFcst,ScenRelAMCIN,1.580640782945683e-176
PlainsFcst,N34StarFcst,ScenRelAMCIN,1.580640782945683e-176
PlainsFcst,N34StarFcst,ScenRelAMCIN,1.580640782945683e-176
PlainsFcst,N34StarFcst,ScenRelAMCIN,1.580640782945683e-176
PlainsFcst,N34StarFcst,ScenRelAMCIN,1.580640782945683e-176
PlainsFcst,N34StarFcst,ScenRelAMCIN,1.580640782945683e-176
PlainsFcst,R5Fcst,N34StarFcst,0.07317158914112581
PlainsFcst,R5Fcst,N34StarFcst,0.07317158914112581
PlainsFcst,R5Fcst,N34StarFcst,0.07317158914112581
PlainsFcst,R5Fcst,N34StarFcst,0.07317158914112581
PlainsFcst,R5Fcst,N34StarFcst,0.07317158914112581
PlainsFcst,R5Fcst,N34StarFcst,0.07317158914112581
PlainsFcst,R5Fcst,N34StarFcst,0.07317158914112581
PlainsFcst,R5Fcst,N34StarFcst,0.07317158914112581
PlainsFcst,R5Fcst,N34StarFcst,0.07317158914112581
PlainsFcst,R5Fcst,N34StarFcst,0.07317158914112581
PlainsFcst,R5Fcst,N34StarFcst,0.07317158914112581
PlainsFcst,Dewpoints,WindFieldPln,0.9582920937489671
PlainsFcst,RHRatio,WindFieldPln,0.6058497730030865
PlainsFcst,WindFieldPln,Scenario,0.9999997947161222
N34StarFcst,R5Fcst,ScenRelAMCIN,2.823095633738618e-42
N34StarFcst,R5Fcst,ScenRelAMCIN,2.823095633738618e-42
N34StarFcst,R5Fcst,ScenRelAMCIN,2.823095633738618e-42
N34StarFcst,R5Fcst,ScenRelAMCIN,2.823095633738618e-42
N34StarFcst,R5Fcst,ScenRelAMCIN,2.823095633738618e-42
N34StarFcst,R5Fcst,ScenRelAMCIN,2.823095633738618e-42
N34StarFcst,R5Fcst,ScenRelAMCIN,2.823095633738618e-42
N34StarFcst,R5Fcst,ScenRelAMCIN,2.823095633738618e-42
N34StarFcst,WindFieldPln,PlainsFcst,0.9580882311640966
R5Fcst,SfcWndShfDis,Scenario,0.9999999996597573
Dewpoints,LowLLapse,MeanRH,0.5166580978788385
Dewpoints,MeanRH,ScenRelAMIns,0.9990718835895362
Dewpoints,MvmtFeatures,MeanRH,0.11398819758569471
Dewpoints,RHRatio,ScenRelAMIns,0.9948335752916079
Dewpoints,RHRatio,ScenRelAMIns,0.9948335752916079
Dewpoints,SfcWndShfDis,ScenRelAMIns,0.9995489276318137
Dewpoints,SfcWndShfDis,ScenRelAMIns,0.9995489276318137
Dewpoints,SynForcng,MeanRH,0.19308215099076212
Dewpoints,TempDis,ScenRelAMIns,0.536790253164852
Dewpoints,TempDis,ScenRelAMIns,0.536790253164852
Dewpoints,WindAloft,MeanRH,0.11194301448608307
Dewpoints,WindFieldPln,ScenRelAMIns,0.9999999973676544
Dewpoints,WindFieldPln,ScenRelAMIns,0.9999999973676544
LowLLapse,MeanRH,SfcWndShfDis,0.26266024369930335
LowLLapse,SfcWndShfDis,WindFieldPln,0.4286499872128797
LowLLapse,WindAloft,SfcWndShfDis,0.47377979755839095
LowLLapse,WindFieldMt,SfcWndShfDis,0.2111326729112822
LowLLapse,WindFieldPln,SfcWndShfDis,0.8045687459113454
MeanRH,RHRatio,SfcWndShfDis,0.3973755703592749
MeanRH,SfcWndShfDis,WindFieldPln,0.19488916873035284
MeanRH,WindFieldPln,SfcWndShfDis,0.08192017862244089
MidLLapse,SynForcng,Scenario,0.9999196206311937
MvmtFeatures,RHRatio,SynForcng,0.36099511658621664
MvmtFeatures,SfcWndShfDis,WindFieldPln,0.9194681247398272
MvmtFeatures,SfcWndShfDis,WindFieldPln,0.9194681247398272
MvmtFeatures,SynForcng,Scenario,0.9998902940292242
MvmtFeatures,SynForcng,Scenario,0.9998902940292242
MvmtFeatures,SynForcng,Scenario,0.9998902940292242
MvmtFeatures,TempDis,SynForcng,0.2698237376643522
MvmtFeatures,WindAloft,Scenario,0.9806556481132325
MvmtFeatures,WindAloft,Scenario,0.9806556481132325
MvmtFeatures,WindAloft,Scenario,0.9806556481132325
MvmtFeatures,WindAloft,Scenario,0.9806556481132325
MvmtFeatures,WindFieldMt,Scenario,0.5595005175096983
MvmtFeatures,WindFieldMt,Scenario,0.5595005175096983
MvmtFeatures,WindFieldMt,Scenario,0.5595005175096983
MvmtFeatures,WindFieldMt,Scenario,0.5595005175096983
MvmtFeatures,WindFieldPln,SfcWndShfDis,0.20080677011828482
MvmtFeatures,WindFieldPln,SfcWndShfDis,0.20080677011828482
RHRatio,SfcWndShfDis,WindFieldPln,0.16049610581217216
RHRatio,SfcWndShfDis,WindFieldPln,0.16049610581217216
RHRatio,SfcWndShfDis,WindFieldPln,0.16049610581217216
RHRatio,SynForcng,LLIW,0.11507114316929601
RHRatio,TempDis,SynForcng,0.19037960682865887
RHRatio,WindAloft,SynForcng,0.2660766060839991
RHRatio,WindFieldPln,SfcWndShfDis,0.06407901285926126
RHRatio,WindFieldPln,SfcWndShfDis,0.06407901285926126
RHRatio,WindFieldPln,SfcWndShfDis,0.06407901285926126
SfcWndShfDis,SynForcng,N0_7muVerMo,0.31003822515434465
SfcWndShfDis,TempDis,ScenRelAMIns,0.05519337722335353
SfcWndShfDis,TempDis,ScenRelAMIns,0.05519337722335353
SfcWndShfDis,TempDis,ScenRelAMIns,0.05519337722335353
SfcWndShfDis,TempDis,ScenRelAMIns,0.05519337722335353
SfcWndShfDis,TempDis,ScenRelAMIns,0.05519337722335353
SfcWndShfDis,WindAloft,ScenRelAMIns,0.984053648246373
SfcWndShfDis,WindAloft,ScenRelAMIns,0.984053648246373
SfcWndShfDis,WindAloft,ScenRelAMIns,0.984053648246373
SfcWndShfDis,WindAloft,ScenRelAMIns,0.984053648246373
SfcWndShfDis,WindAloft,ScenRelAMIns,0.984053648246373
SfcWndShfDis,WindFieldMt,N0_7muVerMo,0.2513979916666615
SfcWndShfDis,WindFieldPln,ScenRelAMIns,0.6565990315770295
SfcWndShfDis,WindFieldPln,ScenRelAMIns,0.6565990315770295
SfcWndShfDis,WindFieldPln,ScenRelAMIns,0.6565990315770295
SfcWndShfDis,WindFieldPln,ScenRelAMIns,0.6565990315770295
SfcWndShfDis,WindFieldPln,ScenRelAMIns,0.6565990315770295
SynForcng,WindAloft,Scenario,0.9998430685233483
SynForcng,WindAloft,Scenario,0.9998430685233483
SynForcng,WindAloft,Scenario,0.9998430685233483
SynForcng,WindFieldMt,WindFieldPln,0.3066897298156525
SynForcng,WindFieldMt,WindFieldPln,0.3066897298156525
SynForcng,WindFieldPln,SfcWndShfDis,0.2318472072005202
TempDis,WindAloft,LatestCIN,0.05475871662404135
TempDis,WindFieldPln,SfcWndShfDis,0.06409065428876448
TempDis,WindFieldPln,SfcWndShfDis,0.06409065428876448
WindAloft,WindFieldMt,ScnRelPlFcst,0.30470484783738
WindAloft,WindFieldMt,ScnRelPlFcst,0.30470484783738
WindAloft,WindFieldMt,ScnRelPlFcst,0.30470484783738
WindAloft,WindFieldMt,ScnRelPlFcst,0.30470484783738
WindAloft,WindFieldMt,ScnRelPlFcst,0.30470484783738
WindAloft,WindFieldMt,ScnRelPlFcst,0.30470484783738
WindAloft,WindFieldPln,ScenRelAMIns,0.10713102534466513
WindAloft,WindFieldPln,ScenRelAMIns,0.10713102534466513
WindFieldMt,WindFieldPln,Scenario,0.9996126446088262
WindFieldMt,WindFieldPln,Scenario,0.9996126446088262
WindFieldMt,WindFieldPln,Scenario,0.9996126446088262
CombClouds,CldShadeOth,"IRCloudCover,VISCloudCov",6.980706218952897e-26
InsInMt,OutflowFrMt,"CldShadeConv,R5Fcst",0.13020188371984573
InsInMt,CldShadeConv,"MountainFcst,OutflowFrMt",1.5399408225985653e-08
InsInMt,CldShadeConv,"MountainFcst,OutflowFrMt",1.5399408225985653e-08
InsInMt,CldShadeConv,"MountainFcst,OutflowFrMt",1.5399408225985653e-08
InsInMt,CldShadeConv,"MountainFcst,OutflowFrMt",1.5399408225985653e-08
InsInMt,CldShadeConv,"MountainFcst,OutflowFrMt",1.5399408225985653e-08
InsInMt,CldShadeConv,"MountainFcst,OutflowFrMt",1.5399408225985653e-08
InsInMt,MountainFcst,"AMInstabMt,OutflowFrMt",9.927849155932066e-06
InsInMt,MountainFcst,"AMInstabMt,OutflowFrMt",9.927849155932066e-06
InsInMt,MountainFcst,"AMInstabMt,OutflowFrMt",9.927849155932066e-06
InsInMt,MountainFcst,"AMInstabMt,OutflowFrMt",9.927849155932066e-06
InsInMt,MountainFcst,"AMInstabMt,OutflowFrMt",9.927849155932066e-06
InsInMt,MountainFcst,"AMInstabMt,OutflowFrMt",9.927849155932066e-06
InsInMt,R5Fcst,"AMInstabMt,CldShadeConv",0.11551421109025292
InsInMt,R5Fcst,"AMInstabMt,CldShadeConv",0.11551421109025292
WndHodograph,OutflowFrMt,"AMInsWliScen,CldShadeConv",1.6518583502868107e-05
WndHodograph,CldShadeConv,"AMInsWliScen,OutflowFrMt",4.264775229371797e-11
WndHodograph,AMInsWliScen,"CldShadeConv,OutflowFrMt",0.2976250718697321
OutflowFrMt,Boundaries,"InsInMt,WndHodograph",4.347459078688671e-07
Scenario,ScenRelAMCIN,"ScenRel3_4,ScnRelPlFcst",1.0
Scenario,ScenRelAMIns,"ScenRelAMCIN,ScnRelPlFcst",0.9999999999999999
Scenario,ScenRel3_4,"ScenRelAMCIN,ScnRelPlFcst",0.9999999888282931
Scenario,ScnRelPlFcst,"ScenRel3_4,ScenRelAMIns",1.0
Scenario,ScnRelPlFcst,"ScenRel3_4,ScenRelAMIns",1.0
Scenario,ScnRelPlFcst,"ScenRel3_4,ScenRelAMIns",1.0
ScenRelAMCIN,ScenRelAMIns,"Scenario,ScnRelPlFcst",1.0
ScenRelAMCIN,ScenRel3_4,"Scenario,ScnRelPlFcst",1.0
ScenRelAMCIN,ScnRelPlFcst,"ScenRel3_4,Scenario",1.0
ScenRelAMIns,ScenRel3_4,"Scenario,ScnRelPlFcst",1.0
ScenRelAMIns,ScnRelPlFcst,"ScenRelAMCIN,Scenario",0.9999999999999999
AMInsWliScen,InsSclInScen,"AMDewptCalPl,WndHodograph",5.117305752309237e-44
AMInsWliScen,InsSclInScen,"AMDewptCalPl,WndHodograph",5.117305752309237e-44
AMInsWliScen,InsSclInScen,"AMDewptCalPl,WndHodograph",5.117305752309237e-44
ScenRel3_4,ScnRelPlFcst,"ScenRelAMCIN,Scenario",0.9999999888282931
