N0_7muVerMo,SubjVertMo,QGVertMotion,CombVerMo,AreaMeso_ALS,SatContMoist,RaoContMoist,CombMoisture,AreaMoDryAir,VISCloudCov,IRCloudCover,CombClouds,CldShadeOth,AMInstabMt,InsInMt,WndHodograph,OutflowFrMt,MorningBound,Boundaries,CldShadeConv,CompPlFcst,CapChange,LoLevMoistAd,InsChange,MountainFcst,Date,Scenario,ScenRelAMCIN,MorningCIN,AMCINInScen,CapInScen,ScenRelAMIns,LIfr12ZDENSd,AMDewptCalPl,AMInsWliScen,InsSclInScen,ScenRel3_4,LatestCIN,LLIW,CurPropConv,ScnRelPlFcst,PlainsFcst,N34StarFcst,R5Fcst,Dewpoints,LowLLapse,MeanRH,MidLLapse,MvmtFeatures,RHRatio,SfcWndShfDis,SynForcng,TempDis,WindAloft,WindFieldMt,WindFieldPln
Down,Neutral,,,,VeryWet,Wet,Wet,Wet,PC,Cloudy,Cloudy,Cloudy,,,StrongWest,,,,,,Increasing,Neutral,LittleChange,XNIL,Jul16_Aug10,H,CThruK,PartInhibit,LessThanAve,MoreThanAve,H,N5GtLIGt_8,Instability,MoreUnstable,MoreUnstable,HI,,Weak,,H,SVR,SIG,SIG,,ModerateOrLe,VeryMoist,ModerateOrLe,MarkedUpper,DryMMoistL,,SigNegative,,NWQuad,,SEQuad
WeakUp,,WeakUp,WeakUp,WeakUp,Dry,VeryWet,,Wet,Clear,PC,Clear,PC,Weak,,DCVZFavor,,Weak,Weak,,,,Neutral,LittleChange,XNIL,Jul2_Jul15,B,AB,,,MoreThanAve,ABI,N5GtLIGt_8,Neutral,Average,Average,B,PartInhibit,Moderate,Slight,,XNIL,XNIL,,LowAtStation,ModerateOrLe,Average,Steep,OtherRapid,MoistMDryL,,,,NWQuad,LVorOther,SEQuad
,WeakUp,WeakUp,StrongUp,StrongUp,,VeryWet,VeryWet,VeryWet,,Clear,Clear,Clear,Strong,Strong,Other,,Strong,Strong,,DecCapIncIns,Decreasing,Neutral,Decreasing,SVR,Jul16_Aug10,,CThruK,PartInhibit,Average,LessThanAve,CDEJ,N5GtLIGt_8,Instability,,Average,D,,,,D,,,SVR,LowAtStation,,Average,,,Other,,SigNegative,,NWQuad,LVorOther,SEQuad
,Down,StrongUp,StrongUp,StrongUp,,Neutral,,VeryWet,PC,PC,Cloudy,Cloudy,Weak,Weak,Westerly,Weak,,,,,Increasing,Neutral,Increasing,XNIL,,I,CThruK,PartInhibit,Average,MoreThanAve,,N1GtLIGt_4,Stability,,MoreUnstable,HI,,,Moderate,I,SVR,,,,,Dry,CloseToDryAd,StrongFront,DryMMoistL,E_W_S,PosToNeg,QStationary,LV,Westerly,LV
Down,,Neutral,Neutral,Neutral,Neutral,,VeryWet,VeryWet,Clear,,Clear,,,Strong,Other,Weak,Weak,Weak,Some,IncCapDecIns,Increasing,,Increasing,,Jul16_Aug10,,CThruK,PartInhibit,LessThanAve,Average,CDEJ,,Neutral,Average,MoreUnstable,ACEFK,,,,,SIG,SIG,SIG,LowMtsHighPl,CloseToDryAd,Average,Steep,,MoistMDryL,E_W_N,,Other,,Westerly,LongAnticyc
Down,,WeakUp,Down,Down,Wet,VeryWet,VeryWet,VeryWet,,Clear,PC,Clear,Strong,Strong,Westerly,,,,Some,,LittleChange,Neutral,LittleChange,,,C,CThruK,TotalInhibit,MoreThanAve,MoreThanAve,CDEJ,N5GtLIGt_8,,,Average,ACEFK,,Moderate,Moderate,C,,SVR,SVR,,Steep,VeryMoist,,MarkedUpper,MoistMDryL,E_W_N,SigPositive,,NWQuad,Westerly,LongAnticyc
WeakUp,Neutral,Down,Neutral,Neutral,,Wet,Dry,Dry,,Cloudy,PC,PC,,,Westerly,,,Weak,,LittleChange,,WeakPos,Decreasing,XNIL,Aug20_Sep15,J,,PartInhibit,Average,,CDEJ,N5GtLIGt_8,Stability,Average,LessUnstable,GJ,Stifling,Weak,,J,XNIL,XNIL,XNIL,LowNHighS,,Dry,CloseToDryAd,NoMajor,MoistMDryL,DryLine,,,LV,LVorOther,LongAnticyc
StrongUp,WeakUp,,Neutral,Neutral,Wet,,,Neutral,PC,PC,PC,PC,Strong,Strong,,,Weak,,Marked,IncCapDecIns,,,Increasing,SVR,Aug20_Sep15,C,CThruK,PartInhibit,Average,,CDEJ,N1GtLIGt_4,Stability,,,ACEFK,PartInhibit,Weak,,C,SIG,,SVR,LowEvrywhere,Steep,,ModerateOrLe,,Other,E_W_N,NegToPos,Other,AllElse,Westerly,LongAnticyc
WeakUp,Neutral,Down,,Neutral,Wet,,VeryWet,Neutral,Clear,Clear,Clear,Clear,,,StrongWest,,,,Some,DecCapIncIns,Decreasing,,Decreasing,SIG,Jun15_Jul1,,CThruK,PartInhibit,,,CDEJ,LIGt0,Instability,MoreUnstable,Average,ACEFK,,Moderate,Strong,E,,SVR,,LowSHighN,,Average,Steep,OtherRapid,MoistMDryL,MovingFtorOt,SigNegative,,SWQuad,Westerly,
,Neutral,Neutral,Neutral,Neutral,Neutral,Dry,,Wet,Clear,,,Clear,Strong,,,,,,Some,,Decreasing,,Increasing,SIG,Aug20_Sep15,D,CThruK,PartInhibit,Average,LessThanAve,,N5GtLIGt_8,Instability,LessUnstable,,,,,,,XNIL,XNIL,SIG,Other,ModerateOrLe,Average,CloseToDryAd,MarkedUpper,Other,,SigPositive,QStationary,SWQuad,Westerly,WidespdDnsl
,Neutral,WeakUp,Neutral,Neutral,,VeryWet,Neutral,Neutral,PC,Cloudy,Cloudy,Cloudy,Weak,Weak,Westerly,,Weak,Weak,,IncCapDecIns,Increasing,StrongPos,Increasing,,May15_Jun14,I,CThruK,,Average,MoreThanAve,ABI,,Instability,MoreUnstable,MoreUnstable,HI,PartInhibit,Moderate,,,SIG,SIG,SIG,LowMtsHighPl,ModerateOrLe,,,NoMajor,DryMMoistL,Other,LittleChange,Moving,,LVorOther,LV
Neutral,,Neutral,Down,,Wet,,Neutral,Dry,Clear,Clear,Clear,,,,Westerly,,,,,LittleChange,,,Decreasing,,,B,,,LessThanAve,LessThanAve,ABI,,Instability,LessUnstable,LessUnstable,,Stifling,Unfavorable,,B,SIG,SIG,SIG,LowMtsHighPl,Steep,Average,,NoMajor,DryMMoistL,DenvCyclone,LittleChange,,,LVorOther,
Neutral,Neutral,StrongUp,,,Dry,,Wet,,Clear,PC,Clear,Clear,,Strong,StrongWest,Strong,Weak,Strong,,LittleChange,,StrongPos,Increasing,SVR,Jul16_Aug10,,AB,PartInhibit,LessThanAve,LessThanAve,ABI,N1GtLIGt_4,Neutral,LessUnstable,Average,,PartInhibit,Moderate,,B,XNIL,XNIL,SVR,LowEvrywhere,,VeryMoist,ModerateOrLe,MarkedUpper,DryMMoistL,DenvCyclone,,Other,LV,,
StrongUp,,WeakUp,WeakUp,WeakUp,Wet,Neutral,Wet,,PC,Clear,PC,PC,,Strong,Westerly,Strong,Strong,Strong,Marked,LittleChange,LittleChange,StrongPos,,SVR,May15_Jun14,K,CThruK,PartInhibit,Average,,K,LIGt0,Neutral,,MoreUnstable,,PartInhibit,Strong,Moderate,K,XNIL,,,,ModerateOrLe,Dry,,StrongFront,DryMMoistL,,SigNegative,,NWQuad,Westerly,
WeakUp,Neutral,Down,WeakUp,WeakUp,VeryWet,,VeryWet,,Clear,,Clear,Clear,,Weak,Westerly,Weak,,,Some,,Decreasing,,Decreasing,SIG,Aug20_Sep15,,CThruK,PartInhibit,Average,LessThanAve,CDEJ,N5GtLIGt_8,,Average,LessUnstable,D,,Weak,Moderate,D,SIG,SIG,SIG,HighEvrywher,CloseToDryAd,Average,Steep,StrongFront,Other,DenvCyclone,NegToPos,Other,AllElse,LVorOther,
Neutral,Down,Neutral,Neutral,Neutral,,Neutral,Neutral,Wet,PC,PC,PC,PC,Weak,Strong,Other,,,,,DecCapIncIns,Decreasing,WeakPos,,,May15_Jun14,H,CThruK,,Average,,H,N1GtLIGt_4,Stability,Average,Average,HI,,Strong,,H,XNIL,XNIL,SIG,,ModerateOrLe,,Steep,,DryMMoistL,,SigNegative,,LV,LVorOther,E_NE
WeakUp,,Neutral,,,,Neutral,Neutral,Neutral,Cloudy,,PC,,,,Other,,,,,LittleChange,LittleChange,WeakPos,Increasing,XNIL,May15_Jun14,K,CThruK,,LessThanAve,LessThanAve,,N1GtLIGt_4,Instability,MoreUnstable,MoreUnstable,ACEFK,,Strong,,,,SIG,SIG,,Steep,,ModerateOrLe,StrongFront,Other,MovingFtorOt,PosToNeg,Moving,AllElse,Westerly,WidespdDnsl
Down,,Neutral,,Neutral,Dry,Dry,VeryWet,VeryWet,PC,PC,,Clear,,,StrongWest,Strong,Weak,,,,Decreasing,WeakPos,Increasing,XNIL,May15_Jun14,A,,PartInhibit,LessThanAve,,ABI,LIGt0,,,,,,Unfavorable,,A,SVR,,SVR,,Stable,,,StrongFront,,DenvCyclone,SigNegative,Other,SWQuad,LVorOther,DenvCyclone
StrongUp,Neutral,Down,,Neutral,Wet,Dry,,Dry,Clear,,PC,PC,Strong,Strong,StrongWest,,,Strong,Marked,DecCapIncIns,Decreasing,,Decreasing,,Jul2_Jul15,K,CThruK,,MoreThanAve,MoreThanAve,K,N1GtLIGt_4,,,MoreUnstable,,PartInhibit,Weak,Slight,K,,SVR,SVR,HighEvrywher,ModerateOrLe,Average,,MarkedUpper,DryMMoistL,MovingFtorOt,SigPositive,Other,AllElse,LVorOther,WidespdDnsl
,,Neutral,WeakUp,WeakUp,Neutral,,Wet,Wet,Cloudy,,,PC,Strong,Strong,StrongWest,Strong,Strong,Strong,Marked,,Increasing,WeakPos,Increasing,,Aug20_Sep15,C,CThruK,Stifling,MoreThanAve,MoreThanAve,CDEJ,N5GtLIGt_8,Instability,MoreUnstable,,ACEFK,Stifling,,,C,XNIL,XNIL,XNIL,LowAtStation,Steep,,ModerateOrLe,,MoistMDryL,E_W_N,LittleChange,,SWQuad,Westerly,LongAnticyc
WeakUp,Neutral,StrongUp,WeakUp,WeakUp,Neutral,Neutral,Neutral,,,PC,Clear,Clear,,,StrongWest,,,,,LittleChange,LittleChange,WeakPos,LittleChange,XNIL,,,AB,,LessThanAve,LessThanAve,ABI,LILt_8,,Average,MoreUnstable,,,Moderate,Moderate,,SVR,SVR,,HighEvrywher,,,Steep,NoMajor,DryMMoistL,DenvCyclone,,QStationary,SWQuad,,DenvCyclone
WeakUp,WeakUp,Neutral,WeakUp,WeakUp,Neutral,Neutral,,,PC,,,,,Weak,DCVZFavor,Weak,Weak,Strong,Some,DecCapIncIns,Decreasing,,,XNIL,Jul2_Jul15,E,,TotalInhibit,Average,LessThanAve,CDEJ,N1GtLIGt_4,Stability,,LessUnstable,ACEFK,PartInhibit,Moderate,Moderate,E,XNIL,,,,CloseToDryAd,,ModerateOrLe,NoMajor,,,NegToPos,,SWQuad,Westerly,LV
WeakUp,Neutral,Down,Down,,VeryWet,Dry,VeryWet,Wet,PC,Cloudy,PC,,Strong,Strong,Westerly,Strong,,,,,,Neutral,,SVR,Aug20_Sep15,C,CThruK,PartInhibit,MoreThanAve,,,,Stability,LessUnstable,LessUnstable,,,Moderate,,C,SIG,,,LowEvrywhere,Steep,Average,,OtherRapid,MoistMDryL,,NegToPos,,NWQuad,LVorOther,WidespdDnsl
,Neutral,,,,Dry,Wet,,Neutral,Clear,PC,Clear,,Strong,Strong,,,,Weak,Marked,IncCapDecIns,,Neutral,LittleChange,XNIL,May15_Jun14,K,CThruK,Stifling,,MoreThanAve,K,N1GtLIGt_4,,MoreUnstable,MoreUnstable,ACEFK,,Moderate,,,XNIL,XNIL,XNIL,LowAtStation,,Dry,,,Other,MovingFtorOt,SigPositive,Moving,,Westerly,SEQuad
Neutral,,Neutral,Neutral,,Dry,,VeryWet,,PC,Clear,PC,PC,,,,,,,,IncCapDecIns,,,,XNIL,Jul16_Aug10,B,,,Average,,ABI,N1GtLIGt_4,Stability,LessUnstable,LessUnstable,B,,Strong,Strong,B,,XNIL,XNIL,LowNHighS,,Dry,CloseToDryAd,OtherRapid,Other,,LittleChange,Other,NWQuad,LVorOther,E_NE
StrongUp,Neutral,StrongUp,StrongUp,StrongUp,Wet,VeryWet,,VeryWet,PC,Clear,PC,PC,,Weak,DCVZFavor,,,,,DecCapIncIns,Decreasing,Negative,Decreasing,XNIL,May15_Jun14,A,AB,Stifling,Average,Average,ABI,LILt_8,Neutral,,LessUnstable,,Stifling,Strong,Moderate,A,XNIL,,XNIL,LowMtsHighPl,ModerateOrLe,Dry,,MarkedUpper,DryMMoistL,,PosToNeg,,SWQuad,,DenvCyclone
WeakUp,Down,,Neutral,Neutral,Wet,Neutral,Dry,,Clear,Clear,Clear,Clear,,Weak,,Weak,Weak,Weak,,DecCapIncIns,,Negative,Decreasing,XNIL,,B,AB,,,LessThanAve,ABI,N5GtLIGt_8,Stability,Average,,B,PartInhibit,Moderate,,B,XNIL,XNIL,,,Stable,VeryMoist,CloseToDryAd,,DryMMoistL,,LittleChange,Other,SWQuad,LVorOther,LV
,Neutral,Neutral,Neutral,Neutral,Wet,,Dry,Dry,Clear,Clear,Clear,Clear,,,Other,,Weak,Weak,,LittleChange,LittleChange,Neutral,,,Jul2_Jul15,C,CThruK,Stifling,Average,,CDEJ,LIGt0,Instability,LessUnstable,LessUnstable,ACEFK,PartInhibit,Unfavorable,,C,XNIL,XNIL,XNIL,,CloseToDryAd,Average,Steep,MarkedUpper,MoistMDryL,E_W_N,SigPositive,,AllElse,Westerly,LongAnticyc
,Neutral,StrongUp,Neutral,Neutral,Dry,Dry,Dry,Dry,Clear,Clear,Clear,Clear,,,DCVZFavor,,Strong,,,LittleChange,LittleChange,WeakPos,Increasing,XNIL,,E,CThruK,PartInhibit,,,,,Neutral,MoreUnstable,MoreUnstable,,PartInhibit,,Slight,E,SIG,SIG,SIG,,ModerateOrLe,Dry,ModerateOrLe,NoMajor,Other,,,,,,WidespdDnsl
Neutral,,,Down,Down,Dry,Dry,,Dry,Clear,PC,Clear,,,,Other,,,,,IncCapDecIns,Increasing,Negative,Decreasing,XNIL,May15_Jun14,,CThruK,PartInhibit,MoreThanAve,MoreThanAve,ABI,N1GtLIGt_4,,Average,Average,,PartInhibit,Moderate,Slight,I,SVR,SVR,,LowSHighN,,Average,CloseToDryAd,MarkedUpper,,DryLine,LittleChange,QStationary,NWQuad,LVorOther,
,Down,Neutral,Down,,,Neutral,VeryWet,Wet,Clear,Cloudy,Cloudy,Cloudy,Strong,Strong,Westerly,Strong,Strong,Weak,,IncCapDecIns,Increasing,StrongPos,Increasing,,Jun15_Jul1,,CThruK,,,,ABI,N5GtLIGt_8,Instability,MoreUnstable,MoreUnstable,HI,PartInhibit,Moderate,Moderate,I,SVR,XNIL,SIG,LowSHighN,CloseToDryAd,Average,CloseToDryAd,OtherRapid,DryMMoistL,E_W_S,SigNegative,Moving,SWQuad,,LV
Down,StronUp,StrongUp,StrongUp,StrongUp,Neutral,,Neutral,Neutral,,PC,Clear,PC,,Strong,DCVZFavor,Strong,,Weak,Marked,LittleChange,,WeakPos,Increasing,SVR,Aug20_Sep15,B,,,LessThanAve,LessThanAve,ABI,N1GtLIGt_4,Stability,Average,,B,,Unfavorable,,B,,,SVR,HighEvrywher,Steep,Average,Steep,NoMajor,DryMMoistL,DenvCyclone,LittleChange,QStationary,NWQuad,,
Down,Down,StrongUp,Down,,Wet,Neutral,Wet,Dry,Cloudy,,,Clear,,Weak,StrongWest,,Weak,Strong,,IncCapDecIns,,,,,Aug20_Sep15,I,CThruK,,Average,MoreThanAve,,N5GtLIGt_8,Neutral,MoreUnstable,MoreUnstable,HI,,Moderate,Strong,,SVR,SVR,,,Steep,Average,CloseToDryAd,,DryMMoistL,E_W_S,PosToNeg,QStationary,SWQuad,Westerly,
Down,WeakUp,,WeakUp,WeakUp,,Wet,VeryWet,,,Cloudy,Cloudy,Cloudy,,,Westerly,,Weak,,,LittleChange,,WeakPos,Increasing,XNIL,,A,AB,,LessThanAve,LessThanAve,ABI,N1GtLIGt_4,Instability,LessUnstable,LessUnstable,,PartInhibit,Unfavorable,Slight,A,XNIL,XNIL,XNIL,HighEvrywher,ModerateOrLe,Dry,Steep,MarkedUpper,Other,,SigNegative,Other,SWQuad,Westerly,DenvCyclone
Neutral,WeakUp,WeakUp,WeakUp,,Neutral,Neutral,Neutral,,PC,Cloudy,PC,PC,,Weak,Other,,Strong,Weak,,DecCapIncIns,,WeakPos,,SIG,Aug20_Sep15,,CThruK,Stifling,Average,LessThanAve,K,,Instability,MoreUnstable,MoreUnstable,ACEFK,,Moderate,Strong,K,SVR,SVR,SVR,Other,ModerateOrLe,Average,ModerateOrLe,StrongFront,Other,,PosToNeg,,,Westerly,WidespdDnsl
Down,Neutral,Neutral,Neutral,Neutral,Neutral,Neutral,Dry,,Clear,PC,PC,PC,Weak,,DCVZFavor,Weak,Weak,Weak,Some,LittleChange,LittleChange,Neutral,LittleChange,SIG,Jul16_Aug10,J,,PartInhibit,,MoreThanAve,CDEJ,N1GtLIGt_4,Instability,MoreUnstable,,GJ,,Weak,,J,SVR,SVR,SVR,LowAtStation,CloseToDryAd,Dry,CloseToDryAd,,MoistMDryL,DryLine,LittleChange,,LV,LVorOther,SEQuad
WeakUp,Neutral,Neutral,,WeakUp,Dry,Dry,Wet,VeryWet,,PC,Clear,PC,Strong,,Other,,Strong,Strong,,DecCapIncIns,Decreasing,,Decreasing,,,D,,Stifling,Average,LessThanAve,CDEJ,N1GtLIGt_4,,Average,LessUnstable,,PartInhibit,,,D,XNIL,XNIL,SIG,LowAtStation,,,Steep,OtherRapid,Other,,SigNegative,Other,LV,LVorOther,WidespdDnsl
WeakUp,StronUp,,WeakUp,,Neutral,,Dry,,,PC,PC,PC,Weak,Weak,Other,,Weak,,,DecCapIncIns,Decreasing,,Increasing,XNIL,May15_Jun14,A,,,Average,LessThanAve,ABI,N5GtLIGt_8,Neutral,Average,,ACEFK,,Strong,Strong,A,SIG,SIG,SIG,HighEvrywher,ModerateOrLe,Average,Steep,,DryMMoistL,DenvCyclone,PosToNeg,Other,SWQuad,,DenvCyclone
Down,,Neutral,Neutral,Neutral,Wet,Dry,Neutral,,PC,Cloudy,PC,Clear,Strong,,StrongWest,Strong,,,Marked,LittleChange,LittleChange,Neutral,Increasing,,Jun15_Jul1,,AB,PartInhibit,LessThanAve,,ABI,N5GtLIGt_8,Neutral,Average,MoreUnstable,B,,Moderate,Strong,B,SIG,SIG,SVR,LowSHighN,,Average,,NoMajor,DryMMoistL,DryLine,,,LV,Westerly,DenvCyclone
WeakUp,StronUp,Down,Down,Down,,Neutral,Neutral,Neutral,Cloudy,PC,Clear,Clear,Strong,,,Weak,,,Some,IncCapDecIns,Increasing,Neutral,,SVR,Jul16_Aug10,C,CThruK,PartInhibit,,MoreThanAve,CDEJ,N5GtLIGt_8,,Average,MoreUnstable,ACEFK,,Weak,Strong,C,SIG,SIG,SVR,,,Average,Steep,,Other,E_W_N,SigPositive,,NWQuad,Westerly,LongAnticyc
Neutral,Neutral,Neutral,Neutral,Neutral,Wet,Wet,Wet,,Clear,PC,Clear,Clear,Weak,,Westerly,Weak,,,,DecCapIncIns,,Neutral,LittleChange,SVR,May15_Jun14,,CThruK,,LessThanAve,LessThanAve,CDEJ,LIGt0,Instability,MoreUnstable,MoreUnstable,,,,Slight,,XNIL,XNIL,SVR,LowMtsHighPl,Steep,Average,CloseToDryAd,NoMajor,MoistMDryL,,LittleChange,Other,LV,LVorOther,LV
Down,,Down,,,Neutral,,Dry,Dry,PC,Cloudy,,Clear,Strong,,DCVZFavor,Strong,Weak,Strong,Marked,IncCapDecIns,Increasing,Negative,Increasing,,May15_Jun14,D,CThruK,PartInhibit,LessThanAve,Average,CDEJ,N1GtLIGt_4,Instability,Average,,,TotalInhibit,Moderate,Slight,D,SIG,SIG,SVR,,,Dry,,OtherRapid,,DryLine,LittleChange,Moving,NWQuad,Westerly,
Neutral,Neutral,,WeakUp,WeakUp,Dry,VeryWet,Dry,Dry,Clear,Cloudy,PC,,,Weak,DCVZFavor,,,Weak,Some,IncCapDecIns,,,Decreasing,SIG,Aug20_Sep15,D,,,MoreThanAve,MoreThanAve,CDEJ,N5GtLIGt_8,,,LessUnstable,,,Moderate,,D,XNIL,XNIL,SIG,LowSHighN,,VeryMoist,,MarkedUpper,MoistMDryL,,SigPositive,Other,SWQuad,,
Down,Down,Neutral,Neutral,Neutral,Wet,,Neutral,Neutral,PC,PC,PC,,,Strong,,,,Strong,Some,,LittleChange,,Decreasing,,Aug20_Sep15,A,AB,PartInhibit,Average,Average,ABI,N1GtLIGt_4,Stability,LessUnstable,,ACEFK,,Strong,Moderate,A,XNIL,SVR,,,Stable,,,StrongFront,Other,DenvCyclone,,Other,SWQuad,LVorOther,DenvCyclone
Down,,,Neutral,Neutral,,Neutral,Neutral,Neutral,Clear,Clear,,PC,Strong,,Westerly,Weak,Strong,Strong,Some,IncCapDecIns,Increasing,,LittleChange,,May15_Jun14,E,CThruK,,LessThanAve,Average,CDEJ,,Neutral,Average,Average,ACEFK,,Unfavorable,,E,,XNIL,SIG,LowAtStation,,Dry,ModerateOrLe,NoMajor,MoistMDryL,,,,,Westerly,LV
WeakUp,Down,Neutral,Down,,,Dry,Wet,Wet,Clear,PC,Clear,Clear,Weak,Strong,,Weak,Strong,Weak,Some,LittleChange,LittleChange,Neutral,LittleChange,XNIL,Jul16_Aug10,C,CThruK,Stifling,Average,Average,CDEJ,LIGt0,Stability,LessUnstable,Average,ACEFK,Stifling,Strong,,C,XNIL,XNIL,,LowAtStation,Steep,Average,Steep,NoMajor,Other,E_W_N,SigPositive,,NWQuad,Westerly,
Down,,,Down,Down,Dry,Dry,Dry,Dry,PC,PC,Cloudy,Cloudy,Weak,Weak,,Strong,Weak,,Marked,IncCapDecIns,Increasing,,Increasing,SIG,,E,CThruK,PartInhibit,LessThanAve,Average,,,Instability,MoreUnstable,MoreUnstable,ACEFK,PartInhibit,Moderate,Moderate,E,XNIL,XNIL,,Other,Steep,Dry,Steep,OtherRapid,,E_W_N,SigNegative,,AllElse,LVorOther,LongAnticyc
,Neutral,StrongUp,,,Neutral,VeryWet,Wet,,PC,Clear,PC,PC,,,Other,,,Weak,,LittleChange,LittleChange,Negative,Decreasing,XNIL,Aug20_Sep15,J,CThruK,,LessThanAve,LessThanAve,CDEJ,N1GtLIGt_4,Neutral,Average,,GJ,,,Strong,J,,SVR,SVR,LowMtsHighPl,Steep,Average,Steep,,,DryLine,LittleChange,,LV,LVorOther,LV
StrongUp,,WeakUp,StrongUp,StrongUp,VeryWet,Dry,VeryWet,VeryWet,PC,PC,Cloudy,Cloudy,Strong,Strong,,,,Strong,Marked,IncCapDecIns,Increasing,Neutral,LittleChange,XNIL,,G,,PartInhibit,Average,,G,N5GtLIGt_8,,MoreUnstable,,,,Moderate,,G,SIG,SIG,,,CloseToDryAd,Dry,CloseToDryAd,NoMajor,,,PosToNeg,,AllElse,Westerly,LongAnticyc
,Neutral,,Neutral,Neutral,Wet,Wet,Wet,,Clear,Clear,,PC,Weak,Weak,StrongWest,Strong,,Weak,Some,LittleChange,LittleChange,Negative,Decreasing,SIG,May15_Jun14,K,,,LessThanAve,LessThanAve,,N1GtLIGt_4,Instability,Average,LessUnstable,,PartInhibit,Weak,Slight,K,XNIL,SIG,SIG,LowEvrywhere,ModerateOrLe,,ModerateOrLe,StrongFront,MoistMDryL,E_W_N,SigPositive,QStationary,NWQuad,Westerly,WidespdDnsl
,Down,,Neutral,Neutral,Neutral,VeryWet,Dry,Dry,Clear,PC,PC,Clear,Strong,,Other,Weak,,,Some,,LittleChange,Neutral,,SVR,Jul2_Jul15,D,CThruK,,MoreThanAve,,CDEJ,N5GtLIGt_8,Instability,MoreUnstable,,D,PartInhibit,Moderate,Strong,,XNIL,XNIL,SVR,,CloseToDryAd,Dry,CloseToDryAd,OtherRapid,DryMMoistL,,,Other,AllElse,Westerly,SEQuad
,,StrongUp,WeakUp,WeakUp,Dry,Wet,Wet,Wet,PC,Clear,,,Strong,Strong,,Strong,,Strong,Some,LittleChange,LittleChange,,LittleChange,SIG,Aug20_Sep15,G,CThruK,,,LessThanAve,G,,Stability,Average,Average,,Stifling,Moderate,,G,,SIG,SIG,,CloseToDryAd,Average,,,MoistMDryL,,SigNegative,,NWQuad,Westerly,
WeakUp,StronUp,StrongUp,StrongUp,StrongUp,,Dry,Wet,,PC,Clear,Clear,PC,Strong,Strong,,Strong,Weak,,Marked,LittleChange,LittleChange,Negative,LittleChange,SVR,Jul16_Aug10,,CThruK,PartInhibit,Average,Average,H,,Stability,,LessUnstable,HI,PartInhibit,Unfavorable,,H,,,SVR,,Stable,VeryMoist,ModerateOrLe,MarkedUpper,,MovingFtorOt,SigNegative,Moving,LV,Westerly,E_NE
,Neutral,Neutral,WeakUp,,Neutral,Neutral,Neutral,Wet,PC,Clear,Cloudy,Cloudy,,Strong,Westerly,Weak,Strong,Strong,Marked,,,StrongPos,Increasing,,May15_Jun14,K,CThruK,,MoreThanAve,MoreThanAve,K,N1GtLIGt_4,Instability,,MoreUnstable,ACEFK,PartInhibit,Weak,,K,SIG,SIG,SIG,,ModerateOrLe,Dry,Steep,StrongFront,,MovingFtorOt,SigNegative,,NWQuad,LVorOther,LongAnticyc
Down,Neutral,Neutral,,,Neutral,,Neutral,,PC,Clear,,,,,StrongWest,,,,Some,LittleChange,LittleChange,Neutral,LittleChange,XNIL,Jul2_Jul15,E,CThruK,PartInhibit,Average,Average,CDEJ,N5GtLIGt_8,Stability,Average,,ACEFK,,Weak,Strong,E,XNIL,,XNIL,LowSHighN,,Average,ModerateOrLe,MarkedUpper,MoistMDryL,E_W_N,LittleChange,,SWQuad,LVorOther,DenvCyclone
StrongUp,StronUp,Down,WeakUp,WeakUp,Dry,Wet,Wet,Wet,,Cloudy,Cloudy,PC,,Weak,DCVZFavor,,Weak,Weak,Some,LittleChange,LittleChange,,Decreasing,,Jul2_Jul15,I,CThruK,,LessThanAve,LessThanAve,ABI,N5GtLIGt_8,Stability,,LessUnstable,HI,PartInhibit,Unfavorable,,I,XNIL,XNIL,XNIL,LowSHighN,ModerateOrLe,Dry,,NoMajor,,,PosToNeg,Moving,,,SEQuad
WeakUp,WeakUp,Neutral,,Neutral,,Neutral,,Wet,Cloudy,Clear,Cloudy,,Strong,Strong,,Strong,,Strong,Some,,,,,SVR,May15_Jun14,B,AB,PartInhibit,LessThanAve,,,N1GtLIGt_4,Stability,,MoreUnstable,,PartInhibit,Strong,Strong,,SIG,SIG,SVR,,,Average,CloseToDryAd,,Other,,,Other,,LVorOther,SEQuad
WeakUp,,Neutral,Neutral,Neutral,Neutral,Neutral,Neutral,,,PC,PC,PC,Weak,Weak,Westerly,,Strong,Weak,Some,,Increasing,Negative,Decreasing,,Jun15_Jul1,I,,Stifling,Average,MoreThanAve,ABI,,Stability,LessUnstable,LessUnstable,HI,,Weak,Slight,I,XNIL,XNIL,,LowSHighN,Steep,Average,Steep,MarkedUpper,,E_W_S,NegToPos,QStationary,SWQuad,,DenvCyclone
,Neutral,,Neutral,Neutral,Dry,Dry,Dry,Dry,Clear,,Clear,Clear,Strong,Strong,StrongWest,Strong,Strong,Strong,Marked,DecCapIncIns,Decreasing,Negative,Decreasing,XNIL,Jul2_Jul15,,CThruK,,Average,LessThanAve,,N5GtLIGt_8,Neutral,,,,PartInhibit,,Slight,J,SIG,SIG,SIG,LowAtStation,Steep,Dry,,NoMajor,,DryLine,LittleChange,Other,LV,LVorOther,
,WeakUp,Neutral,WeakUp,WeakUp,Dry,VeryWet,VeryWet,VeryWet,Clear,,,,Strong,Strong,Westerly,Weak,,,Marked,IncCapDecIns,Increasing,Negative,Decreasing,XNIL,,C,,PartInhibit,Average,,CDEJ,N1GtLIGt_4,Neutral,MoreUnstable,,,PartInhibit,Moderate,Strong,C,,SIG,SIG,LowNHighS,Steep,,CloseToDryAd,NoMajor,MoistMDryL,E_W_N,,,AllElse,Westerly,LongAnticyc
WeakUp,Neutral,Down,,Down,,,Neutral,,PC,PC,PC,PC,Strong,Strong,Westerly,Weak,,Weak,Marked,,Increasing,Neutral,,SVR,Aug11_Aug20,D,CThruK,PartInhibit,LessThanAve,Average,CDEJ,N1GtLIGt_4,,LessUnstable,LessUnstable,,,Weak,Slight,D,SIG,SIG,SVR,LowSHighN,CloseToDryAd,,CloseToDryAd,,,DryLine,PosToNeg,QStationary,AllElse,Westerly,WidespdDnsl
StrongUp,Neutral,Neutral,WeakUp,WeakUp,Neutral,Dry,,Neutral,Cloudy,,,Cloudy,,,Westerly,,Weak,Weak,,,Decreasing,Negative,Decreasing,XNIL,,B,,PartInhibit,,,ABI,N1GtLIGt_4,Stability,LessUnstable,,,Stifling,,Slight,B,XNIL,XNIL,XNIL,LowSHighN,ModerateOrLe,Average,Steep,NoMajor,,DenvCyclone,,Other,AllElse,Westerly,E_NE
,WeakUp,Neutral,Neutral,Neutral,Dry,Neutral,Wet,VeryWet,PC,Cloudy,Cloudy,Cloudy,,,,,,,,IncCapDecIns,Increasing,WeakPos,Increasing,XNIL,Aug11_Aug20,B,AB,PartInhibit,LessThanAve,Average,,N5GtLIGt_8,Stability,LessUnstable,,,,Unfavorable,,B,XNIL,XNIL,XNIL,LowSHighN,Steep,VeryMoist,Steep,NoMajor,,DenvCyclone,LittleChange,Other,AllElse,LVorOther,
WeakUp,Neutral,Neutral,Neutral,Neutral,Wet,Dry,Neutral,Neutral,Clear,PC,Clear,Clear,Weak,Weak,,Weak,,,,LittleChange,LittleChange,WeakPos,LittleChange,SIG,,E,CThruK,PartInhibit,Average,Average,CDEJ,N5GtLIGt_8,Instability,MoreUnstable,MoreUnstable,ACEFK,PartInhibit,Weak,,E,XNIL,,SIG,LowEvrywhere,CloseToDryAd,,,NoMajor,DryMMoistL,E_W_N,SigNegative,,SWQuad,LVorOther,
Neutral,Down,WeakUp,Neutral,Neutral,Neutral,Neutral,Neutral,Neutral,Clear,,Clear,,Weak,,,Weak,,Weak,Marked,IncCapDecIns,Increasing,Negative,LittleChange,XNIL,May15_Jun14,,CThruK,PartInhibit,,LessThanAve,,,Stability,Average,Average,,Stifling,Moderate,,,XNIL,XNIL,XNIL,,CloseToDryAd,Dry,Steep,NoMajor,,,PosToNeg,,NWQuad,,WidespdDnsl
Down,StronUp,WeakUp,,,Wet,Neutral,Neutral,,,Clear,Clear,,,Strong,Other,,Weak,Weak,,,Decreasing,Neutral,,SIG,Jul2_Jul15,I,,PartInhibit,LessThanAve,LessThanAve,,,Instability,MoreUnstable,,HI,PartInhibit,Weak,,I,XNIL,XNIL,SIG,,,,CloseToDryAd,MarkedUpper,DryMMoistL,MovingFtorOt,NegToPos,QStationary,SWQuad,Westerly,
Neutral,WeakUp,,Neutral,Neutral,Dry,VeryWet,Dry,Neutral,Clear,Clear,Clear,Clear,Weak,Strong,StrongWest,Strong,Weak,Strong,Some,,,,Increasing,SIG,Aug20_Sep15,I,CThruK,,Average,MoreThanAve,,,Instability,Average,Average,HI,,Strong,Strong,I,SVR,SVR,SVR,LowSHighN,Steep,Average,,OtherRapid,DryMMoistL,E_W_S,,Moving,LV,LVorOther,E_NE
Neutral,Neutral,Down,Neutral,Neutral,VeryWet,,VeryWet,VeryWet,PC,Clear,Clear,Clear,Weak,Strong,,Weak,Strong,Weak,Marked,IncCapDecIns,Increasing,Neutral,LittleChange,SIG,,C,CThruK,Stifling,,Average,CDEJ,N1GtLIGt_4,Stability,Average,LessUnstable,ACEFK,TotalInhibit,,Slight,,XNIL,XNIL,SIG,LowEvrywhere,Steep,Dry,Steep,MarkedUpper,MoistMDryL,,NegToPos,,NWQuad,Westerly,WidespdDnsl
Down,,Down,,,Dry,Neutral,Dry,,Clear,Clear,,Clear,,Strong,Other,,Strong,Strong,,IncCapDecIns,Increasing,StrongPos,Increasing,SIG,Aug20_Sep15,E,,Stifling,,Average,CDEJ,LIGt0,Instability,,MoreUnstable,ACEFK,Stifling,Unfavorable,,,XNIL,XNIL,SIG,LowSHighN,,,Steep,NoMajor,MoistMDryL,DenvCyclone,,QStationary,SWQuad,Westerly,WidespdDnsl
Neutral,Neutral,Neutral,Neutral,Neutral,,Neutral,,Neutral,Clear,PC,Clear,Clear,Weak,,,,,,,LittleChange,LittleChange,,Increasing,,,I,,,LessThanAve,LessThanAve,ABI,LILt_8,Instability,MoreUnstable,,HI,PartInhibit,Moderate,,I,XNIL,,SIG,,Steep,Dry,Steep,StrongFront,Other,,,QStationary,SWQuad,Westerly,DenvCyclone
,StronUp,,Neutral,Neutral,Neutral,Wet,Neutral,,PC,Clear,Clear,,Strong,,Other,Strong,,Weak,,IncCapDecIns,Increasing,WeakPos,Increasing,SIG,,,CThruK,PartInhibit,Average,MoreThanAve,CDEJ,N1GtLIGt_4,Instability,MoreUnstable,MoreUnstable,ACEFK,PartInhibit,Weak,,C,SVR,SVR,,Other,CloseToDryAd,Dry,,MarkedUpper,DryMMoistL,E_W_N,SigPositive,,NWQuad,Westerly,LongAnticyc
StrongUp,StronUp,Neutral,StrongUp,StrongUp,Neutral,Neutral,Neutral,Wet,PC,PC,,Cloudy,,,Westerly,,Weak,Weak,,LittleChange,,,LittleChange,XNIL,Aug11_Aug20,B,,,LessThanAve,LessThanAve,ABI,N1GtLIGt_4,,LessUnstable,LessUnstable,B,,Strong,Strong,B,XNIL,,,LowSHighN,ModerateOrLe,Average,Steep,OtherRapid,Other,DenvCyclone,LittleChange,Moving,SWQuad,LVorOther,DenvCyclone
Down,,Neutral,Down,,Dry,Neutral,,VeryWet,Clear,Clear,Clear,Clear,,Strong,Westerly,Weak,,,,IncCapDecIns,Increasing,Negative,LittleChange,,Aug20_Sep15,,,,MoreThanAve,MoreThanAve,,,Neutral,LessUnstable,LessUnstable,B,Stifling,,Moderate,B,SIG,,SIG,HighEvrywher,,,,NoMajor,Other,DenvCyclone,PosToNeg,,,,DenvCyclone
WeakUp,,,StrongUp,,Wet,Wet,Neutral,Wet,,,PC,Cloudy,Strong,Strong,DCVZFavor,Strong,,,Marked,LittleChange,LittleChange,StrongPos,Increasing,SIG,,J,CThruK,,LessThanAve,LessThanAve,CDEJ,LILt_8,Stability,,MoreUnstable,GJ,,Moderate,,J,,XNIL,SIG,LowMtsHighPl,,Dry,Steep,NoMajor,DryMMoistL,DryLine,LittleChange,,LV,LVorOther,
Neutral,Neutral,Neutral,Neutral,Neutral,Wet,Neutral,Neutral,Neutral,,,PC,PC,Weak,,DCVZFavor,,,,Some,LittleChange,LittleChange,,Increasing,SIG,Aug20_Sep15,,CThruK,,LessThanAve,LessThanAve,CDEJ,,Stability,,,ACEFK,,,Strong,C,,,SIG,LowEvrywhere,,Dry,,MarkedUpper,,E_W_S,,Other,AllElse,,LV
WeakUp,Neutral,,Neutral,Neutral,Wet,Neutral,Wet,Neutral,PC,PC,,PC,,,StrongWest,,,,,,Increasing,Neutral,Increasing,XNIL,May15_Jun14,D,CThruK,PartInhibit,Average,MoreThanAve,,N1GtLIGt_4,,,MoreUnstable,D,PartInhibit,,,D,SVR,SVR,SVR,,ModerateOrLe,Average,Steep,StrongFront,Other,,PosToNeg,Other,,LVorOther,SEQuad
,,Neutral,StrongUp,,Dry,Wet,,VeryWet,PC,Clear,Clear,Clear,,Strong,DCVZFavor,Weak,Strong,Strong,,DecCapIncIns,,WeakPos,Increasing,SIG,Aug20_Sep15,G,CThruK,,Average,Average,G,N5GtLIGt_8,Stability,MoreUnstable,MoreUnstable,,PartInhibit,Moderate,Moderate,G,XNIL,SIG,SIG,LowEvrywhere,CloseToDryAd,Average,CloseToDryAd,,MoistMDryL,,PosToNeg,,,Westerly,LV
,,Neutral,,Neutral,Neutral,Dry,Neutral,Wet,PC,,Cloudy,,,,,,Weak,Weak,Marked,IncCapDecIns,,Negative,Increasing,SIG,,K,CThruK,Stifling,MoreThanAve,MoreThanAve,K,,,Average,Average,ACEFK,PartInhibit,Moderate,,,XNIL,XNIL,SIG,LowMtsHighPl,ModerateOrLe,,Steep,StrongFront,Other,,,QStationary,,LVorOther,WidespdDnsl
Neutral,,,Neutral,Neutral,Dry,Wet,Dry,Dry,Clear,Clear,,,Strong,Strong,StrongWest,Weak,Weak,Weak,,IncCapDecIns,Increasing,,,SIG,Aug20_Sep15,J,,Stifling,Average,MoreThanAve,,,Stability,LessUnstable,,GJ,,Strong,Moderate,J,XNIL,,SIG,LowEvrywhere,,Average,,NoMajor,MoistMDryL,DryLine,PosToNeg,,LV,LVorOther,LV
Neutral,StronUp,StrongUp,StrongUp,StrongUp,Neutral,,Neutral,,Clear,Cloudy,Cloudy,Cloudy,,,DCVZFavor,,,Weak,,LittleChange,LittleChange,,Increasing,XNIL,Jul16_Aug10,J,CThruK,PartInhibit,LessThanAve,LessThanAve,CDEJ,N1GtLIGt_4,Stability,LessUnstable,Average,,PartInhibit,Weak,Moderate,J,,XNIL,XNIL,,ModerateOrLe,Dry,CloseToDryAd,,DryMMoistL,E_W_S,LittleChange,,,LVorOther,LongAnticyc
StrongUp,Neutral,Neutral,StrongUp,StrongUp,Neutral,Dry,Neutral,,Clear,PC,PC,Cloudy,Weak,Weak,,Weak,,Weak,Some,DecCapIncIns,Decreasing,Negative,Decreasing,XNIL,,H,CThruK,PartInhibit,LessThanAve,LessThanAve,H,LILt_8,Instability,MoreUnstable,Average,HI,,,Strong,H,SIG,SIG,,,,,CloseToDryAd,MarkedUpper,Other,,,,NWQuad,,SEQuad
WeakUp,WeakUp,WeakUp,,WeakUp,,,Neutral,Neutral,Cloudy,PC,Cloudy,Cloudy,,,,,,Weak,Marked,DecCapIncIns,Decreasing,Negative,,SIG,,,,,LessThanAve,LessThanAve,,N1GtLIGt_4,Instability,Average,,,,,Strong,B,SVR,,SVR,LowMtsHighPl,Stable,,Steep,NoMajor,DryMMoistL,DenvCyclone,,Other,,,DenvCyclone
Down,Neutral,,Down,Down,VeryWet,,Dry,Dry,PC,Clear,,PC,,,Westerly,,,,,IncCapDecIns,,Negative,LittleChange,XNIL,Jul16_Aug10,,,PartInhibit,,LessThanAve,CDEJ,N5GtLIGt_8,Stability,LessUnstable,Average,GJ,,,Moderate,J,XNIL,XNIL,XNIL,HighEvrywher,Steep,Average,CloseToDryAd,NoMajor,DryMMoistL,DenvCyclone,LittleChange,QStationary,LV,LVorOther,LV
Neutral,,Neutral,Neutral,Neutral,Neutral,Neutral,Neutral,Wet,PC,PC,Cloudy,,Strong,Strong,StrongWest,,Weak,Strong,Marked,LittleChange,LittleChange,WeakPos,LittleChange,SIG,Jul2_Jul15,K,CThruK,PartInhibit,Average,Average,,N1GtLIGt_4,Instability,,MoreUnstable,ACEFK,,Unfavorable,,K,XNIL,XNIL,SIG,Other,Stable,Average,ModerateOrLe,MarkedUpper,DryMMoistL,MovingFtorOt,SigPositive,,AllElse,,WidespdDnsl
WeakUp,Neutral,StrongUp,Neutral,Neutral,Dry,VeryWet,Neutral,Dry,Clear,Clear,Clear,,,,Other,,Weak,Weak,,,,StrongPos,Increasing,XNIL,Jun15_Jul1,I,CThruK,PartInhibit,,Average,,,Instability,Average,MoreUnstable,,PartInhibit,,,I,,XNIL,,LowSHighN,,,Steep,NoMajor,,,,,SWQuad,LVorOther,DenvCyclone
WeakUp,WeakUp,,,,Dry,,Neutral,Neutral,,PC,Clear,Clear,,,Other,,Strong,Weak,,,,Neutral,LittleChange,XNIL,May15_Jun14,J,CThruK,Stifling,MoreThanAve,MoreThanAve,CDEJ,,Stability,LessUnstable,,GJ,,Weak,Moderate,J,SIG,SIG,SIG,LowAtStation,Steep,VeryMoist,ModerateOrLe,NoMajor,Other,DryLine,,Other,LV,LVorOther,
WeakUp,Neutral,,Neutral,Neutral,Neutral,Neutral,Neutral,Neutral,Cloudy,PC,Cloudy,Cloudy,,,DCVZFavor,,,Weak,,IncCapDecIns,,,Increasing,,Jul16_Aug10,E,CThruK,,Average,MoreThanAve,CDEJ,LILt_8,Stability,MoreUnstable,MoreUnstable,,,Strong,Strong,E,,,SVR,LowAtStation,Steep,Average,ModerateOrLe,OtherRapid,,E_W_S,,Other,SWQuad,LVorOther,LongAnticyc
WeakUp,,WeakUp,Neutral,Neutral,Dry,,VeryWet,VeryWet,PC,,PC,PC,Strong,Strong,Westerly,,,,Some,,LittleChange,Neutral,,SVR,Jul2_Jul15,,AB,PartInhibit,,,ABI,N5GtLIGt_8,,Average,,ACEFK,,Moderate,Strong,A,SVR,SVR,SVR,LowNHighS,Stable,VeryMoist,,StrongFront,DryMMoistL,,SigNegative,Other,,Westerly,DenvCyclone
,StronUp,,WeakUp,WeakUp,,,,Dry,,PC,,PC,,,Westerly,,,,,LittleChange,LittleChange,StrongPos,LittleChange,,Aug20_Sep15,K,CThruK,Stifling,Average,Average,K,,Stability,MoreUnstable,Average,ACEFK,PartInhibit,Weak,,K,XNIL,,XNIL,Other,Steep,,CloseToDryAd,MarkedUpper,DryMMoistL,,,,NWQuad,,
Neutral,Down,,Neutral,Neutral,Wet,Neutral,Neutral,,PC,Clear,,Cloudy,Weak,Weak,Westerly,Weak,Weak,Weak,,,,WeakPos,Decreasing,SIG,Jul2_Jul15,B,AB,,,MoreThanAve,ABI,,Instability,,MoreUnstable,B,,,Strong,B,SVR,SVR,SVR,HighEvrywher,,VeryMoist,Steep,NoMajor,DryMMoistL,DenvCyclone,LittleChange,Other,AllElse,,SEQuad
Neutral,Neutral,,,Neutral,Neutral,VeryWet,VeryWet,VeryWet,Clear,Cloudy,Clear,PC,,,DCVZFavor,,,,,IncCapDecIns,Increasing,WeakPos,Increasing,XNIL,Jul2_Jul15,A,AB,,LessThanAve,LessThanAve,ABI,N5GtLIGt_8,Instability,Average,MoreUnstable,ACEFK,TotalInhibit,Moderate,Slight,A,SIG,SIG,SIG,,ModerateOrLe,VeryMoist,,MarkedUpper,DryMMoistL,E_W_S,,,SWQuad,,DenvCyclone
,,Neutral,Neutral,Neutral,Dry,,VeryWet,Wet,,Clear,Cloudy,Cloudy,Weak,Weak,StrongWest,Weak,Weak,,,LittleChange,LittleChange,,Decreasing,XNIL,May15_Jun14,,,TotalInhibit,Average,,ABI,N5GtLIGt_8,Neutral,Average,Average,,,,Strong,A,XNIL,XNIL,,LowMtsHighPl,Steep,Average,Steep,OtherRapid,Other,DenvCyclone,LittleChange,Other,SWQuad,Westerly,DenvCyclone
StrongUp,,Down,WeakUp,WeakUp,Dry,Neutral,VeryWet,,Clear,PC,Clear,,,,Other,,,,,,,Negative,Decreasing,,Jul16_Aug10,A,AB,,Average,,ABI,N5GtLIGt_8,Neutral,MoreUnstable,,,,Moderate,Strong,,SVR,SVR,SVR,HighEvrywher,CloseToDryAd,Average,Steep,,DryMMoistL,DenvCyclone,NegToPos,Other,AllElse,Westerly,DenvCyclone
Neutral,,,WeakUp,WeakUp,Neutral,Neutral,Dry,Dry,Clear,,Clear,,,,,,,,,LittleChange,,Neutral,LittleChange,XNIL,,E,,PartInhibit,,Average,CDEJ,N1GtLIGt_4,,MoreUnstable,,,,,Moderate,,,SVR,SVR,LowEvrywhere,,Dry,ModerateOrLe,OtherRapid,MoistMDryL,,NegToPos,,,Westerly,DenvCyclone
StrongUp,Neutral,Down,,Neutral,Dry,Neutral,Neutral,Neutral,Clear,PC,Clear,Clear,,,DCVZFavor,,,,,LittleChange,LittleChange,Neutral,,XNIL,May15_Jun14,A,,,Average,Average,ABI,N1GtLIGt_4,,,,ACEFK,,Unfavorable,,,XNIL,XNIL,XNIL,LowNHighS,ModerateOrLe,Dry,Steep,MarkedUpper,DryMMoistL,,LittleChange,Moving,SWQuad,LVorOther,DenvCyclone
Down,StronUp,Down,Down,Down,Neutral,,Neutral,Dry,PC,PC,,Clear,Weak,Strong,,Strong,,Weak,Marked,,Increasing,Negative,Decreasing,XNIL,May15_Jun14,E,CThruK,TotalInhibit,,MoreThanAve,,,Neutral,MoreUnstable,LessUnstable,,,Weak,,E,SIG,,,Other,CloseToDryAd,Average,ModerateOrLe,,,,SigNegative,,,LVorOther,LV
,StronUp,StrongUp,StrongUp,StrongUp,Wet,,VeryWet,,Clear,Cloudy,Cloudy,,,Strong,Other,,,Weak,,LittleChange,LittleChange,WeakPos,LittleChange,SVR,Aug20_Sep15,A,,,LessThanAve,LessThanAve,ABI,N1GtLIGt_4,Instability,MoreUnstable,MoreUnstable,ACEFK,PartInhibit,Strong,Strong,A,SVR,,,,ModerateOrLe,VeryMoist,,StrongFront,DryMMoistL,DenvCyclone,,,,Westerly,LV
WeakUp,,WeakUp,WeakUp,WeakUp,Neutral,Wet,,VeryWet,,Clear,,,,,Other,,Strong,Strong,,LittleChange,LittleChange,Negative,Decreasing,XNIL,,,CThruK,TotalInhibit,MoreThanAve,MoreThanAve,G,N1GtLIGt_4,Instability,Average,,GJ,,Weak,Slight,G,SIG,,,,CloseToDryAd,Average,CloseToDryAd,OtherRapid,MoistMDryL,DryLine,SigNegative,,SWQuad,Westerly,LongAnticyc
WeakUp,,WeakUp,WeakUp,WeakUp,VeryWet,,,Wet,PC,Cloudy,Cloudy,Cloudy,Strong,Strong,DCVZFavor,Weak,Weak,,Marked,IncCapDecIns,,WeakPos,Increasing,,May15_Jun14,K,CThruK,PartInhibit,Average,MoreThanAve,K,N5GtLIGt_8,,MoreUnstable,MoreUnstable,ACEFK,PartInhibit,,,K,XNIL,XNIL,SVR,,CloseToDryAd,VeryMoist,Steep,StrongFront,DryMMoistL,MovingFtorOt,SigPositive,Moving,AllElse,Westerly,LongAnticyc
Down,Neutral,,Neutral,,VeryWet,,Wet,,,Clear,Clear,Clear,,,Westerly,,,,,LittleChange,LittleChange,Neutral,Decreasing,XNIL,,A,AB,,,LessThanAve,,N5GtLIGt_8,Stability,Average,LessUnstable,ACEFK,,Moderate,,,,XNIL,XNIL,,,Average,Steep,OtherRapid,Other,DenvCyclone,SigNegative,,SWQuad,Westerly,
WeakUp,Down,Neutral,Neutral,Neutral,Neutral,VeryWet,Wet,Wet,Clear,Clear,Clear,Clear,,,Other,,Weak,Weak,,LittleChange,LittleChange,Neutral,,XNIL,Aug20_Sep15,D,CThruK,TotalInhibit,MoreThanAve,MoreThanAve,CDEJ,N1GtLIGt_4,Neutral,Average,Average,D,PartInhibit,Strong,Strong,D,SVR,SVR,SVR,HighEvrywher,Stable,Average,Steep,MarkedUpper,DryMMoistL,DenvCyclone,SigNegative,Other,NWQuad,Westerly,LV
,StronUp,Down,StrongUp,StrongUp,Wet,VeryWet,Wet,VeryWet,PC,PC,PC,Cloudy,Strong,Strong,,Strong,Weak,Weak,Some,,LittleChange,StrongPos,,,Aug20_Sep15,,CThruK,TotalInhibit,MoreThanAve,MoreThanAve,,N1GtLIGt_4,Stability,LessUnstable,,GJ,,,Strong,J,,,SIG,LowAtStation,ModerateOrLe,,,OtherRapid,Other,DryLine,LittleChange,,,LVorOther,SEQuad
Neutral,Neutral,Neutral,,Neutral,Dry,Neutral,Dry,,PC,Clear,Cloudy,,,,DCVZFavor,,Strong,,,,,Negative,LittleChange,XNIL,Jul2_Jul15,J,,,LessThanAve,,CDEJ,LILt_8,,MoreUnstable,MoreUnstable,GJ,,Strong,Slight,J,XNIL,XNIL,XNIL,LowMtsHighPl,ModerateOrLe,Average,ModerateOrLe,,MoistMDryL,,NegToPos,,,LVorOther,SEQuad
Down,StronUp,,Neutral,Neutral,Wet,VeryWet,VeryWet,Wet,,Clear,Clear,Clear,Strong,,,Strong,Strong,Weak,Marked,,Increasing,Neutral,Decreasing,SVR,May15_Jun14,E,,Stifling,MoreThanAve,MoreThanAve,CDEJ,LIGt0,Stability,LessUnstable,,ACEFK,PartInhibit,,Slight,E,XNIL,XNIL,,LowSHighN,Stable,Average,ModerateOrLe,,MoistMDryL,DenvCyclone,LittleChange,,,Westerly,WidespdDnsl
,,Neutral,,Neutral,Wet,Dry,Wet,Wet,PC,,Clear,Clear,,Strong,Westerly,Strong,,Strong,,DecCapIncIns,Decreasing,Neutral,Decreasing,XNIL,Jun15_Jul1,G,,Stifling,MoreThanAve,MoreThanAve,G,N5GtLIGt_8,Stability,,,GJ,,Moderate,Strong,,,SVR,SVR,,CloseToDryAd,Dry,CloseToDryAd,NoMajor,Other,,SigNegative,,LV,LVorOther,
,StronUp,Neutral,WeakUp,WeakUp,,Dry,Dry,Dry,PC,PC,PC,PC,,,Other,,Weak,Weak,Marked,IncCapDecIns,Increasing,,LittleChange,,May15_Jun14,,CThruK,TotalInhibit,MoreThanAve,,,N5GtLIGt_8,,Average,Average,GJ,,Moderate,Slight,G,SIG,SIG,,,Steep,Dry,,MarkedUpper,Other,,SigNegative,,NWQuad,Westerly,WidespdDnsl
Down,Neutral,StrongUp,Down,Down,Dry,,Wet,Neutral,Cloudy,Clear,Cloudy,,,,Other,,,Weak,,IncCapDecIns,Increasing,Neutral,Increasing,XNIL,,G,,PartInhibit,LessThanAve,LessThanAve,G,N1GtLIGt_4,Stability,Average,Average,GJ,,,,,XNIL,XNIL,,,CloseToDryAd,Dry,CloseToDryAd,,MoistMDryL,,LittleChange,,SWQuad,LVorOther,LongAnticyc
WeakUp,Neutral,,,WeakUp,,,Neutral,,,Cloudy,,PC,,Weak,Other,,,,Some,IncCapDecIns,,Negative,LittleChange,SVR,Aug20_Sep15,G,,,,,G,N1GtLIGt_4,Instability,LessUnstable,Average,GJ,,,Moderate,G,SVR,SVR,,LowAtStation,CloseToDryAd,Dry,Steep,NoMajor,,,LittleChange,,AllElse,Westerly,WidespdDnsl
,Neutral,Neutral,Neutral,Neutral,,Dry,VeryWet,,PC,,Cloudy,,Strong,Strong,DCVZFavor,Weak,,Strong,Some,IncCapDecIns,Increasing,Negative,,,May15_Jun14,B,AB,PartInhibit,Average,MoreThanAve,,LIGt0,,,,,,Unfavorable,,B,SIG,SIG,SIG,,ModerateOrLe,Dry,,,DryMMoistL,Other,LittleChange,Moving,LV,,DenvCyclone
Down,,StrongUp,Neutral,Neutral,Neutral,Neutral,Wet,Wet,Clear,,Clear,Clear,,Strong,Westerly,,,Weak,Marked,DecCapIncIns,Decreasing,Neutral,Decreasing,SVR,May15_Jun14,B,AB,,MoreThanAve,,ABI,N1GtLIGt_4,Instability,LessUnstable,,B,,Moderate,Moderate,B,,,,HighEvrywher,Steep,Dry,,NoMajor,Other,E_W_S,,Other,SWQuad,LVorOther,DenvCyclone
Down,Down,Neutral,Down,Down,Wet,,Wet,,PC,,Clear,Clear,,Weak,,Strong,,,Some,LittleChange,LittleChange,,Increasing,SVR,,K,CThruK,PartInhibit,Average,,K,,Stability,,LessUnstable,ACEFK,,,,K,XNIL,SIG,SVR,LowAtStation,Steep,Dry,ModerateOrLe,MarkedUpper,DryMMoistL,MovingFtorOt,NegToPos,,AllElse,LVorOther,LV
Neutral,Neutral,Down,Neutral,Neutral,Neutral,,,Dry,,Clear,Clear,,,,DCVZFavor,,,Weak,,,Increasing,Negative,LittleChange,XNIL,May15_Jun14,E,CThruK,Stifling,,MoreThanAve,,,,LessUnstable,LessUnstable,ACEFK,,Weak,Slight,E,XNIL,XNIL,XNIL,LowEvrywhere,CloseToDryAd,Average,ModerateOrLe,NoMajor,MoistMDryL,DryLine,LittleChange,,,,LV
WeakUp,,StrongUp,StrongUp,StrongUp,Neutral,Wet,VeryWet,VeryWet,,,PC,,Strong,Strong,DCVZFavor,,,Strong,Marked,DecCapIncIns,,Negative,LittleChange,,,,AB,Stifling,Average,LessThanAve,ABI,LILt_8,,LessUnstable,LessUnstable,B,TotalInhibit,Weak,,,XNIL,XNIL,XNIL,HighEvrywher,,VeryMoist,,NoMajor,DryMMoistL,E_W_N,LittleChange,Other,AllElse,Westerly,
Down,StronUp,Neutral,Neutral,,Wet,Dry,Neutral,Neutral,,Clear,Clear,Clear,,,Other,,Weak,,,IncCapDecIns,Increasing,,,,Jul2_Jul15,,CThruK,PartInhibit,LessThanAve,LessThanAve,CDEJ,N5GtLIGt_8,Instability,,MoreUnstable,GJ,,Weak,Moderate,J,SVR,,SVR,LowSHighN,ModerateOrLe,Dry,CloseToDryAd,,,DryLine,,Other,,,DenvCyclone
WeakUp,Neutral,Neutral,Neutral,,Wet,Dry,Neutral,Neutral,Clear,PC,Clear,Clear,,Strong,Other,,Strong,,,,,Negative,Decreasing,SIG,Jul2_Jul15,E,CThruK,PartInhibit,Average,LessThanAve,,N1GtLIGt_4,Stability,LessUnstable,LessUnstable,ACEFK,PartInhibit,Moderate,,E,XNIL,XNIL,SIG,LowAtStation,Steep,Average,,NoMajor,Other,E_W_N,SigNegative,,LV,Westerly,LV
WeakUp,StronUp,Down,,Down,Neutral,Wet,Wet,Wet,,Clear,Clear,Clear,,,DCVZFavor,,Weak,,,IncCapDecIns,Increasing,Negative,Decreasing,SIG,Aug20_Sep15,,CThruK,PartInhibit,Average,MoreThanAve,CDEJ,LILt_8,,Average,,GJ,,Strong,,J,XNIL,XNIL,SIG,HighEvrywher,CloseToDryAd,Dry,CloseToDryAd,NoMajor,Other,DryLine,,Other,LV,LVorOther,E_NE
Down,Neutral,Neutral,,,Wet,,Dry,Dry,,,Clear,Clear,,,StrongWest,,,,,IncCapDecIns,,Neutral,LittleChange,XNIL,,E,CThruK,Stifling,Average,Average,CDEJ,N1GtLIGt_4,Instability,Average,Average,,Stifling,Moderate,Slight,E,SVR,SIG,SIG,HighEvrywher,,,Steep,,,,,Other,SWQuad,Westerly,LV
Down,Neutral,,Down,,Neutral,,Neutral,Neutral,PC,PC,Cloudy,PC,,,StrongWest,,,Weak,,IncCapDecIns,Increasing,Neutral,Increasing,XNIL,May15_Jun14,B,AB,Stifling,LessThanAve,LessThanAve,,N5GtLIGt_8,,LessUnstable,,B,,Moderate,Moderate,B,,SIG,SIG,LowMtsHighPl,ModerateOrLe,VeryMoist,Steep,NoMajor,DryMMoistL,DenvCyclone,LittleChange,,NWQuad,LVorOther,
StrongUp,Down,Neutral,Down,Down,,Dry,Neutral,,PC,,Clear,Clear,,,DCVZFavor,,Weak,Weak,,IncCapDecIns,Increasing,Neutral,LittleChange,XNIL,,D,,Stifling,MoreThanAve,MoreThanAve,CDEJ,,,,Average,D,PartInhibit,Moderate,Slight,D,SIG,SIG,,LowSHighN,CloseToDryAd,Average,Steep,OtherRapid,Other,,SigNegative,Other,AllElse,Westerly,SEQuad
Neutral,Neutral,,Neutral,Neutral,Dry,Wet,Wet,Wet,PC,Clear,PC,PC,,Strong,DCVZFavor,,,Weak,Some,,Increasing,Negative,LittleChange,SIG,,,CThruK,PartInhibit,Average,MoreThanAve,K,,Instability,LessUnstable,LessUnstable,ACEFK,PartInhibit,,Slight,K,,XNIL,,LowNHighS,ModerateOrLe,,ModerateOrLe,StrongFront,,,NegToPos,QStationary,SWQuad,,WidespdDnsl
StrongUp,Down,Neutral,StrongUp,StrongUp,VeryWet,,VeryWet,,Clear,PC,Clear,Cloudy,Strong,Strong,DCVZFavor,Strong,,Weak,Marked,IncCapDecIns,Increasing,WeakPos,Increasing,SIG,Aug20_Sep15,,CThruK,TotalInhibit,MoreThanAve,MoreThanAve,,LILt_8,Instability,MoreUnstable,MoreUnstable,ACEFK,PartInhibit,Moderate,Moderate,C,,XNIL,SIG,,,Average,ModerateOrLe,,MoistMDryL,E_W_N,SigPositive,,AllElse,,LongAnticyc
,WeakUp,,Neutral,Neutral,Wet,Neutral,Wet,Wet,,PC,,Cloudy,Weak,,StrongWest,Weak,,Weak,Marked,IncCapDecIns,,Negative,LittleChange,SIG,Aug20_Sep15,F,CThruK,PartInhibit,Average,,,N5GtLIGt_8,Stability,LessUnstable,,ACEFK,PartInhibit,Moderate,Slight,F,XNIL,XNIL,SIG,,,VeryMoist,ModerateOrLe,StrongFront,Other,,,,AllElse,LVorOther,E_NE
Down,,Down,Neutral,Neutral,Wet,,Neutral,Neutral,PC,Clear,,Clear,Strong,,StrongWest,Weak,Weak,,,LittleChange,LittleChange,Neutral,LittleChange,SIG,Jul2_Jul15,A,AB,,LessThanAve,LessThanAve,ABI,N5GtLIGt_8,Instability,MoreUnstable,MoreUnstable,ACEFK,,Moderate,Strong,A,SIG,SIG,SIG,LowEvrywhere,Steep,Average,CloseToDryAd,MarkedUpper,Other,DenvCyclone,SigNegative,Moving,SWQuad,,DenvCyclone
StrongUp,Neutral,StrongUp,WeakUp,WeakUp,Wet,,,Neutral,Cloudy,,Cloudy,,,,Other,,,,,,Increasing,WeakPos,Increasing,XNIL,,J,CThruK,PartInhibit,,MoreThanAve,CDEJ,N5GtLIGt_8,Stability,Average,MoreUnstable,,,,Moderate,J,XNIL,XNIL,XNIL,LowNHighS,Steep,Average,Steep,NoMajor,Other,DryLine,LittleChange,,LV,LVorOther,LV
WeakUp,Neutral,Down,Neutral,,Wet,,Neutral,Neutral,PC,PC,PC,PC,,,DCVZFavor,,Strong,,,IncCapDecIns,Increasing,,Increasing,XNIL,Aug20_Sep15,A,AB,,,,ABI,N1GtLIGt_4,,LessUnstable,MoreUnstable,ACEFK,PartInhibit,Unfavorable,,A,SVR,,SVR,,Stable,VeryMoist,Steep,MarkedUpper,,DenvCyclone,NegToPos,QStationary,SWQuad,Westerly,
,StronUp,Down,WeakUp,WeakUp,Neutral,Neutral,Neutral,Wet,Clear,PC,Clear,,,Weak,Westerly,,,Weak,Some,DecCapIncIns,,Negative,Decreasing,XNIL,Aug20_Sep15,I,CThruK,PartInhibit,MoreThanAve,Average,ABI,,Neutral,MoreUnstable,MoreUnstable,HI,Stifling,,,,SVR,SVR,SVR,LowSHighN,Stable,,Steep,NoMajor,Other,MovingFtorOt,,,SWQuad,Westerly,E_NE
WeakUp,WeakUp,Neutral,Neutral,Neutral,,Dry,,,Clear,Cloudy,Cloudy,Cloudy,,,Other,,,,,IncCapDecIns,Increasing,StrongPos,Increasing,XNIL,May15_Jun14,B,,PartInhibit,LessThanAve,MoreThanAve,ABI,N1GtLIGt_4,Neutral,LessUnstable,,B,Stifling,,,B,SIG,SIG,SIG,Other,ModerateOrLe,Average,Steep,,DryMMoistL,E_W_N,LittleChange,,NWQuad,Westerly,SEQuad
Down,StronUp,Down,Down,Down,Dry,Neutral,VeryWet,Wet,Cloudy,PC,PC,,Weak,Strong,DCVZFavor,Weak,,,Marked,,LittleChange,,LittleChange,SIG,May15_Jun14,H,,,Average,Average,H,,Neutral,Average,Average,,PartInhibit,Unfavorable,,H,XNIL,XNIL,SIG,,Stable,VeryMoist,Steep,,,MovingFtorOt,LittleChange,,AllElse,Westerly,E_NE
Down,Neutral,,Neutral,Neutral,Dry,Dry,VeryWet,Wet,Clear,Cloudy,Clear,,Strong,Strong,,Strong,,Strong,Marked,LittleChange,,Neutral,Decreasing,SIG,Aug20_Sep15,,CThruK,Stifling,,Average,,,Neutral,MoreUnstable,MoreUnstable,ACEFK,Stifling,Strong,Slight,C,,SIG,SIG,LowEvrywhere,CloseToDryAd,Dry,Steep,NoMajor,Other,E_W_S,PosToNeg,Other,NWQuad,,LongAnticyc
,WeakUp,Down,WeakUp,WeakUp,,Dry,Neutral,Neutral,,PC,PC,PC,,,DCVZFavor,,,,,LittleChange,,Negative,LittleChange,XNIL,May15_Jun14,F,,,,LessThanAve,,N1GtLIGt_4,Stability,,,ACEFK,PartInhibit,Unfavorable,Slight,F,XNIL,XNIL,XNIL,,Steep,VeryMoist,,,Other,,PosToNeg,,AllElse,LVorOther,LV
StrongUp,Neutral,Neutral,Neutral,,Neutral,Wet,Wet,VeryWet,Clear,Cloudy,PC,Cloudy,Strong,Strong,DCVZFavor,Weak,,Strong,,DecCapIncIns,Decreasing,,LittleChange,SVR,Aug20_Sep15,C,CThruK,,LessThanAve,LessThanAve,,N1GtLIGt_4,Stability,Average,,ACEFK,,Weak,Slight,C,XNIL,,SVR,LowNHighS,CloseToDryAd,Average,CloseToDryAd,MarkedUpper,Other,E_W_S,,,NWQuad,,
Neutral,Down,Neutral,Neutral,Neutral,Wet,Wet,Wet,Wet,Cloudy,Cloudy,Cloudy,PC,Weak,,Other,,Weak,,,IncCapDecIns,Increasing,Neutral,LittleChange,,,E,CThruK,PartInhibit,,Average,CDEJ,N1GtLIGt_4,Stability,Average,MoreUnstable,,PartInhibit,Strong,,,SIG,SIG,SIG,LowNHighS,Stable,Average,ModerateOrLe,OtherRapid,MoistMDryL,,LittleChange,QStationary,SWQuad,LVorOther,LV
Neutral,Neutral,Neutral,Neutral,,Dry,VeryWet,Wet,VeryWet,PC,Cloudy,,,,,Other,,,,,LittleChange,,Neutral,LittleChange,XNIL,Aug20_Sep15,C,CThruK,PartInhibit,,,CDEJ,,Neutral,Average,Average,ACEFK,TotalInhibit,Moderate,Slight,C,XNIL,XNIL,XNIL,LowEvrywhere,CloseToDryAd,Dry,,,DryMMoistL,E_W_N,SigPositive,Other,,,WidespdDnsl
WeakUp,,Neutral,Neutral,,Neutral,,Neutral,,Clear,,Clear,Clear,,Strong,DCVZFavor,Strong,Weak,Strong,,,Increasing,,Increasing,,,H,CThruK,,Average,MoreThanAve,H,N1GtLIGt_4,Instability,Average,MoreUnstable,HI,Stifling,Moderate,,H,XNIL,XNIL,,Other,Stable,,CloseToDryAd,MarkedUpper,DryMMoistL,E_W_N,NegToPos,Moving,NWQuad,LVorOther,E_NE
Neutral,Neutral,Neutral,Neutral,Neutral,Neutral,,Wet,Wet,PC,,PC,,,,,,,,,DecCapIncIns,Decreasing,Neutral,Decreasing,XNIL,Jul2_Jul15,D,CThruK,PartInhibit,Average,,CDEJ,N1GtLIGt_4,Neutral,LessUnstable,LessUnstable,,TotalInhibit,Moderate,,D,XNIL,SIG,SIG,Other,Steep,Dry,ModerateOrLe,StrongFront,Other,,NegToPos,,SWQuad,,
Down,Neutral,,Neutral,Neutral,Neutral,Dry,Dry,Dry,Clear,,Clear,Clear,,Strong,Westerly,Weak,Weak,Strong,Some,,LittleChange,Negative,Decreasing,SIG,Aug11_Aug20,J,CThruK,PartInhibit,LessThanAve,LessThanAve,,LILt_8,Stability,Average,LessUnstable,,,,,J,XNIL,XNIL,SIG,LowAtStation,,,ModerateOrLe,,DryMMoistL,,LittleChange,,LV,LVorOther,LV
WeakUp,Neutral,Neutral,WeakUp,WeakUp,VeryWet,VeryWet,VeryWet,VeryWet,PC,Cloudy,Clear,PC,Weak,Strong,Other,,,,Some,LittleChange,,WeakPos,Increasing,SIG,,,,,LessThanAve,LessThanAve,,LIGt0,Neutral,LessUnstable,MoreUnstable,B,PartInhibit,Moderate,,B,SIG,SIG,SIG,LowMtsHighPl,ModerateOrLe,VeryMoist,Steep,,MoistMDryL,DenvCyclone,,Other,AllElse,LVorOther,DenvCyclone
StrongUp,Neutral,Down,,Neutral,,Dry,Neutral,Neutral,Clear,Cloudy,Clear,Clear,,,StrongWest,Weak,Weak,Weak,Some,IncCapDecIns,Increasing,Negative,,XNIL,Jul16_Aug10,G,CThruK,,Average,,G,N1GtLIGt_4,,,Average,GJ,,Strong,Strong,G,SIG,SIG,,LowEvrywhere,CloseToDryAd,Dry,CloseToDryAd,,,,,,AllElse,Westerly,
WeakUp,Neutral,,Neutral,Neutral,,Wet,Neutral,,Clear,Clear,,Clear,,,,,,,,,Decreasing,,Decreasing,,May15_Jun14,K,,,Average,LessThanAve,,LIGt0,,Average,Average,ACEFK,PartInhibit,Moderate,Strong,,SIG,SIG,SIG,Other,Steep,,ModerateOrLe,StrongFront,DryMMoistL,DenvCyclone,SigPositive,,NWQuad,,WidespdDnsl
Neutral,Neutral,Neutral,Neutral,,,VeryWet,Wet,Wet,,PC,Clear,Clear,Weak,Strong,,Weak,,Weak,Some,IncCapDecIns,,,LittleChange,SVR,Aug20_Sep15,,CThruK,PartInhibit,Average,MoreThanAve,G,N5GtLIGt_8,,Average,LessUnstable,GJ,TotalInhibit,Weak,,G,XNIL,,SVR,LowEvrywhere,CloseToDryAd,Dry,CloseToDryAd,NoMajor,Other,,LittleChange,,NWQuad,LVorOther,WidespdDnsl
StrongUp,WeakUp,WeakUp,WeakUp,,VeryWet,,,Wet,,PC,PC,PC,,Strong,DCVZFavor,,,Strong,,,Increasing,Negative,LittleChange,SIG,Aug20_Sep15,J,CThruK,PartInhibit,,MoreThanAve,,N1GtLIGt_4,,Average,MoreUnstable,,,Moderate,,J,XNIL,,SIG,LowAtStation,Stable,Dry,,NoMajor,,E_W_S,,,LV,LVorOther,
StrongUp,Neutral,WeakUp,WeakUp,WeakUp,Neutral,,Neutral,Wet,,,Clear,Clear,,Weak,StrongWest,Strong,,Strong,,,Decreasing,StrongPos,Increasing,XNIL,Jun15_Jul1,J,,,LessThanAve,,CDEJ,,Stability,LessUnstable,LessUnstable,GJ,,,Slight,J,XNIL,XNIL,XNIL,Other,ModerateOrLe,Dry,ModerateOrLe,OtherRapid,,DryLine,SigNegative,Other,AllElse,,
Down,,,Neutral,,Neutral,Dry,Neutral,Neutral,PC,Cloudy,Cloudy,,,Strong,,Strong,Weak,Strong,,IncCapDecIns,,WeakPos,Increasing,SIG,Jul16_Aug10,G,CThruK,TotalInhibit,,,G,N1GtLIGt_4,Instability,Average,MoreUnstable,GJ,,Moderate,Strong,,SIG,SIG,SIG,LowEvrywhere,,Dry,CloseToDryAd,OtherRapid,MoistMDryL,,LittleChange,QStationary,SWQuad,LVorOther,WidespdDnsl
,WeakUp,StrongUp,Neutral,,VeryWet,,Wet,,,PC,Cloudy,,,Strong,DCVZFavor,,,Weak,Some,IncCapDecIns,Increasing,Negative,LittleChange,SIG,May15_Jun14,H,CThruK,,Average,MoreThanAve,H,N5GtLIGt_8,Stability,,LessUnstable,,,Weak,,,XNIL,XNIL,,LowMtsHighPl,Stable,Average,ModerateOrLe,MarkedUpper,,MovingFtorOt,SigPositive,Moving,NWQuad,LVorOther,
WeakUp,WeakUp,WeakUp,WeakUp,WeakUp,,VeryWet,Neutral,,Clear,PC,Clear,Clear,Strong,,DCVZFavor,Weak,,,Marked,LittleChange,LittleChange,,Decreasing,XNIL,May15_Jun14,B,,PartInhibit,LessThanAve,,ABI,N5GtLIGt_8,,Average,LessUnstable,B,,Unfavorable,,B,,XNIL,XNIL,LowMtsHighPl,Steep,VeryMoist,Steep,NoMajor,DryMMoistL,E_W_N,LittleChange,,NWQuad,LVorOther,DenvCyclone
Down,Down,Neutral,Down,Down,VeryWet,,Neutral,,PC,Cloudy,PC,PC,Weak,Strong,Other,,Weak,Weak,,IncCapDecIns,Increasing,Negative,LittleChange,SIG,Aug20_Sep15,E,,PartInhibit,Average,MoreThanAve,,N1GtLIGt_4,Stability,,,ACEFK,PartInhibit,,,E,XNIL,,SIG,LowAtStation,Steep,,Steep,NoMajor,MoistMDryL,DryLine,SigNegative,,,LVorOther,LongAnticyc
StrongUp,WeakUp,Neutral,,,Neutral,Dry,,Dry,PC,PC,PC,Clear,Strong,Strong,Westerly,,Strong,Strong,,DecCapIncIns,Decreasing,WeakPos,LittleChange,,,K,CThruK,,Average,Average,K,N1GtLIGt_4,Instability,MoreUnstable,MoreUnstable,,,Weak,Slight,K,XNIL,XNIL,XNIL,LowEvrywhere,,Average,,StrongFront,,MovingFtorOt,LittleChange,Other,AllElse,Westerly,LongAnticyc
Neutral,Neutral,StrongUp,WeakUp,WeakUp,Neutral,Neutral,,Neutral,PC,PC,PC,Cloudy,Strong,Strong,Other,Weak,,Weak,,LittleChange,,StrongPos,Increasing,XNIL,Jul16_Aug10,,CThruK,PartInhibit,Average,Average,CDEJ,N5GtLIGt_8,Instability,,MoreUnstable,GJ,,Moderate,Strong,J,SIG,SIG,SIG,LowAtStation,,,Steep,NoMajor,MoistMDryL,,LittleChange,Other,LV,LVorOther,DenvCyclone
,Neutral,Neutral,Neutral,Neutral,Dry,,Neutral,Neutral,Clear,PC,PC,PC,,Weak,DCVZFavor,Weak,,Weak,,LittleChange,LittleChange,Neutral,LittleChange,XNIL,Jun15_Jul1,G,CThruK,Stifling,,MoreThanAve,G,N5GtLIGt_8,,MoreUnstable,MoreUnstable,,,Moderate,Moderate,,SIG,SIG,SIG,LowEvrywhere,CloseToDryAd,Dry,,MarkedUpper,MoistMDryL,E_W_S,,,LV,LVorOther,LongAnticyc
WeakUp,Neutral,,,WeakUp,Neutral,Dry,,Dry,Clear,,Clear,Clear,,,StrongWest,,Strong,Strong,,DecCapIncIns,Decreasing,StrongPos,Increasing,,Aug20_Sep15,B,,,MoreThanAve,Average,ABI,N5GtLIGt_8,Instability,,MoreUnstable,,PartInhibit,Weak,,B,,SVR,SVR,HighEvrywher,Stable,VeryMoist,,NoMajor,Other,DenvCyclone,PosToNeg,Other,NWQuad,LVorOther,E_NE
WeakUp,WeakUp,Neutral,WeakUp,,Wet,Neutral,,VeryWet,Clear,PC,Clear,PC,,,Westerly,,Weak,Weak,Some,DecCapIncIns,Decreasing,Neutral,LittleChange,SVR,May15_Jun14,,CThruK,,LessThanAve,LessThanAve,K,N5GtLIGt_8,Instability,,MoreUnstable,ACEFK,,Unfavorable,,K,XNIL,XNIL,SVR,,Steep,Average,ModerateOrLe,StrongFront,,,SigPositive,QStationary,,Westerly,WidespdDnsl
,StronUp,WeakUp,,,,,Neutral,Wet,PC,,PC,,,Strong,StrongWest,Strong,,Weak,Marked,LittleChange,,,Increasing,SIG,Aug20_Sep15,G,CThruK,,MoreThanAve,MoreThanAve,G,,Stability,MoreUnstable,MoreUnstable,,PartInhibit,Weak,,,,XNIL,SIG,LowEvrywhere,CloseToDryAd,,CloseToDryAd,,MoistMDryL,DryLine,PosToNeg,,AllElse,,WidespdDnsl
Neutral,WeakUp,StrongUp,,WeakUp,,Wet,,Neutral,Clear,PC,Clear,Clear,Strong,Strong,,Strong,,Strong,Some,DecCapIncIns,Decreasing,WeakPos,LittleChange,XNIL,Jul16_Aug10,B,AB,Stifling,MoreThanAve,LessThanAve,,N5GtLIGt_8,Instability,MoreUnstable,MoreUnstable,B,,Weak,,B,SIG,SIG,SIG,LowSHighN,Stable,Average,,NoMajor,DryMMoistL,E_W_N,LittleChange,Moving,NWQuad,Westerly,DenvCyclone
,Neutral,StrongUp,StrongUp,StrongUp,Wet,VeryWet,Wet,,Clear,,,,,,,,,Weak,,,,Negative,,XNIL,Jul16_Aug10,E,CThruK,PartInhibit,LessThanAve,LessThanAve,CDEJ,LIGt0,Stability,LessUnstable,LessUnstable,,PartInhibit,,Strong,,XNIL,XNIL,XNIL,LowMtsHighPl,Steep,,ModerateOrLe,,MoistMDryL,E_W_S,,,AllElse,,LV
Down,Neutral,Down,Neutral,Neutral,Neutral,,Neutral,,Clear,PC,Clear,Clear,,,StrongWest,Strong,,Weak,Some,LittleChange,LittleChange,Negative,Decreasing,XNIL,,A,AB,,LessThanAve,,ABI,LIGt0,Stability,LessUnstable,LessUnstable,ACEFK,,Moderate,Strong,A,SVR,SVR,SVR,HighEvrywher,Stable,,CloseToDryAd,,,DenvCyclone,LittleChange,,,LVorOther,DenvCyclone
,,WeakUp,WeakUp,WeakUp,VeryWet,Neutral,,VeryWet,PC,Clear,Clear,,Strong,Strong,,,,Strong,,LittleChange,LittleChange,Negative,Decreasing,XNIL,Jun15_Jul1,G,CThruK,PartInhibit,Average,Average,G,N5GtLIGt_8,Neutral,Average,LessUnstable,GJ,,Moderate,Moderate,G,SIG,SIG,SIG,,CloseToDryAd,Dry,CloseToDryAd,,Other,E_W_N,SigNegative,,,,
StrongUp,Down,WeakUp,,WeakUp,Dry,Neutral,VeryWet,Wet,,PC,Clear,Clear,Weak,Strong,DCVZFavor,Weak,Strong,Weak,Marked,IncCapDecIns,,WeakPos,Increasing,SIG,Aug20_Sep15,B,AB,PartInhibit,LessThanAve,LessThanAve,ABI,N1GtLIGt_4,Stability,LessUnstable,LessUnstable,B,TotalInhibit,Weak,,B,XNIL,XNIL,SIG,HighEvrywher,Steep,Dry,ModerateOrLe,OtherRapid,DryMMoistL,DenvCyclone,SigNegative,,,LVorOther,DenvCyclone
Down,,,Neutral,Neutral,,,Wet,Wet,Clear,Clear,Clear,Clear,Strong,,DCVZFavor,Strong,,Strong,,IncCapDecIns,Increasing,Negative,Decreasing,,May15_Jun14,K,CThruK,,LessThanAve,LessThanAve,K,N1GtLIGt_4,Neutral,LessUnstable,,,PartInhibit,Moderate,Strong,K,SVR,SVR,,Other,,VeryMoist,ModerateOrLe,MarkedUpper,DryMMoistL,DryLine,SigPositive,,AllElse,Westerly,SEQuad
Down,WeakUp,Neutral,,,Dry,Dry,,,PC,,,PC,,,Westerly,,,,,DecCapIncIns,Decreasing,Neutral,LittleChange,XNIL,Jul16_Aug10,D,CThruK,PartInhibit,Average,,CDEJ,N5GtLIGt_8,Neutral,,Average,,,Moderate,Strong,D,SIG,SIG,,LowMtsHighPl,Steep,Dry,,MarkedUpper,MoistMDryL,DryLine,PosToNeg,,NWQuad,LVorOther,DenvCyclone
StrongUp,Neutral,WeakUp,WeakUp,WeakUp,Dry,Neutral,,,PC,,,PC,Strong,,StrongWest,Strong,Strong,Strong,Marked,,LittleChange,WeakPos,Increasing,SIG,May15_Jun14,K,CThruK,PartInhibit,Average,Average,K,N5GtLIGt_8,,,,ACEFK,,,Strong,K,SVR,SVR,SVR,Other,Steep,VeryMoist,ModerateOrLe,MarkedUpper,DryMMoistL,DryLine,SigNegative,Moving,AllElse,LVorOther,WidespdDnsl
Neutral,Neutral,,Neutral,Neutral,,Dry,,Wet,PC,Clear,Cloudy,Cloudy,Strong,Strong,Westerly,Strong,,Weak,Some,,Increasing,WeakPos,Increasing,SIG,Jul16_Aug10,E,CThruK,,Average,MoreThanAve,,N1GtLIGt_4,Neutral,Average,,ACEFK,PartInhibit,Weak,,,,XNIL,SIG,LowEvrywhere,Steep,Average,,NoMajor,MoistMDryL,,NegToPos,,SWQuad,LVorOther,LV
StrongUp,StronUp,,,StrongUp,Dry,Dry,Wet,Wet,PC,,Clear,PC,,Weak,DCVZFavor,Weak,,,Some,LittleChange,LittleChange,,LittleChange,XNIL,,I,CThruK,PartInhibit,,Average,ABI,LILt_8,,Average,MoreUnstable,HI,,Unfavorable,,I,,SIG,SIG,LowMtsHighPl,Steep,Average,CloseToDryAd,NoMajor,DryMMoistL,,LittleChange,Moving,SWQuad,Westerly,E_NE
Neutral,StronUp,Neutral,,,VeryWet,,VeryWet,VeryWet,,PC,Clear,Clear,,Weak,,,,,,DecCapIncIns,Decreasing,Negative,,SIG,Aug20_Sep15,,AB,PartInhibit,LessThanAve,LessThanAve,ABI,N5GtLIGt_8,,,,B,PartInhibit,,,B,XNIL,XNIL,SIG,,,VeryMoist,Steep,NoMajor,Other,E_W_S,LittleChange,Other,LV,LVorOther,SEQuad
StrongUp,Neutral,Neutral,Neutral,,Dry,Wet,Neutral,Neutral,Clear,Clear,Clear,Clear,,,StrongWest,Strong,Weak,Weak,Some,LittleChange,LittleChange,WeakPos,Increasing,XNIL,Jul16_Aug10,F,CThruK,,LessThanAve,LessThanAve,F,N1GtLIGt_4,,,MoreUnstable,,,Weak,,,XNIL,XNIL,,,Steep,VeryMoist,ModerateOrLe,NoMajor,Other,E_W_N,SigNegative,,,,LV
Down,Neutral,WeakUp,,Down,Neutral,,,Wet,,,Clear,Clear,Weak,Strong,StrongWest,Weak,Weak,Weak,Marked,IncCapDecIns,,WeakPos,Decreasing,,Jul2_Jul15,B,AB,PartInhibit,LessThanAve,,ABI,N1GtLIGt_4,Instability,MoreUnstable,MoreUnstable,B,,Unfavorable,,B,XNIL,XNIL,,,ModerateOrLe,Dry,CloseToDryAd,MarkedUpper,MoistMDryL,,PosToNeg,Other,SWQuad,LVorOther,
WeakUp,,Down,Neutral,Neutral,VeryWet,Wet,VeryWet,VeryWet,PC,Clear,PC,PC,Strong,,Other,,,,,,Decreasing,WeakPos,,,Aug20_Sep15,J,CThruK,,MoreThanAve,LessThanAve,CDEJ,N5GtLIGt_8,,Average,Average,GJ,,Strong,Moderate,J,SVR,SVR,,LowAtStation,Steep,Average,ModerateOrLe,NoMajor,DryMMoistL,DryLine,,QStationary,LV,,DenvCyclone
StrongUp,WeakUp,Down,Down,Down,VeryWet,,VeryWet,,Cloudy,Cloudy,Cloudy,Cloudy,Strong,Strong,Westerly,,,Weak,,IncCapDecIns,Increasing,StrongPos,LittleChange,SIG,,K,CThruK,,LessThanAve,LessThanAve,,,Neutral,,MoreUnstable,ACEFK,,Moderate,Moderate,K,SVR,,,,Stable,,ModerateOrLe,,,MovingFtorOt,SigNegative,,NWQuad,Westerly,WidespdDnsl
WeakUp,WeakUp,,WeakUp,WeakUp,Neutral,Dry,,Dry,Cloudy,PC,,PC,Weak,Weak,Westerly,Weak,,,,IncCapDecIns,Increasing,,Decreasing,,Aug20_Sep15,C,CThruK,Stifling,,MoreThanAve,CDEJ,N1GtLIGt_4,Stability,LessUnstable,LessUnstable,ACEFK,PartInhibit,Moderate,,C,XNIL,XNIL,SIG,LowEvrywhere,Stable,Dry,CloseToDryAd,NoMajor,MoistMDryL,E_W_N,PosToNeg,,LV,LVorOther,LongAnticyc
,,Neutral,StrongUp,StrongUp,Wet,Neutral,Neutral,Wet,PC,,PC,PC,Weak,,StrongWest,Strong,,Strong,Marked,,LittleChange,StrongPos,,,,A,AB,PartInhibit,Average,Average,ABI,LIGt0,Instability,LessUnstable,LessUnstable,ACEFK,PartInhibit,Moderate,,A,XNIL,XNIL,SIG,LowSHighN,ModerateOrLe,VeryMoist,Steep,,DryMMoistL,Other,PosToNeg,Other,SWQuad,,E_NE
Down,Neutral,Neutral,Neutral,Neutral,VeryWet,Neutral,VeryWet,VeryWet,Clear,Clear,,PC,,Weak,StrongWest,Weak,,Weak,Some,IncCapDecIns,,Negative,Increasing,SIG,,K,CThruK,PartInhibit,Average,MoreThanAve,K,N1GtLIGt_4,Stability,Average,MoreUnstable,,,Weak,,K,XNIL,XNIL,SIG,Other,ModerateOrLe,Average,,StrongFront,Other,MovingFtorOt,SigPositive,,NWQuad,Westerly,
Neutral,Neutral,WeakUp,WeakUp,WeakUp,,Dry,Dry,Neutral,Cloudy,,,Cloudy,Strong,Strong,Westerly,Strong,Weak,,Marked,DecCapIncIns,Decreasing,Negative,,SVR,,E,CThruK,PartInhibit,Average,LessThanAve,CDEJ,,Instability,,LessUnstable,ACEFK,,,,E,,,,LowAtStation,Steep,Dry,ModerateOrLe,NoMajor,MoistMDryL,,SigNegative,Moving,SWQuad,LVorOther,
Neutral,Neutral,Neutral,Neutral,,Neutral,Neutral,Wet,Wet,,Clear,Clear,Clear,,Weak,Westerly,,,Weak,Some,LittleChange,LittleChange,,LittleChange,,,C,CThruK,Stifling,MoreThanAve,MoreThanAve,CDEJ,,Instability,,MoreUnstable,ACEFK,,Moderate,Slight,C,XNIL,XNIL,XNIL,LowAtStation,Steep,Dry,,NoMajor,MoistMDryL,,,,AllElse,LVorOther,
Down,WeakUp,,Down,Down,VeryWet,Dry,Neutral,,PC,PC,PC,PC,Strong,Strong,DCVZFavor,Strong,,Strong,Some,LittleChange,LittleChange,Neutral,,XNIL,Jul16_Aug10,E,CThruK,Stifling,,MoreThanAve,,LILt_8,Stability,Average,Average,ACEFK,,Weak,Strong,,,SVR,SVR,LowSHighN,ModerateOrLe,,Steep,OtherRapid,MoistMDryL,,SigPositive,,SWQuad,,LV
Neutral,,StrongUp,,WeakUp,Neutral,Dry,Neutral,Neutral,Clear,PC,Clear,Clear,Strong,Strong,,Weak,Strong,,Some,DecCapIncIns,Decreasing,WeakPos,LittleChange,SVR,Aug11_Aug20,J,CThruK,PartInhibit,LessThanAve,,CDEJ,N5GtLIGt_8,,MoreUnstable,,GJ,,Weak,Slight,J,XNIL,XNIL,SVR,LowAtStation,Steep,Dry,CloseToDryAd,NoMajor,DryMMoistL,DryLine,SigNegative,Other,,,LV
Down,Neutral,,Neutral,Neutral,,VeryWet,Wet,Wet,PC,PC,PC,PC,Weak,Strong,Westerly,Strong,Strong,,,LittleChange,LittleChange,Neutral,,XNIL,Jul2_Jul15,E,,PartInhibit,Average,LessThanAve,CDEJ,LILt_8,Instability,MoreUnstable,MoreUnstable,ACEFK,,,Moderate,E,SVR,SVR,SVR,LowNHighS,CloseToDryAd,Dry,ModerateOrLe,NoMajor,Other,DryLine,LittleChange,,SWQuad,LVorOther,LongAnticyc
,Neutral,,WeakUp,WeakUp,Dry,Dry,,,PC,Clear,Clear,PC,Strong,Strong,DCVZFavor,,,Weak,,,Increasing,Negative,LittleChange,SIG,Aug20_Sep15,E,,PartInhibit,,,,N1GtLIGt_4,,Average,Average,ACEFK,,,,E,SIG,,,LowEvrywhere,CloseToDryAd,Average,ModerateOrLe,NoMajor,MoistMDryL,DenvCyclone,NegToPos,,,,LongAnticyc
WeakUp,WeakUp,Neutral,WeakUp,,Dry,Dry,VeryWet,VeryWet,Clear,Clear,Clear,Clear,Weak,Strong,DCVZFavor,,Weak,Strong,Marked,LittleChange,LittleChange,Negative,,SIG,Aug20_Sep15,I,CThruK,PartInhibit,,,,N1GtLIGt_4,Stability,,LessUnstable,HI,PartInhibit,Moderate,Moderate,I,SIG,SIG,SIG,LowMtsHighPl,Steep,Dry,,NoMajor,,Other,,,SWQuad,,
Down,WeakUp,,Down,Down,Neutral,Dry,Dry,Dry,PC,Cloudy,PC,Cloudy,,,,,Weak,Weak,,,LittleChange,Negative,,XNIL,Aug20_Sep15,B,,PartInhibit,,,ABI,,Neutral,LessUnstable,LessUnstable,B,PartInhibit,Weak,,,XNIL,XNIL,XNIL,LowAtStation,Stable,VeryMoist,ModerateOrLe,NoMajor,,E_W_S,LittleChange,,,,SEQuad
,,,WeakUp,WeakUp,,Wet,Wet,,Cloudy,Cloudy,Cloudy,Cloudy,Strong,Strong,Westerly,,Weak,Weak,Marked,,,,Increasing,SIG,Jul16_Aug10,J,CThruK,,MoreThanAve,,CDEJ,N1GtLIGt_4,Neutral,Average,Average,GJ,,Moderate,,J,SIG,SIG,SIG,LowEvrywhere,CloseToDryAd,Average,Steep,NoMajor,,,LittleChange,,,LVorOther,LV
Neutral,StronUp,Neutral,WeakUp,WeakUp,Neutral,,Dry,,,,PC,Clear,Strong,,StrongWest,,,,,,,WeakPos,Increasing,SVR,Jul16_Aug10,,AB,,LessThanAve,Average,ABI,N1GtLIGt_4,Stability,,LessUnstable,ACEFK,Stifling,Weak,,A,XNIL,XNIL,,HighEvrywher,Steep,VeryMoist,CloseToDryAd,MarkedUpper,Other,E_W_S,,,,Westerly,DenvCyclone
WeakUp,Neutral,Down,Down,Down,Neutral,Neutral,Neutral,Neutral,Clear,PC,Clear,,,,Westerly,,,,,LittleChange,,,,,Jul16_Aug10,,,,MoreThanAve,MoreThanAve,CDEJ,LIGt0,Stability,LessUnstable,LessUnstable,ACEFK,,Weak,Moderate,,XNIL,XNIL,XNIL,LowAtStation,Steep,Dry,ModerateOrLe,StrongFront,,,,,,,LongAnticyc
,Neutral,Down,,Neutral,Neutral,VeryWet,VeryWet,,,PC,PC,PC,,Weak,Westerly,,,Strong,,LittleChange,LittleChange,Negative,,SIG,Aug20_Sep15,C,,Stifling,MoreThanAve,,CDEJ,LIGt0,Stability,LessUnstable,,ACEFK,PartInhibit,,,C,,XNIL,SIG,,,Average,,,,,NegToPos,,NWQuad,Westerly,LongAnticyc
WeakUp,Neutral,WeakUp,,WeakUp,VeryWet,Dry,Dry,Wet,PC,Clear,,PC,,Weak,DCVZFavor,Weak,,,,IncCapDecIns,Increasing,Neutral,LittleChange,XNIL,Aug20_Sep15,,CThruK,PartInhibit,Average,MoreThanAve,K,N5GtLIGt_8,Instability,Average,Average,ACEFK,PartInhibit,Moderate,Slight,K,,XNIL,,LowNHighS,,,CloseToDryAd,,DryMMoistL,,SigPositive,,AllElse,Westerly,WidespdDnsl
StrongUp,,Down,Neutral,Neutral,Neutral,Neutral,Wet,VeryWet,Clear,Clear,Clear,Clear,,Strong,,Strong,,Weak,Some,LittleChange,,WeakPos,LittleChange,SIG,Jun15_Jul1,B,AB,PartInhibit,LessThanAve,LessThanAve,ABI,N1GtLIGt_4,Stability,LessUnstable,LessUnstable,B,,Weak,Strong,B,,SIG,SIG,LowMtsHighPl,Steep,,CloseToDryAd,NoMajor,Other,DenvCyclone,,Other,LV,,
StrongUp,Neutral,,,StrongUp,Neutral,Neutral,Neutral,,Clear,PC,PC,PC,,Strong,,Weak,,,Some,,LittleChange,Neutral,,XNIL,May15_Jun14,I,CThruK,PartInhibit,LessThanAve,LessThanAve,ABI,N5GtLIGt_8,Neutral,Average,,,,Weak,Slight,I,SVR,SVR,SVR,LowMtsHighPl,CloseToDryAd,Average,,OtherRapid,DryMMoistL,MovingFtorOt,SigNegative,QStationary,AllElse,Westerly,E_NE
StrongUp,Down,Neutral,Neutral,Neutral,Dry,Wet,Neutral,Neutral,PC,Cloudy,PC,PC,Strong,Strong,StrongWest,,,Weak,Some,LittleChange,LittleChange,StrongPos,Increasing,,Jul2_Jul15,,,PartInhibit,LessThanAve,LessThanAve,ABI,N1GtLIGt_4,Neutral,Average,Average,HI,,,,I,XNIL,XNIL,SVR,LowSHighN,ModerateOrLe,Dry,CloseToDryAd,StrongFront,DryMMoistL,E_W_S,SigNegative,QStationary,LV,,
Down,StronUp,Neutral,Neutral,Neutral,Neutral,Neutral,Neutral,Neutral,PC,PC,,Cloudy,Strong,Strong,Other,,Weak,Weak,,LittleChange,,Negative,,SIG,,B,AB,Stifling,Average,Average,,N1GtLIGt_4,,Average,,B,,,Strong,B,,XNIL,SIG,LowMtsHighPl,,Average,,,DryMMoistL,MovingFtorOt,LittleChange,,AllElse,Westerly,DenvCyclone
StrongUp,WeakUp,StrongUp,StrongUp,,Neutral,Wet,Wet,VeryWet,,Cloudy,Clear,PC,,Weak,,Weak,,Weak,,,LittleChange,Negative,,SIG,Jul16_Aug10,E,CThruK,,Average,Average,CDEJ,N5GtLIGt_8,Instability,Average,LessUnstable,ACEFK,,Weak,Moderate,E,,XNIL,SIG,LowEvrywhere,ModerateOrLe,Average,,,MoistMDryL,E_W_N,NegToPos,,SWQuad,Westerly,DenvCyclone
Down,Neutral,Neutral,,Neutral,,,Neutral,,Clear,Clear,,Clear,,Weak,Westerly,,,Weak,,,,WeakPos,,XNIL,May15_Jun14,D,CThruK,TotalInhibit,MoreThanAve,Average,,N1GtLIGt_4,,LessUnstable,LessUnstable,D,TotalInhibit,Moderate,,,XNIL,XNIL,,LowAtStation,Steep,Average,,,DryMMoistL,,,QStationary,,Westerly,WidespdDnsl
,,Neutral,,WeakUp,Neutral,Neutral,Dry,,Cloudy,,,Cloudy,Weak,Weak,StrongWest,Strong,,Weak,,IncCapDecIns,,,Decreasing,SIG,Jun15_Jul1,I,CThruK,,Average,MoreThanAve,,LILt_8,Neutral,MoreUnstable,Average,,,,,I,XNIL,XNIL,SIG,LowSHighN,,Average,ModerateOrLe,NoMajor,DryMMoistL,,,QStationary,,Westerly,DenvCyclone
StrongUp,Down,Neutral,StrongUp,StrongUp,,Dry,Wet,VeryWet,PC,Clear,,PC,Strong,Strong,,,,Weak,Marked,,Increasing,WeakPos,Increasing,SIG,Jul2_Jul15,H,CThruK,,Average,,,N1GtLIGt_4,,MoreUnstable,,HI,,Strong,Strong,H,SVR,XNIL,,,ModerateOrLe,Average,ModerateOrLe,,DryMMoistL,Other,SigNegative,,,Westerly,E_NE
Neutral,Neutral,WeakUp,Neutral,Neutral,VeryWet,Dry,VeryWet,VeryWet,,PC,PC,Cloudy,,,StrongWest,Strong,,Weak,Marked,IncCapDecIns,Increasing,Neutral,LittleChange,SIG,,J,CThruK,,,MoreThanAve,CDEJ,N1GtLIGt_4,,LessUnstable,,GJ,PartInhibit,Moderate,Moderate,J,,XNIL,SIG,LowAtStation,Stable,,Steep,NoMajor,,,LittleChange,,LV,LVorOther,
StrongUp,WeakUp,Down,Down,Down,Neutral,Neutral,Wet,,,Cloudy,,Cloudy,,,StrongWest,,Weak,Weak,,IncCapDecIns,Increasing,,,,,E,CThruK,PartInhibit,Average,,CDEJ,N5GtLIGt_8,Neutral,MoreUnstable,MoreUnstable,ACEFK,,,,,,XNIL,XNIL,LowAtStation,Stable,Dry,,,MoistMDryL,MovingFtorOt,PosToNeg,,SWQuad,,DenvCyclone
,,Neutral,WeakUp,WeakUp,Dry,Neutral,Dry,Neutral,PC,Clear,Clear,Clear,,,DCVZFavor,,,,,LittleChange,LittleChange,,Increasing,XNIL,Aug20_Sep15,B,AB,PartInhibit,Average,Average,ABI,N1GtLIGt_4,Stability,LessUnstable,Average,B,,,Moderate,B,,XNIL,XNIL,LowSHighN,ModerateOrLe,VeryMoist,,NoMajor,DryMMoistL,DenvCyclone,,Other,SWQuad,Westerly,LV
StrongUp,,StrongUp,Neutral,Neutral,Wet,Wet,Neutral,Neutral,,PC,PC,PC,,,Westerly,,Weak,,,,LittleChange,,LittleChange,XNIL,Aug20_Sep15,K,CThruK,PartInhibit,Average,Average,K,LILt_8,Stability,MoreUnstable,MoreUnstable,ACEFK,,Moderate,,K,,SIG,SIG,,,,Steep,StrongFront,DryMMoistL,,NegToPos,,NWQuad,Westerly,
Down,Neutral,WeakUp,Neutral,Neutral,Wet,,Dry,Neutral,PC,,PC,PC,Strong,,DCVZFavor,Strong,,,Marked,LittleChange,LittleChange,Neutral,,SIG,Aug20_Sep15,K,CThruK,TotalInhibit,MoreThanAve,MoreThanAve,K,N1GtLIGt_4,Stability,Average,,ACEFK,Stifling,,,K,SVR,SVR,,LowAtStation,ModerateOrLe,VeryMoist,,,MoistMDryL,,SigPositive,Other,,LVorOther,WidespdDnsl
,Down,Neutral,Neutral,Neutral,,Neutral,,Neutral,PC,PC,PC,PC,,,,,,,,LittleChange,LittleChange,WeakPos,Decreasing,,May15_Jun14,,,Stifling,MoreThanAve,,K,N5GtLIGt_8,Instability,MoreUnstable,LessUnstable,ACEFK,PartInhibit,Moderate,,K,,XNIL,XNIL,LowSHighN,Steep,Dry,ModerateOrLe,StrongFront,DryMMoistL,DryLine,,,NWQuad,,WidespdDnsl
StrongUp,Down,Neutral,Neutral,Neutral,Neutral,VeryWet,Wet,,PC,Clear,Clear,Clear,Weak,,DCVZFavor,Strong,Strong,Weak,Marked,LittleChange,LittleChange,Negative,Decreasing,,May15_Jun14,B,AB,TotalInhibit,MoreThanAve,MoreThanAve,ABI,N5GtLIGt_8,,Average,LessUnstable,B,Stifling,Weak,Moderate,B,SIG,,SVR,LowAtStation,,Average,Steep,NoMajor,DryMMoistL,DenvCyclone,PosToNeg,Other,SWQuad,LVorOther,
Down,Neutral,,Neutral,Neutral,Wet,Wet,,VeryWet,,,Clear,Clear,Weak,Weak,,,Strong,Weak,,DecCapIncIns,Decreasing,Negative,Decreasing,SIG,May15_Jun14,G,CThruK,Stifling,MoreThanAve,Average,G,N1GtLIGt_4,Stability,Average,LessUnstable,GJ,PartInhibit,,Moderate,,XNIL,XNIL,,LowSHighN,CloseToDryAd,Average,CloseToDryAd,,Other,Other,NegToPos,,SWQuad,Westerly,SEQuad
StrongUp,Neutral,,WeakUp,WeakUp,Dry,Neutral,VeryWet,VeryWet,PC,Clear,,Cloudy,,,Other,,Weak,Weak,,,,WeakPos,Increasing,XNIL,,K,CThruK,PartInhibit,Average,MoreThanAve,K,N5GtLIGt_8,Neutral,MoreUnstable,MoreUnstable,ACEFK,,Moderate,Slight,K,,XNIL,,,Steep,,Steep,,Other,DenvCyclone,SigPositive,,SWQuad,LVorOther,
Neutral,WeakUp,WeakUp,WeakUp,,VeryWet,Wet,VeryWet,VeryWet,Clear,PC,PC,PC,Strong,Strong,StrongWest,,,Strong,Marked,LittleChange,LittleChange,Negative,,SVR,Aug20_Sep15,G,CThruK,PartInhibit,Average,Average,G,N1GtLIGt_4,Stability,MoreUnstable,,,,Moderate,,G,XNIL,XNIL,,LowNHighS,Steep,Dry,CloseToDryAd,NoMajor,Other,,,,NWQuad,LVorOther,
WeakUp,Neutral,WeakUp,Neutral,,Wet,,Neutral,,Clear,Clear,Clear,Clear,,Strong,Other,Weak,Weak,,,LittleChange,LittleChange,Neutral,Decreasing,SIG,Jul16_Aug10,E,CThruK,PartInhibit,,,CDEJ,N1GtLIGt_4,,LessUnstable,LessUnstable,ACEFK,,Weak,Slight,,XNIL,SVR,SVR,LowMtsHighPl,ModerateOrLe,,ModerateOrLe,NoMajor,MoistMDryL,,LittleChange,,SWQuad,LVorOther,LV
,,Neutral,,Neutral,Neutral,,Neutral,Neutral,Clear,PC,,Clear,,,DCVZFavor,,,,,IncCapDecIns,Increasing,Neutral,LittleChange,XNIL,,,CThruK,PartInhibit,LessThanAve,,CDEJ,N1GtLIGt_4,,,,ACEFK,,Weak,Moderate,E,SIG,,SIG,Other,Steep,VeryMoist,ModerateOrLe,,Other,Other,LittleChange,,,Westerly,
,Neutral,Neutral,,Neutral,Neutral,Wet,Neutral,Neutral,PC,,PC,,,,StrongWest,,,,,LittleChange,LittleChange,Neutral,Increasing,XNIL,,B,AB,PartInhibit,LessThanAve,LessThanAve,ABI,N1GtLIGt_4,Instability,MoreUnstable,,B,,Weak,Slight,B,SIG,SIG,SIG,LowAtStation,Stable,Average,ModerateOrLe,MarkedUpper,Other,,LittleChange,,SWQuad,Westerly,E_NE
Down,,Neutral,Neutral,Neutral,,,,,PC,,PC,PC,,,StrongWest,,Weak,,,LittleChange,LittleChange,Negative,Decreasing,XNIL,,C,,PartInhibit,Average,,CDEJ,N5GtLIGt_8,Stability,MoreUnstable,,ACEFK,PartInhibit,,,C,XNIL,XNIL,,LowEvrywhere,Steep,Dry,CloseToDryAd,NoMajor,Other,E_W_N,SigPositive,Other,NWQuad,,LongAnticyc
WeakUp,Neutral,Down,WeakUp,WeakUp,Neutral,Dry,,Wet,PC,Clear,Clear,Clear,,Strong,StrongWest,Strong,,Strong,,LittleChange,LittleChange,Negative,,SIG,Aug20_Sep15,,CThruK,,Average,Average,CDEJ,N1GtLIGt_4,Neutral,MoreUnstable,Average,,Stifling,,,E,XNIL,XNIL,,LowNHighS,Steep,Average,Steep,NoMajor,Other,,LittleChange,,,,LV
Neutral,WeakUp,Neutral,Neutral,Neutral,,,,Neutral,PC,Cloudy,PC,PC,,Weak,DCVZFavor,,Weak,Weak,,IncCapDecIns,Increasing,StrongPos,Increasing,SIG,Jun15_Jul1,C,CThruK,Stifling,,Average,,N1GtLIGt_4,Stability,LessUnstable,LessUnstable,ACEFK,Stifling,Weak,,,XNIL,XNIL,,,,Average,,StrongFront,,E_W_N,LittleChange,Moving,NWQuad,Westerly,LongAnticyc
Neutral,Neutral,StrongUp,,Neutral,,,Dry,,PC,Clear,Clear,Clear,,,DCVZFavor,,Weak,Weak,,LittleChange,LittleChange,Neutral,,XNIL,Jul16_Aug10,,AB,TotalInhibit,MoreThanAve,MoreThanAve,ABI,N5GtLIGt_8,Stability,LessUnstable,MoreUnstable,,PartInhibit,Unfavorable,,B,XNIL,,,HighEvrywher,,Dry,CloseToDryAd,StrongFront,Other,DryLine,LittleChange,Other,LV,LVorOther,
StrongUp,Neutral,Down,StrongUp,StrongUp,,Wet,Wet,VeryWet,Clear,PC,Clear,Clear,,,,,,Weak,,,,,,XNIL,May15_Jun14,,AB,,Average,LessThanAve,,N5GtLIGt_8,Stability,MoreUnstable,MoreUnstable,,,Strong,,,SVR,SVR,SVR,LowMtsHighPl,Stable,Average,Steep,,,E_W_S,PosToNeg,Other,SWQuad,Westerly,
StrongUp,Neutral,,Neutral,Neutral,,VeryWet,Wet,Wet,PC,PC,PC,,Strong,Strong,DCVZFavor,Strong,,Strong,Marked,,Decreasing,Neutral,Decreasing,SVR,Aug11_Aug20,E,CThruK,,Average,LessThanAve,CDEJ,N1GtLIGt_4,,LessUnstable,LessUnstable,ACEFK,PartInhibit,,Slight,E,XNIL,XNIL,SVR,LowSHighN,Steep,Dry,ModerateOrLe,NoMajor,MoistMDryL,E_W_N,LittleChange,,SWQuad,Westerly,
StrongUp,Neutral,Down,Neutral,Neutral,Wet,Neutral,,,Clear,Clear,,,,,Westerly,,Weak,Weak,,,Increasing,Neutral,Increasing,,Aug20_Sep15,C,,,LessThanAve,,,,,,,ACEFK,Stifling,Weak,,C,,XNIL,XNIL,LowEvrywhere,,Average,Steep,,Other,,SigPositive,,NWQuad,,
Down,Down,Down,Down,,,Neutral,,Dry,,,Cloudy,PC,Strong,Strong,Other,Strong,,Weak,,IncCapDecIns,Increasing,Negative,,XNIL,May15_Jun14,B,AB,PartInhibit,MoreThanAve,MoreThanAve,,,Instability,Average,Average,,PartInhibit,Weak,Moderate,B,XNIL,,XNIL,LowMtsHighPl,,,,,,E_W_S,PosToNeg,Moving,LV,,DenvCyclone
Neutral,Down,Neutral,Neutral,Neutral,Neutral,Neutral,Neutral,Neutral,,PC,Clear,Clear,,,,,,,,DecCapIncIns,,,Increasing,XNIL,May15_Jun14,G,CThruK,PartInhibit,Average,,,N1GtLIGt_4,Neutral,Average,Average,GJ,PartInhibit,Strong,Moderate,G,SIG,SIG,SIG,LowEvrywhere,Steep,Dry,,MarkedUpper,,Other,LittleChange,,,Westerly,LV
WeakUp,Neutral,StrongUp,WeakUp,,Dry,Neutral,VeryWet,,Clear,,Clear,Clear,Strong,Strong,DCVZFavor,Weak,,Strong,Marked,LittleChange,LittleChange,,LittleChange,SVR,Aug20_Sep15,E,,,LessThanAve,,CDEJ,N1GtLIGt_4,Neutral,MoreUnstable,MoreUnstable,ACEFK,,Strong,,E,SIG,SIG,,LowAtStation,CloseToDryAd,Average,ModerateOrLe,NoMajor,DryMMoistL,Other,,,SWQuad,LVorOther,LV
,,StrongUp,StrongUp,,Neutral,Neutral,Dry,,PC,PC,PC,,,,Westerly,,,,,IncCapDecIns,,WeakPos,Increasing,XNIL,,,AB,Stifling,Average,,ABI,LIGt0,Neutral,LessUnstable,Average,,,Moderate,Slight,B,SVR,SVR,,LowMtsHighPl,Steep,VeryMoist,Steep,MarkedUpper,DryMMoistL,DenvCyclone,,Other,AllElse,,DenvCyclone
,StronUp,Down,Down,Down,Dry,VeryWet,Wet,Wet,PC,Clear,PC,Clear,Strong,,Other,,Strong,,,IncCapDecIns,Increasing,,Increasing,SVR,,E,CThruK,TotalInhibit,MoreThanAve,MoreThanAve,CDEJ,N5GtLIGt_8,Instability,LessUnstable,MoreUnstable,ACEFK,PartInhibit,Strong,Slight,E,SIG,,SVR,LowNHighS,CloseToDryAd,Dry,ModerateOrLe,NoMajor,MoistMDryL,,,,LV,Westerly,LV
,,WeakUp,Neutral,Neutral,Neutral,,Dry,Dry,Cloudy,PC,,Cloudy,,Weak,,,Strong,,Marked,LittleChange,LittleChange,WeakPos,Increasing,,Jul16_Aug10,,CThruK,PartInhibit,LessThanAve,LessThanAve,CDEJ,N1GtLIGt_4,Instability,MoreUnstable,MoreUnstable,GJ,PartInhibit,Strong,Strong,J,SVR,,,LowEvrywhere,Steep,VeryMoist,CloseToDryAd,,,Other,LittleChange,,LV,LVorOther,
Down,Neutral,Neutral,Neutral,Neutral,,Neutral,Neutral,Neutral,Clear,Clear,Clear,Clear,Weak,Strong,,Strong,Strong,Strong,Marked,IncCapDecIns,,StrongPos,Increasing,SVR,Jun15_Jul1,C,CThruK,Stifling,MoreThanAve,MoreThanAve,CDEJ,N1GtLIGt_4,Stability,Average,MoreUnstable,,,Moderate,Moderate,C,XNIL,XNIL,SVR,LowEvrywhere,Steep,,,,DryMMoistL,E_W_N,NegToPos,,NWQuad,LVorOther,
Neutral,Neutral,WeakUp,Neutral,Neutral,,Neutral,,Dry,PC,Cloudy,Cloudy,Cloudy,Weak,,StrongWest,Strong,,Strong,Some,IncCapDecIns,Increasing,,,SIG,Jul2_Jul15,,CThruK,PartInhibit,LessThanAve,,CDEJ,,Stability,LessUnstable,Average,ACEFK,PartInhibit,Unfavorable,,E,,,SIG,LowNHighS,CloseToDryAd,Average,,NoMajor,,E_W_N,PosToNeg,,SWQuad,Westerly,LongAnticyc
Neutral,Neutral,,Down,Down,,,Dry,Dry,Clear,Cloudy,Clear,,,,StrongWest,,Strong,Weak,,IncCapDecIns,Increasing,Negative,LittleChange,XNIL,Jul16_Aug10,C,CThruK,,,Average,CDEJ,N5GtLIGt_8,,LessUnstable,LessUnstable,ACEFK,PartInhibit,Weak,,C,XNIL,,,LowEvrywhere,CloseToDryAd,,Steep,,,E_W_S,NegToPos,Moving,NWQuad,LVorOther,LongAnticyc
Neutral,,Down,,Neutral,Dry,,Dry,Neutral,PC,PC,Cloudy,Cloudy,Strong,Strong,StrongWest,,,Weak,Marked,LittleChange,LittleChange,StrongPos,Increasing,SVR,Jul2_Jul15,,,PartInhibit,LessThanAve,LessThanAve,G,N1GtLIGt_4,Neutral,,Average,GJ,TotalInhibit,Strong,Slight,G,XNIL,,,LowSHighN,CloseToDryAd,Dry,CloseToDryAd,MarkedUpper,,,LittleChange,,SWQuad,Westerly,SEQuad
WeakUp,Neutral,Neutral,Neutral,,Neutral,Wet,Wet,Wet,PC,Clear,PC,PC,Weak,,Other,,,Weak,,IncCapDecIns,Increasing,Negative,LittleChange,,Jun15_Jul1,G,,,,LessThanAve,G,N5GtLIGt_8,,,MoreUnstable,GJ,PartInhibit,Weak,Slight,G,SIG,SIG,SIG,LowEvrywhere,,Dry,CloseToDryAd,MarkedUpper,MoistMDryL,,LittleChange,,SWQuad,Westerly,LV
Neutral,,,WeakUp,,,Dry,VeryWet,,Clear,Clear,Clear,PC,Weak,,Westerly,Weak,,Weak,,IncCapDecIns,Increasing,Negative,Increasing,SVR,,K,CThruK,PartInhibit,MoreThanAve,,,N1GtLIGt_4,,LessUnstable,Average,ACEFK,PartInhibit,Moderate,Moderate,K,XNIL,XNIL,SVR,,ModerateOrLe,Average,ModerateOrLe,,DryMMoistL,E_W_N,NegToPos,QStationary,,,
Neutral,Down,Down,Down,Down,VeryWet,Neutral,VeryWet,Wet,Clear,PC,Clear,Clear,Strong,Strong,Westerly,Weak,,Weak,Some,LittleChange,,WeakPos,Increasing,,Jul2_Jul15,D,CThruK,Stifling,Average,Average,CDEJ,N5GtLIGt_8,,LessUnstable,LessUnstable,D,,Moderate,Strong,,XNIL,XNIL,SIG,LowNHighS,Steep,,,,DryMMoistL,,PosToNeg,,NWQuad,LVorOther,
Down,,Neutral,Down,Down,Dry,Dry,Neutral,Neutral,Clear,Clear,Clear,Clear,Strong,Strong,,Strong,,,Marked,,LittleChange,Neutral,LittleChange,,Aug20_Sep15,G,,PartInhibit,MoreThanAve,MoreThanAve,,,,Average,,GJ,PartInhibit,Moderate,Moderate,G,SIG,,SVR,LowAtStation,Steep,,CloseToDryAd,MarkedUpper,Other,Other,,,,Westerly,WidespdDnsl
Down,Down,Neutral,Neutral,,Dry,Dry,VeryWet,Wet,Clear,,PC,PC,,,,,,Weak,,,,Negative,Decreasing,,Jun15_Jul1,B,AB,,LessThanAve,LessThanAve,ABI,N1GtLIGt_4,Stability,,LessUnstable,B,PartInhibit,,,B,XNIL,XNIL,,,Steep,,Steep,NoMajor,Other,,LittleChange,,AllElse,LVorOther,SEQuad
Down,Down,,Down,,,Dry,,Neutral,PC,PC,Cloudy,Cloudy,Weak,Strong,,Weak,Weak,Weak,Marked,LittleChange,LittleChange,,Decreasing,,Jul16_Aug10,G,CThruK,,LessThanAve,LessThanAve,G,N1GtLIGt_4,Stability,Average,LessUnstable,GJ,,Moderate,Moderate,G,,XNIL,XNIL,,Steep,Dry,CloseToDryAd,NoMajor,MoistMDryL,Other,PosToNeg,,AllElse,Westerly,LongAnticyc
WeakUp,WeakUp,StrongUp,StrongUp,,Dry,Dry,Dry,Neutral,Clear,,,Clear,Weak,Strong,StrongWest,Strong,Weak,,Marked,LittleChange,LittleChange,Neutral,Decreasing,XNIL,Jul16_Aug10,,CThruK,PartInhibit,LessThanAve,LessThanAve,CDEJ,N1GtLIGt_4,Instability,Average,,GJ,,,Strong,J,XNIL,XNIL,XNIL,,Stable,Average,ModerateOrLe,,DryMMoistL,E_W_S,,,LV,LVorOther,LV
Down,Down,Neutral,Down,Down,Wet,VeryWet,Wet,Wet,,Clear,PC,,Strong,Strong,Other,,,Weak,,LittleChange,LittleChange,,LittleChange,SIG,Jun15_Jul1,D,,PartInhibit,Average,Average,CDEJ,,Stability,LessUnstable,LessUnstable,D,,,Slight,D,XNIL,XNIL,SIG,LowAtStation,CloseToDryAd,,CloseToDryAd,MarkedUpper,Other,,LittleChange,,NWQuad,LVorOther,
StrongUp,Neutral,Neutral,WeakUp,WeakUp,VeryWet,Wet,,VeryWet,Cloudy,,Cloudy,Cloudy,Weak,Weak,Other,,Weak,Weak,Some,IncCapDecIns,Increasing,,Increasing,XNIL,,,CThruK,PartInhibit,Average,MoreThanAve,CDEJ,N1GtLIGt_4,Neutral,MoreUnstable,MoreUnstable,ACEFK,,,,E,,SVR,SVR,HighEvrywher,,Dry,ModerateOrLe,NoMajor,MoistMDryL,,LittleChange,,,Westerly,WidespdDnsl
Neutral,Down,Neutral,Neutral,Neutral,Neutral,Neutral,Dry,Dry,Clear,Cloudy,PC,PC,,,,,,,,LittleChange,LittleChange,Negative,LittleChange,XNIL,May15_Jun14,H,,,LessThanAve,LessThanAve,H,N1GtLIGt_4,,LessUnstable,LessUnstable,HI,,Weak,,H,XNIL,,XNIL,,,VeryMoist,CloseToDryAd,MarkedUpper,DryMMoistL,,SigNegative,Moving,NWQuad,,
WeakUp,,Neutral,WeakUp,WeakUp,Wet,Dry,,Neutral,Clear,PC,PC,PC,Weak,Weak,Other,,,,,LittleChange,LittleChange,,,SIG,Aug20_Sep15,I,CThruK,TotalInhibit,,,ABI,N1GtLIGt_4,Stability,LessUnstable,MoreUnstable,HI,,Weak,,I,SVR,SVR,SVR,LowSHighN,CloseToDryAd,Average,Steep,NoMajor,MoistMDryL,,,,SWQuad,,DenvCyclone
Neutral,Neutral,Down,,Down,,VeryWet,Dry,Dry,,Clear,,Clear,Strong,,Westerly,Weak,,Weak,Some,IncCapDecIns,Increasing,Negative,Increasing,SIG,Jul16_Aug10,E,CThruK,PartInhibit,Average,Average,,LILt_8,Stability,,MoreUnstable,ACEFK,Stifling,Moderate,,E,SVR,SVR,SVR,LowSHighN,Steep,,,,,DryLine,NegToPos,,SWQuad,Westerly,
Neutral,Down,Neutral,Down,,,Neutral,Neutral,Neutral,Clear,,Clear,Clear,,,StrongWest,Strong,,Weak,Marked,IncCapDecIns,Increasing,Negative,LittleChange,XNIL,,D,CThruK,PartInhibit,,Average,CDEJ,N1GtLIGt_4,Instability,MoreUnstable,MoreUnstable,D,PartInhibit,Weak,,D,XNIL,XNIL,XNIL,LowAtStation,ModerateOrLe,,ModerateOrLe,StrongFront,DryMMoistL,DryLine,SigNegative,,AllElse,,
,Neutral,StrongUp,Neutral,Neutral,Neutral,Dry,Dry,Dry,PC,Clear,Clear,Clear,Weak,,,Strong,,Strong,Some,DecCapIncIns,Decreasing,,Decreasing,SIG,Aug11_Aug20,J,CThruK,PartInhibit,LessThanAve,LessThanAve,CDEJ,,,Average,,GJ,,Strong,,J,XNIL,XNIL,SIG,,Steep,VeryMoist,CloseToDryAd,NoMajor,MoistMDryL,DryLine,LittleChange,,LV,LVorOther,
StrongUp,,Neutral,,WeakUp,,Neutral,,Wet,,Clear,,,Strong,Strong,Other,Weak,Strong,,Some,LittleChange,LittleChange,Negative,Decreasing,,May15_Jun14,B,,,,LessThanAve,ABI,N5GtLIGt_8,Stability,MoreUnstable,LessUnstable,B,,Moderate,Moderate,B,,SVR,SVR,LowMtsHighPl,Stable,VeryMoist,Steep,NoMajor,Other,DenvCyclone,SigPositive,,LV,LVorOther,
WeakUp,Neutral,Neutral,Neutral,Neutral,Neutral,Dry,Neutral,VeryWet,,,Clear,Clear,Weak,Strong,DCVZFavor,,Weak,Weak,Some,LittleChange,,Negative,Decreasing,SIG,,K,,PartInhibit,Average,Average,K,N1GtLIGt_4,Stability,Average,,ACEFK,TotalInhibit,Strong,,,XNIL,XNIL,SIG,,Stable,Average,CloseToDryAd,StrongFront,Other,Other,SigPositive,Other,,LVorOther,WidespdDnsl
Down,Neutral,StrongUp,StrongUp,StrongUp,Wet,VeryWet,Wet,Wet,PC,PC,PC,,,,StrongWest,,,,,LittleChange,LittleChange,Neutral,Decreasing,XNIL,Jul2_Jul15,G,CThruK,PartInhibit,LessThanAve,LessThanAve,G,N5GtLIGt_8,Instability,Average,LessUnstable,GJ,TotalInhibit,,,G,XNIL,XNIL,XNIL,LowEvrywhere,CloseToDryAd,,CloseToDryAd,,MoistMDryL,DryLine,SigNegative,,NWQuad,,LV
StrongUp,,Down,Neutral,Neutral,Neutral,Neutral,Neutral,Wet,,PC,,,,,StrongWest,,Strong,Strong,,DecCapIncIns,Decreasing,WeakPos,LittleChange,,May15_Jun14,C,CThruK,PartInhibit,Average,LessThanAve,CDEJ,,Stability,LessUnstable,LessUnstable,ACEFK,PartInhibit,Weak,,C,XNIL,XNIL,XNIL,,Steep,Average,,NoMajor,DryMMoistL,,,QStationary,NWQuad,,LongAnticyc
Neutral,StronUp,,,StrongUp,Dry,Neutral,VeryWet,VeryWet,PC,,PC,Cloudy,Weak,Strong,,Strong,Weak,,Marked,IncCapDecIns,Increasing,Neutral,Increasing,XNIL,Jul16_Aug10,J,CThruK,,LessThanAve,MoreThanAve,CDEJ,N1GtLIGt_4,Stability,LessUnstable,,,PartInhibit,Moderate,Moderate,J,XNIL,XNIL,,LowAtStation,ModerateOrLe,Dry,Steep,NoMajor,MoistMDryL,DryLine,,,,LVorOther,LV
Down,WeakUp,WeakUp,WeakUp,WeakUp,Neutral,,,Neutral,Clear,,Clear,Clear,Strong,Strong,Westerly,Strong,,,Some,LittleChange,LittleChange,,Increasing,SIG,May15_Jun14,K,CThruK,PartInhibit,Average,,K,N5GtLIGt_8,Stability,,MoreUnstable,ACEFK,PartInhibit,,,K,XNIL,,SIG,Other,ModerateOrLe,Average,Steep,StrongFront,MoistMDryL,E_W_N,LittleChange,,NWQuad,LVorOther,
Neutral,StronUp,WeakUp,Neutral,Neutral,,Dry,,Neutral,Clear,PC,Clear,Clear,Weak,Strong,StrongWest,Weak,,Weak,Marked,IncCapDecIns,,Negative,LittleChange,,May15_Jun14,G,,Stifling,MoreThanAve,,G,N1GtLIGt_4,Instability,MoreUnstable,MoreUnstable,GJ,,Moderate,Moderate,G,XNIL,XNIL,,,CloseToDryAd,,Steep,NoMajor,MoistMDryL,,PosToNeg,Other,SWQuad,,LongAnticyc
StrongUp,Neutral,StrongUp,StrongUp,StrongUp,VeryWet,Neutral,Wet,Wet,Cloudy,,PC,Cloudy,Weak,Weak,Westerly,Strong,Weak,Weak,,IncCapDecIns,Increasing,WeakPos,Increasing,,Jul2_Jul15,K,CThruK,,Average,MoreThanAve,K,N1GtLIGt_4,,,Average,ACEFK,,Weak,Moderate,,XNIL,XNIL,,LowMtsHighPl,,VeryMoist,Steep,StrongFront,MoistMDryL,DenvCyclone,SigNegative,,,Westerly,DenvCyclone
WeakUp,Neutral,WeakUp,WeakUp,WeakUp,,Neutral,,Neutral,Cloudy,Clear,Cloudy,,,,StrongWest,,Strong,,,,Increasing,Neutral,Decreasing,XNIL,Aug20_Sep15,D,,PartInhibit,LessThanAve,,,N1GtLIGt_4,Neutral,Average,LessUnstable,D,,,,D,XNIL,,XNIL,LowAtStation,CloseToDryAd,,,OtherRapid,,,SigPositive,,,LVorOther,LongAnticyc
,Neutral,,WeakUp,WeakUp,Neutral,Neutral,Wet,,Clear,Clear,Clear,PC,,,Westerly,,,Weak,Some,IncCapDecIns,Increasing,WeakPos,Increasing,XNIL,May15_Jun14,B,AB,,LessThanAve,LessThanAve,ABI,N1GtLIGt_4,Stability,,,B,PartInhibit,Moderate,Slight,B,,XNIL,XNIL,HighEvrywher,Steep,,Steep,NoMajor,DryMMoistL,DenvCyclone,NegToPos,Other,AllElse,Westerly,DenvCyclone
,,Down,Down,Down,,Neutral,,Dry,Clear,Clear,Clear,,Strong,Strong,StrongWest,Strong,,Strong,Marked,IncCapDecIns,Increasing,WeakPos,Increasing,SIG,Jul16_Aug10,B,AB,PartInhibit,LessThanAve,Average,ABI,N5GtLIGt_8,Stability,LessUnstable,LessUnstable,B,,Moderate,Strong,B,SVR,SVR,SVR,LowEvrywhere,,,ModerateOrLe,NoMajor,Other,Other,,QStationary,SWQuad,LVorOther,DenvCyclone
WeakUp,Neutral,Neutral,,WeakUp,VeryWet,Neutral,Wet,Wet,PC,Clear,Clear,PC,Strong,Strong,DCVZFavor,,Weak,,Marked,LittleChange,LittleChange,,,SVR,Aug20_Sep15,D,CThruK,Stifling,,Average,CDEJ,,Stability,,Average,D,PartInhibit,Weak,,D,,XNIL,SVR,LowMtsHighPl,,Dry,CloseToDryAd,StrongFront,DryMMoistL,,,Other,NWQuad,Westerly,
StrongUp,Neutral,WeakUp,WeakUp,WeakUp,Neutral,Wet,Neutral,Wet,PC,PC,PC,Cloudy,,,,,Weak,Weak,,IncCapDecIns,Increasing,Negative,Increasing,XNIL,Aug11_Aug20,E,CThruK,,Average,Average,,N1GtLIGt_4,Neutral,Average,Average,ACEFK,,Moderate,Strong,E,XNIL,XNIL,XNIL,,Steep,Average,ModerateOrLe,NoMajor,MoistMDryL,,LittleChange,Other,SWQuad,Westerly,LongAnticyc
WeakUp,WeakUp,,WeakUp,WeakUp,Neutral,Wet,Neutral,Wet,Clear,Clear,,Clear,,Weak,DCVZFavor,,,,Some,DecCapIncIns,Decreasing,Negative,Decreasing,XNIL,Jun15_Jul1,,CThruK,,LessThanAve,LessThanAve,CDEJ,,Instability,,LessUnstable,ACEFK,PartInhibit,Strong,,,XNIL,XNIL,XNIL,LowMtsHighPl,ModerateOrLe,Dry,Steep,OtherRapid,MoistMDryL,,LittleChange,,SWQuad,Westerly,
WeakUp,WeakUp,,,WeakUp,,Neutral,,Neutral,,Clear,PC,PC,Strong,Strong,DCVZFavor,Weak,,Strong,,LittleChange,LittleChange,Neutral,LittleChange,SVR,,K,,,Average,Average,K,,Stability,MoreUnstable,MoreUnstable,ACEFK,PartInhibit,Unfavorable,Moderate,K,,SVR,,LowMtsHighPl,ModerateOrLe,,ModerateOrLe,StrongFront,Other,DryLine,SigNegative,,NWQuad,,LV
Neutral,Neutral,,Neutral,Neutral,Wet,Wet,Wet,VeryWet,Clear,,PC,Cloudy,Weak,,DCVZFavor,Strong,,Weak,Some,IncCapDecIns,,WeakPos,Increasing,XNIL,Jul16_Aug10,H,CThruK,,LessThanAve,LessThanAve,H,N5GtLIGt_8,,Average,MoreUnstable,HI,Stifling,Weak,Slight,,XNIL,XNIL,XNIL,Other,ModerateOrLe,Average,,MarkedUpper,,MovingFtorOt,SigPositive,,SWQuad,LVorOther,LongAnticyc
WeakUp,WeakUp,Neutral,WeakUp,WeakUp,Dry,Neutral,VeryWet,,,,Cloudy,Cloudy,Strong,Strong,StrongWest,Strong,,,Marked,IncCapDecIns,,Neutral,Decreasing,SVR,,,CThruK,Stifling,Average,MoreThanAve,ABI,N1GtLIGt_4,,Average,LessUnstable,HI,PartInhibit,,,I,,XNIL,SVR,,Steep,,,NoMajor,,Other,,Moving,AllElse,,DenvCyclone
Neutral,,Neutral,Neutral,,VeryWet,Wet,,VeryWet,PC,Clear,PC,PC,,,Westerly,,Weak,,,IncCapDecIns,Increasing,Negative,Decreasing,XNIL,May15_Jun14,K,,,,MoreThanAve,K,N1GtLIGt_4,,,MoreUnstable,,Stifling,Strong,Slight,K,SIG,XNIL,XNIL,LowEvrywhere,ModerateOrLe,Average,Steep,StrongFront,DryMMoistL,MovingFtorOt,SigPositive,Moving,AllElse,LVorOther,
StrongUp,Neutral,StrongUp,StrongUp,StrongUp,VeryWet,Neutral,Wet,Wet,PC,Clear,PC,Clear,,,Westerly,,Strong,Weak,,DecCapIncIns,,Negative,LittleChange,XNIL,Jul16_Aug10,B,AB,,Average,LessThanAve,ABI,N1GtLIGt_4,Instability,,Average,B,PartInhibit,Moderate,Slight,B,SIG,SIG,SIG,,ModerateOrLe,VeryMoist,Steep,NoMajor,DryMMoistL,DenvCyclone,LittleChange,,AllElse,LVorOther,
,Down,,Down,,Neutral,Neutral,,Dry,,PC,Clear,,Strong,,Westerly,,Strong,Strong,,IncCapDecIns,,Negative,LittleChange,,Aug20_Sep15,J,,PartInhibit,Average,Average,CDEJ,N1GtLIGt_4,Neutral,MoreUnstable,MoreUnstable,,,Weak,,J,,SVR,SVR,LowSHighN,,Average,,StrongFront,MoistMDryL,DryLine,LittleChange,Other,,LVorOther,
Down,StronUp,Neutral,WeakUp,WeakUp,Neutral,,Neutral,Wet,,PC,Clear,,Weak,,,Strong,,Strong,Marked,IncCapDecIns,Increasing,Neutral,LittleChange,XNIL,Jul16_Aug10,,CThruK,PartInhibit,Average,Average,,,,,MoreUnstable,ACEFK,,Unfavorable,,,SVR,SIG,SIG,,CloseToDryAd,Average,,OtherRapid,MoistMDryL,,LittleChange,,SWQuad,Westerly,LV
WeakUp,Neutral,,Neutral,Neutral,Wet,,Wet,,Clear,Cloudy,,Clear,,Strong,DCVZFavor,Strong,,Strong,Some,DecCapIncIns,Decreasing,,LittleChange,SIG,May15_Jun14,D,CThruK,PartInhibit,MoreThanAve,Average,CDEJ,N5GtLIGt_8,Neutral,Average,,D,,Strong,,D,SVR,SVR,SVR,LowSHighN,Steep,,CloseToDryAd,StrongFront,Other,,NegToPos,Other,AllElse,Westerly,LongAnticyc
Neutral,Down,WeakUp,,,Dry,Wet,,Neutral,,,Clear,Clear,Weak,Strong,DCVZFavor,Strong,,Strong,Marked,IncCapDecIns,,,LittleChange,SIG,Aug20_Sep15,A,AB,,LessThanAve,Average,,N1GtLIGt_4,Instability,,,ACEFK,PartInhibit,Moderate,Strong,,SVR,,SVR,LowSHighN,Steep,Average,CloseToDryAd,OtherRapid,DryMMoistL,,,,SWQuad,Westerly,DenvCyclone
Neutral,,Neutral,,Neutral,Dry,Neutral,Wet,,,PC,Clear,Clear,Strong,Strong,Westerly,Strong,,Strong,,,Increasing,,Decreasing,SVR,,D,CThruK,,MoreThanAve,MoreThanAve,CDEJ,N1GtLIGt_4,Stability,LessUnstable,,D,,Strong,Moderate,D,XNIL,,SVR,LowSHighN,Steep,Dry,Steep,,DryMMoistL,DenvCyclone,,,NWQuad,,
,,WeakUp,Neutral,Neutral,Wet,Neutral,Wet,Wet,Clear,Cloudy,PC,PC,,Strong,Westerly,Weak,Weak,,Marked,LittleChange,LittleChange,Neutral,,SVR,Jul16_Aug10,J,CThruK,Stifling,,MoreThanAve,CDEJ,LILt_8,Instability,MoreUnstable,,GJ,PartInhibit,Unfavorable,,J,XNIL,,SVR,LowNHighS,,Dry,Steep,,DryMMoistL,,,,LV,LVorOther,LV
Down,,,Neutral,Neutral,Neutral,Dry,Dry,Dry,Cloudy,Clear,Cloudy,PC,Weak,Weak,Westerly,Weak,Weak,Weak,,IncCapDecIns,Increasing,,LittleChange,,,,AB,,LessThanAve,LessThanAve,ABI,N1GtLIGt_4,,MoreUnstable,MoreUnstable,B,,Moderate,Slight,B,SVR,,SVR,LowSHighN,,Average,ModerateOrLe,NoMajor,,DenvCyclone,LittleChange,QStationary,SWQuad,Westerly,DenvCyclone
WeakUp,Down,StrongUp,WeakUp,WeakUp,Neutral,VeryWet,Neutral,,PC,Cloudy,Cloudy,Cloudy,Strong,,Westerly,Strong,Weak,Strong,Some,IncCapDecIns,Increasing,,Increasing,SVR,,,,,,Average,K,LIGt0,Stability,Average,,,PartInhibit,,,K,XNIL,XNIL,,LowEvrywhere,ModerateOrLe,Average,Steep,NoMajor,Other,E_W_N,SigPositive,Other,NWQuad,Westerly,LongAnticyc
StrongUp,Neutral,WeakUp,StrongUp,,Neutral,Neutral,Neutral,,,,,Clear,,,StrongWest,,Weak,,,DecCapIncIns,Decreasing,StrongPos,Increasing,XNIL,Aug20_Sep15,I,CThruK,PartInhibit,Average,Average,ABI,LIGt0,Stability,,Average,HI,,Weak,,I,SIG,SIG,SIG,LowMtsHighPl,ModerateOrLe,,Steep,OtherRapid,DryMMoistL,MovingFtorOt,PosToNeg,QStationary,AllElse,,E_NE
,Neutral,,Neutral,Neutral,Neutral,Wet,Wet,VeryWet,Clear,,Clear,Clear,Strong,Strong,,Strong,,Strong,Marked,LittleChange,LittleChange,Negative,,SIG,May15_Jun14,C,,Stifling,Average,Average,CDEJ,LIGt0,Instability,MoreUnstable,LessUnstable,ACEFK,,Weak,Slight,C,XNIL,XNIL,,LowNHighS,CloseToDryAd,Dry,CloseToDryAd,OtherRapid,MoistMDryL,E_W_S,,,AllElse,,LongAnticyc
Neutral,Down,Neutral,Down,Down,Dry,Dry,,Dry,PC,Clear,,,,Strong,StrongWest,Strong,Weak,Strong,,LittleChange,LittleChange,Negative,,SVR,Aug20_Sep15,I,CThruK,PartInhibit,LessThanAve,,ABI,N5GtLIGt_8,Instability,MoreUnstable,MoreUnstable,HI,,,,,XNIL,XNIL,,,Steep,Dry,ModerateOrLe,,DryMMoistL,E_W_S,PosToNeg,QStationary,,LVorOther,
Down,Neutral,Neutral,Down,Down,Neutral,Neutral,,Wet,PC,Cloudy,Cloudy,Cloudy,,Strong,Other,Weak,Weak,Weak,,IncCapDecIns,,Negative,LittleChange,SIG,May15_Jun14,,CThruK,,Average,MoreThanAve,CDEJ,N1GtLIGt_4,Instability,Average,Average,ACEFK,,,Moderate,C,XNIL,XNIL,SIG,LowNHighS,Stable,Dry,Steep,MarkedUpper,DryMMoistL,E_W_N,,QStationary,NWQuad,Westerly,
,StronUp,,WeakUp,,VeryWet,Neutral,Neutral,Neutral,,PC,PC,PC,,Strong,Westerly,,,,Marked,DecCapIncIns,Decreasing,Neutral,LittleChange,SIG,,I,CThruK,,,LessThanAve,ABI,N1GtLIGt_4,Neutral,,LessUnstable,,,Weak,Slight,I,SIG,SIG,,,Stable,Average,Steep,OtherRapid,DryMMoistL,,LittleChange,QStationary,AllElse,LVorOther,DenvCyclone
,StronUp,Neutral,WeakUp,WeakUp,Wet,,VeryWet,VeryWet,,,PC,PC,Strong,Strong,Other,,,,,DecCapIncIns,,Negative,LittleChange,,Aug11_Aug20,,CThruK,,Average,LessThanAve,CDEJ,N5GtLIGt_8,Stability,LessUnstable,LessUnstable,,,Weak,,,SVR,SVR,SVR,LowMtsHighPl,ModerateOrLe,Average,ModerateOrLe,StrongFront,DryMMoistL,DryLine,LittleChange,,LV,LVorOther,LV
WeakUp,Neutral,,WeakUp,WeakUp,Neutral,Dry,Wet,Neutral,Clear,,,Clear,Weak,,DCVZFavor,,,Weak,Marked,IncCapDecIns,Increasing,Neutral,Increasing,,Aug11_Aug20,K,CThruK,Stifling,Average,,K,N1GtLIGt_4,Instability,,MoreUnstable,ACEFK,,Moderate,Strong,K,XNIL,XNIL,SIG,LowAtStation,Steep,Dry,,MarkedUpper,DryMMoistL,Other,SigPositive,,,Westerly,
,,StrongUp,Neutral,,Neutral,Neutral,Dry,Dry,PC,PC,PC,PC,Strong,Strong,Other,,,Weak,Marked,IncCapDecIns,Increasing,,Increasing,,May15_Jun14,K,CThruK,PartInhibit,Average,Average,K,N1GtLIGt_4,,Average,Average,,PartInhibit,Moderate,,K,,,SIG,,Steep,Dry,CloseToDryAd,StrongFront,DryMMoistL,MovingFtorOt,LittleChange,Moving,AllElse,,WidespdDnsl
,,,,,Neutral,Wet,Neutral,Wet,Clear,PC,,,Strong,Strong,,Weak,,,Marked,DecCapIncIns,Decreasing,Negative,,SIG,Jul2_Jul15,B,AB,,,,ABI,,Neutral,Average,,B,PartInhibit,,,B,XNIL,XNIL,SIG,HighEvrywher,ModerateOrLe,,,,MoistMDryL,,LittleChange,Other,,Westerly,DenvCyclone
StrongUp,Down,StrongUp,,WeakUp,Neutral,Neutral,Neutral,Wet,,PC,PC,Cloudy,,,StrongWest,,Weak,Weak,,IncCapDecIns,Increasing,Negative,Decreasing,XNIL,,C,,PartInhibit,Average,,,LIGt0,Stability,Average,LessUnstable,,,Moderate,Moderate,C,XNIL,,SIG,LowAtStation,Steep,Dry,CloseToDryAd,NoMajor,Other,E_W_N,SigPositive,QStationary,NWQuad,Westerly,LongAnticyc
Down,,Down,Neutral,Neutral,Dry,,VeryWet,,PC,PC,PC,PC,Strong,Strong,StrongWest,Strong,,Strong,,IncCapDecIns,,Negative,Decreasing,SVR,May15_Jun14,,,,Average,Average,G,N1GtLIGt_4,Neutral,,,GJ,,Moderate,,G,XNIL,XNIL,SVR,LowEvrywhere,CloseToDryAd,Dry,,,Other,,LittleChange,,LV,LVorOther,WidespdDnsl
Down,,,Down,,,,Neutral,Dry,Clear,Cloudy,PC,,Strong,Strong,StrongWest,Strong,,Weak,Some,IncCapDecIns,Increasing,,,SVR,,J,CThruK,PartInhibit,MoreThanAve,MoreThanAve,,N1GtLIGt_4,,,MoreUnstable,,TotalInhibit,Weak,,J,XNIL,SIG,,LowAtStation,ModerateOrLe,Average,ModerateOrLe,NoMajor,,DryLine,LittleChange,Other,LV,LVorOther,LV
StrongUp,WeakUp,Neutral,StrongUp,StrongUp,Dry,Neutral,,VeryWet,PC,PC,PC,Cloudy,,,Other,,Weak,,,,Decreasing,StrongPos,Increasing,XNIL,Jul2_Jul15,A,,PartInhibit,LessThanAve,LessThanAve,,N5GtLIGt_8,Stability,Average,MoreUnstable,ACEFK,,,,A,SVR,SVR,SVR,LowMtsHighPl,Stable,Average,Steep,MarkedUpper,DryMMoistL,DenvCyclone,LittleChange,Other,,Westerly,DenvCyclone
,Neutral,Down,WeakUp,WeakUp,Wet,Neutral,,Dry,Clear,Cloudy,,Clear,,Strong,StrongWest,Strong,,Weak,Marked,LittleChange,,WeakPos,LittleChange,SIG,Aug20_Sep15,G,CThruK,Stifling,,Average,G,N5GtLIGt_8,,LessUnstable,LessUnstable,,PartInhibit,Moderate,,G,XNIL,,,LowEvrywhere,Steep,Dry,CloseToDryAd,MarkedUpper,,DryLine,,,NWQuad,Westerly,SEQuad
,Neutral,,Down,,Neutral,Neutral,Dry,Dry,Cloudy,Clear,,,,Strong,DCVZFavor,Weak,,Weak,,IncCapDecIns,,WeakPos,,SVR,May15_Jun14,A,,PartInhibit,LessThanAve,Average,,N1GtLIGt_4,Stability,LessUnstable,,ACEFK,,Moderate,Slight,A,,SVR,SVR,HighEvrywher,ModerateOrLe,VeryMoist,Steep,,Other,E_W_S,PosToNeg,,SWQuad,Westerly,
Down,Down,Down,,Down,Neutral,Dry,Wet,Neutral,Clear,PC,Cloudy,Cloudy,Weak,Strong,DCVZFavor,Weak,Strong,Strong,Marked,IncCapDecIns,,,,,Aug11_Aug20,I,CThruK,PartInhibit,LessThanAve,,ABI,N1GtLIGt_4,Stability,LessUnstable,,,Stifling,Moderate,,I,,SIG,SIG,LowMtsHighPl,Steep,,CloseToDryAd,NoMajor,DryMMoistL,MovingFtorOt,SigPositive,Moving,LV,Westerly,E_NE
Neutral,,Neutral,Neutral,Neutral,Neutral,Wet,Wet,,Clear,PC,PC,PC,,Strong,Westerly,Weak,Weak,Strong,Marked,,Increasing,WeakPos,,XNIL,,,,,LessThanAve,,G,,Stability,Average,MoreUnstable,GJ,TotalInhibit,Moderate,,G,XNIL,XNIL,XNIL,LowAtStation,CloseToDryAd,Dry,CloseToDryAd,MarkedUpper,Other,,NegToPos,Other,SWQuad,Westerly,LV
StrongUp,WeakUp,StrongUp,StrongUp,,Wet,Neutral,Neutral,Wet,PC,PC,,Cloudy,Weak,Strong,Westerly,Strong,,Weak,Marked,DecCapIncIns,,Neutral,Decreasing,,May15_Jun14,,CThruK,PartInhibit,,LessThanAve,CDEJ,LIGt0,Stability,LessUnstable,,D,PartInhibit,Strong,,D,,XNIL,SVR,LowMtsHighPl,,Average,CloseToDryAd,StrongFront,DryMMoistL,,NegToPos,,NWQuad,Westerly,SEQuad
,StronUp,Neutral,,,Neutral,,Dry,,PC,PC,Clear,PC,Strong,,Westerly,Strong,,Strong,Marked,DecCapIncIns,,Neutral,LittleChange,SIG,,K,CThruK,PartInhibit,Average,LessThanAve,K,N1GtLIGt_4,,,MoreUnstable,ACEFK,,Moderate,Slight,K,XNIL,XNIL,,Other,Steep,Dry,Steep,,DryMMoistL,Other,,,,LVorOther,LongAnticyc
StrongUp,WeakUp,Down,WeakUp,WeakUp,VeryWet,Neutral,,,Clear,Clear,Clear,PC,Weak,Strong,StrongWest,,,Strong,Marked,IncCapDecIns,Increasing,Neutral,LittleChange,SVR,May15_Jun14,,,PartInhibit,LessThanAve,Average,ABI,,Stability,LessUnstable,,B,,,Moderate,,SVR,SVR,,LowEvrywhere,Steep,Average,Steep,NoMajor,Other,,,,LV,Westerly,DenvCyclone
,Neutral,Down,Down,Down,Neutral,VeryWet,Dry,Dry,,PC,Clear,Clear,Strong,Strong,Westerly,,Weak,Weak,,,LittleChange,Negative,Decreasing,SVR,May15_Jun14,D,CThruK,PartInhibit,LessThanAve,LessThanAve,,N1GtLIGt_4,Stability,LessUnstable,,D,,,Moderate,D,SVR,SVR,SVR,LowSHighN,Steep,Dry,Steep,,,DenvCyclone,PosToNeg,,AllElse,Westerly,LV
Neutral,,,,,Neutral,,Wet,Neutral,PC,Clear,,Clear,,Weak,StrongWest,,,Weak,,,Increasing,Neutral,LittleChange,,Jul16_Aug10,B,AB,TotalInhibit,,Average,ABI,,Stability,,MoreUnstable,B,PartInhibit,,,B,XNIL,XNIL,SIG,LowNHighS,,Average,Steep,OtherRapid,DryMMoistL,DenvCyclone,LittleChange,Other,SWQuad,LVorOther,
StrongUp,Neutral,StrongUp,,,VeryWet,Wet,VeryWet,VeryWet,,,,,Strong,Strong,,Strong,Weak,Strong,,LittleChange,,Negative,Decreasing,SVR,May15_Jun14,,AB,,LessThanAve,LessThanAve,ABI,,Stability,LessUnstable,,B,Stifling,Moderate,Slight,B,XNIL,XNIL,,,Steep,Dry,CloseToDryAd,OtherRapid,DryMMoistL,E_W_S,SigNegative,Other,,LVorOther,DenvCyclone
WeakUp,Down,Neutral,Neutral,,Neutral,Neutral,Dry,Neutral,,PC,Clear,Clear,Weak,Weak,Other,,,,,IncCapDecIns,,Negative,Decreasing,SIG,,,AB,,,MoreThanAve,ABI,N1GtLIGt_4,Stability,,LessUnstable,ACEFK,PartInhibit,,,A,XNIL,XNIL,,,ModerateOrLe,Average,Steep,OtherRapid,DryMMoistL,,PosToNeg,Other,,,SEQuad
StrongUp,Neutral,,,,Dry,VeryWet,Neutral,Wet,Cloudy,PC,Cloudy,Cloudy,Strong,Strong,,,,,Marked,LittleChange,LittleChange,Negative,Decreasing,SIG,Jul16_Aug10,,CThruK,Stifling,,MoreThanAve,CDEJ,LIGt0,Stability,LessUnstable,LessUnstable,GJ,,,,J,,XNIL,SIG,HighEvrywher,ModerateOrLe,,Steep,NoMajor,MoistMDryL,DryLine,,,LV,LVorOther,LV
Down,WeakUp,WeakUp,Neutral,Neutral,Wet,Dry,Wet,Wet,PC,PC,PC,PC,,,Westerly,Strong,,Strong,,IncCapDecIns,Increasing,,Increasing,SIG,,B,AB,,,,ABI,N1GtLIGt_4,,MoreUnstable,MoreUnstable,B,,Moderate,Strong,,SVR,SVR,SVR,LowEvrywhere,ModerateOrLe,Average,,,Other,,,Other,,LVorOther,
StrongUp,WeakUp,,,WeakUp,Dry,,VeryWet,VeryWet,,Clear,Clear,PC,Weak,Strong,,,Weak,Weak,Marked,DecCapIncIns,,,,SVR,May15_Jun14,,,Stifling,Average,,H,N1GtLIGt_4,Stability,Average,Average,HI,PartInhibit,Unfavorable,Slight,,XNIL,,,HighEvrywher,Stable,VeryMoist,CloseToDryAd,,Other,,NegToPos,,NWQuad,,E_NE
Neutral,Neutral,Down,Neutral,,Dry,Neutral,Neutral,Neutral,,Clear,Clear,Clear,Strong,,Westerly,,,,,,Increasing,,LittleChange,,Aug20_Sep15,G,CThruK,,Average,MoreThanAve,G,LILt_8,Stability,MoreUnstable,MoreUnstable,GJ,Stifling,Moderate,Slight,G,,XNIL,SVR,LowEvrywhere,CloseToDryAd,Dry,CloseToDryAd,StrongFront,MoistMDryL,,NegToPos,,AllElse,Westerly,WidespdDnsl
,StronUp,Neutral,WeakUp,WeakUp,Dry,Wet,,VeryWet,,Clear,Clear,,Weak,Strong,,Strong,,Weak,Marked,LittleChange,LittleChange,,Decreasing,SVR,Aug20_Sep15,D,CThruK,,Average,Average,CDEJ,N1GtLIGt_4,Stability,,,,,Weak,Slight,D,,,SVR,,Steep,,,,DryMMoistL,DryLine,SigNegative,Other,AllElse,Westerly,SEQuad
WeakUp,Neutral,WeakUp,WeakUp,WeakUp,Neutral,VeryWet,Neutral,Wet,PC,Clear,,PC,Weak,Weak,Westerly,Weak,,Strong,,LittleChange,LittleChange,,Decreasing,SIG,Aug20_Sep15,J,CThruK,PartInhibit,MoreThanAve,MoreThanAve,CDEJ,N1GtLIGt_4,Instability,,,,,,Strong,J,XNIL,XNIL,SIG,,CloseToDryAd,Dry,,NoMajor,MoistMDryL,DryLine,LittleChange,Other,LV,,
StrongUp,Neutral,,,Neutral,Wet,,,Neutral,Clear,Clear,Clear,Clear,Strong,Strong,DCVZFavor,Weak,Weak,Weak,Some,DecCapIncIns,Decreasing,Neutral,Decreasing,SIG,Jul2_Jul15,J,,Stifling,,LessThanAve,CDEJ,N1GtLIGt_4,Stability,LessUnstable,,GJ,,,Strong,J,,SIG,SIG,LowAtStation,ModerateOrLe,Average,CloseToDryAd,NoMajor,MoistMDryL,DryLine,LittleChange,Other,,LVorOther,LV
,Neutral,Neutral,Neutral,Neutral,Neutral,VeryWet,Neutral,Neutral,PC,PC,,,,Strong,StrongWest,Strong,Strong,Strong,Marked,,,WeakPos,,SIG,Jul16_Aug10,I,CThruK,,LessThanAve,LessThanAve,ABI,N1GtLIGt_4,,Average,,HI,,Weak,Slight,I,XNIL,XNIL,SIG,,ModerateOrLe,Average,CloseToDryAd,OtherRapid,DryMMoistL,E_W_N,PosToNeg,,,Westerly,LongAnticyc
StrongUp,Down,StrongUp,,StrongUp,,VeryWet,Neutral,VeryWet,PC,PC,PC,,Strong,Strong,StrongWest,Strong,,Strong,,IncCapDecIns,Increasing,Negative,Decreasing,SIG,Aug20_Sep15,K,,PartInhibit,LessThanAve,,K,LIGt0,Stability,,LessUnstable,ACEFK,,Weak,,K,XNIL,XNIL,SIG,Other,,VeryMoist,CloseToDryAd,MarkedUpper,DryMMoistL,,,Moving,AllElse,,SEQuad
Down,Neutral,WeakUp,Neutral,Neutral,Neutral,VeryWet,Wet,Wet,PC,Clear,Clear,Clear,,,StrongWest,,Strong,Strong,Some,LittleChange,,Negative,,,Aug20_Sep15,J,CThruK,Stifling,Average,,CDEJ,,Instability,MoreUnstable,MoreUnstable,GJ,,Moderate,,J,XNIL,XNIL,,,Steep,Dry,Steep,NoMajor,DryMMoistL,DryLine,LittleChange,,AllElse,LVorOther,LV
Down,StronUp,WeakUp,Neutral,Neutral,Wet,Wet,Wet,Neutral,PC,,Cloudy,,,Strong,Westerly,Weak,Weak,,Some,,LittleChange,WeakPos,Increasing,XNIL,,H,CThruK,PartInhibit,Average,Average,,,Stability,,,HI,PartInhibit,Unfavorable,,H,SIG,SIG,SIG,,ModerateOrLe,VeryMoist,,MarkedUpper,,MovingFtorOt,,,AllElse,Westerly,E_NE
Neutral,Down,StrongUp,,Neutral,Dry,Neutral,VeryWet,VeryWet,Clear,,PC,,,,Other,,Weak,Weak,,DecCapIncIns,Decreasing,Neutral,,XNIL,Jul16_Aug10,F,CThruK,,LessThanAve,LessThanAve,F,N1GtLIGt_4,Neutral,,,ACEFK,,Weak,Slight,F,XNIL,XNIL,XNIL,HighEvrywher,ModerateOrLe,VeryMoist,ModerateOrLe,NoMajor,Other,,LittleChange,,LV,LVorOther,
Neutral,Down,,Neutral,Neutral,,Neutral,Neutral,,PC,PC,PC,PC,,,Other,,Weak,Weak,,,Decreasing,WeakPos,,XNIL,Aug20_Sep15,A,AB,PartInhibit,Average,Average,,N5GtLIGt_8,,MoreUnstable,MoreUnstable,ACEFK,PartInhibit,Moderate,Moderate,A,SIG,SIG,,HighEvrywher,Stable,,ModerateOrLe,MarkedUpper,Other,MovingFtorOt,NegToPos,,SWQuad,,DenvCyclone
WeakUp,,Neutral,,Neutral,VeryWet,Dry,Neutral,,PC,Cloudy,,PC,,Strong,,,,,Some,,,StrongPos,Increasing,SVR,May15_Jun14,K,CThruK,,Average,MoreThanAve,K,LILt_8,Neutral,MoreUnstable,,ACEFK,PartInhibit,,,K,XNIL,XNIL,,Other,Steep,Dry,ModerateOrLe,NoMajor,Other,DryLine,,Other,,,WidespdDnsl
Down,StronUp,Neutral,Neutral,Neutral,,,Neutral,,Clear,PC,Clear,Clear,,Strong,,,,Strong,Marked,LittleChange,LittleChange,,Decreasing,SIG,May15_Jun14,B,AB,,Average,Average,ABI,N1GtLIGt_4,Neutral,LessUnstable,LessUnstable,B,PartInhibit,,Slight,B,SVR,,SVR,LowNHighS,ModerateOrLe,VeryMoist,Steep,,MoistMDryL,DenvCyclone,LittleChange,,,LVorOther,DenvCyclone
WeakUp,StronUp,,Neutral,Neutral,Neutral,Neutral,Neutral,Neutral,PC,PC,Cloudy,Cloudy,Strong,,,Strong,Weak,,Marked,LittleChange,,WeakPos,LittleChange,SIG,May15_Jun14,E,CThruK,PartInhibit,Average,Average,CDEJ,,,MoreUnstable,,,Stifling,,,,,,SVR,LowNHighS,CloseToDryAd,,,OtherRapid,MoistMDryL,Other,LittleChange,Other,,,LV
Neutral,Neutral,StrongUp,WeakUp,WeakUp,Dry,,,Neutral,PC,PC,PC,PC,,,Westerly,,,,,DecCapIncIns,Decreasing,StrongPos,Increasing,,Jul16_Aug10,C,CThruK,,LessThanAve,,CDEJ,N1GtLIGt_4,Stability,Average,Average,ACEFK,PartInhibit,,,C,XNIL,XNIL,,LowAtStation,ModerateOrLe,Dry,Steep,OtherRapid,,E_W_S,PosToNeg,,NWQuad,LVorOther,WidespdDnsl
Neutral,Neutral,Neutral,,Neutral,Neutral,VeryWet,Wet,Wet,Clear,Clear,,Clear,,,Other,,,Weak,,LittleChange,LittleChange,Neutral,Increasing,XNIL,Jun15_Jul1,B,AB,,,Average,ABI,N5GtLIGt_8,Stability,Average,Average,B,PartInhibit,Unfavorable,,B,XNIL,XNIL,,LowSHighN,ModerateOrLe,Average,Steep,NoMajor,Other,DenvCyclone,LittleChange,Other,,,SEQuad
Down,Down,Down,Down,Down,Dry,Wet,VeryWet,Wet,,PC,Cloudy,Cloudy,,Weak,Westerly,,Weak,,Some,IncCapDecIns,Increasing,Negative,Decreasing,XNIL,Jul2_Jul15,B,AB,PartInhibit,,,ABI,,Instability,,LessUnstable,,Stifling,Weak,,B,XNIL,XNIL,XNIL,LowMtsHighPl,Steep,VeryMoist,Steep,NoMajor,,,PosToNeg,Other,SWQuad,Westerly,SEQuad
StrongUp,WeakUp,WeakUp,WeakUp,,Dry,Dry,Neutral,,PC,,Cloudy,Cloudy,Weak,Strong,,,,,,IncCapDecIns,Increasing,Negative,,,Aug11_Aug20,E,CThruK,PartInhibit,Average,,CDEJ,N1GtLIGt_4,Instability,MoreUnstable,Average,,,Weak,Slight,,XNIL,XNIL,SIG,HighEvrywher,,Average,,,,DryLine,SigNegative,,SWQuad,Westerly,WidespdDnsl
,StronUp,Neutral,Neutral,,,Wet,,,PC,PC,,PC,Strong,Strong,Westerly,Strong,,Weak,Some,,Increasing,Neutral,LittleChange,SIG,May15_Jun14,C,,PartInhibit,,LessThanAve,,N5GtLIGt_8,Instability,Average,MoreUnstable,ACEFK,PartInhibit,,,C,,SVR,,Other,Steep,,Steep,,Other,E_W_S,LittleChange,Other,AllElse,Westerly,
Neutral,Neutral,WeakUp,,,Neutral,Dry,Neutral,Neutral,,,Cloudy,Cloudy,,,,,,,,,Decreasing,,Decreasing,XNIL,,K,,PartInhibit,Average,LessThanAve,K,,Stability,Average,Average,ACEFK,,Weak,,K,XNIL,,XNIL,LowNHighS,,Dry,,,,,NegToPos,,AllElse,Westerly,WidespdDnsl
WeakUp,,,Down,,Wet,,VeryWet,Wet,Clear,PC,PC,,,,StrongWest,,,Strong,,,Decreasing,,,,Aug11_Aug20,G,CThruK,PartInhibit,,,G,N5GtLIGt_8,Neutral,Average,Average,GJ,PartInhibit,Moderate,Moderate,G,XNIL,,SIG,,,Dry,Steep,NoMajor,MoistMDryL,DryLine,,,SWQuad,Westerly,LV
,Neutral,Neutral,Down,Down,Dry,VeryWet,Neutral,Dry,Clear,PC,,Clear,Strong,Strong,Westerly,,Weak,Weak,Some,LittleChange,,WeakPos,,,,E,CThruK,PartInhibit,Average,Average,CDEJ,N1GtLIGt_4,Stability,LessUnstable,LessUnstable,ACEFK,,Moderate,,E,XNIL,XNIL,SIG,LowMtsHighPl,,Dry,ModerateOrLe,NoMajor,MoistMDryL,,NegToPos,,,Westerly,LV
StrongUp,Neutral,Neutral,WeakUp,WeakUp,,,Neutral,Dry,PC,Clear,Clear,Clear,,,,Weak,,Strong,,IncCapDecIns,Increasing,WeakPos,,,Aug20_Sep15,,,PartInhibit,Average,,F,LILt_8,Stability,,MoreUnstable,ACEFK,PartInhibit,Moderate,,F,,XNIL,XNIL,HighEvrywher,Steep,VeryMoist,ModerateOrLe,NoMajor,Other,Other,SigPositive,,,LVorOther,
WeakUp,Neutral,WeakUp,,WeakUp,VeryWet,Wet,VeryWet,VeryWet,PC,Clear,Clear,Clear,,Strong,DCVZFavor,Strong,,Strong,Marked,DecCapIncIns,Decreasing,WeakPos,,SVR,,C,CThruK,PartInhibit,,LessThanAve,CDEJ,N5GtLIGt_8,Stability,,Average,ACEFK,,Strong,Strong,,,,SVR,LowAtStation,,,CloseToDryAd,OtherRapid,MoistMDryL,E_W_N,LittleChange,,NWQuad,Westerly,
Neutral,,,Neutral,Neutral,Dry,Wet,,Neutral,Cloudy,Clear,Cloudy,PC,Strong,Strong,DCVZFavor,Weak,,Weak,Marked,IncCapDecIns,Increasing,Negative,,,Jun15_Jul1,E,CThruK,,LessThanAve,LessThanAve,,N1GtLIGt_4,Neutral,,,ACEFK,,Moderate,Moderate,,XNIL,XNIL,SIG,HighEvrywher,ModerateOrLe,Average,ModerateOrLe,NoMajor,,DryLine,LittleChange,Moving,SWQuad,LVorOther,LV
,Down,Neutral,,Down,,Wet,VeryWet,Wet,PC,Cloudy,Cloudy,PC,Strong,Strong,StrongWest,,,Weak,Some,IncCapDecIns,Increasing,,LittleChange,SVR,May15_Jun14,,CThruK,,LessThanAve,,ABI,N5GtLIGt_8,,MoreUnstable,MoreUnstable,HI,PartInhibit,Strong,Slight,I,XNIL,XNIL,SVR,LowSHighN,,Dry,Steep,NoMajor,Other,,PosToNeg,,LV,LVorOther,
Down,StronUp,Neutral,Neutral,,Neutral,VeryWet,,,Clear,PC,,Clear,,Weak,StrongWest,Weak,Weak,Weak,,IncCapDecIns,Increasing,Negative,LittleChange,XNIL,,J,,PartInhibit,Average,MoreThanAve,CDEJ,N5GtLIGt_8,Stability,MoreUnstable,,,Stifling,Unfavorable,,J,SVR,,SVR,LowAtStation,Steep,Average,Steep,NoMajor,,DenvCyclone,LittleChange,,,LVorOther,LV
Neutral,Neutral,WeakUp,Neutral,Neutral,Neutral,Neutral,Dry,Dry,Clear,Clear,,Clear,Strong,Strong,Westerly,Strong,,Weak,Marked,LittleChange,LittleChange,Neutral,LittleChange,,,,,PartInhibit,Average,Average,G,N5GtLIGt_8,Stability,Average,,,PartInhibit,Unfavorable,,,XNIL,,SIG,LowEvrywhere,CloseToDryAd,,CloseToDryAd,MarkedUpper,,Other,LittleChange,QStationary,NWQuad,Westerly,WidespdDnsl
,WeakUp,Neutral,Neutral,,Neutral,Dry,,Neutral,PC,Clear,Clear,Clear,,,,,,,,LittleChange,LittleChange,StrongPos,Increasing,XNIL,,,,TotalInhibit,MoreThanAve,MoreThanAve,ABI,N5GtLIGt_8,,MoreUnstable,,B,Stifling,Moderate,,,SIG,,SIG,,Steep,VeryMoist,,StrongFront,DryMMoistL,DenvCyclone,PosToNeg,Other,,LVorOther,DenvCyclone
,,Down,Down,Down,Wet,Wet,,Neutral,Clear,PC,Clear,Clear,Strong,,StrongWest,Strong,,Strong,Marked,IncCapDecIns,Increasing,,,SVR,Jun15_Jul1,,CThruK,Stifling,MoreThanAve,MoreThanAve,CDEJ,N5GtLIGt_8,Stability,LessUnstable,LessUnstable,,,Moderate,Strong,C,SIG,,SVR,LowEvrywhere,CloseToDryAd,Dry,Steep,MarkedUpper,,E_W_N,SigNegative,Other,NWQuad,Westerly,LongAnticyc
StrongUp,,Neutral,WeakUp,WeakUp,Neutral,Neutral,Neutral,Wet,PC,,,Clear,Strong,,DCVZFavor,Weak,Weak,,Some,IncCapDecIns,,Negative,LittleChange,SIG,Aug20_Sep15,E,CThruK,PartInhibit,LessThanAve,MoreThanAve,CDEJ,LIGt0,Stability,LessUnstable,LessUnstable,ACEFK,,Unfavorable,,E,XNIL,,SIG,LowEvrywhere,Steep,Average,,NoMajor,MoistMDryL,DryLine,,,,LVorOther,LV
StrongUp,WeakUp,StrongUp,StrongUp,StrongUp,VeryWet,VeryWet,VeryWet,,,Clear,Clear,,Weak,Weak,DCVZFavor,Weak,Strong,,Some,DecCapIncIns,Decreasing,WeakPos,LittleChange,,,J,,PartInhibit,LessThanAve,LessThanAve,CDEJ,N1GtLIGt_4,Stability,Average,Average,GJ,Stifling,Unfavorable,,J,SIG,SIG,SIG,LowNHighS,Steep,Average,Steep,,,DryLine,LittleChange,,LV,,
,Down,WeakUp,Neutral,,Dry,Wet,Dry,Dry,PC,,PC,,,,Westerly,,Weak,Strong,,DecCapIncIns,Decreasing,Neutral,LittleChange,XNIL,,J,CThruK,PartInhibit,MoreThanAve,LessThanAve,CDEJ,N1GtLIGt_4,Stability,Average,Average,GJ,PartInhibit,Weak,,J,XNIL,XNIL,XNIL,LowMtsHighPl,,,,NoMajor,,,,,,LVorOther,SEQuad
WeakUp,,,Neutral,Neutral,Wet,,,Neutral,PC,PC,PC,PC,Weak,Strong,Other,Weak,Weak,Weak,,,LittleChange,Neutral,LittleChange,SIG,,,CThruK,Stifling,MoreThanAve,MoreThanAve,CDEJ,LIGt0,Instability,,MoreUnstable,GJ,,Weak,Slight,,XNIL,XNIL,SIG,,Stable,Average,CloseToDryAd,NoMajor,,DryLine,LittleChange,,LV,LVorOther,LV
,Neutral,,WeakUp,WeakUp,Wet,Wet,Wet,Neutral,Clear,,,Clear,Weak,Strong,,,,,Marked,LittleChange,LittleChange,Negative,LittleChange,,Jun15_Jul1,B,AB,PartInhibit,LessThanAve,Average,ABI,,Neutral,Average,MoreUnstable,B,PartInhibit,Weak,,B,SVR,SVR,SVR,LowNHighS,ModerateOrLe,Dry,Steep,NoMajor,,DenvCyclone,,Other,AllElse,LVorOther,LongAnticyc
StrongUp,Neutral,,WeakUp,,VeryWet,Neutral,VeryWet,VeryWet,Clear,Clear,Clear,Clear,,Weak,Westerly,,,,Some,IncCapDecIns,Increasing,WeakPos,Increasing,,May15_Jun14,H,CThruK,Stifling,,MoreThanAve,H,LILt_8,Instability,,,HI,,Moderate,,H,SIG,,SIG,LowMtsHighPl,,VeryMoist,ModerateOrLe,MarkedUpper,DryMMoistL,E_W_N,SigNegative,,AllElse,LVorOther,
Neutral,WeakUp,Down,Neutral,,Neutral,,Neutral,,PC,Clear,PC,PC,Weak,Weak,Other,,,,,IncCapDecIns,Increasing,Neutral,,XNIL,Aug20_Sep15,K,CThruK,Stifling,MoreThanAve,MoreThanAve,K,N1GtLIGt_4,Neutral,LessUnstable,,ACEFK,,Weak,Strong,K,,SIG,,Other,,,CloseToDryAd,,Other,E_W_N,PosToNeg,Moving,AllElse,,DenvCyclone
Down,StronUp,Down,,WeakUp,Dry,Dry,Dry,,Clear,PC,PC,PC,,,StrongWest,,,Weak,,,,WeakPos,Increasing,XNIL,Jul2_Jul15,I,,,,MoreThanAve,ABI,N1GtLIGt_4,Instability,MoreUnstable,,HI,,Unfavorable,,,SVR,SVR,SVR,LowSHighN,ModerateOrLe,,CloseToDryAd,,Other,E_W_S,LittleChange,,LV,Westerly,DenvCyclone
Down,Neutral,Neutral,Down,Down,Neutral,Neutral,Neutral,,,Clear,Clear,Clear,Strong,,StrongWest,Strong,,Weak,Marked,,Decreasing,Negative,Decreasing,SIG,Aug20_Sep15,C,CThruK,,LessThanAve,LessThanAve,CDEJ,N1GtLIGt_4,Instability,LessUnstable,LessUnstable,ACEFK,,Moderate,Strong,C,,SVR,SVR,LowEvrywhere,,Dry,,OtherRapid,Other,E_W_N,SigPositive,QStationary,NWQuad,Westerly,WidespdDnsl
Neutral,WeakUp,,Down,,Dry,Dry,Dry,Dry,,Cloudy,,PC,Strong,Strong,DCVZFavor,Strong,,Weak,Some,,Increasing,WeakPos,,SVR,Jul2_Jul15,H,CThruK,Stifling,MoreThanAve,MoreThanAve,H,N1GtLIGt_4,Stability,MoreUnstable,MoreUnstable,,Stifling,Moderate,,H,,XNIL,SVR,LowMtsHighPl,Stable,Average,CloseToDryAd,MarkedUpper,DryMMoistL,,SigPositive,,LV,LVorOther,SEQuad
WeakUp,Down,,WeakUp,WeakUp,Dry,Dry,Neutral,Neutral,,PC,,PC,,Weak,,Strong,Weak,Strong,,IncCapDecIns,Increasing,Neutral,LittleChange,,Aug20_Sep15,B,,PartInhibit,Average,MoreThanAve,ABI,,Instability,MoreUnstable,MoreUnstable,B,Stifling,,,B,XNIL,XNIL,,LowAtStation,Steep,VeryMoist,,NoMajor,DryMMoistL,,PosToNeg,Other,NWQuad,LVorOther,DenvCyclone
,,StrongUp,Down,Down,VeryWet,,VeryWet,VeryWet,PC,PC,PC,,,Weak,,Strong,,Weak,Some,IncCapDecIns,Increasing,,LittleChange,SIG,Aug11_Aug20,,CThruK,PartInhibit,Average,MoreThanAve,K,N1GtLIGt_4,Stability,Average,Average,ACEFK,,Moderate,Moderate,K,XNIL,XNIL,,,Stable,Dry,Steep,StrongFront,DryMMoistL,MovingFtorOt,SigPositive,,SWQuad,Westerly,
Down,StronUp,Down,,,,Wet,Wet,Wet,PC,PC,PC,Clear,Strong,Strong,Westerly,Strong,Weak,,Some,IncCapDecIns,Increasing,StrongPos,Increasing,SIG,,E,CThruK,,LessThanAve,Average,CDEJ,LILt_8,Neutral,MoreUnstable,MoreUnstable,ACEFK,,Unfavorable,Slight,,XNIL,XNIL,SIG,LowSHighN,ModerateOrLe,Dry,CloseToDryAd,NoMajor,MoistMDryL,DenvCyclone,PosToNeg,,,Westerly,
Neutral,Neutral,,Neutral,Neutral,Wet,Neutral,Neutral,Neutral,PC,Clear,PC,PC,Weak,Weak,StrongWest,Strong,,Weak,Some,IncCapDecIns,Increasing,StrongPos,Increasing,SIG,,J,CThruK,,LessThanAve,,CDEJ,N5GtLIGt_8,Instability,MoreUnstable,MoreUnstable,,,,Strong,J,SIG,,SIG,,ModerateOrLe,Dry,,,,DryLine,LittleChange,,,LVorOther,SEQuad
StrongUp,Down,Neutral,,,Wet,Wet,Neutral,Neutral,,Clear,Clear,Clear,,,Westerly,,,,,IncCapDecIns,Increasing,StrongPos,Increasing,XNIL,Jul2_Jul15,B,AB,PartInhibit,LessThanAve,LessThanAve,ABI,N1GtLIGt_4,Stability,LessUnstable,,B,PartInhibit,Moderate,Moderate,B,,SVR,SVR,,Stable,,,NoMajor,Other,DenvCyclone,NegToPos,,AllElse,Westerly,DenvCyclone
Neutral,Down,,,,,Dry,Dry,,Clear,PC,PC,Clear,Weak,Strong,Other,,Weak,,,LittleChange,LittleChange,Negative,Decreasing,SIG,,,AB,,LessThanAve,LessThanAve,ABI,N1GtLIGt_4,,,LessUnstable,B,,Unfavorable,Slight,B,XNIL,,SIG,HighEvrywher,,Average,Steep,MarkedUpper,,DenvCyclone,PosToNeg,Other,NWQuad,LVorOther,
StrongUp,,Neutral,Neutral,,Dry,Dry,VeryWet,Wet,PC,PC,,Cloudy,Strong,Strong,Other,,,Strong,Some,LittleChange,LittleChange,WeakPos,,SVR,Aug20_Sep15,F,CThruK,PartInhibit,MoreThanAve,MoreThanAve,F,N1GtLIGt_4,Instability,MoreUnstable,MoreUnstable,ACEFK,PartInhibit,Unfavorable,,F,XNIL,XNIL,SVR,HighEvrywher,,,ModerateOrLe,,,,LittleChange,,LV,LVorOther,
Down,StronUp,Neutral,,Down,Wet,Wet,Wet,Wet,PC,Clear,Clear,,Weak,Strong,,Strong,Strong,Strong,Marked,,LittleChange,,LittleChange,SVR,Jul16_Aug10,B,AB,PartInhibit,Average,Average,,N1GtLIGt_4,Neutral,,LessUnstable,B,Stifling,Weak,,B,XNIL,XNIL,SVR,LowMtsHighPl,ModerateOrLe,Average,,,Other,DenvCyclone,LittleChange,Other,,LVorOther,DenvCyclone
Down,Neutral,Down,Down,Down,Neutral,,,Dry,PC,Cloudy,,PC,Weak,Strong,DCVZFavor,Weak,Strong,Strong,,IncCapDecIns,Increasing,Neutral,,,Jul16_Aug10,,CThruK,,,,CDEJ,N5GtLIGt_8,Instability,MoreUnstable,,ACEFK,,Moderate,Strong,E,XNIL,XNIL,SIG,HighEvrywher,ModerateOrLe,Average,ModerateOrLe,NoMajor,MoistMDryL,Other,LittleChange,,SWQuad,Westerly,LV
Down,,,Down,Down,Dry,VeryWet,,Wet,,Clear,Clear,,Strong,Strong,Other,,Weak,,Marked,LittleChange,,Negative,,SVR,Jul16_Aug10,D,CThruK,PartInhibit,Average,Average,CDEJ,N1GtLIGt_4,Stability,LessUnstable,LessUnstable,D,,,,D,XNIL,,SVR,LowSHighN,CloseToDryAd,Average,Steep,OtherRapid,DryMMoistL,DryLine,NegToPos,,NWQuad,Westerly,WidespdDnsl
,,Neutral,WeakUp,WeakUp,Wet,Neutral,Wet,Wet,PC,Clear,Clear,PC,Strong,Strong,,,,Weak,Marked,DecCapIncIns,,WeakPos,,SIG,Jul16_Aug10,,CThruK,PartInhibit,Average,Average,,N1GtLIGt_4,Instability,Average,,,,,Moderate,D,,SVR,SVR,LowSHighN,CloseToDryAd,Dry,,MarkedUpper,DryMMoistL,,SigNegative,,AllElse,Westerly,SEQuad
,Neutral,,,,,Wet,Neutral,Wet,PC,PC,PC,,Weak,,DCVZFavor,Weak,,,,IncCapDecIns,Increasing,,LittleChange,SVR,Jul16_Aug10,A,AB,PartInhibit,LessThanAve,Average,ABI,N1GtLIGt_4,Stability,LessUnstable,LessUnstable,ACEFK,TotalInhibit,Weak,,A,SIG,,SVR,Other,,Average,ModerateOrLe,,Other,,SigNegative,Other,,Westerly,DenvCyclone
Neutral,Neutral,Neutral,,Neutral,Wet,Dry,Dry,Dry,,PC,PC,PC,Strong,Strong,Other,Weak,,,Some,LittleChange,,Neutral,,SVR,,K,,PartInhibit,Average,Average,K,N1GtLIGt_4,Neutral,Average,MoreUnstable,ACEFK,Stifling,Unfavorable,,K,XNIL,XNIL,SVR,LowNHighS,,Average,ModerateOrLe,,Other,MovingFtorOt,,,,LVorOther,
Neutral,Down,,Neutral,Neutral,Wet,Neutral,Neutral,Dry,PC,Clear,,PC,,,Westerly,,Strong,Weak,,,LittleChange,Neutral,LittleChange,XNIL,Aug11_Aug20,H,CThruK,PartInhibit,Average,,,N1GtLIGt_4,,,LessUnstable,HI,PartInhibit,,,H,XNIL,XNIL,XNIL,,Stable,VeryMoist,,NoMajor,DryMMoistL,MovingFtorOt,NegToPos,Other,SWQuad,LVorOther,E_NE
Neutral,Down,,Neutral,Neutral,Neutral,,Dry,Neutral,PC,,PC,PC,Strong,,StrongWest,,Weak,Weak,,IncCapDecIns,,StrongPos,Increasing,XNIL,May15_Jun14,B,AB,Stifling,Average,MoreThanAve,ABI,,,Average,Average,,,,Slight,B,SIG,SIG,SIG,LowMtsHighPl,ModerateOrLe,VeryMoist,Steep,NoMajor,Other,DenvCyclone,PosToNeg,,LV,LVorOther,DenvCyclone
WeakUp,,StrongUp,StrongUp,StrongUp,VeryWet,,,,,PC,Cloudy,Cloudy,Weak,Weak,DCVZFavor,Strong,,Weak,Some,IncCapDecIns,Increasing,Negative,LittleChange,SIG,May15_Jun14,A,AB,TotalInhibit,,Average,ABI,N1GtLIGt_4,Neutral,Average,Average,,PartInhibit,Weak,,A,SVR,SVR,SVR,LowAtStation,Stable,VeryMoist,ModerateOrLe,MarkedUpper,DryMMoistL,DenvCyclone,NegToPos,Other,SWQuad,,
Neutral,StronUp,Neutral,WeakUp,WeakUp,,Wet,Neutral,Neutral,Clear,Clear,Clear,Clear,Strong,,Westerly,Strong,Weak,Weak,Some,IncCapDecIns,Increasing,Neutral,LittleChange,,Jul2_Jul15,,CThruK,PartInhibit,,Average,,N1GtLIGt_4,Neutral,MoreUnstable,MoreUnstable,ACEFK,,Moderate,Strong,E,,XNIL,,,Steep,Average,ModerateOrLe,,MoistMDryL,DryLine,,,SWQuad,LVorOther,DenvCyclone
Down,WeakUp,,Down,,VeryWet,Dry,,,PC,PC,PC,Clear,Strong,Strong,Westerly,,,Weak,Some,IncCapDecIns,,,Decreasing,,Jun15_Jul1,,,PartInhibit,MoreThanAve,MoreThanAve,CDEJ,N1GtLIGt_4,Stability,LessUnstable,LessUnstable,ACEFK,Stifling,,,C,XNIL,XNIL,SIG,LowEvrywhere,,Average,Steep,,Other,E_W_N,SigNegative,QStationary,AllElse,,LongAnticyc
Down,,Neutral,Down,Down,Wet,,Dry,,PC,PC,,Clear,,Weak,DCVZFavor,,,,,IncCapDecIns,Increasing,Neutral,LittleChange,SIG,Aug20_Sep15,B,AB,Stifling,MoreThanAve,MoreThanAve,ABI,N1GtLIGt_4,Stability,LessUnstable,LessUnstable,,,Moderate,Strong,B,XNIL,XNIL,SIG,LowAtStation,,Dry,ModerateOrLe,,DryMMoistL,E_W_S,LittleChange,Other,AllElse,LVorOther,DenvCyclone
StrongUp,Neutral,,WeakUp,WeakUp,VeryWet,Neutral,Wet,Wet,,,Clear,PC,,,StrongWest,,,,,DecCapIncIns,Decreasing,Neutral,LittleChange,,Jul16_Aug10,I,CThruK,PartInhibit,Average,LessThanAve,,N5GtLIGt_8,Neutral,,MoreUnstable,HI,,Weak,,,,XNIL,XNIL,,Steep,Dry,Steep,NoMajor,DryMMoistL,E_W_S,NegToPos,QStationary,AllElse,LVorOther,DenvCyclone
StrongUp,Neutral,StrongUp,StrongUp,,Dry,Neutral,Dry,,Clear,Clear,,,Strong,Strong,,,,Weak,Marked,IncCapDecIns,,Neutral,,SVR,Jul16_Aug10,B,AB,PartInhibit,LessThanAve,,,N1GtLIGt_4,Instability,LessUnstable,LessUnstable,B,,,Moderate,B,SVR,SVR,SVR,LowNHighS,Steep,VeryMoist,Steep,NoMajor,,E_W_N,PosToNeg,Other,,Westerly,DenvCyclone
Neutral,Down,WeakUp,Down,Down,Neutral,Wet,,Neutral,PC,Clear,Clear,Clear,Strong,,Westerly,,,Weak,,IncCapDecIns,Increasing,,LittleChange,SIG,Aug20_Sep15,I,CThruK,,LessThanAve,,ABI,LILt_8,Instability,MoreUnstable,MoreUnstable,HI,,Moderate,Moderate,I,,SIG,,LowSHighN,,Average,ModerateOrLe,StrongFront,,,LittleChange,QStationary,,,LV
Down,Neutral,Down,Neutral,Neutral,,,Neutral,,PC,Clear,Clear,Clear,,,Other,,Weak,,,,Increasing,Neutral,Increasing,XNIL,Jul16_Aug10,G,CThruK,TotalInhibit,MoreThanAve,MoreThanAve,G,N1GtLIGt_4,,Average,,GJ,,Moderate,Moderate,G,XNIL,XNIL,XNIL,LowEvrywhere,CloseToDryAd,Dry,CloseToDryAd,NoMajor,MoistMDryL,DryLine,,,NWQuad,LVorOther,
Down,Neutral,,,,Dry,Wet,VeryWet,VeryWet,Clear,Clear,,Clear,,Strong,,Strong,,Weak,Some,LittleChange,LittleChange,Neutral,Increasing,SVR,,,AB,PartInhibit,LessThanAve,LessThanAve,ABI,N5GtLIGt_8,Neutral,Average,Average,ACEFK,PartInhibit,Moderate,Slight,,SVR,,SVR,LowMtsHighPl,Steep,Average,Steep,MarkedUpper,DryMMoistL,,,Other,SWQuad,Westerly,
StrongUp,StronUp,StrongUp,StrongUp,StrongUp,,VeryWet,VeryWet,VeryWet,PC,Clear,Clear,PC,,Weak,DCVZFavor,,,,Some,LittleChange,,Negative,Decreasing,XNIL,May15_Jun14,B,AB,PartInhibit,LessThanAve,,,N1GtLIGt_4,Neutral,Average,LessUnstable,B,Stifling,,,B,SVR,SVR,SVR,LowSHighN,Steep,Average,Steep,NoMajor,Other,DenvCyclone,NegToPos,,NWQuad,LVorOther,DenvCyclone
Down,StronUp,,Neutral,Neutral,Dry,,Wet,Wet,PC,Clear,Clear,,Strong,Strong,,,,Strong,Marked,IncCapDecIns,,Negative,Decreasing,SIG,Jun15_Jul1,,CThruK,PartInhibit,,MoreThanAve,CDEJ,,Neutral,Average,LessUnstable,ACEFK,,Unfavorable,,E,SIG,XNIL,,LowSHighN,,,CloseToDryAd,OtherRapid,MoistMDryL,DryLine,PosToNeg,,,LVorOther,DenvCyclone
WeakUp,StronUp,,StrongUp,,Wet,VeryWet,,VeryWet,,Cloudy,PC,Cloudy,,,Other,,Weak,Weak,,IncCapDecIns,Increasing,,LittleChange,XNIL,May15_Jun14,,CThruK,PartInhibit,MoreThanAve,MoreThanAve,H,N1GtLIGt_4,Stability,,Average,HI,Stifling,Moderate,,H,,XNIL,XNIL,LowMtsHighPl,,Dry,,MarkedUpper,,E_W_S,NegToPos,,,,E_NE
,Down,StrongUp,,WeakUp,Neutral,Dry,Dry,Neutral,Clear,,PC,Cloudy,,Weak,,,Weak,,,,Increasing,,LittleChange,SIG,May15_Jun14,C,CThruK,Stifling,Average,Average,CDEJ,N5GtLIGt_8,,,,ACEFK,Stifling,Weak,,C,XNIL,XNIL,SIG,LowAtStation,CloseToDryAd,Average,Steep,MarkedUpper,Other,,LittleChange,Other,NWQuad,,LongAnticyc
,Down,Down,,Down,Dry,,VeryWet,Wet,Clear,,PC,,,Strong,StrongWest,Strong,Weak,Weak,Marked,IncCapDecIns,,WeakPos,,,Jun15_Jul1,B,AB,Stifling,,MoreThanAve,ABI,N1GtLIGt_4,Instability,,MoreUnstable,B,PartInhibit,Moderate,,B,SVR,SVR,SVR,LowSHighN,,,CloseToDryAd,,DryMMoistL,,LittleChange,QStationary,AllElse,LVorOther,DenvCyclone
,Neutral,Neutral,,,Neutral,Wet,,Neutral,Clear,PC,Clear,Clear,Weak,Strong,StrongWest,,,Weak,Marked,,,,Increasing,SIG,,C,,,LessThanAve,LessThanAve,CDEJ,N1GtLIGt_4,Stability,LessUnstable,MoreUnstable,ACEFK,PartInhibit,,Moderate,C,SVR,SVR,SVR,LowEvrywhere,CloseToDryAd,Dry,CloseToDryAd,OtherRapid,Other,E_W_N,SigNegative,Moving,,,LongAnticyc
Neutral,Neutral,,WeakUp,WeakUp,,,Dry,Neutral,PC,,,PC,,,Westerly,,,,,IncCapDecIns,Increasing,WeakPos,Increasing,XNIL,Aug11_Aug20,C,CThruK,,Average,,CDEJ,,Stability,LessUnstable,Average,ACEFK,PartInhibit,Strong,Strong,C,SIG,SIG,SIG,LowEvrywhere,Steep,Average,CloseToDryAd,MarkedUpper,,E_W_S,SigPositive,Other,AllElse,,
Neutral,Neutral,Neutral,Neutral,Neutral,Neutral,Neutral,,Neutral,PC,,PC,PC,,Strong,Westerly,Strong,,Weak,Some,IncCapDecIns,Increasing,WeakPos,Increasing,SIG,Jun15_Jul1,E,CThruK,,,MoreThanAve,CDEJ,LIGt0,Neutral,MoreUnstable,MoreUnstable,,,Weak,,,XNIL,XNIL,SIG,,Stable,Dry,,NoMajor,,,SigNegative,,,Westerly,LV
Down,WeakUp,,Down,Down,Neutral,,VeryWet,Wet,PC,Clear,PC,PC,Strong,Strong,,,Weak,Weak,Marked,LittleChange,LittleChange,Negative,Decreasing,SIG,Aug20_Sep15,K,,PartInhibit,,Average,K,N1GtLIGt_4,,MoreUnstable,MoreUnstable,ACEFK,,Moderate,Strong,K,SIG,XNIL,SIG,Other,ModerateOrLe,Dry,ModerateOrLe,MarkedUpper,Other,E_W_N,NegToPos,Other,SWQuad,Westerly,E_NE
,StronUp,,WeakUp,WeakUp,Dry,Dry,VeryWet,,Clear,Cloudy,Clear,Clear,,Strong,Westerly,Strong,Weak,Strong,Marked,,Increasing,Neutral,Increasing,,Aug20_Sep15,,,PartInhibit,LessThanAve,MoreThanAve,,N1GtLIGt_4,Instability,MoreUnstable,MoreUnstable,ACEFK,,Moderate,Slight,K,XNIL,XNIL,SVR,Other,Steep,Dry,ModerateOrLe,,Other,MovingFtorOt,,,NWQuad,LVorOther,DenvCyclone
Neutral,Neutral,Neutral,,,Neutral,,Neutral,Neutral,PC,PC,Cloudy,,Weak,Strong,StrongWest,,,Strong,Marked,,LittleChange,,LittleChange,SIG,,E,CThruK,Stifling,Average,Average,,N5GtLIGt_8,Instability,MoreUnstable,MoreUnstable,ACEFK,PartInhibit,,,E,XNIL,XNIL,SIG,,Steep,Average,ModerateOrLe,,,DryLine,LittleChange,,AllElse,Westerly,LV
WeakUp,WeakUp,,,WeakUp,Neutral,Wet,Neutral,Neutral,,Clear,,Clear,Strong,Strong,Westerly,Strong,,,Marked,IncCapDecIns,Increasing,Negative,Decreasing,SIG,Aug20_Sep15,K,CThruK,,LessThanAve,,K,N5GtLIGt_8,Instability,MoreUnstable,MoreUnstable,,Stifling,,Slight,K,XNIL,XNIL,SIG,LowAtStation,Stable,Average,Steep,OtherRapid,MoistMDryL,,SigNegative,Moving,,Westerly,WidespdDnsl
,,Neutral,Neutral,Neutral,Dry,,,Neutral,PC,PC,PC,PC,Weak,Strong,Other,,,,,DecCapIncIns,,Negative,LittleChange,,Aug20_Sep15,C,,PartInhibit,Average,Average,CDEJ,N5GtLIGt_8,Stability,Average,Average,ACEFK,PartInhibit,Unfavorable,,C,,XNIL,,LowEvrywhere,,,CloseToDryAd,OtherRapid,MoistMDryL,E_W_S,SigPositive,Other,NWQuad,LVorOther,
Neutral,Neutral,Neutral,Neutral,Neutral,Wet,Dry,Wet,VeryWet,PC,,,Cloudy,,,,,Weak,Weak,,LittleChange,LittleChange,Neutral,Increasing,XNIL,,B,AB,TotalInhibit,MoreThanAve,MoreThanAve,,N1GtLIGt_4,Stability,,MoreUnstable,,Stifling,Moderate,,B,XNIL,XNIL,XNIL,,Steep,VeryMoist,,NoMajor,Other,DenvCyclone,PosToNeg,,AllElse,,DenvCyclone
Neutral,Neutral,Neutral,Neutral,,Neutral,,Wet,Wet,PC,PC,PC,,Weak,Weak,Westerly,Weak,,Strong,Some,LittleChange,,Negative,Decreasing,,Jul2_Jul15,H,CThruK,PartInhibit,MoreThanAve,MoreThanAve,H,N1GtLIGt_4,Neutral,MoreUnstable,LessUnstable,HI,,,,H,XNIL,XNIL,SIG,LowMtsHighPl,ModerateOrLe,,Steep,MarkedUpper,DryMMoistL,E_W_S,NegToPos,,,LVorOther,E_NE
,Down,Neutral,,Neutral,Neutral,Neutral,Neutral,Neutral,PC,Clear,Clear,Clear,Weak,Strong,,Weak,Weak,,Some,DecCapIncIns,Decreasing,,,XNIL,Jul16_Aug10,J,CThruK,PartInhibit,Average,,CDEJ,LIGt0,Instability,,MoreUnstable,GJ,TotalInhibit,,,J,XNIL,XNIL,XNIL,LowSHighN,,Dry,Steep,NoMajor,DryMMoistL,E_W_S,NegToPos,,LV,LVorOther,LV
WeakUp,,Down,Down,,,Neutral,Wet,Wet,Clear,Cloudy,PC,Clear,,,Westerly,Weak,,Weak,Some,LittleChange,LittleChange,,Increasing,,May15_Jun14,B,AB,,MoreThanAve,MoreThanAve,ABI,,,Average,Average,B,PartInhibit,Strong,,B,SVR,SIG,SVR,LowSHighN,Steep,,Steep,NoMajor,Other,DenvCyclone,,,NWQuad,LVorOther,DenvCyclone
StrongUp,Down,Neutral,WeakUp,WeakUp,,,,Wet,,PC,PC,PC,Weak,Strong,DCVZFavor,Strong,Weak,,Marked,LittleChange,,Neutral,Decreasing,SVR,,G,CThruK,,MoreThanAve,MoreThanAve,,N5GtLIGt_8,Stability,Average,LessUnstable,,,,Moderate,G,XNIL,XNIL,SVR,LowEvrywhere,CloseToDryAd,Average,CloseToDryAd,,Other,Other,,,,Westerly,SEQuad
Neutral,Neutral,StrongUp,Neutral,Neutral,VeryWet,Neutral,Wet,Neutral,,Clear,PC,PC,,Weak,Westerly,,Weak,,Marked,DecCapIncIns,Decreasing,Neutral,Decreasing,SIG,May15_Jun14,E,CThruK,PartInhibit,LessThanAve,LessThanAve,CDEJ,N1GtLIGt_4,Neutral,Average,LessUnstable,ACEFK,PartInhibit,Weak,Slight,E,XNIL,XNIL,SIG,LowAtStation,ModerateOrLe,Average,ModerateOrLe,NoMajor,MoistMDryL,,LittleChange,,AllElse,LVorOther,LongAnticyc
Neutral,,StrongUp,StrongUp,StrongUp,Dry,,Wet,VeryWet,Cloudy,,Cloudy,Cloudy,,Strong,StrongWest,Strong,,,Some,,Decreasing,WeakPos,Decreasing,SVR,Aug20_Sep15,C,CThruK,PartInhibit,Average,LessThanAve,CDEJ,N1GtLIGt_4,Stability,LessUnstable,,ACEFK,Stifling,Weak,,,XNIL,XNIL,SVR,Other,Steep,,Steep,OtherRapid,,E_W_N,SigPositive,Moving,NWQuad,Westerly,LongAnticyc
StrongUp,,WeakUp,StrongUp,StrongUp,Neutral,Neutral,Dry,,,PC,PC,PC,Weak,Weak,StrongWest,Weak,Weak,Weak,Some,LittleChange,LittleChange,WeakPos,Increasing,,Aug20_Sep15,K,CThruK,,Average,Average,K,N1GtLIGt_4,Neutral,LessUnstable,LessUnstable,ACEFK,,Unfavorable,,K,,XNIL,,,Stable,Average,CloseToDryAd,,DryMMoistL,MovingFtorOt,NegToPos,Moving,SWQuad,Westerly,LongAnticyc
,Neutral,,Neutral,Neutral,Neutral,Neutral,,Neutral,,PC,Clear,Clear,Weak,Strong,,Strong,,Weak,Marked,,,StrongPos,,SIG,Aug20_Sep15,,CThruK,PartInhibit,,Average,,N5GtLIGt_8,Neutral,Average,MoreUnstable,ACEFK,,Moderate,,K,XNIL,XNIL,SIG,,,VeryMoist,CloseToDryAd,OtherRapid,Other,MovingFtorOt,SigPositive,QStationary,AllElse,LVorOther,WidespdDnsl
StrongUp,Neutral,StrongUp,,StrongUp,Neutral,,Neutral,VeryWet,Clear,Clear,Clear,Cloudy,,Strong,Other,,Weak,,,IncCapDecIns,Increasing,,,SIG,,D,CThruK,,Average,MoreThanAve,,N1GtLIGt_4,Stability,LessUnstable,,D,PartInhibit,Weak,,D,,SIG,,,,Dry,Steep,OtherRapid,Other,MovingFtorOt,LittleChange,QStationary,SWQuad,,SEQuad
Neutral,Neutral,Neutral,Neutral,,Neutral,,VeryWet,Wet,PC,PC,PC,PC,,Strong,Other,,Weak,,Some,,LittleChange,StrongPos,Increasing,SIG,Jun15_Jul1,J,CThruK,PartInhibit,Average,,CDEJ,N1GtLIGt_4,,,,GJ,,Unfavorable,,,XNIL,,SIG,LowSHighN,Steep,Average,CloseToDryAd,,MoistMDryL,DryLine,LittleChange,,LV,LVorOther,LV
WeakUp,,Down,Neutral,,Dry,Neutral,Neutral,,Cloudy,PC,Cloudy,Cloudy,,,StrongWest,,,Weak,,DecCapIncIns,Decreasing,WeakPos,LittleChange,XNIL,Jun15_Jul1,G,,,,,G,LIGt0,,LessUnstable,LessUnstable,GJ,,,Moderate,G,SIG,SIG,SIG,LowAtStation,CloseToDryAd,Dry,CloseToDryAd,NoMajor,MoistMDryL,E_W_N,SigPositive,,NWQuad,LVorOther,LV
WeakUp,,,,Neutral,Neutral,,Neutral,Neutral,,,PC,Clear,Strong,Strong,DCVZFavor,,,Strong,Some,LittleChange,LittleChange,Neutral,Increasing,SIG,Jul2_Jul15,D,CThruK,PartInhibit,Average,Average,CDEJ,,Neutral,Average,,D,PartInhibit,Weak,,D,,SVR,SVR,LowAtStation,,Dry,Steep,StrongFront,MoistMDryL,Other,SigNegative,,NWQuad,,
WeakUp,,StrongUp,WeakUp,,Dry,Neutral,VeryWet,VeryWet,PC,Cloudy,,,Weak,Strong,Other,,Weak,Weak,,,Increasing,,,SIG,May15_Jun14,D,,Stifling,MoreThanAve,MoreThanAve,,,Neutral,MoreUnstable,MoreUnstable,D,,,,D,XNIL,XNIL,SIG,LowAtStation,,Average,CloseToDryAd,,Other,,,,NWQuad,Westerly,
Neutral,Neutral,Neutral,Neutral,,,Wet,VeryWet,VeryWet,PC,,Cloudy,PC,,Weak,Westerly,,,Weak,,IncCapDecIns,Increasing,Neutral,Increasing,SIG,Jun15_Jul1,,CThruK,Stifling,,MoreThanAve,G,N5GtLIGt_8,,MoreUnstable,MoreUnstable,GJ,,Strong,Strong,G,SIG,SIG,SIG,LowAtStation,CloseToDryAd,,CloseToDryAd,OtherRapid,MoistMDryL,,LittleChange,,NWQuad,Westerly,LongAnticyc
Down,Down,,Down,Down,VeryWet,Wet,Wet,Wet,Clear,PC,Clear,Clear,,,StrongWest,,Weak,Weak,Some,,LittleChange,WeakPos,LittleChange,SIG,Aug20_Sep15,K,CThruK,PartInhibit,Average,Average,K,N1GtLIGt_4,Stability,MoreUnstable,,,,Weak,,,XNIL,XNIL,SIG,,Stable,,Steep,StrongFront,,MovingFtorOt,,,AllElse,,WidespdDnsl
,Neutral,Down,Down,Down,Wet,Neutral,Neutral,,PC,PC,PC,PC,,,DCVZFavor,,,,,,Increasing,,Decreasing,XNIL,Aug11_Aug20,G,CThruK,,Average,Average,G,,Neutral,LessUnstable,LessUnstable,GJ,,Moderate,,G,,,,Other,CloseToDryAd,Dry,,NoMajor,MoistMDryL,,NegToPos,,AllElse,Westerly,
Down,Down,Neutral,Neutral,,,Dry,Neutral,,PC,Cloudy,PC,PC,Strong,Strong,Other,,,,,LittleChange,LittleChange,StrongPos,,SVR,,D,CThruK,PartInhibit,,Average,CDEJ,N1GtLIGt_4,Instability,Average,MoreUnstable,D,Stifling,,Strong,,XNIL,XNIL,SVR,,CloseToDryAd,Dry,Steep,,DryMMoistL,DryLine,SigNegative,QStationary,SWQuad,,
Down,,,WeakUp,WeakUp,VeryWet,,Wet,VeryWet,Cloudy,PC,PC,,Weak,Strong,StrongWest,Strong,Weak,Strong,Marked,IncCapDecIns,Increasing,Neutral,Increasing,SVR,Jul16_Aug10,H,CThruK,Stifling,MoreThanAve,MoreThanAve,H,N1GtLIGt_4,Stability,Average,MoreUnstable,HI,,Moderate,,,SVR,,SVR,Other,,Average,Steep,,Other,Other,NegToPos,Moving,NWQuad,Westerly,
Down,Neutral,Down,,,VeryWet,Neutral,Wet,VeryWet,Clear,,Clear,PC,Strong,Strong,StrongWest,Strong,Strong,Strong,Marked,IncCapDecIns,Increasing,Negative,Increasing,SIG,Jul16_Aug10,C,CThruK,PartInhibit,Average,MoreThanAve,,N1GtLIGt_4,Instability,Average,Average,ACEFK,,Unfavorable,,,XNIL,XNIL,SIG,,ModerateOrLe,Dry,ModerateOrLe,NoMajor,MoistMDryL,E_W_S,,,,Westerly,LongAnticyc
StrongUp,StronUp,Neutral,StrongUp,StrongUp,,Neutral,Wet,VeryWet,,PC,PC,Cloudy,Weak,Strong,Westerly,Weak,,,Marked,,Increasing,WeakPos,Increasing,SVR,Aug20_Sep15,B,AB,,,,,N1GtLIGt_4,,,MoreUnstable,B,PartInhibit,,Slight,B,SIG,,SVR,Other,Stable,Dry,Steep,NoMajor,DryMMoistL,,,Other,SWQuad,LVorOther,DenvCyclone
Down,Down,WeakUp,,Neutral,,Dry,Wet,VeryWet,PC,,Clear,Clear,Weak,Strong,StrongWest,Strong,Weak,,Marked,LittleChange,,Negative,Decreasing,SVR,Jul16_Aug10,,CThruK,PartInhibit,Average,Average,,N1GtLIGt_4,,,LessUnstable,,,Moderate,,K,XNIL,XNIL,SVR,LowNHighS,Steep,Average,Steep,,,MovingFtorOt,PosToNeg,QStationary,SWQuad,Westerly,WidespdDnsl
StrongUp,,,WeakUp,WeakUp,VeryWet,VeryWet,Wet,Wet,Clear,PC,Clear,Clear,Strong,,DCVZFavor,Strong,Weak,Weak,Marked,DecCapIncIns,Decreasing,WeakPos,LittleChange,SIG,Jul16_Aug10,A,AB,Stifling,LessThanAve,,ABI,N1GtLIGt_4,Neutral,,MoreUnstable,ACEFK,PartInhibit,Strong,,A,SVR,SIG,SIG,LowSHighN,Stable,VeryMoist,,StrongFront,MoistMDryL,DenvCyclone,SigNegative,Other,,Westerly,
Down,Neutral,Down,Down,,,Neutral,Wet,,PC,Clear,PC,PC,Strong,Strong,,Weak,Strong,Weak,Marked,IncCapDecIns,,WeakPos,,,May15_Jun14,K,CThruK,,LessThanAve,,K,,Stability,Average,MoreUnstable,ACEFK,,Weak,Moderate,,,SIG,SIG,Other,Steep,Dry,ModerateOrLe,MarkedUpper,,Other,SigNegative,,,Westerly,WidespdDnsl
Down,Down,StrongUp,Down,,VeryWet,Neutral,Wet,Wet,,PC,Cloudy,PC,Weak,Weak,StrongWest,Strong,,Strong,,,Increasing,,LittleChange,,Aug20_Sep15,,CThruK,PartInhibit,,MoreThanAve,,N5GtLIGt_8,Stability,Average,Average,GJ,PartInhibit,Weak,,,XNIL,XNIL,SIG,LowAtStation,,,,NoMajor,,DryLine,LittleChange,QStationary,LV,LVorOther,
,Down,Down,Down,Down,VeryWet,Wet,VeryWet,VeryWet,PC,PC,PC,PC,Weak,,Other,,,,,IncCapDecIns,Increasing,Negative,Decreasing,XNIL,May15_Jun14,,CThruK,,,,K,N1GtLIGt_4,,Average,LessUnstable,,Stifling,,,K,XNIL,XNIL,,LowNHighS,Steep,VeryMoist,Steep,StrongFront,DryMMoistL,DryLine,PosToNeg,Moving,AllElse,,WidespdDnsl
,StronUp,Neutral,WeakUp,WeakUp,Wet,Dry,,,PC,Cloudy,PC,Cloudy,,Weak,,,Weak,Weak,,IncCapDecIns,Increasing,WeakPos,Increasing,XNIL,Jul16_Aug10,E,CThruK,Stifling,,,CDEJ,N1GtLIGt_4,Stability,,LessUnstable,,,Moderate,,E,,SIG,SIG,LowEvrywhere,CloseToDryAd,Average,ModerateOrLe,NoMajor,Other,DryLine,LittleChange,,NWQuad,Westerly,
,WeakUp,Neutral,WeakUp,WeakUp,Neutral,Neutral,Neutral,Wet,Clear,Clear,Clear,,Strong,,Other,Weak,,Weak,Some,IncCapDecIns,Increasing,,LittleChange,SIG,May15_Jun14,G,CThruK,PartInhibit,LessThanAve,,,N1GtLIGt_4,Neutral,LessUnstable,,GJ,Stifling,Moderate,,G,XNIL,XNIL,SIG,LowNHighS,CloseToDryAd,Dry,CloseToDryAd,NoMajor,,E_W_S,LittleChange,,SWQuad,LVorOther,WidespdDnsl
WeakUp,,,WeakUp,WeakUp,Neutral,,,Neutral,,PC,Clear,Clear,,,DCVZFavor,,,,,DecCapIncIns,Decreasing,WeakPos,Decreasing,XNIL,Aug20_Sep15,K,CThruK,Stifling,,MoreThanAve,,N1GtLIGt_4,Instability,MoreUnstable,MoreUnstable,ACEFK,,,Moderate,K,XNIL,XNIL,XNIL,HighEvrywher,Stable,Average,ModerateOrLe,OtherRapid,DryMMoistL,DryLine,SigPositive,Moving,,,WidespdDnsl
Down,Neutral,Neutral,Neutral,Neutral,Wet,Neutral,Dry,Neutral,Clear,,Cloudy,Cloudy,,,DCVZFavor,,,Weak,,IncCapDecIns,Increasing,Neutral,Increasing,XNIL,Jul16_Aug10,J,CThruK,Stifling,MoreThanAve,,CDEJ,N5GtLIGt_8,Stability,Average,MoreUnstable,GJ,,Unfavorable,,J,XNIL,XNIL,,LowAtStation,,,Steep,NoMajor,MoistMDryL,DryLine,LittleChange,Other,LV,LVorOther,
StrongUp,WeakUp,,,WeakUp,VeryWet,Wet,VeryWet,VeryWet,Clear,,,PC,Strong,Strong,DCVZFavor,Weak,,Strong,Marked,IncCapDecIns,Increasing,Negative,Decreasing,SVR,Aug20_Sep15,,,,Average,,CDEJ,,Neutral,LessUnstable,LessUnstable,ACEFK,,Strong,Strong,C,,XNIL,,,CloseToDryAd,Dry,Steep,OtherRapid,Other,E_W_N,SigNegative,,,Westerly,LongAnticyc
StrongUp,Neutral,StrongUp,StrongUp,,Wet,Dry,Wet,VeryWet,Clear,,PC,Cloudy,,,Westerly,,Weak,Weak,,IncCapDecIns,Increasing,,,XNIL,May15_Jun14,G,,PartInhibit,LessThanAve,MoreThanAve,G,N1GtLIGt_4,Stability,Average,Average,GJ,Stifling,Strong,,G,SIG,SVR,SVR,LowAtStation,,Dry,CloseToDryAd,MarkedUpper,Other,Other,LittleChange,,AllElse,,LongAnticyc
,WeakUp,Neutral,,,,Dry,VeryWet,VeryWet,Clear,Cloudy,,Cloudy,Strong,,Westerly,Weak,,,Marked,IncCapDecIns,Increasing,Neutral,,SVR,Jul16_Aug10,I,CThruK,TotalInhibit,MoreThanAve,MoreThanAve,ABI,N5GtLIGt_8,Instability,LessUnstable,LessUnstable,HI,,Weak,Slight,I,XNIL,XNIL,SVR,Other,CloseToDryAd,Dry,,NoMajor,Other,,NegToPos,Moving,AllElse,Westerly,E_NE
Down,,Neutral,Neutral,Neutral,Dry,,,Dry,PC,Cloudy,,PC,Weak,Strong,Other,,Weak,,,LittleChange,LittleChange,StrongPos,Increasing,SVR,May15_Jun14,H,CThruK,,,Average,H,,Instability,MoreUnstable,MoreUnstable,HI,PartInhibit,Moderate,,H,SIG,SIG,SVR,Other,Stable,Average,,MarkedUpper,Other,Other,NegToPos,,LV,LVorOther,LV
Down,Down,,Down,Down,Wet,Wet,Neutral,Neutral,PC,,PC,,Strong,Strong,StrongWest,Strong,Weak,Weak,,LittleChange,,,Increasing,,,A,AB,,,LessThanAve,ABI,N1GtLIGt_4,,Average,Average,ACEFK,,Weak,,A,SIG,SIG,SVR,LowEvrywhere,,,Steep,StrongFront,DryMMoistL,MovingFtorOt,PosToNeg,Other,,Westerly,DenvCyclone
Down,,Down,Down,Down,Dry,,Neutral,Dry,Clear,Clear,,Clear,Strong,,,,Weak,,Marked,IncCapDecIns,Increasing,Neutral,LittleChange,SVR,Aug20_Sep15,G,CThruK,,LessThanAve,Average,,,Instability,Average,Average,,,Unfavorable,,,XNIL,XNIL,,,,Dry,CloseToDryAd,NoMajor,MoistMDryL,,,,NWQuad,Westerly,LongAnticyc
StrongUp,,WeakUp,StrongUp,,Neutral,Neutral,,Wet,,PC,PC,PC,Weak,Weak,Westerly,Weak,,Strong,,LittleChange,LittleChange,Negative,,SIG,Jun15_Jul1,D,CThruK,Stifling,,MoreThanAve,CDEJ,N1GtLIGt_4,Stability,MoreUnstable,Average,D,PartInhibit,Weak,,D,,,,LowSHighN,CloseToDryAd,,CloseToDryAd,OtherRapid,MoistMDryL,DryLine,SigNegative,Moving,NWQuad,,SEQuad
Neutral,,,WeakUp,WeakUp,,Dry,Neutral,Wet,PC,PC,PC,PC,Strong,Strong,DCVZFavor,Weak,,Weak,Marked,IncCapDecIns,Increasing,WeakPos,Increasing,SIG,Jun15_Jul1,,AB,PartInhibit,LessThanAve,,ABI,N5GtLIGt_8,Instability,MoreUnstable,,B,PartInhibit,,,B,SIG,SIG,SIG,HighEvrywher,ModerateOrLe,,Steep,,Other,DenvCyclone,PosToNeg,,NWQuad,Westerly,E_NE
Neutral,,,Down,Down,,Wet,Dry,Dry,PC,Clear,PC,PC,Strong,,Westerly,Strong,,Strong,,,Decreasing,Negative,Decreasing,,May15_Jun14,A,AB,,LessThanAve,LessThanAve,ABI,N1GtLIGt_4,Stability,LessUnstable,LessUnstable,ACEFK,,Moderate,Slight,A,XNIL,XNIL,SIG,Other,ModerateOrLe,Average,Steep,StrongFront,,,NegToPos,,SWQuad,Westerly,
StrongUp,StronUp,WeakUp,StrongUp,StrongUp,,Wet,,VeryWet,PC,Cloudy,Cloudy,Cloudy,Weak,Strong,Westerly,Strong,Weak,Strong,Some,LittleChange,LittleChange,,Increasing,SVR,,,,PartInhibit,MoreThanAve,MoreThanAve,ABI,,Stability,,MoreUnstable,,Stifling,Moderate,,I,SVR,SIG,SVR,LowMtsHighPl,,VeryMoist,CloseToDryAd,StrongFront,DryMMoistL,,,QStationary,SWQuad,Westerly,DenvCyclone
Down,Neutral,WeakUp,WeakUp,WeakUp,Neutral,Neutral,Neutral,Neutral,Clear,PC,Clear,,Strong,Strong,Other,Strong,Weak,Strong,Some,LittleChange,LittleChange,WeakPos,,SIG,Aug11_Aug20,J,CThruK,,,MoreThanAve,,N1GtLIGt_4,,MoreUnstable,MoreUnstable,GJ,PartInhibit,Strong,,J,XNIL,XNIL,SIG,LowAtStation,Steep,,,,MoistMDryL,Other,LittleChange,Other,,LVorOther,LV
WeakUp,WeakUp,Neutral,Neutral,Neutral,,,Neutral,Neutral,,,Clear,,Strong,,,Weak,Strong,Weak,Marked,,LittleChange,WeakPos,Decreasing,,May15_Jun14,,CThruK,PartInhibit,,Average,CDEJ,N1GtLIGt_4,Instability,MoreUnstable,,ACEFK,,Strong,Moderate,,SIG,SVR,SVR,,CloseToDryAd,Dry,ModerateOrLe,NoMajor,Other,,LittleChange,,LV,LVorOther,
Down,Neutral,WeakUp,Down,,,,,Neutral,,,PC,PC,,,Westerly,,,,,IncCapDecIns,Increasing,Neutral,Increasing,XNIL,Jul16_Aug10,J,CThruK,PartInhibit,Average,MoreThanAve,CDEJ,N5GtLIGt_8,Neutral,,MoreUnstable,GJ,Stifling,Moderate,Slight,J,XNIL,XNIL,,,ModerateOrLe,Average,Steep,,MoistMDryL,DryLine,,,LV,LVorOther,LV
StrongUp,Neutral,Neutral,WeakUp,WeakUp,Dry,,,Dry,Clear,,Clear,PC,,,DCVZFavor,,,Weak,,LittleChange,LittleChange,WeakPos,Increasing,,Jun15_Jul1,C,CThruK,,LessThanAve,Average,CDEJ,N5GtLIGt_8,Stability,LessUnstable,LessUnstable,ACEFK,,Strong,Strong,,SVR,SVR,SVR,,CloseToDryAd,,Steep,,Other,E_W_S,SigPositive,Other,AllElse,LVorOther,LV
Down,WeakUp,Down,Down,Down,Neutral,Dry,Dry,Dry,Clear,Clear,Clear,Clear,,,StrongWest,,,Weak,,,LittleChange,Neutral,,,Aug20_Sep15,B,AB,,Average,Average,ABI,,Instability,MoreUnstable,MoreUnstable,B,TotalInhibit,Moderate,Slight,,XNIL,XNIL,XNIL,HighEvrywher,,VeryMoist,Steep,NoMajor,Other,DenvCyclone,LittleChange,,AllElse,LVorOther,
WeakUp,StronUp,StrongUp,StrongUp,StrongUp,Dry,Dry,,Neutral,PC,PC,PC,PC,,Weak,DCVZFavor,Weak,,,Some,,Decreasing,Negative,Decreasing,,Aug20_Sep15,I,CThruK,PartInhibit,,Average,ABI,,Stability,,LessUnstable,HI,TotalInhibit,Moderate,Slight,I,XNIL,XNIL,XNIL,LowSHighN,Steep,VeryMoist,ModerateOrLe,NoMajor,Other,MovingFtorOt,,QStationary,,LVorOther,LV
Down,StronUp,StrongUp,Down,Down,Wet,Neutral,Neutral,Neutral,,,Cloudy,,,,StrongWest,,,,,DecCapIncIns,Decreasing,StrongPos,Increasing,XNIL,Jul16_Aug10,H,CThruK,PartInhibit,LessThanAve,LessThanAve,H,N1GtLIGt_4,Stability,LessUnstable,Average,HI,Stifling,,,H,XNIL,XNIL,XNIL,HighEvrywher,,VeryMoist,,MarkedUpper,,MovingFtorOt,,,NWQuad,LVorOther,
StrongUp,Neutral,,StrongUp,StrongUp,Wet,,Wet,,Clear,PC,Clear,Clear,Weak,Strong,,Strong,Weak,Strong,Marked,LittleChange,LittleChange,,Decreasing,XNIL,,,CThruK,,LessThanAve,LessThanAve,F,,,,,ACEFK,PartInhibit,Moderate,Moderate,F,XNIL,SIG,,Other,Steep,VeryMoist,ModerateOrLe,NoMajor,Other,DenvCyclone,,,LV,,SEQuad
,StronUp,,,StrongUp,Neutral,Neutral,Neutral,Wet,Clear,,Clear,PC,,Weak,Other,,,,,LittleChange,LittleChange,Neutral,LittleChange,SIG,,G,CThruK,TotalInhibit,MoreThanAve,MoreThanAve,G,N5GtLIGt_8,Stability,Average,Average,GJ,Stifling,Moderate,,,,SIG,SIG,LowEvrywhere,,Dry,Steep,StrongFront,MoistMDryL,,SigNegative,,SWQuad,Westerly,LongAnticyc
,StronUp,,StrongUp,StrongUp,Dry,Neutral,Dry,Neutral,Clear,Clear,,PC,,,DCVZFavor,Weak,Strong,,,DecCapIncIns,,Neutral,,XNIL,May15_Jun14,H,CThruK,Stifling,Average,LessThanAve,H,N1GtLIGt_4,Neutral,Average,Average,,,Moderate,,,XNIL,XNIL,XNIL,,ModerateOrLe,Average,Steep,MarkedUpper,DryMMoistL,,NegToPos,,NWQuad,LVorOther,E_NE
Down,Neutral,StrongUp,Neutral,Neutral,,Dry,Neutral,Neutral,Clear,PC,Clear,Clear,,,DCVZFavor,,Weak,Strong,Marked,,LittleChange,WeakPos,,SIG,May15_Jun14,,,Stifling,,Average,CDEJ,N1GtLIGt_4,Stability,MoreUnstable,MoreUnstable,ACEFK,PartInhibit,Weak,Slight,,SVR,,SVR,LowEvrywhere,CloseToDryAd,Average,ModerateOrLe,,MoistMDryL,DryLine,SigPositive,QStationary,,,DenvCyclone
,Neutral,Neutral,Neutral,Neutral,VeryWet,Dry,,,PC,Clear,,Cloudy,Weak,Weak,,,,Weak,,IncCapDecIns,Increasing,,LittleChange,XNIL,Aug20_Sep15,,,TotalInhibit,MoreThanAve,,H,,Stability,LessUnstable,LessUnstable,,Stifling,Unfavorable,,,XNIL,XNIL,XNIL,Other,Stable,Average,,OtherRapid,DryMMoistL,,LittleChange,,LV,LVorOther,E_NE
Neutral,Down,StrongUp,,Neutral,,Wet,Neutral,,,PC,Clear,PC,Weak,Strong,Westerly,Strong,Weak,Strong,,,Increasing,Neutral,LittleChange,SIG,Aug11_Aug20,A,AB,PartInhibit,LessThanAve,Average,ABI,N5GtLIGt_8,Instability,,Average,ACEFK,,Strong,Moderate,A,SVR,,SVR,HighEvrywher,Stable,Dry,Steep,,DryMMoistL,DenvCyclone,SigNegative,Other,SWQuad,Westerly,DenvCyclone
StrongUp,Neutral,StrongUp,StrongUp,StrongUp,Dry,,,,Clear,Clear,Clear,Clear,Weak,Strong,Other,,,,,LittleChange,LittleChange,Negative,Decreasing,,Jun15_Jul1,C,CThruK,PartInhibit,Average,Average,,N1GtLIGt_4,Neutral,Average,Average,,PartInhibit,Moderate,,C,XNIL,XNIL,,LowEvrywhere,Steep,Dry,Steep,NoMajor,MoistMDryL,E_W_N,NegToPos,,NWQuad,Westerly,WidespdDnsl
WeakUp,Neutral,,Neutral,Neutral,Neutral,Neutral,Neutral,,,Clear,Clear,,,Strong,Other,,Weak,,,DecCapIncIns,Decreasing,Neutral,Decreasing,SVR,Aug20_Sep15,H,CThruK,,Average,LessThanAve,H,N1GtLIGt_4,Neutral,LessUnstable,LessUnstable,HI,Stifling,Moderate,Moderate,H,XNIL,XNIL,SVR,LowMtsHighPl,,VeryMoist,,NoMajor,DryMMoistL,,SigNegative,,NWQuad,Westerly,E_NE
,Neutral,WeakUp,Neutral,Neutral,Wet,,,,PC,PC,PC,PC,,,Westerly,,,,,IncCapDecIns,Increasing,StrongPos,,XNIL,May15_Jun14,H,,Stifling,Average,,H,,Stability,Average,,HI,,Strong,Slight,H,SVR,SVR,,HighEvrywher,,Average,ModerateOrLe,MarkedUpper,DryMMoistL,MovingFtorOt,SigNegative,Moving,AllElse,LVorOther,E_NE
Down,Neutral,,Neutral,Neutral,Dry,VeryWet,VeryWet,,Clear,PC,PC,PC,Weak,Strong,Other,Strong,,Weak,Some,LittleChange,LittleChange,Neutral,,SVR,,H,CThruK,PartInhibit,LessThanAve,,H,N1GtLIGt_4,,LessUnstable,,HI,Stifling,Weak,Slight,H,XNIL,XNIL,SVR,LowSHighN,,Average,ModerateOrLe,NoMajor,Other,MovingFtorOt,PosToNeg,Moving,LV,Westerly,E_NE
StrongUp,StronUp,,,WeakUp,Dry,,Dry,Dry,,,Clear,,Weak,,Westerly,Strong,,Strong,,IncCapDecIns,Increasing,Negative,Decreasing,SVR,,K,CThruK,PartInhibit,Average,Average,K,N1GtLIGt_4,Neutral,LessUnstable,,,,Weak,Moderate,K,XNIL,XNIL,,Other,Steep,,Steep,,,,SigNegative,,NWQuad,,WidespdDnsl
WeakUp,Neutral,Down,Down,Down,VeryWet,Wet,VeryWet,VeryWet,Clear,Cloudy,,Cloudy,Strong,,Other,,,,Some,,,,Increasing,SVR,Jul2_Jul15,I,CThruK,,MoreThanAve,MoreThanAve,ABI,N1GtLIGt_4,,,LessUnstable,,,Weak,,I,XNIL,XNIL,SVR,LowSHighN,,Dry,CloseToDryAd,OtherRapid,DryMMoistL,E_W_S,PosToNeg,,SWQuad,LVorOther,SEQuad
Down,WeakUp,,Down,Down,,Wet,Dry,Dry,,PC,Clear,,Strong,,,Strong,,Strong,Marked,DecCapIncIns,Decreasing,Neutral,Decreasing,,Jul16_Aug10,J,CThruK,PartInhibit,,MoreThanAve,CDEJ,N1GtLIGt_4,Stability,LessUnstable,LessUnstable,GJ,,Weak,,J,XNIL,XNIL,SVR,LowNHighS,,Dry,ModerateOrLe,NoMajor,DryMMoistL,DryLine,LittleChange,,,,LongAnticyc
WeakUp,Neutral,StrongUp,WeakUp,WeakUp,Dry,Neutral,Dry,Dry,PC,Clear,Cloudy,Cloudy,,Strong,Westerly,Strong,,,,IncCapDecIns,Increasing,Negative,LittleChange,SIG,Jul16_Aug10,,CThruK,PartInhibit,Average,MoreThanAve,CDEJ,N1GtLIGt_4,Stability,LessUnstable,LessUnstable,ACEFK,Stifling,Moderate,,E,XNIL,,SIG,LowNHighS,ModerateOrLe,Dry,,NoMajor,MoistMDryL,,,,AllElse,LVorOther,E_NE
StrongUp,,Neutral,WeakUp,WeakUp,Dry,,Dry,,,,PC,PC,Weak,Strong,DCVZFavor,Strong,,Strong,Marked,DecCapIncIns,,Neutral,LittleChange,SVR,Aug20_Sep15,D,CThruK,,Average,LessThanAve,,N1GtLIGt_4,,,MoreUnstable,D,,,Strong,D,XNIL,,SVR,LowSHighN,,Average,Steep,MarkedUpper,MoistMDryL,,SigPositive,Other,,Westerly,
Down,StronUp,Down,WeakUp,,Wet,Neutral,Neutral,Neutral,PC,,,,,,DCVZFavor,,,Strong,Marked,LittleChange,LittleChange,Negative,LittleChange,SVR,Aug20_Sep15,B,AB,PartInhibit,Average,Average,,N5GtLIGt_8,Neutral,MoreUnstable,MoreUnstable,B,,Strong,Slight,B,SIG,SIG,SVR,LowMtsHighPl,Stable,VeryMoist,ModerateOrLe,,Other,,PosToNeg,Other,NWQuad,Westerly,DenvCyclone
,,StrongUp,Neutral,Neutral,,Wet,Wet,Wet,PC,Clear,Clear,PC,Weak,Weak,DCVZFavor,,Strong,Strong,,LittleChange,LittleChange,Negative,LittleChange,,May15_Jun14,,,PartInhibit,LessThanAve,LessThanAve,,N1GtLIGt_4,Instability,MoreUnstable,MoreUnstable,ACEFK,PartInhibit,,Moderate,A,SIG,SIG,SIG,LowSHighN,ModerateOrLe,Average,Steep,OtherRapid,DryMMoistL,DenvCyclone,PosToNeg,,,Westerly,E_NE
Neutral,Neutral,Neutral,Neutral,,Neutral,Dry,Dry,,PC,Clear,,Clear,,Weak,,Weak,,,Some,IncCapDecIns,,WeakPos,LittleChange,XNIL,Jul2_Jul15,,CThruK,PartInhibit,Average,MoreThanAve,ABI,,Neutral,Average,,HI,PartInhibit,Strong,,,SIG,SIG,SIG,LowSHighN,CloseToDryAd,VeryMoist,CloseToDryAd,OtherRapid,Other,MovingFtorOt,SigPositive,QStationary,SWQuad,Westerly,E_NE
,StronUp,WeakUp,StrongUp,StrongUp,Dry,Dry,,Neutral,Clear,,PC,Cloudy,Strong,Strong,StrongWest,,,Strong,Some,IncCapDecIns,Increasing,Negative,LittleChange,SIG,,K,CThruK,PartInhibit,MoreThanAve,MoreThanAve,K,N1GtLIGt_4,Stability,MoreUnstable,MoreUnstable,,,Weak,,K,XNIL,XNIL,SIG,HighEvrywher,,Dry,ModerateOrLe,MarkedUpper,DryMMoistL,,SigPositive,Other,NWQuad,Westerly,SEQuad
StrongUp,,StrongUp,StrongUp,StrongUp,Dry,Wet,Neutral,VeryWet,Clear,Cloudy,Clear,,,,Westerly,,Weak,,,LittleChange,LittleChange,WeakPos,LittleChange,,,,CThruK,PartInhibit,Average,LessThanAve,,N1GtLIGt_4,Stability,,MoreUnstable,,,,Moderate,K,SVR,SVR,SVR,Other,Steep,Dry,CloseToDryAd,MarkedUpper,DryMMoistL,MovingFtorOt,,,NWQuad,Westerly,WidespdDnsl
Down,Neutral,Neutral,Down,Down,,VeryWet,VeryWet,VeryWet,,PC,PC,PC,,Weak,DCVZFavor,Weak,,Weak,Marked,LittleChange,LittleChange,Negative,,SIG,Aug20_Sep15,K,CThruK,PartInhibit,Average,Average,K,N1GtLIGt_4,Instability,Average,Average,ACEFK,PartInhibit,Strong,Strong,K,XNIL,XNIL,SIG,LowNHighS,ModerateOrLe,,,MarkedUpper,,MovingFtorOt,,Moving,AllElse,,WidespdDnsl
,Down,,,Neutral,Neutral,,Neutral,Neutral,Cloudy,Clear,Cloudy,,,,StrongWest,,,,,,,WeakPos,Increasing,XNIL,,H,CThruK,,,,,LIGt0,Instability,LessUnstable,Average,HI,,Moderate,,,XNIL,XNIL,XNIL,,Stable,Average,,,,,SigNegative,Moving,NWQuad,LVorOther,E_NE
StrongUp,,WeakUp,WeakUp,WeakUp,,Dry,Dry,,Clear,PC,PC,,Strong,Strong,Other,,,,,,Increasing,StrongPos,,SVR,Jul16_Aug10,I,CThruK,,,MoreThanAve,ABI,N5GtLIGt_8,Stability,Average,Average,,PartInhibit,Weak,,I,,,SVR,LowSHighN,ModerateOrLe,,Steep,NoMajor,DryMMoistL,E_W_S,NegToPos,QStationary,LV,,E_NE
,Neutral,,Down,Down,VeryWet,Dry,VeryWet,VeryWet,Clear,PC,Clear,Clear,,,StrongWest,Strong,,,Marked,LittleChange,,,LittleChange,SIG,Jul2_Jul15,K,CThruK,PartInhibit,,Average,K,N5GtLIGt_8,Neutral,Average,Average,ACEFK,,Weak,Moderate,,SVR,SVR,SVR,Other,,VeryMoist,,,DryMMoistL,,LittleChange,QStationary,,LVorOther,
Neutral,WeakUp,Down,Neutral,Neutral,Neutral,,,,PC,Cloudy,PC,,Weak,Weak,,,Strong,Weak,Some,LittleChange,LittleChange,StrongPos,Increasing,,Jul16_Aug10,,CThruK,PartInhibit,Average,Average,CDEJ,N5GtLIGt_8,Neutral,Average,Average,ACEFK,PartInhibit,,,E,,XNIL,XNIL,LowSHighN,CloseToDryAd,Dry,Steep,NoMajor,,,,,,,LV
StrongUp,Neutral,WeakUp,WeakUp,WeakUp,Neutral,VeryWet,Wet,Wet,Cloudy,Cloudy,Cloudy,Cloudy,,Strong,StrongWest,Strong,,Weak,,DecCapIncIns,,Neutral,Decreasing,SVR,Jun15_Jul1,,CThruK,PartInhibit,LessThanAve,,K,,Stability,Average,LessUnstable,,PartInhibit,,,,XNIL,,SVR,,,Dry,,OtherRapid,Other,,NegToPos,Other,,Westerly,WidespdDnsl
Down,,Neutral,Down,,,Wet,Wet,Wet,Clear,PC,PC,Clear,Weak,Strong,,,Weak,Weak,Marked,IncCapDecIns,Increasing,Negative,,SIG,,H,CThruK,TotalInhibit,MoreThanAve,MoreThanAve,H,,Instability,Average,,HI,PartInhibit,Unfavorable,,H,XNIL,XNIL,SIG,,Stable,Average,Steep,,DryMMoistL,E_W_S,SigNegative,Other,NWQuad,,E_NE
WeakUp,Neutral,StrongUp,WeakUp,,Wet,Dry,Neutral,Dry,,PC,,,Strong,Strong,,Strong,,Weak,Some,LittleChange,LittleChange,,LittleChange,,Jul2_Jul15,F,,,MoreThanAve,MoreThanAve,F,N1GtLIGt_4,,LessUnstable,LessUnstable,ACEFK,PartInhibit,,,F,XNIL,XNIL,SVR,HighEvrywher,Stable,VeryMoist,ModerateOrLe,OtherRapid,Other,Other,,,LV,LVorOther,DenvCyclone
Neutral,,Down,Down,Down,Neutral,VeryWet,,Wet,PC,Clear,PC,PC,Strong,Strong,Other,,Weak,Weak,Some,,Increasing,StrongPos,,SIG,Jun15_Jul1,A,AB,PartInhibit,Average,MoreThanAve,ABI,N1GtLIGt_4,Instability,LessUnstable,,ACEFK,,Moderate,Moderate,A,XNIL,XNIL,SIG,Other,,VeryMoist,,,DryMMoistL,DenvCyclone,SigNegative,QStationary,SWQuad,Westerly,
StrongUp,StronUp,Neutral,StrongUp,StrongUp,Neutral,,,Wet,PC,Clear,Clear,,Weak,,StrongWest,Strong,Weak,Weak,Marked,LittleChange,LittleChange,Neutral,,SIG,Jul16_Aug10,,CThruK,,MoreThanAve,MoreThanAve,F,,Neutral,Average,Average,ACEFK,TotalInhibit,,,F,XNIL,XNIL,,HighEvrywher,ModerateOrLe,VeryMoist,Steep,,Other,,PosToNeg,,,LVorOther,SEQuad
Neutral,Neutral,Neutral,Neutral,Neutral,Dry,Neutral,Dry,Dry,PC,PC,PC,PC,Weak,,Westerly,,Strong,Strong,,LittleChange,LittleChange,,LittleChange,SIG,,E,CThruK,PartInhibit,Average,Average,CDEJ,N1GtLIGt_4,,,LessUnstable,ACEFK,,Strong,,E,,SIG,SIG,Other,,Dry,,NoMajor,MoistMDryL,,PosToNeg,,,LVorOther,WidespdDnsl
Neutral,Down,Down,Down,,,VeryWet,Neutral,Dry,Clear,Clear,,Clear,Strong,Strong,,Strong,,Strong,Marked,IncCapDecIns,Increasing,Negative,Decreasing,SVR,Aug11_Aug20,K,CThruK,PartInhibit,LessThanAve,,K,,Stability,MoreUnstable,LessUnstable,ACEFK,PartInhibit,Strong,Strong,K,,XNIL,,LowSHighN,ModerateOrLe,VeryMoist,ModerateOrLe,,DryMMoistL,MovingFtorOt,,QStationary,NWQuad,Westerly,DenvCyclone
Neutral,Neutral,Neutral,,Neutral,Neutral,,Dry,Neutral,Clear,PC,Clear,Clear,,Strong,Other,Strong,,Strong,Some,DecCapIncIns,Decreasing,,Decreasing,,,D,CThruK,Stifling,Average,,,N5GtLIGt_8,Instability,,Average,D,,Moderate,Strong,,,SIG,SIG,LowMtsHighPl,CloseToDryAd,,Steep,OtherRapid,Other,,SigNegative,Moving,SWQuad,,
WeakUp,,Down,Down,Down,,,,Dry,,PC,Cloudy,Cloudy,Weak,,StrongWest,Strong,,Weak,Marked,DecCapIncIns,Decreasing,,LittleChange,SIG,Jul2_Jul15,D,CThruK,PartInhibit,Average,LessThanAve,,N1GtLIGt_4,Stability,Average,Average,D,Stifling,Weak,,D,XNIL,XNIL,SIG,LowEvrywhere,,Dry,CloseToDryAd,MarkedUpper,,Other,SigPositive,,SWQuad,Westerly,DenvCyclone
StrongUp,Neutral,,WeakUp,,,Dry,VeryWet,VeryWet,PC,PC,PC,,,Weak,StrongWest,,Weak,Strong,,LittleChange,LittleChange,Neutral,Decreasing,SIG,May15_Jun14,I,,,MoreThanAve,MoreThanAve,ABI,,Neutral,,LessUnstable,HI,TotalInhibit,Weak,,I,XNIL,XNIL,SIG,LowMtsHighPl,ModerateOrLe,Average,Steep,MarkedUpper,Other,Other,SigNegative,QStationary,,Westerly,DenvCyclone
Down,Neutral,WeakUp,Neutral,Neutral,Neutral,VeryWet,Neutral,Neutral,Cloudy,PC,,,Strong,Strong,DCVZFavor,,,Weak,,IncCapDecIns,Increasing,Negative,LittleChange,SVR,May15_Jun14,C,CThruK,,LessThanAve,Average,CDEJ,N1GtLIGt_4,Neutral,Average,,ACEFK,PartInhibit,Weak,,C,,XNIL,,LowEvrywhere,,Dry,ModerateOrLe,StrongFront,Other,E_W_S,,,,LVorOther,
Neutral,Neutral,Neutral,Neutral,Neutral,Neutral,Neutral,Neutral,Neutral,PC,,PC,PC,,Weak,Other,,,Weak,,LittleChange,,Neutral,,XNIL,Jul16_Aug10,C,CThruK,Stifling,,MoreThanAve,CDEJ,,Stability,Average,,ACEFK,Stifling,Weak,,C,XNIL,XNIL,XNIL,LowAtStation,CloseToDryAd,Average,Steep,MarkedUpper,DryMMoistL,E_W_N,,Other,LV,Westerly,LongAnticyc
WeakUp,,WeakUp,Neutral,Neutral,,VeryWet,VeryWet,VeryWet,,PC,PC,,Weak,Strong,StrongWest,Strong,,Strong,Marked,,LittleChange,WeakPos,,XNIL,Jun15_Jul1,,,,LessThanAve,,ABI,,Instability,MoreUnstable,MoreUnstable,HI,TotalInhibit,Moderate,,,XNIL,XNIL,XNIL,,,Dry,CloseToDryAd,NoMajor,DryMMoistL,,SigNegative,,SWQuad,Westerly,DenvCyclone
StrongUp,Neutral,StrongUp,WeakUp,WeakUp,Neutral,Neutral,Wet,VeryWet,Clear,Cloudy,,Clear,,,DCVZFavor,,,,,LittleChange,LittleChange,WeakPos,LittleChange,XNIL,Jun15_Jul1,G,CThruK,Stifling,MoreThanAve,MoreThanAve,G,N5GtLIGt_8,Neutral,,Average,GJ,PartInhibit,Weak,,,XNIL,XNIL,XNIL,LowAtStation,CloseToDryAd,,Steep,,Other,,PosToNeg,,NWQuad,LVorOther,LongAnticyc
StrongUp,Neutral,Neutral,WeakUp,,Dry,Neutral,,,Cloudy,PC,,Cloudy,Strong,,StrongWest,Strong,,Strong,Marked,DecCapIncIns,Decreasing,,Increasing,SVR,,G,CThruK,Stifling,Average,LessThanAve,G,,Neutral,MoreUnstable,MoreUnstable,GJ,Stifling,,,G,SIG,,,LowAtStation,CloseToDryAd,Dry,,OtherRapid,MoistMDryL,,SigNegative,,AllElse,Westerly,WidespdDnsl
Neutral,,Down,Neutral,Neutral,Dry,Dry,Dry,,PC,,Clear,,,,StrongWest,Strong,Weak,Weak,Some,IncCapDecIns,Increasing,,,,,F,CThruK,PartInhibit,Average,MoreThanAve,F,,Instability,MoreUnstable,MoreUnstable,ACEFK,,Weak,Moderate,F,XNIL,XNIL,,HighEvrywher,Steep,VeryMoist,ModerateOrLe,NoMajor,,,SigPositive,,,,LV
Down,StronUp,,Neutral,Neutral,Dry,Neutral,VeryWet,Wet,Clear,Clear,Clear,Clear,Weak,Strong,DCVZFavor,Weak,Weak,Weak,Marked,,LittleChange,StrongPos,Increasing,SVR,May15_Jun14,I,CThruK,,LessThanAve,LessThanAve,,N1GtLIGt_4,Instability,Average,,HI,,Weak,Slight,I,,XNIL,,LowSHighN,,VeryMoist,ModerateOrLe,MarkedUpper,DryMMoistL,E_W_N,SigNegative,Moving,,Westerly,E_NE
Neutral,StronUp,,WeakUp,WeakUp,,Neutral,Wet,Neutral,PC,PC,PC,PC,Weak,Weak,DCVZFavor,,Weak,Strong,,LittleChange,LittleChange,,,XNIL,Jul16_Aug10,D,,PartInhibit,LessThanAve,LessThanAve,,N5GtLIGt_8,Instability,MoreUnstable,Average,D,Stifling,,,D,XNIL,XNIL,XNIL,,Stable,Average,Steep,OtherRapid,DryMMoistL,,,,AllElse,LVorOther,SEQuad
,Down,,Neutral,Neutral,Wet,Neutral,Wet,Wet,,Clear,Clear,Clear,Weak,Strong,Other,,,,,DecCapIncIns,Decreasing,Neutral,,SIG,Aug20_Sep15,B,AB,PartInhibit,Average,,ABI,LILt_8,Neutral,MoreUnstable,MoreUnstable,B,,Weak,Slight,,XNIL,XNIL,SIG,LowMtsHighPl,,VeryMoist,Steep,OtherRapid,Other,,PosToNeg,QStationary,AllElse,LVorOther,E_NE
Down,StronUp,Neutral,,Neutral,Wet,VeryWet,VeryWet,VeryWet,Clear,Clear,,,Weak,Strong,DCVZFavor,Weak,,Weak,Marked,IncCapDecIns,Increasing,WeakPos,Increasing,SVR,Aug20_Sep15,,,Stifling,Average,MoreThanAve,,LIGt0,Instability,MoreUnstable,MoreUnstable,,,,Moderate,D,XNIL,XNIL,,LowAtStation,Steep,Dry,Steep,StrongFront,Other,DryLine,SigNegative,,AllElse,,DenvCyclone
,Neutral,StrongUp,,StrongUp,Wet,Dry,Wet,VeryWet,PC,PC,PC,Cloudy,Weak,Strong,StrongWest,Strong,Weak,Strong,Marked,IncCapDecIns,Increasing,Negative,,XNIL,Aug20_Sep15,,CThruK,PartInhibit,Average,Average,CDEJ,N5GtLIGt_8,,LessUnstable,,D,PartInhibit,,Moderate,D,,XNIL,XNIL,,CloseToDryAd,,CloseToDryAd,,MoistMDryL,DryLine,,Other,AllElse,Westerly,SEQuad
Down,Neutral,Down,Down,Down,Neutral,,VeryWet,Wet,PC,,PC,,Strong,,Westerly,Strong,Weak,,Some,IncCapDecIns,Increasing,StrongPos,Increasing,,Aug20_Sep15,K,CThruK,PartInhibit,,MoreThanAve,K,N1GtLIGt_4,Stability,Average,,ACEFK,Stifling,,Moderate,K,,SVR,SVR,,,Average,,MarkedUpper,,,SigPositive,Moving,AllElse,LVorOther,LongAnticyc
,,Down,Neutral,,Wet,,VeryWet,,PC,Clear,Cloudy,Cloudy,Strong,Strong,Westerly,Strong,Weak,,Some,,,,Increasing,,May15_Jun14,I,CThruK,,Average,MoreThanAve,ABI,N5GtLIGt_8,Stability,,,,,,Moderate,I,SVR,SVR,SVR,LowSHighN,ModerateOrLe,VeryMoist,CloseToDryAd,OtherRapid,DryMMoistL,,,QStationary,AllElse,LVorOther,LV
StrongUp,Neutral,,WeakUp,,Neutral,Neutral,Neutral,Wet,PC,PC,,Cloudy,,,StrongWest,,,,,LittleChange,LittleChange,Neutral,LittleChange,XNIL,Jun15_Jul1,K,CThruK,TotalInhibit,Average,LessThanAve,K,N5GtLIGt_8,Stability,MoreUnstable,MoreUnstable,ACEFK,,Weak,Slight,K,XNIL,XNIL,XNIL,,CloseToDryAd,Average,Steep,StrongFront,MoistMDryL,E_W_N,SigNegative,Other,AllElse,Westerly,WidespdDnsl
Down,StronUp,Down,,Down,Wet,,Neutral,Dry,,Cloudy,PC,Clear,Weak,Weak,Westerly,Weak,Weak,Weak,Some,,,,Decreasing,XNIL,,D,CThruK,Stifling,MoreThanAve,,CDEJ,N1GtLIGt_4,,,LessUnstable,D,Stifling,,,,,XNIL,XNIL,HighEvrywher,CloseToDryAd,Average,Steep,OtherRapid,,E_W_S,NegToPos,Moving,NWQuad,LVorOther,E_NE
StrongUp,,,,StrongUp,,Dry,Dry,Dry,Clear,Clear,Clear,,Weak,Weak,,,,Weak,,,Decreasing,Neutral,LittleChange,XNIL,,B,AB,PartInhibit,LessThanAve,LessThanAve,,,,LessUnstable,,B,PartInhibit,Moderate,,B,,,XNIL,LowMtsHighPl,ModerateOrLe,VeryMoist,Steep,NoMajor,DryMMoistL,DenvCyclone,NegToPos,,SWQuad,LVorOther,E_NE
Neutral,StronUp,,Neutral,Neutral,VeryWet,,Wet,Wet,Clear,Cloudy,,Clear,Strong,Strong,,Weak,,,Marked,DecCapIncIns,Decreasing,Negative,Decreasing,,May15_Jun14,K,,PartInhibit,MoreThanAve,Average,,N5GtLIGt_8,,,,ACEFK,,,,K,SIG,SIG,SVR,,,Dry,CloseToDryAd,StrongFront,DryMMoistL,Other,SigPositive,Other,AllElse,Westerly,SEQuad
StrongUp,Down,,Down,Down,,,,Wet,,Clear,Clear,Clear,,Weak,Other,,,,Some,,LittleChange,WeakPos,LittleChange,,May15_Jun14,D,CThruK,,LessThanAve,LessThanAve,CDEJ,N1GtLIGt_4,Instability,MoreUnstable,,,,,Strong,D,SVR,SVR,SVR,LowSHighN,Steep,VeryMoist,Steep,,Other,,SigNegative,QStationary,SWQuad,Westerly,
,WeakUp,Neutral,Neutral,Neutral,Dry,Wet,Dry,Neutral,PC,,PC,,Weak,Weak,DCVZFavor,,,Weak,Some,IncCapDecIns,Increasing,StrongPos,Increasing,SIG,,,CThruK,Stifling,MoreThanAve,MoreThanAve,CDEJ,N1GtLIGt_4,Stability,LessUnstable,Average,ACEFK,Stifling,Moderate,,E,,XNIL,,,Steep,,ModerateOrLe,NoMajor,MoistMDryL,,,,SWQuad,LVorOther,DenvCyclone
Neutral,,Neutral,Neutral,Neutral,Wet,,,VeryWet,Clear,,,,Strong,Strong,DCVZFavor,,,Weak,Marked,IncCapDecIns,Increasing,,Increasing,SVR,,G,,PartInhibit,Average,Average,G,N1GtLIGt_4,Instability,MoreUnstable,MoreUnstable,,PartInhibit,Moderate,Slight,G,SIG,SIG,SVR,LowEvrywhere,CloseToDryAd,Dry,CloseToDryAd,MarkedUpper,MoistMDryL,,SigPositive,,,Westerly,LV
Neutral,StronUp,WeakUp,Neutral,Neutral,,Neutral,Wet,VeryWet,PC,PC,,,,,,,,,,IncCapDecIns,,Neutral,,,Jul2_Jul15,J,CThruK,PartInhibit,Average,MoreThanAve,CDEJ,N1GtLIGt_4,Instability,Average,Average,GJ,,,Strong,,SIG,SIG,SIG,LowEvrywhere,CloseToDryAd,Average,CloseToDryAd,OtherRapid,,DryLine,,Other,LV,LVorOther,
Neutral,,WeakUp,WeakUp,,Dry,Neutral,VeryWet,VeryWet,PC,Cloudy,Cloudy,Cloudy,Strong,,DCVZFavor,Weak,,,Marked,IncCapDecIns,Increasing,WeakPos,Increasing,SIG,Jul16_Aug10,,CThruK,,Average,,,N1GtLIGt_4,Stability,,Average,,,Unfavorable,,C,XNIL,,SIG,LowEvrywhere,Steep,,,NoMajor,MoistMDryL,E_W_S,NegToPos,,LV,LVorOther,
WeakUp,WeakUp,,,Neutral,,Neutral,,Neutral,Cloudy,Clear,,Cloudy,Strong,Strong,StrongWest,,,Weak,Some,LittleChange,LittleChange,Negative,Decreasing,XNIL,,,CThruK,TotalInhibit,MoreThanAve,MoreThanAve,H,,,,LessUnstable,,,Moderate,,H,XNIL,XNIL,,,Stable,Average,,MarkedUpper,DryMMoistL,,NegToPos,,,Westerly,E_NE
WeakUp,Neutral,Neutral,Neutral,Neutral,Dry,,Wet,VeryWet,,,,,,,,,Strong,Strong,,DecCapIncIns,,,Increasing,XNIL,Jul16_Aug10,E,CThruK,Stifling,,MoreThanAve,,N1GtLIGt_4,Instability,MoreUnstable,MoreUnstable,ACEFK,PartInhibit,,Slight,,,XNIL,XNIL,LowAtStation,CloseToDryAd,Dry,ModerateOrLe,NoMajor,,,LittleChange,,SWQuad,Westerly,LV
,WeakUp,StrongUp,StrongUp,StrongUp,,Dry,Neutral,,Clear,PC,Clear,Cloudy,,,StrongWest,,Weak,,,DecCapIncIns,Decreasing,,Increasing,,May15_Jun14,A,,PartInhibit,LessThanAve,LessThanAve,ABI,N5GtLIGt_8,,Average,MoreUnstable,ACEFK,,Moderate,,A,SVR,,,LowMtsHighPl,Steep,Average,CloseToDryAd,,DryMMoistL,,NegToPos,Other,SWQuad,Westerly,DenvCyclone
WeakUp,,,Down,,,Dry,Dry,Dry,Clear,PC,,Clear,,Weak,Other,,,Weak,,LittleChange,LittleChange,,,SIG,Jul16_Aug10,,CThruK,,,LessThanAve,CDEJ,N1GtLIGt_4,Stability,LessUnstable,,ACEFK,Stifling,Unfavorable,,E,SVR,,SVR,LowMtsHighPl,,Average,,,MoistMDryL,Other,SigPositive,,SWQuad,Westerly,SEQuad
Neutral,,Neutral,WeakUp,WeakUp,Neutral,Dry,,Wet,PC,,PC,,Weak,Weak,,,Weak,Weak,,LittleChange,LittleChange,Negative,LittleChange,SIG,Jul16_Aug10,,CThruK,,Average,,CDEJ,,Neutral,MoreUnstable,MoreUnstable,ACEFK,,Moderate,Moderate,E,SIG,SIG,,LowNHighS,CloseToDryAd,Average,Steep,NoMajor,MoistMDryL,,,,SWQuad,,
Down,WeakUp,Down,Down,Down,,VeryWet,Wet,VeryWet,Clear,PC,,Clear,Strong,Strong,Other,,,Weak,,LittleChange,,StrongPos,Increasing,SVR,Jun15_Jul1,,AB,PartInhibit,,Average,ABI,N1GtLIGt_4,Instability,,,ACEFK,PartInhibit,Moderate,Slight,,,SVR,,HighEvrywher,Steep,Average,Steep,OtherRapid,Other,E_W_S,SigNegative,Other,SWQuad,LVorOther,
Neutral,StronUp,Neutral,StrongUp,StrongUp,Neutral,Neutral,,VeryWet,Clear,PC,Clear,,,Strong,Westerly,,Weak,,Marked,IncCapDecIns,Increasing,WeakPos,,SIG,Jul2_Jul15,A,AB,,,LessThanAve,ABI,N5GtLIGt_8,,MoreUnstable,MoreUnstable,ACEFK,,Strong,Strong,A,SVR,SVR,SVR,,,VeryMoist,CloseToDryAd,,Other,,SigNegative,Other,,Westerly,LV
Neutral,Neutral,,Neutral,,Dry,,Wet,Neutral,PC,Cloudy,Cloudy,Cloudy,Strong,,Other,,,,Some,LittleChange,LittleChange,Neutral,,,Jun15_Jul1,K,CThruK,TotalInhibit,MoreThanAve,MoreThanAve,,N1GtLIGt_4,Stability,LessUnstable,LessUnstable,ACEFK,,Weak,Slight,K,,XNIL,,LowSHighN,ModerateOrLe,Dry,,MarkedUpper,Other,,NegToPos,,NWQuad,Westerly,WidespdDnsl
StrongUp,Neutral,Neutral,,Neutral,,Neutral,,Neutral,Cloudy,Cloudy,,,Strong,Strong,DCVZFavor,Strong,Strong,Strong,Marked,IncCapDecIns,Increasing,Neutral,Increasing,SIG,May15_Jun14,K,,PartInhibit,Average,MoreThanAve,K,LIGt0,Instability,Average,MoreUnstable,,,Moderate,,K,XNIL,XNIL,SIG,LowEvrywhere,ModerateOrLe,Dry,ModerateOrLe,StrongFront,,,SigNegative,Moving,AllElse,,WidespdDnsl
StrongUp,,Down,StrongUp,,Dry,Dry,VeryWet,VeryWet,Clear,Clear,Clear,,Strong,Strong,DCVZFavor,Strong,,Strong,,IncCapDecIns,Increasing,Negative,LittleChange,SIG,Aug20_Sep15,I,CThruK,,Average,MoreThanAve,,N1GtLIGt_4,Stability,LessUnstable,LessUnstable,HI,,,,I,,SIG,SIG,Other,Stable,VeryMoist,CloseToDryAd,MarkedUpper,Other,DenvCyclone,SigNegative,,LV,LVorOther,DenvCyclone
StrongUp,,StrongUp,,StrongUp,,,Wet,,,,Clear,Cloudy,Weak,Strong,DCVZFavor,Weak,Weak,Strong,Marked,IncCapDecIns,,Neutral,Decreasing,SIG,Aug20_Sep15,J,,Stifling,,,CDEJ,N1GtLIGt_4,Neutral,MoreUnstable,,GJ,,,Moderate,J,SVR,SVR,SVR,,Steep,Average,,NoMajor,,,LittleChange,Other,LV,LVorOther,DenvCyclone
,WeakUp,Neutral,Neutral,,Neutral,Neutral,,Neutral,PC,PC,PC,PC,,,DCVZFavor,Weak,Weak,Weak,Marked,,LittleChange,StrongPos,,SVR,Jul16_Aug10,J,CThruK,PartInhibit,Average,Average,CDEJ,N1GtLIGt_4,Stability,LessUnstable,Average,GJ,PartInhibit,Unfavorable,,J,,XNIL,SVR,LowSHighN,Steep,,,,,DryLine,LittleChange,,LV,LVorOther,SEQuad
Neutral,StronUp,Neutral,WeakUp,WeakUp,Dry,,Wet,Wet,PC,Clear,PC,PC,Strong,Strong,Other,,,,,,Increasing,,LittleChange,SIG,May15_Jun14,G,CThruK,PartInhibit,Average,,,N1GtLIGt_4,Neutral,Average,Average,GJ,,Unfavorable,Slight,G,XNIL,XNIL,SIG,LowEvrywhere,CloseToDryAd,Dry,CloseToDryAd,MarkedUpper,Other,DryLine,SigPositive,,SWQuad,LVorOther,LongAnticyc
Down,,Down,,Down,VeryWet,,VeryWet,Wet,Clear,Cloudy,,,Strong,Strong,Westerly,,,Strong,Some,LittleChange,LittleChange,Neutral,LittleChange,SIG,,,,PartInhibit,LessThanAve,LessThanAve,,N1GtLIGt_4,Instability,LessUnstable,LessUnstable,ACEFK,PartInhibit,Moderate,Moderate,,SIG,SIG,SIG,LowNHighS,Stable,Average,CloseToDryAd,StrongFront,Other,DenvCyclone,,Other,SWQuad,Westerly,DenvCyclone
StrongUp,,Down,Neutral,Neutral,VeryWet,Neutral,Wet,Wet,,PC,PC,PC,Weak,Weak,Westerly,,Weak,,,DecCapIncIns,Decreasing,Negative,Decreasing,XNIL,Jul2_Jul15,D,CThruK,,Average,LessThanAve,CDEJ,,Stability,Average,,D,TotalInhibit,Strong,Slight,,XNIL,XNIL,,,CloseToDryAd,Average,CloseToDryAd,OtherRapid,,,PosToNeg,Moving,,Westerly,WidespdDnsl
Neutral,,Neutral,Neutral,Neutral,Dry,Wet,VeryWet,VeryWet,PC,Clear,,PC,Weak,Weak,Westerly,,Strong,Weak,Some,,,WeakPos,Increasing,SIG,Aug20_Sep15,A,AB,PartInhibit,LessThanAve,LessThanAve,ABI,N1GtLIGt_4,Stability,LessUnstable,Average,ACEFK,,Weak,Slight,,,,SIG,LowSHighN,ModerateOrLe,VeryMoist,Steep,StrongFront,DryMMoistL,,SigNegative,Other,SWQuad,LVorOther,SEQuad
WeakUp,WeakUp,,,WeakUp,Neutral,VeryWet,Wet,Neutral,,PC,,PC,Weak,Weak,Other,,,Weak,,,Decreasing,WeakPos,LittleChange,,,H,CThruK,PartInhibit,,LessThanAve,H,N1GtLIGt_4,,MoreUnstable,,HI,PartInhibit,Strong,Moderate,H,,SIG,SIG,LowMtsHighPl,ModerateOrLe,Average,,,Other,E_W_N,PosToNeg,,SWQuad,Westerly,E_NE
Neutral,Neutral,Down,Neutral,Neutral,Wet,Dry,Neutral,Dry,PC,PC,,PC,,Strong,Westerly,Strong,Weak,,,,Increasing,StrongPos,LittleChange,SIG,Jul2_Jul15,E,CThruK,Stifling,MoreThanAve,MoreThanAve,CDEJ,LIGt0,,,LessUnstable,ACEFK,,Moderate,Strong,E,XNIL,XNIL,SIG,LowNHighS,CloseToDryAd,Average,ModerateOrLe,,,,SigPositive,,AllElse,Westerly,WidespdDnsl
Down,Neutral,,Neutral,Neutral,Dry,Neutral,,Neutral,PC,,,PC,Weak,Strong,,,Weak,Strong,,LittleChange,LittleChange,Neutral,LittleChange,SIG,Jun15_Jul1,,AB,,,LessThanAve,,,Stability,LessUnstable,LessUnstable,B,PartInhibit,Moderate,Strong,B,SIG,SIG,SIG,LowSHighN,Steep,Average,ModerateOrLe,OtherRapid,DryMMoistL,,PosToNeg,Other,AllElse,Westerly,
,Down,WeakUp,Neutral,Neutral,VeryWet,Dry,Wet,Wet,PC,PC,,PC,Weak,Weak,StrongWest,Weak,,Weak,Some,LittleChange,LittleChange,Neutral,LittleChange,SIG,Jun15_Jul1,K,CThruK,,MoreThanAve,Average,K,N1GtLIGt_4,Stability,,LessUnstable,ACEFK,PartInhibit,Moderate,Slight,K,,,SIG,HighEvrywher,Stable,Dry,ModerateOrLe,StrongFront,MoistMDryL,MovingFtorOt,,QStationary,SWQuad,,
,Neutral,Neutral,Neutral,Neutral,,Neutral,Wet,Wet,,,,PC,,Weak,Westerly,Weak,Weak,,Some,LittleChange,LittleChange,,Increasing,XNIL,,,AB,,,LessThanAve,ABI,,,MoreUnstable,MoreUnstable,,PartInhibit,Moderate,Moderate,,SVR,SVR,SVR,LowSHighN,ModerateOrLe,Dry,ModerateOrLe,NoMajor,,DenvCyclone,SigNegative,Other,AllElse,LVorOther,SEQuad
Neutral,WeakUp,Neutral,Neutral,Neutral,,Neutral,Wet,,PC,,PC,PC,,Weak,StrongWest,Strong,Weak,Strong,Some,LittleChange,LittleChange,Neutral,,SIG,Jul16_Aug10,J,CThruK,PartInhibit,LessThanAve,LessThanAve,CDEJ,N5GtLIGt_8,Stability,MoreUnstable,,GJ,PartInhibit,Moderate,Slight,J,XNIL,XNIL,SIG,,,Dry,Steep,NoMajor,,DryLine,LittleChange,,LV,,DenvCyclone
StrongUp,Neutral,,StrongUp,,Neutral,Wet,Neutral,,Clear,Clear,Clear,Clear,,Strong,DCVZFavor,Strong,,Strong,Marked,LittleChange,LittleChange,Neutral,LittleChange,SIG,Aug20_Sep15,B,AB,PartInhibit,LessThanAve,,ABI,,Instability,,LessUnstable,B,,Strong,Strong,B,XNIL,XNIL,,LowNHighS,Steep,Dry,Steep,NoMajor,Other,DenvCyclone,LittleChange,,,LVorOther,E_NE
WeakUp,,Neutral,Neutral,Neutral,Dry,Dry,Dry,Dry,PC,PC,PC,PC,,Weak,StrongWest,Strong,,,,DecCapIncIns,Decreasing,Neutral,Increasing,SIG,Jul16_Aug10,J,CThruK,PartInhibit,LessThanAve,LessThanAve,CDEJ,N1GtLIGt_4,Neutral,Average,MoreUnstable,GJ,,Moderate,,J,SVR,SVR,SVR,LowMtsHighPl,,,Steep,,MoistMDryL,E_W_N,LittleChange,,AllElse,LVorOther,LV
Neutral,Neutral,Neutral,Neutral,Neutral,Neutral,Wet,VeryWet,VeryWet,Clear,,PC,PC,Strong,,Westerly,Strong,,Weak,Marked,LittleChange,LittleChange,Neutral,LittleChange,SVR,May15_Jun14,,AB,,LessThanAve,LessThanAve,ABI,N5GtLIGt_8,Instability,MoreUnstable,,ACEFK,,,Slight,A,SVR,SVR,SVR,HighEvrywher,Stable,Average,,,DryMMoistL,DenvCyclone,SigNegative,QStationary,,LVorOther,DenvCyclone
Neutral,Neutral,Down,,Down,Neutral,Dry,Neutral,,Cloudy,Cloudy,Cloudy,PC,,,Westerly,,,,,,Increasing,,,XNIL,,G,CThruK,,LessThanAve,LessThanAve,G,,Stability,,LessUnstable,GJ,PartInhibit,Unfavorable,,,XNIL,XNIL,XNIL,,CloseToDryAd,Dry,,MarkedUpper,MoistMDryL,DryLine,LittleChange,Other,NWQuad,LVorOther,WidespdDnsl
StrongUp,Neutral,Neutral,,StrongUp,Wet,VeryWet,VeryWet,VeryWet,,Cloudy,PC,Cloudy,Weak,Strong,,Strong,,Strong,Marked,DecCapIncIns,Decreasing,WeakPos,Decreasing,SIG,,C,CThruK,PartInhibit,Average,LessThanAve,CDEJ,N5GtLIGt_8,Instability,,Average,ACEFK,,Strong,,C,XNIL,XNIL,,LowEvrywhere,,Average,CloseToDryAd,MarkedUpper,Other,,NegToPos,Moving,NWQuad,Westerly,LongAnticyc
StrongUp,Neutral,StrongUp,WeakUp,,Neutral,Wet,Wet,VeryWet,,PC,PC,Cloudy,Strong,Strong,,,,,,LittleChange,LittleChange,WeakPos,Increasing,SIG,Aug20_Sep15,C,CThruK,Stifling,,MoreThanAve,CDEJ,,Stability,LessUnstable,MoreUnstable,,,Weak,Moderate,C,,SIG,,LowAtStation,,Dry,,OtherRapid,Other,E_W_N,PosToNeg,,NWQuad,Westerly,LongAnticyc
WeakUp,Down,Neutral,Down,Down,Wet,Neutral,Neutral,Dry,PC,Clear,PC,PC,Weak,,Westerly,,Weak,Strong,,LittleChange,LittleChange,WeakPos,,XNIL,May15_Jun14,K,CThruK,PartInhibit,LessThanAve,LessThanAve,,,Neutral,MoreUnstable,Average,ACEFK,Stifling,Weak,,K,,XNIL,,LowSHighN,,Average,CloseToDryAd,,DryMMoistL,,SigPositive,,NWQuad,LVorOther,E_NE
Neutral,Neutral,Down,Neutral,Neutral,,Wet,Neutral,,PC,Clear,Clear,,Weak,Weak,,,Weak,,Some,DecCapIncIns,Decreasing,,Decreasing,SIG,May15_Jun14,E,,Stifling,,MoreThanAve,CDEJ,,,MoreUnstable,Average,ACEFK,,,Slight,E,SVR,SVR,SVR,LowNHighS,,Average,ModerateOrLe,NoMajor,MoistMDryL,DryLine,LittleChange,,SWQuad,Westerly,
,,WeakUp,Neutral,Neutral,,,Neutral,,Clear,Clear,Clear,Clear,Weak,Weak,DCVZFavor,,,Weak,,LittleChange,LittleChange,Negative,Decreasing,XNIL,May15_Jun14,,CThruK,PartInhibit,Average,,ABI,,Stability,,LessUnstable,HI,,Weak,,I,,XNIL,XNIL,LowMtsHighPl,Steep,Dry,Steep,NoMajor,Other,,PosToNeg,Moving,LV,Westerly,LongAnticyc
