N0_7muVerMo,SubjVertMo,QGVertMotion,CombVerMo,AreaMeso_ALS,SatContMoist,RaoContMoist,CombMoisture,AreaMoDryAir,VISCloudCov,IRCloudCover,CombClouds,CldShadeOth,AMInstabMt,InsInMt,WndHodograph,OutflowFrMt,MorningBound,Boundaries,CldShadeConv,CompPlFcst,CapChange,LoLevMoistAd,InsChange,MountainFcst,Date,Scenario,ScenRelAMCIN,MorningCIN,AMCINInScen,CapInScen,ScenRelAMIns,LIfr12ZDENSd,AMDewptCalPl,AMInsWliScen,InsSclInScen,ScenRel3_4,LatestCIN,LLIW,CurPropConv,ScnRelPlFcst,PlainsFcst,N34StarFcst,R5Fcst,Dewpoints,LowLLapse,MeanRH,MidLLapse,MvmtFeatures,RHRatio,SfcWndShfDis,SynForcng,TempDis,WindAloft,WindFieldMt,WindFieldPln
Down,Neutral,WeakUp,Down,Down,VeryWet,Wet,,Wet,PC,Cloudy,,Cloudy,,,StrongWest,,,,,IncCapDecIns,Increasing,,LittleChange,XNIL,Jul16_Aug10,H,CThruK,PartInhibit,LessThanAve,MoreThanAve,H,N5GtLIGt_8,Instability,MoreUnstable,MoreUnstable,HI,,Weak,Moderate,H,SVR,SIG,SIG,LowMtsHighPl,ModerateOrLe,VeryMoist,ModerateOrLe,,DryMMoistL,,SigNegative,,NWQuad,Westerly,SEQuad
WeakUp,Neutral,WeakUp,WeakUp,WeakUp,Dry,VeryWet,Neutral,Wet,Clear,PC,,PC,,Weak,DCVZFavor,,Weak,Weak,,IncCapDecIns,Increasing,Neutral,LittleChange,XNIL,Jul2_Jul15,B,AB,,LessThanAve,MoreThanAve,ABI,N5GtLIGt_8,Neutral,Average,Average,B,PartInhibit,Moderate,Slight,B,,,XNIL,LowAtStation,ModerateOrLe,Average,Steep,OtherRapid,MoistMDryL,E_W_N,LittleChange,Other,NWQuad,LVorOther,SEQuad
StrongUp,WeakUp,WeakUp,,StrongUp,VeryWet,VeryWet,VeryWet,VeryWet,PC,,Clear,Clear,Strong,Strong,Other,,Strong,Strong,,DecCapIncIns,Decreasing,Neutral,Decreasing,SVR,Jul16_Aug10,D,CThruK,PartInhibit,Average,LessThanAve,CDEJ,N5GtLIGt_8,Instability,MoreUnstable,Average,D,,Weak,,D,SIG,SIG,SVR,LowAtStation,Steep,Average,Steep,MarkedUpper,Other,,SigNegative,,NWQuad,,SEQuad
StrongUp,Down,StrongUp,StrongUp,StrongUp,Dry,Neutral,,VeryWet,PC,PC,Cloudy,Cloudy,Weak,Weak,Westerly,Weak,,,,IncCapDecIns,Increasing,Neutral,Increasing,XNIL,,I,CThruK,PartInhibit,Average,MoreThanAve,ABI,N1GtLIGt_4,Stability,LessUnstable,MoreUnstable,HI,,Moderate,Moderate,I,SVR,SVR,SVR,LowSHighN,ModerateOrLe,Dry,CloseToDryAd,StrongFront,DryMMoistL,E_W_S,PosToNeg,QStationary,LV,Westerly,
Down,Down,Neutral,Neutral,Neutral,Neutral,VeryWet,VeryWet,,Clear,Clear,Clear,Clear,Weak,Strong,Other,Weak,Weak,Weak,Some,IncCapDecIns,Increasing,WeakPos,Increasing,SIG,Jul16_Aug10,C,CThruK,PartInhibit,LessThanAve,Average,CDEJ,N1GtLIGt_4,,Average,MoreUnstable,,,,,C,SIG,SIG,SIG,LowMtsHighPl,CloseToDryAd,Average,Steep,OtherRapid,MoistMDryL,E_W_N,LittleChange,Other,NWQuad,Westerly,LongAnticyc
Down,,WeakUp,Down,Down,Wet,VeryWet,VeryWet,VeryWet,PC,Clear,PC,Clear,Strong,Strong,Westerly,Strong,,Weak,Some,LittleChange,LittleChange,Neutral,LittleChange,SIG,,C,,TotalInhibit,MoreThanAve,MoreThanAve,CDEJ,N5GtLIGt_8,Neutral,Average,Average,ACEFK,,Moderate,Moderate,C,SVR,SVR,SVR,LowEvrywhere,,VeryMoist,Steep,MarkedUpper,MoistMDryL,E_W_N,,Other,,Westerly,LongAnticyc
WeakUp,Neutral,Down,Neutral,Neutral,Dry,Wet,Dry,Dry,,Cloudy,PC,PC,,,Westerly,,Strong,Weak,,LittleChange,LittleChange,WeakPos,Decreasing,,Aug20_Sep15,J,CThruK,PartInhibit,Average,Average,,N5GtLIGt_8,Stability,Average,LessUnstable,,Stifling,Weak,,J,XNIL,XNIL,XNIL,LowNHighS,ModerateOrLe,Dry,CloseToDryAd,NoMajor,MoistMDryL,DryLine,LittleChange,,LV,LVorOther,
,WeakUp,Neutral,Neutral,Neutral,Wet,Neutral,Neutral,Neutral,PC,PC,PC,PC,Strong,Strong,Westerly,,Weak,Weak,Marked,IncCapDecIns,Increasing,StrongPos,Increasing,SVR,Aug20_Sep15,C,CThruK,PartInhibit,Average,MoreThanAve,,N1GtLIGt_4,Stability,LessUnstable,Average,ACEFK,PartInhibit,Weak,Slight,,,,SVR,LowEvrywhere,Steep,Dry,ModerateOrLe,MarkedUpper,Other,,NegToPos,Other,AllElse,Westerly,LongAnticyc
WeakUp,,Down,Neutral,Neutral,Wet,Neutral,VeryWet,Neutral,Clear,Clear,Clear,Clear,Strong,Strong,StrongWest,Strong,,Weak,Some,DecCapIncIns,Decreasing,Negative,Decreasing,SIG,Jun15_Jul1,E,CThruK,PartInhibit,MoreThanAve,LessThanAve,CDEJ,LIGt0,Instability,MoreUnstable,Average,,,Moderate,Strong,E,SVR,SVR,SVR,,CloseToDryAd,Average,Steep,OtherRapid,,MovingFtorOt,SigNegative,,,Westerly,LV
Down,,Neutral,Neutral,Neutral,Neutral,Dry,Wet,Wet,Clear,Clear,Clear,Clear,Strong,Strong,Other,,,,Some,DecCapIncIns,Decreasing,StrongPos,Increasing,SIG,Aug20_Sep15,D,CThruK,PartInhibit,Average,,CDEJ,,Instability,,Average,,PartInhibit,Moderate,Moderate,D,XNIL,XNIL,,Other,ModerateOrLe,Average,CloseToDryAd,MarkedUpper,Other,,SigPositive,,SWQuad,,
Neutral,Neutral,WeakUp,Neutral,Neutral,,VeryWet,Neutral,Neutral,PC,Cloudy,Cloudy,Cloudy,Weak,,Westerly,,,Weak,,IncCapDecIns,Increasing,StrongPos,Increasing,XNIL,May15_Jun14,I,CThruK,,Average,MoreThanAve,,N1GtLIGt_4,Instability,MoreUnstable,MoreUnstable,HI,PartInhibit,Moderate,,I,,SIG,SIG,LowMtsHighPl,ModerateOrLe,Average,Steep,NoMajor,DryMMoistL,Other,LittleChange,Moving,AllElse,LVorOther,LV
Neutral,Down,Neutral,,Down,,Neutral,Neutral,Dry,Clear,Clear,Clear,Clear,,,Westerly,,Weak,,,LittleChange,LittleChange,Negative,Decreasing,XNIL,May15_Jun14,B,AB,PartInhibit,LessThanAve,LessThanAve,ABI,N1GtLIGt_4,Instability,LessUnstable,LessUnstable,B,Stifling,Unfavorable,,B,SIG,SIG,SIG,LowMtsHighPl,Steep,Average,ModerateOrLe,,DryMMoistL,DenvCyclone,LittleChange,QStationary,SWQuad,LVorOther,DenvCyclone
,,StrongUp,WeakUp,WeakUp,Dry,Neutral,Wet,Neutral,Clear,PC,Clear,Clear,Strong,Strong,StrongWest,Strong,Weak,Strong,Some,LittleChange,LittleChange,,,SVR,Jul16_Aug10,B,AB,PartInhibit,LessThanAve,LessThanAve,ABI,N1GtLIGt_4,,LessUnstable,Average,B,PartInhibit,Moderate,,B,XNIL,XNIL,,LowEvrywhere,Stable,VeryMoist,ModerateOrLe,MarkedUpper,DryMMoistL,DenvCyclone,PosToNeg,Other,LV,Westerly,DenvCyclone
StrongUp,Neutral,WeakUp,WeakUp,WeakUp,Wet,Neutral,Wet,VeryWet,PC,,,PC,Strong,Strong,Westerly,Strong,Strong,Strong,Marked,LittleChange,LittleChange,StrongPos,Increasing,SVR,May15_Jun14,K,CThruK,PartInhibit,,Average,K,,Neutral,LessUnstable,MoreUnstable,ACEFK,PartInhibit,Strong,Moderate,K,XNIL,XNIL,SVR,LowSHighN,,Dry,ModerateOrLe,StrongFront,DryMMoistL,,SigNegative,Moving,NWQuad,Westerly,WidespdDnsl
WeakUp,Neutral,Down,WeakUp,WeakUp,VeryWet,Neutral,VeryWet,VeryWet,Clear,Clear,,Clear,,Weak,Westerly,,,Weak,Some,DecCapIncIns,Decreasing,,Decreasing,SIG,Aug20_Sep15,D,CThruK,PartInhibit,Average,,CDEJ,N5GtLIGt_8,Stability,Average,LessUnstable,D,,Weak,Moderate,,SIG,SIG,SIG,HighEvrywher,CloseToDryAd,Average,Steep,StrongFront,Other,DenvCyclone,NegToPos,Other,AllElse,LVorOther,DenvCyclone
Neutral,Down,Neutral,Neutral,Neutral,Neutral,,Neutral,Wet,PC,,PC,PC,Weak,Strong,Other,,,,,DecCapIncIns,Decreasing,WeakPos,LittleChange,SIG,May15_Jun14,H,CThruK,PartInhibit,Average,,H,N1GtLIGt_4,,Average,Average,,Stifling,Strong,,H,XNIL,XNIL,SIG,LowMtsHighPl,ModerateOrLe,,Steep,MarkedUpper,DryMMoistL,Other,SigNegative,,,LVorOther,E_NE
WeakUp,StronUp,Neutral,Neutral,Neutral,Neutral,Neutral,Neutral,Neutral,Cloudy,PC,PC,PC,,,Other,,Weak,Weak,,LittleChange,LittleChange,WeakPos,Increasing,XNIL,May15_Jun14,K,CThruK,,LessThanAve,LessThanAve,,N1GtLIGt_4,Instability,MoreUnstable,MoreUnstable,ACEFK,,,Strong,,XNIL,SIG,SIG,Other,Steep,Average,ModerateOrLe,StrongFront,Other,,PosToNeg,Moving,AllElse,Westerly,WidespdDnsl
Down,WeakUp,Neutral,Neutral,Neutral,Dry,Dry,VeryWet,VeryWet,PC,PC,Clear,Clear,,Weak,StrongWest,Strong,Weak,Strong,,DecCapIncIns,Decreasing,WeakPos,,XNIL,May15_Jun14,A,AB,,,LessThanAve,ABI,LIGt0,Stability,LessUnstable,MoreUnstable,ACEFK,,Unfavorable,,A,SVR,SVR,SVR,HighEvrywher,Stable,,ModerateOrLe,StrongFront,DryMMoistL,DenvCyclone,SigNegative,Other,SWQuad,LVorOther,DenvCyclone
StrongUp,Neutral,Down,Neutral,Neutral,Wet,Dry,Dry,Dry,Clear,Cloudy,PC,,Strong,Strong,StrongWest,Strong,,Strong,Marked,DecCapIncIns,Decreasing,Negative,,SVR,Jul2_Jul15,K,CThruK,Stifling,MoreThanAve,MoreThanAve,K,N1GtLIGt_4,,MoreUnstable,MoreUnstable,ACEFK,PartInhibit,Weak,Slight,K,SVR,SVR,,HighEvrywher,ModerateOrLe,Average,Steep,MarkedUpper,DryMMoistL,,SigPositive,Other,AllElse,LVorOther,WidespdDnsl
StrongUp,Neutral,Neutral,WeakUp,WeakUp,Neutral,Neutral,Wet,Wet,Cloudy,Clear,Cloudy,PC,Strong,Strong,StrongWest,Strong,Strong,Strong,Marked,IncCapDecIns,Increasing,WeakPos,Increasing,XNIL,Aug20_Sep15,C,CThruK,Stifling,MoreThanAve,MoreThanAve,CDEJ,N5GtLIGt_8,Instability,MoreUnstable,MoreUnstable,ACEFK,Stifling,Weak,,,XNIL,XNIL,XNIL,LowAtStation,Steep,Dry,ModerateOrLe,MarkedUpper,MoistMDryL,E_W_N,LittleChange,,SWQuad,Westerly,LongAnticyc
WeakUp,Neutral,StrongUp,,WeakUp,Neutral,Neutral,Neutral,Wet,Clear,PC,Clear,Clear,,,StrongWest,,,,,,,WeakPos,LittleChange,XNIL,May15_Jun14,B,AB,,LessThanAve,LessThanAve,ABI,LILt_8,Stability,Average,MoreUnstable,B,,Moderate,Moderate,B,SVR,,SVR,HighEvrywher,Steep,VeryMoist,Steep,NoMajor,DryMMoistL,DenvCyclone,SigNegative,QStationary,SWQuad,LVorOther,DenvCyclone
WeakUp,WeakUp,Neutral,WeakUp,WeakUp,Neutral,Neutral,Neutral,Neutral,PC,Clear,Clear,Clear,,Weak,DCVZFavor,Weak,Weak,Strong,Some,DecCapIncIns,Decreasing,Neutral,,XNIL,Jul2_Jul15,E,CThruK,TotalInhibit,Average,LessThanAve,CDEJ,N1GtLIGt_4,Stability,LessUnstable,LessUnstable,ACEFK,PartInhibit,Moderate,Moderate,E,XNIL,XNIL,XNIL,HighEvrywher,CloseToDryAd,Average,ModerateOrLe,NoMajor,MoistMDryL,,,,SWQuad,,
WeakUp,Neutral,Down,Down,Down,VeryWet,Dry,VeryWet,Wet,PC,Cloudy,PC,PC,Strong,Strong,Westerly,Strong,,Strong,Marked,IncCapDecIns,Increasing,Neutral,Increasing,SVR,Aug20_Sep15,C,CThruK,PartInhibit,MoreThanAve,MoreThanAve,CDEJ,N1GtLIGt_4,Stability,LessUnstable,LessUnstable,ACEFK,,,Strong,C,SIG,,SVR,LowEvrywhere,Steep,Average,ModerateOrLe,OtherRapid,,,NegToPos,,NWQuad,LVorOther,WidespdDnsl
Neutral,Neutral,,Neutral,Neutral,Dry,Wet,Neutral,Neutral,Clear,PC,Clear,Clear,Strong,,DCVZFavor,,Weak,,Marked,IncCapDecIns,Increasing,Neutral,LittleChange,XNIL,May15_Jun14,K,CThruK,Stifling,MoreThanAve,MoreThanAve,K,N1GtLIGt_4,Instability,MoreUnstable,MoreUnstable,ACEFK,,Moderate,Strong,K,XNIL,XNIL,XNIL,,Steep,Dry,ModerateOrLe,StrongFront,Other,MovingFtorOt,,,NWQuad,Westerly,SEQuad
,Neutral,Neutral,Neutral,Neutral,Dry,Neutral,VeryWet,VeryWet,PC,Clear,PC,PC,,,,,,,,IncCapDecIns,Increasing,Negative,Decreasing,XNIL,Jul16_Aug10,B,AB,Stifling,Average,MoreThanAve,ABI,N1GtLIGt_4,Stability,LessUnstable,,B,,Strong,Strong,B,XNIL,XNIL,XNIL,LowNHighS,Stable,Dry,CloseToDryAd,OtherRapid,Other,,LittleChange,Other,NWQuad,LVorOther,E_NE
StrongUp,Neutral,StrongUp,StrongUp,StrongUp,Wet,VeryWet,VeryWet,VeryWet,PC,Clear,PC,,,Weak,DCVZFavor,,Strong,,Some,DecCapIncIns,Decreasing,Negative,Decreasing,XNIL,May15_Jun14,A,AB,Stifling,Average,Average,ABI,LILt_8,Neutral,Average,,ACEFK,Stifling,Strong,Moderate,A,XNIL,XNIL,XNIL,LowMtsHighPl,ModerateOrLe,Dry,,,DryMMoistL,DenvCyclone,PosToNeg,Other,SWQuad,Westerly,DenvCyclone
WeakUp,Down,WeakUp,Neutral,,Wet,Neutral,Dry,Dry,Clear,Clear,Clear,Clear,,,Westerly,Weak,Weak,Weak,,DecCapIncIns,Decreasing,Negative,Decreasing,XNIL,,,AB,,LessThanAve,LessThanAve,ABI,N5GtLIGt_8,Stability,Average,,B,PartInhibit,,Moderate,B,XNIL,XNIL,XNIL,,Stable,VeryMoist,CloseToDryAd,NoMajor,DryMMoistL,MovingFtorOt,LittleChange,Other,SWQuad,LVorOther,LV
WeakUp,Neutral,Neutral,Neutral,Neutral,Wet,Neutral,Dry,Dry,Clear,Clear,Clear,,,,Other,,Weak,Weak,,LittleChange,LittleChange,Neutral,Decreasing,XNIL,Jul2_Jul15,C,CThruK,Stifling,Average,Average,CDEJ,LIGt0,Instability,LessUnstable,,ACEFK,PartInhibit,,,C,XNIL,XNIL,XNIL,LowAtStation,CloseToDryAd,Average,Steep,MarkedUpper,MoistMDryL,E_W_N,SigPositive,Other,AllElse,Westerly,LongAnticyc
Neutral,Neutral,StrongUp,Neutral,,,Dry,Dry,Dry,Clear,Clear,Clear,,,,DCVZFavor,,Strong,Strong,,LittleChange,LittleChange,WeakPos,Increasing,XNIL,Jul2_Jul15,E,CThruK,PartInhibit,LessThanAve,LessThanAve,,N5GtLIGt_8,Neutral,MoreUnstable,MoreUnstable,ACEFK,PartInhibit,Moderate,,E,SIG,SIG,SIG,,ModerateOrLe,Dry,ModerateOrLe,NoMajor,Other,,LittleChange,,LV,Westerly,WidespdDnsl
Neutral,StronUp,,Down,Down,Dry,Dry,Dry,Dry,Clear,PC,Clear,Clear,,,Other,,,,,IncCapDecIns,Increasing,Negative,Decreasing,XNIL,May15_Jun14,I,CThruK,PartInhibit,,MoreThanAve,ABI,N1GtLIGt_4,Stability,Average,Average,HI,PartInhibit,Moderate,Slight,I,SVR,SVR,SVR,LowSHighN,ModerateOrLe,Average,CloseToDryAd,MarkedUpper,DryMMoistL,DryLine,LittleChange,,NWQuad,LVorOther,DenvCyclone
Down,Down,Neutral,Down,Down,,Neutral,VeryWet,Wet,Clear,,Cloudy,Cloudy,Strong,Strong,Westerly,Strong,Strong,Weak,Marked,IncCapDecIns,Increasing,StrongPos,Increasing,SIG,Jun15_Jul1,I,CThruK,PartInhibit,Average,,ABI,N5GtLIGt_8,Instability,MoreUnstable,MoreUnstable,HI,PartInhibit,,Moderate,I,SVR,XNIL,SIG,,CloseToDryAd,Average,CloseToDryAd,OtherRapid,,E_W_S,SigNegative,Moving,SWQuad,Westerly,LV
Down,StronUp,,,StrongUp,Neutral,Neutral,Neutral,Neutral,Clear,PC,Clear,PC,Strong,Strong,DCVZFavor,Strong,,Weak,Marked,LittleChange,LittleChange,WeakPos,Increasing,SVR,Aug20_Sep15,B,AB,,LessThanAve,LessThanAve,ABI,N1GtLIGt_4,Stability,Average,MoreUnstable,,,Unfavorable,,B,XNIL,XNIL,SVR,HighEvrywher,Steep,Average,Steep,NoMajor,DryMMoistL,DenvCyclone,LittleChange,QStationary,NWQuad,Westerly,DenvCyclone
Down,Down,StrongUp,Down,Down,Wet,Neutral,,Dry,Cloudy,PC,Cloudy,Clear,,Weak,StrongWest,Strong,Weak,Strong,Some,IncCapDecIns,Increasing,Neutral,Increasing,XNIL,Aug20_Sep15,I,CThruK,,,MoreThanAve,ABI,N5GtLIGt_8,Neutral,MoreUnstable,MoreUnstable,HI,,Moderate,,I,SVR,SVR,SVR,LowMtsHighPl,Steep,Average,CloseToDryAd,OtherRapid,DryMMoistL,,PosToNeg,,SWQuad,Westerly,E_NE
Down,WeakUp,Neutral,WeakUp,WeakUp,Wet,Wet,VeryWet,VeryWet,PC,Cloudy,,Cloudy,,,Westerly,,Weak,,,LittleChange,LittleChange,WeakPos,Increasing,XNIL,Aug20_Sep15,A,AB,,LessThanAve,LessThanAve,ABI,N1GtLIGt_4,Instability,LessUnstable,LessUnstable,ACEFK,PartInhibit,Unfavorable,Slight,,XNIL,XNIL,XNIL,HighEvrywher,ModerateOrLe,Dry,Steep,MarkedUpper,Other,DenvCyclone,SigNegative,,SWQuad,Westerly,DenvCyclone
Neutral,WeakUp,WeakUp,WeakUp,WeakUp,Neutral,Neutral,Neutral,Wet,PC,Cloudy,PC,PC,,,Other,,Strong,Weak,,DecCapIncIns,Decreasing,WeakPos,LittleChange,SIG,Aug20_Sep15,K,CThruK,Stifling,Average,LessThanAve,K,N1GtLIGt_4,Instability,MoreUnstable,MoreUnstable,ACEFK,,Moderate,Strong,K,SVR,SVR,SVR,Other,ModerateOrLe,Average,ModerateOrLe,,Other,,,,NWQuad,Westerly,WidespdDnsl
Down,Neutral,Neutral,Neutral,Neutral,Neutral,Neutral,Dry,Neutral,,PC,PC,PC,,Weak,DCVZFavor,Weak,Weak,Weak,Some,LittleChange,LittleChange,Neutral,LittleChange,SIG,Jul16_Aug10,J,CThruK,PartInhibit,,MoreThanAve,CDEJ,,Instability,MoreUnstable,MoreUnstable,GJ,Stifling,Weak,,J,SVR,,SVR,LowAtStation,CloseToDryAd,Dry,CloseToDryAd,NoMajor,MoistMDryL,,,,LV,LVorOther,SEQuad
,Neutral,Neutral,WeakUp,WeakUp,Dry,Dry,Wet,VeryWet,Clear,,Clear,PC,Strong,,Other,,Strong,Strong,,,Decreasing,Neutral,Decreasing,SIG,Jul16_Aug10,D,CThruK,Stifling,Average,LessThanAve,CDEJ,N1GtLIGt_4,Neutral,Average,LessUnstable,D,PartInhibit,Moderate,Moderate,D,XNIL,XNIL,SIG,LowAtStation,Stable,Dry,Steep,OtherRapid,Other,DryLine,SigNegative,Other,LV,LVorOther,WidespdDnsl
WeakUp,StronUp,Neutral,WeakUp,WeakUp,Neutral,VeryWet,Dry,Dry,,PC,PC,PC,Weak,Weak,Other,,Weak,Weak,,DecCapIncIns,Decreasing,WeakPos,Increasing,XNIL,May15_Jun14,A,AB,Stifling,Average,LessThanAve,ABI,N5GtLIGt_8,Neutral,Average,,ACEFK,,Strong,Strong,A,SIG,,SIG,HighEvrywher,ModerateOrLe,Average,Steep,MarkedUpper,DryMMoistL,DenvCyclone,PosToNeg,Other,SWQuad,Westerly,DenvCyclone
Down,Neutral,Neutral,Neutral,Neutral,Wet,Dry,Neutral,Wet,PC,Cloudy,PC,Clear,Strong,Strong,StrongWest,Strong,,Strong,Marked,LittleChange,LittleChange,Neutral,Increasing,SVR,Jun15_Jul1,B,AB,PartInhibit,LessThanAve,LessThanAve,ABI,N5GtLIGt_8,Neutral,Average,,B,PartInhibit,Moderate,Strong,B,,,SVR,LowSHighN,Stable,Average,Steep,NoMajor,,DryLine,LittleChange,,LV,Westerly,DenvCyclone
WeakUp,,Down,Down,Down,Wet,Neutral,Neutral,,,PC,Clear,Clear,Strong,Strong,Other,,,,Some,IncCapDecIns,Increasing,Neutral,Increasing,SVR,Jul16_Aug10,C,CThruK,PartInhibit,LessThanAve,MoreThanAve,CDEJ,N5GtLIGt_8,Stability,Average,MoreUnstable,ACEFK,,Weak,Strong,C,SIG,SIG,,LowMtsHighPl,CloseToDryAd,,Steep,MarkedUpper,Other,E_W_N,SigPositive,Other,NWQuad,Westerly,LongAnticyc
Neutral,Neutral,Neutral,Neutral,Neutral,Wet,Wet,Wet,Wet,Clear,PC,Clear,Clear,Weak,Strong,Westerly,Weak,,,Some,DecCapIncIns,Decreasing,Neutral,LittleChange,SVR,,J,CThruK,,,LessThanAve,CDEJ,LIGt0,Instability,MoreUnstable,MoreUnstable,GJ,,Unfavorable,Slight,J,XNIL,XNIL,SVR,LowMtsHighPl,Steep,Average,CloseToDryAd,NoMajor,MoistMDryL,Other,LittleChange,Other,LV,LVorOther,LV
Down,Neutral,Down,Neutral,Neutral,Neutral,,Dry,Dry,PC,Cloudy,PC,Clear,Strong,Strong,DCVZFavor,Strong,,Strong,Marked,IncCapDecIns,Increasing,Negative,Increasing,SVR,May15_Jun14,D,CThruK,PartInhibit,LessThanAve,Average,CDEJ,N1GtLIGt_4,Instability,Average,,D,TotalInhibit,,Slight,D,SIG,SIG,SVR,,CloseToDryAd,Dry,CloseToDryAd,OtherRapid,Other,,LittleChange,Moving,NWQuad,,LV
Neutral,Neutral,StrongUp,WeakUp,WeakUp,Dry,VeryWet,Dry,Dry,Clear,Cloudy,PC,PC,,Weak,,Weak,,Weak,Some,IncCapDecIns,Increasing,Negative,Decreasing,SIG,Aug20_Sep15,D,CThruK,Stifling,MoreThanAve,MoreThanAve,CDEJ,,Stability,Average,LessUnstable,D,Stifling,Moderate,,D,XNIL,XNIL,SIG,LowSHighN,CloseToDryAd,VeryMoist,CloseToDryAd,,MoistMDryL,DryLine,SigPositive,Other,SWQuad,LVorOther,DenvCyclone
Down,Down,Neutral,Neutral,Neutral,Wet,Wet,Neutral,Neutral,PC,PC,,PC,Strong,Strong,DCVZFavor,Strong,,Strong,Some,LittleChange,LittleChange,Neutral,Decreasing,XNIL,Aug20_Sep15,A,AB,PartInhibit,Average,Average,ABI,N1GtLIGt_4,Stability,LessUnstable,LessUnstable,ACEFK,,Strong,Moderate,A,XNIL,SVR,SVR,HighEvrywher,Stable,Average,Steep,StrongFront,Other,DenvCyclone,PosToNeg,Other,SWQuad,LVorOther,DenvCyclone
Down,WeakUp,Neutral,Neutral,Neutral,Neutral,Neutral,,Neutral,Clear,,PC,PC,Strong,Strong,Westerly,Weak,Strong,Strong,Some,IncCapDecIns,Increasing,Neutral,LittleChange,SIG,May15_Jun14,E,CThruK,,LessThanAve,Average,CDEJ,N1GtLIGt_4,,Average,Average,ACEFK,,Unfavorable,,E,XNIL,,SIG,LowAtStation,Steep,Dry,ModerateOrLe,NoMajor,MoistMDryL,,LittleChange,,SWQuad,Westerly,
WeakUp,Down,Neutral,Down,,Neutral,Dry,Wet,Wet,Clear,PC,Clear,Clear,Weak,Strong,DCVZFavor,Weak,Strong,Weak,Some,LittleChange,LittleChange,,LittleChange,XNIL,Jul16_Aug10,C,CThruK,Stifling,Average,Average,CDEJ,LIGt0,Stability,LessUnstable,Average,,,Strong,,C,XNIL,XNIL,XNIL,LowAtStation,Steep,Average,Steep,NoMajor,Other,E_W_N,,,NWQuad,Westerly,LongAnticyc
Down,Neutral,Neutral,Down,Down,Dry,Dry,Dry,Dry,PC,PC,Cloudy,Cloudy,,Weak,StrongWest,,Weak,Strong,Marked,IncCapDecIns,,WeakPos,,SIG,Jul16_Aug10,,CThruK,PartInhibit,LessThanAve,Average,CDEJ,N1GtLIGt_4,Instability,MoreUnstable,MoreUnstable,ACEFK,PartInhibit,Moderate,Moderate,E,XNIL,XNIL,,Other,Steep,Dry,Steep,OtherRapid,MoistMDryL,E_W_N,SigNegative,,AllElse,LVorOther,LongAnticyc
WeakUp,Neutral,StrongUp,WeakUp,,Neutral,VeryWet,Wet,VeryWet,PC,Clear,PC,PC,,,,,Weak,Weak,,LittleChange,LittleChange,Negative,Decreasing,XNIL,Aug20_Sep15,J,,PartInhibit,LessThanAve,,CDEJ,N1GtLIGt_4,Neutral,Average,Average,GJ,,Weak,Strong,J,SVR,SVR,SVR,LowMtsHighPl,Steep,Average,Steep,,Other,DryLine,LittleChange,,LV,LVorOther,LV
StrongUp,StronUp,WeakUp,StrongUp,StrongUp,VeryWet,Dry,VeryWet,VeryWet,PC,PC,Cloudy,Cloudy,Strong,Strong,DCVZFavor,Strong,,,Marked,IncCapDecIns,Increasing,,LittleChange,XNIL,Jul2_Jul15,,CThruK,PartInhibit,Average,MoreThanAve,G,N5GtLIGt_8,Neutral,MoreUnstable,MoreUnstable,GJ,,Moderate,,G,SIG,SIG,SIG,LowEvrywhere,CloseToDryAd,,CloseToDryAd,NoMajor,Other,,PosToNeg,,AllElse,Westerly,LongAnticyc
WeakUp,Neutral,Neutral,Neutral,Neutral,Wet,Wet,Wet,Wet,Clear,Clear,PC,PC,Weak,Weak,StrongWest,Strong,,,Some,LittleChange,LittleChange,Negative,Decreasing,,May15_Jun14,K,CThruK,PartInhibit,LessThanAve,LessThanAve,K,N1GtLIGt_4,Instability,Average,LessUnstable,ACEFK,PartInhibit,Weak,Slight,K,XNIL,SIG,SIG,LowEvrywhere,ModerateOrLe,,ModerateOrLe,StrongFront,MoistMDryL,E_W_N,SigPositive,QStationary,NWQuad,Westerly,WidespdDnsl
Down,Down,Neutral,Neutral,Neutral,Neutral,VeryWet,Dry,Dry,Clear,PC,PC,Clear,Strong,Strong,Other,Weak,Weak,,Some,LittleChange,LittleChange,Neutral,LittleChange,SVR,Jul2_Jul15,D,,TotalInhibit,MoreThanAve,MoreThanAve,CDEJ,N5GtLIGt_8,Instability,MoreUnstable,Average,D,PartInhibit,Moderate,Strong,D,XNIL,XNIL,SVR,LowSHighN,CloseToDryAd,Dry,CloseToDryAd,OtherRapid,DryMMoistL,,SigNegative,Other,AllElse,Westerly,SEQuad
Neutral,Neutral,StrongUp,WeakUp,WeakUp,,Wet,Wet,Wet,PC,Clear,Clear,Clear,Strong,Strong,StrongWest,Strong,,Strong,Some,LittleChange,LittleChange,Negative,,SIG,Aug20_Sep15,G,CThruK,,LessThanAve,LessThanAve,,N1GtLIGt_4,Stability,Average,Average,GJ,,Moderate,Slight,G,SIG,SIG,SIG,LowSHighN,CloseToDryAd,Average,CloseToDryAd,MarkedUpper,MoistMDryL,DryLine,SigNegative,,NWQuad,Westerly,LongAnticyc
WeakUp,StronUp,StrongUp,StrongUp,,Wet,Dry,Wet,VeryWet,PC,Clear,Clear,PC,,Strong,StrongWest,,Weak,Weak,Marked,,LittleChange,Negative,LittleChange,SVR,Jul16_Aug10,H,CThruK,PartInhibit,Average,Average,H,N5GtLIGt_8,Stability,LessUnstable,LessUnstable,HI,,Unfavorable,,H,XNIL,XNIL,SVR,,Stable,VeryMoist,ModerateOrLe,,Other,MovingFtorOt,SigNegative,Moving,LV,Westerly,E_NE
StrongUp,Neutral,Neutral,WeakUp,WeakUp,Neutral,Neutral,Neutral,Wet,PC,Clear,Cloudy,Cloudy,Strong,Strong,Westerly,Weak,Strong,Strong,Marked,,Increasing,StrongPos,Increasing,SIG,May15_Jun14,K,CThruK,,MoreThanAve,MoreThanAve,,N1GtLIGt_4,Instability,Average,MoreUnstable,ACEFK,PartInhibit,Weak,,K,SIG,,SIG,Other,ModerateOrLe,Dry,Steep,StrongFront,Other,MovingFtorOt,SigNegative,,NWQuad,,LongAnticyc
Down,Neutral,Neutral,Neutral,Neutral,Neutral,,Neutral,Dry,PC,Clear,Clear,Clear,,Weak,StrongWest,,Strong,Weak,Some,LittleChange,LittleChange,Neutral,LittleChange,,Jul2_Jul15,E,CThruK,PartInhibit,,,CDEJ,N5GtLIGt_8,Stability,Average,LessUnstable,,,Weak,Strong,E,XNIL,XNIL,XNIL,LowSHighN,CloseToDryAd,Average,ModerateOrLe,MarkedUpper,MoistMDryL,E_W_N,LittleChange,,,LVorOther,DenvCyclone
StrongUp,StronUp,Down,WeakUp,WeakUp,Dry,Wet,Wet,Wet,Cloudy,Cloudy,Cloudy,PC,,Weak,DCVZFavor,,,Weak,,LittleChange,,Neutral,Decreasing,,Jul2_Jul15,I,CThruK,,LessThanAve,LessThanAve,,N5GtLIGt_8,Stability,LessUnstable,LessUnstable,HI,PartInhibit,Unfavorable,,I,XNIL,XNIL,XNIL,LowSHighN,ModerateOrLe,Dry,Steep,NoMajor,Other,MovingFtorOt,PosToNeg,Moving,NWQuad,LVorOther,
WeakUp,,Neutral,Neutral,Neutral,Wet,Neutral,,Wet,Cloudy,Clear,Cloudy,Cloudy,Strong,Strong,DCVZFavor,Strong,,Strong,Some,IncCapDecIns,Increasing,StrongPos,Increasing,SVR,May15_Jun14,B,AB,PartInhibit,LessThanAve,,ABI,N1GtLIGt_4,Stability,Average,MoreUnstable,B,PartInhibit,,Strong,B,SIG,SIG,SVR,Other,ModerateOrLe,Average,CloseToDryAd,NoMajor,Other,DenvCyclone,LittleChange,Other,AllElse,LVorOther,
WeakUp,WeakUp,Neutral,,Neutral,Neutral,Neutral,Neutral,Neutral,PC,,PC,PC,Weak,,,Weak,Strong,Weak,Some,IncCapDecIns,Increasing,Negative,Decreasing,SIG,Jun15_Jul1,I,CThruK,Stifling,,,ABI,N1GtLIGt_4,Stability,,LessUnstable,HI,,Weak,Slight,I,XNIL,,SIG,LowSHighN,Steep,Average,Steep,MarkedUpper,DryMMoistL,E_W_S,NegToPos,QStationary,SWQuad,,
Down,Neutral,StrongUp,Neutral,Neutral,Dry,Dry,Dry,Dry,Clear,PC,Clear,Clear,Strong,Strong,StrongWest,Strong,Strong,Strong,Marked,DecCapIncIns,Decreasing,Negative,Decreasing,XNIL,Jul2_Jul15,J,CThruK,PartInhibit,Average,LessThanAve,,N5GtLIGt_8,Neutral,MoreUnstable,Average,GJ,PartInhibit,Moderate,Slight,J,SIG,SIG,SIG,LowAtStation,Steep,,ModerateOrLe,,MoistMDryL,DryLine,LittleChange,Other,LV,,SEQuad
Down,WeakUp,Neutral,WeakUp,WeakUp,Dry,VeryWet,VeryWet,VeryWet,Clear,PC,Clear,Cloudy,Strong,,Westerly,Weak,Weak,,Marked,IncCapDecIns,Increasing,,Decreasing,XNIL,Jul2_Jul15,C,CThruK,PartInhibit,Average,MoreThanAve,CDEJ,N1GtLIGt_4,Neutral,,MoreUnstable,ACEFK,,Moderate,Strong,C,SIG,SIG,SIG,LowNHighS,Steep,,CloseToDryAd,NoMajor,MoistMDryL,E_W_N,NegToPos,Other,AllElse,Westerly,
WeakUp,Neutral,Down,Down,Down,Neutral,Neutral,Neutral,Dry,PC,PC,PC,PC,Strong,,,Weak,,Weak,Marked,IncCapDecIns,Increasing,Neutral,LittleChange,SVR,Aug11_Aug20,D,CThruK,PartInhibit,LessThanAve,Average,CDEJ,N1GtLIGt_4,Stability,LessUnstable,LessUnstable,,PartInhibit,Weak,Slight,D,SIG,SIG,SVR,LowSHighN,CloseToDryAd,Average,CloseToDryAd,OtherRapid,MoistMDryL,DryLine,PosToNeg,QStationary,AllElse,Westerly,WidespdDnsl
StrongUp,Neutral,Neutral,WeakUp,WeakUp,Neutral,Dry,Neutral,Neutral,Cloudy,PC,Cloudy,Cloudy,,,Westerly,,Weak,Weak,,DecCapIncIns,Decreasing,Negative,Decreasing,XNIL,Aug11_Aug20,B,AB,,Average,LessThanAve,ABI,N1GtLIGt_4,,LessUnstable,LessUnstable,B,,Strong,Slight,B,XNIL,XNIL,XNIL,LowSHighN,ModerateOrLe,Average,Steep,NoMajor,Other,,LittleChange,Other,AllElse,Westerly,E_NE
Neutral,WeakUp,Neutral,Neutral,Neutral,Dry,Neutral,Wet,,PC,Cloudy,Cloudy,Cloudy,,,,,,,,IncCapDecIns,Increasing,WeakPos,Increasing,XNIL,Aug11_Aug20,B,AB,PartInhibit,LessThanAve,Average,ABI,,,LessUnstable,Average,,,Unfavorable,,,XNIL,XNIL,XNIL,LowSHighN,Steep,VeryMoist,Steep,NoMajor,DryMMoistL,DenvCyclone,LittleChange,Other,AllElse,LVorOther,E_NE
WeakUp,Neutral,Neutral,Neutral,,,Dry,Neutral,Neutral,Clear,PC,Clear,,Weak,Weak,Westerly,Weak,,Weak,,LittleChange,LittleChange,,LittleChange,SIG,Aug11_Aug20,E,CThruK,PartInhibit,Average,Average,CDEJ,N5GtLIGt_8,,MoreUnstable,MoreUnstable,ACEFK,,Weak,,E,XNIL,XNIL,SIG,LowEvrywhere,CloseToDryAd,Dry,Steep,NoMajor,DryMMoistL,E_W_N,SigNegative,,SWQuad,LVorOther,DenvCyclone
Neutral,Down,WeakUp,Neutral,Neutral,Neutral,Neutral,Neutral,Neutral,Clear,Clear,Clear,Clear,Weak,Strong,Westerly,,Weak,Weak,Marked,IncCapDecIns,Increasing,,LittleChange,XNIL,May15_Jun14,G,CThruK,,LessThanAve,LessThanAve,G,N1GtLIGt_4,,Average,Average,,Stifling,,,G,XNIL,XNIL,XNIL,LowEvrywhere,CloseToDryAd,Dry,Steep,,,,PosToNeg,,NWQuad,Westerly,WidespdDnsl
Down,StronUp,WeakUp,StrongUp,StrongUp,Wet,Neutral,Neutral,VeryWet,Clear,Clear,Clear,PC,,Strong,Other,,Weak,Weak,,DecCapIncIns,Decreasing,Neutral,LittleChange,SIG,Jul2_Jul15,I,,PartInhibit,LessThanAve,LessThanAve,ABI,N1GtLIGt_4,Instability,,,HI,PartInhibit,Weak,,I,XNIL,,SIG,,,Average,CloseToDryAd,MarkedUpper,DryMMoistL,MovingFtorOt,NegToPos,QStationary,SWQuad,Westerly,LV
Neutral,WeakUp,Down,Neutral,Neutral,Dry,VeryWet,Dry,,Clear,Clear,Clear,,Weak,Strong,StrongWest,Strong,Weak,Strong,Some,IncCapDecIns,Increasing,StrongPos,Increasing,SIG,Aug20_Sep15,,CThruK,PartInhibit,Average,MoreThanAve,,N1GtLIGt_4,Instability,Average,Average,HI,,Strong,Strong,,SVR,SVR,SVR,LowSHighN,Steep,,ModerateOrLe,OtherRapid,DryMMoistL,E_W_S,LittleChange,Moving,LV,LVorOther,E_NE
Neutral,Neutral,Down,Neutral,Neutral,VeryWet,Wet,VeryWet,VeryWet,PC,Clear,Clear,Clear,Weak,Strong,DCVZFavor,Weak,Strong,,Marked,IncCapDecIns,Increasing,Neutral,LittleChange,SIG,,C,CThruK,Stifling,Average,Average,CDEJ,N1GtLIGt_4,Stability,Average,LessUnstable,ACEFK,TotalInhibit,Moderate,Slight,C,XNIL,XNIL,SIG,LowEvrywhere,Steep,Dry,Steep,MarkedUpper,MoistMDryL,E_W_N,NegToPos,,NWQuad,Westerly,WidespdDnsl
Down,Down,Down,Down,Down,Dry,Neutral,Dry,Dry,Clear,Clear,Clear,Clear,Weak,Strong,Other,,Strong,Strong,,IncCapDecIns,Increasing,StrongPos,Increasing,SIG,Aug20_Sep15,E,CThruK,Stifling,Average,Average,CDEJ,LIGt0,Instability,MoreUnstable,MoreUnstable,,Stifling,Unfavorable,,E,XNIL,XNIL,SIG,LowSHighN,,,Steep,,MoistMDryL,DenvCyclone,LittleChange,QStationary,SWQuad,Westerly,WidespdDnsl
Neutral,Neutral,Neutral,Neutral,Neutral,Neutral,Neutral,Neutral,Neutral,Clear,,Clear,Clear,Weak,Weak,Other,,,,,LittleChange,LittleChange,StrongPos,Increasing,SIG,,I,CThruK,,LessThanAve,LessThanAve,ABI,LILt_8,Instability,MoreUnstable,MoreUnstable,HI,PartInhibit,,,I,XNIL,XNIL,SIG,LowSHighN,Steep,Dry,Steep,StrongFront,Other,MovingFtorOt,SigNegative,QStationary,SWQuad,Westerly,DenvCyclone
StrongUp,StronUp,Down,Neutral,Neutral,Neutral,Wet,Neutral,Neutral,PC,Clear,Clear,Clear,,Strong,Other,Strong,,Weak,Marked,IncCapDecIns,Increasing,WeakPos,Increasing,SIG,Aug11_Aug20,C,CThruK,,Average,MoreThanAve,CDEJ,N1GtLIGt_4,Instability,MoreUnstable,MoreUnstable,ACEFK,PartInhibit,Weak,,C,SVR,SVR,SVR,Other,CloseToDryAd,Dry,Steep,MarkedUpper,DryMMoistL,E_W_N,SigPositive,,NWQuad,Westerly,LongAnticyc
StrongUp,StronUp,Neutral,StrongUp,StrongUp,,Neutral,Neutral,Wet,PC,,PC,Cloudy,,,Westerly,,Weak,Weak,,LittleChange,LittleChange,Negative,LittleChange,XNIL,Aug11_Aug20,B,AB,,LessThanAve,LessThanAve,ABI,N1GtLIGt_4,Stability,LessUnstable,LessUnstable,B,,Strong,Strong,B,XNIL,XNIL,XNIL,LowSHighN,ModerateOrLe,Average,Steep,OtherRapid,Other,DenvCyclone,LittleChange,Moving,,LVorOther,DenvCyclone
Down,Down,Neutral,Down,Down,Dry,Neutral,Wet,VeryWet,Clear,Clear,Clear,Clear,,Strong,Westerly,Weak,,Weak,Some,IncCapDecIns,,Negative,LittleChange,SIG,,B,AB,Stifling,MoreThanAve,,ABI,N1GtLIGt_4,Neutral,LessUnstable,LessUnstable,B,Stifling,Strong,Moderate,B,SIG,SIG,SIG,HighEvrywher,Steep,VeryMoist,ModerateOrLe,,Other,DenvCyclone,PosToNeg,Other,,Westerly,DenvCyclone
WeakUp,StronUp,,,StrongUp,Wet,Wet,Neutral,Wet,PC,PC,PC,Cloudy,Strong,Strong,DCVZFavor,Strong,,Weak,Marked,,LittleChange,StrongPos,Increasing,SIG,Aug20_Sep15,J,CThruK,,LessThanAve,LessThanAve,CDEJ,,Stability,Average,MoreUnstable,GJ,,Moderate,,J,XNIL,XNIL,SIG,LowMtsHighPl,ModerateOrLe,Dry,Steep,NoMajor,DryMMoistL,DryLine,LittleChange,,LV,LVorOther,
Neutral,Neutral,Neutral,Neutral,Neutral,Wet,Neutral,Neutral,Neutral,Clear,PC,PC,PC,Weak,Weak,DCVZFavor,Weak,,Weak,,LittleChange,LittleChange,StrongPos,Increasing,SIG,Aug20_Sep15,C,CThruK,,LessThanAve,LessThanAve,CDEJ,N5GtLIGt_8,Stability,LessUnstable,,ACEFK,,Moderate,Strong,,XNIL,XNIL,SIG,LowEvrywhere,,Dry,Steep,MarkedUpper,MoistMDryL,E_W_S,NegToPos,Other,,LVorOther,LV
WeakUp,Neutral,Neutral,Neutral,Neutral,Wet,Neutral,Wet,,PC,PC,PC,,,,,,,,,IncCapDecIns,Increasing,Neutral,Increasing,XNIL,May15_Jun14,D,CThruK,PartInhibit,Average,MoreThanAve,CDEJ,N1GtLIGt_4,Stability,Average,MoreUnstable,D,PartInhibit,Weak,,D,SVR,SVR,SVR,LowAtStation,ModerateOrLe,Average,Steep,StrongFront,Other,,PosToNeg,,SWQuad,LVorOther,
StrongUp,StronUp,Neutral,StrongUp,StrongUp,Dry,Wet,Wet,VeryWet,PC,Clear,Clear,Clear,,Strong,DCVZFavor,Weak,Strong,,Some,DecCapIncIns,Decreasing,WeakPos,Increasing,SIG,Aug20_Sep15,G,CThruK,PartInhibit,Average,Average,G,N5GtLIGt_8,Stability,MoreUnstable,MoreUnstable,GJ,PartInhibit,Moderate,Moderate,G,XNIL,SIG,,LowEvrywhere,CloseToDryAd,Average,,NoMajor,MoistMDryL,,PosToNeg,,,Westerly,
StrongUp,Down,Neutral,Neutral,Neutral,Neutral,Dry,,Wet,PC,PC,Cloudy,Cloudy,Weak,Strong,DCVZFavor,,Weak,Weak,,IncCapDecIns,Increasing,Negative,Increasing,,Aug20_Sep15,K,CThruK,,MoreThanAve,MoreThanAve,K,N1GtLIGt_4,Instability,Average,Average,ACEFK,,Moderate,Slight,K,,XNIL,SIG,LowMtsHighPl,ModerateOrLe,Dry,Steep,,Other,,SigPositive,QStationary,NWQuad,,WidespdDnsl
Neutral,WeakUp,Down,Neutral,Neutral,Dry,Wet,Dry,Dry,Clear,,Clear,Clear,Strong,,StrongWest,Weak,Weak,Weak,Marked,IncCapDecIns,Increasing,StrongPos,Increasing,SIG,Aug20_Sep15,J,CThruK,Stifling,Average,MoreThanAve,CDEJ,N5GtLIGt_8,Stability,LessUnstable,LessUnstable,GJ,PartInhibit,Strong,Moderate,J,XNIL,XNIL,,LowEvrywhere,Stable,Average,Steep,NoMajor,MoistMDryL,DryLine,PosToNeg,,LV,LVorOther,LV
Neutral,StronUp,StrongUp,,StrongUp,,Neutral,Neutral,Wet,Clear,Cloudy,Cloudy,,,,DCVZFavor,,,Weak,,LittleChange,LittleChange,Neutral,Increasing,XNIL,Jul16_Aug10,,CThruK,PartInhibit,LessThanAve,LessThanAve,CDEJ,N1GtLIGt_4,Stability,,Average,,PartInhibit,Weak,Moderate,,XNIL,XNIL,XNIL,LowAtStation,ModerateOrLe,Dry,CloseToDryAd,NoMajor,DryMMoistL,E_W_S,LittleChange,,LV,LVorOther,LongAnticyc
StrongUp,Neutral,Neutral,StrongUp,StrongUp,Neutral,Dry,Neutral,,Clear,PC,PC,Cloudy,Weak,Weak,Westerly,,,Weak,Some,DecCapIncIns,Decreasing,Negative,Decreasing,XNIL,Aug20_Sep15,H,CThruK,PartInhibit,LessThanAve,LessThanAve,H,LILt_8,Instability,MoreUnstable,Average,HI,,Moderate,Strong,H,SIG,SIG,SIG,LowMtsHighPl,Stable,Average,CloseToDryAd,MarkedUpper,Other,,PosToNeg,Moving,NWQuad,LVorOther,SEQuad
WeakUp,WeakUp,WeakUp,WeakUp,WeakUp,Neutral,Dry,Neutral,Neutral,Cloudy,PC,Cloudy,Cloudy,Weak,,Westerly,Strong,,Weak,Marked,DecCapIncIns,Decreasing,Negative,Decreasing,,Aug20_Sep15,B,AB,,LessThanAve,LessThanAve,ABI,N1GtLIGt_4,Instability,Average,LessUnstable,B,,Strong,Strong,B,SVR,SVR,SVR,LowMtsHighPl,Stable,Average,,NoMajor,,DenvCyclone,LittleChange,Other,NWQuad,Westerly,DenvCyclone
Down,Neutral,Neutral,Down,Down,,Dry,Dry,Dry,PC,Clear,PC,PC,,,Westerly,,,,,IncCapDecIns,,,LittleChange,XNIL,,J,CThruK,PartInhibit,LessThanAve,LessThanAve,CDEJ,N5GtLIGt_8,,LessUnstable,Average,GJ,,Weak,Moderate,J,,XNIL,XNIL,HighEvrywher,Steep,Average,CloseToDryAd,NoMajor,DryMMoistL,DenvCyclone,LittleChange,QStationary,LV,LVorOther,LV
Neutral,Neutral,Neutral,Neutral,Neutral,Neutral,Neutral,Neutral,Wet,PC,PC,Cloudy,Cloudy,Strong,Strong,StrongWest,Strong,Weak,Strong,Marked,LittleChange,LittleChange,WeakPos,LittleChange,SIG,Jul2_Jul15,K,CThruK,PartInhibit,Average,Average,K,N1GtLIGt_4,Instability,,MoreUnstable,ACEFK,,,,K,XNIL,XNIL,,,Stable,Average,ModerateOrLe,MarkedUpper,DryMMoistL,MovingFtorOt,SigPositive,,AllElse,,WidespdDnsl
WeakUp,Neutral,StrongUp,Neutral,Neutral,Dry,VeryWet,Neutral,Dry,Clear,Clear,Clear,Clear,,,Other,,Weak,,,IncCapDecIns,Increasing,StrongPos,Increasing,XNIL,Jun15_Jul1,I,CThruK,PartInhibit,LessThanAve,Average,ABI,LIGt0,Instability,Average,MoreUnstable,HI,PartInhibit,Weak,,I,XNIL,XNIL,XNIL,LowSHighN,Stable,Average,Steep,NoMajor,DryMMoistL,E_W_S,SigPositive,QStationary,SWQuad,LVorOther,DenvCyclone
WeakUp,WeakUp,WeakUp,WeakUp,WeakUp,Dry,Dry,Neutral,,PC,PC,Clear,Clear,,,Other,,Strong,Weak,,LittleChange,LittleChange,,LittleChange,XNIL,May15_Jun14,J,,Stifling,MoreThanAve,MoreThanAve,CDEJ,N1GtLIGt_4,Stability,,LessUnstable,GJ,,Weak,Moderate,J,SIG,SIG,SIG,,Steep,,ModerateOrLe,NoMajor,Other,DryLine,LittleChange,Other,LV,LVorOther,LongAnticyc
WeakUp,Neutral,Neutral,,Neutral,,Neutral,Neutral,Neutral,Cloudy,PC,Cloudy,Cloudy,,,DCVZFavor,,,Weak,,IncCapDecIns,Increasing,Neutral,Increasing,XNIL,Jul16_Aug10,E,CThruK,,,MoreThanAve,CDEJ,LILt_8,Stability,MoreUnstable,MoreUnstable,ACEFK,,Strong,Strong,E,,SVR,SVR,LowAtStation,Steep,Average,ModerateOrLe,OtherRapid,MoistMDryL,E_W_S,NegToPos,Other,SWQuad,LVorOther,LongAnticyc
WeakUp,Down,WeakUp,Neutral,Neutral,Dry,VeryWet,VeryWet,,PC,PC,,PC,Strong,Strong,Westerly,,,,Some,LittleChange,LittleChange,Neutral,Increasing,SVR,Jul2_Jul15,A,AB,PartInhibit,Average,Average,ABI,N5GtLIGt_8,Stability,Average,MoreUnstable,ACEFK,,Moderate,,A,SVR,SVR,SVR,LowNHighS,Stable,VeryMoist,Steep,StrongFront,DryMMoistL,E_W_S,,Other,SWQuad,Westerly,DenvCyclone
Neutral,StronUp,Neutral,WeakUp,,Neutral,Neutral,Dry,Dry,Clear,PC,PC,PC,,,Westerly,,,,,LittleChange,LittleChange,StrongPos,LittleChange,XNIL,Aug20_Sep15,K,CThruK,Stifling,Average,Average,K,N1GtLIGt_4,Stability,MoreUnstable,Average,ACEFK,,Weak,,K,XNIL,XNIL,XNIL,Other,Steep,,CloseToDryAd,MarkedUpper,,,SigNegative,,NWQuad,,WidespdDnsl
Neutral,Down,WeakUp,Neutral,Neutral,Wet,Neutral,Neutral,Wet,PC,Clear,Cloudy,Cloudy,Weak,,Westerly,Weak,Weak,Weak,Some,LittleChange,LittleChange,WeakPos,Decreasing,SIG,Jul2_Jul15,B,AB,Stifling,MoreThanAve,,ABI,N1GtLIGt_4,Instability,MoreUnstable,MoreUnstable,B,,Moderate,Strong,B,SVR,SVR,SVR,HighEvrywher,Stable,VeryMoist,Steep,NoMajor,DryMMoistL,DenvCyclone,,,AllElse,Westerly,SEQuad
Neutral,Neutral,Neutral,Neutral,Neutral,Neutral,VeryWet,,VeryWet,Clear,Cloudy,Clear,PC,,,DCVZFavor,,,,,IncCapDecIns,Increasing,WeakPos,Increasing,XNIL,Jul2_Jul15,A,AB,,LessThanAve,LessThanAve,ABI,,Instability,,MoreUnstable,ACEFK,TotalInhibit,,Slight,A,SIG,SIG,SIG,HighEvrywher,ModerateOrLe,,Steep,MarkedUpper,DryMMoistL,E_W_S,NegToPos,Other,SWQuad,Westerly,DenvCyclone
Down,,Neutral,Neutral,Neutral,Dry,Neutral,VeryWet,Wet,Cloudy,Clear,Cloudy,Cloudy,Weak,Weak,StrongWest,Weak,,,Some,LittleChange,LittleChange,Negative,Decreasing,XNIL,May15_Jun14,A,AB,TotalInhibit,,Average,ABI,N5GtLIGt_8,,Average,Average,,PartInhibit,Moderate,Strong,A,XNIL,XNIL,XNIL,LowMtsHighPl,Steep,Average,Steep,OtherRapid,Other,DenvCyclone,LittleChange,Other,SWQuad,Westerly,DenvCyclone
StrongUp,StronUp,Down,WeakUp,WeakUp,Dry,Neutral,VeryWet,VeryWet,Clear,PC,Clear,PC,Weak,Strong,Other,,,,,,Decreasing,Negative,Decreasing,SIG,Jul16_Aug10,A,AB,PartInhibit,Average,Average,ABI,N5GtLIGt_8,Neutral,MoreUnstable,MoreUnstable,ACEFK,,Moderate,,A,SVR,SVR,SVR,HighEvrywher,CloseToDryAd,Average,Steep,MarkedUpper,DryMMoistL,DenvCyclone,NegToPos,Other,AllElse,Westerly,DenvCyclone
Neutral,StronUp,WeakUp,WeakUp,WeakUp,Neutral,Neutral,Dry,Dry,Clear,Clear,,Clear,,,Westerly,,,,,,LittleChange,Neutral,LittleChange,XNIL,,E,,,,Average,,,Instability,MoreUnstable,MoreUnstable,,PartInhibit,Moderate,Moderate,E,,SVR,SVR,LowEvrywhere,Steep,Dry,ModerateOrLe,OtherRapid,MoistMDryL,,NegToPos,,SWQuad,Westerly,DenvCyclone
StrongUp,Neutral,,Neutral,Neutral,Dry,Neutral,Neutral,Neutral,Clear,PC,Clear,Clear,,,DCVZFavor,,,,,LittleChange,,Neutral,LittleChange,XNIL,May15_Jun14,A,AB,PartInhibit,Average,Average,ABI,N1GtLIGt_4,,LessUnstable,LessUnstable,ACEFK,,Unfavorable,,A,XNIL,XNIL,XNIL,LowNHighS,ModerateOrLe,Dry,Steep,MarkedUpper,DryMMoistL,,LittleChange,Moving,SWQuad,LVorOther,DenvCyclone
Down,StronUp,Down,Down,Down,Neutral,Wet,Neutral,Dry,PC,PC,PC,Clear,Weak,Strong,Westerly,Strong,Weak,Weak,Marked,IncCapDecIns,Increasing,Negative,Decreasing,XNIL,May15_Jun14,E,CThruK,TotalInhibit,MoreThanAve,MoreThanAve,,,Neutral,MoreUnstable,LessUnstable,ACEFK,PartInhibit,,,E,SIG,SIG,SIG,Other,CloseToDryAd,Average,ModerateOrLe,NoMajor,,DryLine,SigNegative,,SWQuad,LVorOther,LV
Neutral,StronUp,,StrongUp,StrongUp,Wet,VeryWet,,VeryWet,Clear,Cloudy,Cloudy,,Strong,Strong,,,,Weak,,LittleChange,LittleChange,WeakPos,LittleChange,SVR,Aug20_Sep15,A,AB,,LessThanAve,LessThanAve,ABI,,Instability,MoreUnstable,MoreUnstable,ACEFK,PartInhibit,,Strong,A,SVR,SVR,,Other,ModerateOrLe,VeryMoist,CloseToDryAd,StrongFront,DryMMoistL,DenvCyclone,SigNegative,Other,SWQuad,Westerly,LV
,Neutral,WeakUp,WeakUp,WeakUp,Neutral,Wet,Wet,VeryWet,,Clear,PC,Cloudy,,,Other,,Strong,Strong,,LittleChange,LittleChange,Negative,Decreasing,XNIL,,G,CThruK,TotalInhibit,MoreThanAve,MoreThanAve,G,N1GtLIGt_4,Instability,Average,Average,GJ,,Weak,Slight,G,SIG,SIG,SIG,LowAtStation,CloseToDryAd,Average,CloseToDryAd,OtherRapid,MoistMDryL,DryLine,SigNegative,,SWQuad,,LongAnticyc
WeakUp,WeakUp,WeakUp,WeakUp,WeakUp,VeryWet,Wet,Wet,,PC,Cloudy,Cloudy,Cloudy,Strong,Strong,DCVZFavor,Weak,Weak,Strong,Marked,IncCapDecIns,,WeakPos,Increasing,SVR,May15_Jun14,K,CThruK,PartInhibit,Average,MoreThanAve,,N5GtLIGt_8,Stability,MoreUnstable,,ACEFK,PartInhibit,Weak,,K,XNIL,XNIL,SVR,Other,CloseToDryAd,,Steep,StrongFront,DryMMoistL,MovingFtorOt,SigPositive,Moving,AllElse,Westerly,LongAnticyc
Down,Neutral,Neutral,Neutral,Neutral,VeryWet,Wet,,Wet,Clear,Clear,,Clear,,,Westerly,,,,,LittleChange,LittleChange,Neutral,Decreasing,XNIL,Jul16_Aug10,A,AB,,LessThanAve,LessThanAve,ABI,N5GtLIGt_8,Stability,Average,LessUnstable,ACEFK,Stifling,Moderate,,A,,XNIL,XNIL,Other,Stable,Average,Steep,OtherRapid,,DenvCyclone,SigNegative,,,,
WeakUp,Down,Neutral,,Neutral,Neutral,VeryWet,Wet,Wet,Clear,Clear,Clear,Clear,,,Other,,Weak,Weak,,LittleChange,LittleChange,Neutral,LittleChange,XNIL,,D,CThruK,,MoreThanAve,MoreThanAve,CDEJ,N1GtLIGt_4,Neutral,Average,,D,,Strong,Strong,D,,SVR,SVR,,,Average,Steep,MarkedUpper,DryMMoistL,DenvCyclone,SigNegative,Other,NWQuad,,LV
WeakUp,,Down,StrongUp,StrongUp,Wet,VeryWet,Wet,VeryWet,PC,PC,PC,Cloudy,Strong,Strong,StrongWest,Strong,Weak,Weak,Some,LittleChange,LittleChange,StrongPos,LittleChange,SIG,Aug20_Sep15,J,,TotalInhibit,MoreThanAve,MoreThanAve,CDEJ,N1GtLIGt_4,Stability,LessUnstable,LessUnstable,GJ,,Moderate,Strong,J,XNIL,XNIL,SIG,LowAtStation,ModerateOrLe,Average,Steep,OtherRapid,Other,DryLine,LittleChange,QStationary,,LVorOther,SEQuad
Neutral,Neutral,Neutral,Neutral,Neutral,Dry,Neutral,Dry,,,Clear,Cloudy,Cloudy,,,DCVZFavor,,Strong,Weak,,IncCapDecIns,Increasing,Negative,,XNIL,Jul2_Jul15,J,CThruK,,LessThanAve,LessThanAve,CDEJ,LILt_8,Instability,MoreUnstable,MoreUnstable,GJ,PartInhibit,Strong,Slight,J,XNIL,XNIL,XNIL,LowMtsHighPl,ModerateOrLe,Average,ModerateOrLe,NoMajor,MoistMDryL,DryLine,NegToPos,Other,,LVorOther,SEQuad
Down,StronUp,Down,Neutral,Neutral,Wet,VeryWet,VeryWet,Wet,PC,Clear,Clear,Clear,Strong,Strong,,Strong,Strong,Weak,Marked,IncCapDecIns,Increasing,Neutral,Decreasing,SVR,May15_Jun14,E,CThruK,,MoreThanAve,MoreThanAve,CDEJ,LIGt0,Stability,LessUnstable,LessUnstable,ACEFK,PartInhibit,Moderate,Slight,E,XNIL,XNIL,SVR,,Stable,Average,ModerateOrLe,NoMajor,MoistMDryL,DenvCyclone,LittleChange,,AllElse,Westerly,WidespdDnsl
Neutral,Down,Neutral,Neutral,Neutral,Wet,Dry,Wet,Wet,PC,Clear,Clear,Clear,,,Westerly,Strong,,Strong,,DecCapIncIns,Decreasing,Neutral,Decreasing,XNIL,Jun15_Jul1,G,CThruK,Stifling,MoreThanAve,MoreThanAve,G,N5GtLIGt_8,Stability,Average,Average,GJ,,Moderate,Strong,G,SVR,SVR,SVR,Other,CloseToDryAd,,CloseToDryAd,NoMajor,Other,,SigNegative,,LV,LVorOther,LongAnticyc
Neutral,StronUp,Neutral,WeakUp,,,Dry,Dry,Dry,PC,PC,PC,PC,,Strong,Other,,Weak,Weak,Marked,IncCapDecIns,Increasing,Negative,LittleChange,SIG,May15_Jun14,G,CThruK,TotalInhibit,MoreThanAve,MoreThanAve,G,N5GtLIGt_8,Stability,Average,Average,GJ,PartInhibit,Moderate,Slight,G,SIG,SIG,SIG,LowEvrywhere,Steep,Dry,CloseToDryAd,MarkedUpper,Other,Other,SigNegative,,NWQuad,Westerly,
Down,Neutral,StrongUp,Down,Down,Dry,Wet,Wet,Neutral,Cloudy,Clear,Cloudy,Cloudy,,,Other,,Weak,Weak,,IncCapDecIns,Increasing,Neutral,Increasing,,Jul2_Jul15,,CThruK,PartInhibit,LessThanAve,LessThanAve,G,N1GtLIGt_4,Stability,Average,Average,GJ,,Unfavorable,,G,XNIL,XNIL,XNIL,LowAtStation,CloseToDryAd,Dry,CloseToDryAd,NoMajor,MoistMDryL,,LittleChange,,SWQuad,LVorOther,LongAnticyc
,Neutral,StrongUp,WeakUp,,Wet,Dry,Neutral,Neutral,PC,Cloudy,Clear,PC,,Weak,Other,,,,Some,IncCapDecIns,,Negative,LittleChange,SVR,,G,CThruK,PartInhibit,MoreThanAve,,G,N1GtLIGt_4,Instability,LessUnstable,Average,GJ,,Weak,,G,SVR,SVR,SVR,LowAtStation,CloseToDryAd,Dry,Steep,NoMajor,MoistMDryL,,LittleChange,,,Westerly,WidespdDnsl
Neutral,Neutral,Neutral,Neutral,Neutral,VeryWet,Dry,VeryWet,Wet,PC,Cloudy,Cloudy,Cloudy,Strong,Strong,,Weak,Strong,Strong,,IncCapDecIns,Increasing,Negative,LittleChange,SIG,May15_Jun14,B,AB,PartInhibit,Average,MoreThanAve,ABI,LIGt0,,LessUnstable,LessUnstable,B,,Unfavorable,,B,SIG,,SIG,HighEvrywher,ModerateOrLe,Dry,Steep,NoMajor,DryMMoistL,Other,LittleChange,Moving,LV,Westerly,DenvCyclone
Down,Neutral,StrongUp,Neutral,,Neutral,Neutral,Wet,Wet,Clear,Clear,Clear,Clear,Weak,Strong,Westerly,Strong,,Weak,Marked,DecCapIncIns,Decreasing,Neutral,Decreasing,SVR,May15_Jun14,B,AB,TotalInhibit,MoreThanAve,LessThanAve,ABI,N1GtLIGt_4,Instability,LessUnstable,LessUnstable,B,,Moderate,Moderate,B,SVR,SVR,,HighEvrywher,Steep,Dry,Steep,NoMajor,,E_W_S,PosToNeg,Other,SWQuad,LVorOther,DenvCyclone
Down,Down,Neutral,,Down,Wet,,Wet,Wet,PC,Clear,,Clear,,Weak,Westerly,Strong,,Weak,Some,LittleChange,LittleChange,Neutral,Increasing,SVR,Aug20_Sep15,,CThruK,PartInhibit,Average,,K,N1GtLIGt_4,Stability,LessUnstable,LessUnstable,ACEFK,,Weak,Slight,,XNIL,SIG,SVR,LowAtStation,,Dry,ModerateOrLe,MarkedUpper,,MovingFtorOt,NegToPos,,AllElse,LVorOther,LV
Neutral,Neutral,Down,Neutral,Neutral,Neutral,Dry,Dry,Dry,Clear,Clear,Clear,PC,Weak,Strong,DCVZFavor,Strong,,Weak,Marked,IncCapDecIns,Increasing,Negative,LittleChange,XNIL,May15_Jun14,E,CThruK,Stifling,,MoreThanAve,CDEJ,N1GtLIGt_4,Neutral,LessUnstable,LessUnstable,ACEFK,,Weak,Slight,E,XNIL,XNIL,XNIL,LowEvrywhere,CloseToDryAd,Average,ModerateOrLe,NoMajor,MoistMDryL,DryLine,LittleChange,,SWQuad,Westerly,LV
WeakUp,Neutral,StrongUp,StrongUp,StrongUp,Neutral,,VeryWet,VeryWet,PC,PC,PC,Cloudy,Strong,Strong,DCVZFavor,Strong,,Strong,Marked,DecCapIncIns,Decreasing,Negative,LittleChange,XNIL,Aug20_Sep15,B,AB,Stifling,Average,LessThanAve,ABI,LILt_8,Stability,LessUnstable,LessUnstable,B,TotalInhibit,Weak,,B,XNIL,XNIL,XNIL,HighEvrywher,Stable,VeryMoist,CloseToDryAd,NoMajor,DryMMoistL,E_W_N,LittleChange,Other,AllElse,Westerly,
Down,StronUp,Neutral,Neutral,Neutral,Wet,Dry,,Neutral,PC,Clear,Clear,Clear,,,Other,,Weak,,,,Increasing,Negative,Decreasing,XNIL,,,CThruK,PartInhibit,LessThanAve,LessThanAve,CDEJ,N5GtLIGt_8,,MoreUnstable,MoreUnstable,GJ,PartInhibit,Weak,Moderate,J,SVR,SVR,SVR,LowSHighN,ModerateOrLe,Dry,CloseToDryAd,NoMajor,MoistMDryL,DryLine,LittleChange,Other,AllElse,LVorOther,DenvCyclone
,Neutral,Neutral,Neutral,Neutral,Wet,,Neutral,Neutral,,PC,Clear,Clear,Weak,Strong,Other,,,Weak,,DecCapIncIns,Decreasing,,Decreasing,SIG,Jul2_Jul15,E,CThruK,PartInhibit,,LessThanAve,CDEJ,N1GtLIGt_4,Stability,LessUnstable,LessUnstable,ACEFK,PartInhibit,Moderate,,E,XNIL,,SIG,LowAtStation,Steep,Average,ModerateOrLe,NoMajor,Other,E_W_N,SigNegative,,LV,Westerly,LV
,StronUp,Down,Down,Down,Neutral,,Wet,Wet,Clear,Clear,Clear,Clear,,Weak,DCVZFavor,Weak,,Strong,,IncCapDecIns,Increasing,Negative,Decreasing,SIG,Aug20_Sep15,J,CThruK,PartInhibit,Average,MoreThanAve,CDEJ,LILt_8,Stability,,LessUnstable,GJ,TotalInhibit,Strong,Moderate,J,XNIL,XNIL,,HighEvrywher,CloseToDryAd,Dry,,,Other,DryLine,LittleChange,Other,LV,LVorOther,E_NE
Down,Neutral,Neutral,Neutral,,Wet,Neutral,Dry,Dry,Clear,Clear,Clear,,,,StrongWest,,Weak,,,IncCapDecIns,Increasing,,LittleChange,XNIL,Jul2_Jul15,E,CThruK,Stifling,Average,Average,CDEJ,N1GtLIGt_4,Instability,Average,Average,ACEFK,Stifling,,Slight,E,SVR,SIG,,HighEvrywher,,Average,Steep,NoMajor,MoistMDryL,,NegToPos,Other,SWQuad,,LV
Down,Neutral,Down,Down,Down,Neutral,Neutral,Neutral,Neutral,PC,PC,Cloudy,PC,,,StrongWest,,,Weak,,IncCapDecIns,Increasing,Neutral,Increasing,,May15_Jun14,B,AB,Stifling,LessThanAve,LessThanAve,ABI,N5GtLIGt_8,,LessUnstable,LessUnstable,B,,Moderate,Moderate,B,SIG,SIG,,,ModerateOrLe,VeryMoist,Steep,NoMajor,DryMMoistL,DenvCyclone,LittleChange,Other,NWQuad,LVorOther,SEQuad
,Down,Neutral,Down,Down,VeryWet,Dry,Neutral,Dry,PC,Clear,Clear,Clear,,,,,Weak,Weak,,IncCapDecIns,Increasing,Neutral,LittleChange,XNIL,May15_Jun14,,CThruK,Stifling,MoreThanAve,MoreThanAve,CDEJ,N1GtLIGt_4,Stability,Average,Average,D,PartInhibit,,Slight,D,SIG,SIG,SIG,LowSHighN,CloseToDryAd,Average,Steep,OtherRapid,Other,,SigNegative,Other,AllElse,Westerly,SEQuad
Neutral,Neutral,StrongUp,Neutral,Neutral,Dry,Wet,Wet,Wet,PC,Clear,,PC,Strong,Strong,DCVZFavor,,,Weak,,IncCapDecIns,Increasing,Negative,LittleChange,SIG,Aug20_Sep15,K,CThruK,,Average,MoreThanAve,K,LIGt0,Instability,LessUnstable,LessUnstable,ACEFK,PartInhibit,Weak,Slight,K,XNIL,XNIL,SIG,LowNHighS,ModerateOrLe,VeryMoist,,,Other,,NegToPos,,SWQuad,Westerly,WidespdDnsl
StrongUp,Down,Neutral,StrongUp,StrongUp,VeryWet,Wet,VeryWet,,Clear,PC,Clear,Cloudy,Strong,Strong,DCVZFavor,Strong,,,Marked,IncCapDecIns,Increasing,WeakPos,Increasing,SIG,Aug20_Sep15,C,CThruK,TotalInhibit,MoreThanAve,MoreThanAve,CDEJ,LILt_8,Instability,MoreUnstable,MoreUnstable,,PartInhibit,Moderate,Moderate,C,,XNIL,SIG,LowEvrywhere,Steep,Average,ModerateOrLe,MarkedUpper,,E_W_N,SigPositive,,AllElse,Westerly,LongAnticyc
WeakUp,WeakUp,Down,Neutral,Neutral,Wet,Neutral,Wet,Wet,,PC,,Cloudy,,Strong,StrongWest,Weak,,Weak,Marked,IncCapDecIns,Increasing,Negative,LittleChange,SIG,Aug20_Sep15,F,CThruK,PartInhibit,Average,MoreThanAve,F,N5GtLIGt_8,Stability,LessUnstable,LessUnstable,ACEFK,PartInhibit,Moderate,Slight,F,XNIL,XNIL,SIG,HighEvrywher,Stable,VeryMoist,ModerateOrLe,StrongFront,Other,,SigNegative,,AllElse,LVorOther,E_NE
Down,StronUp,Down,Neutral,Neutral,Wet,Neutral,Neutral,Neutral,PC,Clear,Clear,Clear,Strong,Strong,StrongWest,Weak,Weak,,Some,LittleChange,LittleChange,Neutral,,SIG,Jul2_Jul15,A,,PartInhibit,LessThanAve,LessThanAve,ABI,N5GtLIGt_8,Instability,MoreUnstable,,,,,Strong,A,SIG,SIG,SIG,LowEvrywhere,Steep,Average,CloseToDryAd,MarkedUpper,Other,DenvCyclone,SigNegative,Moving,SWQuad,Westerly,
,Neutral,,WeakUp,WeakUp,Wet,Wet,Dry,Neutral,Cloudy,,Cloudy,PC,,,Other,,,,,IncCapDecIns,Increasing,WeakPos,Increasing,XNIL,Jul16_Aug10,J,CThruK,,Average,MoreThanAve,CDEJ,N5GtLIGt_8,Stability,Average,,GJ,,Moderate,Moderate,J,XNIL,XNIL,XNIL,LowNHighS,Steep,Average,Steep,NoMajor,,DryLine,LittleChange,,,LVorOther,LV
WeakUp,Neutral,,Neutral,Neutral,Wet,Wet,Neutral,Neutral,PC,PC,PC,PC,,,DCVZFavor,,Strong,,,IncCapDecIns,Increasing,StrongPos,,XNIL,Aug20_Sep15,A,AB,,LessThanAve,MoreThanAve,ABI,N1GtLIGt_4,Stability,LessUnstable,MoreUnstable,ACEFK,PartInhibit,Unfavorable,,,SVR,SVR,SVR,HighEvrywher,Stable,VeryMoist,Steep,MarkedUpper,,DenvCyclone,NegToPos,QStationary,SWQuad,Westerly,DenvCyclone
WeakUp,StronUp,Down,WeakUp,WeakUp,Neutral,Neutral,Neutral,Wet,Clear,PC,Clear,Clear,,Weak,Westerly,,,Weak,Some,DecCapIncIns,Decreasing,Negative,Decreasing,XNIL,Aug20_Sep15,,CThruK,PartInhibit,MoreThanAve,Average,ABI,N1GtLIGt_4,Neutral,MoreUnstable,,HI,Stifling,Weak,,I,SVR,SVR,SVR,LowSHighN,,Average,,NoMajor,Other,MovingFtorOt,PosToNeg,Moving,SWQuad,Westerly,E_NE
WeakUp,WeakUp,Neutral,Neutral,Neutral,Dry,Dry,,VeryWet,Clear,,Cloudy,Cloudy,,,Other,,,,,IncCapDecIns,Increasing,StrongPos,Increasing,XNIL,May15_Jun14,B,AB,PartInhibit,LessThanAve,MoreThanAve,ABI,N1GtLIGt_4,Neutral,LessUnstable,Average,B,Stifling,Weak,,B,SIG,SIG,,Other,ModerateOrLe,Average,Steep,NoMajor,DryMMoistL,,LittleChange,,NWQuad,Westerly,SEQuad
Down,StronUp,Down,Down,Down,Dry,Neutral,VeryWet,,Cloudy,PC,,Clear,Weak,,DCVZFavor,Weak,,,Marked,LittleChange,LittleChange,Neutral,LittleChange,SIG,May15_Jun14,H,CThruK,PartInhibit,Average,Average,H,N5GtLIGt_8,Neutral,Average,Average,HI,PartInhibit,Unfavorable,,H,XNIL,XNIL,SIG,,Stable,VeryMoist,Steep,MarkedUpper,DryMMoistL,MovingFtorOt,LittleChange,,AllElse,Westerly,E_NE
Down,Neutral,Neutral,Neutral,Neutral,Dry,Dry,VeryWet,Wet,Clear,Cloudy,Clear,Clear,Strong,Strong,StrongWest,Strong,Weak,Strong,Marked,,,Neutral,Decreasing,SIG,Aug20_Sep15,C,,Stifling,Average,Average,CDEJ,N1GtLIGt_4,Neutral,MoreUnstable,MoreUnstable,ACEFK,Stifling,Strong,Slight,,SIG,SIG,SIG,LowEvrywhere,CloseToDryAd,Dry,Steep,NoMajor,Other,,PosToNeg,Other,NWQuad,Westerly,
StrongUp,WeakUp,Down,WeakUp,WeakUp,Neutral,Dry,Neutral,Neutral,PC,PC,PC,PC,,,DCVZFavor,,,Weak,,LittleChange,LittleChange,Negative,,XNIL,,F,CThruK,,LessThanAve,LessThanAve,F,N1GtLIGt_4,Stability,Average,Average,ACEFK,PartInhibit,Unfavorable,Slight,F,XNIL,,XNIL,,Steep,VeryMoist,ModerateOrLe,NoMajor,Other,,PosToNeg,,AllElse,LVorOther,LV
StrongUp,Neutral,Neutral,Neutral,Neutral,Neutral,Wet,Wet,VeryWet,,Cloudy,,Cloudy,Strong,Strong,DCVZFavor,Weak,Strong,Strong,Some,DecCapIncIns,Decreasing,WeakPos,LittleChange,SVR,Aug20_Sep15,C,CThruK,,LessThanAve,LessThanAve,CDEJ,N1GtLIGt_4,,Average,LessUnstable,ACEFK,,Weak,Slight,C,XNIL,SVR,SVR,LowNHighS,CloseToDryAd,Average,CloseToDryAd,,Other,,SigPositive,,NWQuad,LVorOther,LongAnticyc
Neutral,Down,Neutral,Neutral,Neutral,Wet,Wet,Wet,Wet,Cloudy,Cloudy,Cloudy,PC,Weak,Weak,Other,,Weak,,,IncCapDecIns,Increasing,Neutral,LittleChange,SIG,May15_Jun14,E,CThruK,PartInhibit,Average,Average,CDEJ,N1GtLIGt_4,Stability,Average,MoreUnstable,ACEFK,PartInhibit,Strong,,E,SIG,SIG,SIG,,Stable,Average,ModerateOrLe,OtherRapid,MoistMDryL,,LittleChange,QStationary,SWQuad,LVorOther,LV
Neutral,Neutral,Neutral,Neutral,Neutral,Dry,VeryWet,Wet,VeryWet,,Cloudy,Cloudy,Cloudy,,,Other,,,Weak,,LittleChange,,Neutral,,,Aug20_Sep15,C,CThruK,PartInhibit,LessThanAve,LessThanAve,,N1GtLIGt_4,Neutral,Average,Average,ACEFK,TotalInhibit,Moderate,Slight,C,XNIL,XNIL,,,CloseToDryAd,Dry,Steep,MarkedUpper,DryMMoistL,E_W_N,SigPositive,Other,AllElse,,WidespdDnsl
WeakUp,Neutral,Neutral,Neutral,Neutral,Neutral,VeryWet,Neutral,Neutral,Clear,PC,Clear,,Strong,Strong,DCVZFavor,Strong,Weak,Strong,,IncCapDecIns,Increasing,Neutral,Increasing,,Jul16_Aug10,H,CThruK,PartInhibit,Average,MoreThanAve,H,N1GtLIGt_4,Instability,Average,MoreUnstable,HI,Stifling,Moderate,,H,XNIL,XNIL,SVR,Other,Stable,VeryMoist,CloseToDryAd,MarkedUpper,DryMMoistL,E_W_N,NegToPos,Moving,NWQuad,LVorOther,E_NE
Neutral,Neutral,Neutral,Neutral,Neutral,Neutral,VeryWet,Wet,,PC,Clear,,PC,,,Westerly,,,,,DecCapIncIns,Decreasing,Neutral,Decreasing,XNIL,Jul2_Jul15,D,,PartInhibit,Average,LessThanAve,CDEJ,N1GtLIGt_4,,LessUnstable,LessUnstable,,TotalInhibit,Moderate,,D,,SIG,SIG,Other,Steep,Dry,ModerateOrLe,StrongFront,Other,,NegToPos,,SWQuad,LVorOther,LongAnticyc
Down,Neutral,Neutral,Neutral,Neutral,Neutral,Dry,Dry,Dry,Clear,PC,Clear,Clear,,Strong,Westerly,Weak,Weak,Strong,Some,LittleChange,LittleChange,Negative,Decreasing,SIG,Aug11_Aug20,J,CThruK,PartInhibit,LessThanAve,LessThanAve,,LILt_8,,Average,LessUnstable,GJ,PartInhibit,Unfavorable,,J,XNIL,XNIL,SIG,LowAtStation,CloseToDryAd,Dry,,NoMajor,DryMMoistL,,LittleChange,,LV,LVorOther,LV
WeakUp,Neutral,Neutral,WeakUp,WeakUp,VeryWet,VeryWet,VeryWet,,PC,Cloudy,Clear,PC,Weak,Strong,Other,,,,Some,LittleChange,LittleChange,WeakPos,Increasing,SIG,Jul16_Aug10,B,AB,,LessThanAve,LessThanAve,ABI,LIGt0,Neutral,LessUnstable,MoreUnstable,B,PartInhibit,Moderate,,B,SIG,SIG,SIG,LowMtsHighPl,,VeryMoist,Steep,OtherRapid,MoistMDryL,DenvCyclone,LittleChange,Other,AllElse,LVorOther,DenvCyclone
StrongUp,Neutral,Down,Neutral,Neutral,Dry,Dry,,Neutral,Clear,Cloudy,,Clear,,Weak,StrongWest,Weak,Weak,Weak,Some,IncCapDecIns,Increasing,Negative,Decreasing,XNIL,Jul16_Aug10,G,,,,MoreThanAve,G,,,Average,Average,GJ,,Strong,Strong,G,SIG,SIG,SIG,LowEvrywhere,CloseToDryAd,Dry,CloseToDryAd,OtherRapid,MoistMDryL,,SigNegative,QStationary,AllElse,,LongAnticyc
WeakUp,Neutral,Neutral,Neutral,Neutral,Neutral,Wet,Neutral,Wet,Clear,Clear,Clear,Clear,,,StrongWest,,,,,DecCapIncIns,Decreasing,Neutral,Decreasing,XNIL,,K,CThruK,PartInhibit,Average,LessThanAve,K,LIGt0,Stability,Average,Average,ACEFK,PartInhibit,Moderate,Strong,,SIG,SIG,SIG,,Steep,VeryMoist,ModerateOrLe,StrongFront,DryMMoistL,DenvCyclone,SigPositive,,NWQuad,LVorOther,WidespdDnsl
,Neutral,Neutral,,Neutral,Neutral,VeryWet,Wet,Wet,Clear,PC,Clear,Clear,Weak,Strong,,Weak,,Weak,,,Increasing,Neutral,LittleChange,SVR,Aug20_Sep15,G,CThruK,PartInhibit,,MoreThanAve,G,N5GtLIGt_8,Stability,Average,LessUnstable,GJ,TotalInhibit,Weak,,,XNIL,XNIL,,LowEvrywhere,CloseToDryAd,Dry,,NoMajor,Other,,LittleChange,,NWQuad,LVorOther,WidespdDnsl
StrongUp,WeakUp,,WeakUp,WeakUp,,Dry,Wet,Wet,PC,PC,PC,PC,Weak,Strong,DCVZFavor,Weak,Weak,Strong,Marked,IncCapDecIns,,Negative,LittleChange,SIG,Aug20_Sep15,J,CThruK,PartInhibit,MoreThanAve,MoreThanAve,CDEJ,,Stability,Average,MoreUnstable,GJ,PartInhibit,Moderate,,,XNIL,XNIL,SIG,LowAtStation,Stable,Dry,Steep,NoMajor,DryMMoistL,E_W_S,LittleChange,,LV,LVorOther,LV
StrongUp,,WeakUp,WeakUp,WeakUp,,Dry,,Wet,Clear,PC,Clear,Clear,,,StrongWest,Strong,,Strong,,DecCapIncIns,Decreasing,StrongPos,Increasing,XNIL,Jun15_Jul1,J,CThruK,PartInhibit,LessThanAve,LessThanAve,CDEJ,N1GtLIGt_4,Stability,LessUnstable,LessUnstable,GJ,,Weak,Slight,J,XNIL,XNIL,XNIL,Other,ModerateOrLe,Dry,ModerateOrLe,OtherRapid,,DryLine,,Other,AllElse,LVorOther,LV
,WeakUp,,Neutral,Neutral,Neutral,Dry,Neutral,Neutral,,Cloudy,Cloudy,Cloudy,Strong,,Westerly,Strong,Weak,Strong,Some,,Increasing,WeakPos,,SIG,,G,CThruK,TotalInhibit,MoreThanAve,MoreThanAve,G,N1GtLIGt_4,Instability,Average,MoreUnstable,GJ,,Moderate,Strong,G,SIG,SIG,,LowEvrywhere,CloseToDryAd,,CloseToDryAd,OtherRapid,MoistMDryL,,LittleChange,QStationary,SWQuad,LVorOther,WidespdDnsl
Down,WeakUp,StrongUp,,Neutral,VeryWet,Neutral,,Wet,PC,,Cloudy,Cloudy,Weak,Strong,DCVZFavor,,,Weak,Some,IncCapDecIns,Increasing,,LittleChange,SIG,May15_Jun14,H,CThruK,,Average,MoreThanAve,,N5GtLIGt_8,Stability,LessUnstable,LessUnstable,HI,PartInhibit,Weak,Slight,H,XNIL,,SIG,,,Average,ModerateOrLe,MarkedUpper,DryMMoistL,MovingFtorOt,SigPositive,Moving,NWQuad,LVorOther,DenvCyclone
,WeakUp,WeakUp,,WeakUp,Neutral,VeryWet,,Neutral,Clear,PC,Clear,Clear,Strong,Strong,DCVZFavor,,Weak,Weak,Marked,LittleChange,LittleChange,WeakPos,Decreasing,XNIL,May15_Jun14,B,AB,PartInhibit,LessThanAve,LessThanAve,ABI,N5GtLIGt_8,Instability,,LessUnstable,B,,,,,XNIL,XNIL,XNIL,LowMtsHighPl,Steep,VeryMoist,Steep,NoMajor,DryMMoistL,E_W_N,LittleChange,,NWQuad,LVorOther,DenvCyclone
Down,Down,Neutral,Down,Down,VeryWet,,Neutral,Neutral,PC,Cloudy,PC,PC,Weak,,Other,,Weak,Weak,,,Increasing,Negative,LittleChange,SIG,Aug20_Sep15,E,CThruK,PartInhibit,Average,MoreThanAve,CDEJ,N1GtLIGt_4,Stability,Average,Average,ACEFK,PartInhibit,Strong,Moderate,E,XNIL,XNIL,SIG,LowAtStation,Steep,Dry,Steep,,MoistMDryL,DryLine,SigNegative,QStationary,SWQuad,,
StrongUp,WeakUp,Neutral,WeakUp,WeakUp,Neutral,Dry,Dry,Dry,PC,PC,PC,Clear,Strong,Strong,Westerly,Strong,Strong,Strong,Some,DecCapIncIns,,WeakPos,LittleChange,XNIL,Aug20_Sep15,K,CThruK,,,Average,K,N1GtLIGt_4,Instability,MoreUnstable,MoreUnstable,ACEFK,,Weak,Slight,K,XNIL,XNIL,XNIL,LowEvrywhere,Steep,Average,ModerateOrLe,StrongFront,DryMMoistL,MovingFtorOt,LittleChange,Other,AllElse,Westerly,LongAnticyc
Neutral,Neutral,StrongUp,WeakUp,WeakUp,Neutral,Neutral,Neutral,Neutral,PC,PC,PC,Cloudy,Strong,Strong,Other,Weak,,Weak,,,LittleChange,,Increasing,XNIL,Jul16_Aug10,,CThruK,PartInhibit,Average,Average,CDEJ,N5GtLIGt_8,Instability,MoreUnstable,MoreUnstable,GJ,,Moderate,Strong,J,,SIG,SIG,,ModerateOrLe,Average,Steep,NoMajor,MoistMDryL,,LittleChange,Other,LV,LVorOther,DenvCyclone
Down,Neutral,Neutral,Neutral,Neutral,Dry,Wet,Neutral,Neutral,,PC,PC,PC,,Weak,DCVZFavor,Weak,Weak,Weak,,LittleChange,LittleChange,Neutral,LittleChange,XNIL,Jun15_Jul1,G,CThruK,Stifling,,MoreThanAve,G,N5GtLIGt_8,Stability,MoreUnstable,MoreUnstable,GJ,,Moderate,Moderate,G,SIG,SIG,SIG,LowEvrywhere,CloseToDryAd,Dry,CloseToDryAd,MarkedUpper,MoistMDryL,,SigPositive,,LV,LVorOther,LongAnticyc
WeakUp,,WeakUp,WeakUp,WeakUp,Neutral,Dry,Dry,Dry,Clear,PC,Clear,Clear,,,StrongWest,,Strong,Strong,,DecCapIncIns,Decreasing,StrongPos,Increasing,XNIL,Aug20_Sep15,,AB,PartInhibit,,Average,,N5GtLIGt_8,Instability,MoreUnstable,MoreUnstable,B,PartInhibit,Weak,,,SVR,SVR,SVR,HighEvrywher,Stable,VeryMoist,Steep,NoMajor,Other,DenvCyclone,PosToNeg,Other,NWQuad,LVorOther,E_NE
WeakUp,WeakUp,Neutral,WeakUp,WeakUp,Wet,Neutral,Wet,VeryWet,Clear,PC,Clear,PC,,Strong,Westerly,,Weak,Weak,,DecCapIncIns,Decreasing,Neutral,LittleChange,SVR,May15_Jun14,K,CThruK,,LessThanAve,LessThanAve,K,N5GtLIGt_8,Instability,MoreUnstable,MoreUnstable,ACEFK,PartInhibit,Unfavorable,,K,XNIL,XNIL,SVR,Other,Steep,Average,ModerateOrLe,StrongFront,DryMMoistL,MovingFtorOt,SigPositive,QStationary,AllElse,Westerly,
Neutral,StronUp,WeakUp,WeakUp,WeakUp,Neutral,VeryWet,Neutral,Wet,PC,Clear,PC,PC,Strong,Strong,StrongWest,Strong,,Weak,Marked,LittleChange,LittleChange,Neutral,Increasing,SIG,Aug20_Sep15,G,,PartInhibit,,MoreThanAve,G,LILt_8,Stability,MoreUnstable,MoreUnstable,GJ,PartInhibit,Weak,,G,XNIL,XNIL,SIG,LowEvrywhere,CloseToDryAd,Average,CloseToDryAd,MarkedUpper,MoistMDryL,DryLine,PosToNeg,,AllElse,Westerly,WidespdDnsl
Neutral,WeakUp,,WeakUp,WeakUp,Wet,Wet,Dry,Neutral,Clear,PC,Clear,Clear,Strong,Strong,,Strong,,Strong,Some,DecCapIncIns,Decreasing,WeakPos,LittleChange,XNIL,Jul16_Aug10,,AB,Stifling,MoreThanAve,LessThanAve,ABI,N5GtLIGt_8,Instability,MoreUnstable,,B,PartInhibit,Weak,,B,SIG,SIG,SIG,LowSHighN,,Average,Steep,NoMajor,,E_W_N,LittleChange,Moving,NWQuad,Westerly,DenvCyclone
WeakUp,Neutral,StrongUp,StrongUp,StrongUp,Wet,VeryWet,Wet,VeryWet,Clear,PC,PC,Cloudy,,,Westerly,,Weak,Weak,,LittleChange,,,LittleChange,XNIL,Jul16_Aug10,E,CThruK,PartInhibit,LessThanAve,,CDEJ,LIGt0,Stability,LessUnstable,LessUnstable,ACEFK,,Moderate,Strong,,XNIL,XNIL,XNIL,LowMtsHighPl,Steep,Average,ModerateOrLe,OtherRapid,MoistMDryL,E_W_S,SigNegative,,AllElse,Westerly,LV
Down,Neutral,,Neutral,,Neutral,Neutral,Neutral,Neutral,Clear,PC,Clear,Clear,,,StrongWest,Strong,Weak,Weak,Some,LittleChange,LittleChange,Negative,Decreasing,XNIL,Aug20_Sep15,A,,,LessThanAve,LessThanAve,ABI,LIGt0,,LessUnstable,LessUnstable,ACEFK,,Moderate,Strong,A,SVR,SVR,SVR,HighEvrywher,Stable,Average,CloseToDryAd,StrongFront,DryMMoistL,DenvCyclone,LittleChange,QStationary,SWQuad,LVorOther,DenvCyclone
WeakUp,WeakUp,WeakUp,WeakUp,WeakUp,,,Wet,VeryWet,PC,Clear,Clear,PC,Strong,Strong,StrongWest,Strong,Weak,Strong,Marked,LittleChange,LittleChange,Negative,Decreasing,XNIL,Jun15_Jul1,G,CThruK,,Average,Average,G,N5GtLIGt_8,,Average,LessUnstable,,,Moderate,Moderate,G,SIG,SIG,SIG,LowEvrywhere,CloseToDryAd,Dry,CloseToDryAd,StrongFront,Other,E_W_N,SigNegative,,NWQuad,LVorOther,LongAnticyc
,Down,WeakUp,WeakUp,WeakUp,Dry,Neutral,VeryWet,,Clear,PC,Clear,Clear,Weak,Strong,DCVZFavor,Weak,,Weak,Marked,IncCapDecIns,Increasing,WeakPos,Increasing,SIG,Aug20_Sep15,B,AB,PartInhibit,,LessThanAve,ABI,N1GtLIGt_4,Stability,LessUnstable,LessUnstable,B,TotalInhibit,Weak,,B,XNIL,XNIL,SIG,HighEvrywher,Steep,Dry,ModerateOrLe,OtherRapid,DryMMoistL,,SigNegative,,AllElse,LVorOther,DenvCyclone
Down,StronUp,StrongUp,Neutral,Neutral,Neutral,Wet,Wet,Wet,Clear,Clear,Clear,Clear,Strong,Strong,DCVZFavor,Strong,,Strong,,IncCapDecIns,Increasing,Negative,Decreasing,SVR,May15_Jun14,,CThruK,PartInhibit,LessThanAve,LessThanAve,K,N1GtLIGt_4,Neutral,,,ACEFK,PartInhibit,Moderate,Strong,K,SVR,SVR,SVR,Other,,VeryMoist,,,DryMMoistL,DryLine,SigPositive,,AllElse,Westerly,SEQuad
Down,WeakUp,Neutral,WeakUp,WeakUp,Dry,Dry,VeryWet,VeryWet,PC,Clear,Clear,PC,,,Westerly,,,,,DecCapIncIns,Decreasing,Neutral,LittleChange,XNIL,Jul16_Aug10,D,CThruK,PartInhibit,Average,LessThanAve,CDEJ,N5GtLIGt_8,,Average,Average,D,,Moderate,,,SIG,,SIG,LowMtsHighPl,Steep,Dry,Steep,MarkedUpper,,DryLine,PosToNeg,,NWQuad,LVorOther,DenvCyclone
,Neutral,WeakUp,WeakUp,WeakUp,Dry,Neutral,Dry,Neutral,PC,PC,PC,PC,Strong,Strong,StrongWest,Strong,Strong,Strong,Marked,LittleChange,LittleChange,WeakPos,Increasing,SIG,May15_Jun14,K,CThruK,PartInhibit,Average,Average,K,N5GtLIGt_8,Instability,MoreUnstable,MoreUnstable,ACEFK,,Strong,Strong,K,SVR,SVR,SVR,,Steep,VeryMoist,ModerateOrLe,MarkedUpper,DryMMoistL,DryLine,,Moving,AllElse,LVorOther,WidespdDnsl
Neutral,Neutral,Neutral,Neutral,Neutral,Dry,Dry,,Wet,PC,Clear,Cloudy,Cloudy,Strong,Strong,Westerly,Strong,,Weak,Some,IncCapDecIns,Increasing,WeakPos,Increasing,,Jul16_Aug10,E,CThruK,,Average,MoreThanAve,CDEJ,N1GtLIGt_4,Neutral,Average,MoreUnstable,,PartInhibit,Weak,Slight,E,XNIL,XNIL,SIG,LowEvrywhere,Steep,Average,CloseToDryAd,NoMajor,,,NegToPos,Moving,SWQuad,LVorOther,LV
StrongUp,StronUp,WeakUp,StrongUp,StrongUp,Dry,Dry,Wet,Wet,PC,PC,Clear,PC,,Weak,DCVZFavor,,Weak,Strong,,LittleChange,,Neutral,LittleChange,XNIL,May15_Jun14,I,CThruK,PartInhibit,Average,Average,ABI,LILt_8,Stability,Average,MoreUnstable,HI,,Unfavorable,,,,SIG,SIG,LowMtsHighPl,Steep,Average,CloseToDryAd,NoMajor,DryMMoistL,E_W_N,LittleChange,Moving,SWQuad,Westerly,E_NE
Neutral,,Neutral,StrongUp,StrongUp,VeryWet,Neutral,VeryWet,VeryWet,Clear,PC,Clear,Clear,,,Other,,,,,DecCapIncIns,,Negative,Decreasing,SIG,Aug20_Sep15,B,AB,,LessThanAve,LessThanAve,ABI,N5GtLIGt_8,Instability,MoreUnstable,Average,B,PartInhibit,Moderate,Slight,,XNIL,,SIG,HighEvrywher,Steep,VeryMoist,Steep,NoMajor,Other,E_W_S,LittleChange,Other,LV,LVorOther,SEQuad
StrongUp,Neutral,Neutral,Neutral,Neutral,Dry,Wet,Neutral,Neutral,Clear,Clear,Clear,Clear,,Weak,StrongWest,Strong,Weak,Weak,Some,LittleChange,LittleChange,WeakPos,Increasing,XNIL,Jul16_Aug10,F,CThruK,,LessThanAve,LessThanAve,F,N1GtLIGt_4,Neutral,Average,,ACEFK,,Weak,Strong,F,XNIL,,XNIL,HighEvrywher,Steep,VeryMoist,ModerateOrLe,NoMajor,Other,E_W_N,,,AllElse,LVorOther,
Down,Neutral,WeakUp,Down,Down,Neutral,,Wet,Wet,Clear,Clear,Clear,Clear,Weak,,StrongWest,Weak,Weak,Weak,Marked,IncCapDecIns,Increasing,WeakPos,Decreasing,SIG,Jul2_Jul15,B,,PartInhibit,LessThanAve,LessThanAve,,N1GtLIGt_4,Instability,MoreUnstable,MoreUnstable,B,,Unfavorable,,B,XNIL,XNIL,SIG,HighEvrywher,ModerateOrLe,Dry,CloseToDryAd,MarkedUpper,MoistMDryL,DenvCyclone,PosToNeg,Other,SWQuad,LVorOther,
WeakUp,Neutral,Down,Neutral,Neutral,VeryWet,Wet,VeryWet,VeryWet,PC,Clear,PC,PC,Strong,Strong,Other,,,,,DecCapIncIns,Decreasing,WeakPos,LittleChange,XNIL,Aug20_Sep15,J,CThruK,Stifling,MoreThanAve,LessThanAve,CDEJ,,Neutral,Average,Average,GJ,,Strong,Moderate,J,,SVR,SVR,,,Average,ModerateOrLe,NoMajor,DryMMoistL,DryLine,LittleChange,QStationary,,LVorOther,DenvCyclone
,WeakUp,Down,Down,Down,VeryWet,Wet,VeryWet,VeryWet,Cloudy,Cloudy,,Cloudy,Strong,Strong,Westerly,Strong,,Weak,Some,IncCapDecIns,Increasing,StrongPos,LittleChange,SIG,Aug20_Sep15,K,CThruK,,LessThanAve,LessThanAve,K,N1GtLIGt_4,Neutral,MoreUnstable,MoreUnstable,ACEFK,,Moderate,Moderate,K,SVR,SVR,SVR,HighEvrywher,Stable,Dry,,StrongFront,Other,MovingFtorOt,SigNegative,QStationary,NWQuad,Westerly,
WeakUp,WeakUp,Neutral,WeakUp,WeakUp,Neutral,,,Dry,Cloudy,PC,Cloudy,PC,Weak,Weak,Westerly,Weak,Weak,,,IncCapDecIns,,Negative,Decreasing,SIG,Aug20_Sep15,C,CThruK,,MoreThanAve,MoreThanAve,CDEJ,N1GtLIGt_4,Stability,,LessUnstable,ACEFK,PartInhibit,Moderate,Moderate,,XNIL,XNIL,SIG,LowEvrywhere,Stable,Dry,CloseToDryAd,NoMajor,MoistMDryL,E_W_N,PosToNeg,,LV,LVorOther,LongAnticyc
,,Neutral,StrongUp,StrongUp,Wet,,Neutral,,PC,Clear,PC,PC,Weak,Strong,StrongWest,Strong,Strong,Strong,,LittleChange,LittleChange,StrongPos,Increasing,SIG,Aug20_Sep15,A,,PartInhibit,Average,Average,ABI,LIGt0,Instability,LessUnstable,LessUnstable,ACEFK,PartInhibit,Moderate,,,XNIL,XNIL,SIG,LowSHighN,ModerateOrLe,VeryMoist,Steep,StrongFront,DryMMoistL,Other,PosToNeg,Other,SWQuad,Westerly,E_NE
Down,Neutral,Neutral,Neutral,Neutral,VeryWet,Neutral,,VeryWet,Clear,Clear,Clear,,Weak,Weak,StrongWest,Weak,,Weak,Some,IncCapDecIns,Increasing,Negative,Increasing,,May15_Jun14,K,CThruK,PartInhibit,Average,MoreThanAve,K,N1GtLIGt_4,,Average,MoreUnstable,ACEFK,PartInhibit,Weak,,,XNIL,XNIL,SIG,,ModerateOrLe,Average,CloseToDryAd,,Other,MovingFtorOt,,,NWQuad,Westerly,LongAnticyc
Neutral,Neutral,WeakUp,WeakUp,WeakUp,,Dry,,Neutral,Cloudy,PC,Cloudy,Cloudy,Strong,Strong,Westerly,Strong,Weak,Weak,Marked,DecCapIncIns,Decreasing,Negative,Decreasing,SVR,May15_Jun14,E,CThruK,PartInhibit,Average,LessThanAve,CDEJ,N1GtLIGt_4,Instability,MoreUnstable,,ACEFK,,Moderate,Strong,E,,XNIL,,,,Dry,ModerateOrLe,NoMajor,MoistMDryL,MovingFtorOt,SigNegative,Moving,SWQuad,LVorOther,LV
Neutral,Neutral,Neutral,Neutral,,Neutral,Neutral,Wet,Wet,Clear,Clear,Clear,Clear,,Weak,Westerly,,,Weak,Some,LittleChange,LittleChange,Neutral,,XNIL,May15_Jun14,C,CThruK,Stifling,MoreThanAve,MoreThanAve,CDEJ,N5GtLIGt_8,Instability,MoreUnstable,MoreUnstable,ACEFK,PartInhibit,Moderate,Slight,C,XNIL,,XNIL,LowAtStation,Steep,Dry,Steep,NoMajor,MoistMDryL,E_W_N,NegToPos,,AllElse,,WidespdDnsl
Down,WeakUp,Neutral,Down,Down,VeryWet,Dry,Neutral,Dry,PC,,PC,PC,Strong,Strong,DCVZFavor,Strong,,Strong,Some,,LittleChange,Neutral,LittleChange,XNIL,Jul16_Aug10,E,CThruK,Stifling,MoreThanAve,MoreThanAve,CDEJ,,Stability,Average,Average,ACEFK,,Weak,Strong,E,SVR,,SVR,LowSHighN,ModerateOrLe,Average,Steep,OtherRapid,MoistMDryL,,SigPositive,,SWQuad,Westerly,LV
Neutral,Neutral,,WeakUp,WeakUp,Neutral,Dry,Neutral,Neutral,,PC,Clear,Clear,Strong,Strong,DCVZFavor,Weak,Strong,Weak,Some,DecCapIncIns,Decreasing,,LittleChange,,Aug11_Aug20,J,CThruK,PartInhibit,,LessThanAve,CDEJ,N5GtLIGt_8,Stability,MoreUnstable,MoreUnstable,GJ,,Weak,Slight,J,XNIL,XNIL,,LowAtStation,Steep,Dry,CloseToDryAd,NoMajor,DryMMoistL,,SigNegative,Other,LV,LVorOther,LV
Down,Neutral,Neutral,Neutral,Neutral,Wet,VeryWet,Wet,Wet,PC,,PC,PC,Weak,Strong,,Strong,Strong,Strong,Some,LittleChange,LittleChange,Neutral,Decreasing,XNIL,Jul2_Jul15,E,CThruK,,Average,LessThanAve,CDEJ,LILt_8,Instability,MoreUnstable,MoreUnstable,ACEFK,,Moderate,Moderate,E,SVR,SVR,SVR,,CloseToDryAd,Dry,ModerateOrLe,NoMajor,Other,DryLine,,,SWQuad,,LongAnticyc
StrongUp,Neutral,Neutral,WeakUp,WeakUp,Dry,Dry,VeryWet,VeryWet,PC,Clear,Clear,,Strong,Strong,DCVZFavor,Weak,,Weak,Marked,IncCapDecIns,Increasing,Negative,LittleChange,SIG,Aug20_Sep15,E,CThruK,PartInhibit,Average,MoreThanAve,CDEJ,N1GtLIGt_4,Stability,Average,Average,ACEFK,,Moderate,,E,SIG,SIG,SIG,LowEvrywhere,CloseToDryAd,,ModerateOrLe,NoMajor,MoistMDryL,DenvCyclone,NegToPos,,SWQuad,Westerly,LongAnticyc
WeakUp,WeakUp,Neutral,WeakUp,WeakUp,Dry,Dry,VeryWet,VeryWet,Clear,Clear,Clear,Clear,Weak,Strong,DCVZFavor,Weak,Weak,,,LittleChange,LittleChange,Negative,Decreasing,SIG,Aug20_Sep15,I,CThruK,PartInhibit,LessThanAve,LessThanAve,ABI,N1GtLIGt_4,Stability,LessUnstable,LessUnstable,HI,PartInhibit,,Moderate,I,SIG,SIG,,LowMtsHighPl,,Dry,CloseToDryAd,,DryMMoistL,Other,SigNegative,QStationary,SWQuad,Westerly,E_NE
Down,WeakUp,Neutral,Down,Down,Neutral,,Dry,Dry,PC,Cloudy,PC,Cloudy,,,Westerly,,Weak,Weak,,LittleChange,LittleChange,Negative,Decreasing,XNIL,Aug20_Sep15,B,AB,PartInhibit,MoreThanAve,MoreThanAve,ABI,LIGt0,Neutral,LessUnstable,,B,PartInhibit,,,B,XNIL,XNIL,XNIL,LowAtStation,Stable,VeryMoist,ModerateOrLe,NoMajor,Other,E_W_S,LittleChange,Other,LV,LVorOther,SEQuad
StrongUp,Neutral,Neutral,WeakUp,WeakUp,Wet,Wet,Wet,Neutral,Cloudy,,Cloudy,Cloudy,Strong,Strong,Westerly,,Weak,Weak,Marked,DecCapIncIns,Decreasing,WeakPos,Increasing,SIG,Jul16_Aug10,J,CThruK,Stifling,MoreThanAve,MoreThanAve,CDEJ,N1GtLIGt_4,Neutral,Average,,GJ,,Moderate,Moderate,J,SIG,SIG,SIG,LowEvrywhere,CloseToDryAd,Average,Steep,NoMajor,Other,,LittleChange,,LV,LVorOther,LV
Neutral,StronUp,Neutral,WeakUp,WeakUp,Neutral,Dry,Dry,Dry,Clear,Clear,,Clear,Strong,Strong,,Strong,Weak,Weak,Marked,IncCapDecIns,Increasing,WeakPos,Increasing,SVR,Jul16_Aug10,A,,,,Average,ABI,N1GtLIGt_4,Stability,LessUnstable,,ACEFK,Stifling,Weak,,A,XNIL,XNIL,SVR,HighEvrywher,Steep,VeryMoist,CloseToDryAd,MarkedUpper,Other,E_W_S,PosToNeg,Other,SWQuad,Westerly,DenvCyclone
WeakUp,Neutral,Down,Down,Down,Neutral,Neutral,Neutral,Neutral,Clear,PC,Clear,Clear,,,Westerly,,,,,LittleChange,,Neutral,LittleChange,XNIL,Jul16_Aug10,C,CThruK,Stifling,MoreThanAve,MoreThanAve,CDEJ,LIGt0,Stability,LessUnstable,,ACEFK,,Weak,Moderate,C,XNIL,XNIL,XNIL,LowAtStation,Steep,Dry,,StrongFront,MoistMDryL,E_W_N,LittleChange,,SWQuad,Westerly,LongAnticyc
Down,Neutral,Down,Neutral,Neutral,Neutral,VeryWet,VeryWet,VeryWet,PC,PC,PC,PC,,Weak,,Weak,,Strong,,LittleChange,LittleChange,Negative,Decreasing,SIG,Aug20_Sep15,C,CThruK,Stifling,MoreThanAve,MoreThanAve,CDEJ,LIGt0,Stability,LessUnstable,LessUnstable,ACEFK,PartInhibit,Weak,,C,XNIL,XNIL,SIG,LowEvrywhere,,Average,ModerateOrLe,NoMajor,,E_W_N,,,NWQuad,Westerly,LongAnticyc
WeakUp,Neutral,WeakUp,WeakUp,WeakUp,VeryWet,Dry,Dry,Wet,PC,Clear,,PC,,Weak,,Weak,,,,IncCapDecIns,,Neutral,LittleChange,XNIL,,,CThruK,PartInhibit,Average,MoreThanAve,K,N5GtLIGt_8,Instability,Average,Average,ACEFK,PartInhibit,Moderate,Slight,K,XNIL,XNIL,XNIL,LowNHighS,Steep,VeryMoist,CloseToDryAd,MarkedUpper,DryMMoistL,,,,AllElse,Westerly,WidespdDnsl
StrongUp,Neutral,Down,Neutral,Neutral,Neutral,Neutral,Wet,VeryWet,Clear,Clear,Clear,Clear,Strong,Strong,StrongWest,Strong,,Weak,,,LittleChange,WeakPos,LittleChange,SIG,Jun15_Jul1,B,,PartInhibit,LessThanAve,LessThanAve,ABI,N1GtLIGt_4,Stability,LessUnstable,LessUnstable,B,,Weak,Strong,B,,SIG,SIG,LowMtsHighPl,Steep,Average,CloseToDryAd,NoMajor,Other,,NegToPos,Other,LV,Westerly,SEQuad
StrongUp,Neutral,StrongUp,StrongUp,StrongUp,,Neutral,Neutral,,Clear,PC,PC,,Weak,,Westerly,Weak,,,,LittleChange,LittleChange,Neutral,LittleChange,,May15_Jun14,I,CThruK,,LessThanAve,LessThanAve,ABI,N5GtLIGt_8,Neutral,Average,MoreUnstable,HI,PartInhibit,Weak,Slight,I,SVR,,,LowMtsHighPl,,Average,Steep,OtherRapid,DryMMoistL,,,QStationary,AllElse,Westerly,E_NE
StrongUp,Down,Neutral,Neutral,Neutral,Dry,Wet,Neutral,Neutral,PC,Cloudy,PC,PC,Strong,Strong,,,Weak,Weak,Some,,LittleChange,,Increasing,SVR,,I,CThruK,,LessThanAve,LessThanAve,ABI,N1GtLIGt_4,Neutral,Average,Average,HI,Stifling,Strong,,I,XNIL,XNIL,SVR,LowSHighN,ModerateOrLe,Dry,CloseToDryAd,StrongFront,DryMMoistL,E_W_S,SigNegative,QStationary,LV,,LV
Down,StronUp,Neutral,Neutral,Neutral,,Neutral,Neutral,Neutral,PC,PC,PC,Cloudy,Strong,Strong,Other,,Weak,Weak,,LittleChange,LittleChange,Negative,Increasing,SIG,Jul16_Aug10,B,AB,,,Average,ABI,N1GtLIGt_4,Instability,Average,Average,B,,Moderate,Strong,B,XNIL,,SIG,,Stable,Average,ModerateOrLe,NoMajor,DryMMoistL,MovingFtorOt,LittleChange,Moving,AllElse,Westerly,DenvCyclone
StrongUp,WeakUp,StrongUp,StrongUp,StrongUp,Neutral,Wet,Wet,VeryWet,Clear,Cloudy,Clear,PC,,Weak,DCVZFavor,,,Weak,,LittleChange,LittleChange,Negative,,SIG,Jul16_Aug10,E,CThruK,PartInhibit,Average,Average,CDEJ,N5GtLIGt_8,Instability,Average,LessUnstable,ACEFK,PartInhibit,Weak,Moderate,E,XNIL,XNIL,SIG,LowEvrywhere,ModerateOrLe,Average,Steep,MarkedUpper,MoistMDryL,E_W_N,NegToPos,,SWQuad,Westerly,DenvCyclone
Down,Neutral,,Neutral,,Neutral,Dry,Neutral,Dry,Clear,Clear,Clear,Clear,,Weak,Westerly,,,Weak,,DecCapIncIns,Decreasing,WeakPos,Increasing,XNIL,May15_Jun14,D,CThruK,TotalInhibit,,Average,CDEJ,,Stability,LessUnstable,LessUnstable,D,,Moderate,,D,XNIL,XNIL,XNIL,,Steep,Average,CloseToDryAd,MarkedUpper,DryMMoistL,,PosToNeg,QStationary,NWQuad,Westerly,
StrongUp,StronUp,Neutral,WeakUp,WeakUp,Neutral,Neutral,,Neutral,Cloudy,Clear,Cloudy,Cloudy,Weak,Weak,StrongWest,Strong,,Weak,Some,IncCapDecIns,Increasing,,Decreasing,SIG,Jun15_Jul1,I,,,Average,MoreThanAve,ABI,LILt_8,Neutral,MoreUnstable,Average,HI,,,Strong,I,XNIL,XNIL,SIG,LowSHighN,Steep,Average,ModerateOrLe,,,E_W_S,SigPositive,QStationary,,Westerly,
StrongUp,Down,,,StrongUp,Wet,Dry,,VeryWet,PC,Clear,Clear,PC,Strong,Strong,,Strong,,Weak,Marked,IncCapDecIns,Increasing,WeakPos,Increasing,SIG,Jul2_Jul15,,CThruK,,,MoreThanAve,,N1GtLIGt_4,Instability,MoreUnstable,MoreUnstable,HI,PartInhibit,Strong,,H,SVR,XNIL,SIG,LowMtsHighPl,ModerateOrLe,Average,ModerateOrLe,NoMajor,DryMMoistL,,SigNegative,,LV,Westerly,E_NE
Neutral,Neutral,WeakUp,Neutral,Neutral,VeryWet,Dry,VeryWet,VeryWet,Clear,PC,PC,Cloudy,Strong,Strong,StrongWest,Strong,,Weak,Marked,IncCapDecIns,Increasing,Neutral,LittleChange,SIG,Jul2_Jul15,J,,PartInhibit,Average,MoreThanAve,CDEJ,N1GtLIGt_4,Stability,LessUnstable,LessUnstable,GJ,PartInhibit,Moderate,,J,XNIL,XNIL,SIG,LowAtStation,Stable,,Steep,NoMajor,DryMMoistL,E_W_N,,,LV,LVorOther,
StrongUp,WeakUp,,Down,Down,Neutral,Neutral,Wet,Wet,PC,Cloudy,Cloudy,Cloudy,,,StrongWest,,Weak,Weak,,IncCapDecIns,Increasing,WeakPos,Increasing,XNIL,Aug20_Sep15,E,CThruK,PartInhibit,Average,MoreThanAve,CDEJ,N5GtLIGt_8,Neutral,MoreUnstable,MoreUnstable,ACEFK,,Unfavorable,Slight,E,XNIL,XNIL,XNIL,,,Dry,ModerateOrLe,OtherRapid,MoistMDryL,MovingFtorOt,PosToNeg,,SWQuad,LVorOther,DenvCyclone
StrongUp,Neutral,Neutral,WeakUp,WeakUp,Dry,Neutral,,Neutral,PC,Clear,Clear,Clear,,,DCVZFavor,,,,,LittleChange,LittleChange,WeakPos,Increasing,XNIL,Aug20_Sep15,B,AB,,,Average,ABI,N1GtLIGt_4,Stability,LessUnstable,Average,B,,Moderate,Moderate,B,,XNIL,XNIL,LowSHighN,ModerateOrLe,VeryMoist,ModerateOrLe,NoMajor,DryMMoistL,DenvCyclone,LittleChange,,,Westerly,LV
StrongUp,Neutral,StrongUp,Neutral,Neutral,,Wet,Neutral,Neutral,PC,PC,PC,PC,,,Westerly,,Weak,,,LittleChange,LittleChange,Neutral,LittleChange,XNIL,Aug20_Sep15,K,CThruK,PartInhibit,Average,,K,LILt_8,Stability,MoreUnstable,,ACEFK,,Moderate,Strong,K,SIG,SIG,SIG,LowEvrywhere,,Average,Steep,StrongFront,DryMMoistL,,NegToPos,,NWQuad,Westerly,WidespdDnsl
,Neutral,WeakUp,Neutral,Neutral,Wet,Wet,Dry,,PC,Cloudy,PC,,Strong,Strong,,Strong,,,Marked,LittleChange,LittleChange,Neutral,,SIG,Aug20_Sep15,K,CThruK,TotalInhibit,MoreThanAve,MoreThanAve,K,N1GtLIGt_4,Stability,Average,MoreUnstable,ACEFK,Stifling,Strong,,K,SVR,SVR,SVR,LowAtStation,ModerateOrLe,VeryMoist,Steep,StrongFront,,,SigPositive,Other,NWQuad,,WidespdDnsl
StrongUp,Down,Neutral,Neutral,Neutral,Neutral,,Neutral,Neutral,PC,PC,PC,PC,,,DCVZFavor,,,,,LittleChange,LittleChange,WeakPos,Decreasing,XNIL,May15_Jun14,K,CThruK,Stifling,,,K,,Instability,,,ACEFK,PartInhibit,Moderate,,K,XNIL,,XNIL,LowSHighN,,Dry,ModerateOrLe,StrongFront,DryMMoistL,DryLine,SigNegative,,NWQuad,LVorOther,WidespdDnsl
StrongUp,Down,Neutral,Neutral,Neutral,Neutral,VeryWet,Wet,Wet,PC,Clear,Clear,Clear,,Strong,DCVZFavor,Strong,Strong,Weak,Marked,LittleChange,LittleChange,Negative,Decreasing,SVR,May15_Jun14,B,AB,,MoreThanAve,,ABI,N5GtLIGt_8,Stability,Average,LessUnstable,B,Stifling,Weak,Moderate,,SIG,SIG,SVR,,Stable,Average,Steep,,DryMMoistL,,PosToNeg,Other,SWQuad,LVorOther,E_NE
Down,Neutral,,Neutral,Neutral,Wet,Wet,,VeryWet,PC,Clear,Clear,Clear,Weak,,StrongWest,Weak,Strong,,,DecCapIncIns,Decreasing,Negative,Decreasing,SIG,May15_Jun14,G,CThruK,Stifling,MoreThanAve,Average,G,N1GtLIGt_4,Stability,Average,LessUnstable,GJ,PartInhibit,Moderate,Moderate,,XNIL,XNIL,,LowSHighN,CloseToDryAd,Average,CloseToDryAd,MarkedUpper,Other,Other,NegToPos,,SWQuad,Westerly,SEQuad
StrongUp,Neutral,Down,WeakUp,WeakUp,Dry,Neutral,VeryWet,VeryWet,PC,Clear,PC,Cloudy,,,Other,,Weak,Weak,,IncCapDecIns,Increasing,WeakPos,Increasing,XNIL,,K,CThruK,PartInhibit,Average,MoreThanAve,K,,Neutral,MoreUnstable,MoreUnstable,ACEFK,PartInhibit,Moderate,Slight,K,XNIL,XNIL,XNIL,LowNHighS,Steep,Dry,Steep,,Other,DenvCyclone,SigPositive,QStationary,SWQuad,,WidespdDnsl
Neutral,WeakUp,WeakUp,WeakUp,WeakUp,VeryWet,Wet,VeryWet,VeryWet,Clear,PC,PC,PC,Strong,Strong,StrongWest,Strong,,,Marked,,LittleChange,Negative,LittleChange,SVR,Aug20_Sep15,G,CThruK,PartInhibit,Average,,G,N1GtLIGt_4,Stability,MoreUnstable,MoreUnstable,GJ,,Moderate,Slight,G,XNIL,,SVR,LowNHighS,Steep,Dry,CloseToDryAd,NoMajor,,,LittleChange,,NWQuad,LVorOther,LV
,Neutral,WeakUp,Neutral,Neutral,Wet,Neutral,Neutral,Neutral,Clear,Clear,Clear,Clear,Strong,,Other,Weak,,Weak,Some,LittleChange,,Neutral,Decreasing,SIG,Jul16_Aug10,E,CThruK,PartInhibit,Average,Average,,N1GtLIGt_4,Instability,LessUnstable,LessUnstable,ACEFK,,Weak,Slight,,XNIL,SVR,SVR,LowMtsHighPl,ModerateOrLe,Dry,ModerateOrLe,,MoistMDryL,,LittleChange,,SWQuad,LVorOther,LV
Neutral,Neutral,Neutral,Neutral,Neutral,,Neutral,Neutral,Neutral,Clear,,Clear,Clear,,,,,,,,IncCapDecIns,Increasing,Neutral,LittleChange,XNIL,Jun15_Jul1,E,CThruK,PartInhibit,LessThanAve,LessThanAve,CDEJ,N1GtLIGt_4,Instability,MoreUnstable,MoreUnstable,ACEFK,,Weak,Moderate,E,SIG,,SIG,Other,Steep,VeryMoist,ModerateOrLe,OtherRapid,Other,Other,LittleChange,,NWQuad,,LV
StrongUp,Neutral,Neutral,Neutral,,,Wet,Neutral,Neutral,PC,Clear,PC,PC,,,StrongWest,,,,,LittleChange,LittleChange,Neutral,Increasing,XNIL,Aug20_Sep15,,AB,PartInhibit,,LessThanAve,ABI,N1GtLIGt_4,Instability,MoreUnstable,,B,,Weak,Slight,B,,SIG,SIG,LowAtStation,Stable,Average,ModerateOrLe,,Other,DenvCyclone,LittleChange,,SWQuad,Westerly,E_NE
Down,Neutral,Neutral,Neutral,Neutral,VeryWet,Wet,Neutral,,PC,Clear,PC,,,,StrongWest,,,,,LittleChange,,Negative,Decreasing,XNIL,May15_Jun14,C,CThruK,PartInhibit,Average,Average,CDEJ,N5GtLIGt_8,Stability,MoreUnstable,Average,ACEFK,PartInhibit,Weak,,C,XNIL,XNIL,XNIL,,Steep,Dry,CloseToDryAd,,Other,E_W_N,SigPositive,Other,NWQuad,Westerly,LongAnticyc
WeakUp,Neutral,Down,WeakUp,WeakUp,Neutral,Dry,Neutral,Wet,PC,Clear,Clear,Clear,Strong,Strong,StrongWest,Strong,,Strong,Some,LittleChange,LittleChange,Negative,Decreasing,SIG,Aug20_Sep15,E,CThruK,,Average,Average,CDEJ,N1GtLIGt_4,Neutral,MoreUnstable,Average,ACEFK,Stifling,Weak,,E,XNIL,XNIL,SIG,LowNHighS,Steep,,Steep,NoMajor,Other,DryLine,LittleChange,,SWQuad,Westerly,LV
Neutral,WeakUp,Neutral,Neutral,Neutral,Neutral,Neutral,,Neutral,PC,,PC,PC,Weak,Weak,,,,Weak,,IncCapDecIns,Increasing,StrongPos,Increasing,SIG,Jun15_Jul1,C,CThruK,,Average,Average,CDEJ,N1GtLIGt_4,Stability,,LessUnstable,ACEFK,Stifling,Weak,,,XNIL,XNIL,,LowMtsHighPl,Steep,Average,ModerateOrLe,StrongFront,DryMMoistL,E_W_N,LittleChange,Moving,NWQuad,Westerly,LongAnticyc
,Neutral,StrongUp,Neutral,Neutral,Dry,Neutral,Dry,Dry,PC,Clear,Clear,Clear,,,DCVZFavor,,Weak,Weak,,LittleChange,LittleChange,Neutral,Increasing,XNIL,Jul16_Aug10,B,AB,,MoreThanAve,MoreThanAve,ABI,N5GtLIGt_8,Stability,LessUnstable,MoreUnstable,B,PartInhibit,Unfavorable,,B,XNIL,XNIL,XNIL,HighEvrywher,Steep,,,StrongFront,Other,DryLine,LittleChange,Other,LV,LVorOther,E_NE
StrongUp,Neutral,Down,StrongUp,StrongUp,Wet,Wet,Wet,VeryWet,Clear,PC,Clear,,,,Westerly,,,Weak,,,Decreasing,Neutral,,XNIL,May15_Jun14,A,AB,PartInhibit,Average,LessThanAve,ABI,N5GtLIGt_8,Stability,MoreUnstable,MoreUnstable,ACEFK,PartInhibit,Strong,Slight,A,SVR,SVR,SVR,LowMtsHighPl,Stable,Average,Steep,StrongFront,DryMMoistL,,PosToNeg,Other,SWQuad,Westerly,LV
StrongUp,Neutral,Down,Neutral,Neutral,,VeryWet,Wet,Wet,PC,PC,PC,PC,Strong,Strong,DCVZFavor,Strong,,Strong,Marked,DecCapIncIns,Decreasing,,Decreasing,SVR,,E,CThruK,PartInhibit,Average,LessThanAve,CDEJ,N1GtLIGt_4,Stability,LessUnstable,LessUnstable,ACEFK,PartInhibit,Moderate,,E,XNIL,,SVR,LowSHighN,Steep,Dry,,NoMajor,MoistMDryL,E_W_N,LittleChange,,SWQuad,Westerly,DenvCyclone
StrongUp,Neutral,Down,Neutral,,Wet,Neutral,Wet,Wet,Clear,Clear,Clear,Clear,,,Westerly,,Weak,Weak,,IncCapDecIns,Increasing,Neutral,Increasing,XNIL,Aug20_Sep15,C,,,LessThanAve,LessThanAve,CDEJ,N5GtLIGt_8,Neutral,Average,MoreUnstable,ACEFK,Stifling,Weak,,C,XNIL,,XNIL,LowEvrywhere,Stable,Average,Steep,OtherRapid,Other,E_W_N,SigPositive,,NWQuad,Westerly,LongAnticyc
Down,Down,Down,,Down,Neutral,Neutral,Neutral,Dry,Cloudy,PC,Cloudy,PC,Strong,Strong,Other,Strong,,Weak,,IncCapDecIns,Increasing,Negative,LittleChange,XNIL,May15_Jun14,B,AB,PartInhibit,MoreThanAve,MoreThanAve,ABI,,Instability,Average,,B,PartInhibit,Weak,Moderate,,,XNIL,XNIL,,Steep,Average,Steep,NoMajor,,E_W_S,PosToNeg,Moving,LV,LVorOther,
Neutral,Down,,Neutral,Neutral,Neutral,Neutral,Neutral,Neutral,Clear,PC,,Clear,,,DCVZFavor,,,,,DecCapIncIns,Decreasing,,Increasing,XNIL,May15_Jun14,G,CThruK,PartInhibit,Average,Average,G,N1GtLIGt_4,Neutral,Average,Average,GJ,PartInhibit,Strong,Moderate,G,SIG,SIG,SIG,,Steep,Dry,CloseToDryAd,MarkedUpper,,Other,LittleChange,,,Westerly,
WeakUp,Neutral,StrongUp,WeakUp,WeakUp,Dry,Neutral,VeryWet,VeryWet,Clear,Clear,Clear,Clear,Strong,Strong,DCVZFavor,Weak,,,,LittleChange,LittleChange,Neutral,LittleChange,SVR,Aug20_Sep15,,CThruK,,LessThanAve,LessThanAve,CDEJ,N1GtLIGt_4,Neutral,MoreUnstable,MoreUnstable,ACEFK,,Strong,Strong,E,SIG,SIG,SVR,LowAtStation,CloseToDryAd,Average,ModerateOrLe,NoMajor,DryMMoistL,Other,PosToNeg,,SWQuad,LVorOther,LV
WeakUp,WeakUp,StrongUp,StrongUp,StrongUp,Neutral,Neutral,Dry,Dry,PC,PC,PC,,,,Westerly,,,,,IncCapDecIns,Increasing,WeakPos,Increasing,,Aug20_Sep15,B,AB,Stifling,,MoreThanAve,ABI,LIGt0,Neutral,LessUnstable,Average,B,Stifling,Moderate,Slight,B,SVR,SVR,SVR,LowMtsHighPl,Steep,VeryMoist,Steep,MarkedUpper,DryMMoistL,DenvCyclone,PosToNeg,,AllElse,LVorOther,DenvCyclone
Down,StronUp,Down,Down,Down,,VeryWet,,Wet,PC,Clear,PC,Clear,Strong,Strong,Other,,Strong,,,IncCapDecIns,Increasing,WeakPos,Increasing,SVR,Jul16_Aug10,E,,TotalInhibit,MoreThanAve,,CDEJ,N5GtLIGt_8,Instability,LessUnstable,MoreUnstable,ACEFK,PartInhibit,Strong,Slight,E,SIG,SIG,SVR,LowNHighS,CloseToDryAd,Dry,ModerateOrLe,NoMajor,MoistMDryL,,PosToNeg,,LV,Westerly,
WeakUp,Down,WeakUp,Neutral,Neutral,Neutral,,Dry,,Cloudy,,Cloudy,Cloudy,,Weak,DCVZFavor,,Strong,Weak,Marked,LittleChange,LittleChange,WeakPos,Increasing,,Jul16_Aug10,J,CThruK,PartInhibit,LessThanAve,LessThanAve,CDEJ,N1GtLIGt_4,Instability,,MoreUnstable,GJ,PartInhibit,Strong,Strong,J,,SVR,SVR,LowEvrywhere,,VeryMoist,CloseToDryAd,NoMajor,DryMMoistL,Other,,,LV,LVorOther,DenvCyclone
Down,Neutral,Neutral,Neutral,Neutral,Wet,Neutral,Neutral,Neutral,Clear,Clear,Clear,Clear,Weak,Strong,StrongWest,Strong,,Strong,Marked,IncCapDecIns,Increasing,StrongPos,Increasing,SVR,,C,CThruK,Stifling,MoreThanAve,MoreThanAve,CDEJ,N1GtLIGt_4,Stability,Average,MoreUnstable,ACEFK,,Moderate,,C,XNIL,XNIL,SVR,LowEvrywhere,Steep,Dry,CloseToDryAd,OtherRapid,DryMMoistL,E_W_N,NegToPos,,NWQuad,,LongAnticyc
,Neutral,WeakUp,Neutral,,Dry,Neutral,Dry,Dry,PC,Cloudy,Cloudy,Cloudy,Weak,Weak,StrongWest,Strong,,Strong,Some,IncCapDecIns,Increasing,StrongPos,,SIG,Jul2_Jul15,E,CThruK,PartInhibit,LessThanAve,MoreThanAve,CDEJ,N1GtLIGt_4,Stability,LessUnstable,Average,ACEFK,PartInhibit,Unfavorable,,E,XNIL,XNIL,SIG,LowNHighS,CloseToDryAd,Average,Steep,NoMajor,Other,E_W_N,,,SWQuad,Westerly,
Neutral,Neutral,Down,Down,Down,Dry,Wet,Dry,Dry,Clear,Cloudy,Clear,Clear,,,StrongWest,,Strong,Weak,,IncCapDecIns,Increasing,Negative,LittleChange,XNIL,Jul16_Aug10,,CThruK,,LessThanAve,Average,CDEJ,,Stability,LessUnstable,LessUnstable,ACEFK,PartInhibit,Weak,,C,XNIL,XNIL,XNIL,LowEvrywhere,CloseToDryAd,Average,Steep,NoMajor,,E_W_S,,Moving,NWQuad,LVorOther,
Neutral,,Down,Neutral,Neutral,,Neutral,Dry,Neutral,PC,PC,Cloudy,Cloudy,Strong,Strong,StrongWest,Strong,Strong,,Marked,LittleChange,,StrongPos,Increasing,SVR,Jul2_Jul15,G,CThruK,PartInhibit,LessThanAve,LessThanAve,,N1GtLIGt_4,Neutral,Average,Average,GJ,TotalInhibit,Strong,Slight,G,XNIL,XNIL,,LowSHighN,CloseToDryAd,Dry,CloseToDryAd,MarkedUpper,MoistMDryL,,LittleChange,,SWQuad,Westerly,SEQuad
WeakUp,Neutral,Neutral,Neutral,Neutral,Neutral,Wet,Wet,Wet,,,PC,PC,Weak,Weak,Other,,,,,IncCapDecIns,Increasing,Negative,LittleChange,XNIL,Jun15_Jul1,G,CThruK,PartInhibit,LessThanAve,,G,N5GtLIGt_8,Neutral,Average,,GJ,PartInhibit,Weak,Slight,G,SIG,SIG,,LowEvrywhere,,Dry,CloseToDryAd,MarkedUpper,MoistMDryL,Other,,,SWQuad,Westerly,LV
Neutral,WeakUp,Neutral,WeakUp,WeakUp,VeryWet,Dry,,VeryWet,Clear,Clear,Clear,PC,Weak,Strong,Westerly,Weak,,Weak,,IncCapDecIns,Increasing,Negative,Increasing,SVR,Aug20_Sep15,K,CThruK,PartInhibit,MoreThanAve,,K,N1GtLIGt_4,,LessUnstable,Average,ACEFK,PartInhibit,Moderate,Moderate,K,XNIL,XNIL,,LowNHighS,ModerateOrLe,Average,ModerateOrLe,StrongFront,DryMMoistL,E_W_N,NegToPos,QStationary,NWQuad,Westerly,LongAnticyc
Neutral,,Down,Down,Down,VeryWet,Neutral,VeryWet,Wet,Clear,,Clear,Clear,Strong,Strong,Westerly,Weak,,Weak,Some,LittleChange,LittleChange,WeakPos,Increasing,SIG,Jul2_Jul15,D,CThruK,Stifling,Average,Average,CDEJ,N5GtLIGt_8,Neutral,LessUnstable,LessUnstable,D,,Moderate,Strong,D,XNIL,XNIL,SIG,LowNHighS,Steep,,ModerateOrLe,MarkedUpper,DryMMoistL,,PosToNeg,,NWQuad,LVorOther,
Down,Down,Neutral,Down,Down,Dry,Dry,Neutral,Neutral,Clear,,Clear,Clear,Strong,Strong,StrongWest,Strong,Weak,Strong,Marked,LittleChange,LittleChange,Neutral,LittleChange,SIG,Aug20_Sep15,G,CThruK,PartInhibit,MoreThanAve,,G,N5GtLIGt_8,,Average,Average,GJ,PartInhibit,Moderate,Moderate,G,SIG,SVR,SVR,,Steep,Dry,CloseToDryAd,MarkedUpper,Other,Other,LittleChange,,AllElse,Westerly,WidespdDnsl
Down,Down,Neutral,Neutral,Neutral,Dry,Dry,,Wet,,PC,PC,PC,,,DCVZFavor,,,Weak,,DecCapIncIns,Decreasing,Negative,Decreasing,XNIL,Jun15_Jul1,B,AB,,LessThanAve,LessThanAve,ABI,N1GtLIGt_4,Stability,,LessUnstable,B,PartInhibit,Unfavorable,,B,XNIL,XNIL,XNIL,,Steep,Average,Steep,NoMajor,Other,,LittleChange,QStationary,AllElse,LVorOther,SEQuad
Down,Down,Neutral,Down,Down,,,Wet,Neutral,PC,PC,Cloudy,Cloudy,Weak,Strong,DCVZFavor,Weak,Weak,Weak,Marked,LittleChange,LittleChange,Negative,Decreasing,XNIL,Jul16_Aug10,G,,,LessThanAve,LessThanAve,G,,Stability,Average,LessUnstable,GJ,PartInhibit,Moderate,,G,XNIL,XNIL,XNIL,LowAtStation,Steep,Dry,CloseToDryAd,NoMajor,MoistMDryL,Other,PosToNeg,,AllElse,Westerly,LongAnticyc
WeakUp,WeakUp,,StrongUp,StrongUp,Dry,,,Neutral,Clear,Cloudy,Clear,Clear,Weak,Strong,StrongWest,Strong,Weak,Strong,Marked,LittleChange,LittleChange,Neutral,Decreasing,XNIL,Jul16_Aug10,J,CThruK,,LessThanAve,LessThanAve,,N1GtLIGt_4,Instability,Average,LessUnstable,GJ,,Moderate,Strong,J,XNIL,XNIL,XNIL,LowSHighN,Stable,Average,ModerateOrLe,,DryMMoistL,E_W_S,LittleChange,,LV,LVorOther,LV
Down,Down,Neutral,Down,Down,Wet,,Wet,Wet,Clear,Clear,PC,Clear,,Strong,Other,,,Weak,,LittleChange,LittleChange,Neutral,LittleChange,SIG,Jun15_Jul1,D,CThruK,PartInhibit,Average,Average,,LILt_8,Stability,LessUnstable,LessUnstable,D,,,Slight,D,XNIL,XNIL,SIG,LowAtStation,CloseToDryAd,Dry,CloseToDryAd,MarkedUpper,Other,,LittleChange,,NWQuad,LVorOther,LV
StrongUp,Neutral,,WeakUp,WeakUp,VeryWet,Wet,VeryWet,VeryWet,Cloudy,Cloudy,Cloudy,Cloudy,,Weak,Other,,,Weak,Some,IncCapDecIns,Increasing,WeakPos,Increasing,XNIL,Jul16_Aug10,E,CThruK,PartInhibit,Average,,,N1GtLIGt_4,Neutral,MoreUnstable,,ACEFK,,,,E,SVR,SVR,SVR,,CloseToDryAd,Dry,ModerateOrLe,NoMajor,MoistMDryL,Other,LittleChange,,,Westerly,WidespdDnsl
Neutral,Down,Neutral,Neutral,Neutral,Neutral,Neutral,Dry,Dry,Clear,Cloudy,PC,PC,,,,,,,,LittleChange,LittleChange,Negative,LittleChange,XNIL,May15_Jun14,H,CThruK,,LessThanAve,LessThanAve,H,N1GtLIGt_4,Stability,LessUnstable,LessUnstable,HI,PartInhibit,Weak,,H,XNIL,XNIL,XNIL,LowSHighN,Stable,VeryMoist,CloseToDryAd,MarkedUpper,DryMMoistL,,SigNegative,Moving,NWQuad,LVorOther,E_NE
WeakUp,Neutral,Neutral,WeakUp,WeakUp,Wet,Dry,Dry,,Clear,PC,,PC,Weak,Weak,Other,,,,,,LittleChange,WeakPos,Increasing,SIG,Aug20_Sep15,I,CThruK,TotalInhibit,MoreThanAve,MoreThanAve,ABI,N1GtLIGt_4,,LessUnstable,MoreUnstable,HI,PartInhibit,Weak,,I,SVR,SVR,SVR,LowSHighN,CloseToDryAd,Average,,NoMajor,,MovingFtorOt,,,SWQuad,LVorOther,DenvCyclone
Neutral,Neutral,Down,Down,Down,Dry,VeryWet,Dry,Dry,PC,Clear,Clear,Clear,Strong,Strong,Westerly,Weak,,Weak,Some,IncCapDecIns,Increasing,Negative,Increasing,SIG,Jul16_Aug10,E,CThruK,PartInhibit,Average,Average,CDEJ,LILt_8,Stability,MoreUnstable,MoreUnstable,ACEFK,Stifling,Moderate,Slight,E,SVR,SVR,,LowSHighN,Steep,Dry,ModerateOrLe,NoMajor,MoistMDryL,DryLine,NegToPos,,,Westerly,
Neutral,Down,Neutral,Down,Down,Wet,Neutral,Neutral,Neutral,Clear,Clear,Clear,Clear,,,StrongWest,Strong,,Weak,Marked,IncCapDecIns,Increasing,,LittleChange,XNIL,Jul16_Aug10,D,CThruK,PartInhibit,LessThanAve,Average,CDEJ,N1GtLIGt_4,Instability,,MoreUnstable,D,,Weak,,D,XNIL,XNIL,XNIL,LowAtStation,ModerateOrLe,Average,ModerateOrLe,StrongFront,DryMMoistL,,SigNegative,,,Westerly,SEQuad
Down,,,Neutral,Neutral,Neutral,Dry,Dry,,,Clear,Clear,,Weak,Strong,Westerly,Strong,,Strong,Some,DecCapIncIns,Decreasing,Negative,Decreasing,SIG,Aug11_Aug20,J,CThruK,PartInhibit,,LessThanAve,CDEJ,LILt_8,Stability,Average,LessUnstable,GJ,PartInhibit,Strong,Strong,J,,XNIL,SIG,LowMtsHighPl,Steep,VeryMoist,CloseToDryAd,NoMajor,MoistMDryL,DryLine,LittleChange,QStationary,,LVorOther,LV
StrongUp,Neutral,Neutral,WeakUp,WeakUp,,Neutral,Wet,Wet,PC,Clear,PC,Clear,Strong,Strong,Other,Weak,Strong,Strong,,LittleChange,LittleChange,Negative,Decreasing,SVR,May15_Jun14,B,AB,PartInhibit,LessThanAve,LessThanAve,ABI,N5GtLIGt_8,Stability,MoreUnstable,LessUnstable,B,,Moderate,Moderate,B,,SVR,SVR,LowMtsHighPl,Stable,VeryMoist,,,Other,DenvCyclone,SigPositive,Other,LV,LVorOther,DenvCyclone
WeakUp,,Neutral,Neutral,Neutral,Neutral,Dry,Neutral,VeryWet,PC,Clear,Clear,Clear,,Strong,DCVZFavor,Strong,Weak,Weak,Some,LittleChange,LittleChange,,Decreasing,,Aug20_Sep15,K,,PartInhibit,Average,Average,,N1GtLIGt_4,Stability,Average,LessUnstable,,TotalInhibit,Strong,,K,XNIL,XNIL,SIG,LowNHighS,Stable,Average,CloseToDryAd,StrongFront,Other,Other,SigPositive,,NWQuad,LVorOther,WidespdDnsl
Down,Neutral,StrongUp,StrongUp,StrongUp,Wet,VeryWet,Wet,Wet,PC,PC,PC,Cloudy,,,StrongWest,,,,,LittleChange,LittleChange,Neutral,Decreasing,XNIL,Jul2_Jul15,G,CThruK,PartInhibit,LessThanAve,LessThanAve,G,N5GtLIGt_8,Instability,Average,LessUnstable,GJ,TotalInhibit,Weak,,G,XNIL,XNIL,XNIL,LowEvrywhere,CloseToDryAd,Dry,CloseToDryAd,MarkedUpper,,DryLine,SigNegative,,NWQuad,Westerly,LV
StrongUp,Neutral,Down,Neutral,Neutral,Neutral,Neutral,Neutral,Wet,,PC,,PC,,,StrongWest,,Strong,Strong,,DecCapIncIns,Decreasing,WeakPos,LittleChange,XNIL,May15_Jun14,C,CThruK,PartInhibit,Average,LessThanAve,CDEJ,N1GtLIGt_4,Stability,LessUnstable,LessUnstable,,PartInhibit,Weak,,C,XNIL,XNIL,,LowNHighS,Steep,Average,ModerateOrLe,NoMajor,DryMMoistL,,NegToPos,QStationary,NWQuad,Westerly,LongAnticyc
Neutral,StronUp,StrongUp,StrongUp,StrongUp,Dry,Neutral,,VeryWet,PC,PC,PC,Cloudy,Weak,Strong,StrongWest,Strong,Weak,Strong,Marked,IncCapDecIns,,Neutral,Increasing,XNIL,Jul16_Aug10,J,CThruK,,LessThanAve,MoreThanAve,CDEJ,N1GtLIGt_4,Stability,LessUnstable,LessUnstable,GJ,,Moderate,Moderate,J,XNIL,,XNIL,LowAtStation,ModerateOrLe,Dry,Steep,NoMajor,MoistMDryL,DryLine,LittleChange,,LV,LVorOther,LV
Down,WeakUp,WeakUp,WeakUp,WeakUp,Neutral,,Neutral,,Clear,Clear,Clear,Clear,,Strong,Westerly,Strong,,Strong,Some,,LittleChange,Neutral,Increasing,SIG,May15_Jun14,K,CThruK,PartInhibit,Average,Average,K,N5GtLIGt_8,Stability,Average,MoreUnstable,ACEFK,PartInhibit,Weak,,K,XNIL,XNIL,SIG,Other,ModerateOrLe,,Steep,StrongFront,MoistMDryL,,,Moving,NWQuad,LVorOther,WidespdDnsl
Neutral,StronUp,WeakUp,Neutral,Neutral,Wet,Dry,Neutral,,Clear,PC,Clear,Clear,Weak,Strong,StrongWest,Weak,Weak,Weak,Marked,IncCapDecIns,Increasing,Negative,LittleChange,SVR,May15_Jun14,G,,Stifling,MoreThanAve,,,N1GtLIGt_4,Instability,MoreUnstable,MoreUnstable,GJ,PartInhibit,Moderate,Moderate,G,XNIL,XNIL,,,,Dry,Steep,NoMajor,MoistMDryL,,PosToNeg,Other,SWQuad,Westerly,LongAnticyc
StrongUp,Neutral,,StrongUp,StrongUp,VeryWet,Neutral,Wet,Wet,Cloudy,PC,PC,Cloudy,,Weak,Westerly,Strong,Weak,Weak,Marked,IncCapDecIns,Increasing,WeakPos,Increasing,,Jul2_Jul15,K,CThruK,,Average,MoreThanAve,K,N1GtLIGt_4,Stability,Average,Average,ACEFK,PartInhibit,Weak,Moderate,K,XNIL,XNIL,XNIL,LowMtsHighPl,CloseToDryAd,VeryMoist,Steep,StrongFront,MoistMDryL,DenvCyclone,,,AllElse,Westerly,DenvCyclone
WeakUp,Neutral,WeakUp,WeakUp,,VeryWet,Neutral,Neutral,Neutral,Cloudy,Clear,Cloudy,Cloudy,,,StrongWest,,Strong,,,IncCapDecIns,Increasing,Neutral,Decreasing,XNIL,Aug20_Sep15,D,CThruK,PartInhibit,LessThanAve,LessThanAve,,N1GtLIGt_4,Neutral,Average,LessUnstable,D,,Weak,,D,XNIL,XNIL,XNIL,,CloseToDryAd,Dry,CloseToDryAd,OtherRapid,MoistMDryL,DryLine,SigPositive,,AllElse,LVorOther,LongAnticyc
StrongUp,Neutral,WeakUp,WeakUp,WeakUp,,Neutral,Wet,,Clear,Clear,Clear,PC,Strong,Strong,Westerly,Strong,,Weak,Some,,,WeakPos,Increasing,XNIL,,B,AB,,LessThanAve,,ABI,N1GtLIGt_4,Stability,LessUnstable,LessUnstable,B,PartInhibit,,,B,XNIL,XNIL,XNIL,HighEvrywher,Steep,VeryMoist,Steep,NoMajor,DryMMoistL,DenvCyclone,NegToPos,Other,AllElse,Westerly,DenvCyclone
StrongUp,Down,Down,Down,Down,VeryWet,Neutral,Neutral,,Clear,Clear,Clear,Clear,Strong,Strong,StrongWest,Strong,,Strong,,IncCapDecIns,Increasing,WeakPos,Increasing,SIG,Jul16_Aug10,B,AB,PartInhibit,LessThanAve,Average,ABI,N5GtLIGt_8,Stability,LessUnstable,LessUnstable,B,,Moderate,Strong,B,SVR,SVR,SVR,LowEvrywhere,Stable,VeryMoist,ModerateOrLe,NoMajor,Other,Other,LittleChange,QStationary,SWQuad,LVorOther,DenvCyclone
WeakUp,,Neutral,WeakUp,WeakUp,VeryWet,Neutral,Wet,Wet,PC,Clear,Clear,PC,Strong,,DCVZFavor,Weak,Weak,,Marked,LittleChange,LittleChange,Negative,Decreasing,,Aug20_Sep15,D,,Stifling,MoreThanAve,Average,CDEJ,N1GtLIGt_4,Stability,Average,Average,D,PartInhibit,Weak,,D,XNIL,XNIL,SVR,LowMtsHighPl,CloseToDryAd,Dry,CloseToDryAd,StrongFront,DryMMoistL,Other,PosToNeg,,NWQuad,Westerly,SEQuad
StrongUp,Neutral,WeakUp,WeakUp,WeakUp,Neutral,Wet,Neutral,Wet,PC,PC,PC,Cloudy,,,DCVZFavor,,Weak,Weak,,IncCapDecIns,Increasing,,Increasing,,Aug11_Aug20,E,CThruK,PartInhibit,Average,Average,CDEJ,N1GtLIGt_4,Neutral,Average,Average,ACEFK,,Moderate,Strong,E,XNIL,XNIL,XNIL,LowAtStation,Steep,Average,ModerateOrLe,NoMajor,MoistMDryL,,LittleChange,Other,SWQuad,Westerly,LongAnticyc
,,StrongUp,WeakUp,WeakUp,,Wet,Neutral,Wet,Clear,Clear,Clear,Clear,,Weak,DCVZFavor,,,,Some,DecCapIncIns,Decreasing,Negative,Decreasing,XNIL,Jun15_Jul1,E,CThruK,PartInhibit,LessThanAve,,CDEJ,N5GtLIGt_8,Instability,MoreUnstable,LessUnstable,ACEFK,PartInhibit,Strong,Strong,E,XNIL,,XNIL,,ModerateOrLe,Dry,Steep,OtherRapid,MoistMDryL,,LittleChange,,SWQuad,Westerly,LongAnticyc
WeakUp,WeakUp,Neutral,WeakUp,WeakUp,Dry,Neutral,Dry,Neutral,PC,Clear,PC,PC,,Strong,DCVZFavor,Weak,Strong,Strong,Marked,LittleChange,LittleChange,Neutral,LittleChange,SVR,,K,CThruK,PartInhibit,Average,Average,K,N5GtLIGt_8,Stability,MoreUnstable,MoreUnstable,ACEFK,PartInhibit,Unfavorable,Moderate,,SVR,SVR,SVR,LowMtsHighPl,ModerateOrLe,Average,ModerateOrLe,StrongFront,Other,DryLine,SigNegative,,NWQuad,Westerly,LV
Neutral,Neutral,,Neutral,Neutral,Wet,Wet,Wet,VeryWet,Clear,PC,PC,,Weak,Weak,DCVZFavor,,,Weak,Some,,Increasing,WeakPos,Increasing,XNIL,Jul16_Aug10,H,,,LessThanAve,LessThanAve,H,,Stability,Average,MoreUnstable,HI,Stifling,Weak,Slight,H,XNIL,XNIL,XNIL,Other,ModerateOrLe,Average,ModerateOrLe,MarkedUpper,DryMMoistL,MovingFtorOt,SigPositive,,SWQuad,LVorOther,
WeakUp,WeakUp,Neutral,WeakUp,WeakUp,Dry,Neutral,VeryWet,VeryWet,PC,PC,Cloudy,Cloudy,Strong,Strong,StrongWest,Strong,Weak,Strong,Marked,IncCapDecIns,Increasing,Neutral,Decreasing,SVR,Jul16_Aug10,I,CThruK,Stifling,Average,MoreThanAve,ABI,,,Average,LessUnstable,HI,PartInhibit,Weak,,I,XNIL,XNIL,SVR,LowSHighN,Steep,Dry,CloseToDryAd,NoMajor,DryMMoistL,Other,LittleChange,Moving,AllElse,LVorOther,DenvCyclone
Neutral,Neutral,Neutral,Neutral,Neutral,VeryWet,Wet,VeryWet,VeryWet,PC,Clear,PC,PC,,,Westerly,,Weak,,,IncCapDecIns,Increasing,Negative,Decreasing,XNIL,May15_Jun14,K,CThruK,TotalInhibit,MoreThanAve,MoreThanAve,K,N1GtLIGt_4,Neutral,MoreUnstable,MoreUnstable,ACEFK,Stifling,Strong,Slight,K,SIG,XNIL,XNIL,LowEvrywhere,ModerateOrLe,Average,Steep,StrongFront,DryMMoistL,MovingFtorOt,SigPositive,Moving,AllElse,LVorOther,LongAnticyc
,,StrongUp,StrongUp,StrongUp,VeryWet,Neutral,Wet,Wet,PC,Clear,PC,Clear,,,Westerly,,Strong,Weak,,DecCapIncIns,Decreasing,,LittleChange,XNIL,Jul16_Aug10,B,AB,Stifling,Average,LessThanAve,,N1GtLIGt_4,Instability,MoreUnstable,Average,B,PartInhibit,,Slight,B,SIG,SIG,SIG,HighEvrywher,ModerateOrLe,VeryMoist,,NoMajor,DryMMoistL,DenvCyclone,LittleChange,,AllElse,LVorOther,LV
StrongUp,Down,Neutral,Down,Down,Neutral,Neutral,Dry,Dry,Clear,PC,Clear,Clear,,Strong,Westerly,,Strong,Strong,,IncCapDecIns,,Negative,LittleChange,SIG,Aug20_Sep15,J,CThruK,PartInhibit,Average,Average,CDEJ,N1GtLIGt_4,Neutral,,MoreUnstable,GJ,,Weak,Moderate,J,SVR,SVR,SVR,LowSHighN,Steep,Average,,StrongFront,MoistMDryL,DryLine,LittleChange,Other,LV,LVorOther,
Down,StronUp,Neutral,WeakUp,WeakUp,Neutral,Dry,Neutral,Wet,Clear,PC,Clear,Clear,Weak,Strong,StrongWest,Strong,Strong,Strong,Marked,IncCapDecIns,Increasing,Neutral,LittleChange,XNIL,Jul16_Aug10,E,CThruK,PartInhibit,Average,Average,CDEJ,N5GtLIGt_8,Instability,MoreUnstable,MoreUnstable,ACEFK,,Unfavorable,,E,SVR,SIG,SIG,HighEvrywher,CloseToDryAd,Average,Steep,OtherRapid,MoistMDryL,MovingFtorOt,,,SWQuad,Westerly,LV
WeakUp,,Neutral,Neutral,Neutral,Wet,,Wet,VeryWet,Clear,Cloudy,Clear,Clear,,Strong,DCVZFavor,Strong,Weak,Strong,Some,DecCapIncIns,Decreasing,Neutral,LittleChange,SIG,May15_Jun14,,CThruK,PartInhibit,MoreThanAve,,CDEJ,N5GtLIGt_8,Neutral,Average,MoreUnstable,D,PartInhibit,Strong,Slight,D,SVR,SVR,SVR,LowSHighN,,Average,CloseToDryAd,,Other,,NegToPos,Other,,Westerly,LongAnticyc
Neutral,Down,WeakUp,,Down,Dry,Wet,Neutral,Neutral,PC,PC,Clear,,Weak,Strong,DCVZFavor,Strong,,Strong,Marked,IncCapDecIns,Increasing,Negative,LittleChange,SIG,,A,AB,,LessThanAve,Average,ABI,N1GtLIGt_4,Instability,MoreUnstable,MoreUnstable,ACEFK,,Moderate,Strong,,SVR,SVR,SVR,LowSHighN,Steep,Average,CloseToDryAd,,DryMMoistL,MovingFtorOt,PosToNeg,Moving,SWQuad,Westerly,DenvCyclone
Neutral,,Neutral,Neutral,Neutral,Dry,Neutral,Wet,Wet,Clear,PC,,Clear,Strong,Strong,Westerly,,Weak,Strong,,IncCapDecIns,Increasing,Neutral,Decreasing,SVR,Aug20_Sep15,D,CThruK,Stifling,MoreThanAve,MoreThanAve,CDEJ,N1GtLIGt_4,Stability,LessUnstable,LessUnstable,D,PartInhibit,Strong,Moderate,D,XNIL,,SVR,LowSHighN,Steep,Dry,Steep,MarkedUpper,DryMMoistL,DenvCyclone,,,NWQuad,Westerly,SEQuad
WeakUp,Neutral,WeakUp,Neutral,Neutral,Wet,Neutral,Wet,Wet,Clear,Cloudy,PC,PC,,Strong,Westerly,Weak,Weak,Weak,Marked,LittleChange,LittleChange,Neutral,,SVR,Jul16_Aug10,,CThruK,Stifling,MoreThanAve,MoreThanAve,CDEJ,LILt_8,Instability,MoreUnstable,LessUnstable,GJ,PartInhibit,Unfavorable,,J,XNIL,XNIL,SVR,LowNHighS,CloseToDryAd,Dry,Steep,NoMajor,DryMMoistL,DryLine,LittleChange,,LV,LVorOther,LV
Down,Neutral,StrongUp,,Neutral,Neutral,Dry,Dry,Dry,Cloudy,Clear,Cloudy,PC,Weak,,Westerly,Weak,Weak,,,IncCapDecIns,Increasing,WeakPos,LittleChange,,Aug20_Sep15,B,AB,PartInhibit,LessThanAve,LessThanAve,ABI,,Instability,MoreUnstable,,B,,Moderate,,B,SVR,SVR,SVR,LowSHighN,Steep,Average,ModerateOrLe,NoMajor,,,LittleChange,QStationary,,Westerly,DenvCyclone
WeakUp,Down,StrongUp,WeakUp,WeakUp,Neutral,,Neutral,Wet,PC,Cloudy,Cloudy,Cloudy,Strong,,Westerly,Strong,,Strong,Some,IncCapDecIns,Increasing,Neutral,Increasing,SVR,May15_Jun14,K,CThruK,PartInhibit,,Average,K,LIGt0,Stability,,MoreUnstable,ACEFK,PartInhibit,Weak,,K,XNIL,XNIL,SVR,LowEvrywhere,ModerateOrLe,Average,Steep,NoMajor,Other,,SigPositive,Other,NWQuad,Westerly,LongAnticyc
StrongUp,Neutral,WeakUp,StrongUp,StrongUp,Neutral,Neutral,,Neutral,Clear,PC,Clear,Clear,,,StrongWest,,Weak,Weak,,DecCapIncIns,Decreasing,StrongPos,Increasing,XNIL,Aug20_Sep15,,CThruK,PartInhibit,Average,Average,ABI,LIGt0,Stability,LessUnstable,Average,HI,,Weak,Slight,,SIG,SIG,SIG,,ModerateOrLe,Dry,Steep,OtherRapid,DryMMoistL,,,QStationary,,LVorOther,E_NE
Down,Neutral,WeakUp,Neutral,Neutral,Neutral,Wet,Wet,VeryWet,Clear,Clear,Clear,Clear,Strong,Strong,StrongWest,Strong,,Strong,Marked,LittleChange,LittleChange,Negative,Decreasing,SIG,May15_Jun14,C,CThruK,Stifling,Average,Average,CDEJ,LIGt0,Instability,MoreUnstable,LessUnstable,ACEFK,,Weak,Slight,C,XNIL,XNIL,SIG,LowNHighS,CloseToDryAd,Dry,,,MoistMDryL,E_W_S,LittleChange,,AllElse,Westerly,
Neutral,Down,Neutral,Down,,Dry,Dry,Dry,Dry,,Clear,Clear,Clear,Strong,Strong,,Strong,,Strong,Some,LittleChange,LittleChange,Negative,LittleChange,SVR,Aug20_Sep15,I,CThruK,PartInhibit,LessThanAve,LessThanAve,ABI,N5GtLIGt_8,,MoreUnstable,MoreUnstable,HI,TotalInhibit,Unfavorable,,I,XNIL,XNIL,SVR,Other,Steep,Dry,ModerateOrLe,,DryMMoistL,E_W_S,PosToNeg,QStationary,AllElse,LVorOther,DenvCyclone
Down,Neutral,Neutral,,Down,Neutral,Neutral,Neutral,Wet,PC,Cloudy,Cloudy,Cloudy,Weak,Strong,,Weak,Weak,Weak,,IncCapDecIns,,Negative,LittleChange,SIG,May15_Jun14,C,CThruK,,Average,,CDEJ,N1GtLIGt_4,Instability,Average,Average,ACEFK,,Strong,Moderate,C,XNIL,,SIG,LowNHighS,Stable,Dry,Steep,MarkedUpper,DryMMoistL,E_W_N,NegToPos,QStationary,,Westerly,LongAnticyc
Neutral,StronUp,StrongUp,WeakUp,WeakUp,VeryWet,Neutral,Neutral,Neutral,PC,PC,PC,PC,Weak,Strong,Westerly,Strong,,Weak,Marked,DecCapIncIns,Decreasing,Neutral,LittleChange,SIG,Aug20_Sep15,I,CThruK,TotalInhibit,MoreThanAve,LessThanAve,ABI,N1GtLIGt_4,Neutral,LessUnstable,LessUnstable,HI,,Weak,Slight,I,SIG,SIG,SIG,LowSHighN,Stable,Average,Steep,OtherRapid,DryMMoistL,MovingFtorOt,LittleChange,QStationary,AllElse,LVorOther,DenvCyclone
StrongUp,StronUp,Neutral,WeakUp,WeakUp,Wet,,VeryWet,VeryWet,PC,Cloudy,PC,PC,Strong,Strong,Other,,,,Some,DecCapIncIns,Decreasing,Negative,LittleChange,SIG,,J,CThruK,TotalInhibit,Average,LessThanAve,CDEJ,N5GtLIGt_8,Stability,LessUnstable,LessUnstable,GJ,PartInhibit,Weak,,J,SVR,SVR,SVR,LowMtsHighPl,ModerateOrLe,Average,ModerateOrLe,,DryMMoistL,DryLine,LittleChange,,LV,,LV
WeakUp,Neutral,StrongUp,WeakUp,WeakUp,Neutral,Dry,Wet,,Clear,,Clear,Clear,Weak,Strong,DCVZFavor,Weak,,Weak,Marked,IncCapDecIns,Increasing,Neutral,Increasing,,Aug11_Aug20,K,,Stifling,Average,MoreThanAve,K,N1GtLIGt_4,Instability,,MoreUnstable,ACEFK,,Moderate,,K,XNIL,XNIL,SIG,,Steep,Dry,ModerateOrLe,MarkedUpper,DryMMoistL,Other,SigPositive,,,Westerly,WidespdDnsl
Down,WeakUp,StrongUp,Neutral,Neutral,Neutral,,,Dry,,PC,PC,PC,Strong,Strong,Other,,,Weak,Marked,IncCapDecIns,,StrongPos,Increasing,SIG,May15_Jun14,K,CThruK,PartInhibit,Average,Average,K,N1GtLIGt_4,Stability,,Average,,PartInhibit,Moderate,,K,,XNIL,SIG,,Steep,Dry,CloseToDryAd,StrongFront,DryMMoistL,MovingFtorOt,LittleChange,Moving,AllElse,,WidespdDnsl
WeakUp,Neutral,Neutral,Neutral,Neutral,Neutral,Wet,Neutral,Wet,Clear,PC,Clear,Clear,Strong,,DCVZFavor,,,,Marked,,Decreasing,Negative,,SIG,Jul2_Jul15,B,AB,,LessThanAve,LessThanAve,ABI,LIGt0,Neutral,Average,LessUnstable,B,PartInhibit,Unfavorable,,B,XNIL,XNIL,SIG,HighEvrywher,ModerateOrLe,VeryMoist,CloseToDryAd,MarkedUpper,MoistMDryL,,LittleChange,Other,AllElse,,DenvCyclone
StrongUp,Down,StrongUp,WeakUp,WeakUp,Neutral,Neutral,Neutral,Wet,PC,PC,PC,Cloudy,,,StrongWest,,Weak,Weak,,IncCapDecIns,Increasing,Negative,Decreasing,XNIL,Jun15_Jul1,,CThruK,PartInhibit,Average,MoreThanAve,CDEJ,LIGt0,Stability,Average,,ACEFK,,Moderate,Moderate,C,XNIL,,SIG,LowAtStation,Steep,Dry,CloseToDryAd,NoMajor,Other,E_W_N,,QStationary,NWQuad,Westerly,LongAnticyc
Down,Neutral,Down,,Neutral,Dry,,VeryWet,,PC,PC,PC,PC,Strong,Strong,StrongWest,Strong,,Strong,Marked,IncCapDecIns,Increasing,,Decreasing,SVR,May15_Jun14,G,CThruK,PartInhibit,Average,Average,,N1GtLIGt_4,,Average,LessUnstable,GJ,,Moderate,Moderate,G,XNIL,XNIL,SVR,LowEvrywhere,CloseToDryAd,Dry,CloseToDryAd,NoMajor,Other,,LittleChange,,LV,,WidespdDnsl
Down,,WeakUp,Down,Down,Neutral,Wet,Neutral,Dry,Clear,Cloudy,PC,PC,Strong,Strong,StrongWest,Strong,,Weak,Some,IncCapDecIns,,StrongPos,Increasing,SVR,Jul2_Jul15,J,CThruK,PartInhibit,MoreThanAve,MoreThanAve,CDEJ,N1GtLIGt_4,Stability,LessUnstable,MoreUnstable,,,Weak,,J,XNIL,SIG,SVR,LowAtStation,ModerateOrLe,Average,ModerateOrLe,NoMajor,DryMMoistL,DryLine,LittleChange,,LV,LVorOther,LV
StrongUp,WeakUp,Neutral,StrongUp,StrongUp,Dry,,VeryWet,VeryWet,PC,PC,PC,Cloudy,,,Other,,Weak,Weak,,DecCapIncIns,Decreasing,StrongPos,Increasing,XNIL,Jul2_Jul15,,AB,PartInhibit,LessThanAve,LessThanAve,ABI,N5GtLIGt_8,Stability,Average,MoreUnstable,ACEFK,,Unfavorable,Slight,A,SVR,SVR,,LowMtsHighPl,Stable,Average,Steep,MarkedUpper,DryMMoistL,DenvCyclone,LittleChange,Other,SWQuad,Westerly,DenvCyclone
StrongUp,Neutral,Down,WeakUp,WeakUp,Wet,Neutral,Neutral,Dry,Clear,Cloudy,,Clear,,Strong,StrongWest,Strong,,Weak,,LittleChange,LittleChange,WeakPos,LittleChange,SIG,Aug20_Sep15,G,CThruK,Stifling,Average,Average,G,N5GtLIGt_8,Stability,,LessUnstable,GJ,PartInhibit,Moderate,Moderate,,XNIL,XNIL,SIG,LowEvrywhere,Steep,Dry,CloseToDryAd,MarkedUpper,Other,DryLine,PosToNeg,,NWQuad,Westerly,SEQuad
WeakUp,Neutral,Down,Down,Down,,Neutral,Dry,Dry,Cloudy,Clear,Cloudy,PC,Weak,Strong,DCVZFavor,,,Weak,Marked,IncCapDecIns,Increasing,WeakPos,Increasing,SVR,May15_Jun14,A,AB,PartInhibit,LessThanAve,Average,ABI,N1GtLIGt_4,Stability,LessUnstable,MoreUnstable,ACEFK,,Moderate,Slight,A,SVR,SVR,SVR,HighEvrywher,ModerateOrLe,VeryMoist,Steep,MarkedUpper,Other,E_W_S,PosToNeg,QStationary,SWQuad,Westerly,DenvCyclone
,Down,Down,Down,Down,Neutral,Dry,,Neutral,Clear,PC,Cloudy,Cloudy,Weak,Strong,DCVZFavor,Weak,Strong,Strong,Marked,IncCapDecIns,Increasing,,LittleChange,SIG,Aug11_Aug20,I,CThruK,PartInhibit,LessThanAve,MoreThanAve,ABI,N1GtLIGt_4,Stability,LessUnstable,LessUnstable,,Stifling,Moderate,,I,SIG,SIG,SIG,LowMtsHighPl,Steep,Average,CloseToDryAd,NoMajor,,MovingFtorOt,SigPositive,Moving,LV,Westerly,E_NE
Neutral,Down,Neutral,Neutral,,,Wet,Wet,Wet,Clear,PC,PC,PC,,Strong,Westerly,Weak,Weak,Strong,Marked,IncCapDecIns,Increasing,WeakPos,Increasing,,Jul2_Jul15,G,CThruK,,LessThanAve,Average,G,N1GtLIGt_4,Stability,Average,MoreUnstable,GJ,TotalInhibit,Moderate,,G,XNIL,XNIL,XNIL,LowAtStation,CloseToDryAd,Dry,CloseToDryAd,MarkedUpper,Other,,,Other,SWQuad,Westerly,LV
,WeakUp,StrongUp,StrongUp,StrongUp,Wet,Neutral,Neutral,Wet,PC,PC,PC,Cloudy,Weak,Strong,Westerly,Strong,,Weak,Marked,DecCapIncIns,,Neutral,Decreasing,SVR,May15_Jun14,D,CThruK,PartInhibit,Average,LessThanAve,CDEJ,LIGt0,,LessUnstable,LessUnstable,D,PartInhibit,Strong,Moderate,D,XNIL,XNIL,SVR,LowMtsHighPl,CloseToDryAd,Average,CloseToDryAd,StrongFront,DryMMoistL,,NegToPos,,NWQuad,Westerly,SEQuad
StrongUp,,Neutral,StrongUp,StrongUp,Neutral,,Dry,,PC,PC,Clear,,Strong,Strong,Westerly,Strong,,Strong,Marked,DecCapIncIns,Decreasing,Neutral,LittleChange,SIG,Jun15_Jul1,K,CThruK,PartInhibit,Average,LessThanAve,,N1GtLIGt_4,Instability,Average,MoreUnstable,,,Moderate,Slight,K,XNIL,XNIL,SIG,Other,Steep,Dry,Steep,StrongFront,DryMMoistL,Other,NegToPos,,AllElse,LVorOther,LongAnticyc
StrongUp,WeakUp,Down,WeakUp,WeakUp,VeryWet,,VeryWet,VeryWet,Clear,Clear,Clear,PC,Weak,Strong,StrongWest,Strong,,Strong,Marked,IncCapDecIns,Increasing,Neutral,LittleChange,SVR,May15_Jun14,,AB,PartInhibit,LessThanAve,Average,ABI,N1GtLIGt_4,Stability,,LessUnstable,B,,Moderate,Moderate,B,SVR,SVR,SVR,LowEvrywhere,Steep,Average,Steep,NoMajor,Other,DenvCyclone,PosToNeg,,LV,Westerly,DenvCyclone
Down,Neutral,Down,Down,Down,Neutral,VeryWet,Dry,Dry,,PC,Clear,Clear,Strong,Strong,Westerly,Strong,Weak,Weak,,LittleChange,LittleChange,Negative,,SVR,May15_Jun14,D,,,LessThanAve,LessThanAve,,N1GtLIGt_4,Stability,LessUnstable,LessUnstable,D,,Weak,Moderate,D,SVR,SVR,SVR,LowSHighN,Steep,Dry,Steep,,Other,DenvCyclone,PosToNeg,,AllElse,Westerly,
Neutral,Neutral,Down,Down,Down,Neutral,Dry,,,,,Clear,Clear,,,StrongWest,,,,,IncCapDecIns,Increasing,Neutral,LittleChange,SIG,Jul16_Aug10,B,AB,TotalInhibit,Average,Average,ABI,N5GtLIGt_8,Stability,Average,MoreUnstable,B,PartInhibit,Weak,,B,,XNIL,SIG,LowNHighS,Steep,Average,Steep,OtherRapid,DryMMoistL,DenvCyclone,LittleChange,Other,SWQuad,LVorOther,E_NE
StrongUp,Neutral,StrongUp,StrongUp,,VeryWet,,VeryWet,VeryWet,Clear,Clear,,PC,Strong,Strong,StrongWest,,Weak,Strong,Marked,LittleChange,LittleChange,Negative,Decreasing,SVR,May15_Jun14,B,AB,PartInhibit,LessThanAve,LessThanAve,ABI,N1GtLIGt_4,Stability,LessUnstable,LessUnstable,B,Stifling,Moderate,Slight,,XNIL,XNIL,SVR,LowEvrywhere,Steep,Dry,CloseToDryAd,OtherRapid,DryMMoistL,E_W_S,SigNegative,Other,AllElse,LVorOther,DenvCyclone
WeakUp,Down,Neutral,Neutral,Neutral,Neutral,Neutral,Dry,Neutral,Clear,PC,Clear,Clear,Weak,Weak,Other,,,,,IncCapDecIns,Increasing,Negative,Decreasing,SIG,May15_Jun14,,,PartInhibit,MoreThanAve,MoreThanAve,ABI,N1GtLIGt_4,Stability,LessUnstable,LessUnstable,,PartInhibit,Unfavorable,,A,XNIL,XNIL,SIG,LowMtsHighPl,ModerateOrLe,Average,Steep,OtherRapid,DryMMoistL,DenvCyclone,PosToNeg,Other,SWQuad,Westerly,
StrongUp,,Neutral,WeakUp,WeakUp,Dry,VeryWet,Neutral,Wet,Cloudy,PC,Cloudy,Cloudy,Strong,,Other,,,,Marked,LittleChange,LittleChange,,Decreasing,SIG,Jul16_Aug10,J,CThruK,Stifling,MoreThanAve,MoreThanAve,CDEJ,LIGt0,Stability,LessUnstable,LessUnstable,GJ,,Unfavorable,,J,XNIL,XNIL,SIG,HighEvrywher,ModerateOrLe,Average,Steep,NoMajor,,DryLine,LittleChange,,LV,LVorOther,LV
Down,,WeakUp,Neutral,Neutral,Wet,Dry,Wet,Wet,PC,PC,PC,PC,Weak,Strong,Westerly,Strong,,,Marked,IncCapDecIns,Increasing,,Increasing,SIG,,B,AB,PartInhibit,Average,MoreThanAve,ABI,N1GtLIGt_4,Neutral,,MoreUnstable,B,,Moderate,Strong,B,SVR,SVR,SVR,LowEvrywhere,ModerateOrLe,Average,CloseToDryAd,,Other,MovingFtorOt,,Other,NWQuad,LVorOther,DenvCyclone
StrongUp,,Neutral,WeakUp,WeakUp,Dry,Neutral,VeryWet,VeryWet,Clear,Clear,Clear,PC,,Strong,StrongWest,Strong,Weak,Weak,Marked,,Decreasing,Neutral,LittleChange,SVR,May15_Jun14,H,CThruK,Stifling,Average,Average,H,N1GtLIGt_4,,Average,Average,HI,PartInhibit,Unfavorable,Slight,H,XNIL,XNIL,SVR,,Stable,VeryMoist,CloseToDryAd,MarkedUpper,Other,,NegToPos,,NWQuad,LVorOther,E_NE
Neutral,Neutral,Down,Neutral,Neutral,Dry,Neutral,Neutral,Neutral,Clear,Clear,Clear,Clear,Strong,Strong,Westerly,,,,,IncCapDecIns,Increasing,Negative,LittleChange,SVR,Aug20_Sep15,G,CThruK,,Average,MoreThanAve,G,LILt_8,Stability,MoreUnstable,MoreUnstable,GJ,Stifling,,Slight,G,XNIL,XNIL,SVR,LowEvrywhere,CloseToDryAd,,CloseToDryAd,StrongFront,MoistMDryL,,NegToPos,,AllElse,,WidespdDnsl
WeakUp,StronUp,Neutral,WeakUp,WeakUp,Dry,Wet,VeryWet,VeryWet,Clear,Clear,,Clear,Weak,Strong,StrongWest,Strong,,Weak,Marked,LittleChange,LittleChange,Negative,Decreasing,,Aug20_Sep15,D,CThruK,PartInhibit,Average,Average,CDEJ,N1GtLIGt_4,Stability,LessUnstable,LessUnstable,D,,Weak,Slight,D,SVR,SVR,SVR,LowAtStation,Steep,Average,ModerateOrLe,,DryMMoistL,DryLine,SigNegative,Other,AllElse,Westerly,SEQuad
WeakUp,Neutral,WeakUp,WeakUp,WeakUp,Neutral,VeryWet,Neutral,Wet,PC,Clear,Clear,PC,,,Westerly,Weak,,Strong,,LittleChange,LittleChange,Neutral,Decreasing,SIG,Aug20_Sep15,J,CThruK,PartInhibit,MoreThanAve,MoreThanAve,CDEJ,N1GtLIGt_4,Instability,Average,Average,GJ,,Moderate,Strong,,XNIL,XNIL,SIG,Other,CloseToDryAd,Dry,Steep,NoMajor,MoistMDryL,DryLine,LittleChange,Other,LV,LVorOther,LV
StrongUp,Neutral,Down,Neutral,Neutral,,Dry,,Neutral,,Clear,Clear,Clear,,Strong,DCVZFavor,Weak,Weak,Weak,Some,DecCapIncIns,Decreasing,Neutral,,SIG,Jul2_Jul15,J,,Stifling,MoreThanAve,LessThanAve,CDEJ,N1GtLIGt_4,,LessUnstable,LessUnstable,GJ,,Weak,Strong,J,,SIG,SIG,LowAtStation,ModerateOrLe,Average,CloseToDryAd,NoMajor,MoistMDryL,DryLine,LittleChange,Other,LV,LVorOther,LV
WeakUp,Neutral,Neutral,Neutral,Neutral,Neutral,,,,PC,PC,Cloudy,,Strong,Strong,StrongWest,Strong,Strong,Strong,,IncCapDecIns,Increasing,WeakPos,Decreasing,SIG,,,CThruK,,LessThanAve,LessThanAve,ABI,N1GtLIGt_4,Instability,Average,Average,HI,,Weak,Slight,I,XNIL,XNIL,SIG,LowSHighN,ModerateOrLe,Average,CloseToDryAd,OtherRapid,DryMMoistL,E_W_N,PosToNeg,Moving,SWQuad,Westerly,LongAnticyc
StrongUp,Down,StrongUp,StrongUp,StrongUp,Neutral,VeryWet,Neutral,VeryWet,PC,PC,PC,Cloudy,Strong,Strong,StrongWest,Strong,,Strong,Marked,IncCapDecIns,Increasing,Negative,Decreasing,SIG,Aug20_Sep15,K,CThruK,PartInhibit,LessThanAve,LessThanAve,K,LIGt0,Stability,LessUnstable,LessUnstable,,,,Slight,K,XNIL,,SIG,Other,Steep,VeryMoist,CloseToDryAd,MarkedUpper,DryMMoistL,,SigPositive,Moving,AllElse,LVorOther,SEQuad
Down,,,Neutral,Neutral,Neutral,VeryWet,Wet,Wet,PC,Clear,Clear,Clear,Strong,Strong,StrongWest,Strong,Strong,Strong,Some,LittleChange,LittleChange,Negative,Decreasing,XNIL,Aug20_Sep15,J,CThruK,Stifling,Average,Average,,N5GtLIGt_8,Instability,MoreUnstable,MoreUnstable,GJ,,Moderate,,J,XNIL,,XNIL,LowMtsHighPl,Steep,Dry,Steep,NoMajor,DryMMoistL,DryLine,LittleChange,,AllElse,LVorOther,LV
Down,StronUp,WeakUp,Neutral,Neutral,Wet,Wet,Wet,Neutral,PC,,Cloudy,Cloudy,Weak,Strong,Westerly,Weak,Weak,Weak,Some,,LittleChange,WeakPos,Increasing,XNIL,Aug20_Sep15,H,CThruK,PartInhibit,Average,Average,H,N1GtLIGt_4,Stability,MoreUnstable,MoreUnstable,HI,PartInhibit,Unfavorable,,H,,SIG,SIG,Other,ModerateOrLe,VeryMoist,ModerateOrLe,MarkedUpper,DryMMoistL,,SigNegative,,AllElse,Westerly,E_NE
Neutral,Down,StrongUp,Neutral,Neutral,Dry,Neutral,VeryWet,VeryWet,Clear,PC,PC,Cloudy,,,Other,,Weak,Weak,,,Decreasing,Neutral,LittleChange,XNIL,Jul16_Aug10,F,CThruK,,,,F,N1GtLIGt_4,Neutral,LessUnstable,LessUnstable,ACEFK,,Weak,Slight,,,,XNIL,,ModerateOrLe,VeryMoist,,NoMajor,Other,,LittleChange,,LV,LVorOther,E_NE
Neutral,Down,Neutral,Neutral,,Neutral,Neutral,Neutral,Neutral,PC,PC,,PC,,,,,Weak,,,DecCapIncIns,Decreasing,WeakPos,LittleChange,XNIL,Aug20_Sep15,A,AB,PartInhibit,Average,Average,ABI,N5GtLIGt_8,Instability,MoreUnstable,MoreUnstable,ACEFK,PartInhibit,,Moderate,A,SIG,SIG,SIG,HighEvrywher,Stable,Average,ModerateOrLe,MarkedUpper,Other,MovingFtorOt,NegToPos,,SWQuad,Westerly,DenvCyclone
WeakUp,Neutral,Neutral,Neutral,Neutral,VeryWet,Dry,Neutral,Neutral,PC,Cloudy,PC,PC,Weak,,Westerly,Strong,,Weak,Some,IncCapDecIns,,StrongPos,Increasing,SVR,May15_Jun14,,CThruK,PartInhibit,Average,MoreThanAve,K,LILt_8,Neutral,MoreUnstable,MoreUnstable,ACEFK,PartInhibit,Weak,,,XNIL,XNIL,SVR,Other,Steep,Dry,ModerateOrLe,NoMajor,Other,DryLine,SigPositive,Other,NWQuad,LVorOther,WidespdDnsl
Down,StronUp,Neutral,Neutral,Neutral,Neutral,Wet,Neutral,Neutral,Clear,PC,Clear,Clear,,Strong,Other,,,Strong,Marked,LittleChange,LittleChange,,Decreasing,SIG,May15_Jun14,B,AB,PartInhibit,Average,Average,,N1GtLIGt_4,Neutral,,LessUnstable,B,PartInhibit,Weak,Slight,B,SVR,SVR,SVR,,ModerateOrLe,VeryMoist,Steep,OtherRapid,MoistMDryL,DenvCyclone,LittleChange,Other,AllElse,LVorOther,DenvCyclone
WeakUp,StronUp,Neutral,Neutral,Neutral,,Neutral,Neutral,Neutral,PC,PC,Cloudy,,,Strong,DCVZFavor,Strong,Weak,,Marked,LittleChange,LittleChange,WeakPos,LittleChange,SIG,May15_Jun14,E,CThruK,PartInhibit,Average,Average,CDEJ,LILt_8,Instability,MoreUnstable,MoreUnstable,ACEFK,Stifling,Strong,,E,,SVR,SVR,LowNHighS,CloseToDryAd,Dry,Steep,OtherRapid,MoistMDryL,Other,LittleChange,Other,SWQuad,LVorOther,LV
,Neutral,StrongUp,,WeakUp,Dry,Wet,Dry,Neutral,PC,PC,PC,PC,,,Westerly,,,,,DecCapIncIns,Decreasing,StrongPos,Increasing,XNIL,,C,CThruK,,LessThanAve,LessThanAve,CDEJ,N1GtLIGt_4,Stability,Average,Average,ACEFK,PartInhibit,Moderate,,C,XNIL,XNIL,XNIL,,ModerateOrLe,Dry,Steep,OtherRapid,Other,E_W_S,PosToNeg,,NWQuad,LVorOther,WidespdDnsl
Neutral,Neutral,Neutral,Neutral,Neutral,Neutral,VeryWet,Wet,Wet,Clear,Clear,Clear,Clear,,,Other,,Weak,Weak,,LittleChange,,,,XNIL,Jun15_Jul1,,AB,Stifling,Average,Average,ABI,N5GtLIGt_8,Stability,Average,Average,B,PartInhibit,Unfavorable,,B,XNIL,XNIL,XNIL,LowSHighN,ModerateOrLe,Average,Steep,NoMajor,Other,DenvCyclone,LittleChange,Other,SWQuad,LVorOther,SEQuad
Down,Down,Down,Down,Down,Dry,Wet,,Wet,Cloudy,PC,Cloudy,Cloudy,,Weak,Westerly,,Weak,,Some,IncCapDecIns,Increasing,Negative,Decreasing,XNIL,,B,AB,PartInhibit,LessThanAve,Average,ABI,N1GtLIGt_4,Instability,,LessUnstable,B,Stifling,Weak,,B,XNIL,XNIL,,LowMtsHighPl,Steep,VeryMoist,Steep,NoMajor,DryMMoistL,DenvCyclone,PosToNeg,,SWQuad,Westerly,SEQuad
StrongUp,WeakUp,WeakUp,WeakUp,WeakUp,Dry,,Neutral,Neutral,PC,Cloudy,Cloudy,Cloudy,Weak,Strong,StrongWest,,,,,IncCapDecIns,Increasing,Negative,Decreasing,SIG,Aug11_Aug20,E,CThruK,PartInhibit,Average,MoreThanAve,CDEJ,N1GtLIGt_4,Instability,MoreUnstable,Average,ACEFK,,Weak,Slight,E,XNIL,XNIL,SIG,HighEvrywher,Steep,,Steep,NoMajor,Other,DryLine,,,SWQuad,,WidespdDnsl
WeakUp,StronUp,Neutral,Neutral,Neutral,Neutral,Wet,Neutral,Neutral,PC,PC,PC,PC,Strong,,Westerly,Strong,,Weak,Some,IncCapDecIns,Increasing,Neutral,LittleChange,SIG,May15_Jun14,C,CThruK,PartInhibit,LessThanAve,LessThanAve,CDEJ,N5GtLIGt_8,Instability,Average,MoreUnstable,ACEFK,PartInhibit,,,C,SVR,SVR,SVR,Other,,Dry,Steep,StrongFront,Other,,LittleChange,Other,AllElse,Westerly,
Neutral,Neutral,WeakUp,WeakUp,WeakUp,Neutral,Dry,Neutral,Neutral,PC,PC,Cloudy,Cloudy,,,Westerly,,,,,DecCapIncIns,Decreasing,StrongPos,Decreasing,XNIL,Jul2_Jul15,K,CThruK,PartInhibit,Average,LessThanAve,K,N1GtLIGt_4,Stability,Average,Average,ACEFK,PartInhibit,Weak,,K,XNIL,XNIL,XNIL,LowNHighS,Stable,Dry,,StrongFront,DryMMoistL,DenvCyclone,NegToPos,QStationary,AllElse,Westerly,WidespdDnsl
WeakUp,Down,Neutral,Down,Down,Wet,VeryWet,VeryWet,Wet,Clear,PC,PC,,,Weak,,Strong,,Strong,,DecCapIncIns,Decreasing,StrongPos,Increasing,SIG,Aug11_Aug20,G,,PartInhibit,Average,LessThanAve,G,N5GtLIGt_8,Neutral,Average,Average,GJ,,Moderate,Moderate,G,XNIL,XNIL,SIG,LowEvrywhere,CloseToDryAd,Dry,Steep,NoMajor,MoistMDryL,DryLine,NegToPos,,SWQuad,Westerly,LV
Down,Neutral,Neutral,Down,Down,Dry,VeryWet,Neutral,Dry,Clear,PC,Clear,Clear,Strong,Strong,Westerly,,Weak,Weak,Some,LittleChange,,WeakPos,LittleChange,SIG,Jun15_Jul1,E,CThruK,PartInhibit,Average,Average,CDEJ,N1GtLIGt_4,,,LessUnstable,,PartInhibit,Moderate,Slight,E,,XNIL,SIG,LowMtsHighPl,CloseToDryAd,Dry,ModerateOrLe,NoMajor,MoistMDryL,DryLine,NegToPos,,AllElse,Westerly,LV
StrongUp,Neutral,Neutral,WeakUp,WeakUp,Dry,Wet,Neutral,Dry,PC,Clear,Clear,Clear,,Weak,DCVZFavor,Weak,Weak,Strong,,IncCapDecIns,Increasing,WeakPos,Increasing,,Aug20_Sep15,,CThruK,PartInhibit,Average,MoreThanAve,F,LILt_8,Stability,MoreUnstable,MoreUnstable,ACEFK,PartInhibit,Moderate,,F,XNIL,XNIL,XNIL,HighEvrywher,Steep,,ModerateOrLe,NoMajor,Other,Other,,,AllElse,LVorOther,
WeakUp,Neutral,WeakUp,WeakUp,WeakUp,VeryWet,Wet,VeryWet,VeryWet,PC,Clear,Clear,,Weak,Strong,DCVZFavor,Strong,,Strong,Marked,DecCapIncIns,Decreasing,WeakPos,,SVR,Aug11_Aug20,C,CThruK,PartInhibit,LessThanAve,,CDEJ,N5GtLIGt_8,Stability,LessUnstable,Average,ACEFK,,Strong,Strong,C,SVR,SVR,SVR,LowAtStation,CloseToDryAd,Average,CloseToDryAd,OtherRapid,,E_W_N,LittleChange,Other,NWQuad,Westerly,LongAnticyc
Neutral,Neutral,Down,Neutral,Neutral,Dry,Wet,Neutral,Neutral,Cloudy,Clear,Cloudy,PC,Strong,Strong,DCVZFavor,Weak,,Weak,Marked,IncCapDecIns,Increasing,Negative,LittleChange,SIG,Jun15_Jul1,E,CThruK,,LessThanAve,LessThanAve,CDEJ,N1GtLIGt_4,Neutral,Average,,ACEFK,,Moderate,Moderate,E,XNIL,XNIL,SIG,HighEvrywher,ModerateOrLe,Average,ModerateOrLe,NoMajor,MoistMDryL,DryLine,LittleChange,Moving,SWQuad,LVorOther,LV
Down,Down,Neutral,Down,Down,Dry,,VeryWet,Wet,PC,Cloudy,Cloudy,PC,Strong,Strong,StrongWest,Strong,,,Some,IncCapDecIns,Increasing,Negative,LittleChange,SVR,May15_Jun14,I,CThruK,,LessThanAve,MoreThanAve,ABI,N5GtLIGt_8,Instability,MoreUnstable,MoreUnstable,HI,PartInhibit,Strong,,I,XNIL,XNIL,SVR,LowSHighN,Steep,Dry,Steep,NoMajor,Other,E_W_S,PosToNeg,QStationary,LV,LVorOther,E_NE
Down,StronUp,Neutral,Neutral,Neutral,Neutral,VeryWet,Neutral,Neutral,Clear,,Clear,Clear,,Weak,StrongWest,Weak,Weak,Weak,,IncCapDecIns,Increasing,Negative,LittleChange,XNIL,Jul2_Jul15,J,CThruK,PartInhibit,Average,MoreThanAve,CDEJ,N5GtLIGt_8,Stability,MoreUnstable,MoreUnstable,GJ,Stifling,Unfavorable,,J,SVR,SVR,SVR,,,,Steep,NoMajor,MoistMDryL,,LittleChange,,LV,LVorOther,LV
,Neutral,,Neutral,,Neutral,Neutral,Dry,Dry,Clear,Clear,Clear,Clear,Strong,Strong,Westerly,Strong,,Weak,Marked,LittleChange,LittleChange,Neutral,LittleChange,SIG,,G,CThruK,PartInhibit,Average,Average,G,N5GtLIGt_8,Stability,,,GJ,PartInhibit,Unfavorable,,G,XNIL,XNIL,SIG,LowEvrywhere,CloseToDryAd,Dry,CloseToDryAd,MarkedUpper,MoistMDryL,,LittleChange,,NWQuad,Westerly,WidespdDnsl
StrongUp,WeakUp,,Neutral,Neutral,,Dry,Dry,Neutral,PC,Clear,Clear,Clear,,,Westerly,,,,,LittleChange,LittleChange,StrongPos,Increasing,XNIL,,B,,TotalInhibit,MoreThanAve,MoreThanAve,,N5GtLIGt_8,Instability,MoreUnstable,MoreUnstable,B,Stifling,Moderate,,B,SIG,SIG,,LowNHighS,Steep,VeryMoist,Steep,StrongFront,DryMMoistL,DenvCyclone,,Other,LV,LVorOther,DenvCyclone
Down,,Down,Down,Down,Wet,Wet,Wet,Neutral,Clear,PC,Clear,Clear,Strong,Strong,StrongWest,Strong,,Strong,Marked,IncCapDecIns,Increasing,Negative,LittleChange,SVR,,C,CThruK,Stifling,MoreThanAve,MoreThanAve,CDEJ,N5GtLIGt_8,Stability,LessUnstable,LessUnstable,ACEFK,,Moderate,Strong,C,SIG,SIG,SVR,LowEvrywhere,CloseToDryAd,Dry,Steep,MarkedUpper,DryMMoistL,,SigNegative,Other,NWQuad,Westerly,LongAnticyc
StrongUp,Neutral,Neutral,WeakUp,WeakUp,Neutral,Neutral,Neutral,Wet,PC,Clear,Clear,Clear,Strong,Strong,DCVZFavor,Weak,Weak,,Some,IncCapDecIns,Increasing,Negative,LittleChange,,Aug20_Sep15,,CThruK,,,,CDEJ,LIGt0,,LessUnstable,,ACEFK,,Unfavorable,,E,,SIG,SIG,LowEvrywhere,Steep,Average,ModerateOrLe,NoMajor,,,SigPositive,,AllElse,,LV
StrongUp,WeakUp,StrongUp,StrongUp,StrongUp,VeryWet,VeryWet,VeryWet,VeryWet,Clear,,,Clear,Weak,Weak,DCVZFavor,Weak,Strong,Strong,Some,,Decreasing,WeakPos,LittleChange,SIG,Jun15_Jul1,J,CThruK,PartInhibit,LessThanAve,LessThanAve,CDEJ,N1GtLIGt_4,Stability,Average,Average,GJ,Stifling,Unfavorable,,J,SIG,SIG,SIG,LowNHighS,Steep,Average,Steep,,DryMMoistL,DryLine,LittleChange,Other,LV,LVorOther,LV
Neutral,Down,WeakUp,Neutral,Neutral,Dry,Wet,Dry,Dry,PC,Cloudy,PC,Clear,,,,,Weak,Strong,,DecCapIncIns,Decreasing,Neutral,LittleChange,XNIL,Jun15_Jul1,J,,PartInhibit,MoreThanAve,LessThanAve,CDEJ,N1GtLIGt_4,Stability,Average,Average,GJ,,,,J,XNIL,XNIL,,LowMtsHighPl,ModerateOrLe,Average,CloseToDryAd,NoMajor,DryMMoistL,DryLine,LittleChange,,LV,LVorOther,SEQuad
WeakUp,,Neutral,Neutral,Neutral,Wet,Dry,Neutral,Neutral,PC,PC,,PC,Weak,Strong,Other,Weak,Weak,Weak,,LittleChange,,Neutral,LittleChange,SIG,Aug20_Sep15,J,CThruK,Stifling,MoreThanAve,MoreThanAve,CDEJ,LIGt0,Instability,MoreUnstable,MoreUnstable,,,Weak,Slight,J,,XNIL,SIG,LowMtsHighPl,Stable,Average,CloseToDryAd,NoMajor,Other,DryLine,LittleChange,,LV,,LV
Neutral,Neutral,StrongUp,WeakUp,WeakUp,Wet,Wet,Wet,Neutral,Clear,Clear,Clear,Clear,Weak,Strong,StrongWest,Strong,Weak,Weak,Marked,LittleChange,LittleChange,Negative,LittleChange,SIG,Jun15_Jul1,B,AB,PartInhibit,LessThanAve,Average,ABI,N5GtLIGt_8,Neutral,Average,MoreUnstable,,PartInhibit,Weak,Slight,B,SVR,SVR,SVR,LowNHighS,ModerateOrLe,Dry,Steep,NoMajor,Other,,NegToPos,Other,,LVorOther,LongAnticyc
StrongUp,Neutral,WeakUp,WeakUp,WeakUp,VeryWet,Neutral,,VeryWet,Clear,Clear,Clear,Clear,,Weak,,,Strong,Weak,Some,,Increasing,WeakPos,Increasing,SIG,May15_Jun14,H,CThruK,Stifling,,MoreThanAve,H,LILt_8,Instability,Average,MoreUnstable,HI,TotalInhibit,Moderate,Moderate,,SIG,SIG,SIG,LowMtsHighPl,Stable,,ModerateOrLe,MarkedUpper,DryMMoistL,E_W_N,SigNegative,,AllElse,LVorOther,E_NE
Neutral,WeakUp,Down,Neutral,,Neutral,Wet,Neutral,Wet,PC,Clear,PC,PC,Weak,Weak,Other,,,,,IncCapDecIns,Increasing,Neutral,LittleChange,XNIL,Aug20_Sep15,K,CThruK,Stifling,MoreThanAve,MoreThanAve,K,N1GtLIGt_4,Neutral,LessUnstable,,ACEFK,,Weak,Strong,K,XNIL,SIG,SIG,Other,ModerateOrLe,Dry,CloseToDryAd,StrongFront,Other,E_W_N,PosToNeg,Moving,AllElse,Westerly,DenvCyclone
Down,,,,WeakUp,Dry,,Dry,Dry,Clear,PC,PC,PC,,,StrongWest,,,Weak,,DecCapIncIns,Decreasing,WeakPos,Increasing,XNIL,Jul2_Jul15,I,CThruK,Stifling,MoreThanAve,MoreThanAve,ABI,N1GtLIGt_4,Instability,MoreUnstable,MoreUnstable,HI,,Unfavorable,,I,SVR,SVR,SVR,LowSHighN,ModerateOrLe,Dry,CloseToDryAd,,Other,E_W_S,LittleChange,,LV,Westerly,DenvCyclone
Down,Neutral,Neutral,,Down,Neutral,Neutral,,Dry,Clear,Clear,Clear,Clear,Strong,Strong,,Strong,,Weak,Marked,DecCapIncIns,Decreasing,Negative,,SIG,Aug20_Sep15,C,CThruK,,LessThanAve,LessThanAve,CDEJ,N1GtLIGt_4,Instability,LessUnstable,LessUnstable,ACEFK,,Moderate,Strong,C,SIG,SVR,,LowEvrywhere,,Dry,ModerateOrLe,OtherRapid,Other,E_W_N,SigPositive,QStationary,NWQuad,Westerly,WidespdDnsl
Neutral,,Down,Down,Down,Dry,Dry,Dry,Dry,PC,Cloudy,PC,,Strong,Strong,DCVZFavor,Strong,,Weak,Some,IncCapDecIns,Increasing,WeakPos,Increasing,SVR,,H,CThruK,Stifling,MoreThanAve,MoreThanAve,H,N1GtLIGt_4,Stability,MoreUnstable,MoreUnstable,HI,Stifling,Moderate,,H,XNIL,XNIL,SVR,LowMtsHighPl,Stable,Average,CloseToDryAd,MarkedUpper,DryMMoistL,E_W_S,SigPositive,QStationary,LV,LVorOther,SEQuad
WeakUp,Down,StrongUp,WeakUp,WeakUp,Dry,Dry,,Neutral,PC,PC,,PC,,Weak,StrongWest,Strong,Weak,,Some,IncCapDecIns,Increasing,Neutral,LittleChange,XNIL,Aug20_Sep15,B,,PartInhibit,Average,MoreThanAve,ABI,N1GtLIGt_4,Instability,MoreUnstable,,B,Stifling,Strong,Moderate,B,XNIL,XNIL,XNIL,LowAtStation,Steep,VeryMoist,CloseToDryAd,NoMajor,DryMMoistL,,PosToNeg,Other,NWQuad,LVorOther,DenvCyclone
WeakUp,Down,StrongUp,Down,Down,,Wet,VeryWet,VeryWet,PC,PC,PC,PC,,Weak,DCVZFavor,Strong,,Weak,Some,IncCapDecIns,Increasing,Neutral,LittleChange,SIG,Aug11_Aug20,K,CThruK,PartInhibit,Average,,K,N1GtLIGt_4,Stability,Average,Average,ACEFK,PartInhibit,Moderate,Moderate,K,XNIL,XNIL,SIG,Other,Stable,Dry,Steep,StrongFront,DryMMoistL,MovingFtorOt,,,SWQuad,Westerly,DenvCyclone
Down,StronUp,Down,Down,Down,Dry,Wet,Wet,Wet,PC,PC,PC,Clear,Strong,Strong,Westerly,Strong,Weak,Weak,Some,IncCapDecIns,,StrongPos,Increasing,SIG,May15_Jun14,E,CThruK,,LessThanAve,Average,CDEJ,LILt_8,Neutral,MoreUnstable,MoreUnstable,,,Unfavorable,Slight,E,XNIL,XNIL,,LowSHighN,ModerateOrLe,Dry,CloseToDryAd,NoMajor,MoistMDryL,DenvCyclone,PosToNeg,Other,AllElse,,
Neutral,Neutral,WeakUp,Neutral,Neutral,Wet,Neutral,Neutral,Neutral,PC,Clear,,PC,Weak,Weak,StrongWest,Strong,,Weak,,IncCapDecIns,,StrongPos,Increasing,SIG,Jul16_Aug10,J,CThruK,,LessThanAve,Average,CDEJ,N5GtLIGt_8,Instability,MoreUnstable,MoreUnstable,GJ,,Moderate,Strong,J,SIG,SIG,SIG,LowMtsHighPl,ModerateOrLe,Dry,CloseToDryAd,NoMajor,DryMMoistL,DryLine,LittleChange,,LV,LVorOther,SEQuad
StrongUp,Down,Neutral,Down,Down,Wet,Wet,Neutral,Neutral,PC,Clear,Clear,Clear,,,Westerly,,,,,IncCapDecIns,Increasing,StrongPos,Increasing,XNIL,Jul2_Jul15,B,AB,PartInhibit,LessThanAve,LessThanAve,ABI,N1GtLIGt_4,,LessUnstable,Average,,PartInhibit,Moderate,Moderate,B,SVR,SVR,SVR,HighEvrywher,Stable,,Steep,NoMajor,Other,DenvCyclone,,,AllElse,Westerly,DenvCyclone
Neutral,Down,WeakUp,Down,Down,Neutral,Dry,Dry,Dry,,PC,PC,Clear,Weak,Strong,Other,,Weak,Weak,,LittleChange,LittleChange,Negative,Decreasing,,Jul16_Aug10,B,AB,PartInhibit,LessThanAve,,ABI,N1GtLIGt_4,Stability,Average,LessUnstable,B,,Unfavorable,Slight,B,XNIL,XNIL,SIG,HighEvrywher,CloseToDryAd,Average,Steep,MarkedUpper,DryMMoistL,DenvCyclone,PosToNeg,Other,NWQuad,LVorOther,DenvCyclone
StrongUp,StronUp,Neutral,Neutral,,,Dry,VeryWet,Wet,PC,PC,Cloudy,,Strong,Strong,Other,,,Strong,Some,,LittleChange,WeakPos,Increasing,SVR,Aug20_Sep15,F,CThruK,PartInhibit,MoreThanAve,MoreThanAve,F,N1GtLIGt_4,Instability,MoreUnstable,MoreUnstable,ACEFK,PartInhibit,Unfavorable,,F,XNIL,XNIL,,HighEvrywher,ModerateOrLe,VeryMoist,ModerateOrLe,StrongFront,Other,DenvCyclone,LittleChange,,LV,,E_NE
Down,StronUp,Neutral,Down,Down,Wet,Wet,Wet,Wet,PC,Clear,,Clear,Weak,Strong,StrongWest,Strong,Strong,Strong,Marked,LittleChange,LittleChange,WeakPos,LittleChange,SVR,Jul16_Aug10,B,,PartInhibit,Average,Average,ABI,N1GtLIGt_4,Neutral,LessUnstable,LessUnstable,B,Stifling,Weak,Slight,B,XNIL,XNIL,SVR,LowMtsHighPl,ModerateOrLe,Average,ModerateOrLe,NoMajor,Other,,LittleChange,Other,LV,LVorOther,DenvCyclone
Down,Neutral,Down,Down,Down,Neutral,Wet,Wet,Dry,PC,Cloudy,PC,PC,Weak,Strong,DCVZFavor,Weak,Strong,Strong,Some,IncCapDecIns,Increasing,,LittleChange,SIG,Jul16_Aug10,E,CThruK,,LessThanAve,LessThanAve,CDEJ,N5GtLIGt_8,Instability,MoreUnstable,MoreUnstable,ACEFK,PartInhibit,Moderate,Strong,,XNIL,XNIL,SIG,,ModerateOrLe,Average,ModerateOrLe,NoMajor,MoistMDryL,,LittleChange,,,,LV
Down,Neutral,Down,Down,Down,Dry,VeryWet,VeryWet,Wet,PC,Clear,,Clear,Strong,Strong,,,Weak,Weak,Marked,LittleChange,LittleChange,,LittleChange,,,D,CThruK,PartInhibit,Average,,CDEJ,N1GtLIGt_4,Stability,LessUnstable,LessUnstable,,,Unfavorable,,D,XNIL,XNIL,SVR,LowSHighN,CloseToDryAd,Average,Steep,OtherRapid,DryMMoistL,DryLine,NegToPos,Moving,NWQuad,Westerly,WidespdDnsl
StrongUp,,Neutral,WeakUp,WeakUp,Wet,Neutral,Wet,Wet,PC,,Clear,PC,Strong,Strong,DCVZFavor,Strong,,Weak,Marked,DecCapIncIns,Decreasing,WeakPos,LittleChange,SIG,Jul16_Aug10,D,CThruK,PartInhibit,Average,Average,CDEJ,N1GtLIGt_4,Instability,Average,Average,D,,Weak,Moderate,D,SVR,SVR,SVR,LowSHighN,CloseToDryAd,Dry,CloseToDryAd,MarkedUpper,DryMMoistL,DryLine,,Other,,Westerly,SEQuad
StrongUp,Neutral,Neutral,StrongUp,StrongUp,Neutral,Wet,Neutral,Wet,PC,PC,PC,Cloudy,Weak,Strong,DCVZFavor,Weak,,,,IncCapDecIns,Increasing,,LittleChange,SVR,Jul16_Aug10,,,PartInhibit,LessThanAve,Average,ABI,N1GtLIGt_4,Stability,LessUnstable,LessUnstable,ACEFK,TotalInhibit,Weak,,,SIG,SIG,SVR,Other,ModerateOrLe,Average,ModerateOrLe,OtherRapid,Other,DenvCyclone,SigNegative,Other,,Westerly,DenvCyclone
Neutral,Neutral,Neutral,Neutral,Neutral,Wet,Dry,Dry,Dry,,PC,PC,PC,Strong,Strong,Other,Weak,,Weak,Some,LittleChange,LittleChange,Neutral,Increasing,SVR,Jun15_Jul1,K,CThruK,PartInhibit,Average,Average,K,,Neutral,Average,MoreUnstable,ACEFK,Stifling,Unfavorable,Slight,K,,XNIL,SVR,LowNHighS,,Average,,StrongFront,Other,MovingFtorOt,SigPositive,,NWQuad,LVorOther,LongAnticyc
,Down,,Neutral,Neutral,Wet,Neutral,Neutral,Dry,PC,Clear,,PC,,,Westerly,,,Weak,,LittleChange,,Neutral,LittleChange,XNIL,Aug11_Aug20,H,CThruK,PartInhibit,,Average,H,N1GtLIGt_4,Stability,LessUnstable,,HI,PartInhibit,Moderate,,H,XNIL,XNIL,XNIL,LowMtsHighPl,Stable,VeryMoist,ModerateOrLe,NoMajor,DryMMoistL,MovingFtorOt,NegToPos,,SWQuad,LVorOther,E_NE
Neutral,Down,Neutral,,Neutral,Neutral,Dry,Dry,Neutral,PC,PC,PC,PC,Strong,Strong,StrongWest,Weak,Weak,Weak,Marked,IncCapDecIns,Increasing,StrongPos,Increasing,XNIL,May15_Jun14,B,AB,,,MoreThanAve,ABI,N5GtLIGt_8,Neutral,Average,Average,B,,Weak,Slight,,SIG,SIG,SIG,LowMtsHighPl,ModerateOrLe,VeryMoist,Steep,NoMajor,Other,DenvCyclone,,,,LVorOther,DenvCyclone
,Neutral,,StrongUp,StrongUp,VeryWet,,Neutral,Wet,,PC,Cloudy,Cloudy,Weak,,DCVZFavor,Strong,,Weak,Some,IncCapDecIns,Increasing,Negative,,,May15_Jun14,A,AB,TotalInhibit,Average,Average,ABI,N1GtLIGt_4,Neutral,Average,Average,ACEFK,PartInhibit,Weak,,A,SVR,SVR,SVR,LowAtStation,Stable,VeryMoist,ModerateOrLe,MarkedUpper,DryMMoistL,DenvCyclone,NegToPos,,SWQuad,Westerly,LV
Neutral,StronUp,Neutral,WeakUp,,,Wet,Neutral,,Clear,Clear,Clear,Clear,Strong,Strong,,Strong,Weak,Weak,Some,,Increasing,Neutral,LittleChange,SVR,Jul2_Jul15,E,,PartInhibit,Average,Average,CDEJ,N1GtLIGt_4,Neutral,,MoreUnstable,ACEFK,,Moderate,Strong,E,XNIL,XNIL,SVR,LowEvrywhere,Steep,Average,ModerateOrLe,NoMajor,MoistMDryL,DryLine,,,SWQuad,LVorOther,
Down,WeakUp,Down,Down,Down,VeryWet,Dry,Dry,Dry,,PC,,Clear,Strong,Strong,Westerly,Strong,,,Some,IncCapDecIns,Increasing,Negative,Decreasing,SIG,Jun15_Jul1,,CThruK,PartInhibit,MoreThanAve,MoreThanAve,CDEJ,N1GtLIGt_4,,LessUnstable,LessUnstable,ACEFK,Stifling,Weak,,C,XNIL,XNIL,SIG,LowEvrywhere,CloseToDryAd,Average,Steep,OtherRapid,Other,E_W_N,SigNegative,QStationary,AllElse,Westerly,LongAnticyc
,Down,Neutral,Down,Down,Wet,Dry,Dry,,PC,PC,PC,Clear,,Weak,DCVZFavor,Weak,,,,IncCapDecIns,Increasing,Neutral,LittleChange,SIG,Aug20_Sep15,B,AB,Stifling,MoreThanAve,,ABI,N1GtLIGt_4,Stability,LessUnstable,LessUnstable,B,,Moderate,,B,XNIL,XNIL,SIG,LowAtStation,Steep,Dry,ModerateOrLe,MarkedUpper,,E_W_S,LittleChange,Other,AllElse,LVorOther,DenvCyclone
StrongUp,Neutral,WeakUp,WeakUp,WeakUp,VeryWet,Neutral,Wet,Wet,Clear,Clear,Clear,PC,,,StrongWest,,Weak,,,DecCapIncIns,Decreasing,Neutral,LittleChange,XNIL,,I,CThruK,PartInhibit,Average,LessThanAve,ABI,N5GtLIGt_8,Neutral,MoreUnstable,MoreUnstable,HI,PartInhibit,Weak,,I,XNIL,XNIL,XNIL,LowSHighN,Steep,Dry,Steep,NoMajor,DryMMoistL,E_W_S,NegToPos,QStationary,,LVorOther,DenvCyclone
StrongUp,Neutral,StrongUp,,StrongUp,Dry,Neutral,Dry,,Clear,Clear,Clear,PC,,Strong,StrongWest,Strong,,Weak,Marked,IncCapDecIns,Increasing,Neutral,,SVR,Jul16_Aug10,B,AB,PartInhibit,LessThanAve,MoreThanAve,ABI,,Instability,LessUnstable,LessUnstable,B,,Weak,Moderate,B,SVR,SVR,SVR,LowNHighS,Steep,VeryMoist,Steep,NoMajor,DryMMoistL,E_W_N,PosToNeg,Other,AllElse,,
Neutral,Down,WeakUp,Down,Down,Neutral,Wet,Neutral,Neutral,PC,Clear,Clear,Clear,,Strong,Westerly,Strong,,Weak,,IncCapDecIns,Increasing,Neutral,LittleChange,SIG,Aug20_Sep15,I,CThruK,,LessThanAve,MoreThanAve,ABI,LILt_8,Instability,MoreUnstable,MoreUnstable,HI,,Moderate,Moderate,,,,SIG,LowSHighN,Steep,Average,ModerateOrLe,StrongFront,Other,,LittleChange,QStationary,LV,Westerly,
Down,,Down,Neutral,Neutral,Neutral,VeryWet,Neutral,Neutral,PC,Clear,Clear,Clear,,,Other,,Weak,,,IncCapDecIns,Increasing,Neutral,Increasing,XNIL,Jul16_Aug10,G,CThruK,TotalInhibit,MoreThanAve,MoreThanAve,G,N1GtLIGt_4,Stability,Average,Average,GJ,,Moderate,Moderate,G,,XNIL,XNIL,LowEvrywhere,CloseToDryAd,Dry,CloseToDryAd,NoMajor,MoistMDryL,DryLine,LittleChange,,NWQuad,LVorOther,LongAnticyc
Down,Neutral,,,Neutral,Dry,Wet,,VeryWet,Clear,Clear,Clear,Clear,Weak,Strong,Westerly,Strong,,Weak,Some,LittleChange,LittleChange,Neutral,Increasing,SVR,Aug20_Sep15,A,AB,PartInhibit,LessThanAve,LessThanAve,ABI,N5GtLIGt_8,,Average,Average,ACEFK,PartInhibit,,Slight,A,SVR,SVR,SVR,LowMtsHighPl,Steep,Average,Steep,MarkedUpper,DryMMoistL,DenvCyclone,,,SWQuad,Westerly,DenvCyclone
StrongUp,StronUp,StrongUp,StrongUp,StrongUp,Neutral,VeryWet,VeryWet,VeryWet,PC,Clear,Clear,,,Weak,DCVZFavor,,,,Some,,LittleChange,Negative,Decreasing,XNIL,May15_Jun14,B,AB,PartInhibit,LessThanAve,,ABI,N1GtLIGt_4,Neutral,Average,LessUnstable,B,Stifling,Weak,,B,SVR,SVR,SVR,LowSHighN,Steep,Average,Steep,NoMajor,,DenvCyclone,NegToPos,,NWQuad,LVorOther,DenvCyclone
Down,StronUp,WeakUp,Neutral,Neutral,Dry,,Wet,Wet,,,Clear,,Strong,Strong,Westerly,Strong,,,Marked,IncCapDecIns,Increasing,Negative,Decreasing,,Jun15_Jul1,E,CThruK,PartInhibit,Average,MoreThanAve,,N1GtLIGt_4,Neutral,Average,LessUnstable,ACEFK,,Unfavorable,,E,SIG,XNIL,SIG,LowSHighN,,Average,CloseToDryAd,OtherRapid,MoistMDryL,DryLine,PosToNeg,,LV,LVorOther,DenvCyclone
WeakUp,StronUp,,StrongUp,StrongUp,Wet,VeryWet,VeryWet,VeryWet,PC,Cloudy,,Cloudy,,,Other,,Weak,Weak,,IncCapDecIns,Increasing,Negative,LittleChange,XNIL,May15_Jun14,H,CThruK,PartInhibit,MoreThanAve,MoreThanAve,H,N1GtLIGt_4,Stability,Average,Average,HI,Stifling,Moderate,,,,XNIL,XNIL,,Stable,Dry,ModerateOrLe,MarkedUpper,DryMMoistL,E_W_S,,,NWQuad,LVorOther,E_NE
Neutral,Down,StrongUp,WeakUp,WeakUp,Neutral,Dry,Dry,Neutral,Clear,Cloudy,PC,Cloudy,Strong,Weak,Other,,Weak,,,IncCapDecIns,Increasing,Neutral,LittleChange,SIG,May15_Jun14,C,CThruK,Stifling,Average,Average,CDEJ,N5GtLIGt_8,Stability,LessUnstable,LessUnstable,ACEFK,Stifling,Weak,,C,XNIL,XNIL,SIG,,CloseToDryAd,Average,Steep,MarkedUpper,Other,E_W_N,LittleChange,Other,NWQuad,LVorOther,LongAnticyc
Down,Down,Down,Down,Down,Dry,Neutral,VeryWet,Wet,Clear,PC,PC,PC,Weak,Strong,StrongWest,,Weak,,Marked,IncCapDecIns,Increasing,WeakPos,LittleChange,SVR,Jun15_Jul1,B,AB,Stifling,MoreThanAve,MoreThanAve,,N1GtLIGt_4,Instability,Average,MoreUnstable,B,,Moderate,,,SVR,SVR,,LowSHighN,CloseToDryAd,VeryMoist,CloseToDryAd,NoMajor,DryMMoistL,DryLine,LittleChange,,AllElse,LVorOther,DenvCyclone
Neutral,Neutral,Neutral,Neutral,Neutral,Neutral,Wet,Neutral,,Clear,PC,Clear,Clear,Weak,Strong,StrongWest,Strong,,Weak,Marked,LittleChange,LittleChange,StrongPos,Increasing,SIG,Jun15_Jul1,C,CThruK,,LessThanAve,LessThanAve,CDEJ,N1GtLIGt_4,Stability,,MoreUnstable,,PartInhibit,Moderate,Moderate,C,SVR,SVR,SVR,LowEvrywhere,CloseToDryAd,Dry,CloseToDryAd,OtherRapid,Other,E_W_N,SigNegative,Moving,,Westerly,LongAnticyc
Neutral,Neutral,WeakUp,WeakUp,WeakUp,Neutral,Neutral,Dry,Neutral,,PC,PC,PC,,,Westerly,,,,,IncCapDecIns,Increasing,WeakPos,Increasing,XNIL,Aug11_Aug20,C,CThruK,Stifling,Average,MoreThanAve,CDEJ,LIGt0,,LessUnstable,Average,ACEFK,,Strong,Strong,C,SIG,SIG,SIG,LowEvrywhere,Steep,Average,CloseToDryAd,,DryMMoistL,E_W_S,SigPositive,Other,AllElse,Westerly,LongAnticyc
Neutral,Neutral,Neutral,Neutral,Neutral,Neutral,Neutral,Neutral,,PC,,PC,PC,Strong,Strong,Westerly,Strong,,Weak,Some,IncCapDecIns,Increasing,,Increasing,SIG,Jun15_Jul1,,CThruK,PartInhibit,MoreThanAve,MoreThanAve,CDEJ,,Neutral,MoreUnstable,,,PartInhibit,Weak,,E,XNIL,XNIL,SIG,LowAtStation,Stable,Dry,ModerateOrLe,NoMajor,Other,,SigNegative,,SWQuad,Westerly,LV
Down,WeakUp,Down,Down,Down,Neutral,VeryWet,VeryWet,Wet,PC,Clear,PC,PC,Strong,,Other,Weak,Weak,Weak,Marked,LittleChange,LittleChange,Negative,Decreasing,SIG,,K,CThruK,PartInhibit,Average,Average,K,,Neutral,MoreUnstable,MoreUnstable,ACEFK,,Moderate,Strong,K,,XNIL,SIG,Other,ModerateOrLe,Dry,ModerateOrLe,MarkedUpper,Other,E_W_N,NegToPos,,SWQuad,Westerly,E_NE
Neutral,StronUp,Neutral,WeakUp,WeakUp,Dry,Dry,VeryWet,VeryWet,Clear,Cloudy,Clear,Clear,,Strong,Westerly,Strong,,,Marked,,Increasing,Neutral,Increasing,SVR,Aug20_Sep15,K,,PartInhibit,LessThanAve,MoreThanAve,K,N1GtLIGt_4,Instability,MoreUnstable,MoreUnstable,ACEFK,PartInhibit,Moderate,Slight,K,XNIL,XNIL,SVR,Other,Steep,,ModerateOrLe,StrongFront,Other,MovingFtorOt,SigPositive,,NWQuad,LVorOther,DenvCyclone
Neutral,Neutral,Neutral,Neutral,Neutral,,Neutral,Neutral,Neutral,PC,PC,Cloudy,Cloudy,Weak,Strong,StrongWest,Weak,,Strong,Marked,LittleChange,,Negative,LittleChange,SIG,Aug20_Sep15,E,CThruK,Stifling,Average,Average,CDEJ,,Instability,MoreUnstable,,ACEFK,PartInhibit,Moderate,,E,XNIL,XNIL,SIG,LowNHighS,Steep,Average,ModerateOrLe,NoMajor,MoistMDryL,DryLine,LittleChange,,AllElse,Westerly,LV
WeakUp,WeakUp,Neutral,WeakUp,WeakUp,Neutral,,Neutral,Neutral,PC,Clear,Clear,Clear,Strong,Strong,Westerly,Strong,,Weak,Marked,IncCapDecIns,Increasing,Negative,Decreasing,SIG,Aug20_Sep15,K,CThruK,PartInhibit,LessThanAve,LessThanAve,K,N5GtLIGt_8,Instability,MoreUnstable,MoreUnstable,ACEFK,Stifling,Weak,Slight,K,XNIL,XNIL,SIG,LowAtStation,Stable,Average,Steep,OtherRapid,MoistMDryL,,SigNegative,Moving,AllElse,Westerly,WidespdDnsl
Down,Neutral,Neutral,Neutral,,Dry,VeryWet,Wet,Neutral,PC,PC,PC,PC,Weak,Strong,Other,Weak,,Weak,,DecCapIncIns,Decreasing,Negative,LittleChange,XNIL,Aug20_Sep15,C,CThruK,PartInhibit,Average,Average,CDEJ,N5GtLIGt_8,Stability,Average,Average,ACEFK,,Unfavorable,,C,,XNIL,XNIL,LowEvrywhere,Steep,Average,CloseToDryAd,OtherRapid,MoistMDryL,E_W_S,SigPositive,Other,,LVorOther,LongAnticyc
Neutral,Neutral,Neutral,Neutral,Neutral,Wet,Dry,Wet,VeryWet,PC,PC,,Cloudy,,,StrongWest,,Weak,,,LittleChange,LittleChange,Neutral,Increasing,XNIL,May15_Jun14,B,AB,TotalInhibit,MoreThanAve,MoreThanAve,ABI,,,MoreUnstable,MoreUnstable,B,Stifling,Moderate,Slight,B,XNIL,XNIL,XNIL,LowNHighS,Steep,VeryMoist,Steep,NoMajor,Other,DenvCyclone,PosToNeg,,AllElse,Westerly,DenvCyclone
Neutral,Neutral,Neutral,Neutral,Neutral,Neutral,Neutral,Wet,Wet,PC,,PC,Clear,Weak,Weak,Westerly,Weak,Strong,Strong,Some,LittleChange,LittleChange,Negative,Decreasing,SIG,Jul2_Jul15,H,CThruK,PartInhibit,MoreThanAve,MoreThanAve,H,N1GtLIGt_4,Neutral,MoreUnstable,,HI,Stifling,Moderate,Slight,H,XNIL,XNIL,SIG,LowMtsHighPl,ModerateOrLe,Average,Steep,MarkedUpper,DryMMoistL,E_W_S,NegToPos,,NWQuad,LVorOther,E_NE
Down,Down,Neutral,Neutral,Neutral,Neutral,Neutral,Neutral,Neutral,PC,Clear,Clear,,Weak,Strong,Other,Weak,Weak,Weak,Some,DecCapIncIns,Decreasing,Neutral,,XNIL,Jul16_Aug10,J,CThruK,PartInhibit,,LessThanAve,,LIGt0,Instability,MoreUnstable,,GJ,TotalInhibit,Moderate,,J,XNIL,XNIL,XNIL,LowSHighN,Stable,Dry,Steep,NoMajor,DryMMoistL,E_W_S,NegToPos,,LV,LVorOther,LV
,Down,Down,Down,Down,Dry,Neutral,Wet,Wet,Clear,Cloudy,,Clear,Weak,Strong,Westerly,Weak,Weak,Weak,Some,LittleChange,LittleChange,Negative,Increasing,SVR,May15_Jun14,B,AB,TotalInhibit,MoreThanAve,MoreThanAve,ABI,N5GtLIGt_8,,Average,Average,B,PartInhibit,,Strong,B,SVR,SIG,SVR,LowSHighN,,VeryMoist,Steep,NoMajor,Other,DenvCyclone,PosToNeg,QStationary,NWQuad,LVorOther,DenvCyclone
StrongUp,Down,Neutral,WeakUp,WeakUp,Neutral,Neutral,Neutral,Wet,PC,PC,PC,PC,Weak,Strong,DCVZFavor,Strong,Weak,Strong,Marked,LittleChange,LittleChange,Neutral,Decreasing,SVR,Jul16_Aug10,G,,Stifling,MoreThanAve,MoreThanAve,G,N5GtLIGt_8,Stability,Average,LessUnstable,,,Moderate,Moderate,G,XNIL,XNIL,SVR,LowEvrywhere,CloseToDryAd,Average,CloseToDryAd,MarkedUpper,Other,,LittleChange,,SWQuad,Westerly,SEQuad
Neutral,Neutral,StrongUp,Neutral,Neutral,VeryWet,Neutral,Wet,Neutral,PC,Clear,PC,PC,,,Westerly,,,,Marked,,Decreasing,Neutral,Decreasing,SIG,May15_Jun14,E,CThruK,PartInhibit,LessThanAve,LessThanAve,CDEJ,N1GtLIGt_4,Neutral,Average,LessUnstable,ACEFK,PartInhibit,Weak,Slight,E,XNIL,XNIL,SIG,LowAtStation,ModerateOrLe,Average,ModerateOrLe,NoMajor,MoistMDryL,,LittleChange,Moving,AllElse,LVorOther,LongAnticyc
Neutral,StronUp,StrongUp,StrongUp,StrongUp,Dry,Neutral,Wet,VeryWet,Cloudy,PC,Cloudy,Cloudy,Weak,Strong,StrongWest,Strong,,Weak,Some,,Decreasing,WeakPos,Decreasing,SVR,Aug20_Sep15,,CThruK,PartInhibit,,LessThanAve,CDEJ,N1GtLIGt_4,Stability,LessUnstable,LessUnstable,ACEFK,Stifling,Weak,,C,XNIL,XNIL,SVR,Other,Steep,Average,Steep,OtherRapid,MoistMDryL,E_W_N,SigPositive,Moving,,Westerly,LongAnticyc
StrongUp,StronUp,,StrongUp,StrongUp,Neutral,Neutral,Dry,Neutral,PC,PC,PC,PC,Weak,Weak,StrongWest,Weak,Weak,Weak,Some,LittleChange,LittleChange,WeakPos,Increasing,SIG,Aug20_Sep15,K,CThruK,PartInhibit,Average,Average,K,N1GtLIGt_4,Neutral,LessUnstable,LessUnstable,ACEFK,,Unfavorable,,K,XNIL,XNIL,SIG,LowAtStation,Stable,Average,CloseToDryAd,StrongFront,DryMMoistL,MovingFtorOt,NegToPos,Moving,SWQuad,Westerly,LongAnticyc
,,Down,Neutral,Neutral,Neutral,Neutral,Neutral,Neutral,Clear,PC,Clear,Clear,Weak,Strong,DCVZFavor,Strong,,Weak,Marked,IncCapDecIns,Increasing,StrongPos,Increasing,SIG,Aug20_Sep15,K,CThruK,PartInhibit,,,K,N5GtLIGt_8,Neutral,Average,MoreUnstable,ACEFK,,,,K,XNIL,XNIL,SIG,HighEvrywher,CloseToDryAd,,,OtherRapid,Other,MovingFtorOt,SigPositive,QStationary,AllElse,LVorOther,WidespdDnsl
StrongUp,Neutral,StrongUp,StrongUp,StrongUp,Neutral,Neutral,Neutral,VeryWet,Clear,Clear,Clear,,Strong,Strong,Other,,Weak,,,IncCapDecIns,Increasing,Negative,Decreasing,SIG,Jul16_Aug10,D,CThruK,PartInhibit,Average,MoreThanAve,CDEJ,N1GtLIGt_4,Stability,LessUnstable,,D,PartInhibit,,Moderate,D,XNIL,SIG,SIG,LowEvrywhere,,Dry,,OtherRapid,Other,MovingFtorOt,,QStationary,,LVorOther,SEQuad
Neutral,Neutral,Neutral,Neutral,Neutral,Neutral,VeryWet,VeryWet,Wet,PC,,PC,PC,Strong,Strong,Other,,Weak,,Some,LittleChange,LittleChange,StrongPos,Increasing,,Jun15_Jul1,J,CThruK,PartInhibit,Average,Average,CDEJ,N1GtLIGt_4,,Average,,GJ,,Unfavorable,,J,XNIL,XNIL,SIG,LowSHighN,Steep,Average,CloseToDryAd,,MoistMDryL,DryLine,LittleChange,,LV,LVorOther,LV
WeakUp,Neutral,Down,Neutral,Neutral,Dry,,Neutral,Neutral,Cloudy,PC,Cloudy,Cloudy,,,,,,Weak,,DecCapIncIns,Decreasing,,LittleChange,XNIL,Jun15_Jul1,G,CThruK,,Average,Average,G,LIGt0,,LessUnstable,LessUnstable,GJ,PartInhibit,Strong,Moderate,G,SIG,SIG,SIG,LowAtStation,CloseToDryAd,Dry,CloseToDryAd,NoMajor,MoistMDryL,E_W_N,SigPositive,,NWQuad,LVorOther,LV
WeakUp,Neutral,WeakUp,Neutral,Neutral,Neutral,VeryWet,Neutral,Neutral,Clear,PC,PC,Clear,Strong,Strong,DCVZFavor,Weak,Strong,Strong,Some,,LittleChange,Neutral,Increasing,SIG,Jul2_Jul15,D,CThruK,PartInhibit,Average,Average,CDEJ,N5GtLIGt_8,Neutral,Average,MoreUnstable,,PartInhibit,Weak,,D,SVR,,SVR,LowAtStation,CloseToDryAd,Dry,Steep,StrongFront,MoistMDryL,Other,SigNegative,QStationary,NWQuad,LVorOther,LongAnticyc
WeakUp,,StrongUp,WeakUp,WeakUp,Dry,Neutral,VeryWet,VeryWet,PC,,,Cloudy,Weak,Strong,Other,Strong,Weak,Weak,Some,IncCapDecIns,Increasing,WeakPos,Increasing,SIG,May15_Jun14,,CThruK,Stifling,MoreThanAve,MoreThanAve,CDEJ,N5GtLIGt_8,Neutral,MoreUnstable,MoreUnstable,D,,Weak,,D,XNIL,,SIG,LowAtStation,CloseToDryAd,Average,CloseToDryAd,OtherRapid,Other,,SigNegative,,NWQuad,Westerly,LongAnticyc
Neutral,Neutral,,Neutral,Neutral,VeryWet,Wet,VeryWet,VeryWet,PC,Cloudy,Cloudy,PC,,Weak,Westerly,Weak,Weak,Weak,,IncCapDecIns,Increasing,,Increasing,SIG,Jun15_Jul1,G,CThruK,Stifling,Average,MoreThanAve,G,N5GtLIGt_8,Stability,MoreUnstable,,GJ,,,Strong,G,SIG,SIG,,LowAtStation,CloseToDryAd,,,OtherRapid,MoistMDryL,,LittleChange,,NWQuad,Westerly,LongAnticyc
Down,Down,Down,Down,Down,VeryWet,Wet,Wet,Wet,Clear,,Clear,Clear,Weak,Strong,StrongWest,Strong,Weak,Weak,Some,LittleChange,LittleChange,WeakPos,LittleChange,SIG,Aug20_Sep15,K,CThruK,,Average,Average,K,,Stability,MoreUnstable,MoreUnstable,,PartInhibit,Weak,Slight,K,XNIL,XNIL,SIG,LowNHighS,Stable,Dry,,StrongFront,Other,MovingFtorOt,NegToPos,,AllElse,Westerly,WidespdDnsl
,Neutral,Down,Down,Down,Wet,Neutral,Neutral,Dry,PC,PC,PC,,,,DCVZFavor,,,Weak,,IncCapDecIns,Increasing,Negative,Decreasing,,Aug11_Aug20,G,CThruK,,Average,Average,G,N1GtLIGt_4,Neutral,LessUnstable,LessUnstable,GJ,,Moderate,Moderate,G,XNIL,,XNIL,Other,CloseToDryAd,Dry,CloseToDryAd,NoMajor,MoistMDryL,,NegToPos,,AllElse,Westerly,WidespdDnsl
Down,Down,Neutral,Neutral,Neutral,Dry,Dry,Neutral,Neutral,,Cloudy,PC,PC,Strong,Strong,Other,,,,,LittleChange,LittleChange,StrongPos,Increasing,SVR,,,CThruK,PartInhibit,,Average,CDEJ,,Instability,Average,MoreUnstable,D,Stifling,Strong,Strong,D,,XNIL,SVR,,CloseToDryAd,,,MarkedUpper,DryMMoistL,DryLine,SigNegative,QStationary,SWQuad,LVorOther,DenvCyclone
Down,StronUp,,WeakUp,,VeryWet,Wet,Wet,VeryWet,Cloudy,PC,PC,PC,Weak,Strong,StrongWest,Strong,Weak,Strong,Marked,IncCapDecIns,Increasing,Neutral,Increasing,SVR,Jul16_Aug10,H,CThruK,,MoreThanAve,MoreThanAve,H,N1GtLIGt_4,Stability,Average,MoreUnstable,HI,,,Moderate,H,SVR,XNIL,SVR,Other,Stable,Average,Steep,NoMajor,Other,,NegToPos,Moving,NWQuad,Westerly,E_NE
Down,Neutral,Down,Down,Down,VeryWet,Neutral,Wet,VeryWet,Clear,Clear,Clear,PC,Strong,Strong,StrongWest,Strong,Strong,,Marked,,Increasing,Negative,Increasing,SIG,Jul16_Aug10,C,CThruK,PartInhibit,,MoreThanAve,CDEJ,N1GtLIGt_4,Instability,Average,Average,ACEFK,,Unfavorable,,C,XNIL,XNIL,SIG,LowEvrywhere,ModerateOrLe,Dry,ModerateOrLe,NoMajor,,,NegToPos,Other,NWQuad,Westerly,LongAnticyc
StrongUp,StronUp,Neutral,StrongUp,StrongUp,Dry,Neutral,Wet,VeryWet,PC,PC,PC,Cloudy,Weak,Strong,Westerly,Weak,,Strong,Marked,,Increasing,WeakPos,Increasing,SVR,Aug20_Sep15,B,,PartInhibit,,MoreThanAve,ABI,N1GtLIGt_4,,MoreUnstable,MoreUnstable,B,PartInhibit,Weak,Slight,B,SIG,SIG,SVR,Other,Stable,,Steep,NoMajor,DryMMoistL,,SigPositive,Other,SWQuad,LVorOther,DenvCyclone
Down,Down,WeakUp,Neutral,Neutral,VeryWet,Dry,Wet,VeryWet,PC,Clear,Clear,Clear,,Strong,StrongWest,Strong,Weak,Strong,Marked,LittleChange,LittleChange,Negative,,SVR,Jul16_Aug10,K,CThruK,,,Average,K,N1GtLIGt_4,Instability,LessUnstable,LessUnstable,ACEFK,,Moderate,Moderate,,XNIL,,SVR,LowNHighS,Steep,Average,Steep,MarkedUpper,DryMMoistL,MovingFtorOt,PosToNeg,,,Westerly,WidespdDnsl
StrongUp,Down,StrongUp,WeakUp,WeakUp,VeryWet,,Wet,Wet,Clear,PC,Clear,Clear,Strong,Strong,DCVZFavor,Strong,Weak,,Marked,DecCapIncIns,Decreasing,WeakPos,LittleChange,SIG,Jul16_Aug10,A,AB,Stifling,LessThanAve,LessThanAve,ABI,N1GtLIGt_4,Neutral,Average,MoreUnstable,ACEFK,PartInhibit,Strong,Strong,A,SVR,SIG,SIG,LowSHighN,Stable,VeryMoist,ModerateOrLe,StrongFront,MoistMDryL,DenvCyclone,SigNegative,Other,SWQuad,Westerly,SEQuad
Down,Neutral,Down,,Down,Wet,Neutral,Wet,,PC,Clear,PC,PC,Strong,Strong,StrongWest,Weak,Strong,Weak,,IncCapDecIns,Increasing,WeakPos,Increasing,XNIL,May15_Jun14,K,CThruK,PartInhibit,,MoreThanAve,K,,Stability,Average,,ACEFK,,Weak,Moderate,K,SIG,SIG,SIG,Other,Steep,Dry,ModerateOrLe,MarkedUpper,DryMMoistL,Other,SigNegative,,,Westerly,WidespdDnsl
Down,,StrongUp,Down,Down,VeryWet,Neutral,Wet,Wet,,PC,Cloudy,,Weak,Weak,StrongWest,Strong,,Strong,Some,IncCapDecIns,Increasing,Neutral,LittleChange,SIG,Aug20_Sep15,J,CThruK,PartInhibit,MoreThanAve,,CDEJ,N5GtLIGt_8,Stability,Average,Average,GJ,PartInhibit,Weak,,J,XNIL,XNIL,SIG,LowAtStation,ModerateOrLe,Dry,Steep,,MoistMDryL,DryLine,LittleChange,,LV,LVorOther,LV
StrongUp,Down,Down,Down,Down,VeryWet,Wet,VeryWet,VeryWet,PC,PC,PC,PC,Weak,,Other,Weak,Strong,Strong,,IncCapDecIns,Increasing,Negative,,,May15_Jun14,K,,Stifling,Average,MoreThanAve,K,,Stability,Average,LessUnstable,ACEFK,Stifling,Strong,Slight,K,XNIL,XNIL,XNIL,,Steep,VeryMoist,Steep,StrongFront,DryMMoistL,DryLine,PosToNeg,Moving,AllElse,Westerly,
WeakUp,StronUp,Neutral,WeakUp,WeakUp,Wet,Dry,Neutral,,PC,Cloudy,PC,Cloudy,,Weak,,,Weak,Weak,,IncCapDecIns,Increasing,WeakPos,Increasing,XNIL,Jul16_Aug10,E,CThruK,Stifling,Average,MoreThanAve,CDEJ,N1GtLIGt_4,Stability,LessUnstable,LessUnstable,ACEFK,,Moderate,Strong,E,XNIL,SIG,SIG,LowEvrywhere,CloseToDryAd,Average,ModerateOrLe,NoMajor,Other,DryLine,LittleChange,,NWQuad,Westerly,WidespdDnsl
WeakUp,WeakUp,,WeakUp,,Neutral,Neutral,Neutral,Wet,,Clear,,Clear,,Strong,Other,Weak,,Weak,,IncCapDecIns,Increasing,WeakPos,LittleChange,SIG,May15_Jun14,G,,PartInhibit,LessThanAve,MoreThanAve,G,N1GtLIGt_4,,LessUnstable,LessUnstable,GJ,Stifling,Moderate,,G,XNIL,XNIL,SIG,LowNHighS,CloseToDryAd,Dry,CloseToDryAd,NoMajor,MoistMDryL,E_W_S,LittleChange,Other,SWQuad,LVorOther,WidespdDnsl
WeakUp,WeakUp,WeakUp,WeakUp,WeakUp,Neutral,Neutral,Neutral,Neutral,PC,PC,Clear,Clear,,,DCVZFavor,,Weak,,,DecCapIncIns,Decreasing,WeakPos,Decreasing,XNIL,Aug20_Sep15,K,,Stifling,MoreThanAve,MoreThanAve,K,N1GtLIGt_4,Instability,MoreUnstable,MoreUnstable,ACEFK,,Strong,Moderate,K,XNIL,XNIL,XNIL,HighEvrywher,Stable,Average,ModerateOrLe,OtherRapid,DryMMoistL,,SigPositive,Moving,,,WidespdDnsl
Down,Neutral,Neutral,Neutral,Neutral,Wet,Neutral,Dry,Neutral,Clear,PC,,,,,DCVZFavor,,,Weak,,IncCapDecIns,Increasing,Neutral,Increasing,XNIL,Jul16_Aug10,J,CThruK,Stifling,MoreThanAve,MoreThanAve,CDEJ,N5GtLIGt_8,,Average,MoreUnstable,GJ,Stifling,Unfavorable,,J,XNIL,XNIL,XNIL,LowAtStation,ModerateOrLe,,Steep,NoMajor,MoistMDryL,DryLine,LittleChange,Other,LV,LVorOther,LV
StrongUp,WeakUp,Down,WeakUp,WeakUp,VeryWet,Wet,VeryWet,VeryWet,,Clear,Clear,PC,Strong,Strong,DCVZFavor,,,Strong,Marked,IncCapDecIns,Increasing,Negative,Decreasing,SVR,Aug20_Sep15,C,CThruK,,Average,MoreThanAve,CDEJ,N5GtLIGt_8,Neutral,LessUnstable,LessUnstable,ACEFK,,,Strong,C,XNIL,,SVR,LowAtStation,CloseToDryAd,Dry,,OtherRapid,Other,,SigNegative,,NWQuad,Westerly,LongAnticyc
StrongUp,Neutral,,,StrongUp,Wet,Dry,Wet,VeryWet,Clear,PC,PC,Cloudy,,,Westerly,,Weak,Weak,,IncCapDecIns,Increasing,Negative,LittleChange,XNIL,May15_Jun14,,CThruK,PartInhibit,LessThanAve,,G,N1GtLIGt_4,Stability,Average,Average,GJ,Stifling,,,G,SIG,SVR,SVR,LowAtStation,CloseToDryAd,Dry,CloseToDryAd,MarkedUpper,Other,Other,LittleChange,,AllElse,Westerly,LongAnticyc
,WeakUp,Neutral,Neutral,Neutral,Dry,Dry,VeryWet,VeryWet,Clear,Cloudy,PC,Cloudy,Strong,Strong,Westerly,Weak,,Weak,,IncCapDecIns,Increasing,Neutral,LittleChange,SVR,Jul16_Aug10,I,CThruK,TotalInhibit,MoreThanAve,MoreThanAve,ABI,N5GtLIGt_8,Instability,LessUnstable,LessUnstable,HI,,Weak,Slight,I,XNIL,XNIL,,Other,CloseToDryAd,,ModerateOrLe,NoMajor,Other,MovingFtorOt,NegToPos,Moving,AllElse,Westerly,E_NE
Down,StronUp,Neutral,,Neutral,Dry,,Neutral,Dry,PC,Cloudy,PC,,Weak,Strong,Other,,Weak,Weak,,LittleChange,,,Increasing,SVR,May15_Jun14,H,CThruK,,Average,Average,H,LILt_8,Instability,MoreUnstable,MoreUnstable,,PartInhibit,Moderate,Slight,,SIG,SIG,SVR,,Stable,Average,Steep,MarkedUpper,Other,Other,NegToPos,,LV,,LV
,Down,Down,Down,Down,Wet,Wet,Neutral,Neutral,,Clear,PC,PC,,Strong,StrongWest,Strong,Weak,Weak,Marked,LittleChange,LittleChange,Neutral,Increasing,SVR,,A,AB,,LessThanAve,LessThanAve,ABI,,Neutral,Average,Average,ACEFK,,Weak,,A,SIG,,SVR,LowEvrywhere,ModerateOrLe,Average,Steep,StrongFront,,MovingFtorOt,PosToNeg,Other,SWQuad,Westerly,DenvCyclone
Down,Down,Down,,Down,Dry,,Neutral,Dry,Clear,Clear,Clear,Clear,Strong,Strong,DCVZFavor,Weak,Weak,,Marked,IncCapDecIns,Increasing,Neutral,LittleChange,SVR,Aug20_Sep15,,CThruK,,LessThanAve,Average,G,LIGt0,Instability,Average,Average,GJ,,Unfavorable,,G,XNIL,XNIL,SVR,LowEvrywhere,CloseToDryAd,Dry,CloseToDryAd,NoMajor,MoistMDryL,,NegToPos,,NWQuad,Westerly,LongAnticyc
StrongUp,StronUp,WeakUp,StrongUp,StrongUp,Neutral,Neutral,Neutral,Wet,PC,PC,PC,PC,Weak,Weak,Westerly,Weak,,Strong,,LittleChange,LittleChange,Negative,Decreasing,SIG,Jun15_Jul1,D,CThruK,Stifling,MoreThanAve,MoreThanAve,CDEJ,N1GtLIGt_4,Stability,MoreUnstable,Average,D,PartInhibit,,,D,XNIL,XNIL,SIG,LowSHighN,CloseToDryAd,Average,CloseToDryAd,OtherRapid,MoistMDryL,DryLine,SigNegative,,NWQuad,Westerly,SEQuad
,Neutral,StrongUp,WeakUp,WeakUp,Dry,,Neutral,Wet,PC,PC,PC,PC,Strong,Strong,DCVZFavor,Weak,Strong,Weak,,IncCapDecIns,Increasing,WeakPos,Increasing,SIG,Jun15_Jul1,B,AB,PartInhibit,LessThanAve,Average,ABI,,Instability,MoreUnstable,MoreUnstable,B,PartInhibit,Weak,,B,SIG,SIG,SIG,HighEvrywher,ModerateOrLe,Average,Steep,OtherRapid,Other,DenvCyclone,PosToNeg,Moving,NWQuad,Westerly,E_NE
Neutral,,Down,Down,Down,Dry,Wet,Dry,Dry,PC,Clear,PC,PC,,Strong,Westerly,,,Strong,Some,DecCapIncIns,Decreasing,,Decreasing,SIG,May15_Jun14,A,AB,PartInhibit,LessThanAve,LessThanAve,ABI,N1GtLIGt_4,Stability,LessUnstable,LessUnstable,ACEFK,PartInhibit,Moderate,Slight,A,,XNIL,SIG,Other,ModerateOrLe,Average,Steep,StrongFront,DryMMoistL,DenvCyclone,NegToPos,Other,SWQuad,Westerly,DenvCyclone
StrongUp,StronUp,WeakUp,StrongUp,,Dry,Wet,VeryWet,VeryWet,PC,Cloudy,Cloudy,Cloudy,Weak,Strong,Westerly,Strong,Weak,Strong,Some,LittleChange,LittleChange,Neutral,Increasing,SVR,Aug20_Sep15,I,CThruK,,MoreThanAve,MoreThanAve,ABI,N1GtLIGt_4,Stability,MoreUnstable,MoreUnstable,HI,Stifling,Moderate,,I,SVR,SIG,SVR,LowMtsHighPl,ModerateOrLe,VeryMoist,CloseToDryAd,StrongFront,DryMMoistL,MovingFtorOt,LittleChange,QStationary,SWQuad,Westerly,DenvCyclone
Down,Neutral,WeakUp,WeakUp,WeakUp,Neutral,Neutral,Neutral,Neutral,Clear,PC,Clear,Clear,Strong,Strong,,Strong,Weak,Strong,Some,,LittleChange,WeakPos,LittleChange,SIG,Aug11_Aug20,J,CThruK,TotalInhibit,MoreThanAve,MoreThanAve,CDEJ,N1GtLIGt_4,,MoreUnstable,MoreUnstable,GJ,PartInhibit,Strong,Strong,J,XNIL,XNIL,SIG,LowAtStation,Steep,Dry,Steep,NoMajor,MoistMDryL,Other,LittleChange,Other,LV,LVorOther,LV
WeakUp,WeakUp,Neutral,Neutral,Neutral,Wet,Neutral,Neutral,Neutral,Clear,PC,Clear,Clear,Strong,Strong,StrongWest,,Strong,Weak,Marked,LittleChange,,,Decreasing,,May15_Jun14,E,CThruK,PartInhibit,Average,Average,,N1GtLIGt_4,Instability,MoreUnstable,LessUnstable,ACEFK,PartInhibit,Strong,Moderate,E,SIG,SVR,SVR,,CloseToDryAd,Dry,ModerateOrLe,NoMajor,Other,,LittleChange,,LV,LVorOther,LV
Down,Neutral,WeakUp,Down,Down,Neutral,,Neutral,Neutral,Clear,PC,PC,PC,,,Westerly,,,,,IncCapDecIns,Increasing,Neutral,Increasing,XNIL,Jul16_Aug10,J,CThruK,PartInhibit,Average,MoreThanAve,CDEJ,N5GtLIGt_8,Neutral,Average,MoreUnstable,GJ,Stifling,Moderate,Slight,J,XNIL,XNIL,XNIL,LowAtStation,ModerateOrLe,Average,Steep,NoMajor,MoistMDryL,DryLine,LittleChange,,LV,LVorOther,LV
StrongUp,Neutral,Neutral,WeakUp,WeakUp,Dry,Wet,Dry,Dry,Clear,PC,Clear,PC,,,,,,Weak,,,,WeakPos,Increasing,XNIL,Jun15_Jul1,C,CThruK,,LessThanAve,Average,CDEJ,N5GtLIGt_8,Stability,LessUnstable,LessUnstable,,Stifling,Strong,Strong,C,SVR,SVR,SVR,,CloseToDryAd,Dry,Steep,StrongFront,Other,,SigPositive,,AllElse,,LV
Down,WeakUp,Down,Down,Down,Neutral,Dry,Dry,Dry,Clear,,Clear,Clear,,,StrongWest,,,Weak,,LittleChange,LittleChange,Neutral,LittleChange,XNIL,,B,AB,PartInhibit,Average,Average,ABI,N5GtLIGt_8,Instability,MoreUnstable,MoreUnstable,,TotalInhibit,Moderate,Slight,B,XNIL,XNIL,XNIL,HighEvrywher,Steep,VeryMoist,Steep,,Other,DenvCyclone,LittleChange,,AllElse,LVorOther,DenvCyclone
WeakUp,StronUp,StrongUp,StrongUp,StrongUp,Dry,Dry,Neutral,Neutral,PC,PC,PC,PC,Weak,Weak,DCVZFavor,,,Weak,Some,DecCapIncIns,Decreasing,Negative,,XNIL,,,CThruK,PartInhibit,,,ABI,N1GtLIGt_4,,LessUnstable,LessUnstable,HI,TotalInhibit,Moderate,Slight,I,XNIL,XNIL,XNIL,LowSHighN,Steep,VeryMoist,ModerateOrLe,NoMajor,Other,MovingFtorOt,LittleChange,QStationary,LV,LVorOther,LV
Down,,StrongUp,,Down,Wet,Neutral,Neutral,Neutral,Cloudy,PC,Cloudy,Cloudy,,,StrongWest,,,,,DecCapIncIns,Decreasing,StrongPos,,XNIL,,H,,PartInhibit,LessThanAve,LessThanAve,H,N1GtLIGt_4,Stability,LessUnstable,Average,HI,Stifling,Weak,,H,,XNIL,XNIL,HighEvrywher,Stable,VeryMoist,ModerateOrLe,MarkedUpper,Other,MovingFtorOt,SigNegative,,NWQuad,LVorOther,E_NE
StrongUp,Neutral,WeakUp,StrongUp,,Wet,Dry,Wet,VeryWet,Clear,PC,Clear,Clear,Weak,Strong,DCVZFavor,Strong,Weak,Strong,Marked,LittleChange,LittleChange,Negative,Decreasing,XNIL,Aug20_Sep15,F,CThruK,,LessThanAve,LessThanAve,F,LIGt0,Stability,LessUnstable,LessUnstable,ACEFK,PartInhibit,Moderate,Moderate,F,XNIL,SIG,SIG,Other,Steep,VeryMoist,ModerateOrLe,NoMajor,Other,DenvCyclone,PosToNeg,,LV,,SEQuad
,StronUp,Neutral,StrongUp,,Neutral,Neutral,Neutral,Wet,Clear,PC,Clear,PC,,Weak,Other,,,,,LittleChange,LittleChange,Neutral,LittleChange,SIG,Jul2_Jul15,G,CThruK,TotalInhibit,MoreThanAve,,G,,,,Average,GJ,Stifling,Moderate,Slight,G,SIG,SIG,SIG,LowEvrywhere,Steep,Dry,Steep,StrongFront,MoistMDryL,,SigNegative,,SWQuad,Westerly,LongAnticyc
WeakUp,StronUp,StrongUp,StrongUp,,Dry,Neutral,,Neutral,Clear,Clear,Clear,PC,Weak,,DCVZFavor,Weak,Strong,Weak,,DecCapIncIns,Decreasing,Neutral,LittleChange,XNIL,May15_Jun14,H,CThruK,Stifling,Average,LessThanAve,H,N1GtLIGt_4,Neutral,Average,Average,HI,PartInhibit,Moderate,,,XNIL,XNIL,,LowMtsHighPl,ModerateOrLe,Average,,MarkedUpper,DryMMoistL,,NegToPos,,NWQuad,LVorOther,
Down,Neutral,StrongUp,Neutral,Neutral,Neutral,Dry,Neutral,Neutral,Clear,,Clear,Clear,Weak,Strong,DCVZFavor,Weak,Weak,Strong,Marked,LittleChange,LittleChange,WeakPos,Increasing,SIG,May15_Jun14,E,CThruK,Stifling,Average,Average,CDEJ,N1GtLIGt_4,Stability,MoreUnstable,MoreUnstable,ACEFK,PartInhibit,Weak,Slight,E,SVR,SVR,SVR,LowEvrywhere,CloseToDryAd,Average,ModerateOrLe,NoMajor,MoistMDryL,DryLine,SigPositive,QStationary,,Westerly,DenvCyclone
Neutral,Neutral,Neutral,Neutral,Neutral,VeryWet,Dry,VeryWet,VeryWet,PC,Clear,PC,,,Weak,DCVZFavor,,,Weak,,IncCapDecIns,Increasing,WeakPos,LittleChange,XNIL,Aug20_Sep15,,CThruK,TotalInhibit,MoreThanAve,MoreThanAve,H,N5GtLIGt_8,,LessUnstable,LessUnstable,HI,Stifling,Unfavorable,,H,XNIL,XNIL,XNIL,Other,Stable,Average,,OtherRapid,,,LittleChange,,LV,LVorOther,E_NE
Neutral,Down,StrongUp,,Neutral,Neutral,,Neutral,Neutral,Clear,PC,Clear,PC,Weak,Strong,Westerly,Strong,Weak,Strong,Marked,IncCapDecIns,Increasing,Neutral,,SIG,Aug11_Aug20,A,AB,PartInhibit,LessThanAve,Average,,N5GtLIGt_8,Instability,Average,Average,,,Strong,,A,SVR,SVR,SVR,HighEvrywher,Stable,Dry,Steep,StrongFront,DryMMoistL,,,Other,SWQuad,Westerly,DenvCyclone
StrongUp,Neutral,StrongUp,StrongUp,StrongUp,Dry,Wet,VeryWet,VeryWet,Clear,Clear,Clear,Clear,,,Other,,,,,LittleChange,,Negative,Decreasing,,Jun15_Jul1,C,CThruK,PartInhibit,Average,Average,CDEJ,,Neutral,Average,Average,,PartInhibit,Moderate,,C,XNIL,,SIG,LowEvrywhere,Steep,Dry,Steep,NoMajor,MoistMDryL,E_W_N,NegToPos,QStationary,NWQuad,,WidespdDnsl
WeakUp,Neutral,Neutral,Neutral,Neutral,Neutral,Neutral,Neutral,VeryWet,PC,Clear,Clear,Clear,,Strong,Other,,Weak,,,,Decreasing,Neutral,Decreasing,SVR,,H,CThruK,,Average,LessThanAve,H,N1GtLIGt_4,Neutral,LessUnstable,LessUnstable,HI,Stifling,Moderate,,H,XNIL,XNIL,SVR,LowMtsHighPl,Stable,VeryMoist,ModerateOrLe,NoMajor,DryMMoistL,,SigNegative,,NWQuad,Westerly,
Neutral,Neutral,WeakUp,,Neutral,Wet,Dry,Dry,Neutral,PC,PC,PC,PC,,,Westerly,,,,,IncCapDecIns,,StrongPos,Increasing,XNIL,,H,CThruK,Stifling,Average,MoreThanAve,H,,Stability,Average,,HI,,Strong,Slight,H,SVR,SVR,SVR,HighEvrywher,Stable,Average,ModerateOrLe,MarkedUpper,DryMMoistL,MovingFtorOt,SigNegative,Moving,AllElse,LVorOther,E_NE
Down,Neutral,StrongUp,Neutral,Neutral,,VeryWet,VeryWet,,Clear,,PC,,Weak,Strong,Other,Strong,,Weak,Some,LittleChange,LittleChange,Neutral,Decreasing,SVR,Aug20_Sep15,H,CThruK,PartInhibit,LessThanAve,LessThanAve,H,N1GtLIGt_4,Instability,LessUnstable,LessUnstable,HI,Stifling,Weak,Slight,H,XNIL,XNIL,SVR,LowSHighN,Stable,Average,ModerateOrLe,NoMajor,Other,MovingFtorOt,,Moving,LV,Westerly,E_NE
StrongUp,StronUp,Down,WeakUp,WeakUp,Dry,Neutral,Dry,Dry,Clear,PC,Clear,Clear,Weak,Strong,Westerly,Strong,,Strong,Marked,IncCapDecIns,Increasing,Negative,Decreasing,SVR,Aug20_Sep15,,CThruK,PartInhibit,Average,Average,K,N1GtLIGt_4,Neutral,LessUnstable,LessUnstable,ACEFK,,Weak,Moderate,K,XNIL,XNIL,,,Steep,VeryMoist,Steep,,DryMMoistL,DryLine,SigNegative,,NWQuad,LVorOther,WidespdDnsl
WeakUp,Neutral,,Down,Down,VeryWet,Wet,VeryWet,VeryWet,Clear,Cloudy,Cloudy,Cloudy,Strong,Strong,Other,Weak,Weak,,Some,IncCapDecIns,Increasing,StrongPos,Increasing,SVR,Jul2_Jul15,I,CThruK,PartInhibit,MoreThanAve,,ABI,N1GtLIGt_4,Instability,LessUnstable,LessUnstable,HI,,Weak,,I,XNIL,XNIL,SVR,LowSHighN,Stable,Dry,CloseToDryAd,,DryMMoistL,E_W_S,PosToNeg,QStationary,SWQuad,LVorOther,SEQuad
Down,WeakUp,Down,Down,Down,Dry,Wet,,,Clear,PC,Clear,Clear,Strong,Strong,StrongWest,Strong,,,Marked,DecCapIncIns,Decreasing,Neutral,Decreasing,,Jul16_Aug10,J,CThruK,PartInhibit,MoreThanAve,,CDEJ,N1GtLIGt_4,Stability,LessUnstable,LessUnstable,GJ,,Weak,Slight,J,XNIL,XNIL,SVR,LowNHighS,Steep,Dry,ModerateOrLe,NoMajor,DryMMoistL,DryLine,LittleChange,,LV,LVorOther,LongAnticyc
WeakUp,Neutral,StrongUp,WeakUp,WeakUp,Dry,Neutral,Dry,Dry,PC,Clear,Cloudy,Cloudy,Weak,Strong,Westerly,Strong,,Weak,,IncCapDecIns,Increasing,Negative,LittleChange,SIG,Jul16_Aug10,,,PartInhibit,,MoreThanAve,CDEJ,N1GtLIGt_4,Stability,LessUnstable,LessUnstable,ACEFK,Stifling,Moderate,,E,XNIL,XNIL,SIG,LowNHighS,ModerateOrLe,Dry,Steep,NoMajor,MoistMDryL,,SigPositive,,AllElse,LVorOther,E_NE
,StronUp,Neutral,WeakUp,WeakUp,Dry,Neutral,Dry,Dry,PC,PC,PC,,Weak,Strong,DCVZFavor,Strong,,,Marked,DecCapIncIns,Decreasing,Neutral,LittleChange,SVR,,D,CThruK,PartInhibit,Average,,,N1GtLIGt_4,Neutral,MoreUnstable,MoreUnstable,D,,Moderate,Strong,D,XNIL,SIG,SVR,LowSHighN,CloseToDryAd,Average,Steep,MarkedUpper,MoistMDryL,,SigPositive,Other,AllElse,Westerly,E_NE
Down,,Down,WeakUp,WeakUp,Wet,Neutral,Neutral,Neutral,PC,PC,PC,PC,Strong,Strong,DCVZFavor,Strong,Weak,Strong,Marked,LittleChange,LittleChange,Negative,LittleChange,SVR,Aug20_Sep15,B,AB,PartInhibit,Average,Average,,N5GtLIGt_8,Neutral,MoreUnstable,MoreUnstable,B,PartInhibit,Strong,Slight,B,SIG,SIG,SVR,LowMtsHighPl,,VeryMoist,,OtherRapid,Other,MovingFtorOt,,Other,NWQuad,Westerly,DenvCyclone
Neutral,Neutral,StrongUp,Neutral,,Wet,,Wet,Wet,PC,Clear,,PC,Weak,,DCVZFavor,Strong,Strong,Strong,Marked,LittleChange,LittleChange,Negative,LittleChange,SIG,May15_Jun14,A,AB,PartInhibit,LessThanAve,LessThanAve,,N1GtLIGt_4,Instability,MoreUnstable,MoreUnstable,ACEFK,PartInhibit,Strong,Moderate,A,SIG,SIG,SIG,LowSHighN,ModerateOrLe,Average,Steep,OtherRapid,,,PosToNeg,Moving,SWQuad,Westerly,E_NE
Neutral,Neutral,Neutral,Neutral,Neutral,Neutral,,,Neutral,PC,Clear,Clear,Clear,,Weak,StrongWest,Weak,,Weak,Some,,Increasing,,LittleChange,XNIL,Jul2_Jul15,I,CThruK,PartInhibit,Average,MoreThanAve,ABI,N5GtLIGt_8,Neutral,Average,Average,HI,PartInhibit,Strong,Strong,I,SIG,SIG,SIG,LowSHighN,CloseToDryAd,VeryMoist,CloseToDryAd,,,MovingFtorOt,SigPositive,QStationary,SWQuad,Westerly,E_NE
,StronUp,WeakUp,StrongUp,StrongUp,Dry,Dry,Neutral,Neutral,Clear,PC,PC,Cloudy,Strong,,StrongWest,Strong,,Strong,Some,IncCapDecIns,Increasing,Negative,LittleChange,SIG,,K,CThruK,PartInhibit,MoreThanAve,MoreThanAve,,,Stability,MoreUnstable,MoreUnstable,ACEFK,,,,K,XNIL,XNIL,,HighEvrywher,Steep,Dry,ModerateOrLe,MarkedUpper,DryMMoistL,MovingFtorOt,,Other,NWQuad,Westerly,SEQuad
StrongUp,Down,StrongUp,StrongUp,StrongUp,Dry,Wet,Neutral,VeryWet,,Cloudy,Clear,PC,,,Westerly,,Weak,Weak,,LittleChange,LittleChange,WeakPos,LittleChange,XNIL,May15_Jun14,K,CThruK,PartInhibit,Average,LessThanAve,K,N1GtLIGt_4,Stability,,MoreUnstable,ACEFK,,Weak,Moderate,,SVR,SVR,,Other,Steep,Dry,CloseToDryAd,MarkedUpper,,MovingFtorOt,NegToPos,Moving,NWQuad,Westerly,WidespdDnsl
Down,Neutral,Neutral,Down,Down,Dry,VeryWet,VeryWet,VeryWet,,,PC,PC,,Weak,DCVZFavor,Weak,,Weak,Marked,LittleChange,,Negative,Decreasing,SIG,,K,CThruK,PartInhibit,Average,Average,K,N1GtLIGt_4,Instability,,Average,,PartInhibit,Strong,Strong,K,XNIL,XNIL,SIG,LowNHighS,ModerateOrLe,Average,ModerateOrLe,MarkedUpper,DryMMoistL,MovingFtorOt,SigNegative,Moving,AllElse,LVorOther,WidespdDnsl
Neutral,Down,,,Neutral,,VeryWet,Neutral,Neutral,Cloudy,Clear,Cloudy,Cloudy,,,StrongWest,,,,,LittleChange,LittleChange,WeakPos,Increasing,XNIL,Jun15_Jul1,H,CThruK,,LessThanAve,LessThanAve,H,LIGt0,Instability,,,HI,PartInhibit,,Slight,H,XNIL,XNIL,XNIL,LowNHighS,Stable,Average,ModerateOrLe,NoMajor,Other,MovingFtorOt,SigNegative,Moving,NWQuad,,E_NE
StrongUp,,WeakUp,WeakUp,WeakUp,Neutral,Dry,Dry,Dry,Clear,PC,PC,PC,Strong,Strong,Other,,,,Some,IncCapDecIns,Increasing,StrongPos,Increasing,SVR,Jul16_Aug10,I,,,Average,MoreThanAve,ABI,N5GtLIGt_8,,Average,Average,HI,,Weak,,I,XNIL,XNIL,SVR,LowSHighN,ModerateOrLe,Average,Steep,NoMajor,DryMMoistL,E_W_S,NegToPos,QStationary,LV,LVorOther,E_NE
Down,,,Down,Down,VeryWet,Dry,VeryWet,VeryWet,Clear,PC,Clear,Clear,Weak,Strong,StrongWest,Strong,Weak,Weak,Marked,LittleChange,LittleChange,Neutral,LittleChange,SIG,Jul2_Jul15,K,CThruK,PartInhibit,Average,Average,K,N5GtLIGt_8,Neutral,Average,Average,ACEFK,,Weak,,K,SVR,SVR,,,Stable,,Steep,MarkedUpper,DryMMoistL,,LittleChange,QStationary,,LVorOther,SEQuad
Neutral,WeakUp,,Neutral,Neutral,Neutral,Wet,Neutral,Neutral,PC,Cloudy,PC,PC,,Weak,DCVZFavor,,,Weak,Some,,LittleChange,StrongPos,Increasing,XNIL,Jul16_Aug10,E,,PartInhibit,Average,Average,CDEJ,N5GtLIGt_8,Neutral,Average,,ACEFK,PartInhibit,Weak,,E,XNIL,XNIL,XNIL,LowSHighN,CloseToDryAd,Dry,Steep,NoMajor,MoistMDryL,,,,SWQuad,Westerly,LV
StrongUp,Neutral,WeakUp,WeakUp,WeakUp,Neutral,VeryWet,Wet,Wet,Cloudy,Cloudy,Cloudy,Cloudy,Weak,Strong,StrongWest,Strong,,Weak,Some,,Decreasing,Neutral,Decreasing,SVR,Jun15_Jul1,K,CThruK,PartInhibit,LessThanAve,LessThanAve,K,N1GtLIGt_4,Stability,Average,LessUnstable,,,,,K,XNIL,XNIL,,LowEvrywhere,Steep,Dry,ModerateOrLe,OtherRapid,Other,MovingFtorOt,,,NWQuad,Westerly,WidespdDnsl
Down,Neutral,Neutral,Down,Down,Wet,Wet,Wet,Wet,Clear,PC,PC,Clear,Weak,Strong,DCVZFavor,Weak,Weak,Weak,Marked,IncCapDecIns,Increasing,Negative,LittleChange,SIG,May15_Jun14,H,CThruK,TotalInhibit,MoreThanAve,MoreThanAve,,N1GtLIGt_4,Instability,Average,Average,HI,PartInhibit,Unfavorable,,H,XNIL,XNIL,SIG,Other,Stable,Average,Steep,MarkedUpper,DryMMoistL,E_W_S,SigNegative,Other,NWQuad,LVorOther,E_NE
WeakUp,Neutral,StrongUp,WeakUp,WeakUp,Wet,Dry,Neutral,Dry,PC,PC,Clear,Clear,Strong,Strong,Westerly,Strong,Strong,Weak,Some,LittleChange,LittleChange,WeakPos,LittleChange,SVR,Jul2_Jul15,F,CThruK,TotalInhibit,MoreThanAve,MoreThanAve,,N1GtLIGt_4,Stability,LessUnstable,LessUnstable,ACEFK,PartInhibit,Strong,,F,XNIL,XNIL,,HighEvrywher,Stable,VeryMoist,ModerateOrLe,OtherRapid,Other,Other,SigNegative,,LV,LVorOther,DenvCyclone
,Down,Down,Down,Down,Neutral,VeryWet,,Wet,PC,Clear,PC,PC,Strong,Strong,Other,,Weak,Weak,Some,IncCapDecIns,Increasing,StrongPos,Increasing,SIG,Jun15_Jul1,,AB,,Average,,ABI,N1GtLIGt_4,Instability,LessUnstable,Average,ACEFK,,Moderate,Moderate,A,XNIL,XNIL,SIG,Other,ModerateOrLe,VeryMoist,CloseToDryAd,MarkedUpper,DryMMoistL,DenvCyclone,SigNegative,QStationary,SWQuad,Westerly,DenvCyclone
StrongUp,StronUp,Neutral,StrongUp,StrongUp,Neutral,Dry,Neutral,Wet,PC,Clear,Clear,PC,,Strong,StrongWest,Strong,Weak,Weak,Marked,LittleChange,LittleChange,Neutral,Increasing,SIG,Jul16_Aug10,F,CThruK,TotalInhibit,MoreThanAve,MoreThanAve,F,N1GtLIGt_4,Neutral,,Average,ACEFK,TotalInhibit,Weak,,F,XNIL,XNIL,SIG,HighEvrywher,ModerateOrLe,VeryMoist,Steep,NoMajor,Other,,,,AllElse,LVorOther,SEQuad
,Neutral,Neutral,Neutral,Neutral,Dry,Neutral,Dry,Dry,PC,PC,PC,PC,Weak,Weak,Westerly,,Strong,Strong,Some,LittleChange,,Neutral,LittleChange,SIG,Jul2_Jul15,E,CThruK,PartInhibit,Average,Average,CDEJ,N1GtLIGt_4,Stability,LessUnstable,LessUnstable,ACEFK,,,,E,SVR,SIG,,Other,ModerateOrLe,Dry,Steep,NoMajor,MoistMDryL,,PosToNeg,,LV,LVorOther,WidespdDnsl
Neutral,Down,Down,Down,Down,Neutral,VeryWet,,,Clear,Clear,Clear,Clear,Strong,Strong,DCVZFavor,Strong,,Strong,Marked,IncCapDecIns,Increasing,Negative,Decreasing,SVR,Aug11_Aug20,K,CThruK,PartInhibit,LessThanAve,Average,K,N1GtLIGt_4,Stability,MoreUnstable,LessUnstable,ACEFK,PartInhibit,Strong,Strong,K,XNIL,XNIL,SVR,LowSHighN,ModerateOrLe,VeryMoist,,MarkedUpper,DryMMoistL,MovingFtorOt,PosToNeg,QStationary,NWQuad,Westerly,DenvCyclone
Neutral,,Neutral,Neutral,Neutral,Neutral,Neutral,Dry,Neutral,Clear,,Clear,Clear,Strong,Strong,Other,Strong,Weak,Strong,Some,DecCapIncIns,,,Decreasing,XNIL,Aug20_Sep15,D,CThruK,Stifling,Average,Average,CDEJ,N5GtLIGt_8,Instability,MoreUnstable,Average,D,,Moderate,,D,,SIG,SIG,LowMtsHighPl,CloseToDryAd,Dry,Steep,OtherRapid,Other,DryLine,SigNegative,Moving,,Westerly,LongAnticyc
WeakUp,,Down,Down,Down,Neutral,Dry,Wet,Dry,Cloudy,,Cloudy,Cloudy,Weak,,StrongWest,Strong,,Weak,Marked,DecCapIncIns,Decreasing,Neutral,,SIG,Jul2_Jul15,D,CThruK,PartInhibit,Average,LessThanAve,CDEJ,N1GtLIGt_4,Stability,Average,Average,,Stifling,,,D,XNIL,XNIL,SIG,LowEvrywhere,Steep,Dry,CloseToDryAd,,Other,Other,SigPositive,,SWQuad,Westerly,DenvCyclone
StrongUp,Neutral,Neutral,WeakUp,WeakUp,VeryWet,Dry,VeryWet,VeryWet,PC,PC,PC,PC,,Weak,StrongWest,Strong,Weak,,,,LittleChange,Neutral,Decreasing,SIG,May15_Jun14,I,CThruK,PartInhibit,MoreThanAve,,ABI,LIGt0,Neutral,LessUnstable,LessUnstable,HI,TotalInhibit,Weak,,I,XNIL,XNIL,SIG,LowMtsHighPl,ModerateOrLe,Average,Steep,MarkedUpper,Other,Other,SigNegative,QStationary,AllElse,Westerly,DenvCyclone
Down,Neutral,WeakUp,Neutral,Neutral,Neutral,VeryWet,Neutral,Neutral,Cloudy,PC,PC,PC,Strong,Strong,DCVZFavor,,,,Some,IncCapDecIns,,Negative,LittleChange,SVR,May15_Jun14,C,CThruK,,LessThanAve,Average,CDEJ,N1GtLIGt_4,Neutral,Average,,ACEFK,PartInhibit,,,C,XNIL,,SVR,LowEvrywhere,CloseToDryAd,Dry,ModerateOrLe,StrongFront,Other,E_W_S,PosToNeg,,NWQuad,LVorOther,WidespdDnsl
,Neutral,Neutral,Neutral,,Neutral,Neutral,Neutral,Neutral,PC,Clear,PC,PC,,Weak,Other,,,Weak,,,LittleChange,Neutral,LittleChange,XNIL,Jul16_Aug10,C,CThruK,Stifling,MoreThanAve,MoreThanAve,,,Stability,Average,Average,ACEFK,Stifling,Weak,,C,XNIL,XNIL,XNIL,LowAtStation,CloseToDryAd,Average,Steep,MarkedUpper,DryMMoistL,E_W_N,SigPositive,Other,LV,Westerly,LongAnticyc
WeakUp,Neutral,WeakUp,Neutral,Neutral,VeryWet,VeryWet,VeryWet,VeryWet,Clear,PC,PC,PC,Weak,,StrongWest,Strong,,Strong,Marked,LittleChange,LittleChange,WeakPos,Increasing,XNIL,Jun15_Jul1,I,,PartInhibit,LessThanAve,LessThanAve,ABI,N1GtLIGt_4,Instability,MoreUnstable,MoreUnstable,HI,TotalInhibit,Moderate,,I,XNIL,XNIL,XNIL,LowSHighN,Steep,,CloseToDryAd,NoMajor,DryMMoistL,MovingFtorOt,SigNegative,QStationary,SWQuad,Westerly,DenvCyclone
StrongUp,Neutral,StrongUp,WeakUp,WeakUp,Neutral,Neutral,Wet,VeryWet,Clear,Cloudy,Clear,Clear,,,DCVZFavor,,,,,LittleChange,LittleChange,WeakPos,LittleChange,XNIL,Jun15_Jul1,G,CThruK,Stifling,MoreThanAve,MoreThanAve,G,N5GtLIGt_8,Neutral,Average,,,PartInhibit,Weak,,G,XNIL,XNIL,XNIL,LowAtStation,CloseToDryAd,Dry,Steep,,Other,,PosToNeg,,NWQuad,LVorOther,LongAnticyc
StrongUp,Neutral,Neutral,WeakUp,WeakUp,Dry,Neutral,,Wet,Cloudy,PC,Cloudy,Cloudy,Strong,Strong,StrongWest,Strong,,Strong,,DecCapIncIns,Decreasing,WeakPos,Increasing,SVR,Jul2_Jul15,G,CThruK,Stifling,Average,LessThanAve,,N5GtLIGt_8,Neutral,MoreUnstable,MoreUnstable,GJ,Stifling,Weak,,G,SIG,SIG,SVR,,CloseToDryAd,Dry,CloseToDryAd,OtherRapid,MoistMDryL,,SigNegative,,AllElse,Westerly,WidespdDnsl
Neutral,Neutral,Down,Neutral,Neutral,Dry,Dry,Dry,Neutral,PC,Clear,Clear,Clear,,Weak,StrongWest,Strong,Weak,Weak,Some,IncCapDecIns,Increasing,,Increasing,XNIL,Jul16_Aug10,F,CThruK,PartInhibit,Average,MoreThanAve,F,N5GtLIGt_8,Instability,MoreUnstable,MoreUnstable,ACEFK,PartInhibit,Weak,Moderate,F,XNIL,XNIL,XNIL,HighEvrywher,Steep,VeryMoist,ModerateOrLe,NoMajor,Other,,SigPositive,,LV,LVorOther,LV
Down,StronUp,Neutral,Neutral,,Dry,Neutral,VeryWet,Wet,Clear,Clear,Clear,Clear,,Strong,DCVZFavor,,Weak,Weak,Marked,LittleChange,LittleChange,StrongPos,Increasing,,May15_Jun14,I,CThruK,,,LessThanAve,ABI,N1GtLIGt_4,Instability,Average,MoreUnstable,HI,,,,I,XNIL,XNIL,SVR,LowSHighN,Steep,VeryMoist,ModerateOrLe,MarkedUpper,,E_W_N,SigNegative,Moving,SWQuad,Westerly,E_NE
Neutral,,,WeakUp,WeakUp,Dry,Neutral,Wet,Neutral,PC,PC,PC,PC,Weak,Weak,DCVZFavor,,Weak,Strong,,LittleChange,LittleChange,Negative,Decreasing,XNIL,Jul16_Aug10,D,CThruK,PartInhibit,LessThanAve,,CDEJ,N5GtLIGt_8,Instability,MoreUnstable,Average,D,Stifling,Unfavorable,,D,XNIL,XNIL,XNIL,LowSHighN,Stable,Average,Steep,OtherRapid,DryMMoistL,,SigNegative,,AllElse,,
WeakUp,Down,WeakUp,,Neutral,,Neutral,Wet,Wet,PC,Clear,Clear,Clear,Weak,,Other,,Weak,Strong,Some,DecCapIncIns,Decreasing,Neutral,LittleChange,SIG,Aug20_Sep15,,,,Average,Average,ABI,LILt_8,Neutral,MoreUnstable,MoreUnstable,B,,Weak,Slight,,XNIL,,SIG,LowMtsHighPl,Steep,VeryMoist,Steep,OtherRapid,Other,,PosToNeg,QStationary,AllElse,LVorOther,E_NE
Down,StronUp,,Neutral,Neutral,Wet,VeryWet,VeryWet,VeryWet,Clear,Clear,Clear,Clear,Weak,Strong,DCVZFavor,Weak,,Weak,,IncCapDecIns,Increasing,WeakPos,Increasing,,Aug20_Sep15,D,CThruK,Stifling,Average,MoreThanAve,CDEJ,LIGt0,Instability,MoreUnstable,MoreUnstable,D,,Moderate,Moderate,D,XNIL,XNIL,SVR,LowAtStation,Steep,Dry,Steep,StrongFront,,,SigNegative,Moving,AllElse,Westerly,DenvCyclone
StrongUp,,StrongUp,StrongUp,StrongUp,Wet,Dry,Wet,VeryWet,PC,PC,PC,Cloudy,Weak,,StrongWest,Strong,Weak,Strong,Marked,IncCapDecIns,Increasing,Negative,Decreasing,XNIL,Aug20_Sep15,D,CThruK,PartInhibit,Average,Average,CDEJ,N5GtLIGt_8,Neutral,,LessUnstable,D,PartInhibit,Moderate,Moderate,D,XNIL,XNIL,,LowAtStation,CloseToDryAd,Dry,CloseToDryAd,OtherRapid,MoistMDryL,DryLine,,Other,AllElse,,SEQuad
Down,Neutral,Down,Down,Down,Neutral,Wet,VeryWet,Wet,PC,Clear,PC,PC,Strong,Strong,Westerly,Strong,Weak,Strong,Some,,Increasing,StrongPos,,SVR,,,CThruK,,Average,MoreThanAve,K,N1GtLIGt_4,Stability,Average,MoreUnstable,ACEFK,,Moderate,Moderate,,SVR,SVR,SVR,LowNHighS,Steep,Average,ModerateOrLe,MarkedUpper,,,SigPositive,,AllElse,LVorOther,LongAnticyc
StrongUp,Neutral,Down,Neutral,Neutral,Wet,VeryWet,,VeryWet,,Clear,Cloudy,Cloudy,Strong,Strong,Westerly,Strong,Weak,Strong,Some,IncCapDecIns,Increasing,,,XNIL,May15_Jun14,I,CThruK,Stifling,Average,MoreThanAve,ABI,N5GtLIGt_8,Stability,Average,Average,HI,,Moderate,,I,,SVR,,LowSHighN,ModerateOrLe,,CloseToDryAd,OtherRapid,DryMMoistL,E_W_S,LittleChange,QStationary,AllElse,LVorOther,
StrongUp,Neutral,Neutral,WeakUp,WeakUp,Neutral,Neutral,Neutral,Wet,PC,PC,PC,Cloudy,,,StrongWest,,,,,LittleChange,LittleChange,Neutral,LittleChange,XNIL,Jun15_Jul1,K,CThruK,TotalInhibit,Average,LessThanAve,K,N5GtLIGt_8,Stability,MoreUnstable,MoreUnstable,ACEFK,,Weak,,K,XNIL,XNIL,XNIL,Other,CloseToDryAd,Average,Steep,StrongFront,MoistMDryL,E_W_N,SigNegative,,AllElse,,WidespdDnsl
Down,StronUp,Down,,Down,Wet,Neutral,,Dry,Clear,Cloudy,PC,Clear,Weak,Weak,Westerly,Weak,Weak,Weak,Some,LittleChange,LittleChange,Neutral,Decreasing,XNIL,Jul2_Jul15,D,CThruK,Stifling,MoreThanAve,MoreThanAve,CDEJ,N1GtLIGt_4,Neutral,Average,LessUnstable,,Stifling,,,D,,XNIL,XNIL,HighEvrywher,CloseToDryAd,Average,Steep,OtherRapid,MoistMDryL,E_W_S,,Moving,NWQuad,LVorOther,E_NE
StrongUp,StronUp,Neutral,StrongUp,StrongUp,Wet,Dry,Dry,Dry,Clear,Clear,Clear,Cloudy,Weak,Weak,DCVZFavor,,,Weak,Some,DecCapIncIns,,Neutral,LittleChange,XNIL,Aug20_Sep15,,,PartInhibit,LessThanAve,LessThanAve,ABI,N1GtLIGt_4,Stability,LessUnstable,LessUnstable,B,PartInhibit,Moderate,,B,XNIL,XNIL,XNIL,LowMtsHighPl,ModerateOrLe,VeryMoist,Steep,NoMajor,DryMMoistL,DenvCyclone,NegToPos,,SWQuad,LVorOther,E_NE
Neutral,StronUp,,Neutral,Neutral,VeryWet,Neutral,,,,Cloudy,Clear,Clear,Strong,Strong,DCVZFavor,Weak,,Weak,Marked,DecCapIncIns,Decreasing,Negative,Decreasing,SVR,May15_Jun14,K,CThruK,PartInhibit,MoreThanAve,Average,K,N5GtLIGt_8,Stability,LessUnstable,,ACEFK,,Moderate,Strong,K,SIG,,SVR,,Steep,Dry,CloseToDryAd,StrongFront,DryMMoistL,Other,SigPositive,Other,AllElse,Westerly,SEQuad
StrongUp,Down,Down,,Down,,VeryWet,VeryWet,Wet,PC,Clear,Clear,Clear,,Weak,Other,,,,Some,LittleChange,LittleChange,WeakPos,LittleChange,XNIL,May15_Jun14,D,CThruK,,LessThanAve,LessThanAve,CDEJ,N1GtLIGt_4,Instability,MoreUnstable,MoreUnstable,D,PartInhibit,Strong,Strong,D,SVR,SVR,SVR,LowSHighN,Steep,VeryMoist,Steep,MarkedUpper,Other,,SigNegative,,SWQuad,Westerly,DenvCyclone
WeakUp,WeakUp,Neutral,Neutral,Neutral,Dry,,Dry,Neutral,PC,Clear,PC,PC,Weak,Weak,DCVZFavor,,Strong,Weak,Some,,Increasing,StrongPos,Increasing,SIG,Jul16_Aug10,E,CThruK,Stifling,MoreThanAve,,CDEJ,N1GtLIGt_4,Stability,LessUnstable,Average,ACEFK,Stifling,Moderate,,E,XNIL,XNIL,,LowAtStation,Steep,Dry,ModerateOrLe,NoMajor,MoistMDryL,,PosToNeg,QStationary,SWQuad,,DenvCyclone
,,Neutral,Neutral,Neutral,Wet,Neutral,Wet,VeryWet,Clear,Clear,Clear,Clear,Strong,Strong,DCVZFavor,Strong,,Weak,Marked,IncCapDecIns,Increasing,StrongPos,Increasing,SVR,Jul2_Jul15,G,CThruK,PartInhibit,Average,Average,G,N1GtLIGt_4,Instability,MoreUnstable,MoreUnstable,GJ,PartInhibit,Moderate,Slight,G,SIG,SIG,SVR,LowEvrywhere,CloseToDryAd,Dry,CloseToDryAd,MarkedUpper,MoistMDryL,,SigPositive,,SWQuad,Westerly,LV
Neutral,StronUp,WeakUp,Neutral,,Wet,Neutral,Wet,VeryWet,PC,PC,PC,PC,,Weak,Other,,,,,IncCapDecIns,Increasing,Neutral,LittleChange,SIG,Jul2_Jul15,J,CThruK,PartInhibit,Average,MoreThanAve,CDEJ,N1GtLIGt_4,Instability,Average,Average,,,Strong,Strong,,SIG,SIG,SIG,LowEvrywhere,CloseToDryAd,Average,CloseToDryAd,OtherRapid,DryMMoistL,DryLine,LittleChange,Other,LV,LVorOther,LV
Neutral,WeakUp,WeakUp,WeakUp,WeakUp,,Neutral,,VeryWet,PC,Cloudy,Cloudy,Cloudy,Strong,,DCVZFavor,Weak,,,Marked,IncCapDecIns,Increasing,WeakPos,Increasing,SIG,Jul16_Aug10,C,CThruK,PartInhibit,Average,,CDEJ,N1GtLIGt_4,Stability,LessUnstable,Average,ACEFK,,,,C,XNIL,XNIL,SIG,LowEvrywhere,Steep,Average,CloseToDryAd,NoMajor,MoistMDryL,E_W_S,NegToPos,,LV,,LongAnticyc
WeakUp,WeakUp,,Neutral,Neutral,Neutral,Neutral,,Neutral,Cloudy,Clear,,Cloudy,,,StrongWest,Strong,,Weak,Some,LittleChange,LittleChange,Negative,Decreasing,,May15_Jun14,,CThruK,TotalInhibit,MoreThanAve,MoreThanAve,H,,Stability,Average,LessUnstable,HI,PartInhibit,Moderate,,H,,XNIL,,LowMtsHighPl,Stable,Average,CloseToDryAd,MarkedUpper,DryMMoistL,,NegToPos,,,Westerly,E_NE
WeakUp,Neutral,Neutral,Neutral,Neutral,Dry,VeryWet,Wet,VeryWet,Clear,Cloudy,Clear,Clear,,,,,Strong,Strong,,,Decreasing,WeakPos,Increasing,XNIL,Jul16_Aug10,,,Stifling,,MoreThanAve,CDEJ,N1GtLIGt_4,Instability,MoreUnstable,MoreUnstable,ACEFK,PartInhibit,Moderate,,E,XNIL,,XNIL,,CloseToDryAd,Dry,ModerateOrLe,NoMajor,,,LittleChange,,SWQuad,Westerly,LV
StrongUp,WeakUp,StrongUp,StrongUp,StrongUp,Wet,Dry,Neutral,VeryWet,Clear,,Clear,Cloudy,,,StrongWest,,Weak,,,,Decreasing,StrongPos,Increasing,XNIL,May15_Jun14,A,,PartInhibit,LessThanAve,LessThanAve,ABI,N5GtLIGt_8,Neutral,Average,MoreUnstable,ACEFK,,Moderate,,A,SVR,SVR,SVR,LowMtsHighPl,Steep,Average,CloseToDryAd,OtherRapid,DryMMoistL,E_W_S,NegToPos,Other,SWQuad,Westerly,DenvCyclone
WeakUp,Neutral,Down,Down,Down,Neutral,Dry,Dry,Dry,Clear,PC,Clear,Clear,,Weak,Other,,,Weak,,LittleChange,LittleChange,Neutral,Decreasing,SIG,Jul16_Aug10,E,CThruK,,LessThanAve,LessThanAve,CDEJ,N1GtLIGt_4,Stability,LessUnstable,LessUnstable,ACEFK,Stifling,Unfavorable,,E,SVR,SVR,SVR,LowMtsHighPl,Steep,Average,ModerateOrLe,NoMajor,MoistMDryL,Other,SigPositive,,SWQuad,Westerly,SEQuad
Neutral,WeakUp,Neutral,WeakUp,WeakUp,Neutral,,Dry,Wet,PC,Cloudy,PC,Clear,Weak,Weak,,Weak,Weak,Weak,,LittleChange,LittleChange,Negative,LittleChange,SIG,Jul16_Aug10,,CThruK,,,LessThanAve,CDEJ,,Neutral,MoreUnstable,MoreUnstable,ACEFK,,Moderate,Moderate,E,SIG,SIG,SIG,LowNHighS,CloseToDryAd,Average,Steep,NoMajor,MoistMDryL,E_W_N,SigNegative,,SWQuad,LVorOther,LV
Down,WeakUp,Down,Down,Down,Neutral,VeryWet,Wet,VeryWet,Clear,PC,Clear,Clear,Strong,Strong,Other,Weak,,Weak,,LittleChange,LittleChange,StrongPos,Increasing,SVR,Jun15_Jul1,A,AB,PartInhibit,Average,Average,ABI,N1GtLIGt_4,Instability,MoreUnstable,MoreUnstable,ACEFK,PartInhibit,,Slight,A,SVR,SVR,SVR,HighEvrywher,Steep,Average,Steep,OtherRapid,Other,E_W_S,SigNegative,Other,SWQuad,LVorOther,DenvCyclone
Neutral,StronUp,Neutral,StrongUp,StrongUp,Neutral,,Wet,VeryWet,Clear,PC,Clear,PC,Weak,Strong,Westerly,Weak,Weak,Strong,Marked,,,WeakPos,Increasing,SIG,,A,AB,PartInhibit,LessThanAve,LessThanAve,ABI,N5GtLIGt_8,Neutral,,MoreUnstable,ACEFK,,Strong,Strong,A,,SVR,SVR,HighEvrywher,,VeryMoist,CloseToDryAd,OtherRapid,Other,,SigNegative,,SWQuad,Westerly,LV
Neutral,Neutral,Neutral,Neutral,Neutral,Dry,Neutral,Wet,,PC,Cloudy,Cloudy,Cloudy,Strong,Strong,Other,,,,Some,LittleChange,LittleChange,Neutral,LittleChange,XNIL,Jun15_Jul1,K,CThruK,TotalInhibit,MoreThanAve,MoreThanAve,K,N1GtLIGt_4,Stability,LessUnstable,LessUnstable,ACEFK,,Weak,Slight,K,XNIL,XNIL,XNIL,LowSHighN,,Dry,ModerateOrLe,MarkedUpper,Other,,NegToPos,,NWQuad,Westerly,WidespdDnsl
StrongUp,Neutral,Neutral,Neutral,Neutral,Neutral,,Neutral,Neutral,Cloudy,Cloudy,Cloudy,Cloudy,Strong,Strong,DCVZFavor,Strong,Strong,Strong,Marked,IncCapDecIns,Increasing,,,SIG,May15_Jun14,K,CThruK,PartInhibit,Average,,K,LIGt0,,Average,MoreUnstable,ACEFK,PartInhibit,,,K,XNIL,XNIL,SIG,LowEvrywhere,ModerateOrLe,Dry,ModerateOrLe,StrongFront,DryMMoistL,,SigNegative,Moving,AllElse,LVorOther,WidespdDnsl
StrongUp,Neutral,Down,StrongUp,StrongUp,Dry,Dry,VeryWet,VeryWet,,Clear,Clear,Clear,Strong,Strong,,Strong,,Strong,Marked,IncCapDecIns,Increasing,,LittleChange,,Aug20_Sep15,I,CThruK,,Average,MoreThanAve,,N1GtLIGt_4,Stability,LessUnstable,LessUnstable,HI,PartInhibit,Weak,,I,SIG,SIG,SIG,,Stable,VeryMoist,CloseToDryAd,MarkedUpper,Other,DenvCyclone,SigNegative,,LV,LVorOther,DenvCyclone
,Neutral,StrongUp,StrongUp,StrongUp,Wet,Wet,Wet,VeryWet,Clear,PC,Clear,Cloudy,Weak,Strong,DCVZFavor,Weak,,Strong,,IncCapDecIns,Increasing,Neutral,Decreasing,SIG,Aug20_Sep15,J,CThruK,Stifling,Average,,,N1GtLIGt_4,Neutral,MoreUnstable,Average,GJ,,Weak,Moderate,J,SVR,SVR,SVR,LowSHighN,Steep,Average,ModerateOrLe,NoMajor,DryMMoistL,,,Other,LV,LVorOther,
WeakUp,WeakUp,,Neutral,Neutral,Neutral,Neutral,Neutral,,PC,PC,PC,PC,Weak,Strong,DCVZFavor,Weak,Weak,,Marked,LittleChange,LittleChange,StrongPos,Increasing,SVR,Jul16_Aug10,J,CThruK,PartInhibit,Average,Average,CDEJ,N1GtLIGt_4,Stability,LessUnstable,Average,GJ,PartInhibit,Unfavorable,,J,XNIL,XNIL,SVR,LowSHighN,Steep,Dry,CloseToDryAd,NoMajor,MoistMDryL,DryLine,LittleChange,,LV,LVorOther,SEQuad
Neutral,StronUp,Neutral,WeakUp,WeakUp,Dry,Dry,Wet,Wet,PC,Clear,PC,PC,Strong,Strong,Other,,,,,IncCapDecIns,Increasing,,LittleChange,SIG,May15_Jun14,G,CThruK,,Average,Average,G,N1GtLIGt_4,Neutral,Average,Average,GJ,,,Slight,G,XNIL,XNIL,SIG,LowEvrywhere,CloseToDryAd,Dry,,MarkedUpper,Other,DryLine,SigPositive,,SWQuad,LVorOther,LongAnticyc
Down,Neutral,Down,Down,Down,VeryWet,Neutral,VeryWet,Wet,Clear,Cloudy,Cloudy,Cloudy,Strong,Strong,Westerly,Strong,,,Some,LittleChange,LittleChange,Neutral,LittleChange,SIG,Jul16_Aug10,A,AB,PartInhibit,LessThanAve,LessThanAve,ABI,N1GtLIGt_4,Instability,LessUnstable,LessUnstable,ACEFK,PartInhibit,,Moderate,,SIG,SIG,SIG,LowNHighS,Stable,Average,CloseToDryAd,StrongFront,Other,DenvCyclone,NegToPos,Other,SWQuad,Westerly,DenvCyclone
StrongUp,,Down,,Neutral,VeryWet,,Wet,Wet,Clear,PC,PC,PC,Weak,Weak,Westerly,,Weak,,Some,DecCapIncIns,Decreasing,Negative,Decreasing,XNIL,Jul2_Jul15,D,CThruK,,Average,LessThanAve,CDEJ,,Stability,Average,LessUnstable,D,,Strong,Slight,D,XNIL,XNIL,XNIL,LowEvrywhere,CloseToDryAd,Average,CloseToDryAd,OtherRapid,Other,,PosToNeg,Moving,AllElse,Westerly,WidespdDnsl
Neutral,Neutral,Neutral,Neutral,Neutral,Dry,Wet,VeryWet,VeryWet,PC,Clear,PC,PC,,Weak,Westerly,Weak,Strong,Weak,Some,IncCapDecIns,Increasing,WeakPos,Increasing,SIG,Aug20_Sep15,A,AB,PartInhibit,LessThanAve,LessThanAve,ABI,N1GtLIGt_4,Stability,LessUnstable,Average,ACEFK,,Weak,Slight,A,SIG,SIG,SIG,LowSHighN,ModerateOrLe,VeryMoist,Steep,StrongFront,DryMMoistL,DenvCyclone,SigNegative,Other,SWQuad,LVorOther,SEQuad
WeakUp,WeakUp,Neutral,WeakUp,WeakUp,Neutral,VeryWet,Wet,Neutral,PC,PC,PC,PC,Weak,Weak,Other,,,Weak,,,Decreasing,WeakPos,LittleChange,XNIL,Jul2_Jul15,H,CThruK,PartInhibit,LessThanAve,LessThanAve,,N1GtLIGt_4,Instability,,MoreUnstable,HI,PartInhibit,Strong,Moderate,,SIG,SIG,SIG,,ModerateOrLe,Average,Steep,NoMajor,,E_W_N,PosToNeg,,SWQuad,,E_NE
Neutral,Neutral,Down,Neutral,Neutral,Wet,Dry,Neutral,Dry,PC,PC,PC,PC,,,,Strong,Weak,Strong,Some,IncCapDecIns,Increasing,StrongPos,LittleChange,SIG,Jul2_Jul15,E,CThruK,Stifling,MoreThanAve,MoreThanAve,CDEJ,LIGt0,Neutral,,LessUnstable,ACEFK,,Moderate,Strong,E,XNIL,XNIL,SIG,LowNHighS,CloseToDryAd,Average,ModerateOrLe,OtherRapid,Other,,,,AllElse,,WidespdDnsl
Down,Neutral,Neutral,Neutral,,Dry,Neutral,Neutral,Neutral,PC,PC,PC,,,Strong,Westerly,,Weak,Strong,Marked,LittleChange,LittleChange,Neutral,LittleChange,SIG,Jun15_Jul1,B,AB,PartInhibit,LessThanAve,LessThanAve,ABI,LIGt0,Stability,,LessUnstable,B,PartInhibit,,Strong,B,SIG,SIG,SIG,LowSHighN,Steep,Average,,OtherRapid,DryMMoistL,DenvCyclone,PosToNeg,Other,AllElse,Westerly,
WeakUp,Down,WeakUp,Neutral,Neutral,VeryWet,Dry,Wet,Wet,PC,PC,PC,PC,Weak,Weak,StrongWest,Weak,,Weak,Some,LittleChange,LittleChange,Neutral,LittleChange,SIG,Jun15_Jul1,K,CThruK,Stifling,MoreThanAve,Average,K,N1GtLIGt_4,Stability,LessUnstable,LessUnstable,,PartInhibit,Moderate,Slight,K,XNIL,XNIL,,HighEvrywher,Stable,Dry,ModerateOrLe,StrongFront,MoistMDryL,MovingFtorOt,SigNegative,QStationary,SWQuad,Westerly,SEQuad
Neutral,,Neutral,Neutral,Neutral,Wet,Neutral,Wet,Wet,PC,,PC,PC,,Weak,Westerly,Weak,Weak,Weak,Some,LittleChange,LittleChange,,Increasing,XNIL,Jul2_Jul15,B,AB,,LessThanAve,LessThanAve,ABI,,Stability,,,B,PartInhibit,Moderate,,,SVR,SVR,SVR,LowSHighN,ModerateOrLe,,ModerateOrLe,NoMajor,DryMMoistL,DenvCyclone,SigNegative,Other,,LVorOther,SEQuad
Neutral,,Neutral,Neutral,Neutral,VeryWet,Neutral,Wet,VeryWet,PC,PC,PC,PC,,Weak,,Strong,Weak,Strong,Some,LittleChange,LittleChange,Neutral,Decreasing,SIG,Jul16_Aug10,J,CThruK,PartInhibit,LessThanAve,LessThanAve,CDEJ,N5GtLIGt_8,Stability,MoreUnstable,,GJ,PartInhibit,Moderate,Slight,J,XNIL,XNIL,SIG,Other,Stable,Dry,Steep,,,DryLine,LittleChange,,,LVorOther,
StrongUp,Neutral,StrongUp,,StrongUp,Neutral,Wet,Neutral,Neutral,Clear,Clear,Clear,Clear,Weak,Strong,DCVZFavor,Strong,,Strong,Marked,,LittleChange,Neutral,,SIG,Aug20_Sep15,B,AB,PartInhibit,LessThanAve,LessThanAve,ABI,N1GtLIGt_4,Instability,Average,LessUnstable,B,,Strong,Strong,B,XNIL,XNIL,SIG,LowNHighS,Steep,Dry,Steep,NoMajor,Other,DenvCyclone,LittleChange,Other,AllElse,LVorOther,E_NE
WeakUp,StronUp,Neutral,Neutral,Neutral,Dry,Dry,Dry,Dry,PC,PC,PC,PC,,Weak,StrongWest,Strong,Weak,Weak,,,Decreasing,Neutral,,SIG,Jul16_Aug10,J,CThruK,PartInhibit,LessThanAve,LessThanAve,CDEJ,N1GtLIGt_4,Neutral,Average,MoreUnstable,GJ,,Moderate,Strong,J,SVR,SVR,SVR,LowMtsHighPl,ModerateOrLe,Average,Steep,NoMajor,MoistMDryL,E_W_N,LittleChange,,AllElse,LVorOther,LV
Neutral,Neutral,Neutral,Neutral,Neutral,Neutral,Wet,VeryWet,VeryWet,Clear,Cloudy,PC,PC,Strong,Strong,Westerly,Strong,,,Marked,LittleChange,LittleChange,Neutral,LittleChange,SVR,May15_Jun14,A,AB,,LessThanAve,LessThanAve,ABI,N5GtLIGt_8,Instability,MoreUnstable,MoreUnstable,ACEFK,,Weak,Slight,A,SVR,SVR,SVR,HighEvrywher,Stable,Average,,MarkedUpper,DryMMoistL,DenvCyclone,SigNegative,QStationary,,LVorOther,DenvCyclone
Neutral,Neutral,Down,Down,Down,Neutral,Dry,Neutral,Dry,Cloudy,Cloudy,Cloudy,PC,,,Westerly,,,,,IncCapDecIns,Increasing,Negative,,,May15_Jun14,G,CThruK,,LessThanAve,LessThanAve,G,N5GtLIGt_8,Stability,,LessUnstable,GJ,PartInhibit,Unfavorable,,G,XNIL,XNIL,XNIL,LowEvrywhere,CloseToDryAd,Dry,CloseToDryAd,MarkedUpper,MoistMDryL,DryLine,LittleChange,,NWQuad,,WidespdDnsl
StrongUp,Neutral,Neutral,StrongUp,StrongUp,,VeryWet,VeryWet,VeryWet,PC,Cloudy,PC,Cloudy,,Strong,StrongWest,,,Strong,,DecCapIncIns,,WeakPos,Decreasing,SIG,May15_Jun14,C,CThruK,PartInhibit,Average,LessThanAve,CDEJ,,Instability,MoreUnstable,Average,ACEFK,,Strong,Strong,C,XNIL,XNIL,SIG,LowEvrywhere,Steep,,CloseToDryAd,,Other,E_W_S,NegToPos,Moving,NWQuad,Westerly,LongAnticyc
StrongUp,Neutral,StrongUp,WeakUp,WeakUp,Neutral,Wet,Wet,VeryWet,PC,PC,PC,Cloudy,Strong,Strong,Other,,,,,LittleChange,LittleChange,WeakPos,Increasing,SIG,Aug20_Sep15,C,CThruK,Stifling,MoreThanAve,MoreThanAve,CDEJ,LIGt0,Stability,LessUnstable,MoreUnstable,ACEFK,,,Moderate,C,SIG,SIG,SIG,LowAtStation,,Dry,Steep,OtherRapid,Other,E_W_N,PosToNeg,Other,NWQuad,,LongAnticyc
WeakUp,Down,Neutral,Down,Down,Wet,Neutral,Neutral,Dry,PC,Clear,PC,PC,Weak,Weak,Westerly,,Weak,Strong,,,LittleChange,WeakPos,LittleChange,XNIL,,K,,PartInhibit,LessThanAve,LessThanAve,K,N1GtLIGt_4,Neutral,MoreUnstable,Average,ACEFK,Stifling,Weak,,K,XNIL,XNIL,XNIL,LowSHighN,ModerateOrLe,Average,CloseToDryAd,MarkedUpper,DryMMoistL,,SigPositive,,NWQuad,LVorOther,E_NE
Neutral,Neutral,Down,Neutral,Neutral,Neutral,Wet,Neutral,Neutral,PC,Clear,,Clear,Weak,Weak,Westerly,Weak,Weak,Weak,Some,DecCapIncIns,Decreasing,WeakPos,Decreasing,SIG,May15_Jun14,E,CThruK,Stifling,MoreThanAve,MoreThanAve,CDEJ,N5GtLIGt_8,Instability,MoreUnstable,,ACEFK,,Moderate,Slight,E,SVR,SVR,SVR,LowNHighS,Steep,Average,ModerateOrLe,,MoistMDryL,DryLine,LittleChange,,SWQuad,Westerly,LV
Down,Neutral,WeakUp,Neutral,Neutral,Dry,Neutral,Neutral,Neutral,Clear,Clear,Clear,Clear,Weak,Weak,,,,Weak,,LittleChange,LittleChange,Negative,Decreasing,XNIL,,I,CThruK,PartInhibit,Average,Average,ABI,N1GtLIGt_4,Stability,LessUnstable,LessUnstable,HI,,Weak,,I,XNIL,XNIL,XNIL,LowMtsHighPl,Steep,Dry,Steep,NoMajor,Other,E_W_S,PosToNeg,,LV,,LongAnticyc
