node_i,node_j,condition,p_value
GoodStudent,Age,,2.7072201050952676e-135
GoodStudent,SocioEcon,,1.4109370610707884e-24
GoodStudent,RiskAversion,,0.0007065627000833139
GoodStudent,VehicleYear,,1.3361819503531189e-12
GoodStudent,ThisCarDam,,0.16393363871321015
GoodStudent,RuggedAuto,,0.014039962485529016
GoodStudent,Accident,,0.2795541505266971
GoodStudent,MakeModel,,7.580778257879906e-12
GoodStudent,DrivQuality,,0.48367806575923533
GoodStudent,Mileage,,0.6564542505374735
GoodStudent,Antilock,,1.3782212924679982e-12
GoodStudent,DrivingSkill,,0.69734215665278
GoodStudent,SeniorTrain,,0.0008374191546286664
GoodStudent,ThisCarCost,,0.00019647545009000703
GoodStudent,Theft,,0.10102400763062103
GoodStudent,CarValue,,2.170631086346041e-12
GoodStudent,HomeBase,,3.418393576355493e-07
GoodStudent,AntiTheft,,0.23487072286653402
GoodStudent,PropCost,,0.17602258057050138
GoodStudent,OtherCarCost,,0.9363812059278946
GoodStudent,OtherCar,,2.1084355171560616e-05
GoodStudent,MedCost,,0.10351104854688081
GoodStudent,Cushioning,,0.0012659476375681208
GoodStudent,Airbag,,7.73616798681379e-08
GoodStudent,ILiCost,,0.6808749336638951
GoodStudent,DrivHist,,0.5917648922939153
Age,SocioEcon,,1.4504179848626413e-15
Age,RiskAversion,,2.6138874052432136e-37
Age,VehicleYear,,0.22333450050447404
Age,ThisCarDam,,0.7203724046522422
Age,RuggedAuto,,0.5746545637665266
Age,Accident,,0.3970304455605877
Age,MakeModel,,0.003248951540223176
Age,DrivQuality,,7.200994347820113e-06
Age,Mileage,,0.49990114891991577
Age,Antilock,,0.20352904490061516
Age,DrivingSkill,,0.001094785960553805
Age,SeniorTrain,,6.074528322231887e-114
Age,ThisCarCost,,0.6210568515998072
Age,Theft,,0.2922433230168651
Age,CarValue,,0.5550753463973523
Age,HomeBase,,0.0001994161364183478
Age,AntiTheft,,1.307994059220804e-16
Age,PropCost,,0.21203623221559556
Age,OtherCarCost,,0.6299218914725351
Age,OtherCar,,0.6284047155281098
Age,MedCost,,5.915348823490258e-06
Age,Cushioning,,0.8033934656298174
Age,Airbag,,0.30447895360077387
Age,ILiCost,,0.15094783044658305
Age,DrivHist,,1.1451412567911766e-07
SocioEcon,RiskAversion,,1.3319214570938281e-12
SocioEcon,VehicleYear,,6.858849323565864e-209
SocioEcon,ThisCarDam,,1.6654092289618883e-07
SocioEcon,RuggedAuto,,3.1606100507184874e-94
SocioEcon,Accident,,0.0013642542013081924
SocioEcon,MakeModel,,0.0
SocioEcon,DrivQuality,,0.05486723985706382
SocioEcon,Mileage,,0.6085954455030644
SocioEcon,Antilock,,3.556504774715652e-226
SocioEcon,DrivingSkill,,0.03243994491660802
SocioEcon,SeniorTrain,,0.026414901029231736
SocioEcon,ThisCarCost,,7.217450905073523e-153
SocioEcon,Theft,,0.2716041825503653
SocioEcon,CarValue,,0.0
SocioEcon,HomeBase,,0.0
SocioEcon,AntiTheft,,1.1683266095486657e-82
SocioEcon,PropCost,,4.621787163417104e-26
SocioEcon,OtherCarCost,,0.017089239933737045
SocioEcon,OtherCar,,1.8560601379164367e-120
SocioEcon,MedCost,,2.796633029933654e-20
SocioEcon,Cushioning,,8.38586195213433e-109
SocioEcon,Airbag,,1.4075709023788917e-203
SocioEcon,ILiCost,,0.9683635169538269
SocioEcon,DrivHist,,0.9655065611668819
RiskAversion,VehicleYear,,0.4910523663148273
RiskAversion,ThisCarDam,,0.7015432839017278
RiskAversion,RuggedAuto,,0.018883958629169903
RiskAversion,Accident,,0.40172261859093805
RiskAversion,MakeModel,,0.0008225477849228145
RiskAversion,DrivQuality,,8.708798855078312e-16
RiskAversion,Mileage,,0.2978372020221866
RiskAversion,Antilock,,0.16514154808955683
RiskAversion,DrivingSkill,,7.896828140800803e-76
RiskAversion,SeniorTrain,,6.587666039737744e-53
RiskAversion,ThisCarCost,,0.2989751926795243
RiskAversion,Theft,,0.3077785962460621
RiskAversion,CarValue,,0.36748901424278746
RiskAversion,HomeBase,,7.595946249083006e-189
RiskAversion,AntiTheft,,0.0
RiskAversion,PropCost,,0.3695708528810178
RiskAversion,OtherCarCost,,0.997238678051988
RiskAversion,OtherCar,,0.06578473251344742
RiskAversion,MedCost,,0.4296877655445052
RiskAversion,Cushioning,,0.01328240173716126
RiskAversion,Airbag,,0.8305560684996492
RiskAversion,ILiCost,,0.6739625406683385
RiskAversion,DrivHist,,7.016052153176096e-69
VehicleYear,ThisCarDam,,0.0011074180557022505
VehicleYear,RuggedAuto,,8.010453845894815e-25
VehicleYear,Accident,,0.00017801783481183035
VehicleYear,MakeModel,,7.016243296408662e-91
VehicleYear,DrivQuality,,0.20104756178044095
VehicleYear,Mileage,,0.5133727027695576
VehicleYear,Antilock,,5.049860273063633e-274
VehicleYear,DrivingSkill,,0.8909116849000858
VehicleYear,SeniorTrain,,0.6454462049863484
VehicleYear,ThisCarCost,,5.445737121997148e-199
VehicleYear,Theft,,0.3214917751931376
VehicleYear,CarValue,,0.0
VehicleYear,HomeBase,,1.447156492789617e-53
VehicleYear,AntiTheft,,3.875275396244549e-22
VehicleYear,PropCost,,6.903583734968761e-41
VehicleYear,OtherCarCost,,0.0025529483912461876
VehicleYear,OtherCar,,1.7097254297514102e-31
VehicleYear,MedCost,,1.384147851344236e-20
VehicleYear,Cushioning,,1.2478846187692052e-95
VehicleYear,Airbag,,0.0
VehicleYear,ILiCost,,0.26241580784535057
VehicleYear,DrivHist,,0.719903691069987
ThisCarDam,RuggedAuto,,9.227085231126303e-20
ThisCarDam,Accident,,0.0
ThisCarDam,MakeModel,,2.965329966784419e-15
ThisCarDam,DrivQuality,,6.9460973556458536e-12
ThisCarDam,Mileage,,1.2456395010204122e-12
ThisCarDam,Antilock,,3.4975690607843523e-16
ThisCarDam,DrivingSkill,,0.0004304482575927078
ThisCarDam,SeniorTrain,,0.5659137731244976
ThisCarDam,ThisCarCost,,0.0
ThisCarDam,Theft,,0.666588506732178
ThisCarDam,CarValue,,1.2327057669543792e-12
ThisCarDam,HomeBase,,0.03193754208071519
ThisCarDam,AntiTheft,,0.812606429212224
ThisCarDam,PropCost,,0.0
ThisCarDam,OtherCarCost,,2.5728045550281938e-275
ThisCarDam,OtherCar,,0.055614889478827
ThisCarDam,MedCost,,7.332112439322376e-132
ThisCarDam,Cushioning,,1.3034737780702079e-11
ThisCarDam,Airbag,,0.0014830347388574917
ThisCarDam,ILiCost,,8.256836059812422e-33
ThisCarDam,DrivHist,,0.014869676854125354
RuggedAuto,Accident,,6.510579031278785e-13
RuggedAuto,MakeModel,,0.0
RuggedAuto,DrivQuality,,0.6830081319317136
RuggedAuto,Mileage,,0.00146618102307236
RuggedAuto,Antilock,,5.707045813515342e-05
RuggedAuto,DrivingSkill,,0.6344776485289421
RuggedAuto,SeniorTrain,,0.8173717770496762
RuggedAuto,ThisCarCost,,2.279775520275637e-34
RuggedAuto,Theft,,0.6197090043133513
RuggedAuto,CarValue,,1.1407732833554972e-50
RuggedAuto,HomeBase,,3.340326891505182e-65
RuggedAuto,AntiTheft,,1.524430237870527e-08
RuggedAuto,PropCost,,1.7443253615048764e-09
RuggedAuto,OtherCarCost,,1.3060646006717064e-24
RuggedAuto,OtherCar,,7.962391923601562e-14
RuggedAuto,MedCost,,2.885063688320716e-76
RuggedAuto,Cushioning,,0.0
RuggedAuto,Airbag,,4.439311074780505e-48
RuggedAuto,ILiCost,,0.23411408176145035
RuggedAuto,DrivHist,,0.41219194840686524
Accident,MakeModel,,1.7063906525705032e-13
Accident,DrivQuality,,2.734792199484638e-15
Accident,Mileage,,1.448021170980035e-19
Accident,Antilock,,1.4736296472102775e-18
Accident,DrivingSkill,,2.5246577938603528e-05
Accident,SeniorTrain,,0.2879921503690514
Accident,ThisCarCost,,0.0
Accident,Theft,,0.5245922973985304
Accident,CarValue,,5.741888538578123e-09
Accident,HomeBase,,0.35697136821250425
Accident,AntiTheft,,0.45776115967034503
Accident,PropCost,,0.0
Accident,OtherCarCost,,0.0
Accident,OtherCar,,0.06254043309254506
Accident,MedCost,,3.8048812959517468e-121
Accident,Cushioning,,0.010022056283494606
Accident,Airbag,,0.003714591614051973
Accident,ILiCost,,1.5539593981164016e-60
Accident,DrivHist,,0.011161073424318024
MakeModel,DrivQuality,,0.2663055252672014
MakeModel,Mileage,,0.3056022015197599
MakeModel,Antilock,,4.859892498479379e-308
MakeModel,DrivingSkill,,0.509683546088666
MakeModel,SeniorTrain,,0.3721356142949839
MakeModel,ThisCarCost,,4.5772288319145685e-191
MakeModel,Theft,,0.04934938237725385
MakeModel,CarValue,,0.0
MakeModel,HomeBase,,1.7801181868370106e-187
MakeModel,AntiTheft,,1.6767477978255245e-38
MakeModel,PropCost,,5.527359749566116e-29
MakeModel,OtherCarCost,,1.652011272471885e-12
MakeModel,OtherCar,,9.30100963275696e-57
MakeModel,MedCost,,3.3172249072595935e-51
MakeModel,Cushioning,,0.0
MakeModel,Airbag,,7.589178154745824e-133
MakeModel,ILiCost,,0.663716112382813
MakeModel,DrivHist,,0.9501477143243291
DrivQuality,Mileage,,0.6580209686094598
DrivQuality,Antilock,,0.10092694675534075
DrivQuality,DrivingSkill,,5.203996528308117e-221
DrivQuality,SeniorTrain,,2.958317651614549e-10
DrivQuality,ThisCarCost,,5.690102491186881e-08
DrivQuality,Theft,,0.04223721012884393
DrivQuality,CarValue,,0.1604324121062272
DrivQuality,HomeBase,,0.008346698507247981
DrivQuality,AntiTheft,,0.07193422968485932
DrivQuality,PropCost,,0.00028181281561138886
DrivQuality,OtherCarCost,,1.507192455969088e-06
DrivQuality,OtherCar,,0.775155933855877
DrivQuality,MedCost,,0.012833437013318594
DrivQuality,Cushioning,,0.9231064823989689
DrivQuality,Airbag,,0.6365837231997877
DrivQuality,ILiCost,,0.030926040450472484
DrivQuality,DrivHist,,4.504626573330598e-145
Mileage,Antilock,,0.3310611439583054
Mileage,DrivingSkill,,0.7890888358546427
Mileage,SeniorTrain,,0.09906082218316814
Mileage,ThisCarCost,,1.2815078450665792e-07
Mileage,Theft,,0.8489450621253928
Mileage,CarValue,,1.3322039131468363e-44
Mileage,HomeBase,,0.4703693961157225
Mileage,AntiTheft,,0.4768538724750496
Mileage,PropCost,,1.6535826207878813e-07
Mileage,OtherCarCost,,5.779745434331168e-07
Mileage,OtherCar,,0.432099946111255
Mileage,MedCost,,0.22431049878867884
Mileage,Cushioning,,0.048967803806990055
Mileage,Airbag,,0.6636016803965947
Mileage,ILiCost,,0.17350633433322984
Mileage,DrivHist,,0.691364228822678
Antilock,DrivingSkill,,0.5248792354503395
Antilock,SeniorTrain,,0.195695371320218
Antilock,ThisCarCost,,2.614035475779452e-157
Antilock,Theft,,0.6036690143632326
Antilock,CarValue,,0.0
Antilock,HomeBase,,3.367732309339421e-54
Antilock,AntiTheft,,1.7214383299889176e-25
Antilock,PropCost,,1.8946461220012177e-27
Antilock,OtherCarCost,,1.4133643569792009e-09
Antilock,OtherCar,,9.446907195953959e-32
Antilock,MedCost,,2.945195479550146e-14
Antilock,Cushioning,,1.313494250937791e-35
Antilock,Airbag,,9.261400407701873e-215
Antilock,ILiCost,,0.11627385290214967
Antilock,DrivHist,,0.7897099287617981
DrivingSkill,SeniorTrain,,0.0018879399603804598
DrivingSkill,ThisCarCost,,0.0008665332130712763
DrivingSkill,Theft,,0.15769166447420943
DrivingSkill,CarValue,,0.21298570409481618
DrivingSkill,HomeBase,,1.5768347627456227e-08
DrivingSkill,AntiTheft,,3.445123443172343e-27
DrivingSkill,PropCost,,0.035521811026239435
DrivingSkill,OtherCarCost,,0.010579976077376535
DrivingSkill,OtherCar,,0.7821623551465667
DrivingSkill,MedCost,,0.02339401558116174
DrivingSkill,Cushioning,,0.4104072327226566
DrivingSkill,Airbag,,0.4879531872084134
DrivingSkill,ILiCost,,0.05562988288589756
DrivingSkill,DrivHist,,2.630017196710459e-255
SeniorTrain,ThisCarCost,,0.5807590460950312
SeniorTrain,Theft,,0.2696199559869203
SeniorTrain,CarValue,,0.4151159736523087
SeniorTrain,HomeBase,,2.0162148375810243e-10
SeniorTrain,AntiTheft,,1.0205890090760831e-29
SeniorTrain,PropCost,,0.30562211251640464
SeniorTrain,OtherCarCost,,0.09758441361698152
SeniorTrain,OtherCar,,0.09263874631515782
SeniorTrain,MedCost,,0.10230239058234104
SeniorTrain,Cushioning,,0.5876594696632451
SeniorTrain,Airbag,,0.5517732031503255
SeniorTrain,ILiCost,,0.04230748251393497
SeniorTrain,DrivHist,,7.002362473063881e-14
ThisCarCost,Theft,,0.004661775273515816
ThisCarCost,CarValue,,0.0
ThisCarCost,HomeBase,,1.3931723730315588e-49
ThisCarCost,AntiTheft,,2.3513234868128217e-13
ThisCarCost,PropCost,,0.0
ThisCarCost,OtherCarCost,,1.591381878305878e-172
ThisCarCost,OtherCar,,5.958160615201172e-26
ThisCarCost,MedCost,,1.3664892902782906e-93
ThisCarCost,Cushioning,,9.42508141018516e-52
ThisCarCost,Airbag,,4.55030412568859e-161
ThisCarCost,ILiCost,,3.1955007771860875e-19
ThisCarCost,DrivHist,,0.4044790541748956
Theft,CarValue,,0.02518786399462443
Theft,HomeBase,,0.2999641014075781
Theft,AntiTheft,,0.7818125128102481
Theft,PropCost,,0.427835387785121
Theft,OtherCarCost,,0.5891983121645126
Theft,OtherCar,,0.6951762142514217
Theft,MedCost,,0.5218703299614575
Theft,Cushioning,,0.4251837070320792
Theft,Airbag,,0.6429013093046565
Theft,ILiCost,,0.4692281796393969
Theft,DrivHist,,0.33454478924606273
CarValue,HomeBase,,6.808319653116066e-91
CarValue,AntiTheft,,3.0215802247193124e-31
CarValue,PropCost,,7.424318518698872e-87
CarValue,OtherCarCost,,0.039094955476895024
CarValue,OtherCar,,4.950620893467584e-42
CarValue,MedCost,,1.5478511268293468e-22
CarValue,Cushioning,,2.0513305378536468e-98
CarValue,Airbag,,0.0
CarValue,ILiCost,,0.3866156848513165
CarValue,DrivHist,,0.4730310439844768
HomeBase,AntiTheft,,1.521580547560969e-148
HomeBase,PropCost,,1.5229661434509857e-10
HomeBase,OtherCarCost,,0.21521541343573594
HomeBase,OtherCar,,1.1708344014823573e-67
HomeBase,MedCost,,2.8341516089675735e-11
HomeBase,Cushioning,,2.0878588668488392e-65
HomeBase,Airbag,,2.0102132674017124e-61
HomeBase,ILiCost,,0.47706453686219763
HomeBase,DrivHist,,2.451465108811506e-06
AntiTheft,PropCost,,3.869033505493569e-06
AntiTheft,OtherCarCost,,0.7335344355035536
AntiTheft,OtherCar,,6.4724080074058e-10
AntiTheft,MedCost,,0.16676473946616904
AntiTheft,Cushioning,,1.6985865368453382e-12
AntiTheft,Airbag,,2.5876333459560785e-24
AntiTheft,ILiCost,,0.5091748671975931
AntiTheft,DrivHist,,6.738071614584953e-22
PropCost,OtherCarCost,,0.0
PropCost,OtherCar,,1.362448767563227e-07
PropCost,MedCost,,3.397403188011778e-51
PropCost,Cushioning,,8.940183609677938e-12
PropCost,Airbag,,2.503922323874055e-30
PropCost,ILiCost,,3.2819840605313646e-25
PropCost,DrivHist,,0.13368092945317564
OtherCarCost,OtherCar,,0.906430654620882
OtherCarCost,MedCost,,5.327703909583102e-29
OtherCarCost,Cushioning,,8.468656720684261e-11
OtherCarCost,Airbag,,0.052082403318389404
OtherCarCost,ILiCost,,2.932863612234529e-21
OtherCarCost,DrivHist,,0.055711633763170405
OtherCar,MedCost,,0.0006957226832732936
OtherCar,Cushioning,,1.5167312069413892e-21
OtherCar,Airbag,,5.552240846350715e-30
OtherCar,ILiCost,,0.310154436942671
OtherCar,DrivHist,,0.12681867691472645
MedCost,Cushioning,,1.7700358011940824e-137
MedCost,Airbag,,1.4157079493944525e-31
MedCost,ILiCost,,0.0023350761532763215
MedCost,DrivHist,,0.11302023153294857
Cushioning,Airbag,,6.948515103336114e-176
Cushioning,ILiCost,,0.31063572484480034
Cushioning,DrivHist,,0.7357886570088441
Airbag,ILiCost,,0.4987747577959314
Airbag,DrivHist,,0.2500636262864972
ILiCost,DrivHist,,0.9901991898628917
GoodStudent,Age,SeniorTrain,1.272169124140975e-131
GoodStudent,Age,SeniorTrain,1.272169124140975e-131
GoodStudent,Age,SeniorTrain,1.272169124140975e-131
GoodStudent,Age,SeniorTrain,1.272169124140975e-131
GoodStudent,Age,SeniorTrain,1.272169124140975e-131
GoodStudent,Age,SeniorTrain,1.272169124140975e-131
GoodStudent,Age,SeniorTrain,1.272169124140975e-131
GoodStudent,Age,SeniorTrain,1.272169124140975e-131
GoodStudent,Age,SeniorTrain,1.272169124140975e-131
GoodStudent,Age,SeniorTrain,1.272169124140975e-131
GoodStudent,Age,SeniorTrain,1.272169124140975e-131
GoodStudent,Age,SeniorTrain,1.272169124140975e-131
GoodStudent,Age,SeniorTrain,1.272169124140975e-131
GoodStudent,SocioEcon,SeniorTrain,3.6633194950829235e-23
GoodStudent,SocioEcon,SeniorTrain,3.6633194950829235e-23
GoodStudent,SocioEcon,SeniorTrain,3.6633194950829235e-23
GoodStudent,SocioEcon,SeniorTrain,3.6633194950829235e-23
GoodStudent,SocioEcon,SeniorTrain,3.6633194950829235e-23
GoodStudent,SocioEcon,SeniorTrain,3.6633194950829235e-23
GoodStudent,SocioEcon,SeniorTrain,3.6633194950829235e-23
GoodStudent,SocioEcon,SeniorTrain,3.6633194950829235e-23
GoodStudent,SocioEcon,SeniorTrain,3.6633194950829235e-23
GoodStudent,SocioEcon,SeniorTrain,3.6633194950829235e-23
GoodStudent,SocioEcon,SeniorTrain,3.6633194950829235e-23
GoodStudent,SocioEcon,SeniorTrain,3.6633194950829235e-23
GoodStudent,SocioEcon,SeniorTrain,3.6633194950829235e-23
GoodStudent,RiskAversion,MakeModel,0.052590663615958724
GoodStudent,RiskAversion,MakeModel,0.052590663615958724
GoodStudent,VehicleYear,SocioEcon,0.2681468794805893
GoodStudent,VehicleYear,SocioEcon,0.2681468794805893
GoodStudent,VehicleYear,SocioEcon,0.2681468794805893
GoodStudent,VehicleYear,SocioEcon,0.2681468794805893
GoodStudent,VehicleYear,SocioEcon,0.2681468794805893
GoodStudent,RuggedAuto,Cushioning,0.20692022293385398
GoodStudent,MakeModel,CarValue,0.06579858578714004
GoodStudent,MakeModel,CarValue,0.06579858578714004
GoodStudent,Antilock,SocioEcon,0.29312906743097095
GoodStudent,Antilock,SocioEcon,0.29312906743097095
GoodStudent,Antilock,SocioEcon,0.29312906743097095
GoodStudent,Antilock,SocioEcon,0.29312906743097095
GoodStudent,Antilock,SocioEcon,0.29312906743097095
GoodStudent,SeniorTrain,Cushioning,0.41528808249532756
GoodStudent,ThisCarCost,MakeModel,0.46881214002480853
GoodStudent,ThisCarCost,MakeModel,0.46881214002480853
GoodStudent,CarValue,MakeModel,0.055382667126404515
GoodStudent,CarValue,MakeModel,0.055382667126404515
GoodStudent,HomeBase,MakeModel,0.2362448514225326
GoodStudent,HomeBase,MakeModel,0.2362448514225326
GoodStudent,OtherCar,MakeModel,0.3570640537120828
GoodStudent,OtherCar,MakeModel,0.3570640537120828
GoodStudent,Cushioning,MakeModel,0.1877463662059746
GoodStudent,Airbag,MakeModel,0.0640796470739541
GoodStudent,Airbag,MakeModel,0.0640796470739541
Age,SocioEcon,SeniorTrain,1.2342512453949753e-12
Age,SocioEcon,SeniorTrain,1.2342512453949753e-12
Age,SocioEcon,SeniorTrain,1.2342512453949753e-12
Age,SocioEcon,SeniorTrain,1.2342512453949753e-12
Age,SocioEcon,SeniorTrain,1.2342512453949753e-12
Age,SocioEcon,SeniorTrain,1.2342512453949753e-12
Age,SocioEcon,SeniorTrain,1.2342512453949753e-12
Age,SocioEcon,SeniorTrain,1.2342512453949753e-12
Age,SocioEcon,SeniorTrain,1.2342512453949753e-12
Age,SocioEcon,SeniorTrain,1.2342512453949753e-12
Age,RiskAversion,SeniorTrain,4.031904160318478e-28
Age,RiskAversion,SeniorTrain,4.031904160318478e-28
Age,RiskAversion,SeniorTrain,4.031904160318478e-28
Age,RiskAversion,SeniorTrain,4.031904160318478e-28
Age,RiskAversion,SeniorTrain,4.031904160318478e-28
Age,RiskAversion,SeniorTrain,4.031904160318478e-28
Age,RiskAversion,SeniorTrain,4.031904160318478e-28
Age,RiskAversion,SeniorTrain,4.031904160318478e-28
Age,RiskAversion,SeniorTrain,4.031904160318478e-28
Age,RiskAversion,SeniorTrain,4.031904160318478e-28
Age,MakeModel,SocioEcon,0.38121189641330394
Age,MakeModel,SocioEcon,0.38121189641330394
Age,DrivQuality,DrivHist,0.07369231977610913
Age,DrivQuality,DrivHist,0.07369231977610913
Age,DrivQuality,DrivHist,0.07369231977610913
Age,DrivQuality,DrivHist,0.07369231977610913
Age,DrivQuality,DrivHist,0.07369231977610913
Age,DrivQuality,DrivHist,0.07369231977610913
Age,DrivQuality,DrivHist,0.07369231977610913
Age,DrivQuality,DrivHist,0.07369231977610913
Age,DrivingSkill,MakeModel,0.2047161787343518
Age,SeniorTrain,MedCost,8.67034594646485e-103
Age,SeniorTrain,MedCost,8.67034594646485e-103
Age,SeniorTrain,MedCost,8.67034594646485e-103
Age,SeniorTrain,MedCost,8.67034594646485e-103
Age,SeniorTrain,MedCost,8.67034594646485e-103
Age,SeniorTrain,MedCost,8.67034594646485e-103
Age,SeniorTrain,MedCost,8.67034594646485e-103
Age,SeniorTrain,MedCost,8.67034594646485e-103
Age,SeniorTrain,MedCost,8.67034594646485e-103
Age,SeniorTrain,MedCost,8.67034594646485e-103
Age,HomeBase,MakeModel,0.16956380710080743
Age,AntiTheft,RiskAversion,0.11205873270393296
Age,AntiTheft,RiskAversion,0.11205873270393296
Age,MedCost,SeniorTrain,6.126788994082249e-05
Age,MedCost,SeniorTrain,6.126788994082249e-05
Age,MedCost,SeniorTrain,6.126788994082249e-05
Age,MedCost,SeniorTrain,6.126788994082249e-05
Age,MedCost,SeniorTrain,6.126788994082249e-05
Age,MedCost,SeniorTrain,6.126788994082249e-05
Age,MedCost,SeniorTrain,6.126788994082249e-05
Age,MedCost,SeniorTrain,6.126788994082249e-05
Age,MedCost,SeniorTrain,6.126788994082249e-05
Age,MedCost,SeniorTrain,6.126788994082249e-05
Age,DrivHist,SeniorTrain,6.66019014321319e-05
Age,DrivHist,SeniorTrain,6.66019014321319e-05
Age,DrivHist,SeniorTrain,6.66019014321319e-05
Age,DrivHist,SeniorTrain,6.66019014321319e-05
Age,DrivHist,SeniorTrain,6.66019014321319e-05
Age,DrivHist,SeniorTrain,6.66019014321319e-05
Age,DrivHist,SeniorTrain,6.66019014321319e-05
Age,DrivHist,SeniorTrain,6.66019014321319e-05
Age,DrivHist,SeniorTrain,6.66019014321319e-05
Age,DrivHist,SeniorTrain,6.66019014321319e-05
SocioEcon,RiskAversion,CarValue,1.5873604565465454e-05
SocioEcon,RiskAversion,CarValue,1.5873604565465454e-05
SocioEcon,RiskAversion,CarValue,1.5873604565465454e-05
SocioEcon,RiskAversion,CarValue,1.5873604565465454e-05
SocioEcon,RiskAversion,CarValue,1.5873604565465454e-05
SocioEcon,RiskAversion,CarValue,1.5873604565465454e-05
SocioEcon,RiskAversion,CarValue,1.5873604565465454e-05
SocioEcon,RiskAversion,CarValue,1.5873604565465454e-05
SocioEcon,RiskAversion,CarValue,1.5873604565465454e-05
SocioEcon,RiskAversion,CarValue,1.5873604565465454e-05
SocioEcon,RiskAversion,CarValue,1.5873604565465454e-05
SocioEcon,RiskAversion,CarValue,1.5873604565465454e-05
SocioEcon,RiskAversion,CarValue,1.5873604565465454e-05
SocioEcon,RiskAversion,CarValue,1.5873604565465454e-05
SocioEcon,RiskAversion,CarValue,1.5873604565465454e-05
SocioEcon,RiskAversion,CarValue,1.5873604565465454e-05
SocioEcon,RiskAversion,CarValue,1.5873604565465454e-05
SocioEcon,RiskAversion,CarValue,1.5873604565465454e-05
SocioEcon,RiskAversion,CarValue,1.5873604565465454e-05
SocioEcon,RiskAversion,CarValue,1.5873604565465454e-05
SocioEcon,VehicleYear,CarValue,1.3443051471398374e-26
SocioEcon,VehicleYear,CarValue,1.3443051471398374e-26
SocioEcon,VehicleYear,CarValue,1.3443051471398374e-26
SocioEcon,VehicleYear,CarValue,1.3443051471398374e-26
SocioEcon,VehicleYear,CarValue,1.3443051471398374e-26
SocioEcon,VehicleYear,CarValue,1.3443051471398374e-26
SocioEcon,VehicleYear,CarValue,1.3443051471398374e-26
SocioEcon,VehicleYear,CarValue,1.3443051471398374e-26
SocioEcon,VehicleYear,CarValue,1.3443051471398374e-26
SocioEcon,VehicleYear,CarValue,1.3443051471398374e-26
SocioEcon,VehicleYear,CarValue,1.3443051471398374e-26
SocioEcon,VehicleYear,CarValue,1.3443051471398374e-26
SocioEcon,VehicleYear,CarValue,1.3443051471398374e-26
SocioEcon,VehicleYear,CarValue,1.3443051471398374e-26
SocioEcon,VehicleYear,CarValue,1.3443051471398374e-26
SocioEcon,VehicleYear,CarValue,1.3443051471398374e-26
SocioEcon,VehicleYear,CarValue,1.3443051471398374e-26
SocioEcon,VehicleYear,CarValue,1.3443051471398374e-26
SocioEcon,VehicleYear,CarValue,1.3443051471398374e-26
SocioEcon,VehicleYear,CarValue,1.3443051471398374e-26
SocioEcon,ThisCarDam,Cushioning,0.33222778728777463
SocioEcon,RuggedAuto,CarValue,1.4319614783496045e-69
SocioEcon,RuggedAuto,CarValue,1.4319614783496045e-69
SocioEcon,RuggedAuto,CarValue,1.4319614783496045e-69
SocioEcon,RuggedAuto,CarValue,1.4319614783496045e-69
SocioEcon,RuggedAuto,CarValue,1.4319614783496045e-69
SocioEcon,RuggedAuto,CarValue,1.4319614783496045e-69
SocioEcon,RuggedAuto,CarValue,1.4319614783496045e-69
SocioEcon,RuggedAuto,CarValue,1.4319614783496045e-69
SocioEcon,RuggedAuto,CarValue,1.4319614783496045e-69
SocioEcon,RuggedAuto,CarValue,1.4319614783496045e-69
SocioEcon,RuggedAuto,CarValue,1.4319614783496045e-69
SocioEcon,RuggedAuto,CarValue,1.4319614783496045e-69
SocioEcon,RuggedAuto,CarValue,1.4319614783496045e-69
SocioEcon,RuggedAuto,CarValue,1.4319614783496045e-69
SocioEcon,RuggedAuto,CarValue,1.4319614783496045e-69
SocioEcon,RuggedAuto,CarValue,1.4319614783496045e-69
SocioEcon,RuggedAuto,CarValue,1.4319614783496045e-69
SocioEcon,RuggedAuto,CarValue,1.4319614783496045e-69
SocioEcon,RuggedAuto,CarValue,1.4319614783496045e-69
SocioEcon,RuggedAuto,CarValue,1.4319614783496045e-69
SocioEcon,Accident,Cushioning,0.056900689335773275
SocioEcon,MakeModel,CarValue,5.110589762447891e-170
SocioEcon,MakeModel,CarValue,5.110589762447891e-170
SocioEcon,MakeModel,CarValue,5.110589762447891e-170
SocioEcon,MakeModel,CarValue,5.110589762447891e-170
SocioEcon,MakeModel,CarValue,5.110589762447891e-170
SocioEcon,MakeModel,CarValue,5.110589762447891e-170
SocioEcon,MakeModel,CarValue,5.110589762447891e-170
SocioEcon,MakeModel,CarValue,5.110589762447891e-170
SocioEcon,MakeModel,CarValue,5.110589762447891e-170
SocioEcon,MakeModel,CarValue,5.110589762447891e-170
SocioEcon,MakeModel,CarValue,5.110589762447891e-170
SocioEcon,MakeModel,CarValue,5.110589762447891e-170
SocioEcon,MakeModel,CarValue,5.110589762447891e-170
SocioEcon,MakeModel,CarValue,5.110589762447891e-170
SocioEcon,MakeModel,CarValue,5.110589762447891e-170
SocioEcon,MakeModel,CarValue,5.110589762447891e-170
SocioEcon,MakeModel,CarValue,5.110589762447891e-170
SocioEcon,MakeModel,CarValue,5.110589762447891e-170
SocioEcon,MakeModel,CarValue,5.110589762447891e-170
SocioEcon,MakeModel,CarValue,5.110589762447891e-170
SocioEcon,Antilock,CarValue,9.272066361411461e-23
SocioEcon,Antilock,CarValue,9.272066361411461e-23
SocioEcon,Antilock,CarValue,9.272066361411461e-23
SocioEcon,Antilock,CarValue,9.272066361411461e-23
SocioEcon,Antilock,CarValue,9.272066361411461e-23
SocioEcon,Antilock,CarValue,9.272066361411461e-23
SocioEcon,Antilock,CarValue,9.272066361411461e-23
SocioEcon,Antilock,CarValue,9.272066361411461e-23
SocioEcon,Antilock,CarValue,9.272066361411461e-23
SocioEcon,Antilock,CarValue,9.272066361411461e-23
SocioEcon,Antilock,CarValue,9.272066361411461e-23
SocioEcon,Antilock,CarValue,9.272066361411461e-23
SocioEcon,Antilock,CarValue,9.272066361411461e-23
SocioEcon,Antilock,CarValue,9.272066361411461e-23
SocioEcon,Antilock,CarValue,9.272066361411461e-23
SocioEcon,Antilock,CarValue,9.272066361411461e-23
SocioEcon,Antilock,CarValue,9.272066361411461e-23
SocioEcon,Antilock,CarValue,9.272066361411461e-23
SocioEcon,Antilock,CarValue,9.272066361411461e-23
SocioEcon,Antilock,CarValue,9.272066361411461e-23
SocioEcon,DrivingSkill,RiskAversion,0.2254570141331862
SocioEcon,DrivingSkill,RiskAversion,0.2254570141331862
SocioEcon,DrivingSkill,RiskAversion,0.2254570141331862
SocioEcon,DrivingSkill,RiskAversion,0.2254570141331862
SocioEcon,DrivingSkill,RiskAversion,0.2254570141331862
SocioEcon,SeniorTrain,RiskAversion,0.050767148515915614
SocioEcon,SeniorTrain,RiskAversion,0.050767148515915614
SocioEcon,SeniorTrain,RiskAversion,0.050767148515915614
SocioEcon,SeniorTrain,RiskAversion,0.050767148515915614
SocioEcon,ThisCarCost,CarValue,0.004126916798261963
SocioEcon,ThisCarCost,CarValue,0.004126916798261963
SocioEcon,ThisCarCost,CarValue,0.004126916798261963
SocioEcon,ThisCarCost,CarValue,0.004126916798261963
SocioEcon,ThisCarCost,CarValue,0.004126916798261963
SocioEcon,ThisCarCost,CarValue,0.004126916798261963
SocioEcon,ThisCarCost,CarValue,0.004126916798261963
SocioEcon,ThisCarCost,CarValue,0.004126916798261963
SocioEcon,ThisCarCost,CarValue,0.004126916798261963
SocioEcon,ThisCarCost,CarValue,0.004126916798261963
SocioEcon,ThisCarCost,CarValue,0.004126916798261963
SocioEcon,ThisCarCost,CarValue,0.004126916798261963
SocioEcon,ThisCarCost,CarValue,0.004126916798261963
SocioEcon,ThisCarCost,CarValue,0.004126916798261963
SocioEcon,ThisCarCost,CarValue,0.004126916798261963
SocioEcon,ThisCarCost,CarValue,0.004126916798261963
SocioEcon,ThisCarCost,CarValue,0.004126916798261963
SocioEcon,ThisCarCost,CarValue,0.004126916798261963
SocioEcon,ThisCarCost,CarValue,0.004126916798261963
SocioEcon,ThisCarCost,CarValue,0.004126916798261963
SocioEcon,CarValue,VehicleYear,1.9172344034857004e-170
SocioEcon,CarValue,VehicleYear,1.9172344034857004e-170
SocioEcon,CarValue,VehicleYear,1.9172344034857004e-170
SocioEcon,CarValue,VehicleYear,1.9172344034857004e-170
SocioEcon,CarValue,VehicleYear,1.9172344034857004e-170
SocioEcon,CarValue,VehicleYear,1.9172344034857004e-170
SocioEcon,CarValue,VehicleYear,1.9172344034857004e-170
SocioEcon,CarValue,VehicleYear,1.9172344034857004e-170
SocioEcon,CarValue,VehicleYear,1.9172344034857004e-170
SocioEcon,CarValue,VehicleYear,1.9172344034857004e-170
SocioEcon,CarValue,VehicleYear,1.9172344034857004e-170
SocioEcon,CarValue,VehicleYear,1.9172344034857004e-170
SocioEcon,CarValue,VehicleYear,1.9172344034857004e-170
SocioEcon,CarValue,VehicleYear,1.9172344034857004e-170
SocioEcon,CarValue,VehicleYear,1.9172344034857004e-170
SocioEcon,CarValue,VehicleYear,1.9172344034857004e-170
SocioEcon,CarValue,VehicleYear,1.9172344034857004e-170
SocioEcon,CarValue,VehicleYear,1.9172344034857004e-170
SocioEcon,CarValue,VehicleYear,1.9172344034857004e-170
SocioEcon,CarValue,VehicleYear,1.9172344034857004e-170
SocioEcon,HomeBase,CarValue,0.0
SocioEcon,HomeBase,CarValue,0.0
SocioEcon,HomeBase,CarValue,0.0
SocioEcon,HomeBase,CarValue,0.0
SocioEcon,HomeBase,CarValue,0.0
SocioEcon,HomeBase,CarValue,0.0
SocioEcon,HomeBase,CarValue,0.0
SocioEcon,HomeBase,CarValue,0.0
SocioEcon,HomeBase,CarValue,0.0
SocioEcon,HomeBase,CarValue,0.0
SocioEcon,HomeBase,CarValue,0.0
SocioEcon,HomeBase,CarValue,0.0
SocioEcon,HomeBase,CarValue,0.0
SocioEcon,HomeBase,CarValue,0.0
SocioEcon,HomeBase,CarValue,0.0
SocioEcon,HomeBase,CarValue,0.0
SocioEcon,HomeBase,CarValue,0.0
SocioEcon,HomeBase,CarValue,0.0
SocioEcon,HomeBase,CarValue,0.0
SocioEcon,HomeBase,CarValue,0.0
SocioEcon,AntiTheft,CarValue,2.6822834267743555e-42
SocioEcon,AntiTheft,CarValue,2.6822834267743555e-42
SocioEcon,AntiTheft,CarValue,2.6822834267743555e-42
SocioEcon,AntiTheft,CarValue,2.6822834267743555e-42
SocioEcon,AntiTheft,CarValue,2.6822834267743555e-42
SocioEcon,AntiTheft,CarValue,2.6822834267743555e-42
SocioEcon,AntiTheft,CarValue,2.6822834267743555e-42
SocioEcon,AntiTheft,CarValue,2.6822834267743555e-42
SocioEcon,AntiTheft,CarValue,2.6822834267743555e-42
SocioEcon,AntiTheft,CarValue,2.6822834267743555e-42
SocioEcon,AntiTheft,CarValue,2.6822834267743555e-42
SocioEcon,AntiTheft,CarValue,2.6822834267743555e-42
SocioEcon,AntiTheft,CarValue,2.6822834267743555e-42
SocioEcon,AntiTheft,CarValue,2.6822834267743555e-42
SocioEcon,AntiTheft,CarValue,2.6822834267743555e-42
SocioEcon,AntiTheft,CarValue,2.6822834267743555e-42
SocioEcon,AntiTheft,CarValue,2.6822834267743555e-42
SocioEcon,AntiTheft,CarValue,2.6822834267743555e-42
SocioEcon,AntiTheft,CarValue,2.6822834267743555e-42
SocioEcon,AntiTheft,CarValue,2.6822834267743555e-42
SocioEcon,PropCost,MakeModel,0.3209345456741436
SocioEcon,PropCost,MakeModel,0.3209345456741436
SocioEcon,OtherCarCost,MakeModel,0.9964041260458741
SocioEcon,OtherCarCost,MakeModel,0.9964041260458741
SocioEcon,OtherCar,CarValue,1.7284443694820833e-68
SocioEcon,OtherCar,CarValue,1.7284443694820833e-68
SocioEcon,OtherCar,CarValue,1.7284443694820833e-68
SocioEcon,OtherCar,CarValue,1.7284443694820833e-68
SocioEcon,OtherCar,CarValue,1.7284443694820833e-68
SocioEcon,OtherCar,CarValue,1.7284443694820833e-68
SocioEcon,OtherCar,CarValue,1.7284443694820833e-68
SocioEcon,OtherCar,CarValue,1.7284443694820833e-68
SocioEcon,OtherCar,CarValue,1.7284443694820833e-68
SocioEcon,OtherCar,CarValue,1.7284443694820833e-68
SocioEcon,OtherCar,CarValue,1.7284443694820833e-68
SocioEcon,OtherCar,CarValue,1.7284443694820833e-68
SocioEcon,OtherCar,CarValue,1.7284443694820833e-68
SocioEcon,OtherCar,CarValue,1.7284443694820833e-68
SocioEcon,OtherCar,CarValue,1.7284443694820833e-68
SocioEcon,OtherCar,CarValue,1.7284443694820833e-68
SocioEcon,OtherCar,CarValue,1.7284443694820833e-68
SocioEcon,OtherCar,CarValue,1.7284443694820833e-68
SocioEcon,OtherCar,CarValue,1.7284443694820833e-68
SocioEcon,OtherCar,CarValue,1.7284443694820833e-68
SocioEcon,MedCost,Cushioning,0.663857557018456
SocioEcon,Cushioning,CarValue,6.928303236493192e-38
SocioEcon,Cushioning,CarValue,6.928303236493192e-38
SocioEcon,Cushioning,CarValue,6.928303236493192e-38
SocioEcon,Cushioning,CarValue,6.928303236493192e-38
SocioEcon,Cushioning,CarValue,6.928303236493192e-38
SocioEcon,Cushioning,CarValue,6.928303236493192e-38
SocioEcon,Cushioning,CarValue,6.928303236493192e-38
SocioEcon,Cushioning,CarValue,6.928303236493192e-38
SocioEcon,Cushioning,CarValue,6.928303236493192e-38
SocioEcon,Cushioning,CarValue,6.928303236493192e-38
SocioEcon,Cushioning,CarValue,6.928303236493192e-38
SocioEcon,Cushioning,CarValue,6.928303236493192e-38
SocioEcon,Cushioning,CarValue,6.928303236493192e-38
SocioEcon,Cushioning,CarValue,6.928303236493192e-38
SocioEcon,Cushioning,CarValue,6.928303236493192e-38
SocioEcon,Cushioning,CarValue,6.928303236493192e-38
SocioEcon,Cushioning,CarValue,6.928303236493192e-38
SocioEcon,Cushioning,CarValue,6.928303236493192e-38
SocioEcon,Cushioning,CarValue,6.928303236493192e-38
SocioEcon,Cushioning,CarValue,6.928303236493192e-38
SocioEcon,Airbag,CarValue,3.7406199936954694e-41
SocioEcon,Airbag,CarValue,3.7406199936954694e-41
SocioEcon,Airbag,CarValue,3.7406199936954694e-41
SocioEcon,Airbag,CarValue,3.7406199936954694e-41
SocioEcon,Airbag,CarValue,3.7406199936954694e-41
SocioEcon,Airbag,CarValue,3.7406199936954694e-41
SocioEcon,Airbag,CarValue,3.7406199936954694e-41
SocioEcon,Airbag,CarValue,3.7406199936954694e-41
SocioEcon,Airbag,CarValue,3.7406199936954694e-41
SocioEcon,Airbag,CarValue,3.7406199936954694e-41
SocioEcon,Airbag,CarValue,3.7406199936954694e-41
SocioEcon,Airbag,CarValue,3.7406199936954694e-41
SocioEcon,Airbag,CarValue,3.7406199936954694e-41
SocioEcon,Airbag,CarValue,3.7406199936954694e-41
SocioEcon,Airbag,CarValue,3.7406199936954694e-41
SocioEcon,Airbag,CarValue,3.7406199936954694e-41
SocioEcon,Airbag,CarValue,3.7406199936954694e-41
SocioEcon,Airbag,CarValue,3.7406199936954694e-41
SocioEcon,Airbag,CarValue,3.7406199936954694e-41
SocioEcon,Airbag,CarValue,3.7406199936954694e-41
RiskAversion,RuggedAuto,MakeModel,0.43548130440206173
RiskAversion,RuggedAuto,MakeModel,0.43548130440206173
RiskAversion,MakeModel,SocioEcon,0.7000214999030416
RiskAversion,MakeModel,SocioEcon,0.7000214999030416
RiskAversion,DrivQuality,SeniorTrain,3.662153850277982e-11
RiskAversion,DrivQuality,SeniorTrain,3.662153850277982e-11
RiskAversion,DrivQuality,SeniorTrain,3.662153850277982e-11
RiskAversion,DrivQuality,SeniorTrain,3.662153850277982e-11
RiskAversion,DrivQuality,SeniorTrain,3.662153850277982e-11
RiskAversion,DrivQuality,SeniorTrain,3.662153850277982e-11
RiskAversion,DrivQuality,SeniorTrain,3.662153850277982e-11
RiskAversion,DrivQuality,SeniorTrain,3.662153850277982e-11
RiskAversion,DrivQuality,SeniorTrain,3.662153850277982e-11
RiskAversion,DrivQuality,SeniorTrain,3.662153850277982e-11
RiskAversion,DrivQuality,SeniorTrain,3.662153850277982e-11
RiskAversion,DrivingSkill,SeniorTrain,7.289822821250121e-76
RiskAversion,DrivingSkill,SeniorTrain,7.289822821250121e-76
RiskAversion,DrivingSkill,SeniorTrain,7.289822821250121e-76
RiskAversion,DrivingSkill,SeniorTrain,7.289822821250121e-76
RiskAversion,DrivingSkill,SeniorTrain,7.289822821250121e-76
RiskAversion,DrivingSkill,SeniorTrain,7.289822821250121e-76
RiskAversion,DrivingSkill,SeniorTrain,7.289822821250121e-76
RiskAversion,DrivingSkill,SeniorTrain,7.289822821250121e-76
RiskAversion,DrivingSkill,SeniorTrain,7.289822821250121e-76
RiskAversion,DrivingSkill,SeniorTrain,7.289822821250121e-76
RiskAversion,DrivingSkill,SeniorTrain,7.289822821250121e-76
RiskAversion,SeniorTrain,DrivHist,2.8252062342752323e-36
RiskAversion,SeniorTrain,DrivHist,2.8252062342752323e-36
RiskAversion,SeniorTrain,DrivHist,2.8252062342752323e-36
RiskAversion,SeniorTrain,DrivHist,2.8252062342752323e-36
RiskAversion,SeniorTrain,DrivHist,2.8252062342752323e-36
RiskAversion,SeniorTrain,DrivHist,2.8252062342752323e-36
RiskAversion,SeniorTrain,DrivHist,2.8252062342752323e-36
RiskAversion,SeniorTrain,DrivHist,2.8252062342752323e-36
RiskAversion,SeniorTrain,DrivHist,2.8252062342752323e-36
RiskAversion,SeniorTrain,DrivHist,2.8252062342752323e-36
RiskAversion,SeniorTrain,DrivHist,2.8252062342752323e-36
RiskAversion,HomeBase,SeniorTrain,5.873519084792509e-172
RiskAversion,HomeBase,SeniorTrain,5.873519084792509e-172
RiskAversion,HomeBase,SeniorTrain,5.873519084792509e-172
RiskAversion,HomeBase,SeniorTrain,5.873519084792509e-172
RiskAversion,HomeBase,SeniorTrain,5.873519084792509e-172
RiskAversion,HomeBase,SeniorTrain,5.873519084792509e-172
RiskAversion,HomeBase,SeniorTrain,5.873519084792509e-172
RiskAversion,HomeBase,SeniorTrain,5.873519084792509e-172
RiskAversion,HomeBase,SeniorTrain,5.873519084792509e-172
RiskAversion,HomeBase,SeniorTrain,5.873519084792509e-172
RiskAversion,HomeBase,SeniorTrain,5.873519084792509e-172
RiskAversion,AntiTheft,SeniorTrain,0.0
RiskAversion,AntiTheft,SeniorTrain,0.0
RiskAversion,AntiTheft,SeniorTrain,0.0
RiskAversion,AntiTheft,SeniorTrain,0.0
RiskAversion,AntiTheft,SeniorTrain,0.0
RiskAversion,AntiTheft,SeniorTrain,0.0
RiskAversion,AntiTheft,SeniorTrain,0.0
RiskAversion,AntiTheft,SeniorTrain,0.0
RiskAversion,AntiTheft,SeniorTrain,0.0
RiskAversion,AntiTheft,SeniorTrain,0.0
RiskAversion,AntiTheft,SeniorTrain,0.0
RiskAversion,Cushioning,SocioEcon,0.059794182901600386
RiskAversion,Cushioning,SocioEcon,0.059794182901600386
RiskAversion,DrivHist,SeniorTrain,1.24557096083788e-54
RiskAversion,DrivHist,SeniorTrain,1.24557096083788e-54
RiskAversion,DrivHist,SeniorTrain,1.24557096083788e-54
RiskAversion,DrivHist,SeniorTrain,1.24557096083788e-54
RiskAversion,DrivHist,SeniorTrain,1.24557096083788e-54
RiskAversion,DrivHist,SeniorTrain,1.24557096083788e-54
RiskAversion,DrivHist,SeniorTrain,1.24557096083788e-54
RiskAversion,DrivHist,SeniorTrain,1.24557096083788e-54
RiskAversion,DrivHist,SeniorTrain,1.24557096083788e-54
RiskAversion,DrivHist,SeniorTrain,1.24557096083788e-54
RiskAversion,DrivHist,SeniorTrain,1.24557096083788e-54
VehicleYear,ThisCarDam,Cushioning,0.5131332443656915
VehicleYear,RuggedAuto,CarValue,6.6465447316037945e-15
VehicleYear,RuggedAuto,CarValue,6.6465447316037945e-15
VehicleYear,RuggedAuto,CarValue,6.6465447316037945e-15
VehicleYear,RuggedAuto,CarValue,6.6465447316037945e-15
VehicleYear,RuggedAuto,CarValue,6.6465447316037945e-15
VehicleYear,RuggedAuto,CarValue,6.6465447316037945e-15
VehicleYear,RuggedAuto,CarValue,6.6465447316037945e-15
VehicleYear,RuggedAuto,CarValue,6.6465447316037945e-15
VehicleYear,RuggedAuto,CarValue,6.6465447316037945e-15
VehicleYear,RuggedAuto,CarValue,6.6465447316037945e-15
VehicleYear,RuggedAuto,CarValue,6.6465447316037945e-15
VehicleYear,RuggedAuto,CarValue,6.6465447316037945e-15
VehicleYear,RuggedAuto,CarValue,6.6465447316037945e-15
VehicleYear,RuggedAuto,CarValue,6.6465447316037945e-15
VehicleYear,RuggedAuto,CarValue,6.6465447316037945e-15
VehicleYear,RuggedAuto,CarValue,6.6465447316037945e-15
VehicleYear,Accident,Antilock,0.21125245637674941
VehicleYear,Accident,Antilock,0.21125245637674941
VehicleYear,Accident,Antilock,0.21125245637674941
VehicleYear,MakeModel,SocioEcon,0.2719852791189312
VehicleYear,MakeModel,SocioEcon,0.2719852791189312
VehicleYear,MakeModel,SocioEcon,0.2719852791189312
VehicleYear,MakeModel,SocioEcon,0.2719852791189312
VehicleYear,MakeModel,SocioEcon,0.2719852791189312
VehicleYear,MakeModel,SocioEcon,0.2719852791189312
VehicleYear,MakeModel,SocioEcon,0.2719852791189312
VehicleYear,MakeModel,SocioEcon,0.2719852791189312
VehicleYear,MakeModel,SocioEcon,0.2719852791189312
VehicleYear,MakeModel,SocioEcon,0.2719852791189312
VehicleYear,MakeModel,SocioEcon,0.2719852791189312
VehicleYear,Antilock,CarValue,1.9416455638694037e-69
VehicleYear,Antilock,CarValue,1.9416455638694037e-69
VehicleYear,Antilock,CarValue,1.9416455638694037e-69
VehicleYear,Antilock,CarValue,1.9416455638694037e-69
VehicleYear,Antilock,CarValue,1.9416455638694037e-69
VehicleYear,Antilock,CarValue,1.9416455638694037e-69
VehicleYear,Antilock,CarValue,1.9416455638694037e-69
VehicleYear,Antilock,CarValue,1.9416455638694037e-69
VehicleYear,Antilock,CarValue,1.9416455638694037e-69
VehicleYear,Antilock,CarValue,1.9416455638694037e-69
VehicleYear,Antilock,CarValue,1.9416455638694037e-69
VehicleYear,Antilock,CarValue,1.9416455638694037e-69
VehicleYear,Antilock,CarValue,1.9416455638694037e-69
VehicleYear,Antilock,CarValue,1.9416455638694037e-69
VehicleYear,Antilock,CarValue,1.9416455638694037e-69
VehicleYear,Antilock,CarValue,1.9416455638694037e-69
VehicleYear,ThisCarCost,CarValue,0.00548518801002671
VehicleYear,ThisCarCost,CarValue,0.00548518801002671
VehicleYear,ThisCarCost,CarValue,0.00548518801002671
VehicleYear,ThisCarCost,CarValue,0.00548518801002671
VehicleYear,ThisCarCost,CarValue,0.00548518801002671
VehicleYear,ThisCarCost,CarValue,0.00548518801002671
VehicleYear,ThisCarCost,CarValue,0.00548518801002671
VehicleYear,ThisCarCost,CarValue,0.00548518801002671
VehicleYear,ThisCarCost,CarValue,0.00548518801002671
VehicleYear,ThisCarCost,CarValue,0.00548518801002671
VehicleYear,ThisCarCost,CarValue,0.00548518801002671
VehicleYear,ThisCarCost,CarValue,0.00548518801002671
VehicleYear,ThisCarCost,CarValue,0.00548518801002671
VehicleYear,ThisCarCost,CarValue,0.00548518801002671
VehicleYear,ThisCarCost,CarValue,0.00548518801002671
VehicleYear,ThisCarCost,CarValue,0.00548518801002671
VehicleYear,CarValue,MedCost,0.0
VehicleYear,CarValue,MedCost,0.0
VehicleYear,CarValue,MedCost,0.0
VehicleYear,CarValue,MedCost,0.0
VehicleYear,CarValue,MedCost,0.0
VehicleYear,CarValue,MedCost,0.0
VehicleYear,CarValue,MedCost,0.0
VehicleYear,CarValue,MedCost,0.0
VehicleYear,CarValue,MedCost,0.0
VehicleYear,CarValue,MedCost,0.0
VehicleYear,CarValue,MedCost,0.0
VehicleYear,CarValue,MedCost,0.0
VehicleYear,CarValue,MedCost,0.0
VehicleYear,CarValue,MedCost,0.0
VehicleYear,CarValue,MedCost,0.0
VehicleYear,CarValue,MedCost,0.0
VehicleYear,HomeBase,SocioEcon,0.5431264541104404
VehicleYear,HomeBase,SocioEcon,0.5431264541104404
VehicleYear,HomeBase,SocioEcon,0.5431264541104404
VehicleYear,HomeBase,SocioEcon,0.5431264541104404
VehicleYear,HomeBase,SocioEcon,0.5431264541104404
VehicleYear,HomeBase,SocioEcon,0.5431264541104404
VehicleYear,HomeBase,SocioEcon,0.5431264541104404
VehicleYear,HomeBase,SocioEcon,0.5431264541104404
VehicleYear,HomeBase,SocioEcon,0.5431264541104404
VehicleYear,HomeBase,SocioEcon,0.5431264541104404
VehicleYear,HomeBase,SocioEcon,0.5431264541104404
VehicleYear,HomeBase,SocioEcon,0.5431264541104404
VehicleYear,AntiTheft,SocioEcon,0.46014210846380244
VehicleYear,AntiTheft,SocioEcon,0.46014210846380244
VehicleYear,AntiTheft,SocioEcon,0.46014210846380244
VehicleYear,AntiTheft,SocioEcon,0.46014210846380244
VehicleYear,AntiTheft,SocioEcon,0.46014210846380244
VehicleYear,AntiTheft,SocioEcon,0.46014210846380244
VehicleYear,AntiTheft,SocioEcon,0.46014210846380244
VehicleYear,AntiTheft,SocioEcon,0.46014210846380244
VehicleYear,AntiTheft,SocioEcon,0.46014210846380244
VehicleYear,AntiTheft,SocioEcon,0.46014210846380244
VehicleYear,AntiTheft,SocioEcon,0.46014210846380244
VehicleYear,AntiTheft,SocioEcon,0.46014210846380244
VehicleYear,PropCost,ThisCarCost,0.05245664330508457
VehicleYear,PropCost,ThisCarCost,0.05245664330508457
VehicleYear,PropCost,ThisCarCost,0.05245664330508457
VehicleYear,PropCost,ThisCarCost,0.05245664330508457
VehicleYear,PropCost,ThisCarCost,0.05245664330508457
VehicleYear,PropCost,ThisCarCost,0.05245664330508457
VehicleYear,PropCost,ThisCarCost,0.05245664330508457
VehicleYear,PropCost,ThisCarCost,0.05245664330508457
VehicleYear,OtherCarCost,Antilock,0.9904067396783527
VehicleYear,OtherCarCost,Antilock,0.9904067396783527
VehicleYear,OtherCarCost,Antilock,0.9904067396783527
VehicleYear,OtherCar,SocioEcon,0.26711060482976723
VehicleYear,OtherCar,SocioEcon,0.26711060482976723
VehicleYear,OtherCar,SocioEcon,0.26711060482976723
VehicleYear,OtherCar,SocioEcon,0.26711060482976723
VehicleYear,OtherCar,SocioEcon,0.26711060482976723
VehicleYear,OtherCar,SocioEcon,0.26711060482976723
VehicleYear,OtherCar,SocioEcon,0.26711060482976723
VehicleYear,OtherCar,SocioEcon,0.26711060482976723
VehicleYear,OtherCar,SocioEcon,0.26711060482976723
VehicleYear,OtherCar,SocioEcon,0.26711060482976723
VehicleYear,OtherCar,SocioEcon,0.26711060482976723
VehicleYear,MedCost,Cushioning,0.48285997409203885
VehicleYear,Cushioning,CarValue,5.910153955514505e-16
VehicleYear,Cushioning,CarValue,5.910153955514505e-16
VehicleYear,Cushioning,CarValue,5.910153955514505e-16
VehicleYear,Cushioning,CarValue,5.910153955514505e-16
VehicleYear,Cushioning,CarValue,5.910153955514505e-16
VehicleYear,Cushioning,CarValue,5.910153955514505e-16
VehicleYear,Cushioning,CarValue,5.910153955514505e-16
VehicleYear,Cushioning,CarValue,5.910153955514505e-16
VehicleYear,Cushioning,CarValue,5.910153955514505e-16
VehicleYear,Cushioning,CarValue,5.910153955514505e-16
VehicleYear,Cushioning,CarValue,5.910153955514505e-16
VehicleYear,Cushioning,CarValue,5.910153955514505e-16
VehicleYear,Cushioning,CarValue,5.910153955514505e-16
VehicleYear,Cushioning,CarValue,5.910153955514505e-16
VehicleYear,Cushioning,CarValue,5.910153955514505e-16
VehicleYear,Cushioning,CarValue,5.910153955514505e-16
VehicleYear,Airbag,CarValue,0.0
VehicleYear,Airbag,CarValue,0.0
VehicleYear,Airbag,CarValue,0.0
VehicleYear,Airbag,CarValue,0.0
VehicleYear,Airbag,CarValue,0.0
VehicleYear,Airbag,CarValue,0.0
VehicleYear,Airbag,CarValue,0.0
VehicleYear,Airbag,CarValue,0.0
VehicleYear,Airbag,CarValue,0.0
VehicleYear,Airbag,CarValue,0.0
VehicleYear,Airbag,CarValue,0.0
VehicleYear,Airbag,CarValue,0.0
VehicleYear,Airbag,CarValue,0.0
VehicleYear,Airbag,CarValue,0.0
VehicleYear,Airbag,CarValue,0.0
VehicleYear,Airbag,CarValue,0.0
ThisCarDam,RuggedAuto,CarValue,8.4593551348494e-11
ThisCarDam,RuggedAuto,CarValue,8.4593551348494e-11
ThisCarDam,RuggedAuto,CarValue,8.4593551348494e-11
ThisCarDam,RuggedAuto,CarValue,8.4593551348494e-11
ThisCarDam,RuggedAuto,CarValue,8.4593551348494e-11
ThisCarDam,RuggedAuto,CarValue,8.4593551348494e-11
ThisCarDam,RuggedAuto,CarValue,8.4593551348494e-11
ThisCarDam,RuggedAuto,CarValue,8.4593551348494e-11
ThisCarDam,RuggedAuto,CarValue,8.4593551348494e-11
ThisCarDam,RuggedAuto,CarValue,8.4593551348494e-11
ThisCarDam,RuggedAuto,CarValue,8.4593551348494e-11
ThisCarDam,RuggedAuto,CarValue,8.4593551348494e-11
ThisCarDam,RuggedAuto,CarValue,8.4593551348494e-11
ThisCarDam,RuggedAuto,CarValue,8.4593551348494e-11
ThisCarDam,RuggedAuto,CarValue,8.4593551348494e-11
ThisCarDam,RuggedAuto,CarValue,8.4593551348494e-11
ThisCarDam,RuggedAuto,CarValue,8.4593551348494e-11
ThisCarDam,RuggedAuto,CarValue,8.4593551348494e-11
ThisCarDam,Accident,CarValue,0.0
ThisCarDam,Accident,CarValue,0.0
ThisCarDam,Accident,CarValue,0.0
ThisCarDam,Accident,CarValue,0.0
ThisCarDam,Accident,CarValue,0.0
ThisCarDam,Accident,CarValue,0.0
ThisCarDam,Accident,CarValue,0.0
ThisCarDam,Accident,CarValue,0.0
ThisCarDam,Accident,CarValue,0.0
ThisCarDam,Accident,CarValue,0.0
ThisCarDam,Accident,CarValue,0.0
ThisCarDam,Accident,CarValue,0.0
ThisCarDam,Accident,CarValue,0.0
ThisCarDam,Accident,CarValue,0.0
ThisCarDam,Accident,CarValue,0.0
ThisCarDam,Accident,CarValue,0.0
ThisCarDam,Accident,CarValue,0.0
ThisCarDam,Accident,CarValue,0.0
ThisCarDam,MakeModel,CarValue,0.6711295697079817
ThisCarDam,MakeModel,CarValue,0.6711295697079817
ThisCarDam,MakeModel,CarValue,0.6711295697079817
ThisCarDam,MakeModel,CarValue,0.6711295697079817
ThisCarDam,MakeModel,CarValue,0.6711295697079817
ThisCarDam,MakeModel,CarValue,0.6711295697079817
ThisCarDam,MakeModel,CarValue,0.6711295697079817
ThisCarDam,MakeModel,CarValue,0.6711295697079817
ThisCarDam,MakeModel,CarValue,0.6711295697079817
ThisCarDam,MakeModel,CarValue,0.6711295697079817
ThisCarDam,MakeModel,CarValue,0.6711295697079817
ThisCarDam,MakeModel,CarValue,0.6711295697079817
ThisCarDam,MakeModel,CarValue,0.6711295697079817
ThisCarDam,MakeModel,CarValue,0.6711295697079817
ThisCarDam,MakeModel,CarValue,0.6711295697079817
ThisCarDam,MakeModel,CarValue,0.6711295697079817
ThisCarDam,MakeModel,CarValue,0.6711295697079817
ThisCarDam,MakeModel,CarValue,0.6711295697079817
ThisCarDam,DrivQuality,Accident,0.28912603891953614
ThisCarDam,DrivQuality,Accident,0.28912603891953614
ThisCarDam,DrivQuality,Accident,0.28912603891953614
ThisCarDam,DrivQuality,Accident,0.28912603891953614
ThisCarDam,DrivQuality,Accident,0.28912603891953614
ThisCarDam,DrivQuality,Accident,0.28912603891953614
ThisCarDam,DrivQuality,Accident,0.28912603891953614
ThisCarDam,Mileage,Accident,0.9621908071232028
ThisCarDam,Mileage,Accident,0.9621908071232028
ThisCarDam,Mileage,Accident,0.9621908071232028
ThisCarDam,Mileage,Accident,0.9621908071232028
ThisCarDam,Mileage,Accident,0.9621908071232028
ThisCarDam,Mileage,Accident,0.9621908071232028
ThisCarDam,Mileage,Accident,0.9621908071232028
ThisCarDam,Mileage,Accident,0.9621908071232028
ThisCarDam,Antilock,Accident,0.24188581713917479
ThisCarDam,Antilock,Accident,0.24188581713917479
ThisCarDam,Antilock,Accident,0.24188581713917479
ThisCarDam,Antilock,Accident,0.24188581713917479
ThisCarDam,Antilock,Accident,0.24188581713917479
ThisCarDam,Antilock,Accident,0.24188581713917479
ThisCarDam,Antilock,Accident,0.24188581713917479
ThisCarDam,DrivingSkill,DrivQuality,0.8705492630721199
ThisCarDam,DrivingSkill,DrivQuality,0.8705492630721199
ThisCarDam,DrivingSkill,DrivQuality,0.8705492630721199
ThisCarDam,DrivingSkill,DrivQuality,0.8705492630721199
ThisCarDam,DrivingSkill,DrivQuality,0.8705492630721199
ThisCarDam,DrivingSkill,DrivQuality,0.8705492630721199
ThisCarDam,DrivingSkill,DrivQuality,0.8705492630721199
ThisCarDam,ThisCarCost,CarValue,0.0
ThisCarDam,ThisCarCost,CarValue,0.0
ThisCarDam,ThisCarCost,CarValue,0.0
ThisCarDam,ThisCarCost,CarValue,0.0
ThisCarDam,ThisCarCost,CarValue,0.0
ThisCarDam,ThisCarCost,CarValue,0.0
ThisCarDam,ThisCarCost,CarValue,0.0
ThisCarDam,ThisCarCost,CarValue,0.0
ThisCarDam,ThisCarCost,CarValue,0.0
ThisCarDam,ThisCarCost,CarValue,0.0
ThisCarDam,ThisCarCost,CarValue,0.0
ThisCarDam,ThisCarCost,CarValue,0.0
ThisCarDam,ThisCarCost,CarValue,0.0
ThisCarDam,ThisCarCost,CarValue,0.0
ThisCarDam,ThisCarCost,CarValue,0.0
ThisCarDam,ThisCarCost,CarValue,0.0
ThisCarDam,ThisCarCost,CarValue,0.0
ThisCarDam,ThisCarCost,CarValue,0.0
ThisCarDam,CarValue,MakeModel,0.9808540788894606
ThisCarDam,CarValue,MakeModel,0.9808540788894606
ThisCarDam,HomeBase,Cushioning,0.7890809610063957
ThisCarDam,PropCost,CarValue,0.0
ThisCarDam,PropCost,CarValue,0.0
ThisCarDam,PropCost,CarValue,0.0
ThisCarDam,PropCost,CarValue,0.0
ThisCarDam,PropCost,CarValue,0.0
ThisCarDam,PropCost,CarValue,0.0
ThisCarDam,PropCost,CarValue,0.0
ThisCarDam,PropCost,CarValue,0.0
ThisCarDam,PropCost,CarValue,0.0
ThisCarDam,PropCost,CarValue,0.0
ThisCarDam,PropCost,CarValue,0.0
ThisCarDam,PropCost,CarValue,0.0
ThisCarDam,PropCost,CarValue,0.0
ThisCarDam,PropCost,CarValue,0.0
ThisCarDam,PropCost,CarValue,0.0
ThisCarDam,PropCost,CarValue,0.0
ThisCarDam,PropCost,CarValue,0.0
ThisCarDam,PropCost,CarValue,0.0
ThisCarDam,OtherCarCost,CarValue,4.8780618121052714e-259
ThisCarDam,OtherCarCost,CarValue,4.8780618121052714e-259
ThisCarDam,OtherCarCost,CarValue,4.8780618121052714e-259
ThisCarDam,OtherCarCost,CarValue,4.8780618121052714e-259
ThisCarDam,OtherCarCost,CarValue,4.8780618121052714e-259
ThisCarDam,OtherCarCost,CarValue,4.8780618121052714e-259
ThisCarDam,OtherCarCost,CarValue,4.8780618121052714e-259
ThisCarDam,OtherCarCost,CarValue,4.8780618121052714e-259
ThisCarDam,OtherCarCost,CarValue,4.8780618121052714e-259
ThisCarDam,OtherCarCost,CarValue,4.8780618121052714e-259
ThisCarDam,OtherCarCost,CarValue,4.8780618121052714e-259
ThisCarDam,OtherCarCost,CarValue,4.8780618121052714e-259
ThisCarDam,OtherCarCost,CarValue,4.8780618121052714e-259
ThisCarDam,OtherCarCost,CarValue,4.8780618121052714e-259
ThisCarDam,OtherCarCost,CarValue,4.8780618121052714e-259
ThisCarDam,OtherCarCost,CarValue,4.8780618121052714e-259
ThisCarDam,OtherCarCost,CarValue,4.8780618121052714e-259
ThisCarDam,OtherCarCost,CarValue,4.8780618121052714e-259
ThisCarDam,MedCost,CarValue,4.469322361546111e-102
ThisCarDam,MedCost,CarValue,4.469322361546111e-102
ThisCarDam,MedCost,CarValue,4.469322361546111e-102
ThisCarDam,MedCost,CarValue,4.469322361546111e-102
ThisCarDam,MedCost,CarValue,4.469322361546111e-102
ThisCarDam,MedCost,CarValue,4.469322361546111e-102
ThisCarDam,MedCost,CarValue,4.469322361546111e-102
ThisCarDam,MedCost,CarValue,4.469322361546111e-102
ThisCarDam,MedCost,CarValue,4.469322361546111e-102
ThisCarDam,MedCost,CarValue,4.469322361546111e-102
ThisCarDam,MedCost,CarValue,4.469322361546111e-102
ThisCarDam,MedCost,CarValue,4.469322361546111e-102
ThisCarDam,MedCost,CarValue,4.469322361546111e-102
ThisCarDam,MedCost,CarValue,4.469322361546111e-102
ThisCarDam,MedCost,CarValue,4.469322361546111e-102
ThisCarDam,MedCost,CarValue,4.469322361546111e-102
ThisCarDam,MedCost,CarValue,4.469322361546111e-102
ThisCarDam,MedCost,CarValue,4.469322361546111e-102
ThisCarDam,Cushioning,MakeModel,0.10132907045687296
ThisCarDam,Airbag,Cushioning,0.21712721873728946
ThisCarDam,ILiCost,CarValue,3.6585660637994435e-23
ThisCarDam,ILiCost,CarValue,3.6585660637994435e-23
ThisCarDam,ILiCost,CarValue,3.6585660637994435e-23
ThisCarDam,ILiCost,CarValue,3.6585660637994435e-23
ThisCarDam,ILiCost,CarValue,3.6585660637994435e-23
ThisCarDam,ILiCost,CarValue,3.6585660637994435e-23
ThisCarDam,ILiCost,CarValue,3.6585660637994435e-23
ThisCarDam,ILiCost,CarValue,3.6585660637994435e-23
ThisCarDam,ILiCost,CarValue,3.6585660637994435e-23
ThisCarDam,ILiCost,CarValue,3.6585660637994435e-23
ThisCarDam,ILiCost,CarValue,3.6585660637994435e-23
ThisCarDam,ILiCost,CarValue,3.6585660637994435e-23
ThisCarDam,ILiCost,CarValue,3.6585660637994435e-23
ThisCarDam,ILiCost,CarValue,3.6585660637994435e-23
ThisCarDam,ILiCost,CarValue,3.6585660637994435e-23
ThisCarDam,ILiCost,CarValue,3.6585660637994435e-23
ThisCarDam,ILiCost,CarValue,3.6585660637994435e-23
ThisCarDam,ILiCost,CarValue,3.6585660637994435e-23
ThisCarDam,DrivHist,Cushioning,0.12249514043269999
RuggedAuto,Accident,CarValue,6.641662379599016e-11
RuggedAuto,Accident,CarValue,6.641662379599016e-11
RuggedAuto,Accident,CarValue,6.641662379599016e-11
RuggedAuto,Accident,CarValue,6.641662379599016e-11
RuggedAuto,Accident,CarValue,6.641662379599016e-11
RuggedAuto,Accident,CarValue,6.641662379599016e-11
RuggedAuto,Accident,CarValue,6.641662379599016e-11
RuggedAuto,Accident,CarValue,6.641662379599016e-11
RuggedAuto,Accident,CarValue,6.641662379599016e-11
RuggedAuto,Accident,CarValue,6.641662379599016e-11
RuggedAuto,Accident,CarValue,6.641662379599016e-11
RuggedAuto,Accident,CarValue,6.641662379599016e-11
RuggedAuto,Accident,CarValue,6.641662379599016e-11
RuggedAuto,Accident,CarValue,6.641662379599016e-11
RuggedAuto,Accident,CarValue,6.641662379599016e-11
RuggedAuto,Accident,CarValue,6.641662379599016e-11
RuggedAuto,Accident,CarValue,6.641662379599016e-11
RuggedAuto,Accident,CarValue,6.641662379599016e-11
RuggedAuto,MakeModel,CarValue,0.0
RuggedAuto,MakeModel,CarValue,0.0
RuggedAuto,MakeModel,CarValue,0.0
RuggedAuto,MakeModel,CarValue,0.0
RuggedAuto,MakeModel,CarValue,0.0
RuggedAuto,MakeModel,CarValue,0.0
RuggedAuto,MakeModel,CarValue,0.0
RuggedAuto,MakeModel,CarValue,0.0
RuggedAuto,MakeModel,CarValue,0.0
RuggedAuto,MakeModel,CarValue,0.0
RuggedAuto,MakeModel,CarValue,0.0
RuggedAuto,MakeModel,CarValue,0.0
RuggedAuto,MakeModel,CarValue,0.0
RuggedAuto,MakeModel,CarValue,0.0
RuggedAuto,MakeModel,CarValue,0.0
RuggedAuto,MakeModel,CarValue,0.0
RuggedAuto,MakeModel,CarValue,0.0
RuggedAuto,MakeModel,CarValue,0.0
RuggedAuto,Mileage,Cushioning,0.09399575382711056
RuggedAuto,Antilock,CarValue,6.186126372583516e-17
RuggedAuto,Antilock,CarValue,6.186126372583516e-17
RuggedAuto,Antilock,CarValue,6.186126372583516e-17
RuggedAuto,Antilock,CarValue,6.186126372583516e-17
RuggedAuto,Antilock,CarValue,6.186126372583516e-17
RuggedAuto,Antilock,CarValue,6.186126372583516e-17
RuggedAuto,Antilock,CarValue,6.186126372583516e-17
RuggedAuto,Antilock,CarValue,6.186126372583516e-17
RuggedAuto,Antilock,CarValue,6.186126372583516e-17
RuggedAuto,Antilock,CarValue,6.186126372583516e-17
RuggedAuto,Antilock,CarValue,6.186126372583516e-17
RuggedAuto,Antilock,CarValue,6.186126372583516e-17
RuggedAuto,Antilock,CarValue,6.186126372583516e-17
RuggedAuto,Antilock,CarValue,6.186126372583516e-17
RuggedAuto,Antilock,CarValue,6.186126372583516e-17
RuggedAuto,Antilock,CarValue,6.186126372583516e-17
RuggedAuto,Antilock,CarValue,6.186126372583516e-17
RuggedAuto,Antilock,CarValue,6.186126372583516e-17
RuggedAuto,ThisCarCost,CarValue,0.00046445157542997055
RuggedAuto,ThisCarCost,CarValue,0.00046445157542997055
RuggedAuto,ThisCarCost,CarValue,0.00046445157542997055
RuggedAuto,ThisCarCost,CarValue,0.00046445157542997055
RuggedAuto,ThisCarCost,CarValue,0.00046445157542997055
RuggedAuto,ThisCarCost,CarValue,0.00046445157542997055
RuggedAuto,ThisCarCost,CarValue,0.00046445157542997055
RuggedAuto,ThisCarCost,CarValue,0.00046445157542997055
RuggedAuto,ThisCarCost,CarValue,0.00046445157542997055
RuggedAuto,ThisCarCost,CarValue,0.00046445157542997055
RuggedAuto,ThisCarCost,CarValue,0.00046445157542997055
RuggedAuto,ThisCarCost,CarValue,0.00046445157542997055
RuggedAuto,ThisCarCost,CarValue,0.00046445157542997055
RuggedAuto,ThisCarCost,CarValue,0.00046445157542997055
RuggedAuto,ThisCarCost,CarValue,0.00046445157542997055
RuggedAuto,ThisCarCost,CarValue,0.00046445157542997055
RuggedAuto,ThisCarCost,CarValue,0.00046445157542997055
RuggedAuto,ThisCarCost,CarValue,0.00046445157542997055
RuggedAuto,CarValue,VehicleYear,5.895507703481289e-41
RuggedAuto,CarValue,VehicleYear,5.895507703481289e-41
RuggedAuto,CarValue,VehicleYear,5.895507703481289e-41
RuggedAuto,CarValue,VehicleYear,5.895507703481289e-41
RuggedAuto,CarValue,VehicleYear,5.895507703481289e-41
RuggedAuto,CarValue,VehicleYear,5.895507703481289e-41
RuggedAuto,CarValue,VehicleYear,5.895507703481289e-41
RuggedAuto,CarValue,VehicleYear,5.895507703481289e-41
RuggedAuto,CarValue,VehicleYear,5.895507703481289e-41
RuggedAuto,CarValue,VehicleYear,5.895507703481289e-41
RuggedAuto,CarValue,VehicleYear,5.895507703481289e-41
RuggedAuto,CarValue,VehicleYear,5.895507703481289e-41
RuggedAuto,CarValue,VehicleYear,5.895507703481289e-41
RuggedAuto,CarValue,VehicleYear,5.895507703481289e-41
RuggedAuto,CarValue,VehicleYear,5.895507703481289e-41
RuggedAuto,CarValue,VehicleYear,5.895507703481289e-41
RuggedAuto,CarValue,VehicleYear,5.895507703481289e-41
RuggedAuto,CarValue,VehicleYear,5.895507703481289e-41
RuggedAuto,HomeBase,MakeModel,0.23779059692066634
RuggedAuto,HomeBase,MakeModel,0.23779059692066634
RuggedAuto,AntiTheft,Cushioning,0.8005445626172643
RuggedAuto,PropCost,Cushioning,0.25480772845378385
RuggedAuto,OtherCarCost,CarValue,1.9663108008074354e-22
RuggedAuto,OtherCarCost,CarValue,1.9663108008074354e-22
RuggedAuto,OtherCarCost,CarValue,1.9663108008074354e-22
RuggedAuto,OtherCarCost,CarValue,1.9663108008074354e-22
RuggedAuto,OtherCarCost,CarValue,1.9663108008074354e-22
RuggedAuto,OtherCarCost,CarValue,1.9663108008074354e-22
RuggedAuto,OtherCarCost,CarValue,1.9663108008074354e-22
RuggedAuto,OtherCarCost,CarValue,1.9663108008074354e-22
RuggedAuto,OtherCarCost,CarValue,1.9663108008074354e-22
RuggedAuto,OtherCarCost,CarValue,1.9663108008074354e-22
RuggedAuto,OtherCarCost,CarValue,1.9663108008074354e-22
RuggedAuto,OtherCarCost,CarValue,1.9663108008074354e-22
RuggedAuto,OtherCarCost,CarValue,1.9663108008074354e-22
RuggedAuto,OtherCarCost,CarValue,1.9663108008074354e-22
RuggedAuto,OtherCarCost,CarValue,1.9663108008074354e-22
RuggedAuto,OtherCarCost,CarValue,1.9663108008074354e-22
RuggedAuto,OtherCarCost,CarValue,1.9663108008074354e-22
RuggedAuto,OtherCarCost,CarValue,1.9663108008074354e-22
RuggedAuto,OtherCar,Cushioning,0.33986257217340443
RuggedAuto,MedCost,Cushioning,0.19152364718126252
RuggedAuto,Cushioning,CarValue,0.0
RuggedAuto,Cushioning,CarValue,0.0
RuggedAuto,Cushioning,CarValue,0.0
RuggedAuto,Cushioning,CarValue,0.0
RuggedAuto,Cushioning,CarValue,0.0
RuggedAuto,Cushioning,CarValue,0.0
RuggedAuto,Cushioning,CarValue,0.0
RuggedAuto,Cushioning,CarValue,0.0
RuggedAuto,Cushioning,CarValue,0.0
RuggedAuto,Cushioning,CarValue,0.0
RuggedAuto,Cushioning,CarValue,0.0
RuggedAuto,Cushioning,CarValue,0.0
RuggedAuto,Cushioning,CarValue,0.0
RuggedAuto,Cushioning,CarValue,0.0
RuggedAuto,Cushioning,CarValue,0.0
RuggedAuto,Cushioning,CarValue,0.0
RuggedAuto,Cushioning,CarValue,0.0
RuggedAuto,Cushioning,CarValue,0.0
RuggedAuto,Airbag,CarValue,6.734539335533028e-30
RuggedAuto,Airbag,CarValue,6.734539335533028e-30
RuggedAuto,Airbag,CarValue,6.734539335533028e-30
RuggedAuto,Airbag,CarValue,6.734539335533028e-30
RuggedAuto,Airbag,CarValue,6.734539335533028e-30
RuggedAuto,Airbag,CarValue,6.734539335533028e-30
RuggedAuto,Airbag,CarValue,6.734539335533028e-30
RuggedAuto,Airbag,CarValue,6.734539335533028e-30
RuggedAuto,Airbag,CarValue,6.734539335533028e-30
RuggedAuto,Airbag,CarValue,6.734539335533028e-30
RuggedAuto,Airbag,CarValue,6.734539335533028e-30
RuggedAuto,Airbag,CarValue,6.734539335533028e-30
RuggedAuto,Airbag,CarValue,6.734539335533028e-30
RuggedAuto,Airbag,CarValue,6.734539335533028e-30
RuggedAuto,Airbag,CarValue,6.734539335533028e-30
RuggedAuto,Airbag,CarValue,6.734539335533028e-30
RuggedAuto,Airbag,CarValue,6.734539335533028e-30
RuggedAuto,Airbag,CarValue,6.734539335533028e-30
Accident,MakeModel,CarValue,0.008944677161958164
Accident,MakeModel,CarValue,0.008944677161958164
Accident,MakeModel,CarValue,0.008944677161958164
Accident,MakeModel,CarValue,0.008944677161958164
Accident,MakeModel,CarValue,0.008944677161958164
Accident,MakeModel,CarValue,0.008944677161958164
Accident,MakeModel,CarValue,0.008944677161958164
Accident,MakeModel,CarValue,0.008944677161958164
Accident,MakeModel,CarValue,0.008944677161958164
Accident,MakeModel,CarValue,0.008944677161958164
Accident,MakeModel,CarValue,0.008944677161958164
Accident,MakeModel,CarValue,0.008944677161958164
Accident,MakeModel,CarValue,0.008944677161958164
Accident,MakeModel,CarValue,0.008944677161958164
Accident,MakeModel,CarValue,0.008944677161958164
Accident,MakeModel,CarValue,0.008944677161958164
Accident,MakeModel,CarValue,0.008944677161958164
Accident,DrivQuality,CarValue,2.7510282169147955e-11
Accident,DrivQuality,CarValue,2.7510282169147955e-11
Accident,DrivQuality,CarValue,2.7510282169147955e-11
Accident,DrivQuality,CarValue,2.7510282169147955e-11
Accident,DrivQuality,CarValue,2.7510282169147955e-11
Accident,DrivQuality,CarValue,2.7510282169147955e-11
Accident,DrivQuality,CarValue,2.7510282169147955e-11
Accident,DrivQuality,CarValue,2.7510282169147955e-11
Accident,DrivQuality,CarValue,2.7510282169147955e-11
Accident,DrivQuality,CarValue,2.7510282169147955e-11
Accident,DrivQuality,CarValue,2.7510282169147955e-11
Accident,DrivQuality,CarValue,2.7510282169147955e-11
Accident,DrivQuality,CarValue,2.7510282169147955e-11
Accident,DrivQuality,CarValue,2.7510282169147955e-11
Accident,DrivQuality,CarValue,2.7510282169147955e-11
Accident,DrivQuality,CarValue,2.7510282169147955e-11
Accident,DrivQuality,CarValue,2.7510282169147955e-11
Accident,Mileage,CarValue,2.818555856700202e-11
Accident,Mileage,CarValue,2.818555856700202e-11
Accident,Mileage,CarValue,2.818555856700202e-11
Accident,Mileage,CarValue,2.818555856700202e-11
Accident,Mileage,CarValue,2.818555856700202e-11
Accident,Mileage,CarValue,2.818555856700202e-11
Accident,Mileage,CarValue,2.818555856700202e-11
Accident,Mileage,CarValue,2.818555856700202e-11
Accident,Mileage,CarValue,2.818555856700202e-11
Accident,Mileage,CarValue,2.818555856700202e-11
Accident,Mileage,CarValue,2.818555856700202e-11
Accident,Mileage,CarValue,2.818555856700202e-11
Accident,Mileage,CarValue,2.818555856700202e-11
Accident,Mileage,CarValue,2.818555856700202e-11
Accident,Mileage,CarValue,2.818555856700202e-11
Accident,Mileage,CarValue,2.818555856700202e-11
Accident,Mileage,CarValue,2.818555856700202e-11
Accident,Antilock,CarValue,3.429784653610063e-06
Accident,Antilock,CarValue,3.429784653610063e-06
Accident,Antilock,CarValue,3.429784653610063e-06
Accident,Antilock,CarValue,3.429784653610063e-06
Accident,Antilock,CarValue,3.429784653610063e-06
Accident,Antilock,CarValue,3.429784653610063e-06
Accident,Antilock,CarValue,3.429784653610063e-06
Accident,Antilock,CarValue,3.429784653610063e-06
Accident,Antilock,CarValue,3.429784653610063e-06
Accident,Antilock,CarValue,3.429784653610063e-06
Accident,Antilock,CarValue,3.429784653610063e-06
Accident,Antilock,CarValue,3.429784653610063e-06
Accident,Antilock,CarValue,3.429784653610063e-06
Accident,Antilock,CarValue,3.429784653610063e-06
Accident,Antilock,CarValue,3.429784653610063e-06
Accident,Antilock,CarValue,3.429784653610063e-06
Accident,Antilock,CarValue,3.429784653610063e-06
Accident,DrivingSkill,DrivQuality,0.985996741873504
Accident,DrivingSkill,DrivQuality,0.985996741873504
Accident,DrivingSkill,DrivQuality,0.985996741873504
Accident,DrivingSkill,DrivQuality,0.985996741873504
Accident,DrivingSkill,DrivQuality,0.985996741873504
Accident,DrivingSkill,DrivQuality,0.985996741873504
Accident,DrivingSkill,DrivQuality,0.985996741873504
Accident,DrivingSkill,DrivQuality,0.985996741873504
Accident,ThisCarCost,ThisCarDam,0.08246113969257884
Accident,ThisCarCost,ThisCarDam,0.08246113969257884
Accident,ThisCarCost,ThisCarDam,0.08246113969257884
Accident,ThisCarCost,ThisCarDam,0.08246113969257884
Accident,ThisCarCost,ThisCarDam,0.08246113969257884
Accident,CarValue,MakeModel,0.390148655731548
Accident,CarValue,MakeModel,0.390148655731548
Accident,PropCost,CarValue,0.0
Accident,PropCost,CarValue,0.0
Accident,PropCost,CarValue,0.0
Accident,PropCost,CarValue,0.0
Accident,PropCost,CarValue,0.0
Accident,PropCost,CarValue,0.0
Accident,PropCost,CarValue,0.0
Accident,PropCost,CarValue,0.0
Accident,PropCost,CarValue,0.0
Accident,PropCost,CarValue,0.0
Accident,PropCost,CarValue,0.0
Accident,PropCost,CarValue,0.0
Accident,PropCost,CarValue,0.0
Accident,PropCost,CarValue,0.0
Accident,PropCost,CarValue,0.0
Accident,PropCost,CarValue,0.0
Accident,PropCost,CarValue,0.0
Accident,OtherCarCost,CarValue,0.0
Accident,OtherCarCost,CarValue,0.0
Accident,OtherCarCost,CarValue,0.0
Accident,OtherCarCost,CarValue,0.0
Accident,OtherCarCost,CarValue,0.0
Accident,OtherCarCost,CarValue,0.0
Accident,OtherCarCost,CarValue,0.0
Accident,OtherCarCost,CarValue,0.0
Accident,OtherCarCost,CarValue,0.0
Accident,OtherCarCost,CarValue,0.0
Accident,OtherCarCost,CarValue,0.0
Accident,OtherCarCost,CarValue,0.0
Accident,OtherCarCost,CarValue,0.0
Accident,OtherCarCost,CarValue,0.0
Accident,OtherCarCost,CarValue,0.0
Accident,OtherCarCost,CarValue,0.0
Accident,OtherCarCost,CarValue,0.0
Accident,MedCost,CarValue,7.597192125855029e-93
Accident,MedCost,CarValue,7.597192125855029e-93
Accident,MedCost,CarValue,7.597192125855029e-93
Accident,MedCost,CarValue,7.597192125855029e-93
Accident,MedCost,CarValue,7.597192125855029e-93
Accident,MedCost,CarValue,7.597192125855029e-93
Accident,MedCost,CarValue,7.597192125855029e-93
Accident,MedCost,CarValue,7.597192125855029e-93
Accident,MedCost,CarValue,7.597192125855029e-93
Accident,MedCost,CarValue,7.597192125855029e-93
Accident,MedCost,CarValue,7.597192125855029e-93
Accident,MedCost,CarValue,7.597192125855029e-93
Accident,MedCost,CarValue,7.597192125855029e-93
Accident,MedCost,CarValue,7.597192125855029e-93
Accident,MedCost,CarValue,7.597192125855029e-93
Accident,MedCost,CarValue,7.597192125855029e-93
Accident,MedCost,CarValue,7.597192125855029e-93
Accident,Cushioning,MakeModel,0.6813620380265918
Accident,Airbag,Antilock,0.534146316071404
Accident,Airbag,Antilock,0.534146316071404
Accident,Airbag,Antilock,0.534146316071404
Accident,ILiCost,CarValue,1.948695135893213e-39
Accident,ILiCost,CarValue,1.948695135893213e-39
Accident,ILiCost,CarValue,1.948695135893213e-39
Accident,ILiCost,CarValue,1.948695135893213e-39
Accident,ILiCost,CarValue,1.948695135893213e-39
Accident,ILiCost,CarValue,1.948695135893213e-39
Accident,ILiCost,CarValue,1.948695135893213e-39
Accident,ILiCost,CarValue,1.948695135893213e-39
Accident,ILiCost,CarValue,1.948695135893213e-39
Accident,ILiCost,CarValue,1.948695135893213e-39
Accident,ILiCost,CarValue,1.948695135893213e-39
Accident,ILiCost,CarValue,1.948695135893213e-39
Accident,ILiCost,CarValue,1.948695135893213e-39
Accident,ILiCost,CarValue,1.948695135893213e-39
Accident,ILiCost,CarValue,1.948695135893213e-39
Accident,ILiCost,CarValue,1.948695135893213e-39
Accident,ILiCost,CarValue,1.948695135893213e-39
Accident,DrivHist,MakeModel,0.16397775596739084
Accident,DrivHist,MakeModel,0.16397775596739084
MakeModel,Antilock,CarValue,1.4248439134131334e-63
MakeModel,Antilock,CarValue,1.4248439134131334e-63
MakeModel,Antilock,CarValue,1.4248439134131334e-63
MakeModel,Antilock,CarValue,1.4248439134131334e-63
MakeModel,Antilock,CarValue,1.4248439134131334e-63
MakeModel,Antilock,CarValue,1.4248439134131334e-63
MakeModel,Antilock,CarValue,1.4248439134131334e-63
MakeModel,Antilock,CarValue,1.4248439134131334e-63
MakeModel,Antilock,CarValue,1.4248439134131334e-63
MakeModel,Antilock,CarValue,1.4248439134131334e-63
MakeModel,Antilock,CarValue,1.4248439134131334e-63
MakeModel,Antilock,CarValue,1.4248439134131334e-63
MakeModel,Antilock,CarValue,1.4248439134131334e-63
MakeModel,Antilock,CarValue,1.4248439134131334e-63
MakeModel,Antilock,CarValue,1.4248439134131334e-63
MakeModel,Antilock,CarValue,1.4248439134131334e-63
MakeModel,Antilock,CarValue,1.4248439134131334e-63
MakeModel,Antilock,CarValue,1.4248439134131334e-63
MakeModel,Antilock,CarValue,1.4248439134131334e-63
MakeModel,ThisCarCost,CarValue,5.393506054617879e-05
MakeModel,ThisCarCost,CarValue,5.393506054617879e-05
MakeModel,ThisCarCost,CarValue,5.393506054617879e-05
MakeModel,ThisCarCost,CarValue,5.393506054617879e-05
MakeModel,ThisCarCost,CarValue,5.393506054617879e-05
MakeModel,ThisCarCost,CarValue,5.393506054617879e-05
MakeModel,ThisCarCost,CarValue,5.393506054617879e-05
MakeModel,ThisCarCost,CarValue,5.393506054617879e-05
MakeModel,ThisCarCost,CarValue,5.393506054617879e-05
MakeModel,ThisCarCost,CarValue,5.393506054617879e-05
MakeModel,ThisCarCost,CarValue,5.393506054617879e-05
MakeModel,ThisCarCost,CarValue,5.393506054617879e-05
MakeModel,ThisCarCost,CarValue,5.393506054617879e-05
MakeModel,ThisCarCost,CarValue,5.393506054617879e-05
MakeModel,ThisCarCost,CarValue,5.393506054617879e-05
MakeModel,ThisCarCost,CarValue,5.393506054617879e-05
MakeModel,ThisCarCost,CarValue,5.393506054617879e-05
MakeModel,ThisCarCost,CarValue,5.393506054617879e-05
MakeModel,ThisCarCost,CarValue,5.393506054617879e-05
MakeModel,Theft,GoodStudent,0.06533282555701364
MakeModel,Theft,GoodStudent,0.06533282555701364
MakeModel,Theft,GoodStudent,0.06533282555701364
MakeModel,Theft,GoodStudent,0.06533282555701364
MakeModel,Theft,GoodStudent,0.06533282555701364
MakeModel,Theft,GoodStudent,0.06533282555701364
MakeModel,Theft,GoodStudent,0.06533282555701364
MakeModel,CarValue,VehicleYear,0.0
MakeModel,CarValue,VehicleYear,0.0
MakeModel,CarValue,VehicleYear,0.0
MakeModel,CarValue,VehicleYear,0.0
MakeModel,CarValue,VehicleYear,0.0
MakeModel,CarValue,VehicleYear,0.0
MakeModel,CarValue,VehicleYear,0.0
MakeModel,CarValue,VehicleYear,0.0
MakeModel,CarValue,VehicleYear,0.0
MakeModel,CarValue,VehicleYear,0.0
MakeModel,CarValue,VehicleYear,0.0
MakeModel,CarValue,VehicleYear,0.0
MakeModel,CarValue,VehicleYear,0.0
MakeModel,CarValue,VehicleYear,0.0
MakeModel,CarValue,VehicleYear,0.0
MakeModel,CarValue,VehicleYear,0.0
MakeModel,CarValue,VehicleYear,0.0
MakeModel,CarValue,VehicleYear,0.0
MakeModel,CarValue,VehicleYear,0.0
MakeModel,HomeBase,SocioEcon,0.1534897737950381
MakeModel,HomeBase,SocioEcon,0.1534897737950381
MakeModel,HomeBase,SocioEcon,0.1534897737950381
MakeModel,HomeBase,SocioEcon,0.1534897737950381
MakeModel,HomeBase,SocioEcon,0.1534897737950381
MakeModel,HomeBase,SocioEcon,0.1534897737950381
MakeModel,HomeBase,SocioEcon,0.1534897737950381
MakeModel,HomeBase,SocioEcon,0.1534897737950381
MakeModel,HomeBase,SocioEcon,0.1534897737950381
MakeModel,HomeBase,SocioEcon,0.1534897737950381
MakeModel,HomeBase,SocioEcon,0.1534897737950381
MakeModel,HomeBase,SocioEcon,0.1534897737950381
MakeModel,HomeBase,SocioEcon,0.1534897737950381
MakeModel,AntiTheft,SocioEcon,0.9807228700463142
MakeModel,AntiTheft,SocioEcon,0.9807228700463142
MakeModel,AntiTheft,SocioEcon,0.9807228700463142
MakeModel,AntiTheft,SocioEcon,0.9807228700463142
MakeModel,AntiTheft,SocioEcon,0.9807228700463142
MakeModel,AntiTheft,SocioEcon,0.9807228700463142
MakeModel,AntiTheft,SocioEcon,0.9807228700463142
MakeModel,AntiTheft,SocioEcon,0.9807228700463142
MakeModel,AntiTheft,SocioEcon,0.9807228700463142
MakeModel,AntiTheft,SocioEcon,0.9807228700463142
MakeModel,AntiTheft,SocioEcon,0.9807228700463142
MakeModel,AntiTheft,SocioEcon,0.9807228700463142
MakeModel,AntiTheft,SocioEcon,0.9807228700463142
MakeModel,PropCost,CarValue,0.70018716353901
MakeModel,PropCost,CarValue,0.70018716353901
MakeModel,PropCost,CarValue,0.70018716353901
MakeModel,PropCost,CarValue,0.70018716353901
MakeModel,PropCost,CarValue,0.70018716353901
MakeModel,PropCost,CarValue,0.70018716353901
MakeModel,PropCost,CarValue,0.70018716353901
MakeModel,PropCost,CarValue,0.70018716353901
MakeModel,PropCost,CarValue,0.70018716353901
MakeModel,PropCost,CarValue,0.70018716353901
MakeModel,PropCost,CarValue,0.70018716353901
MakeModel,PropCost,CarValue,0.70018716353901
MakeModel,PropCost,CarValue,0.70018716353901
MakeModel,PropCost,CarValue,0.70018716353901
MakeModel,PropCost,CarValue,0.70018716353901
MakeModel,PropCost,CarValue,0.70018716353901
MakeModel,PropCost,CarValue,0.70018716353901
MakeModel,PropCost,CarValue,0.70018716353901
MakeModel,PropCost,CarValue,0.70018716353901
MakeModel,OtherCarCost,CarValue,1.9771245551607806e-05
MakeModel,OtherCarCost,CarValue,1.9771245551607806e-05
MakeModel,OtherCarCost,CarValue,1.9771245551607806e-05
MakeModel,OtherCarCost,CarValue,1.9771245551607806e-05
MakeModel,OtherCarCost,CarValue,1.9771245551607806e-05
MakeModel,OtherCarCost,CarValue,1.9771245551607806e-05
MakeModel,OtherCarCost,CarValue,1.9771245551607806e-05
MakeModel,OtherCarCost,CarValue,1.9771245551607806e-05
MakeModel,OtherCarCost,CarValue,1.9771245551607806e-05
MakeModel,OtherCarCost,CarValue,1.9771245551607806e-05
MakeModel,OtherCarCost,CarValue,1.9771245551607806e-05
MakeModel,OtherCarCost,CarValue,1.9771245551607806e-05
MakeModel,OtherCarCost,CarValue,1.9771245551607806e-05
MakeModel,OtherCarCost,CarValue,1.9771245551607806e-05
MakeModel,OtherCarCost,CarValue,1.9771245551607806e-05
MakeModel,OtherCarCost,CarValue,1.9771245551607806e-05
MakeModel,OtherCarCost,CarValue,1.9771245551607806e-05
MakeModel,OtherCarCost,CarValue,1.9771245551607806e-05
MakeModel,OtherCarCost,CarValue,1.9771245551607806e-05
MakeModel,OtherCar,SocioEcon,0.5985757743175191
MakeModel,OtherCar,SocioEcon,0.5985757743175191
MakeModel,OtherCar,SocioEcon,0.5985757743175191
MakeModel,OtherCar,SocioEcon,0.5985757743175191
MakeModel,OtherCar,SocioEcon,0.5985757743175191
MakeModel,OtherCar,SocioEcon,0.5985757743175191
MakeModel,OtherCar,SocioEcon,0.5985757743175191
MakeModel,OtherCar,SocioEcon,0.5985757743175191
MakeModel,OtherCar,SocioEcon,0.5985757743175191
MakeModel,OtherCar,SocioEcon,0.5985757743175191
MakeModel,OtherCar,SocioEcon,0.5985757743175191
MakeModel,OtherCar,SocioEcon,0.5985757743175191
MakeModel,MedCost,Cushioning,0.21265679051855257
MakeModel,Cushioning,CarValue,5.549427878592887e-267
MakeModel,Cushioning,CarValue,5.549427878592887e-267
MakeModel,Cushioning,CarValue,5.549427878592887e-267
MakeModel,Cushioning,CarValue,5.549427878592887e-267
MakeModel,Cushioning,CarValue,5.549427878592887e-267
MakeModel,Cushioning,CarValue,5.549427878592887e-267
MakeModel,Cushioning,CarValue,5.549427878592887e-267
MakeModel,Cushioning,CarValue,5.549427878592887e-267
MakeModel,Cushioning,CarValue,5.549427878592887e-267
MakeModel,Cushioning,CarValue,5.549427878592887e-267
MakeModel,Cushioning,CarValue,5.549427878592887e-267
MakeModel,Cushioning,CarValue,5.549427878592887e-267
MakeModel,Cushioning,CarValue,5.549427878592887e-267
MakeModel,Cushioning,CarValue,5.549427878592887e-267
MakeModel,Cushioning,CarValue,5.549427878592887e-267
MakeModel,Cushioning,CarValue,5.549427878592887e-267
MakeModel,Cushioning,CarValue,5.549427878592887e-267
MakeModel,Cushioning,CarValue,5.549427878592887e-267
MakeModel,Cushioning,CarValue,5.549427878592887e-267
MakeModel,Airbag,CarValue,1.3919856982090994e-37
MakeModel,Airbag,CarValue,1.3919856982090994e-37
MakeModel,Airbag,CarValue,1.3919856982090994e-37
MakeModel,Airbag,CarValue,1.3919856982090994e-37
MakeModel,Airbag,CarValue,1.3919856982090994e-37
MakeModel,Airbag,CarValue,1.3919856982090994e-37
MakeModel,Airbag,CarValue,1.3919856982090994e-37
MakeModel,Airbag,CarValue,1.3919856982090994e-37
MakeModel,Airbag,CarValue,1.3919856982090994e-37
MakeModel,Airbag,CarValue,1.3919856982090994e-37
MakeModel,Airbag,CarValue,1.3919856982090994e-37
MakeModel,Airbag,CarValue,1.3919856982090994e-37
MakeModel,Airbag,CarValue,1.3919856982090994e-37
MakeModel,Airbag,CarValue,1.3919856982090994e-37
MakeModel,Airbag,CarValue,1.3919856982090994e-37
MakeModel,Airbag,CarValue,1.3919856982090994e-37
MakeModel,Airbag,CarValue,1.3919856982090994e-37
MakeModel,Airbag,CarValue,1.3919856982090994e-37
MakeModel,Airbag,CarValue,1.3919856982090994e-37
DrivQuality,DrivingSkill,OtherCarCost,5.936747211489641e-209
DrivQuality,DrivingSkill,OtherCarCost,5.936747211489641e-209
DrivQuality,DrivingSkill,OtherCarCost,5.936747211489641e-209
DrivQuality,DrivingSkill,OtherCarCost,5.936747211489641e-209
DrivQuality,DrivingSkill,OtherCarCost,5.936747211489641e-209
DrivQuality,DrivingSkill,OtherCarCost,5.936747211489641e-209
DrivQuality,DrivingSkill,OtherCarCost,5.936747211489641e-209
DrivQuality,DrivingSkill,OtherCarCost,5.936747211489641e-209
DrivQuality,DrivingSkill,OtherCarCost,5.936747211489641e-209
DrivQuality,DrivingSkill,OtherCarCost,5.936747211489641e-209
DrivQuality,DrivingSkill,OtherCarCost,5.936747211489641e-209
DrivQuality,DrivingSkill,OtherCarCost,5.936747211489641e-209
DrivQuality,DrivingSkill,OtherCarCost,5.936747211489641e-209
DrivQuality,SeniorTrain,OtherCarCost,2.9944816631276074e-10
DrivQuality,SeniorTrain,OtherCarCost,2.9944816631276074e-10
DrivQuality,SeniorTrain,OtherCarCost,2.9944816631276074e-10
DrivQuality,SeniorTrain,OtherCarCost,2.9944816631276074e-10
DrivQuality,SeniorTrain,OtherCarCost,2.9944816631276074e-10
DrivQuality,SeniorTrain,OtherCarCost,2.9944816631276074e-10
DrivQuality,SeniorTrain,OtherCarCost,2.9944816631276074e-10
DrivQuality,SeniorTrain,OtherCarCost,2.9944816631276074e-10
DrivQuality,SeniorTrain,OtherCarCost,2.9944816631276074e-10
DrivQuality,SeniorTrain,OtherCarCost,2.9944816631276074e-10
DrivQuality,SeniorTrain,OtherCarCost,2.9944816631276074e-10
DrivQuality,SeniorTrain,OtherCarCost,2.9944816631276074e-10
DrivQuality,SeniorTrain,OtherCarCost,2.9944816631276074e-10
DrivQuality,ThisCarCost,OtherCarCost,0.0007076486285950101
DrivQuality,ThisCarCost,OtherCarCost,0.0007076486285950101
DrivQuality,ThisCarCost,OtherCarCost,0.0007076486285950101
DrivQuality,ThisCarCost,OtherCarCost,0.0007076486285950101
DrivQuality,ThisCarCost,OtherCarCost,0.0007076486285950101
DrivQuality,ThisCarCost,OtherCarCost,0.0007076486285950101
DrivQuality,ThisCarCost,OtherCarCost,0.0007076486285950101
DrivQuality,ThisCarCost,OtherCarCost,0.0007076486285950101
DrivQuality,ThisCarCost,OtherCarCost,0.0007076486285950101
DrivQuality,ThisCarCost,OtherCarCost,0.0007076486285950101
DrivQuality,ThisCarCost,OtherCarCost,0.0007076486285950101
DrivQuality,ThisCarCost,OtherCarCost,0.0007076486285950101
DrivQuality,ThisCarCost,OtherCarCost,0.0007076486285950101
DrivQuality,Theft,OtherCarCost,0.0008984837933446701
DrivQuality,Theft,OtherCarCost,0.0008984837933446701
DrivQuality,Theft,OtherCarCost,0.0008984837933446701
DrivQuality,Theft,OtherCarCost,0.0008984837933446701
DrivQuality,Theft,OtherCarCost,0.0008984837933446701
DrivQuality,Theft,OtherCarCost,0.0008984837933446701
DrivQuality,Theft,OtherCarCost,0.0008984837933446701
DrivQuality,Theft,OtherCarCost,0.0008984837933446701
DrivQuality,Theft,OtherCarCost,0.0008984837933446701
DrivQuality,Theft,OtherCarCost,0.0008984837933446701
DrivQuality,Theft,OtherCarCost,0.0008984837933446701
DrivQuality,Theft,OtherCarCost,0.0008984837933446701
DrivQuality,Theft,OtherCarCost,0.0008984837933446701
DrivQuality,HomeBase,RiskAversion,0.11005946522611001
DrivQuality,PropCost,RiskAversion,0.09116728528938572
DrivQuality,OtherCarCost,ThisCarDam,0.16713150629757703
DrivQuality,OtherCarCost,ThisCarDam,0.16713150629757703
DrivQuality,MedCost,RiskAversion,0.10595630410451197
DrivQuality,ILiCost,RiskAversion,0.051159160009371554
DrivQuality,DrivHist,OtherCarCost,8.99345532075897e-135
DrivQuality,DrivHist,OtherCarCost,8.99345532075897e-135
DrivQuality,DrivHist,OtherCarCost,8.99345532075897e-135
DrivQuality,DrivHist,OtherCarCost,8.99345532075897e-135
DrivQuality,DrivHist,OtherCarCost,8.99345532075897e-135
DrivQuality,DrivHist,OtherCarCost,8.99345532075897e-135
DrivQuality,DrivHist,OtherCarCost,8.99345532075897e-135
DrivQuality,DrivHist,OtherCarCost,8.99345532075897e-135
DrivQuality,DrivHist,OtherCarCost,8.99345532075897e-135
DrivQuality,DrivHist,OtherCarCost,8.99345532075897e-135
DrivQuality,DrivHist,OtherCarCost,8.99345532075897e-135
DrivQuality,DrivHist,OtherCarCost,8.99345532075897e-135
DrivQuality,DrivHist,OtherCarCost,8.99345532075897e-135
Mileage,ThisCarCost,ThisCarDam,0.4205247499418276
Mileage,ThisCarCost,ThisCarDam,0.4205247499418276
Mileage,ThisCarCost,ThisCarDam,0.4205247499418276
Mileage,CarValue,OtherCarCost,9.067551940437714e-36
Mileage,CarValue,OtherCarCost,9.067551940437714e-36
Mileage,CarValue,OtherCarCost,9.067551940437714e-36
Mileage,CarValue,OtherCarCost,9.067551940437714e-36
Mileage,CarValue,OtherCarCost,9.067551940437714e-36
Mileage,CarValue,OtherCarCost,9.067551940437714e-36
Mileage,CarValue,OtherCarCost,9.067551940437714e-36
Mileage,PropCost,ThisCarCost,0.6219776605185219
Mileage,PropCost,ThisCarCost,0.6219776605185219
Mileage,PropCost,ThisCarCost,0.6219776605185219
Mileage,PropCost,ThisCarCost,0.6219776605185219
Mileage,OtherCarCost,ThisCarDam,0.051281273449810476
Mileage,OtherCarCost,ThisCarDam,0.051281273449810476
Mileage,OtherCarCost,ThisCarDam,0.051281273449810476
Mileage,Cushioning,RuggedAuto,0.24487601952558286
Antilock,ThisCarCost,CarValue,0.006843963224774675
Antilock,ThisCarCost,CarValue,0.006843963224774675
Antilock,ThisCarCost,CarValue,0.006843963224774675
Antilock,ThisCarCost,CarValue,0.006843963224774675
Antilock,ThisCarCost,CarValue,0.006843963224774675
Antilock,ThisCarCost,CarValue,0.006843963224774675
Antilock,ThisCarCost,CarValue,0.006843963224774675
Antilock,ThisCarCost,CarValue,0.006843963224774675
Antilock,ThisCarCost,CarValue,0.006843963224774675
Antilock,ThisCarCost,CarValue,0.006843963224774675
Antilock,ThisCarCost,CarValue,0.006843963224774675
Antilock,ThisCarCost,CarValue,0.006843963224774675
Antilock,ThisCarCost,CarValue,0.006843963224774675
Antilock,ThisCarCost,CarValue,0.006843963224774675
Antilock,ThisCarCost,CarValue,0.006843963224774675
Antilock,ThisCarCost,CarValue,0.006843963224774675
Antilock,CarValue,MedCost,0.0
Antilock,CarValue,MedCost,0.0
Antilock,CarValue,MedCost,0.0
Antilock,CarValue,MedCost,0.0
Antilock,CarValue,MedCost,0.0
Antilock,CarValue,MedCost,0.0
Antilock,CarValue,MedCost,0.0
Antilock,CarValue,MedCost,0.0
Antilock,CarValue,MedCost,0.0
Antilock,CarValue,MedCost,0.0
Antilock,CarValue,MedCost,0.0
Antilock,CarValue,MedCost,0.0
Antilock,CarValue,MedCost,0.0
Antilock,CarValue,MedCost,0.0
Antilock,CarValue,MedCost,0.0
Antilock,CarValue,MedCost,0.0
Antilock,HomeBase,SocioEcon,0.6493187118078652
Antilock,HomeBase,SocioEcon,0.6493187118078652
Antilock,HomeBase,SocioEcon,0.6493187118078652
Antilock,HomeBase,SocioEcon,0.6493187118078652
Antilock,HomeBase,SocioEcon,0.6493187118078652
Antilock,HomeBase,SocioEcon,0.6493187118078652
Antilock,HomeBase,SocioEcon,0.6493187118078652
Antilock,HomeBase,SocioEcon,0.6493187118078652
Antilock,HomeBase,SocioEcon,0.6493187118078652
Antilock,HomeBase,SocioEcon,0.6493187118078652
Antilock,HomeBase,SocioEcon,0.6493187118078652
Antilock,AntiTheft,SocioEcon,0.9004717223370937
Antilock,AntiTheft,SocioEcon,0.9004717223370937
Antilock,AntiTheft,SocioEcon,0.9004717223370937
Antilock,AntiTheft,SocioEcon,0.9004717223370937
Antilock,AntiTheft,SocioEcon,0.9004717223370937
Antilock,AntiTheft,SocioEcon,0.9004717223370937
Antilock,AntiTheft,SocioEcon,0.9004717223370937
Antilock,AntiTheft,SocioEcon,0.9004717223370937
Antilock,AntiTheft,SocioEcon,0.9004717223370937
Antilock,AntiTheft,SocioEcon,0.9004717223370937
Antilock,AntiTheft,SocioEcon,0.9004717223370937
Antilock,PropCost,CarValue,0.017898946050908863
Antilock,PropCost,CarValue,0.017898946050908863
Antilock,PropCost,CarValue,0.017898946050908863
Antilock,PropCost,CarValue,0.017898946050908863
Antilock,PropCost,CarValue,0.017898946050908863
Antilock,PropCost,CarValue,0.017898946050908863
Antilock,PropCost,CarValue,0.017898946050908863
Antilock,PropCost,CarValue,0.017898946050908863
Antilock,PropCost,CarValue,0.017898946050908863
Antilock,PropCost,CarValue,0.017898946050908863
Antilock,PropCost,CarValue,0.017898946050908863
Antilock,PropCost,CarValue,0.017898946050908863
Antilock,PropCost,CarValue,0.017898946050908863
Antilock,PropCost,CarValue,0.017898946050908863
Antilock,PropCost,CarValue,0.017898946050908863
Antilock,PropCost,CarValue,0.017898946050908863
Antilock,OtherCarCost,Accident,0.1239454421134596
Antilock,OtherCarCost,Accident,0.1239454421134596
Antilock,OtherCarCost,Accident,0.1239454421134596
Antilock,OtherCarCost,Accident,0.1239454421134596
Antilock,OtherCarCost,Accident,0.1239454421134596
Antilock,OtherCarCost,Accident,0.1239454421134596
Antilock,OtherCarCost,Accident,0.1239454421134596
Antilock,OtherCarCost,Accident,0.1239454421134596
Antilock,OtherCarCost,Accident,0.1239454421134596
Antilock,OtherCar,SocioEcon,0.13327314415561836
Antilock,OtherCar,SocioEcon,0.13327314415561836
Antilock,OtherCar,SocioEcon,0.13327314415561836
Antilock,OtherCar,SocioEcon,0.13327314415561836
Antilock,OtherCar,SocioEcon,0.13327314415561836
Antilock,OtherCar,SocioEcon,0.13327314415561836
Antilock,OtherCar,SocioEcon,0.13327314415561836
Antilock,OtherCar,SocioEcon,0.13327314415561836
Antilock,OtherCar,SocioEcon,0.13327314415561836
Antilock,OtherCar,SocioEcon,0.13327314415561836
Antilock,MedCost,Cushioning,0.11602098124227939
Antilock,Cushioning,Airbag,0.8146382143842281
Antilock,Cushioning,Airbag,0.8146382143842281
Antilock,Cushioning,Airbag,0.8146382143842281
Antilock,Cushioning,Airbag,0.8146382143842281
Antilock,Cushioning,Airbag,0.8146382143842281
Antilock,Cushioning,Airbag,0.8146382143842281
Antilock,Cushioning,Airbag,0.8146382143842281
Antilock,Cushioning,Airbag,0.8146382143842281
Antilock,Cushioning,Airbag,0.8146382143842281
Antilock,Cushioning,Airbag,0.8146382143842281
Antilock,Cushioning,Airbag,0.8146382143842281
Antilock,Airbag,CarValue,4.031366227502091e-44
Antilock,Airbag,CarValue,4.031366227502091e-44
Antilock,Airbag,CarValue,4.031366227502091e-44
Antilock,Airbag,CarValue,4.031366227502091e-44
Antilock,Airbag,CarValue,4.031366227502091e-44
Antilock,Airbag,CarValue,4.031366227502091e-44
Antilock,Airbag,CarValue,4.031366227502091e-44
Antilock,Airbag,CarValue,4.031366227502091e-44
Antilock,Airbag,CarValue,4.031366227502091e-44
Antilock,Airbag,CarValue,4.031366227502091e-44
Antilock,Airbag,CarValue,4.031366227502091e-44
Antilock,Airbag,CarValue,4.031366227502091e-44
Antilock,Airbag,CarValue,4.031366227502091e-44
Antilock,Airbag,CarValue,4.031366227502091e-44
Antilock,Airbag,CarValue,4.031366227502091e-44
Antilock,Airbag,CarValue,4.031366227502091e-44
DrivingSkill,SeniorTrain,OtherCarCost,0.0003202869988888562
DrivingSkill,SeniorTrain,OtherCarCost,0.0003202869988888562
DrivingSkill,SeniorTrain,OtherCarCost,0.0003202869988888562
DrivingSkill,SeniorTrain,OtherCarCost,0.0003202869988888562
DrivingSkill,SeniorTrain,OtherCarCost,0.0003202869988888562
DrivingSkill,SeniorTrain,OtherCarCost,0.0003202869988888562
DrivingSkill,SeniorTrain,OtherCarCost,0.0003202869988888562
DrivingSkill,SeniorTrain,OtherCarCost,0.0003202869988888562
DrivingSkill,SeniorTrain,OtherCarCost,0.0003202869988888562
DrivingSkill,SeniorTrain,OtherCarCost,0.0003202869988888562
DrivingSkill,SeniorTrain,OtherCarCost,0.0003202869988888562
DrivingSkill,SeniorTrain,OtherCarCost,0.0003202869988888562
DrivingSkill,SeniorTrain,OtherCarCost,0.0003202869988888562
DrivingSkill,ThisCarCost,OtherCarCost,0.0023277569322873487
DrivingSkill,ThisCarCost,OtherCarCost,0.0023277569322873487
DrivingSkill,ThisCarCost,OtherCarCost,0.0023277569322873487
DrivingSkill,ThisCarCost,OtherCarCost,0.0023277569322873487
DrivingSkill,ThisCarCost,OtherCarCost,0.0023277569322873487
DrivingSkill,ThisCarCost,OtherCarCost,0.0023277569322873487
DrivingSkill,ThisCarCost,OtherCarCost,0.0023277569322873487
DrivingSkill,ThisCarCost,OtherCarCost,0.0023277569322873487
DrivingSkill,ThisCarCost,OtherCarCost,0.0023277569322873487
DrivingSkill,ThisCarCost,OtherCarCost,0.0023277569322873487
DrivingSkill,ThisCarCost,OtherCarCost,0.0023277569322873487
DrivingSkill,ThisCarCost,OtherCarCost,0.0023277569322873487
DrivingSkill,ThisCarCost,OtherCarCost,0.0023277569322873487
DrivingSkill,HomeBase,RiskAversion,0.8008778148959923
DrivingSkill,AntiTheft,RiskAversion,0.2978665719331543
DrivingSkill,PropCost,RiskAversion,0.14326413788803133
DrivingSkill,OtherCarCost,ThisCarDam,0.20769495260769313
DrivingSkill,OtherCarCost,ThisCarDam,0.20769495260769313
DrivingSkill,OtherCarCost,ThisCarDam,0.20769495260769313
DrivingSkill,MedCost,RiskAversion,0.09911296547274259
DrivingSkill,DrivHist,OtherCarCost,1.9951060349596655e-246
DrivingSkill,DrivHist,OtherCarCost,1.9951060349596655e-246
DrivingSkill,DrivHist,OtherCarCost,1.9951060349596655e-246
DrivingSkill,DrivHist,OtherCarCost,1.9951060349596655e-246
DrivingSkill,DrivHist,OtherCarCost,1.9951060349596655e-246
DrivingSkill,DrivHist,OtherCarCost,1.9951060349596655e-246
DrivingSkill,DrivHist,OtherCarCost,1.9951060349596655e-246
DrivingSkill,DrivHist,OtherCarCost,1.9951060349596655e-246
DrivingSkill,DrivHist,OtherCarCost,1.9951060349596655e-246
DrivingSkill,DrivHist,OtherCarCost,1.9951060349596655e-246
DrivingSkill,DrivHist,OtherCarCost,1.9951060349596655e-246
DrivingSkill,DrivHist,OtherCarCost,1.9951060349596655e-246
DrivingSkill,DrivHist,OtherCarCost,1.9951060349596655e-246
SeniorTrain,HomeBase,RiskAversion,0.1574033609185049
SeniorTrain,AntiTheft,RiskAversion,0.11359269096464612
SeniorTrain,ILiCost,DrivingSkill,0.12822516850878152
SeniorTrain,ILiCost,DrivingSkill,0.12822516850878152
SeniorTrain,ILiCost,DrivingSkill,0.12822516850878152
SeniorTrain,ILiCost,DrivingSkill,0.12822516850878152
SeniorTrain,ILiCost,DrivingSkill,0.12822516850878152
SeniorTrain,ILiCost,DrivingSkill,0.12822516850878152
SeniorTrain,DrivHist,ILiCost,7.37688871164169e-12
SeniorTrain,DrivHist,ILiCost,7.37688871164169e-12
SeniorTrain,DrivHist,ILiCost,7.37688871164169e-12
SeniorTrain,DrivHist,ILiCost,7.37688871164169e-12
SeniorTrain,DrivHist,ILiCost,7.37688871164169e-12
SeniorTrain,DrivHist,ILiCost,7.37688871164169e-12
SeniorTrain,DrivHist,ILiCost,7.37688871164169e-12
SeniorTrain,DrivHist,ILiCost,7.37688871164169e-12
SeniorTrain,DrivHist,ILiCost,7.37688871164169e-12
ThisCarCost,Theft,CarValue,4.196261104686431e-07
ThisCarCost,Theft,CarValue,4.196261104686431e-07
ThisCarCost,Theft,CarValue,4.196261104686431e-07
ThisCarCost,Theft,CarValue,4.196261104686431e-07
ThisCarCost,Theft,CarValue,4.196261104686431e-07
ThisCarCost,Theft,CarValue,4.196261104686431e-07
ThisCarCost,Theft,CarValue,4.196261104686431e-07
ThisCarCost,Theft,CarValue,4.196261104686431e-07
ThisCarCost,Theft,CarValue,4.196261104686431e-07
ThisCarCost,Theft,CarValue,4.196261104686431e-07
ThisCarCost,Theft,CarValue,4.196261104686431e-07
ThisCarCost,Theft,CarValue,4.196261104686431e-07
ThisCarCost,Theft,CarValue,4.196261104686431e-07
ThisCarCost,Theft,CarValue,4.196261104686431e-07
ThisCarCost,Theft,CarValue,4.196261104686431e-07
ThisCarCost,Theft,CarValue,4.196261104686431e-07
ThisCarCost,Theft,CarValue,4.196261104686431e-07
ThisCarCost,Theft,CarValue,4.196261104686431e-07
ThisCarCost,Theft,CarValue,4.196261104686431e-07
ThisCarCost,Theft,CarValue,4.196261104686431e-07
ThisCarCost,Theft,CarValue,4.196261104686431e-07
ThisCarCost,CarValue,VehicleYear,0.0
ThisCarCost,CarValue,VehicleYear,0.0
ThisCarCost,CarValue,VehicleYear,0.0
ThisCarCost,CarValue,VehicleYear,0.0
ThisCarCost,CarValue,VehicleYear,0.0
ThisCarCost,CarValue,VehicleYear,0.0
ThisCarCost,CarValue,VehicleYear,0.0
ThisCarCost,CarValue,VehicleYear,0.0
ThisCarCost,CarValue,VehicleYear,0.0
ThisCarCost,CarValue,VehicleYear,0.0
ThisCarCost,CarValue,VehicleYear,0.0
ThisCarCost,CarValue,VehicleYear,0.0
ThisCarCost,CarValue,VehicleYear,0.0
ThisCarCost,CarValue,VehicleYear,0.0
ThisCarCost,CarValue,VehicleYear,0.0
ThisCarCost,CarValue,VehicleYear,0.0
ThisCarCost,CarValue,VehicleYear,0.0
ThisCarCost,CarValue,VehicleYear,0.0
ThisCarCost,CarValue,VehicleYear,0.0
ThisCarCost,CarValue,VehicleYear,0.0
ThisCarCost,CarValue,VehicleYear,0.0
ThisCarCost,HomeBase,MakeModel,0.2679194524285011
ThisCarCost,HomeBase,MakeModel,0.2679194524285011
ThisCarCost,AntiTheft,MakeModel,0.2209190504022884
ThisCarCost,AntiTheft,MakeModel,0.2209190504022884
ThisCarCost,PropCost,CarValue,0.0
ThisCarCost,PropCost,CarValue,0.0
ThisCarCost,PropCost,CarValue,0.0
ThisCarCost,PropCost,CarValue,0.0
ThisCarCost,PropCost,CarValue,0.0
ThisCarCost,PropCost,CarValue,0.0
ThisCarCost,PropCost,CarValue,0.0
ThisCarCost,PropCost,CarValue,0.0
ThisCarCost,PropCost,CarValue,0.0
ThisCarCost,PropCost,CarValue,0.0
ThisCarCost,PropCost,CarValue,0.0
ThisCarCost,PropCost,CarValue,0.0
ThisCarCost,PropCost,CarValue,0.0
ThisCarCost,PropCost,CarValue,0.0
ThisCarCost,PropCost,CarValue,0.0
ThisCarCost,PropCost,CarValue,0.0
ThisCarCost,PropCost,CarValue,0.0
ThisCarCost,PropCost,CarValue,0.0
ThisCarCost,PropCost,CarValue,0.0
ThisCarCost,PropCost,CarValue,0.0
ThisCarCost,PropCost,CarValue,0.0
ThisCarCost,OtherCarCost,ThisCarDam,0.10475807152003266
ThisCarCost,OtherCarCost,ThisCarDam,0.10475807152003266
ThisCarCost,OtherCarCost,ThisCarDam,0.10475807152003266
ThisCarCost,OtherCarCost,ThisCarDam,0.10475807152003266
ThisCarCost,OtherCarCost,ThisCarDam,0.10475807152003266
ThisCarCost,OtherCar,SocioEcon,0.21384628749409704
ThisCarCost,OtherCar,SocioEcon,0.21384628749409704
ThisCarCost,OtherCar,SocioEcon,0.21384628749409704
ThisCarCost,OtherCar,SocioEcon,0.21384628749409704
ThisCarCost,OtherCar,SocioEcon,0.21384628749409704
ThisCarCost,OtherCar,SocioEcon,0.21384628749409704
ThisCarCost,OtherCar,SocioEcon,0.21384628749409704
ThisCarCost,OtherCar,SocioEcon,0.21384628749409704
ThisCarCost,OtherCar,SocioEcon,0.21384628749409704
ThisCarCost,OtherCar,SocioEcon,0.21384628749409704
ThisCarCost,OtherCar,SocioEcon,0.21384628749409704
ThisCarCost,OtherCar,SocioEcon,0.21384628749409704
ThisCarCost,MedCost,CarValue,4.719945524963657e-57
ThisCarCost,MedCost,CarValue,4.719945524963657e-57
ThisCarCost,MedCost,CarValue,4.719945524963657e-57
ThisCarCost,MedCost,CarValue,4.719945524963657e-57
ThisCarCost,MedCost,CarValue,4.719945524963657e-57
ThisCarCost,MedCost,CarValue,4.719945524963657e-57
ThisCarCost,MedCost,CarValue,4.719945524963657e-57
ThisCarCost,MedCost,CarValue,4.719945524963657e-57
ThisCarCost,MedCost,CarValue,4.719945524963657e-57
ThisCarCost,MedCost,CarValue,4.719945524963657e-57
ThisCarCost,MedCost,CarValue,4.719945524963657e-57
ThisCarCost,MedCost,CarValue,4.719945524963657e-57
ThisCarCost,MedCost,CarValue,4.719945524963657e-57
ThisCarCost,MedCost,CarValue,4.719945524963657e-57
ThisCarCost,MedCost,CarValue,4.719945524963657e-57
ThisCarCost,MedCost,CarValue,4.719945524963657e-57
ThisCarCost,MedCost,CarValue,4.719945524963657e-57
ThisCarCost,MedCost,CarValue,4.719945524963657e-57
ThisCarCost,MedCost,CarValue,4.719945524963657e-57
ThisCarCost,MedCost,CarValue,4.719945524963657e-57
ThisCarCost,MedCost,CarValue,4.719945524963657e-57
ThisCarCost,Cushioning,CarValue,0.9499578946979246
ThisCarCost,Cushioning,CarValue,0.9499578946979246
ThisCarCost,Cushioning,CarValue,0.9499578946979246
ThisCarCost,Cushioning,CarValue,0.9499578946979246
ThisCarCost,Cushioning,CarValue,0.9499578946979246
ThisCarCost,Cushioning,CarValue,0.9499578946979246
ThisCarCost,Cushioning,CarValue,0.9499578946979246
ThisCarCost,Cushioning,CarValue,0.9499578946979246
ThisCarCost,Cushioning,CarValue,0.9499578946979246
ThisCarCost,Cushioning,CarValue,0.9499578946979246
ThisCarCost,Cushioning,CarValue,0.9499578946979246
ThisCarCost,Cushioning,CarValue,0.9499578946979246
ThisCarCost,Cushioning,CarValue,0.9499578946979246
ThisCarCost,Cushioning,CarValue,0.9499578946979246
ThisCarCost,Cushioning,CarValue,0.9499578946979246
ThisCarCost,Cushioning,CarValue,0.9499578946979246
ThisCarCost,Cushioning,CarValue,0.9499578946979246
ThisCarCost,Cushioning,CarValue,0.9499578946979246
ThisCarCost,Cushioning,CarValue,0.9499578946979246
ThisCarCost,Cushioning,CarValue,0.9499578946979246
ThisCarCost,Cushioning,CarValue,0.9499578946979246
ThisCarCost,Airbag,CarValue,0.24207867112019418
ThisCarCost,Airbag,CarValue,0.24207867112019418
ThisCarCost,Airbag,CarValue,0.24207867112019418
ThisCarCost,Airbag,CarValue,0.24207867112019418
ThisCarCost,Airbag,CarValue,0.24207867112019418
ThisCarCost,Airbag,CarValue,0.24207867112019418
ThisCarCost,Airbag,CarValue,0.24207867112019418
ThisCarCost,Airbag,CarValue,0.24207867112019418
ThisCarCost,Airbag,CarValue,0.24207867112019418
ThisCarCost,Airbag,CarValue,0.24207867112019418
ThisCarCost,Airbag,CarValue,0.24207867112019418
ThisCarCost,Airbag,CarValue,0.24207867112019418
ThisCarCost,Airbag,CarValue,0.24207867112019418
ThisCarCost,Airbag,CarValue,0.24207867112019418
ThisCarCost,Airbag,CarValue,0.24207867112019418
ThisCarCost,Airbag,CarValue,0.24207867112019418
ThisCarCost,Airbag,CarValue,0.24207867112019418
ThisCarCost,Airbag,CarValue,0.24207867112019418
ThisCarCost,Airbag,CarValue,0.24207867112019418
ThisCarCost,Airbag,CarValue,0.24207867112019418
ThisCarCost,Airbag,CarValue,0.24207867112019418
ThisCarCost,ILiCost,CarValue,3.569596555312928e-15
ThisCarCost,ILiCost,CarValue,3.569596555312928e-15
ThisCarCost,ILiCost,CarValue,3.569596555312928e-15
ThisCarCost,ILiCost,CarValue,3.569596555312928e-15
ThisCarCost,ILiCost,CarValue,3.569596555312928e-15
ThisCarCost,ILiCost,CarValue,3.569596555312928e-15
ThisCarCost,ILiCost,CarValue,3.569596555312928e-15
ThisCarCost,ILiCost,CarValue,3.569596555312928e-15
ThisCarCost,ILiCost,CarValue,3.569596555312928e-15
ThisCarCost,ILiCost,CarValue,3.569596555312928e-15
ThisCarCost,ILiCost,CarValue,3.569596555312928e-15
ThisCarCost,ILiCost,CarValue,3.569596555312928e-15
ThisCarCost,ILiCost,CarValue,3.569596555312928e-15
ThisCarCost,ILiCost,CarValue,3.569596555312928e-15
ThisCarCost,ILiCost,CarValue,3.569596555312928e-15
ThisCarCost,ILiCost,CarValue,3.569596555312928e-15
ThisCarCost,ILiCost,CarValue,3.569596555312928e-15
ThisCarCost,ILiCost,CarValue,3.569596555312928e-15
ThisCarCost,ILiCost,CarValue,3.569596555312928e-15
ThisCarCost,ILiCost,CarValue,3.569596555312928e-15
ThisCarCost,ILiCost,CarValue,3.569596555312928e-15
Theft,CarValue,DrivQuality,0.07295285289316064
Theft,CarValue,DrivQuality,0.07295285289316064
Theft,CarValue,DrivQuality,0.07295285289316064
CarValue,HomeBase,SocioEcon,0.1610963644763854
CarValue,HomeBase,SocioEcon,0.1610963644763854
CarValue,HomeBase,SocioEcon,0.1610963644763854
CarValue,HomeBase,SocioEcon,0.1610963644763854
CarValue,HomeBase,SocioEcon,0.1610963644763854
CarValue,HomeBase,SocioEcon,0.1610963644763854
CarValue,HomeBase,SocioEcon,0.1610963644763854
CarValue,HomeBase,SocioEcon,0.1610963644763854
CarValue,HomeBase,SocioEcon,0.1610963644763854
CarValue,HomeBase,SocioEcon,0.1610963644763854
CarValue,HomeBase,SocioEcon,0.1610963644763854
CarValue,HomeBase,SocioEcon,0.1610963644763854
CarValue,HomeBase,SocioEcon,0.1610963644763854
CarValue,AntiTheft,SocioEcon,0.9442891734687203
CarValue,AntiTheft,SocioEcon,0.9442891734687203
CarValue,AntiTheft,SocioEcon,0.9442891734687203
CarValue,AntiTheft,SocioEcon,0.9442891734687203
CarValue,AntiTheft,SocioEcon,0.9442891734687203
CarValue,AntiTheft,SocioEcon,0.9442891734687203
CarValue,AntiTheft,SocioEcon,0.9442891734687203
CarValue,AntiTheft,SocioEcon,0.9442891734687203
CarValue,AntiTheft,SocioEcon,0.9442891734687203
CarValue,AntiTheft,SocioEcon,0.9442891734687203
CarValue,AntiTheft,SocioEcon,0.9442891734687203
CarValue,AntiTheft,SocioEcon,0.9442891734687203
CarValue,AntiTheft,SocioEcon,0.9442891734687203
CarValue,PropCost,VehicleYear,1.827388344517076e-42
CarValue,PropCost,VehicleYear,1.827388344517076e-42
CarValue,PropCost,VehicleYear,1.827388344517076e-42
CarValue,PropCost,VehicleYear,1.827388344517076e-42
CarValue,PropCost,VehicleYear,1.827388344517076e-42
CarValue,PropCost,VehicleYear,1.827388344517076e-42
CarValue,PropCost,VehicleYear,1.827388344517076e-42
CarValue,PropCost,VehicleYear,1.827388344517076e-42
CarValue,PropCost,VehicleYear,1.827388344517076e-42
CarValue,PropCost,VehicleYear,1.827388344517076e-42
CarValue,PropCost,VehicleYear,1.827388344517076e-42
CarValue,PropCost,VehicleYear,1.827388344517076e-42
CarValue,PropCost,VehicleYear,1.827388344517076e-42
CarValue,PropCost,VehicleYear,1.827388344517076e-42
CarValue,PropCost,VehicleYear,1.827388344517076e-42
CarValue,PropCost,VehicleYear,1.827388344517076e-42
CarValue,PropCost,VehicleYear,1.827388344517076e-42
CarValue,PropCost,VehicleYear,1.827388344517076e-42
CarValue,OtherCarCost,MakeModel,0.8005488419948424
CarValue,OtherCarCost,MakeModel,0.8005488419948424
CarValue,OtherCar,SocioEcon,0.6777535524557097
CarValue,OtherCar,SocioEcon,0.6777535524557097
CarValue,OtherCar,SocioEcon,0.6777535524557097
CarValue,OtherCar,SocioEcon,0.6777535524557097
CarValue,OtherCar,SocioEcon,0.6777535524557097
CarValue,OtherCar,SocioEcon,0.6777535524557097
CarValue,OtherCar,SocioEcon,0.6777535524557097
CarValue,OtherCar,SocioEcon,0.6777535524557097
CarValue,OtherCar,SocioEcon,0.6777535524557097
CarValue,OtherCar,SocioEcon,0.6777535524557097
CarValue,OtherCar,SocioEcon,0.6777535524557097
CarValue,OtherCar,SocioEcon,0.6777535524557097
CarValue,MedCost,Cushioning,0.7708410620289247
CarValue,Cushioning,VehicleYear,3.2356679905347382e-22
CarValue,Cushioning,VehicleYear,3.2356679905347382e-22
CarValue,Cushioning,VehicleYear,3.2356679905347382e-22
CarValue,Cushioning,VehicleYear,3.2356679905347382e-22
CarValue,Cushioning,VehicleYear,3.2356679905347382e-22
CarValue,Cushioning,VehicleYear,3.2356679905347382e-22
CarValue,Cushioning,VehicleYear,3.2356679905347382e-22
CarValue,Cushioning,VehicleYear,3.2356679905347382e-22
CarValue,Cushioning,VehicleYear,3.2356679905347382e-22
CarValue,Cushioning,VehicleYear,3.2356679905347382e-22
CarValue,Cushioning,VehicleYear,3.2356679905347382e-22
CarValue,Cushioning,VehicleYear,3.2356679905347382e-22
CarValue,Cushioning,VehicleYear,3.2356679905347382e-22
CarValue,Cushioning,VehicleYear,3.2356679905347382e-22
CarValue,Cushioning,VehicleYear,3.2356679905347382e-22
CarValue,Cushioning,VehicleYear,3.2356679905347382e-22
CarValue,Cushioning,VehicleYear,3.2356679905347382e-22
CarValue,Cushioning,VehicleYear,3.2356679905347382e-22
CarValue,Airbag,VehicleYear,7.542107582280042e-07
CarValue,Airbag,VehicleYear,7.542107582280042e-07
CarValue,Airbag,VehicleYear,7.542107582280042e-07
CarValue,Airbag,VehicleYear,7.542107582280042e-07
CarValue,Airbag,VehicleYear,7.542107582280042e-07
CarValue,Airbag,VehicleYear,7.542107582280042e-07
CarValue,Airbag,VehicleYear,7.542107582280042e-07
CarValue,Airbag,VehicleYear,7.542107582280042e-07
CarValue,Airbag,VehicleYear,7.542107582280042e-07
CarValue,Airbag,VehicleYear,7.542107582280042e-07
CarValue,Airbag,VehicleYear,7.542107582280042e-07
CarValue,Airbag,VehicleYear,7.542107582280042e-07
CarValue,Airbag,VehicleYear,7.542107582280042e-07
CarValue,Airbag,VehicleYear,7.542107582280042e-07
CarValue,Airbag,VehicleYear,7.542107582280042e-07
CarValue,Airbag,VehicleYear,7.542107582280042e-07
CarValue,Airbag,VehicleYear,7.542107582280042e-07
CarValue,Airbag,VehicleYear,7.542107582280042e-07
HomeBase,AntiTheft,CarValue,4.7297217851001464e-120
HomeBase,AntiTheft,CarValue,4.7297217851001464e-120
HomeBase,AntiTheft,CarValue,4.7297217851001464e-120
HomeBase,AntiTheft,CarValue,4.7297217851001464e-120
HomeBase,AntiTheft,CarValue,4.7297217851001464e-120
HomeBase,AntiTheft,CarValue,4.7297217851001464e-120
HomeBase,AntiTheft,CarValue,4.7297217851001464e-120
HomeBase,AntiTheft,CarValue,4.7297217851001464e-120
HomeBase,AntiTheft,CarValue,4.7297217851001464e-120
HomeBase,AntiTheft,CarValue,4.7297217851001464e-120
HomeBase,AntiTheft,CarValue,4.7297217851001464e-120
HomeBase,AntiTheft,CarValue,4.7297217851001464e-120
HomeBase,AntiTheft,CarValue,4.7297217851001464e-120
HomeBase,AntiTheft,CarValue,4.7297217851001464e-120
HomeBase,AntiTheft,CarValue,4.7297217851001464e-120
HomeBase,AntiTheft,CarValue,4.7297217851001464e-120
HomeBase,AntiTheft,CarValue,4.7297217851001464e-120
HomeBase,AntiTheft,CarValue,4.7297217851001464e-120
HomeBase,AntiTheft,CarValue,4.7297217851001464e-120
HomeBase,AntiTheft,CarValue,4.7297217851001464e-120
HomeBase,PropCost,MakeModel,0.22742201335574896
HomeBase,PropCost,MakeModel,0.22742201335574896
HomeBase,OtherCar,SocioEcon,0.8524874542492714
HomeBase,OtherCar,SocioEcon,0.8524874542492714
HomeBase,OtherCar,SocioEcon,0.8524874542492714
HomeBase,OtherCar,SocioEcon,0.8524874542492714
HomeBase,OtherCar,SocioEcon,0.8524874542492714
HomeBase,OtherCar,SocioEcon,0.8524874542492714
HomeBase,OtherCar,SocioEcon,0.8524874542492714
HomeBase,OtherCar,SocioEcon,0.8524874542492714
HomeBase,OtherCar,SocioEcon,0.8524874542492714
HomeBase,OtherCar,SocioEcon,0.8524874542492714
HomeBase,OtherCar,SocioEcon,0.8524874542492714
HomeBase,OtherCar,SocioEcon,0.8524874542492714
HomeBase,OtherCar,SocioEcon,0.8524874542492714
HomeBase,MedCost,Cushioning,0.9582838657034974
HomeBase,Cushioning,MakeModel,0.18065050887091091
HomeBase,Airbag,SocioEcon,0.6775667292000683
HomeBase,Airbag,SocioEcon,0.6775667292000683
HomeBase,Airbag,SocioEcon,0.6775667292000683
HomeBase,Airbag,SocioEcon,0.6775667292000683
HomeBase,Airbag,SocioEcon,0.6775667292000683
HomeBase,Airbag,SocioEcon,0.6775667292000683
HomeBase,Airbag,SocioEcon,0.6775667292000683
HomeBase,Airbag,SocioEcon,0.6775667292000683
HomeBase,Airbag,SocioEcon,0.6775667292000683
HomeBase,Airbag,SocioEcon,0.6775667292000683
HomeBase,Airbag,SocioEcon,0.6775667292000683
HomeBase,Airbag,SocioEcon,0.6775667292000683
HomeBase,Airbag,SocioEcon,0.6775667292000683
HomeBase,Airbag,SocioEcon,0.6775667292000683
HomeBase,DrivHist,RiskAversion,0.21296180510150745
HomeBase,DrivHist,RiskAversion,0.21296180510150745
HomeBase,DrivHist,RiskAversion,0.21296180510150745
HomeBase,DrivHist,RiskAversion,0.21296180510150745
HomeBase,DrivHist,RiskAversion,0.21296180510150745
AntiTheft,PropCost,MakeModel,0.13470852397042168
AntiTheft,PropCost,MakeModel,0.13470852397042168
AntiTheft,OtherCar,SocioEcon,0.2158177617606519
AntiTheft,OtherCar,SocioEcon,0.2158177617606519
AntiTheft,OtherCar,SocioEcon,0.2158177617606519
AntiTheft,OtherCar,SocioEcon,0.2158177617606519
AntiTheft,OtherCar,SocioEcon,0.2158177617606519
AntiTheft,OtherCar,SocioEcon,0.2158177617606519
AntiTheft,OtherCar,SocioEcon,0.2158177617606519
AntiTheft,OtherCar,SocioEcon,0.2158177617606519
AntiTheft,OtherCar,SocioEcon,0.2158177617606519
AntiTheft,OtherCar,SocioEcon,0.2158177617606519
AntiTheft,Cushioning,MakeModel,0.4763887330805342
AntiTheft,Airbag,SocioEcon,0.5476981223912569
AntiTheft,Airbag,SocioEcon,0.5476981223912569
AntiTheft,Airbag,SocioEcon,0.5476981223912569
AntiTheft,Airbag,SocioEcon,0.5476981223912569
AntiTheft,Airbag,SocioEcon,0.5476981223912569
AntiTheft,Airbag,SocioEcon,0.5476981223912569
AntiTheft,Airbag,SocioEcon,0.5476981223912569
AntiTheft,Airbag,SocioEcon,0.5476981223912569
AntiTheft,Airbag,SocioEcon,0.5476981223912569
AntiTheft,Airbag,SocioEcon,0.5476981223912569
AntiTheft,Airbag,SocioEcon,0.5476981223912569
AntiTheft,DrivHist,RiskAversion,0.270162214204109
AntiTheft,DrivHist,RiskAversion,0.270162214204109
AntiTheft,DrivHist,RiskAversion,0.270162214204109
AntiTheft,DrivHist,RiskAversion,0.270162214204109
PropCost,OtherCarCost,CarValue,0.0
PropCost,OtherCarCost,CarValue,0.0
PropCost,OtherCarCost,CarValue,0.0
PropCost,OtherCarCost,CarValue,0.0
PropCost,OtherCarCost,CarValue,0.0
PropCost,OtherCarCost,CarValue,0.0
PropCost,OtherCarCost,CarValue,0.0
PropCost,OtherCarCost,CarValue,0.0
PropCost,OtherCarCost,CarValue,0.0
PropCost,OtherCarCost,CarValue,0.0
PropCost,OtherCarCost,CarValue,0.0
PropCost,OtherCarCost,CarValue,0.0
PropCost,OtherCarCost,CarValue,0.0
PropCost,OtherCarCost,CarValue,0.0
PropCost,OtherCarCost,CarValue,0.0
PropCost,OtherCarCost,CarValue,0.0
PropCost,OtherCarCost,CarValue,0.0
PropCost,OtherCarCost,CarValue,0.0
PropCost,OtherCarCost,CarValue,0.0
PropCost,OtherCar,MakeModel,0.2852617966465604
PropCost,OtherCar,MakeModel,0.2852617966465604
PropCost,MedCost,CarValue,9.364048778824365e-38
PropCost,MedCost,CarValue,9.364048778824365e-38
PropCost,MedCost,CarValue,9.364048778824365e-38
PropCost,MedCost,CarValue,9.364048778824365e-38
PropCost,MedCost,CarValue,9.364048778824365e-38
PropCost,MedCost,CarValue,9.364048778824365e-38
PropCost,MedCost,CarValue,9.364048778824365e-38
PropCost,MedCost,CarValue,9.364048778824365e-38
PropCost,MedCost,CarValue,9.364048778824365e-38
PropCost,MedCost,CarValue,9.364048778824365e-38
PropCost,MedCost,CarValue,9.364048778824365e-38
PropCost,MedCost,CarValue,9.364048778824365e-38
PropCost,MedCost,CarValue,9.364048778824365e-38
PropCost,MedCost,CarValue,9.364048778824365e-38
PropCost,MedCost,CarValue,9.364048778824365e-38
PropCost,MedCost,CarValue,9.364048778824365e-38
PropCost,MedCost,CarValue,9.364048778824365e-38
PropCost,MedCost,CarValue,9.364048778824365e-38
PropCost,MedCost,CarValue,9.364048778824365e-38
PropCost,Cushioning,MakeModel,0.40702324695010267
PropCost,Airbag,ThisCarCost,0.45062981132874735
PropCost,Airbag,ThisCarCost,0.45062981132874735
PropCost,Airbag,ThisCarCost,0.45062981132874735
PropCost,Airbag,ThisCarCost,0.45062981132874735
PropCost,Airbag,ThisCarCost,0.45062981132874735
PropCost,Airbag,ThisCarCost,0.45062981132874735
PropCost,Airbag,ThisCarCost,0.45062981132874735
PropCost,ILiCost,CarValue,2.54166954209469e-12
PropCost,ILiCost,CarValue,2.54166954209469e-12
PropCost,ILiCost,CarValue,2.54166954209469e-12
PropCost,ILiCost,CarValue,2.54166954209469e-12
PropCost,ILiCost,CarValue,2.54166954209469e-12
PropCost,ILiCost,CarValue,2.54166954209469e-12
PropCost,ILiCost,CarValue,2.54166954209469e-12
PropCost,ILiCost,CarValue,2.54166954209469e-12
PropCost,ILiCost,CarValue,2.54166954209469e-12
PropCost,ILiCost,CarValue,2.54166954209469e-12
PropCost,ILiCost,CarValue,2.54166954209469e-12
PropCost,ILiCost,CarValue,2.54166954209469e-12
PropCost,ILiCost,CarValue,2.54166954209469e-12
PropCost,ILiCost,CarValue,2.54166954209469e-12
PropCost,ILiCost,CarValue,2.54166954209469e-12
PropCost,ILiCost,CarValue,2.54166954209469e-12
PropCost,ILiCost,CarValue,2.54166954209469e-12
PropCost,ILiCost,CarValue,2.54166954209469e-12
PropCost,ILiCost,CarValue,2.54166954209469e-12
OtherCarCost,MedCost,CarValue,3.8664088198094696e-20
OtherCarCost,MedCost,CarValue,3.8664088198094696e-20
OtherCarCost,MedCost,CarValue,3.8664088198094696e-20
OtherCarCost,MedCost,CarValue,3.8664088198094696e-20
OtherCarCost,MedCost,CarValue,3.8664088198094696e-20
OtherCarCost,MedCost,CarValue,3.8664088198094696e-20
OtherCarCost,MedCost,CarValue,3.8664088198094696e-20
OtherCarCost,MedCost,CarValue,3.8664088198094696e-20
OtherCarCost,MedCost,CarValue,3.8664088198094696e-20
OtherCarCost,MedCost,CarValue,3.8664088198094696e-20
OtherCarCost,MedCost,CarValue,3.8664088198094696e-20
OtherCarCost,MedCost,CarValue,3.8664088198094696e-20
OtherCarCost,MedCost,CarValue,3.8664088198094696e-20
OtherCarCost,MedCost,CarValue,3.8664088198094696e-20
OtherCarCost,MedCost,CarValue,3.8664088198094696e-20
OtherCarCost,Cushioning,RuggedAuto,0.9566321140592103
OtherCarCost,Cushioning,RuggedAuto,0.9566321140592103
OtherCarCost,Cushioning,RuggedAuto,0.9566321140592103
OtherCarCost,ILiCost,CarValue,9.720868066402091e-14
OtherCarCost,ILiCost,CarValue,9.720868066402091e-14
OtherCarCost,ILiCost,CarValue,9.720868066402091e-14
OtherCarCost,ILiCost,CarValue,9.720868066402091e-14
OtherCarCost,ILiCost,CarValue,9.720868066402091e-14
OtherCarCost,ILiCost,CarValue,9.720868066402091e-14
OtherCarCost,ILiCost,CarValue,9.720868066402091e-14
OtherCarCost,ILiCost,CarValue,9.720868066402091e-14
OtherCarCost,ILiCost,CarValue,9.720868066402091e-14
OtherCarCost,ILiCost,CarValue,9.720868066402091e-14
OtherCarCost,ILiCost,CarValue,9.720868066402091e-14
OtherCarCost,ILiCost,CarValue,9.720868066402091e-14
OtherCarCost,ILiCost,CarValue,9.720868066402091e-14
OtherCarCost,ILiCost,CarValue,9.720868066402091e-14
OtherCarCost,ILiCost,CarValue,9.720868066402091e-14
OtherCar,MedCost,Cushioning,0.7481766896493331
OtherCar,Cushioning,MakeModel,0.09456293355348348
OtherCar,Airbag,SocioEcon,0.4702210913588242
OtherCar,Airbag,SocioEcon,0.4702210913588242
OtherCar,Airbag,SocioEcon,0.4702210913588242
OtherCar,Airbag,SocioEcon,0.4702210913588242
MedCost,Cushioning,CarValue,5.882279949177919e-84
MedCost,Cushioning,CarValue,5.882279949177919e-84
MedCost,Cushioning,CarValue,5.882279949177919e-84
MedCost,Cushioning,CarValue,5.882279949177919e-84
MedCost,Cushioning,CarValue,5.882279949177919e-84
MedCost,Cushioning,CarValue,5.882279949177919e-84
MedCost,Cushioning,CarValue,5.882279949177919e-84
MedCost,Cushioning,CarValue,5.882279949177919e-84
MedCost,Cushioning,CarValue,5.882279949177919e-84
MedCost,Cushioning,CarValue,5.882279949177919e-84
MedCost,Cushioning,CarValue,5.882279949177919e-84
MedCost,Cushioning,CarValue,5.882279949177919e-84
MedCost,Cushioning,CarValue,5.882279949177919e-84
MedCost,Cushioning,CarValue,5.882279949177919e-84
MedCost,Cushioning,CarValue,5.882279949177919e-84
MedCost,Cushioning,CarValue,5.882279949177919e-84
MedCost,Cushioning,CarValue,5.882279949177919e-84
MedCost,Cushioning,CarValue,5.882279949177919e-84
MedCost,Airbag,Cushioning,0.8045445575102127
MedCost,ILiCost,ThisCarDam,0.25885752171516674
MedCost,ILiCost,ThisCarDam,0.25885752171516674
MedCost,ILiCost,ThisCarDam,0.25885752171516674
MedCost,ILiCost,ThisCarDam,0.25885752171516674
MedCost,ILiCost,ThisCarDam,0.25885752171516674
Cushioning,Airbag,CarValue,9.984282077637474e-87
Cushioning,Airbag,CarValue,9.984282077637474e-87
Cushioning,Airbag,CarValue,9.984282077637474e-87
Cushioning,Airbag,CarValue,9.984282077637474e-87
Cushioning,Airbag,CarValue,9.984282077637474e-87
Cushioning,Airbag,CarValue,9.984282077637474e-87
Cushioning,Airbag,CarValue,9.984282077637474e-87
Cushioning,Airbag,CarValue,9.984282077637474e-87
Cushioning,Airbag,CarValue,9.984282077637474e-87
Cushioning,Airbag,CarValue,9.984282077637474e-87
Cushioning,Airbag,CarValue,9.984282077637474e-87
Cushioning,Airbag,CarValue,9.984282077637474e-87
Cushioning,Airbag,CarValue,9.984282077637474e-87
Cushioning,Airbag,CarValue,9.984282077637474e-87
Cushioning,Airbag,CarValue,9.984282077637474e-87
Cushioning,Airbag,CarValue,9.984282077637474e-87
Cushioning,Airbag,CarValue,9.984282077637474e-87
Cushioning,Airbag,CarValue,9.984282077637474e-87
Age,SocioEcon,"MedCost,SeniorTrain",2.4887898891253764e-06
Age,SocioEcon,"MedCost,SeniorTrain",2.4887898891253764e-06
Age,SocioEcon,"MedCost,SeniorTrain",2.4887898891253764e-06
Age,SocioEcon,"MedCost,SeniorTrain",2.4887898891253764e-06
Age,SocioEcon,"MedCost,SeniorTrain",2.4887898891253764e-06
Age,SocioEcon,"MedCost,SeniorTrain",2.4887898891253764e-06
Age,SocioEcon,"MedCost,SeniorTrain",2.4887898891253764e-06
Age,SocioEcon,"MedCost,SeniorTrain",2.4887898891253764e-06
Age,SocioEcon,"MedCost,SeniorTrain",2.4887898891253764e-06
Age,SocioEcon,"MedCost,SeniorTrain",2.4887898891253764e-06
Age,RiskAversion,"MedCost,SeniorTrain",1.0329738155026386e-18
Age,RiskAversion,"MedCost,SeniorTrain",1.0329738155026386e-18
Age,RiskAversion,"MedCost,SeniorTrain",1.0329738155026386e-18
Age,RiskAversion,"MedCost,SeniorTrain",1.0329738155026386e-18
Age,RiskAversion,"MedCost,SeniorTrain",1.0329738155026386e-18
Age,RiskAversion,"MedCost,SeniorTrain",1.0329738155026386e-18
Age,RiskAversion,"MedCost,SeniorTrain",1.0329738155026386e-18
Age,RiskAversion,"MedCost,SeniorTrain",1.0329738155026386e-18
Age,RiskAversion,"MedCost,SeniorTrain",1.0329738155026386e-18
Age,RiskAversion,"MedCost,SeniorTrain",1.0329738155026386e-18
Age,SeniorTrain,"DrivHist,MedCost",3.254757456081182e-82
Age,SeniorTrain,"DrivHist,MedCost",3.254757456081182e-82
Age,SeniorTrain,"DrivHist,MedCost",3.254757456081182e-82
Age,SeniorTrain,"DrivHist,MedCost",3.254757456081182e-82
Age,SeniorTrain,"DrivHist,MedCost",3.254757456081182e-82
Age,SeniorTrain,"DrivHist,MedCost",3.254757456081182e-82
Age,SeniorTrain,"DrivHist,MedCost",3.254757456081182e-82
Age,SeniorTrain,"DrivHist,MedCost",3.254757456081182e-82
Age,SeniorTrain,"DrivHist,MedCost",3.254757456081182e-82
Age,SeniorTrain,"DrivHist,MedCost",3.254757456081182e-82
Age,MedCost,"RiskAversion,SocioEcon",0.4072959115261222
Age,DrivHist,"RiskAversion,SocioEcon",0.5105147496414179
SocioEcon,RiskAversion,"Cushioning,MakeModel",0.8422060142993669
SocioEcon,VehicleYear,"CarValue,HomeBase",1.2025582430542823e-14
SocioEcon,VehicleYear,"CarValue,HomeBase",1.2025582430542823e-14
SocioEcon,VehicleYear,"CarValue,HomeBase",1.2025582430542823e-14
SocioEcon,VehicleYear,"CarValue,HomeBase",1.2025582430542823e-14
SocioEcon,VehicleYear,"CarValue,HomeBase",1.2025582430542823e-14
SocioEcon,VehicleYear,"CarValue,HomeBase",1.2025582430542823e-14
SocioEcon,VehicleYear,"CarValue,HomeBase",1.2025582430542823e-14
SocioEcon,VehicleYear,"CarValue,HomeBase",1.2025582430542823e-14
SocioEcon,VehicleYear,"CarValue,HomeBase",1.2025582430542823e-14
SocioEcon,VehicleYear,"CarValue,HomeBase",1.2025582430542823e-14
SocioEcon,VehicleYear,"CarValue,HomeBase",1.2025582430542823e-14
SocioEcon,VehicleYear,"CarValue,HomeBase",1.2025582430542823e-14
SocioEcon,VehicleYear,"CarValue,HomeBase",1.2025582430542823e-14
SocioEcon,VehicleYear,"CarValue,HomeBase",1.2025582430542823e-14
SocioEcon,VehicleYear,"CarValue,HomeBase",1.2025582430542823e-14
SocioEcon,VehicleYear,"CarValue,HomeBase",1.2025582430542823e-14
SocioEcon,VehicleYear,"CarValue,HomeBase",1.2025582430542823e-14
SocioEcon,VehicleYear,"CarValue,HomeBase",1.2025582430542823e-14
SocioEcon,VehicleYear,"CarValue,HomeBase",1.2025582430542823e-14
SocioEcon,VehicleYear,"CarValue,HomeBase",1.2025582430542823e-14
SocioEcon,VehicleYear,"CarValue,HomeBase",1.2025582430542823e-14
SocioEcon,VehicleYear,"CarValue,HomeBase",1.2025582430542823e-14
SocioEcon,VehicleYear,"CarValue,HomeBase",1.2025582430542823e-14
SocioEcon,VehicleYear,"CarValue,HomeBase",1.2025582430542823e-14
SocioEcon,VehicleYear,"CarValue,HomeBase",1.2025582430542823e-14
SocioEcon,VehicleYear,"CarValue,HomeBase",1.2025582430542823e-14
SocioEcon,VehicleYear,"CarValue,HomeBase",1.2025582430542823e-14
SocioEcon,VehicleYear,"CarValue,HomeBase",1.2025582430542823e-14
SocioEcon,VehicleYear,"CarValue,HomeBase",1.2025582430542823e-14
SocioEcon,VehicleYear,"CarValue,HomeBase",1.2025582430542823e-14
SocioEcon,VehicleYear,"CarValue,HomeBase",1.2025582430542823e-14
SocioEcon,VehicleYear,"CarValue,HomeBase",1.2025582430542823e-14
SocioEcon,VehicleYear,"CarValue,HomeBase",1.2025582430542823e-14
SocioEcon,VehicleYear,"CarValue,HomeBase",1.2025582430542823e-14
SocioEcon,VehicleYear,"CarValue,HomeBase",1.2025582430542823e-14
SocioEcon,VehicleYear,"CarValue,HomeBase",1.2025582430542823e-14
SocioEcon,VehicleYear,"CarValue,HomeBase",1.2025582430542823e-14
SocioEcon,VehicleYear,"CarValue,HomeBase",1.2025582430542823e-14
SocioEcon,VehicleYear,"CarValue,HomeBase",1.2025582430542823e-14
SocioEcon,VehicleYear,"CarValue,HomeBase",1.2025582430542823e-14
SocioEcon,VehicleYear,"CarValue,HomeBase",1.2025582430542823e-14
SocioEcon,VehicleYear,"CarValue,HomeBase",1.2025582430542823e-14
SocioEcon,VehicleYear,"CarValue,HomeBase",1.2025582430542823e-14
SocioEcon,VehicleYear,"CarValue,HomeBase",1.2025582430542823e-14
SocioEcon,VehicleYear,"CarValue,HomeBase",1.2025582430542823e-14
SocioEcon,VehicleYear,"CarValue,HomeBase",1.2025582430542823e-14
SocioEcon,VehicleYear,"CarValue,HomeBase",1.2025582430542823e-14
SocioEcon,VehicleYear,"CarValue,HomeBase",1.2025582430542823e-14
SocioEcon,VehicleYear,"CarValue,HomeBase",1.2025582430542823e-14
SocioEcon,VehicleYear,"CarValue,HomeBase",1.2025582430542823e-14
SocioEcon,VehicleYear,"CarValue,HomeBase",1.2025582430542823e-14
SocioEcon,VehicleYear,"CarValue,HomeBase",1.2025582430542823e-14
SocioEcon,VehicleYear,"CarValue,HomeBase",1.2025582430542823e-14
SocioEcon,VehicleYear,"CarValue,HomeBase",1.2025582430542823e-14
SocioEcon,VehicleYear,"CarValue,HomeBase",1.2025582430542823e-14
SocioEcon,VehicleYear,"CarValue,HomeBase",1.2025582430542823e-14
SocioEcon,VehicleYear,"CarValue,HomeBase",1.2025582430542823e-14
SocioEcon,VehicleYear,"CarValue,HomeBase",1.2025582430542823e-14
SocioEcon,VehicleYear,"CarValue,HomeBase",1.2025582430542823e-14
SocioEcon,VehicleYear,"CarValue,HomeBase",1.2025582430542823e-14
SocioEcon,VehicleYear,"CarValue,HomeBase",1.2025582430542823e-14
SocioEcon,VehicleYear,"CarValue,HomeBase",1.2025582430542823e-14
SocioEcon,VehicleYear,"CarValue,HomeBase",1.2025582430542823e-14
SocioEcon,VehicleYear,"CarValue,HomeBase",1.2025582430542823e-14
SocioEcon,VehicleYear,"CarValue,HomeBase",1.2025582430542823e-14
SocioEcon,VehicleYear,"CarValue,HomeBase",1.2025582430542823e-14
SocioEcon,VehicleYear,"CarValue,HomeBase",1.2025582430542823e-14
SocioEcon,VehicleYear,"CarValue,HomeBase",1.2025582430542823e-14
SocioEcon,VehicleYear,"CarValue,HomeBase",1.2025582430542823e-14
SocioEcon,VehicleYear,"CarValue,HomeBase",1.2025582430542823e-14
SocioEcon,VehicleYear,"CarValue,HomeBase",1.2025582430542823e-14
SocioEcon,VehicleYear,"CarValue,HomeBase",1.2025582430542823e-14
SocioEcon,VehicleYear,"CarValue,HomeBase",1.2025582430542823e-14
SocioEcon,VehicleYear,"CarValue,HomeBase",1.2025582430542823e-14
SocioEcon,VehicleYear,"CarValue,HomeBase",1.2025582430542823e-14
SocioEcon,VehicleYear,"CarValue,HomeBase",1.2025582430542823e-14
SocioEcon,VehicleYear,"CarValue,HomeBase",1.2025582430542823e-14
SocioEcon,VehicleYear,"CarValue,HomeBase",1.2025582430542823e-14
SocioEcon,RuggedAuto,"MakeModel,RiskAversion",0.16645091194742792
SocioEcon,RuggedAuto,"MakeModel,RiskAversion",0.16645091194742792
SocioEcon,RuggedAuto,"MakeModel,RiskAversion",0.16645091194742792
SocioEcon,RuggedAuto,"MakeModel,RiskAversion",0.16645091194742792
SocioEcon,RuggedAuto,"MakeModel,RiskAversion",0.16645091194742792
SocioEcon,RuggedAuto,"MakeModel,RiskAversion",0.16645091194742792
SocioEcon,RuggedAuto,"MakeModel,RiskAversion",0.16645091194742792
SocioEcon,RuggedAuto,"MakeModel,RiskAversion",0.16645091194742792
SocioEcon,RuggedAuto,"MakeModel,RiskAversion",0.16645091194742792
SocioEcon,RuggedAuto,"MakeModel,RiskAversion",0.16645091194742792
SocioEcon,RuggedAuto,"MakeModel,RiskAversion",0.16645091194742792
SocioEcon,RuggedAuto,"MakeModel,RiskAversion",0.16645091194742792
SocioEcon,RuggedAuto,"MakeModel,RiskAversion",0.16645091194742792
SocioEcon,MakeModel,"CarValue,VehicleYear",7.84509785472041e-170
SocioEcon,MakeModel,"CarValue,VehicleYear",7.84509785472041e-170
SocioEcon,MakeModel,"CarValue,VehicleYear",7.84509785472041e-170
SocioEcon,MakeModel,"CarValue,VehicleYear",7.84509785472041e-170
SocioEcon,MakeModel,"CarValue,VehicleYear",7.84509785472041e-170
SocioEcon,MakeModel,"CarValue,VehicleYear",7.84509785472041e-170
SocioEcon,MakeModel,"CarValue,VehicleYear",7.84509785472041e-170
SocioEcon,MakeModel,"CarValue,VehicleYear",7.84509785472041e-170
SocioEcon,MakeModel,"CarValue,VehicleYear",7.84509785472041e-170
SocioEcon,MakeModel,"CarValue,VehicleYear",7.84509785472041e-170
SocioEcon,MakeModel,"CarValue,VehicleYear",7.84509785472041e-170
SocioEcon,MakeModel,"CarValue,VehicleYear",7.84509785472041e-170
SocioEcon,MakeModel,"CarValue,VehicleYear",7.84509785472041e-170
SocioEcon,MakeModel,"CarValue,VehicleYear",7.84509785472041e-170
SocioEcon,MakeModel,"CarValue,VehicleYear",7.84509785472041e-170
SocioEcon,MakeModel,"CarValue,VehicleYear",7.84509785472041e-170
SocioEcon,MakeModel,"CarValue,VehicleYear",7.84509785472041e-170
SocioEcon,MakeModel,"CarValue,VehicleYear",7.84509785472041e-170
SocioEcon,MakeModel,"CarValue,VehicleYear",7.84509785472041e-170
SocioEcon,MakeModel,"CarValue,VehicleYear",7.84509785472041e-170
SocioEcon,MakeModel,"CarValue,VehicleYear",7.84509785472041e-170
SocioEcon,MakeModel,"CarValue,VehicleYear",7.84509785472041e-170
SocioEcon,MakeModel,"CarValue,VehicleYear",7.84509785472041e-170
SocioEcon,MakeModel,"CarValue,VehicleYear",7.84509785472041e-170
SocioEcon,MakeModel,"CarValue,VehicleYear",7.84509785472041e-170
SocioEcon,MakeModel,"CarValue,VehicleYear",7.84509785472041e-170
SocioEcon,MakeModel,"CarValue,VehicleYear",7.84509785472041e-170
SocioEcon,MakeModel,"CarValue,VehicleYear",7.84509785472041e-170
SocioEcon,MakeModel,"CarValue,VehicleYear",7.84509785472041e-170
SocioEcon,MakeModel,"CarValue,VehicleYear",7.84509785472041e-170
SocioEcon,MakeModel,"CarValue,VehicleYear",7.84509785472041e-170
SocioEcon,MakeModel,"CarValue,VehicleYear",7.84509785472041e-170
SocioEcon,MakeModel,"CarValue,VehicleYear",7.84509785472041e-170
SocioEcon,MakeModel,"CarValue,VehicleYear",7.84509785472041e-170
SocioEcon,MakeModel,"CarValue,VehicleYear",7.84509785472041e-170
SocioEcon,MakeModel,"CarValue,VehicleYear",7.84509785472041e-170
SocioEcon,MakeModel,"CarValue,VehicleYear",7.84509785472041e-170
SocioEcon,MakeModel,"CarValue,VehicleYear",7.84509785472041e-170
SocioEcon,MakeModel,"CarValue,VehicleYear",7.84509785472041e-170
SocioEcon,MakeModel,"CarValue,VehicleYear",7.84509785472041e-170
SocioEcon,MakeModel,"CarValue,VehicleYear",7.84509785472041e-170
SocioEcon,MakeModel,"CarValue,VehicleYear",7.84509785472041e-170
SocioEcon,MakeModel,"CarValue,VehicleYear",7.84509785472041e-170
SocioEcon,MakeModel,"CarValue,VehicleYear",7.84509785472041e-170
SocioEcon,MakeModel,"CarValue,VehicleYear",7.84509785472041e-170
SocioEcon,MakeModel,"CarValue,VehicleYear",7.84509785472041e-170
SocioEcon,MakeModel,"CarValue,VehicleYear",7.84509785472041e-170
SocioEcon,MakeModel,"CarValue,VehicleYear",7.84509785472041e-170
SocioEcon,MakeModel,"CarValue,VehicleYear",7.84509785472041e-170
SocioEcon,MakeModel,"CarValue,VehicleYear",7.84509785472041e-170
SocioEcon,MakeModel,"CarValue,VehicleYear",7.84509785472041e-170
SocioEcon,MakeModel,"CarValue,VehicleYear",7.84509785472041e-170
SocioEcon,MakeModel,"CarValue,VehicleYear",7.84509785472041e-170
SocioEcon,MakeModel,"CarValue,VehicleYear",7.84509785472041e-170
SocioEcon,MakeModel,"CarValue,VehicleYear",7.84509785472041e-170
SocioEcon,MakeModel,"CarValue,VehicleYear",7.84509785472041e-170
SocioEcon,MakeModel,"CarValue,VehicleYear",7.84509785472041e-170
SocioEcon,MakeModel,"CarValue,VehicleYear",7.84509785472041e-170
SocioEcon,MakeModel,"CarValue,VehicleYear",7.84509785472041e-170
SocioEcon,MakeModel,"CarValue,VehicleYear",7.84509785472041e-170
SocioEcon,MakeModel,"CarValue,VehicleYear",7.84509785472041e-170
SocioEcon,MakeModel,"CarValue,VehicleYear",7.84509785472041e-170
SocioEcon,MakeModel,"CarValue,VehicleYear",7.84509785472041e-170
SocioEcon,MakeModel,"CarValue,VehicleYear",7.84509785472041e-170
SocioEcon,MakeModel,"CarValue,VehicleYear",7.84509785472041e-170
SocioEcon,MakeModel,"CarValue,VehicleYear",7.84509785472041e-170
SocioEcon,MakeModel,"CarValue,VehicleYear",7.84509785472041e-170
SocioEcon,MakeModel,"CarValue,VehicleYear",7.84509785472041e-170
SocioEcon,MakeModel,"CarValue,VehicleYear",7.84509785472041e-170
SocioEcon,MakeModel,"CarValue,VehicleYear",7.84509785472041e-170
SocioEcon,MakeModel,"CarValue,VehicleYear",7.84509785472041e-170
SocioEcon,MakeModel,"CarValue,VehicleYear",7.84509785472041e-170
SocioEcon,MakeModel,"CarValue,VehicleYear",7.84509785472041e-170
SocioEcon,MakeModel,"CarValue,VehicleYear",7.84509785472041e-170
SocioEcon,MakeModel,"CarValue,VehicleYear",7.84509785472041e-170
SocioEcon,MakeModel,"CarValue,VehicleYear",7.84509785472041e-170
SocioEcon,MakeModel,"CarValue,VehicleYear",7.84509785472041e-170
SocioEcon,MakeModel,"CarValue,VehicleYear",7.84509785472041e-170
SocioEcon,Antilock,"CarValue,VehicleYear",2.7018311615914333e-12
SocioEcon,Antilock,"CarValue,VehicleYear",2.7018311615914333e-12
SocioEcon,Antilock,"CarValue,VehicleYear",2.7018311615914333e-12
SocioEcon,Antilock,"CarValue,VehicleYear",2.7018311615914333e-12
SocioEcon,Antilock,"CarValue,VehicleYear",2.7018311615914333e-12
SocioEcon,Antilock,"CarValue,VehicleYear",2.7018311615914333e-12
SocioEcon,Antilock,"CarValue,VehicleYear",2.7018311615914333e-12
SocioEcon,Antilock,"CarValue,VehicleYear",2.7018311615914333e-12
SocioEcon,Antilock,"CarValue,VehicleYear",2.7018311615914333e-12
SocioEcon,Antilock,"CarValue,VehicleYear",2.7018311615914333e-12
SocioEcon,Antilock,"CarValue,VehicleYear",2.7018311615914333e-12
SocioEcon,Antilock,"CarValue,VehicleYear",2.7018311615914333e-12
SocioEcon,Antilock,"CarValue,VehicleYear",2.7018311615914333e-12
SocioEcon,Antilock,"CarValue,VehicleYear",2.7018311615914333e-12
SocioEcon,Antilock,"CarValue,VehicleYear",2.7018311615914333e-12
SocioEcon,Antilock,"CarValue,VehicleYear",2.7018311615914333e-12
SocioEcon,Antilock,"CarValue,VehicleYear",2.7018311615914333e-12
SocioEcon,Antilock,"CarValue,VehicleYear",2.7018311615914333e-12
SocioEcon,Antilock,"CarValue,VehicleYear",2.7018311615914333e-12
SocioEcon,Antilock,"CarValue,VehicleYear",2.7018311615914333e-12
SocioEcon,Antilock,"CarValue,VehicleYear",2.7018311615914333e-12
SocioEcon,Antilock,"CarValue,VehicleYear",2.7018311615914333e-12
SocioEcon,Antilock,"CarValue,VehicleYear",2.7018311615914333e-12
SocioEcon,Antilock,"CarValue,VehicleYear",2.7018311615914333e-12
SocioEcon,Antilock,"CarValue,VehicleYear",2.7018311615914333e-12
SocioEcon,Antilock,"CarValue,VehicleYear",2.7018311615914333e-12
SocioEcon,Antilock,"CarValue,VehicleYear",2.7018311615914333e-12
SocioEcon,Antilock,"CarValue,VehicleYear",2.7018311615914333e-12
SocioEcon,Antilock,"CarValue,VehicleYear",2.7018311615914333e-12
SocioEcon,Antilock,"CarValue,VehicleYear",2.7018311615914333e-12
SocioEcon,Antilock,"CarValue,VehicleYear",2.7018311615914333e-12
SocioEcon,Antilock,"CarValue,VehicleYear",2.7018311615914333e-12
SocioEcon,Antilock,"CarValue,VehicleYear",2.7018311615914333e-12
SocioEcon,Antilock,"CarValue,VehicleYear",2.7018311615914333e-12
SocioEcon,Antilock,"CarValue,VehicleYear",2.7018311615914333e-12
SocioEcon,Antilock,"CarValue,VehicleYear",2.7018311615914333e-12
SocioEcon,Antilock,"CarValue,VehicleYear",2.7018311615914333e-12
SocioEcon,Antilock,"CarValue,VehicleYear",2.7018311615914333e-12
SocioEcon,Antilock,"CarValue,VehicleYear",2.7018311615914333e-12
SocioEcon,Antilock,"CarValue,VehicleYear",2.7018311615914333e-12
SocioEcon,Antilock,"CarValue,VehicleYear",2.7018311615914333e-12
SocioEcon,Antilock,"CarValue,VehicleYear",2.7018311615914333e-12
SocioEcon,Antilock,"CarValue,VehicleYear",2.7018311615914333e-12
SocioEcon,Antilock,"CarValue,VehicleYear",2.7018311615914333e-12
SocioEcon,Antilock,"CarValue,VehicleYear",2.7018311615914333e-12
SocioEcon,Antilock,"CarValue,VehicleYear",2.7018311615914333e-12
SocioEcon,Antilock,"CarValue,VehicleYear",2.7018311615914333e-12
SocioEcon,Antilock,"CarValue,VehicleYear",2.7018311615914333e-12
SocioEcon,Antilock,"CarValue,VehicleYear",2.7018311615914333e-12
SocioEcon,Antilock,"CarValue,VehicleYear",2.7018311615914333e-12
SocioEcon,Antilock,"CarValue,VehicleYear",2.7018311615914333e-12
SocioEcon,Antilock,"CarValue,VehicleYear",2.7018311615914333e-12
SocioEcon,Antilock,"CarValue,VehicleYear",2.7018311615914333e-12
SocioEcon,Antilock,"CarValue,VehicleYear",2.7018311615914333e-12
SocioEcon,Antilock,"CarValue,VehicleYear",2.7018311615914333e-12
SocioEcon,Antilock,"CarValue,VehicleYear",2.7018311615914333e-12
SocioEcon,Antilock,"CarValue,VehicleYear",2.7018311615914333e-12
SocioEcon,Antilock,"CarValue,VehicleYear",2.7018311615914333e-12
SocioEcon,Antilock,"CarValue,VehicleYear",2.7018311615914333e-12
SocioEcon,Antilock,"CarValue,VehicleYear",2.7018311615914333e-12
SocioEcon,Antilock,"CarValue,VehicleYear",2.7018311615914333e-12
SocioEcon,Antilock,"CarValue,VehicleYear",2.7018311615914333e-12
SocioEcon,Antilock,"CarValue,VehicleYear",2.7018311615914333e-12
SocioEcon,Antilock,"CarValue,VehicleYear",2.7018311615914333e-12
SocioEcon,Antilock,"CarValue,VehicleYear",2.7018311615914333e-12
SocioEcon,Antilock,"CarValue,VehicleYear",2.7018311615914333e-12
SocioEcon,Antilock,"CarValue,VehicleYear",2.7018311615914333e-12
SocioEcon,Antilock,"CarValue,VehicleYear",2.7018311615914333e-12
SocioEcon,Antilock,"CarValue,VehicleYear",2.7018311615914333e-12
SocioEcon,Antilock,"CarValue,VehicleYear",2.7018311615914333e-12
SocioEcon,Antilock,"CarValue,VehicleYear",2.7018311615914333e-12
SocioEcon,Antilock,"CarValue,VehicleYear",2.7018311615914333e-12
SocioEcon,Antilock,"CarValue,VehicleYear",2.7018311615914333e-12
SocioEcon,Antilock,"CarValue,VehicleYear",2.7018311615914333e-12
SocioEcon,Antilock,"CarValue,VehicleYear",2.7018311615914333e-12
SocioEcon,Antilock,"CarValue,VehicleYear",2.7018311615914333e-12
SocioEcon,Antilock,"CarValue,VehicleYear",2.7018311615914333e-12
SocioEcon,Antilock,"CarValue,VehicleYear",2.7018311615914333e-12
SocioEcon,ThisCarCost,"CarValue,Cushioning",0.2084382024241492
SocioEcon,ThisCarCost,"CarValue,Cushioning",0.2084382024241492
SocioEcon,ThisCarCost,"CarValue,Cushioning",0.2084382024241492
SocioEcon,ThisCarCost,"CarValue,Cushioning",0.2084382024241492
SocioEcon,ThisCarCost,"CarValue,Cushioning",0.2084382024241492
SocioEcon,ThisCarCost,"CarValue,Cushioning",0.2084382024241492
SocioEcon,ThisCarCost,"CarValue,Cushioning",0.2084382024241492
SocioEcon,ThisCarCost,"CarValue,Cushioning",0.2084382024241492
SocioEcon,ThisCarCost,"CarValue,Cushioning",0.2084382024241492
SocioEcon,ThisCarCost,"CarValue,Cushioning",0.2084382024241492
SocioEcon,ThisCarCost,"CarValue,Cushioning",0.2084382024241492
SocioEcon,ThisCarCost,"CarValue,Cushioning",0.2084382024241492
SocioEcon,CarValue,"HomeBase,VehicleYear",3.7639749527896366e-100
SocioEcon,CarValue,"HomeBase,VehicleYear",3.7639749527896366e-100
SocioEcon,CarValue,"HomeBase,VehicleYear",3.7639749527896366e-100
SocioEcon,CarValue,"HomeBase,VehicleYear",3.7639749527896366e-100
SocioEcon,CarValue,"HomeBase,VehicleYear",3.7639749527896366e-100
SocioEcon,CarValue,"HomeBase,VehicleYear",3.7639749527896366e-100
SocioEcon,CarValue,"HomeBase,VehicleYear",3.7639749527896366e-100
SocioEcon,CarValue,"HomeBase,VehicleYear",3.7639749527896366e-100
SocioEcon,CarValue,"HomeBase,VehicleYear",3.7639749527896366e-100
SocioEcon,CarValue,"HomeBase,VehicleYear",3.7639749527896366e-100
SocioEcon,CarValue,"HomeBase,VehicleYear",3.7639749527896366e-100
SocioEcon,CarValue,"HomeBase,VehicleYear",3.7639749527896366e-100
SocioEcon,CarValue,"HomeBase,VehicleYear",3.7639749527896366e-100
SocioEcon,CarValue,"HomeBase,VehicleYear",3.7639749527896366e-100
SocioEcon,CarValue,"HomeBase,VehicleYear",3.7639749527896366e-100
SocioEcon,CarValue,"HomeBase,VehicleYear",3.7639749527896366e-100
SocioEcon,CarValue,"HomeBase,VehicleYear",3.7639749527896366e-100
SocioEcon,CarValue,"HomeBase,VehicleYear",3.7639749527896366e-100
SocioEcon,CarValue,"HomeBase,VehicleYear",3.7639749527896366e-100
SocioEcon,CarValue,"HomeBase,VehicleYear",3.7639749527896366e-100
SocioEcon,CarValue,"HomeBase,VehicleYear",3.7639749527896366e-100
SocioEcon,CarValue,"HomeBase,VehicleYear",3.7639749527896366e-100
SocioEcon,CarValue,"HomeBase,VehicleYear",3.7639749527896366e-100
SocioEcon,CarValue,"HomeBase,VehicleYear",3.7639749527896366e-100
SocioEcon,CarValue,"HomeBase,VehicleYear",3.7639749527896366e-100
SocioEcon,CarValue,"HomeBase,VehicleYear",3.7639749527896366e-100
SocioEcon,CarValue,"HomeBase,VehicleYear",3.7639749527896366e-100
SocioEcon,CarValue,"HomeBase,VehicleYear",3.7639749527896366e-100
SocioEcon,CarValue,"HomeBase,VehicleYear",3.7639749527896366e-100
SocioEcon,CarValue,"HomeBase,VehicleYear",3.7639749527896366e-100
SocioEcon,CarValue,"HomeBase,VehicleYear",3.7639749527896366e-100
SocioEcon,CarValue,"HomeBase,VehicleYear",3.7639749527896366e-100
SocioEcon,CarValue,"HomeBase,VehicleYear",3.7639749527896366e-100
SocioEcon,CarValue,"HomeBase,VehicleYear",3.7639749527896366e-100
SocioEcon,CarValue,"HomeBase,VehicleYear",3.7639749527896366e-100
SocioEcon,CarValue,"HomeBase,VehicleYear",3.7639749527896366e-100
SocioEcon,CarValue,"HomeBase,VehicleYear",3.7639749527896366e-100
SocioEcon,CarValue,"HomeBase,VehicleYear",3.7639749527896366e-100
SocioEcon,CarValue,"HomeBase,VehicleYear",3.7639749527896366e-100
SocioEcon,CarValue,"HomeBase,VehicleYear",3.7639749527896366e-100
SocioEcon,CarValue,"HomeBase,VehicleYear",3.7639749527896366e-100
SocioEcon,CarValue,"HomeBase,VehicleYear",3.7639749527896366e-100
SocioEcon,CarValue,"HomeBase,VehicleYear",3.7639749527896366e-100
SocioEcon,CarValue,"HomeBase,VehicleYear",3.7639749527896366e-100
SocioEcon,CarValue,"HomeBase,VehicleYear",3.7639749527896366e-100
SocioEcon,CarValue,"HomeBase,VehicleYear",3.7639749527896366e-100
SocioEcon,CarValue,"HomeBase,VehicleYear",3.7639749527896366e-100
SocioEcon,CarValue,"HomeBase,VehicleYear",3.7639749527896366e-100
SocioEcon,CarValue,"HomeBase,VehicleYear",3.7639749527896366e-100
SocioEcon,CarValue,"HomeBase,VehicleYear",3.7639749527896366e-100
SocioEcon,CarValue,"HomeBase,VehicleYear",3.7639749527896366e-100
SocioEcon,CarValue,"HomeBase,VehicleYear",3.7639749527896366e-100
SocioEcon,CarValue,"HomeBase,VehicleYear",3.7639749527896366e-100
SocioEcon,CarValue,"HomeBase,VehicleYear",3.7639749527896366e-100
SocioEcon,CarValue,"HomeBase,VehicleYear",3.7639749527896366e-100
SocioEcon,CarValue,"HomeBase,VehicleYear",3.7639749527896366e-100
SocioEcon,CarValue,"HomeBase,VehicleYear",3.7639749527896366e-100
SocioEcon,CarValue,"HomeBase,VehicleYear",3.7639749527896366e-100
SocioEcon,CarValue,"HomeBase,VehicleYear",3.7639749527896366e-100
SocioEcon,CarValue,"HomeBase,VehicleYear",3.7639749527896366e-100
SocioEcon,CarValue,"HomeBase,VehicleYear",3.7639749527896366e-100
SocioEcon,CarValue,"HomeBase,VehicleYear",3.7639749527896366e-100
SocioEcon,CarValue,"HomeBase,VehicleYear",3.7639749527896366e-100
SocioEcon,CarValue,"HomeBase,VehicleYear",3.7639749527896366e-100
SocioEcon,CarValue,"HomeBase,VehicleYear",3.7639749527896366e-100
SocioEcon,CarValue,"HomeBase,VehicleYear",3.7639749527896366e-100
SocioEcon,CarValue,"HomeBase,VehicleYear",3.7639749527896366e-100
SocioEcon,CarValue,"HomeBase,VehicleYear",3.7639749527896366e-100
SocioEcon,CarValue,"HomeBase,VehicleYear",3.7639749527896366e-100
SocioEcon,CarValue,"HomeBase,VehicleYear",3.7639749527896366e-100
SocioEcon,CarValue,"HomeBase,VehicleYear",3.7639749527896366e-100
SocioEcon,CarValue,"HomeBase,VehicleYear",3.7639749527896366e-100
SocioEcon,CarValue,"HomeBase,VehicleYear",3.7639749527896366e-100
SocioEcon,CarValue,"HomeBase,VehicleYear",3.7639749527896366e-100
SocioEcon,CarValue,"HomeBase,VehicleYear",3.7639749527896366e-100
SocioEcon,CarValue,"HomeBase,VehicleYear",3.7639749527896366e-100
SocioEcon,CarValue,"HomeBase,VehicleYear",3.7639749527896366e-100
SocioEcon,CarValue,"HomeBase,VehicleYear",3.7639749527896366e-100
SocioEcon,HomeBase,"CarValue,VehicleYear",0.0
SocioEcon,HomeBase,"CarValue,VehicleYear",0.0
SocioEcon,HomeBase,"CarValue,VehicleYear",0.0
SocioEcon,HomeBase,"CarValue,VehicleYear",0.0
SocioEcon,HomeBase,"CarValue,VehicleYear",0.0
SocioEcon,HomeBase,"CarValue,VehicleYear",0.0
SocioEcon,HomeBase,"CarValue,VehicleYear",0.0
SocioEcon,HomeBase,"CarValue,VehicleYear",0.0
SocioEcon,HomeBase,"CarValue,VehicleYear",0.0
SocioEcon,HomeBase,"CarValue,VehicleYear",0.0
SocioEcon,HomeBase,"CarValue,VehicleYear",0.0
SocioEcon,HomeBase,"CarValue,VehicleYear",0.0
SocioEcon,HomeBase,"CarValue,VehicleYear",0.0
SocioEcon,HomeBase,"CarValue,VehicleYear",0.0
SocioEcon,HomeBase,"CarValue,VehicleYear",0.0
SocioEcon,HomeBase,"CarValue,VehicleYear",0.0
SocioEcon,HomeBase,"CarValue,VehicleYear",0.0
SocioEcon,HomeBase,"CarValue,VehicleYear",0.0
SocioEcon,HomeBase,"CarValue,VehicleYear",0.0
SocioEcon,HomeBase,"CarValue,VehicleYear",0.0
SocioEcon,HomeBase,"CarValue,VehicleYear",0.0
SocioEcon,HomeBase,"CarValue,VehicleYear",0.0
SocioEcon,HomeBase,"CarValue,VehicleYear",0.0
SocioEcon,HomeBase,"CarValue,VehicleYear",0.0
SocioEcon,HomeBase,"CarValue,VehicleYear",0.0
SocioEcon,HomeBase,"CarValue,VehicleYear",0.0
SocioEcon,HomeBase,"CarValue,VehicleYear",0.0
SocioEcon,HomeBase,"CarValue,VehicleYear",0.0
SocioEcon,HomeBase,"CarValue,VehicleYear",0.0
SocioEcon,HomeBase,"CarValue,VehicleYear",0.0
SocioEcon,HomeBase,"CarValue,VehicleYear",0.0
SocioEcon,HomeBase,"CarValue,VehicleYear",0.0
SocioEcon,HomeBase,"CarValue,VehicleYear",0.0
SocioEcon,HomeBase,"CarValue,VehicleYear",0.0
SocioEcon,HomeBase,"CarValue,VehicleYear",0.0
SocioEcon,HomeBase,"CarValue,VehicleYear",0.0
SocioEcon,HomeBase,"CarValue,VehicleYear",0.0
SocioEcon,HomeBase,"CarValue,VehicleYear",0.0
SocioEcon,HomeBase,"CarValue,VehicleYear",0.0
SocioEcon,HomeBase,"CarValue,VehicleYear",0.0
SocioEcon,HomeBase,"CarValue,VehicleYear",0.0
SocioEcon,HomeBase,"CarValue,VehicleYear",0.0
SocioEcon,HomeBase,"CarValue,VehicleYear",0.0
SocioEcon,HomeBase,"CarValue,VehicleYear",0.0
SocioEcon,HomeBase,"CarValue,VehicleYear",0.0
SocioEcon,HomeBase,"CarValue,VehicleYear",0.0
SocioEcon,HomeBase,"CarValue,VehicleYear",0.0
SocioEcon,HomeBase,"CarValue,VehicleYear",0.0
SocioEcon,HomeBase,"CarValue,VehicleYear",0.0
SocioEcon,HomeBase,"CarValue,VehicleYear",0.0
SocioEcon,HomeBase,"CarValue,VehicleYear",0.0
SocioEcon,HomeBase,"CarValue,VehicleYear",0.0
SocioEcon,HomeBase,"CarValue,VehicleYear",0.0
SocioEcon,HomeBase,"CarValue,VehicleYear",0.0
SocioEcon,HomeBase,"CarValue,VehicleYear",0.0
SocioEcon,HomeBase,"CarValue,VehicleYear",0.0
SocioEcon,HomeBase,"CarValue,VehicleYear",0.0
SocioEcon,HomeBase,"CarValue,VehicleYear",0.0
SocioEcon,HomeBase,"CarValue,VehicleYear",0.0
SocioEcon,HomeBase,"CarValue,VehicleYear",0.0
SocioEcon,HomeBase,"CarValue,VehicleYear",0.0
SocioEcon,HomeBase,"CarValue,VehicleYear",0.0
SocioEcon,HomeBase,"CarValue,VehicleYear",0.0
SocioEcon,HomeBase,"CarValue,VehicleYear",0.0
SocioEcon,HomeBase,"CarValue,VehicleYear",0.0
SocioEcon,HomeBase,"CarValue,VehicleYear",0.0
SocioEcon,HomeBase,"CarValue,VehicleYear",0.0
SocioEcon,HomeBase,"CarValue,VehicleYear",0.0
SocioEcon,HomeBase,"CarValue,VehicleYear",0.0
SocioEcon,HomeBase,"CarValue,VehicleYear",0.0
SocioEcon,HomeBase,"CarValue,VehicleYear",0.0
SocioEcon,HomeBase,"CarValue,VehicleYear",0.0
SocioEcon,HomeBase,"CarValue,VehicleYear",0.0
SocioEcon,HomeBase,"CarValue,VehicleYear",0.0
SocioEcon,HomeBase,"CarValue,VehicleYear",0.0
SocioEcon,HomeBase,"CarValue,VehicleYear",0.0
SocioEcon,HomeBase,"CarValue,VehicleYear",0.0
SocioEcon,HomeBase,"CarValue,VehicleYear",0.0
SocioEcon,AntiTheft,"CarValue,VehicleYear",9.088397705652779e-33
SocioEcon,AntiTheft,"CarValue,VehicleYear",9.088397705652779e-33
SocioEcon,AntiTheft,"CarValue,VehicleYear",9.088397705652779e-33
SocioEcon,AntiTheft,"CarValue,VehicleYear",9.088397705652779e-33
SocioEcon,AntiTheft,"CarValue,VehicleYear",9.088397705652779e-33
SocioEcon,AntiTheft,"CarValue,VehicleYear",9.088397705652779e-33
SocioEcon,AntiTheft,"CarValue,VehicleYear",9.088397705652779e-33
SocioEcon,AntiTheft,"CarValue,VehicleYear",9.088397705652779e-33
SocioEcon,AntiTheft,"CarValue,VehicleYear",9.088397705652779e-33
SocioEcon,AntiTheft,"CarValue,VehicleYear",9.088397705652779e-33
SocioEcon,AntiTheft,"CarValue,VehicleYear",9.088397705652779e-33
SocioEcon,AntiTheft,"CarValue,VehicleYear",9.088397705652779e-33
SocioEcon,AntiTheft,"CarValue,VehicleYear",9.088397705652779e-33
SocioEcon,AntiTheft,"CarValue,VehicleYear",9.088397705652779e-33
SocioEcon,AntiTheft,"CarValue,VehicleYear",9.088397705652779e-33
SocioEcon,AntiTheft,"CarValue,VehicleYear",9.088397705652779e-33
SocioEcon,AntiTheft,"CarValue,VehicleYear",9.088397705652779e-33
SocioEcon,AntiTheft,"CarValue,VehicleYear",9.088397705652779e-33
SocioEcon,AntiTheft,"CarValue,VehicleYear",9.088397705652779e-33
SocioEcon,AntiTheft,"CarValue,VehicleYear",9.088397705652779e-33
SocioEcon,AntiTheft,"CarValue,VehicleYear",9.088397705652779e-33
SocioEcon,AntiTheft,"CarValue,VehicleYear",9.088397705652779e-33
SocioEcon,AntiTheft,"CarValue,VehicleYear",9.088397705652779e-33
SocioEcon,AntiTheft,"CarValue,VehicleYear",9.088397705652779e-33
SocioEcon,AntiTheft,"CarValue,VehicleYear",9.088397705652779e-33
SocioEcon,AntiTheft,"CarValue,VehicleYear",9.088397705652779e-33
SocioEcon,AntiTheft,"CarValue,VehicleYear",9.088397705652779e-33
SocioEcon,AntiTheft,"CarValue,VehicleYear",9.088397705652779e-33
SocioEcon,AntiTheft,"CarValue,VehicleYear",9.088397705652779e-33
SocioEcon,AntiTheft,"CarValue,VehicleYear",9.088397705652779e-33
SocioEcon,AntiTheft,"CarValue,VehicleYear",9.088397705652779e-33
SocioEcon,AntiTheft,"CarValue,VehicleYear",9.088397705652779e-33
SocioEcon,AntiTheft,"CarValue,VehicleYear",9.088397705652779e-33
SocioEcon,AntiTheft,"CarValue,VehicleYear",9.088397705652779e-33
SocioEcon,AntiTheft,"CarValue,VehicleYear",9.088397705652779e-33
SocioEcon,AntiTheft,"CarValue,VehicleYear",9.088397705652779e-33
SocioEcon,AntiTheft,"CarValue,VehicleYear",9.088397705652779e-33
SocioEcon,AntiTheft,"CarValue,VehicleYear",9.088397705652779e-33
SocioEcon,AntiTheft,"CarValue,VehicleYear",9.088397705652779e-33
SocioEcon,AntiTheft,"CarValue,VehicleYear",9.088397705652779e-33
SocioEcon,AntiTheft,"CarValue,VehicleYear",9.088397705652779e-33
SocioEcon,AntiTheft,"CarValue,VehicleYear",9.088397705652779e-33
SocioEcon,AntiTheft,"CarValue,VehicleYear",9.088397705652779e-33
SocioEcon,AntiTheft,"CarValue,VehicleYear",9.088397705652779e-33
SocioEcon,AntiTheft,"CarValue,VehicleYear",9.088397705652779e-33
SocioEcon,AntiTheft,"CarValue,VehicleYear",9.088397705652779e-33
SocioEcon,AntiTheft,"CarValue,VehicleYear",9.088397705652779e-33
SocioEcon,AntiTheft,"CarValue,VehicleYear",9.088397705652779e-33
SocioEcon,AntiTheft,"CarValue,VehicleYear",9.088397705652779e-33
SocioEcon,AntiTheft,"CarValue,VehicleYear",9.088397705652779e-33
SocioEcon,AntiTheft,"CarValue,VehicleYear",9.088397705652779e-33
SocioEcon,AntiTheft,"CarValue,VehicleYear",9.088397705652779e-33
SocioEcon,AntiTheft,"CarValue,VehicleYear",9.088397705652779e-33
SocioEcon,AntiTheft,"CarValue,VehicleYear",9.088397705652779e-33
SocioEcon,AntiTheft,"CarValue,VehicleYear",9.088397705652779e-33
SocioEcon,AntiTheft,"CarValue,VehicleYear",9.088397705652779e-33
SocioEcon,AntiTheft,"CarValue,VehicleYear",9.088397705652779e-33
SocioEcon,AntiTheft,"CarValue,VehicleYear",9.088397705652779e-33
SocioEcon,AntiTheft,"CarValue,VehicleYear",9.088397705652779e-33
SocioEcon,AntiTheft,"CarValue,VehicleYear",9.088397705652779e-33
SocioEcon,AntiTheft,"CarValue,VehicleYear",9.088397705652779e-33
SocioEcon,AntiTheft,"CarValue,VehicleYear",9.088397705652779e-33
SocioEcon,AntiTheft,"CarValue,VehicleYear",9.088397705652779e-33
SocioEcon,AntiTheft,"CarValue,VehicleYear",9.088397705652779e-33
SocioEcon,AntiTheft,"CarValue,VehicleYear",9.088397705652779e-33
SocioEcon,AntiTheft,"CarValue,VehicleYear",9.088397705652779e-33
SocioEcon,AntiTheft,"CarValue,VehicleYear",9.088397705652779e-33
SocioEcon,AntiTheft,"CarValue,VehicleYear",9.088397705652779e-33
SocioEcon,AntiTheft,"CarValue,VehicleYear",9.088397705652779e-33
SocioEcon,AntiTheft,"CarValue,VehicleYear",9.088397705652779e-33
SocioEcon,AntiTheft,"CarValue,VehicleYear",9.088397705652779e-33
SocioEcon,AntiTheft,"CarValue,VehicleYear",9.088397705652779e-33
SocioEcon,AntiTheft,"CarValue,VehicleYear",9.088397705652779e-33
SocioEcon,AntiTheft,"CarValue,VehicleYear",9.088397705652779e-33
SocioEcon,AntiTheft,"CarValue,VehicleYear",9.088397705652779e-33
SocioEcon,AntiTheft,"CarValue,VehicleYear",9.088397705652779e-33
SocioEcon,AntiTheft,"CarValue,VehicleYear",9.088397705652779e-33
SocioEcon,AntiTheft,"CarValue,VehicleYear",9.088397705652779e-33
SocioEcon,OtherCar,"CarValue,VehicleYear",8.860434398538051e-58
SocioEcon,OtherCar,"CarValue,VehicleYear",8.860434398538051e-58
SocioEcon,OtherCar,"CarValue,VehicleYear",8.860434398538051e-58
SocioEcon,OtherCar,"CarValue,VehicleYear",8.860434398538051e-58
SocioEcon,OtherCar,"CarValue,VehicleYear",8.860434398538051e-58
SocioEcon,OtherCar,"CarValue,VehicleYear",8.860434398538051e-58
SocioEcon,OtherCar,"CarValue,VehicleYear",8.860434398538051e-58
SocioEcon,OtherCar,"CarValue,VehicleYear",8.860434398538051e-58
SocioEcon,OtherCar,"CarValue,VehicleYear",8.860434398538051e-58
SocioEcon,OtherCar,"CarValue,VehicleYear",8.860434398538051e-58
SocioEcon,OtherCar,"CarValue,VehicleYear",8.860434398538051e-58
SocioEcon,OtherCar,"CarValue,VehicleYear",8.860434398538051e-58
SocioEcon,OtherCar,"CarValue,VehicleYear",8.860434398538051e-58
SocioEcon,OtherCar,"CarValue,VehicleYear",8.860434398538051e-58
SocioEcon,OtherCar,"CarValue,VehicleYear",8.860434398538051e-58
SocioEcon,OtherCar,"CarValue,VehicleYear",8.860434398538051e-58
SocioEcon,OtherCar,"CarValue,VehicleYear",8.860434398538051e-58
SocioEcon,OtherCar,"CarValue,VehicleYear",8.860434398538051e-58
SocioEcon,OtherCar,"CarValue,VehicleYear",8.860434398538051e-58
SocioEcon,OtherCar,"CarValue,VehicleYear",8.860434398538051e-58
SocioEcon,OtherCar,"CarValue,VehicleYear",8.860434398538051e-58
SocioEcon,OtherCar,"CarValue,VehicleYear",8.860434398538051e-58
SocioEcon,OtherCar,"CarValue,VehicleYear",8.860434398538051e-58
SocioEcon,OtherCar,"CarValue,VehicleYear",8.860434398538051e-58
SocioEcon,OtherCar,"CarValue,VehicleYear",8.860434398538051e-58
SocioEcon,OtherCar,"CarValue,VehicleYear",8.860434398538051e-58
SocioEcon,OtherCar,"CarValue,VehicleYear",8.860434398538051e-58
SocioEcon,OtherCar,"CarValue,VehicleYear",8.860434398538051e-58
SocioEcon,OtherCar,"CarValue,VehicleYear",8.860434398538051e-58
SocioEcon,OtherCar,"CarValue,VehicleYear",8.860434398538051e-58
SocioEcon,OtherCar,"CarValue,VehicleYear",8.860434398538051e-58
SocioEcon,OtherCar,"CarValue,VehicleYear",8.860434398538051e-58
SocioEcon,OtherCar,"CarValue,VehicleYear",8.860434398538051e-58
SocioEcon,OtherCar,"CarValue,VehicleYear",8.860434398538051e-58
SocioEcon,OtherCar,"CarValue,VehicleYear",8.860434398538051e-58
SocioEcon,OtherCar,"CarValue,VehicleYear",8.860434398538051e-58
SocioEcon,OtherCar,"CarValue,VehicleYear",8.860434398538051e-58
SocioEcon,OtherCar,"CarValue,VehicleYear",8.860434398538051e-58
SocioEcon,OtherCar,"CarValue,VehicleYear",8.860434398538051e-58
SocioEcon,OtherCar,"CarValue,VehicleYear",8.860434398538051e-58
SocioEcon,OtherCar,"CarValue,VehicleYear",8.860434398538051e-58
SocioEcon,OtherCar,"CarValue,VehicleYear",8.860434398538051e-58
SocioEcon,OtherCar,"CarValue,VehicleYear",8.860434398538051e-58
SocioEcon,OtherCar,"CarValue,VehicleYear",8.860434398538051e-58
SocioEcon,OtherCar,"CarValue,VehicleYear",8.860434398538051e-58
SocioEcon,OtherCar,"CarValue,VehicleYear",8.860434398538051e-58
SocioEcon,OtherCar,"CarValue,VehicleYear",8.860434398538051e-58
SocioEcon,OtherCar,"CarValue,VehicleYear",8.860434398538051e-58
SocioEcon,OtherCar,"CarValue,VehicleYear",8.860434398538051e-58
SocioEcon,OtherCar,"CarValue,VehicleYear",8.860434398538051e-58
SocioEcon,OtherCar,"CarValue,VehicleYear",8.860434398538051e-58
SocioEcon,OtherCar,"CarValue,VehicleYear",8.860434398538051e-58
SocioEcon,OtherCar,"CarValue,VehicleYear",8.860434398538051e-58
SocioEcon,OtherCar,"CarValue,VehicleYear",8.860434398538051e-58
SocioEcon,OtherCar,"CarValue,VehicleYear",8.860434398538051e-58
SocioEcon,OtherCar,"CarValue,VehicleYear",8.860434398538051e-58
SocioEcon,OtherCar,"CarValue,VehicleYear",8.860434398538051e-58
SocioEcon,OtherCar,"CarValue,VehicleYear",8.860434398538051e-58
SocioEcon,OtherCar,"CarValue,VehicleYear",8.860434398538051e-58
SocioEcon,OtherCar,"CarValue,VehicleYear",8.860434398538051e-58
SocioEcon,OtherCar,"CarValue,VehicleYear",8.860434398538051e-58
SocioEcon,OtherCar,"CarValue,VehicleYear",8.860434398538051e-58
SocioEcon,OtherCar,"CarValue,VehicleYear",8.860434398538051e-58
SocioEcon,OtherCar,"CarValue,VehicleYear",8.860434398538051e-58
SocioEcon,OtherCar,"CarValue,VehicleYear",8.860434398538051e-58
SocioEcon,OtherCar,"CarValue,VehicleYear",8.860434398538051e-58
SocioEcon,OtherCar,"CarValue,VehicleYear",8.860434398538051e-58
SocioEcon,OtherCar,"CarValue,VehicleYear",8.860434398538051e-58
SocioEcon,OtherCar,"CarValue,VehicleYear",8.860434398538051e-58
SocioEcon,OtherCar,"CarValue,VehicleYear",8.860434398538051e-58
SocioEcon,OtherCar,"CarValue,VehicleYear",8.860434398538051e-58
SocioEcon,OtherCar,"CarValue,VehicleYear",8.860434398538051e-58
SocioEcon,OtherCar,"CarValue,VehicleYear",8.860434398538051e-58
SocioEcon,OtherCar,"CarValue,VehicleYear",8.860434398538051e-58
SocioEcon,OtherCar,"CarValue,VehicleYear",8.860434398538051e-58
SocioEcon,OtherCar,"CarValue,VehicleYear",8.860434398538051e-58
SocioEcon,OtherCar,"CarValue,VehicleYear",8.860434398538051e-58
SocioEcon,OtherCar,"CarValue,VehicleYear",8.860434398538051e-58
SocioEcon,Cushioning,"MakeModel,RiskAversion",0.5619583012546809
SocioEcon,Airbag,"CarValue,VehicleYear",8.03928720101036e-12
SocioEcon,Airbag,"CarValue,VehicleYear",8.03928720101036e-12
SocioEcon,Airbag,"CarValue,VehicleYear",8.03928720101036e-12
SocioEcon,Airbag,"CarValue,VehicleYear",8.03928720101036e-12
SocioEcon,Airbag,"CarValue,VehicleYear",8.03928720101036e-12
SocioEcon,Airbag,"CarValue,VehicleYear",8.03928720101036e-12
SocioEcon,Airbag,"CarValue,VehicleYear",8.03928720101036e-12
SocioEcon,Airbag,"CarValue,VehicleYear",8.03928720101036e-12
SocioEcon,Airbag,"CarValue,VehicleYear",8.03928720101036e-12
SocioEcon,Airbag,"CarValue,VehicleYear",8.03928720101036e-12
SocioEcon,Airbag,"CarValue,VehicleYear",8.03928720101036e-12
SocioEcon,Airbag,"CarValue,VehicleYear",8.03928720101036e-12
SocioEcon,Airbag,"CarValue,VehicleYear",8.03928720101036e-12
SocioEcon,Airbag,"CarValue,VehicleYear",8.03928720101036e-12
SocioEcon,Airbag,"CarValue,VehicleYear",8.03928720101036e-12
SocioEcon,Airbag,"CarValue,VehicleYear",8.03928720101036e-12
SocioEcon,Airbag,"CarValue,VehicleYear",8.03928720101036e-12
SocioEcon,Airbag,"CarValue,VehicleYear",8.03928720101036e-12
SocioEcon,Airbag,"CarValue,VehicleYear",8.03928720101036e-12
SocioEcon,Airbag,"CarValue,VehicleYear",8.03928720101036e-12
SocioEcon,Airbag,"CarValue,VehicleYear",8.03928720101036e-12
SocioEcon,Airbag,"CarValue,VehicleYear",8.03928720101036e-12
SocioEcon,Airbag,"CarValue,VehicleYear",8.03928720101036e-12
SocioEcon,Airbag,"CarValue,VehicleYear",8.03928720101036e-12
SocioEcon,Airbag,"CarValue,VehicleYear",8.03928720101036e-12
SocioEcon,Airbag,"CarValue,VehicleYear",8.03928720101036e-12
SocioEcon,Airbag,"CarValue,VehicleYear",8.03928720101036e-12
SocioEcon,Airbag,"CarValue,VehicleYear",8.03928720101036e-12
SocioEcon,Airbag,"CarValue,VehicleYear",8.03928720101036e-12
SocioEcon,Airbag,"CarValue,VehicleYear",8.03928720101036e-12
SocioEcon,Airbag,"CarValue,VehicleYear",8.03928720101036e-12
SocioEcon,Airbag,"CarValue,VehicleYear",8.03928720101036e-12
SocioEcon,Airbag,"CarValue,VehicleYear",8.03928720101036e-12
SocioEcon,Airbag,"CarValue,VehicleYear",8.03928720101036e-12
SocioEcon,Airbag,"CarValue,VehicleYear",8.03928720101036e-12
SocioEcon,Airbag,"CarValue,VehicleYear",8.03928720101036e-12
SocioEcon,Airbag,"CarValue,VehicleYear",8.03928720101036e-12
SocioEcon,Airbag,"CarValue,VehicleYear",8.03928720101036e-12
SocioEcon,Airbag,"CarValue,VehicleYear",8.03928720101036e-12
SocioEcon,Airbag,"CarValue,VehicleYear",8.03928720101036e-12
SocioEcon,Airbag,"CarValue,VehicleYear",8.03928720101036e-12
SocioEcon,Airbag,"CarValue,VehicleYear",8.03928720101036e-12
SocioEcon,Airbag,"CarValue,VehicleYear",8.03928720101036e-12
SocioEcon,Airbag,"CarValue,VehicleYear",8.03928720101036e-12
SocioEcon,Airbag,"CarValue,VehicleYear",8.03928720101036e-12
SocioEcon,Airbag,"CarValue,VehicleYear",8.03928720101036e-12
SocioEcon,Airbag,"CarValue,VehicleYear",8.03928720101036e-12
SocioEcon,Airbag,"CarValue,VehicleYear",8.03928720101036e-12
SocioEcon,Airbag,"CarValue,VehicleYear",8.03928720101036e-12
SocioEcon,Airbag,"CarValue,VehicleYear",8.03928720101036e-12
SocioEcon,Airbag,"CarValue,VehicleYear",8.03928720101036e-12
SocioEcon,Airbag,"CarValue,VehicleYear",8.03928720101036e-12
SocioEcon,Airbag,"CarValue,VehicleYear",8.03928720101036e-12
SocioEcon,Airbag,"CarValue,VehicleYear",8.03928720101036e-12
SocioEcon,Airbag,"CarValue,VehicleYear",8.03928720101036e-12
SocioEcon,Airbag,"CarValue,VehicleYear",8.03928720101036e-12
SocioEcon,Airbag,"CarValue,VehicleYear",8.03928720101036e-12
SocioEcon,Airbag,"CarValue,VehicleYear",8.03928720101036e-12
SocioEcon,Airbag,"CarValue,VehicleYear",8.03928720101036e-12
SocioEcon,Airbag,"CarValue,VehicleYear",8.03928720101036e-12
SocioEcon,Airbag,"CarValue,VehicleYear",8.03928720101036e-12
SocioEcon,Airbag,"CarValue,VehicleYear",8.03928720101036e-12
SocioEcon,Airbag,"CarValue,VehicleYear",8.03928720101036e-12
SocioEcon,Airbag,"CarValue,VehicleYear",8.03928720101036e-12
SocioEcon,Airbag,"CarValue,VehicleYear",8.03928720101036e-12
SocioEcon,Airbag,"CarValue,VehicleYear",8.03928720101036e-12
SocioEcon,Airbag,"CarValue,VehicleYear",8.03928720101036e-12
SocioEcon,Airbag,"CarValue,VehicleYear",8.03928720101036e-12
SocioEcon,Airbag,"CarValue,VehicleYear",8.03928720101036e-12
SocioEcon,Airbag,"CarValue,VehicleYear",8.03928720101036e-12
SocioEcon,Airbag,"CarValue,VehicleYear",8.03928720101036e-12
SocioEcon,Airbag,"CarValue,VehicleYear",8.03928720101036e-12
SocioEcon,Airbag,"CarValue,VehicleYear",8.03928720101036e-12
SocioEcon,Airbag,"CarValue,VehicleYear",8.03928720101036e-12
SocioEcon,Airbag,"CarValue,VehicleYear",8.03928720101036e-12
SocioEcon,Airbag,"CarValue,VehicleYear",8.03928720101036e-12
SocioEcon,Airbag,"CarValue,VehicleYear",8.03928720101036e-12
SocioEcon,Airbag,"CarValue,VehicleYear",8.03928720101036e-12
RiskAversion,DrivQuality,"DrivHist,SeniorTrain",7.882334814123032e-34
RiskAversion,DrivQuality,"DrivHist,SeniorTrain",7.882334814123032e-34
RiskAversion,DrivQuality,"DrivHist,SeniorTrain",7.882334814123032e-34
RiskAversion,DrivQuality,"DrivHist,SeniorTrain",7.882334814123032e-34
RiskAversion,DrivQuality,"DrivHist,SeniorTrain",7.882334814123032e-34
RiskAversion,DrivQuality,"DrivHist,SeniorTrain",7.882334814123032e-34
RiskAversion,DrivQuality,"DrivHist,SeniorTrain",7.882334814123032e-34
RiskAversion,DrivQuality,"DrivHist,SeniorTrain",7.882334814123032e-34
RiskAversion,DrivQuality,"DrivHist,SeniorTrain",7.882334814123032e-34
RiskAversion,DrivQuality,"DrivHist,SeniorTrain",7.882334814123032e-34
RiskAversion,DrivQuality,"DrivHist,SeniorTrain",7.882334814123032e-34
RiskAversion,DrivQuality,"DrivHist,SeniorTrain",7.882334814123032e-34
RiskAversion,DrivQuality,"DrivHist,SeniorTrain",7.882334814123032e-34
RiskAversion,DrivQuality,"DrivHist,SeniorTrain",7.882334814123032e-34
RiskAversion,DrivQuality,"DrivHist,SeniorTrain",7.882334814123032e-34
RiskAversion,DrivQuality,"DrivHist,SeniorTrain",7.882334814123032e-34
RiskAversion,DrivQuality,"DrivHist,SeniorTrain",7.882334814123032e-34
RiskAversion,DrivQuality,"DrivHist,SeniorTrain",7.882334814123032e-34
RiskAversion,DrivQuality,"DrivHist,SeniorTrain",7.882334814123032e-34
RiskAversion,DrivQuality,"DrivHist,SeniorTrain",7.882334814123032e-34
RiskAversion,DrivQuality,"DrivHist,SeniorTrain",7.882334814123032e-34
RiskAversion,DrivingSkill,"DrivHist,SeniorTrain",9.674261611755068e-186
RiskAversion,DrivingSkill,"DrivHist,SeniorTrain",9.674261611755068e-186
RiskAversion,DrivingSkill,"DrivHist,SeniorTrain",9.674261611755068e-186
RiskAversion,DrivingSkill,"DrivHist,SeniorTrain",9.674261611755068e-186
RiskAversion,DrivingSkill,"DrivHist,SeniorTrain",9.674261611755068e-186
RiskAversion,DrivingSkill,"DrivHist,SeniorTrain",9.674261611755068e-186
RiskAversion,DrivingSkill,"DrivHist,SeniorTrain",9.674261611755068e-186
RiskAversion,DrivingSkill,"DrivHist,SeniorTrain",9.674261611755068e-186
RiskAversion,DrivingSkill,"DrivHist,SeniorTrain",9.674261611755068e-186
RiskAversion,DrivingSkill,"DrivHist,SeniorTrain",9.674261611755068e-186
RiskAversion,DrivingSkill,"DrivHist,SeniorTrain",9.674261611755068e-186
RiskAversion,DrivingSkill,"DrivHist,SeniorTrain",9.674261611755068e-186
RiskAversion,DrivingSkill,"DrivHist,SeniorTrain",9.674261611755068e-186
RiskAversion,DrivingSkill,"DrivHist,SeniorTrain",9.674261611755068e-186
RiskAversion,DrivingSkill,"DrivHist,SeniorTrain",9.674261611755068e-186
RiskAversion,DrivingSkill,"DrivHist,SeniorTrain",9.674261611755068e-186
RiskAversion,DrivingSkill,"DrivHist,SeniorTrain",9.674261611755068e-186
RiskAversion,DrivingSkill,"DrivHist,SeniorTrain",9.674261611755068e-186
RiskAversion,DrivingSkill,"DrivHist,SeniorTrain",9.674261611755068e-186
RiskAversion,DrivingSkill,"DrivHist,SeniorTrain",9.674261611755068e-186
RiskAversion,DrivingSkill,"DrivHist,SeniorTrain",9.674261611755068e-186
RiskAversion,SeniorTrain,"DrivHist,HomeBase",2.130603636892785e-20
RiskAversion,SeniorTrain,"DrivHist,HomeBase",2.130603636892785e-20
RiskAversion,SeniorTrain,"DrivHist,HomeBase",2.130603636892785e-20
RiskAversion,SeniorTrain,"DrivHist,HomeBase",2.130603636892785e-20
RiskAversion,SeniorTrain,"DrivHist,HomeBase",2.130603636892785e-20
RiskAversion,SeniorTrain,"DrivHist,HomeBase",2.130603636892785e-20
RiskAversion,SeniorTrain,"DrivHist,HomeBase",2.130603636892785e-20
RiskAversion,SeniorTrain,"DrivHist,HomeBase",2.130603636892785e-20
RiskAversion,SeniorTrain,"DrivHist,HomeBase",2.130603636892785e-20
RiskAversion,SeniorTrain,"DrivHist,HomeBase",2.130603636892785e-20
RiskAversion,SeniorTrain,"DrivHist,HomeBase",2.130603636892785e-20
RiskAversion,SeniorTrain,"DrivHist,HomeBase",2.130603636892785e-20
RiskAversion,SeniorTrain,"DrivHist,HomeBase",2.130603636892785e-20
RiskAversion,SeniorTrain,"DrivHist,HomeBase",2.130603636892785e-20
RiskAversion,SeniorTrain,"DrivHist,HomeBase",2.130603636892785e-20
RiskAversion,SeniorTrain,"DrivHist,HomeBase",2.130603636892785e-20
RiskAversion,SeniorTrain,"DrivHist,HomeBase",2.130603636892785e-20
RiskAversion,SeniorTrain,"DrivHist,HomeBase",2.130603636892785e-20
RiskAversion,SeniorTrain,"DrivHist,HomeBase",2.130603636892785e-20
RiskAversion,SeniorTrain,"DrivHist,HomeBase",2.130603636892785e-20
RiskAversion,SeniorTrain,"DrivHist,HomeBase",2.130603636892785e-20
RiskAversion,HomeBase,"DrivHist,SeniorTrain",2.783161723690798e-143
RiskAversion,HomeBase,"DrivHist,SeniorTrain",2.783161723690798e-143
RiskAversion,HomeBase,"DrivHist,SeniorTrain",2.783161723690798e-143
RiskAversion,HomeBase,"DrivHist,SeniorTrain",2.783161723690798e-143
RiskAversion,HomeBase,"DrivHist,SeniorTrain",2.783161723690798e-143
RiskAversion,HomeBase,"DrivHist,SeniorTrain",2.783161723690798e-143
RiskAversion,HomeBase,"DrivHist,SeniorTrain",2.783161723690798e-143
RiskAversion,HomeBase,"DrivHist,SeniorTrain",2.783161723690798e-143
RiskAversion,HomeBase,"DrivHist,SeniorTrain",2.783161723690798e-143
RiskAversion,HomeBase,"DrivHist,SeniorTrain",2.783161723690798e-143
RiskAversion,HomeBase,"DrivHist,SeniorTrain",2.783161723690798e-143
RiskAversion,HomeBase,"DrivHist,SeniorTrain",2.783161723690798e-143
RiskAversion,HomeBase,"DrivHist,SeniorTrain",2.783161723690798e-143
RiskAversion,HomeBase,"DrivHist,SeniorTrain",2.783161723690798e-143
RiskAversion,HomeBase,"DrivHist,SeniorTrain",2.783161723690798e-143
RiskAversion,HomeBase,"DrivHist,SeniorTrain",2.783161723690798e-143
RiskAversion,HomeBase,"DrivHist,SeniorTrain",2.783161723690798e-143
RiskAversion,HomeBase,"DrivHist,SeniorTrain",2.783161723690798e-143
RiskAversion,HomeBase,"DrivHist,SeniorTrain",2.783161723690798e-143
RiskAversion,HomeBase,"DrivHist,SeniorTrain",2.783161723690798e-143
RiskAversion,HomeBase,"DrivHist,SeniorTrain",2.783161723690798e-143
RiskAversion,AntiTheft,"DrivHist,SeniorTrain",0.0
RiskAversion,AntiTheft,"DrivHist,SeniorTrain",0.0
RiskAversion,AntiTheft,"DrivHist,SeniorTrain",0.0
RiskAversion,AntiTheft,"DrivHist,SeniorTrain",0.0
RiskAversion,AntiTheft,"DrivHist,SeniorTrain",0.0
RiskAversion,AntiTheft,"DrivHist,SeniorTrain",0.0
RiskAversion,AntiTheft,"DrivHist,SeniorTrain",0.0
RiskAversion,AntiTheft,"DrivHist,SeniorTrain",0.0
RiskAversion,AntiTheft,"DrivHist,SeniorTrain",0.0
RiskAversion,AntiTheft,"DrivHist,SeniorTrain",0.0
RiskAversion,AntiTheft,"DrivHist,SeniorTrain",0.0
RiskAversion,AntiTheft,"DrivHist,SeniorTrain",0.0
RiskAversion,AntiTheft,"DrivHist,SeniorTrain",0.0
RiskAversion,AntiTheft,"DrivHist,SeniorTrain",0.0
RiskAversion,AntiTheft,"DrivHist,SeniorTrain",0.0
RiskAversion,AntiTheft,"DrivHist,SeniorTrain",0.0
RiskAversion,AntiTheft,"DrivHist,SeniorTrain",0.0
RiskAversion,AntiTheft,"DrivHist,SeniorTrain",0.0
RiskAversion,AntiTheft,"DrivHist,SeniorTrain",0.0
RiskAversion,AntiTheft,"DrivHist,SeniorTrain",0.0
RiskAversion,AntiTheft,"DrivHist,SeniorTrain",0.0
RiskAversion,DrivHist,"HomeBase,SeniorTrain",2.6868568130923165e-36
RiskAversion,DrivHist,"HomeBase,SeniorTrain",2.6868568130923165e-36
RiskAversion,DrivHist,"HomeBase,SeniorTrain",2.6868568130923165e-36
RiskAversion,DrivHist,"HomeBase,SeniorTrain",2.6868568130923165e-36
RiskAversion,DrivHist,"HomeBase,SeniorTrain",2.6868568130923165e-36
RiskAversion,DrivHist,"HomeBase,SeniorTrain",2.6868568130923165e-36
RiskAversion,DrivHist,"HomeBase,SeniorTrain",2.6868568130923165e-36
RiskAversion,DrivHist,"HomeBase,SeniorTrain",2.6868568130923165e-36
RiskAversion,DrivHist,"HomeBase,SeniorTrain",2.6868568130923165e-36
RiskAversion,DrivHist,"HomeBase,SeniorTrain",2.6868568130923165e-36
RiskAversion,DrivHist,"HomeBase,SeniorTrain",2.6868568130923165e-36
RiskAversion,DrivHist,"HomeBase,SeniorTrain",2.6868568130923165e-36
RiskAversion,DrivHist,"HomeBase,SeniorTrain",2.6868568130923165e-36
RiskAversion,DrivHist,"HomeBase,SeniorTrain",2.6868568130923165e-36
RiskAversion,DrivHist,"HomeBase,SeniorTrain",2.6868568130923165e-36
RiskAversion,DrivHist,"HomeBase,SeniorTrain",2.6868568130923165e-36
RiskAversion,DrivHist,"HomeBase,SeniorTrain",2.6868568130923165e-36
RiskAversion,DrivHist,"HomeBase,SeniorTrain",2.6868568130923165e-36
RiskAversion,DrivHist,"HomeBase,SeniorTrain",2.6868568130923165e-36
RiskAversion,DrivHist,"HomeBase,SeniorTrain",2.6868568130923165e-36
RiskAversion,DrivHist,"HomeBase,SeniorTrain",2.6868568130923165e-36
VehicleYear,RuggedAuto,"CarValue,ThisCarCost",2.3721039495773197e-05
VehicleYear,RuggedAuto,"CarValue,ThisCarCost",2.3721039495773197e-05
VehicleYear,RuggedAuto,"CarValue,ThisCarCost",2.3721039495773197e-05
VehicleYear,RuggedAuto,"CarValue,ThisCarCost",2.3721039495773197e-05
VehicleYear,RuggedAuto,"CarValue,ThisCarCost",2.3721039495773197e-05
VehicleYear,RuggedAuto,"CarValue,ThisCarCost",2.3721039495773197e-05
VehicleYear,RuggedAuto,"CarValue,ThisCarCost",2.3721039495773197e-05
VehicleYear,RuggedAuto,"CarValue,ThisCarCost",2.3721039495773197e-05
VehicleYear,RuggedAuto,"CarValue,ThisCarCost",2.3721039495773197e-05
VehicleYear,RuggedAuto,"CarValue,ThisCarCost",2.3721039495773197e-05
VehicleYear,RuggedAuto,"CarValue,ThisCarCost",2.3721039495773197e-05
VehicleYear,RuggedAuto,"CarValue,ThisCarCost",2.3721039495773197e-05
VehicleYear,RuggedAuto,"CarValue,ThisCarCost",2.3721039495773197e-05
VehicleYear,RuggedAuto,"CarValue,ThisCarCost",2.3721039495773197e-05
VehicleYear,RuggedAuto,"CarValue,ThisCarCost",2.3721039495773197e-05
VehicleYear,Antilock,"CarValue,ThisCarCost",4.855537909315008e-59
VehicleYear,Antilock,"CarValue,ThisCarCost",4.855537909315008e-59
VehicleYear,Antilock,"CarValue,ThisCarCost",4.855537909315008e-59
VehicleYear,Antilock,"CarValue,ThisCarCost",4.855537909315008e-59
VehicleYear,Antilock,"CarValue,ThisCarCost",4.855537909315008e-59
VehicleYear,Antilock,"CarValue,ThisCarCost",4.855537909315008e-59
VehicleYear,Antilock,"CarValue,ThisCarCost",4.855537909315008e-59
VehicleYear,Antilock,"CarValue,ThisCarCost",4.855537909315008e-59
VehicleYear,Antilock,"CarValue,ThisCarCost",4.855537909315008e-59
VehicleYear,Antilock,"CarValue,ThisCarCost",4.855537909315008e-59
VehicleYear,Antilock,"CarValue,ThisCarCost",4.855537909315008e-59
VehicleYear,Antilock,"CarValue,ThisCarCost",4.855537909315008e-59
VehicleYear,Antilock,"CarValue,ThisCarCost",4.855537909315008e-59
VehicleYear,Antilock,"CarValue,ThisCarCost",4.855537909315008e-59
VehicleYear,Antilock,"CarValue,ThisCarCost",4.855537909315008e-59
VehicleYear,ThisCarCost,"CarValue,Cushioning",0.0711541912247855
VehicleYear,ThisCarCost,"CarValue,Cushioning",0.0711541912247855
VehicleYear,ThisCarCost,"CarValue,Cushioning",0.0711541912247855
VehicleYear,ThisCarCost,"CarValue,Cushioning",0.0711541912247855
VehicleYear,ThisCarCost,"CarValue,Cushioning",0.0711541912247855
VehicleYear,CarValue,"Airbag,ThisCarCost",3.943447484195869e-83
VehicleYear,CarValue,"Airbag,ThisCarCost",3.943447484195869e-83
VehicleYear,CarValue,"Airbag,ThisCarCost",3.943447484195869e-83
VehicleYear,CarValue,"Airbag,ThisCarCost",3.943447484195869e-83
VehicleYear,CarValue,"Airbag,ThisCarCost",3.943447484195869e-83
VehicleYear,CarValue,"Airbag,ThisCarCost",3.943447484195869e-83
VehicleYear,CarValue,"Airbag,ThisCarCost",3.943447484195869e-83
VehicleYear,CarValue,"Airbag,ThisCarCost",3.943447484195869e-83
VehicleYear,CarValue,"Airbag,ThisCarCost",3.943447484195869e-83
VehicleYear,CarValue,"Airbag,ThisCarCost",3.943447484195869e-83
VehicleYear,CarValue,"Airbag,ThisCarCost",3.943447484195869e-83
VehicleYear,CarValue,"Airbag,ThisCarCost",3.943447484195869e-83
VehicleYear,CarValue,"Airbag,ThisCarCost",3.943447484195869e-83
VehicleYear,CarValue,"Airbag,ThisCarCost",3.943447484195869e-83
VehicleYear,CarValue,"Airbag,ThisCarCost",3.943447484195869e-83
VehicleYear,Cushioning,"CarValue,ThisCarCost",1.7882868919642567e-05
VehicleYear,Cushioning,"CarValue,ThisCarCost",1.7882868919642567e-05
VehicleYear,Cushioning,"CarValue,ThisCarCost",1.7882868919642567e-05
VehicleYear,Cushioning,"CarValue,ThisCarCost",1.7882868919642567e-05
VehicleYear,Cushioning,"CarValue,ThisCarCost",1.7882868919642567e-05
VehicleYear,Cushioning,"CarValue,ThisCarCost",1.7882868919642567e-05
VehicleYear,Cushioning,"CarValue,ThisCarCost",1.7882868919642567e-05
VehicleYear,Cushioning,"CarValue,ThisCarCost",1.7882868919642567e-05
VehicleYear,Cushioning,"CarValue,ThisCarCost",1.7882868919642567e-05
VehicleYear,Cushioning,"CarValue,ThisCarCost",1.7882868919642567e-05
VehicleYear,Cushioning,"CarValue,ThisCarCost",1.7882868919642567e-05
VehicleYear,Cushioning,"CarValue,ThisCarCost",1.7882868919642567e-05
VehicleYear,Cushioning,"CarValue,ThisCarCost",1.7882868919642567e-05
VehicleYear,Cushioning,"CarValue,ThisCarCost",1.7882868919642567e-05
VehicleYear,Cushioning,"CarValue,ThisCarCost",1.7882868919642567e-05
VehicleYear,Airbag,"CarValue,ThisCarCost",0.0
VehicleYear,Airbag,"CarValue,ThisCarCost",0.0
VehicleYear,Airbag,"CarValue,ThisCarCost",0.0
VehicleYear,Airbag,"CarValue,ThisCarCost",0.0
VehicleYear,Airbag,"CarValue,ThisCarCost",0.0
VehicleYear,Airbag,"CarValue,ThisCarCost",0.0
VehicleYear,Airbag,"CarValue,ThisCarCost",0.0
VehicleYear,Airbag,"CarValue,ThisCarCost",0.0
VehicleYear,Airbag,"CarValue,ThisCarCost",0.0
VehicleYear,Airbag,"CarValue,ThisCarCost",0.0
VehicleYear,Airbag,"CarValue,ThisCarCost",0.0
VehicleYear,Airbag,"CarValue,ThisCarCost",0.0
VehicleYear,Airbag,"CarValue,ThisCarCost",0.0
VehicleYear,Airbag,"CarValue,ThisCarCost",0.0
VehicleYear,Airbag,"CarValue,ThisCarCost",0.0
ThisCarDam,RuggedAuto,"MedCost,ThisCarCost",0.3554033021612348
ThisCarDam,RuggedAuto,"MedCost,ThisCarCost",0.3554033021612348
ThisCarDam,RuggedAuto,"MedCost,ThisCarCost",0.3554033021612348
ThisCarDam,RuggedAuto,"MedCost,ThisCarCost",0.3554033021612348
ThisCarDam,RuggedAuto,"MedCost,ThisCarCost",0.3554033021612348
ThisCarDam,RuggedAuto,"MedCost,ThisCarCost",0.3554033021612348
ThisCarDam,RuggedAuto,"MedCost,ThisCarCost",0.3554033021612348
ThisCarDam,RuggedAuto,"MedCost,ThisCarCost",0.3554033021612348
ThisCarDam,Accident,"MedCost,OtherCarCost",0.0
ThisCarDam,Accident,"MedCost,OtherCarCost",0.0
ThisCarDam,Accident,"MedCost,OtherCarCost",0.0
ThisCarDam,Accident,"MedCost,OtherCarCost",0.0
ThisCarDam,Accident,"MedCost,OtherCarCost",0.0
ThisCarDam,Accident,"MedCost,OtherCarCost",0.0
ThisCarDam,Accident,"MedCost,OtherCarCost",0.0
ThisCarDam,Accident,"MedCost,OtherCarCost",0.0
ThisCarDam,Accident,"MedCost,OtherCarCost",0.0
ThisCarDam,Accident,"MedCost,OtherCarCost",0.0
ThisCarDam,Accident,"MedCost,OtherCarCost",0.0
ThisCarDam,Accident,"MedCost,OtherCarCost",0.0
ThisCarDam,Accident,"MedCost,OtherCarCost",0.0
ThisCarDam,Accident,"MedCost,OtherCarCost",0.0
ThisCarDam,Accident,"MedCost,OtherCarCost",0.0
ThisCarDam,ThisCarCost,"MedCost,OtherCarCost",0.0
ThisCarDam,ThisCarCost,"MedCost,OtherCarCost",0.0
ThisCarDam,ThisCarCost,"MedCost,OtherCarCost",0.0
ThisCarDam,ThisCarCost,"MedCost,OtherCarCost",0.0
ThisCarDam,ThisCarCost,"MedCost,OtherCarCost",0.0
ThisCarDam,ThisCarCost,"MedCost,OtherCarCost",0.0
ThisCarDam,ThisCarCost,"MedCost,OtherCarCost",0.0
ThisCarDam,ThisCarCost,"MedCost,OtherCarCost",0.0
ThisCarDam,ThisCarCost,"MedCost,OtherCarCost",0.0
ThisCarDam,ThisCarCost,"MedCost,OtherCarCost",0.0
ThisCarDam,ThisCarCost,"MedCost,OtherCarCost",0.0
ThisCarDam,ThisCarCost,"MedCost,OtherCarCost",0.0
ThisCarDam,ThisCarCost,"MedCost,OtherCarCost",0.0
ThisCarDam,ThisCarCost,"MedCost,OtherCarCost",0.0
ThisCarDam,ThisCarCost,"MedCost,OtherCarCost",0.0
ThisCarDam,PropCost,"MedCost,OtherCarCost",3.825589061204831e-161
ThisCarDam,PropCost,"MedCost,OtherCarCost",3.825589061204831e-161
ThisCarDam,PropCost,"MedCost,OtherCarCost",3.825589061204831e-161
ThisCarDam,PropCost,"MedCost,OtherCarCost",3.825589061204831e-161
ThisCarDam,PropCost,"MedCost,OtherCarCost",3.825589061204831e-161
ThisCarDam,PropCost,"MedCost,OtherCarCost",3.825589061204831e-161
ThisCarDam,PropCost,"MedCost,OtherCarCost",3.825589061204831e-161
ThisCarDam,PropCost,"MedCost,OtherCarCost",3.825589061204831e-161
ThisCarDam,PropCost,"MedCost,OtherCarCost",3.825589061204831e-161
ThisCarDam,PropCost,"MedCost,OtherCarCost",3.825589061204831e-161
ThisCarDam,PropCost,"MedCost,OtherCarCost",3.825589061204831e-161
ThisCarDam,PropCost,"MedCost,OtherCarCost",3.825589061204831e-161
ThisCarDam,PropCost,"MedCost,OtherCarCost",3.825589061204831e-161
ThisCarDam,PropCost,"MedCost,OtherCarCost",3.825589061204831e-161
ThisCarDam,PropCost,"MedCost,OtherCarCost",3.825589061204831e-161
ThisCarDam,OtherCarCost,"Accident,ThisCarCost",0.07505282603631704
ThisCarDam,OtherCarCost,"Accident,ThisCarCost",0.07505282603631704
ThisCarDam,OtherCarCost,"Accident,ThisCarCost",0.07505282603631704
ThisCarDam,OtherCarCost,"Accident,ThisCarCost",0.07505282603631704
ThisCarDam,OtherCarCost,"Accident,ThisCarCost",0.07505282603631704
ThisCarDam,OtherCarCost,"Accident,ThisCarCost",0.07505282603631704
ThisCarDam,OtherCarCost,"Accident,ThisCarCost",0.07505282603631704
ThisCarDam,OtherCarCost,"Accident,ThisCarCost",0.07505282603631704
ThisCarDam,OtherCarCost,"Accident,ThisCarCost",0.07505282603631704
ThisCarDam,OtherCarCost,"Accident,ThisCarCost",0.07505282603631704
ThisCarDam,MedCost,"ILiCost,OtherCarCost",1.1657429499058904e-61
ThisCarDam,MedCost,"ILiCost,OtherCarCost",1.1657429499058904e-61
ThisCarDam,MedCost,"ILiCost,OtherCarCost",1.1657429499058904e-61
ThisCarDam,MedCost,"ILiCost,OtherCarCost",1.1657429499058904e-61
ThisCarDam,MedCost,"ILiCost,OtherCarCost",1.1657429499058904e-61
ThisCarDam,MedCost,"ILiCost,OtherCarCost",1.1657429499058904e-61
ThisCarDam,MedCost,"ILiCost,OtherCarCost",1.1657429499058904e-61
ThisCarDam,MedCost,"ILiCost,OtherCarCost",1.1657429499058904e-61
ThisCarDam,MedCost,"ILiCost,OtherCarCost",1.1657429499058904e-61
ThisCarDam,MedCost,"ILiCost,OtherCarCost",1.1657429499058904e-61
ThisCarDam,MedCost,"ILiCost,OtherCarCost",1.1657429499058904e-61
ThisCarDam,MedCost,"ILiCost,OtherCarCost",1.1657429499058904e-61
ThisCarDam,MedCost,"ILiCost,OtherCarCost",1.1657429499058904e-61
ThisCarDam,MedCost,"ILiCost,OtherCarCost",1.1657429499058904e-61
ThisCarDam,MedCost,"ILiCost,OtherCarCost",1.1657429499058904e-61
ThisCarDam,ILiCost,"MedCost,ThisCarCost",0.05013112424600224
ThisCarDam,ILiCost,"MedCost,ThisCarCost",0.05013112424600224
ThisCarDam,ILiCost,"MedCost,ThisCarCost",0.05013112424600224
ThisCarDam,ILiCost,"MedCost,ThisCarCost",0.05013112424600224
ThisCarDam,ILiCost,"MedCost,ThisCarCost",0.05013112424600224
ThisCarDam,ILiCost,"MedCost,ThisCarCost",0.05013112424600224
ThisCarDam,ILiCost,"MedCost,ThisCarCost",0.05013112424600224
ThisCarDam,ILiCost,"MedCost,ThisCarCost",0.05013112424600224
ThisCarDam,ILiCost,"MedCost,ThisCarCost",0.05013112424600224
ThisCarDam,ILiCost,"MedCost,ThisCarCost",0.05013112424600224
ThisCarDam,ILiCost,"MedCost,ThisCarCost",0.05013112424600224
RuggedAuto,Accident,"Cushioning,MakeModel",0.9204773053978355
RuggedAuto,MakeModel,"CarValue,OtherCarCost",0.0
RuggedAuto,MakeModel,"CarValue,OtherCarCost",0.0
RuggedAuto,MakeModel,"CarValue,OtherCarCost",0.0
RuggedAuto,MakeModel,"CarValue,OtherCarCost",0.0
RuggedAuto,MakeModel,"CarValue,OtherCarCost",0.0
RuggedAuto,MakeModel,"CarValue,OtherCarCost",0.0
RuggedAuto,MakeModel,"CarValue,OtherCarCost",0.0
RuggedAuto,MakeModel,"CarValue,OtherCarCost",0.0
RuggedAuto,MakeModel,"CarValue,OtherCarCost",0.0
RuggedAuto,MakeModel,"CarValue,OtherCarCost",0.0
RuggedAuto,MakeModel,"CarValue,OtherCarCost",0.0
RuggedAuto,MakeModel,"CarValue,OtherCarCost",0.0
RuggedAuto,MakeModel,"CarValue,OtherCarCost",0.0
RuggedAuto,MakeModel,"CarValue,OtherCarCost",0.0
RuggedAuto,MakeModel,"CarValue,OtherCarCost",0.0
RuggedAuto,MakeModel,"CarValue,OtherCarCost",0.0
RuggedAuto,MakeModel,"CarValue,OtherCarCost",0.0
RuggedAuto,MakeModel,"CarValue,OtherCarCost",0.0
RuggedAuto,MakeModel,"CarValue,OtherCarCost",0.0
RuggedAuto,MakeModel,"CarValue,OtherCarCost",0.0
RuggedAuto,MakeModel,"CarValue,OtherCarCost",0.0
RuggedAuto,MakeModel,"CarValue,OtherCarCost",0.0
RuggedAuto,MakeModel,"CarValue,OtherCarCost",0.0
RuggedAuto,MakeModel,"CarValue,OtherCarCost",0.0
RuggedAuto,MakeModel,"CarValue,OtherCarCost",0.0
RuggedAuto,MakeModel,"CarValue,OtherCarCost",0.0
RuggedAuto,MakeModel,"CarValue,OtherCarCost",0.0
RuggedAuto,MakeModel,"CarValue,OtherCarCost",0.0
RuggedAuto,MakeModel,"CarValue,OtherCarCost",0.0
RuggedAuto,MakeModel,"CarValue,OtherCarCost",0.0
RuggedAuto,MakeModel,"CarValue,OtherCarCost",0.0
RuggedAuto,MakeModel,"CarValue,OtherCarCost",0.0
RuggedAuto,MakeModel,"CarValue,OtherCarCost",0.0
RuggedAuto,MakeModel,"CarValue,OtherCarCost",0.0
RuggedAuto,MakeModel,"CarValue,OtherCarCost",0.0
RuggedAuto,MakeModel,"CarValue,OtherCarCost",0.0
RuggedAuto,MakeModel,"CarValue,OtherCarCost",0.0
RuggedAuto,MakeModel,"CarValue,OtherCarCost",0.0
RuggedAuto,MakeModel,"CarValue,OtherCarCost",0.0
RuggedAuto,MakeModel,"CarValue,OtherCarCost",0.0
RuggedAuto,MakeModel,"CarValue,OtherCarCost",0.0
RuggedAuto,MakeModel,"CarValue,OtherCarCost",0.0
RuggedAuto,MakeModel,"CarValue,OtherCarCost",0.0
RuggedAuto,MakeModel,"CarValue,OtherCarCost",0.0
RuggedAuto,MakeModel,"CarValue,OtherCarCost",0.0
RuggedAuto,Antilock,"CarValue,MakeModel",0.11792751018947586
RuggedAuto,Antilock,"CarValue,MakeModel",0.11792751018947586
RuggedAuto,Antilock,"CarValue,MakeModel",0.11792751018947586
RuggedAuto,Antilock,"CarValue,MakeModel",0.11792751018947586
RuggedAuto,Antilock,"CarValue,MakeModel",0.11792751018947586
RuggedAuto,Antilock,"CarValue,MakeModel",0.11792751018947586
RuggedAuto,Antilock,"CarValue,MakeModel",0.11792751018947586
RuggedAuto,Antilock,"CarValue,MakeModel",0.11792751018947586
RuggedAuto,Antilock,"CarValue,MakeModel",0.11792751018947586
RuggedAuto,Antilock,"CarValue,MakeModel",0.11792751018947586
RuggedAuto,Antilock,"CarValue,MakeModel",0.11792751018947586
RuggedAuto,Antilock,"CarValue,MakeModel",0.11792751018947586
RuggedAuto,Antilock,"CarValue,MakeModel",0.11792751018947586
RuggedAuto,Antilock,"CarValue,MakeModel",0.11792751018947586
RuggedAuto,Antilock,"CarValue,MakeModel",0.11792751018947586
RuggedAuto,Antilock,"CarValue,MakeModel",0.11792751018947586
RuggedAuto,ThisCarCost,"MakeModel,SocioEcon",0.10369453876977128
RuggedAuto,ThisCarCost,"MakeModel,SocioEcon",0.10369453876977128
RuggedAuto,ThisCarCost,"MakeModel,SocioEcon",0.10369453876977128
RuggedAuto,ThisCarCost,"MakeModel,SocioEcon",0.10369453876977128
RuggedAuto,ThisCarCost,"MakeModel,SocioEcon",0.10369453876977128
RuggedAuto,ThisCarCost,"MakeModel,SocioEcon",0.10369453876977128
RuggedAuto,ThisCarCost,"MakeModel,SocioEcon",0.10369453876977128
RuggedAuto,ThisCarCost,"MakeModel,SocioEcon",0.10369453876977128
RuggedAuto,ThisCarCost,"MakeModel,SocioEcon",0.10369453876977128
RuggedAuto,ThisCarCost,"MakeModel,SocioEcon",0.10369453876977128
RuggedAuto,ThisCarCost,"MakeModel,SocioEcon",0.10369453876977128
RuggedAuto,CarValue,"OtherCarCost,VehicleYear",1.9407123731534202e-31
RuggedAuto,CarValue,"OtherCarCost,VehicleYear",1.9407123731534202e-31
RuggedAuto,CarValue,"OtherCarCost,VehicleYear",1.9407123731534202e-31
RuggedAuto,CarValue,"OtherCarCost,VehicleYear",1.9407123731534202e-31
RuggedAuto,CarValue,"OtherCarCost,VehicleYear",1.9407123731534202e-31
RuggedAuto,CarValue,"OtherCarCost,VehicleYear",1.9407123731534202e-31
RuggedAuto,CarValue,"OtherCarCost,VehicleYear",1.9407123731534202e-31
RuggedAuto,CarValue,"OtherCarCost,VehicleYear",1.9407123731534202e-31
RuggedAuto,CarValue,"OtherCarCost,VehicleYear",1.9407123731534202e-31
RuggedAuto,CarValue,"OtherCarCost,VehicleYear",1.9407123731534202e-31
RuggedAuto,CarValue,"OtherCarCost,VehicleYear",1.9407123731534202e-31
RuggedAuto,CarValue,"OtherCarCost,VehicleYear",1.9407123731534202e-31
RuggedAuto,CarValue,"OtherCarCost,VehicleYear",1.9407123731534202e-31
RuggedAuto,CarValue,"OtherCarCost,VehicleYear",1.9407123731534202e-31
RuggedAuto,CarValue,"OtherCarCost,VehicleYear",1.9407123731534202e-31
RuggedAuto,CarValue,"OtherCarCost,VehicleYear",1.9407123731534202e-31
RuggedAuto,CarValue,"OtherCarCost,VehicleYear",1.9407123731534202e-31
RuggedAuto,CarValue,"OtherCarCost,VehicleYear",1.9407123731534202e-31
RuggedAuto,CarValue,"OtherCarCost,VehicleYear",1.9407123731534202e-31
RuggedAuto,CarValue,"OtherCarCost,VehicleYear",1.9407123731534202e-31
RuggedAuto,CarValue,"OtherCarCost,VehicleYear",1.9407123731534202e-31
RuggedAuto,CarValue,"OtherCarCost,VehicleYear",1.9407123731534202e-31
RuggedAuto,CarValue,"OtherCarCost,VehicleYear",1.9407123731534202e-31
RuggedAuto,CarValue,"OtherCarCost,VehicleYear",1.9407123731534202e-31
RuggedAuto,CarValue,"OtherCarCost,VehicleYear",1.9407123731534202e-31
RuggedAuto,CarValue,"OtherCarCost,VehicleYear",1.9407123731534202e-31
RuggedAuto,CarValue,"OtherCarCost,VehicleYear",1.9407123731534202e-31
RuggedAuto,CarValue,"OtherCarCost,VehicleYear",1.9407123731534202e-31
RuggedAuto,CarValue,"OtherCarCost,VehicleYear",1.9407123731534202e-31
RuggedAuto,CarValue,"OtherCarCost,VehicleYear",1.9407123731534202e-31
RuggedAuto,CarValue,"OtherCarCost,VehicleYear",1.9407123731534202e-31
RuggedAuto,CarValue,"OtherCarCost,VehicleYear",1.9407123731534202e-31
RuggedAuto,CarValue,"OtherCarCost,VehicleYear",1.9407123731534202e-31
RuggedAuto,CarValue,"OtherCarCost,VehicleYear",1.9407123731534202e-31
RuggedAuto,CarValue,"OtherCarCost,VehicleYear",1.9407123731534202e-31
RuggedAuto,CarValue,"OtherCarCost,VehicleYear",1.9407123731534202e-31
RuggedAuto,CarValue,"OtherCarCost,VehicleYear",1.9407123731534202e-31
RuggedAuto,CarValue,"OtherCarCost,VehicleYear",1.9407123731534202e-31
RuggedAuto,CarValue,"OtherCarCost,VehicleYear",1.9407123731534202e-31
RuggedAuto,CarValue,"OtherCarCost,VehicleYear",1.9407123731534202e-31
RuggedAuto,CarValue,"OtherCarCost,VehicleYear",1.9407123731534202e-31
RuggedAuto,CarValue,"OtherCarCost,VehicleYear",1.9407123731534202e-31
RuggedAuto,CarValue,"OtherCarCost,VehicleYear",1.9407123731534202e-31
RuggedAuto,CarValue,"OtherCarCost,VehicleYear",1.9407123731534202e-31
RuggedAuto,CarValue,"OtherCarCost,VehicleYear",1.9407123731534202e-31
RuggedAuto,OtherCarCost,"Cushioning,MakeModel",0.6253319529317428
RuggedAuto,Cushioning,"CarValue,OtherCarCost",0.0
RuggedAuto,Cushioning,"CarValue,OtherCarCost",0.0
RuggedAuto,Cushioning,"CarValue,OtherCarCost",0.0
RuggedAuto,Cushioning,"CarValue,OtherCarCost",0.0
RuggedAuto,Cushioning,"CarValue,OtherCarCost",0.0
RuggedAuto,Cushioning,"CarValue,OtherCarCost",0.0
RuggedAuto,Cushioning,"CarValue,OtherCarCost",0.0
RuggedAuto,Cushioning,"CarValue,OtherCarCost",0.0
RuggedAuto,Cushioning,"CarValue,OtherCarCost",0.0
RuggedAuto,Cushioning,"CarValue,OtherCarCost",0.0
RuggedAuto,Cushioning,"CarValue,OtherCarCost",0.0
RuggedAuto,Cushioning,"CarValue,OtherCarCost",0.0
RuggedAuto,Cushioning,"CarValue,OtherCarCost",0.0
RuggedAuto,Cushioning,"CarValue,OtherCarCost",0.0
RuggedAuto,Cushioning,"CarValue,OtherCarCost",0.0
RuggedAuto,Cushioning,"CarValue,OtherCarCost",0.0
RuggedAuto,Cushioning,"CarValue,OtherCarCost",0.0
RuggedAuto,Cushioning,"CarValue,OtherCarCost",0.0
RuggedAuto,Cushioning,"CarValue,OtherCarCost",0.0
RuggedAuto,Cushioning,"CarValue,OtherCarCost",0.0
RuggedAuto,Cushioning,"CarValue,OtherCarCost",0.0
RuggedAuto,Cushioning,"CarValue,OtherCarCost",0.0
RuggedAuto,Cushioning,"CarValue,OtherCarCost",0.0
RuggedAuto,Cushioning,"CarValue,OtherCarCost",0.0
RuggedAuto,Cushioning,"CarValue,OtherCarCost",0.0
RuggedAuto,Cushioning,"CarValue,OtherCarCost",0.0
RuggedAuto,Cushioning,"CarValue,OtherCarCost",0.0
RuggedAuto,Cushioning,"CarValue,OtherCarCost",0.0
RuggedAuto,Cushioning,"CarValue,OtherCarCost",0.0
RuggedAuto,Cushioning,"CarValue,OtherCarCost",0.0
RuggedAuto,Cushioning,"CarValue,OtherCarCost",0.0
RuggedAuto,Cushioning,"CarValue,OtherCarCost",0.0
RuggedAuto,Cushioning,"CarValue,OtherCarCost",0.0
RuggedAuto,Cushioning,"CarValue,OtherCarCost",0.0
RuggedAuto,Cushioning,"CarValue,OtherCarCost",0.0
RuggedAuto,Cushioning,"CarValue,OtherCarCost",0.0
RuggedAuto,Cushioning,"CarValue,OtherCarCost",0.0
RuggedAuto,Cushioning,"CarValue,OtherCarCost",0.0
RuggedAuto,Cushioning,"CarValue,OtherCarCost",0.0
RuggedAuto,Cushioning,"CarValue,OtherCarCost",0.0
RuggedAuto,Cushioning,"CarValue,OtherCarCost",0.0
RuggedAuto,Cushioning,"CarValue,OtherCarCost",0.0
RuggedAuto,Cushioning,"CarValue,OtherCarCost",0.0
RuggedAuto,Cushioning,"CarValue,OtherCarCost",0.0
RuggedAuto,Cushioning,"CarValue,OtherCarCost",0.0
RuggedAuto,Airbag,"MakeModel,VehicleYear",0.05083922180053356
RuggedAuto,Airbag,"MakeModel,VehicleYear",0.05083922180053356
RuggedAuto,Airbag,"MakeModel,VehicleYear",0.05083922180053356
RuggedAuto,Airbag,"MakeModel,VehicleYear",0.05083922180053356
RuggedAuto,Airbag,"MakeModel,VehicleYear",0.05083922180053356
RuggedAuto,Airbag,"MakeModel,VehicleYear",0.05083922180053356
RuggedAuto,Airbag,"MakeModel,VehicleYear",0.05083922180053356
RuggedAuto,Airbag,"MakeModel,VehicleYear",0.05083922180053356
RuggedAuto,Airbag,"MakeModel,VehicleYear",0.05083922180053356
RuggedAuto,Airbag,"MakeModel,VehicleYear",0.05083922180053356
RuggedAuto,Airbag,"MakeModel,VehicleYear",0.05083922180053356
RuggedAuto,Airbag,"MakeModel,VehicleYear",0.05083922180053356
RuggedAuto,Airbag,"MakeModel,VehicleYear",0.05083922180053356
RuggedAuto,Airbag,"MakeModel,VehicleYear",0.05083922180053356
RuggedAuto,Airbag,"MakeModel,VehicleYear",0.05083922180053356
Accident,MakeModel,"Antilock,RuggedAuto",0.9999097980814154
Accident,DrivQuality,"MedCost,OtherCarCost",6.159383166728854e-08
Accident,DrivQuality,"MedCost,OtherCarCost",6.159383166728854e-08
Accident,DrivQuality,"MedCost,OtherCarCost",6.159383166728854e-08
Accident,DrivQuality,"MedCost,OtherCarCost",6.159383166728854e-08
Accident,DrivQuality,"MedCost,OtherCarCost",6.159383166728854e-08
Accident,DrivQuality,"MedCost,OtherCarCost",6.159383166728854e-08
Accident,DrivQuality,"MedCost,OtherCarCost",6.159383166728854e-08
Accident,DrivQuality,"MedCost,OtherCarCost",6.159383166728854e-08
Accident,DrivQuality,"MedCost,OtherCarCost",6.159383166728854e-08
Accident,DrivQuality,"MedCost,OtherCarCost",6.159383166728854e-08
Accident,DrivQuality,"MedCost,OtherCarCost",6.159383166728854e-08
Accident,DrivQuality,"MedCost,OtherCarCost",6.159383166728854e-08
Accident,DrivQuality,"MedCost,OtherCarCost",6.159383166728854e-08
Accident,DrivQuality,"MedCost,OtherCarCost",6.159383166728854e-08
Accident,DrivQuality,"MedCost,OtherCarCost",6.159383166728854e-08
Accident,DrivQuality,"MedCost,OtherCarCost",6.159383166728854e-08
Accident,DrivQuality,"MedCost,OtherCarCost",6.159383166728854e-08
Accident,DrivQuality,"MedCost,OtherCarCost",6.159383166728854e-08
Accident,DrivQuality,"MedCost,OtherCarCost",6.159383166728854e-08
Accident,DrivQuality,"MedCost,OtherCarCost",6.159383166728854e-08
Accident,DrivQuality,"MedCost,OtherCarCost",6.159383166728854e-08
Accident,DrivQuality,"MedCost,OtherCarCost",6.159383166728854e-08
Accident,DrivQuality,"MedCost,OtherCarCost",6.159383166728854e-08
Accident,DrivQuality,"MedCost,OtherCarCost",6.159383166728854e-08
Accident,DrivQuality,"MedCost,OtherCarCost",6.159383166728854e-08
Accident,DrivQuality,"MedCost,OtherCarCost",6.159383166728854e-08
Accident,DrivQuality,"MedCost,OtherCarCost",6.159383166728854e-08
Accident,DrivQuality,"MedCost,OtherCarCost",6.159383166728854e-08
Accident,DrivQuality,"MedCost,OtherCarCost",6.159383166728854e-08
Accident,DrivQuality,"MedCost,OtherCarCost",6.159383166728854e-08
Accident,DrivQuality,"MedCost,OtherCarCost",6.159383166728854e-08
Accident,DrivQuality,"MedCost,OtherCarCost",6.159383166728854e-08
Accident,DrivQuality,"MedCost,OtherCarCost",6.159383166728854e-08
Accident,DrivQuality,"MedCost,OtherCarCost",6.159383166728854e-08
Accident,DrivQuality,"MedCost,OtherCarCost",6.159383166728854e-08
Accident,DrivQuality,"MedCost,OtherCarCost",6.159383166728854e-08
Accident,Mileage,"MakeModel,ThisCarDam",0.7801000210815219
Accident,Mileage,"MakeModel,ThisCarDam",0.7801000210815219
Accident,Mileage,"MakeModel,ThisCarDam",0.7801000210815219
Accident,Antilock,"MakeModel,RuggedAuto",0.05075805968526563
Accident,PropCost,"MedCost,OtherCarCost",1.07540636354928e-91
Accident,PropCost,"MedCost,OtherCarCost",1.07540636354928e-91
Accident,PropCost,"MedCost,OtherCarCost",1.07540636354928e-91
Accident,PropCost,"MedCost,OtherCarCost",1.07540636354928e-91
Accident,PropCost,"MedCost,OtherCarCost",1.07540636354928e-91
Accident,PropCost,"MedCost,OtherCarCost",1.07540636354928e-91
Accident,PropCost,"MedCost,OtherCarCost",1.07540636354928e-91
Accident,PropCost,"MedCost,OtherCarCost",1.07540636354928e-91
Accident,PropCost,"MedCost,OtherCarCost",1.07540636354928e-91
Accident,PropCost,"MedCost,OtherCarCost",1.07540636354928e-91
Accident,PropCost,"MedCost,OtherCarCost",1.07540636354928e-91
Accident,PropCost,"MedCost,OtherCarCost",1.07540636354928e-91
Accident,PropCost,"MedCost,OtherCarCost",1.07540636354928e-91
Accident,PropCost,"MedCost,OtherCarCost",1.07540636354928e-91
Accident,PropCost,"MedCost,OtherCarCost",1.07540636354928e-91
Accident,PropCost,"MedCost,OtherCarCost",1.07540636354928e-91
Accident,PropCost,"MedCost,OtherCarCost",1.07540636354928e-91
Accident,PropCost,"MedCost,OtherCarCost",1.07540636354928e-91
Accident,PropCost,"MedCost,OtherCarCost",1.07540636354928e-91
Accident,PropCost,"MedCost,OtherCarCost",1.07540636354928e-91
Accident,PropCost,"MedCost,OtherCarCost",1.07540636354928e-91
Accident,PropCost,"MedCost,OtherCarCost",1.07540636354928e-91
Accident,PropCost,"MedCost,OtherCarCost",1.07540636354928e-91
Accident,PropCost,"MedCost,OtherCarCost",1.07540636354928e-91
Accident,PropCost,"MedCost,OtherCarCost",1.07540636354928e-91
Accident,PropCost,"MedCost,OtherCarCost",1.07540636354928e-91
Accident,PropCost,"MedCost,OtherCarCost",1.07540636354928e-91
Accident,PropCost,"MedCost,OtherCarCost",1.07540636354928e-91
Accident,PropCost,"MedCost,OtherCarCost",1.07540636354928e-91
Accident,PropCost,"MedCost,OtherCarCost",1.07540636354928e-91
Accident,PropCost,"MedCost,OtherCarCost",1.07540636354928e-91
Accident,PropCost,"MedCost,OtherCarCost",1.07540636354928e-91
Accident,PropCost,"MedCost,OtherCarCost",1.07540636354928e-91
Accident,PropCost,"MedCost,OtherCarCost",1.07540636354928e-91
Accident,PropCost,"MedCost,OtherCarCost",1.07540636354928e-91
Accident,PropCost,"MedCost,OtherCarCost",1.07540636354928e-91
Accident,OtherCarCost,"MedCost,Mileage",0.0
Accident,OtherCarCost,"MedCost,Mileage",0.0
Accident,OtherCarCost,"MedCost,Mileage",0.0
Accident,OtherCarCost,"MedCost,Mileage",0.0
Accident,OtherCarCost,"MedCost,Mileage",0.0
Accident,OtherCarCost,"MedCost,Mileage",0.0
Accident,OtherCarCost,"MedCost,Mileage",0.0
Accident,OtherCarCost,"MedCost,Mileage",0.0
Accident,OtherCarCost,"MedCost,Mileage",0.0
Accident,OtherCarCost,"MedCost,Mileage",0.0
Accident,OtherCarCost,"MedCost,Mileage",0.0
Accident,OtherCarCost,"MedCost,Mileage",0.0
Accident,OtherCarCost,"MedCost,Mileage",0.0
Accident,OtherCarCost,"MedCost,Mileage",0.0
Accident,OtherCarCost,"MedCost,Mileage",0.0
Accident,OtherCarCost,"MedCost,Mileage",0.0
Accident,OtherCarCost,"MedCost,Mileage",0.0
Accident,OtherCarCost,"MedCost,Mileage",0.0
Accident,OtherCarCost,"MedCost,Mileage",0.0
Accident,OtherCarCost,"MedCost,Mileage",0.0
Accident,OtherCarCost,"MedCost,Mileage",0.0
Accident,OtherCarCost,"MedCost,Mileage",0.0
Accident,OtherCarCost,"MedCost,Mileage",0.0
Accident,OtherCarCost,"MedCost,Mileage",0.0
Accident,OtherCarCost,"MedCost,Mileage",0.0
Accident,OtherCarCost,"MedCost,Mileage",0.0
Accident,OtherCarCost,"MedCost,Mileage",0.0
Accident,OtherCarCost,"MedCost,Mileage",0.0
Accident,OtherCarCost,"MedCost,Mileage",0.0
Accident,OtherCarCost,"MedCost,Mileage",0.0
Accident,OtherCarCost,"MedCost,Mileage",0.0
Accident,OtherCarCost,"MedCost,Mileage",0.0
Accident,OtherCarCost,"MedCost,Mileage",0.0
Accident,OtherCarCost,"MedCost,Mileage",0.0
Accident,OtherCarCost,"MedCost,Mileage",0.0
Accident,OtherCarCost,"MedCost,Mileage",0.0
Accident,MedCost,"Mileage,OtherCarCost",1.434695669808879e-60
Accident,MedCost,"Mileage,OtherCarCost",1.434695669808879e-60
Accident,MedCost,"Mileage,OtherCarCost",1.434695669808879e-60
Accident,MedCost,"Mileage,OtherCarCost",1.434695669808879e-60
Accident,MedCost,"Mileage,OtherCarCost",1.434695669808879e-60
Accident,MedCost,"Mileage,OtherCarCost",1.434695669808879e-60
Accident,MedCost,"Mileage,OtherCarCost",1.434695669808879e-60
Accident,MedCost,"Mileage,OtherCarCost",1.434695669808879e-60
Accident,MedCost,"Mileage,OtherCarCost",1.434695669808879e-60
Accident,MedCost,"Mileage,OtherCarCost",1.434695669808879e-60
Accident,MedCost,"Mileage,OtherCarCost",1.434695669808879e-60
Accident,MedCost,"Mileage,OtherCarCost",1.434695669808879e-60
Accident,MedCost,"Mileage,OtherCarCost",1.434695669808879e-60
Accident,MedCost,"Mileage,OtherCarCost",1.434695669808879e-60
Accident,MedCost,"Mileage,OtherCarCost",1.434695669808879e-60
Accident,MedCost,"Mileage,OtherCarCost",1.434695669808879e-60
Accident,MedCost,"Mileage,OtherCarCost",1.434695669808879e-60
Accident,MedCost,"Mileage,OtherCarCost",1.434695669808879e-60
Accident,MedCost,"Mileage,OtherCarCost",1.434695669808879e-60
Accident,MedCost,"Mileage,OtherCarCost",1.434695669808879e-60
Accident,MedCost,"Mileage,OtherCarCost",1.434695669808879e-60
Accident,MedCost,"Mileage,OtherCarCost",1.434695669808879e-60
Accident,MedCost,"Mileage,OtherCarCost",1.434695669808879e-60
Accident,MedCost,"Mileage,OtherCarCost",1.434695669808879e-60
Accident,MedCost,"Mileage,OtherCarCost",1.434695669808879e-60
Accident,MedCost,"Mileage,OtherCarCost",1.434695669808879e-60
Accident,MedCost,"Mileage,OtherCarCost",1.434695669808879e-60
Accident,MedCost,"Mileage,OtherCarCost",1.434695669808879e-60
Accident,MedCost,"Mileage,OtherCarCost",1.434695669808879e-60
Accident,MedCost,"Mileage,OtherCarCost",1.434695669808879e-60
Accident,MedCost,"Mileage,OtherCarCost",1.434695669808879e-60
Accident,MedCost,"Mileage,OtherCarCost",1.434695669808879e-60
Accident,MedCost,"Mileage,OtherCarCost",1.434695669808879e-60
Accident,MedCost,"Mileage,OtherCarCost",1.434695669808879e-60
Accident,MedCost,"Mileage,OtherCarCost",1.434695669808879e-60
Accident,MedCost,"Mileage,OtherCarCost",1.434695669808879e-60
Accident,ILiCost,"MedCost,OtherCarCost",1.2457879898777781e-18
Accident,ILiCost,"MedCost,OtherCarCost",1.2457879898777781e-18
Accident,ILiCost,"MedCost,OtherCarCost",1.2457879898777781e-18
Accident,ILiCost,"MedCost,OtherCarCost",1.2457879898777781e-18
Accident,ILiCost,"MedCost,OtherCarCost",1.2457879898777781e-18
Accident,ILiCost,"MedCost,OtherCarCost",1.2457879898777781e-18
Accident,ILiCost,"MedCost,OtherCarCost",1.2457879898777781e-18
Accident,ILiCost,"MedCost,OtherCarCost",1.2457879898777781e-18
Accident,ILiCost,"MedCost,OtherCarCost",1.2457879898777781e-18
Accident,ILiCost,"MedCost,OtherCarCost",1.2457879898777781e-18
Accident,ILiCost,"MedCost,OtherCarCost",1.2457879898777781e-18
Accident,ILiCost,"MedCost,OtherCarCost",1.2457879898777781e-18
Accident,ILiCost,"MedCost,OtherCarCost",1.2457879898777781e-18
Accident,ILiCost,"MedCost,OtherCarCost",1.2457879898777781e-18
Accident,ILiCost,"MedCost,OtherCarCost",1.2457879898777781e-18
Accident,ILiCost,"MedCost,OtherCarCost",1.2457879898777781e-18
Accident,ILiCost,"MedCost,OtherCarCost",1.2457879898777781e-18
Accident,ILiCost,"MedCost,OtherCarCost",1.2457879898777781e-18
Accident,ILiCost,"MedCost,OtherCarCost",1.2457879898777781e-18
Accident,ILiCost,"MedCost,OtherCarCost",1.2457879898777781e-18
Accident,ILiCost,"MedCost,OtherCarCost",1.2457879898777781e-18
Accident,ILiCost,"MedCost,OtherCarCost",1.2457879898777781e-18
Accident,ILiCost,"MedCost,OtherCarCost",1.2457879898777781e-18
Accident,ILiCost,"MedCost,OtherCarCost",1.2457879898777781e-18
Accident,ILiCost,"MedCost,OtherCarCost",1.2457879898777781e-18
Accident,ILiCost,"MedCost,OtherCarCost",1.2457879898777781e-18
Accident,ILiCost,"MedCost,OtherCarCost",1.2457879898777781e-18
Accident,ILiCost,"MedCost,OtherCarCost",1.2457879898777781e-18
Accident,ILiCost,"MedCost,OtherCarCost",1.2457879898777781e-18
Accident,ILiCost,"MedCost,OtherCarCost",1.2457879898777781e-18
Accident,ILiCost,"MedCost,OtherCarCost",1.2457879898777781e-18
Accident,ILiCost,"MedCost,OtherCarCost",1.2457879898777781e-18
Accident,ILiCost,"MedCost,OtherCarCost",1.2457879898777781e-18
Accident,ILiCost,"MedCost,OtherCarCost",1.2457879898777781e-18
Accident,ILiCost,"MedCost,OtherCarCost",1.2457879898777781e-18
Accident,ILiCost,"MedCost,OtherCarCost",1.2457879898777781e-18
MakeModel,Antilock,"CarValue,OtherCarCost",1.0904833915173457e-47
MakeModel,Antilock,"CarValue,OtherCarCost",1.0904833915173457e-47
MakeModel,Antilock,"CarValue,OtherCarCost",1.0904833915173457e-47
MakeModel,Antilock,"CarValue,OtherCarCost",1.0904833915173457e-47
MakeModel,Antilock,"CarValue,OtherCarCost",1.0904833915173457e-47
MakeModel,Antilock,"CarValue,OtherCarCost",1.0904833915173457e-47
MakeModel,Antilock,"CarValue,OtherCarCost",1.0904833915173457e-47
MakeModel,Antilock,"CarValue,OtherCarCost",1.0904833915173457e-47
MakeModel,Antilock,"CarValue,OtherCarCost",1.0904833915173457e-47
MakeModel,Antilock,"CarValue,OtherCarCost",1.0904833915173457e-47
MakeModel,Antilock,"CarValue,OtherCarCost",1.0904833915173457e-47
MakeModel,Antilock,"CarValue,OtherCarCost",1.0904833915173457e-47
MakeModel,Antilock,"CarValue,OtherCarCost",1.0904833915173457e-47
MakeModel,Antilock,"CarValue,OtherCarCost",1.0904833915173457e-47
MakeModel,Antilock,"CarValue,OtherCarCost",1.0904833915173457e-47
MakeModel,Antilock,"CarValue,OtherCarCost",1.0904833915173457e-47
MakeModel,Antilock,"CarValue,OtherCarCost",1.0904833915173457e-47
MakeModel,Antilock,"CarValue,OtherCarCost",1.0904833915173457e-47
MakeModel,Antilock,"CarValue,OtherCarCost",1.0904833915173457e-47
MakeModel,Antilock,"CarValue,OtherCarCost",1.0904833915173457e-47
MakeModel,Antilock,"CarValue,OtherCarCost",1.0904833915173457e-47
MakeModel,Antilock,"CarValue,OtherCarCost",1.0904833915173457e-47
MakeModel,Antilock,"CarValue,OtherCarCost",1.0904833915173457e-47
MakeModel,Antilock,"CarValue,OtherCarCost",1.0904833915173457e-47
MakeModel,Antilock,"CarValue,OtherCarCost",1.0904833915173457e-47
MakeModel,Antilock,"CarValue,OtherCarCost",1.0904833915173457e-47
MakeModel,Antilock,"CarValue,OtherCarCost",1.0904833915173457e-47
MakeModel,Antilock,"CarValue,OtherCarCost",1.0904833915173457e-47
MakeModel,ThisCarCost,"CarValue,SocioEcon",0.40059390976105175
MakeModel,ThisCarCost,"CarValue,SocioEcon",0.40059390976105175
MakeModel,ThisCarCost,"CarValue,SocioEcon",0.40059390976105175
MakeModel,ThisCarCost,"CarValue,SocioEcon",0.40059390976105175
MakeModel,ThisCarCost,"CarValue,SocioEcon",0.40059390976105175
MakeModel,ThisCarCost,"CarValue,SocioEcon",0.40059390976105175
MakeModel,ThisCarCost,"CarValue,SocioEcon",0.40059390976105175
MakeModel,ThisCarCost,"CarValue,SocioEcon",0.40059390976105175
MakeModel,ThisCarCost,"CarValue,SocioEcon",0.40059390976105175
MakeModel,ThisCarCost,"CarValue,SocioEcon",0.40059390976105175
MakeModel,ThisCarCost,"CarValue,SocioEcon",0.40059390976105175
MakeModel,ThisCarCost,"CarValue,SocioEcon",0.40059390976105175
MakeModel,ThisCarCost,"CarValue,SocioEcon",0.40059390976105175
MakeModel,ThisCarCost,"CarValue,SocioEcon",0.40059390976105175
MakeModel,ThisCarCost,"CarValue,SocioEcon",0.40059390976105175
MakeModel,ThisCarCost,"CarValue,SocioEcon",0.40059390976105175
MakeModel,ThisCarCost,"CarValue,SocioEcon",0.40059390976105175
MakeModel,CarValue,"Accident,OtherCarCost",0.0
MakeModel,CarValue,"Accident,OtherCarCost",0.0
MakeModel,CarValue,"Accident,OtherCarCost",0.0
MakeModel,CarValue,"Accident,OtherCarCost",0.0
MakeModel,CarValue,"Accident,OtherCarCost",0.0
MakeModel,CarValue,"Accident,OtherCarCost",0.0
MakeModel,CarValue,"Accident,OtherCarCost",0.0
MakeModel,CarValue,"Accident,OtherCarCost",0.0
MakeModel,CarValue,"Accident,OtherCarCost",0.0
MakeModel,CarValue,"Accident,OtherCarCost",0.0
MakeModel,CarValue,"Accident,OtherCarCost",0.0
MakeModel,CarValue,"Accident,OtherCarCost",0.0
MakeModel,CarValue,"Accident,OtherCarCost",0.0
MakeModel,CarValue,"Accident,OtherCarCost",0.0
MakeModel,CarValue,"Accident,OtherCarCost",0.0
MakeModel,CarValue,"Accident,OtherCarCost",0.0
MakeModel,CarValue,"Accident,OtherCarCost",0.0
MakeModel,CarValue,"Accident,OtherCarCost",0.0
MakeModel,CarValue,"Accident,OtherCarCost",0.0
MakeModel,CarValue,"Accident,OtherCarCost",0.0
MakeModel,CarValue,"Accident,OtherCarCost",0.0
MakeModel,CarValue,"Accident,OtherCarCost",0.0
MakeModel,CarValue,"Accident,OtherCarCost",0.0
MakeModel,CarValue,"Accident,OtherCarCost",0.0
MakeModel,CarValue,"Accident,OtherCarCost",0.0
MakeModel,CarValue,"Accident,OtherCarCost",0.0
MakeModel,CarValue,"Accident,OtherCarCost",0.0
MakeModel,CarValue,"Accident,OtherCarCost",0.0
MakeModel,OtherCarCost,"Antilock,Cushioning",0.8695805603692021
MakeModel,Cushioning,"CarValue,OtherCarCost",4.187048474624053e-193
MakeModel,Cushioning,"CarValue,OtherCarCost",4.187048474624053e-193
MakeModel,Cushioning,"CarValue,OtherCarCost",4.187048474624053e-193
MakeModel,Cushioning,"CarValue,OtherCarCost",4.187048474624053e-193
MakeModel,Cushioning,"CarValue,OtherCarCost",4.187048474624053e-193
MakeModel,Cushioning,"CarValue,OtherCarCost",4.187048474624053e-193
MakeModel,Cushioning,"CarValue,OtherCarCost",4.187048474624053e-193
MakeModel,Cushioning,"CarValue,OtherCarCost",4.187048474624053e-193
MakeModel,Cushioning,"CarValue,OtherCarCost",4.187048474624053e-193
MakeModel,Cushioning,"CarValue,OtherCarCost",4.187048474624053e-193
MakeModel,Cushioning,"CarValue,OtherCarCost",4.187048474624053e-193
MakeModel,Cushioning,"CarValue,OtherCarCost",4.187048474624053e-193
MakeModel,Cushioning,"CarValue,OtherCarCost",4.187048474624053e-193
MakeModel,Cushioning,"CarValue,OtherCarCost",4.187048474624053e-193
MakeModel,Cushioning,"CarValue,OtherCarCost",4.187048474624053e-193
MakeModel,Cushioning,"CarValue,OtherCarCost",4.187048474624053e-193
MakeModel,Cushioning,"CarValue,OtherCarCost",4.187048474624053e-193
MakeModel,Cushioning,"CarValue,OtherCarCost",4.187048474624053e-193
MakeModel,Cushioning,"CarValue,OtherCarCost",4.187048474624053e-193
MakeModel,Cushioning,"CarValue,OtherCarCost",4.187048474624053e-193
MakeModel,Cushioning,"CarValue,OtherCarCost",4.187048474624053e-193
MakeModel,Cushioning,"CarValue,OtherCarCost",4.187048474624053e-193
MakeModel,Cushioning,"CarValue,OtherCarCost",4.187048474624053e-193
MakeModel,Cushioning,"CarValue,OtherCarCost",4.187048474624053e-193
MakeModel,Cushioning,"CarValue,OtherCarCost",4.187048474624053e-193
MakeModel,Cushioning,"CarValue,OtherCarCost",4.187048474624053e-193
MakeModel,Cushioning,"CarValue,OtherCarCost",4.187048474624053e-193
MakeModel,Cushioning,"CarValue,OtherCarCost",4.187048474624053e-193
MakeModel,Airbag,"CarValue,OtherCarCost",1.291074712375608e-27
MakeModel,Airbag,"CarValue,OtherCarCost",1.291074712375608e-27
MakeModel,Airbag,"CarValue,OtherCarCost",1.291074712375608e-27
MakeModel,Airbag,"CarValue,OtherCarCost",1.291074712375608e-27
MakeModel,Airbag,"CarValue,OtherCarCost",1.291074712375608e-27
MakeModel,Airbag,"CarValue,OtherCarCost",1.291074712375608e-27
MakeModel,Airbag,"CarValue,OtherCarCost",1.291074712375608e-27
MakeModel,Airbag,"CarValue,OtherCarCost",1.291074712375608e-27
MakeModel,Airbag,"CarValue,OtherCarCost",1.291074712375608e-27
MakeModel,Airbag,"CarValue,OtherCarCost",1.291074712375608e-27
MakeModel,Airbag,"CarValue,OtherCarCost",1.291074712375608e-27
MakeModel,Airbag,"CarValue,OtherCarCost",1.291074712375608e-27
MakeModel,Airbag,"CarValue,OtherCarCost",1.291074712375608e-27
MakeModel,Airbag,"CarValue,OtherCarCost",1.291074712375608e-27
MakeModel,Airbag,"CarValue,OtherCarCost",1.291074712375608e-27
MakeModel,Airbag,"CarValue,OtherCarCost",1.291074712375608e-27
MakeModel,Airbag,"CarValue,OtherCarCost",1.291074712375608e-27
MakeModel,Airbag,"CarValue,OtherCarCost",1.291074712375608e-27
MakeModel,Airbag,"CarValue,OtherCarCost",1.291074712375608e-27
MakeModel,Airbag,"CarValue,OtherCarCost",1.291074712375608e-27
MakeModel,Airbag,"CarValue,OtherCarCost",1.291074712375608e-27
MakeModel,Airbag,"CarValue,OtherCarCost",1.291074712375608e-27
MakeModel,Airbag,"CarValue,OtherCarCost",1.291074712375608e-27
MakeModel,Airbag,"CarValue,OtherCarCost",1.291074712375608e-27
MakeModel,Airbag,"CarValue,OtherCarCost",1.291074712375608e-27
MakeModel,Airbag,"CarValue,OtherCarCost",1.291074712375608e-27
MakeModel,Airbag,"CarValue,OtherCarCost",1.291074712375608e-27
MakeModel,Airbag,"CarValue,OtherCarCost",1.291074712375608e-27
DrivQuality,DrivingSkill,"DrivHist,SeniorTrain",2.472437003510448e-89
DrivQuality,DrivingSkill,"DrivHist,SeniorTrain",2.472437003510448e-89
DrivQuality,DrivingSkill,"DrivHist,SeniorTrain",2.472437003510448e-89
DrivQuality,DrivingSkill,"DrivHist,SeniorTrain",2.472437003510448e-89
DrivQuality,DrivingSkill,"DrivHist,SeniorTrain",2.472437003510448e-89
DrivQuality,DrivingSkill,"DrivHist,SeniorTrain",2.472437003510448e-89
DrivQuality,DrivingSkill,"DrivHist,SeniorTrain",2.472437003510448e-89
DrivQuality,DrivingSkill,"DrivHist,SeniorTrain",2.472437003510448e-89
DrivQuality,DrivingSkill,"DrivHist,SeniorTrain",2.472437003510448e-89
DrivQuality,DrivingSkill,"DrivHist,SeniorTrain",2.472437003510448e-89
DrivQuality,DrivingSkill,"DrivHist,SeniorTrain",2.472437003510448e-89
DrivQuality,DrivingSkill,"DrivHist,SeniorTrain",2.472437003510448e-89
DrivQuality,DrivingSkill,"DrivHist,SeniorTrain",2.472437003510448e-89
DrivQuality,DrivingSkill,"DrivHist,SeniorTrain",2.472437003510448e-89
DrivQuality,DrivingSkill,"DrivHist,SeniorTrain",2.472437003510448e-89
DrivQuality,SeniorTrain,"Accident,DrivHist",1.1085657349506869e-05
DrivQuality,SeniorTrain,"Accident,DrivHist",1.1085657349506869e-05
DrivQuality,SeniorTrain,"Accident,DrivHist",1.1085657349506869e-05
DrivQuality,SeniorTrain,"Accident,DrivHist",1.1085657349506869e-05
DrivQuality,SeniorTrain,"Accident,DrivHist",1.1085657349506869e-05
DrivQuality,SeniorTrain,"Accident,DrivHist",1.1085657349506869e-05
DrivQuality,SeniorTrain,"Accident,DrivHist",1.1085657349506869e-05
DrivQuality,SeniorTrain,"Accident,DrivHist",1.1085657349506869e-05
DrivQuality,SeniorTrain,"Accident,DrivHist",1.1085657349506869e-05
DrivQuality,SeniorTrain,"Accident,DrivHist",1.1085657349506869e-05
DrivQuality,SeniorTrain,"Accident,DrivHist",1.1085657349506869e-05
DrivQuality,SeniorTrain,"Accident,DrivHist",1.1085657349506869e-05
DrivQuality,SeniorTrain,"Accident,DrivHist",1.1085657349506869e-05
DrivQuality,SeniorTrain,"Accident,DrivHist",1.1085657349506869e-05
DrivQuality,SeniorTrain,"Accident,DrivHist",1.1085657349506869e-05
DrivQuality,ThisCarCost,"Accident,Theft",0.31742139696875377
DrivQuality,ThisCarCost,"Accident,Theft",0.31742139696875377
DrivQuality,ThisCarCost,"Accident,Theft",0.31742139696875377
DrivQuality,ThisCarCost,"Accident,Theft",0.31742139696875377
DrivQuality,ThisCarCost,"Accident,Theft",0.31742139696875377
DrivQuality,ThisCarCost,"Accident,Theft",0.31742139696875377
DrivQuality,ThisCarCost,"Accident,Theft",0.31742139696875377
DrivQuality,ThisCarCost,"Accident,Theft",0.31742139696875377
DrivQuality,ThisCarCost,"Accident,Theft",0.31742139696875377
DrivQuality,ThisCarCost,"Accident,Theft",0.31742139696875377
DrivQuality,Theft,"DrivHist,SeniorTrain",0.0002505253523506566
DrivQuality,Theft,"DrivHist,SeniorTrain",0.0002505253523506566
DrivQuality,Theft,"DrivHist,SeniorTrain",0.0002505253523506566
DrivQuality,Theft,"DrivHist,SeniorTrain",0.0002505253523506566
DrivQuality,Theft,"DrivHist,SeniorTrain",0.0002505253523506566
DrivQuality,Theft,"DrivHist,SeniorTrain",0.0002505253523506566
DrivQuality,Theft,"DrivHist,SeniorTrain",0.0002505253523506566
DrivQuality,Theft,"DrivHist,SeniorTrain",0.0002505253523506566
DrivQuality,Theft,"DrivHist,SeniorTrain",0.0002505253523506566
DrivQuality,Theft,"DrivHist,SeniorTrain",0.0002505253523506566
DrivQuality,Theft,"DrivHist,SeniorTrain",0.0002505253523506566
DrivQuality,Theft,"DrivHist,SeniorTrain",0.0002505253523506566
DrivQuality,Theft,"DrivHist,SeniorTrain",0.0002505253523506566
DrivQuality,Theft,"DrivHist,SeniorTrain",0.0002505253523506566
DrivQuality,Theft,"DrivHist,SeniorTrain",0.0002505253523506566
DrivQuality,DrivHist,"Accident,SeniorTrain",2.2428778142388958e-116
DrivQuality,DrivHist,"Accident,SeniorTrain",2.2428778142388958e-116
DrivQuality,DrivHist,"Accident,SeniorTrain",2.2428778142388958e-116
DrivQuality,DrivHist,"Accident,SeniorTrain",2.2428778142388958e-116
DrivQuality,DrivHist,"Accident,SeniorTrain",2.2428778142388958e-116
DrivQuality,DrivHist,"Accident,SeniorTrain",2.2428778142388958e-116
DrivQuality,DrivHist,"Accident,SeniorTrain",2.2428778142388958e-116
DrivQuality,DrivHist,"Accident,SeniorTrain",2.2428778142388958e-116
DrivQuality,DrivHist,"Accident,SeniorTrain",2.2428778142388958e-116
DrivQuality,DrivHist,"Accident,SeniorTrain",2.2428778142388958e-116
DrivQuality,DrivHist,"Accident,SeniorTrain",2.2428778142388958e-116
DrivQuality,DrivHist,"Accident,SeniorTrain",2.2428778142388958e-116
DrivQuality,DrivHist,"Accident,SeniorTrain",2.2428778142388958e-116
DrivQuality,DrivHist,"Accident,SeniorTrain",2.2428778142388958e-116
DrivQuality,DrivHist,"Accident,SeniorTrain",2.2428778142388958e-116
Antilock,ThisCarCost,"CarValue,MakeModel",0.14241481857856836
Antilock,ThisCarCost,"CarValue,MakeModel",0.14241481857856836
Antilock,ThisCarCost,"CarValue,MakeModel",0.14241481857856836
Antilock,ThisCarCost,"CarValue,MakeModel",0.14241481857856836
Antilock,ThisCarCost,"CarValue,MakeModel",0.14241481857856836
Antilock,ThisCarCost,"CarValue,MakeModel",0.14241481857856836
Antilock,ThisCarCost,"CarValue,MakeModel",0.14241481857856836
Antilock,CarValue,"Accident,VehicleYear",6.0916263786220795e-118
Antilock,CarValue,"Accident,VehicleYear",6.0916263786220795e-118
Antilock,CarValue,"Accident,VehicleYear",6.0916263786220795e-118
Antilock,CarValue,"Accident,VehicleYear",6.0916263786220795e-118
Antilock,CarValue,"Accident,VehicleYear",6.0916263786220795e-118
Antilock,CarValue,"Accident,VehicleYear",6.0916263786220795e-118
Antilock,CarValue,"Accident,VehicleYear",6.0916263786220795e-118
Antilock,CarValue,"Accident,VehicleYear",6.0916263786220795e-118
Antilock,CarValue,"Accident,VehicleYear",6.0916263786220795e-118
Antilock,CarValue,"Accident,VehicleYear",6.0916263786220795e-118
Antilock,CarValue,"Accident,VehicleYear",6.0916263786220795e-118
Antilock,CarValue,"Accident,VehicleYear",6.0916263786220795e-118
Antilock,CarValue,"Accident,VehicleYear",6.0916263786220795e-118
Antilock,CarValue,"Accident,VehicleYear",6.0916263786220795e-118
Antilock,CarValue,"Accident,VehicleYear",6.0916263786220795e-118
Antilock,CarValue,"Accident,VehicleYear",6.0916263786220795e-118
Antilock,CarValue,"Accident,VehicleYear",6.0916263786220795e-118
Antilock,CarValue,"Accident,VehicleYear",6.0916263786220795e-118
Antilock,CarValue,"Accident,VehicleYear",6.0916263786220795e-118
Antilock,CarValue,"Accident,VehicleYear",6.0916263786220795e-118
Antilock,CarValue,"Accident,VehicleYear",6.0916263786220795e-118
Antilock,CarValue,"Accident,VehicleYear",6.0916263786220795e-118
Antilock,CarValue,"Accident,VehicleYear",6.0916263786220795e-118
Antilock,CarValue,"Accident,VehicleYear",6.0916263786220795e-118
Antilock,CarValue,"Accident,VehicleYear",6.0916263786220795e-118
Antilock,CarValue,"Accident,VehicleYear",6.0916263786220795e-118
Antilock,CarValue,"Accident,VehicleYear",6.0916263786220795e-118
Antilock,CarValue,"Accident,VehicleYear",6.0916263786220795e-118
Antilock,PropCost,"MakeModel,SocioEcon",0.17233422909245882
Antilock,Airbag,"SocioEcon,VehicleYear",0.5606815659709916
Antilock,Airbag,"SocioEcon,VehicleYear",0.5606815659709916
Antilock,Airbag,"SocioEcon,VehicleYear",0.5606815659709916
Antilock,Airbag,"SocioEcon,VehicleYear",0.5606815659709916
Antilock,Airbag,"SocioEcon,VehicleYear",0.5606815659709916
Antilock,Airbag,"SocioEcon,VehicleYear",0.5606815659709916
Antilock,Airbag,"SocioEcon,VehicleYear",0.5606815659709916
Antilock,Airbag,"SocioEcon,VehicleYear",0.5606815659709916
Antilock,Airbag,"SocioEcon,VehicleYear",0.5606815659709916
Antilock,Airbag,"SocioEcon,VehicleYear",0.5606815659709916
Antilock,Airbag,"SocioEcon,VehicleYear",0.5606815659709916
Antilock,Airbag,"SocioEcon,VehicleYear",0.5606815659709916
DrivingSkill,SeniorTrain,"DrivQuality,ThisCarCost",0.13532055621942596
DrivingSkill,SeniorTrain,"DrivQuality,ThisCarCost",0.13532055621942596
DrivingSkill,SeniorTrain,"DrivQuality,ThisCarCost",0.13532055621942596
DrivingSkill,SeniorTrain,"DrivQuality,ThisCarCost",0.13532055621942596
DrivingSkill,SeniorTrain,"DrivQuality,ThisCarCost",0.13532055621942596
DrivingSkill,ThisCarCost,"DrivHist,SeniorTrain",0.09668197138275211
DrivingSkill,DrivHist,"DrivQuality,RiskAversion",2.5714860317800666e-185
DrivingSkill,DrivHist,"DrivQuality,RiskAversion",2.5714860317800666e-185
DrivingSkill,DrivHist,"DrivQuality,RiskAversion",2.5714860317800666e-185
DrivingSkill,DrivHist,"DrivQuality,RiskAversion",2.5714860317800666e-185
DrivingSkill,DrivHist,"DrivQuality,RiskAversion",2.5714860317800666e-185
DrivingSkill,DrivHist,"DrivQuality,RiskAversion",2.5714860317800666e-185
SeniorTrain,DrivHist,"DrivingSkill,RiskAversion",0.05399747621066091
SeniorTrain,DrivHist,"DrivingSkill,RiskAversion",0.05399747621066091
ThisCarCost,Theft,"MakeModel,SocioEcon",0.0753772090579739
ThisCarCost,Theft,"MakeModel,SocioEcon",0.0753772090579739
ThisCarCost,CarValue,"ILiCost,VehicleYear",0.0
ThisCarCost,CarValue,"ILiCost,VehicleYear",0.0
ThisCarCost,CarValue,"ILiCost,VehicleYear",0.0
ThisCarCost,CarValue,"ILiCost,VehicleYear",0.0
ThisCarCost,CarValue,"ILiCost,VehicleYear",0.0
ThisCarCost,CarValue,"ILiCost,VehicleYear",0.0
ThisCarCost,CarValue,"ILiCost,VehicleYear",0.0
ThisCarCost,CarValue,"ILiCost,VehicleYear",0.0
ThisCarCost,CarValue,"ILiCost,VehicleYear",0.0
ThisCarCost,CarValue,"ILiCost,VehicleYear",0.0
ThisCarCost,CarValue,"ILiCost,VehicleYear",0.0
ThisCarCost,CarValue,"ILiCost,VehicleYear",0.0
ThisCarCost,CarValue,"ILiCost,VehicleYear",0.0
ThisCarCost,CarValue,"ILiCost,VehicleYear",0.0
ThisCarCost,CarValue,"ILiCost,VehicleYear",0.0
ThisCarCost,CarValue,"ILiCost,VehicleYear",0.0
ThisCarCost,CarValue,"ILiCost,VehicleYear",0.0
ThisCarCost,CarValue,"ILiCost,VehicleYear",0.0
ThisCarCost,CarValue,"ILiCost,VehicleYear",0.0
ThisCarCost,CarValue,"ILiCost,VehicleYear",0.0
ThisCarCost,CarValue,"ILiCost,VehicleYear",0.0
ThisCarCost,CarValue,"ILiCost,VehicleYear",0.0
ThisCarCost,CarValue,"ILiCost,VehicleYear",0.0
ThisCarCost,CarValue,"ILiCost,VehicleYear",0.0
ThisCarCost,CarValue,"ILiCost,VehicleYear",0.0
ThisCarCost,CarValue,"ILiCost,VehicleYear",0.0
ThisCarCost,CarValue,"ILiCost,VehicleYear",0.0
ThisCarCost,CarValue,"ILiCost,VehicleYear",0.0
ThisCarCost,CarValue,"ILiCost,VehicleYear",0.0
ThisCarCost,CarValue,"ILiCost,VehicleYear",0.0
ThisCarCost,CarValue,"ILiCost,VehicleYear",0.0
ThisCarCost,CarValue,"ILiCost,VehicleYear",0.0
ThisCarCost,CarValue,"ILiCost,VehicleYear",0.0
ThisCarCost,CarValue,"ILiCost,VehicleYear",0.0
ThisCarCost,CarValue,"ILiCost,VehicleYear",0.0
ThisCarCost,CarValue,"ILiCost,VehicleYear",0.0
ThisCarCost,CarValue,"ILiCost,VehicleYear",0.0
ThisCarCost,CarValue,"ILiCost,VehicleYear",0.0
ThisCarCost,CarValue,"ILiCost,VehicleYear",0.0
ThisCarCost,CarValue,"ILiCost,VehicleYear",0.0
ThisCarCost,CarValue,"ILiCost,VehicleYear",0.0
ThisCarCost,CarValue,"ILiCost,VehicleYear",0.0
ThisCarCost,CarValue,"ILiCost,VehicleYear",0.0
ThisCarCost,CarValue,"ILiCost,VehicleYear",0.0
ThisCarCost,CarValue,"ILiCost,VehicleYear",0.0
ThisCarCost,CarValue,"ILiCost,VehicleYear",0.0
ThisCarCost,CarValue,"ILiCost,VehicleYear",0.0
ThisCarCost,CarValue,"ILiCost,VehicleYear",0.0
ThisCarCost,CarValue,"ILiCost,VehicleYear",0.0
ThisCarCost,CarValue,"ILiCost,VehicleYear",0.0
ThisCarCost,CarValue,"ILiCost,VehicleYear",0.0
ThisCarCost,CarValue,"ILiCost,VehicleYear",0.0
ThisCarCost,CarValue,"ILiCost,VehicleYear",0.0
ThisCarCost,CarValue,"ILiCost,VehicleYear",0.0
ThisCarCost,CarValue,"ILiCost,VehicleYear",0.0
ThisCarCost,CarValue,"ILiCost,VehicleYear",0.0
ThisCarCost,CarValue,"ILiCost,VehicleYear",0.0
ThisCarCost,CarValue,"ILiCost,VehicleYear",0.0
ThisCarCost,CarValue,"ILiCost,VehicleYear",0.0
ThisCarCost,CarValue,"ILiCost,VehicleYear",0.0
ThisCarCost,CarValue,"ILiCost,VehicleYear",0.0
ThisCarCost,CarValue,"ILiCost,VehicleYear",0.0
ThisCarCost,CarValue,"ILiCost,VehicleYear",0.0
ThisCarCost,CarValue,"ILiCost,VehicleYear",0.0
ThisCarCost,CarValue,"ILiCost,VehicleYear",0.0
ThisCarCost,CarValue,"ILiCost,VehicleYear",0.0
ThisCarCost,PropCost,"CarValue,VehicleYear",0.0
ThisCarCost,PropCost,"CarValue,VehicleYear",0.0
ThisCarCost,PropCost,"CarValue,VehicleYear",0.0
ThisCarCost,PropCost,"CarValue,VehicleYear",0.0
ThisCarCost,PropCost,"CarValue,VehicleYear",0.0
ThisCarCost,PropCost,"CarValue,VehicleYear",0.0
ThisCarCost,PropCost,"CarValue,VehicleYear",0.0
ThisCarCost,PropCost,"CarValue,VehicleYear",0.0
ThisCarCost,PropCost,"CarValue,VehicleYear",0.0
ThisCarCost,PropCost,"CarValue,VehicleYear",0.0
ThisCarCost,PropCost,"CarValue,VehicleYear",0.0
ThisCarCost,PropCost,"CarValue,VehicleYear",0.0
ThisCarCost,PropCost,"CarValue,VehicleYear",0.0
ThisCarCost,PropCost,"CarValue,VehicleYear",0.0
ThisCarCost,PropCost,"CarValue,VehicleYear",0.0
ThisCarCost,PropCost,"CarValue,VehicleYear",0.0
ThisCarCost,PropCost,"CarValue,VehicleYear",0.0
ThisCarCost,PropCost,"CarValue,VehicleYear",0.0
ThisCarCost,PropCost,"CarValue,VehicleYear",0.0
ThisCarCost,PropCost,"CarValue,VehicleYear",0.0
ThisCarCost,PropCost,"CarValue,VehicleYear",0.0
ThisCarCost,PropCost,"CarValue,VehicleYear",0.0
ThisCarCost,PropCost,"CarValue,VehicleYear",0.0
ThisCarCost,PropCost,"CarValue,VehicleYear",0.0
ThisCarCost,PropCost,"CarValue,VehicleYear",0.0
ThisCarCost,PropCost,"CarValue,VehicleYear",0.0
ThisCarCost,PropCost,"CarValue,VehicleYear",0.0
ThisCarCost,PropCost,"CarValue,VehicleYear",0.0
ThisCarCost,PropCost,"CarValue,VehicleYear",0.0
ThisCarCost,PropCost,"CarValue,VehicleYear",0.0
ThisCarCost,PropCost,"CarValue,VehicleYear",0.0
ThisCarCost,PropCost,"CarValue,VehicleYear",0.0
ThisCarCost,PropCost,"CarValue,VehicleYear",0.0
ThisCarCost,PropCost,"CarValue,VehicleYear",0.0
ThisCarCost,PropCost,"CarValue,VehicleYear",0.0
ThisCarCost,PropCost,"CarValue,VehicleYear",0.0
ThisCarCost,PropCost,"CarValue,VehicleYear",0.0
ThisCarCost,PropCost,"CarValue,VehicleYear",0.0
ThisCarCost,PropCost,"CarValue,VehicleYear",0.0
ThisCarCost,PropCost,"CarValue,VehicleYear",0.0
ThisCarCost,PropCost,"CarValue,VehicleYear",0.0
ThisCarCost,PropCost,"CarValue,VehicleYear",0.0
ThisCarCost,PropCost,"CarValue,VehicleYear",0.0
ThisCarCost,PropCost,"CarValue,VehicleYear",0.0
ThisCarCost,PropCost,"CarValue,VehicleYear",0.0
ThisCarCost,PropCost,"CarValue,VehicleYear",0.0
ThisCarCost,PropCost,"CarValue,VehicleYear",0.0
ThisCarCost,PropCost,"CarValue,VehicleYear",0.0
ThisCarCost,PropCost,"CarValue,VehicleYear",0.0
ThisCarCost,PropCost,"CarValue,VehicleYear",0.0
ThisCarCost,PropCost,"CarValue,VehicleYear",0.0
ThisCarCost,PropCost,"CarValue,VehicleYear",0.0
ThisCarCost,PropCost,"CarValue,VehicleYear",0.0
ThisCarCost,PropCost,"CarValue,VehicleYear",0.0
ThisCarCost,PropCost,"CarValue,VehicleYear",0.0
ThisCarCost,PropCost,"CarValue,VehicleYear",0.0
ThisCarCost,PropCost,"CarValue,VehicleYear",0.0
ThisCarCost,PropCost,"CarValue,VehicleYear",0.0
ThisCarCost,PropCost,"CarValue,VehicleYear",0.0
ThisCarCost,PropCost,"CarValue,VehicleYear",0.0
ThisCarCost,PropCost,"CarValue,VehicleYear",0.0
ThisCarCost,PropCost,"CarValue,VehicleYear",0.0
ThisCarCost,PropCost,"CarValue,VehicleYear",0.0
ThisCarCost,PropCost,"CarValue,VehicleYear",0.0
ThisCarCost,PropCost,"CarValue,VehicleYear",0.0
ThisCarCost,PropCost,"CarValue,VehicleYear",0.0
ThisCarCost,MedCost,"CarValue,VehicleYear",3.6261818312205026e-44
ThisCarCost,MedCost,"CarValue,VehicleYear",3.6261818312205026e-44
ThisCarCost,MedCost,"CarValue,VehicleYear",3.6261818312205026e-44
ThisCarCost,MedCost,"CarValue,VehicleYear",3.6261818312205026e-44
ThisCarCost,MedCost,"CarValue,VehicleYear",3.6261818312205026e-44
ThisCarCost,MedCost,"CarValue,VehicleYear",3.6261818312205026e-44
ThisCarCost,MedCost,"CarValue,VehicleYear",3.6261818312205026e-44
ThisCarCost,MedCost,"CarValue,VehicleYear",3.6261818312205026e-44
ThisCarCost,MedCost,"CarValue,VehicleYear",3.6261818312205026e-44
ThisCarCost,MedCost,"CarValue,VehicleYear",3.6261818312205026e-44
ThisCarCost,MedCost,"CarValue,VehicleYear",3.6261818312205026e-44
ThisCarCost,MedCost,"CarValue,VehicleYear",3.6261818312205026e-44
ThisCarCost,MedCost,"CarValue,VehicleYear",3.6261818312205026e-44
ThisCarCost,MedCost,"CarValue,VehicleYear",3.6261818312205026e-44
ThisCarCost,MedCost,"CarValue,VehicleYear",3.6261818312205026e-44
ThisCarCost,MedCost,"CarValue,VehicleYear",3.6261818312205026e-44
ThisCarCost,MedCost,"CarValue,VehicleYear",3.6261818312205026e-44
ThisCarCost,MedCost,"CarValue,VehicleYear",3.6261818312205026e-44
ThisCarCost,MedCost,"CarValue,VehicleYear",3.6261818312205026e-44
ThisCarCost,MedCost,"CarValue,VehicleYear",3.6261818312205026e-44
ThisCarCost,MedCost,"CarValue,VehicleYear",3.6261818312205026e-44
ThisCarCost,MedCost,"CarValue,VehicleYear",3.6261818312205026e-44
ThisCarCost,MedCost,"CarValue,VehicleYear",3.6261818312205026e-44
ThisCarCost,MedCost,"CarValue,VehicleYear",3.6261818312205026e-44
ThisCarCost,MedCost,"CarValue,VehicleYear",3.6261818312205026e-44
ThisCarCost,MedCost,"CarValue,VehicleYear",3.6261818312205026e-44
ThisCarCost,MedCost,"CarValue,VehicleYear",3.6261818312205026e-44
ThisCarCost,MedCost,"CarValue,VehicleYear",3.6261818312205026e-44
ThisCarCost,MedCost,"CarValue,VehicleYear",3.6261818312205026e-44
ThisCarCost,MedCost,"CarValue,VehicleYear",3.6261818312205026e-44
ThisCarCost,MedCost,"CarValue,VehicleYear",3.6261818312205026e-44
ThisCarCost,MedCost,"CarValue,VehicleYear",3.6261818312205026e-44
ThisCarCost,MedCost,"CarValue,VehicleYear",3.6261818312205026e-44
ThisCarCost,MedCost,"CarValue,VehicleYear",3.6261818312205026e-44
ThisCarCost,MedCost,"CarValue,VehicleYear",3.6261818312205026e-44
ThisCarCost,MedCost,"CarValue,VehicleYear",3.6261818312205026e-44
ThisCarCost,MedCost,"CarValue,VehicleYear",3.6261818312205026e-44
ThisCarCost,MedCost,"CarValue,VehicleYear",3.6261818312205026e-44
ThisCarCost,MedCost,"CarValue,VehicleYear",3.6261818312205026e-44
ThisCarCost,MedCost,"CarValue,VehicleYear",3.6261818312205026e-44
ThisCarCost,MedCost,"CarValue,VehicleYear",3.6261818312205026e-44
ThisCarCost,MedCost,"CarValue,VehicleYear",3.6261818312205026e-44
ThisCarCost,MedCost,"CarValue,VehicleYear",3.6261818312205026e-44
ThisCarCost,MedCost,"CarValue,VehicleYear",3.6261818312205026e-44
ThisCarCost,MedCost,"CarValue,VehicleYear",3.6261818312205026e-44
ThisCarCost,MedCost,"CarValue,VehicleYear",3.6261818312205026e-44
ThisCarCost,MedCost,"CarValue,VehicleYear",3.6261818312205026e-44
ThisCarCost,MedCost,"CarValue,VehicleYear",3.6261818312205026e-44
ThisCarCost,MedCost,"CarValue,VehicleYear",3.6261818312205026e-44
ThisCarCost,MedCost,"CarValue,VehicleYear",3.6261818312205026e-44
ThisCarCost,MedCost,"CarValue,VehicleYear",3.6261818312205026e-44
ThisCarCost,MedCost,"CarValue,VehicleYear",3.6261818312205026e-44
ThisCarCost,MedCost,"CarValue,VehicleYear",3.6261818312205026e-44
ThisCarCost,MedCost,"CarValue,VehicleYear",3.6261818312205026e-44
ThisCarCost,MedCost,"CarValue,VehicleYear",3.6261818312205026e-44
ThisCarCost,MedCost,"CarValue,VehicleYear",3.6261818312205026e-44
ThisCarCost,MedCost,"CarValue,VehicleYear",3.6261818312205026e-44
ThisCarCost,MedCost,"CarValue,VehicleYear",3.6261818312205026e-44
ThisCarCost,MedCost,"CarValue,VehicleYear",3.6261818312205026e-44
ThisCarCost,MedCost,"CarValue,VehicleYear",3.6261818312205026e-44
ThisCarCost,MedCost,"CarValue,VehicleYear",3.6261818312205026e-44
ThisCarCost,MedCost,"CarValue,VehicleYear",3.6261818312205026e-44
ThisCarCost,MedCost,"CarValue,VehicleYear",3.6261818312205026e-44
ThisCarCost,MedCost,"CarValue,VehicleYear",3.6261818312205026e-44
ThisCarCost,MedCost,"CarValue,VehicleYear",3.6261818312205026e-44
ThisCarCost,MedCost,"CarValue,VehicleYear",3.6261818312205026e-44
ThisCarCost,ILiCost,"MakeModel,SocioEcon",0.080304439541169
ThisCarCost,ILiCost,"MakeModel,SocioEcon",0.080304439541169
CarValue,PropCost,"Mileage,VehicleYear",5.099024162382866e-24
CarValue,PropCost,"Mileage,VehicleYear",5.099024162382866e-24
CarValue,PropCost,"Mileage,VehicleYear",5.099024162382866e-24
CarValue,PropCost,"Mileage,VehicleYear",5.099024162382866e-24
CarValue,PropCost,"Mileage,VehicleYear",5.099024162382866e-24
CarValue,PropCost,"Mileage,VehicleYear",5.099024162382866e-24
CarValue,PropCost,"Mileage,VehicleYear",5.099024162382866e-24
CarValue,PropCost,"Mileage,VehicleYear",5.099024162382866e-24
CarValue,PropCost,"Mileage,VehicleYear",5.099024162382866e-24
CarValue,PropCost,"Mileage,VehicleYear",5.099024162382866e-24
CarValue,PropCost,"Mileage,VehicleYear",5.099024162382866e-24
CarValue,PropCost,"Mileage,VehicleYear",5.099024162382866e-24
CarValue,PropCost,"Mileage,VehicleYear",5.099024162382866e-24
CarValue,PropCost,"Mileage,VehicleYear",5.099024162382866e-24
CarValue,PropCost,"Mileage,VehicleYear",5.099024162382866e-24
CarValue,PropCost,"Mileage,VehicleYear",5.099024162382866e-24
CarValue,PropCost,"Mileage,VehicleYear",5.099024162382866e-24
CarValue,PropCost,"Mileage,VehicleYear",5.099024162382866e-24
CarValue,PropCost,"Mileage,VehicleYear",5.099024162382866e-24
CarValue,PropCost,"Mileage,VehicleYear",5.099024162382866e-24
CarValue,PropCost,"Mileage,VehicleYear",5.099024162382866e-24
CarValue,PropCost,"Mileage,VehicleYear",5.099024162382866e-24
CarValue,PropCost,"Mileage,VehicleYear",5.099024162382866e-24
CarValue,PropCost,"Mileage,VehicleYear",5.099024162382866e-24
CarValue,PropCost,"Mileage,VehicleYear",5.099024162382866e-24
CarValue,PropCost,"Mileage,VehicleYear",5.099024162382866e-24
CarValue,PropCost,"Mileage,VehicleYear",5.099024162382866e-24
CarValue,PropCost,"Mileage,VehicleYear",5.099024162382866e-24
CarValue,PropCost,"Mileage,VehicleYear",5.099024162382866e-24
CarValue,PropCost,"Mileage,VehicleYear",5.099024162382866e-24
CarValue,PropCost,"Mileage,VehicleYear",5.099024162382866e-24
CarValue,PropCost,"Mileage,VehicleYear",5.099024162382866e-24
CarValue,PropCost,"Mileage,VehicleYear",5.099024162382866e-24
CarValue,PropCost,"Mileage,VehicleYear",5.099024162382866e-24
CarValue,PropCost,"Mileage,VehicleYear",5.099024162382866e-24
CarValue,PropCost,"Mileage,VehicleYear",5.099024162382866e-24
CarValue,Cushioning,"Airbag,MakeModel",0.5209866055511945
CarValue,Cushioning,"Airbag,MakeModel",0.5209866055511945
CarValue,Cushioning,"Airbag,MakeModel",0.5209866055511945
CarValue,Cushioning,"Airbag,MakeModel",0.5209866055511945
CarValue,Cushioning,"Airbag,MakeModel",0.5209866055511945
CarValue,Airbag,"Mileage,VehicleYear",1.0555573590157538e-05
CarValue,Airbag,"Mileage,VehicleYear",1.0555573590157538e-05
CarValue,Airbag,"Mileage,VehicleYear",1.0555573590157538e-05
CarValue,Airbag,"Mileage,VehicleYear",1.0555573590157538e-05
CarValue,Airbag,"Mileage,VehicleYear",1.0555573590157538e-05
CarValue,Airbag,"Mileage,VehicleYear",1.0555573590157538e-05
CarValue,Airbag,"Mileage,VehicleYear",1.0555573590157538e-05
CarValue,Airbag,"Mileage,VehicleYear",1.0555573590157538e-05
CarValue,Airbag,"Mileage,VehicleYear",1.0555573590157538e-05
CarValue,Airbag,"Mileage,VehicleYear",1.0555573590157538e-05
CarValue,Airbag,"Mileage,VehicleYear",1.0555573590157538e-05
CarValue,Airbag,"Mileage,VehicleYear",1.0555573590157538e-05
CarValue,Airbag,"Mileage,VehicleYear",1.0555573590157538e-05
CarValue,Airbag,"Mileage,VehicleYear",1.0555573590157538e-05
CarValue,Airbag,"Mileage,VehicleYear",1.0555573590157538e-05
CarValue,Airbag,"Mileage,VehicleYear",1.0555573590157538e-05
CarValue,Airbag,"Mileage,VehicleYear",1.0555573590157538e-05
CarValue,Airbag,"Mileage,VehicleYear",1.0555573590157538e-05
CarValue,Airbag,"Mileage,VehicleYear",1.0555573590157538e-05
CarValue,Airbag,"Mileage,VehicleYear",1.0555573590157538e-05
CarValue,Airbag,"Mileage,VehicleYear",1.0555573590157538e-05
CarValue,Airbag,"Mileage,VehicleYear",1.0555573590157538e-05
CarValue,Airbag,"Mileage,VehicleYear",1.0555573590157538e-05
CarValue,Airbag,"Mileage,VehicleYear",1.0555573590157538e-05
CarValue,Airbag,"Mileage,VehicleYear",1.0555573590157538e-05
CarValue,Airbag,"Mileage,VehicleYear",1.0555573590157538e-05
CarValue,Airbag,"Mileage,VehicleYear",1.0555573590157538e-05
CarValue,Airbag,"Mileage,VehicleYear",1.0555573590157538e-05
CarValue,Airbag,"Mileage,VehicleYear",1.0555573590157538e-05
CarValue,Airbag,"Mileage,VehicleYear",1.0555573590157538e-05
CarValue,Airbag,"Mileage,VehicleYear",1.0555573590157538e-05
CarValue,Airbag,"Mileage,VehicleYear",1.0555573590157538e-05
CarValue,Airbag,"Mileage,VehicleYear",1.0555573590157538e-05
CarValue,Airbag,"Mileage,VehicleYear",1.0555573590157538e-05
CarValue,Airbag,"Mileage,VehicleYear",1.0555573590157538e-05
CarValue,Airbag,"Mileage,VehicleYear",1.0555573590157538e-05
HomeBase,AntiTheft,"RiskAversion,SocioEcon",0.00030789559792533655
PropCost,OtherCarCost,"CarValue,MedCost",0.0
PropCost,OtherCarCost,"CarValue,MedCost",0.0
PropCost,OtherCarCost,"CarValue,MedCost",0.0
PropCost,OtherCarCost,"CarValue,MedCost",0.0
PropCost,OtherCarCost,"CarValue,MedCost",0.0
PropCost,OtherCarCost,"CarValue,MedCost",0.0
PropCost,OtherCarCost,"CarValue,MedCost",0.0
PropCost,OtherCarCost,"CarValue,MedCost",0.0
PropCost,OtherCarCost,"CarValue,MedCost",0.0
PropCost,OtherCarCost,"CarValue,MedCost",0.0
PropCost,OtherCarCost,"CarValue,MedCost",0.0
PropCost,OtherCarCost,"CarValue,MedCost",0.0
PropCost,OtherCarCost,"CarValue,MedCost",0.0
PropCost,OtherCarCost,"CarValue,MedCost",0.0
PropCost,OtherCarCost,"CarValue,MedCost",0.0
PropCost,OtherCarCost,"CarValue,MedCost",0.0
PropCost,OtherCarCost,"CarValue,MedCost",0.0
PropCost,OtherCarCost,"CarValue,MedCost",0.0
PropCost,OtherCarCost,"CarValue,MedCost",0.0
PropCost,OtherCarCost,"CarValue,MedCost",0.0
PropCost,OtherCarCost,"CarValue,MedCost",0.0
PropCost,MedCost,"ThisCarCost,ThisCarDam",0.7667945101742505
PropCost,MedCost,"ThisCarCost,ThisCarDam",0.7667945101742505
PropCost,MedCost,"ThisCarCost,ThisCarDam",0.7667945101742505
PropCost,MedCost,"ThisCarCost,ThisCarDam",0.7667945101742505
PropCost,MedCost,"ThisCarCost,ThisCarDam",0.7667945101742505
PropCost,MedCost,"ThisCarCost,ThisCarDam",0.7667945101742505
PropCost,MedCost,"ThisCarCost,ThisCarDam",0.7667945101742505
PropCost,ILiCost,"Accident,ThisCarDam",0.0978267327639328
PropCost,ILiCost,"Accident,ThisCarDam",0.0978267327639328
PropCost,ILiCost,"Accident,ThisCarDam",0.0978267327639328
PropCost,ILiCost,"Accident,ThisCarDam",0.0978267327639328
PropCost,ILiCost,"Accident,ThisCarDam",0.0978267327639328
PropCost,ILiCost,"Accident,ThisCarDam",0.0978267327639328
PropCost,ILiCost,"Accident,ThisCarDam",0.0978267327639328
PropCost,ILiCost,"Accident,ThisCarDam",0.0978267327639328
OtherCarCost,MedCost,"ILiCost,ThisCarDam",0.19019713569477198
OtherCarCost,MedCost,"ILiCost,ThisCarDam",0.19019713569477198
OtherCarCost,MedCost,"ILiCost,ThisCarDam",0.19019713569477198
OtherCarCost,MedCost,"ILiCost,ThisCarDam",0.19019713569477198
OtherCarCost,MedCost,"ILiCost,ThisCarDam",0.19019713569477198
OtherCarCost,MedCost,"ILiCost,ThisCarDam",0.19019713569477198
OtherCarCost,MedCost,"ILiCost,ThisCarDam",0.19019713569477198
OtherCarCost,MedCost,"ILiCost,ThisCarDam",0.19019713569477198
OtherCarCost,MedCost,"ILiCost,ThisCarDam",0.19019713569477198
OtherCarCost,MedCost,"ILiCost,ThisCarDam",0.19019713569477198
OtherCarCost,MedCost,"ILiCost,ThisCarDam",0.19019713569477198
OtherCarCost,MedCost,"ILiCost,ThisCarDam",0.19019713569477198
OtherCarCost,ILiCost,"Accident,MedCost",0.013835088281731913
OtherCarCost,ILiCost,"Accident,MedCost",0.013835088281731913
OtherCarCost,ILiCost,"Accident,MedCost",0.013835088281731913
OtherCarCost,ILiCost,"Accident,MedCost",0.013835088281731913
OtherCarCost,ILiCost,"Accident,MedCost",0.013835088281731913
OtherCarCost,ILiCost,"Accident,MedCost",0.013835088281731913
OtherCarCost,ILiCost,"Accident,MedCost",0.013835088281731913
OtherCarCost,ILiCost,"Accident,MedCost",0.013835088281731913
OtherCarCost,ILiCost,"Accident,MedCost",0.013835088281731913
OtherCarCost,ILiCost,"Accident,MedCost",0.013835088281731913
OtherCarCost,ILiCost,"Accident,MedCost",0.013835088281731913
OtherCarCost,ILiCost,"Accident,MedCost",0.013835088281731913
OtherCarCost,ILiCost,"Accident,MedCost",0.013835088281731913
OtherCarCost,ILiCost,"Accident,MedCost",0.013835088281731913
OtherCarCost,ILiCost,"Accident,MedCost",0.013835088281731913
MedCost,Cushioning,"Accident,OtherCarCost",3.559627987432192e-117
MedCost,Cushioning,"Accident,OtherCarCost",3.559627987432192e-117
MedCost,Cushioning,"Accident,OtherCarCost",3.559627987432192e-117
MedCost,Cushioning,"Accident,OtherCarCost",3.559627987432192e-117
MedCost,Cushioning,"Accident,OtherCarCost",3.559627987432192e-117
MedCost,Cushioning,"Accident,OtherCarCost",3.559627987432192e-117
MedCost,Cushioning,"Accident,OtherCarCost",3.559627987432192e-117
MedCost,Cushioning,"Accident,OtherCarCost",3.559627987432192e-117
MedCost,Cushioning,"Accident,OtherCarCost",3.559627987432192e-117
MedCost,Cushioning,"Accident,OtherCarCost",3.559627987432192e-117
MedCost,Cushioning,"Accident,OtherCarCost",3.559627987432192e-117
MedCost,Cushioning,"Accident,OtherCarCost",3.559627987432192e-117
MedCost,Cushioning,"Accident,OtherCarCost",3.559627987432192e-117
MedCost,Cushioning,"Accident,OtherCarCost",3.559627987432192e-117
MedCost,Cushioning,"Accident,OtherCarCost",3.559627987432192e-117
Cushioning,Airbag,"CarValue,MedCost",4.266856494022557e-55
Cushioning,Airbag,"CarValue,MedCost",4.266856494022557e-55
Cushioning,Airbag,"CarValue,MedCost",4.266856494022557e-55
Cushioning,Airbag,"CarValue,MedCost",4.266856494022557e-55
Cushioning,Airbag,"CarValue,MedCost",4.266856494022557e-55
Cushioning,Airbag,"CarValue,MedCost",4.266856494022557e-55
Cushioning,Airbag,"CarValue,MedCost",4.266856494022557e-55
Cushioning,Airbag,"CarValue,MedCost",4.266856494022557e-55
Cushioning,Airbag,"CarValue,MedCost",4.266856494022557e-55
Cushioning,Airbag,"CarValue,MedCost",4.266856494022557e-55
Cushioning,Airbag,"CarValue,MedCost",4.266856494022557e-55
Cushioning,Airbag,"CarValue,MedCost",4.266856494022557e-55
Cushioning,Airbag,"CarValue,MedCost",4.266856494022557e-55
Cushioning,Airbag,"CarValue,MedCost",4.266856494022557e-55
Cushioning,Airbag,"CarValue,MedCost",4.266856494022557e-55
Age,SocioEcon,"GoodStudent,RiskAversion,SeniorTrain",0.0006646655473795595
Age,RiskAversion,"GoodStudent,SeniorTrain,SocioEcon",4.007012873784411e-10
Age,SeniorTrain,"GoodStudent,RiskAversion,SocioEcon",6.876966248718413e-65
SocioEcon,VehicleYear,"Airbag,Antilock,CarValue",0.22137195137181193
SocioEcon,VehicleYear,"Airbag,Antilock,CarValue",0.22137195137181193
SocioEcon,VehicleYear,"Airbag,Antilock,CarValue",0.22137195137181193
SocioEcon,VehicleYear,"Airbag,Antilock,CarValue",0.22137195137181193
SocioEcon,VehicleYear,"Airbag,Antilock,CarValue",0.22137195137181193
SocioEcon,VehicleYear,"Airbag,Antilock,CarValue",0.22137195137181193
SocioEcon,VehicleYear,"Airbag,Antilock,CarValue",0.22137195137181193
SocioEcon,VehicleYear,"Airbag,Antilock,CarValue",0.22137195137181193
SocioEcon,VehicleYear,"Airbag,Antilock,CarValue",0.22137195137181193
SocioEcon,VehicleYear,"Airbag,Antilock,CarValue",0.22137195137181193
SocioEcon,VehicleYear,"Airbag,Antilock,CarValue",0.22137195137181193
SocioEcon,VehicleYear,"Airbag,Antilock,CarValue",0.22137195137181193
SocioEcon,VehicleYear,"Airbag,Antilock,CarValue",0.22137195137181193
SocioEcon,VehicleYear,"Airbag,Antilock,CarValue",0.22137195137181193
SocioEcon,VehicleYear,"Airbag,Antilock,CarValue",0.22137195137181193
SocioEcon,VehicleYear,"Airbag,Antilock,CarValue",0.22137195137181193
SocioEcon,VehicleYear,"Airbag,Antilock,CarValue",0.22137195137181193
SocioEcon,VehicleYear,"Airbag,Antilock,CarValue",0.22137195137181193
SocioEcon,VehicleYear,"Airbag,Antilock,CarValue",0.22137195137181193
SocioEcon,VehicleYear,"Airbag,Antilock,CarValue",0.22137195137181193
SocioEcon,VehicleYear,"Airbag,Antilock,CarValue",0.22137195137181193
SocioEcon,VehicleYear,"Airbag,Antilock,CarValue",0.22137195137181193
SocioEcon,VehicleYear,"Airbag,Antilock,CarValue",0.22137195137181193
SocioEcon,VehicleYear,"Airbag,Antilock,CarValue",0.22137195137181193
SocioEcon,VehicleYear,"Airbag,Antilock,CarValue",0.22137195137181193
SocioEcon,VehicleYear,"Airbag,Antilock,CarValue",0.22137195137181193
SocioEcon,VehicleYear,"Airbag,Antilock,CarValue",0.22137195137181193
SocioEcon,VehicleYear,"Airbag,Antilock,CarValue",0.22137195137181193
SocioEcon,VehicleYear,"Airbag,Antilock,CarValue",0.22137195137181193
SocioEcon,VehicleYear,"Airbag,Antilock,CarValue",0.22137195137181193
SocioEcon,VehicleYear,"Airbag,Antilock,CarValue",0.22137195137181193
SocioEcon,VehicleYear,"Airbag,Antilock,CarValue",0.22137195137181193
SocioEcon,VehicleYear,"Airbag,Antilock,CarValue",0.22137195137181193
SocioEcon,VehicleYear,"Airbag,Antilock,CarValue",0.22137195137181193
SocioEcon,MakeModel,"CarValue,HomeBase,VehicleYear",9.394983113784719e-27
SocioEcon,MakeModel,"CarValue,HomeBase,VehicleYear",9.394983113784719e-27
SocioEcon,MakeModel,"CarValue,HomeBase,VehicleYear",9.394983113784719e-27
SocioEcon,MakeModel,"CarValue,HomeBase,VehicleYear",9.394983113784719e-27
SocioEcon,MakeModel,"CarValue,HomeBase,VehicleYear",9.394983113784719e-27
SocioEcon,MakeModel,"CarValue,HomeBase,VehicleYear",9.394983113784719e-27
SocioEcon,MakeModel,"CarValue,HomeBase,VehicleYear",9.394983113784719e-27
SocioEcon,MakeModel,"CarValue,HomeBase,VehicleYear",9.394983113784719e-27
SocioEcon,MakeModel,"CarValue,HomeBase,VehicleYear",9.394983113784719e-27
SocioEcon,MakeModel,"CarValue,HomeBase,VehicleYear",9.394983113784719e-27
SocioEcon,MakeModel,"CarValue,HomeBase,VehicleYear",9.394983113784719e-27
SocioEcon,MakeModel,"CarValue,HomeBase,VehicleYear",9.394983113784719e-27
SocioEcon,MakeModel,"CarValue,HomeBase,VehicleYear",9.394983113784719e-27
SocioEcon,MakeModel,"CarValue,HomeBase,VehicleYear",9.394983113784719e-27
SocioEcon,MakeModel,"CarValue,HomeBase,VehicleYear",9.394983113784719e-27
SocioEcon,MakeModel,"CarValue,HomeBase,VehicleYear",9.394983113784719e-27
SocioEcon,MakeModel,"CarValue,HomeBase,VehicleYear",9.394983113784719e-27
SocioEcon,MakeModel,"CarValue,HomeBase,VehicleYear",9.394983113784719e-27
SocioEcon,MakeModel,"CarValue,HomeBase,VehicleYear",9.394983113784719e-27
SocioEcon,MakeModel,"CarValue,HomeBase,VehicleYear",9.394983113784719e-27
SocioEcon,MakeModel,"CarValue,HomeBase,VehicleYear",9.394983113784719e-27
SocioEcon,MakeModel,"CarValue,HomeBase,VehicleYear",9.394983113784719e-27
SocioEcon,MakeModel,"CarValue,HomeBase,VehicleYear",9.394983113784719e-27
SocioEcon,MakeModel,"CarValue,HomeBase,VehicleYear",9.394983113784719e-27
SocioEcon,MakeModel,"CarValue,HomeBase,VehicleYear",9.394983113784719e-27
SocioEcon,MakeModel,"CarValue,HomeBase,VehicleYear",9.394983113784719e-27
SocioEcon,MakeModel,"CarValue,HomeBase,VehicleYear",9.394983113784719e-27
SocioEcon,MakeModel,"CarValue,HomeBase,VehicleYear",9.394983113784719e-27
SocioEcon,MakeModel,"CarValue,HomeBase,VehicleYear",9.394983113784719e-27
SocioEcon,MakeModel,"CarValue,HomeBase,VehicleYear",9.394983113784719e-27
SocioEcon,MakeModel,"CarValue,HomeBase,VehicleYear",9.394983113784719e-27
SocioEcon,MakeModel,"CarValue,HomeBase,VehicleYear",9.394983113784719e-27
SocioEcon,MakeModel,"CarValue,HomeBase,VehicleYear",9.394983113784719e-27
SocioEcon,MakeModel,"CarValue,HomeBase,VehicleYear",9.394983113784719e-27
SocioEcon,MakeModel,"CarValue,HomeBase,VehicleYear",9.394983113784719e-27
SocioEcon,MakeModel,"CarValue,HomeBase,VehicleYear",9.394983113784719e-27
SocioEcon,MakeModel,"CarValue,HomeBase,VehicleYear",9.394983113784719e-27
SocioEcon,MakeModel,"CarValue,HomeBase,VehicleYear",9.394983113784719e-27
SocioEcon,MakeModel,"CarValue,HomeBase,VehicleYear",9.394983113784719e-27
SocioEcon,MakeModel,"CarValue,HomeBase,VehicleYear",9.394983113784719e-27
SocioEcon,MakeModel,"CarValue,HomeBase,VehicleYear",9.394983113784719e-27
SocioEcon,MakeModel,"CarValue,HomeBase,VehicleYear",9.394983113784719e-27
SocioEcon,MakeModel,"CarValue,HomeBase,VehicleYear",9.394983113784719e-27
SocioEcon,MakeModel,"CarValue,HomeBase,VehicleYear",9.394983113784719e-27
SocioEcon,MakeModel,"CarValue,HomeBase,VehicleYear",9.394983113784719e-27
SocioEcon,MakeModel,"CarValue,HomeBase,VehicleYear",9.394983113784719e-27
SocioEcon,MakeModel,"CarValue,HomeBase,VehicleYear",9.394983113784719e-27
SocioEcon,MakeModel,"CarValue,HomeBase,VehicleYear",9.394983113784719e-27
SocioEcon,MakeModel,"CarValue,HomeBase,VehicleYear",9.394983113784719e-27
SocioEcon,MakeModel,"CarValue,HomeBase,VehicleYear",9.394983113784719e-27
SocioEcon,MakeModel,"CarValue,HomeBase,VehicleYear",9.394983113784719e-27
SocioEcon,MakeModel,"CarValue,HomeBase,VehicleYear",9.394983113784719e-27
SocioEcon,MakeModel,"CarValue,HomeBase,VehicleYear",9.394983113784719e-27
SocioEcon,MakeModel,"CarValue,HomeBase,VehicleYear",9.394983113784719e-27
SocioEcon,MakeModel,"CarValue,HomeBase,VehicleYear",9.394983113784719e-27
SocioEcon,MakeModel,"CarValue,HomeBase,VehicleYear",9.394983113784719e-27
SocioEcon,MakeModel,"CarValue,HomeBase,VehicleYear",9.394983113784719e-27
SocioEcon,MakeModel,"CarValue,HomeBase,VehicleYear",9.394983113784719e-27
SocioEcon,MakeModel,"CarValue,HomeBase,VehicleYear",9.394983113784719e-27
SocioEcon,MakeModel,"CarValue,HomeBase,VehicleYear",9.394983113784719e-27
SocioEcon,MakeModel,"CarValue,HomeBase,VehicleYear",9.394983113784719e-27
SocioEcon,MakeModel,"CarValue,HomeBase,VehicleYear",9.394983113784719e-27
SocioEcon,MakeModel,"CarValue,HomeBase,VehicleYear",9.394983113784719e-27
SocioEcon,MakeModel,"CarValue,HomeBase,VehicleYear",9.394983113784719e-27
SocioEcon,MakeModel,"CarValue,HomeBase,VehicleYear",9.394983113784719e-27
SocioEcon,MakeModel,"CarValue,HomeBase,VehicleYear",9.394983113784719e-27
SocioEcon,MakeModel,"CarValue,HomeBase,VehicleYear",9.394983113784719e-27
SocioEcon,MakeModel,"CarValue,HomeBase,VehicleYear",9.394983113784719e-27
SocioEcon,MakeModel,"CarValue,HomeBase,VehicleYear",9.394983113784719e-27
SocioEcon,MakeModel,"CarValue,HomeBase,VehicleYear",9.394983113784719e-27
SocioEcon,MakeModel,"CarValue,HomeBase,VehicleYear",9.394983113784719e-27
SocioEcon,MakeModel,"CarValue,HomeBase,VehicleYear",9.394983113784719e-27
SocioEcon,MakeModel,"CarValue,HomeBase,VehicleYear",9.394983113784719e-27
SocioEcon,MakeModel,"CarValue,HomeBase,VehicleYear",9.394983113784719e-27
SocioEcon,MakeModel,"CarValue,HomeBase,VehicleYear",9.394983113784719e-27
SocioEcon,MakeModel,"CarValue,HomeBase,VehicleYear",9.394983113784719e-27
SocioEcon,MakeModel,"CarValue,HomeBase,VehicleYear",9.394983113784719e-27
SocioEcon,MakeModel,"CarValue,HomeBase,VehicleYear",9.394983113784719e-27
SocioEcon,MakeModel,"CarValue,HomeBase,VehicleYear",9.394983113784719e-27
SocioEcon,MakeModel,"CarValue,HomeBase,VehicleYear",9.394983113784719e-27
SocioEcon,MakeModel,"CarValue,HomeBase,VehicleYear",9.394983113784719e-27
SocioEcon,MakeModel,"CarValue,HomeBase,VehicleYear",9.394983113784719e-27
SocioEcon,MakeModel,"CarValue,HomeBase,VehicleYear",9.394983113784719e-27
SocioEcon,MakeModel,"CarValue,HomeBase,VehicleYear",9.394983113784719e-27
SocioEcon,Antilock,"Airbag,MakeModel,VehicleYear",0.05910711799127077
SocioEcon,Antilock,"Airbag,MakeModel,VehicleYear",0.05910711799127077
SocioEcon,Antilock,"Airbag,MakeModel,VehicleYear",0.05910711799127077
SocioEcon,Antilock,"Airbag,MakeModel,VehicleYear",0.05910711799127077
SocioEcon,Antilock,"Airbag,MakeModel,VehicleYear",0.05910711799127077
SocioEcon,Antilock,"Airbag,MakeModel,VehicleYear",0.05910711799127077
SocioEcon,CarValue,"Antilock,MakeModel,VehicleYear",0.9542392892499123
SocioEcon,CarValue,"Antilock,MakeModel,VehicleYear",0.9542392892499123
SocioEcon,CarValue,"Antilock,MakeModel,VehicleYear",0.9542392892499123
SocioEcon,CarValue,"Antilock,MakeModel,VehicleYear",0.9542392892499123
SocioEcon,CarValue,"Antilock,MakeModel,VehicleYear",0.9542392892499123
SocioEcon,CarValue,"Antilock,MakeModel,VehicleYear",0.9542392892499123
SocioEcon,CarValue,"Antilock,MakeModel,VehicleYear",0.9542392892499123
SocioEcon,HomeBase,"CarValue,OtherCar,VehicleYear",0.0
SocioEcon,HomeBase,"CarValue,OtherCar,VehicleYear",0.0
SocioEcon,HomeBase,"CarValue,OtherCar,VehicleYear",0.0
SocioEcon,HomeBase,"CarValue,OtherCar,VehicleYear",0.0
SocioEcon,HomeBase,"CarValue,OtherCar,VehicleYear",0.0
SocioEcon,HomeBase,"CarValue,OtherCar,VehicleYear",0.0
SocioEcon,HomeBase,"CarValue,OtherCar,VehicleYear",0.0
SocioEcon,HomeBase,"CarValue,OtherCar,VehicleYear",0.0
SocioEcon,HomeBase,"CarValue,OtherCar,VehicleYear",0.0
SocioEcon,HomeBase,"CarValue,OtherCar,VehicleYear",0.0
SocioEcon,HomeBase,"CarValue,OtherCar,VehicleYear",0.0
SocioEcon,HomeBase,"CarValue,OtherCar,VehicleYear",0.0
SocioEcon,HomeBase,"CarValue,OtherCar,VehicleYear",0.0
SocioEcon,HomeBase,"CarValue,OtherCar,VehicleYear",0.0
SocioEcon,HomeBase,"CarValue,OtherCar,VehicleYear",0.0
SocioEcon,HomeBase,"CarValue,OtherCar,VehicleYear",0.0
SocioEcon,HomeBase,"CarValue,OtherCar,VehicleYear",0.0
SocioEcon,HomeBase,"CarValue,OtherCar,VehicleYear",0.0
SocioEcon,HomeBase,"CarValue,OtherCar,VehicleYear",0.0
SocioEcon,HomeBase,"CarValue,OtherCar,VehicleYear",0.0
SocioEcon,HomeBase,"CarValue,OtherCar,VehicleYear",0.0
SocioEcon,HomeBase,"CarValue,OtherCar,VehicleYear",0.0
SocioEcon,HomeBase,"CarValue,OtherCar,VehicleYear",0.0
SocioEcon,HomeBase,"CarValue,OtherCar,VehicleYear",0.0
SocioEcon,HomeBase,"CarValue,OtherCar,VehicleYear",0.0
SocioEcon,HomeBase,"CarValue,OtherCar,VehicleYear",0.0
SocioEcon,HomeBase,"CarValue,OtherCar,VehicleYear",0.0
SocioEcon,HomeBase,"CarValue,OtherCar,VehicleYear",0.0
SocioEcon,HomeBase,"CarValue,OtherCar,VehicleYear",0.0
SocioEcon,HomeBase,"CarValue,OtherCar,VehicleYear",0.0
SocioEcon,HomeBase,"CarValue,OtherCar,VehicleYear",0.0
SocioEcon,HomeBase,"CarValue,OtherCar,VehicleYear",0.0
SocioEcon,HomeBase,"CarValue,OtherCar,VehicleYear",0.0
SocioEcon,HomeBase,"CarValue,OtherCar,VehicleYear",0.0
SocioEcon,HomeBase,"CarValue,OtherCar,VehicleYear",0.0
SocioEcon,HomeBase,"CarValue,OtherCar,VehicleYear",0.0
SocioEcon,HomeBase,"CarValue,OtherCar,VehicleYear",0.0
SocioEcon,HomeBase,"CarValue,OtherCar,VehicleYear",0.0
SocioEcon,HomeBase,"CarValue,OtherCar,VehicleYear",0.0
SocioEcon,HomeBase,"CarValue,OtherCar,VehicleYear",0.0
SocioEcon,HomeBase,"CarValue,OtherCar,VehicleYear",0.0
SocioEcon,HomeBase,"CarValue,OtherCar,VehicleYear",0.0
SocioEcon,HomeBase,"CarValue,OtherCar,VehicleYear",0.0
SocioEcon,HomeBase,"CarValue,OtherCar,VehicleYear",0.0
SocioEcon,HomeBase,"CarValue,OtherCar,VehicleYear",0.0
SocioEcon,HomeBase,"CarValue,OtherCar,VehicleYear",0.0
SocioEcon,HomeBase,"CarValue,OtherCar,VehicleYear",0.0
SocioEcon,HomeBase,"CarValue,OtherCar,VehicleYear",0.0
SocioEcon,HomeBase,"CarValue,OtherCar,VehicleYear",0.0
SocioEcon,HomeBase,"CarValue,OtherCar,VehicleYear",0.0
SocioEcon,HomeBase,"CarValue,OtherCar,VehicleYear",0.0
SocioEcon,HomeBase,"CarValue,OtherCar,VehicleYear",0.0
SocioEcon,HomeBase,"CarValue,OtherCar,VehicleYear",0.0
SocioEcon,HomeBase,"CarValue,OtherCar,VehicleYear",0.0
SocioEcon,HomeBase,"CarValue,OtherCar,VehicleYear",0.0
SocioEcon,HomeBase,"CarValue,OtherCar,VehicleYear",0.0
SocioEcon,HomeBase,"CarValue,OtherCar,VehicleYear",0.0
SocioEcon,HomeBase,"CarValue,OtherCar,VehicleYear",0.0
SocioEcon,HomeBase,"CarValue,OtherCar,VehicleYear",0.0
SocioEcon,HomeBase,"CarValue,OtherCar,VehicleYear",0.0
SocioEcon,HomeBase,"CarValue,OtherCar,VehicleYear",0.0
SocioEcon,HomeBase,"CarValue,OtherCar,VehicleYear",0.0
SocioEcon,HomeBase,"CarValue,OtherCar,VehicleYear",0.0
SocioEcon,HomeBase,"CarValue,OtherCar,VehicleYear",0.0
SocioEcon,HomeBase,"CarValue,OtherCar,VehicleYear",0.0
SocioEcon,HomeBase,"CarValue,OtherCar,VehicleYear",0.0
SocioEcon,HomeBase,"CarValue,OtherCar,VehicleYear",0.0
SocioEcon,HomeBase,"CarValue,OtherCar,VehicleYear",0.0
SocioEcon,HomeBase,"CarValue,OtherCar,VehicleYear",0.0
SocioEcon,HomeBase,"CarValue,OtherCar,VehicleYear",0.0
SocioEcon,HomeBase,"CarValue,OtherCar,VehicleYear",0.0
SocioEcon,HomeBase,"CarValue,OtherCar,VehicleYear",0.0
SocioEcon,HomeBase,"CarValue,OtherCar,VehicleYear",0.0
SocioEcon,HomeBase,"CarValue,OtherCar,VehicleYear",0.0
SocioEcon,HomeBase,"CarValue,OtherCar,VehicleYear",0.0
SocioEcon,HomeBase,"CarValue,OtherCar,VehicleYear",0.0
SocioEcon,HomeBase,"CarValue,OtherCar,VehicleYear",0.0
SocioEcon,HomeBase,"CarValue,OtherCar,VehicleYear",0.0
SocioEcon,HomeBase,"CarValue,OtherCar,VehicleYear",0.0
SocioEcon,HomeBase,"CarValue,OtherCar,VehicleYear",0.0
SocioEcon,HomeBase,"CarValue,OtherCar,VehicleYear",0.0
SocioEcon,HomeBase,"CarValue,OtherCar,VehicleYear",0.0
SocioEcon,HomeBase,"CarValue,OtherCar,VehicleYear",0.0
SocioEcon,HomeBase,"CarValue,OtherCar,VehicleYear",0.0
SocioEcon,AntiTheft,"Age,HomeBase,MakeModel",0.4386690874484867
SocioEcon,AntiTheft,"Age,HomeBase,MakeModel",0.4386690874484867
SocioEcon,AntiTheft,"Age,HomeBase,MakeModel",0.4386690874484867
SocioEcon,AntiTheft,"Age,HomeBase,MakeModel",0.4386690874484867
SocioEcon,AntiTheft,"Age,HomeBase,MakeModel",0.4386690874484867
SocioEcon,AntiTheft,"Age,HomeBase,MakeModel",0.4386690874484867
SocioEcon,AntiTheft,"Age,HomeBase,MakeModel",0.4386690874484867
SocioEcon,AntiTheft,"Age,HomeBase,MakeModel",0.4386690874484867
SocioEcon,AntiTheft,"Age,HomeBase,MakeModel",0.4386690874484867
SocioEcon,AntiTheft,"Age,HomeBase,MakeModel",0.4386690874484867
SocioEcon,AntiTheft,"Age,HomeBase,MakeModel",0.4386690874484867
SocioEcon,AntiTheft,"Age,HomeBase,MakeModel",0.4386690874484867
SocioEcon,AntiTheft,"Age,HomeBase,MakeModel",0.4386690874484867
SocioEcon,AntiTheft,"Age,HomeBase,MakeModel",0.4386690874484867
SocioEcon,AntiTheft,"Age,HomeBase,MakeModel",0.4386690874484867
SocioEcon,AntiTheft,"Age,HomeBase,MakeModel",0.4386690874484867
SocioEcon,AntiTheft,"Age,HomeBase,MakeModel",0.4386690874484867
SocioEcon,AntiTheft,"Age,HomeBase,MakeModel",0.4386690874484867
SocioEcon,AntiTheft,"Age,HomeBase,MakeModel",0.4386690874484867
SocioEcon,AntiTheft,"Age,HomeBase,MakeModel",0.4386690874484867
SocioEcon,OtherCar,"Age,HomeBase,MakeModel",0.08695778195730343
SocioEcon,OtherCar,"Age,HomeBase,MakeModel",0.08695778195730343
SocioEcon,OtherCar,"Age,HomeBase,MakeModel",0.08695778195730343
SocioEcon,OtherCar,"Age,HomeBase,MakeModel",0.08695778195730343
SocioEcon,OtherCar,"Age,HomeBase,MakeModel",0.08695778195730343
SocioEcon,OtherCar,"Age,HomeBase,MakeModel",0.08695778195730343
SocioEcon,OtherCar,"Age,HomeBase,MakeModel",0.08695778195730343
SocioEcon,OtherCar,"Age,HomeBase,MakeModel",0.08695778195730343
SocioEcon,OtherCar,"Age,HomeBase,MakeModel",0.08695778195730343
SocioEcon,OtherCar,"Age,HomeBase,MakeModel",0.08695778195730343
SocioEcon,OtherCar,"Age,HomeBase,MakeModel",0.08695778195730343
SocioEcon,OtherCar,"Age,HomeBase,MakeModel",0.08695778195730343
SocioEcon,OtherCar,"Age,HomeBase,MakeModel",0.08695778195730343
SocioEcon,OtherCar,"Age,HomeBase,MakeModel",0.08695778195730343
SocioEcon,OtherCar,"Age,HomeBase,MakeModel",0.08695778195730343
SocioEcon,OtherCar,"Age,HomeBase,MakeModel",0.08695778195730343
SocioEcon,OtherCar,"Age,HomeBase,MakeModel",0.08695778195730343
SocioEcon,OtherCar,"Age,HomeBase,MakeModel",0.08695778195730343
SocioEcon,OtherCar,"Age,HomeBase,MakeModel",0.08695778195730343
SocioEcon,OtherCar,"Age,HomeBase,MakeModel",0.08695778195730343
SocioEcon,OtherCar,"Age,HomeBase,MakeModel",0.08695778195730343
SocioEcon,OtherCar,"Age,HomeBase,MakeModel",0.08695778195730343
SocioEcon,OtherCar,"Age,HomeBase,MakeModel",0.08695778195730343
SocioEcon,Airbag,"Antilock,MakeModel,VehicleYear",0.6853916041153241
SocioEcon,Airbag,"Antilock,MakeModel,VehicleYear",0.6853916041153241
SocioEcon,Airbag,"Antilock,MakeModel,VehicleYear",0.6853916041153241
SocioEcon,Airbag,"Antilock,MakeModel,VehicleYear",0.6853916041153241
SocioEcon,Airbag,"Antilock,MakeModel,VehicleYear",0.6853916041153241
SocioEcon,Airbag,"Antilock,MakeModel,VehicleYear",0.6853916041153241
RiskAversion,DrivQuality,"Age,HomeBase,SeniorTrain",0.15103673583274765
RiskAversion,DrivQuality,"Age,HomeBase,SeniorTrain",0.15103673583274765
RiskAversion,DrivQuality,"Age,HomeBase,SeniorTrain",0.15103673583274765
RiskAversion,DrivQuality,"Age,HomeBase,SeniorTrain",0.15103673583274765
RiskAversion,DrivQuality,"Age,HomeBase,SeniorTrain",0.15103673583274765
RiskAversion,DrivQuality,"Age,HomeBase,SeniorTrain",0.15103673583274765
RiskAversion,DrivQuality,"Age,HomeBase,SeniorTrain",0.15103673583274765
RiskAversion,DrivQuality,"Age,HomeBase,SeniorTrain",0.15103673583274765
RiskAversion,DrivQuality,"Age,HomeBase,SeniorTrain",0.15103673583274765
RiskAversion,DrivQuality,"Age,HomeBase,SeniorTrain",0.15103673583274765
RiskAversion,DrivQuality,"Age,HomeBase,SeniorTrain",0.15103673583274765
RiskAversion,DrivQuality,"Age,HomeBase,SeniorTrain",0.15103673583274765
RiskAversion,DrivQuality,"Age,HomeBase,SeniorTrain",0.15103673583274765
RiskAversion,DrivQuality,"Age,HomeBase,SeniorTrain",0.15103673583274765
RiskAversion,DrivQuality,"Age,HomeBase,SeniorTrain",0.15103673583274765
RiskAversion,DrivQuality,"Age,HomeBase,SeniorTrain",0.15103673583274765
RiskAversion,DrivQuality,"Age,HomeBase,SeniorTrain",0.15103673583274765
RiskAversion,DrivQuality,"Age,HomeBase,SeniorTrain",0.15103673583274765
RiskAversion,DrivingSkill,"DrivHist,HomeBase,SeniorTrain",1.4576110739605e-110
RiskAversion,DrivingSkill,"DrivHist,HomeBase,SeniorTrain",1.4576110739605e-110
RiskAversion,DrivingSkill,"DrivHist,HomeBase,SeniorTrain",1.4576110739605e-110
RiskAversion,DrivingSkill,"DrivHist,HomeBase,SeniorTrain",1.4576110739605e-110
RiskAversion,DrivingSkill,"DrivHist,HomeBase,SeniorTrain",1.4576110739605e-110
RiskAversion,DrivingSkill,"DrivHist,HomeBase,SeniorTrain",1.4576110739605e-110
RiskAversion,DrivingSkill,"DrivHist,HomeBase,SeniorTrain",1.4576110739605e-110
RiskAversion,DrivingSkill,"DrivHist,HomeBase,SeniorTrain",1.4576110739605e-110
RiskAversion,DrivingSkill,"DrivHist,HomeBase,SeniorTrain",1.4576110739605e-110
RiskAversion,DrivingSkill,"DrivHist,HomeBase,SeniorTrain",1.4576110739605e-110
RiskAversion,DrivingSkill,"DrivHist,HomeBase,SeniorTrain",1.4576110739605e-110
RiskAversion,DrivingSkill,"DrivHist,HomeBase,SeniorTrain",1.4576110739605e-110
RiskAversion,DrivingSkill,"DrivHist,HomeBase,SeniorTrain",1.4576110739605e-110
RiskAversion,DrivingSkill,"DrivHist,HomeBase,SeniorTrain",1.4576110739605e-110
RiskAversion,DrivingSkill,"DrivHist,HomeBase,SeniorTrain",1.4576110739605e-110
RiskAversion,DrivingSkill,"DrivHist,HomeBase,SeniorTrain",1.4576110739605e-110
RiskAversion,DrivingSkill,"DrivHist,HomeBase,SeniorTrain",1.4576110739605e-110
RiskAversion,DrivingSkill,"DrivHist,HomeBase,SeniorTrain",1.4576110739605e-110
RiskAversion,DrivingSkill,"DrivHist,HomeBase,SeniorTrain",1.4576110739605e-110
RiskAversion,DrivingSkill,"DrivHist,HomeBase,SeniorTrain",1.4576110739605e-110
RiskAversion,SeniorTrain,"DrivHist,DrivQuality,HomeBase",1.2356387036718242e-06
RiskAversion,SeniorTrain,"DrivHist,DrivQuality,HomeBase",1.2356387036718242e-06
RiskAversion,SeniorTrain,"DrivHist,DrivQuality,HomeBase",1.2356387036718242e-06
RiskAversion,SeniorTrain,"DrivHist,DrivQuality,HomeBase",1.2356387036718242e-06
RiskAversion,SeniorTrain,"DrivHist,DrivQuality,HomeBase",1.2356387036718242e-06
RiskAversion,SeniorTrain,"DrivHist,DrivQuality,HomeBase",1.2356387036718242e-06
RiskAversion,SeniorTrain,"DrivHist,DrivQuality,HomeBase",1.2356387036718242e-06
RiskAversion,SeniorTrain,"DrivHist,DrivQuality,HomeBase",1.2356387036718242e-06
RiskAversion,SeniorTrain,"DrivHist,DrivQuality,HomeBase",1.2356387036718242e-06
RiskAversion,SeniorTrain,"DrivHist,DrivQuality,HomeBase",1.2356387036718242e-06
RiskAversion,SeniorTrain,"DrivHist,DrivQuality,HomeBase",1.2356387036718242e-06
RiskAversion,SeniorTrain,"DrivHist,DrivQuality,HomeBase",1.2356387036718242e-06
RiskAversion,SeniorTrain,"DrivHist,DrivQuality,HomeBase",1.2356387036718242e-06
RiskAversion,SeniorTrain,"DrivHist,DrivQuality,HomeBase",1.2356387036718242e-06
RiskAversion,SeniorTrain,"DrivHist,DrivQuality,HomeBase",1.2356387036718242e-06
RiskAversion,SeniorTrain,"DrivHist,DrivQuality,HomeBase",1.2356387036718242e-06
RiskAversion,SeniorTrain,"DrivHist,DrivQuality,HomeBase",1.2356387036718242e-06
RiskAversion,SeniorTrain,"DrivHist,DrivQuality,HomeBase",1.2356387036718242e-06
RiskAversion,SeniorTrain,"DrivHist,DrivQuality,HomeBase",1.2356387036718242e-06
RiskAversion,SeniorTrain,"DrivHist,DrivQuality,HomeBase",1.2356387036718242e-06
RiskAversion,HomeBase,"DrivHist,DrivQuality,SeniorTrain",1.378613835768818e-97
RiskAversion,HomeBase,"DrivHist,DrivQuality,SeniorTrain",1.378613835768818e-97
RiskAversion,HomeBase,"DrivHist,DrivQuality,SeniorTrain",1.378613835768818e-97
RiskAversion,HomeBase,"DrivHist,DrivQuality,SeniorTrain",1.378613835768818e-97
RiskAversion,HomeBase,"DrivHist,DrivQuality,SeniorTrain",1.378613835768818e-97
RiskAversion,HomeBase,"DrivHist,DrivQuality,SeniorTrain",1.378613835768818e-97
RiskAversion,HomeBase,"DrivHist,DrivQuality,SeniorTrain",1.378613835768818e-97
RiskAversion,HomeBase,"DrivHist,DrivQuality,SeniorTrain",1.378613835768818e-97
RiskAversion,HomeBase,"DrivHist,DrivQuality,SeniorTrain",1.378613835768818e-97
RiskAversion,HomeBase,"DrivHist,DrivQuality,SeniorTrain",1.378613835768818e-97
RiskAversion,HomeBase,"DrivHist,DrivQuality,SeniorTrain",1.378613835768818e-97
RiskAversion,HomeBase,"DrivHist,DrivQuality,SeniorTrain",1.378613835768818e-97
RiskAversion,HomeBase,"DrivHist,DrivQuality,SeniorTrain",1.378613835768818e-97
RiskAversion,HomeBase,"DrivHist,DrivQuality,SeniorTrain",1.378613835768818e-97
RiskAversion,HomeBase,"DrivHist,DrivQuality,SeniorTrain",1.378613835768818e-97
RiskAversion,HomeBase,"DrivHist,DrivQuality,SeniorTrain",1.378613835768818e-97
RiskAversion,HomeBase,"DrivHist,DrivQuality,SeniorTrain",1.378613835768818e-97
RiskAversion,HomeBase,"DrivHist,DrivQuality,SeniorTrain",1.378613835768818e-97
RiskAversion,HomeBase,"DrivHist,DrivQuality,SeniorTrain",1.378613835768818e-97
RiskAversion,HomeBase,"DrivHist,DrivQuality,SeniorTrain",1.378613835768818e-97
RiskAversion,AntiTheft,"DrivHist,HomeBase,SeniorTrain",5.0214954505077183e-231
RiskAversion,AntiTheft,"DrivHist,HomeBase,SeniorTrain",5.0214954505077183e-231
RiskAversion,AntiTheft,"DrivHist,HomeBase,SeniorTrain",5.0214954505077183e-231
RiskAversion,AntiTheft,"DrivHist,HomeBase,SeniorTrain",5.0214954505077183e-231
RiskAversion,AntiTheft,"DrivHist,HomeBase,SeniorTrain",5.0214954505077183e-231
RiskAversion,AntiTheft,"DrivHist,HomeBase,SeniorTrain",5.0214954505077183e-231
RiskAversion,AntiTheft,"DrivHist,HomeBase,SeniorTrain",5.0214954505077183e-231
RiskAversion,AntiTheft,"DrivHist,HomeBase,SeniorTrain",5.0214954505077183e-231
RiskAversion,AntiTheft,"DrivHist,HomeBase,SeniorTrain",5.0214954505077183e-231
RiskAversion,AntiTheft,"DrivHist,HomeBase,SeniorTrain",5.0214954505077183e-231
RiskAversion,AntiTheft,"DrivHist,HomeBase,SeniorTrain",5.0214954505077183e-231
RiskAversion,AntiTheft,"DrivHist,HomeBase,SeniorTrain",5.0214954505077183e-231
RiskAversion,AntiTheft,"DrivHist,HomeBase,SeniorTrain",5.0214954505077183e-231
RiskAversion,AntiTheft,"DrivHist,HomeBase,SeniorTrain",5.0214954505077183e-231
RiskAversion,AntiTheft,"DrivHist,HomeBase,SeniorTrain",5.0214954505077183e-231
RiskAversion,AntiTheft,"DrivHist,HomeBase,SeniorTrain",5.0214954505077183e-231
RiskAversion,AntiTheft,"DrivHist,HomeBase,SeniorTrain",5.0214954505077183e-231
RiskAversion,AntiTheft,"DrivHist,HomeBase,SeniorTrain",5.0214954505077183e-231
RiskAversion,AntiTheft,"DrivHist,HomeBase,SeniorTrain",5.0214954505077183e-231
RiskAversion,AntiTheft,"DrivHist,HomeBase,SeniorTrain",5.0214954505077183e-231
RiskAversion,DrivHist,"DrivQuality,HomeBase,SeniorTrain",5.496933736592168e-39
RiskAversion,DrivHist,"DrivQuality,HomeBase,SeniorTrain",5.496933736592168e-39
RiskAversion,DrivHist,"DrivQuality,HomeBase,SeniorTrain",5.496933736592168e-39
RiskAversion,DrivHist,"DrivQuality,HomeBase,SeniorTrain",5.496933736592168e-39
RiskAversion,DrivHist,"DrivQuality,HomeBase,SeniorTrain",5.496933736592168e-39
RiskAversion,DrivHist,"DrivQuality,HomeBase,SeniorTrain",5.496933736592168e-39
RiskAversion,DrivHist,"DrivQuality,HomeBase,SeniorTrain",5.496933736592168e-39
RiskAversion,DrivHist,"DrivQuality,HomeBase,SeniorTrain",5.496933736592168e-39
RiskAversion,DrivHist,"DrivQuality,HomeBase,SeniorTrain",5.496933736592168e-39
RiskAversion,DrivHist,"DrivQuality,HomeBase,SeniorTrain",5.496933736592168e-39
RiskAversion,DrivHist,"DrivQuality,HomeBase,SeniorTrain",5.496933736592168e-39
RiskAversion,DrivHist,"DrivQuality,HomeBase,SeniorTrain",5.496933736592168e-39
RiskAversion,DrivHist,"DrivQuality,HomeBase,SeniorTrain",5.496933736592168e-39
RiskAversion,DrivHist,"DrivQuality,HomeBase,SeniorTrain",5.496933736592168e-39
RiskAversion,DrivHist,"DrivQuality,HomeBase,SeniorTrain",5.496933736592168e-39
RiskAversion,DrivHist,"DrivQuality,HomeBase,SeniorTrain",5.496933736592168e-39
RiskAversion,DrivHist,"DrivQuality,HomeBase,SeniorTrain",5.496933736592168e-39
RiskAversion,DrivHist,"DrivQuality,HomeBase,SeniorTrain",5.496933736592168e-39
RiskAversion,DrivHist,"DrivQuality,HomeBase,SeniorTrain",5.496933736592168e-39
RiskAversion,DrivHist,"DrivQuality,HomeBase,SeniorTrain",5.496933736592168e-39
VehicleYear,RuggedAuto,"Airbag,CarValue,SocioEcon",0.36460216256074446
VehicleYear,RuggedAuto,"Airbag,CarValue,SocioEcon",0.36460216256074446
VehicleYear,RuggedAuto,"Airbag,CarValue,SocioEcon",0.36460216256074446
VehicleYear,RuggedAuto,"Airbag,CarValue,SocioEcon",0.36460216256074446
VehicleYear,RuggedAuto,"Airbag,CarValue,SocioEcon",0.36460216256074446
VehicleYear,RuggedAuto,"Airbag,CarValue,SocioEcon",0.36460216256074446
VehicleYear,RuggedAuto,"Airbag,CarValue,SocioEcon",0.36460216256074446
VehicleYear,RuggedAuto,"Airbag,CarValue,SocioEcon",0.36460216256074446
VehicleYear,RuggedAuto,"Airbag,CarValue,SocioEcon",0.36460216256074446
VehicleYear,RuggedAuto,"Airbag,CarValue,SocioEcon",0.36460216256074446
VehicleYear,Antilock,"Airbag,CarValue,RuggedAuto",1.2336922932513523e-19
VehicleYear,Antilock,"Airbag,CarValue,RuggedAuto",1.2336922932513523e-19
VehicleYear,Antilock,"Airbag,CarValue,RuggedAuto",1.2336922932513523e-19
VehicleYear,Antilock,"Airbag,CarValue,RuggedAuto",1.2336922932513523e-19
VehicleYear,Antilock,"Airbag,CarValue,RuggedAuto",1.2336922932513523e-19
VehicleYear,Antilock,"Airbag,CarValue,RuggedAuto",1.2336922932513523e-19
VehicleYear,Antilock,"Airbag,CarValue,RuggedAuto",1.2336922932513523e-19
VehicleYear,Antilock,"Airbag,CarValue,RuggedAuto",1.2336922932513523e-19
VehicleYear,Antilock,"Airbag,CarValue,RuggedAuto",1.2336922932513523e-19
VehicleYear,Antilock,"Airbag,CarValue,RuggedAuto",1.2336922932513523e-19
VehicleYear,CarValue,"Airbag,RuggedAuto,SocioEcon",1.0819509078739257e-67
VehicleYear,CarValue,"Airbag,RuggedAuto,SocioEcon",1.0819509078739257e-67
VehicleYear,CarValue,"Airbag,RuggedAuto,SocioEcon",1.0819509078739257e-67
VehicleYear,CarValue,"Airbag,RuggedAuto,SocioEcon",1.0819509078739257e-67
VehicleYear,CarValue,"Airbag,RuggedAuto,SocioEcon",1.0819509078739257e-67
VehicleYear,CarValue,"Airbag,RuggedAuto,SocioEcon",1.0819509078739257e-67
VehicleYear,CarValue,"Airbag,RuggedAuto,SocioEcon",1.0819509078739257e-67
VehicleYear,CarValue,"Airbag,RuggedAuto,SocioEcon",1.0819509078739257e-67
VehicleYear,CarValue,"Airbag,RuggedAuto,SocioEcon",1.0819509078739257e-67
VehicleYear,CarValue,"Airbag,RuggedAuto,SocioEcon",1.0819509078739257e-67
VehicleYear,Cushioning,"Airbag,Antilock,SocioEcon",0.23594674497841372
VehicleYear,Cushioning,"Airbag,Antilock,SocioEcon",0.23594674497841372
VehicleYear,Airbag,"CarValue,RuggedAuto,SocioEcon",1.7395301304740072e-229
VehicleYear,Airbag,"CarValue,RuggedAuto,SocioEcon",1.7395301304740072e-229
VehicleYear,Airbag,"CarValue,RuggedAuto,SocioEcon",1.7395301304740072e-229
VehicleYear,Airbag,"CarValue,RuggedAuto,SocioEcon",1.7395301304740072e-229
VehicleYear,Airbag,"CarValue,RuggedAuto,SocioEcon",1.7395301304740072e-229
VehicleYear,Airbag,"CarValue,RuggedAuto,SocioEcon",1.7395301304740072e-229
VehicleYear,Airbag,"CarValue,RuggedAuto,SocioEcon",1.7395301304740072e-229
VehicleYear,Airbag,"CarValue,RuggedAuto,SocioEcon",1.7395301304740072e-229
VehicleYear,Airbag,"CarValue,RuggedAuto,SocioEcon",1.7395301304740072e-229
VehicleYear,Airbag,"CarValue,RuggedAuto,SocioEcon",1.7395301304740072e-229
ThisCarDam,Accident,"MedCost,PropCost,ThisCarCost",3.5868231099102786e-248
ThisCarDam,ThisCarCost,"Accident,MedCost,PropCost",2.721338274079141e-85
ThisCarDam,PropCost,"Accident,MedCost,ThisCarCost",0.9986981337973038
ThisCarDam,MedCost,"Accident,PropCost,ThisCarCost",0.9999991858425102
RuggedAuto,MakeModel,"CarValue,Cushioning,VehicleYear",1.5930227747210759e-111
RuggedAuto,CarValue,"Cushioning,MakeModel,VehicleYear",0.014541832060338952
RuggedAuto,Cushioning,"CarValue,MakeModel,VehicleYear",8.516734417026734e-199
Accident,DrivQuality,"ILiCost,PropCost,ThisCarDam",0.7150511752134374
Accident,PropCost,"DrivQuality,OtherCarCost,ThisCarDam",0.3129373716439417
Accident,PropCost,"DrivQuality,OtherCarCost,ThisCarDam",0.3129373716439417
Accident,PropCost,"DrivQuality,OtherCarCost,ThisCarDam",0.3129373716439417
Accident,OtherCarCost,"DrivQuality,ILiCost,MedCost",3.8011824662551216e-265
Accident,OtherCarCost,"DrivQuality,ILiCost,MedCost",3.8011824662551216e-265
Accident,OtherCarCost,"DrivQuality,ILiCost,MedCost",3.8011824662551216e-265
Accident,OtherCarCost,"DrivQuality,ILiCost,MedCost",3.8011824662551216e-265
Accident,OtherCarCost,"DrivQuality,ILiCost,MedCost",3.8011824662551216e-265
Accident,OtherCarCost,"DrivQuality,ILiCost,MedCost",3.8011824662551216e-265
Accident,OtherCarCost,"DrivQuality,ILiCost,MedCost",3.8011824662551216e-265
Accident,OtherCarCost,"DrivQuality,ILiCost,MedCost",3.8011824662551216e-265
Accident,OtherCarCost,"DrivQuality,ILiCost,MedCost",3.8011824662551216e-265
Accident,OtherCarCost,"DrivQuality,ILiCost,MedCost",3.8011824662551216e-265
Accident,MedCost,"DrivQuality,PropCost,ThisCarDam",0.9998479461544834
Accident,ILiCost,"DrivQuality,PropCost,ThisCarDam",0.47900172189197116
MakeModel,Antilock,"Airbag,CarValue,RuggedAuto",5.663957474899345e-44
MakeModel,Antilock,"Airbag,CarValue,RuggedAuto",5.663957474899345e-44
MakeModel,Antilock,"Airbag,CarValue,RuggedAuto",5.663957474899345e-44
MakeModel,Antilock,"Airbag,CarValue,RuggedAuto",5.663957474899345e-44
MakeModel,Antilock,"Airbag,CarValue,RuggedAuto",5.663957474899345e-44
MakeModel,Antilock,"Airbag,CarValue,RuggedAuto",5.663957474899345e-44
MakeModel,Antilock,"Airbag,CarValue,RuggedAuto",5.663957474899345e-44
MakeModel,Antilock,"Airbag,CarValue,RuggedAuto",5.663957474899345e-44
MakeModel,Antilock,"Airbag,CarValue,RuggedAuto",5.663957474899345e-44
MakeModel,Antilock,"Airbag,CarValue,RuggedAuto",5.663957474899345e-44
MakeModel,CarValue,"Airbag,RuggedAuto,SocioEcon",2.591510203920967e-131
MakeModel,CarValue,"Airbag,RuggedAuto,SocioEcon",2.591510203920967e-131
MakeModel,CarValue,"Airbag,RuggedAuto,SocioEcon",2.591510203920967e-131
MakeModel,CarValue,"Airbag,RuggedAuto,SocioEcon",2.591510203920967e-131
MakeModel,CarValue,"Airbag,RuggedAuto,SocioEcon",2.591510203920967e-131
MakeModel,CarValue,"Airbag,RuggedAuto,SocioEcon",2.591510203920967e-131
MakeModel,CarValue,"Airbag,RuggedAuto,SocioEcon",2.591510203920967e-131
MakeModel,CarValue,"Airbag,RuggedAuto,SocioEcon",2.591510203920967e-131
MakeModel,CarValue,"Airbag,RuggedAuto,SocioEcon",2.591510203920967e-131
MakeModel,CarValue,"Airbag,RuggedAuto,SocioEcon",2.591510203920967e-131
MakeModel,Cushioning,"Antilock,CarValue,RuggedAuto",0.08233608526004373
MakeModel,Cushioning,"Antilock,CarValue,RuggedAuto",0.08233608526004373
MakeModel,Cushioning,"Antilock,CarValue,RuggedAuto",0.08233608526004373
MakeModel,Cushioning,"Antilock,CarValue,RuggedAuto",0.08233608526004373
MakeModel,Cushioning,"Antilock,CarValue,RuggedAuto",0.08233608526004373
MakeModel,Airbag,"CarValue,Cushioning,SocioEcon",0.18705946359639908
MakeModel,Airbag,"CarValue,Cushioning,SocioEcon",0.18705946359639908
MakeModel,Airbag,"CarValue,Cushioning,SocioEcon",0.18705946359639908
MakeModel,Airbag,"CarValue,Cushioning,SocioEcon",0.18705946359639908
MakeModel,Airbag,"CarValue,Cushioning,SocioEcon",0.18705946359639908
DrivQuality,DrivingSkill,"Accident,DrivHist,SeniorTrain",1.0343626414166305e-64
DrivQuality,DrivingSkill,"Accident,DrivHist,SeniorTrain",1.0343626414166305e-64
DrivQuality,DrivingSkill,"Accident,DrivHist,SeniorTrain",1.0343626414166305e-64
DrivQuality,DrivingSkill,"Accident,DrivHist,SeniorTrain",1.0343626414166305e-64
DrivQuality,DrivingSkill,"Accident,DrivHist,SeniorTrain",1.0343626414166305e-64
DrivQuality,DrivingSkill,"Accident,DrivHist,SeniorTrain",1.0343626414166305e-64
DrivQuality,DrivingSkill,"Accident,DrivHist,SeniorTrain",1.0343626414166305e-64
DrivQuality,DrivingSkill,"Accident,DrivHist,SeniorTrain",1.0343626414166305e-64
DrivQuality,DrivingSkill,"Accident,DrivHist,SeniorTrain",1.0343626414166305e-64
DrivQuality,DrivingSkill,"Accident,DrivHist,SeniorTrain",1.0343626414166305e-64
DrivQuality,SeniorTrain,"Accident,DrivHist,Theft",0.016989556436375716
DrivQuality,SeniorTrain,"Accident,DrivHist,Theft",0.016989556436375716
DrivQuality,SeniorTrain,"Accident,DrivHist,Theft",0.016989556436375716
DrivQuality,SeniorTrain,"Accident,DrivHist,Theft",0.016989556436375716
DrivQuality,SeniorTrain,"Accident,DrivHist,Theft",0.016989556436375716
DrivQuality,SeniorTrain,"Accident,DrivHist,Theft",0.016989556436375716
DrivQuality,SeniorTrain,"Accident,DrivHist,Theft",0.016989556436375716
DrivQuality,SeniorTrain,"Accident,DrivHist,Theft",0.016989556436375716
DrivQuality,SeniorTrain,"Accident,DrivHist,Theft",0.016989556436375716
DrivQuality,SeniorTrain,"Accident,DrivHist,Theft",0.016989556436375716
DrivQuality,Theft,"Accident,DrivHist,SeniorTrain",1.671480764117198e-07
DrivQuality,Theft,"Accident,DrivHist,SeniorTrain",1.671480764117198e-07
DrivQuality,Theft,"Accident,DrivHist,SeniorTrain",1.671480764117198e-07
DrivQuality,Theft,"Accident,DrivHist,SeniorTrain",1.671480764117198e-07
DrivQuality,Theft,"Accident,DrivHist,SeniorTrain",1.671480764117198e-07
DrivQuality,Theft,"Accident,DrivHist,SeniorTrain",1.671480764117198e-07
DrivQuality,Theft,"Accident,DrivHist,SeniorTrain",1.671480764117198e-07
DrivQuality,Theft,"Accident,DrivHist,SeniorTrain",1.671480764117198e-07
DrivQuality,Theft,"Accident,DrivHist,SeniorTrain",1.671480764117198e-07
DrivQuality,Theft,"Accident,DrivHist,SeniorTrain",1.671480764117198e-07
DrivQuality,DrivHist,"DrivingSkill,RiskAversion,Theft",0.8388646298009966
Antilock,CarValue,"MakeModel,SocioEcon,VehicleYear",0.2887833595133128
ThisCarCost,CarValue,"MedCost,PropCost,ThisCarDam",8.613885818844397e-169
ThisCarCost,PropCost,"CarValue,MedCost,ThisCarDam",2.1875399958962284e-06
ThisCarCost,MedCost,"CarValue,PropCost,ThisCarDam",0.9957799083856801
CarValue,PropCost,"Antilock,MakeModel,SocioEcon",0.9999840380751839
CarValue,Airbag,"MakeModel,SocioEcon,VehicleYear",0.09952359067256089
CarValue,Airbag,"MakeModel,SocioEcon,VehicleYear",0.09952359067256089
CarValue,Airbag,"MakeModel,SocioEcon,VehicleYear",0.09952359067256089
CarValue,Airbag,"MakeModel,SocioEcon,VehicleYear",0.09952359067256089
CarValue,Airbag,"MakeModel,SocioEcon,VehicleYear",0.09952359067256089
CarValue,Airbag,"MakeModel,SocioEcon,VehicleYear",0.09952359067256089
CarValue,Airbag,"MakeModel,SocioEcon,VehicleYear",0.09952359067256089
CarValue,Airbag,"MakeModel,SocioEcon,VehicleYear",0.09952359067256089
CarValue,Airbag,"MakeModel,SocioEcon,VehicleYear",0.09952359067256089
CarValue,Airbag,"MakeModel,SocioEcon,VehicleYear",0.09952359067256089
CarValue,Airbag,"MakeModel,SocioEcon,VehicleYear",0.09952359067256089
PropCost,OtherCarCost,"Accident,ThisCarCost,ThisCarDam",5.18838179640258e-251
PropCost,OtherCarCost,"Accident,ThisCarCost,ThisCarDam",5.18838179640258e-251
PropCost,OtherCarCost,"Accident,ThisCarCost,ThisCarDam",5.18838179640258e-251
PropCost,OtherCarCost,"Accident,ThisCarCost,ThisCarDam",5.18838179640258e-251
MedCost,Cushioning,"Accident,ThisCarCost,ThisCarDam",1.7807048163754632e-28
Cushioning,Airbag,"MakeModel,RuggedAuto,VehicleYear",4.706128701099615e-56
Cushioning,Airbag,"MakeModel,RuggedAuto,VehicleYear",4.706128701099615e-56
Cushioning,Airbag,"MakeModel,RuggedAuto,VehicleYear",4.706128701099615e-56
Cushioning,Airbag,"MakeModel,RuggedAuto,VehicleYear",4.706128701099615e-56
