node_i,node_j,condition,p_value
GoodStudent,Age,,1.7066204756521711e-152
GoodStudent,SocioEcon,,2.2064051996123592e-26
GoodStudent,RiskAversion,,0.0010005199223501115
GoodStudent,VehicleYear,,1.3761370286109739e-12
GoodStudent,ThisCarDam,,0.2296578713491804
GoodStudent,RuggedAuto,,0.027679168141930312
GoodStudent,Accident,,0.3085156865746858
GoodStudent,MakeModel,,7.076617780830714e-13
GoodStudent,DrivQuality,,0.34939528011404275
GoodStudent,Mileage,,0.557358033587392
GoodStudent,Antilock,,6.848436376339512e-13
GoodStudent,DrivingSkill,,0.6575880656642498
GoodStudent,SeniorTrain,,0.0002963747883946496
GoodStudent,ThisCarCost,,0.0001655414401365731
GoodStudent,Theft,,0.12794477180194766
GoodStudent,CarValue,,2.4308259601589255e-13
GoodStudent,HomeBase,,2.7875937684753505e-08
GoodStudent,AntiTheft,,0.3513249151209167
GoodStudent,PropCost,,0.16719422760036223
GoodStudent,OtherCarCost,,0.9447506382373254
GoodStudent,OtherCar,,2.10087500565741e-05
GoodStudent,MedCost,,0.03118380349389636
GoodStudent,Cushioning,,0.0039851447868423494
GoodStudent,Airbag,,6.117066770567638e-08
GoodStudent,ILiCost,,0.38648561904843975
GoodStudent,DrivHist,,0.6901321772382681
Age,SocioEcon,,5.711162817497605e-17
Age,RiskAversion,,3.555155046556265e-41
Age,VehicleYear,,0.17095678860675562
Age,ThisCarDam,,0.7344484151004951
Age,RuggedAuto,,0.6950419885699561
Age,Accident,,0.48023158390126564
Age,MakeModel,,0.00149480750666906
Age,DrivQuality,,6.984430442450584e-08
Age,Mileage,,0.7795080914308581
Age,Antilock,,0.2759117469212693
Age,DrivingSkill,,0.00038306431760652383
Age,SeniorTrain,,9.378287656453197e-131
Age,ThisCarCost,,0.38865370982931646
Age,Theft,,0.3200421551320414
Age,CarValue,,0.3942818726161127
Age,HomeBase,,4.4778140343797744e-05
Age,AntiTheft,,1.000279887994332e-17
Age,PropCost,,0.23767618051345066
Age,OtherCarCost,,0.4297947930497281
Age,OtherCar,,0.7165722052290977
Age,MedCost,,4.1449097271206204e-07
Age,Cushioning,,0.924639765098304
Age,Airbag,,0.29623615197251796
Age,ILiCost,,0.2536511600601638
Age,DrivHist,,5.930132436610295e-08
SocioEcon,RiskAversion,,6.6627812764638374e-15
SocioEcon,VehicleYear,,3.562113200450746e-247
SocioEcon,ThisCarDam,,1.1052049040437582e-09
SocioEcon,RuggedAuto,,6.538188139118399e-112
SocioEcon,Accident,,0.00017125164100840223
SocioEcon,MakeModel,,0.0
SocioEcon,DrivQuality,,0.05487348500286483
SocioEcon,Mileage,,0.866840607077995
SocioEcon,Antilock,,6.703491600139079e-259
SocioEcon,DrivingSkill,,0.0376210905949579
SocioEcon,SeniorTrain,,0.016940627606342122
SocioEcon,ThisCarCost,,2.727557892961249e-178
SocioEcon,Theft,,0.26109649643820665
SocioEcon,CarValue,,0.0
SocioEcon,HomeBase,,0.0
SocioEcon,AntiTheft,,1.2887117802498944e-95
SocioEcon,PropCost,,7.112400766371175e-32
SocioEcon,OtherCarCost,,0.01646026836575906
SocioEcon,OtherCar,,4.767549899290843e-140
SocioEcon,MedCost,,1.932503507657618e-24
SocioEcon,Cushioning,,3.449306294350893e-123
SocioEcon,Airbag,,8.53663241864219e-237
SocioEcon,ILiCost,,0.9641395567793005
SocioEcon,DrivHist,,0.9558512570592669
RiskAversion,VehicleYear,,0.33156741006656876
RiskAversion,ThisCarDam,,0.8000325576966416
RiskAversion,RuggedAuto,,0.013941762182516478
RiskAversion,Accident,,0.6360388878518335
RiskAversion,MakeModel,,0.0019744564520545165
RiskAversion,DrivQuality,,4.370929660934782e-19
RiskAversion,Mileage,,0.08563084474279628
RiskAversion,Antilock,,0.2504899558936724
RiskAversion,DrivingSkill,,3.0426312690355033e-85
RiskAversion,SeniorTrain,,1.3479812380304463e-62
RiskAversion,ThisCarCost,,0.37724657745967893
RiskAversion,Theft,,0.2200475678029468
RiskAversion,CarValue,,0.4855308816491881
RiskAversion,HomeBase,,2.802870917821205e-208
RiskAversion,AntiTheft,,0.0
RiskAversion,PropCost,,0.2221393906708786
RiskAversion,OtherCarCost,,0.9959427255971905
RiskAversion,OtherCar,,0.05211581444365325
RiskAversion,MedCost,,0.10038966748447056
RiskAversion,Cushioning,,0.007531427605568927
RiskAversion,Airbag,,0.7544127408973111
RiskAversion,ILiCost,,0.2559667687597405
RiskAversion,DrivHist,,7.309587090015151e-81
VehicleYear,ThisCarDam,,7.876248441277933e-06
VehicleYear,RuggedAuto,,1.2051511085054606e-29
VehicleYear,Accident,,3.5730094292224683e-06
VehicleYear,MakeModel,,4.657981485464749e-107
VehicleYear,DrivQuality,,0.17483156894583432
VehicleYear,Mileage,,0.4450231029535895
VehicleYear,Antilock,,0.0
VehicleYear,DrivingSkill,,0.9729625006777542
VehicleYear,SeniorTrain,,0.8626440438640295
VehicleYear,ThisCarCost,,2.4069128709609533e-231
VehicleYear,Theft,,0.4710296583456487
VehicleYear,CarValue,,0.0
VehicleYear,HomeBase,,1.5788564280884266e-64
VehicleYear,AntiTheft,,2.360356452102712e-27
VehicleYear,PropCost,,2.350996216298732e-47
VehicleYear,OtherCarCost,,0.0010920227463638707
VehicleYear,OtherCar,,6.198414352370575e-37
VehicleYear,MedCost,,6.736907217877468e-23
VehicleYear,Cushioning,,1.208937601595136e-113
VehicleYear,Airbag,,0.0
VehicleYear,ILiCost,,0.15679016872790674
VehicleYear,DrivHist,,0.47426286851939004
ThisCarDam,RuggedAuto,,4.391668958189868e-23
ThisCarDam,Accident,,0.0
ThisCarDam,MakeModel,,2.0707087249129976e-18
ThisCarDam,DrivQuality,,1.0674172873993985e-13
ThisCarDam,Mileage,,2.1900690622763897e-16
ThisCarDam,Antilock,,2.563644901816451e-19
ThisCarDam,DrivingSkill,,8.457289696762633e-05
ThisCarDam,SeniorTrain,,0.5587148332690288
ThisCarDam,ThisCarCost,,0.0
ThisCarDam,Theft,,0.6064435688363028
ThisCarDam,CarValue,,4.795608062319459e-16
ThisCarDam,HomeBase,,0.003498746376552958
ThisCarDam,AntiTheft,,0.7527496081366652
ThisCarDam,PropCost,,0.0
ThisCarDam,OtherCarCost,,4.257276287913e-311
ThisCarDam,OtherCar,,0.01684499753182009
ThisCarDam,MedCost,,5.958432668015476e-154
ThisCarDam,Cushioning,,2.085795403389762e-14
ThisCarDam,Airbag,,4.5380287513189434e-05
ThisCarDam,ILiCost,,1.109171431632625e-40
ThisCarDam,DrivHist,,0.006496229423987975
RuggedAuto,Accident,,5.464864822565187e-13
RuggedAuto,MakeModel,,0.0
RuggedAuto,DrivQuality,,0.7853028186766189
RuggedAuto,Mileage,,0.00229356445765198
RuggedAuto,Antilock,,1.218910684113859e-05
RuggedAuto,DrivingSkill,,0.5646582559023992
RuggedAuto,SeniorTrain,,0.8820429187177911
RuggedAuto,ThisCarCost,,6.63580079105184e-42
RuggedAuto,Theft,,0.5357371543569988
RuggedAuto,CarValue,,8.90883065848906e-59
RuggedAuto,HomeBase,,1.0015323140651259e-78
RuggedAuto,AntiTheft,,3.498936703320666e-11
RuggedAuto,PropCost,,2.2952773953290417e-11
RuggedAuto,OtherCarCost,,1.5109488141226723e-27
RuggedAuto,OtherCar,,1.1455502752888834e-15
RuggedAuto,MedCost,,4.440696561488177e-87
RuggedAuto,Cushioning,,0.0
RuggedAuto,Airbag,,6.858082791908361e-54
RuggedAuto,ILiCost,,0.4607089916541266
RuggedAuto,DrivHist,,0.46148089945113036
Accident,MakeModel,,1.1552648859615631e-15
Accident,DrivQuality,,3.7236858882283926e-18
Accident,Mileage,,6.300730170860601e-25
Accident,Antilock,,5.049307027286109e-21
Accident,DrivingSkill,,4.019607937876638e-06
Accident,SeniorTrain,,0.10011814541954557
Accident,ThisCarCost,,0.0
Accident,Theft,,0.599793395127108
Accident,CarValue,,1.825045107464661e-11
Accident,HomeBase,,0.13428257650492276
Accident,AntiTheft,,0.7821041056511746
Accident,PropCost,,0.0
Accident,OtherCarCost,,0.0
Accident,OtherCar,,0.037089581783317525
Accident,MedCost,,9.039092753515533e-140
Accident,Cushioning,,0.0221944130737153
Accident,Airbag,,0.0004950728683994354
Accident,ILiCost,,7.141835544284158e-70
Accident,DrivHist,,0.0034752317622086496
MakeModel,DrivQuality,,0.4074772419746703
MakeModel,Mileage,,0.19181158952507926
MakeModel,Antilock,,0.0
MakeModel,DrivingSkill,,0.7202677528501839
MakeModel,SeniorTrain,,0.2206203242810119
MakeModel,ThisCarCost,,4.4177061386312655e-222
MakeModel,Theft,,0.07177780965555904
MakeModel,CarValue,,0.0
MakeModel,HomeBase,,1.1192150245647618e-213
MakeModel,AntiTheft,,1.875923034473162e-45
MakeModel,PropCost,,2.435527283913251e-35
MakeModel,OtherCarCost,,4.583791595668832e-14
MakeModel,OtherCar,,3.790861137310056e-66
MakeModel,MedCost,,1.9000133527115172e-58
MakeModel,Cushioning,,0.0
MakeModel,Airbag,,2.6904998121125653e-152
MakeModel,ILiCost,,0.7351506348893349
MakeModel,DrivHist,,0.7696774668317856
DrivQuality,Mileage,,0.698128573214382
DrivQuality,Antilock,,0.048461077699541215
DrivQuality,DrivingSkill,,7.774137129177133e-245
DrivQuality,SeniorTrain,,2.0899585047197537e-13
DrivQuality,ThisCarCost,,3.608258901880672e-08
DrivQuality,Theft,,0.05037432475581346
DrivQuality,CarValue,,0.31067508288275647
DrivQuality,HomeBase,,0.0036986450907157734
DrivQuality,AntiTheft,,0.0033120558846376014
DrivQuality,PropCost,,2.162351468166337e-05
DrivQuality,OtherCarCost,,1.6734043040105894e-07
DrivQuality,OtherCar,,0.7617196188611817
DrivQuality,MedCost,,0.0030717616435303953
DrivQuality,Cushioning,,0.8762630941388372
DrivQuality,Airbag,,0.4885641944800534
DrivQuality,ILiCost,,0.2747862701528517
DrivQuality,DrivHist,,3.6001896557985653e-162
Mileage,Antilock,,0.14910286481172008
Mileage,DrivingSkill,,0.6116163530462688
Mileage,SeniorTrain,,0.027002742665019088
Mileage,ThisCarCost,,5.052715438161531e-10
Mileage,Theft,,0.7594237219606472
Mileage,CarValue,,2.7219739569369458e-53
Mileage,HomeBase,,0.283081923819767
Mileage,AntiTheft,,0.5069913423661738
Mileage,PropCost,,1.49122766206441e-11
Mileage,OtherCarCost,,1.461370716942474e-09
Mileage,OtherCar,,0.2342374984041725
Mileage,MedCost,,0.3464010006867637
Mileage,Cushioning,,0.021764330651535838
Mileage,Airbag,,0.4519988665967791
Mileage,ILiCost,,0.08527870586145418
Mileage,DrivHist,,0.6644477028467561
Antilock,DrivingSkill,,0.4340217783266649
Antilock,SeniorTrain,,0.1413045169701626
Antilock,ThisCarCost,,1.2150193851242606e-180
Antilock,Theft,,0.7326822173020447
Antilock,CarValue,,0.0
Antilock,HomeBase,,1.3869296022321054e-63
Antilock,AntiTheft,,1.4125493347388486e-30
Antilock,PropCost,,1.1836893684974888e-31
Antilock,OtherCarCost,,1.0633259277101101e-10
Antilock,OtherCar,,1.0742258585403827e-38
Antilock,MedCost,,8.126614863446126e-16
Antilock,Cushioning,,7.247197425496305e-41
Antilock,Airbag,,3.768897171985511e-247
Antilock,ILiCost,,0.09567957487994053
Antilock,DrivHist,,0.6818533245054623
DrivingSkill,SeniorTrain,,0.00017362089908377624
DrivingSkill,ThisCarCost,,0.001264717800937019
DrivingSkill,Theft,,0.1699578581590688
DrivingSkill,CarValue,,0.3847889609321408
DrivingSkill,HomeBase,,1.14493736701803e-09
DrivingSkill,AntiTheft,,1.8635834922364089e-26
DrivingSkill,PropCost,,0.05452373349919071
DrivingSkill,OtherCarCost,,0.005605492123189021
DrivingSkill,OtherCar,,0.7888132965881053
DrivingSkill,MedCost,,0.024730434113328374
DrivingSkill,Cushioning,,0.3158773776784812
DrivingSkill,Airbag,,0.6651996204448068
DrivingSkill,ILiCost,,0.09203357237827726
DrivingSkill,DrivHist,,1.1373182162034325e-285
SeniorTrain,ThisCarCost,,0.5968541762924267
SeniorTrain,Theft,,0.3077912374897375
SeniorTrain,CarValue,,0.5379329459751574
SeniorTrain,HomeBase,,8.842411167408295e-11
SeniorTrain,AntiTheft,,3.5421681586883033e-32
SeniorTrain,PropCost,,0.2604578035131542
SeniorTrain,OtherCarCost,,0.11752696665205066
SeniorTrain,OtherCar,,0.3706961305223283
SeniorTrain,MedCost,,0.036440252614230985
SeniorTrain,Cushioning,,0.7129674048141681
SeniorTrain,Airbag,,0.9255676362721685
SeniorTrain,ILiCost,,0.05308101320724567
SeniorTrain,DrivHist,,1.1016769325594666e-16
ThisCarCost,Theft,,0.00588715364714432
ThisCarCost,CarValue,,0.0
ThisCarCost,HomeBase,,3.7266707624836503e-57
ThisCarCost,AntiTheft,,2.2115058161147552e-16
ThisCarCost,PropCost,,0.0
ThisCarCost,OtherCarCost,,2.2111443675024476e-192
ThisCarCost,OtherCar,,2.512719470580823e-28
ThisCarCost,MedCost,,5.803091839332176e-107
ThisCarCost,Cushioning,,6.0654966544489045e-64
ThisCarCost,Airbag,,2.0317959143960663e-187
ThisCarCost,ILiCost,,1.0936384754627818e-24
ThisCarCost,DrivHist,,0.5186186573984901
Theft,CarValue,,0.01696656905798785
Theft,HomeBase,,0.2056766637760108
Theft,AntiTheft,,0.9619838883588748
Theft,PropCost,,0.6028872078026466
Theft,OtherCarCost,,0.4997455768365955
Theft,OtherCar,,0.8984516490839264
Theft,MedCost,,0.3369896929367169
Theft,Cushioning,,0.34287907368340637
Theft,Airbag,,0.8618232333848075
Theft,ILiCost,,0.5555185445691495
Theft,DrivHist,,0.44993184006776665
CarValue,HomeBase,,4.014670996247657e-104
CarValue,AntiTheft,,7.241130478497062e-38
CarValue,PropCost,,3.212523121729145e-102
CarValue,OtherCarCost,,0.010200746892948243
CarValue,OtherCar,,5.803212195160883e-47
CarValue,MedCost,,8.964344009462736e-26
CarValue,Cushioning,,3.458549944184809e-111
CarValue,Airbag,,0.0
CarValue,ILiCost,,0.3121878093775081
CarValue,DrivHist,,0.6406135077498625
HomeBase,AntiTheft,,5.245526716465843e-161
HomeBase,PropCost,,1.1204326123203098e-11
HomeBase,OtherCarCost,,0.14855274710293742
HomeBase,OtherCar,,3.1585911648714843e-78
HomeBase,MedCost,,4.591517517525629e-14
HomeBase,Cushioning,,3.2373522726901814e-74
HomeBase,Airbag,,1.5469040530724164e-72
HomeBase,ILiCost,,0.442122900118855
HomeBase,DrivHist,,3.2648549634722295e-08
AntiTheft,PropCost,,8.062200346273561e-06
AntiTheft,OtherCarCost,,0.7894012292215493
AntiTheft,OtherCar,,5.018300304817968e-11
AntiTheft,MedCost,,0.08691776852059833
AntiTheft,Cushioning,,3.736421341249248e-15
AntiTheft,Airbag,,3.6405245690445166e-28
AntiTheft,ILiCost,,0.18222866927554507
AntiTheft,DrivHist,,8.987441249226749e-28
PropCost,OtherCarCost,,0.0
PropCost,OtherCar,,3.947515844084576e-07
PropCost,MedCost,,7.583293498385045e-59
PropCost,Cushioning,,1.3077995797625446e-14
PropCost,Airbag,,2.92678119037871e-36
PropCost,ILiCost,,7.21874048586239e-31
PropCost,DrivHist,,0.2831175646751939
OtherCarCost,OtherCar,,0.9962632438922301
OtherCarCost,MedCost,,4.12944174337376e-35
OtherCarCost,Cushioning,,3.2674147926371414e-12
OtherCarCost,Airbag,,0.06200046412407746
OtherCarCost,ILiCost,,4.276747887481623e-25
OtherCarCost,DrivHist,,0.062406809392865616
OtherCar,MedCost,,0.00013873495926261309
OtherCar,Cushioning,,6.339482052397974e-24
OtherCar,Airbag,,7.087854194936917e-35
OtherCar,ILiCost,,0.5287401905357954
OtherCar,DrivHist,,0.07286093139006429
MedCost,Cushioning,,7.810988781749154e-158
MedCost,Airbag,,1.665014870138298e-35
MedCost,ILiCost,,4.296314356451887e-05
MedCost,DrivHist,,0.07081430964609475
Cushioning,Airbag,,1.5698724360051397e-206
Cushioning,ILiCost,,0.1490186190960057
Cushioning,DrivHist,,0.5437166347753706
Airbag,ILiCost,,0.25911722990519515
Airbag,DrivHist,,0.16752484766647655
ILiCost,DrivHist,,0.9816264691881321
GoodStudent,Age,RuggedAuto,1.7133310378822855e-142
GoodStudent,Age,RuggedAuto,1.7133310378822855e-142
GoodStudent,Age,RuggedAuto,1.7133310378822855e-142
GoodStudent,Age,RuggedAuto,1.7133310378822855e-142
GoodStudent,Age,RuggedAuto,1.7133310378822855e-142
GoodStudent,Age,RuggedAuto,1.7133310378822855e-142
GoodStudent,Age,RuggedAuto,1.7133310378822855e-142
GoodStudent,Age,RuggedAuto,1.7133310378822855e-142
GoodStudent,Age,RuggedAuto,1.7133310378822855e-142
GoodStudent,Age,RuggedAuto,1.7133310378822855e-142
GoodStudent,Age,RuggedAuto,1.7133310378822855e-142
GoodStudent,Age,RuggedAuto,1.7133310378822855e-142
GoodStudent,Age,RuggedAuto,1.7133310378822855e-142
GoodStudent,Age,RuggedAuto,1.7133310378822855e-142
GoodStudent,SocioEcon,RuggedAuto,7.941064892154732e-22
GoodStudent,SocioEcon,RuggedAuto,7.941064892154732e-22
GoodStudent,SocioEcon,RuggedAuto,7.941064892154732e-22
GoodStudent,SocioEcon,RuggedAuto,7.941064892154732e-22
GoodStudent,SocioEcon,RuggedAuto,7.941064892154732e-22
GoodStudent,SocioEcon,RuggedAuto,7.941064892154732e-22
GoodStudent,SocioEcon,RuggedAuto,7.941064892154732e-22
GoodStudent,SocioEcon,RuggedAuto,7.941064892154732e-22
GoodStudent,SocioEcon,RuggedAuto,7.941064892154732e-22
GoodStudent,SocioEcon,RuggedAuto,7.941064892154732e-22
GoodStudent,SocioEcon,RuggedAuto,7.941064892154732e-22
GoodStudent,SocioEcon,RuggedAuto,7.941064892154732e-22
GoodStudent,SocioEcon,RuggedAuto,7.941064892154732e-22
GoodStudent,SocioEcon,RuggedAuto,7.941064892154732e-22
GoodStudent,RiskAversion,MakeModel,0.1098761189929359
GoodStudent,RiskAversion,MakeModel,0.1098761189929359
GoodStudent,RiskAversion,MakeModel,0.1098761189929359
GoodStudent,VehicleYear,SocioEcon,0.3645715575737118
GoodStudent,VehicleYear,SocioEcon,0.3645715575737118
GoodStudent,VehicleYear,SocioEcon,0.3645715575737118
GoodStudent,VehicleYear,SocioEcon,0.3645715575737118
GoodStudent,VehicleYear,SocioEcon,0.3645715575737118
GoodStudent,VehicleYear,SocioEcon,0.3645715575737118
GoodStudent,VehicleYear,SocioEcon,0.3645715575737118
GoodStudent,VehicleYear,SocioEcon,0.3645715575737118
GoodStudent,VehicleYear,SocioEcon,0.3645715575737118
GoodStudent,VehicleYear,SocioEcon,0.3645715575737118
GoodStudent,VehicleYear,SocioEcon,0.3645715575737118
GoodStudent,VehicleYear,SocioEcon,0.3645715575737118
GoodStudent,RuggedAuto,VehicleYear,0.43990651211714893
GoodStudent,RuggedAuto,VehicleYear,0.43990651211714893
GoodStudent,MakeModel,CarValue,0.054312294924105074
GoodStudent,MakeModel,CarValue,0.054312294924105074
GoodStudent,MakeModel,CarValue,0.054312294924105074
GoodStudent,MakeModel,CarValue,0.054312294924105074
GoodStudent,MakeModel,CarValue,0.054312294924105074
GoodStudent,MakeModel,CarValue,0.054312294924105074
GoodStudent,MakeModel,CarValue,0.054312294924105074
GoodStudent,MakeModel,CarValue,0.054312294924105074
GoodStudent,MakeModel,CarValue,0.054312294924105074
GoodStudent,MakeModel,CarValue,0.054312294924105074
GoodStudent,Antilock,CarValue,0.07657897698459117
GoodStudent,Antilock,CarValue,0.07657897698459117
GoodStudent,Antilock,CarValue,0.07657897698459117
GoodStudent,Antilock,CarValue,0.07657897698459117
GoodStudent,Antilock,CarValue,0.07657897698459117
GoodStudent,Antilock,CarValue,0.07657897698459117
GoodStudent,Antilock,CarValue,0.07657897698459117
GoodStudent,Antilock,CarValue,0.07657897698459117
GoodStudent,Antilock,CarValue,0.07657897698459117
GoodStudent,Antilock,CarValue,0.07657897698459117
GoodStudent,Antilock,CarValue,0.07657897698459117
GoodStudent,SeniorTrain,Cushioning,0.27251924671710154
GoodStudent,SeniorTrain,Cushioning,0.27251924671710154
GoodStudent,SeniorTrain,Cushioning,0.27251924671710154
GoodStudent,ThisCarCost,VehicleYear,0.34039293416301925
GoodStudent,ThisCarCost,VehicleYear,0.34039293416301925
GoodStudent,CarValue,MakeModel,0.05319272910085915
GoodStudent,CarValue,MakeModel,0.05319272910085915
GoodStudent,CarValue,MakeModel,0.05319272910085915
GoodStudent,CarValue,MakeModel,0.05319272910085915
GoodStudent,HomeBase,MakeModel,0.16514130189873302
GoodStudent,HomeBase,MakeModel,0.16514130189873302
GoodStudent,HomeBase,MakeModel,0.16514130189873302
GoodStudent,HomeBase,MakeModel,0.16514130189873302
GoodStudent,OtherCar,MakeModel,0.3784709066341701
GoodStudent,OtherCar,MakeModel,0.3784709066341701
GoodStudent,OtherCar,MakeModel,0.3784709066341701
GoodStudent,OtherCar,MakeModel,0.3784709066341701
GoodStudent,MedCost,RiskAversion,0.9017441452550996
GoodStudent,Cushioning,VehicleYear,0.5809809180171663
GoodStudent,Cushioning,VehicleYear,0.5809809180171663
GoodStudent,Airbag,VehicleYear,0.20431571823089817
GoodStudent,Airbag,VehicleYear,0.20431571823089817
Age,SocioEcon,DrivQuality,1.1568264775309061e-12
Age,SocioEcon,DrivQuality,1.1568264775309061e-12
Age,SocioEcon,DrivQuality,1.1568264775309061e-12
Age,SocioEcon,DrivQuality,1.1568264775309061e-12
Age,SocioEcon,DrivQuality,1.1568264775309061e-12
Age,SocioEcon,DrivQuality,1.1568264775309061e-12
Age,SocioEcon,DrivQuality,1.1568264775309061e-12
Age,SocioEcon,DrivQuality,1.1568264775309061e-12
Age,SocioEcon,DrivQuality,1.1568264775309061e-12
Age,SocioEcon,DrivQuality,1.1568264775309061e-12
Age,RiskAversion,DrivQuality,2.9898593133179323e-32
Age,RiskAversion,DrivQuality,2.9898593133179323e-32
Age,RiskAversion,DrivQuality,2.9898593133179323e-32
Age,RiskAversion,DrivQuality,2.9898593133179323e-32
Age,RiskAversion,DrivQuality,2.9898593133179323e-32
Age,RiskAversion,DrivQuality,2.9898593133179323e-32
Age,RiskAversion,DrivQuality,2.9898593133179323e-32
Age,RiskAversion,DrivQuality,2.9898593133179323e-32
Age,RiskAversion,DrivQuality,2.9898593133179323e-32
Age,RiskAversion,DrivQuality,2.9898593133179323e-32
Age,MakeModel,DrivingSkill,0.06886121337041502
Age,MakeModel,DrivingSkill,0.06886121337041502
Age,MakeModel,DrivingSkill,0.06886121337041502
Age,DrivQuality,MedCost,3.8433259371875204e-05
Age,DrivQuality,MedCost,3.8433259371875204e-05
Age,DrivQuality,MedCost,3.8433259371875204e-05
Age,DrivQuality,MedCost,3.8433259371875204e-05
Age,DrivQuality,MedCost,3.8433259371875204e-05
Age,DrivQuality,MedCost,3.8433259371875204e-05
Age,DrivQuality,MedCost,3.8433259371875204e-05
Age,DrivQuality,MedCost,3.8433259371875204e-05
Age,DrivQuality,MedCost,3.8433259371875204e-05
Age,DrivQuality,MedCost,3.8433259371875204e-05
Age,DrivingSkill,MakeModel,0.06827166563484292
Age,DrivingSkill,MakeModel,0.06827166563484292
Age,DrivingSkill,MakeModel,0.06827166563484292
Age,SeniorTrain,DrivQuality,3.0022777440194086e-119
Age,SeniorTrain,DrivQuality,3.0022777440194086e-119
Age,SeniorTrain,DrivQuality,3.0022777440194086e-119
Age,SeniorTrain,DrivQuality,3.0022777440194086e-119
Age,SeniorTrain,DrivQuality,3.0022777440194086e-119
Age,SeniorTrain,DrivQuality,3.0022777440194086e-119
Age,SeniorTrain,DrivQuality,3.0022777440194086e-119
Age,SeniorTrain,DrivQuality,3.0022777440194086e-119
Age,SeniorTrain,DrivQuality,3.0022777440194086e-119
Age,SeniorTrain,DrivQuality,3.0022777440194086e-119
Age,HomeBase,MakeModel,0.06514117060973697
Age,HomeBase,MakeModel,0.06514117060973697
Age,HomeBase,MakeModel,0.06514117060973697
Age,AntiTheft,RiskAversion,0.22043034592914318
Age,MedCost,DrivQuality,4.609876117590911e-05
Age,MedCost,DrivQuality,4.609876117590911e-05
Age,MedCost,DrivQuality,4.609876117590911e-05
Age,MedCost,DrivQuality,4.609876117590911e-05
Age,MedCost,DrivQuality,4.609876117590911e-05
Age,MedCost,DrivQuality,4.609876117590911e-05
Age,MedCost,DrivQuality,4.609876117590911e-05
Age,MedCost,DrivQuality,4.609876117590911e-05
Age,MedCost,DrivQuality,4.609876117590911e-05
Age,MedCost,DrivQuality,4.609876117590911e-05
Age,DrivHist,DrivQuality,0.010575626215651992
Age,DrivHist,DrivQuality,0.010575626215651992
Age,DrivHist,DrivQuality,0.010575626215651992
Age,DrivHist,DrivQuality,0.010575626215651992
Age,DrivHist,DrivQuality,0.010575626215651992
Age,DrivHist,DrivQuality,0.010575626215651992
Age,DrivHist,DrivQuality,0.010575626215651992
Age,DrivHist,DrivQuality,0.010575626215651992
Age,DrivHist,DrivQuality,0.010575626215651992
Age,DrivHist,DrivQuality,0.010575626215651992
SocioEcon,RiskAversion,RuggedAuto,7.078148339963931e-11
SocioEcon,RiskAversion,RuggedAuto,7.078148339963931e-11
SocioEcon,RiskAversion,RuggedAuto,7.078148339963931e-11
SocioEcon,RiskAversion,RuggedAuto,7.078148339963931e-11
SocioEcon,RiskAversion,RuggedAuto,7.078148339963931e-11
SocioEcon,RiskAversion,RuggedAuto,7.078148339963931e-11
SocioEcon,RiskAversion,RuggedAuto,7.078148339963931e-11
SocioEcon,RiskAversion,RuggedAuto,7.078148339963931e-11
SocioEcon,RiskAversion,RuggedAuto,7.078148339963931e-11
SocioEcon,RiskAversion,RuggedAuto,7.078148339963931e-11
SocioEcon,RiskAversion,RuggedAuto,7.078148339963931e-11
SocioEcon,RiskAversion,RuggedAuto,7.078148339963931e-11
SocioEcon,RiskAversion,RuggedAuto,7.078148339963931e-11
SocioEcon,RiskAversion,RuggedAuto,7.078148339963931e-11
SocioEcon,RiskAversion,RuggedAuto,7.078148339963931e-11
SocioEcon,RiskAversion,RuggedAuto,7.078148339963931e-11
SocioEcon,RiskAversion,RuggedAuto,7.078148339963931e-11
SocioEcon,RiskAversion,RuggedAuto,7.078148339963931e-11
SocioEcon,RiskAversion,RuggedAuto,7.078148339963931e-11
SocioEcon,RiskAversion,RuggedAuto,7.078148339963931e-11
SocioEcon,VehicleYear,RuggedAuto,3.856011916002338e-239
SocioEcon,VehicleYear,RuggedAuto,3.856011916002338e-239
SocioEcon,VehicleYear,RuggedAuto,3.856011916002338e-239
SocioEcon,VehicleYear,RuggedAuto,3.856011916002338e-239
SocioEcon,VehicleYear,RuggedAuto,3.856011916002338e-239
SocioEcon,VehicleYear,RuggedAuto,3.856011916002338e-239
SocioEcon,VehicleYear,RuggedAuto,3.856011916002338e-239
SocioEcon,VehicleYear,RuggedAuto,3.856011916002338e-239
SocioEcon,VehicleYear,RuggedAuto,3.856011916002338e-239
SocioEcon,VehicleYear,RuggedAuto,3.856011916002338e-239
SocioEcon,VehicleYear,RuggedAuto,3.856011916002338e-239
SocioEcon,VehicleYear,RuggedAuto,3.856011916002338e-239
SocioEcon,VehicleYear,RuggedAuto,3.856011916002338e-239
SocioEcon,VehicleYear,RuggedAuto,3.856011916002338e-239
SocioEcon,VehicleYear,RuggedAuto,3.856011916002338e-239
SocioEcon,VehicleYear,RuggedAuto,3.856011916002338e-239
SocioEcon,VehicleYear,RuggedAuto,3.856011916002338e-239
SocioEcon,VehicleYear,RuggedAuto,3.856011916002338e-239
SocioEcon,VehicleYear,RuggedAuto,3.856011916002338e-239
SocioEcon,VehicleYear,RuggedAuto,3.856011916002338e-239
SocioEcon,ThisCarDam,Cushioning,0.08449573458502004
SocioEcon,ThisCarDam,Cushioning,0.08449573458502004
SocioEcon,RuggedAuto,HomeBase,3.1074295183206227e-26
SocioEcon,RuggedAuto,HomeBase,3.1074295183206227e-26
SocioEcon,RuggedAuto,HomeBase,3.1074295183206227e-26
SocioEcon,RuggedAuto,HomeBase,3.1074295183206227e-26
SocioEcon,RuggedAuto,HomeBase,3.1074295183206227e-26
SocioEcon,RuggedAuto,HomeBase,3.1074295183206227e-26
SocioEcon,RuggedAuto,HomeBase,3.1074295183206227e-26
SocioEcon,RuggedAuto,HomeBase,3.1074295183206227e-26
SocioEcon,RuggedAuto,HomeBase,3.1074295183206227e-26
SocioEcon,RuggedAuto,HomeBase,3.1074295183206227e-26
SocioEcon,RuggedAuto,HomeBase,3.1074295183206227e-26
SocioEcon,RuggedAuto,HomeBase,3.1074295183206227e-26
SocioEcon,RuggedAuto,HomeBase,3.1074295183206227e-26
SocioEcon,RuggedAuto,HomeBase,3.1074295183206227e-26
SocioEcon,RuggedAuto,HomeBase,3.1074295183206227e-26
SocioEcon,RuggedAuto,HomeBase,3.1074295183206227e-26
SocioEcon,RuggedAuto,HomeBase,3.1074295183206227e-26
SocioEcon,RuggedAuto,HomeBase,3.1074295183206227e-26
SocioEcon,RuggedAuto,HomeBase,3.1074295183206227e-26
SocioEcon,RuggedAuto,HomeBase,3.1074295183206227e-26
SocioEcon,Accident,Antilock,0.733402969050629
SocioEcon,Accident,Antilock,0.733402969050629
SocioEcon,Accident,Antilock,0.733402969050629
SocioEcon,Accident,Antilock,0.733402969050629
SocioEcon,Accident,Antilock,0.733402969050629
SocioEcon,Accident,Antilock,0.733402969050629
SocioEcon,Accident,Antilock,0.733402969050629
SocioEcon,MakeModel,RuggedAuto,0.0
SocioEcon,MakeModel,RuggedAuto,0.0
SocioEcon,MakeModel,RuggedAuto,0.0
SocioEcon,MakeModel,RuggedAuto,0.0
SocioEcon,MakeModel,RuggedAuto,0.0
SocioEcon,MakeModel,RuggedAuto,0.0
SocioEcon,MakeModel,RuggedAuto,0.0
SocioEcon,MakeModel,RuggedAuto,0.0
SocioEcon,MakeModel,RuggedAuto,0.0
SocioEcon,MakeModel,RuggedAuto,0.0
SocioEcon,MakeModel,RuggedAuto,0.0
SocioEcon,MakeModel,RuggedAuto,0.0
SocioEcon,MakeModel,RuggedAuto,0.0
SocioEcon,MakeModel,RuggedAuto,0.0
SocioEcon,MakeModel,RuggedAuto,0.0
SocioEcon,MakeModel,RuggedAuto,0.0
SocioEcon,MakeModel,RuggedAuto,0.0
SocioEcon,MakeModel,RuggedAuto,0.0
SocioEcon,MakeModel,RuggedAuto,0.0
SocioEcon,MakeModel,RuggedAuto,0.0
SocioEcon,Antilock,RuggedAuto,5.351061456592369e-257
SocioEcon,Antilock,RuggedAuto,5.351061456592369e-257
SocioEcon,Antilock,RuggedAuto,5.351061456592369e-257
SocioEcon,Antilock,RuggedAuto,5.351061456592369e-257
SocioEcon,Antilock,RuggedAuto,5.351061456592369e-257
SocioEcon,Antilock,RuggedAuto,5.351061456592369e-257
SocioEcon,Antilock,RuggedAuto,5.351061456592369e-257
SocioEcon,Antilock,RuggedAuto,5.351061456592369e-257
SocioEcon,Antilock,RuggedAuto,5.351061456592369e-257
SocioEcon,Antilock,RuggedAuto,5.351061456592369e-257
SocioEcon,Antilock,RuggedAuto,5.351061456592369e-257
SocioEcon,Antilock,RuggedAuto,5.351061456592369e-257
SocioEcon,Antilock,RuggedAuto,5.351061456592369e-257
SocioEcon,Antilock,RuggedAuto,5.351061456592369e-257
SocioEcon,Antilock,RuggedAuto,5.351061456592369e-257
SocioEcon,Antilock,RuggedAuto,5.351061456592369e-257
SocioEcon,Antilock,RuggedAuto,5.351061456592369e-257
SocioEcon,Antilock,RuggedAuto,5.351061456592369e-257
SocioEcon,Antilock,RuggedAuto,5.351061456592369e-257
SocioEcon,Antilock,RuggedAuto,5.351061456592369e-257
SocioEcon,DrivingSkill,VehicleYear,0.06244122124849854
SocioEcon,SeniorTrain,MedCost,0.055986584105756104
SocioEcon,SeniorTrain,MedCost,0.055986584105756104
SocioEcon,SeniorTrain,MedCost,0.055986584105756104
SocioEcon,ThisCarCost,RuggedAuto,2.0113694324654118e-144
SocioEcon,ThisCarCost,RuggedAuto,2.0113694324654118e-144
SocioEcon,ThisCarCost,RuggedAuto,2.0113694324654118e-144
SocioEcon,ThisCarCost,RuggedAuto,2.0113694324654118e-144
SocioEcon,ThisCarCost,RuggedAuto,2.0113694324654118e-144
SocioEcon,ThisCarCost,RuggedAuto,2.0113694324654118e-144
SocioEcon,ThisCarCost,RuggedAuto,2.0113694324654118e-144
SocioEcon,ThisCarCost,RuggedAuto,2.0113694324654118e-144
SocioEcon,ThisCarCost,RuggedAuto,2.0113694324654118e-144
SocioEcon,ThisCarCost,RuggedAuto,2.0113694324654118e-144
SocioEcon,ThisCarCost,RuggedAuto,2.0113694324654118e-144
SocioEcon,ThisCarCost,RuggedAuto,2.0113694324654118e-144
SocioEcon,ThisCarCost,RuggedAuto,2.0113694324654118e-144
SocioEcon,ThisCarCost,RuggedAuto,2.0113694324654118e-144
SocioEcon,ThisCarCost,RuggedAuto,2.0113694324654118e-144
SocioEcon,ThisCarCost,RuggedAuto,2.0113694324654118e-144
SocioEcon,ThisCarCost,RuggedAuto,2.0113694324654118e-144
SocioEcon,ThisCarCost,RuggedAuto,2.0113694324654118e-144
SocioEcon,ThisCarCost,RuggedAuto,2.0113694324654118e-144
SocioEcon,ThisCarCost,RuggedAuto,2.0113694324654118e-144
SocioEcon,CarValue,RuggedAuto,0.0
SocioEcon,CarValue,RuggedAuto,0.0
SocioEcon,CarValue,RuggedAuto,0.0
SocioEcon,CarValue,RuggedAuto,0.0
SocioEcon,CarValue,RuggedAuto,0.0
SocioEcon,CarValue,RuggedAuto,0.0
SocioEcon,CarValue,RuggedAuto,0.0
SocioEcon,CarValue,RuggedAuto,0.0
SocioEcon,CarValue,RuggedAuto,0.0
SocioEcon,CarValue,RuggedAuto,0.0
SocioEcon,CarValue,RuggedAuto,0.0
SocioEcon,CarValue,RuggedAuto,0.0
SocioEcon,CarValue,RuggedAuto,0.0
SocioEcon,CarValue,RuggedAuto,0.0
SocioEcon,CarValue,RuggedAuto,0.0
SocioEcon,CarValue,RuggedAuto,0.0
SocioEcon,CarValue,RuggedAuto,0.0
SocioEcon,CarValue,RuggedAuto,0.0
SocioEcon,CarValue,RuggedAuto,0.0
SocioEcon,CarValue,RuggedAuto,0.0
SocioEcon,HomeBase,RuggedAuto,0.0
SocioEcon,HomeBase,RuggedAuto,0.0
SocioEcon,HomeBase,RuggedAuto,0.0
SocioEcon,HomeBase,RuggedAuto,0.0
SocioEcon,HomeBase,RuggedAuto,0.0
SocioEcon,HomeBase,RuggedAuto,0.0
SocioEcon,HomeBase,RuggedAuto,0.0
SocioEcon,HomeBase,RuggedAuto,0.0
SocioEcon,HomeBase,RuggedAuto,0.0
SocioEcon,HomeBase,RuggedAuto,0.0
SocioEcon,HomeBase,RuggedAuto,0.0
SocioEcon,HomeBase,RuggedAuto,0.0
SocioEcon,HomeBase,RuggedAuto,0.0
SocioEcon,HomeBase,RuggedAuto,0.0
SocioEcon,HomeBase,RuggedAuto,0.0
SocioEcon,HomeBase,RuggedAuto,0.0
SocioEcon,HomeBase,RuggedAuto,0.0
SocioEcon,HomeBase,RuggedAuto,0.0
SocioEcon,HomeBase,RuggedAuto,0.0
SocioEcon,HomeBase,RuggedAuto,0.0
SocioEcon,AntiTheft,RuggedAuto,6.454432887478312e-82
SocioEcon,AntiTheft,RuggedAuto,6.454432887478312e-82
SocioEcon,AntiTheft,RuggedAuto,6.454432887478312e-82
SocioEcon,AntiTheft,RuggedAuto,6.454432887478312e-82
SocioEcon,AntiTheft,RuggedAuto,6.454432887478312e-82
SocioEcon,AntiTheft,RuggedAuto,6.454432887478312e-82
SocioEcon,AntiTheft,RuggedAuto,6.454432887478312e-82
SocioEcon,AntiTheft,RuggedAuto,6.454432887478312e-82
SocioEcon,AntiTheft,RuggedAuto,6.454432887478312e-82
SocioEcon,AntiTheft,RuggedAuto,6.454432887478312e-82
SocioEcon,AntiTheft,RuggedAuto,6.454432887478312e-82
SocioEcon,AntiTheft,RuggedAuto,6.454432887478312e-82
SocioEcon,AntiTheft,RuggedAuto,6.454432887478312e-82
SocioEcon,AntiTheft,RuggedAuto,6.454432887478312e-82
SocioEcon,AntiTheft,RuggedAuto,6.454432887478312e-82
SocioEcon,AntiTheft,RuggedAuto,6.454432887478312e-82
SocioEcon,AntiTheft,RuggedAuto,6.454432887478312e-82
SocioEcon,AntiTheft,RuggedAuto,6.454432887478312e-82
SocioEcon,AntiTheft,RuggedAuto,6.454432887478312e-82
SocioEcon,AntiTheft,RuggedAuto,6.454432887478312e-82
SocioEcon,PropCost,MakeModel,0.05945043745593768
SocioEcon,PropCost,MakeModel,0.05945043745593768
SocioEcon,PropCost,MakeModel,0.05945043745593768
SocioEcon,PropCost,MakeModel,0.05945043745593768
SocioEcon,PropCost,MakeModel,0.05945043745593768
SocioEcon,PropCost,MakeModel,0.05945043745593768
SocioEcon,PropCost,MakeModel,0.05945043745593768
SocioEcon,PropCost,MakeModel,0.05945043745593768
SocioEcon,PropCost,MakeModel,0.05945043745593768
SocioEcon,PropCost,MakeModel,0.05945043745593768
SocioEcon,PropCost,MakeModel,0.05945043745593768
SocioEcon,PropCost,MakeModel,0.05945043745593768
SocioEcon,OtherCarCost,VehicleYear,0.05006690513557402
SocioEcon,OtherCar,RuggedAuto,2.2758143536412322e-119
SocioEcon,OtherCar,RuggedAuto,2.2758143536412322e-119
SocioEcon,OtherCar,RuggedAuto,2.2758143536412322e-119
SocioEcon,OtherCar,RuggedAuto,2.2758143536412322e-119
SocioEcon,OtherCar,RuggedAuto,2.2758143536412322e-119
SocioEcon,OtherCar,RuggedAuto,2.2758143536412322e-119
SocioEcon,OtherCar,RuggedAuto,2.2758143536412322e-119
SocioEcon,OtherCar,RuggedAuto,2.2758143536412322e-119
SocioEcon,OtherCar,RuggedAuto,2.2758143536412322e-119
SocioEcon,OtherCar,RuggedAuto,2.2758143536412322e-119
SocioEcon,OtherCar,RuggedAuto,2.2758143536412322e-119
SocioEcon,OtherCar,RuggedAuto,2.2758143536412322e-119
SocioEcon,OtherCar,RuggedAuto,2.2758143536412322e-119
SocioEcon,OtherCar,RuggedAuto,2.2758143536412322e-119
SocioEcon,OtherCar,RuggedAuto,2.2758143536412322e-119
SocioEcon,OtherCar,RuggedAuto,2.2758143536412322e-119
SocioEcon,OtherCar,RuggedAuto,2.2758143536412322e-119
SocioEcon,OtherCar,RuggedAuto,2.2758143536412322e-119
SocioEcon,OtherCar,RuggedAuto,2.2758143536412322e-119
SocioEcon,OtherCar,RuggedAuto,2.2758143536412322e-119
SocioEcon,MedCost,Cushioning,0.579161753486283
SocioEcon,MedCost,Cushioning,0.579161753486283
SocioEcon,Cushioning,RuggedAuto,1.827187500774285e-49
SocioEcon,Cushioning,RuggedAuto,1.827187500774285e-49
SocioEcon,Cushioning,RuggedAuto,1.827187500774285e-49
SocioEcon,Cushioning,RuggedAuto,1.827187500774285e-49
SocioEcon,Cushioning,RuggedAuto,1.827187500774285e-49
SocioEcon,Cushioning,RuggedAuto,1.827187500774285e-49
SocioEcon,Cushioning,RuggedAuto,1.827187500774285e-49
SocioEcon,Cushioning,RuggedAuto,1.827187500774285e-49
SocioEcon,Cushioning,RuggedAuto,1.827187500774285e-49
SocioEcon,Cushioning,RuggedAuto,1.827187500774285e-49
SocioEcon,Cushioning,RuggedAuto,1.827187500774285e-49
SocioEcon,Cushioning,RuggedAuto,1.827187500774285e-49
SocioEcon,Cushioning,RuggedAuto,1.827187500774285e-49
SocioEcon,Cushioning,RuggedAuto,1.827187500774285e-49
SocioEcon,Cushioning,RuggedAuto,1.827187500774285e-49
SocioEcon,Cushioning,RuggedAuto,1.827187500774285e-49
SocioEcon,Cushioning,RuggedAuto,1.827187500774285e-49
SocioEcon,Cushioning,RuggedAuto,1.827187500774285e-49
SocioEcon,Cushioning,RuggedAuto,1.827187500774285e-49
SocioEcon,Cushioning,RuggedAuto,1.827187500774285e-49
SocioEcon,Airbag,RuggedAuto,1.5802109338990594e-204
SocioEcon,Airbag,RuggedAuto,1.5802109338990594e-204
SocioEcon,Airbag,RuggedAuto,1.5802109338990594e-204
SocioEcon,Airbag,RuggedAuto,1.5802109338990594e-204
SocioEcon,Airbag,RuggedAuto,1.5802109338990594e-204
SocioEcon,Airbag,RuggedAuto,1.5802109338990594e-204
SocioEcon,Airbag,RuggedAuto,1.5802109338990594e-204
SocioEcon,Airbag,RuggedAuto,1.5802109338990594e-204
SocioEcon,Airbag,RuggedAuto,1.5802109338990594e-204
SocioEcon,Airbag,RuggedAuto,1.5802109338990594e-204
SocioEcon,Airbag,RuggedAuto,1.5802109338990594e-204
SocioEcon,Airbag,RuggedAuto,1.5802109338990594e-204
SocioEcon,Airbag,RuggedAuto,1.5802109338990594e-204
SocioEcon,Airbag,RuggedAuto,1.5802109338990594e-204
SocioEcon,Airbag,RuggedAuto,1.5802109338990594e-204
SocioEcon,Airbag,RuggedAuto,1.5802109338990594e-204
SocioEcon,Airbag,RuggedAuto,1.5802109338990594e-204
SocioEcon,Airbag,RuggedAuto,1.5802109338990594e-204
SocioEcon,Airbag,RuggedAuto,1.5802109338990594e-204
SocioEcon,Airbag,RuggedAuto,1.5802109338990594e-204
RiskAversion,RuggedAuto,MakeModel,0.3114124488167672
RiskAversion,RuggedAuto,MakeModel,0.3114124488167672
RiskAversion,RuggedAuto,MakeModel,0.3114124488167672
RiskAversion,MakeModel,SocioEcon,0.6294358791721308
RiskAversion,MakeModel,SocioEcon,0.6294358791721308
RiskAversion,MakeModel,SocioEcon,0.6294358791721308
RiskAversion,MakeModel,SocioEcon,0.6294358791721308
RiskAversion,MakeModel,SocioEcon,0.6294358791721308
RiskAversion,MakeModel,SocioEcon,0.6294358791721308
RiskAversion,MakeModel,SocioEcon,0.6294358791721308
RiskAversion,MakeModel,SocioEcon,0.6294358791721308
RiskAversion,MakeModel,SocioEcon,0.6294358791721308
RiskAversion,DrivQuality,RuggedAuto,2.5783620743804865e-14
RiskAversion,DrivQuality,RuggedAuto,2.5783620743804865e-14
RiskAversion,DrivQuality,RuggedAuto,2.5783620743804865e-14
RiskAversion,DrivQuality,RuggedAuto,2.5783620743804865e-14
RiskAversion,DrivQuality,RuggedAuto,2.5783620743804865e-14
RiskAversion,DrivQuality,RuggedAuto,2.5783620743804865e-14
RiskAversion,DrivQuality,RuggedAuto,2.5783620743804865e-14
RiskAversion,DrivQuality,RuggedAuto,2.5783620743804865e-14
RiskAversion,DrivQuality,RuggedAuto,2.5783620743804865e-14
RiskAversion,DrivQuality,RuggedAuto,2.5783620743804865e-14
RiskAversion,DrivQuality,RuggedAuto,2.5783620743804865e-14
RiskAversion,DrivingSkill,DrivQuality,1.0863602414582343e-206
RiskAversion,DrivingSkill,DrivQuality,1.0863602414582343e-206
RiskAversion,DrivingSkill,DrivQuality,1.0863602414582343e-206
RiskAversion,DrivingSkill,DrivQuality,1.0863602414582343e-206
RiskAversion,DrivingSkill,DrivQuality,1.0863602414582343e-206
RiskAversion,DrivingSkill,DrivQuality,1.0863602414582343e-206
RiskAversion,DrivingSkill,DrivQuality,1.0863602414582343e-206
RiskAversion,DrivingSkill,DrivQuality,1.0863602414582343e-206
RiskAversion,DrivingSkill,DrivQuality,1.0863602414582343e-206
RiskAversion,DrivingSkill,DrivQuality,1.0863602414582343e-206
RiskAversion,DrivingSkill,DrivQuality,1.0863602414582343e-206
RiskAversion,SeniorTrain,DrivQuality,8.094767751095239e-52
RiskAversion,SeniorTrain,DrivQuality,8.094767751095239e-52
RiskAversion,SeniorTrain,DrivQuality,8.094767751095239e-52
RiskAversion,SeniorTrain,DrivQuality,8.094767751095239e-52
RiskAversion,SeniorTrain,DrivQuality,8.094767751095239e-52
RiskAversion,SeniorTrain,DrivQuality,8.094767751095239e-52
RiskAversion,SeniorTrain,DrivQuality,8.094767751095239e-52
RiskAversion,SeniorTrain,DrivQuality,8.094767751095239e-52
RiskAversion,SeniorTrain,DrivQuality,8.094767751095239e-52
RiskAversion,SeniorTrain,DrivQuality,8.094767751095239e-52
RiskAversion,SeniorTrain,DrivQuality,8.094767751095239e-52
RiskAversion,HomeBase,DrivQuality,2.5119447954179737e-190
RiskAversion,HomeBase,DrivQuality,2.5119447954179737e-190
RiskAversion,HomeBase,DrivQuality,2.5119447954179737e-190
RiskAversion,HomeBase,DrivQuality,2.5119447954179737e-190
RiskAversion,HomeBase,DrivQuality,2.5119447954179737e-190
RiskAversion,HomeBase,DrivQuality,2.5119447954179737e-190
RiskAversion,HomeBase,DrivQuality,2.5119447954179737e-190
RiskAversion,HomeBase,DrivQuality,2.5119447954179737e-190
RiskAversion,HomeBase,DrivQuality,2.5119447954179737e-190
RiskAversion,HomeBase,DrivQuality,2.5119447954179737e-190
RiskAversion,HomeBase,DrivQuality,2.5119447954179737e-190
RiskAversion,AntiTheft,DrivQuality,0.0
RiskAversion,AntiTheft,DrivQuality,0.0
RiskAversion,AntiTheft,DrivQuality,0.0
RiskAversion,AntiTheft,DrivQuality,0.0
RiskAversion,AntiTheft,DrivQuality,0.0
RiskAversion,AntiTheft,DrivQuality,0.0
RiskAversion,AntiTheft,DrivQuality,0.0
RiskAversion,AntiTheft,DrivQuality,0.0
RiskAversion,AntiTheft,DrivQuality,0.0
RiskAversion,AntiTheft,DrivQuality,0.0
RiskAversion,AntiTheft,DrivQuality,0.0
RiskAversion,Cushioning,DrivingSkill,0.13517106580207683
RiskAversion,Cushioning,DrivingSkill,0.13517106580207683
RiskAversion,Cushioning,DrivingSkill,0.13517106580207683
RiskAversion,DrivHist,DrivQuality,9.24770694602795e-102
RiskAversion,DrivHist,DrivQuality,9.24770694602795e-102
RiskAversion,DrivHist,DrivQuality,9.24770694602795e-102
RiskAversion,DrivHist,DrivQuality,9.24770694602795e-102
RiskAversion,DrivHist,DrivQuality,9.24770694602795e-102
RiskAversion,DrivHist,DrivQuality,9.24770694602795e-102
RiskAversion,DrivHist,DrivQuality,9.24770694602795e-102
RiskAversion,DrivHist,DrivQuality,9.24770694602795e-102
RiskAversion,DrivHist,DrivQuality,9.24770694602795e-102
RiskAversion,DrivHist,DrivQuality,9.24770694602795e-102
RiskAversion,DrivHist,DrivQuality,9.24770694602795e-102
VehicleYear,ThisCarDam,Cushioning,0.27641998309500676
VehicleYear,RuggedAuto,MedCost,1.6166806872240023e-21
VehicleYear,RuggedAuto,MedCost,1.6166806872240023e-21
VehicleYear,RuggedAuto,MedCost,1.6166806872240023e-21
VehicleYear,RuggedAuto,MedCost,1.6166806872240023e-21
VehicleYear,RuggedAuto,MedCost,1.6166806872240023e-21
VehicleYear,RuggedAuto,MedCost,1.6166806872240023e-21
VehicleYear,RuggedAuto,MedCost,1.6166806872240023e-21
VehicleYear,RuggedAuto,MedCost,1.6166806872240023e-21
VehicleYear,RuggedAuto,MedCost,1.6166806872240023e-21
VehicleYear,RuggedAuto,MedCost,1.6166806872240023e-21
VehicleYear,RuggedAuto,MedCost,1.6166806872240023e-21
VehicleYear,RuggedAuto,MedCost,1.6166806872240023e-21
VehicleYear,RuggedAuto,MedCost,1.6166806872240023e-21
VehicleYear,RuggedAuto,MedCost,1.6166806872240023e-21
VehicleYear,RuggedAuto,MedCost,1.6166806872240023e-21
VehicleYear,RuggedAuto,MedCost,1.6166806872240023e-21
VehicleYear,Accident,Antilock,0.3268092698969721
VehicleYear,Accident,Antilock,0.3268092698969721
VehicleYear,Accident,Antilock,0.3268092698969721
VehicleYear,Accident,Antilock,0.3268092698969721
VehicleYear,Accident,Antilock,0.3268092698969721
VehicleYear,MakeModel,SocioEcon,0.27309983853748804
VehicleYear,MakeModel,SocioEcon,0.27309983853748804
VehicleYear,MakeModel,SocioEcon,0.27309983853748804
VehicleYear,MakeModel,SocioEcon,0.27309983853748804
VehicleYear,MakeModel,SocioEcon,0.27309983853748804
VehicleYear,Antilock,MedCost,6.410462345645292e-298
VehicleYear,Antilock,MedCost,6.410462345645292e-298
VehicleYear,Antilock,MedCost,6.410462345645292e-298
VehicleYear,Antilock,MedCost,6.410462345645292e-298
VehicleYear,Antilock,MedCost,6.410462345645292e-298
VehicleYear,Antilock,MedCost,6.410462345645292e-298
VehicleYear,Antilock,MedCost,6.410462345645292e-298
VehicleYear,Antilock,MedCost,6.410462345645292e-298
VehicleYear,Antilock,MedCost,6.410462345645292e-298
VehicleYear,Antilock,MedCost,6.410462345645292e-298
VehicleYear,Antilock,MedCost,6.410462345645292e-298
VehicleYear,Antilock,MedCost,6.410462345645292e-298
VehicleYear,Antilock,MedCost,6.410462345645292e-298
VehicleYear,Antilock,MedCost,6.410462345645292e-298
VehicleYear,Antilock,MedCost,6.410462345645292e-298
VehicleYear,Antilock,MedCost,6.410462345645292e-298
VehicleYear,ThisCarCost,MedCost,1.8237660047776866e-208
VehicleYear,ThisCarCost,MedCost,1.8237660047776866e-208
VehicleYear,ThisCarCost,MedCost,1.8237660047776866e-208
VehicleYear,ThisCarCost,MedCost,1.8237660047776866e-208
VehicleYear,ThisCarCost,MedCost,1.8237660047776866e-208
VehicleYear,ThisCarCost,MedCost,1.8237660047776866e-208
VehicleYear,ThisCarCost,MedCost,1.8237660047776866e-208
VehicleYear,ThisCarCost,MedCost,1.8237660047776866e-208
VehicleYear,ThisCarCost,MedCost,1.8237660047776866e-208
VehicleYear,ThisCarCost,MedCost,1.8237660047776866e-208
VehicleYear,ThisCarCost,MedCost,1.8237660047776866e-208
VehicleYear,ThisCarCost,MedCost,1.8237660047776866e-208
VehicleYear,ThisCarCost,MedCost,1.8237660047776866e-208
VehicleYear,ThisCarCost,MedCost,1.8237660047776866e-208
VehicleYear,ThisCarCost,MedCost,1.8237660047776866e-208
VehicleYear,ThisCarCost,MedCost,1.8237660047776866e-208
VehicleYear,CarValue,MedCost,0.0
VehicleYear,CarValue,MedCost,0.0
VehicleYear,CarValue,MedCost,0.0
VehicleYear,CarValue,MedCost,0.0
VehicleYear,CarValue,MedCost,0.0
VehicleYear,CarValue,MedCost,0.0
VehicleYear,CarValue,MedCost,0.0
VehicleYear,CarValue,MedCost,0.0
VehicleYear,CarValue,MedCost,0.0
VehicleYear,CarValue,MedCost,0.0
VehicleYear,CarValue,MedCost,0.0
VehicleYear,CarValue,MedCost,0.0
VehicleYear,CarValue,MedCost,0.0
VehicleYear,CarValue,MedCost,0.0
VehicleYear,CarValue,MedCost,0.0
VehicleYear,CarValue,MedCost,0.0
VehicleYear,HomeBase,SocioEcon,0.5655608947252031
VehicleYear,HomeBase,SocioEcon,0.5655608947252031
VehicleYear,HomeBase,SocioEcon,0.5655608947252031
VehicleYear,HomeBase,SocioEcon,0.5655608947252031
VehicleYear,HomeBase,SocioEcon,0.5655608947252031
VehicleYear,AntiTheft,SocioEcon,0.5179719860322176
VehicleYear,AntiTheft,SocioEcon,0.5179719860322176
VehicleYear,AntiTheft,SocioEcon,0.5179719860322176
VehicleYear,AntiTheft,SocioEcon,0.5179719860322176
VehicleYear,AntiTheft,SocioEcon,0.5179719860322176
VehicleYear,PropCost,CarValue,0.7401377376025575
VehicleYear,PropCost,CarValue,0.7401377376025575
VehicleYear,PropCost,CarValue,0.7401377376025575
VehicleYear,PropCost,CarValue,0.7401377376025575
VehicleYear,PropCost,CarValue,0.7401377376025575
VehicleYear,PropCost,CarValue,0.7401377376025575
VehicleYear,PropCost,CarValue,0.7401377376025575
VehicleYear,PropCost,CarValue,0.7401377376025575
VehicleYear,PropCost,CarValue,0.7401377376025575
VehicleYear,PropCost,CarValue,0.7401377376025575
VehicleYear,PropCost,CarValue,0.7401377376025575
VehicleYear,PropCost,CarValue,0.7401377376025575
VehicleYear,PropCost,CarValue,0.7401377376025575
VehicleYear,PropCost,CarValue,0.7401377376025575
VehicleYear,OtherCarCost,Accident,0.1934301147649411
VehicleYear,OtherCarCost,Accident,0.1934301147649411
VehicleYear,OtherCar,SocioEcon,0.24943350454224442
VehicleYear,OtherCar,SocioEcon,0.24943350454224442
VehicleYear,OtherCar,SocioEcon,0.24943350454224442
VehicleYear,OtherCar,SocioEcon,0.24943350454224442
VehicleYear,OtherCar,SocioEcon,0.24943350454224442
VehicleYear,MedCost,Cushioning,0.6842500247039354
VehicleYear,Cushioning,MedCost,9.212143688772848e-85
VehicleYear,Cushioning,MedCost,9.212143688772848e-85
VehicleYear,Cushioning,MedCost,9.212143688772848e-85
VehicleYear,Cushioning,MedCost,9.212143688772848e-85
VehicleYear,Cushioning,MedCost,9.212143688772848e-85
VehicleYear,Cushioning,MedCost,9.212143688772848e-85
VehicleYear,Cushioning,MedCost,9.212143688772848e-85
VehicleYear,Cushioning,MedCost,9.212143688772848e-85
VehicleYear,Cushioning,MedCost,9.212143688772848e-85
VehicleYear,Cushioning,MedCost,9.212143688772848e-85
VehicleYear,Cushioning,MedCost,9.212143688772848e-85
VehicleYear,Cushioning,MedCost,9.212143688772848e-85
VehicleYear,Cushioning,MedCost,9.212143688772848e-85
VehicleYear,Cushioning,MedCost,9.212143688772848e-85
VehicleYear,Cushioning,MedCost,9.212143688772848e-85
VehicleYear,Cushioning,MedCost,9.212143688772848e-85
VehicleYear,Airbag,MedCost,0.0
VehicleYear,Airbag,MedCost,0.0
VehicleYear,Airbag,MedCost,0.0
VehicleYear,Airbag,MedCost,0.0
VehicleYear,Airbag,MedCost,0.0
VehicleYear,Airbag,MedCost,0.0
VehicleYear,Airbag,MedCost,0.0
VehicleYear,Airbag,MedCost,0.0
VehicleYear,Airbag,MedCost,0.0
VehicleYear,Airbag,MedCost,0.0
VehicleYear,Airbag,MedCost,0.0
VehicleYear,Airbag,MedCost,0.0
VehicleYear,Airbag,MedCost,0.0
VehicleYear,Airbag,MedCost,0.0
VehicleYear,Airbag,MedCost,0.0
VehicleYear,Airbag,MedCost,0.0
ThisCarDam,RuggedAuto,DrivHist,4.825951363970251e-19
ThisCarDam,RuggedAuto,DrivHist,4.825951363970251e-19
ThisCarDam,RuggedAuto,DrivHist,4.825951363970251e-19
ThisCarDam,RuggedAuto,DrivHist,4.825951363970251e-19
ThisCarDam,RuggedAuto,DrivHist,4.825951363970251e-19
ThisCarDam,RuggedAuto,DrivHist,4.825951363970251e-19
ThisCarDam,RuggedAuto,DrivHist,4.825951363970251e-19
ThisCarDam,RuggedAuto,DrivHist,4.825951363970251e-19
ThisCarDam,RuggedAuto,DrivHist,4.825951363970251e-19
ThisCarDam,RuggedAuto,DrivHist,4.825951363970251e-19
ThisCarDam,RuggedAuto,DrivHist,4.825951363970251e-19
ThisCarDam,RuggedAuto,DrivHist,4.825951363970251e-19
ThisCarDam,RuggedAuto,DrivHist,4.825951363970251e-19
ThisCarDam,RuggedAuto,DrivHist,4.825951363970251e-19
ThisCarDam,RuggedAuto,DrivHist,4.825951363970251e-19
ThisCarDam,RuggedAuto,DrivHist,4.825951363970251e-19
ThisCarDam,RuggedAuto,DrivHist,4.825951363970251e-19
ThisCarDam,RuggedAuto,DrivHist,4.825951363970251e-19
ThisCarDam,RuggedAuto,DrivHist,4.825951363970251e-19
ThisCarDam,Accident,DrivHist,0.0
ThisCarDam,Accident,DrivHist,0.0
ThisCarDam,Accident,DrivHist,0.0
ThisCarDam,Accident,DrivHist,0.0
ThisCarDam,Accident,DrivHist,0.0
ThisCarDam,Accident,DrivHist,0.0
ThisCarDam,Accident,DrivHist,0.0
ThisCarDam,Accident,DrivHist,0.0
ThisCarDam,Accident,DrivHist,0.0
ThisCarDam,Accident,DrivHist,0.0
ThisCarDam,Accident,DrivHist,0.0
ThisCarDam,Accident,DrivHist,0.0
ThisCarDam,Accident,DrivHist,0.0
ThisCarDam,Accident,DrivHist,0.0
ThisCarDam,Accident,DrivHist,0.0
ThisCarDam,Accident,DrivHist,0.0
ThisCarDam,Accident,DrivHist,0.0
ThisCarDam,Accident,DrivHist,0.0
ThisCarDam,Accident,DrivHist,0.0
ThisCarDam,MakeModel,CarValue,0.4572641441051065
ThisCarDam,MakeModel,CarValue,0.4572641441051065
ThisCarDam,MakeModel,CarValue,0.4572641441051065
ThisCarDam,MakeModel,CarValue,0.4572641441051065
ThisCarDam,MakeModel,CarValue,0.4572641441051065
ThisCarDam,MakeModel,CarValue,0.4572641441051065
ThisCarDam,MakeModel,CarValue,0.4572641441051065
ThisCarDam,MakeModel,CarValue,0.4572641441051065
ThisCarDam,MakeModel,CarValue,0.4572641441051065
ThisCarDam,MakeModel,CarValue,0.4572641441051065
ThisCarDam,MakeModel,CarValue,0.4572641441051065
ThisCarDam,MakeModel,CarValue,0.4572641441051065
ThisCarDam,MakeModel,CarValue,0.4572641441051065
ThisCarDam,MakeModel,CarValue,0.4572641441051065
ThisCarDam,MakeModel,CarValue,0.4572641441051065
ThisCarDam,MakeModel,CarValue,0.4572641441051065
ThisCarDam,DrivQuality,Accident,0.30018945966443034
ThisCarDam,DrivQuality,Accident,0.30018945966443034
ThisCarDam,DrivQuality,Accident,0.30018945966443034
ThisCarDam,DrivQuality,Accident,0.30018945966443034
ThisCarDam,Mileage,Accident,0.9114306960487378
ThisCarDam,Mileage,Accident,0.9114306960487378
ThisCarDam,Mileage,Accident,0.9114306960487378
ThisCarDam,Mileage,Accident,0.9114306960487378
ThisCarDam,Antilock,Accident,0.1335551595790779
ThisCarDam,Antilock,Accident,0.1335551595790779
ThisCarDam,Antilock,Accident,0.1335551595790779
ThisCarDam,Antilock,Accident,0.1335551595790779
ThisCarDam,DrivingSkill,Accident,0.18094913691529269
ThisCarDam,DrivingSkill,Accident,0.18094913691529269
ThisCarDam,DrivingSkill,Accident,0.18094913691529269
ThisCarDam,DrivingSkill,Accident,0.18094913691529269
ThisCarDam,ThisCarCost,DrivHist,0.0
ThisCarDam,ThisCarCost,DrivHist,0.0
ThisCarDam,ThisCarCost,DrivHist,0.0
ThisCarDam,ThisCarCost,DrivHist,0.0
ThisCarDam,ThisCarCost,DrivHist,0.0
ThisCarDam,ThisCarCost,DrivHist,0.0
ThisCarDam,ThisCarCost,DrivHist,0.0
ThisCarDam,ThisCarCost,DrivHist,0.0
ThisCarDam,ThisCarCost,DrivHist,0.0
ThisCarDam,ThisCarCost,DrivHist,0.0
ThisCarDam,ThisCarCost,DrivHist,0.0
ThisCarDam,ThisCarCost,DrivHist,0.0
ThisCarDam,ThisCarCost,DrivHist,0.0
ThisCarDam,ThisCarCost,DrivHist,0.0
ThisCarDam,ThisCarCost,DrivHist,0.0
ThisCarDam,ThisCarCost,DrivHist,0.0
ThisCarDam,ThisCarCost,DrivHist,0.0
ThisCarDam,ThisCarCost,DrivHist,0.0
ThisCarDam,ThisCarCost,DrivHist,0.0
ThisCarDam,CarValue,Antilock,0.13301763959008475
ThisCarDam,CarValue,Antilock,0.13301763959008475
ThisCarDam,CarValue,Antilock,0.13301763959008475
ThisCarDam,CarValue,Antilock,0.13301763959008475
ThisCarDam,CarValue,Antilock,0.13301763959008475
ThisCarDam,CarValue,Antilock,0.13301763959008475
ThisCarDam,CarValue,Antilock,0.13301763959008475
ThisCarDam,CarValue,Antilock,0.13301763959008475
ThisCarDam,CarValue,Antilock,0.13301763959008475
ThisCarDam,HomeBase,VehicleYear,0.3756422474877629
ThisCarDam,PropCost,DrivHist,0.0
ThisCarDam,PropCost,DrivHist,0.0
ThisCarDam,PropCost,DrivHist,0.0
ThisCarDam,PropCost,DrivHist,0.0
ThisCarDam,PropCost,DrivHist,0.0
ThisCarDam,PropCost,DrivHist,0.0
ThisCarDam,PropCost,DrivHist,0.0
ThisCarDam,PropCost,DrivHist,0.0
ThisCarDam,PropCost,DrivHist,0.0
ThisCarDam,PropCost,DrivHist,0.0
ThisCarDam,PropCost,DrivHist,0.0
ThisCarDam,PropCost,DrivHist,0.0
ThisCarDam,PropCost,DrivHist,0.0
ThisCarDam,PropCost,DrivHist,0.0
ThisCarDam,PropCost,DrivHist,0.0
ThisCarDam,PropCost,DrivHist,0.0
ThisCarDam,PropCost,DrivHist,0.0
ThisCarDam,PropCost,DrivHist,0.0
ThisCarDam,PropCost,DrivHist,0.0
ThisCarDam,OtherCarCost,DrivHist,3.612116148205254e-300
ThisCarDam,OtherCarCost,DrivHist,3.612116148205254e-300
ThisCarDam,OtherCarCost,DrivHist,3.612116148205254e-300
ThisCarDam,OtherCarCost,DrivHist,3.612116148205254e-300
ThisCarDam,OtherCarCost,DrivHist,3.612116148205254e-300
ThisCarDam,OtherCarCost,DrivHist,3.612116148205254e-300
ThisCarDam,OtherCarCost,DrivHist,3.612116148205254e-300
ThisCarDam,OtherCarCost,DrivHist,3.612116148205254e-300
ThisCarDam,OtherCarCost,DrivHist,3.612116148205254e-300
ThisCarDam,OtherCarCost,DrivHist,3.612116148205254e-300
ThisCarDam,OtherCarCost,DrivHist,3.612116148205254e-300
ThisCarDam,OtherCarCost,DrivHist,3.612116148205254e-300
ThisCarDam,OtherCarCost,DrivHist,3.612116148205254e-300
ThisCarDam,OtherCarCost,DrivHist,3.612116148205254e-300
ThisCarDam,OtherCarCost,DrivHist,3.612116148205254e-300
ThisCarDam,OtherCarCost,DrivHist,3.612116148205254e-300
ThisCarDam,OtherCarCost,DrivHist,3.612116148205254e-300
ThisCarDam,OtherCarCost,DrivHist,3.612116148205254e-300
ThisCarDam,OtherCarCost,DrivHist,3.612116148205254e-300
ThisCarDam,OtherCar,VehicleYear,0.12770085509579054
ThisCarDam,MedCost,DrivHist,5.145947730336829e-140
ThisCarDam,MedCost,DrivHist,5.145947730336829e-140
ThisCarDam,MedCost,DrivHist,5.145947730336829e-140
ThisCarDam,MedCost,DrivHist,5.145947730336829e-140
ThisCarDam,MedCost,DrivHist,5.145947730336829e-140
ThisCarDam,MedCost,DrivHist,5.145947730336829e-140
ThisCarDam,MedCost,DrivHist,5.145947730336829e-140
ThisCarDam,MedCost,DrivHist,5.145947730336829e-140
ThisCarDam,MedCost,DrivHist,5.145947730336829e-140
ThisCarDam,MedCost,DrivHist,5.145947730336829e-140
ThisCarDam,MedCost,DrivHist,5.145947730336829e-140
ThisCarDam,MedCost,DrivHist,5.145947730336829e-140
ThisCarDam,MedCost,DrivHist,5.145947730336829e-140
ThisCarDam,MedCost,DrivHist,5.145947730336829e-140
ThisCarDam,MedCost,DrivHist,5.145947730336829e-140
ThisCarDam,MedCost,DrivHist,5.145947730336829e-140
ThisCarDam,MedCost,DrivHist,5.145947730336829e-140
ThisCarDam,MedCost,DrivHist,5.145947730336829e-140
ThisCarDam,MedCost,DrivHist,5.145947730336829e-140
ThisCarDam,Cushioning,RuggedAuto,0.5636932108760488
ThisCarDam,Cushioning,RuggedAuto,0.5636932108760488
ThisCarDam,Cushioning,RuggedAuto,0.5636932108760488
ThisCarDam,Cushioning,RuggedAuto,0.5636932108760488
ThisCarDam,Cushioning,RuggedAuto,0.5636932108760488
ThisCarDam,Cushioning,RuggedAuto,0.5636932108760488
ThisCarDam,Cushioning,RuggedAuto,0.5636932108760488
ThisCarDam,Cushioning,RuggedAuto,0.5636932108760488
ThisCarDam,Cushioning,RuggedAuto,0.5636932108760488
ThisCarDam,Cushioning,RuggedAuto,0.5636932108760488
ThisCarDam,Cushioning,RuggedAuto,0.5636932108760488
ThisCarDam,Cushioning,RuggedAuto,0.5636932108760488
ThisCarDam,Cushioning,RuggedAuto,0.5636932108760488
ThisCarDam,Cushioning,RuggedAuto,0.5636932108760488
ThisCarDam,Cushioning,RuggedAuto,0.5636932108760488
ThisCarDam,Cushioning,RuggedAuto,0.5636932108760488
ThisCarDam,Cushioning,RuggedAuto,0.5636932108760488
ThisCarDam,Cushioning,RuggedAuto,0.5636932108760488
ThisCarDam,Airbag,VehicleYear,0.9365374458588571
ThisCarDam,ILiCost,DrivHist,1.819825317177335e-32
ThisCarDam,ILiCost,DrivHist,1.819825317177335e-32
ThisCarDam,ILiCost,DrivHist,1.819825317177335e-32
ThisCarDam,ILiCost,DrivHist,1.819825317177335e-32
ThisCarDam,ILiCost,DrivHist,1.819825317177335e-32
ThisCarDam,ILiCost,DrivHist,1.819825317177335e-32
ThisCarDam,ILiCost,DrivHist,1.819825317177335e-32
ThisCarDam,ILiCost,DrivHist,1.819825317177335e-32
ThisCarDam,ILiCost,DrivHist,1.819825317177335e-32
ThisCarDam,ILiCost,DrivHist,1.819825317177335e-32
ThisCarDam,ILiCost,DrivHist,1.819825317177335e-32
ThisCarDam,ILiCost,DrivHist,1.819825317177335e-32
ThisCarDam,ILiCost,DrivHist,1.819825317177335e-32
ThisCarDam,ILiCost,DrivHist,1.819825317177335e-32
ThisCarDam,ILiCost,DrivHist,1.819825317177335e-32
ThisCarDam,ILiCost,DrivHist,1.819825317177335e-32
ThisCarDam,ILiCost,DrivHist,1.819825317177335e-32
ThisCarDam,ILiCost,DrivHist,1.819825317177335e-32
ThisCarDam,ILiCost,DrivHist,1.819825317177335e-32
ThisCarDam,DrivHist,Cushioning,0.08296737453917466
ThisCarDam,DrivHist,Cushioning,0.08296737453917466
RuggedAuto,Accident,OtherCarCost,6.261047555496955e-12
RuggedAuto,Accident,OtherCarCost,6.261047555496955e-12
RuggedAuto,Accident,OtherCarCost,6.261047555496955e-12
RuggedAuto,Accident,OtherCarCost,6.261047555496955e-12
RuggedAuto,Accident,OtherCarCost,6.261047555496955e-12
RuggedAuto,Accident,OtherCarCost,6.261047555496955e-12
RuggedAuto,Accident,OtherCarCost,6.261047555496955e-12
RuggedAuto,Accident,OtherCarCost,6.261047555496955e-12
RuggedAuto,Accident,OtherCarCost,6.261047555496955e-12
RuggedAuto,Accident,OtherCarCost,6.261047555496955e-12
RuggedAuto,Accident,OtherCarCost,6.261047555496955e-12
RuggedAuto,Accident,OtherCarCost,6.261047555496955e-12
RuggedAuto,Accident,OtherCarCost,6.261047555496955e-12
RuggedAuto,Accident,OtherCarCost,6.261047555496955e-12
RuggedAuto,Accident,OtherCarCost,6.261047555496955e-12
RuggedAuto,Accident,OtherCarCost,6.261047555496955e-12
RuggedAuto,Accident,OtherCarCost,6.261047555496955e-12
RuggedAuto,Accident,OtherCarCost,6.261047555496955e-12
RuggedAuto,MakeModel,OtherCarCost,0.0
RuggedAuto,MakeModel,OtherCarCost,0.0
RuggedAuto,MakeModel,OtherCarCost,0.0
RuggedAuto,MakeModel,OtherCarCost,0.0
RuggedAuto,MakeModel,OtherCarCost,0.0
RuggedAuto,MakeModel,OtherCarCost,0.0
RuggedAuto,MakeModel,OtherCarCost,0.0
RuggedAuto,MakeModel,OtherCarCost,0.0
RuggedAuto,MakeModel,OtherCarCost,0.0
RuggedAuto,MakeModel,OtherCarCost,0.0
RuggedAuto,MakeModel,OtherCarCost,0.0
RuggedAuto,MakeModel,OtherCarCost,0.0
RuggedAuto,MakeModel,OtherCarCost,0.0
RuggedAuto,MakeModel,OtherCarCost,0.0
RuggedAuto,MakeModel,OtherCarCost,0.0
RuggedAuto,MakeModel,OtherCarCost,0.0
RuggedAuto,MakeModel,OtherCarCost,0.0
RuggedAuto,MakeModel,OtherCarCost,0.0
RuggedAuto,Mileage,Cushioning,0.18484112750175896
RuggedAuto,Mileage,Cushioning,0.18484112750175896
RuggedAuto,Antilock,OtherCarCost,2.197357071859181e-06
RuggedAuto,Antilock,OtherCarCost,2.197357071859181e-06
RuggedAuto,Antilock,OtherCarCost,2.197357071859181e-06
RuggedAuto,Antilock,OtherCarCost,2.197357071859181e-06
RuggedAuto,Antilock,OtherCarCost,2.197357071859181e-06
RuggedAuto,Antilock,OtherCarCost,2.197357071859181e-06
RuggedAuto,Antilock,OtherCarCost,2.197357071859181e-06
RuggedAuto,Antilock,OtherCarCost,2.197357071859181e-06
RuggedAuto,Antilock,OtherCarCost,2.197357071859181e-06
RuggedAuto,Antilock,OtherCarCost,2.197357071859181e-06
RuggedAuto,Antilock,OtherCarCost,2.197357071859181e-06
RuggedAuto,Antilock,OtherCarCost,2.197357071859181e-06
RuggedAuto,Antilock,OtherCarCost,2.197357071859181e-06
RuggedAuto,Antilock,OtherCarCost,2.197357071859181e-06
RuggedAuto,Antilock,OtherCarCost,2.197357071859181e-06
RuggedAuto,Antilock,OtherCarCost,2.197357071859181e-06
RuggedAuto,Antilock,OtherCarCost,2.197357071859181e-06
RuggedAuto,Antilock,OtherCarCost,2.197357071859181e-06
RuggedAuto,ThisCarCost,OtherCarCost,2.0370109853996062e-73
RuggedAuto,ThisCarCost,OtherCarCost,2.0370109853996062e-73
RuggedAuto,ThisCarCost,OtherCarCost,2.0370109853996062e-73
RuggedAuto,ThisCarCost,OtherCarCost,2.0370109853996062e-73
RuggedAuto,ThisCarCost,OtherCarCost,2.0370109853996062e-73
RuggedAuto,ThisCarCost,OtherCarCost,2.0370109853996062e-73
RuggedAuto,ThisCarCost,OtherCarCost,2.0370109853996062e-73
RuggedAuto,ThisCarCost,OtherCarCost,2.0370109853996062e-73
RuggedAuto,ThisCarCost,OtherCarCost,2.0370109853996062e-73
RuggedAuto,ThisCarCost,OtherCarCost,2.0370109853996062e-73
RuggedAuto,ThisCarCost,OtherCarCost,2.0370109853996062e-73
RuggedAuto,ThisCarCost,OtherCarCost,2.0370109853996062e-73
RuggedAuto,ThisCarCost,OtherCarCost,2.0370109853996062e-73
RuggedAuto,ThisCarCost,OtherCarCost,2.0370109853996062e-73
RuggedAuto,ThisCarCost,OtherCarCost,2.0370109853996062e-73
RuggedAuto,ThisCarCost,OtherCarCost,2.0370109853996062e-73
RuggedAuto,ThisCarCost,OtherCarCost,2.0370109853996062e-73
RuggedAuto,ThisCarCost,OtherCarCost,2.0370109853996062e-73
RuggedAuto,CarValue,OtherCarCost,9.557540077895574e-56
RuggedAuto,CarValue,OtherCarCost,9.557540077895574e-56
RuggedAuto,CarValue,OtherCarCost,9.557540077895574e-56
RuggedAuto,CarValue,OtherCarCost,9.557540077895574e-56
RuggedAuto,CarValue,OtherCarCost,9.557540077895574e-56
RuggedAuto,CarValue,OtherCarCost,9.557540077895574e-56
RuggedAuto,CarValue,OtherCarCost,9.557540077895574e-56
RuggedAuto,CarValue,OtherCarCost,9.557540077895574e-56
RuggedAuto,CarValue,OtherCarCost,9.557540077895574e-56
RuggedAuto,CarValue,OtherCarCost,9.557540077895574e-56
RuggedAuto,CarValue,OtherCarCost,9.557540077895574e-56
RuggedAuto,CarValue,OtherCarCost,9.557540077895574e-56
RuggedAuto,CarValue,OtherCarCost,9.557540077895574e-56
RuggedAuto,CarValue,OtherCarCost,9.557540077895574e-56
RuggedAuto,CarValue,OtherCarCost,9.557540077895574e-56
RuggedAuto,CarValue,OtherCarCost,9.557540077895574e-56
RuggedAuto,CarValue,OtherCarCost,9.557540077895574e-56
RuggedAuto,CarValue,OtherCarCost,9.557540077895574e-56
RuggedAuto,HomeBase,SocioEcon,0.2979607444307884
RuggedAuto,HomeBase,SocioEcon,0.2979607444307884
RuggedAuto,HomeBase,SocioEcon,0.2979607444307884
RuggedAuto,HomeBase,SocioEcon,0.2979607444307884
RuggedAuto,HomeBase,SocioEcon,0.2979607444307884
RuggedAuto,HomeBase,SocioEcon,0.2979607444307884
RuggedAuto,HomeBase,SocioEcon,0.2979607444307884
RuggedAuto,AntiTheft,Cushioning,0.6705281148899458
RuggedAuto,AntiTheft,Cushioning,0.6705281148899458
RuggedAuto,PropCost,Cushioning,0.10172412030309762
RuggedAuto,PropCost,Cushioning,0.10172412030309762
RuggedAuto,OtherCarCost,HomeBase,3.1785942111601185e-21
RuggedAuto,OtherCarCost,HomeBase,3.1785942111601185e-21
RuggedAuto,OtherCarCost,HomeBase,3.1785942111601185e-21
RuggedAuto,OtherCarCost,HomeBase,3.1785942111601185e-21
RuggedAuto,OtherCarCost,HomeBase,3.1785942111601185e-21
RuggedAuto,OtherCarCost,HomeBase,3.1785942111601185e-21
RuggedAuto,OtherCarCost,HomeBase,3.1785942111601185e-21
RuggedAuto,OtherCarCost,HomeBase,3.1785942111601185e-21
RuggedAuto,OtherCarCost,HomeBase,3.1785942111601185e-21
RuggedAuto,OtherCarCost,HomeBase,3.1785942111601185e-21
RuggedAuto,OtherCarCost,HomeBase,3.1785942111601185e-21
RuggedAuto,OtherCarCost,HomeBase,3.1785942111601185e-21
RuggedAuto,OtherCarCost,HomeBase,3.1785942111601185e-21
RuggedAuto,OtherCarCost,HomeBase,3.1785942111601185e-21
RuggedAuto,OtherCarCost,HomeBase,3.1785942111601185e-21
RuggedAuto,OtherCarCost,HomeBase,3.1785942111601185e-21
RuggedAuto,OtherCarCost,HomeBase,3.1785942111601185e-21
RuggedAuto,OtherCarCost,HomeBase,3.1785942111601185e-21
RuggedAuto,OtherCar,Cushioning,0.2549777016520949
RuggedAuto,OtherCar,Cushioning,0.2549777016520949
RuggedAuto,MedCost,Cushioning,0.2260140881500493
RuggedAuto,MedCost,Cushioning,0.2260140881500493
RuggedAuto,Cushioning,OtherCarCost,0.0
RuggedAuto,Cushioning,OtherCarCost,0.0
RuggedAuto,Cushioning,OtherCarCost,0.0
RuggedAuto,Cushioning,OtherCarCost,0.0
RuggedAuto,Cushioning,OtherCarCost,0.0
RuggedAuto,Cushioning,OtherCarCost,0.0
RuggedAuto,Cushioning,OtherCarCost,0.0
RuggedAuto,Cushioning,OtherCarCost,0.0
RuggedAuto,Cushioning,OtherCarCost,0.0
RuggedAuto,Cushioning,OtherCarCost,0.0
RuggedAuto,Cushioning,OtherCarCost,0.0
RuggedAuto,Cushioning,OtherCarCost,0.0
RuggedAuto,Cushioning,OtherCarCost,0.0
RuggedAuto,Cushioning,OtherCarCost,0.0
RuggedAuto,Cushioning,OtherCarCost,0.0
RuggedAuto,Cushioning,OtherCarCost,0.0
RuggedAuto,Cushioning,OtherCarCost,0.0
RuggedAuto,Cushioning,OtherCarCost,0.0
RuggedAuto,Airbag,OtherCarCost,1.0363227878573987e-53
RuggedAuto,Airbag,OtherCarCost,1.0363227878573987e-53
RuggedAuto,Airbag,OtherCarCost,1.0363227878573987e-53
RuggedAuto,Airbag,OtherCarCost,1.0363227878573987e-53
RuggedAuto,Airbag,OtherCarCost,1.0363227878573987e-53
RuggedAuto,Airbag,OtherCarCost,1.0363227878573987e-53
RuggedAuto,Airbag,OtherCarCost,1.0363227878573987e-53
RuggedAuto,Airbag,OtherCarCost,1.0363227878573987e-53
RuggedAuto,Airbag,OtherCarCost,1.0363227878573987e-53
RuggedAuto,Airbag,OtherCarCost,1.0363227878573987e-53
RuggedAuto,Airbag,OtherCarCost,1.0363227878573987e-53
RuggedAuto,Airbag,OtherCarCost,1.0363227878573987e-53
RuggedAuto,Airbag,OtherCarCost,1.0363227878573987e-53
RuggedAuto,Airbag,OtherCarCost,1.0363227878573987e-53
RuggedAuto,Airbag,OtherCarCost,1.0363227878573987e-53
RuggedAuto,Airbag,OtherCarCost,1.0363227878573987e-53
RuggedAuto,Airbag,OtherCarCost,1.0363227878573987e-53
RuggedAuto,Airbag,OtherCarCost,1.0363227878573987e-53
Accident,MakeModel,DrivHist,3.458928808233265e-11
Accident,MakeModel,DrivHist,3.458928808233265e-11
Accident,MakeModel,DrivHist,3.458928808233265e-11
Accident,MakeModel,DrivHist,3.458928808233265e-11
Accident,MakeModel,DrivHist,3.458928808233265e-11
Accident,MakeModel,DrivHist,3.458928808233265e-11
Accident,MakeModel,DrivHist,3.458928808233265e-11
Accident,MakeModel,DrivHist,3.458928808233265e-11
Accident,MakeModel,DrivHist,3.458928808233265e-11
Accident,MakeModel,DrivHist,3.458928808233265e-11
Accident,MakeModel,DrivHist,3.458928808233265e-11
Accident,MakeModel,DrivHist,3.458928808233265e-11
Accident,MakeModel,DrivHist,3.458928808233265e-11
Accident,MakeModel,DrivHist,3.458928808233265e-11
Accident,MakeModel,DrivHist,3.458928808233265e-11
Accident,MakeModel,DrivHist,3.458928808233265e-11
Accident,MakeModel,DrivHist,3.458928808233265e-11
Accident,MakeModel,DrivHist,3.458928808233265e-11
Accident,DrivQuality,DrivHist,1.1757231120058494e-12
Accident,DrivQuality,DrivHist,1.1757231120058494e-12
Accident,DrivQuality,DrivHist,1.1757231120058494e-12
Accident,DrivQuality,DrivHist,1.1757231120058494e-12
Accident,DrivQuality,DrivHist,1.1757231120058494e-12
Accident,DrivQuality,DrivHist,1.1757231120058494e-12
Accident,DrivQuality,DrivHist,1.1757231120058494e-12
Accident,DrivQuality,DrivHist,1.1757231120058494e-12
Accident,DrivQuality,DrivHist,1.1757231120058494e-12
Accident,DrivQuality,DrivHist,1.1757231120058494e-12
Accident,DrivQuality,DrivHist,1.1757231120058494e-12
Accident,DrivQuality,DrivHist,1.1757231120058494e-12
Accident,DrivQuality,DrivHist,1.1757231120058494e-12
Accident,DrivQuality,DrivHist,1.1757231120058494e-12
Accident,DrivQuality,DrivHist,1.1757231120058494e-12
Accident,DrivQuality,DrivHist,1.1757231120058494e-12
Accident,DrivQuality,DrivHist,1.1757231120058494e-12
Accident,DrivQuality,DrivHist,1.1757231120058494e-12
Accident,Mileage,DrivHist,6.961330727072865e-22
Accident,Mileage,DrivHist,6.961330727072865e-22
Accident,Mileage,DrivHist,6.961330727072865e-22
Accident,Mileage,DrivHist,6.961330727072865e-22
Accident,Mileage,DrivHist,6.961330727072865e-22
Accident,Mileage,DrivHist,6.961330727072865e-22
Accident,Mileage,DrivHist,6.961330727072865e-22
Accident,Mileage,DrivHist,6.961330727072865e-22
Accident,Mileage,DrivHist,6.961330727072865e-22
Accident,Mileage,DrivHist,6.961330727072865e-22
Accident,Mileage,DrivHist,6.961330727072865e-22
Accident,Mileage,DrivHist,6.961330727072865e-22
Accident,Mileage,DrivHist,6.961330727072865e-22
Accident,Mileage,DrivHist,6.961330727072865e-22
Accident,Mileage,DrivHist,6.961330727072865e-22
Accident,Mileage,DrivHist,6.961330727072865e-22
Accident,Mileage,DrivHist,6.961330727072865e-22
Accident,Mileage,DrivHist,6.961330727072865e-22
Accident,Antilock,DrivHist,3.3189130270248792e-21
Accident,Antilock,DrivHist,3.3189130270248792e-21
Accident,Antilock,DrivHist,3.3189130270248792e-21
Accident,Antilock,DrivHist,3.3189130270248792e-21
Accident,Antilock,DrivHist,3.3189130270248792e-21
Accident,Antilock,DrivHist,3.3189130270248792e-21
Accident,Antilock,DrivHist,3.3189130270248792e-21
Accident,Antilock,DrivHist,3.3189130270248792e-21
Accident,Antilock,DrivHist,3.3189130270248792e-21
Accident,Antilock,DrivHist,3.3189130270248792e-21
Accident,Antilock,DrivHist,3.3189130270248792e-21
Accident,Antilock,DrivHist,3.3189130270248792e-21
Accident,Antilock,DrivHist,3.3189130270248792e-21
Accident,Antilock,DrivHist,3.3189130270248792e-21
Accident,Antilock,DrivHist,3.3189130270248792e-21
Accident,Antilock,DrivHist,3.3189130270248792e-21
Accident,Antilock,DrivHist,3.3189130270248792e-21
Accident,Antilock,DrivHist,3.3189130270248792e-21
Accident,DrivingSkill,DrivQuality,0.9895643534616482
Accident,DrivingSkill,DrivQuality,0.9895643534616482
Accident,DrivingSkill,DrivQuality,0.9895643534616482
Accident,DrivingSkill,DrivQuality,0.9895643534616482
Accident,ThisCarCost,DrivHist,0.0
Accident,ThisCarCost,DrivHist,0.0
Accident,ThisCarCost,DrivHist,0.0
Accident,ThisCarCost,DrivHist,0.0
Accident,ThisCarCost,DrivHist,0.0
Accident,ThisCarCost,DrivHist,0.0
Accident,ThisCarCost,DrivHist,0.0
Accident,ThisCarCost,DrivHist,0.0
Accident,ThisCarCost,DrivHist,0.0
Accident,ThisCarCost,DrivHist,0.0
Accident,ThisCarCost,DrivHist,0.0
Accident,ThisCarCost,DrivHist,0.0
Accident,ThisCarCost,DrivHist,0.0
Accident,ThisCarCost,DrivHist,0.0
Accident,ThisCarCost,DrivHist,0.0
Accident,ThisCarCost,DrivHist,0.0
Accident,ThisCarCost,DrivHist,0.0
Accident,ThisCarCost,DrivHist,0.0
Accident,CarValue,Antilock,0.37898291487504815
Accident,CarValue,Antilock,0.37898291487504815
Accident,CarValue,Antilock,0.37898291487504815
Accident,CarValue,Antilock,0.37898291487504815
Accident,CarValue,Antilock,0.37898291487504815
Accident,CarValue,Antilock,0.37898291487504815
Accident,CarValue,Antilock,0.37898291487504815
Accident,CarValue,Antilock,0.37898291487504815
Accident,PropCost,DrivHist,0.0
Accident,PropCost,DrivHist,0.0
Accident,PropCost,DrivHist,0.0
Accident,PropCost,DrivHist,0.0
Accident,PropCost,DrivHist,0.0
Accident,PropCost,DrivHist,0.0
Accident,PropCost,DrivHist,0.0
Accident,PropCost,DrivHist,0.0
Accident,PropCost,DrivHist,0.0
Accident,PropCost,DrivHist,0.0
Accident,PropCost,DrivHist,0.0
Accident,PropCost,DrivHist,0.0
Accident,PropCost,DrivHist,0.0
Accident,PropCost,DrivHist,0.0
Accident,PropCost,DrivHist,0.0
Accident,PropCost,DrivHist,0.0
Accident,PropCost,DrivHist,0.0
Accident,PropCost,DrivHist,0.0
Accident,OtherCarCost,DrivHist,0.0
Accident,OtherCarCost,DrivHist,0.0
Accident,OtherCarCost,DrivHist,0.0
Accident,OtherCarCost,DrivHist,0.0
Accident,OtherCarCost,DrivHist,0.0
Accident,OtherCarCost,DrivHist,0.0
Accident,OtherCarCost,DrivHist,0.0
Accident,OtherCarCost,DrivHist,0.0
Accident,OtherCarCost,DrivHist,0.0
Accident,OtherCarCost,DrivHist,0.0
Accident,OtherCarCost,DrivHist,0.0
Accident,OtherCarCost,DrivHist,0.0
Accident,OtherCarCost,DrivHist,0.0
Accident,OtherCarCost,DrivHist,0.0
Accident,OtherCarCost,DrivHist,0.0
Accident,OtherCarCost,DrivHist,0.0
Accident,OtherCarCost,DrivHist,0.0
Accident,OtherCarCost,DrivHist,0.0
Accident,OtherCar,MedCost,0.3437497994872383
Accident,OtherCar,MedCost,0.3437497994872383
Accident,OtherCar,MedCost,0.3437497994872383
Accident,MedCost,DrivHist,1.4445183174573493e-125
Accident,MedCost,DrivHist,1.4445183174573493e-125
Accident,MedCost,DrivHist,1.4445183174573493e-125
Accident,MedCost,DrivHist,1.4445183174573493e-125
Accident,MedCost,DrivHist,1.4445183174573493e-125
Accident,MedCost,DrivHist,1.4445183174573493e-125
Accident,MedCost,DrivHist,1.4445183174573493e-125
Accident,MedCost,DrivHist,1.4445183174573493e-125
Accident,MedCost,DrivHist,1.4445183174573493e-125
Accident,MedCost,DrivHist,1.4445183174573493e-125
Accident,MedCost,DrivHist,1.4445183174573493e-125
Accident,MedCost,DrivHist,1.4445183174573493e-125
Accident,MedCost,DrivHist,1.4445183174573493e-125
Accident,MedCost,DrivHist,1.4445183174573493e-125
Accident,MedCost,DrivHist,1.4445183174573493e-125
Accident,MedCost,DrivHist,1.4445183174573493e-125
Accident,MedCost,DrivHist,1.4445183174573493e-125
Accident,MedCost,DrivHist,1.4445183174573493e-125
Accident,Cushioning,DrivQuality,0.06262574106537369
Accident,Cushioning,DrivQuality,0.06262574106537369
Accident,Cushioning,DrivQuality,0.06262574106537369
Accident,Airbag,VehicleYear,0.9916081634416829
Accident,ILiCost,DrivHist,2.285031342092105e-56
Accident,ILiCost,DrivHist,2.285031342092105e-56
Accident,ILiCost,DrivHist,2.285031342092105e-56
Accident,ILiCost,DrivHist,2.285031342092105e-56
Accident,ILiCost,DrivHist,2.285031342092105e-56
Accident,ILiCost,DrivHist,2.285031342092105e-56
Accident,ILiCost,DrivHist,2.285031342092105e-56
Accident,ILiCost,DrivHist,2.285031342092105e-56
Accident,ILiCost,DrivHist,2.285031342092105e-56
Accident,ILiCost,DrivHist,2.285031342092105e-56
Accident,ILiCost,DrivHist,2.285031342092105e-56
Accident,ILiCost,DrivHist,2.285031342092105e-56
Accident,ILiCost,DrivHist,2.285031342092105e-56
Accident,ILiCost,DrivHist,2.285031342092105e-56
Accident,ILiCost,DrivHist,2.285031342092105e-56
Accident,ILiCost,DrivHist,2.285031342092105e-56
Accident,ILiCost,DrivHist,2.285031342092105e-56
Accident,ILiCost,DrivHist,2.285031342092105e-56
Accident,DrivHist,MedCost,0.1392197938647076
Accident,DrivHist,MedCost,0.1392197938647076
Accident,DrivHist,MedCost,0.1392197938647076
MakeModel,Antilock,RuggedAuto,0.0
MakeModel,Antilock,RuggedAuto,0.0
MakeModel,Antilock,RuggedAuto,0.0
MakeModel,Antilock,RuggedAuto,0.0
MakeModel,Antilock,RuggedAuto,0.0
MakeModel,Antilock,RuggedAuto,0.0
MakeModel,Antilock,RuggedAuto,0.0
MakeModel,Antilock,RuggedAuto,0.0
MakeModel,Antilock,RuggedAuto,0.0
MakeModel,Antilock,RuggedAuto,0.0
MakeModel,Antilock,RuggedAuto,0.0
MakeModel,Antilock,RuggedAuto,0.0
MakeModel,Antilock,RuggedAuto,0.0
MakeModel,Antilock,RuggedAuto,0.0
MakeModel,Antilock,RuggedAuto,0.0
MakeModel,Antilock,RuggedAuto,0.0
MakeModel,Antilock,RuggedAuto,0.0
MakeModel,Antilock,RuggedAuto,0.0
MakeModel,ThisCarCost,RuggedAuto,9.752125491903447e-182
MakeModel,ThisCarCost,RuggedAuto,9.752125491903447e-182
MakeModel,ThisCarCost,RuggedAuto,9.752125491903447e-182
MakeModel,ThisCarCost,RuggedAuto,9.752125491903447e-182
MakeModel,ThisCarCost,RuggedAuto,9.752125491903447e-182
MakeModel,ThisCarCost,RuggedAuto,9.752125491903447e-182
MakeModel,ThisCarCost,RuggedAuto,9.752125491903447e-182
MakeModel,ThisCarCost,RuggedAuto,9.752125491903447e-182
MakeModel,ThisCarCost,RuggedAuto,9.752125491903447e-182
MakeModel,ThisCarCost,RuggedAuto,9.752125491903447e-182
MakeModel,ThisCarCost,RuggedAuto,9.752125491903447e-182
MakeModel,ThisCarCost,RuggedAuto,9.752125491903447e-182
MakeModel,ThisCarCost,RuggedAuto,9.752125491903447e-182
MakeModel,ThisCarCost,RuggedAuto,9.752125491903447e-182
MakeModel,ThisCarCost,RuggedAuto,9.752125491903447e-182
MakeModel,ThisCarCost,RuggedAuto,9.752125491903447e-182
MakeModel,ThisCarCost,RuggedAuto,9.752125491903447e-182
MakeModel,ThisCarCost,RuggedAuto,9.752125491903447e-182
MakeModel,CarValue,RuggedAuto,0.0
MakeModel,CarValue,RuggedAuto,0.0
MakeModel,CarValue,RuggedAuto,0.0
MakeModel,CarValue,RuggedAuto,0.0
MakeModel,CarValue,RuggedAuto,0.0
MakeModel,CarValue,RuggedAuto,0.0
MakeModel,CarValue,RuggedAuto,0.0
MakeModel,CarValue,RuggedAuto,0.0
MakeModel,CarValue,RuggedAuto,0.0
MakeModel,CarValue,RuggedAuto,0.0
MakeModel,CarValue,RuggedAuto,0.0
MakeModel,CarValue,RuggedAuto,0.0
MakeModel,CarValue,RuggedAuto,0.0
MakeModel,CarValue,RuggedAuto,0.0
MakeModel,CarValue,RuggedAuto,0.0
MakeModel,CarValue,RuggedAuto,0.0
MakeModel,CarValue,RuggedAuto,0.0
MakeModel,CarValue,RuggedAuto,0.0
MakeModel,HomeBase,SocioEcon,0.20714060329310638
MakeModel,HomeBase,SocioEcon,0.20714060329310638
MakeModel,HomeBase,SocioEcon,0.20714060329310638
MakeModel,HomeBase,SocioEcon,0.20714060329310638
MakeModel,HomeBase,SocioEcon,0.20714060329310638
MakeModel,HomeBase,SocioEcon,0.20714060329310638
MakeModel,HomeBase,SocioEcon,0.20714060329310638
MakeModel,AntiTheft,SocioEcon,0.9909476794044313
MakeModel,AntiTheft,SocioEcon,0.9909476794044313
MakeModel,AntiTheft,SocioEcon,0.9909476794044313
MakeModel,AntiTheft,SocioEcon,0.9909476794044313
MakeModel,AntiTheft,SocioEcon,0.9909476794044313
MakeModel,AntiTheft,SocioEcon,0.9909476794044313
MakeModel,AntiTheft,SocioEcon,0.9909476794044313
MakeModel,PropCost,CarValue,0.40783693047404895
MakeModel,PropCost,CarValue,0.40783693047404895
MakeModel,PropCost,CarValue,0.40783693047404895
MakeModel,PropCost,CarValue,0.40783693047404895
MakeModel,PropCost,CarValue,0.40783693047404895
MakeModel,PropCost,CarValue,0.40783693047404895
MakeModel,PropCost,CarValue,0.40783693047404895
MakeModel,PropCost,CarValue,0.40783693047404895
MakeModel,PropCost,CarValue,0.40783693047404895
MakeModel,PropCost,CarValue,0.40783693047404895
MakeModel,PropCost,CarValue,0.40783693047404895
MakeModel,PropCost,CarValue,0.40783693047404895
MakeModel,PropCost,CarValue,0.40783693047404895
MakeModel,PropCost,CarValue,0.40783693047404895
MakeModel,PropCost,CarValue,0.40783693047404895
MakeModel,PropCost,CarValue,0.40783693047404895
MakeModel,OtherCarCost,RuggedAuto,0.0021285618208028204
MakeModel,OtherCarCost,RuggedAuto,0.0021285618208028204
MakeModel,OtherCarCost,RuggedAuto,0.0021285618208028204
MakeModel,OtherCarCost,RuggedAuto,0.0021285618208028204
MakeModel,OtherCarCost,RuggedAuto,0.0021285618208028204
MakeModel,OtherCarCost,RuggedAuto,0.0021285618208028204
MakeModel,OtherCarCost,RuggedAuto,0.0021285618208028204
MakeModel,OtherCarCost,RuggedAuto,0.0021285618208028204
MakeModel,OtherCarCost,RuggedAuto,0.0021285618208028204
MakeModel,OtherCarCost,RuggedAuto,0.0021285618208028204
MakeModel,OtherCarCost,RuggedAuto,0.0021285618208028204
MakeModel,OtherCarCost,RuggedAuto,0.0021285618208028204
MakeModel,OtherCarCost,RuggedAuto,0.0021285618208028204
MakeModel,OtherCarCost,RuggedAuto,0.0021285618208028204
MakeModel,OtherCarCost,RuggedAuto,0.0021285618208028204
MakeModel,OtherCarCost,RuggedAuto,0.0021285618208028204
MakeModel,OtherCarCost,RuggedAuto,0.0021285618208028204
MakeModel,OtherCarCost,RuggedAuto,0.0021285618208028204
MakeModel,OtherCar,SocioEcon,0.45821228093433997
MakeModel,OtherCar,SocioEcon,0.45821228093433997
MakeModel,OtherCar,SocioEcon,0.45821228093433997
MakeModel,OtherCar,SocioEcon,0.45821228093433997
MakeModel,OtherCar,SocioEcon,0.45821228093433997
MakeModel,OtherCar,SocioEcon,0.45821228093433997
MakeModel,OtherCar,SocioEcon,0.45821228093433997
MakeModel,MedCost,Cushioning,0.16489922972003948
MakeModel,MedCost,Cushioning,0.16489922972003948
MakeModel,Cushioning,RuggedAuto,3.9106280112432693e-41
MakeModel,Cushioning,RuggedAuto,3.9106280112432693e-41
MakeModel,Cushioning,RuggedAuto,3.9106280112432693e-41
MakeModel,Cushioning,RuggedAuto,3.9106280112432693e-41
MakeModel,Cushioning,RuggedAuto,3.9106280112432693e-41
MakeModel,Cushioning,RuggedAuto,3.9106280112432693e-41
MakeModel,Cushioning,RuggedAuto,3.9106280112432693e-41
MakeModel,Cushioning,RuggedAuto,3.9106280112432693e-41
MakeModel,Cushioning,RuggedAuto,3.9106280112432693e-41
MakeModel,Cushioning,RuggedAuto,3.9106280112432693e-41
MakeModel,Cushioning,RuggedAuto,3.9106280112432693e-41
MakeModel,Cushioning,RuggedAuto,3.9106280112432693e-41
MakeModel,Cushioning,RuggedAuto,3.9106280112432693e-41
MakeModel,Cushioning,RuggedAuto,3.9106280112432693e-41
MakeModel,Cushioning,RuggedAuto,3.9106280112432693e-41
MakeModel,Cushioning,RuggedAuto,3.9106280112432693e-41
MakeModel,Cushioning,RuggedAuto,3.9106280112432693e-41
MakeModel,Cushioning,RuggedAuto,3.9106280112432693e-41
MakeModel,Airbag,RuggedAuto,3.302099066922755e-149
MakeModel,Airbag,RuggedAuto,3.302099066922755e-149
MakeModel,Airbag,RuggedAuto,3.302099066922755e-149
MakeModel,Airbag,RuggedAuto,3.302099066922755e-149
MakeModel,Airbag,RuggedAuto,3.302099066922755e-149
MakeModel,Airbag,RuggedAuto,3.302099066922755e-149
MakeModel,Airbag,RuggedAuto,3.302099066922755e-149
MakeModel,Airbag,RuggedAuto,3.302099066922755e-149
MakeModel,Airbag,RuggedAuto,3.302099066922755e-149
MakeModel,Airbag,RuggedAuto,3.302099066922755e-149
MakeModel,Airbag,RuggedAuto,3.302099066922755e-149
MakeModel,Airbag,RuggedAuto,3.302099066922755e-149
MakeModel,Airbag,RuggedAuto,3.302099066922755e-149
MakeModel,Airbag,RuggedAuto,3.302099066922755e-149
MakeModel,Airbag,RuggedAuto,3.302099066922755e-149
MakeModel,Airbag,RuggedAuto,3.302099066922755e-149
MakeModel,Airbag,RuggedAuto,3.302099066922755e-149
MakeModel,Airbag,RuggedAuto,3.302099066922755e-149
DrivQuality,Antilock,RiskAversion,0.5427935573598772
DrivQuality,DrivingSkill,PropCost,1.7422263677642069e-228
DrivQuality,DrivingSkill,PropCost,1.7422263677642069e-228
DrivQuality,DrivingSkill,PropCost,1.7422263677642069e-228
DrivQuality,DrivingSkill,PropCost,1.7422263677642069e-228
DrivQuality,DrivingSkill,PropCost,1.7422263677642069e-228
DrivQuality,DrivingSkill,PropCost,1.7422263677642069e-228
DrivQuality,DrivingSkill,PropCost,1.7422263677642069e-228
DrivQuality,DrivingSkill,PropCost,1.7422263677642069e-228
DrivQuality,DrivingSkill,PropCost,1.7422263677642069e-228
DrivQuality,DrivingSkill,PropCost,1.7422263677642069e-228
DrivQuality,DrivingSkill,PropCost,1.7422263677642069e-228
DrivQuality,DrivingSkill,PropCost,1.7422263677642069e-228
DrivQuality,DrivingSkill,PropCost,1.7422263677642069e-228
DrivQuality,SeniorTrain,PropCost,2.91290495048749e-14
DrivQuality,SeniorTrain,PropCost,2.91290495048749e-14
DrivQuality,SeniorTrain,PropCost,2.91290495048749e-14
DrivQuality,SeniorTrain,PropCost,2.91290495048749e-14
DrivQuality,SeniorTrain,PropCost,2.91290495048749e-14
DrivQuality,SeniorTrain,PropCost,2.91290495048749e-14
DrivQuality,SeniorTrain,PropCost,2.91290495048749e-14
DrivQuality,SeniorTrain,PropCost,2.91290495048749e-14
DrivQuality,SeniorTrain,PropCost,2.91290495048749e-14
DrivQuality,SeniorTrain,PropCost,2.91290495048749e-14
DrivQuality,SeniorTrain,PropCost,2.91290495048749e-14
DrivQuality,SeniorTrain,PropCost,2.91290495048749e-14
DrivQuality,SeniorTrain,PropCost,2.91290495048749e-14
DrivQuality,ThisCarCost,PropCost,1.9602694033906572e-08
DrivQuality,ThisCarCost,PropCost,1.9602694033906572e-08
DrivQuality,ThisCarCost,PropCost,1.9602694033906572e-08
DrivQuality,ThisCarCost,PropCost,1.9602694033906572e-08
DrivQuality,ThisCarCost,PropCost,1.9602694033906572e-08
DrivQuality,ThisCarCost,PropCost,1.9602694033906572e-08
DrivQuality,ThisCarCost,PropCost,1.9602694033906572e-08
DrivQuality,ThisCarCost,PropCost,1.9602694033906572e-08
DrivQuality,ThisCarCost,PropCost,1.9602694033906572e-08
DrivQuality,ThisCarCost,PropCost,1.9602694033906572e-08
DrivQuality,ThisCarCost,PropCost,1.9602694033906572e-08
DrivQuality,ThisCarCost,PropCost,1.9602694033906572e-08
DrivQuality,ThisCarCost,PropCost,1.9602694033906572e-08
DrivQuality,HomeBase,RiskAversion,0.1325728700895154
DrivQuality,AntiTheft,RiskAversion,0.10587551194797891
DrivQuality,PropCost,ThisCarDam,0.08777262115838627
DrivQuality,PropCost,ThisCarDam,0.08777262115838627
DrivQuality,PropCost,ThisCarDam,0.08777262115838627
DrivQuality,OtherCarCost,ThisCarDam,0.1453036728098933
DrivQuality,OtherCarCost,ThisCarDam,0.1453036728098933
DrivQuality,OtherCarCost,ThisCarDam,0.1453036728098933
DrivQuality,MedCost,RiskAversion,0.06938626900857753
DrivQuality,DrivHist,PropCost,8.5728271962307e-151
DrivQuality,DrivHist,PropCost,8.5728271962307e-151
DrivQuality,DrivHist,PropCost,8.5728271962307e-151
DrivQuality,DrivHist,PropCost,8.5728271962307e-151
DrivQuality,DrivHist,PropCost,8.5728271962307e-151
DrivQuality,DrivHist,PropCost,8.5728271962307e-151
DrivQuality,DrivHist,PropCost,8.5728271962307e-151
DrivQuality,DrivHist,PropCost,8.5728271962307e-151
DrivQuality,DrivHist,PropCost,8.5728271962307e-151
DrivQuality,DrivHist,PropCost,8.5728271962307e-151
DrivQuality,DrivHist,PropCost,8.5728271962307e-151
DrivQuality,DrivHist,PropCost,8.5728271962307e-151
DrivQuality,DrivHist,PropCost,8.5728271962307e-151
Mileage,SeniorTrain,Cushioning,0.11573350129214537
Mileage,ThisCarCost,ThisCarDam,0.33219982309117185
Mileage,ThisCarCost,ThisCarDam,0.33219982309117185
Mileage,CarValue,PropCost,2.5207319675314644e-43
Mileage,CarValue,PropCost,2.5207319675314644e-43
Mileage,CarValue,PropCost,2.5207319675314644e-43
Mileage,CarValue,PropCost,2.5207319675314644e-43
Mileage,CarValue,PropCost,2.5207319675314644e-43
Mileage,CarValue,PropCost,2.5207319675314644e-43
Mileage,CarValue,PropCost,2.5207319675314644e-43
Mileage,CarValue,PropCost,2.5207319675314644e-43
Mileage,PropCost,ThisCarCost,0.20247683323081686
Mileage,PropCost,ThisCarCost,0.20247683323081686
Mileage,PropCost,ThisCarCost,0.20247683323081686
Mileage,OtherCarCost,Accident,0.9672932416980853
Mileage,OtherCarCost,Accident,0.9672932416980853
Mileage,OtherCarCost,Accident,0.9672932416980853
Mileage,OtherCarCost,Accident,0.9672932416980853
Mileage,Cushioning,ThisCarCost,0.28358016160301674
Mileage,Cushioning,ThisCarCost,0.28358016160301674
Antilock,ThisCarCost,DrivQuality,2.63440597745157e-174
Antilock,ThisCarCost,DrivQuality,2.63440597745157e-174
Antilock,ThisCarCost,DrivQuality,2.63440597745157e-174
Antilock,ThisCarCost,DrivQuality,2.63440597745157e-174
Antilock,ThisCarCost,DrivQuality,2.63440597745157e-174
Antilock,ThisCarCost,DrivQuality,2.63440597745157e-174
Antilock,ThisCarCost,DrivQuality,2.63440597745157e-174
Antilock,ThisCarCost,DrivQuality,2.63440597745157e-174
Antilock,ThisCarCost,DrivQuality,2.63440597745157e-174
Antilock,ThisCarCost,DrivQuality,2.63440597745157e-174
Antilock,ThisCarCost,DrivQuality,2.63440597745157e-174
Antilock,ThisCarCost,DrivQuality,2.63440597745157e-174
Antilock,ThisCarCost,DrivQuality,2.63440597745157e-174
Antilock,ThisCarCost,DrivQuality,2.63440597745157e-174
Antilock,ThisCarCost,DrivQuality,2.63440597745157e-174
Antilock,ThisCarCost,DrivQuality,2.63440597745157e-174
Antilock,ThisCarCost,DrivQuality,2.63440597745157e-174
Antilock,CarValue,DrivQuality,0.0
Antilock,CarValue,DrivQuality,0.0
Antilock,CarValue,DrivQuality,0.0
Antilock,CarValue,DrivQuality,0.0
Antilock,CarValue,DrivQuality,0.0
Antilock,CarValue,DrivQuality,0.0
Antilock,CarValue,DrivQuality,0.0
Antilock,CarValue,DrivQuality,0.0
Antilock,CarValue,DrivQuality,0.0
Antilock,CarValue,DrivQuality,0.0
Antilock,CarValue,DrivQuality,0.0
Antilock,CarValue,DrivQuality,0.0
Antilock,CarValue,DrivQuality,0.0
Antilock,CarValue,DrivQuality,0.0
Antilock,CarValue,DrivQuality,0.0
Antilock,CarValue,DrivQuality,0.0
Antilock,CarValue,DrivQuality,0.0
Antilock,HomeBase,SocioEcon,0.6759605894133294
Antilock,HomeBase,SocioEcon,0.6759605894133294
Antilock,HomeBase,SocioEcon,0.6759605894133294
Antilock,HomeBase,SocioEcon,0.6759605894133294
Antilock,HomeBase,SocioEcon,0.6759605894133294
Antilock,HomeBase,SocioEcon,0.6759605894133294
Antilock,AntiTheft,SocioEcon,0.906214505113867
Antilock,AntiTheft,SocioEcon,0.906214505113867
Antilock,AntiTheft,SocioEcon,0.906214505113867
Antilock,AntiTheft,SocioEcon,0.906214505113867
Antilock,AntiTheft,SocioEcon,0.906214505113867
Antilock,AntiTheft,SocioEcon,0.906214505113867
Antilock,PropCost,DrivQuality,1.6093073813480062e-27
Antilock,PropCost,DrivQuality,1.6093073813480062e-27
Antilock,PropCost,DrivQuality,1.6093073813480062e-27
Antilock,PropCost,DrivQuality,1.6093073813480062e-27
Antilock,PropCost,DrivQuality,1.6093073813480062e-27
Antilock,PropCost,DrivQuality,1.6093073813480062e-27
Antilock,PropCost,DrivQuality,1.6093073813480062e-27
Antilock,PropCost,DrivQuality,1.6093073813480062e-27
Antilock,PropCost,DrivQuality,1.6093073813480062e-27
Antilock,PropCost,DrivQuality,1.6093073813480062e-27
Antilock,PropCost,DrivQuality,1.6093073813480062e-27
Antilock,PropCost,DrivQuality,1.6093073813480062e-27
Antilock,PropCost,DrivQuality,1.6093073813480062e-27
Antilock,PropCost,DrivQuality,1.6093073813480062e-27
Antilock,PropCost,DrivQuality,1.6093073813480062e-27
Antilock,PropCost,DrivQuality,1.6093073813480062e-27
Antilock,PropCost,DrivQuality,1.6093073813480062e-27
Antilock,OtherCarCost,Accident,0.19796037924958673
Antilock,OtherCarCost,Accident,0.19796037924958673
Antilock,OtherCarCost,Accident,0.19796037924958673
Antilock,OtherCar,SocioEcon,0.10720055642075635
Antilock,OtherCar,SocioEcon,0.10720055642075635
Antilock,OtherCar,SocioEcon,0.10720055642075635
Antilock,OtherCar,SocioEcon,0.10720055642075635
Antilock,OtherCar,SocioEcon,0.10720055642075635
Antilock,OtherCar,SocioEcon,0.10720055642075635
Antilock,MedCost,Cushioning,0.10131827395446633
Antilock,MedCost,Cushioning,0.10131827395446633
Antilock,Cushioning,VehicleYear,0.15229765476560808
Antilock,Airbag,VehicleYear,0.07684055699557052
DrivingSkill,SeniorTrain,DrivQuality,0.00010839208258353302
DrivingSkill,SeniorTrain,DrivQuality,0.00010839208258353302
DrivingSkill,SeniorTrain,DrivQuality,0.00010839208258353302
DrivingSkill,SeniorTrain,DrivQuality,0.00010839208258353302
DrivingSkill,SeniorTrain,DrivQuality,0.00010839208258353302
DrivingSkill,SeniorTrain,DrivQuality,0.00010839208258353302
DrivingSkill,SeniorTrain,DrivQuality,0.00010839208258353302
DrivingSkill,SeniorTrain,DrivQuality,0.00010839208258353302
DrivingSkill,SeniorTrain,DrivQuality,0.00010839208258353302
DrivingSkill,SeniorTrain,DrivQuality,0.00010839208258353302
DrivingSkill,SeniorTrain,DrivQuality,0.00010839208258353302
DrivingSkill,SeniorTrain,DrivQuality,0.00010839208258353302
DrivingSkill,ThisCarCost,DrivQuality,0.039184420933614746
DrivingSkill,ThisCarCost,DrivQuality,0.039184420933614746
DrivingSkill,ThisCarCost,DrivQuality,0.039184420933614746
DrivingSkill,ThisCarCost,DrivQuality,0.039184420933614746
DrivingSkill,ThisCarCost,DrivQuality,0.039184420933614746
DrivingSkill,ThisCarCost,DrivQuality,0.039184420933614746
DrivingSkill,ThisCarCost,DrivQuality,0.039184420933614746
DrivingSkill,ThisCarCost,DrivQuality,0.039184420933614746
DrivingSkill,ThisCarCost,DrivQuality,0.039184420933614746
DrivingSkill,ThisCarCost,DrivQuality,0.039184420933614746
DrivingSkill,ThisCarCost,DrivQuality,0.039184420933614746
DrivingSkill,ThisCarCost,DrivQuality,0.039184420933614746
DrivingSkill,HomeBase,RiskAversion,0.8203446487443763
DrivingSkill,AntiTheft,RiskAversion,0.5445955641284645
DrivingSkill,OtherCarCost,ThisCarDam,0.2061948381950552
DrivingSkill,OtherCarCost,ThisCarDam,0.2061948381950552
DrivingSkill,OtherCarCost,ThisCarDam,0.2061948381950552
DrivingSkill,MedCost,RiskAversion,0.052513665197317067
DrivingSkill,DrivHist,DrivQuality,2.9357530658225155e-144
DrivingSkill,DrivHist,DrivQuality,2.9357530658225155e-144
DrivingSkill,DrivHist,DrivQuality,2.9357530658225155e-144
DrivingSkill,DrivHist,DrivQuality,2.9357530658225155e-144
DrivingSkill,DrivHist,DrivQuality,2.9357530658225155e-144
DrivingSkill,DrivHist,DrivQuality,2.9357530658225155e-144
DrivingSkill,DrivHist,DrivQuality,2.9357530658225155e-144
DrivingSkill,DrivHist,DrivQuality,2.9357530658225155e-144
DrivingSkill,DrivHist,DrivQuality,2.9357530658225155e-144
DrivingSkill,DrivHist,DrivQuality,2.9357530658225155e-144
DrivingSkill,DrivHist,DrivQuality,2.9357530658225155e-144
DrivingSkill,DrivHist,DrivQuality,2.9357530658225155e-144
SeniorTrain,HomeBase,RiskAversion,0.13836991673064053
SeniorTrain,AntiTheft,RiskAversion,0.05827205459655684
SeniorTrain,MedCost,RiskAversion,0.1845813133954242
SeniorTrain,DrivHist,DrivQuality,3.716422531735624e-06
SeniorTrain,DrivHist,DrivQuality,3.716422531735624e-06
SeniorTrain,DrivHist,DrivQuality,3.716422531735624e-06
SeniorTrain,DrivHist,DrivQuality,3.716422531735624e-06
SeniorTrain,DrivHist,DrivQuality,3.716422531735624e-06
SeniorTrain,DrivHist,DrivQuality,3.716422531735624e-06
SeniorTrain,DrivHist,DrivQuality,3.716422531735624e-06
SeniorTrain,DrivHist,DrivQuality,3.716422531735624e-06
SeniorTrain,DrivHist,DrivQuality,3.716422531735624e-06
SeniorTrain,DrivHist,DrivQuality,3.716422531735624e-06
ThisCarCost,Theft,DrivQuality,0.005195360052606694
ThisCarCost,Theft,DrivQuality,0.005195360052606694
ThisCarCost,Theft,DrivQuality,0.005195360052606694
ThisCarCost,Theft,DrivQuality,0.005195360052606694
ThisCarCost,Theft,DrivQuality,0.005195360052606694
ThisCarCost,Theft,DrivQuality,0.005195360052606694
ThisCarCost,Theft,DrivQuality,0.005195360052606694
ThisCarCost,Theft,DrivQuality,0.005195360052606694
ThisCarCost,Theft,DrivQuality,0.005195360052606694
ThisCarCost,Theft,DrivQuality,0.005195360052606694
ThisCarCost,Theft,DrivQuality,0.005195360052606694
ThisCarCost,Theft,DrivQuality,0.005195360052606694
ThisCarCost,Theft,DrivQuality,0.005195360052606694
ThisCarCost,Theft,DrivQuality,0.005195360052606694
ThisCarCost,Theft,DrivQuality,0.005195360052606694
ThisCarCost,Theft,DrivQuality,0.005195360052606694
ThisCarCost,Theft,DrivQuality,0.005195360052606694
ThisCarCost,Theft,DrivQuality,0.005195360052606694
ThisCarCost,Theft,DrivQuality,0.005195360052606694
ThisCarCost,Theft,DrivQuality,0.005195360052606694
ThisCarCost,Theft,DrivQuality,0.005195360052606694
ThisCarCost,CarValue,DrivQuality,0.0
ThisCarCost,CarValue,DrivQuality,0.0
ThisCarCost,CarValue,DrivQuality,0.0
ThisCarCost,CarValue,DrivQuality,0.0
ThisCarCost,CarValue,DrivQuality,0.0
ThisCarCost,CarValue,DrivQuality,0.0
ThisCarCost,CarValue,DrivQuality,0.0
ThisCarCost,CarValue,DrivQuality,0.0
ThisCarCost,CarValue,DrivQuality,0.0
ThisCarCost,CarValue,DrivQuality,0.0
ThisCarCost,CarValue,DrivQuality,0.0
ThisCarCost,CarValue,DrivQuality,0.0
ThisCarCost,CarValue,DrivQuality,0.0
ThisCarCost,CarValue,DrivQuality,0.0
ThisCarCost,CarValue,DrivQuality,0.0
ThisCarCost,CarValue,DrivQuality,0.0
ThisCarCost,CarValue,DrivQuality,0.0
ThisCarCost,CarValue,DrivQuality,0.0
ThisCarCost,CarValue,DrivQuality,0.0
ThisCarCost,CarValue,DrivQuality,0.0
ThisCarCost,CarValue,DrivQuality,0.0
ThisCarCost,HomeBase,SocioEcon,0.31739482544511066
ThisCarCost,HomeBase,SocioEcon,0.31739482544511066
ThisCarCost,HomeBase,SocioEcon,0.31739482544511066
ThisCarCost,HomeBase,SocioEcon,0.31739482544511066
ThisCarCost,HomeBase,SocioEcon,0.31739482544511066
ThisCarCost,HomeBase,SocioEcon,0.31739482544511066
ThisCarCost,HomeBase,SocioEcon,0.31739482544511066
ThisCarCost,HomeBase,SocioEcon,0.31739482544511066
ThisCarCost,AntiTheft,SocioEcon,0.9516239117258781
ThisCarCost,AntiTheft,SocioEcon,0.9516239117258781
ThisCarCost,AntiTheft,SocioEcon,0.9516239117258781
ThisCarCost,AntiTheft,SocioEcon,0.9516239117258781
ThisCarCost,AntiTheft,SocioEcon,0.9516239117258781
ThisCarCost,AntiTheft,SocioEcon,0.9516239117258781
ThisCarCost,AntiTheft,SocioEcon,0.9516239117258781
ThisCarCost,AntiTheft,SocioEcon,0.9516239117258781
ThisCarCost,PropCost,DrivQuality,0.0
ThisCarCost,PropCost,DrivQuality,0.0
ThisCarCost,PropCost,DrivQuality,0.0
ThisCarCost,PropCost,DrivQuality,0.0
ThisCarCost,PropCost,DrivQuality,0.0
ThisCarCost,PropCost,DrivQuality,0.0
ThisCarCost,PropCost,DrivQuality,0.0
ThisCarCost,PropCost,DrivQuality,0.0
ThisCarCost,PropCost,DrivQuality,0.0
ThisCarCost,PropCost,DrivQuality,0.0
ThisCarCost,PropCost,DrivQuality,0.0
ThisCarCost,PropCost,DrivQuality,0.0
ThisCarCost,PropCost,DrivQuality,0.0
ThisCarCost,PropCost,DrivQuality,0.0
ThisCarCost,PropCost,DrivQuality,0.0
ThisCarCost,PropCost,DrivQuality,0.0
ThisCarCost,PropCost,DrivQuality,0.0
ThisCarCost,PropCost,DrivQuality,0.0
ThisCarCost,PropCost,DrivQuality,0.0
ThisCarCost,PropCost,DrivQuality,0.0
ThisCarCost,PropCost,DrivQuality,0.0
ThisCarCost,OtherCarCost,ThisCarDam,0.18847248523261395
ThisCarCost,OtherCarCost,ThisCarDam,0.18847248523261395
ThisCarCost,OtherCarCost,ThisCarDam,0.18847248523261395
ThisCarCost,OtherCarCost,ThisCarDam,0.18847248523261395
ThisCarCost,OtherCarCost,ThisCarDam,0.18847248523261395
ThisCarCost,OtherCarCost,ThisCarDam,0.18847248523261395
ThisCarCost,OtherCarCost,ThisCarDam,0.18847248523261395
ThisCarCost,OtherCarCost,ThisCarDam,0.18847248523261395
ThisCarCost,OtherCarCost,ThisCarDam,0.18847248523261395
ThisCarCost,OtherCarCost,ThisCarDam,0.18847248523261395
ThisCarCost,OtherCarCost,ThisCarDam,0.18847248523261395
ThisCarCost,OtherCarCost,ThisCarDam,0.18847248523261395
ThisCarCost,OtherCarCost,ThisCarDam,0.18847248523261395
ThisCarCost,OtherCar,SocioEcon,0.3389018224880655
ThisCarCost,OtherCar,SocioEcon,0.3389018224880655
ThisCarCost,OtherCar,SocioEcon,0.3389018224880655
ThisCarCost,OtherCar,SocioEcon,0.3389018224880655
ThisCarCost,OtherCar,SocioEcon,0.3389018224880655
ThisCarCost,OtherCar,SocioEcon,0.3389018224880655
ThisCarCost,OtherCar,SocioEcon,0.3389018224880655
ThisCarCost,OtherCar,SocioEcon,0.3389018224880655
ThisCarCost,MedCost,DrivQuality,9.237644411543867e-94
ThisCarCost,MedCost,DrivQuality,9.237644411543867e-94
ThisCarCost,MedCost,DrivQuality,9.237644411543867e-94
ThisCarCost,MedCost,DrivQuality,9.237644411543867e-94
ThisCarCost,MedCost,DrivQuality,9.237644411543867e-94
ThisCarCost,MedCost,DrivQuality,9.237644411543867e-94
ThisCarCost,MedCost,DrivQuality,9.237644411543867e-94
ThisCarCost,MedCost,DrivQuality,9.237644411543867e-94
ThisCarCost,MedCost,DrivQuality,9.237644411543867e-94
ThisCarCost,MedCost,DrivQuality,9.237644411543867e-94
ThisCarCost,MedCost,DrivQuality,9.237644411543867e-94
ThisCarCost,MedCost,DrivQuality,9.237644411543867e-94
ThisCarCost,MedCost,DrivQuality,9.237644411543867e-94
ThisCarCost,MedCost,DrivQuality,9.237644411543867e-94
ThisCarCost,MedCost,DrivQuality,9.237644411543867e-94
ThisCarCost,MedCost,DrivQuality,9.237644411543867e-94
ThisCarCost,MedCost,DrivQuality,9.237644411543867e-94
ThisCarCost,MedCost,DrivQuality,9.237644411543867e-94
ThisCarCost,MedCost,DrivQuality,9.237644411543867e-94
ThisCarCost,MedCost,DrivQuality,9.237644411543867e-94
ThisCarCost,MedCost,DrivQuality,9.237644411543867e-94
ThisCarCost,Cushioning,CarValue,0.7064650231670531
ThisCarCost,Cushioning,CarValue,0.7064650231670531
ThisCarCost,Cushioning,CarValue,0.7064650231670531
ThisCarCost,Cushioning,CarValue,0.7064650231670531
ThisCarCost,Cushioning,CarValue,0.7064650231670531
ThisCarCost,Cushioning,CarValue,0.7064650231670531
ThisCarCost,Cushioning,CarValue,0.7064650231670531
ThisCarCost,Cushioning,CarValue,0.7064650231670531
ThisCarCost,Cushioning,CarValue,0.7064650231670531
ThisCarCost,Cushioning,CarValue,0.7064650231670531
ThisCarCost,Cushioning,CarValue,0.7064650231670531
ThisCarCost,Cushioning,CarValue,0.7064650231670531
ThisCarCost,Cushioning,CarValue,0.7064650231670531
ThisCarCost,Cushioning,CarValue,0.7064650231670531
ThisCarCost,Cushioning,CarValue,0.7064650231670531
ThisCarCost,Cushioning,CarValue,0.7064650231670531
ThisCarCost,Cushioning,CarValue,0.7064650231670531
ThisCarCost,Cushioning,CarValue,0.7064650231670531
ThisCarCost,Airbag,CarValue,0.5148617975260573
ThisCarCost,Airbag,CarValue,0.5148617975260573
ThisCarCost,Airbag,CarValue,0.5148617975260573
ThisCarCost,Airbag,CarValue,0.5148617975260573
ThisCarCost,Airbag,CarValue,0.5148617975260573
ThisCarCost,Airbag,CarValue,0.5148617975260573
ThisCarCost,Airbag,CarValue,0.5148617975260573
ThisCarCost,Airbag,CarValue,0.5148617975260573
ThisCarCost,Airbag,CarValue,0.5148617975260573
ThisCarCost,Airbag,CarValue,0.5148617975260573
ThisCarCost,Airbag,CarValue,0.5148617975260573
ThisCarCost,Airbag,CarValue,0.5148617975260573
ThisCarCost,Airbag,CarValue,0.5148617975260573
ThisCarCost,Airbag,CarValue,0.5148617975260573
ThisCarCost,Airbag,CarValue,0.5148617975260573
ThisCarCost,Airbag,CarValue,0.5148617975260573
ThisCarCost,Airbag,CarValue,0.5148617975260573
ThisCarCost,Airbag,CarValue,0.5148617975260573
ThisCarCost,ILiCost,DrivQuality,1.3228698496033995e-19
ThisCarCost,ILiCost,DrivQuality,1.3228698496033995e-19
ThisCarCost,ILiCost,DrivQuality,1.3228698496033995e-19
ThisCarCost,ILiCost,DrivQuality,1.3228698496033995e-19
ThisCarCost,ILiCost,DrivQuality,1.3228698496033995e-19
ThisCarCost,ILiCost,DrivQuality,1.3228698496033995e-19
ThisCarCost,ILiCost,DrivQuality,1.3228698496033995e-19
ThisCarCost,ILiCost,DrivQuality,1.3228698496033995e-19
ThisCarCost,ILiCost,DrivQuality,1.3228698496033995e-19
ThisCarCost,ILiCost,DrivQuality,1.3228698496033995e-19
ThisCarCost,ILiCost,DrivQuality,1.3228698496033995e-19
ThisCarCost,ILiCost,DrivQuality,1.3228698496033995e-19
ThisCarCost,ILiCost,DrivQuality,1.3228698496033995e-19
ThisCarCost,ILiCost,DrivQuality,1.3228698496033995e-19
ThisCarCost,ILiCost,DrivQuality,1.3228698496033995e-19
ThisCarCost,ILiCost,DrivQuality,1.3228698496033995e-19
ThisCarCost,ILiCost,DrivQuality,1.3228698496033995e-19
ThisCarCost,ILiCost,DrivQuality,1.3228698496033995e-19
ThisCarCost,ILiCost,DrivQuality,1.3228698496033995e-19
ThisCarCost,ILiCost,DrivQuality,1.3228698496033995e-19
ThisCarCost,ILiCost,DrivQuality,1.3228698496033995e-19
Theft,CarValue,ThisCarCost,1.8641657130128314e-05
CarValue,HomeBase,SocioEcon,0.2736214067779035
CarValue,HomeBase,SocioEcon,0.2736214067779035
CarValue,HomeBase,SocioEcon,0.2736214067779035
CarValue,HomeBase,SocioEcon,0.2736214067779035
CarValue,HomeBase,SocioEcon,0.2736214067779035
CarValue,HomeBase,SocioEcon,0.2736214067779035
CarValue,HomeBase,SocioEcon,0.2736214067779035
CarValue,AntiTheft,SocioEcon,0.8625366795909926
CarValue,AntiTheft,SocioEcon,0.8625366795909926
CarValue,AntiTheft,SocioEcon,0.8625366795909926
CarValue,AntiTheft,SocioEcon,0.8625366795909926
CarValue,AntiTheft,SocioEcon,0.8625366795909926
CarValue,AntiTheft,SocioEcon,0.8625366795909926
CarValue,AntiTheft,SocioEcon,0.8625366795909926
CarValue,PropCost,RuggedAuto,3.571880053187107e-82
CarValue,PropCost,RuggedAuto,3.571880053187107e-82
CarValue,PropCost,RuggedAuto,3.571880053187107e-82
CarValue,PropCost,RuggedAuto,3.571880053187107e-82
CarValue,PropCost,RuggedAuto,3.571880053187107e-82
CarValue,PropCost,RuggedAuto,3.571880053187107e-82
CarValue,PropCost,RuggedAuto,3.571880053187107e-82
CarValue,PropCost,RuggedAuto,3.571880053187107e-82
CarValue,PropCost,RuggedAuto,3.571880053187107e-82
CarValue,PropCost,RuggedAuto,3.571880053187107e-82
CarValue,PropCost,RuggedAuto,3.571880053187107e-82
CarValue,PropCost,RuggedAuto,3.571880053187107e-82
CarValue,PropCost,RuggedAuto,3.571880053187107e-82
CarValue,PropCost,RuggedAuto,3.571880053187107e-82
CarValue,PropCost,RuggedAuto,3.571880053187107e-82
CarValue,PropCost,RuggedAuto,3.571880053187107e-82
CarValue,PropCost,RuggedAuto,3.571880053187107e-82
CarValue,PropCost,RuggedAuto,3.571880053187107e-82
CarValue,OtherCarCost,VehicleYear,0.4494245770395773
CarValue,OtherCar,SocioEcon,0.7081621415325314
CarValue,OtherCar,SocioEcon,0.7081621415325314
CarValue,OtherCar,SocioEcon,0.7081621415325314
CarValue,OtherCar,SocioEcon,0.7081621415325314
CarValue,OtherCar,SocioEcon,0.7081621415325314
CarValue,OtherCar,SocioEcon,0.7081621415325314
CarValue,OtherCar,SocioEcon,0.7081621415325314
CarValue,MedCost,Cushioning,0.7224260549536816
CarValue,MedCost,Cushioning,0.7224260549536816
CarValue,Cushioning,RuggedAuto,4.1871725091004095e-76
CarValue,Cushioning,RuggedAuto,4.1871725091004095e-76
CarValue,Cushioning,RuggedAuto,4.1871725091004095e-76
CarValue,Cushioning,RuggedAuto,4.1871725091004095e-76
CarValue,Cushioning,RuggedAuto,4.1871725091004095e-76
CarValue,Cushioning,RuggedAuto,4.1871725091004095e-76
CarValue,Cushioning,RuggedAuto,4.1871725091004095e-76
CarValue,Cushioning,RuggedAuto,4.1871725091004095e-76
CarValue,Cushioning,RuggedAuto,4.1871725091004095e-76
CarValue,Cushioning,RuggedAuto,4.1871725091004095e-76
CarValue,Cushioning,RuggedAuto,4.1871725091004095e-76
CarValue,Cushioning,RuggedAuto,4.1871725091004095e-76
CarValue,Cushioning,RuggedAuto,4.1871725091004095e-76
CarValue,Cushioning,RuggedAuto,4.1871725091004095e-76
CarValue,Cushioning,RuggedAuto,4.1871725091004095e-76
CarValue,Cushioning,RuggedAuto,4.1871725091004095e-76
CarValue,Cushioning,RuggedAuto,4.1871725091004095e-76
CarValue,Cushioning,RuggedAuto,4.1871725091004095e-76
CarValue,Airbag,RuggedAuto,0.0
CarValue,Airbag,RuggedAuto,0.0
CarValue,Airbag,RuggedAuto,0.0
CarValue,Airbag,RuggedAuto,0.0
CarValue,Airbag,RuggedAuto,0.0
CarValue,Airbag,RuggedAuto,0.0
CarValue,Airbag,RuggedAuto,0.0
CarValue,Airbag,RuggedAuto,0.0
CarValue,Airbag,RuggedAuto,0.0
CarValue,Airbag,RuggedAuto,0.0
CarValue,Airbag,RuggedAuto,0.0
CarValue,Airbag,RuggedAuto,0.0
CarValue,Airbag,RuggedAuto,0.0
CarValue,Airbag,RuggedAuto,0.0
CarValue,Airbag,RuggedAuto,0.0
CarValue,Airbag,RuggedAuto,0.0
CarValue,Airbag,RuggedAuto,0.0
CarValue,Airbag,RuggedAuto,0.0
HomeBase,AntiTheft,DrivHist,4.0453154292599746e-153
HomeBase,AntiTheft,DrivHist,4.0453154292599746e-153
HomeBase,AntiTheft,DrivHist,4.0453154292599746e-153
HomeBase,AntiTheft,DrivHist,4.0453154292599746e-153
HomeBase,AntiTheft,DrivHist,4.0453154292599746e-153
HomeBase,AntiTheft,DrivHist,4.0453154292599746e-153
HomeBase,AntiTheft,DrivHist,4.0453154292599746e-153
HomeBase,AntiTheft,DrivHist,4.0453154292599746e-153
HomeBase,AntiTheft,DrivHist,4.0453154292599746e-153
HomeBase,AntiTheft,DrivHist,4.0453154292599746e-153
HomeBase,AntiTheft,DrivHist,4.0453154292599746e-153
HomeBase,AntiTheft,DrivHist,4.0453154292599746e-153
HomeBase,AntiTheft,DrivHist,4.0453154292599746e-153
HomeBase,AntiTheft,DrivHist,4.0453154292599746e-153
HomeBase,AntiTheft,DrivHist,4.0453154292599746e-153
HomeBase,AntiTheft,DrivHist,4.0453154292599746e-153
HomeBase,AntiTheft,DrivHist,4.0453154292599746e-153
HomeBase,AntiTheft,DrivHist,4.0453154292599746e-153
HomeBase,AntiTheft,DrivHist,4.0453154292599746e-153
HomeBase,AntiTheft,DrivHist,4.0453154292599746e-153
HomeBase,PropCost,SocioEcon,0.918179426419623
HomeBase,PropCost,SocioEcon,0.918179426419623
HomeBase,PropCost,SocioEcon,0.918179426419623
HomeBase,PropCost,SocioEcon,0.918179426419623
HomeBase,PropCost,SocioEcon,0.918179426419623
HomeBase,PropCost,SocioEcon,0.918179426419623
HomeBase,PropCost,SocioEcon,0.918179426419623
HomeBase,PropCost,SocioEcon,0.918179426419623
HomeBase,OtherCar,SocioEcon,0.8272547595034453
HomeBase,OtherCar,SocioEcon,0.8272547595034453
HomeBase,OtherCar,SocioEcon,0.8272547595034453
HomeBase,OtherCar,SocioEcon,0.8272547595034453
HomeBase,OtherCar,SocioEcon,0.8272547595034453
HomeBase,OtherCar,SocioEcon,0.8272547595034453
HomeBase,OtherCar,SocioEcon,0.8272547595034453
HomeBase,OtherCar,SocioEcon,0.8272547595034453
HomeBase,MedCost,Cushioning,0.9555336642633618
HomeBase,MedCost,Cushioning,0.9555336642633618
HomeBase,Cushioning,SocioEcon,0.2964591842227199
HomeBase,Cushioning,SocioEcon,0.2964591842227199
HomeBase,Cushioning,SocioEcon,0.2964591842227199
HomeBase,Cushioning,SocioEcon,0.2964591842227199
HomeBase,Cushioning,SocioEcon,0.2964591842227199
HomeBase,Cushioning,SocioEcon,0.2964591842227199
HomeBase,Cushioning,SocioEcon,0.2964591842227199
HomeBase,Airbag,SocioEcon,0.5089645243907506
HomeBase,Airbag,SocioEcon,0.5089645243907506
HomeBase,Airbag,SocioEcon,0.5089645243907506
HomeBase,Airbag,SocioEcon,0.5089645243907506
HomeBase,Airbag,SocioEcon,0.5089645243907506
HomeBase,Airbag,SocioEcon,0.5089645243907506
HomeBase,Airbag,SocioEcon,0.5089645243907506
HomeBase,DrivHist,RiskAversion,0.3316123192802949
HomeBase,DrivHist,RiskAversion,0.3316123192802949
HomeBase,DrivHist,RiskAversion,0.3316123192802949
HomeBase,DrivHist,RiskAversion,0.3316123192802949
HomeBase,DrivHist,RiskAversion,0.3316123192802949
HomeBase,DrivHist,RiskAversion,0.3316123192802949
HomeBase,DrivHist,RiskAversion,0.3316123192802949
HomeBase,DrivHist,RiskAversion,0.3316123192802949
HomeBase,DrivHist,RiskAversion,0.3316123192802949
HomeBase,DrivHist,RiskAversion,0.3316123192802949
HomeBase,DrivHist,RiskAversion,0.3316123192802949
AntiTheft,PropCost,SocioEcon,0.224896331402134
AntiTheft,PropCost,SocioEcon,0.224896331402134
AntiTheft,PropCost,SocioEcon,0.224896331402134
AntiTheft,PropCost,SocioEcon,0.224896331402134
AntiTheft,PropCost,SocioEcon,0.224896331402134
AntiTheft,PropCost,SocioEcon,0.224896331402134
AntiTheft,OtherCar,SocioEcon,0.11428008802477807
AntiTheft,OtherCar,SocioEcon,0.11428008802477807
AntiTheft,OtherCar,SocioEcon,0.11428008802477807
AntiTheft,OtherCar,SocioEcon,0.11428008802477807
AntiTheft,OtherCar,SocioEcon,0.11428008802477807
AntiTheft,OtherCar,SocioEcon,0.11428008802477807
AntiTheft,Cushioning,SocioEcon,0.6799677187844682
AntiTheft,Cushioning,SocioEcon,0.6799677187844682
AntiTheft,Cushioning,SocioEcon,0.6799677187844682
AntiTheft,Cushioning,SocioEcon,0.6799677187844682
AntiTheft,Cushioning,SocioEcon,0.6799677187844682
AntiTheft,Airbag,SocioEcon,0.6681084193210607
AntiTheft,Airbag,SocioEcon,0.6681084193210607
AntiTheft,Airbag,SocioEcon,0.6681084193210607
AntiTheft,Airbag,SocioEcon,0.6681084193210607
AntiTheft,Airbag,SocioEcon,0.6681084193210607
AntiTheft,DrivHist,RiskAversion,0.3782079172515798
AntiTheft,DrivHist,RiskAversion,0.3782079172515798
AntiTheft,DrivHist,RiskAversion,0.3782079172515798
AntiTheft,DrivHist,RiskAversion,0.3782079172515798
AntiTheft,DrivHist,RiskAversion,0.3782079172515798
AntiTheft,DrivHist,RiskAversion,0.3782079172515798
AntiTheft,DrivHist,RiskAversion,0.3782079172515798
AntiTheft,DrivHist,RiskAversion,0.3782079172515798
AntiTheft,DrivHist,RiskAversion,0.3782079172515798
PropCost,OtherCarCost,DrivQuality,0.0
PropCost,OtherCarCost,DrivQuality,0.0
PropCost,OtherCarCost,DrivQuality,0.0
PropCost,OtherCarCost,DrivQuality,0.0
PropCost,OtherCarCost,DrivQuality,0.0
PropCost,OtherCarCost,DrivQuality,0.0
PropCost,OtherCarCost,DrivQuality,0.0
PropCost,OtherCarCost,DrivQuality,0.0
PropCost,OtherCarCost,DrivQuality,0.0
PropCost,OtherCarCost,DrivQuality,0.0
PropCost,OtherCarCost,DrivQuality,0.0
PropCost,OtherCarCost,DrivQuality,0.0
PropCost,OtherCarCost,DrivQuality,0.0
PropCost,OtherCarCost,DrivQuality,0.0
PropCost,OtherCarCost,DrivQuality,0.0
PropCost,OtherCarCost,DrivQuality,0.0
PropCost,OtherCarCost,DrivQuality,0.0
PropCost,OtherCarCost,DrivQuality,0.0
PropCost,OtherCar,SocioEcon,0.6324459954419737
PropCost,OtherCar,SocioEcon,0.6324459954419737
PropCost,OtherCar,SocioEcon,0.6324459954419737
PropCost,OtherCar,SocioEcon,0.6324459954419737
PropCost,OtherCar,SocioEcon,0.6324459954419737
PropCost,OtherCar,SocioEcon,0.6324459954419737
PropCost,MedCost,DrivQuality,2.4120836497720305e-47
PropCost,MedCost,DrivQuality,2.4120836497720305e-47
PropCost,MedCost,DrivQuality,2.4120836497720305e-47
PropCost,MedCost,DrivQuality,2.4120836497720305e-47
PropCost,MedCost,DrivQuality,2.4120836497720305e-47
PropCost,MedCost,DrivQuality,2.4120836497720305e-47
PropCost,MedCost,DrivQuality,2.4120836497720305e-47
PropCost,MedCost,DrivQuality,2.4120836497720305e-47
PropCost,MedCost,DrivQuality,2.4120836497720305e-47
PropCost,MedCost,DrivQuality,2.4120836497720305e-47
PropCost,MedCost,DrivQuality,2.4120836497720305e-47
PropCost,MedCost,DrivQuality,2.4120836497720305e-47
PropCost,MedCost,DrivQuality,2.4120836497720305e-47
PropCost,MedCost,DrivQuality,2.4120836497720305e-47
PropCost,MedCost,DrivQuality,2.4120836497720305e-47
PropCost,MedCost,DrivQuality,2.4120836497720305e-47
PropCost,MedCost,DrivQuality,2.4120836497720305e-47
PropCost,MedCost,DrivQuality,2.4120836497720305e-47
PropCost,Cushioning,MakeModel,0.19959546349746116
PropCost,Cushioning,MakeModel,0.19959546349746116
PropCost,Cushioning,MakeModel,0.19959546349746116
PropCost,Cushioning,MakeModel,0.19959546349746116
PropCost,Cushioning,MakeModel,0.19959546349746116
PropCost,Cushioning,MakeModel,0.19959546349746116
PropCost,Cushioning,MakeModel,0.19959546349746116
PropCost,Cushioning,MakeModel,0.19959546349746116
PropCost,Cushioning,MakeModel,0.19959546349746116
PropCost,Cushioning,MakeModel,0.19959546349746116
PropCost,Airbag,VehicleYear,0.6317972494915851
PropCost,ILiCost,DrivQuality,1.1739986143808684e-22
PropCost,ILiCost,DrivQuality,1.1739986143808684e-22
PropCost,ILiCost,DrivQuality,1.1739986143808684e-22
PropCost,ILiCost,DrivQuality,1.1739986143808684e-22
PropCost,ILiCost,DrivQuality,1.1739986143808684e-22
PropCost,ILiCost,DrivQuality,1.1739986143808684e-22
PropCost,ILiCost,DrivQuality,1.1739986143808684e-22
PropCost,ILiCost,DrivQuality,1.1739986143808684e-22
PropCost,ILiCost,DrivQuality,1.1739986143808684e-22
PropCost,ILiCost,DrivQuality,1.1739986143808684e-22
PropCost,ILiCost,DrivQuality,1.1739986143808684e-22
PropCost,ILiCost,DrivQuality,1.1739986143808684e-22
PropCost,ILiCost,DrivQuality,1.1739986143808684e-22
PropCost,ILiCost,DrivQuality,1.1739986143808684e-22
PropCost,ILiCost,DrivQuality,1.1739986143808684e-22
PropCost,ILiCost,DrivQuality,1.1739986143808684e-22
PropCost,ILiCost,DrivQuality,1.1739986143808684e-22
PropCost,ILiCost,DrivQuality,1.1739986143808684e-22
OtherCarCost,MedCost,DrivQuality,1.2086213172223536e-28
OtherCarCost,MedCost,DrivQuality,1.2086213172223536e-28
OtherCarCost,MedCost,DrivQuality,1.2086213172223536e-28
OtherCarCost,MedCost,DrivQuality,1.2086213172223536e-28
OtherCarCost,MedCost,DrivQuality,1.2086213172223536e-28
OtherCarCost,MedCost,DrivQuality,1.2086213172223536e-28
OtherCarCost,MedCost,DrivQuality,1.2086213172223536e-28
OtherCarCost,MedCost,DrivQuality,1.2086213172223536e-28
OtherCarCost,MedCost,DrivQuality,1.2086213172223536e-28
OtherCarCost,MedCost,DrivQuality,1.2086213172223536e-28
OtherCarCost,MedCost,DrivQuality,1.2086213172223536e-28
OtherCarCost,MedCost,DrivQuality,1.2086213172223536e-28
OtherCarCost,MedCost,DrivQuality,1.2086213172223536e-28
OtherCarCost,MedCost,DrivQuality,1.2086213172223536e-28
OtherCarCost,MedCost,DrivQuality,1.2086213172223536e-28
OtherCarCost,Cushioning,RuggedAuto,0.6827719979574217
OtherCarCost,Cushioning,RuggedAuto,0.6827719979574217
OtherCarCost,Cushioning,RuggedAuto,0.6827719979574217
OtherCarCost,Cushioning,RuggedAuto,0.6827719979574217
OtherCarCost,Cushioning,RuggedAuto,0.6827719979574217
OtherCarCost,Cushioning,RuggedAuto,0.6827719979574217
OtherCarCost,Cushioning,RuggedAuto,0.6827719979574217
OtherCarCost,Cushioning,RuggedAuto,0.6827719979574217
OtherCarCost,Cushioning,RuggedAuto,0.6827719979574217
OtherCarCost,Cushioning,RuggedAuto,0.6827719979574217
OtherCarCost,ILiCost,DrivQuality,1.9059618038631231e-19
OtherCarCost,ILiCost,DrivQuality,1.9059618038631231e-19
OtherCarCost,ILiCost,DrivQuality,1.9059618038631231e-19
OtherCarCost,ILiCost,DrivQuality,1.9059618038631231e-19
OtherCarCost,ILiCost,DrivQuality,1.9059618038631231e-19
OtherCarCost,ILiCost,DrivQuality,1.9059618038631231e-19
OtherCarCost,ILiCost,DrivQuality,1.9059618038631231e-19
OtherCarCost,ILiCost,DrivQuality,1.9059618038631231e-19
OtherCarCost,ILiCost,DrivQuality,1.9059618038631231e-19
OtherCarCost,ILiCost,DrivQuality,1.9059618038631231e-19
OtherCarCost,ILiCost,DrivQuality,1.9059618038631231e-19
OtherCarCost,ILiCost,DrivQuality,1.9059618038631231e-19
OtherCarCost,ILiCost,DrivQuality,1.9059618038631231e-19
OtherCarCost,ILiCost,DrivQuality,1.9059618038631231e-19
OtherCarCost,ILiCost,DrivQuality,1.9059618038631231e-19
OtherCar,MedCost,VehicleYear,0.10718712424023366
OtherCar,Cushioning,SocioEcon,0.4407207201225886
OtherCar,Cushioning,SocioEcon,0.4407207201225886
OtherCar,Cushioning,SocioEcon,0.4407207201225886
OtherCar,Cushioning,SocioEcon,0.4407207201225886
OtherCar,Cushioning,SocioEcon,0.4407207201225886
OtherCar,Airbag,SocioEcon,0.45040421745016357
OtherCar,Airbag,SocioEcon,0.45040421745016357
OtherCar,Airbag,SocioEcon,0.45040421745016357
OtherCar,Airbag,SocioEcon,0.45040421745016357
OtherCar,Airbag,SocioEcon,0.45040421745016357
MedCost,Cushioning,DrivQuality,1.818776804712276e-141
MedCost,Cushioning,DrivQuality,1.818776804712276e-141
MedCost,Cushioning,DrivQuality,1.818776804712276e-141
MedCost,Cushioning,DrivQuality,1.818776804712276e-141
MedCost,Cushioning,DrivQuality,1.818776804712276e-141
MedCost,Cushioning,DrivQuality,1.818776804712276e-141
MedCost,Cushioning,DrivQuality,1.818776804712276e-141
MedCost,Cushioning,DrivQuality,1.818776804712276e-141
MedCost,Cushioning,DrivQuality,1.818776804712276e-141
MedCost,Cushioning,DrivQuality,1.818776804712276e-141
MedCost,Cushioning,DrivQuality,1.818776804712276e-141
MedCost,Cushioning,DrivQuality,1.818776804712276e-141
MedCost,Cushioning,DrivQuality,1.818776804712276e-141
MedCost,Cushioning,DrivQuality,1.818776804712276e-141
MedCost,Cushioning,DrivQuality,1.818776804712276e-141
MedCost,Cushioning,DrivQuality,1.818776804712276e-141
MedCost,Cushioning,DrivQuality,1.818776804712276e-141
MedCost,Cushioning,DrivQuality,1.818776804712276e-141
MedCost,Cushioning,DrivQuality,1.818776804712276e-141
MedCost,Cushioning,DrivQuality,1.818776804712276e-141
MedCost,Airbag,Cushioning,0.808401290678191
MedCost,Airbag,Cushioning,0.808401290678191
MedCost,ILiCost,ThisCarDam,0.12995196043716328
MedCost,ILiCost,ThisCarDam,0.12995196043716328
MedCost,ILiCost,ThisCarDam,0.12995196043716328
MedCost,ILiCost,ThisCarDam,0.12995196043716328
MedCost,ILiCost,ThisCarDam,0.12995196043716328
MedCost,ILiCost,ThisCarDam,0.12995196043716328
MedCost,ILiCost,ThisCarDam,0.12995196043716328
MedCost,ILiCost,ThisCarDam,0.12995196043716328
MedCost,ILiCost,ThisCarDam,0.12995196043716328
MedCost,ILiCost,ThisCarDam,0.12995196043716328
Cushioning,Airbag,RuggedAuto,8.946062435241621e-299
Cushioning,Airbag,RuggedAuto,8.946062435241621e-299
Cushioning,Airbag,RuggedAuto,8.946062435241621e-299
Cushioning,Airbag,RuggedAuto,8.946062435241621e-299
Cushioning,Airbag,RuggedAuto,8.946062435241621e-299
Cushioning,Airbag,RuggedAuto,8.946062435241621e-299
Cushioning,Airbag,RuggedAuto,8.946062435241621e-299
Cushioning,Airbag,RuggedAuto,8.946062435241621e-299
Cushioning,Airbag,RuggedAuto,8.946062435241621e-299
Cushioning,Airbag,RuggedAuto,8.946062435241621e-299
Cushioning,Airbag,RuggedAuto,8.946062435241621e-299
Cushioning,Airbag,RuggedAuto,8.946062435241621e-299
Cushioning,Airbag,RuggedAuto,8.946062435241621e-299
Cushioning,Airbag,RuggedAuto,8.946062435241621e-299
Cushioning,Airbag,RuggedAuto,8.946062435241621e-299
Cushioning,Airbag,RuggedAuto,8.946062435241621e-299
Cushioning,Airbag,RuggedAuto,8.946062435241621e-299
Cushioning,Airbag,RuggedAuto,8.946062435241621e-299
Age,SocioEcon,"DrivHist,MedCost",3.4636192967985376e-06
Age,SocioEcon,"DrivHist,MedCost",3.4636192967985376e-06
Age,SocioEcon,"DrivHist,MedCost",3.4636192967985376e-06
Age,SocioEcon,"DrivHist,MedCost",3.4636192967985376e-06
Age,SocioEcon,"DrivHist,MedCost",3.4636192967985376e-06
Age,SocioEcon,"DrivHist,MedCost",3.4636192967985376e-06
Age,SocioEcon,"DrivHist,MedCost",3.4636192967985376e-06
Age,SocioEcon,"DrivHist,MedCost",3.4636192967985376e-06
Age,SocioEcon,"DrivHist,MedCost",3.4636192967985376e-06
Age,SocioEcon,"DrivHist,MedCost",3.4636192967985376e-06
Age,SocioEcon,"DrivHist,MedCost",3.4636192967985376e-06
Age,SocioEcon,"DrivHist,MedCost",3.4636192967985376e-06
Age,SocioEcon,"DrivHist,MedCost",3.4636192967985376e-06
Age,SocioEcon,"DrivHist,MedCost",3.4636192967985376e-06
Age,SocioEcon,"DrivHist,MedCost",3.4636192967985376e-06
Age,RiskAversion,"DrivHist,MedCost",1.4825420786878433e-18
Age,RiskAversion,"DrivHist,MedCost",1.4825420786878433e-18
Age,RiskAversion,"DrivHist,MedCost",1.4825420786878433e-18
Age,RiskAversion,"DrivHist,MedCost",1.4825420786878433e-18
Age,RiskAversion,"DrivHist,MedCost",1.4825420786878433e-18
Age,RiskAversion,"DrivHist,MedCost",1.4825420786878433e-18
Age,RiskAversion,"DrivHist,MedCost",1.4825420786878433e-18
Age,RiskAversion,"DrivHist,MedCost",1.4825420786878433e-18
Age,RiskAversion,"DrivHist,MedCost",1.4825420786878433e-18
Age,RiskAversion,"DrivHist,MedCost",1.4825420786878433e-18
Age,RiskAversion,"DrivHist,MedCost",1.4825420786878433e-18
Age,RiskAversion,"DrivHist,MedCost",1.4825420786878433e-18
Age,RiskAversion,"DrivHist,MedCost",1.4825420786878433e-18
Age,RiskAversion,"DrivHist,MedCost",1.4825420786878433e-18
Age,RiskAversion,"DrivHist,MedCost",1.4825420786878433e-18
Age,DrivQuality,"RiskAversion,SeniorTrain",0.38586439454024757
Age,SeniorTrain,"DrivHist,MedCost",1.070677512603878e-97
Age,SeniorTrain,"DrivHist,MedCost",1.070677512603878e-97
Age,SeniorTrain,"DrivHist,MedCost",1.070677512603878e-97
Age,SeniorTrain,"DrivHist,MedCost",1.070677512603878e-97
Age,SeniorTrain,"DrivHist,MedCost",1.070677512603878e-97
Age,SeniorTrain,"DrivHist,MedCost",1.070677512603878e-97
Age,SeniorTrain,"DrivHist,MedCost",1.070677512603878e-97
Age,SeniorTrain,"DrivHist,MedCost",1.070677512603878e-97
Age,SeniorTrain,"DrivHist,MedCost",1.070677512603878e-97
Age,SeniorTrain,"DrivHist,MedCost",1.070677512603878e-97
Age,SeniorTrain,"DrivHist,MedCost",1.070677512603878e-97
Age,SeniorTrain,"DrivHist,MedCost",1.070677512603878e-97
Age,SeniorTrain,"DrivHist,MedCost",1.070677512603878e-97
Age,SeniorTrain,"DrivHist,MedCost",1.070677512603878e-97
Age,SeniorTrain,"DrivHist,MedCost",1.070677512603878e-97
Age,MedCost,"DrivQuality,RiskAversion",0.18103335301794524
Age,MedCost,"DrivQuality,RiskAversion",0.18103335301794524
Age,DrivHist,"RiskAversion,SeniorTrain",0.4335456013790176
SocioEcon,RiskAversion,"Cushioning,MakeModel",0.43471586863448786
SocioEcon,RiskAversion,"Cushioning,MakeModel",0.43471586863448786
SocioEcon,RiskAversion,"Cushioning,MakeModel",0.43471586863448786
SocioEcon,RiskAversion,"Cushioning,MakeModel",0.43471586863448786
SocioEcon,RiskAversion,"Cushioning,MakeModel",0.43471586863448786
SocioEcon,RiskAversion,"Cushioning,MakeModel",0.43471586863448786
SocioEcon,RiskAversion,"Cushioning,MakeModel",0.43471586863448786
SocioEcon,RiskAversion,"Cushioning,MakeModel",0.43471586863448786
SocioEcon,RiskAversion,"Cushioning,MakeModel",0.43471586863448786
SocioEcon,RiskAversion,"Cushioning,MakeModel",0.43471586863448786
SocioEcon,RiskAversion,"Cushioning,MakeModel",0.43471586863448786
SocioEcon,RiskAversion,"Cushioning,MakeModel",0.43471586863448786
SocioEcon,RiskAversion,"Cushioning,MakeModel",0.43471586863448786
SocioEcon,RiskAversion,"Cushioning,MakeModel",0.43471586863448786
SocioEcon,RiskAversion,"Cushioning,MakeModel",0.43471586863448786
SocioEcon,RiskAversion,"Cushioning,MakeModel",0.43471586863448786
SocioEcon,RiskAversion,"Cushioning,MakeModel",0.43471586863448786
SocioEcon,RiskAversion,"Cushioning,MakeModel",0.43471586863448786
SocioEcon,RiskAversion,"Cushioning,MakeModel",0.43471586863448786
SocioEcon,RiskAversion,"Cushioning,MakeModel",0.43471586863448786
SocioEcon,RiskAversion,"Cushioning,MakeModel",0.43471586863448786
SocioEcon,RiskAversion,"Cushioning,MakeModel",0.43471586863448786
SocioEcon,RiskAversion,"Cushioning,MakeModel",0.43471586863448786
SocioEcon,RiskAversion,"Cushioning,MakeModel",0.43471586863448786
SocioEcon,VehicleYear,"Antilock,RuggedAuto",9.79138023131158e-61
SocioEcon,VehicleYear,"Antilock,RuggedAuto",9.79138023131158e-61
SocioEcon,VehicleYear,"Antilock,RuggedAuto",9.79138023131158e-61
SocioEcon,VehicleYear,"Antilock,RuggedAuto",9.79138023131158e-61
SocioEcon,VehicleYear,"Antilock,RuggedAuto",9.79138023131158e-61
SocioEcon,VehicleYear,"Antilock,RuggedAuto",9.79138023131158e-61
SocioEcon,VehicleYear,"Antilock,RuggedAuto",9.79138023131158e-61
SocioEcon,VehicleYear,"Antilock,RuggedAuto",9.79138023131158e-61
SocioEcon,VehicleYear,"Antilock,RuggedAuto",9.79138023131158e-61
SocioEcon,VehicleYear,"Antilock,RuggedAuto",9.79138023131158e-61
SocioEcon,VehicleYear,"Antilock,RuggedAuto",9.79138023131158e-61
SocioEcon,VehicleYear,"Antilock,RuggedAuto",9.79138023131158e-61
SocioEcon,VehicleYear,"Antilock,RuggedAuto",9.79138023131158e-61
SocioEcon,VehicleYear,"Antilock,RuggedAuto",9.79138023131158e-61
SocioEcon,VehicleYear,"Antilock,RuggedAuto",9.79138023131158e-61
SocioEcon,VehicleYear,"Antilock,RuggedAuto",9.79138023131158e-61
SocioEcon,VehicleYear,"Antilock,RuggedAuto",9.79138023131158e-61
SocioEcon,VehicleYear,"Antilock,RuggedAuto",9.79138023131158e-61
SocioEcon,VehicleYear,"Antilock,RuggedAuto",9.79138023131158e-61
SocioEcon,VehicleYear,"Antilock,RuggedAuto",9.79138023131158e-61
SocioEcon,VehicleYear,"Antilock,RuggedAuto",9.79138023131158e-61
SocioEcon,VehicleYear,"Antilock,RuggedAuto",9.79138023131158e-61
SocioEcon,VehicleYear,"Antilock,RuggedAuto",9.79138023131158e-61
SocioEcon,VehicleYear,"Antilock,RuggedAuto",9.79138023131158e-61
SocioEcon,VehicleYear,"Antilock,RuggedAuto",9.79138023131158e-61
SocioEcon,VehicleYear,"Antilock,RuggedAuto",9.79138023131158e-61
SocioEcon,VehicleYear,"Antilock,RuggedAuto",9.79138023131158e-61
SocioEcon,VehicleYear,"Antilock,RuggedAuto",9.79138023131158e-61
SocioEcon,VehicleYear,"Antilock,RuggedAuto",9.79138023131158e-61
SocioEcon,VehicleYear,"Antilock,RuggedAuto",9.79138023131158e-61
SocioEcon,VehicleYear,"Antilock,RuggedAuto",9.79138023131158e-61
SocioEcon,VehicleYear,"Antilock,RuggedAuto",9.79138023131158e-61
SocioEcon,VehicleYear,"Antilock,RuggedAuto",9.79138023131158e-61
SocioEcon,VehicleYear,"Antilock,RuggedAuto",9.79138023131158e-61
SocioEcon,VehicleYear,"Antilock,RuggedAuto",9.79138023131158e-61
SocioEcon,VehicleYear,"Antilock,RuggedAuto",9.79138023131158e-61
SocioEcon,VehicleYear,"Antilock,RuggedAuto",9.79138023131158e-61
SocioEcon,VehicleYear,"Antilock,RuggedAuto",9.79138023131158e-61
SocioEcon,VehicleYear,"Antilock,RuggedAuto",9.79138023131158e-61
SocioEcon,VehicleYear,"Antilock,RuggedAuto",9.79138023131158e-61
SocioEcon,VehicleYear,"Antilock,RuggedAuto",9.79138023131158e-61
SocioEcon,VehicleYear,"Antilock,RuggedAuto",9.79138023131158e-61
SocioEcon,VehicleYear,"Antilock,RuggedAuto",9.79138023131158e-61
SocioEcon,VehicleYear,"Antilock,RuggedAuto",9.79138023131158e-61
SocioEcon,VehicleYear,"Antilock,RuggedAuto",9.79138023131158e-61
SocioEcon,VehicleYear,"Antilock,RuggedAuto",9.79138023131158e-61
SocioEcon,VehicleYear,"Antilock,RuggedAuto",9.79138023131158e-61
SocioEcon,VehicleYear,"Antilock,RuggedAuto",9.79138023131158e-61
SocioEcon,VehicleYear,"Antilock,RuggedAuto",9.79138023131158e-61
SocioEcon,VehicleYear,"Antilock,RuggedAuto",9.79138023131158e-61
SocioEcon,VehicleYear,"Antilock,RuggedAuto",9.79138023131158e-61
SocioEcon,VehicleYear,"Antilock,RuggedAuto",9.79138023131158e-61
SocioEcon,VehicleYear,"Antilock,RuggedAuto",9.79138023131158e-61
SocioEcon,VehicleYear,"Antilock,RuggedAuto",9.79138023131158e-61
SocioEcon,VehicleYear,"Antilock,RuggedAuto",9.79138023131158e-61
SocioEcon,VehicleYear,"Antilock,RuggedAuto",9.79138023131158e-61
SocioEcon,VehicleYear,"Antilock,RuggedAuto",9.79138023131158e-61
SocioEcon,VehicleYear,"Antilock,RuggedAuto",9.79138023131158e-61
SocioEcon,VehicleYear,"Antilock,RuggedAuto",9.79138023131158e-61
SocioEcon,VehicleYear,"Antilock,RuggedAuto",9.79138023131158e-61
SocioEcon,VehicleYear,"Antilock,RuggedAuto",9.79138023131158e-61
SocioEcon,VehicleYear,"Antilock,RuggedAuto",9.79138023131158e-61
SocioEcon,VehicleYear,"Antilock,RuggedAuto",9.79138023131158e-61
SocioEcon,VehicleYear,"Antilock,RuggedAuto",9.79138023131158e-61
SocioEcon,VehicleYear,"Antilock,RuggedAuto",9.79138023131158e-61
SocioEcon,VehicleYear,"Antilock,RuggedAuto",9.79138023131158e-61
SocioEcon,VehicleYear,"Antilock,RuggedAuto",9.79138023131158e-61
SocioEcon,VehicleYear,"Antilock,RuggedAuto",9.79138023131158e-61
SocioEcon,VehicleYear,"Antilock,RuggedAuto",9.79138023131158e-61
SocioEcon,VehicleYear,"Antilock,RuggedAuto",9.79138023131158e-61
SocioEcon,VehicleYear,"Antilock,RuggedAuto",9.79138023131158e-61
SocioEcon,VehicleYear,"Antilock,RuggedAuto",9.79138023131158e-61
SocioEcon,VehicleYear,"Antilock,RuggedAuto",9.79138023131158e-61
SocioEcon,VehicleYear,"Antilock,RuggedAuto",9.79138023131158e-61
SocioEcon,VehicleYear,"Antilock,RuggedAuto",9.79138023131158e-61
SocioEcon,VehicleYear,"Antilock,RuggedAuto",9.79138023131158e-61
SocioEcon,VehicleYear,"Antilock,RuggedAuto",9.79138023131158e-61
SocioEcon,VehicleYear,"Antilock,RuggedAuto",9.79138023131158e-61
SocioEcon,RuggedAuto,"MakeModel,RiskAversion",0.07041318282431629
SocioEcon,RuggedAuto,"MakeModel,RiskAversion",0.07041318282431629
SocioEcon,RuggedAuto,"MakeModel,RiskAversion",0.07041318282431629
SocioEcon,RuggedAuto,"MakeModel,RiskAversion",0.07041318282431629
SocioEcon,MakeModel,"Antilock,RuggedAuto",1.6609054942176368e-205
SocioEcon,MakeModel,"Antilock,RuggedAuto",1.6609054942176368e-205
SocioEcon,MakeModel,"Antilock,RuggedAuto",1.6609054942176368e-205
SocioEcon,MakeModel,"Antilock,RuggedAuto",1.6609054942176368e-205
SocioEcon,MakeModel,"Antilock,RuggedAuto",1.6609054942176368e-205
SocioEcon,MakeModel,"Antilock,RuggedAuto",1.6609054942176368e-205
SocioEcon,MakeModel,"Antilock,RuggedAuto",1.6609054942176368e-205
SocioEcon,MakeModel,"Antilock,RuggedAuto",1.6609054942176368e-205
SocioEcon,MakeModel,"Antilock,RuggedAuto",1.6609054942176368e-205
SocioEcon,MakeModel,"Antilock,RuggedAuto",1.6609054942176368e-205
SocioEcon,MakeModel,"Antilock,RuggedAuto",1.6609054942176368e-205
SocioEcon,MakeModel,"Antilock,RuggedAuto",1.6609054942176368e-205
SocioEcon,MakeModel,"Antilock,RuggedAuto",1.6609054942176368e-205
SocioEcon,MakeModel,"Antilock,RuggedAuto",1.6609054942176368e-205
SocioEcon,MakeModel,"Antilock,RuggedAuto",1.6609054942176368e-205
SocioEcon,MakeModel,"Antilock,RuggedAuto",1.6609054942176368e-205
SocioEcon,MakeModel,"Antilock,RuggedAuto",1.6609054942176368e-205
SocioEcon,MakeModel,"Antilock,RuggedAuto",1.6609054942176368e-205
SocioEcon,MakeModel,"Antilock,RuggedAuto",1.6609054942176368e-205
SocioEcon,MakeModel,"Antilock,RuggedAuto",1.6609054942176368e-205
SocioEcon,MakeModel,"Antilock,RuggedAuto",1.6609054942176368e-205
SocioEcon,MakeModel,"Antilock,RuggedAuto",1.6609054942176368e-205
SocioEcon,MakeModel,"Antilock,RuggedAuto",1.6609054942176368e-205
SocioEcon,MakeModel,"Antilock,RuggedAuto",1.6609054942176368e-205
SocioEcon,MakeModel,"Antilock,RuggedAuto",1.6609054942176368e-205
SocioEcon,MakeModel,"Antilock,RuggedAuto",1.6609054942176368e-205
SocioEcon,MakeModel,"Antilock,RuggedAuto",1.6609054942176368e-205
SocioEcon,MakeModel,"Antilock,RuggedAuto",1.6609054942176368e-205
SocioEcon,MakeModel,"Antilock,RuggedAuto",1.6609054942176368e-205
SocioEcon,MakeModel,"Antilock,RuggedAuto",1.6609054942176368e-205
SocioEcon,MakeModel,"Antilock,RuggedAuto",1.6609054942176368e-205
SocioEcon,MakeModel,"Antilock,RuggedAuto",1.6609054942176368e-205
SocioEcon,MakeModel,"Antilock,RuggedAuto",1.6609054942176368e-205
SocioEcon,MakeModel,"Antilock,RuggedAuto",1.6609054942176368e-205
SocioEcon,MakeModel,"Antilock,RuggedAuto",1.6609054942176368e-205
SocioEcon,MakeModel,"Antilock,RuggedAuto",1.6609054942176368e-205
SocioEcon,MakeModel,"Antilock,RuggedAuto",1.6609054942176368e-205
SocioEcon,MakeModel,"Antilock,RuggedAuto",1.6609054942176368e-205
SocioEcon,MakeModel,"Antilock,RuggedAuto",1.6609054942176368e-205
SocioEcon,MakeModel,"Antilock,RuggedAuto",1.6609054942176368e-205
SocioEcon,MakeModel,"Antilock,RuggedAuto",1.6609054942176368e-205
SocioEcon,MakeModel,"Antilock,RuggedAuto",1.6609054942176368e-205
SocioEcon,MakeModel,"Antilock,RuggedAuto",1.6609054942176368e-205
SocioEcon,MakeModel,"Antilock,RuggedAuto",1.6609054942176368e-205
SocioEcon,MakeModel,"Antilock,RuggedAuto",1.6609054942176368e-205
SocioEcon,MakeModel,"Antilock,RuggedAuto",1.6609054942176368e-205
SocioEcon,MakeModel,"Antilock,RuggedAuto",1.6609054942176368e-205
SocioEcon,MakeModel,"Antilock,RuggedAuto",1.6609054942176368e-205
SocioEcon,MakeModel,"Antilock,RuggedAuto",1.6609054942176368e-205
SocioEcon,MakeModel,"Antilock,RuggedAuto",1.6609054942176368e-205
SocioEcon,MakeModel,"Antilock,RuggedAuto",1.6609054942176368e-205
SocioEcon,MakeModel,"Antilock,RuggedAuto",1.6609054942176368e-205
SocioEcon,MakeModel,"Antilock,RuggedAuto",1.6609054942176368e-205
SocioEcon,MakeModel,"Antilock,RuggedAuto",1.6609054942176368e-205
SocioEcon,MakeModel,"Antilock,RuggedAuto",1.6609054942176368e-205
SocioEcon,MakeModel,"Antilock,RuggedAuto",1.6609054942176368e-205
SocioEcon,MakeModel,"Antilock,RuggedAuto",1.6609054942176368e-205
SocioEcon,MakeModel,"Antilock,RuggedAuto",1.6609054942176368e-205
SocioEcon,MakeModel,"Antilock,RuggedAuto",1.6609054942176368e-205
SocioEcon,MakeModel,"Antilock,RuggedAuto",1.6609054942176368e-205
SocioEcon,MakeModel,"Antilock,RuggedAuto",1.6609054942176368e-205
SocioEcon,MakeModel,"Antilock,RuggedAuto",1.6609054942176368e-205
SocioEcon,MakeModel,"Antilock,RuggedAuto",1.6609054942176368e-205
SocioEcon,MakeModel,"Antilock,RuggedAuto",1.6609054942176368e-205
SocioEcon,MakeModel,"Antilock,RuggedAuto",1.6609054942176368e-205
SocioEcon,MakeModel,"Antilock,RuggedAuto",1.6609054942176368e-205
SocioEcon,MakeModel,"Antilock,RuggedAuto",1.6609054942176368e-205
SocioEcon,MakeModel,"Antilock,RuggedAuto",1.6609054942176368e-205
SocioEcon,MakeModel,"Antilock,RuggedAuto",1.6609054942176368e-205
SocioEcon,MakeModel,"Antilock,RuggedAuto",1.6609054942176368e-205
SocioEcon,MakeModel,"Antilock,RuggedAuto",1.6609054942176368e-205
SocioEcon,MakeModel,"Antilock,RuggedAuto",1.6609054942176368e-205
SocioEcon,MakeModel,"Antilock,RuggedAuto",1.6609054942176368e-205
SocioEcon,MakeModel,"Antilock,RuggedAuto",1.6609054942176368e-205
SocioEcon,MakeModel,"Antilock,RuggedAuto",1.6609054942176368e-205
SocioEcon,MakeModel,"Antilock,RuggedAuto",1.6609054942176368e-205
SocioEcon,MakeModel,"Antilock,RuggedAuto",1.6609054942176368e-205
SocioEcon,MakeModel,"Antilock,RuggedAuto",1.6609054942176368e-205
SocioEcon,Antilock,"Airbag,RuggedAuto",6.876428950574337e-108
SocioEcon,Antilock,"Airbag,RuggedAuto",6.876428950574337e-108
SocioEcon,Antilock,"Airbag,RuggedAuto",6.876428950574337e-108
SocioEcon,Antilock,"Airbag,RuggedAuto",6.876428950574337e-108
SocioEcon,Antilock,"Airbag,RuggedAuto",6.876428950574337e-108
SocioEcon,Antilock,"Airbag,RuggedAuto",6.876428950574337e-108
SocioEcon,Antilock,"Airbag,RuggedAuto",6.876428950574337e-108
SocioEcon,Antilock,"Airbag,RuggedAuto",6.876428950574337e-108
SocioEcon,Antilock,"Airbag,RuggedAuto",6.876428950574337e-108
SocioEcon,Antilock,"Airbag,RuggedAuto",6.876428950574337e-108
SocioEcon,Antilock,"Airbag,RuggedAuto",6.876428950574337e-108
SocioEcon,Antilock,"Airbag,RuggedAuto",6.876428950574337e-108
SocioEcon,Antilock,"Airbag,RuggedAuto",6.876428950574337e-108
SocioEcon,Antilock,"Airbag,RuggedAuto",6.876428950574337e-108
SocioEcon,Antilock,"Airbag,RuggedAuto",6.876428950574337e-108
SocioEcon,Antilock,"Airbag,RuggedAuto",6.876428950574337e-108
SocioEcon,Antilock,"Airbag,RuggedAuto",6.876428950574337e-108
SocioEcon,Antilock,"Airbag,RuggedAuto",6.876428950574337e-108
SocioEcon,Antilock,"Airbag,RuggedAuto",6.876428950574337e-108
SocioEcon,Antilock,"Airbag,RuggedAuto",6.876428950574337e-108
SocioEcon,Antilock,"Airbag,RuggedAuto",6.876428950574337e-108
SocioEcon,Antilock,"Airbag,RuggedAuto",6.876428950574337e-108
SocioEcon,Antilock,"Airbag,RuggedAuto",6.876428950574337e-108
SocioEcon,Antilock,"Airbag,RuggedAuto",6.876428950574337e-108
SocioEcon,Antilock,"Airbag,RuggedAuto",6.876428950574337e-108
SocioEcon,Antilock,"Airbag,RuggedAuto",6.876428950574337e-108
SocioEcon,Antilock,"Airbag,RuggedAuto",6.876428950574337e-108
SocioEcon,Antilock,"Airbag,RuggedAuto",6.876428950574337e-108
SocioEcon,Antilock,"Airbag,RuggedAuto",6.876428950574337e-108
SocioEcon,Antilock,"Airbag,RuggedAuto",6.876428950574337e-108
SocioEcon,Antilock,"Airbag,RuggedAuto",6.876428950574337e-108
SocioEcon,Antilock,"Airbag,RuggedAuto",6.876428950574337e-108
SocioEcon,Antilock,"Airbag,RuggedAuto",6.876428950574337e-108
SocioEcon,Antilock,"Airbag,RuggedAuto",6.876428950574337e-108
SocioEcon,Antilock,"Airbag,RuggedAuto",6.876428950574337e-108
SocioEcon,Antilock,"Airbag,RuggedAuto",6.876428950574337e-108
SocioEcon,Antilock,"Airbag,RuggedAuto",6.876428950574337e-108
SocioEcon,Antilock,"Airbag,RuggedAuto",6.876428950574337e-108
SocioEcon,Antilock,"Airbag,RuggedAuto",6.876428950574337e-108
SocioEcon,Antilock,"Airbag,RuggedAuto",6.876428950574337e-108
SocioEcon,Antilock,"Airbag,RuggedAuto",6.876428950574337e-108
SocioEcon,Antilock,"Airbag,RuggedAuto",6.876428950574337e-108
SocioEcon,Antilock,"Airbag,RuggedAuto",6.876428950574337e-108
SocioEcon,Antilock,"Airbag,RuggedAuto",6.876428950574337e-108
SocioEcon,Antilock,"Airbag,RuggedAuto",6.876428950574337e-108
SocioEcon,Antilock,"Airbag,RuggedAuto",6.876428950574337e-108
SocioEcon,Antilock,"Airbag,RuggedAuto",6.876428950574337e-108
SocioEcon,Antilock,"Airbag,RuggedAuto",6.876428950574337e-108
SocioEcon,Antilock,"Airbag,RuggedAuto",6.876428950574337e-108
SocioEcon,Antilock,"Airbag,RuggedAuto",6.876428950574337e-108
SocioEcon,Antilock,"Airbag,RuggedAuto",6.876428950574337e-108
SocioEcon,Antilock,"Airbag,RuggedAuto",6.876428950574337e-108
SocioEcon,Antilock,"Airbag,RuggedAuto",6.876428950574337e-108
SocioEcon,Antilock,"Airbag,RuggedAuto",6.876428950574337e-108
SocioEcon,Antilock,"Airbag,RuggedAuto",6.876428950574337e-108
SocioEcon,Antilock,"Airbag,RuggedAuto",6.876428950574337e-108
SocioEcon,Antilock,"Airbag,RuggedAuto",6.876428950574337e-108
SocioEcon,Antilock,"Airbag,RuggedAuto",6.876428950574337e-108
SocioEcon,Antilock,"Airbag,RuggedAuto",6.876428950574337e-108
SocioEcon,Antilock,"Airbag,RuggedAuto",6.876428950574337e-108
SocioEcon,Antilock,"Airbag,RuggedAuto",6.876428950574337e-108
SocioEcon,Antilock,"Airbag,RuggedAuto",6.876428950574337e-108
SocioEcon,Antilock,"Airbag,RuggedAuto",6.876428950574337e-108
SocioEcon,Antilock,"Airbag,RuggedAuto",6.876428950574337e-108
SocioEcon,Antilock,"Airbag,RuggedAuto",6.876428950574337e-108
SocioEcon,Antilock,"Airbag,RuggedAuto",6.876428950574337e-108
SocioEcon,Antilock,"Airbag,RuggedAuto",6.876428950574337e-108
SocioEcon,Antilock,"Airbag,RuggedAuto",6.876428950574337e-108
SocioEcon,Antilock,"Airbag,RuggedAuto",6.876428950574337e-108
SocioEcon,Antilock,"Airbag,RuggedAuto",6.876428950574337e-108
SocioEcon,Antilock,"Airbag,RuggedAuto",6.876428950574337e-108
SocioEcon,Antilock,"Airbag,RuggedAuto",6.876428950574337e-108
SocioEcon,Antilock,"Airbag,RuggedAuto",6.876428950574337e-108
SocioEcon,Antilock,"Airbag,RuggedAuto",6.876428950574337e-108
SocioEcon,Antilock,"Airbag,RuggedAuto",6.876428950574337e-108
SocioEcon,Antilock,"Airbag,RuggedAuto",6.876428950574337e-108
SocioEcon,Antilock,"Airbag,RuggedAuto",6.876428950574337e-108
SocioEcon,Antilock,"Airbag,RuggedAuto",6.876428950574337e-108
SocioEcon,ThisCarCost,"CarValue,RiskAversion",0.2826146686642703
SocioEcon,ThisCarCost,"CarValue,RiskAversion",0.2826146686642703
SocioEcon,ThisCarCost,"CarValue,RiskAversion",0.2826146686642703
SocioEcon,ThisCarCost,"CarValue,RiskAversion",0.2826146686642703
SocioEcon,ThisCarCost,"CarValue,RiskAversion",0.2826146686642703
SocioEcon,ThisCarCost,"CarValue,RiskAversion",0.2826146686642703
SocioEcon,ThisCarCost,"CarValue,RiskAversion",0.2826146686642703
SocioEcon,CarValue,"Antilock,RuggedAuto",1.8816238614448945e-135
SocioEcon,CarValue,"Antilock,RuggedAuto",1.8816238614448945e-135
SocioEcon,CarValue,"Antilock,RuggedAuto",1.8816238614448945e-135
SocioEcon,CarValue,"Antilock,RuggedAuto",1.8816238614448945e-135
SocioEcon,CarValue,"Antilock,RuggedAuto",1.8816238614448945e-135
SocioEcon,CarValue,"Antilock,RuggedAuto",1.8816238614448945e-135
SocioEcon,CarValue,"Antilock,RuggedAuto",1.8816238614448945e-135
SocioEcon,CarValue,"Antilock,RuggedAuto",1.8816238614448945e-135
SocioEcon,CarValue,"Antilock,RuggedAuto",1.8816238614448945e-135
SocioEcon,CarValue,"Antilock,RuggedAuto",1.8816238614448945e-135
SocioEcon,CarValue,"Antilock,RuggedAuto",1.8816238614448945e-135
SocioEcon,CarValue,"Antilock,RuggedAuto",1.8816238614448945e-135
SocioEcon,CarValue,"Antilock,RuggedAuto",1.8816238614448945e-135
SocioEcon,CarValue,"Antilock,RuggedAuto",1.8816238614448945e-135
SocioEcon,CarValue,"Antilock,RuggedAuto",1.8816238614448945e-135
SocioEcon,CarValue,"Antilock,RuggedAuto",1.8816238614448945e-135
SocioEcon,CarValue,"Antilock,RuggedAuto",1.8816238614448945e-135
SocioEcon,CarValue,"Antilock,RuggedAuto",1.8816238614448945e-135
SocioEcon,CarValue,"Antilock,RuggedAuto",1.8816238614448945e-135
SocioEcon,CarValue,"Antilock,RuggedAuto",1.8816238614448945e-135
SocioEcon,CarValue,"Antilock,RuggedAuto",1.8816238614448945e-135
SocioEcon,CarValue,"Antilock,RuggedAuto",1.8816238614448945e-135
SocioEcon,CarValue,"Antilock,RuggedAuto",1.8816238614448945e-135
SocioEcon,CarValue,"Antilock,RuggedAuto",1.8816238614448945e-135
SocioEcon,CarValue,"Antilock,RuggedAuto",1.8816238614448945e-135
SocioEcon,CarValue,"Antilock,RuggedAuto",1.8816238614448945e-135
SocioEcon,CarValue,"Antilock,RuggedAuto",1.8816238614448945e-135
SocioEcon,CarValue,"Antilock,RuggedAuto",1.8816238614448945e-135
SocioEcon,CarValue,"Antilock,RuggedAuto",1.8816238614448945e-135
SocioEcon,CarValue,"Antilock,RuggedAuto",1.8816238614448945e-135
SocioEcon,CarValue,"Antilock,RuggedAuto",1.8816238614448945e-135
SocioEcon,CarValue,"Antilock,RuggedAuto",1.8816238614448945e-135
SocioEcon,CarValue,"Antilock,RuggedAuto",1.8816238614448945e-135
SocioEcon,CarValue,"Antilock,RuggedAuto",1.8816238614448945e-135
SocioEcon,CarValue,"Antilock,RuggedAuto",1.8816238614448945e-135
SocioEcon,CarValue,"Antilock,RuggedAuto",1.8816238614448945e-135
SocioEcon,CarValue,"Antilock,RuggedAuto",1.8816238614448945e-135
SocioEcon,CarValue,"Antilock,RuggedAuto",1.8816238614448945e-135
SocioEcon,CarValue,"Antilock,RuggedAuto",1.8816238614448945e-135
SocioEcon,CarValue,"Antilock,RuggedAuto",1.8816238614448945e-135
SocioEcon,CarValue,"Antilock,RuggedAuto",1.8816238614448945e-135
SocioEcon,CarValue,"Antilock,RuggedAuto",1.8816238614448945e-135
SocioEcon,CarValue,"Antilock,RuggedAuto",1.8816238614448945e-135
SocioEcon,CarValue,"Antilock,RuggedAuto",1.8816238614448945e-135
SocioEcon,CarValue,"Antilock,RuggedAuto",1.8816238614448945e-135
SocioEcon,CarValue,"Antilock,RuggedAuto",1.8816238614448945e-135
SocioEcon,CarValue,"Antilock,RuggedAuto",1.8816238614448945e-135
SocioEcon,CarValue,"Antilock,RuggedAuto",1.8816238614448945e-135
SocioEcon,CarValue,"Antilock,RuggedAuto",1.8816238614448945e-135
SocioEcon,CarValue,"Antilock,RuggedAuto",1.8816238614448945e-135
SocioEcon,CarValue,"Antilock,RuggedAuto",1.8816238614448945e-135
SocioEcon,CarValue,"Antilock,RuggedAuto",1.8816238614448945e-135
SocioEcon,CarValue,"Antilock,RuggedAuto",1.8816238614448945e-135
SocioEcon,CarValue,"Antilock,RuggedAuto",1.8816238614448945e-135
SocioEcon,CarValue,"Antilock,RuggedAuto",1.8816238614448945e-135
SocioEcon,CarValue,"Antilock,RuggedAuto",1.8816238614448945e-135
SocioEcon,CarValue,"Antilock,RuggedAuto",1.8816238614448945e-135
SocioEcon,CarValue,"Antilock,RuggedAuto",1.8816238614448945e-135
SocioEcon,CarValue,"Antilock,RuggedAuto",1.8816238614448945e-135
SocioEcon,CarValue,"Antilock,RuggedAuto",1.8816238614448945e-135
SocioEcon,CarValue,"Antilock,RuggedAuto",1.8816238614448945e-135
SocioEcon,CarValue,"Antilock,RuggedAuto",1.8816238614448945e-135
SocioEcon,CarValue,"Antilock,RuggedAuto",1.8816238614448945e-135
SocioEcon,CarValue,"Antilock,RuggedAuto",1.8816238614448945e-135
SocioEcon,CarValue,"Antilock,RuggedAuto",1.8816238614448945e-135
SocioEcon,CarValue,"Antilock,RuggedAuto",1.8816238614448945e-135
SocioEcon,CarValue,"Antilock,RuggedAuto",1.8816238614448945e-135
SocioEcon,CarValue,"Antilock,RuggedAuto",1.8816238614448945e-135
SocioEcon,CarValue,"Antilock,RuggedAuto",1.8816238614448945e-135
SocioEcon,CarValue,"Antilock,RuggedAuto",1.8816238614448945e-135
SocioEcon,CarValue,"Antilock,RuggedAuto",1.8816238614448945e-135
SocioEcon,CarValue,"Antilock,RuggedAuto",1.8816238614448945e-135
SocioEcon,CarValue,"Antilock,RuggedAuto",1.8816238614448945e-135
SocioEcon,CarValue,"Antilock,RuggedAuto",1.8816238614448945e-135
SocioEcon,CarValue,"Antilock,RuggedAuto",1.8816238614448945e-135
SocioEcon,CarValue,"Antilock,RuggedAuto",1.8816238614448945e-135
SocioEcon,CarValue,"Antilock,RuggedAuto",1.8816238614448945e-135
SocioEcon,CarValue,"Antilock,RuggedAuto",1.8816238614448945e-135
SocioEcon,HomeBase,"Antilock,RuggedAuto",0.0
SocioEcon,HomeBase,"Antilock,RuggedAuto",0.0
SocioEcon,HomeBase,"Antilock,RuggedAuto",0.0
SocioEcon,HomeBase,"Antilock,RuggedAuto",0.0
SocioEcon,HomeBase,"Antilock,RuggedAuto",0.0
SocioEcon,HomeBase,"Antilock,RuggedAuto",0.0
SocioEcon,HomeBase,"Antilock,RuggedAuto",0.0
SocioEcon,HomeBase,"Antilock,RuggedAuto",0.0
SocioEcon,HomeBase,"Antilock,RuggedAuto",0.0
SocioEcon,HomeBase,"Antilock,RuggedAuto",0.0
SocioEcon,HomeBase,"Antilock,RuggedAuto",0.0
SocioEcon,HomeBase,"Antilock,RuggedAuto",0.0
SocioEcon,HomeBase,"Antilock,RuggedAuto",0.0
SocioEcon,HomeBase,"Antilock,RuggedAuto",0.0
SocioEcon,HomeBase,"Antilock,RuggedAuto",0.0
SocioEcon,HomeBase,"Antilock,RuggedAuto",0.0
SocioEcon,HomeBase,"Antilock,RuggedAuto",0.0
SocioEcon,HomeBase,"Antilock,RuggedAuto",0.0
SocioEcon,HomeBase,"Antilock,RuggedAuto",0.0
SocioEcon,HomeBase,"Antilock,RuggedAuto",0.0
SocioEcon,HomeBase,"Antilock,RuggedAuto",0.0
SocioEcon,HomeBase,"Antilock,RuggedAuto",0.0
SocioEcon,HomeBase,"Antilock,RuggedAuto",0.0
SocioEcon,HomeBase,"Antilock,RuggedAuto",0.0
SocioEcon,HomeBase,"Antilock,RuggedAuto",0.0
SocioEcon,HomeBase,"Antilock,RuggedAuto",0.0
SocioEcon,HomeBase,"Antilock,RuggedAuto",0.0
SocioEcon,HomeBase,"Antilock,RuggedAuto",0.0
SocioEcon,HomeBase,"Antilock,RuggedAuto",0.0
SocioEcon,HomeBase,"Antilock,RuggedAuto",0.0
SocioEcon,HomeBase,"Antilock,RuggedAuto",0.0
SocioEcon,HomeBase,"Antilock,RuggedAuto",0.0
SocioEcon,HomeBase,"Antilock,RuggedAuto",0.0
SocioEcon,HomeBase,"Antilock,RuggedAuto",0.0
SocioEcon,HomeBase,"Antilock,RuggedAuto",0.0
SocioEcon,HomeBase,"Antilock,RuggedAuto",0.0
SocioEcon,HomeBase,"Antilock,RuggedAuto",0.0
SocioEcon,HomeBase,"Antilock,RuggedAuto",0.0
SocioEcon,HomeBase,"Antilock,RuggedAuto",0.0
SocioEcon,HomeBase,"Antilock,RuggedAuto",0.0
SocioEcon,HomeBase,"Antilock,RuggedAuto",0.0
SocioEcon,HomeBase,"Antilock,RuggedAuto",0.0
SocioEcon,HomeBase,"Antilock,RuggedAuto",0.0
SocioEcon,HomeBase,"Antilock,RuggedAuto",0.0
SocioEcon,HomeBase,"Antilock,RuggedAuto",0.0
SocioEcon,HomeBase,"Antilock,RuggedAuto",0.0
SocioEcon,HomeBase,"Antilock,RuggedAuto",0.0
SocioEcon,HomeBase,"Antilock,RuggedAuto",0.0
SocioEcon,HomeBase,"Antilock,RuggedAuto",0.0
SocioEcon,HomeBase,"Antilock,RuggedAuto",0.0
SocioEcon,HomeBase,"Antilock,RuggedAuto",0.0
SocioEcon,HomeBase,"Antilock,RuggedAuto",0.0
SocioEcon,HomeBase,"Antilock,RuggedAuto",0.0
SocioEcon,HomeBase,"Antilock,RuggedAuto",0.0
SocioEcon,HomeBase,"Antilock,RuggedAuto",0.0
SocioEcon,HomeBase,"Antilock,RuggedAuto",0.0
SocioEcon,HomeBase,"Antilock,RuggedAuto",0.0
SocioEcon,HomeBase,"Antilock,RuggedAuto",0.0
SocioEcon,HomeBase,"Antilock,RuggedAuto",0.0
SocioEcon,HomeBase,"Antilock,RuggedAuto",0.0
SocioEcon,HomeBase,"Antilock,RuggedAuto",0.0
SocioEcon,HomeBase,"Antilock,RuggedAuto",0.0
SocioEcon,HomeBase,"Antilock,RuggedAuto",0.0
SocioEcon,HomeBase,"Antilock,RuggedAuto",0.0
SocioEcon,HomeBase,"Antilock,RuggedAuto",0.0
SocioEcon,HomeBase,"Antilock,RuggedAuto",0.0
SocioEcon,HomeBase,"Antilock,RuggedAuto",0.0
SocioEcon,HomeBase,"Antilock,RuggedAuto",0.0
SocioEcon,HomeBase,"Antilock,RuggedAuto",0.0
SocioEcon,HomeBase,"Antilock,RuggedAuto",0.0
SocioEcon,HomeBase,"Antilock,RuggedAuto",0.0
SocioEcon,HomeBase,"Antilock,RuggedAuto",0.0
SocioEcon,HomeBase,"Antilock,RuggedAuto",0.0
SocioEcon,HomeBase,"Antilock,RuggedAuto",0.0
SocioEcon,HomeBase,"Antilock,RuggedAuto",0.0
SocioEcon,HomeBase,"Antilock,RuggedAuto",0.0
SocioEcon,HomeBase,"Antilock,RuggedAuto",0.0
SocioEcon,HomeBase,"Antilock,RuggedAuto",0.0
SocioEcon,AntiTheft,"Antilock,RuggedAuto",4.438995066319499e-49
SocioEcon,AntiTheft,"Antilock,RuggedAuto",4.438995066319499e-49
SocioEcon,AntiTheft,"Antilock,RuggedAuto",4.438995066319499e-49
SocioEcon,AntiTheft,"Antilock,RuggedAuto",4.438995066319499e-49
SocioEcon,AntiTheft,"Antilock,RuggedAuto",4.438995066319499e-49
SocioEcon,AntiTheft,"Antilock,RuggedAuto",4.438995066319499e-49
SocioEcon,AntiTheft,"Antilock,RuggedAuto",4.438995066319499e-49
SocioEcon,AntiTheft,"Antilock,RuggedAuto",4.438995066319499e-49
SocioEcon,AntiTheft,"Antilock,RuggedAuto",4.438995066319499e-49
SocioEcon,AntiTheft,"Antilock,RuggedAuto",4.438995066319499e-49
SocioEcon,AntiTheft,"Antilock,RuggedAuto",4.438995066319499e-49
SocioEcon,AntiTheft,"Antilock,RuggedAuto",4.438995066319499e-49
SocioEcon,AntiTheft,"Antilock,RuggedAuto",4.438995066319499e-49
SocioEcon,AntiTheft,"Antilock,RuggedAuto",4.438995066319499e-49
SocioEcon,AntiTheft,"Antilock,RuggedAuto",4.438995066319499e-49
SocioEcon,AntiTheft,"Antilock,RuggedAuto",4.438995066319499e-49
SocioEcon,AntiTheft,"Antilock,RuggedAuto",4.438995066319499e-49
SocioEcon,AntiTheft,"Antilock,RuggedAuto",4.438995066319499e-49
SocioEcon,AntiTheft,"Antilock,RuggedAuto",4.438995066319499e-49
SocioEcon,AntiTheft,"Antilock,RuggedAuto",4.438995066319499e-49
SocioEcon,AntiTheft,"Antilock,RuggedAuto",4.438995066319499e-49
SocioEcon,AntiTheft,"Antilock,RuggedAuto",4.438995066319499e-49
SocioEcon,AntiTheft,"Antilock,RuggedAuto",4.438995066319499e-49
SocioEcon,AntiTheft,"Antilock,RuggedAuto",4.438995066319499e-49
SocioEcon,AntiTheft,"Antilock,RuggedAuto",4.438995066319499e-49
SocioEcon,AntiTheft,"Antilock,RuggedAuto",4.438995066319499e-49
SocioEcon,AntiTheft,"Antilock,RuggedAuto",4.438995066319499e-49
SocioEcon,AntiTheft,"Antilock,RuggedAuto",4.438995066319499e-49
SocioEcon,AntiTheft,"Antilock,RuggedAuto",4.438995066319499e-49
SocioEcon,AntiTheft,"Antilock,RuggedAuto",4.438995066319499e-49
SocioEcon,AntiTheft,"Antilock,RuggedAuto",4.438995066319499e-49
SocioEcon,AntiTheft,"Antilock,RuggedAuto",4.438995066319499e-49
SocioEcon,AntiTheft,"Antilock,RuggedAuto",4.438995066319499e-49
SocioEcon,AntiTheft,"Antilock,RuggedAuto",4.438995066319499e-49
SocioEcon,AntiTheft,"Antilock,RuggedAuto",4.438995066319499e-49
SocioEcon,AntiTheft,"Antilock,RuggedAuto",4.438995066319499e-49
SocioEcon,AntiTheft,"Antilock,RuggedAuto",4.438995066319499e-49
SocioEcon,AntiTheft,"Antilock,RuggedAuto",4.438995066319499e-49
SocioEcon,AntiTheft,"Antilock,RuggedAuto",4.438995066319499e-49
SocioEcon,AntiTheft,"Antilock,RuggedAuto",4.438995066319499e-49
SocioEcon,AntiTheft,"Antilock,RuggedAuto",4.438995066319499e-49
SocioEcon,AntiTheft,"Antilock,RuggedAuto",4.438995066319499e-49
SocioEcon,AntiTheft,"Antilock,RuggedAuto",4.438995066319499e-49
SocioEcon,AntiTheft,"Antilock,RuggedAuto",4.438995066319499e-49
SocioEcon,AntiTheft,"Antilock,RuggedAuto",4.438995066319499e-49
SocioEcon,AntiTheft,"Antilock,RuggedAuto",4.438995066319499e-49
SocioEcon,AntiTheft,"Antilock,RuggedAuto",4.438995066319499e-49
SocioEcon,AntiTheft,"Antilock,RuggedAuto",4.438995066319499e-49
SocioEcon,AntiTheft,"Antilock,RuggedAuto",4.438995066319499e-49
SocioEcon,AntiTheft,"Antilock,RuggedAuto",4.438995066319499e-49
SocioEcon,AntiTheft,"Antilock,RuggedAuto",4.438995066319499e-49
SocioEcon,AntiTheft,"Antilock,RuggedAuto",4.438995066319499e-49
SocioEcon,AntiTheft,"Antilock,RuggedAuto",4.438995066319499e-49
SocioEcon,AntiTheft,"Antilock,RuggedAuto",4.438995066319499e-49
SocioEcon,AntiTheft,"Antilock,RuggedAuto",4.438995066319499e-49
SocioEcon,AntiTheft,"Antilock,RuggedAuto",4.438995066319499e-49
SocioEcon,AntiTheft,"Antilock,RuggedAuto",4.438995066319499e-49
SocioEcon,AntiTheft,"Antilock,RuggedAuto",4.438995066319499e-49
SocioEcon,AntiTheft,"Antilock,RuggedAuto",4.438995066319499e-49
SocioEcon,AntiTheft,"Antilock,RuggedAuto",4.438995066319499e-49
SocioEcon,AntiTheft,"Antilock,RuggedAuto",4.438995066319499e-49
SocioEcon,AntiTheft,"Antilock,RuggedAuto",4.438995066319499e-49
SocioEcon,AntiTheft,"Antilock,RuggedAuto",4.438995066319499e-49
SocioEcon,AntiTheft,"Antilock,RuggedAuto",4.438995066319499e-49
SocioEcon,AntiTheft,"Antilock,RuggedAuto",4.438995066319499e-49
SocioEcon,AntiTheft,"Antilock,RuggedAuto",4.438995066319499e-49
SocioEcon,AntiTheft,"Antilock,RuggedAuto",4.438995066319499e-49
SocioEcon,AntiTheft,"Antilock,RuggedAuto",4.438995066319499e-49
SocioEcon,AntiTheft,"Antilock,RuggedAuto",4.438995066319499e-49
SocioEcon,AntiTheft,"Antilock,RuggedAuto",4.438995066319499e-49
SocioEcon,AntiTheft,"Antilock,RuggedAuto",4.438995066319499e-49
SocioEcon,AntiTheft,"Antilock,RuggedAuto",4.438995066319499e-49
SocioEcon,AntiTheft,"Antilock,RuggedAuto",4.438995066319499e-49
SocioEcon,AntiTheft,"Antilock,RuggedAuto",4.438995066319499e-49
SocioEcon,AntiTheft,"Antilock,RuggedAuto",4.438995066319499e-49
SocioEcon,AntiTheft,"Antilock,RuggedAuto",4.438995066319499e-49
SocioEcon,AntiTheft,"Antilock,RuggedAuto",4.438995066319499e-49
SocioEcon,AntiTheft,"Antilock,RuggedAuto",4.438995066319499e-49
SocioEcon,OtherCar,"Antilock,RuggedAuto",2.5517621518789545e-82
SocioEcon,OtherCar,"Antilock,RuggedAuto",2.5517621518789545e-82
SocioEcon,OtherCar,"Antilock,RuggedAuto",2.5517621518789545e-82
SocioEcon,OtherCar,"Antilock,RuggedAuto",2.5517621518789545e-82
SocioEcon,OtherCar,"Antilock,RuggedAuto",2.5517621518789545e-82
SocioEcon,OtherCar,"Antilock,RuggedAuto",2.5517621518789545e-82
SocioEcon,OtherCar,"Antilock,RuggedAuto",2.5517621518789545e-82
SocioEcon,OtherCar,"Antilock,RuggedAuto",2.5517621518789545e-82
SocioEcon,OtherCar,"Antilock,RuggedAuto",2.5517621518789545e-82
SocioEcon,OtherCar,"Antilock,RuggedAuto",2.5517621518789545e-82
SocioEcon,OtherCar,"Antilock,RuggedAuto",2.5517621518789545e-82
SocioEcon,OtherCar,"Antilock,RuggedAuto",2.5517621518789545e-82
SocioEcon,OtherCar,"Antilock,RuggedAuto",2.5517621518789545e-82
SocioEcon,OtherCar,"Antilock,RuggedAuto",2.5517621518789545e-82
SocioEcon,OtherCar,"Antilock,RuggedAuto",2.5517621518789545e-82
SocioEcon,OtherCar,"Antilock,RuggedAuto",2.5517621518789545e-82
SocioEcon,OtherCar,"Antilock,RuggedAuto",2.5517621518789545e-82
SocioEcon,OtherCar,"Antilock,RuggedAuto",2.5517621518789545e-82
SocioEcon,OtherCar,"Antilock,RuggedAuto",2.5517621518789545e-82
SocioEcon,OtherCar,"Antilock,RuggedAuto",2.5517621518789545e-82
SocioEcon,OtherCar,"Antilock,RuggedAuto",2.5517621518789545e-82
SocioEcon,OtherCar,"Antilock,RuggedAuto",2.5517621518789545e-82
SocioEcon,OtherCar,"Antilock,RuggedAuto",2.5517621518789545e-82
SocioEcon,OtherCar,"Antilock,RuggedAuto",2.5517621518789545e-82
SocioEcon,OtherCar,"Antilock,RuggedAuto",2.5517621518789545e-82
SocioEcon,OtherCar,"Antilock,RuggedAuto",2.5517621518789545e-82
SocioEcon,OtherCar,"Antilock,RuggedAuto",2.5517621518789545e-82
SocioEcon,OtherCar,"Antilock,RuggedAuto",2.5517621518789545e-82
SocioEcon,OtherCar,"Antilock,RuggedAuto",2.5517621518789545e-82
SocioEcon,OtherCar,"Antilock,RuggedAuto",2.5517621518789545e-82
SocioEcon,OtherCar,"Antilock,RuggedAuto",2.5517621518789545e-82
SocioEcon,OtherCar,"Antilock,RuggedAuto",2.5517621518789545e-82
SocioEcon,OtherCar,"Antilock,RuggedAuto",2.5517621518789545e-82
SocioEcon,OtherCar,"Antilock,RuggedAuto",2.5517621518789545e-82
SocioEcon,OtherCar,"Antilock,RuggedAuto",2.5517621518789545e-82
SocioEcon,OtherCar,"Antilock,RuggedAuto",2.5517621518789545e-82
SocioEcon,OtherCar,"Antilock,RuggedAuto",2.5517621518789545e-82
SocioEcon,OtherCar,"Antilock,RuggedAuto",2.5517621518789545e-82
SocioEcon,OtherCar,"Antilock,RuggedAuto",2.5517621518789545e-82
SocioEcon,OtherCar,"Antilock,RuggedAuto",2.5517621518789545e-82
SocioEcon,OtherCar,"Antilock,RuggedAuto",2.5517621518789545e-82
SocioEcon,OtherCar,"Antilock,RuggedAuto",2.5517621518789545e-82
SocioEcon,OtherCar,"Antilock,RuggedAuto",2.5517621518789545e-82
SocioEcon,OtherCar,"Antilock,RuggedAuto",2.5517621518789545e-82
SocioEcon,OtherCar,"Antilock,RuggedAuto",2.5517621518789545e-82
SocioEcon,OtherCar,"Antilock,RuggedAuto",2.5517621518789545e-82
SocioEcon,OtherCar,"Antilock,RuggedAuto",2.5517621518789545e-82
SocioEcon,OtherCar,"Antilock,RuggedAuto",2.5517621518789545e-82
SocioEcon,OtherCar,"Antilock,RuggedAuto",2.5517621518789545e-82
SocioEcon,OtherCar,"Antilock,RuggedAuto",2.5517621518789545e-82
SocioEcon,OtherCar,"Antilock,RuggedAuto",2.5517621518789545e-82
SocioEcon,OtherCar,"Antilock,RuggedAuto",2.5517621518789545e-82
SocioEcon,OtherCar,"Antilock,RuggedAuto",2.5517621518789545e-82
SocioEcon,OtherCar,"Antilock,RuggedAuto",2.5517621518789545e-82
SocioEcon,OtherCar,"Antilock,RuggedAuto",2.5517621518789545e-82
SocioEcon,OtherCar,"Antilock,RuggedAuto",2.5517621518789545e-82
SocioEcon,OtherCar,"Antilock,RuggedAuto",2.5517621518789545e-82
SocioEcon,OtherCar,"Antilock,RuggedAuto",2.5517621518789545e-82
SocioEcon,OtherCar,"Antilock,RuggedAuto",2.5517621518789545e-82
SocioEcon,OtherCar,"Antilock,RuggedAuto",2.5517621518789545e-82
SocioEcon,OtherCar,"Antilock,RuggedAuto",2.5517621518789545e-82
SocioEcon,OtherCar,"Antilock,RuggedAuto",2.5517621518789545e-82
SocioEcon,OtherCar,"Antilock,RuggedAuto",2.5517621518789545e-82
SocioEcon,OtherCar,"Antilock,RuggedAuto",2.5517621518789545e-82
SocioEcon,OtherCar,"Antilock,RuggedAuto",2.5517621518789545e-82
SocioEcon,OtherCar,"Antilock,RuggedAuto",2.5517621518789545e-82
SocioEcon,OtherCar,"Antilock,RuggedAuto",2.5517621518789545e-82
SocioEcon,OtherCar,"Antilock,RuggedAuto",2.5517621518789545e-82
SocioEcon,OtherCar,"Antilock,RuggedAuto",2.5517621518789545e-82
SocioEcon,OtherCar,"Antilock,RuggedAuto",2.5517621518789545e-82
SocioEcon,OtherCar,"Antilock,RuggedAuto",2.5517621518789545e-82
SocioEcon,OtherCar,"Antilock,RuggedAuto",2.5517621518789545e-82
SocioEcon,OtherCar,"Antilock,RuggedAuto",2.5517621518789545e-82
SocioEcon,OtherCar,"Antilock,RuggedAuto",2.5517621518789545e-82
SocioEcon,OtherCar,"Antilock,RuggedAuto",2.5517621518789545e-82
SocioEcon,OtherCar,"Antilock,RuggedAuto",2.5517621518789545e-82
SocioEcon,OtherCar,"Antilock,RuggedAuto",2.5517621518789545e-82
SocioEcon,OtherCar,"Antilock,RuggedAuto",2.5517621518789545e-82
SocioEcon,Cushioning,"MakeModel,RiskAversion",0.3296490760392048
SocioEcon,Cushioning,"MakeModel,RiskAversion",0.3296490760392048
SocioEcon,Cushioning,"MakeModel,RiskAversion",0.3296490760392048
SocioEcon,Airbag,"Antilock,RuggedAuto",7.945964551029818e-57
SocioEcon,Airbag,"Antilock,RuggedAuto",7.945964551029818e-57
SocioEcon,Airbag,"Antilock,RuggedAuto",7.945964551029818e-57
SocioEcon,Airbag,"Antilock,RuggedAuto",7.945964551029818e-57
SocioEcon,Airbag,"Antilock,RuggedAuto",7.945964551029818e-57
SocioEcon,Airbag,"Antilock,RuggedAuto",7.945964551029818e-57
SocioEcon,Airbag,"Antilock,RuggedAuto",7.945964551029818e-57
SocioEcon,Airbag,"Antilock,RuggedAuto",7.945964551029818e-57
SocioEcon,Airbag,"Antilock,RuggedAuto",7.945964551029818e-57
SocioEcon,Airbag,"Antilock,RuggedAuto",7.945964551029818e-57
SocioEcon,Airbag,"Antilock,RuggedAuto",7.945964551029818e-57
SocioEcon,Airbag,"Antilock,RuggedAuto",7.945964551029818e-57
SocioEcon,Airbag,"Antilock,RuggedAuto",7.945964551029818e-57
SocioEcon,Airbag,"Antilock,RuggedAuto",7.945964551029818e-57
SocioEcon,Airbag,"Antilock,RuggedAuto",7.945964551029818e-57
SocioEcon,Airbag,"Antilock,RuggedAuto",7.945964551029818e-57
SocioEcon,Airbag,"Antilock,RuggedAuto",7.945964551029818e-57
SocioEcon,Airbag,"Antilock,RuggedAuto",7.945964551029818e-57
SocioEcon,Airbag,"Antilock,RuggedAuto",7.945964551029818e-57
SocioEcon,Airbag,"Antilock,RuggedAuto",7.945964551029818e-57
SocioEcon,Airbag,"Antilock,RuggedAuto",7.945964551029818e-57
SocioEcon,Airbag,"Antilock,RuggedAuto",7.945964551029818e-57
SocioEcon,Airbag,"Antilock,RuggedAuto",7.945964551029818e-57
SocioEcon,Airbag,"Antilock,RuggedAuto",7.945964551029818e-57
SocioEcon,Airbag,"Antilock,RuggedAuto",7.945964551029818e-57
SocioEcon,Airbag,"Antilock,RuggedAuto",7.945964551029818e-57
SocioEcon,Airbag,"Antilock,RuggedAuto",7.945964551029818e-57
SocioEcon,Airbag,"Antilock,RuggedAuto",7.945964551029818e-57
SocioEcon,Airbag,"Antilock,RuggedAuto",7.945964551029818e-57
SocioEcon,Airbag,"Antilock,RuggedAuto",7.945964551029818e-57
SocioEcon,Airbag,"Antilock,RuggedAuto",7.945964551029818e-57
SocioEcon,Airbag,"Antilock,RuggedAuto",7.945964551029818e-57
SocioEcon,Airbag,"Antilock,RuggedAuto",7.945964551029818e-57
SocioEcon,Airbag,"Antilock,RuggedAuto",7.945964551029818e-57
SocioEcon,Airbag,"Antilock,RuggedAuto",7.945964551029818e-57
SocioEcon,Airbag,"Antilock,RuggedAuto",7.945964551029818e-57
SocioEcon,Airbag,"Antilock,RuggedAuto",7.945964551029818e-57
SocioEcon,Airbag,"Antilock,RuggedAuto",7.945964551029818e-57
SocioEcon,Airbag,"Antilock,RuggedAuto",7.945964551029818e-57
SocioEcon,Airbag,"Antilock,RuggedAuto",7.945964551029818e-57
SocioEcon,Airbag,"Antilock,RuggedAuto",7.945964551029818e-57
SocioEcon,Airbag,"Antilock,RuggedAuto",7.945964551029818e-57
SocioEcon,Airbag,"Antilock,RuggedAuto",7.945964551029818e-57
SocioEcon,Airbag,"Antilock,RuggedAuto",7.945964551029818e-57
SocioEcon,Airbag,"Antilock,RuggedAuto",7.945964551029818e-57
SocioEcon,Airbag,"Antilock,RuggedAuto",7.945964551029818e-57
SocioEcon,Airbag,"Antilock,RuggedAuto",7.945964551029818e-57
SocioEcon,Airbag,"Antilock,RuggedAuto",7.945964551029818e-57
SocioEcon,Airbag,"Antilock,RuggedAuto",7.945964551029818e-57
SocioEcon,Airbag,"Antilock,RuggedAuto",7.945964551029818e-57
SocioEcon,Airbag,"Antilock,RuggedAuto",7.945964551029818e-57
SocioEcon,Airbag,"Antilock,RuggedAuto",7.945964551029818e-57
SocioEcon,Airbag,"Antilock,RuggedAuto",7.945964551029818e-57
SocioEcon,Airbag,"Antilock,RuggedAuto",7.945964551029818e-57
SocioEcon,Airbag,"Antilock,RuggedAuto",7.945964551029818e-57
SocioEcon,Airbag,"Antilock,RuggedAuto",7.945964551029818e-57
SocioEcon,Airbag,"Antilock,RuggedAuto",7.945964551029818e-57
SocioEcon,Airbag,"Antilock,RuggedAuto",7.945964551029818e-57
SocioEcon,Airbag,"Antilock,RuggedAuto",7.945964551029818e-57
SocioEcon,Airbag,"Antilock,RuggedAuto",7.945964551029818e-57
SocioEcon,Airbag,"Antilock,RuggedAuto",7.945964551029818e-57
SocioEcon,Airbag,"Antilock,RuggedAuto",7.945964551029818e-57
SocioEcon,Airbag,"Antilock,RuggedAuto",7.945964551029818e-57
SocioEcon,Airbag,"Antilock,RuggedAuto",7.945964551029818e-57
SocioEcon,Airbag,"Antilock,RuggedAuto",7.945964551029818e-57
SocioEcon,Airbag,"Antilock,RuggedAuto",7.945964551029818e-57
SocioEcon,Airbag,"Antilock,RuggedAuto",7.945964551029818e-57
SocioEcon,Airbag,"Antilock,RuggedAuto",7.945964551029818e-57
SocioEcon,Airbag,"Antilock,RuggedAuto",7.945964551029818e-57
SocioEcon,Airbag,"Antilock,RuggedAuto",7.945964551029818e-57
SocioEcon,Airbag,"Antilock,RuggedAuto",7.945964551029818e-57
SocioEcon,Airbag,"Antilock,RuggedAuto",7.945964551029818e-57
SocioEcon,Airbag,"Antilock,RuggedAuto",7.945964551029818e-57
SocioEcon,Airbag,"Antilock,RuggedAuto",7.945964551029818e-57
SocioEcon,Airbag,"Antilock,RuggedAuto",7.945964551029818e-57
SocioEcon,Airbag,"Antilock,RuggedAuto",7.945964551029818e-57
SocioEcon,Airbag,"Antilock,RuggedAuto",7.945964551029818e-57
SocioEcon,Airbag,"Antilock,RuggedAuto",7.945964551029818e-57
RiskAversion,DrivQuality,"HomeBase,SocioEcon",2.5506754749002925e-08
RiskAversion,DrivQuality,"HomeBase,SocioEcon",2.5506754749002925e-08
RiskAversion,DrivQuality,"HomeBase,SocioEcon",2.5506754749002925e-08
RiskAversion,DrivQuality,"HomeBase,SocioEcon",2.5506754749002925e-08
RiskAversion,DrivQuality,"HomeBase,SocioEcon",2.5506754749002925e-08
RiskAversion,DrivQuality,"HomeBase,SocioEcon",2.5506754749002925e-08
RiskAversion,DrivQuality,"HomeBase,SocioEcon",2.5506754749002925e-08
RiskAversion,DrivQuality,"HomeBase,SocioEcon",2.5506754749002925e-08
RiskAversion,DrivQuality,"HomeBase,SocioEcon",2.5506754749002925e-08
RiskAversion,DrivQuality,"HomeBase,SocioEcon",2.5506754749002925e-08
RiskAversion,DrivQuality,"HomeBase,SocioEcon",2.5506754749002925e-08
RiskAversion,DrivQuality,"HomeBase,SocioEcon",2.5506754749002925e-08
RiskAversion,DrivQuality,"HomeBase,SocioEcon",2.5506754749002925e-08
RiskAversion,DrivQuality,"HomeBase,SocioEcon",2.5506754749002925e-08
RiskAversion,DrivQuality,"HomeBase,SocioEcon",2.5506754749002925e-08
RiskAversion,DrivQuality,"HomeBase,SocioEcon",2.5506754749002925e-08
RiskAversion,DrivQuality,"HomeBase,SocioEcon",2.5506754749002925e-08
RiskAversion,DrivQuality,"HomeBase,SocioEcon",2.5506754749002925e-08
RiskAversion,DrivQuality,"HomeBase,SocioEcon",2.5506754749002925e-08
RiskAversion,DrivQuality,"HomeBase,SocioEcon",2.5506754749002925e-08
RiskAversion,DrivQuality,"HomeBase,SocioEcon",2.5506754749002925e-08
RiskAversion,DrivingSkill,"DrivQuality,SocioEcon",4.376716874293901e-166
RiskAversion,DrivingSkill,"DrivQuality,SocioEcon",4.376716874293901e-166
RiskAversion,DrivingSkill,"DrivQuality,SocioEcon",4.376716874293901e-166
RiskAversion,DrivingSkill,"DrivQuality,SocioEcon",4.376716874293901e-166
RiskAversion,DrivingSkill,"DrivQuality,SocioEcon",4.376716874293901e-166
RiskAversion,DrivingSkill,"DrivQuality,SocioEcon",4.376716874293901e-166
RiskAversion,DrivingSkill,"DrivQuality,SocioEcon",4.376716874293901e-166
RiskAversion,DrivingSkill,"DrivQuality,SocioEcon",4.376716874293901e-166
RiskAversion,DrivingSkill,"DrivQuality,SocioEcon",4.376716874293901e-166
RiskAversion,DrivingSkill,"DrivQuality,SocioEcon",4.376716874293901e-166
RiskAversion,DrivingSkill,"DrivQuality,SocioEcon",4.376716874293901e-166
RiskAversion,DrivingSkill,"DrivQuality,SocioEcon",4.376716874293901e-166
RiskAversion,DrivingSkill,"DrivQuality,SocioEcon",4.376716874293901e-166
RiskAversion,DrivingSkill,"DrivQuality,SocioEcon",4.376716874293901e-166
RiskAversion,DrivingSkill,"DrivQuality,SocioEcon",4.376716874293901e-166
RiskAversion,DrivingSkill,"DrivQuality,SocioEcon",4.376716874293901e-166
RiskAversion,DrivingSkill,"DrivQuality,SocioEcon",4.376716874293901e-166
RiskAversion,DrivingSkill,"DrivQuality,SocioEcon",4.376716874293901e-166
RiskAversion,DrivingSkill,"DrivQuality,SocioEcon",4.376716874293901e-166
RiskAversion,DrivingSkill,"DrivQuality,SocioEcon",4.376716874293901e-166
RiskAversion,DrivingSkill,"DrivQuality,SocioEcon",4.376716874293901e-166
RiskAversion,SeniorTrain,"DrivQuality,SocioEcon",5.771976377107216e-35
RiskAversion,SeniorTrain,"DrivQuality,SocioEcon",5.771976377107216e-35
RiskAversion,SeniorTrain,"DrivQuality,SocioEcon",5.771976377107216e-35
RiskAversion,SeniorTrain,"DrivQuality,SocioEcon",5.771976377107216e-35
RiskAversion,SeniorTrain,"DrivQuality,SocioEcon",5.771976377107216e-35
RiskAversion,SeniorTrain,"DrivQuality,SocioEcon",5.771976377107216e-35
RiskAversion,SeniorTrain,"DrivQuality,SocioEcon",5.771976377107216e-35
RiskAversion,SeniorTrain,"DrivQuality,SocioEcon",5.771976377107216e-35
RiskAversion,SeniorTrain,"DrivQuality,SocioEcon",5.771976377107216e-35
RiskAversion,SeniorTrain,"DrivQuality,SocioEcon",5.771976377107216e-35
RiskAversion,SeniorTrain,"DrivQuality,SocioEcon",5.771976377107216e-35
RiskAversion,SeniorTrain,"DrivQuality,SocioEcon",5.771976377107216e-35
RiskAversion,SeniorTrain,"DrivQuality,SocioEcon",5.771976377107216e-35
RiskAversion,SeniorTrain,"DrivQuality,SocioEcon",5.771976377107216e-35
RiskAversion,SeniorTrain,"DrivQuality,SocioEcon",5.771976377107216e-35
RiskAversion,SeniorTrain,"DrivQuality,SocioEcon",5.771976377107216e-35
RiskAversion,SeniorTrain,"DrivQuality,SocioEcon",5.771976377107216e-35
RiskAversion,SeniorTrain,"DrivQuality,SocioEcon",5.771976377107216e-35
RiskAversion,SeniorTrain,"DrivQuality,SocioEcon",5.771976377107216e-35
RiskAversion,SeniorTrain,"DrivQuality,SocioEcon",5.771976377107216e-35
RiskAversion,SeniorTrain,"DrivQuality,SocioEcon",5.771976377107216e-35
RiskAversion,HomeBase,"DrivQuality,SocioEcon",1.4968801564585384e-253
RiskAversion,HomeBase,"DrivQuality,SocioEcon",1.4968801564585384e-253
RiskAversion,HomeBase,"DrivQuality,SocioEcon",1.4968801564585384e-253
RiskAversion,HomeBase,"DrivQuality,SocioEcon",1.4968801564585384e-253
RiskAversion,HomeBase,"DrivQuality,SocioEcon",1.4968801564585384e-253
RiskAversion,HomeBase,"DrivQuality,SocioEcon",1.4968801564585384e-253
RiskAversion,HomeBase,"DrivQuality,SocioEcon",1.4968801564585384e-253
RiskAversion,HomeBase,"DrivQuality,SocioEcon",1.4968801564585384e-253
RiskAversion,HomeBase,"DrivQuality,SocioEcon",1.4968801564585384e-253
RiskAversion,HomeBase,"DrivQuality,SocioEcon",1.4968801564585384e-253
RiskAversion,HomeBase,"DrivQuality,SocioEcon",1.4968801564585384e-253
RiskAversion,HomeBase,"DrivQuality,SocioEcon",1.4968801564585384e-253
RiskAversion,HomeBase,"DrivQuality,SocioEcon",1.4968801564585384e-253
RiskAversion,HomeBase,"DrivQuality,SocioEcon",1.4968801564585384e-253
RiskAversion,HomeBase,"DrivQuality,SocioEcon",1.4968801564585384e-253
RiskAversion,HomeBase,"DrivQuality,SocioEcon",1.4968801564585384e-253
RiskAversion,HomeBase,"DrivQuality,SocioEcon",1.4968801564585384e-253
RiskAversion,HomeBase,"DrivQuality,SocioEcon",1.4968801564585384e-253
RiskAversion,HomeBase,"DrivQuality,SocioEcon",1.4968801564585384e-253
RiskAversion,HomeBase,"DrivQuality,SocioEcon",1.4968801564585384e-253
RiskAversion,HomeBase,"DrivQuality,SocioEcon",1.4968801564585384e-253
RiskAversion,AntiTheft,"DrivQuality,SocioEcon",0.0
RiskAversion,AntiTheft,"DrivQuality,SocioEcon",0.0
RiskAversion,AntiTheft,"DrivQuality,SocioEcon",0.0
RiskAversion,AntiTheft,"DrivQuality,SocioEcon",0.0
RiskAversion,AntiTheft,"DrivQuality,SocioEcon",0.0
RiskAversion,AntiTheft,"DrivQuality,SocioEcon",0.0
RiskAversion,AntiTheft,"DrivQuality,SocioEcon",0.0
RiskAversion,AntiTheft,"DrivQuality,SocioEcon",0.0
RiskAversion,AntiTheft,"DrivQuality,SocioEcon",0.0
RiskAversion,AntiTheft,"DrivQuality,SocioEcon",0.0
RiskAversion,AntiTheft,"DrivQuality,SocioEcon",0.0
RiskAversion,AntiTheft,"DrivQuality,SocioEcon",0.0
RiskAversion,AntiTheft,"DrivQuality,SocioEcon",0.0
RiskAversion,AntiTheft,"DrivQuality,SocioEcon",0.0
RiskAversion,AntiTheft,"DrivQuality,SocioEcon",0.0
RiskAversion,AntiTheft,"DrivQuality,SocioEcon",0.0
RiskAversion,AntiTheft,"DrivQuality,SocioEcon",0.0
RiskAversion,AntiTheft,"DrivQuality,SocioEcon",0.0
RiskAversion,AntiTheft,"DrivQuality,SocioEcon",0.0
RiskAversion,AntiTheft,"DrivQuality,SocioEcon",0.0
RiskAversion,AntiTheft,"DrivQuality,SocioEcon",0.0
RiskAversion,DrivHist,"DrivQuality,SocioEcon",4.1170089428938156e-77
RiskAversion,DrivHist,"DrivQuality,SocioEcon",4.1170089428938156e-77
RiskAversion,DrivHist,"DrivQuality,SocioEcon",4.1170089428938156e-77
RiskAversion,DrivHist,"DrivQuality,SocioEcon",4.1170089428938156e-77
RiskAversion,DrivHist,"DrivQuality,SocioEcon",4.1170089428938156e-77
RiskAversion,DrivHist,"DrivQuality,SocioEcon",4.1170089428938156e-77
RiskAversion,DrivHist,"DrivQuality,SocioEcon",4.1170089428938156e-77
RiskAversion,DrivHist,"DrivQuality,SocioEcon",4.1170089428938156e-77
RiskAversion,DrivHist,"DrivQuality,SocioEcon",4.1170089428938156e-77
RiskAversion,DrivHist,"DrivQuality,SocioEcon",4.1170089428938156e-77
RiskAversion,DrivHist,"DrivQuality,SocioEcon",4.1170089428938156e-77
RiskAversion,DrivHist,"DrivQuality,SocioEcon",4.1170089428938156e-77
RiskAversion,DrivHist,"DrivQuality,SocioEcon",4.1170089428938156e-77
RiskAversion,DrivHist,"DrivQuality,SocioEcon",4.1170089428938156e-77
RiskAversion,DrivHist,"DrivQuality,SocioEcon",4.1170089428938156e-77
RiskAversion,DrivHist,"DrivQuality,SocioEcon",4.1170089428938156e-77
RiskAversion,DrivHist,"DrivQuality,SocioEcon",4.1170089428938156e-77
RiskAversion,DrivHist,"DrivQuality,SocioEcon",4.1170089428938156e-77
RiskAversion,DrivHist,"DrivQuality,SocioEcon",4.1170089428938156e-77
RiskAversion,DrivHist,"DrivQuality,SocioEcon",4.1170089428938156e-77
RiskAversion,DrivHist,"DrivQuality,SocioEcon",4.1170089428938156e-77
VehicleYear,RuggedAuto,"Antilock,SocioEcon",1.4783440374151734e-23
VehicleYear,RuggedAuto,"Antilock,SocioEcon",1.4783440374151734e-23
VehicleYear,RuggedAuto,"Antilock,SocioEcon",1.4783440374151734e-23
VehicleYear,RuggedAuto,"Antilock,SocioEcon",1.4783440374151734e-23
VehicleYear,RuggedAuto,"Antilock,SocioEcon",1.4783440374151734e-23
VehicleYear,RuggedAuto,"Antilock,SocioEcon",1.4783440374151734e-23
VehicleYear,RuggedAuto,"Antilock,SocioEcon",1.4783440374151734e-23
VehicleYear,RuggedAuto,"Antilock,SocioEcon",1.4783440374151734e-23
VehicleYear,RuggedAuto,"Antilock,SocioEcon",1.4783440374151734e-23
VehicleYear,RuggedAuto,"Antilock,SocioEcon",1.4783440374151734e-23
VehicleYear,RuggedAuto,"Antilock,SocioEcon",1.4783440374151734e-23
VehicleYear,RuggedAuto,"Antilock,SocioEcon",1.4783440374151734e-23
VehicleYear,RuggedAuto,"Antilock,SocioEcon",1.4783440374151734e-23
VehicleYear,RuggedAuto,"Antilock,SocioEcon",1.4783440374151734e-23
VehicleYear,RuggedAuto,"Antilock,SocioEcon",1.4783440374151734e-23
VehicleYear,Antilock,"RuggedAuto,SocioEcon",6.461680499869826e-129
VehicleYear,Antilock,"RuggedAuto,SocioEcon",6.461680499869826e-129
VehicleYear,Antilock,"RuggedAuto,SocioEcon",6.461680499869826e-129
VehicleYear,Antilock,"RuggedAuto,SocioEcon",6.461680499869826e-129
VehicleYear,Antilock,"RuggedAuto,SocioEcon",6.461680499869826e-129
VehicleYear,Antilock,"RuggedAuto,SocioEcon",6.461680499869826e-129
VehicleYear,Antilock,"RuggedAuto,SocioEcon",6.461680499869826e-129
VehicleYear,Antilock,"RuggedAuto,SocioEcon",6.461680499869826e-129
VehicleYear,Antilock,"RuggedAuto,SocioEcon",6.461680499869826e-129
VehicleYear,Antilock,"RuggedAuto,SocioEcon",6.461680499869826e-129
VehicleYear,Antilock,"RuggedAuto,SocioEcon",6.461680499869826e-129
VehicleYear,Antilock,"RuggedAuto,SocioEcon",6.461680499869826e-129
VehicleYear,Antilock,"RuggedAuto,SocioEcon",6.461680499869826e-129
VehicleYear,Antilock,"RuggedAuto,SocioEcon",6.461680499869826e-129
VehicleYear,Antilock,"RuggedAuto,SocioEcon",6.461680499869826e-129
VehicleYear,ThisCarCost,"CarValue,Cushioning",0.09775889289673367
VehicleYear,ThisCarCost,"CarValue,Cushioning",0.09775889289673367
VehicleYear,CarValue,"Antilock,RuggedAuto",1.4778489302241775e-252
VehicleYear,CarValue,"Antilock,RuggedAuto",1.4778489302241775e-252
VehicleYear,CarValue,"Antilock,RuggedAuto",1.4778489302241775e-252
VehicleYear,CarValue,"Antilock,RuggedAuto",1.4778489302241775e-252
VehicleYear,CarValue,"Antilock,RuggedAuto",1.4778489302241775e-252
VehicleYear,CarValue,"Antilock,RuggedAuto",1.4778489302241775e-252
VehicleYear,CarValue,"Antilock,RuggedAuto",1.4778489302241775e-252
VehicleYear,CarValue,"Antilock,RuggedAuto",1.4778489302241775e-252
VehicleYear,CarValue,"Antilock,RuggedAuto",1.4778489302241775e-252
VehicleYear,CarValue,"Antilock,RuggedAuto",1.4778489302241775e-252
VehicleYear,CarValue,"Antilock,RuggedAuto",1.4778489302241775e-252
VehicleYear,CarValue,"Antilock,RuggedAuto",1.4778489302241775e-252
VehicleYear,CarValue,"Antilock,RuggedAuto",1.4778489302241775e-252
VehicleYear,CarValue,"Antilock,RuggedAuto",1.4778489302241775e-252
VehicleYear,CarValue,"Antilock,RuggedAuto",1.4778489302241775e-252
VehicleYear,Cushioning,"Antilock,RuggedAuto",3.218341743112071e-109
VehicleYear,Cushioning,"Antilock,RuggedAuto",3.218341743112071e-109
VehicleYear,Cushioning,"Antilock,RuggedAuto",3.218341743112071e-109
VehicleYear,Cushioning,"Antilock,RuggedAuto",3.218341743112071e-109
VehicleYear,Cushioning,"Antilock,RuggedAuto",3.218341743112071e-109
VehicleYear,Cushioning,"Antilock,RuggedAuto",3.218341743112071e-109
VehicleYear,Cushioning,"Antilock,RuggedAuto",3.218341743112071e-109
VehicleYear,Cushioning,"Antilock,RuggedAuto",3.218341743112071e-109
VehicleYear,Cushioning,"Antilock,RuggedAuto",3.218341743112071e-109
VehicleYear,Cushioning,"Antilock,RuggedAuto",3.218341743112071e-109
VehicleYear,Cushioning,"Antilock,RuggedAuto",3.218341743112071e-109
VehicleYear,Cushioning,"Antilock,RuggedAuto",3.218341743112071e-109
VehicleYear,Cushioning,"Antilock,RuggedAuto",3.218341743112071e-109
VehicleYear,Cushioning,"Antilock,RuggedAuto",3.218341743112071e-109
VehicleYear,Cushioning,"Antilock,RuggedAuto",3.218341743112071e-109
VehicleYear,Airbag,"Antilock,RuggedAuto",0.0
VehicleYear,Airbag,"Antilock,RuggedAuto",0.0
VehicleYear,Airbag,"Antilock,RuggedAuto",0.0
VehicleYear,Airbag,"Antilock,RuggedAuto",0.0
VehicleYear,Airbag,"Antilock,RuggedAuto",0.0
VehicleYear,Airbag,"Antilock,RuggedAuto",0.0
VehicleYear,Airbag,"Antilock,RuggedAuto",0.0
VehicleYear,Airbag,"Antilock,RuggedAuto",0.0
VehicleYear,Airbag,"Antilock,RuggedAuto",0.0
VehicleYear,Airbag,"Antilock,RuggedAuto",0.0
VehicleYear,Airbag,"Antilock,RuggedAuto",0.0
VehicleYear,Airbag,"Antilock,RuggedAuto",0.0
VehicleYear,Airbag,"Antilock,RuggedAuto",0.0
VehicleYear,Airbag,"Antilock,RuggedAuto",0.0
VehicleYear,Airbag,"Antilock,RuggedAuto",0.0
ThisCarDam,RuggedAuto,"MedCost,ThisCarCost",0.23281930234594572
ThisCarDam,RuggedAuto,"MedCost,ThisCarCost",0.23281930234594572
ThisCarDam,RuggedAuto,"MedCost,ThisCarCost",0.23281930234594572
ThisCarDam,Accident,"PropCost,RuggedAuto",0.0
ThisCarDam,Accident,"PropCost,RuggedAuto",0.0
ThisCarDam,Accident,"PropCost,RuggedAuto",0.0
ThisCarDam,Accident,"PropCost,RuggedAuto",0.0
ThisCarDam,Accident,"PropCost,RuggedAuto",0.0
ThisCarDam,Accident,"PropCost,RuggedAuto",0.0
ThisCarDam,Accident,"PropCost,RuggedAuto",0.0
ThisCarDam,Accident,"PropCost,RuggedAuto",0.0
ThisCarDam,Accident,"PropCost,RuggedAuto",0.0
ThisCarDam,Accident,"PropCost,RuggedAuto",0.0
ThisCarDam,Accident,"PropCost,RuggedAuto",0.0
ThisCarDam,Accident,"PropCost,RuggedAuto",0.0
ThisCarDam,Accident,"PropCost,RuggedAuto",0.0
ThisCarDam,Accident,"PropCost,RuggedAuto",0.0
ThisCarDam,Accident,"PropCost,RuggedAuto",0.0
ThisCarDam,ThisCarCost,"PropCost,RuggedAuto",6.349611293980044e-264
ThisCarDam,ThisCarCost,"PropCost,RuggedAuto",6.349611293980044e-264
ThisCarDam,ThisCarCost,"PropCost,RuggedAuto",6.349611293980044e-264
ThisCarDam,ThisCarCost,"PropCost,RuggedAuto",6.349611293980044e-264
ThisCarDam,ThisCarCost,"PropCost,RuggedAuto",6.349611293980044e-264
ThisCarDam,ThisCarCost,"PropCost,RuggedAuto",6.349611293980044e-264
ThisCarDam,ThisCarCost,"PropCost,RuggedAuto",6.349611293980044e-264
ThisCarDam,ThisCarCost,"PropCost,RuggedAuto",6.349611293980044e-264
ThisCarDam,ThisCarCost,"PropCost,RuggedAuto",6.349611293980044e-264
ThisCarDam,ThisCarCost,"PropCost,RuggedAuto",6.349611293980044e-264
ThisCarDam,ThisCarCost,"PropCost,RuggedAuto",6.349611293980044e-264
ThisCarDam,ThisCarCost,"PropCost,RuggedAuto",6.349611293980044e-264
ThisCarDam,ThisCarCost,"PropCost,RuggedAuto",6.349611293980044e-264
ThisCarDam,ThisCarCost,"PropCost,RuggedAuto",6.349611293980044e-264
ThisCarDam,ThisCarCost,"PropCost,RuggedAuto",6.349611293980044e-264
ThisCarDam,PropCost,"ILiCost,MedCost",0.0
ThisCarDam,PropCost,"ILiCost,MedCost",0.0
ThisCarDam,PropCost,"ILiCost,MedCost",0.0
ThisCarDam,PropCost,"ILiCost,MedCost",0.0
ThisCarDam,PropCost,"ILiCost,MedCost",0.0
ThisCarDam,PropCost,"ILiCost,MedCost",0.0
ThisCarDam,PropCost,"ILiCost,MedCost",0.0
ThisCarDam,PropCost,"ILiCost,MedCost",0.0
ThisCarDam,PropCost,"ILiCost,MedCost",0.0
ThisCarDam,PropCost,"ILiCost,MedCost",0.0
ThisCarDam,PropCost,"ILiCost,MedCost",0.0
ThisCarDam,PropCost,"ILiCost,MedCost",0.0
ThisCarDam,PropCost,"ILiCost,MedCost",0.0
ThisCarDam,PropCost,"ILiCost,MedCost",0.0
ThisCarDam,PropCost,"ILiCost,MedCost",0.0
ThisCarDam,OtherCarCost,"Accident,ThisCarCost",0.05829952737374595
ThisCarDam,MedCost,"PropCost,RuggedAuto",1.720495082180753e-53
ThisCarDam,MedCost,"PropCost,RuggedAuto",1.720495082180753e-53
ThisCarDam,MedCost,"PropCost,RuggedAuto",1.720495082180753e-53
ThisCarDam,MedCost,"PropCost,RuggedAuto",1.720495082180753e-53
ThisCarDam,MedCost,"PropCost,RuggedAuto",1.720495082180753e-53
ThisCarDam,MedCost,"PropCost,RuggedAuto",1.720495082180753e-53
ThisCarDam,MedCost,"PropCost,RuggedAuto",1.720495082180753e-53
ThisCarDam,MedCost,"PropCost,RuggedAuto",1.720495082180753e-53
ThisCarDam,MedCost,"PropCost,RuggedAuto",1.720495082180753e-53
ThisCarDam,MedCost,"PropCost,RuggedAuto",1.720495082180753e-53
ThisCarDam,MedCost,"PropCost,RuggedAuto",1.720495082180753e-53
ThisCarDam,MedCost,"PropCost,RuggedAuto",1.720495082180753e-53
ThisCarDam,MedCost,"PropCost,RuggedAuto",1.720495082180753e-53
ThisCarDam,MedCost,"PropCost,RuggedAuto",1.720495082180753e-53
ThisCarDam,MedCost,"PropCost,RuggedAuto",1.720495082180753e-53
ThisCarDam,ILiCost,"PropCost,RuggedAuto",3.202961631816183e-14
ThisCarDam,ILiCost,"PropCost,RuggedAuto",3.202961631816183e-14
ThisCarDam,ILiCost,"PropCost,RuggedAuto",3.202961631816183e-14
ThisCarDam,ILiCost,"PropCost,RuggedAuto",3.202961631816183e-14
ThisCarDam,ILiCost,"PropCost,RuggedAuto",3.202961631816183e-14
ThisCarDam,ILiCost,"PropCost,RuggedAuto",3.202961631816183e-14
ThisCarDam,ILiCost,"PropCost,RuggedAuto",3.202961631816183e-14
ThisCarDam,ILiCost,"PropCost,RuggedAuto",3.202961631816183e-14
ThisCarDam,ILiCost,"PropCost,RuggedAuto",3.202961631816183e-14
ThisCarDam,ILiCost,"PropCost,RuggedAuto",3.202961631816183e-14
ThisCarDam,ILiCost,"PropCost,RuggedAuto",3.202961631816183e-14
ThisCarDam,ILiCost,"PropCost,RuggedAuto",3.202961631816183e-14
ThisCarDam,ILiCost,"PropCost,RuggedAuto",3.202961631816183e-14
ThisCarDam,ILiCost,"PropCost,RuggedAuto",3.202961631816183e-14
ThisCarDam,ILiCost,"PropCost,RuggedAuto",3.202961631816183e-14
RuggedAuto,Accident,"MakeModel,VehicleYear",0.18467325330874804
RuggedAuto,Accident,"MakeModel,VehicleYear",0.18467325330874804
RuggedAuto,Accident,"MakeModel,VehicleYear",0.18467325330874804
RuggedAuto,MakeModel,"Antilock,OtherCarCost",0.0
RuggedAuto,MakeModel,"Antilock,OtherCarCost",0.0
RuggedAuto,MakeModel,"Antilock,OtherCarCost",0.0
RuggedAuto,MakeModel,"Antilock,OtherCarCost",0.0
RuggedAuto,MakeModel,"Antilock,OtherCarCost",0.0
RuggedAuto,MakeModel,"Antilock,OtherCarCost",0.0
RuggedAuto,MakeModel,"Antilock,OtherCarCost",0.0
RuggedAuto,MakeModel,"Antilock,OtherCarCost",0.0
RuggedAuto,MakeModel,"Antilock,OtherCarCost",0.0
RuggedAuto,MakeModel,"Antilock,OtherCarCost",0.0
RuggedAuto,MakeModel,"Antilock,OtherCarCost",0.0
RuggedAuto,MakeModel,"Antilock,OtherCarCost",0.0
RuggedAuto,MakeModel,"Antilock,OtherCarCost",0.0
RuggedAuto,MakeModel,"Antilock,OtherCarCost",0.0
RuggedAuto,MakeModel,"Antilock,OtherCarCost",0.0
RuggedAuto,MakeModel,"Antilock,OtherCarCost",0.0
RuggedAuto,MakeModel,"Antilock,OtherCarCost",0.0
RuggedAuto,MakeModel,"Antilock,OtherCarCost",0.0
RuggedAuto,MakeModel,"Antilock,OtherCarCost",0.0
RuggedAuto,MakeModel,"Antilock,OtherCarCost",0.0
RuggedAuto,MakeModel,"Antilock,OtherCarCost",0.0
RuggedAuto,MakeModel,"Antilock,OtherCarCost",0.0
RuggedAuto,MakeModel,"Antilock,OtherCarCost",0.0
RuggedAuto,MakeModel,"Antilock,OtherCarCost",0.0
RuggedAuto,MakeModel,"Antilock,OtherCarCost",0.0
RuggedAuto,MakeModel,"Antilock,OtherCarCost",0.0
RuggedAuto,MakeModel,"Antilock,OtherCarCost",0.0
RuggedAuto,MakeModel,"Antilock,OtherCarCost",0.0
RuggedAuto,MakeModel,"Antilock,OtherCarCost",0.0
RuggedAuto,MakeModel,"Antilock,OtherCarCost",0.0
RuggedAuto,MakeModel,"Antilock,OtherCarCost",0.0
RuggedAuto,MakeModel,"Antilock,OtherCarCost",0.0
RuggedAuto,MakeModel,"Antilock,OtherCarCost",0.0
RuggedAuto,MakeModel,"Antilock,OtherCarCost",0.0
RuggedAuto,MakeModel,"Antilock,OtherCarCost",0.0
RuggedAuto,MakeModel,"Antilock,OtherCarCost",0.0
RuggedAuto,MakeModel,"Antilock,OtherCarCost",0.0
RuggedAuto,MakeModel,"Antilock,OtherCarCost",0.0
RuggedAuto,MakeModel,"Antilock,OtherCarCost",0.0
RuggedAuto,MakeModel,"Antilock,OtherCarCost",0.0
RuggedAuto,MakeModel,"Antilock,OtherCarCost",0.0
RuggedAuto,MakeModel,"Antilock,OtherCarCost",0.0
RuggedAuto,MakeModel,"Antilock,OtherCarCost",0.0
RuggedAuto,MakeModel,"Antilock,OtherCarCost",0.0
RuggedAuto,MakeModel,"Antilock,OtherCarCost",0.0
RuggedAuto,Antilock,"ThisCarCost,ThisCarDam",0.19950866102930628
RuggedAuto,Antilock,"ThisCarCost,ThisCarDam",0.19950866102930628
RuggedAuto,Antilock,"ThisCarCost,ThisCarDam",0.19950866102930628
RuggedAuto,Antilock,"ThisCarCost,ThisCarDam",0.19950866102930628
RuggedAuto,Antilock,"ThisCarCost,ThisCarDam",0.19950866102930628
RuggedAuto,Antilock,"ThisCarCost,ThisCarDam",0.19950866102930628
RuggedAuto,Antilock,"ThisCarCost,ThisCarDam",0.19950866102930628
RuggedAuto,Antilock,"ThisCarCost,ThisCarDam",0.19950866102930628
RuggedAuto,Antilock,"ThisCarCost,ThisCarDam",0.19950866102930628
RuggedAuto,Antilock,"ThisCarCost,ThisCarDam",0.19950866102930628
RuggedAuto,Antilock,"ThisCarCost,ThisCarDam",0.19950866102930628
RuggedAuto,Antilock,"ThisCarCost,ThisCarDam",0.19950866102930628
RuggedAuto,Antilock,"ThisCarCost,ThisCarDam",0.19950866102930628
RuggedAuto,Antilock,"ThisCarCost,ThisCarDam",0.19950866102930628
RuggedAuto,Antilock,"ThisCarCost,ThisCarDam",0.19950866102930628
RuggedAuto,Antilock,"ThisCarCost,ThisCarDam",0.19950866102930628
RuggedAuto,Antilock,"ThisCarCost,ThisCarDam",0.19950866102930628
RuggedAuto,Antilock,"ThisCarCost,ThisCarDam",0.19950866102930628
RuggedAuto,Antilock,"ThisCarCost,ThisCarDam",0.19950866102930628
RuggedAuto,ThisCarCost,"CarValue,ThisCarDam",0.9999648799463817
RuggedAuto,ThisCarCost,"CarValue,ThisCarDam",0.9999648799463817
RuggedAuto,ThisCarCost,"CarValue,ThisCarDam",0.9999648799463817
RuggedAuto,ThisCarCost,"CarValue,ThisCarDam",0.9999648799463817
RuggedAuto,ThisCarCost,"CarValue,ThisCarDam",0.9999648799463817
RuggedAuto,ThisCarCost,"CarValue,ThisCarDam",0.9999648799463817
RuggedAuto,ThisCarCost,"CarValue,ThisCarDam",0.9999648799463817
RuggedAuto,ThisCarCost,"CarValue,ThisCarDam",0.9999648799463817
RuggedAuto,ThisCarCost,"CarValue,ThisCarDam",0.9999648799463817
RuggedAuto,ThisCarCost,"CarValue,ThisCarDam",0.9999648799463817
RuggedAuto,ThisCarCost,"CarValue,ThisCarDam",0.9999648799463817
RuggedAuto,ThisCarCost,"CarValue,ThisCarDam",0.9999648799463817
RuggedAuto,ThisCarCost,"CarValue,ThisCarDam",0.9999648799463817
RuggedAuto,ThisCarCost,"CarValue,ThisCarDam",0.9999648799463817
RuggedAuto,ThisCarCost,"CarValue,ThisCarDam",0.9999648799463817
RuggedAuto,ThisCarCost,"CarValue,ThisCarDam",0.9999648799463817
RuggedAuto,ThisCarCost,"CarValue,ThisCarDam",0.9999648799463817
RuggedAuto,ThisCarCost,"CarValue,ThisCarDam",0.9999648799463817
RuggedAuto,ThisCarCost,"CarValue,ThisCarDam",0.9999648799463817
RuggedAuto,ThisCarCost,"CarValue,ThisCarDam",0.9999648799463817
RuggedAuto,ThisCarCost,"CarValue,ThisCarDam",0.9999648799463817
RuggedAuto,CarValue,"Antilock,OtherCarCost",1.2328166989595693e-56
RuggedAuto,CarValue,"Antilock,OtherCarCost",1.2328166989595693e-56
RuggedAuto,CarValue,"Antilock,OtherCarCost",1.2328166989595693e-56
RuggedAuto,CarValue,"Antilock,OtherCarCost",1.2328166989595693e-56
RuggedAuto,CarValue,"Antilock,OtherCarCost",1.2328166989595693e-56
RuggedAuto,CarValue,"Antilock,OtherCarCost",1.2328166989595693e-56
RuggedAuto,CarValue,"Antilock,OtherCarCost",1.2328166989595693e-56
RuggedAuto,CarValue,"Antilock,OtherCarCost",1.2328166989595693e-56
RuggedAuto,CarValue,"Antilock,OtherCarCost",1.2328166989595693e-56
RuggedAuto,CarValue,"Antilock,OtherCarCost",1.2328166989595693e-56
RuggedAuto,CarValue,"Antilock,OtherCarCost",1.2328166989595693e-56
RuggedAuto,CarValue,"Antilock,OtherCarCost",1.2328166989595693e-56
RuggedAuto,CarValue,"Antilock,OtherCarCost",1.2328166989595693e-56
RuggedAuto,CarValue,"Antilock,OtherCarCost",1.2328166989595693e-56
RuggedAuto,CarValue,"Antilock,OtherCarCost",1.2328166989595693e-56
RuggedAuto,CarValue,"Antilock,OtherCarCost",1.2328166989595693e-56
RuggedAuto,CarValue,"Antilock,OtherCarCost",1.2328166989595693e-56
RuggedAuto,CarValue,"Antilock,OtherCarCost",1.2328166989595693e-56
RuggedAuto,CarValue,"Antilock,OtherCarCost",1.2328166989595693e-56
RuggedAuto,CarValue,"Antilock,OtherCarCost",1.2328166989595693e-56
RuggedAuto,CarValue,"Antilock,OtherCarCost",1.2328166989595693e-56
RuggedAuto,CarValue,"Antilock,OtherCarCost",1.2328166989595693e-56
RuggedAuto,CarValue,"Antilock,OtherCarCost",1.2328166989595693e-56
RuggedAuto,CarValue,"Antilock,OtherCarCost",1.2328166989595693e-56
RuggedAuto,CarValue,"Antilock,OtherCarCost",1.2328166989595693e-56
RuggedAuto,CarValue,"Antilock,OtherCarCost",1.2328166989595693e-56
RuggedAuto,CarValue,"Antilock,OtherCarCost",1.2328166989595693e-56
RuggedAuto,CarValue,"Antilock,OtherCarCost",1.2328166989595693e-56
RuggedAuto,CarValue,"Antilock,OtherCarCost",1.2328166989595693e-56
RuggedAuto,CarValue,"Antilock,OtherCarCost",1.2328166989595693e-56
RuggedAuto,CarValue,"Antilock,OtherCarCost",1.2328166989595693e-56
RuggedAuto,CarValue,"Antilock,OtherCarCost",1.2328166989595693e-56
RuggedAuto,CarValue,"Antilock,OtherCarCost",1.2328166989595693e-56
RuggedAuto,CarValue,"Antilock,OtherCarCost",1.2328166989595693e-56
RuggedAuto,CarValue,"Antilock,OtherCarCost",1.2328166989595693e-56
RuggedAuto,CarValue,"Antilock,OtherCarCost",1.2328166989595693e-56
RuggedAuto,CarValue,"Antilock,OtherCarCost",1.2328166989595693e-56
RuggedAuto,CarValue,"Antilock,OtherCarCost",1.2328166989595693e-56
RuggedAuto,CarValue,"Antilock,OtherCarCost",1.2328166989595693e-56
RuggedAuto,CarValue,"Antilock,OtherCarCost",1.2328166989595693e-56
RuggedAuto,CarValue,"Antilock,OtherCarCost",1.2328166989595693e-56
RuggedAuto,CarValue,"Antilock,OtherCarCost",1.2328166989595693e-56
RuggedAuto,CarValue,"Antilock,OtherCarCost",1.2328166989595693e-56
RuggedAuto,CarValue,"Antilock,OtherCarCost",1.2328166989595693e-56
RuggedAuto,CarValue,"Antilock,OtherCarCost",1.2328166989595693e-56
RuggedAuto,OtherCarCost,"Cushioning,MakeModel",0.22248831656181897
RuggedAuto,OtherCarCost,"Cushioning,MakeModel",0.22248831656181897
RuggedAuto,OtherCarCost,"Cushioning,MakeModel",0.22248831656181897
RuggedAuto,OtherCarCost,"Cushioning,MakeModel",0.22248831656181897
RuggedAuto,OtherCarCost,"Cushioning,MakeModel",0.22248831656181897
RuggedAuto,OtherCarCost,"Cushioning,MakeModel",0.22248831656181897
RuggedAuto,OtherCarCost,"Cushioning,MakeModel",0.22248831656181897
RuggedAuto,OtherCarCost,"Cushioning,MakeModel",0.22248831656181897
RuggedAuto,OtherCarCost,"Cushioning,MakeModel",0.22248831656181897
RuggedAuto,OtherCarCost,"Cushioning,MakeModel",0.22248831656181897
RuggedAuto,OtherCarCost,"Cushioning,MakeModel",0.22248831656181897
RuggedAuto,Cushioning,"Antilock,OtherCarCost",0.0
RuggedAuto,Cushioning,"Antilock,OtherCarCost",0.0
RuggedAuto,Cushioning,"Antilock,OtherCarCost",0.0
RuggedAuto,Cushioning,"Antilock,OtherCarCost",0.0
RuggedAuto,Cushioning,"Antilock,OtherCarCost",0.0
RuggedAuto,Cushioning,"Antilock,OtherCarCost",0.0
RuggedAuto,Cushioning,"Antilock,OtherCarCost",0.0
RuggedAuto,Cushioning,"Antilock,OtherCarCost",0.0
RuggedAuto,Cushioning,"Antilock,OtherCarCost",0.0
RuggedAuto,Cushioning,"Antilock,OtherCarCost",0.0
RuggedAuto,Cushioning,"Antilock,OtherCarCost",0.0
RuggedAuto,Cushioning,"Antilock,OtherCarCost",0.0
RuggedAuto,Cushioning,"Antilock,OtherCarCost",0.0
RuggedAuto,Cushioning,"Antilock,OtherCarCost",0.0
RuggedAuto,Cushioning,"Antilock,OtherCarCost",0.0
RuggedAuto,Cushioning,"Antilock,OtherCarCost",0.0
RuggedAuto,Cushioning,"Antilock,OtherCarCost",0.0
RuggedAuto,Cushioning,"Antilock,OtherCarCost",0.0
RuggedAuto,Cushioning,"Antilock,OtherCarCost",0.0
RuggedAuto,Cushioning,"Antilock,OtherCarCost",0.0
RuggedAuto,Cushioning,"Antilock,OtherCarCost",0.0
RuggedAuto,Cushioning,"Antilock,OtherCarCost",0.0
RuggedAuto,Cushioning,"Antilock,OtherCarCost",0.0
RuggedAuto,Cushioning,"Antilock,OtherCarCost",0.0
RuggedAuto,Cushioning,"Antilock,OtherCarCost",0.0
RuggedAuto,Cushioning,"Antilock,OtherCarCost",0.0
RuggedAuto,Cushioning,"Antilock,OtherCarCost",0.0
RuggedAuto,Cushioning,"Antilock,OtherCarCost",0.0
RuggedAuto,Cushioning,"Antilock,OtherCarCost",0.0
RuggedAuto,Cushioning,"Antilock,OtherCarCost",0.0
RuggedAuto,Cushioning,"Antilock,OtherCarCost",0.0
RuggedAuto,Cushioning,"Antilock,OtherCarCost",0.0
RuggedAuto,Cushioning,"Antilock,OtherCarCost",0.0
RuggedAuto,Cushioning,"Antilock,OtherCarCost",0.0
RuggedAuto,Cushioning,"Antilock,OtherCarCost",0.0
RuggedAuto,Cushioning,"Antilock,OtherCarCost",0.0
RuggedAuto,Cushioning,"Antilock,OtherCarCost",0.0
RuggedAuto,Cushioning,"Antilock,OtherCarCost",0.0
RuggedAuto,Cushioning,"Antilock,OtherCarCost",0.0
RuggedAuto,Cushioning,"Antilock,OtherCarCost",0.0
RuggedAuto,Cushioning,"Antilock,OtherCarCost",0.0
RuggedAuto,Cushioning,"Antilock,OtherCarCost",0.0
RuggedAuto,Cushioning,"Antilock,OtherCarCost",0.0
RuggedAuto,Cushioning,"Antilock,OtherCarCost",0.0
RuggedAuto,Cushioning,"Antilock,OtherCarCost",0.0
RuggedAuto,Airbag,"MakeModel,VehicleYear",0.13072296247906054
RuggedAuto,Airbag,"MakeModel,VehicleYear",0.13072296247906054
RuggedAuto,Airbag,"MakeModel,VehicleYear",0.13072296247906054
Accident,MakeModel,"DrivQuality,ILiCost",0.05090617210602956
Accident,MakeModel,"DrivQuality,ILiCost",0.05090617210602956
Accident,MakeModel,"DrivQuality,ILiCost",0.05090617210602956
Accident,MakeModel,"DrivQuality,ILiCost",0.05090617210602956
Accident,MakeModel,"DrivQuality,ILiCost",0.05090617210602956
Accident,MakeModel,"DrivQuality,ILiCost",0.05090617210602956
Accident,MakeModel,"DrivQuality,ILiCost",0.05090617210602956
Accident,MakeModel,"DrivQuality,ILiCost",0.05090617210602956
Accident,MakeModel,"DrivQuality,ILiCost",0.05090617210602956
Accident,MakeModel,"DrivQuality,ILiCost",0.05090617210602956
Accident,MakeModel,"DrivQuality,ILiCost",0.05090617210602956
Accident,MakeModel,"DrivQuality,ILiCost",0.05090617210602956
Accident,MakeModel,"DrivQuality,ILiCost",0.05090617210602956
Accident,MakeModel,"DrivQuality,ILiCost",0.05090617210602956
Accident,MakeModel,"DrivQuality,ILiCost",0.05090617210602956
Accident,MakeModel,"DrivQuality,ILiCost",0.05090617210602956
Accident,MakeModel,"DrivQuality,ILiCost",0.05090617210602956
Accident,MakeModel,"DrivQuality,ILiCost",0.05090617210602956
Accident,MakeModel,"DrivQuality,ILiCost",0.05090617210602956
Accident,MakeModel,"DrivQuality,ILiCost",0.05090617210602956
Accident,MakeModel,"DrivQuality,ILiCost",0.05090617210602956
Accident,MakeModel,"DrivQuality,ILiCost",0.05090617210602956
Accident,MakeModel,"DrivQuality,ILiCost",0.05090617210602956
Accident,MakeModel,"DrivQuality,ILiCost",0.05090617210602956
Accident,MakeModel,"DrivQuality,ILiCost",0.05090617210602956
Accident,MakeModel,"DrivQuality,ILiCost",0.05090617210602956
Accident,MakeModel,"DrivQuality,ILiCost",0.05090617210602956
Accident,MakeModel,"DrivQuality,ILiCost",0.05090617210602956
Accident,MakeModel,"DrivQuality,ILiCost",0.05090617210602956
Accident,MakeModel,"DrivQuality,ILiCost",0.05090617210602956
Accident,DrivQuality,"MakeModel,ThisCarCost",0.2233260921757779
Accident,DrivQuality,"MakeModel,ThisCarCost",0.2233260921757779
Accident,DrivQuality,"MakeModel,ThisCarCost",0.2233260921757779
Accident,DrivQuality,"MakeModel,ThisCarCost",0.2233260921757779
Accident,DrivQuality,"MakeModel,ThisCarCost",0.2233260921757779
Accident,DrivQuality,"MakeModel,ThisCarCost",0.2233260921757779
Accident,DrivQuality,"MakeModel,ThisCarCost",0.2233260921757779
Accident,DrivQuality,"MakeModel,ThisCarCost",0.2233260921757779
Accident,DrivQuality,"MakeModel,ThisCarCost",0.2233260921757779
Accident,DrivQuality,"MakeModel,ThisCarCost",0.2233260921757779
Accident,Mileage,"MakeModel,ThisCarDam",0.5958018585811633
Accident,Antilock,"ILiCost,ThisCarDam",0.06929200027245615
Accident,Antilock,"ILiCost,ThisCarDam",0.06929200027245615
Accident,Antilock,"ILiCost,ThisCarDam",0.06929200027245615
Accident,Antilock,"ILiCost,ThisCarDam",0.06929200027245615
Accident,ThisCarCost,"ILiCost,ThisCarDam",0.12677679548190543
Accident,ThisCarCost,"ILiCost,ThisCarDam",0.12677679548190543
Accident,ThisCarCost,"ILiCost,ThisCarDam",0.12677679548190543
Accident,PropCost,"DrivQuality,RuggedAuto",0.0
Accident,PropCost,"DrivQuality,RuggedAuto",0.0
Accident,PropCost,"DrivQuality,RuggedAuto",0.0
Accident,PropCost,"DrivQuality,RuggedAuto",0.0
Accident,PropCost,"DrivQuality,RuggedAuto",0.0
Accident,PropCost,"DrivQuality,RuggedAuto",0.0
Accident,PropCost,"DrivQuality,RuggedAuto",0.0
Accident,PropCost,"DrivQuality,RuggedAuto",0.0
Accident,PropCost,"DrivQuality,RuggedAuto",0.0
Accident,PropCost,"DrivQuality,RuggedAuto",0.0
Accident,PropCost,"DrivQuality,RuggedAuto",0.0
Accident,PropCost,"DrivQuality,RuggedAuto",0.0
Accident,PropCost,"DrivQuality,RuggedAuto",0.0
Accident,PropCost,"DrivQuality,RuggedAuto",0.0
Accident,PropCost,"DrivQuality,RuggedAuto",0.0
Accident,PropCost,"DrivQuality,RuggedAuto",0.0
Accident,PropCost,"DrivQuality,RuggedAuto",0.0
Accident,PropCost,"DrivQuality,RuggedAuto",0.0
Accident,PropCost,"DrivQuality,RuggedAuto",0.0
Accident,PropCost,"DrivQuality,RuggedAuto",0.0
Accident,PropCost,"DrivQuality,RuggedAuto",0.0
Accident,PropCost,"DrivQuality,RuggedAuto",0.0
Accident,PropCost,"DrivQuality,RuggedAuto",0.0
Accident,PropCost,"DrivQuality,RuggedAuto",0.0
Accident,PropCost,"DrivQuality,RuggedAuto",0.0
Accident,PropCost,"DrivQuality,RuggedAuto",0.0
Accident,PropCost,"DrivQuality,RuggedAuto",0.0
Accident,PropCost,"DrivQuality,RuggedAuto",0.0
Accident,PropCost,"DrivQuality,RuggedAuto",0.0
Accident,PropCost,"DrivQuality,RuggedAuto",0.0
Accident,PropCost,"DrivQuality,RuggedAuto",0.0
Accident,PropCost,"DrivQuality,RuggedAuto",0.0
Accident,PropCost,"DrivQuality,RuggedAuto",0.0
Accident,PropCost,"DrivQuality,RuggedAuto",0.0
Accident,PropCost,"DrivQuality,RuggedAuto",0.0
Accident,PropCost,"DrivQuality,RuggedAuto",0.0
Accident,PropCost,"DrivQuality,RuggedAuto",0.0
Accident,PropCost,"DrivQuality,RuggedAuto",0.0
Accident,PropCost,"DrivQuality,RuggedAuto",0.0
Accident,PropCost,"DrivQuality,RuggedAuto",0.0
Accident,PropCost,"DrivQuality,RuggedAuto",0.0
Accident,PropCost,"DrivQuality,RuggedAuto",0.0
Accident,PropCost,"DrivQuality,RuggedAuto",0.0
Accident,PropCost,"DrivQuality,RuggedAuto",0.0
Accident,PropCost,"DrivQuality,RuggedAuto",0.0
Accident,OtherCarCost,"DrivQuality,RuggedAuto",0.0
Accident,OtherCarCost,"DrivQuality,RuggedAuto",0.0
Accident,OtherCarCost,"DrivQuality,RuggedAuto",0.0
Accident,OtherCarCost,"DrivQuality,RuggedAuto",0.0
Accident,OtherCarCost,"DrivQuality,RuggedAuto",0.0
Accident,OtherCarCost,"DrivQuality,RuggedAuto",0.0
Accident,OtherCarCost,"DrivQuality,RuggedAuto",0.0
Accident,OtherCarCost,"DrivQuality,RuggedAuto",0.0
Accident,OtherCarCost,"DrivQuality,RuggedAuto",0.0
Accident,OtherCarCost,"DrivQuality,RuggedAuto",0.0
Accident,OtherCarCost,"DrivQuality,RuggedAuto",0.0
Accident,OtherCarCost,"DrivQuality,RuggedAuto",0.0
Accident,OtherCarCost,"DrivQuality,RuggedAuto",0.0
Accident,OtherCarCost,"DrivQuality,RuggedAuto",0.0
Accident,OtherCarCost,"DrivQuality,RuggedAuto",0.0
Accident,OtherCarCost,"DrivQuality,RuggedAuto",0.0
Accident,OtherCarCost,"DrivQuality,RuggedAuto",0.0
Accident,OtherCarCost,"DrivQuality,RuggedAuto",0.0
Accident,OtherCarCost,"DrivQuality,RuggedAuto",0.0
Accident,OtherCarCost,"DrivQuality,RuggedAuto",0.0
Accident,OtherCarCost,"DrivQuality,RuggedAuto",0.0
Accident,OtherCarCost,"DrivQuality,RuggedAuto",0.0
Accident,OtherCarCost,"DrivQuality,RuggedAuto",0.0
Accident,OtherCarCost,"DrivQuality,RuggedAuto",0.0
Accident,OtherCarCost,"DrivQuality,RuggedAuto",0.0
Accident,OtherCarCost,"DrivQuality,RuggedAuto",0.0
Accident,OtherCarCost,"DrivQuality,RuggedAuto",0.0
Accident,OtherCarCost,"DrivQuality,RuggedAuto",0.0
Accident,OtherCarCost,"DrivQuality,RuggedAuto",0.0
Accident,OtherCarCost,"DrivQuality,RuggedAuto",0.0
Accident,OtherCarCost,"DrivQuality,RuggedAuto",0.0
Accident,OtherCarCost,"DrivQuality,RuggedAuto",0.0
Accident,OtherCarCost,"DrivQuality,RuggedAuto",0.0
Accident,OtherCarCost,"DrivQuality,RuggedAuto",0.0
Accident,OtherCarCost,"DrivQuality,RuggedAuto",0.0
Accident,OtherCarCost,"DrivQuality,RuggedAuto",0.0
Accident,OtherCarCost,"DrivQuality,RuggedAuto",0.0
Accident,OtherCarCost,"DrivQuality,RuggedAuto",0.0
Accident,OtherCarCost,"DrivQuality,RuggedAuto",0.0
Accident,OtherCarCost,"DrivQuality,RuggedAuto",0.0
Accident,OtherCarCost,"DrivQuality,RuggedAuto",0.0
Accident,OtherCarCost,"DrivQuality,RuggedAuto",0.0
Accident,OtherCarCost,"DrivQuality,RuggedAuto",0.0
Accident,OtherCarCost,"DrivQuality,RuggedAuto",0.0
Accident,OtherCarCost,"DrivQuality,RuggedAuto",0.0
Accident,MedCost,"ThisCarCost,ThisCarDam",0.3027116635975912
Accident,MedCost,"ThisCarCost,ThisCarDam",0.3027116635975912
Accident,ILiCost,"DrivQuality,RuggedAuto",2.780246046690029e-37
Accident,ILiCost,"DrivQuality,RuggedAuto",2.780246046690029e-37
Accident,ILiCost,"DrivQuality,RuggedAuto",2.780246046690029e-37
Accident,ILiCost,"DrivQuality,RuggedAuto",2.780246046690029e-37
Accident,ILiCost,"DrivQuality,RuggedAuto",2.780246046690029e-37
Accident,ILiCost,"DrivQuality,RuggedAuto",2.780246046690029e-37
Accident,ILiCost,"DrivQuality,RuggedAuto",2.780246046690029e-37
Accident,ILiCost,"DrivQuality,RuggedAuto",2.780246046690029e-37
Accident,ILiCost,"DrivQuality,RuggedAuto",2.780246046690029e-37
Accident,ILiCost,"DrivQuality,RuggedAuto",2.780246046690029e-37
Accident,ILiCost,"DrivQuality,RuggedAuto",2.780246046690029e-37
Accident,ILiCost,"DrivQuality,RuggedAuto",2.780246046690029e-37
Accident,ILiCost,"DrivQuality,RuggedAuto",2.780246046690029e-37
Accident,ILiCost,"DrivQuality,RuggedAuto",2.780246046690029e-37
Accident,ILiCost,"DrivQuality,RuggedAuto",2.780246046690029e-37
Accident,ILiCost,"DrivQuality,RuggedAuto",2.780246046690029e-37
Accident,ILiCost,"DrivQuality,RuggedAuto",2.780246046690029e-37
Accident,ILiCost,"DrivQuality,RuggedAuto",2.780246046690029e-37
Accident,ILiCost,"DrivQuality,RuggedAuto",2.780246046690029e-37
Accident,ILiCost,"DrivQuality,RuggedAuto",2.780246046690029e-37
Accident,ILiCost,"DrivQuality,RuggedAuto",2.780246046690029e-37
Accident,ILiCost,"DrivQuality,RuggedAuto",2.780246046690029e-37
Accident,ILiCost,"DrivQuality,RuggedAuto",2.780246046690029e-37
Accident,ILiCost,"DrivQuality,RuggedAuto",2.780246046690029e-37
Accident,ILiCost,"DrivQuality,RuggedAuto",2.780246046690029e-37
Accident,ILiCost,"DrivQuality,RuggedAuto",2.780246046690029e-37
Accident,ILiCost,"DrivQuality,RuggedAuto",2.780246046690029e-37
Accident,ILiCost,"DrivQuality,RuggedAuto",2.780246046690029e-37
Accident,ILiCost,"DrivQuality,RuggedAuto",2.780246046690029e-37
Accident,ILiCost,"DrivQuality,RuggedAuto",2.780246046690029e-37
Accident,ILiCost,"DrivQuality,RuggedAuto",2.780246046690029e-37
Accident,ILiCost,"DrivQuality,RuggedAuto",2.780246046690029e-37
Accident,ILiCost,"DrivQuality,RuggedAuto",2.780246046690029e-37
Accident,ILiCost,"DrivQuality,RuggedAuto",2.780246046690029e-37
Accident,ILiCost,"DrivQuality,RuggedAuto",2.780246046690029e-37
Accident,ILiCost,"DrivQuality,RuggedAuto",2.780246046690029e-37
Accident,ILiCost,"DrivQuality,RuggedAuto",2.780246046690029e-37
Accident,ILiCost,"DrivQuality,RuggedAuto",2.780246046690029e-37
Accident,ILiCost,"DrivQuality,RuggedAuto",2.780246046690029e-37
Accident,ILiCost,"DrivQuality,RuggedAuto",2.780246046690029e-37
Accident,ILiCost,"DrivQuality,RuggedAuto",2.780246046690029e-37
Accident,ILiCost,"DrivQuality,RuggedAuto",2.780246046690029e-37
Accident,ILiCost,"DrivQuality,RuggedAuto",2.780246046690029e-37
Accident,ILiCost,"DrivQuality,RuggedAuto",2.780246046690029e-37
Accident,ILiCost,"DrivQuality,RuggedAuto",2.780246046690029e-37
MakeModel,Antilock,"RuggedAuto,SocioEcon",4.477761312699004e-100
MakeModel,Antilock,"RuggedAuto,SocioEcon",4.477761312699004e-100
MakeModel,Antilock,"RuggedAuto,SocioEcon",4.477761312699004e-100
MakeModel,Antilock,"RuggedAuto,SocioEcon",4.477761312699004e-100
MakeModel,Antilock,"RuggedAuto,SocioEcon",4.477761312699004e-100
MakeModel,Antilock,"RuggedAuto,SocioEcon",4.477761312699004e-100
MakeModel,Antilock,"RuggedAuto,SocioEcon",4.477761312699004e-100
MakeModel,Antilock,"RuggedAuto,SocioEcon",4.477761312699004e-100
MakeModel,Antilock,"RuggedAuto,SocioEcon",4.477761312699004e-100
MakeModel,Antilock,"RuggedAuto,SocioEcon",4.477761312699004e-100
MakeModel,Antilock,"RuggedAuto,SocioEcon",4.477761312699004e-100
MakeModel,Antilock,"RuggedAuto,SocioEcon",4.477761312699004e-100
MakeModel,Antilock,"RuggedAuto,SocioEcon",4.477761312699004e-100
MakeModel,Antilock,"RuggedAuto,SocioEcon",4.477761312699004e-100
MakeModel,Antilock,"RuggedAuto,SocioEcon",4.477761312699004e-100
MakeModel,Antilock,"RuggedAuto,SocioEcon",4.477761312699004e-100
MakeModel,Antilock,"RuggedAuto,SocioEcon",4.477761312699004e-100
MakeModel,Antilock,"RuggedAuto,SocioEcon",4.477761312699004e-100
MakeModel,Antilock,"RuggedAuto,SocioEcon",4.477761312699004e-100
MakeModel,Antilock,"RuggedAuto,SocioEcon",4.477761312699004e-100
MakeModel,Antilock,"RuggedAuto,SocioEcon",4.477761312699004e-100
MakeModel,Antilock,"RuggedAuto,SocioEcon",4.477761312699004e-100
MakeModel,Antilock,"RuggedAuto,SocioEcon",4.477761312699004e-100
MakeModel,Antilock,"RuggedAuto,SocioEcon",4.477761312699004e-100
MakeModel,Antilock,"RuggedAuto,SocioEcon",4.477761312699004e-100
MakeModel,Antilock,"RuggedAuto,SocioEcon",4.477761312699004e-100
MakeModel,Antilock,"RuggedAuto,SocioEcon",4.477761312699004e-100
MakeModel,Antilock,"RuggedAuto,SocioEcon",4.477761312699004e-100
MakeModel,ThisCarCost,"CarValue,SocioEcon",0.2375349064794752
MakeModel,ThisCarCost,"CarValue,SocioEcon",0.2375349064794752
MakeModel,ThisCarCost,"CarValue,SocioEcon",0.2375349064794752
MakeModel,ThisCarCost,"CarValue,SocioEcon",0.2375349064794752
MakeModel,ThisCarCost,"CarValue,SocioEcon",0.2375349064794752
MakeModel,ThisCarCost,"CarValue,SocioEcon",0.2375349064794752
MakeModel,ThisCarCost,"CarValue,SocioEcon",0.2375349064794752
MakeModel,ThisCarCost,"CarValue,SocioEcon",0.2375349064794752
MakeModel,ThisCarCost,"CarValue,SocioEcon",0.2375349064794752
MakeModel,ThisCarCost,"CarValue,SocioEcon",0.2375349064794752
MakeModel,ThisCarCost,"CarValue,SocioEcon",0.2375349064794752
MakeModel,ThisCarCost,"CarValue,SocioEcon",0.2375349064794752
MakeModel,ThisCarCost,"CarValue,SocioEcon",0.2375349064794752
MakeModel,ThisCarCost,"CarValue,SocioEcon",0.2375349064794752
MakeModel,ThisCarCost,"CarValue,SocioEcon",0.2375349064794752
MakeModel,ThisCarCost,"CarValue,SocioEcon",0.2375349064794752
MakeModel,ThisCarCost,"CarValue,SocioEcon",0.2375349064794752
MakeModel,ThisCarCost,"CarValue,SocioEcon",0.2375349064794752
MakeModel,ThisCarCost,"CarValue,SocioEcon",0.2375349064794752
MakeModel,ThisCarCost,"CarValue,SocioEcon",0.2375349064794752
MakeModel,ThisCarCost,"CarValue,SocioEcon",0.2375349064794752
MakeModel,ThisCarCost,"CarValue,SocioEcon",0.2375349064794752
MakeModel,ThisCarCost,"CarValue,SocioEcon",0.2375349064794752
MakeModel,CarValue,"Antilock,RuggedAuto",5.9594712748241075e-283
MakeModel,CarValue,"Antilock,RuggedAuto",5.9594712748241075e-283
MakeModel,CarValue,"Antilock,RuggedAuto",5.9594712748241075e-283
MakeModel,CarValue,"Antilock,RuggedAuto",5.9594712748241075e-283
MakeModel,CarValue,"Antilock,RuggedAuto",5.9594712748241075e-283
MakeModel,CarValue,"Antilock,RuggedAuto",5.9594712748241075e-283
MakeModel,CarValue,"Antilock,RuggedAuto",5.9594712748241075e-283
MakeModel,CarValue,"Antilock,RuggedAuto",5.9594712748241075e-283
MakeModel,CarValue,"Antilock,RuggedAuto",5.9594712748241075e-283
MakeModel,CarValue,"Antilock,RuggedAuto",5.9594712748241075e-283
MakeModel,CarValue,"Antilock,RuggedAuto",5.9594712748241075e-283
MakeModel,CarValue,"Antilock,RuggedAuto",5.9594712748241075e-283
MakeModel,CarValue,"Antilock,RuggedAuto",5.9594712748241075e-283
MakeModel,CarValue,"Antilock,RuggedAuto",5.9594712748241075e-283
MakeModel,CarValue,"Antilock,RuggedAuto",5.9594712748241075e-283
MakeModel,CarValue,"Antilock,RuggedAuto",5.9594712748241075e-283
MakeModel,CarValue,"Antilock,RuggedAuto",5.9594712748241075e-283
MakeModel,CarValue,"Antilock,RuggedAuto",5.9594712748241075e-283
MakeModel,CarValue,"Antilock,RuggedAuto",5.9594712748241075e-283
MakeModel,CarValue,"Antilock,RuggedAuto",5.9594712748241075e-283
MakeModel,CarValue,"Antilock,RuggedAuto",5.9594712748241075e-283
MakeModel,CarValue,"Antilock,RuggedAuto",5.9594712748241075e-283
MakeModel,CarValue,"Antilock,RuggedAuto",5.9594712748241075e-283
MakeModel,CarValue,"Antilock,RuggedAuto",5.9594712748241075e-283
MakeModel,CarValue,"Antilock,RuggedAuto",5.9594712748241075e-283
MakeModel,CarValue,"Antilock,RuggedAuto",5.9594712748241075e-283
MakeModel,CarValue,"Antilock,RuggedAuto",5.9594712748241075e-283
MakeModel,CarValue,"Antilock,RuggedAuto",5.9594712748241075e-283
MakeModel,OtherCarCost,"Cushioning,ThisCarCost",0.3546056364243454
MakeModel,Cushioning,"Antilock,RuggedAuto",1.6132678841086514e-13
MakeModel,Cushioning,"Antilock,RuggedAuto",1.6132678841086514e-13
MakeModel,Cushioning,"Antilock,RuggedAuto",1.6132678841086514e-13
MakeModel,Cushioning,"Antilock,RuggedAuto",1.6132678841086514e-13
MakeModel,Cushioning,"Antilock,RuggedAuto",1.6132678841086514e-13
MakeModel,Cushioning,"Antilock,RuggedAuto",1.6132678841086514e-13
MakeModel,Cushioning,"Antilock,RuggedAuto",1.6132678841086514e-13
MakeModel,Cushioning,"Antilock,RuggedAuto",1.6132678841086514e-13
MakeModel,Cushioning,"Antilock,RuggedAuto",1.6132678841086514e-13
MakeModel,Cushioning,"Antilock,RuggedAuto",1.6132678841086514e-13
MakeModel,Cushioning,"Antilock,RuggedAuto",1.6132678841086514e-13
MakeModel,Cushioning,"Antilock,RuggedAuto",1.6132678841086514e-13
MakeModel,Cushioning,"Antilock,RuggedAuto",1.6132678841086514e-13
MakeModel,Cushioning,"Antilock,RuggedAuto",1.6132678841086514e-13
MakeModel,Cushioning,"Antilock,RuggedAuto",1.6132678841086514e-13
MakeModel,Cushioning,"Antilock,RuggedAuto",1.6132678841086514e-13
MakeModel,Cushioning,"Antilock,RuggedAuto",1.6132678841086514e-13
MakeModel,Cushioning,"Antilock,RuggedAuto",1.6132678841086514e-13
MakeModel,Cushioning,"Antilock,RuggedAuto",1.6132678841086514e-13
MakeModel,Cushioning,"Antilock,RuggedAuto",1.6132678841086514e-13
MakeModel,Cushioning,"Antilock,RuggedAuto",1.6132678841086514e-13
MakeModel,Cushioning,"Antilock,RuggedAuto",1.6132678841086514e-13
MakeModel,Cushioning,"Antilock,RuggedAuto",1.6132678841086514e-13
MakeModel,Cushioning,"Antilock,RuggedAuto",1.6132678841086514e-13
MakeModel,Cushioning,"Antilock,RuggedAuto",1.6132678841086514e-13
MakeModel,Cushioning,"Antilock,RuggedAuto",1.6132678841086514e-13
MakeModel,Cushioning,"Antilock,RuggedAuto",1.6132678841086514e-13
MakeModel,Cushioning,"Antilock,RuggedAuto",1.6132678841086514e-13
MakeModel,Airbag,"Antilock,RuggedAuto",8.667137068085497e-39
MakeModel,Airbag,"Antilock,RuggedAuto",8.667137068085497e-39
MakeModel,Airbag,"Antilock,RuggedAuto",8.667137068085497e-39
MakeModel,Airbag,"Antilock,RuggedAuto",8.667137068085497e-39
MakeModel,Airbag,"Antilock,RuggedAuto",8.667137068085497e-39
MakeModel,Airbag,"Antilock,RuggedAuto",8.667137068085497e-39
MakeModel,Airbag,"Antilock,RuggedAuto",8.667137068085497e-39
MakeModel,Airbag,"Antilock,RuggedAuto",8.667137068085497e-39
MakeModel,Airbag,"Antilock,RuggedAuto",8.667137068085497e-39
MakeModel,Airbag,"Antilock,RuggedAuto",8.667137068085497e-39
MakeModel,Airbag,"Antilock,RuggedAuto",8.667137068085497e-39
MakeModel,Airbag,"Antilock,RuggedAuto",8.667137068085497e-39
MakeModel,Airbag,"Antilock,RuggedAuto",8.667137068085497e-39
MakeModel,Airbag,"Antilock,RuggedAuto",8.667137068085497e-39
MakeModel,Airbag,"Antilock,RuggedAuto",8.667137068085497e-39
MakeModel,Airbag,"Antilock,RuggedAuto",8.667137068085497e-39
MakeModel,Airbag,"Antilock,RuggedAuto",8.667137068085497e-39
MakeModel,Airbag,"Antilock,RuggedAuto",8.667137068085497e-39
MakeModel,Airbag,"Antilock,RuggedAuto",8.667137068085497e-39
MakeModel,Airbag,"Antilock,RuggedAuto",8.667137068085497e-39
MakeModel,Airbag,"Antilock,RuggedAuto",8.667137068085497e-39
MakeModel,Airbag,"Antilock,RuggedAuto",8.667137068085497e-39
MakeModel,Airbag,"Antilock,RuggedAuto",8.667137068085497e-39
MakeModel,Airbag,"Antilock,RuggedAuto",8.667137068085497e-39
MakeModel,Airbag,"Antilock,RuggedAuto",8.667137068085497e-39
MakeModel,Airbag,"Antilock,RuggedAuto",8.667137068085497e-39
MakeModel,Airbag,"Antilock,RuggedAuto",8.667137068085497e-39
MakeModel,Airbag,"Antilock,RuggedAuto",8.667137068085497e-39
DrivQuality,DrivingSkill,"DrivHist,SeniorTrain",1.5427205375940454e-99
DrivQuality,DrivingSkill,"DrivHist,SeniorTrain",1.5427205375940454e-99
DrivQuality,DrivingSkill,"DrivHist,SeniorTrain",1.5427205375940454e-99
DrivQuality,DrivingSkill,"DrivHist,SeniorTrain",1.5427205375940454e-99
DrivQuality,DrivingSkill,"DrivHist,SeniorTrain",1.5427205375940454e-99
DrivQuality,DrivingSkill,"DrivHist,SeniorTrain",1.5427205375940454e-99
DrivQuality,DrivingSkill,"DrivHist,SeniorTrain",1.5427205375940454e-99
DrivQuality,DrivingSkill,"DrivHist,SeniorTrain",1.5427205375940454e-99
DrivQuality,DrivingSkill,"DrivHist,SeniorTrain",1.5427205375940454e-99
DrivQuality,DrivingSkill,"DrivHist,SeniorTrain",1.5427205375940454e-99
DrivQuality,DrivingSkill,"DrivHist,SeniorTrain",1.5427205375940454e-99
DrivQuality,DrivingSkill,"DrivHist,SeniorTrain",1.5427205375940454e-99
DrivQuality,DrivingSkill,"DrivHist,SeniorTrain",1.5427205375940454e-99
DrivQuality,DrivingSkill,"DrivHist,SeniorTrain",1.5427205375940454e-99
DrivQuality,DrivingSkill,"DrivHist,SeniorTrain",1.5427205375940454e-99
DrivQuality,SeniorTrain,"Age,DrivHist",5.331051636069557e-08
DrivQuality,SeniorTrain,"Age,DrivHist",5.331051636069557e-08
DrivQuality,SeniorTrain,"Age,DrivHist",5.331051636069557e-08
DrivQuality,SeniorTrain,"Age,DrivHist",5.331051636069557e-08
DrivQuality,SeniorTrain,"Age,DrivHist",5.331051636069557e-08
DrivQuality,SeniorTrain,"Age,DrivHist",5.331051636069557e-08
DrivQuality,SeniorTrain,"Age,DrivHist",5.331051636069557e-08
DrivQuality,SeniorTrain,"Age,DrivHist",5.331051636069557e-08
DrivQuality,SeniorTrain,"Age,DrivHist",5.331051636069557e-08
DrivQuality,SeniorTrain,"Age,DrivHist",5.331051636069557e-08
DrivQuality,SeniorTrain,"Age,DrivHist",5.331051636069557e-08
DrivQuality,SeniorTrain,"Age,DrivHist",5.331051636069557e-08
DrivQuality,SeniorTrain,"Age,DrivHist",5.331051636069557e-08
DrivQuality,SeniorTrain,"Age,DrivHist",5.331051636069557e-08
DrivQuality,SeniorTrain,"Age,DrivHist",5.331051636069557e-08
DrivQuality,ThisCarCost,"Accident,SeniorTrain",0.08750670015692669
DrivQuality,ThisCarCost,"Accident,SeniorTrain",0.08750670015692669
DrivQuality,ThisCarCost,"Accident,SeniorTrain",0.08750670015692669
DrivQuality,ThisCarCost,"Accident,SeniorTrain",0.08750670015692669
DrivQuality,ThisCarCost,"Accident,SeniorTrain",0.08750670015692669
DrivQuality,ThisCarCost,"Accident,SeniorTrain",0.08750670015692669
DrivQuality,ThisCarCost,"Accident,SeniorTrain",0.08750670015692669
DrivQuality,ThisCarCost,"Accident,SeniorTrain",0.08750670015692669
DrivQuality,ThisCarCost,"Accident,SeniorTrain",0.08750670015692669
DrivQuality,ThisCarCost,"Accident,SeniorTrain",0.08750670015692669
DrivQuality,ThisCarCost,"Accident,SeniorTrain",0.08750670015692669
DrivQuality,DrivHist,"Age,SeniorTrain",5.775055581009708e-132
DrivQuality,DrivHist,"Age,SeniorTrain",5.775055581009708e-132
DrivQuality,DrivHist,"Age,SeniorTrain",5.775055581009708e-132
DrivQuality,DrivHist,"Age,SeniorTrain",5.775055581009708e-132
DrivQuality,DrivHist,"Age,SeniorTrain",5.775055581009708e-132
DrivQuality,DrivHist,"Age,SeniorTrain",5.775055581009708e-132
DrivQuality,DrivHist,"Age,SeniorTrain",5.775055581009708e-132
DrivQuality,DrivHist,"Age,SeniorTrain",5.775055581009708e-132
DrivQuality,DrivHist,"Age,SeniorTrain",5.775055581009708e-132
DrivQuality,DrivHist,"Age,SeniorTrain",5.775055581009708e-132
DrivQuality,DrivHist,"Age,SeniorTrain",5.775055581009708e-132
DrivQuality,DrivHist,"Age,SeniorTrain",5.775055581009708e-132
DrivQuality,DrivHist,"Age,SeniorTrain",5.775055581009708e-132
DrivQuality,DrivHist,"Age,SeniorTrain",5.775055581009708e-132
DrivQuality,DrivHist,"Age,SeniorTrain",5.775055581009708e-132
Antilock,ThisCarCost,"CarValue,MakeModel",0.12962333893491718
Antilock,ThisCarCost,"CarValue,MakeModel",0.12962333893491718
Antilock,ThisCarCost,"CarValue,MakeModel",0.12962333893491718
Antilock,ThisCarCost,"CarValue,MakeModel",0.12962333893491718
Antilock,ThisCarCost,"CarValue,MakeModel",0.12962333893491718
Antilock,ThisCarCost,"CarValue,MakeModel",0.12962333893491718
Antilock,ThisCarCost,"CarValue,MakeModel",0.12962333893491718
Antilock,ThisCarCost,"CarValue,MakeModel",0.12962333893491718
Antilock,CarValue,"PropCost,RuggedAuto",0.0
Antilock,CarValue,"PropCost,RuggedAuto",0.0
Antilock,CarValue,"PropCost,RuggedAuto",0.0
Antilock,CarValue,"PropCost,RuggedAuto",0.0
Antilock,CarValue,"PropCost,RuggedAuto",0.0
Antilock,CarValue,"PropCost,RuggedAuto",0.0
Antilock,CarValue,"PropCost,RuggedAuto",0.0
Antilock,CarValue,"PropCost,RuggedAuto",0.0
Antilock,CarValue,"PropCost,RuggedAuto",0.0
Antilock,CarValue,"PropCost,RuggedAuto",0.0
Antilock,CarValue,"PropCost,RuggedAuto",0.0
Antilock,CarValue,"PropCost,RuggedAuto",0.0
Antilock,CarValue,"PropCost,RuggedAuto",0.0
Antilock,CarValue,"PropCost,RuggedAuto",0.0
Antilock,CarValue,"PropCost,RuggedAuto",0.0
Antilock,CarValue,"PropCost,RuggedAuto",0.0
Antilock,CarValue,"PropCost,RuggedAuto",0.0
Antilock,CarValue,"PropCost,RuggedAuto",0.0
Antilock,CarValue,"PropCost,RuggedAuto",0.0
Antilock,CarValue,"PropCost,RuggedAuto",0.0
Antilock,CarValue,"PropCost,RuggedAuto",0.0
Antilock,PropCost,"MakeModel,VehicleYear",0.32041421015083743
DrivingSkill,SeniorTrain,"DrivQuality,ThisCarCost",0.09894818021419301
DrivingSkill,SeniorTrain,"DrivQuality,ThisCarCost",0.09894818021419301
DrivingSkill,SeniorTrain,"DrivQuality,ThisCarCost",0.09894818021419301
DrivingSkill,SeniorTrain,"DrivQuality,ThisCarCost",0.09894818021419301
DrivingSkill,SeniorTrain,"DrivQuality,ThisCarCost",0.09894818021419301
DrivingSkill,ThisCarCost,"RiskAversion,SeniorTrain",0.07190686862748542
DrivingSkill,DrivHist,"DrivQuality,SeniorTrain",6.272411020646331e-143
DrivingSkill,DrivHist,"DrivQuality,SeniorTrain",6.272411020646331e-143
DrivingSkill,DrivHist,"DrivQuality,SeniorTrain",6.272411020646331e-143
DrivingSkill,DrivHist,"DrivQuality,SeniorTrain",6.272411020646331e-143
DrivingSkill,DrivHist,"DrivQuality,SeniorTrain",6.272411020646331e-143
DrivingSkill,DrivHist,"DrivQuality,SeniorTrain",6.272411020646331e-143
SeniorTrain,DrivHist,"Age,RiskAversion",0.15703963005516366
SeniorTrain,DrivHist,"Age,RiskAversion",0.15703963005516366
ThisCarCost,Theft,"MakeModel,SocioEcon",0.05540545713345739
ThisCarCost,Theft,"MakeModel,SocioEcon",0.05540545713345739
ThisCarCost,Theft,"MakeModel,SocioEcon",0.05540545713345739
ThisCarCost,Theft,"MakeModel,SocioEcon",0.05540545713345739
ThisCarCost,Theft,"MakeModel,SocioEcon",0.05540545713345739
ThisCarCost,Theft,"MakeModel,SocioEcon",0.05540545713345739
ThisCarCost,Theft,"MakeModel,SocioEcon",0.05540545713345739
ThisCarCost,Theft,"MakeModel,SocioEcon",0.05540545713345739
ThisCarCost,Theft,"MakeModel,SocioEcon",0.05540545713345739
ThisCarCost,Theft,"MakeModel,SocioEcon",0.05540545713345739
ThisCarCost,Theft,"MakeModel,SocioEcon",0.05540545713345739
ThisCarCost,Theft,"MakeModel,SocioEcon",0.05540545713345739
ThisCarCost,Theft,"MakeModel,SocioEcon",0.05540545713345739
ThisCarCost,Theft,"MakeModel,SocioEcon",0.05540545713345739
ThisCarCost,Theft,"MakeModel,SocioEcon",0.05540545713345739
ThisCarCost,Theft,"MakeModel,SocioEcon",0.05540545713345739
ThisCarCost,Theft,"MakeModel,SocioEcon",0.05540545713345739
ThisCarCost,Theft,"MakeModel,SocioEcon",0.05540545713345739
ThisCarCost,Theft,"MakeModel,SocioEcon",0.05540545713345739
ThisCarCost,Theft,"MakeModel,SocioEcon",0.05540545713345739
ThisCarCost,Theft,"MakeModel,SocioEcon",0.05540545713345739
ThisCarCost,Theft,"MakeModel,SocioEcon",0.05540545713345739
ThisCarCost,Theft,"MakeModel,SocioEcon",0.05540545713345739
ThisCarCost,Theft,"MakeModel,SocioEcon",0.05540545713345739
ThisCarCost,Theft,"MakeModel,SocioEcon",0.05540545713345739
ThisCarCost,Theft,"MakeModel,SocioEcon",0.05540545713345739
ThisCarCost,Theft,"MakeModel,SocioEcon",0.05540545713345739
ThisCarCost,Theft,"MakeModel,SocioEcon",0.05540545713345739
ThisCarCost,Theft,"MakeModel,SocioEcon",0.05540545713345739
ThisCarCost,Theft,"MakeModel,SocioEcon",0.05540545713345739
ThisCarCost,CarValue,"DrivQuality,RuggedAuto",0.0
ThisCarCost,CarValue,"DrivQuality,RuggedAuto",0.0
ThisCarCost,CarValue,"DrivQuality,RuggedAuto",0.0
ThisCarCost,CarValue,"DrivQuality,RuggedAuto",0.0
ThisCarCost,CarValue,"DrivQuality,RuggedAuto",0.0
ThisCarCost,CarValue,"DrivQuality,RuggedAuto",0.0
ThisCarCost,CarValue,"DrivQuality,RuggedAuto",0.0
ThisCarCost,CarValue,"DrivQuality,RuggedAuto",0.0
ThisCarCost,CarValue,"DrivQuality,RuggedAuto",0.0
ThisCarCost,CarValue,"DrivQuality,RuggedAuto",0.0
ThisCarCost,CarValue,"DrivQuality,RuggedAuto",0.0
ThisCarCost,CarValue,"DrivQuality,RuggedAuto",0.0
ThisCarCost,CarValue,"DrivQuality,RuggedAuto",0.0
ThisCarCost,CarValue,"DrivQuality,RuggedAuto",0.0
ThisCarCost,CarValue,"DrivQuality,RuggedAuto",0.0
ThisCarCost,CarValue,"DrivQuality,RuggedAuto",0.0
ThisCarCost,CarValue,"DrivQuality,RuggedAuto",0.0
ThisCarCost,CarValue,"DrivQuality,RuggedAuto",0.0
ThisCarCost,CarValue,"DrivQuality,RuggedAuto",0.0
ThisCarCost,CarValue,"DrivQuality,RuggedAuto",0.0
ThisCarCost,CarValue,"DrivQuality,RuggedAuto",0.0
ThisCarCost,CarValue,"DrivQuality,RuggedAuto",0.0
ThisCarCost,CarValue,"DrivQuality,RuggedAuto",0.0
ThisCarCost,CarValue,"DrivQuality,RuggedAuto",0.0
ThisCarCost,CarValue,"DrivQuality,RuggedAuto",0.0
ThisCarCost,CarValue,"DrivQuality,RuggedAuto",0.0
ThisCarCost,CarValue,"DrivQuality,RuggedAuto",0.0
ThisCarCost,CarValue,"DrivQuality,RuggedAuto",0.0
ThisCarCost,CarValue,"DrivQuality,RuggedAuto",0.0
ThisCarCost,CarValue,"DrivQuality,RuggedAuto",0.0
ThisCarCost,CarValue,"DrivQuality,RuggedAuto",0.0
ThisCarCost,CarValue,"DrivQuality,RuggedAuto",0.0
ThisCarCost,CarValue,"DrivQuality,RuggedAuto",0.0
ThisCarCost,CarValue,"DrivQuality,RuggedAuto",0.0
ThisCarCost,CarValue,"DrivQuality,RuggedAuto",0.0
ThisCarCost,CarValue,"DrivQuality,RuggedAuto",0.0
ThisCarCost,CarValue,"DrivQuality,RuggedAuto",0.0
ThisCarCost,CarValue,"DrivQuality,RuggedAuto",0.0
ThisCarCost,CarValue,"DrivQuality,RuggedAuto",0.0
ThisCarCost,CarValue,"DrivQuality,RuggedAuto",0.0
ThisCarCost,CarValue,"DrivQuality,RuggedAuto",0.0
ThisCarCost,CarValue,"DrivQuality,RuggedAuto",0.0
ThisCarCost,CarValue,"DrivQuality,RuggedAuto",0.0
ThisCarCost,CarValue,"DrivQuality,RuggedAuto",0.0
ThisCarCost,CarValue,"DrivQuality,RuggedAuto",0.0
ThisCarCost,CarValue,"DrivQuality,RuggedAuto",0.0
ThisCarCost,CarValue,"DrivQuality,RuggedAuto",0.0
ThisCarCost,CarValue,"DrivQuality,RuggedAuto",0.0
ThisCarCost,CarValue,"DrivQuality,RuggedAuto",0.0
ThisCarCost,CarValue,"DrivQuality,RuggedAuto",0.0
ThisCarCost,CarValue,"DrivQuality,RuggedAuto",0.0
ThisCarCost,CarValue,"DrivQuality,RuggedAuto",0.0
ThisCarCost,CarValue,"DrivQuality,RuggedAuto",0.0
ThisCarCost,CarValue,"DrivQuality,RuggedAuto",0.0
ThisCarCost,CarValue,"DrivQuality,RuggedAuto",0.0
ThisCarCost,CarValue,"DrivQuality,RuggedAuto",0.0
ThisCarCost,CarValue,"DrivQuality,RuggedAuto",0.0
ThisCarCost,CarValue,"DrivQuality,RuggedAuto",0.0
ThisCarCost,CarValue,"DrivQuality,RuggedAuto",0.0
ThisCarCost,CarValue,"DrivQuality,RuggedAuto",0.0
ThisCarCost,CarValue,"DrivQuality,RuggedAuto",0.0
ThisCarCost,CarValue,"DrivQuality,RuggedAuto",0.0
ThisCarCost,CarValue,"DrivQuality,RuggedAuto",0.0
ThisCarCost,CarValue,"DrivQuality,RuggedAuto",0.0
ThisCarCost,CarValue,"DrivQuality,RuggedAuto",0.0
ThisCarCost,CarValue,"DrivQuality,RuggedAuto",0.0
ThisCarCost,CarValue,"DrivQuality,RuggedAuto",0.0
ThisCarCost,CarValue,"DrivQuality,RuggedAuto",0.0
ThisCarCost,CarValue,"DrivQuality,RuggedAuto",0.0
ThisCarCost,CarValue,"DrivQuality,RuggedAuto",0.0
ThisCarCost,CarValue,"DrivQuality,RuggedAuto",0.0
ThisCarCost,CarValue,"DrivQuality,RuggedAuto",0.0
ThisCarCost,CarValue,"DrivQuality,RuggedAuto",0.0
ThisCarCost,CarValue,"DrivQuality,RuggedAuto",0.0
ThisCarCost,CarValue,"DrivQuality,RuggedAuto",0.0
ThisCarCost,CarValue,"DrivQuality,RuggedAuto",0.0
ThisCarCost,CarValue,"DrivQuality,RuggedAuto",0.0
ThisCarCost,CarValue,"DrivQuality,RuggedAuto",0.0
ThisCarCost,PropCost,"DrivQuality,RuggedAuto",0.0
ThisCarCost,PropCost,"DrivQuality,RuggedAuto",0.0
ThisCarCost,PropCost,"DrivQuality,RuggedAuto",0.0
ThisCarCost,PropCost,"DrivQuality,RuggedAuto",0.0
ThisCarCost,PropCost,"DrivQuality,RuggedAuto",0.0
ThisCarCost,PropCost,"DrivQuality,RuggedAuto",0.0
ThisCarCost,PropCost,"DrivQuality,RuggedAuto",0.0
ThisCarCost,PropCost,"DrivQuality,RuggedAuto",0.0
ThisCarCost,PropCost,"DrivQuality,RuggedAuto",0.0
ThisCarCost,PropCost,"DrivQuality,RuggedAuto",0.0
ThisCarCost,PropCost,"DrivQuality,RuggedAuto",0.0
ThisCarCost,PropCost,"DrivQuality,RuggedAuto",0.0
ThisCarCost,PropCost,"DrivQuality,RuggedAuto",0.0
ThisCarCost,PropCost,"DrivQuality,RuggedAuto",0.0
ThisCarCost,PropCost,"DrivQuality,RuggedAuto",0.0
ThisCarCost,PropCost,"DrivQuality,RuggedAuto",0.0
ThisCarCost,PropCost,"DrivQuality,RuggedAuto",0.0
ThisCarCost,PropCost,"DrivQuality,RuggedAuto",0.0
ThisCarCost,PropCost,"DrivQuality,RuggedAuto",0.0
ThisCarCost,PropCost,"DrivQuality,RuggedAuto",0.0
ThisCarCost,PropCost,"DrivQuality,RuggedAuto",0.0
ThisCarCost,PropCost,"DrivQuality,RuggedAuto",0.0
ThisCarCost,PropCost,"DrivQuality,RuggedAuto",0.0
ThisCarCost,PropCost,"DrivQuality,RuggedAuto",0.0
ThisCarCost,PropCost,"DrivQuality,RuggedAuto",0.0
ThisCarCost,PropCost,"DrivQuality,RuggedAuto",0.0
ThisCarCost,PropCost,"DrivQuality,RuggedAuto",0.0
ThisCarCost,PropCost,"DrivQuality,RuggedAuto",0.0
ThisCarCost,PropCost,"DrivQuality,RuggedAuto",0.0
ThisCarCost,PropCost,"DrivQuality,RuggedAuto",0.0
ThisCarCost,PropCost,"DrivQuality,RuggedAuto",0.0
ThisCarCost,PropCost,"DrivQuality,RuggedAuto",0.0
ThisCarCost,PropCost,"DrivQuality,RuggedAuto",0.0
ThisCarCost,PropCost,"DrivQuality,RuggedAuto",0.0
ThisCarCost,PropCost,"DrivQuality,RuggedAuto",0.0
ThisCarCost,PropCost,"DrivQuality,RuggedAuto",0.0
ThisCarCost,PropCost,"DrivQuality,RuggedAuto",0.0
ThisCarCost,PropCost,"DrivQuality,RuggedAuto",0.0
ThisCarCost,PropCost,"DrivQuality,RuggedAuto",0.0
ThisCarCost,PropCost,"DrivQuality,RuggedAuto",0.0
ThisCarCost,PropCost,"DrivQuality,RuggedAuto",0.0
ThisCarCost,PropCost,"DrivQuality,RuggedAuto",0.0
ThisCarCost,PropCost,"DrivQuality,RuggedAuto",0.0
ThisCarCost,PropCost,"DrivQuality,RuggedAuto",0.0
ThisCarCost,PropCost,"DrivQuality,RuggedAuto",0.0
ThisCarCost,PropCost,"DrivQuality,RuggedAuto",0.0
ThisCarCost,PropCost,"DrivQuality,RuggedAuto",0.0
ThisCarCost,PropCost,"DrivQuality,RuggedAuto",0.0
ThisCarCost,PropCost,"DrivQuality,RuggedAuto",0.0
ThisCarCost,PropCost,"DrivQuality,RuggedAuto",0.0
ThisCarCost,PropCost,"DrivQuality,RuggedAuto",0.0
ThisCarCost,PropCost,"DrivQuality,RuggedAuto",0.0
ThisCarCost,PropCost,"DrivQuality,RuggedAuto",0.0
ThisCarCost,PropCost,"DrivQuality,RuggedAuto",0.0
ThisCarCost,PropCost,"DrivQuality,RuggedAuto",0.0
ThisCarCost,PropCost,"DrivQuality,RuggedAuto",0.0
ThisCarCost,PropCost,"DrivQuality,RuggedAuto",0.0
ThisCarCost,PropCost,"DrivQuality,RuggedAuto",0.0
ThisCarCost,PropCost,"DrivQuality,RuggedAuto",0.0
ThisCarCost,PropCost,"DrivQuality,RuggedAuto",0.0
ThisCarCost,PropCost,"DrivQuality,RuggedAuto",0.0
ThisCarCost,PropCost,"DrivQuality,RuggedAuto",0.0
ThisCarCost,PropCost,"DrivQuality,RuggedAuto",0.0
ThisCarCost,PropCost,"DrivQuality,RuggedAuto",0.0
ThisCarCost,PropCost,"DrivQuality,RuggedAuto",0.0
ThisCarCost,PropCost,"DrivQuality,RuggedAuto",0.0
ThisCarCost,PropCost,"DrivQuality,RuggedAuto",0.0
ThisCarCost,PropCost,"DrivQuality,RuggedAuto",0.0
ThisCarCost,PropCost,"DrivQuality,RuggedAuto",0.0
ThisCarCost,PropCost,"DrivQuality,RuggedAuto",0.0
ThisCarCost,PropCost,"DrivQuality,RuggedAuto",0.0
ThisCarCost,PropCost,"DrivQuality,RuggedAuto",0.0
ThisCarCost,PropCost,"DrivQuality,RuggedAuto",0.0
ThisCarCost,PropCost,"DrivQuality,RuggedAuto",0.0
ThisCarCost,PropCost,"DrivQuality,RuggedAuto",0.0
ThisCarCost,PropCost,"DrivQuality,RuggedAuto",0.0
ThisCarCost,PropCost,"DrivQuality,RuggedAuto",0.0
ThisCarCost,PropCost,"DrivQuality,RuggedAuto",0.0
ThisCarCost,MedCost,"DrivQuality,RuggedAuto",6.941995481285653e-62
ThisCarCost,MedCost,"DrivQuality,RuggedAuto",6.941995481285653e-62
ThisCarCost,MedCost,"DrivQuality,RuggedAuto",6.941995481285653e-62
ThisCarCost,MedCost,"DrivQuality,RuggedAuto",6.941995481285653e-62
ThisCarCost,MedCost,"DrivQuality,RuggedAuto",6.941995481285653e-62
ThisCarCost,MedCost,"DrivQuality,RuggedAuto",6.941995481285653e-62
ThisCarCost,MedCost,"DrivQuality,RuggedAuto",6.941995481285653e-62
ThisCarCost,MedCost,"DrivQuality,RuggedAuto",6.941995481285653e-62
ThisCarCost,MedCost,"DrivQuality,RuggedAuto",6.941995481285653e-62
ThisCarCost,MedCost,"DrivQuality,RuggedAuto",6.941995481285653e-62
ThisCarCost,MedCost,"DrivQuality,RuggedAuto",6.941995481285653e-62
ThisCarCost,MedCost,"DrivQuality,RuggedAuto",6.941995481285653e-62
ThisCarCost,MedCost,"DrivQuality,RuggedAuto",6.941995481285653e-62
ThisCarCost,MedCost,"DrivQuality,RuggedAuto",6.941995481285653e-62
ThisCarCost,MedCost,"DrivQuality,RuggedAuto",6.941995481285653e-62
ThisCarCost,MedCost,"DrivQuality,RuggedAuto",6.941995481285653e-62
ThisCarCost,MedCost,"DrivQuality,RuggedAuto",6.941995481285653e-62
ThisCarCost,MedCost,"DrivQuality,RuggedAuto",6.941995481285653e-62
ThisCarCost,MedCost,"DrivQuality,RuggedAuto",6.941995481285653e-62
ThisCarCost,MedCost,"DrivQuality,RuggedAuto",6.941995481285653e-62
ThisCarCost,MedCost,"DrivQuality,RuggedAuto",6.941995481285653e-62
ThisCarCost,MedCost,"DrivQuality,RuggedAuto",6.941995481285653e-62
ThisCarCost,MedCost,"DrivQuality,RuggedAuto",6.941995481285653e-62
ThisCarCost,MedCost,"DrivQuality,RuggedAuto",6.941995481285653e-62
ThisCarCost,MedCost,"DrivQuality,RuggedAuto",6.941995481285653e-62
ThisCarCost,MedCost,"DrivQuality,RuggedAuto",6.941995481285653e-62
ThisCarCost,MedCost,"DrivQuality,RuggedAuto",6.941995481285653e-62
ThisCarCost,MedCost,"DrivQuality,RuggedAuto",6.941995481285653e-62
ThisCarCost,MedCost,"DrivQuality,RuggedAuto",6.941995481285653e-62
ThisCarCost,MedCost,"DrivQuality,RuggedAuto",6.941995481285653e-62
ThisCarCost,MedCost,"DrivQuality,RuggedAuto",6.941995481285653e-62
ThisCarCost,MedCost,"DrivQuality,RuggedAuto",6.941995481285653e-62
ThisCarCost,MedCost,"DrivQuality,RuggedAuto",6.941995481285653e-62
ThisCarCost,MedCost,"DrivQuality,RuggedAuto",6.941995481285653e-62
ThisCarCost,MedCost,"DrivQuality,RuggedAuto",6.941995481285653e-62
ThisCarCost,MedCost,"DrivQuality,RuggedAuto",6.941995481285653e-62
ThisCarCost,MedCost,"DrivQuality,RuggedAuto",6.941995481285653e-62
ThisCarCost,MedCost,"DrivQuality,RuggedAuto",6.941995481285653e-62
ThisCarCost,MedCost,"DrivQuality,RuggedAuto",6.941995481285653e-62
ThisCarCost,MedCost,"DrivQuality,RuggedAuto",6.941995481285653e-62
ThisCarCost,MedCost,"DrivQuality,RuggedAuto",6.941995481285653e-62
ThisCarCost,MedCost,"DrivQuality,RuggedAuto",6.941995481285653e-62
ThisCarCost,MedCost,"DrivQuality,RuggedAuto",6.941995481285653e-62
ThisCarCost,MedCost,"DrivQuality,RuggedAuto",6.941995481285653e-62
ThisCarCost,MedCost,"DrivQuality,RuggedAuto",6.941995481285653e-62
ThisCarCost,MedCost,"DrivQuality,RuggedAuto",6.941995481285653e-62
ThisCarCost,MedCost,"DrivQuality,RuggedAuto",6.941995481285653e-62
ThisCarCost,MedCost,"DrivQuality,RuggedAuto",6.941995481285653e-62
ThisCarCost,MedCost,"DrivQuality,RuggedAuto",6.941995481285653e-62
ThisCarCost,MedCost,"DrivQuality,RuggedAuto",6.941995481285653e-62
ThisCarCost,MedCost,"DrivQuality,RuggedAuto",6.941995481285653e-62
ThisCarCost,MedCost,"DrivQuality,RuggedAuto",6.941995481285653e-62
ThisCarCost,MedCost,"DrivQuality,RuggedAuto",6.941995481285653e-62
ThisCarCost,MedCost,"DrivQuality,RuggedAuto",6.941995481285653e-62
ThisCarCost,MedCost,"DrivQuality,RuggedAuto",6.941995481285653e-62
ThisCarCost,MedCost,"DrivQuality,RuggedAuto",6.941995481285653e-62
ThisCarCost,MedCost,"DrivQuality,RuggedAuto",6.941995481285653e-62
ThisCarCost,MedCost,"DrivQuality,RuggedAuto",6.941995481285653e-62
ThisCarCost,MedCost,"DrivQuality,RuggedAuto",6.941995481285653e-62
ThisCarCost,MedCost,"DrivQuality,RuggedAuto",6.941995481285653e-62
ThisCarCost,MedCost,"DrivQuality,RuggedAuto",6.941995481285653e-62
ThisCarCost,MedCost,"DrivQuality,RuggedAuto",6.941995481285653e-62
ThisCarCost,MedCost,"DrivQuality,RuggedAuto",6.941995481285653e-62
ThisCarCost,MedCost,"DrivQuality,RuggedAuto",6.941995481285653e-62
ThisCarCost,MedCost,"DrivQuality,RuggedAuto",6.941995481285653e-62
ThisCarCost,MedCost,"DrivQuality,RuggedAuto",6.941995481285653e-62
ThisCarCost,MedCost,"DrivQuality,RuggedAuto",6.941995481285653e-62
ThisCarCost,MedCost,"DrivQuality,RuggedAuto",6.941995481285653e-62
ThisCarCost,MedCost,"DrivQuality,RuggedAuto",6.941995481285653e-62
ThisCarCost,MedCost,"DrivQuality,RuggedAuto",6.941995481285653e-62
ThisCarCost,MedCost,"DrivQuality,RuggedAuto",6.941995481285653e-62
ThisCarCost,MedCost,"DrivQuality,RuggedAuto",6.941995481285653e-62
ThisCarCost,MedCost,"DrivQuality,RuggedAuto",6.941995481285653e-62
ThisCarCost,MedCost,"DrivQuality,RuggedAuto",6.941995481285653e-62
ThisCarCost,MedCost,"DrivQuality,RuggedAuto",6.941995481285653e-62
ThisCarCost,MedCost,"DrivQuality,RuggedAuto",6.941995481285653e-62
ThisCarCost,MedCost,"DrivQuality,RuggedAuto",6.941995481285653e-62
ThisCarCost,MedCost,"DrivQuality,RuggedAuto",6.941995481285653e-62
ThisCarCost,ILiCost,"Theft,ThisCarDam",0.2768731622940611
ThisCarCost,ILiCost,"Theft,ThisCarDam",0.2768731622940611
ThisCarCost,ILiCost,"Theft,ThisCarDam",0.2768731622940611
ThisCarCost,ILiCost,"Theft,ThisCarDam",0.2768731622940611
ThisCarCost,ILiCost,"Theft,ThisCarDam",0.2768731622940611
ThisCarCost,ILiCost,"Theft,ThisCarDam",0.2768731622940611
ThisCarCost,ILiCost,"Theft,ThisCarDam",0.2768731622940611
ThisCarCost,ILiCost,"Theft,ThisCarDam",0.2768731622940611
ThisCarCost,ILiCost,"Theft,ThisCarDam",0.2768731622940611
ThisCarCost,ILiCost,"Theft,ThisCarDam",0.2768731622940611
ThisCarCost,ILiCost,"Theft,ThisCarDam",0.2768731622940611
ThisCarCost,ILiCost,"Theft,ThisCarDam",0.2768731622940611
ThisCarCost,ILiCost,"Theft,ThisCarDam",0.2768731622940611
ThisCarCost,ILiCost,"Theft,ThisCarDam",0.2768731622940611
ThisCarCost,ILiCost,"Theft,ThisCarDam",0.2768731622940611
ThisCarCost,ILiCost,"Theft,ThisCarDam",0.2768731622940611
ThisCarCost,ILiCost,"Theft,ThisCarDam",0.2768731622940611
ThisCarCost,ILiCost,"Theft,ThisCarDam",0.2768731622940611
CarValue,PropCost,"Theft,ThisCarCost",0.1766294479396391
CarValue,PropCost,"Theft,ThisCarCost",0.1766294479396391
CarValue,PropCost,"Theft,ThisCarCost",0.1766294479396391
CarValue,PropCost,"Theft,ThisCarCost",0.1766294479396391
CarValue,PropCost,"Theft,ThisCarCost",0.1766294479396391
CarValue,PropCost,"Theft,ThisCarCost",0.1766294479396391
CarValue,PropCost,"Theft,ThisCarCost",0.1766294479396391
CarValue,PropCost,"Theft,ThisCarCost",0.1766294479396391
CarValue,PropCost,"Theft,ThisCarCost",0.1766294479396391
CarValue,PropCost,"Theft,ThisCarCost",0.1766294479396391
CarValue,PropCost,"Theft,ThisCarCost",0.1766294479396391
CarValue,PropCost,"Theft,ThisCarCost",0.1766294479396391
CarValue,PropCost,"Theft,ThisCarCost",0.1766294479396391
CarValue,PropCost,"Theft,ThisCarCost",0.1766294479396391
CarValue,PropCost,"Theft,ThisCarCost",0.1766294479396391
CarValue,PropCost,"Theft,ThisCarCost",0.1766294479396391
CarValue,PropCost,"Theft,ThisCarCost",0.1766294479396391
CarValue,PropCost,"Theft,ThisCarCost",0.1766294479396391
CarValue,PropCost,"Theft,ThisCarCost",0.1766294479396391
CarValue,PropCost,"Theft,ThisCarCost",0.1766294479396391
CarValue,PropCost,"Theft,ThisCarCost",0.1766294479396391
CarValue,PropCost,"Theft,ThisCarCost",0.1766294479396391
CarValue,PropCost,"Theft,ThisCarCost",0.1766294479396391
CarValue,PropCost,"Theft,ThisCarCost",0.1766294479396391
CarValue,PropCost,"Theft,ThisCarCost",0.1766294479396391
CarValue,Cushioning,"MakeModel,VehicleYear",0.9809296326130497
CarValue,Airbag,"PropCost,RuggedAuto",6.065427870614046e-282
CarValue,Airbag,"PropCost,RuggedAuto",6.065427870614046e-282
CarValue,Airbag,"PropCost,RuggedAuto",6.065427870614046e-282
CarValue,Airbag,"PropCost,RuggedAuto",6.065427870614046e-282
CarValue,Airbag,"PropCost,RuggedAuto",6.065427870614046e-282
CarValue,Airbag,"PropCost,RuggedAuto",6.065427870614046e-282
CarValue,Airbag,"PropCost,RuggedAuto",6.065427870614046e-282
CarValue,Airbag,"PropCost,RuggedAuto",6.065427870614046e-282
CarValue,Airbag,"PropCost,RuggedAuto",6.065427870614046e-282
CarValue,Airbag,"PropCost,RuggedAuto",6.065427870614046e-282
CarValue,Airbag,"PropCost,RuggedAuto",6.065427870614046e-282
CarValue,Airbag,"PropCost,RuggedAuto",6.065427870614046e-282
CarValue,Airbag,"PropCost,RuggedAuto",6.065427870614046e-282
CarValue,Airbag,"PropCost,RuggedAuto",6.065427870614046e-282
CarValue,Airbag,"PropCost,RuggedAuto",6.065427870614046e-282
CarValue,Airbag,"PropCost,RuggedAuto",6.065427870614046e-282
CarValue,Airbag,"PropCost,RuggedAuto",6.065427870614046e-282
CarValue,Airbag,"PropCost,RuggedAuto",6.065427870614046e-282
CarValue,Airbag,"PropCost,RuggedAuto",6.065427870614046e-282
CarValue,Airbag,"PropCost,RuggedAuto",6.065427870614046e-282
CarValue,Airbag,"PropCost,RuggedAuto",6.065427870614046e-282
CarValue,Airbag,"PropCost,RuggedAuto",6.065427870614046e-282
CarValue,Airbag,"PropCost,RuggedAuto",6.065427870614046e-282
CarValue,Airbag,"PropCost,RuggedAuto",6.065427870614046e-282
CarValue,Airbag,"PropCost,RuggedAuto",6.065427870614046e-282
CarValue,Airbag,"PropCost,RuggedAuto",6.065427870614046e-282
CarValue,Airbag,"PropCost,RuggedAuto",6.065427870614046e-282
CarValue,Airbag,"PropCost,RuggedAuto",6.065427870614046e-282
CarValue,Airbag,"PropCost,RuggedAuto",6.065427870614046e-282
CarValue,Airbag,"PropCost,RuggedAuto",6.065427870614046e-282
CarValue,Airbag,"PropCost,RuggedAuto",6.065427870614046e-282
CarValue,Airbag,"PropCost,RuggedAuto",6.065427870614046e-282
CarValue,Airbag,"PropCost,RuggedAuto",6.065427870614046e-282
CarValue,Airbag,"PropCost,RuggedAuto",6.065427870614046e-282
CarValue,Airbag,"PropCost,RuggedAuto",6.065427870614046e-282
CarValue,Airbag,"PropCost,RuggedAuto",6.065427870614046e-282
CarValue,Airbag,"PropCost,RuggedAuto",6.065427870614046e-282
CarValue,Airbag,"PropCost,RuggedAuto",6.065427870614046e-282
CarValue,Airbag,"PropCost,RuggedAuto",6.065427870614046e-282
CarValue,Airbag,"PropCost,RuggedAuto",6.065427870614046e-282
CarValue,Airbag,"PropCost,RuggedAuto",6.065427870614046e-282
CarValue,Airbag,"PropCost,RuggedAuto",6.065427870614046e-282
CarValue,Airbag,"PropCost,RuggedAuto",6.065427870614046e-282
CarValue,Airbag,"PropCost,RuggedAuto",6.065427870614046e-282
CarValue,Airbag,"PropCost,RuggedAuto",6.065427870614046e-282
HomeBase,AntiTheft,"RiskAversion,SocioEcon",0.00048199356364898974
PropCost,OtherCarCost,"Antilock,CarValue",0.0
PropCost,OtherCarCost,"Antilock,CarValue",0.0
PropCost,OtherCarCost,"Antilock,CarValue",0.0
PropCost,OtherCarCost,"Antilock,CarValue",0.0
PropCost,OtherCarCost,"Antilock,CarValue",0.0
PropCost,OtherCarCost,"Antilock,CarValue",0.0
PropCost,OtherCarCost,"Antilock,CarValue",0.0
PropCost,OtherCarCost,"Antilock,CarValue",0.0
PropCost,OtherCarCost,"Antilock,CarValue",0.0
PropCost,OtherCarCost,"Antilock,CarValue",0.0
PropCost,OtherCarCost,"Antilock,CarValue",0.0
PropCost,OtherCarCost,"Antilock,CarValue",0.0
PropCost,OtherCarCost,"Antilock,CarValue",0.0
PropCost,OtherCarCost,"Antilock,CarValue",0.0
PropCost,OtherCarCost,"Antilock,CarValue",0.0
PropCost,OtherCarCost,"Antilock,CarValue",0.0
PropCost,OtherCarCost,"Antilock,CarValue",0.0
PropCost,OtherCarCost,"Antilock,CarValue",0.0
PropCost,OtherCarCost,"Antilock,CarValue",0.0
PropCost,OtherCarCost,"Antilock,CarValue",0.0
PropCost,OtherCarCost,"Antilock,CarValue",0.0
PropCost,MedCost,"ThisCarCost,ThisCarDam",0.5785974123875315
PropCost,ILiCost,"Accident,ThisCarDam",0.08776773084616456
PropCost,ILiCost,"Accident,ThisCarDam",0.08776773084616456
PropCost,ILiCost,"Accident,ThisCarDam",0.08776773084616456
OtherCarCost,MedCost,"ILiCost,ThisCarDam",0.23570554198351285
OtherCarCost,MedCost,"ILiCost,ThisCarDam",0.23570554198351285
OtherCarCost,MedCost,"ILiCost,ThisCarDam",0.23570554198351285
OtherCarCost,ILiCost,"PropCost,RuggedAuto",3.0739369560793704e-12
OtherCarCost,ILiCost,"PropCost,RuggedAuto",3.0739369560793704e-12
OtherCarCost,ILiCost,"PropCost,RuggedAuto",3.0739369560793704e-12
OtherCarCost,ILiCost,"PropCost,RuggedAuto",3.0739369560793704e-12
OtherCarCost,ILiCost,"PropCost,RuggedAuto",3.0739369560793704e-12
OtherCarCost,ILiCost,"PropCost,RuggedAuto",3.0739369560793704e-12
OtherCarCost,ILiCost,"PropCost,RuggedAuto",3.0739369560793704e-12
OtherCarCost,ILiCost,"PropCost,RuggedAuto",3.0739369560793704e-12
OtherCarCost,ILiCost,"PropCost,RuggedAuto",3.0739369560793704e-12
OtherCarCost,ILiCost,"PropCost,RuggedAuto",3.0739369560793704e-12
OtherCarCost,ILiCost,"PropCost,RuggedAuto",3.0739369560793704e-12
OtherCarCost,ILiCost,"PropCost,RuggedAuto",3.0739369560793704e-12
OtherCarCost,ILiCost,"PropCost,RuggedAuto",3.0739369560793704e-12
OtherCarCost,ILiCost,"PropCost,RuggedAuto",3.0739369560793704e-12
OtherCarCost,ILiCost,"PropCost,RuggedAuto",3.0739369560793704e-12
MedCost,Cushioning,"OtherCarCost,PropCost",1.8091428684575336e-118
MedCost,Cushioning,"OtherCarCost,PropCost",1.8091428684575336e-118
MedCost,Cushioning,"OtherCarCost,PropCost",1.8091428684575336e-118
MedCost,Cushioning,"OtherCarCost,PropCost",1.8091428684575336e-118
MedCost,Cushioning,"OtherCarCost,PropCost",1.8091428684575336e-118
MedCost,Cushioning,"OtherCarCost,PropCost",1.8091428684575336e-118
MedCost,Cushioning,"OtherCarCost,PropCost",1.8091428684575336e-118
MedCost,Cushioning,"OtherCarCost,PropCost",1.8091428684575336e-118
MedCost,Cushioning,"OtherCarCost,PropCost",1.8091428684575336e-118
MedCost,Cushioning,"OtherCarCost,PropCost",1.8091428684575336e-118
MedCost,Cushioning,"OtherCarCost,PropCost",1.8091428684575336e-118
MedCost,Cushioning,"OtherCarCost,PropCost",1.8091428684575336e-118
MedCost,Cushioning,"OtherCarCost,PropCost",1.8091428684575336e-118
MedCost,Cushioning,"OtherCarCost,PropCost",1.8091428684575336e-118
MedCost,Cushioning,"OtherCarCost,PropCost",1.8091428684575336e-118
Cushioning,Airbag,"MedCost,SocioEcon",3.1775344855553596e-83
Cushioning,Airbag,"MedCost,SocioEcon",3.1775344855553596e-83
Cushioning,Airbag,"MedCost,SocioEcon",3.1775344855553596e-83
Cushioning,Airbag,"MedCost,SocioEcon",3.1775344855553596e-83
Cushioning,Airbag,"MedCost,SocioEcon",3.1775344855553596e-83
Cushioning,Airbag,"MedCost,SocioEcon",3.1775344855553596e-83
Cushioning,Airbag,"MedCost,SocioEcon",3.1775344855553596e-83
Cushioning,Airbag,"MedCost,SocioEcon",3.1775344855553596e-83
Cushioning,Airbag,"MedCost,SocioEcon",3.1775344855553596e-83
Cushioning,Airbag,"MedCost,SocioEcon",3.1775344855553596e-83
Cushioning,Airbag,"MedCost,SocioEcon",3.1775344855553596e-83
Cushioning,Airbag,"MedCost,SocioEcon",3.1775344855553596e-83
Cushioning,Airbag,"MedCost,SocioEcon",3.1775344855553596e-83
Cushioning,Airbag,"MedCost,SocioEcon",3.1775344855553596e-83
Cushioning,Airbag,"MedCost,SocioEcon",3.1775344855553596e-83
Age,SocioEcon,"GoodStudent,RiskAversion,SeniorTrain",4.9768295457100946e-05
Age,RiskAversion,"GoodStudent,SeniorTrain,SocioEcon",1.3874009771594122e-12
Age,SeniorTrain,"GoodStudent,RiskAversion,SocioEcon",1.764709570852222e-78
SocioEcon,VehicleYear,"Airbag,CarValue,GoodStudent",0.09010804606728143
SocioEcon,VehicleYear,"Airbag,CarValue,GoodStudent",0.09010804606728143
SocioEcon,VehicleYear,"Airbag,CarValue,GoodStudent",0.09010804606728143
SocioEcon,VehicleYear,"Airbag,CarValue,GoodStudent",0.09010804606728143
SocioEcon,VehicleYear,"Airbag,CarValue,GoodStudent",0.09010804606728143
SocioEcon,VehicleYear,"Airbag,CarValue,GoodStudent",0.09010804606728143
SocioEcon,VehicleYear,"Airbag,CarValue,GoodStudent",0.09010804606728143
SocioEcon,VehicleYear,"Airbag,CarValue,GoodStudent",0.09010804606728143
SocioEcon,VehicleYear,"Airbag,CarValue,GoodStudent",0.09010804606728143
SocioEcon,VehicleYear,"Airbag,CarValue,GoodStudent",0.09010804606728143
SocioEcon,VehicleYear,"Airbag,CarValue,GoodStudent",0.09010804606728143
SocioEcon,VehicleYear,"Airbag,CarValue,GoodStudent",0.09010804606728143
SocioEcon,VehicleYear,"Airbag,CarValue,GoodStudent",0.09010804606728143
SocioEcon,VehicleYear,"Airbag,CarValue,GoodStudent",0.09010804606728143
SocioEcon,VehicleYear,"Airbag,CarValue,GoodStudent",0.09010804606728143
SocioEcon,VehicleYear,"Airbag,CarValue,GoodStudent",0.09010804606728143
SocioEcon,VehicleYear,"Airbag,CarValue,GoodStudent",0.09010804606728143
SocioEcon,VehicleYear,"Airbag,CarValue,GoodStudent",0.09010804606728143
SocioEcon,VehicleYear,"Airbag,CarValue,GoodStudent",0.09010804606728143
SocioEcon,VehicleYear,"Airbag,CarValue,GoodStudent",0.09010804606728143
SocioEcon,VehicleYear,"Airbag,CarValue,GoodStudent",0.09010804606728143
SocioEcon,VehicleYear,"Airbag,CarValue,GoodStudent",0.09010804606728143
SocioEcon,VehicleYear,"Airbag,CarValue,GoodStudent",0.09010804606728143
SocioEcon,VehicleYear,"Airbag,CarValue,GoodStudent",0.09010804606728143
SocioEcon,VehicleYear,"Airbag,CarValue,GoodStudent",0.09010804606728143
SocioEcon,VehicleYear,"Airbag,CarValue,GoodStudent",0.09010804606728143
SocioEcon,VehicleYear,"Airbag,CarValue,GoodStudent",0.09010804606728143
SocioEcon,VehicleYear,"Airbag,CarValue,GoodStudent",0.09010804606728143
SocioEcon,VehicleYear,"Airbag,CarValue,GoodStudent",0.09010804606728143
SocioEcon,VehicleYear,"Airbag,CarValue,GoodStudent",0.09010804606728143
SocioEcon,VehicleYear,"Airbag,CarValue,GoodStudent",0.09010804606728143
SocioEcon,VehicleYear,"Airbag,CarValue,GoodStudent",0.09010804606728143
SocioEcon,VehicleYear,"Airbag,CarValue,GoodStudent",0.09010804606728143
SocioEcon,VehicleYear,"Airbag,CarValue,GoodStudent",0.09010804606728143
SocioEcon,VehicleYear,"Airbag,CarValue,GoodStudent",0.09010804606728143
SocioEcon,VehicleYear,"Airbag,CarValue,GoodStudent",0.09010804606728143
SocioEcon,VehicleYear,"Airbag,CarValue,GoodStudent",0.09010804606728143
SocioEcon,VehicleYear,"Airbag,CarValue,GoodStudent",0.09010804606728143
SocioEcon,VehicleYear,"Airbag,CarValue,GoodStudent",0.09010804606728143
SocioEcon,VehicleYear,"Airbag,CarValue,GoodStudent",0.09010804606728143
SocioEcon,VehicleYear,"Airbag,CarValue,GoodStudent",0.09010804606728143
SocioEcon,VehicleYear,"Airbag,CarValue,GoodStudent",0.09010804606728143
SocioEcon,VehicleYear,"Airbag,CarValue,GoodStudent",0.09010804606728143
SocioEcon,VehicleYear,"Airbag,CarValue,GoodStudent",0.09010804606728143
SocioEcon,VehicleYear,"Airbag,CarValue,GoodStudent",0.09010804606728143
SocioEcon,VehicleYear,"Airbag,CarValue,GoodStudent",0.09010804606728143
SocioEcon,VehicleYear,"Airbag,CarValue,GoodStudent",0.09010804606728143
SocioEcon,VehicleYear,"Airbag,CarValue,GoodStudent",0.09010804606728143
SocioEcon,VehicleYear,"Airbag,CarValue,GoodStudent",0.09010804606728143
SocioEcon,VehicleYear,"Airbag,CarValue,GoodStudent",0.09010804606728143
SocioEcon,VehicleYear,"Airbag,CarValue,GoodStudent",0.09010804606728143
SocioEcon,VehicleYear,"Airbag,CarValue,GoodStudent",0.09010804606728143
SocioEcon,VehicleYear,"Airbag,CarValue,GoodStudent",0.09010804606728143
SocioEcon,VehicleYear,"Airbag,CarValue,GoodStudent",0.09010804606728143
SocioEcon,VehicleYear,"Airbag,CarValue,GoodStudent",0.09010804606728143
SocioEcon,VehicleYear,"Airbag,CarValue,GoodStudent",0.09010804606728143
SocioEcon,VehicleYear,"Airbag,CarValue,GoodStudent",0.09010804606728143
SocioEcon,VehicleYear,"Airbag,CarValue,GoodStudent",0.09010804606728143
SocioEcon,VehicleYear,"Airbag,CarValue,GoodStudent",0.09010804606728143
SocioEcon,VehicleYear,"Airbag,CarValue,GoodStudent",0.09010804606728143
SocioEcon,VehicleYear,"Airbag,CarValue,GoodStudent",0.09010804606728143
SocioEcon,VehicleYear,"Airbag,CarValue,GoodStudent",0.09010804606728143
SocioEcon,VehicleYear,"Airbag,CarValue,GoodStudent",0.09010804606728143
SocioEcon,VehicleYear,"Airbag,CarValue,GoodStudent",0.09010804606728143
SocioEcon,VehicleYear,"Airbag,CarValue,GoodStudent",0.09010804606728143
SocioEcon,VehicleYear,"Airbag,CarValue,GoodStudent",0.09010804606728143
SocioEcon,VehicleYear,"Airbag,CarValue,GoodStudent",0.09010804606728143
SocioEcon,VehicleYear,"Airbag,CarValue,GoodStudent",0.09010804606728143
SocioEcon,VehicleYear,"Airbag,CarValue,GoodStudent",0.09010804606728143
SocioEcon,VehicleYear,"Airbag,CarValue,GoodStudent",0.09010804606728143
SocioEcon,VehicleYear,"Airbag,CarValue,GoodStudent",0.09010804606728143
SocioEcon,VehicleYear,"Airbag,CarValue,GoodStudent",0.09010804606728143
SocioEcon,VehicleYear,"Airbag,CarValue,GoodStudent",0.09010804606728143
SocioEcon,VehicleYear,"Airbag,CarValue,GoodStudent",0.09010804606728143
SocioEcon,VehicleYear,"Airbag,CarValue,GoodStudent",0.09010804606728143
SocioEcon,VehicleYear,"Airbag,CarValue,GoodStudent",0.09010804606728143
SocioEcon,VehicleYear,"Airbag,CarValue,GoodStudent",0.09010804606728143
SocioEcon,VehicleYear,"Airbag,CarValue,GoodStudent",0.09010804606728143
SocioEcon,MakeModel,"Airbag,Antilock,GoodStudent",2.0856716290272756e-267
SocioEcon,MakeModel,"Airbag,Antilock,GoodStudent",2.0856716290272756e-267
SocioEcon,MakeModel,"Airbag,Antilock,GoodStudent",2.0856716290272756e-267
SocioEcon,MakeModel,"Airbag,Antilock,GoodStudent",2.0856716290272756e-267
SocioEcon,MakeModel,"Airbag,Antilock,GoodStudent",2.0856716290272756e-267
SocioEcon,MakeModel,"Airbag,Antilock,GoodStudent",2.0856716290272756e-267
SocioEcon,MakeModel,"Airbag,Antilock,GoodStudent",2.0856716290272756e-267
SocioEcon,MakeModel,"Airbag,Antilock,GoodStudent",2.0856716290272756e-267
SocioEcon,MakeModel,"Airbag,Antilock,GoodStudent",2.0856716290272756e-267
SocioEcon,MakeModel,"Airbag,Antilock,GoodStudent",2.0856716290272756e-267
SocioEcon,MakeModel,"Airbag,Antilock,GoodStudent",2.0856716290272756e-267
SocioEcon,MakeModel,"Airbag,Antilock,GoodStudent",2.0856716290272756e-267
SocioEcon,MakeModel,"Airbag,Antilock,GoodStudent",2.0856716290272756e-267
SocioEcon,MakeModel,"Airbag,Antilock,GoodStudent",2.0856716290272756e-267
SocioEcon,MakeModel,"Airbag,Antilock,GoodStudent",2.0856716290272756e-267
SocioEcon,MakeModel,"Airbag,Antilock,GoodStudent",2.0856716290272756e-267
SocioEcon,MakeModel,"Airbag,Antilock,GoodStudent",2.0856716290272756e-267
SocioEcon,MakeModel,"Airbag,Antilock,GoodStudent",2.0856716290272756e-267
SocioEcon,MakeModel,"Airbag,Antilock,GoodStudent",2.0856716290272756e-267
SocioEcon,MakeModel,"Airbag,Antilock,GoodStudent",2.0856716290272756e-267
SocioEcon,MakeModel,"Airbag,Antilock,GoodStudent",2.0856716290272756e-267
SocioEcon,MakeModel,"Airbag,Antilock,GoodStudent",2.0856716290272756e-267
SocioEcon,MakeModel,"Airbag,Antilock,GoodStudent",2.0856716290272756e-267
SocioEcon,MakeModel,"Airbag,Antilock,GoodStudent",2.0856716290272756e-267
SocioEcon,MakeModel,"Airbag,Antilock,GoodStudent",2.0856716290272756e-267
SocioEcon,MakeModel,"Airbag,Antilock,GoodStudent",2.0856716290272756e-267
SocioEcon,MakeModel,"Airbag,Antilock,GoodStudent",2.0856716290272756e-267
SocioEcon,MakeModel,"Airbag,Antilock,GoodStudent",2.0856716290272756e-267
SocioEcon,MakeModel,"Airbag,Antilock,GoodStudent",2.0856716290272756e-267
SocioEcon,MakeModel,"Airbag,Antilock,GoodStudent",2.0856716290272756e-267
SocioEcon,MakeModel,"Airbag,Antilock,GoodStudent",2.0856716290272756e-267
SocioEcon,MakeModel,"Airbag,Antilock,GoodStudent",2.0856716290272756e-267
SocioEcon,MakeModel,"Airbag,Antilock,GoodStudent",2.0856716290272756e-267
SocioEcon,MakeModel,"Airbag,Antilock,GoodStudent",2.0856716290272756e-267
SocioEcon,MakeModel,"Airbag,Antilock,GoodStudent",2.0856716290272756e-267
SocioEcon,MakeModel,"Airbag,Antilock,GoodStudent",2.0856716290272756e-267
SocioEcon,MakeModel,"Airbag,Antilock,GoodStudent",2.0856716290272756e-267
SocioEcon,MakeModel,"Airbag,Antilock,GoodStudent",2.0856716290272756e-267
SocioEcon,MakeModel,"Airbag,Antilock,GoodStudent",2.0856716290272756e-267
SocioEcon,MakeModel,"Airbag,Antilock,GoodStudent",2.0856716290272756e-267
SocioEcon,MakeModel,"Airbag,Antilock,GoodStudent",2.0856716290272756e-267
SocioEcon,MakeModel,"Airbag,Antilock,GoodStudent",2.0856716290272756e-267
SocioEcon,MakeModel,"Airbag,Antilock,GoodStudent",2.0856716290272756e-267
SocioEcon,MakeModel,"Airbag,Antilock,GoodStudent",2.0856716290272756e-267
SocioEcon,MakeModel,"Airbag,Antilock,GoodStudent",2.0856716290272756e-267
SocioEcon,MakeModel,"Airbag,Antilock,GoodStudent",2.0856716290272756e-267
SocioEcon,MakeModel,"Airbag,Antilock,GoodStudent",2.0856716290272756e-267
SocioEcon,MakeModel,"Airbag,Antilock,GoodStudent",2.0856716290272756e-267
SocioEcon,MakeModel,"Airbag,Antilock,GoodStudent",2.0856716290272756e-267
SocioEcon,MakeModel,"Airbag,Antilock,GoodStudent",2.0856716290272756e-267
SocioEcon,MakeModel,"Airbag,Antilock,GoodStudent",2.0856716290272756e-267
SocioEcon,MakeModel,"Airbag,Antilock,GoodStudent",2.0856716290272756e-267
SocioEcon,MakeModel,"Airbag,Antilock,GoodStudent",2.0856716290272756e-267
SocioEcon,MakeModel,"Airbag,Antilock,GoodStudent",2.0856716290272756e-267
SocioEcon,MakeModel,"Airbag,Antilock,GoodStudent",2.0856716290272756e-267
SocioEcon,MakeModel,"Airbag,Antilock,GoodStudent",2.0856716290272756e-267
SocioEcon,MakeModel,"Airbag,Antilock,GoodStudent",2.0856716290272756e-267
SocioEcon,MakeModel,"Airbag,Antilock,GoodStudent",2.0856716290272756e-267
SocioEcon,MakeModel,"Airbag,Antilock,GoodStudent",2.0856716290272756e-267
SocioEcon,MakeModel,"Airbag,Antilock,GoodStudent",2.0856716290272756e-267
SocioEcon,MakeModel,"Airbag,Antilock,GoodStudent",2.0856716290272756e-267
SocioEcon,MakeModel,"Airbag,Antilock,GoodStudent",2.0856716290272756e-267
SocioEcon,MakeModel,"Airbag,Antilock,GoodStudent",2.0856716290272756e-267
SocioEcon,MakeModel,"Airbag,Antilock,GoodStudent",2.0856716290272756e-267
SocioEcon,MakeModel,"Airbag,Antilock,GoodStudent",2.0856716290272756e-267
SocioEcon,MakeModel,"Airbag,Antilock,GoodStudent",2.0856716290272756e-267
SocioEcon,MakeModel,"Airbag,Antilock,GoodStudent",2.0856716290272756e-267
SocioEcon,MakeModel,"Airbag,Antilock,GoodStudent",2.0856716290272756e-267
SocioEcon,MakeModel,"Airbag,Antilock,GoodStudent",2.0856716290272756e-267
SocioEcon,MakeModel,"Airbag,Antilock,GoodStudent",2.0856716290272756e-267
SocioEcon,MakeModel,"Airbag,Antilock,GoodStudent",2.0856716290272756e-267
SocioEcon,MakeModel,"Airbag,Antilock,GoodStudent",2.0856716290272756e-267
SocioEcon,MakeModel,"Airbag,Antilock,GoodStudent",2.0856716290272756e-267
SocioEcon,MakeModel,"Airbag,Antilock,GoodStudent",2.0856716290272756e-267
SocioEcon,MakeModel,"Airbag,Antilock,GoodStudent",2.0856716290272756e-267
SocioEcon,MakeModel,"Airbag,Antilock,GoodStudent",2.0856716290272756e-267
SocioEcon,MakeModel,"Airbag,Antilock,GoodStudent",2.0856716290272756e-267
SocioEcon,MakeModel,"Airbag,Antilock,GoodStudent",2.0856716290272756e-267
SocioEcon,MakeModel,"Airbag,Antilock,GoodStudent",2.0856716290272756e-267
SocioEcon,MakeModel,"Airbag,Antilock,GoodStudent",2.0856716290272756e-267
SocioEcon,MakeModel,"Airbag,Antilock,GoodStudent",2.0856716290272756e-267
SocioEcon,MakeModel,"Airbag,Antilock,GoodStudent",2.0856716290272756e-267
SocioEcon,MakeModel,"Airbag,Antilock,GoodStudent",2.0856716290272756e-267
SocioEcon,MakeModel,"Airbag,Antilock,GoodStudent",2.0856716290272756e-267
SocioEcon,Antilock,"CarValue,MakeModel,VehicleYear",0.9877416477568831
SocioEcon,Antilock,"CarValue,MakeModel,VehicleYear",0.9877416477568831
SocioEcon,Antilock,"CarValue,MakeModel,VehicleYear",0.9877416477568831
SocioEcon,Antilock,"CarValue,MakeModel,VehicleYear",0.9877416477568831
SocioEcon,Antilock,"CarValue,MakeModel,VehicleYear",0.9877416477568831
SocioEcon,Antilock,"CarValue,MakeModel,VehicleYear",0.9877416477568831
SocioEcon,Antilock,"CarValue,MakeModel,VehicleYear",0.9877416477568831
SocioEcon,Antilock,"CarValue,MakeModel,VehicleYear",0.9877416477568831
SocioEcon,Antilock,"CarValue,MakeModel,VehicleYear",0.9877416477568831
SocioEcon,Antilock,"CarValue,MakeModel,VehicleYear",0.9877416477568831
SocioEcon,CarValue,"GoodStudent,MakeModel,VehicleYear",0.2185446358442707
SocioEcon,CarValue,"GoodStudent,MakeModel,VehicleYear",0.2185446358442707
SocioEcon,CarValue,"GoodStudent,MakeModel,VehicleYear",0.2185446358442707
SocioEcon,CarValue,"GoodStudent,MakeModel,VehicleYear",0.2185446358442707
SocioEcon,CarValue,"GoodStudent,MakeModel,VehicleYear",0.2185446358442707
SocioEcon,CarValue,"GoodStudent,MakeModel,VehicleYear",0.2185446358442707
SocioEcon,CarValue,"GoodStudent,MakeModel,VehicleYear",0.2185446358442707
SocioEcon,CarValue,"GoodStudent,MakeModel,VehicleYear",0.2185446358442707
SocioEcon,CarValue,"GoodStudent,MakeModel,VehicleYear",0.2185446358442707
SocioEcon,CarValue,"GoodStudent,MakeModel,VehicleYear",0.2185446358442707
SocioEcon,CarValue,"GoodStudent,MakeModel,VehicleYear",0.2185446358442707
SocioEcon,HomeBase,"Airbag,Antilock,GoodStudent",0.0
SocioEcon,HomeBase,"Airbag,Antilock,GoodStudent",0.0
SocioEcon,HomeBase,"Airbag,Antilock,GoodStudent",0.0
SocioEcon,HomeBase,"Airbag,Antilock,GoodStudent",0.0
SocioEcon,HomeBase,"Airbag,Antilock,GoodStudent",0.0
SocioEcon,HomeBase,"Airbag,Antilock,GoodStudent",0.0
SocioEcon,HomeBase,"Airbag,Antilock,GoodStudent",0.0
SocioEcon,HomeBase,"Airbag,Antilock,GoodStudent",0.0
SocioEcon,HomeBase,"Airbag,Antilock,GoodStudent",0.0
SocioEcon,HomeBase,"Airbag,Antilock,GoodStudent",0.0
SocioEcon,HomeBase,"Airbag,Antilock,GoodStudent",0.0
SocioEcon,HomeBase,"Airbag,Antilock,GoodStudent",0.0
SocioEcon,HomeBase,"Airbag,Antilock,GoodStudent",0.0
SocioEcon,HomeBase,"Airbag,Antilock,GoodStudent",0.0
SocioEcon,HomeBase,"Airbag,Antilock,GoodStudent",0.0
SocioEcon,HomeBase,"Airbag,Antilock,GoodStudent",0.0
SocioEcon,HomeBase,"Airbag,Antilock,GoodStudent",0.0
SocioEcon,HomeBase,"Airbag,Antilock,GoodStudent",0.0
SocioEcon,HomeBase,"Airbag,Antilock,GoodStudent",0.0
SocioEcon,HomeBase,"Airbag,Antilock,GoodStudent",0.0
SocioEcon,HomeBase,"Airbag,Antilock,GoodStudent",0.0
SocioEcon,HomeBase,"Airbag,Antilock,GoodStudent",0.0
SocioEcon,HomeBase,"Airbag,Antilock,GoodStudent",0.0
SocioEcon,HomeBase,"Airbag,Antilock,GoodStudent",0.0
SocioEcon,HomeBase,"Airbag,Antilock,GoodStudent",0.0
SocioEcon,HomeBase,"Airbag,Antilock,GoodStudent",0.0
SocioEcon,HomeBase,"Airbag,Antilock,GoodStudent",0.0
SocioEcon,HomeBase,"Airbag,Antilock,GoodStudent",0.0
SocioEcon,HomeBase,"Airbag,Antilock,GoodStudent",0.0
SocioEcon,HomeBase,"Airbag,Antilock,GoodStudent",0.0
SocioEcon,HomeBase,"Airbag,Antilock,GoodStudent",0.0
SocioEcon,HomeBase,"Airbag,Antilock,GoodStudent",0.0
SocioEcon,HomeBase,"Airbag,Antilock,GoodStudent",0.0
SocioEcon,HomeBase,"Airbag,Antilock,GoodStudent",0.0
SocioEcon,HomeBase,"Airbag,Antilock,GoodStudent",0.0
SocioEcon,HomeBase,"Airbag,Antilock,GoodStudent",0.0
SocioEcon,HomeBase,"Airbag,Antilock,GoodStudent",0.0
SocioEcon,HomeBase,"Airbag,Antilock,GoodStudent",0.0
SocioEcon,HomeBase,"Airbag,Antilock,GoodStudent",0.0
SocioEcon,HomeBase,"Airbag,Antilock,GoodStudent",0.0
SocioEcon,HomeBase,"Airbag,Antilock,GoodStudent",0.0
SocioEcon,HomeBase,"Airbag,Antilock,GoodStudent",0.0
SocioEcon,HomeBase,"Airbag,Antilock,GoodStudent",0.0
SocioEcon,HomeBase,"Airbag,Antilock,GoodStudent",0.0
SocioEcon,HomeBase,"Airbag,Antilock,GoodStudent",0.0
SocioEcon,HomeBase,"Airbag,Antilock,GoodStudent",0.0
SocioEcon,HomeBase,"Airbag,Antilock,GoodStudent",0.0
SocioEcon,HomeBase,"Airbag,Antilock,GoodStudent",0.0
SocioEcon,HomeBase,"Airbag,Antilock,GoodStudent",0.0
SocioEcon,HomeBase,"Airbag,Antilock,GoodStudent",0.0
SocioEcon,HomeBase,"Airbag,Antilock,GoodStudent",0.0
SocioEcon,HomeBase,"Airbag,Antilock,GoodStudent",0.0
SocioEcon,HomeBase,"Airbag,Antilock,GoodStudent",0.0
SocioEcon,HomeBase,"Airbag,Antilock,GoodStudent",0.0
SocioEcon,HomeBase,"Airbag,Antilock,GoodStudent",0.0
SocioEcon,HomeBase,"Airbag,Antilock,GoodStudent",0.0
SocioEcon,HomeBase,"Airbag,Antilock,GoodStudent",0.0
SocioEcon,HomeBase,"Airbag,Antilock,GoodStudent",0.0
SocioEcon,HomeBase,"Airbag,Antilock,GoodStudent",0.0
SocioEcon,HomeBase,"Airbag,Antilock,GoodStudent",0.0
SocioEcon,HomeBase,"Airbag,Antilock,GoodStudent",0.0
SocioEcon,HomeBase,"Airbag,Antilock,GoodStudent",0.0
SocioEcon,HomeBase,"Airbag,Antilock,GoodStudent",0.0
SocioEcon,HomeBase,"Airbag,Antilock,GoodStudent",0.0
SocioEcon,HomeBase,"Airbag,Antilock,GoodStudent",0.0
SocioEcon,HomeBase,"Airbag,Antilock,GoodStudent",0.0
SocioEcon,HomeBase,"Airbag,Antilock,GoodStudent",0.0
SocioEcon,HomeBase,"Airbag,Antilock,GoodStudent",0.0
SocioEcon,HomeBase,"Airbag,Antilock,GoodStudent",0.0
SocioEcon,HomeBase,"Airbag,Antilock,GoodStudent",0.0
SocioEcon,HomeBase,"Airbag,Antilock,GoodStudent",0.0
SocioEcon,HomeBase,"Airbag,Antilock,GoodStudent",0.0
SocioEcon,HomeBase,"Airbag,Antilock,GoodStudent",0.0
SocioEcon,HomeBase,"Airbag,Antilock,GoodStudent",0.0
SocioEcon,HomeBase,"Airbag,Antilock,GoodStudent",0.0
SocioEcon,HomeBase,"Airbag,Antilock,GoodStudent",0.0
SocioEcon,HomeBase,"Airbag,Antilock,GoodStudent",0.0
SocioEcon,HomeBase,"Airbag,Antilock,GoodStudent",0.0
SocioEcon,HomeBase,"Airbag,Antilock,GoodStudent",0.0
SocioEcon,HomeBase,"Airbag,Antilock,GoodStudent",0.0
SocioEcon,HomeBase,"Airbag,Antilock,GoodStudent",0.0
SocioEcon,HomeBase,"Airbag,Antilock,GoodStudent",0.0
SocioEcon,HomeBase,"Airbag,Antilock,GoodStudent",0.0
SocioEcon,HomeBase,"Airbag,Antilock,GoodStudent",0.0
SocioEcon,AntiTheft,"Age,HomeBase,MakeModel",0.0709623980554983
SocioEcon,AntiTheft,"Age,HomeBase,MakeModel",0.0709623980554983
SocioEcon,AntiTheft,"Age,HomeBase,MakeModel",0.0709623980554983
SocioEcon,AntiTheft,"Age,HomeBase,MakeModel",0.0709623980554983
SocioEcon,AntiTheft,"Age,HomeBase,MakeModel",0.0709623980554983
SocioEcon,AntiTheft,"Age,HomeBase,MakeModel",0.0709623980554983
SocioEcon,AntiTheft,"Age,HomeBase,MakeModel",0.0709623980554983
SocioEcon,AntiTheft,"Age,HomeBase,MakeModel",0.0709623980554983
SocioEcon,AntiTheft,"Age,HomeBase,MakeModel",0.0709623980554983
SocioEcon,AntiTheft,"Age,HomeBase,MakeModel",0.0709623980554983
SocioEcon,AntiTheft,"Age,HomeBase,MakeModel",0.0709623980554983
SocioEcon,AntiTheft,"Age,HomeBase,MakeModel",0.0709623980554983
SocioEcon,AntiTheft,"Age,HomeBase,MakeModel",0.0709623980554983
SocioEcon,AntiTheft,"Age,HomeBase,MakeModel",0.0709623980554983
SocioEcon,AntiTheft,"Age,HomeBase,MakeModel",0.0709623980554983
SocioEcon,AntiTheft,"Age,HomeBase,MakeModel",0.0709623980554983
SocioEcon,AntiTheft,"Age,HomeBase,MakeModel",0.0709623980554983
SocioEcon,AntiTheft,"Age,HomeBase,MakeModel",0.0709623980554983
SocioEcon,AntiTheft,"Age,HomeBase,MakeModel",0.0709623980554983
SocioEcon,AntiTheft,"Age,HomeBase,MakeModel",0.0709623980554983
SocioEcon,AntiTheft,"Age,HomeBase,MakeModel",0.0709623980554983
SocioEcon,AntiTheft,"Age,HomeBase,MakeModel",0.0709623980554983
SocioEcon,AntiTheft,"Age,HomeBase,MakeModel",0.0709623980554983
SocioEcon,AntiTheft,"Age,HomeBase,MakeModel",0.0709623980554983
SocioEcon,AntiTheft,"Age,HomeBase,MakeModel",0.0709623980554983
SocioEcon,AntiTheft,"Age,HomeBase,MakeModel",0.0709623980554983
SocioEcon,AntiTheft,"Age,HomeBase,MakeModel",0.0709623980554983
SocioEcon,AntiTheft,"Age,HomeBase,MakeModel",0.0709623980554983
SocioEcon,AntiTheft,"Age,HomeBase,MakeModel",0.0709623980554983
SocioEcon,AntiTheft,"Age,HomeBase,MakeModel",0.0709623980554983
SocioEcon,AntiTheft,"Age,HomeBase,MakeModel",0.0709623980554983
SocioEcon,AntiTheft,"Age,HomeBase,MakeModel",0.0709623980554983
SocioEcon,AntiTheft,"Age,HomeBase,MakeModel",0.0709623980554983
SocioEcon,AntiTheft,"Age,HomeBase,MakeModel",0.0709623980554983
SocioEcon,AntiTheft,"Age,HomeBase,MakeModel",0.0709623980554983
SocioEcon,AntiTheft,"Age,HomeBase,MakeModel",0.0709623980554983
SocioEcon,OtherCar,"CarValue,HomeBase,MakeModel",0.9998577722846215
SocioEcon,OtherCar,"CarValue,HomeBase,MakeModel",0.9998577722846215
SocioEcon,OtherCar,"CarValue,HomeBase,MakeModel",0.9998577722846215
SocioEcon,OtherCar,"CarValue,HomeBase,MakeModel",0.9998577722846215
SocioEcon,OtherCar,"CarValue,HomeBase,MakeModel",0.9998577722846215
SocioEcon,OtherCar,"CarValue,HomeBase,MakeModel",0.9998577722846215
SocioEcon,OtherCar,"CarValue,HomeBase,MakeModel",0.9998577722846215
SocioEcon,OtherCar,"CarValue,HomeBase,MakeModel",0.9998577722846215
SocioEcon,OtherCar,"CarValue,HomeBase,MakeModel",0.9998577722846215
SocioEcon,OtherCar,"CarValue,HomeBase,MakeModel",0.9998577722846215
SocioEcon,OtherCar,"CarValue,HomeBase,MakeModel",0.9998577722846215
SocioEcon,OtherCar,"CarValue,HomeBase,MakeModel",0.9998577722846215
SocioEcon,OtherCar,"CarValue,HomeBase,MakeModel",0.9998577722846215
SocioEcon,OtherCar,"CarValue,HomeBase,MakeModel",0.9998577722846215
SocioEcon,OtherCar,"CarValue,HomeBase,MakeModel",0.9998577722846215
SocioEcon,OtherCar,"CarValue,HomeBase,MakeModel",0.9998577722846215
SocioEcon,OtherCar,"CarValue,HomeBase,MakeModel",0.9998577722846215
SocioEcon,OtherCar,"CarValue,HomeBase,MakeModel",0.9998577722846215
SocioEcon,OtherCar,"CarValue,HomeBase,MakeModel",0.9998577722846215
SocioEcon,OtherCar,"CarValue,HomeBase,MakeModel",0.9998577722846215
SocioEcon,OtherCar,"CarValue,HomeBase,MakeModel",0.9998577722846215
SocioEcon,OtherCar,"CarValue,HomeBase,MakeModel",0.9998577722846215
SocioEcon,OtherCar,"CarValue,HomeBase,MakeModel",0.9998577722846215
SocioEcon,OtherCar,"CarValue,HomeBase,MakeModel",0.9998577722846215
SocioEcon,OtherCar,"CarValue,HomeBase,MakeModel",0.9998577722846215
SocioEcon,OtherCar,"CarValue,HomeBase,MakeModel",0.9998577722846215
SocioEcon,OtherCar,"CarValue,HomeBase,MakeModel",0.9998577722846215
SocioEcon,OtherCar,"CarValue,HomeBase,MakeModel",0.9998577722846215
SocioEcon,OtherCar,"CarValue,HomeBase,MakeModel",0.9998577722846215
SocioEcon,OtherCar,"CarValue,HomeBase,MakeModel",0.9998577722846215
SocioEcon,OtherCar,"CarValue,HomeBase,MakeModel",0.9998577722846215
SocioEcon,OtherCar,"CarValue,HomeBase,MakeModel",0.9998577722846215
SocioEcon,OtherCar,"CarValue,HomeBase,MakeModel",0.9998577722846215
SocioEcon,OtherCar,"CarValue,HomeBase,MakeModel",0.9998577722846215
SocioEcon,OtherCar,"CarValue,HomeBase,MakeModel",0.9998577722846215
SocioEcon,OtherCar,"CarValue,HomeBase,MakeModel",0.9998577722846215
SocioEcon,OtherCar,"CarValue,HomeBase,MakeModel",0.9998577722846215
SocioEcon,OtherCar,"CarValue,HomeBase,MakeModel",0.9998577722846215
SocioEcon,OtherCar,"CarValue,HomeBase,MakeModel",0.9998577722846215
SocioEcon,OtherCar,"CarValue,HomeBase,MakeModel",0.9998577722846215
SocioEcon,OtherCar,"CarValue,HomeBase,MakeModel",0.9998577722846215
SocioEcon,OtherCar,"CarValue,HomeBase,MakeModel",0.9998577722846215
SocioEcon,OtherCar,"CarValue,HomeBase,MakeModel",0.9998577722846215
SocioEcon,OtherCar,"CarValue,HomeBase,MakeModel",0.9998577722846215
SocioEcon,OtherCar,"CarValue,HomeBase,MakeModel",0.9998577722846215
SocioEcon,OtherCar,"CarValue,HomeBase,MakeModel",0.9998577722846215
SocioEcon,OtherCar,"CarValue,HomeBase,MakeModel",0.9998577722846215
SocioEcon,OtherCar,"CarValue,HomeBase,MakeModel",0.9998577722846215
SocioEcon,OtherCar,"CarValue,HomeBase,MakeModel",0.9998577722846215
SocioEcon,OtherCar,"CarValue,HomeBase,MakeModel",0.9998577722846215
SocioEcon,OtherCar,"CarValue,HomeBase,MakeModel",0.9998577722846215
SocioEcon,OtherCar,"CarValue,HomeBase,MakeModel",0.9998577722846215
SocioEcon,OtherCar,"CarValue,HomeBase,MakeModel",0.9998577722846215
SocioEcon,OtherCar,"CarValue,HomeBase,MakeModel",0.9998577722846215
SocioEcon,OtherCar,"CarValue,HomeBase,MakeModel",0.9998577722846215
SocioEcon,Airbag,"CarValue,MakeModel,VehicleYear",0.9999636035184999
SocioEcon,Airbag,"CarValue,MakeModel,VehicleYear",0.9999636035184999
SocioEcon,Airbag,"CarValue,MakeModel,VehicleYear",0.9999636035184999
SocioEcon,Airbag,"CarValue,MakeModel,VehicleYear",0.9999636035184999
SocioEcon,Airbag,"CarValue,MakeModel,VehicleYear",0.9999636035184999
SocioEcon,Airbag,"CarValue,MakeModel,VehicleYear",0.9999636035184999
SocioEcon,Airbag,"CarValue,MakeModel,VehicleYear",0.9999636035184999
SocioEcon,Airbag,"CarValue,MakeModel,VehicleYear",0.9999636035184999
SocioEcon,Airbag,"CarValue,MakeModel,VehicleYear",0.9999636035184999
SocioEcon,Airbag,"CarValue,MakeModel,VehicleYear",0.9999636035184999
RiskAversion,DrivQuality,"Age,HomeBase,SeniorTrain",0.06638131467718246
RiskAversion,DrivQuality,"Age,HomeBase,SeniorTrain",0.06638131467718246
RiskAversion,DrivQuality,"Age,HomeBase,SeniorTrain",0.06638131467718246
RiskAversion,DrivQuality,"Age,HomeBase,SeniorTrain",0.06638131467718246
RiskAversion,DrivQuality,"Age,HomeBase,SeniorTrain",0.06638131467718246
RiskAversion,DrivQuality,"Age,HomeBase,SeniorTrain",0.06638131467718246
RiskAversion,DrivQuality,"Age,HomeBase,SeniorTrain",0.06638131467718246
RiskAversion,DrivQuality,"Age,HomeBase,SeniorTrain",0.06638131467718246
RiskAversion,DrivQuality,"Age,HomeBase,SeniorTrain",0.06638131467718246
RiskAversion,DrivQuality,"Age,HomeBase,SeniorTrain",0.06638131467718246
RiskAversion,DrivQuality,"Age,HomeBase,SeniorTrain",0.06638131467718246
RiskAversion,DrivQuality,"Age,HomeBase,SeniorTrain",0.06638131467718246
RiskAversion,DrivQuality,"Age,HomeBase,SeniorTrain",0.06638131467718246
RiskAversion,DrivQuality,"Age,HomeBase,SeniorTrain",0.06638131467718246
RiskAversion,DrivQuality,"Age,HomeBase,SeniorTrain",0.06638131467718246
RiskAversion,DrivQuality,"Age,HomeBase,SeniorTrain",0.06638131467718246
RiskAversion,DrivQuality,"Age,HomeBase,SeniorTrain",0.06638131467718246
RiskAversion,DrivingSkill,"DrivHist,DrivQuality,HomeBase",1.2503058461799952e-143
RiskAversion,DrivingSkill,"DrivHist,DrivQuality,HomeBase",1.2503058461799952e-143
RiskAversion,DrivingSkill,"DrivHist,DrivQuality,HomeBase",1.2503058461799952e-143
RiskAversion,DrivingSkill,"DrivHist,DrivQuality,HomeBase",1.2503058461799952e-143
RiskAversion,DrivingSkill,"DrivHist,DrivQuality,HomeBase",1.2503058461799952e-143
RiskAversion,DrivingSkill,"DrivHist,DrivQuality,HomeBase",1.2503058461799952e-143
RiskAversion,DrivingSkill,"DrivHist,DrivQuality,HomeBase",1.2503058461799952e-143
RiskAversion,DrivingSkill,"DrivHist,DrivQuality,HomeBase",1.2503058461799952e-143
RiskAversion,DrivingSkill,"DrivHist,DrivQuality,HomeBase",1.2503058461799952e-143
RiskAversion,DrivingSkill,"DrivHist,DrivQuality,HomeBase",1.2503058461799952e-143
RiskAversion,DrivingSkill,"DrivHist,DrivQuality,HomeBase",1.2503058461799952e-143
RiskAversion,DrivingSkill,"DrivHist,DrivQuality,HomeBase",1.2503058461799952e-143
RiskAversion,DrivingSkill,"DrivHist,DrivQuality,HomeBase",1.2503058461799952e-143
RiskAversion,DrivingSkill,"DrivHist,DrivQuality,HomeBase",1.2503058461799952e-143
RiskAversion,DrivingSkill,"DrivHist,DrivQuality,HomeBase",1.2503058461799952e-143
RiskAversion,DrivingSkill,"DrivHist,DrivQuality,HomeBase",1.2503058461799952e-143
RiskAversion,DrivingSkill,"DrivHist,DrivQuality,HomeBase",1.2503058461799952e-143
RiskAversion,DrivingSkill,"DrivHist,DrivQuality,HomeBase",1.2503058461799952e-143
RiskAversion,DrivingSkill,"DrivHist,DrivQuality,HomeBase",1.2503058461799952e-143
RiskAversion,DrivingSkill,"DrivHist,DrivQuality,HomeBase",1.2503058461799952e-143
RiskAversion,SeniorTrain,"DrivHist,DrivQuality,HomeBase",6.072439694804582e-10
RiskAversion,SeniorTrain,"DrivHist,DrivQuality,HomeBase",6.072439694804582e-10
RiskAversion,SeniorTrain,"DrivHist,DrivQuality,HomeBase",6.072439694804582e-10
RiskAversion,SeniorTrain,"DrivHist,DrivQuality,HomeBase",6.072439694804582e-10
RiskAversion,SeniorTrain,"DrivHist,DrivQuality,HomeBase",6.072439694804582e-10
RiskAversion,SeniorTrain,"DrivHist,DrivQuality,HomeBase",6.072439694804582e-10
RiskAversion,SeniorTrain,"DrivHist,DrivQuality,HomeBase",6.072439694804582e-10
RiskAversion,SeniorTrain,"DrivHist,DrivQuality,HomeBase",6.072439694804582e-10
RiskAversion,SeniorTrain,"DrivHist,DrivQuality,HomeBase",6.072439694804582e-10
RiskAversion,SeniorTrain,"DrivHist,DrivQuality,HomeBase",6.072439694804582e-10
RiskAversion,SeniorTrain,"DrivHist,DrivQuality,HomeBase",6.072439694804582e-10
RiskAversion,SeniorTrain,"DrivHist,DrivQuality,HomeBase",6.072439694804582e-10
RiskAversion,SeniorTrain,"DrivHist,DrivQuality,HomeBase",6.072439694804582e-10
RiskAversion,SeniorTrain,"DrivHist,DrivQuality,HomeBase",6.072439694804582e-10
RiskAversion,SeniorTrain,"DrivHist,DrivQuality,HomeBase",6.072439694804582e-10
RiskAversion,SeniorTrain,"DrivHist,DrivQuality,HomeBase",6.072439694804582e-10
RiskAversion,SeniorTrain,"DrivHist,DrivQuality,HomeBase",6.072439694804582e-10
RiskAversion,SeniorTrain,"DrivHist,DrivQuality,HomeBase",6.072439694804582e-10
RiskAversion,SeniorTrain,"DrivHist,DrivQuality,HomeBase",6.072439694804582e-10
RiskAversion,SeniorTrain,"DrivHist,DrivQuality,HomeBase",6.072439694804582e-10
RiskAversion,HomeBase,"DrivHist,DrivQuality,SeniorTrain",2.0552096098770453e-111
RiskAversion,HomeBase,"DrivHist,DrivQuality,SeniorTrain",2.0552096098770453e-111
RiskAversion,HomeBase,"DrivHist,DrivQuality,SeniorTrain",2.0552096098770453e-111
RiskAversion,HomeBase,"DrivHist,DrivQuality,SeniorTrain",2.0552096098770453e-111
RiskAversion,HomeBase,"DrivHist,DrivQuality,SeniorTrain",2.0552096098770453e-111
RiskAversion,HomeBase,"DrivHist,DrivQuality,SeniorTrain",2.0552096098770453e-111
RiskAversion,HomeBase,"DrivHist,DrivQuality,SeniorTrain",2.0552096098770453e-111
RiskAversion,HomeBase,"DrivHist,DrivQuality,SeniorTrain",2.0552096098770453e-111
RiskAversion,HomeBase,"DrivHist,DrivQuality,SeniorTrain",2.0552096098770453e-111
RiskAversion,HomeBase,"DrivHist,DrivQuality,SeniorTrain",2.0552096098770453e-111
RiskAversion,HomeBase,"DrivHist,DrivQuality,SeniorTrain",2.0552096098770453e-111
RiskAversion,HomeBase,"DrivHist,DrivQuality,SeniorTrain",2.0552096098770453e-111
RiskAversion,HomeBase,"DrivHist,DrivQuality,SeniorTrain",2.0552096098770453e-111
RiskAversion,HomeBase,"DrivHist,DrivQuality,SeniorTrain",2.0552096098770453e-111
RiskAversion,HomeBase,"DrivHist,DrivQuality,SeniorTrain",2.0552096098770453e-111
RiskAversion,HomeBase,"DrivHist,DrivQuality,SeniorTrain",2.0552096098770453e-111
RiskAversion,HomeBase,"DrivHist,DrivQuality,SeniorTrain",2.0552096098770453e-111
RiskAversion,HomeBase,"DrivHist,DrivQuality,SeniorTrain",2.0552096098770453e-111
RiskAversion,HomeBase,"DrivHist,DrivQuality,SeniorTrain",2.0552096098770453e-111
RiskAversion,HomeBase,"DrivHist,DrivQuality,SeniorTrain",2.0552096098770453e-111
RiskAversion,AntiTheft,"DrivHist,DrivQuality,HomeBase",1.512481056845059e-253
RiskAversion,AntiTheft,"DrivHist,DrivQuality,HomeBase",1.512481056845059e-253
RiskAversion,AntiTheft,"DrivHist,DrivQuality,HomeBase",1.512481056845059e-253
RiskAversion,AntiTheft,"DrivHist,DrivQuality,HomeBase",1.512481056845059e-253
RiskAversion,AntiTheft,"DrivHist,DrivQuality,HomeBase",1.512481056845059e-253
RiskAversion,AntiTheft,"DrivHist,DrivQuality,HomeBase",1.512481056845059e-253
RiskAversion,AntiTheft,"DrivHist,DrivQuality,HomeBase",1.512481056845059e-253
RiskAversion,AntiTheft,"DrivHist,DrivQuality,HomeBase",1.512481056845059e-253
RiskAversion,AntiTheft,"DrivHist,DrivQuality,HomeBase",1.512481056845059e-253
RiskAversion,AntiTheft,"DrivHist,DrivQuality,HomeBase",1.512481056845059e-253
RiskAversion,AntiTheft,"DrivHist,DrivQuality,HomeBase",1.512481056845059e-253
RiskAversion,AntiTheft,"DrivHist,DrivQuality,HomeBase",1.512481056845059e-253
RiskAversion,AntiTheft,"DrivHist,DrivQuality,HomeBase",1.512481056845059e-253
RiskAversion,AntiTheft,"DrivHist,DrivQuality,HomeBase",1.512481056845059e-253
RiskAversion,AntiTheft,"DrivHist,DrivQuality,HomeBase",1.512481056845059e-253
RiskAversion,AntiTheft,"DrivHist,DrivQuality,HomeBase",1.512481056845059e-253
RiskAversion,AntiTheft,"DrivHist,DrivQuality,HomeBase",1.512481056845059e-253
RiskAversion,AntiTheft,"DrivHist,DrivQuality,HomeBase",1.512481056845059e-253
RiskAversion,AntiTheft,"DrivHist,DrivQuality,HomeBase",1.512481056845059e-253
RiskAversion,AntiTheft,"DrivHist,DrivQuality,HomeBase",1.512481056845059e-253
RiskAversion,DrivHist,"DrivQuality,HomeBase,SeniorTrain",7.994874962009092e-46
RiskAversion,DrivHist,"DrivQuality,HomeBase,SeniorTrain",7.994874962009092e-46
RiskAversion,DrivHist,"DrivQuality,HomeBase,SeniorTrain",7.994874962009092e-46
RiskAversion,DrivHist,"DrivQuality,HomeBase,SeniorTrain",7.994874962009092e-46
RiskAversion,DrivHist,"DrivQuality,HomeBase,SeniorTrain",7.994874962009092e-46
RiskAversion,DrivHist,"DrivQuality,HomeBase,SeniorTrain",7.994874962009092e-46
RiskAversion,DrivHist,"DrivQuality,HomeBase,SeniorTrain",7.994874962009092e-46
RiskAversion,DrivHist,"DrivQuality,HomeBase,SeniorTrain",7.994874962009092e-46
RiskAversion,DrivHist,"DrivQuality,HomeBase,SeniorTrain",7.994874962009092e-46
RiskAversion,DrivHist,"DrivQuality,HomeBase,SeniorTrain",7.994874962009092e-46
RiskAversion,DrivHist,"DrivQuality,HomeBase,SeniorTrain",7.994874962009092e-46
RiskAversion,DrivHist,"DrivQuality,HomeBase,SeniorTrain",7.994874962009092e-46
RiskAversion,DrivHist,"DrivQuality,HomeBase,SeniorTrain",7.994874962009092e-46
RiskAversion,DrivHist,"DrivQuality,HomeBase,SeniorTrain",7.994874962009092e-46
RiskAversion,DrivHist,"DrivQuality,HomeBase,SeniorTrain",7.994874962009092e-46
RiskAversion,DrivHist,"DrivQuality,HomeBase,SeniorTrain",7.994874962009092e-46
RiskAversion,DrivHist,"DrivQuality,HomeBase,SeniorTrain",7.994874962009092e-46
RiskAversion,DrivHist,"DrivQuality,HomeBase,SeniorTrain",7.994874962009092e-46
RiskAversion,DrivHist,"DrivQuality,HomeBase,SeniorTrain",7.994874962009092e-46
RiskAversion,DrivHist,"DrivQuality,HomeBase,SeniorTrain",7.994874962009092e-46
VehicleYear,RuggedAuto,"Airbag,CarValue,SocioEcon",0.11668091249161888
VehicleYear,RuggedAuto,"Airbag,CarValue,SocioEcon",0.11668091249161888
VehicleYear,RuggedAuto,"Airbag,CarValue,SocioEcon",0.11668091249161888
VehicleYear,RuggedAuto,"Airbag,CarValue,SocioEcon",0.11668091249161888
VehicleYear,RuggedAuto,"Airbag,CarValue,SocioEcon",0.11668091249161888
VehicleYear,RuggedAuto,"Airbag,CarValue,SocioEcon",0.11668091249161888
VehicleYear,RuggedAuto,"Airbag,CarValue,SocioEcon",0.11668091249161888
VehicleYear,Antilock,"CarValue,RuggedAuto,SocioEcon",2.377104625450573e-37
VehicleYear,Antilock,"CarValue,RuggedAuto,SocioEcon",2.377104625450573e-37
VehicleYear,Antilock,"CarValue,RuggedAuto,SocioEcon",2.377104625450573e-37
VehicleYear,Antilock,"CarValue,RuggedAuto,SocioEcon",2.377104625450573e-37
VehicleYear,Antilock,"CarValue,RuggedAuto,SocioEcon",2.377104625450573e-37
VehicleYear,Antilock,"CarValue,RuggedAuto,SocioEcon",2.377104625450573e-37
VehicleYear,Antilock,"CarValue,RuggedAuto,SocioEcon",2.377104625450573e-37
VehicleYear,Antilock,"CarValue,RuggedAuto,SocioEcon",2.377104625450573e-37
VehicleYear,Antilock,"CarValue,RuggedAuto,SocioEcon",2.377104625450573e-37
VehicleYear,Antilock,"CarValue,RuggedAuto,SocioEcon",2.377104625450573e-37
VehicleYear,CarValue,"Antilock,RuggedAuto,SocioEcon",1.3921845607688632e-175
VehicleYear,CarValue,"Antilock,RuggedAuto,SocioEcon",1.3921845607688632e-175
VehicleYear,CarValue,"Antilock,RuggedAuto,SocioEcon",1.3921845607688632e-175
VehicleYear,CarValue,"Antilock,RuggedAuto,SocioEcon",1.3921845607688632e-175
VehicleYear,CarValue,"Antilock,RuggedAuto,SocioEcon",1.3921845607688632e-175
VehicleYear,CarValue,"Antilock,RuggedAuto,SocioEcon",1.3921845607688632e-175
VehicleYear,CarValue,"Antilock,RuggedAuto,SocioEcon",1.3921845607688632e-175
VehicleYear,CarValue,"Antilock,RuggedAuto,SocioEcon",1.3921845607688632e-175
VehicleYear,CarValue,"Antilock,RuggedAuto,SocioEcon",1.3921845607688632e-175
VehicleYear,CarValue,"Antilock,RuggedAuto,SocioEcon",1.3921845607688632e-175
VehicleYear,Cushioning,"Airbag,CarValue,SocioEcon",0.9998857612071904
VehicleYear,Airbag,"Antilock,RuggedAuto,SocioEcon",0.0
VehicleYear,Airbag,"Antilock,RuggedAuto,SocioEcon",0.0
VehicleYear,Airbag,"Antilock,RuggedAuto,SocioEcon",0.0
VehicleYear,Airbag,"Antilock,RuggedAuto,SocioEcon",0.0
VehicleYear,Airbag,"Antilock,RuggedAuto,SocioEcon",0.0
VehicleYear,Airbag,"Antilock,RuggedAuto,SocioEcon",0.0
VehicleYear,Airbag,"Antilock,RuggedAuto,SocioEcon",0.0
VehicleYear,Airbag,"Antilock,RuggedAuto,SocioEcon",0.0
VehicleYear,Airbag,"Antilock,RuggedAuto,SocioEcon",0.0
VehicleYear,Airbag,"Antilock,RuggedAuto,SocioEcon",0.0
ThisCarDam,Accident,"ILiCost,MedCost,PropCost",0.0
ThisCarDam,Accident,"ILiCost,MedCost,PropCost",0.0
ThisCarDam,Accident,"ILiCost,MedCost,PropCost",0.0
ThisCarDam,Accident,"ILiCost,MedCost,PropCost",0.0
ThisCarDam,ThisCarCost,"ILiCost,MedCost,PropCost",3.274889693966638e-138
ThisCarDam,ThisCarCost,"ILiCost,MedCost,PropCost",3.274889693966638e-138
ThisCarDam,ThisCarCost,"ILiCost,MedCost,PropCost",3.274889693966638e-138
ThisCarDam,ThisCarCost,"ILiCost,MedCost,PropCost",3.274889693966638e-138
ThisCarDam,PropCost,"Accident,ILiCost,ThisCarCost",0.9999729967403984
ThisCarDam,MedCost,"Accident,ILiCost,ThisCarCost",0.9999744036486357
ThisCarDam,ILiCost,"Accident,MedCost,ThisCarCost",0.9982448550513797
RuggedAuto,MakeModel,"CarValue,Cushioning,VehicleYear",1.1516663575938771e-139
RuggedAuto,CarValue,"Cushioning,MakeModel,VehicleYear",0.0026965271936376344
RuggedAuto,Cushioning,"CarValue,MakeModel,VehicleYear",3.340641814802574e-237
Accident,PropCost,"ILiCost,OtherCarCost,ThisCarDam",0.39959182949151095
Accident,OtherCarCost,"ILiCost,PropCost,ThisCarDam",2.0277405072515997e-43
Accident,ILiCost,"OtherCarCost,PropCost,ThisCarDam",0.5591979226225616
MakeModel,Antilock,"CarValue,RuggedAuto,SocioEcon",2.392986409246649e-09
MakeModel,Antilock,"CarValue,RuggedAuto,SocioEcon",2.392986409246649e-09
MakeModel,Antilock,"CarValue,RuggedAuto,SocioEcon",2.392986409246649e-09
MakeModel,Antilock,"CarValue,RuggedAuto,SocioEcon",2.392986409246649e-09
MakeModel,Antilock,"CarValue,RuggedAuto,SocioEcon",2.392986409246649e-09
MakeModel,Antilock,"CarValue,RuggedAuto,SocioEcon",2.392986409246649e-09
MakeModel,Antilock,"CarValue,RuggedAuto,SocioEcon",2.392986409246649e-09
MakeModel,Antilock,"CarValue,RuggedAuto,SocioEcon",2.392986409246649e-09
MakeModel,Antilock,"CarValue,RuggedAuto,SocioEcon",2.392986409246649e-09
MakeModel,Antilock,"CarValue,RuggedAuto,SocioEcon",2.392986409246649e-09
MakeModel,CarValue,"Antilock,RuggedAuto,SocioEcon",1.560511593005251e-96
MakeModel,CarValue,"Antilock,RuggedAuto,SocioEcon",1.560511593005251e-96
MakeModel,CarValue,"Antilock,RuggedAuto,SocioEcon",1.560511593005251e-96
MakeModel,CarValue,"Antilock,RuggedAuto,SocioEcon",1.560511593005251e-96
MakeModel,CarValue,"Antilock,RuggedAuto,SocioEcon",1.560511593005251e-96
MakeModel,CarValue,"Antilock,RuggedAuto,SocioEcon",1.560511593005251e-96
MakeModel,CarValue,"Antilock,RuggedAuto,SocioEcon",1.560511593005251e-96
MakeModel,CarValue,"Antilock,RuggedAuto,SocioEcon",1.560511593005251e-96
MakeModel,CarValue,"Antilock,RuggedAuto,SocioEcon",1.560511593005251e-96
MakeModel,CarValue,"Antilock,RuggedAuto,SocioEcon",1.560511593005251e-96
MakeModel,Cushioning,"CarValue,RuggedAuto,SocioEcon",0.9999999937915595
MakeModel,Cushioning,"CarValue,RuggedAuto,SocioEcon",0.9999999937915595
MakeModel,Cushioning,"CarValue,RuggedAuto,SocioEcon",0.9999999937915595
MakeModel,Cushioning,"CarValue,RuggedAuto,SocioEcon",0.9999999937915595
MakeModel,Cushioning,"CarValue,RuggedAuto,SocioEcon",0.9999999937915595
MakeModel,Cushioning,"CarValue,RuggedAuto,SocioEcon",0.9999999937915595
MakeModel,Cushioning,"CarValue,RuggedAuto,SocioEcon",0.9999999937915595
MakeModel,Cushioning,"CarValue,RuggedAuto,SocioEcon",0.9999999937915595
MakeModel,Airbag,"Antilock,RuggedAuto,SocioEcon",4.244236491711031e-16
MakeModel,Airbag,"Antilock,RuggedAuto,SocioEcon",4.244236491711031e-16
MakeModel,Airbag,"Antilock,RuggedAuto,SocioEcon",4.244236491711031e-16
MakeModel,Airbag,"Antilock,RuggedAuto,SocioEcon",4.244236491711031e-16
MakeModel,Airbag,"Antilock,RuggedAuto,SocioEcon",4.244236491711031e-16
MakeModel,Airbag,"Antilock,RuggedAuto,SocioEcon",4.244236491711031e-16
MakeModel,Airbag,"Antilock,RuggedAuto,SocioEcon",4.244236491711031e-16
MakeModel,Airbag,"Antilock,RuggedAuto,SocioEcon",4.244236491711031e-16
MakeModel,Airbag,"Antilock,RuggedAuto,SocioEcon",4.244236491711031e-16
MakeModel,Airbag,"Antilock,RuggedAuto,SocioEcon",4.244236491711031e-16
DrivQuality,DrivingSkill,"DrivHist,RiskAversion,SeniorTrain",9.782008049989408e-131
DrivQuality,SeniorTrain,"DrivHist,DrivingSkill,RiskAversion",0.0007318775441539473
DrivQuality,DrivHist,"DrivingSkill,RiskAversion,SeniorTrain",0.5681452166747101
Antilock,CarValue,"MakeModel,SocioEcon,VehicleYear",0.2248923113299151
ThisCarCost,CarValue,"MedCost,PropCost,ThisCarDam",9.632024750026244e-217
ThisCarCost,PropCost,"CarValue,MedCost,ThisCarDam",9.781761777375655e-10
ThisCarCost,MedCost,"CarValue,PropCost,ThisCarDam",0.980725712343758
CarValue,Airbag,"MakeModel,Theft,VehicleYear",0.07243256328964247
CarValue,Airbag,"MakeModel,Theft,VehicleYear",0.07243256328964247
PropCost,OtherCarCost,"Accident,ThisCarCost,ThisCarDam",1.568780848225099e-305
Cushioning,Airbag,"MedCost,RuggedAuto,VehicleYear",1.377490591930773e-84
Cushioning,Airbag,"MedCost,RuggedAuto,VehicleYear",1.377490591930773e-84
Cushioning,Airbag,"MedCost,RuggedAuto,VehicleYear",1.377490591930773e-84
Cushioning,Airbag,"MedCost,RuggedAuto,VehicleYear",1.377490591930773e-84
