node_i,node_j,condition,p_value
GoodStudent,Age,,1.708390857891929e-93
GoodStudent,SocioEcon,,3.780377944383449e-19
GoodStudent,RiskAversion,,0.009921114362916594
GoodStudent,VehicleYear,,7.793004367460255e-12
GoodStudent,ThisCarDam,,0.6057956404299558
GoodStudent,RuggedAuto,,0.05076553720435188
GoodStudent,Accident,,0.889712245010292
GoodStudent,MakeModel,,1.0282651028062203e-08
GoodStudent,DrivQuality,,0.5104210437206802
GoodStudent,Mileage,,0.437330745350783
GoodStudent,Antilock,,1.3299378601812037e-10
GoodStudent,DrivingSkill,,0.8027222740987108
GoodStudent,SeniorTrain,,0.009827862085050525
GoodStudent,ThisCarCost,,0.0003536431639977304
GoodStudent,Theft,,0.46852960000113886
GoodStudent,CarValue,,3.56617664151474e-09
GoodStudent,HomeBase,,4.6935154030280505e-06
GoodStudent,AntiTheft,,0.08585436136902415
GoodStudent,PropCost,,0.08009193732269197
GoodStudent,OtherCarCost,,0.6825002336245232
GoodStudent,OtherCar,,0.002215848475339501
GoodStudent,MedCost,,0.05090906061047067
GoodStudent,Cushioning,,0.0040760276350355045
GoodStudent,Airbag,,9.727245729847292e-08
GoodStudent,ILiCost,,0.15584048221715982
GoodStudent,DrivHist,,0.4017564963904968
Age,SocioEcon,,2.736447948646335e-09
Age,RiskAversion,,3.3912777335467036e-25
Age,VehicleYear,,0.4345117449924272
Age,ThisCarDam,,0.9082788468170677
Age,RuggedAuto,,0.9327607238103385
Age,Accident,,0.8636230864377441
Age,MakeModel,,0.07848485866243457
Age,DrivQuality,,0.00021918525357999792
Age,Mileage,,0.6649186077609419
Age,Antilock,,0.09798046999137758
Age,DrivingSkill,,0.008612607982232302
Age,SeniorTrain,,1.5353527489888294e-80
Age,ThisCarCost,,0.5618493937986919
Age,Theft,,0.16979072198207026
Age,CarValue,,0.7838813569193933
Age,HomeBase,,0.010113745154409184
Age,AntiTheft,,3.177177781326198e-09
Age,PropCost,,0.16058195369905898
Age,OtherCarCost,,0.7187444438706435
Age,OtherCar,,0.5207937933137458
Age,MedCost,,5.795700147465897e-05
Age,Cushioning,,0.630744609447845
Age,Airbag,,0.6720085419664454
Age,ILiCost,,0.056242472446444064
Age,DrivHist,,1.1689952075121968e-06
SocioEcon,RiskAversion,,4.654825796311244e-12
SocioEcon,VehicleYear,,5.844560659304254e-152
SocioEcon,ThisCarDam,,4.115035686861899e-05
SocioEcon,RuggedAuto,,3.0711834069738454e-67
SocioEcon,Accident,,0.011816145565472754
SocioEcon,MakeModel,,0.0
SocioEcon,DrivQuality,,0.041339299492199194
SocioEcon,Mileage,,0.552283538593864
SocioEcon,Antilock,,4.554755902140212e-162
SocioEcon,DrivingSkill,,0.12921802076918865
SocioEcon,SeniorTrain,,0.28902994457968073
SocioEcon,ThisCarCost,,2.4203010400700685e-106
SocioEcon,Theft,,0.3753708462679893
SocioEcon,CarValue,,4.5277675947840995e-251
SocioEcon,HomeBase,,0.0
SocioEcon,AntiTheft,,2.1669557181787106e-59
SocioEcon,PropCost,,4.3330016911437217e-16
SocioEcon,OtherCarCost,,0.041088973100715
SocioEcon,OtherCar,,3.8386025424411125e-79
SocioEcon,MedCost,,2.7550867345646427e-16
SocioEcon,Cushioning,,6.19158447213893e-77
SocioEcon,Airbag,,5.020164094855427e-150
SocioEcon,ILiCost,,0.7136240546432682
SocioEcon,DrivHist,,0.923583541723592
RiskAversion,VehicleYear,,0.2044214254699672
RiskAversion,ThisCarDam,,0.7167082073545004
RiskAversion,RuggedAuto,,0.003464438640694928
RiskAversion,Accident,,0.28436153391225977
RiskAversion,MakeModel,,0.002576220292943657
RiskAversion,DrivQuality,,7.662931297829562e-10
RiskAversion,Mileage,,0.15956120247874622
RiskAversion,Antilock,,0.047233151017506476
RiskAversion,DrivingSkill,,1.2794545570547614e-55
RiskAversion,SeniorTrain,,3.7692213396695825e-35
RiskAversion,ThisCarCost,,0.1465704714486542
RiskAversion,Theft,,0.3894048306689266
RiskAversion,CarValue,,0.31176517840338697
RiskAversion,HomeBase,,1.486216255256024e-138
RiskAversion,AntiTheft,,2.0364744247830273e-304
RiskAversion,PropCost,,0.5281540201447776
RiskAversion,OtherCarCost,,0.7526093751318034
RiskAversion,OtherCar,,0.034148799094984854
RiskAversion,MedCost,,0.14068224212359326
RiskAversion,Cushioning,,0.0032117845897405204
RiskAversion,Airbag,,0.3464613536103544
RiskAversion,ILiCost,,0.4029135693260469
RiskAversion,DrivHist,,1.987833309180239e-52
VehicleYear,ThisCarDam,,0.00700718694017463
VehicleYear,RuggedAuto,,4.6190902849051985e-21
VehicleYear,Accident,,0.002880010813827338
VehicleYear,MakeModel,,2.916366155478429e-66
VehicleYear,DrivQuality,,0.1298065298539449
VehicleYear,Mileage,,0.3602013618829859
VehicleYear,Antilock,,2.096496072907598e-198
VehicleYear,DrivingSkill,,0.9202672932818788
VehicleYear,SeniorTrain,,0.9370371497686294
VehicleYear,ThisCarCost,,7.354728804752946e-136
VehicleYear,Theft,,0.6287115345777415
VehicleYear,CarValue,,0.0
VehicleYear,HomeBase,,1.8258748624750524e-41
VehicleYear,AntiTheft,,5.6568723450079505e-15
VehicleYear,PropCost,,5.181942715946507e-26
VehicleYear,OtherCarCost,,0.0027861518135380726
VehicleYear,OtherCar,,3.872387062755612e-26
VehicleYear,MedCost,,7.464555775957977e-19
VehicleYear,Cushioning,,6.945734541954317e-73
VehicleYear,Airbag,,0.0
VehicleYear,ILiCost,,0.27745870203969647
VehicleYear,DrivHist,,0.19089900462735615
ThisCarDam,RuggedAuto,,3.8377376581587926e-12
ThisCarDam,Accident,,0.0
ThisCarDam,MakeModel,,4.467218476572814e-12
ThisCarDam,DrivQuality,,9.493239056491445e-08
ThisCarDam,Mileage,,3.581239611151149e-07
ThisCarDam,Antilock,,2.078490791222176e-14
ThisCarDam,DrivingSkill,,0.021721460195862338
ThisCarDam,SeniorTrain,,0.7545469339534976
ThisCarDam,ThisCarCost,,0.0
ThisCarDam,Theft,,0.9009532377335562
ThisCarDam,CarValue,,1.9443108344365194e-08
ThisCarDam,HomeBase,,0.30573315384463207
ThisCarDam,AntiTheft,,0.9186281614636626
ThisCarDam,PropCost,,8.322001338449082e-301
ThisCarDam,OtherCarCost,,6.76594495658273e-196
ThisCarDam,OtherCar,,0.5261147246908582
ThisCarDam,MedCost,,5.236460877035188e-98
ThisCarDam,Cushioning,,4.691144662331119e-06
ThisCarDam,Airbag,,0.007545465418885329
ThisCarDam,ILiCost,,5.198408966131322e-24
ThisCarDam,DrivHist,,0.49509730131758667
RuggedAuto,Accident,,7.979074105668002e-11
RuggedAuto,MakeModel,,0.0
RuggedAuto,DrivQuality,,0.4852864192972631
RuggedAuto,Mileage,,0.018579134589954433
RuggedAuto,Antilock,,0.0007042159646181317
RuggedAuto,DrivingSkill,,0.5035702571446494
RuggedAuto,SeniorTrain,,0.7871264392370596
RuggedAuto,ThisCarCost,,3.178960490390264e-23
RuggedAuto,Theft,,0.7709988711052994
RuggedAuto,CarValue,,4.89236773418517e-36
RuggedAuto,HomeBase,,6.067742537233307e-47
RuggedAuto,AntiTheft,,9.970481281663979e-09
RuggedAuto,PropCost,,2.67011876058508e-07
RuggedAuto,OtherCarCost,,1.8251801654022955e-18
RuggedAuto,OtherCar,,1.5072511690191122e-10
RuggedAuto,MedCost,,1.526718692599548e-59
RuggedAuto,Cushioning,,0.0
RuggedAuto,Airbag,,3.1736937713649337e-37
RuggedAuto,ILiCost,,0.07545977615037626
RuggedAuto,DrivHist,,0.20342137558665524
Accident,MakeModel,,6.898851026754493e-12
Accident,DrivQuality,,1.5962102737694284e-10
Accident,Mileage,,5.097727115320834e-11
Accident,Antilock,,4.3525951705135417e-17
Accident,DrivingSkill,,0.002038519266197484
Accident,SeniorTrain,,0.24050560892557918
Accident,ThisCarCost,,0.0
Accident,Theft,,0.8283081458863979
Accident,CarValue,,1.393131144061842e-05
Accident,HomeBase,,0.8181650407952711
Accident,AntiTheft,,0.46145275164151167
Accident,PropCost,,0.0
Accident,OtherCarCost,,0.0
Accident,OtherCar,,0.4217119163349061
Accident,MedCost,,5.085645527867441e-89
Accident,Cushioning,,0.029004001947923175
Accident,Airbag,,0.013782441971213937
Accident,ILiCost,,3.4612030850339535e-43
Accident,DrivHist,,0.30816476242931634
MakeModel,DrivQuality,,0.20252327493382433
MakeModel,Mileage,,0.34643295174980465
MakeModel,Antilock,,8.723357286254775e-227
MakeModel,DrivingSkill,,0.26172355333966413
MakeModel,SeniorTrain,,0.2986781774769186
MakeModel,ThisCarCost,,8.43540242977334e-137
MakeModel,Theft,,0.040249706820968116
MakeModel,CarValue,,0.0
MakeModel,HomeBase,,4.055384710901453e-130
MakeModel,AntiTheft,,4.013199795670487e-31
MakeModel,PropCost,,4.819948869505289e-21
MakeModel,OtherCarCost,,2.2714684673713248e-10
MakeModel,OtherCar,,5.971956287725741e-38
MakeModel,MedCost,,9.289620943855049e-40
MakeModel,Cushioning,,1.2163057446052914e-256
MakeModel,Airbag,,2.0196967550646274e-95
MakeModel,ILiCost,,0.6569004302426733
MakeModel,DrivHist,,0.7305628179379575
DrivQuality,Mileage,,0.6868264811539105
DrivQuality,Antilock,,0.19651154387691308
DrivQuality,DrivingSkill,,2.006482674980944e-152
DrivQuality,SeniorTrain,,3.4943525014122864e-06
DrivQuality,ThisCarCost,,1.6936970015904618e-05
DrivQuality,Theft,,0.14138418938239233
DrivQuality,CarValue,,0.09420045091884
DrivQuality,HomeBase,,0.019965508228277695
DrivQuality,AntiTheft,,0.07947951028910148
DrivQuality,PropCost,,0.0030591806061494695
DrivQuality,OtherCarCost,,0.0001282616360994837
DrivQuality,OtherCar,,0.967994422884972
DrivQuality,MedCost,,0.1398330121852393
DrivQuality,Cushioning,,0.9082747214554348
DrivQuality,Airbag,,0.09168773449110275
DrivQuality,ILiCost,,0.15563006717641475
DrivQuality,DrivHist,,7.985149372047749e-94
Mileage,Antilock,,0.1833745601579545
Mileage,DrivingSkill,,0.8181217144438282
Mileage,SeniorTrain,,0.22289483805649443
Mileage,ThisCarCost,,0.0002476690480046952
Mileage,Theft,,0.8778796812816401
Mileage,CarValue,,5.209054901893545e-32
Mileage,HomeBase,,0.48501775977136485
Mileage,AntiTheft,,0.3735363400145031
Mileage,PropCost,,0.00025152751153531685
Mileage,OtherCarCost,,7.269040797417016e-05
Mileage,OtherCar,,0.7263389244307006
Mileage,MedCost,,0.4070952571658205
Mileage,Cushioning,,0.028517494425192063
Mileage,Airbag,,0.34009428098826416
Mileage,ILiCost,,0.48827257770565846
Mileage,DrivHist,,0.7820265528085101
Antilock,DrivingSkill,,0.6128964456294399
Antilock,SeniorTrain,,0.11115038726101024
Antilock,ThisCarCost,,5.961516931255112e-109
Antilock,Theft,,0.776466410639703
Antilock,CarValue,,1.7561807057522193e-240
Antilock,HomeBase,,1.4480575440424682e-39
Antilock,AntiTheft,,1.073232911153505e-17
Antilock,PropCost,,3.737038551987771e-20
Antilock,OtherCarCost,,7.604178935489526e-10
Antilock,OtherCar,,3.761796508318748e-24
Antilock,MedCost,,4.85364967591592e-12
Antilock,Cushioning,,1.82298662686307e-24
Antilock,Airbag,,1.6343958518748904e-156
Antilock,ILiCost,,0.07436284694451716
Antilock,DrivHist,,0.26629919396480717
DrivingSkill,SeniorTrain,,0.027980840216498503
DrivingSkill,ThisCarCost,,0.005690043620847893
DrivingSkill,Theft,,0.15977356112389998
DrivingSkill,CarValue,,0.2622125469813623
DrivingSkill,HomeBase,,3.411952071628776e-06
DrivingSkill,AntiTheft,,7.49815988585726e-20
DrivingSkill,PropCost,,0.013728867076181806
DrivingSkill,OtherCarCost,,0.023693524370134677
DrivingSkill,OtherCar,,0.4363693749036105
DrivingSkill,MedCost,,0.05480716552005199
DrivingSkill,Cushioning,,0.24854301480452992
DrivingSkill,Airbag,,0.32982319514529285
DrivingSkill,ILiCost,,0.08734543095869034
DrivingSkill,DrivHist,,4.881073111110849e-176
SeniorTrain,ThisCarCost,,0.36899105681481376
SeniorTrain,Theft,,0.23151068492230817
SeniorTrain,CarValue,,0.804576001869779
SeniorTrain,HomeBase,,9.59793540839794e-07
SeniorTrain,AntiTheft,,2.5933483494553948e-20
SeniorTrain,PropCost,,0.7603724299161446
SeniorTrain,OtherCarCost,,0.6623405448933672
SeniorTrain,OtherCar,,0.24655764061525834
SeniorTrain,MedCost,,0.10565506354804757
SeniorTrain,Cushioning,,0.37708157598093756
SeniorTrain,Airbag,,0.8948886295406014
SeniorTrain,ILiCost,,0.021540804038564933
SeniorTrain,DrivHist,,3.5042466651445046e-10
ThisCarCost,Theft,,0.011677761267823645
ThisCarCost,CarValue,,0.0
ThisCarCost,HomeBase,,1.8108527592361296e-32
ThisCarCost,AntiTheft,,4.711522164857432e-08
ThisCarCost,PropCost,,0.0
ThisCarCost,OtherCarCost,,1.4901967190804262e-124
ThisCarCost,OtherCar,,2.812761185248189e-17
ThisCarCost,MedCost,,7.999950261669166e-68
ThisCarCost,Cushioning,,1.2081633083393941e-29
ThisCarCost,Airbag,,4.515930188735278e-112
ThisCarCost,ILiCost,,2.8287121032821897e-15
ThisCarCost,DrivHist,,0.9550316081641992
Theft,CarValue,,0.048775103926767975
Theft,HomeBase,,0.43172424953205935
Theft,AntiTheft,,0.6057777802433363
Theft,PropCost,,0.587672529766442
Theft,OtherCarCost,,0.6123033077055633
Theft,OtherCar,,0.8879832678914231
Theft,MedCost,,0.4638527921809633
Theft,Cushioning,,0.673065645682392
Theft,Airbag,,0.9914055606627967
Theft,ILiCost,,0.3873005267063575
Theft,DrivHist,,0.5808732147094688
CarValue,HomeBase,,1.722526098641144e-63
CarValue,AntiTheft,,3.6273424858843164e-24
CarValue,PropCost,,4.985912438329643e-56
CarValue,OtherCarCost,,0.043101545096201094
CarValue,OtherCar,,1.8780875057980038e-29
CarValue,MedCost,,8.50250802415039e-16
CarValue,Cushioning,,1.3041517940722517e-66
CarValue,Airbag,,1.3396073216219273e-235
CarValue,ILiCost,,0.543194595289517
CarValue,DrivHist,,0.49771599664681376
HomeBase,AntiTheft,,4.514259603115785e-108
HomeBase,PropCost,,2.1273350446724154e-06
HomeBase,OtherCarCost,,0.5415537126309524
HomeBase,OtherCar,,3.7031371095407883e-50
HomeBase,MedCost,,2.840710812006482e-09
HomeBase,Cushioning,,1.0781131286191733e-45
HomeBase,Airbag,,5.198507120130752e-46
HomeBase,ILiCost,,0.8882502647909573
HomeBase,DrivHist,,3.175302888507808e-06
AntiTheft,PropCost,,2.2263721625089098e-05
AntiTheft,OtherCarCost,,0.30661355435588367
AntiTheft,OtherCar,,2.7713331555068037e-06
AntiTheft,MedCost,,0.42438048641412374
AntiTheft,Cushioning,,1.6712999221193155e-11
AntiTheft,Airbag,,4.8156296758823466e-17
AntiTheft,ILiCost,,0.22011791983626075
AntiTheft,DrivHist,,3.04589839881734e-18
PropCost,OtherCarCost,,0.0
PropCost,OtherCar,,5.800414104648148e-06
PropCost,MedCost,,1.9845718856766672e-36
PropCost,Cushioning,,5.262607995555317e-07
PropCost,Airbag,,1.6980498707192887e-18
PropCost,ILiCost,,6.573094281247299e-18
PropCost,DrivHist,,0.088646960762668
OtherCarCost,OtherCar,,0.8157103136902538
OtherCarCost,MedCost,,9.335531909010216e-24
OtherCarCost,Cushioning,,2.0695454740991152e-08
OtherCarCost,Airbag,,0.012945374900300172
OtherCarCost,ILiCost,,1.59927153309133e-15
OtherCarCost,DrivHist,,0.43161284318068915
OtherCar,MedCost,,0.0019255388535741745
OtherCar,Cushioning,,7.011870997807444e-17
OtherCar,Airbag,,9.364543158877193e-27
OtherCar,ILiCost,,0.062293807019749764
OtherCar,DrivHist,,0.2361257138782573
MedCost,Cushioning,,6.380713301105653e-98
MedCost,Airbag,,1.2650060029391624e-25
MedCost,ILiCost,,0.007074033052720885
MedCost,DrivHist,,0.44035168581379314
Cushioning,Airbag,,1.1452805555383725e-127
Cushioning,ILiCost,,0.25613399103163514
Cushioning,DrivHist,,0.6998184582595606
Airbag,ILiCost,,0.5337155861750877
Airbag,DrivHist,,0.12477597708961624
ILiCost,DrivHist,,0.9677643914795605
GoodStudent,Age,MakeModel,4.791345388134115e-81
GoodStudent,Age,MakeModel,4.791345388134115e-81
GoodStudent,Age,MakeModel,4.791345388134115e-81
GoodStudent,Age,MakeModel,4.791345388134115e-81
GoodStudent,Age,MakeModel,4.791345388134115e-81
GoodStudent,Age,MakeModel,4.791345388134115e-81
GoodStudent,Age,MakeModel,4.791345388134115e-81
GoodStudent,Age,MakeModel,4.791345388134115e-81
GoodStudent,Age,MakeModel,4.791345388134115e-81
GoodStudent,Age,MakeModel,4.791345388134115e-81
GoodStudent,Age,MakeModel,4.791345388134115e-81
GoodStudent,Age,MakeModel,4.791345388134115e-81
GoodStudent,SocioEcon,MakeModel,5.348439033316425e-08
GoodStudent,SocioEcon,MakeModel,5.348439033316425e-08
GoodStudent,SocioEcon,MakeModel,5.348439033316425e-08
GoodStudent,SocioEcon,MakeModel,5.348439033316425e-08
GoodStudent,SocioEcon,MakeModel,5.348439033316425e-08
GoodStudent,SocioEcon,MakeModel,5.348439033316425e-08
GoodStudent,SocioEcon,MakeModel,5.348439033316425e-08
GoodStudent,SocioEcon,MakeModel,5.348439033316425e-08
GoodStudent,SocioEcon,MakeModel,5.348439033316425e-08
GoodStudent,SocioEcon,MakeModel,5.348439033316425e-08
GoodStudent,SocioEcon,MakeModel,5.348439033316425e-08
GoodStudent,SocioEcon,MakeModel,5.348439033316425e-08
GoodStudent,RiskAversion,SocioEcon,0.23843395774473966
GoodStudent,RiskAversion,SocioEcon,0.23843395774473966
GoodStudent,RiskAversion,SocioEcon,0.23843395774473966
GoodStudent,RiskAversion,SocioEcon,0.23843395774473966
GoodStudent,VehicleYear,SocioEcon,0.20384020964529878
GoodStudent,VehicleYear,SocioEcon,0.20384020964529878
GoodStudent,VehicleYear,SocioEcon,0.20384020964529878
GoodStudent,MakeModel,SocioEcon,0.21088253935639628
GoodStudent,MakeModel,SocioEcon,0.21088253935639628
GoodStudent,MakeModel,SocioEcon,0.21088253935639628
GoodStudent,MakeModel,SocioEcon,0.21088253935639628
GoodStudent,Antilock,SocioEcon,0.28844959531627395
GoodStudent,Antilock,SocioEcon,0.28844959531627395
GoodStudent,Antilock,SocioEcon,0.28844959531627395
GoodStudent,Antilock,SocioEcon,0.28844959531627395
GoodStudent,SeniorTrain,Cushioning,0.8065951966922105
GoodStudent,ThisCarCost,Airbag,0.24227715513678344
GoodStudent,ThisCarCost,Airbag,0.24227715513678344
GoodStudent,CarValue,SocioEcon,0.707332648529478
GoodStudent,CarValue,SocioEcon,0.707332648529478
GoodStudent,CarValue,SocioEcon,0.707332648529478
GoodStudent,CarValue,SocioEcon,0.707332648529478
GoodStudent,HomeBase,SocioEcon,0.5085616024209263
GoodStudent,HomeBase,SocioEcon,0.5085616024209263
GoodStudent,HomeBase,SocioEcon,0.5085616024209263
GoodStudent,HomeBase,SocioEcon,0.5085616024209263
GoodStudent,OtherCar,Cushioning,0.2338717022619823
GoodStudent,Cushioning,Airbag,0.4242367007170873
GoodStudent,Airbag,VehicleYear,0.26504532968167
GoodStudent,Airbag,VehicleYear,0.26504532968167
Age,SocioEcon,AntiTheft,6.939427236041428e-09
Age,SocioEcon,AntiTheft,6.939427236041428e-09
Age,SocioEcon,AntiTheft,6.939427236041428e-09
Age,SocioEcon,AntiTheft,6.939427236041428e-09
Age,SocioEcon,AntiTheft,6.939427236041428e-09
Age,SocioEcon,AntiTheft,6.939427236041428e-09
Age,SocioEcon,AntiTheft,6.939427236041428e-09
Age,SocioEcon,AntiTheft,6.939427236041428e-09
Age,SocioEcon,AntiTheft,6.939427236041428e-09
Age,RiskAversion,AntiTheft,2.0543475224087245e-15
Age,RiskAversion,AntiTheft,2.0543475224087245e-15
Age,RiskAversion,AntiTheft,2.0543475224087245e-15
Age,RiskAversion,AntiTheft,2.0543475224087245e-15
Age,RiskAversion,AntiTheft,2.0543475224087245e-15
Age,RiskAversion,AntiTheft,2.0543475224087245e-15
Age,RiskAversion,AntiTheft,2.0543475224087245e-15
Age,RiskAversion,AntiTheft,2.0543475224087245e-15
Age,RiskAversion,AntiTheft,2.0543475224087245e-15
Age,DrivQuality,DrivHist,0.10281689037400196
Age,DrivingSkill,SocioEcon,0.10828619214443722
Age,DrivingSkill,SocioEcon,0.10828619214443722
Age,SeniorTrain,AntiTheft,3.2002783730468344e-71
Age,SeniorTrain,AntiTheft,3.2002783730468344e-71
Age,SeniorTrain,AntiTheft,3.2002783730468344e-71
Age,SeniorTrain,AntiTheft,3.2002783730468344e-71
Age,SeniorTrain,AntiTheft,3.2002783730468344e-71
Age,SeniorTrain,AntiTheft,3.2002783730468344e-71
Age,SeniorTrain,AntiTheft,3.2002783730468344e-71
Age,SeniorTrain,AntiTheft,3.2002783730468344e-71
Age,SeniorTrain,AntiTheft,3.2002783730468344e-71
Age,HomeBase,SocioEcon,0.6200074238471287
Age,HomeBase,SocioEcon,0.6200074238471287
Age,AntiTheft,RiskAversion,0.2843540762510785
Age,AntiTheft,RiskAversion,0.2843540762510785
Age,AntiTheft,RiskAversion,0.2843540762510785
Age,AntiTheft,RiskAversion,0.2843540762510785
Age,AntiTheft,RiskAversion,0.2843540762510785
Age,AntiTheft,RiskAversion,0.2843540762510785
Age,MedCost,AntiTheft,0.0010529450280524215
Age,MedCost,AntiTheft,0.0010529450280524215
Age,MedCost,AntiTheft,0.0010529450280524215
Age,MedCost,AntiTheft,0.0010529450280524215
Age,MedCost,AntiTheft,0.0010529450280524215
Age,MedCost,AntiTheft,0.0010529450280524215
Age,MedCost,AntiTheft,0.0010529450280524215
Age,MedCost,AntiTheft,0.0010529450280524215
Age,MedCost,AntiTheft,0.0010529450280524215
Age,DrivHist,AntiTheft,0.0006597512510822071
Age,DrivHist,AntiTheft,0.0006597512510822071
Age,DrivHist,AntiTheft,0.0006597512510822071
Age,DrivHist,AntiTheft,0.0006597512510822071
Age,DrivHist,AntiTheft,0.0006597512510822071
Age,DrivHist,AntiTheft,0.0006597512510822071
Age,DrivHist,AntiTheft,0.0006597512510822071
Age,DrivHist,AntiTheft,0.0006597512510822071
Age,DrivHist,AntiTheft,0.0006597512510822071
SocioEcon,RiskAversion,OtherCar,1.0358673131236076e-08
SocioEcon,RiskAversion,OtherCar,1.0358673131236076e-08
SocioEcon,RiskAversion,OtherCar,1.0358673131236076e-08
SocioEcon,RiskAversion,OtherCar,1.0358673131236076e-08
SocioEcon,RiskAversion,OtherCar,1.0358673131236076e-08
SocioEcon,RiskAversion,OtherCar,1.0358673131236076e-08
SocioEcon,RiskAversion,OtherCar,1.0358673131236076e-08
SocioEcon,RiskAversion,OtherCar,1.0358673131236076e-08
SocioEcon,RiskAversion,OtherCar,1.0358673131236076e-08
SocioEcon,RiskAversion,OtherCar,1.0358673131236076e-08
SocioEcon,RiskAversion,OtherCar,1.0358673131236076e-08
SocioEcon,RiskAversion,OtherCar,1.0358673131236076e-08
SocioEcon,RiskAversion,OtherCar,1.0358673131236076e-08
SocioEcon,RiskAversion,OtherCar,1.0358673131236076e-08
SocioEcon,RiskAversion,OtherCar,1.0358673131236076e-08
SocioEcon,RiskAversion,OtherCar,1.0358673131236076e-08
SocioEcon,RiskAversion,OtherCar,1.0358673131236076e-08
SocioEcon,RiskAversion,OtherCar,1.0358673131236076e-08
SocioEcon,RiskAversion,OtherCar,1.0358673131236076e-08
SocioEcon,VehicleYear,OtherCar,5.0147879318661316e-126
SocioEcon,VehicleYear,OtherCar,5.0147879318661316e-126
SocioEcon,VehicleYear,OtherCar,5.0147879318661316e-126
SocioEcon,VehicleYear,OtherCar,5.0147879318661316e-126
SocioEcon,VehicleYear,OtherCar,5.0147879318661316e-126
SocioEcon,VehicleYear,OtherCar,5.0147879318661316e-126
SocioEcon,VehicleYear,OtherCar,5.0147879318661316e-126
SocioEcon,VehicleYear,OtherCar,5.0147879318661316e-126
SocioEcon,VehicleYear,OtherCar,5.0147879318661316e-126
SocioEcon,VehicleYear,OtherCar,5.0147879318661316e-126
SocioEcon,VehicleYear,OtherCar,5.0147879318661316e-126
SocioEcon,VehicleYear,OtherCar,5.0147879318661316e-126
SocioEcon,VehicleYear,OtherCar,5.0147879318661316e-126
SocioEcon,VehicleYear,OtherCar,5.0147879318661316e-126
SocioEcon,VehicleYear,OtherCar,5.0147879318661316e-126
SocioEcon,VehicleYear,OtherCar,5.0147879318661316e-126
SocioEcon,VehicleYear,OtherCar,5.0147879318661316e-126
SocioEcon,VehicleYear,OtherCar,5.0147879318661316e-126
SocioEcon,VehicleYear,OtherCar,5.0147879318661316e-126
SocioEcon,ThisCarDam,Antilock,0.3813139597662525
SocioEcon,RuggedAuto,OtherCar,5.115415831620265e-55
SocioEcon,RuggedAuto,OtherCar,5.115415831620265e-55
SocioEcon,RuggedAuto,OtherCar,5.115415831620265e-55
SocioEcon,RuggedAuto,OtherCar,5.115415831620265e-55
SocioEcon,RuggedAuto,OtherCar,5.115415831620265e-55
SocioEcon,RuggedAuto,OtherCar,5.115415831620265e-55
SocioEcon,RuggedAuto,OtherCar,5.115415831620265e-55
SocioEcon,RuggedAuto,OtherCar,5.115415831620265e-55
SocioEcon,RuggedAuto,OtherCar,5.115415831620265e-55
SocioEcon,RuggedAuto,OtherCar,5.115415831620265e-55
SocioEcon,RuggedAuto,OtherCar,5.115415831620265e-55
SocioEcon,RuggedAuto,OtherCar,5.115415831620265e-55
SocioEcon,RuggedAuto,OtherCar,5.115415831620265e-55
SocioEcon,RuggedAuto,OtherCar,5.115415831620265e-55
SocioEcon,RuggedAuto,OtherCar,5.115415831620265e-55
SocioEcon,RuggedAuto,OtherCar,5.115415831620265e-55
SocioEcon,RuggedAuto,OtherCar,5.115415831620265e-55
SocioEcon,RuggedAuto,OtherCar,5.115415831620265e-55
SocioEcon,RuggedAuto,OtherCar,5.115415831620265e-55
SocioEcon,Accident,Antilock,0.8028581346874186
SocioEcon,Accident,Antilock,0.8028581346874186
SocioEcon,MakeModel,OtherCar,9.4229974062177e-311
SocioEcon,MakeModel,OtherCar,9.4229974062177e-311
SocioEcon,MakeModel,OtherCar,9.4229974062177e-311
SocioEcon,MakeModel,OtherCar,9.4229974062177e-311
SocioEcon,MakeModel,OtherCar,9.4229974062177e-311
SocioEcon,MakeModel,OtherCar,9.4229974062177e-311
SocioEcon,MakeModel,OtherCar,9.4229974062177e-311
SocioEcon,MakeModel,OtherCar,9.4229974062177e-311
SocioEcon,MakeModel,OtherCar,9.4229974062177e-311
SocioEcon,MakeModel,OtherCar,9.4229974062177e-311
SocioEcon,MakeModel,OtherCar,9.4229974062177e-311
SocioEcon,MakeModel,OtherCar,9.4229974062177e-311
SocioEcon,MakeModel,OtherCar,9.4229974062177e-311
SocioEcon,MakeModel,OtherCar,9.4229974062177e-311
SocioEcon,MakeModel,OtherCar,9.4229974062177e-311
SocioEcon,MakeModel,OtherCar,9.4229974062177e-311
SocioEcon,MakeModel,OtherCar,9.4229974062177e-311
SocioEcon,MakeModel,OtherCar,9.4229974062177e-311
SocioEcon,MakeModel,OtherCar,9.4229974062177e-311
SocioEcon,DrivQuality,Antilock,0.05435870210931954
SocioEcon,DrivQuality,Antilock,0.05435870210931954
SocioEcon,Antilock,OtherCar,6.604924111325441e-138
SocioEcon,Antilock,OtherCar,6.604924111325441e-138
SocioEcon,Antilock,OtherCar,6.604924111325441e-138
SocioEcon,Antilock,OtherCar,6.604924111325441e-138
SocioEcon,Antilock,OtherCar,6.604924111325441e-138
SocioEcon,Antilock,OtherCar,6.604924111325441e-138
SocioEcon,Antilock,OtherCar,6.604924111325441e-138
SocioEcon,Antilock,OtherCar,6.604924111325441e-138
SocioEcon,Antilock,OtherCar,6.604924111325441e-138
SocioEcon,Antilock,OtherCar,6.604924111325441e-138
SocioEcon,Antilock,OtherCar,6.604924111325441e-138
SocioEcon,Antilock,OtherCar,6.604924111325441e-138
SocioEcon,Antilock,OtherCar,6.604924111325441e-138
SocioEcon,Antilock,OtherCar,6.604924111325441e-138
SocioEcon,Antilock,OtherCar,6.604924111325441e-138
SocioEcon,Antilock,OtherCar,6.604924111325441e-138
SocioEcon,Antilock,OtherCar,6.604924111325441e-138
SocioEcon,Antilock,OtherCar,6.604924111325441e-138
SocioEcon,Antilock,OtherCar,6.604924111325441e-138
SocioEcon,ThisCarCost,OtherCar,4.2390707246105566e-86
SocioEcon,ThisCarCost,OtherCar,4.2390707246105566e-86
SocioEcon,ThisCarCost,OtherCar,4.2390707246105566e-86
SocioEcon,ThisCarCost,OtherCar,4.2390707246105566e-86
SocioEcon,ThisCarCost,OtherCar,4.2390707246105566e-86
SocioEcon,ThisCarCost,OtherCar,4.2390707246105566e-86
SocioEcon,ThisCarCost,OtherCar,4.2390707246105566e-86
SocioEcon,ThisCarCost,OtherCar,4.2390707246105566e-86
SocioEcon,ThisCarCost,OtherCar,4.2390707246105566e-86
SocioEcon,ThisCarCost,OtherCar,4.2390707246105566e-86
SocioEcon,ThisCarCost,OtherCar,4.2390707246105566e-86
SocioEcon,ThisCarCost,OtherCar,4.2390707246105566e-86
SocioEcon,ThisCarCost,OtherCar,4.2390707246105566e-86
SocioEcon,ThisCarCost,OtherCar,4.2390707246105566e-86
SocioEcon,ThisCarCost,OtherCar,4.2390707246105566e-86
SocioEcon,ThisCarCost,OtherCar,4.2390707246105566e-86
SocioEcon,ThisCarCost,OtherCar,4.2390707246105566e-86
SocioEcon,ThisCarCost,OtherCar,4.2390707246105566e-86
SocioEcon,ThisCarCost,OtherCar,4.2390707246105566e-86
SocioEcon,CarValue,OtherCar,2.582185379147724e-211
SocioEcon,CarValue,OtherCar,2.582185379147724e-211
SocioEcon,CarValue,OtherCar,2.582185379147724e-211
SocioEcon,CarValue,OtherCar,2.582185379147724e-211
SocioEcon,CarValue,OtherCar,2.582185379147724e-211
SocioEcon,CarValue,OtherCar,2.582185379147724e-211
SocioEcon,CarValue,OtherCar,2.582185379147724e-211
SocioEcon,CarValue,OtherCar,2.582185379147724e-211
SocioEcon,CarValue,OtherCar,2.582185379147724e-211
SocioEcon,CarValue,OtherCar,2.582185379147724e-211
SocioEcon,CarValue,OtherCar,2.582185379147724e-211
SocioEcon,CarValue,OtherCar,2.582185379147724e-211
SocioEcon,CarValue,OtherCar,2.582185379147724e-211
SocioEcon,CarValue,OtherCar,2.582185379147724e-211
SocioEcon,CarValue,OtherCar,2.582185379147724e-211
SocioEcon,CarValue,OtherCar,2.582185379147724e-211
SocioEcon,CarValue,OtherCar,2.582185379147724e-211
SocioEcon,CarValue,OtherCar,2.582185379147724e-211
SocioEcon,CarValue,OtherCar,2.582185379147724e-211
SocioEcon,HomeBase,OtherCar,0.0
SocioEcon,HomeBase,OtherCar,0.0
SocioEcon,HomeBase,OtherCar,0.0
SocioEcon,HomeBase,OtherCar,0.0
SocioEcon,HomeBase,OtherCar,0.0
SocioEcon,HomeBase,OtherCar,0.0
SocioEcon,HomeBase,OtherCar,0.0
SocioEcon,HomeBase,OtherCar,0.0
SocioEcon,HomeBase,OtherCar,0.0
SocioEcon,HomeBase,OtherCar,0.0
SocioEcon,HomeBase,OtherCar,0.0
SocioEcon,HomeBase,OtherCar,0.0
SocioEcon,HomeBase,OtherCar,0.0
SocioEcon,HomeBase,OtherCar,0.0
SocioEcon,HomeBase,OtherCar,0.0
SocioEcon,HomeBase,OtherCar,0.0
SocioEcon,HomeBase,OtherCar,0.0
SocioEcon,HomeBase,OtherCar,0.0
SocioEcon,HomeBase,OtherCar,0.0
SocioEcon,AntiTheft,OtherCar,2.0043604736632729e-53
SocioEcon,AntiTheft,OtherCar,2.0043604736632729e-53
SocioEcon,AntiTheft,OtherCar,2.0043604736632729e-53
SocioEcon,AntiTheft,OtherCar,2.0043604736632729e-53
SocioEcon,AntiTheft,OtherCar,2.0043604736632729e-53
SocioEcon,AntiTheft,OtherCar,2.0043604736632729e-53
SocioEcon,AntiTheft,OtherCar,2.0043604736632729e-53
SocioEcon,AntiTheft,OtherCar,2.0043604736632729e-53
SocioEcon,AntiTheft,OtherCar,2.0043604736632729e-53
SocioEcon,AntiTheft,OtherCar,2.0043604736632729e-53
SocioEcon,AntiTheft,OtherCar,2.0043604736632729e-53
SocioEcon,AntiTheft,OtherCar,2.0043604736632729e-53
SocioEcon,AntiTheft,OtherCar,2.0043604736632729e-53
SocioEcon,AntiTheft,OtherCar,2.0043604736632729e-53
SocioEcon,AntiTheft,OtherCar,2.0043604736632729e-53
SocioEcon,AntiTheft,OtherCar,2.0043604736632729e-53
SocioEcon,AntiTheft,OtherCar,2.0043604736632729e-53
SocioEcon,AntiTheft,OtherCar,2.0043604736632729e-53
SocioEcon,AntiTheft,OtherCar,2.0043604736632729e-53
SocioEcon,PropCost,ThisCarCost,0.4610797151793075
SocioEcon,PropCost,ThisCarCost,0.4610797151793075
SocioEcon,PropCost,ThisCarCost,0.4610797151793075
SocioEcon,PropCost,ThisCarCost,0.4610797151793075
SocioEcon,OtherCarCost,Antilock,0.07634602972835978
SocioEcon,OtherCarCost,Antilock,0.07634602972835978
SocioEcon,OtherCar,Cushioning,8.104737476591107e-57
SocioEcon,OtherCar,Cushioning,8.104737476591107e-57
SocioEcon,OtherCar,Cushioning,8.104737476591107e-57
SocioEcon,OtherCar,Cushioning,8.104737476591107e-57
SocioEcon,OtherCar,Cushioning,8.104737476591107e-57
SocioEcon,OtherCar,Cushioning,8.104737476591107e-57
SocioEcon,OtherCar,Cushioning,8.104737476591107e-57
SocioEcon,OtherCar,Cushioning,8.104737476591107e-57
SocioEcon,OtherCar,Cushioning,8.104737476591107e-57
SocioEcon,OtherCar,Cushioning,8.104737476591107e-57
SocioEcon,OtherCar,Cushioning,8.104737476591107e-57
SocioEcon,OtherCar,Cushioning,8.104737476591107e-57
SocioEcon,OtherCar,Cushioning,8.104737476591107e-57
SocioEcon,OtherCar,Cushioning,8.104737476591107e-57
SocioEcon,OtherCar,Cushioning,8.104737476591107e-57
SocioEcon,OtherCar,Cushioning,8.104737476591107e-57
SocioEcon,OtherCar,Cushioning,8.104737476591107e-57
SocioEcon,OtherCar,Cushioning,8.104737476591107e-57
SocioEcon,OtherCar,Cushioning,8.104737476591107e-57
SocioEcon,MedCost,MakeModel,0.14480896082863925
SocioEcon,MedCost,MakeModel,0.14480896082863925
SocioEcon,MedCost,MakeModel,0.14480896082863925
SocioEcon,MedCost,MakeModel,0.14480896082863925
SocioEcon,MedCost,MakeModel,0.14480896082863925
SocioEcon,MedCost,MakeModel,0.14480896082863925
SocioEcon,MedCost,MakeModel,0.14480896082863925
SocioEcon,MedCost,MakeModel,0.14480896082863925
SocioEcon,MedCost,MakeModel,0.14480896082863925
SocioEcon,MedCost,MakeModel,0.14480896082863925
SocioEcon,MedCost,MakeModel,0.14480896082863925
SocioEcon,MedCost,MakeModel,0.14480896082863925
SocioEcon,MedCost,MakeModel,0.14480896082863925
SocioEcon,Cushioning,OtherCar,2.1291793765111943e-57
SocioEcon,Cushioning,OtherCar,2.1291793765111943e-57
SocioEcon,Cushioning,OtherCar,2.1291793765111943e-57
SocioEcon,Cushioning,OtherCar,2.1291793765111943e-57
SocioEcon,Cushioning,OtherCar,2.1291793765111943e-57
SocioEcon,Cushioning,OtherCar,2.1291793765111943e-57
SocioEcon,Cushioning,OtherCar,2.1291793765111943e-57
SocioEcon,Cushioning,OtherCar,2.1291793765111943e-57
SocioEcon,Cushioning,OtherCar,2.1291793765111943e-57
SocioEcon,Cushioning,OtherCar,2.1291793765111943e-57
SocioEcon,Cushioning,OtherCar,2.1291793765111943e-57
SocioEcon,Cushioning,OtherCar,2.1291793765111943e-57
SocioEcon,Cushioning,OtherCar,2.1291793765111943e-57
SocioEcon,Cushioning,OtherCar,2.1291793765111943e-57
SocioEcon,Cushioning,OtherCar,2.1291793765111943e-57
SocioEcon,Cushioning,OtherCar,2.1291793765111943e-57
SocioEcon,Cushioning,OtherCar,2.1291793765111943e-57
SocioEcon,Cushioning,OtherCar,2.1291793765111943e-57
SocioEcon,Cushioning,OtherCar,2.1291793765111943e-57
SocioEcon,Airbag,OtherCar,2.9430971141755905e-123
SocioEcon,Airbag,OtherCar,2.9430971141755905e-123
SocioEcon,Airbag,OtherCar,2.9430971141755905e-123
SocioEcon,Airbag,OtherCar,2.9430971141755905e-123
SocioEcon,Airbag,OtherCar,2.9430971141755905e-123
SocioEcon,Airbag,OtherCar,2.9430971141755905e-123
SocioEcon,Airbag,OtherCar,2.9430971141755905e-123
SocioEcon,Airbag,OtherCar,2.9430971141755905e-123
SocioEcon,Airbag,OtherCar,2.9430971141755905e-123
SocioEcon,Airbag,OtherCar,2.9430971141755905e-123
SocioEcon,Airbag,OtherCar,2.9430971141755905e-123
SocioEcon,Airbag,OtherCar,2.9430971141755905e-123
SocioEcon,Airbag,OtherCar,2.9430971141755905e-123
SocioEcon,Airbag,OtherCar,2.9430971141755905e-123
SocioEcon,Airbag,OtherCar,2.9430971141755905e-123
SocioEcon,Airbag,OtherCar,2.9430971141755905e-123
SocioEcon,Airbag,OtherCar,2.9430971141755905e-123
SocioEcon,Airbag,OtherCar,2.9430971141755905e-123
SocioEcon,Airbag,OtherCar,2.9430971141755905e-123
RiskAversion,RuggedAuto,DrivHist,0.08670887597050007
RiskAversion,RuggedAuto,DrivHist,0.08670887597050007
RiskAversion,RuggedAuto,DrivHist,0.08670887597050007
RiskAversion,MakeModel,SocioEcon,0.8355131871724474
RiskAversion,MakeModel,SocioEcon,0.8355131871724474
RiskAversion,MakeModel,SocioEcon,0.8355131871724474
RiskAversion,MakeModel,SocioEcon,0.8355131871724474
RiskAversion,DrivQuality,MakeModel,7.94049944340555e-06
RiskAversion,DrivQuality,MakeModel,7.94049944340555e-06
RiskAversion,DrivQuality,MakeModel,7.94049944340555e-06
RiskAversion,DrivQuality,MakeModel,7.94049944340555e-06
RiskAversion,DrivQuality,MakeModel,7.94049944340555e-06
RiskAversion,DrivQuality,MakeModel,7.94049944340555e-06
RiskAversion,DrivQuality,MakeModel,7.94049944340555e-06
RiskAversion,DrivQuality,MakeModel,7.94049944340555e-06
RiskAversion,DrivQuality,MakeModel,7.94049944340555e-06
RiskAversion,DrivQuality,MakeModel,7.94049944340555e-06
RiskAversion,DrivQuality,MakeModel,7.94049944340555e-06
RiskAversion,DrivQuality,MakeModel,7.94049944340555e-06
RiskAversion,DrivQuality,MakeModel,7.94049944340555e-06
RiskAversion,Antilock,DrivHist,0.21761097220323242
RiskAversion,Antilock,DrivHist,0.21761097220323242
RiskAversion,Antilock,DrivHist,0.21761097220323242
RiskAversion,DrivingSkill,MakeModel,1.3376186173898712e-45
RiskAversion,DrivingSkill,MakeModel,1.3376186173898712e-45
RiskAversion,DrivingSkill,MakeModel,1.3376186173898712e-45
RiskAversion,DrivingSkill,MakeModel,1.3376186173898712e-45
RiskAversion,DrivingSkill,MakeModel,1.3376186173898712e-45
RiskAversion,DrivingSkill,MakeModel,1.3376186173898712e-45
RiskAversion,DrivingSkill,MakeModel,1.3376186173898712e-45
RiskAversion,DrivingSkill,MakeModel,1.3376186173898712e-45
RiskAversion,DrivingSkill,MakeModel,1.3376186173898712e-45
RiskAversion,DrivingSkill,MakeModel,1.3376186173898712e-45
RiskAversion,DrivingSkill,MakeModel,1.3376186173898712e-45
RiskAversion,DrivingSkill,MakeModel,1.3376186173898712e-45
RiskAversion,DrivingSkill,MakeModel,1.3376186173898712e-45
RiskAversion,SeniorTrain,MakeModel,1.1591137862590601e-26
RiskAversion,SeniorTrain,MakeModel,1.1591137862590601e-26
RiskAversion,SeniorTrain,MakeModel,1.1591137862590601e-26
RiskAversion,SeniorTrain,MakeModel,1.1591137862590601e-26
RiskAversion,SeniorTrain,MakeModel,1.1591137862590601e-26
RiskAversion,SeniorTrain,MakeModel,1.1591137862590601e-26
RiskAversion,SeniorTrain,MakeModel,1.1591137862590601e-26
RiskAversion,SeniorTrain,MakeModel,1.1591137862590601e-26
RiskAversion,SeniorTrain,MakeModel,1.1591137862590601e-26
RiskAversion,SeniorTrain,MakeModel,1.1591137862590601e-26
RiskAversion,SeniorTrain,MakeModel,1.1591137862590601e-26
RiskAversion,SeniorTrain,MakeModel,1.1591137862590601e-26
RiskAversion,SeniorTrain,MakeModel,1.1591137862590601e-26
RiskAversion,HomeBase,MakeModel,2.1811893603462458e-133
RiskAversion,HomeBase,MakeModel,2.1811893603462458e-133
RiskAversion,HomeBase,MakeModel,2.1811893603462458e-133
RiskAversion,HomeBase,MakeModel,2.1811893603462458e-133
RiskAversion,HomeBase,MakeModel,2.1811893603462458e-133
RiskAversion,HomeBase,MakeModel,2.1811893603462458e-133
RiskAversion,HomeBase,MakeModel,2.1811893603462458e-133
RiskAversion,HomeBase,MakeModel,2.1811893603462458e-133
RiskAversion,HomeBase,MakeModel,2.1811893603462458e-133
RiskAversion,HomeBase,MakeModel,2.1811893603462458e-133
RiskAversion,HomeBase,MakeModel,2.1811893603462458e-133
RiskAversion,HomeBase,MakeModel,2.1811893603462458e-133
RiskAversion,HomeBase,MakeModel,2.1811893603462458e-133
RiskAversion,AntiTheft,MakeModel,0.0
RiskAversion,AntiTheft,MakeModel,0.0
RiskAversion,AntiTheft,MakeModel,0.0
RiskAversion,AntiTheft,MakeModel,0.0
RiskAversion,AntiTheft,MakeModel,0.0
RiskAversion,AntiTheft,MakeModel,0.0
RiskAversion,AntiTheft,MakeModel,0.0
RiskAversion,AntiTheft,MakeModel,0.0
RiskAversion,AntiTheft,MakeModel,0.0
RiskAversion,AntiTheft,MakeModel,0.0
RiskAversion,AntiTheft,MakeModel,0.0
RiskAversion,AntiTheft,MakeModel,0.0
RiskAversion,AntiTheft,MakeModel,0.0
RiskAversion,OtherCar,DrivHist,0.1565152612721373
RiskAversion,OtherCar,DrivHist,0.1565152612721373
RiskAversion,OtherCar,DrivHist,0.1565152612721373
RiskAversion,Cushioning,DrivHist,0.15235075644644766
RiskAversion,Cushioning,DrivHist,0.15235075644644766
RiskAversion,DrivHist,MakeModel,8.077014894657635e-41
RiskAversion,DrivHist,MakeModel,8.077014894657635e-41
RiskAversion,DrivHist,MakeModel,8.077014894657635e-41
RiskAversion,DrivHist,MakeModel,8.077014894657635e-41
RiskAversion,DrivHist,MakeModel,8.077014894657635e-41
RiskAversion,DrivHist,MakeModel,8.077014894657635e-41
RiskAversion,DrivHist,MakeModel,8.077014894657635e-41
RiskAversion,DrivHist,MakeModel,8.077014894657635e-41
RiskAversion,DrivHist,MakeModel,8.077014894657635e-41
RiskAversion,DrivHist,MakeModel,8.077014894657635e-41
RiskAversion,DrivHist,MakeModel,8.077014894657635e-41
RiskAversion,DrivHist,MakeModel,8.077014894657635e-41
RiskAversion,DrivHist,MakeModel,8.077014894657635e-41
VehicleYear,ThisCarDam,Antilock,0.4178541461502392
VehicleYear,RuggedAuto,OtherCar,1.0260619991628255e-18
VehicleYear,RuggedAuto,OtherCar,1.0260619991628255e-18
VehicleYear,RuggedAuto,OtherCar,1.0260619991628255e-18
VehicleYear,RuggedAuto,OtherCar,1.0260619991628255e-18
VehicleYear,RuggedAuto,OtherCar,1.0260619991628255e-18
VehicleYear,RuggedAuto,OtherCar,1.0260619991628255e-18
VehicleYear,RuggedAuto,OtherCar,1.0260619991628255e-18
VehicleYear,RuggedAuto,OtherCar,1.0260619991628255e-18
VehicleYear,RuggedAuto,OtherCar,1.0260619991628255e-18
VehicleYear,RuggedAuto,OtherCar,1.0260619991628255e-18
VehicleYear,RuggedAuto,OtherCar,1.0260619991628255e-18
VehicleYear,RuggedAuto,OtherCar,1.0260619991628255e-18
VehicleYear,RuggedAuto,OtherCar,1.0260619991628255e-18
VehicleYear,RuggedAuto,OtherCar,1.0260619991628255e-18
VehicleYear,RuggedAuto,OtherCar,1.0260619991628255e-18
VehicleYear,RuggedAuto,OtherCar,1.0260619991628255e-18
VehicleYear,Accident,ThisCarDam,0.12195536757215739
VehicleYear,MakeModel,SocioEcon,0.6311296536400306
VehicleYear,MakeModel,SocioEcon,0.6311296536400306
VehicleYear,MakeModel,SocioEcon,0.6311296536400306
VehicleYear,MakeModel,SocioEcon,0.6311296536400306
VehicleYear,MakeModel,SocioEcon,0.6311296536400306
VehicleYear,MakeModel,SocioEcon,0.6311296536400306
VehicleYear,MakeModel,SocioEcon,0.6311296536400306
VehicleYear,MakeModel,SocioEcon,0.6311296536400306
VehicleYear,MakeModel,SocioEcon,0.6311296536400306
VehicleYear,MakeModel,SocioEcon,0.6311296536400306
VehicleYear,MakeModel,SocioEcon,0.6311296536400306
VehicleYear,Antilock,OtherCar,8.947407871002895e-180
VehicleYear,Antilock,OtherCar,8.947407871002895e-180
VehicleYear,Antilock,OtherCar,8.947407871002895e-180
VehicleYear,Antilock,OtherCar,8.947407871002895e-180
VehicleYear,Antilock,OtherCar,8.947407871002895e-180
VehicleYear,Antilock,OtherCar,8.947407871002895e-180
VehicleYear,Antilock,OtherCar,8.947407871002895e-180
VehicleYear,Antilock,OtherCar,8.947407871002895e-180
VehicleYear,Antilock,OtherCar,8.947407871002895e-180
VehicleYear,Antilock,OtherCar,8.947407871002895e-180
VehicleYear,Antilock,OtherCar,8.947407871002895e-180
VehicleYear,Antilock,OtherCar,8.947407871002895e-180
VehicleYear,Antilock,OtherCar,8.947407871002895e-180
VehicleYear,Antilock,OtherCar,8.947407871002895e-180
VehicleYear,Antilock,OtherCar,8.947407871002895e-180
VehicleYear,Antilock,OtherCar,8.947407871002895e-180
VehicleYear,ThisCarCost,OtherCar,6.860287362897134e-122
VehicleYear,ThisCarCost,OtherCar,6.860287362897134e-122
VehicleYear,ThisCarCost,OtherCar,6.860287362897134e-122
VehicleYear,ThisCarCost,OtherCar,6.860287362897134e-122
VehicleYear,ThisCarCost,OtherCar,6.860287362897134e-122
VehicleYear,ThisCarCost,OtherCar,6.860287362897134e-122
VehicleYear,ThisCarCost,OtherCar,6.860287362897134e-122
VehicleYear,ThisCarCost,OtherCar,6.860287362897134e-122
VehicleYear,ThisCarCost,OtherCar,6.860287362897134e-122
VehicleYear,ThisCarCost,OtherCar,6.860287362897134e-122
VehicleYear,ThisCarCost,OtherCar,6.860287362897134e-122
VehicleYear,ThisCarCost,OtherCar,6.860287362897134e-122
VehicleYear,ThisCarCost,OtherCar,6.860287362897134e-122
VehicleYear,ThisCarCost,OtherCar,6.860287362897134e-122
VehicleYear,ThisCarCost,OtherCar,6.860287362897134e-122
VehicleYear,ThisCarCost,OtherCar,6.860287362897134e-122
VehicleYear,CarValue,OtherCar,5.092112518547178e-302
VehicleYear,CarValue,OtherCar,5.092112518547178e-302
VehicleYear,CarValue,OtherCar,5.092112518547178e-302
VehicleYear,CarValue,OtherCar,5.092112518547178e-302
VehicleYear,CarValue,OtherCar,5.092112518547178e-302
VehicleYear,CarValue,OtherCar,5.092112518547178e-302
VehicleYear,CarValue,OtherCar,5.092112518547178e-302
VehicleYear,CarValue,OtherCar,5.092112518547178e-302
VehicleYear,CarValue,OtherCar,5.092112518547178e-302
VehicleYear,CarValue,OtherCar,5.092112518547178e-302
VehicleYear,CarValue,OtherCar,5.092112518547178e-302
VehicleYear,CarValue,OtherCar,5.092112518547178e-302
VehicleYear,CarValue,OtherCar,5.092112518547178e-302
VehicleYear,CarValue,OtherCar,5.092112518547178e-302
VehicleYear,CarValue,OtherCar,5.092112518547178e-302
VehicleYear,CarValue,OtherCar,5.092112518547178e-302
VehicleYear,HomeBase,SocioEcon,0.25816725946520835
VehicleYear,HomeBase,SocioEcon,0.25816725946520835
VehicleYear,HomeBase,SocioEcon,0.25816725946520835
VehicleYear,HomeBase,SocioEcon,0.25816725946520835
VehicleYear,HomeBase,SocioEcon,0.25816725946520835
VehicleYear,HomeBase,SocioEcon,0.25816725946520835
VehicleYear,HomeBase,SocioEcon,0.25816725946520835
VehicleYear,HomeBase,SocioEcon,0.25816725946520835
VehicleYear,HomeBase,SocioEcon,0.25816725946520835
VehicleYear,HomeBase,SocioEcon,0.25816725946520835
VehicleYear,AntiTheft,Airbag,0.261399303827064
VehicleYear,AntiTheft,Airbag,0.261399303827064
VehicleYear,AntiTheft,Airbag,0.261399303827064
VehicleYear,AntiTheft,Airbag,0.261399303827064
VehicleYear,AntiTheft,Airbag,0.261399303827064
VehicleYear,AntiTheft,Airbag,0.261399303827064
VehicleYear,AntiTheft,Airbag,0.261399303827064
VehicleYear,AntiTheft,Airbag,0.261399303827064
VehicleYear,AntiTheft,Airbag,0.261399303827064
VehicleYear,PropCost,ThisCarCost,0.17876309619674544
VehicleYear,PropCost,ThisCarCost,0.17876309619674544
VehicleYear,PropCost,ThisCarCost,0.17876309619674544
VehicleYear,PropCost,ThisCarCost,0.17876309619674544
VehicleYear,OtherCarCost,Antilock,0.9772437170244338
VehicleYear,OtherCarCost,Antilock,0.9772437170244338
VehicleYear,OtherCar,SocioEcon,0.06130573388545754
VehicleYear,OtherCar,SocioEcon,0.06130573388545754
VehicleYear,OtherCar,SocioEcon,0.06130573388545754
VehicleYear,OtherCar,SocioEcon,0.06130573388545754
VehicleYear,OtherCar,SocioEcon,0.06130573388545754
VehicleYear,OtherCar,SocioEcon,0.06130573388545754
VehicleYear,OtherCar,SocioEcon,0.06130573388545754
VehicleYear,OtherCar,SocioEcon,0.06130573388545754
VehicleYear,OtherCar,SocioEcon,0.06130573388545754
VehicleYear,OtherCar,SocioEcon,0.06130573388545754
VehicleYear,OtherCar,SocioEcon,0.06130573388545754
VehicleYear,MedCost,Airbag,0.42774533431173534
VehicleYear,MedCost,Airbag,0.42774533431173534
VehicleYear,MedCost,Airbag,0.42774533431173534
VehicleYear,MedCost,Airbag,0.42774533431173534
VehicleYear,MedCost,Airbag,0.42774533431173534
VehicleYear,MedCost,Airbag,0.42774533431173534
VehicleYear,MedCost,Airbag,0.42774533431173534
VehicleYear,MedCost,Airbag,0.42774533431173534
VehicleYear,MedCost,Airbag,0.42774533431173534
VehicleYear,Cushioning,Airbag,0.0572406515318225
VehicleYear,Cushioning,Airbag,0.0572406515318225
VehicleYear,Cushioning,Airbag,0.0572406515318225
VehicleYear,Cushioning,Airbag,0.0572406515318225
VehicleYear,Cushioning,Airbag,0.0572406515318225
VehicleYear,Cushioning,Airbag,0.0572406515318225
VehicleYear,Cushioning,Airbag,0.0572406515318225
VehicleYear,Cushioning,Airbag,0.0572406515318225
VehicleYear,Cushioning,Airbag,0.0572406515318225
VehicleYear,Airbag,OtherCar,0.0
VehicleYear,Airbag,OtherCar,0.0
VehicleYear,Airbag,OtherCar,0.0
VehicleYear,Airbag,OtherCar,0.0
VehicleYear,Airbag,OtherCar,0.0
VehicleYear,Airbag,OtherCar,0.0
VehicleYear,Airbag,OtherCar,0.0
VehicleYear,Airbag,OtherCar,0.0
VehicleYear,Airbag,OtherCar,0.0
VehicleYear,Airbag,OtherCar,0.0
VehicleYear,Airbag,OtherCar,0.0
VehicleYear,Airbag,OtherCar,0.0
VehicleYear,Airbag,OtherCar,0.0
VehicleYear,Airbag,OtherCar,0.0
VehicleYear,Airbag,OtherCar,0.0
VehicleYear,Airbag,OtherCar,0.0
ThisCarDam,RuggedAuto,Cushioning,0.002817414591410707
ThisCarDam,RuggedAuto,Cushioning,0.002817414591410707
ThisCarDam,RuggedAuto,Cushioning,0.002817414591410707
ThisCarDam,RuggedAuto,Cushioning,0.002817414591410707
ThisCarDam,RuggedAuto,Cushioning,0.002817414591410707
ThisCarDam,RuggedAuto,Cushioning,0.002817414591410707
ThisCarDam,RuggedAuto,Cushioning,0.002817414591410707
ThisCarDam,RuggedAuto,Cushioning,0.002817414591410707
ThisCarDam,RuggedAuto,Cushioning,0.002817414591410707
ThisCarDam,RuggedAuto,Cushioning,0.002817414591410707
ThisCarDam,RuggedAuto,Cushioning,0.002817414591410707
ThisCarDam,RuggedAuto,Cushioning,0.002817414591410707
ThisCarDam,RuggedAuto,Cushioning,0.002817414591410707
ThisCarDam,RuggedAuto,Cushioning,0.002817414591410707
ThisCarDam,RuggedAuto,Cushioning,0.002817414591410707
ThisCarDam,RuggedAuto,Cushioning,0.002817414591410707
ThisCarDam,Accident,Cushioning,0.0
ThisCarDam,Accident,Cushioning,0.0
ThisCarDam,Accident,Cushioning,0.0
ThisCarDam,Accident,Cushioning,0.0
ThisCarDam,Accident,Cushioning,0.0
ThisCarDam,Accident,Cushioning,0.0
ThisCarDam,Accident,Cushioning,0.0
ThisCarDam,Accident,Cushioning,0.0
ThisCarDam,Accident,Cushioning,0.0
ThisCarDam,Accident,Cushioning,0.0
ThisCarDam,Accident,Cushioning,0.0
ThisCarDam,Accident,Cushioning,0.0
ThisCarDam,Accident,Cushioning,0.0
ThisCarDam,Accident,Cushioning,0.0
ThisCarDam,Accident,Cushioning,0.0
ThisCarDam,Accident,Cushioning,0.0
ThisCarDam,MakeModel,Antilock,0.057610116123623885
ThisCarDam,MakeModel,Antilock,0.057610116123623885
ThisCarDam,DrivQuality,Accident,0.10073203101404693
ThisCarDam,DrivQuality,Accident,0.10073203101404693
ThisCarDam,DrivQuality,Accident,0.10073203101404693
ThisCarDam,DrivQuality,Accident,0.10073203101404693
ThisCarDam,DrivQuality,Accident,0.10073203101404693
ThisCarDam,DrivQuality,Accident,0.10073203101404693
ThisCarDam,DrivQuality,Accident,0.10073203101404693
ThisCarDam,DrivQuality,Accident,0.10073203101404693
ThisCarDam,DrivQuality,Accident,0.10073203101404693
ThisCarDam,DrivQuality,Accident,0.10073203101404693
ThisCarDam,DrivQuality,Accident,0.10073203101404693
ThisCarDam,DrivQuality,Accident,0.10073203101404693
ThisCarDam,DrivQuality,Accident,0.10073203101404693
ThisCarDam,DrivQuality,Accident,0.10073203101404693
ThisCarDam,Mileage,ThisCarCost,0.28249533493506385
ThisCarDam,Mileage,ThisCarCost,0.28249533493506385
ThisCarDam,Mileage,ThisCarCost,0.28249533493506385
ThisCarDam,Mileage,ThisCarCost,0.28249533493506385
ThisCarDam,Mileage,ThisCarCost,0.28249533493506385
ThisCarDam,Antilock,Accident,0.5001078876733573
ThisCarDam,Antilock,Accident,0.5001078876733573
ThisCarDam,Antilock,Accident,0.5001078876733573
ThisCarDam,Antilock,Accident,0.5001078876733573
ThisCarDam,Antilock,Accident,0.5001078876733573
ThisCarDam,Antilock,Accident,0.5001078876733573
ThisCarDam,Antilock,Accident,0.5001078876733573
ThisCarDam,Antilock,Accident,0.5001078876733573
ThisCarDam,Antilock,Accident,0.5001078876733573
ThisCarDam,Antilock,Accident,0.5001078876733573
ThisCarDam,Antilock,Accident,0.5001078876733573
ThisCarDam,Antilock,Accident,0.5001078876733573
ThisCarDam,Antilock,Accident,0.5001078876733573
ThisCarDam,Antilock,Accident,0.5001078876733573
ThisCarDam,DrivingSkill,Antilock,0.07605010180453774
ThisCarDam,ThisCarCost,Cushioning,0.0
ThisCarDam,ThisCarCost,Cushioning,0.0
ThisCarDam,ThisCarCost,Cushioning,0.0
ThisCarDam,ThisCarCost,Cushioning,0.0
ThisCarDam,ThisCarCost,Cushioning,0.0
ThisCarDam,ThisCarCost,Cushioning,0.0
ThisCarDam,ThisCarCost,Cushioning,0.0
ThisCarDam,ThisCarCost,Cushioning,0.0
ThisCarDam,ThisCarCost,Cushioning,0.0
ThisCarDam,ThisCarCost,Cushioning,0.0
ThisCarDam,ThisCarCost,Cushioning,0.0
ThisCarDam,ThisCarCost,Cushioning,0.0
ThisCarDam,ThisCarCost,Cushioning,0.0
ThisCarDam,ThisCarCost,Cushioning,0.0
ThisCarDam,ThisCarCost,Cushioning,0.0
ThisCarDam,ThisCarCost,Cushioning,0.0
ThisCarDam,CarValue,Antilock,0.8166161115322863
ThisCarDam,CarValue,Antilock,0.8166161115322863
ThisCarDam,PropCost,Cushioning,8.89475994810708e-300
ThisCarDam,PropCost,Cushioning,8.89475994810708e-300
ThisCarDam,PropCost,Cushioning,8.89475994810708e-300
ThisCarDam,PropCost,Cushioning,8.89475994810708e-300
ThisCarDam,PropCost,Cushioning,8.89475994810708e-300
ThisCarDam,PropCost,Cushioning,8.89475994810708e-300
ThisCarDam,PropCost,Cushioning,8.89475994810708e-300
ThisCarDam,PropCost,Cushioning,8.89475994810708e-300
ThisCarDam,PropCost,Cushioning,8.89475994810708e-300
ThisCarDam,PropCost,Cushioning,8.89475994810708e-300
ThisCarDam,PropCost,Cushioning,8.89475994810708e-300
ThisCarDam,PropCost,Cushioning,8.89475994810708e-300
ThisCarDam,PropCost,Cushioning,8.89475994810708e-300
ThisCarDam,PropCost,Cushioning,8.89475994810708e-300
ThisCarDam,PropCost,Cushioning,8.89475994810708e-300
ThisCarDam,PropCost,Cushioning,8.89475994810708e-300
ThisCarDam,OtherCarCost,Cushioning,2.7285356635181443e-211
ThisCarDam,OtherCarCost,Cushioning,2.7285356635181443e-211
ThisCarDam,OtherCarCost,Cushioning,2.7285356635181443e-211
ThisCarDam,OtherCarCost,Cushioning,2.7285356635181443e-211
ThisCarDam,OtherCarCost,Cushioning,2.7285356635181443e-211
ThisCarDam,OtherCarCost,Cushioning,2.7285356635181443e-211
ThisCarDam,OtherCarCost,Cushioning,2.7285356635181443e-211
ThisCarDam,OtherCarCost,Cushioning,2.7285356635181443e-211
ThisCarDam,OtherCarCost,Cushioning,2.7285356635181443e-211
ThisCarDam,OtherCarCost,Cushioning,2.7285356635181443e-211
ThisCarDam,OtherCarCost,Cushioning,2.7285356635181443e-211
ThisCarDam,OtherCarCost,Cushioning,2.7285356635181443e-211
ThisCarDam,OtherCarCost,Cushioning,2.7285356635181443e-211
ThisCarDam,OtherCarCost,Cushioning,2.7285356635181443e-211
ThisCarDam,OtherCarCost,Cushioning,2.7285356635181443e-211
ThisCarDam,OtherCarCost,Cushioning,2.7285356635181443e-211
ThisCarDam,MedCost,Cushioning,3.6994658091911034e-89
ThisCarDam,MedCost,Cushioning,3.6994658091911034e-89
ThisCarDam,MedCost,Cushioning,3.6994658091911034e-89
ThisCarDam,MedCost,Cushioning,3.6994658091911034e-89
ThisCarDam,MedCost,Cushioning,3.6994658091911034e-89
ThisCarDam,MedCost,Cushioning,3.6994658091911034e-89
ThisCarDam,MedCost,Cushioning,3.6994658091911034e-89
ThisCarDam,MedCost,Cushioning,3.6994658091911034e-89
ThisCarDam,MedCost,Cushioning,3.6994658091911034e-89
ThisCarDam,MedCost,Cushioning,3.6994658091911034e-89
ThisCarDam,MedCost,Cushioning,3.6994658091911034e-89
ThisCarDam,MedCost,Cushioning,3.6994658091911034e-89
ThisCarDam,MedCost,Cushioning,3.6994658091911034e-89
ThisCarDam,MedCost,Cushioning,3.6994658091911034e-89
ThisCarDam,MedCost,Cushioning,3.6994658091911034e-89
ThisCarDam,MedCost,Cushioning,3.6994658091911034e-89
ThisCarDam,Cushioning,RuggedAuto,0.8562015362231341
ThisCarDam,Cushioning,RuggedAuto,0.8562015362231341
ThisCarDam,Cushioning,RuggedAuto,0.8562015362231341
ThisCarDam,Cushioning,RuggedAuto,0.8562015362231341
ThisCarDam,Cushioning,RuggedAuto,0.8562015362231341
ThisCarDam,Cushioning,RuggedAuto,0.8562015362231341
ThisCarDam,Cushioning,RuggedAuto,0.8562015362231341
ThisCarDam,Airbag,Antilock,0.49438101230357856
ThisCarDam,Airbag,Antilock,0.49438101230357856
ThisCarDam,ILiCost,Cushioning,2.510653288307451e-18
ThisCarDam,ILiCost,Cushioning,2.510653288307451e-18
ThisCarDam,ILiCost,Cushioning,2.510653288307451e-18
ThisCarDam,ILiCost,Cushioning,2.510653288307451e-18
ThisCarDam,ILiCost,Cushioning,2.510653288307451e-18
ThisCarDam,ILiCost,Cushioning,2.510653288307451e-18
ThisCarDam,ILiCost,Cushioning,2.510653288307451e-18
ThisCarDam,ILiCost,Cushioning,2.510653288307451e-18
ThisCarDam,ILiCost,Cushioning,2.510653288307451e-18
ThisCarDam,ILiCost,Cushioning,2.510653288307451e-18
ThisCarDam,ILiCost,Cushioning,2.510653288307451e-18
ThisCarDam,ILiCost,Cushioning,2.510653288307451e-18
ThisCarDam,ILiCost,Cushioning,2.510653288307451e-18
ThisCarDam,ILiCost,Cushioning,2.510653288307451e-18
ThisCarDam,ILiCost,Cushioning,2.510653288307451e-18
ThisCarDam,ILiCost,Cushioning,2.510653288307451e-18
RuggedAuto,Accident,OtherCar,6.385837436441699e-10
RuggedAuto,Accident,OtherCar,6.385837436441699e-10
RuggedAuto,Accident,OtherCar,6.385837436441699e-10
RuggedAuto,Accident,OtherCar,6.385837436441699e-10
RuggedAuto,Accident,OtherCar,6.385837436441699e-10
RuggedAuto,Accident,OtherCar,6.385837436441699e-10
RuggedAuto,Accident,OtherCar,6.385837436441699e-10
RuggedAuto,Accident,OtherCar,6.385837436441699e-10
RuggedAuto,Accident,OtherCar,6.385837436441699e-10
RuggedAuto,Accident,OtherCar,6.385837436441699e-10
RuggedAuto,Accident,OtherCar,6.385837436441699e-10
RuggedAuto,Accident,OtherCar,6.385837436441699e-10
RuggedAuto,Accident,OtherCar,6.385837436441699e-10
RuggedAuto,Accident,OtherCar,6.385837436441699e-10
RuggedAuto,Accident,OtherCar,6.385837436441699e-10
RuggedAuto,Accident,OtherCar,6.385837436441699e-10
RuggedAuto,Accident,OtherCar,6.385837436441699e-10
RuggedAuto,MakeModel,OtherCar,0.0
RuggedAuto,MakeModel,OtherCar,0.0
RuggedAuto,MakeModel,OtherCar,0.0
RuggedAuto,MakeModel,OtherCar,0.0
RuggedAuto,MakeModel,OtherCar,0.0
RuggedAuto,MakeModel,OtherCar,0.0
RuggedAuto,MakeModel,OtherCar,0.0
RuggedAuto,MakeModel,OtherCar,0.0
RuggedAuto,MakeModel,OtherCar,0.0
RuggedAuto,MakeModel,OtherCar,0.0
RuggedAuto,MakeModel,OtherCar,0.0
RuggedAuto,MakeModel,OtherCar,0.0
RuggedAuto,MakeModel,OtherCar,0.0
RuggedAuto,MakeModel,OtherCar,0.0
RuggedAuto,MakeModel,OtherCar,0.0
RuggedAuto,MakeModel,OtherCar,0.0
RuggedAuto,MakeModel,OtherCar,0.0
RuggedAuto,Mileage,ThisCarDam,0.0589784341116876
RuggedAuto,Antilock,ThisCarCost,0.14729693449308215
RuggedAuto,Antilock,ThisCarCost,0.14729693449308215
RuggedAuto,Antilock,ThisCarCost,0.14729693449308215
RuggedAuto,ThisCarCost,OtherCar,3.480752431735364e-19
RuggedAuto,ThisCarCost,OtherCar,3.480752431735364e-19
RuggedAuto,ThisCarCost,OtherCar,3.480752431735364e-19
RuggedAuto,ThisCarCost,OtherCar,3.480752431735364e-19
RuggedAuto,ThisCarCost,OtherCar,3.480752431735364e-19
RuggedAuto,ThisCarCost,OtherCar,3.480752431735364e-19
RuggedAuto,ThisCarCost,OtherCar,3.480752431735364e-19
RuggedAuto,ThisCarCost,OtherCar,3.480752431735364e-19
RuggedAuto,ThisCarCost,OtherCar,3.480752431735364e-19
RuggedAuto,ThisCarCost,OtherCar,3.480752431735364e-19
RuggedAuto,ThisCarCost,OtherCar,3.480752431735364e-19
RuggedAuto,ThisCarCost,OtherCar,3.480752431735364e-19
RuggedAuto,ThisCarCost,OtherCar,3.480752431735364e-19
RuggedAuto,ThisCarCost,OtherCar,3.480752431735364e-19
RuggedAuto,ThisCarCost,OtherCar,3.480752431735364e-19
RuggedAuto,ThisCarCost,OtherCar,3.480752431735364e-19
RuggedAuto,ThisCarCost,OtherCar,3.480752431735364e-19
RuggedAuto,CarValue,OtherCar,5.518563332608027e-28
RuggedAuto,CarValue,OtherCar,5.518563332608027e-28
RuggedAuto,CarValue,OtherCar,5.518563332608027e-28
RuggedAuto,CarValue,OtherCar,5.518563332608027e-28
RuggedAuto,CarValue,OtherCar,5.518563332608027e-28
RuggedAuto,CarValue,OtherCar,5.518563332608027e-28
RuggedAuto,CarValue,OtherCar,5.518563332608027e-28
RuggedAuto,CarValue,OtherCar,5.518563332608027e-28
RuggedAuto,CarValue,OtherCar,5.518563332608027e-28
RuggedAuto,CarValue,OtherCar,5.518563332608027e-28
RuggedAuto,CarValue,OtherCar,5.518563332608027e-28
RuggedAuto,CarValue,OtherCar,5.518563332608027e-28
RuggedAuto,CarValue,OtherCar,5.518563332608027e-28
RuggedAuto,CarValue,OtherCar,5.518563332608027e-28
RuggedAuto,CarValue,OtherCar,5.518563332608027e-28
RuggedAuto,CarValue,OtherCar,5.518563332608027e-28
RuggedAuto,CarValue,OtherCar,5.518563332608027e-28
RuggedAuto,HomeBase,SocioEcon,0.3593310280152883
RuggedAuto,HomeBase,SocioEcon,0.3593310280152883
RuggedAuto,HomeBase,SocioEcon,0.3593310280152883
RuggedAuto,HomeBase,SocioEcon,0.3593310280152883
RuggedAuto,HomeBase,SocioEcon,0.3593310280152883
RuggedAuto,HomeBase,SocioEcon,0.3593310280152883
RuggedAuto,HomeBase,SocioEcon,0.3593310280152883
RuggedAuto,HomeBase,SocioEcon,0.3593310280152883
RuggedAuto,HomeBase,SocioEcon,0.3593310280152883
RuggedAuto,HomeBase,SocioEcon,0.3593310280152883
RuggedAuto,HomeBase,SocioEcon,0.3593310280152883
RuggedAuto,AntiTheft,HomeBase,0.10240706647482464
RuggedAuto,AntiTheft,HomeBase,0.10240706647482464
RuggedAuto,AntiTheft,HomeBase,0.10240706647482464
RuggedAuto,AntiTheft,HomeBase,0.10240706647482464
RuggedAuto,AntiTheft,HomeBase,0.10240706647482464
RuggedAuto,AntiTheft,HomeBase,0.10240706647482464
RuggedAuto,AntiTheft,HomeBase,0.10240706647482464
RuggedAuto,AntiTheft,HomeBase,0.10240706647482464
RuggedAuto,PropCost,MakeModel,0.3958573472586185
RuggedAuto,PropCost,MakeModel,0.3958573472586185
RuggedAuto,PropCost,MakeModel,0.3958573472586185
RuggedAuto,PropCost,MakeModel,0.3958573472586185
RuggedAuto,PropCost,MakeModel,0.3958573472586185
RuggedAuto,PropCost,MakeModel,0.3958573472586185
RuggedAuto,PropCost,MakeModel,0.3958573472586185
RuggedAuto,PropCost,MakeModel,0.3958573472586185
RuggedAuto,PropCost,MakeModel,0.3958573472586185
RuggedAuto,PropCost,MakeModel,0.3958573472586185
RuggedAuto,PropCost,MakeModel,0.3958573472586185
RuggedAuto,PropCost,MakeModel,0.3958573472586185
RuggedAuto,OtherCarCost,OtherCar,1.1603843719447951e-17
RuggedAuto,OtherCarCost,OtherCar,1.1603843719447951e-17
RuggedAuto,OtherCarCost,OtherCar,1.1603843719447951e-17
RuggedAuto,OtherCarCost,OtherCar,1.1603843719447951e-17
RuggedAuto,OtherCarCost,OtherCar,1.1603843719447951e-17
RuggedAuto,OtherCarCost,OtherCar,1.1603843719447951e-17
RuggedAuto,OtherCarCost,OtherCar,1.1603843719447951e-17
RuggedAuto,OtherCarCost,OtherCar,1.1603843719447951e-17
RuggedAuto,OtherCarCost,OtherCar,1.1603843719447951e-17
RuggedAuto,OtherCarCost,OtherCar,1.1603843719447951e-17
RuggedAuto,OtherCarCost,OtherCar,1.1603843719447951e-17
RuggedAuto,OtherCarCost,OtherCar,1.1603843719447951e-17
RuggedAuto,OtherCarCost,OtherCar,1.1603843719447951e-17
RuggedAuto,OtherCarCost,OtherCar,1.1603843719447951e-17
RuggedAuto,OtherCarCost,OtherCar,1.1603843719447951e-17
RuggedAuto,OtherCarCost,OtherCar,1.1603843719447951e-17
RuggedAuto,OtherCarCost,OtherCar,1.1603843719447951e-17
RuggedAuto,OtherCar,HomeBase,0.09726904423540525
RuggedAuto,OtherCar,HomeBase,0.09726904423540525
RuggedAuto,OtherCar,HomeBase,0.09726904423540525
RuggedAuto,OtherCar,HomeBase,0.09726904423540525
RuggedAuto,OtherCar,HomeBase,0.09726904423540525
RuggedAuto,OtherCar,HomeBase,0.09726904423540525
RuggedAuto,OtherCar,HomeBase,0.09726904423540525
RuggedAuto,OtherCar,HomeBase,0.09726904423540525
RuggedAuto,MedCost,Cushioning,0.24451416979039836
RuggedAuto,MedCost,Cushioning,0.24451416979039836
RuggedAuto,MedCost,Cushioning,0.24451416979039836
RuggedAuto,MedCost,Cushioning,0.24451416979039836
RuggedAuto,MedCost,Cushioning,0.24451416979039836
RuggedAuto,MedCost,Cushioning,0.24451416979039836
RuggedAuto,MedCost,Cushioning,0.24451416979039836
RuggedAuto,MedCost,Cushioning,0.24451416979039836
RuggedAuto,MedCost,Cushioning,0.24451416979039836
RuggedAuto,MedCost,Cushioning,0.24451416979039836
RuggedAuto,MedCost,Cushioning,0.24451416979039836
RuggedAuto,MedCost,Cushioning,0.24451416979039836
RuggedAuto,MedCost,Cushioning,0.24451416979039836
RuggedAuto,MedCost,Cushioning,0.24451416979039836
RuggedAuto,MedCost,Cushioning,0.24451416979039836
RuggedAuto,MedCost,Cushioning,0.24451416979039836
RuggedAuto,Cushioning,OtherCar,0.0
RuggedAuto,Cushioning,OtherCar,0.0
RuggedAuto,Cushioning,OtherCar,0.0
RuggedAuto,Cushioning,OtherCar,0.0
RuggedAuto,Cushioning,OtherCar,0.0
RuggedAuto,Cushioning,OtherCar,0.0
RuggedAuto,Cushioning,OtherCar,0.0
RuggedAuto,Cushioning,OtherCar,0.0
RuggedAuto,Cushioning,OtherCar,0.0
RuggedAuto,Cushioning,OtherCar,0.0
RuggedAuto,Cushioning,OtherCar,0.0
RuggedAuto,Cushioning,OtherCar,0.0
RuggedAuto,Cushioning,OtherCar,0.0
RuggedAuto,Cushioning,OtherCar,0.0
RuggedAuto,Cushioning,OtherCar,0.0
RuggedAuto,Cushioning,OtherCar,0.0
RuggedAuto,Cushioning,OtherCar,0.0
RuggedAuto,Airbag,OtherCar,9.877452126921164e-33
RuggedAuto,Airbag,OtherCar,9.877452126921164e-33
RuggedAuto,Airbag,OtherCar,9.877452126921164e-33
RuggedAuto,Airbag,OtherCar,9.877452126921164e-33
RuggedAuto,Airbag,OtherCar,9.877452126921164e-33
RuggedAuto,Airbag,OtherCar,9.877452126921164e-33
RuggedAuto,Airbag,OtherCar,9.877452126921164e-33
RuggedAuto,Airbag,OtherCar,9.877452126921164e-33
RuggedAuto,Airbag,OtherCar,9.877452126921164e-33
RuggedAuto,Airbag,OtherCar,9.877452126921164e-33
RuggedAuto,Airbag,OtherCar,9.877452126921164e-33
RuggedAuto,Airbag,OtherCar,9.877452126921164e-33
RuggedAuto,Airbag,OtherCar,9.877452126921164e-33
RuggedAuto,Airbag,OtherCar,9.877452126921164e-33
RuggedAuto,Airbag,OtherCar,9.877452126921164e-33
RuggedAuto,Airbag,OtherCar,9.877452126921164e-33
RuggedAuto,Airbag,OtherCar,9.877452126921164e-33
Accident,MakeModel,Cushioning,6.914089929807616e-06
Accident,MakeModel,Cushioning,6.914089929807616e-06
Accident,MakeModel,Cushioning,6.914089929807616e-06
Accident,MakeModel,Cushioning,6.914089929807616e-06
Accident,MakeModel,Cushioning,6.914089929807616e-06
Accident,MakeModel,Cushioning,6.914089929807616e-06
Accident,MakeModel,Cushioning,6.914089929807616e-06
Accident,MakeModel,Cushioning,6.914089929807616e-06
Accident,MakeModel,Cushioning,6.914089929807616e-06
Accident,MakeModel,Cushioning,6.914089929807616e-06
Accident,MakeModel,Cushioning,6.914089929807616e-06
Accident,MakeModel,Cushioning,6.914089929807616e-06
Accident,MakeModel,Cushioning,6.914089929807616e-06
Accident,MakeModel,Cushioning,6.914089929807616e-06
Accident,MakeModel,Cushioning,6.914089929807616e-06
Accident,MakeModel,Cushioning,6.914089929807616e-06
Accident,DrivQuality,Cushioning,4.730062565193845e-07
Accident,DrivQuality,Cushioning,4.730062565193845e-07
Accident,DrivQuality,Cushioning,4.730062565193845e-07
Accident,DrivQuality,Cushioning,4.730062565193845e-07
Accident,DrivQuality,Cushioning,4.730062565193845e-07
Accident,DrivQuality,Cushioning,4.730062565193845e-07
Accident,DrivQuality,Cushioning,4.730062565193845e-07
Accident,DrivQuality,Cushioning,4.730062565193845e-07
Accident,DrivQuality,Cushioning,4.730062565193845e-07
Accident,DrivQuality,Cushioning,4.730062565193845e-07
Accident,DrivQuality,Cushioning,4.730062565193845e-07
Accident,DrivQuality,Cushioning,4.730062565193845e-07
Accident,DrivQuality,Cushioning,4.730062565193845e-07
Accident,DrivQuality,Cushioning,4.730062565193845e-07
Accident,DrivQuality,Cushioning,4.730062565193845e-07
Accident,DrivQuality,Cushioning,4.730062565193845e-07
Accident,Mileage,Cushioning,3.077542548513908e-07
Accident,Mileage,Cushioning,3.077542548513908e-07
Accident,Mileage,Cushioning,3.077542548513908e-07
Accident,Mileage,Cushioning,3.077542548513908e-07
Accident,Mileage,Cushioning,3.077542548513908e-07
Accident,Mileage,Cushioning,3.077542548513908e-07
Accident,Mileage,Cushioning,3.077542548513908e-07
Accident,Mileage,Cushioning,3.077542548513908e-07
Accident,Mileage,Cushioning,3.077542548513908e-07
Accident,Mileage,Cushioning,3.077542548513908e-07
Accident,Mileage,Cushioning,3.077542548513908e-07
Accident,Mileage,Cushioning,3.077542548513908e-07
Accident,Mileage,Cushioning,3.077542548513908e-07
Accident,Mileage,Cushioning,3.077542548513908e-07
Accident,Mileage,Cushioning,3.077542548513908e-07
Accident,Mileage,Cushioning,3.077542548513908e-07
Accident,Antilock,Cushioning,1.6166849349264372e-16
Accident,Antilock,Cushioning,1.6166849349264372e-16
Accident,Antilock,Cushioning,1.6166849349264372e-16
Accident,Antilock,Cushioning,1.6166849349264372e-16
Accident,Antilock,Cushioning,1.6166849349264372e-16
Accident,Antilock,Cushioning,1.6166849349264372e-16
Accident,Antilock,Cushioning,1.6166849349264372e-16
Accident,Antilock,Cushioning,1.6166849349264372e-16
Accident,Antilock,Cushioning,1.6166849349264372e-16
Accident,Antilock,Cushioning,1.6166849349264372e-16
Accident,Antilock,Cushioning,1.6166849349264372e-16
Accident,Antilock,Cushioning,1.6166849349264372e-16
Accident,Antilock,Cushioning,1.6166849349264372e-16
Accident,Antilock,Cushioning,1.6166849349264372e-16
Accident,Antilock,Cushioning,1.6166849349264372e-16
Accident,Antilock,Cushioning,1.6166849349264372e-16
Accident,DrivingSkill,OtherCarCost,0.08539456620525979
Accident,DrivingSkill,OtherCarCost,0.08539456620525979
Accident,DrivingSkill,OtherCarCost,0.08539456620525979
Accident,DrivingSkill,OtherCarCost,0.08539456620525979
Accident,ThisCarCost,ThisCarDam,0.09147995638828714
Accident,CarValue,ThisCarDam,0.3541091061610293
Accident,PropCost,Cushioning,4.9328037559719716e-294
Accident,PropCost,Cushioning,4.9328037559719716e-294
Accident,PropCost,Cushioning,4.9328037559719716e-294
Accident,PropCost,Cushioning,4.9328037559719716e-294
Accident,PropCost,Cushioning,4.9328037559719716e-294
Accident,PropCost,Cushioning,4.9328037559719716e-294
Accident,PropCost,Cushioning,4.9328037559719716e-294
Accident,PropCost,Cushioning,4.9328037559719716e-294
Accident,PropCost,Cushioning,4.9328037559719716e-294
Accident,PropCost,Cushioning,4.9328037559719716e-294
Accident,PropCost,Cushioning,4.9328037559719716e-294
Accident,PropCost,Cushioning,4.9328037559719716e-294
Accident,PropCost,Cushioning,4.9328037559719716e-294
Accident,PropCost,Cushioning,4.9328037559719716e-294
Accident,PropCost,Cushioning,4.9328037559719716e-294
Accident,PropCost,Cushioning,4.9328037559719716e-294
Accident,OtherCarCost,Cushioning,1.6978618063687986e-304
Accident,OtherCarCost,Cushioning,1.6978618063687986e-304
Accident,OtherCarCost,Cushioning,1.6978618063687986e-304
Accident,OtherCarCost,Cushioning,1.6978618063687986e-304
Accident,OtherCarCost,Cushioning,1.6978618063687986e-304
Accident,OtherCarCost,Cushioning,1.6978618063687986e-304
Accident,OtherCarCost,Cushioning,1.6978618063687986e-304
Accident,OtherCarCost,Cushioning,1.6978618063687986e-304
Accident,OtherCarCost,Cushioning,1.6978618063687986e-304
Accident,OtherCarCost,Cushioning,1.6978618063687986e-304
Accident,OtherCarCost,Cushioning,1.6978618063687986e-304
Accident,OtherCarCost,Cushioning,1.6978618063687986e-304
Accident,OtherCarCost,Cushioning,1.6978618063687986e-304
Accident,OtherCarCost,Cushioning,1.6978618063687986e-304
Accident,OtherCarCost,Cushioning,1.6978618063687986e-304
Accident,OtherCarCost,Cushioning,1.6978618063687986e-304
Accident,MedCost,Cushioning,3.5225476457416313e-104
Accident,MedCost,Cushioning,3.5225476457416313e-104
Accident,MedCost,Cushioning,3.5225476457416313e-104
Accident,MedCost,Cushioning,3.5225476457416313e-104
Accident,MedCost,Cushioning,3.5225476457416313e-104
Accident,MedCost,Cushioning,3.5225476457416313e-104
Accident,MedCost,Cushioning,3.5225476457416313e-104
Accident,MedCost,Cushioning,3.5225476457416313e-104
Accident,MedCost,Cushioning,3.5225476457416313e-104
Accident,MedCost,Cushioning,3.5225476457416313e-104
Accident,MedCost,Cushioning,3.5225476457416313e-104
Accident,MedCost,Cushioning,3.5225476457416313e-104
Accident,MedCost,Cushioning,3.5225476457416313e-104
Accident,MedCost,Cushioning,3.5225476457416313e-104
Accident,MedCost,Cushioning,3.5225476457416313e-104
Accident,MedCost,Cushioning,3.5225476457416313e-104
Accident,Cushioning,ILiCost,0.5861750705240971
Accident,Cushioning,ILiCost,0.5861750705240971
Accident,Cushioning,ILiCost,0.5861750705240971
Accident,Cushioning,ILiCost,0.5861750705240971
Accident,Airbag,ThisCarDam,0.14032009510947516
Accident,ILiCost,Cushioning,1.200858106428761e-26
Accident,ILiCost,Cushioning,1.200858106428761e-26
Accident,ILiCost,Cushioning,1.200858106428761e-26
Accident,ILiCost,Cushioning,1.200858106428761e-26
Accident,ILiCost,Cushioning,1.200858106428761e-26
Accident,ILiCost,Cushioning,1.200858106428761e-26
Accident,ILiCost,Cushioning,1.200858106428761e-26
Accident,ILiCost,Cushioning,1.200858106428761e-26
Accident,ILiCost,Cushioning,1.200858106428761e-26
Accident,ILiCost,Cushioning,1.200858106428761e-26
Accident,ILiCost,Cushioning,1.200858106428761e-26
Accident,ILiCost,Cushioning,1.200858106428761e-26
Accident,ILiCost,Cushioning,1.200858106428761e-26
Accident,ILiCost,Cushioning,1.200858106428761e-26
Accident,ILiCost,Cushioning,1.200858106428761e-26
Accident,ILiCost,Cushioning,1.200858106428761e-26
MakeModel,Antilock,OtherCar,6.951136919246853e-204
MakeModel,Antilock,OtherCar,6.951136919246853e-204
MakeModel,Antilock,OtherCar,6.951136919246853e-204
MakeModel,Antilock,OtherCar,6.951136919246853e-204
MakeModel,Antilock,OtherCar,6.951136919246853e-204
MakeModel,Antilock,OtherCar,6.951136919246853e-204
MakeModel,Antilock,OtherCar,6.951136919246853e-204
MakeModel,Antilock,OtherCar,6.951136919246853e-204
MakeModel,Antilock,OtherCar,6.951136919246853e-204
MakeModel,Antilock,OtherCar,6.951136919246853e-204
MakeModel,Antilock,OtherCar,6.951136919246853e-204
MakeModel,Antilock,OtherCar,6.951136919246853e-204
MakeModel,Antilock,OtherCar,6.951136919246853e-204
MakeModel,Antilock,OtherCar,6.951136919246853e-204
MakeModel,Antilock,OtherCar,6.951136919246853e-204
MakeModel,Antilock,OtherCar,6.951136919246853e-204
MakeModel,Antilock,OtherCar,6.951136919246853e-204
MakeModel,Antilock,OtherCar,6.951136919246853e-204
MakeModel,ThisCarCost,OtherCar,1.0688707383777477e-115
MakeModel,ThisCarCost,OtherCar,1.0688707383777477e-115
MakeModel,ThisCarCost,OtherCar,1.0688707383777477e-115
MakeModel,ThisCarCost,OtherCar,1.0688707383777477e-115
MakeModel,ThisCarCost,OtherCar,1.0688707383777477e-115
MakeModel,ThisCarCost,OtherCar,1.0688707383777477e-115
MakeModel,ThisCarCost,OtherCar,1.0688707383777477e-115
MakeModel,ThisCarCost,OtherCar,1.0688707383777477e-115
MakeModel,ThisCarCost,OtherCar,1.0688707383777477e-115
MakeModel,ThisCarCost,OtherCar,1.0688707383777477e-115
MakeModel,ThisCarCost,OtherCar,1.0688707383777477e-115
MakeModel,ThisCarCost,OtherCar,1.0688707383777477e-115
MakeModel,ThisCarCost,OtherCar,1.0688707383777477e-115
MakeModel,ThisCarCost,OtherCar,1.0688707383777477e-115
MakeModel,ThisCarCost,OtherCar,1.0688707383777477e-115
MakeModel,ThisCarCost,OtherCar,1.0688707383777477e-115
MakeModel,ThisCarCost,OtherCar,1.0688707383777477e-115
MakeModel,ThisCarCost,OtherCar,1.0688707383777477e-115
MakeModel,Theft,GoodStudent,0.07421064424070888
MakeModel,Theft,GoodStudent,0.07421064424070888
MakeModel,Theft,GoodStudent,0.07421064424070888
MakeModel,Theft,GoodStudent,0.07421064424070888
MakeModel,Theft,GoodStudent,0.07421064424070888
MakeModel,Theft,GoodStudent,0.07421064424070888
MakeModel,Theft,GoodStudent,0.07421064424070888
MakeModel,CarValue,OtherCar,0.0
MakeModel,CarValue,OtherCar,0.0
MakeModel,CarValue,OtherCar,0.0
MakeModel,CarValue,OtherCar,0.0
MakeModel,CarValue,OtherCar,0.0
MakeModel,CarValue,OtherCar,0.0
MakeModel,CarValue,OtherCar,0.0
MakeModel,CarValue,OtherCar,0.0
MakeModel,CarValue,OtherCar,0.0
MakeModel,CarValue,OtherCar,0.0
MakeModel,CarValue,OtherCar,0.0
MakeModel,CarValue,OtherCar,0.0
MakeModel,CarValue,OtherCar,0.0
MakeModel,CarValue,OtherCar,0.0
MakeModel,CarValue,OtherCar,0.0
MakeModel,CarValue,OtherCar,0.0
MakeModel,CarValue,OtherCar,0.0
MakeModel,CarValue,OtherCar,0.0
MakeModel,HomeBase,SocioEcon,0.24435826500791843
MakeModel,HomeBase,SocioEcon,0.24435826500791843
MakeModel,HomeBase,SocioEcon,0.24435826500791843
MakeModel,HomeBase,SocioEcon,0.24435826500791843
MakeModel,HomeBase,SocioEcon,0.24435826500791843
MakeModel,HomeBase,SocioEcon,0.24435826500791843
MakeModel,HomeBase,SocioEcon,0.24435826500791843
MakeModel,HomeBase,SocioEcon,0.24435826500791843
MakeModel,HomeBase,SocioEcon,0.24435826500791843
MakeModel,HomeBase,SocioEcon,0.24435826500791843
MakeModel,HomeBase,SocioEcon,0.24435826500791843
MakeModel,HomeBase,SocioEcon,0.24435826500791843
MakeModel,HomeBase,SocioEcon,0.24435826500791843
MakeModel,AntiTheft,SocioEcon,0.9576664366285539
MakeModel,AntiTheft,SocioEcon,0.9576664366285539
MakeModel,AntiTheft,SocioEcon,0.9576664366285539
MakeModel,AntiTheft,SocioEcon,0.9576664366285539
MakeModel,AntiTheft,SocioEcon,0.9576664366285539
MakeModel,AntiTheft,SocioEcon,0.9576664366285539
MakeModel,AntiTheft,SocioEcon,0.9576664366285539
MakeModel,AntiTheft,SocioEcon,0.9576664366285539
MakeModel,AntiTheft,SocioEcon,0.9576664366285539
MakeModel,AntiTheft,SocioEcon,0.9576664366285539
MakeModel,AntiTheft,SocioEcon,0.9576664366285539
MakeModel,AntiTheft,SocioEcon,0.9576664366285539
MakeModel,AntiTheft,SocioEcon,0.9576664366285539
MakeModel,PropCost,CarValue,0.9336842672959199
MakeModel,PropCost,CarValue,0.9336842672959199
MakeModel,PropCost,CarValue,0.9336842672959199
MakeModel,PropCost,CarValue,0.9336842672959199
MakeModel,PropCost,CarValue,0.9336842672959199
MakeModel,PropCost,CarValue,0.9336842672959199
MakeModel,PropCost,CarValue,0.9336842672959199
MakeModel,PropCost,CarValue,0.9336842672959199
MakeModel,PropCost,CarValue,0.9336842672959199
MakeModel,PropCost,CarValue,0.9336842672959199
MakeModel,PropCost,CarValue,0.9336842672959199
MakeModel,PropCost,CarValue,0.9336842672959199
MakeModel,PropCost,CarValue,0.9336842672959199
MakeModel,PropCost,CarValue,0.9336842672959199
MakeModel,OtherCarCost,OtherCar,5.6370719926036315e-08
MakeModel,OtherCarCost,OtherCar,5.6370719926036315e-08
MakeModel,OtherCarCost,OtherCar,5.6370719926036315e-08
MakeModel,OtherCarCost,OtherCar,5.6370719926036315e-08
MakeModel,OtherCarCost,OtherCar,5.6370719926036315e-08
MakeModel,OtherCarCost,OtherCar,5.6370719926036315e-08
MakeModel,OtherCarCost,OtherCar,5.6370719926036315e-08
MakeModel,OtherCarCost,OtherCar,5.6370719926036315e-08
MakeModel,OtherCarCost,OtherCar,5.6370719926036315e-08
MakeModel,OtherCarCost,OtherCar,5.6370719926036315e-08
MakeModel,OtherCarCost,OtherCar,5.6370719926036315e-08
MakeModel,OtherCarCost,OtherCar,5.6370719926036315e-08
MakeModel,OtherCarCost,OtherCar,5.6370719926036315e-08
MakeModel,OtherCarCost,OtherCar,5.6370719926036315e-08
MakeModel,OtherCarCost,OtherCar,5.6370719926036315e-08
MakeModel,OtherCarCost,OtherCar,5.6370719926036315e-08
MakeModel,OtherCarCost,OtherCar,5.6370719926036315e-08
MakeModel,OtherCarCost,OtherCar,5.6370719926036315e-08
MakeModel,OtherCar,SocioEcon,0.6211241365385918
MakeModel,OtherCar,SocioEcon,0.6211241365385918
MakeModel,OtherCar,SocioEcon,0.6211241365385918
MakeModel,OtherCar,SocioEcon,0.6211241365385918
MakeModel,OtherCar,SocioEcon,0.6211241365385918
MakeModel,OtherCar,SocioEcon,0.6211241365385918
MakeModel,OtherCar,SocioEcon,0.6211241365385918
MakeModel,OtherCar,SocioEcon,0.6211241365385918
MakeModel,OtherCar,SocioEcon,0.6211241365385918
MakeModel,OtherCar,SocioEcon,0.6211241365385918
MakeModel,OtherCar,SocioEcon,0.6211241365385918
MakeModel,OtherCar,SocioEcon,0.6211241365385918
MakeModel,OtherCar,SocioEcon,0.6211241365385918
MakeModel,OtherCar,SocioEcon,0.6211241365385918
MakeModel,MedCost,Cushioning,0.3429492597905322
MakeModel,MedCost,Cushioning,0.3429492597905322
MakeModel,MedCost,Cushioning,0.3429492597905322
MakeModel,MedCost,Cushioning,0.3429492597905322
MakeModel,MedCost,Cushioning,0.3429492597905322
MakeModel,MedCost,Cushioning,0.3429492597905322
MakeModel,MedCost,Cushioning,0.3429492597905322
MakeModel,MedCost,Cushioning,0.3429492597905322
MakeModel,MedCost,Cushioning,0.3429492597905322
MakeModel,MedCost,Cushioning,0.3429492597905322
MakeModel,MedCost,Cushioning,0.3429492597905322
MakeModel,MedCost,Cushioning,0.3429492597905322
MakeModel,MedCost,Cushioning,0.3429492597905322
MakeModel,MedCost,Cushioning,0.3429492597905322
MakeModel,MedCost,Cushioning,0.3429492597905322
MakeModel,MedCost,Cushioning,0.3429492597905322
MakeModel,MedCost,Cushioning,0.3429492597905322
MakeModel,Cushioning,OtherCar,2.41672160024321e-233
MakeModel,Cushioning,OtherCar,2.41672160024321e-233
MakeModel,Cushioning,OtherCar,2.41672160024321e-233
MakeModel,Cushioning,OtherCar,2.41672160024321e-233
MakeModel,Cushioning,OtherCar,2.41672160024321e-233
MakeModel,Cushioning,OtherCar,2.41672160024321e-233
MakeModel,Cushioning,OtherCar,2.41672160024321e-233
MakeModel,Cushioning,OtherCar,2.41672160024321e-233
MakeModel,Cushioning,OtherCar,2.41672160024321e-233
MakeModel,Cushioning,OtherCar,2.41672160024321e-233
MakeModel,Cushioning,OtherCar,2.41672160024321e-233
MakeModel,Cushioning,OtherCar,2.41672160024321e-233
MakeModel,Cushioning,OtherCar,2.41672160024321e-233
MakeModel,Cushioning,OtherCar,2.41672160024321e-233
MakeModel,Cushioning,OtherCar,2.41672160024321e-233
MakeModel,Cushioning,OtherCar,2.41672160024321e-233
MakeModel,Cushioning,OtherCar,2.41672160024321e-233
MakeModel,Cushioning,OtherCar,2.41672160024321e-233
MakeModel,Airbag,OtherCar,5.4951888974669035e-77
MakeModel,Airbag,OtherCar,5.4951888974669035e-77
MakeModel,Airbag,OtherCar,5.4951888974669035e-77
MakeModel,Airbag,OtherCar,5.4951888974669035e-77
MakeModel,Airbag,OtherCar,5.4951888974669035e-77
MakeModel,Airbag,OtherCar,5.4951888974669035e-77
MakeModel,Airbag,OtherCar,5.4951888974669035e-77
MakeModel,Airbag,OtherCar,5.4951888974669035e-77
MakeModel,Airbag,OtherCar,5.4951888974669035e-77
MakeModel,Airbag,OtherCar,5.4951888974669035e-77
MakeModel,Airbag,OtherCar,5.4951888974669035e-77
MakeModel,Airbag,OtherCar,5.4951888974669035e-77
MakeModel,Airbag,OtherCar,5.4951888974669035e-77
MakeModel,Airbag,OtherCar,5.4951888974669035e-77
MakeModel,Airbag,OtherCar,5.4951888974669035e-77
MakeModel,Airbag,OtherCar,5.4951888974669035e-77
MakeModel,Airbag,OtherCar,5.4951888974669035e-77
MakeModel,Airbag,OtherCar,5.4951888974669035e-77
DrivQuality,DrivingSkill,HomeBase,2.0778911657557146e-152
DrivQuality,DrivingSkill,HomeBase,2.0778911657557146e-152
DrivQuality,DrivingSkill,HomeBase,2.0778911657557146e-152
DrivQuality,DrivingSkill,HomeBase,2.0778911657557146e-152
DrivQuality,DrivingSkill,HomeBase,2.0778911657557146e-152
DrivQuality,DrivingSkill,HomeBase,2.0778911657557146e-152
DrivQuality,DrivingSkill,HomeBase,2.0778911657557146e-152
DrivQuality,DrivingSkill,HomeBase,2.0778911657557146e-152
DrivQuality,DrivingSkill,HomeBase,2.0778911657557146e-152
DrivQuality,DrivingSkill,HomeBase,2.0778911657557146e-152
DrivQuality,DrivingSkill,HomeBase,2.0778911657557146e-152
DrivQuality,SeniorTrain,HomeBase,6.708454435444992e-07
DrivQuality,SeniorTrain,HomeBase,6.708454435444992e-07
DrivQuality,SeniorTrain,HomeBase,6.708454435444992e-07
DrivQuality,SeniorTrain,HomeBase,6.708454435444992e-07
DrivQuality,SeniorTrain,HomeBase,6.708454435444992e-07
DrivQuality,SeniorTrain,HomeBase,6.708454435444992e-07
DrivQuality,SeniorTrain,HomeBase,6.708454435444992e-07
DrivQuality,SeniorTrain,HomeBase,6.708454435444992e-07
DrivQuality,SeniorTrain,HomeBase,6.708454435444992e-07
DrivQuality,SeniorTrain,HomeBase,6.708454435444992e-07
DrivQuality,SeniorTrain,HomeBase,6.708454435444992e-07
DrivQuality,ThisCarCost,HomeBase,0.00017462598714783304
DrivQuality,ThisCarCost,HomeBase,0.00017462598714783304
DrivQuality,ThisCarCost,HomeBase,0.00017462598714783304
DrivQuality,ThisCarCost,HomeBase,0.00017462598714783304
DrivQuality,ThisCarCost,HomeBase,0.00017462598714783304
DrivQuality,ThisCarCost,HomeBase,0.00017462598714783304
DrivQuality,ThisCarCost,HomeBase,0.00017462598714783304
DrivQuality,ThisCarCost,HomeBase,0.00017462598714783304
DrivQuality,ThisCarCost,HomeBase,0.00017462598714783304
DrivQuality,ThisCarCost,HomeBase,0.00017462598714783304
DrivQuality,ThisCarCost,HomeBase,0.00017462598714783304
DrivQuality,HomeBase,ThisCarDam,0.2669064393506109
DrivQuality,PropCost,ThisCarDam,0.062008796905197325
DrivQuality,OtherCarCost,ThisCarDam,0.24236075264647422
DrivQuality,DrivHist,HomeBase,5.459790162810461e-82
DrivQuality,DrivHist,HomeBase,5.459790162810461e-82
DrivQuality,DrivHist,HomeBase,5.459790162810461e-82
DrivQuality,DrivHist,HomeBase,5.459790162810461e-82
DrivQuality,DrivHist,HomeBase,5.459790162810461e-82
DrivQuality,DrivHist,HomeBase,5.459790162810461e-82
DrivQuality,DrivHist,HomeBase,5.459790162810461e-82
DrivQuality,DrivHist,HomeBase,5.459790162810461e-82
DrivQuality,DrivHist,HomeBase,5.459790162810461e-82
DrivQuality,DrivHist,HomeBase,5.459790162810461e-82
DrivQuality,DrivHist,HomeBase,5.459790162810461e-82
Mileage,ThisCarCost,ThisCarDam,0.6229359716917913
Mileage,CarValue,Cushioning,6.917043214630066e-27
Mileage,CarValue,Cushioning,6.917043214630066e-27
Mileage,CarValue,Cushioning,6.917043214630066e-27
Mileage,CarValue,Cushioning,6.917043214630066e-27
Mileage,CarValue,Cushioning,6.917043214630066e-27
Mileage,CarValue,Cushioning,6.917043214630066e-27
Mileage,CarValue,Cushioning,6.917043214630066e-27
Mileage,PropCost,ThisCarDam,0.5735507966933082
Mileage,OtherCarCost,ThisCarDam,0.19514325468738686
Mileage,Cushioning,ThisCarDam,0.20872130057909521
Antilock,ThisCarCost,OtherCar,1.1303768527156856e-98
Antilock,ThisCarCost,OtherCar,1.1303768527156856e-98
Antilock,ThisCarCost,OtherCar,1.1303768527156856e-98
Antilock,ThisCarCost,OtherCar,1.1303768527156856e-98
Antilock,ThisCarCost,OtherCar,1.1303768527156856e-98
Antilock,ThisCarCost,OtherCar,1.1303768527156856e-98
Antilock,ThisCarCost,OtherCar,1.1303768527156856e-98
Antilock,ThisCarCost,OtherCar,1.1303768527156856e-98
Antilock,ThisCarCost,OtherCar,1.1303768527156856e-98
Antilock,ThisCarCost,OtherCar,1.1303768527156856e-98
Antilock,ThisCarCost,OtherCar,1.1303768527156856e-98
Antilock,ThisCarCost,OtherCar,1.1303768527156856e-98
Antilock,ThisCarCost,OtherCar,1.1303768527156856e-98
Antilock,ThisCarCost,OtherCar,1.1303768527156856e-98
Antilock,ThisCarCost,OtherCar,1.1303768527156856e-98
Antilock,ThisCarCost,OtherCar,1.1303768527156856e-98
Antilock,ThisCarCost,OtherCar,1.1303768527156856e-98
Antilock,CarValue,OtherCar,5.817366080942786e-216
Antilock,CarValue,OtherCar,5.817366080942786e-216
Antilock,CarValue,OtherCar,5.817366080942786e-216
Antilock,CarValue,OtherCar,5.817366080942786e-216
Antilock,CarValue,OtherCar,5.817366080942786e-216
Antilock,CarValue,OtherCar,5.817366080942786e-216
Antilock,CarValue,OtherCar,5.817366080942786e-216
Antilock,CarValue,OtherCar,5.817366080942786e-216
Antilock,CarValue,OtherCar,5.817366080942786e-216
Antilock,CarValue,OtherCar,5.817366080942786e-216
Antilock,CarValue,OtherCar,5.817366080942786e-216
Antilock,CarValue,OtherCar,5.817366080942786e-216
Antilock,CarValue,OtherCar,5.817366080942786e-216
Antilock,CarValue,OtherCar,5.817366080942786e-216
Antilock,CarValue,OtherCar,5.817366080942786e-216
Antilock,CarValue,OtherCar,5.817366080942786e-216
Antilock,CarValue,OtherCar,5.817366080942786e-216
Antilock,HomeBase,SocioEcon,0.4385300065695567
Antilock,HomeBase,SocioEcon,0.4385300065695567
Antilock,HomeBase,SocioEcon,0.4385300065695567
Antilock,HomeBase,SocioEcon,0.4385300065695567
Antilock,HomeBase,SocioEcon,0.4385300065695567
Antilock,HomeBase,SocioEcon,0.4385300065695567
Antilock,HomeBase,SocioEcon,0.4385300065695567
Antilock,HomeBase,SocioEcon,0.4385300065695567
Antilock,HomeBase,SocioEcon,0.4385300065695567
Antilock,HomeBase,SocioEcon,0.4385300065695567
Antilock,HomeBase,SocioEcon,0.4385300065695567
Antilock,AntiTheft,SocioEcon,0.8718557275161585
Antilock,AntiTheft,SocioEcon,0.8718557275161585
Antilock,AntiTheft,SocioEcon,0.8718557275161585
Antilock,AntiTheft,SocioEcon,0.8718557275161585
Antilock,AntiTheft,SocioEcon,0.8718557275161585
Antilock,AntiTheft,SocioEcon,0.8718557275161585
Antilock,AntiTheft,SocioEcon,0.8718557275161585
Antilock,AntiTheft,SocioEcon,0.8718557275161585
Antilock,AntiTheft,SocioEcon,0.8718557275161585
Antilock,AntiTheft,SocioEcon,0.8718557275161585
Antilock,AntiTheft,SocioEcon,0.8718557275161585
Antilock,PropCost,OtherCar,1.2021141470008665e-16
Antilock,PropCost,OtherCar,1.2021141470008665e-16
Antilock,PropCost,OtherCar,1.2021141470008665e-16
Antilock,PropCost,OtherCar,1.2021141470008665e-16
Antilock,PropCost,OtherCar,1.2021141470008665e-16
Antilock,PropCost,OtherCar,1.2021141470008665e-16
Antilock,PropCost,OtherCar,1.2021141470008665e-16
Antilock,PropCost,OtherCar,1.2021141470008665e-16
Antilock,PropCost,OtherCar,1.2021141470008665e-16
Antilock,PropCost,OtherCar,1.2021141470008665e-16
Antilock,PropCost,OtherCar,1.2021141470008665e-16
Antilock,PropCost,OtherCar,1.2021141470008665e-16
Antilock,PropCost,OtherCar,1.2021141470008665e-16
Antilock,PropCost,OtherCar,1.2021141470008665e-16
Antilock,PropCost,OtherCar,1.2021141470008665e-16
Antilock,PropCost,OtherCar,1.2021141470008665e-16
Antilock,PropCost,OtherCar,1.2021141470008665e-16
Antilock,OtherCarCost,Accident,0.3530652498693686
Antilock,OtherCarCost,Accident,0.3530652498693686
Antilock,OtherCarCost,Accident,0.3530652498693686
Antilock,OtherCarCost,Accident,0.3530652498693686
Antilock,OtherCarCost,Accident,0.3530652498693686
Antilock,OtherCarCost,Accident,0.3530652498693686
Antilock,OtherCarCost,Accident,0.3530652498693686
Antilock,OtherCarCost,Accident,0.3530652498693686
Antilock,OtherCarCost,Accident,0.3530652498693686
Antilock,OtherCarCost,Accident,0.3530652498693686
Antilock,OtherCarCost,Accident,0.3530652498693686
Antilock,OtherCarCost,Accident,0.3530652498693686
Antilock,OtherCarCost,Accident,0.3530652498693686
Antilock,OtherCarCost,Accident,0.3530652498693686
Antilock,OtherCar,SocioEcon,0.18466281227689849
Antilock,OtherCar,SocioEcon,0.18466281227689849
Antilock,OtherCar,SocioEcon,0.18466281227689849
Antilock,OtherCar,SocioEcon,0.18466281227689849
Antilock,OtherCar,SocioEcon,0.18466281227689849
Antilock,OtherCar,SocioEcon,0.18466281227689849
Antilock,OtherCar,SocioEcon,0.18466281227689849
Antilock,OtherCar,SocioEcon,0.18466281227689849
Antilock,OtherCar,SocioEcon,0.18466281227689849
Antilock,OtherCar,SocioEcon,0.18466281227689849
Antilock,OtherCar,SocioEcon,0.18466281227689849
Antilock,OtherCar,SocioEcon,0.18466281227689849
Antilock,MedCost,ThisCarCost,0.4278030037376265
Antilock,MedCost,ThisCarCost,0.4278030037376265
Antilock,MedCost,ThisCarCost,0.4278030037376265
Antilock,Cushioning,VehicleYear,0.729550656269647
Antilock,Cushioning,VehicleYear,0.729550656269647
Antilock,Cushioning,VehicleYear,0.729550656269647
Antilock,Cushioning,VehicleYear,0.729550656269647
Antilock,Cushioning,VehicleYear,0.729550656269647
Antilock,Cushioning,VehicleYear,0.729550656269647
Antilock,Cushioning,VehicleYear,0.729550656269647
Antilock,Cushioning,VehicleYear,0.729550656269647
Antilock,Cushioning,VehicleYear,0.729550656269647
Antilock,Airbag,VehicleYear,0.09040382808799365
Antilock,Airbag,VehicleYear,0.09040382808799365
Antilock,Airbag,VehicleYear,0.09040382808799365
Antilock,Airbag,VehicleYear,0.09040382808799365
Antilock,Airbag,VehicleYear,0.09040382808799365
Antilock,Airbag,VehicleYear,0.09040382808799365
Antilock,Airbag,VehicleYear,0.09040382808799365
Antilock,Airbag,VehicleYear,0.09040382808799365
Antilock,Airbag,VehicleYear,0.09040382808799365
DrivingSkill,SeniorTrain,AntiTheft,0.002179038185939585
DrivingSkill,SeniorTrain,AntiTheft,0.002179038185939585
DrivingSkill,SeniorTrain,AntiTheft,0.002179038185939585
DrivingSkill,SeniorTrain,AntiTheft,0.002179038185939585
DrivingSkill,SeniorTrain,AntiTheft,0.002179038185939585
DrivingSkill,SeniorTrain,AntiTheft,0.002179038185939585
DrivingSkill,SeniorTrain,AntiTheft,0.002179038185939585
DrivingSkill,SeniorTrain,AntiTheft,0.002179038185939585
DrivingSkill,SeniorTrain,AntiTheft,0.002179038185939585
DrivingSkill,SeniorTrain,AntiTheft,0.002179038185939585
DrivingSkill,SeniorTrain,AntiTheft,0.002179038185939585
DrivingSkill,ThisCarCost,DrivQuality,0.16529182506122558
DrivingSkill,ThisCarCost,DrivQuality,0.16529182506122558
DrivingSkill,ThisCarCost,DrivQuality,0.16529182506122558
DrivingSkill,ThisCarCost,DrivQuality,0.16529182506122558
DrivingSkill,ThisCarCost,DrivQuality,0.16529182506122558
DrivingSkill,ThisCarCost,DrivQuality,0.16529182506122558
DrivingSkill,ThisCarCost,DrivQuality,0.16529182506122558
DrivingSkill,ThisCarCost,DrivQuality,0.16529182506122558
DrivingSkill,ThisCarCost,DrivQuality,0.16529182506122558
DrivingSkill,ThisCarCost,DrivQuality,0.16529182506122558
DrivingSkill,HomeBase,RiskAversion,0.628630240934241
DrivingSkill,HomeBase,RiskAversion,0.628630240934241
DrivingSkill,HomeBase,RiskAversion,0.628630240934241
DrivingSkill,HomeBase,RiskAversion,0.628630240934241
DrivingSkill,HomeBase,RiskAversion,0.628630240934241
DrivingSkill,HomeBase,RiskAversion,0.628630240934241
DrivingSkill,AntiTheft,RiskAversion,0.32419844797760283
DrivingSkill,AntiTheft,RiskAversion,0.32419844797760283
DrivingSkill,AntiTheft,RiskAversion,0.32419844797760283
DrivingSkill,AntiTheft,RiskAversion,0.32419844797760283
DrivingSkill,AntiTheft,RiskAversion,0.32419844797760283
DrivingSkill,AntiTheft,RiskAversion,0.32419844797760283
DrivingSkill,AntiTheft,RiskAversion,0.32419844797760283
DrivingSkill,PropCost,DrivHist,0.12491037619434946
DrivingSkill,PropCost,DrivHist,0.12491037619434946
DrivingSkill,OtherCarCost,ThisCarDam,0.39914042267427896
DrivingSkill,DrivHist,AntiTheft,3.2433089079392384e-220
DrivingSkill,DrivHist,AntiTheft,3.2433089079392384e-220
DrivingSkill,DrivHist,AntiTheft,3.2433089079392384e-220
DrivingSkill,DrivHist,AntiTheft,3.2433089079392384e-220
DrivingSkill,DrivHist,AntiTheft,3.2433089079392384e-220
DrivingSkill,DrivHist,AntiTheft,3.2433089079392384e-220
DrivingSkill,DrivHist,AntiTheft,3.2433089079392384e-220
DrivingSkill,DrivHist,AntiTheft,3.2433089079392384e-220
DrivingSkill,DrivHist,AntiTheft,3.2433089079392384e-220
DrivingSkill,DrivHist,AntiTheft,3.2433089079392384e-220
DrivingSkill,DrivHist,AntiTheft,3.2433089079392384e-220
SeniorTrain,HomeBase,RiskAversion,0.38048674673761146
SeniorTrain,HomeBase,RiskAversion,0.38048674673761146
SeniorTrain,HomeBase,RiskAversion,0.38048674673761146
SeniorTrain,HomeBase,RiskAversion,0.38048674673761146
SeniorTrain,AntiTheft,RiskAversion,0.09035775958653446
SeniorTrain,AntiTheft,RiskAversion,0.09035775958653446
SeniorTrain,AntiTheft,RiskAversion,0.09035775958653446
SeniorTrain,AntiTheft,RiskAversion,0.09035775958653446
SeniorTrain,AntiTheft,RiskAversion,0.09035775958653446
SeniorTrain,ILiCost,DrivingSkill,0.07468976710560693
SeniorTrain,ILiCost,DrivingSkill,0.07468976710560693
SeniorTrain,ILiCost,DrivingSkill,0.07468976710560693
SeniorTrain,DrivHist,AntiTheft,3.879269085662407e-06
SeniorTrain,DrivHist,AntiTheft,3.879269085662407e-06
SeniorTrain,DrivHist,AntiTheft,3.879269085662407e-06
SeniorTrain,DrivHist,AntiTheft,3.879269085662407e-06
SeniorTrain,DrivHist,AntiTheft,3.879269085662407e-06
SeniorTrain,DrivHist,AntiTheft,3.879269085662407e-06
SeniorTrain,DrivHist,AntiTheft,3.879269085662407e-06
SeniorTrain,DrivHist,AntiTheft,3.879269085662407e-06
ThisCarCost,Theft,OtherCar,0.0065032094456698745
ThisCarCost,Theft,OtherCar,0.0065032094456698745
ThisCarCost,Theft,OtherCar,0.0065032094456698745
ThisCarCost,Theft,OtherCar,0.0065032094456698745
ThisCarCost,Theft,OtherCar,0.0065032094456698745
ThisCarCost,Theft,OtherCar,0.0065032094456698745
ThisCarCost,Theft,OtherCar,0.0065032094456698745
ThisCarCost,Theft,OtherCar,0.0065032094456698745
ThisCarCost,Theft,OtherCar,0.0065032094456698745
ThisCarCost,Theft,OtherCar,0.0065032094456698745
ThisCarCost,Theft,OtherCar,0.0065032094456698745
ThisCarCost,Theft,OtherCar,0.0065032094456698745
ThisCarCost,Theft,OtherCar,0.0065032094456698745
ThisCarCost,Theft,OtherCar,0.0065032094456698745
ThisCarCost,Theft,OtherCar,0.0065032094456698745
ThisCarCost,Theft,OtherCar,0.0065032094456698745
ThisCarCost,Theft,OtherCar,0.0065032094456698745
ThisCarCost,Theft,OtherCar,0.0065032094456698745
ThisCarCost,Theft,OtherCar,0.0065032094456698745
ThisCarCost,Theft,OtherCar,0.0065032094456698745
ThisCarCost,Theft,OtherCar,0.0065032094456698745
ThisCarCost,CarValue,OtherCar,0.0
ThisCarCost,CarValue,OtherCar,0.0
ThisCarCost,CarValue,OtherCar,0.0
ThisCarCost,CarValue,OtherCar,0.0
ThisCarCost,CarValue,OtherCar,0.0
ThisCarCost,CarValue,OtherCar,0.0
ThisCarCost,CarValue,OtherCar,0.0
ThisCarCost,CarValue,OtherCar,0.0
ThisCarCost,CarValue,OtherCar,0.0
ThisCarCost,CarValue,OtherCar,0.0
ThisCarCost,CarValue,OtherCar,0.0
ThisCarCost,CarValue,OtherCar,0.0
ThisCarCost,CarValue,OtherCar,0.0
ThisCarCost,CarValue,OtherCar,0.0
ThisCarCost,CarValue,OtherCar,0.0
ThisCarCost,CarValue,OtherCar,0.0
ThisCarCost,CarValue,OtherCar,0.0
ThisCarCost,CarValue,OtherCar,0.0
ThisCarCost,CarValue,OtherCar,0.0
ThisCarCost,CarValue,OtherCar,0.0
ThisCarCost,CarValue,OtherCar,0.0
ThisCarCost,HomeBase,SocioEcon,0.3180603999287916
ThisCarCost,HomeBase,SocioEcon,0.3180603999287916
ThisCarCost,HomeBase,SocioEcon,0.3180603999287916
ThisCarCost,HomeBase,SocioEcon,0.3180603999287916
ThisCarCost,HomeBase,SocioEcon,0.3180603999287916
ThisCarCost,HomeBase,SocioEcon,0.3180603999287916
ThisCarCost,HomeBase,SocioEcon,0.3180603999287916
ThisCarCost,HomeBase,SocioEcon,0.3180603999287916
ThisCarCost,HomeBase,SocioEcon,0.3180603999287916
ThisCarCost,HomeBase,SocioEcon,0.3180603999287916
ThisCarCost,HomeBase,SocioEcon,0.3180603999287916
ThisCarCost,HomeBase,SocioEcon,0.3180603999287916
ThisCarCost,HomeBase,SocioEcon,0.3180603999287916
ThisCarCost,HomeBase,SocioEcon,0.3180603999287916
ThisCarCost,AntiTheft,HomeBase,0.16678660337592327
ThisCarCost,AntiTheft,HomeBase,0.16678660337592327
ThisCarCost,AntiTheft,HomeBase,0.16678660337592327
ThisCarCost,AntiTheft,HomeBase,0.16678660337592327
ThisCarCost,AntiTheft,HomeBase,0.16678660337592327
ThisCarCost,AntiTheft,HomeBase,0.16678660337592327
ThisCarCost,AntiTheft,HomeBase,0.16678660337592327
ThisCarCost,AntiTheft,HomeBase,0.16678660337592327
ThisCarCost,AntiTheft,HomeBase,0.16678660337592327
ThisCarCost,AntiTheft,HomeBase,0.16678660337592327
ThisCarCost,AntiTheft,HomeBase,0.16678660337592327
ThisCarCost,PropCost,OtherCar,0.0
ThisCarCost,PropCost,OtherCar,0.0
ThisCarCost,PropCost,OtherCar,0.0
ThisCarCost,PropCost,OtherCar,0.0
ThisCarCost,PropCost,OtherCar,0.0
ThisCarCost,PropCost,OtherCar,0.0
ThisCarCost,PropCost,OtherCar,0.0
ThisCarCost,PropCost,OtherCar,0.0
ThisCarCost,PropCost,OtherCar,0.0
ThisCarCost,PropCost,OtherCar,0.0
ThisCarCost,PropCost,OtherCar,0.0
ThisCarCost,PropCost,OtherCar,0.0
ThisCarCost,PropCost,OtherCar,0.0
ThisCarCost,PropCost,OtherCar,0.0
ThisCarCost,PropCost,OtherCar,0.0
ThisCarCost,PropCost,OtherCar,0.0
ThisCarCost,PropCost,OtherCar,0.0
ThisCarCost,PropCost,OtherCar,0.0
ThisCarCost,PropCost,OtherCar,0.0
ThisCarCost,PropCost,OtherCar,0.0
ThisCarCost,PropCost,OtherCar,0.0
ThisCarCost,OtherCarCost,ThisCarDam,0.1741065470107787
ThisCarCost,OtherCar,SocioEcon,0.143262550250823
ThisCarCost,OtherCar,SocioEcon,0.143262550250823
ThisCarCost,OtherCar,SocioEcon,0.143262550250823
ThisCarCost,OtherCar,SocioEcon,0.143262550250823
ThisCarCost,OtherCar,SocioEcon,0.143262550250823
ThisCarCost,OtherCar,SocioEcon,0.143262550250823
ThisCarCost,OtherCar,SocioEcon,0.143262550250823
ThisCarCost,OtherCar,SocioEcon,0.143262550250823
ThisCarCost,OtherCar,SocioEcon,0.143262550250823
ThisCarCost,OtherCar,SocioEcon,0.143262550250823
ThisCarCost,OtherCar,SocioEcon,0.143262550250823
ThisCarCost,OtherCar,SocioEcon,0.143262550250823
ThisCarCost,OtherCar,SocioEcon,0.143262550250823
ThisCarCost,OtherCar,SocioEcon,0.143262550250823
ThisCarCost,OtherCar,SocioEcon,0.143262550250823
ThisCarCost,MedCost,OtherCar,1.559290242061004e-60
ThisCarCost,MedCost,OtherCar,1.559290242061004e-60
ThisCarCost,MedCost,OtherCar,1.559290242061004e-60
ThisCarCost,MedCost,OtherCar,1.559290242061004e-60
ThisCarCost,MedCost,OtherCar,1.559290242061004e-60
ThisCarCost,MedCost,OtherCar,1.559290242061004e-60
ThisCarCost,MedCost,OtherCar,1.559290242061004e-60
ThisCarCost,MedCost,OtherCar,1.559290242061004e-60
ThisCarCost,MedCost,OtherCar,1.559290242061004e-60
ThisCarCost,MedCost,OtherCar,1.559290242061004e-60
ThisCarCost,MedCost,OtherCar,1.559290242061004e-60
ThisCarCost,MedCost,OtherCar,1.559290242061004e-60
ThisCarCost,MedCost,OtherCar,1.559290242061004e-60
ThisCarCost,MedCost,OtherCar,1.559290242061004e-60
ThisCarCost,MedCost,OtherCar,1.559290242061004e-60
ThisCarCost,MedCost,OtherCar,1.559290242061004e-60
ThisCarCost,MedCost,OtherCar,1.559290242061004e-60
ThisCarCost,MedCost,OtherCar,1.559290242061004e-60
ThisCarCost,MedCost,OtherCar,1.559290242061004e-60
ThisCarCost,MedCost,OtherCar,1.559290242061004e-60
ThisCarCost,MedCost,OtherCar,1.559290242061004e-60
ThisCarCost,Cushioning,MakeModel,0.09852739818590653
ThisCarCost,Cushioning,MakeModel,0.09852739818590653
ThisCarCost,Cushioning,MakeModel,0.09852739818590653
ThisCarCost,Cushioning,MakeModel,0.09852739818590653
ThisCarCost,Cushioning,MakeModel,0.09852739818590653
ThisCarCost,Cushioning,MakeModel,0.09852739818590653
ThisCarCost,Cushioning,MakeModel,0.09852739818590653
ThisCarCost,Cushioning,MakeModel,0.09852739818590653
ThisCarCost,Cushioning,MakeModel,0.09852739818590653
ThisCarCost,Cushioning,MakeModel,0.09852739818590653
ThisCarCost,Cushioning,MakeModel,0.09852739818590653
ThisCarCost,Cushioning,MakeModel,0.09852739818590653
ThisCarCost,Cushioning,MakeModel,0.09852739818590653
ThisCarCost,Cushioning,MakeModel,0.09852739818590653
ThisCarCost,Cushioning,MakeModel,0.09852739818590653
ThisCarCost,Cushioning,MakeModel,0.09852739818590653
ThisCarCost,Airbag,CarValue,0.37764449401176925
ThisCarCost,Airbag,CarValue,0.37764449401176925
ThisCarCost,Airbag,CarValue,0.37764449401176925
ThisCarCost,Airbag,CarValue,0.37764449401176925
ThisCarCost,Airbag,CarValue,0.37764449401176925
ThisCarCost,Airbag,CarValue,0.37764449401176925
ThisCarCost,Airbag,CarValue,0.37764449401176925
ThisCarCost,Airbag,CarValue,0.37764449401176925
ThisCarCost,Airbag,CarValue,0.37764449401176925
ThisCarCost,Airbag,CarValue,0.37764449401176925
ThisCarCost,Airbag,CarValue,0.37764449401176925
ThisCarCost,Airbag,CarValue,0.37764449401176925
ThisCarCost,Airbag,CarValue,0.37764449401176925
ThisCarCost,Airbag,CarValue,0.37764449401176925
ThisCarCost,Airbag,CarValue,0.37764449401176925
ThisCarCost,Airbag,CarValue,0.37764449401176925
ThisCarCost,Airbag,CarValue,0.37764449401176925
ThisCarCost,ILiCost,OtherCar,6.764612800478873e-13
ThisCarCost,ILiCost,OtherCar,6.764612800478873e-13
ThisCarCost,ILiCost,OtherCar,6.764612800478873e-13
ThisCarCost,ILiCost,OtherCar,6.764612800478873e-13
ThisCarCost,ILiCost,OtherCar,6.764612800478873e-13
ThisCarCost,ILiCost,OtherCar,6.764612800478873e-13
ThisCarCost,ILiCost,OtherCar,6.764612800478873e-13
ThisCarCost,ILiCost,OtherCar,6.764612800478873e-13
ThisCarCost,ILiCost,OtherCar,6.764612800478873e-13
ThisCarCost,ILiCost,OtherCar,6.764612800478873e-13
ThisCarCost,ILiCost,OtherCar,6.764612800478873e-13
ThisCarCost,ILiCost,OtherCar,6.764612800478873e-13
ThisCarCost,ILiCost,OtherCar,6.764612800478873e-13
ThisCarCost,ILiCost,OtherCar,6.764612800478873e-13
ThisCarCost,ILiCost,OtherCar,6.764612800478873e-13
ThisCarCost,ILiCost,OtherCar,6.764612800478873e-13
ThisCarCost,ILiCost,OtherCar,6.764612800478873e-13
ThisCarCost,ILiCost,OtherCar,6.764612800478873e-13
ThisCarCost,ILiCost,OtherCar,6.764612800478873e-13
ThisCarCost,ILiCost,OtherCar,6.764612800478873e-13
ThisCarCost,ILiCost,OtherCar,6.764612800478873e-13
Theft,CarValue,MakeModel,2.6833328765384e-05
Theft,CarValue,MakeModel,2.6833328765384e-05
CarValue,HomeBase,SocioEcon,0.30230139906778397
CarValue,HomeBase,SocioEcon,0.30230139906778397
CarValue,HomeBase,SocioEcon,0.30230139906778397
CarValue,HomeBase,SocioEcon,0.30230139906778397
CarValue,HomeBase,SocioEcon,0.30230139906778397
CarValue,HomeBase,SocioEcon,0.30230139906778397
CarValue,HomeBase,SocioEcon,0.30230139906778397
CarValue,HomeBase,SocioEcon,0.30230139906778397
CarValue,HomeBase,SocioEcon,0.30230139906778397
CarValue,HomeBase,SocioEcon,0.30230139906778397
CarValue,HomeBase,SocioEcon,0.30230139906778397
CarValue,HomeBase,SocioEcon,0.30230139906778397
CarValue,HomeBase,SocioEcon,0.30230139906778397
CarValue,AntiTheft,SocioEcon,0.9673765345495997
CarValue,AntiTheft,SocioEcon,0.9673765345495997
CarValue,AntiTheft,SocioEcon,0.9673765345495997
CarValue,AntiTheft,SocioEcon,0.9673765345495997
CarValue,AntiTheft,SocioEcon,0.9673765345495997
CarValue,AntiTheft,SocioEcon,0.9673765345495997
CarValue,AntiTheft,SocioEcon,0.9673765345495997
CarValue,AntiTheft,SocioEcon,0.9673765345495997
CarValue,AntiTheft,SocioEcon,0.9673765345495997
CarValue,AntiTheft,SocioEcon,0.9673765345495997
CarValue,AntiTheft,SocioEcon,0.9673765345495997
CarValue,AntiTheft,SocioEcon,0.9673765345495997
CarValue,AntiTheft,SocioEcon,0.9673765345495997
CarValue,PropCost,OtherCar,1.4092246373027494e-45
CarValue,PropCost,OtherCar,1.4092246373027494e-45
CarValue,PropCost,OtherCar,1.4092246373027494e-45
CarValue,PropCost,OtherCar,1.4092246373027494e-45
CarValue,PropCost,OtherCar,1.4092246373027494e-45
CarValue,PropCost,OtherCar,1.4092246373027494e-45
CarValue,PropCost,OtherCar,1.4092246373027494e-45
CarValue,PropCost,OtherCar,1.4092246373027494e-45
CarValue,PropCost,OtherCar,1.4092246373027494e-45
CarValue,PropCost,OtherCar,1.4092246373027494e-45
CarValue,PropCost,OtherCar,1.4092246373027494e-45
CarValue,PropCost,OtherCar,1.4092246373027494e-45
CarValue,PropCost,OtherCar,1.4092246373027494e-45
CarValue,PropCost,OtherCar,1.4092246373027494e-45
CarValue,PropCost,OtherCar,1.4092246373027494e-45
CarValue,PropCost,OtherCar,1.4092246373027494e-45
CarValue,PropCost,OtherCar,1.4092246373027494e-45
CarValue,PropCost,OtherCar,1.4092246373027494e-45
CarValue,OtherCarCost,ThisCarDam,0.26390506921247536
CarValue,OtherCar,SocioEcon,0.792254237581406
CarValue,OtherCar,SocioEcon,0.792254237581406
CarValue,OtherCar,SocioEcon,0.792254237581406
CarValue,OtherCar,SocioEcon,0.792254237581406
CarValue,OtherCar,SocioEcon,0.792254237581406
CarValue,OtherCar,SocioEcon,0.792254237581406
CarValue,OtherCar,SocioEcon,0.792254237581406
CarValue,OtherCar,SocioEcon,0.792254237581406
CarValue,OtherCar,SocioEcon,0.792254237581406
CarValue,OtherCar,SocioEcon,0.792254237581406
CarValue,OtherCar,SocioEcon,0.792254237581406
CarValue,OtherCar,SocioEcon,0.792254237581406
CarValue,OtherCar,SocioEcon,0.792254237581406
CarValue,OtherCar,SocioEcon,0.792254237581406
CarValue,MedCost,ThisCarCost,0.17954249964057997
CarValue,MedCost,ThisCarCost,0.17954249964057997
CarValue,MedCost,ThisCarCost,0.17954249964057997
CarValue,MedCost,ThisCarCost,0.17954249964057997
CarValue,Cushioning,OtherCar,7.558539934667429e-50
CarValue,Cushioning,OtherCar,7.558539934667429e-50
CarValue,Cushioning,OtherCar,7.558539934667429e-50
CarValue,Cushioning,OtherCar,7.558539934667429e-50
CarValue,Cushioning,OtherCar,7.558539934667429e-50
CarValue,Cushioning,OtherCar,7.558539934667429e-50
CarValue,Cushioning,OtherCar,7.558539934667429e-50
CarValue,Cushioning,OtherCar,7.558539934667429e-50
CarValue,Cushioning,OtherCar,7.558539934667429e-50
CarValue,Cushioning,OtherCar,7.558539934667429e-50
CarValue,Cushioning,OtherCar,7.558539934667429e-50
CarValue,Cushioning,OtherCar,7.558539934667429e-50
CarValue,Cushioning,OtherCar,7.558539934667429e-50
CarValue,Cushioning,OtherCar,7.558539934667429e-50
CarValue,Cushioning,OtherCar,7.558539934667429e-50
CarValue,Cushioning,OtherCar,7.558539934667429e-50
CarValue,Cushioning,OtherCar,7.558539934667429e-50
CarValue,Cushioning,OtherCar,7.558539934667429e-50
CarValue,Airbag,OtherCar,9.502899575478634e-212
CarValue,Airbag,OtherCar,9.502899575478634e-212
CarValue,Airbag,OtherCar,9.502899575478634e-212
CarValue,Airbag,OtherCar,9.502899575478634e-212
CarValue,Airbag,OtherCar,9.502899575478634e-212
CarValue,Airbag,OtherCar,9.502899575478634e-212
CarValue,Airbag,OtherCar,9.502899575478634e-212
CarValue,Airbag,OtherCar,9.502899575478634e-212
CarValue,Airbag,OtherCar,9.502899575478634e-212
CarValue,Airbag,OtherCar,9.502899575478634e-212
CarValue,Airbag,OtherCar,9.502899575478634e-212
CarValue,Airbag,OtherCar,9.502899575478634e-212
CarValue,Airbag,OtherCar,9.502899575478634e-212
CarValue,Airbag,OtherCar,9.502899575478634e-212
CarValue,Airbag,OtherCar,9.502899575478634e-212
CarValue,Airbag,OtherCar,9.502899575478634e-212
CarValue,Airbag,OtherCar,9.502899575478634e-212
CarValue,Airbag,OtherCar,9.502899575478634e-212
HomeBase,AntiTheft,Cushioning,1.8580724078409593e-94
HomeBase,AntiTheft,Cushioning,1.8580724078409593e-94
HomeBase,AntiTheft,Cushioning,1.8580724078409593e-94
HomeBase,AntiTheft,Cushioning,1.8580724078409593e-94
HomeBase,AntiTheft,Cushioning,1.8580724078409593e-94
HomeBase,AntiTheft,Cushioning,1.8580724078409593e-94
HomeBase,AntiTheft,Cushioning,1.8580724078409593e-94
HomeBase,AntiTheft,Cushioning,1.8580724078409593e-94
HomeBase,AntiTheft,Cushioning,1.8580724078409593e-94
HomeBase,AntiTheft,Cushioning,1.8580724078409593e-94
HomeBase,AntiTheft,Cushioning,1.8580724078409593e-94
HomeBase,AntiTheft,Cushioning,1.8580724078409593e-94
HomeBase,AntiTheft,Cushioning,1.8580724078409593e-94
HomeBase,AntiTheft,Cushioning,1.8580724078409593e-94
HomeBase,AntiTheft,Cushioning,1.8580724078409593e-94
HomeBase,AntiTheft,Cushioning,1.8580724078409593e-94
HomeBase,AntiTheft,Cushioning,1.8580724078409593e-94
HomeBase,AntiTheft,Cushioning,1.8580724078409593e-94
HomeBase,AntiTheft,Cushioning,1.8580724078409593e-94
HomeBase,PropCost,ThisCarCost,0.9312685995327057
HomeBase,PropCost,ThisCarCost,0.9312685995327057
HomeBase,PropCost,ThisCarCost,0.9312685995327057
HomeBase,OtherCar,SocioEcon,0.7999566032392018
HomeBase,OtherCar,SocioEcon,0.7999566032392018
HomeBase,OtherCar,SocioEcon,0.7999566032392018
HomeBase,OtherCar,SocioEcon,0.7999566032392018
HomeBase,OtherCar,SocioEcon,0.7999566032392018
HomeBase,OtherCar,SocioEcon,0.7999566032392018
HomeBase,OtherCar,SocioEcon,0.7999566032392018
HomeBase,OtherCar,SocioEcon,0.7999566032392018
HomeBase,OtherCar,SocioEcon,0.7999566032392018
HomeBase,OtherCar,SocioEcon,0.7999566032392018
HomeBase,OtherCar,SocioEcon,0.7999566032392018
HomeBase,OtherCar,SocioEcon,0.7999566032392018
HomeBase,MedCost,RuggedAuto,0.36370909460818607
HomeBase,MedCost,RuggedAuto,0.36370909460818607
HomeBase,MedCost,RuggedAuto,0.36370909460818607
HomeBase,MedCost,RuggedAuto,0.36370909460818607
HomeBase,MedCost,RuggedAuto,0.36370909460818607
HomeBase,MedCost,RuggedAuto,0.36370909460818607
HomeBase,MedCost,RuggedAuto,0.36370909460818607
HomeBase,Cushioning,SocioEcon,0.18852900279126747
HomeBase,Cushioning,SocioEcon,0.18852900279126747
HomeBase,Cushioning,SocioEcon,0.18852900279126747
HomeBase,Cushioning,SocioEcon,0.18852900279126747
HomeBase,Cushioning,SocioEcon,0.18852900279126747
HomeBase,Cushioning,SocioEcon,0.18852900279126747
HomeBase,Cushioning,SocioEcon,0.18852900279126747
HomeBase,Cushioning,SocioEcon,0.18852900279126747
HomeBase,Cushioning,SocioEcon,0.18852900279126747
HomeBase,Cushioning,SocioEcon,0.18852900279126747
HomeBase,Cushioning,SocioEcon,0.18852900279126747
HomeBase,Cushioning,SocioEcon,0.18852900279126747
HomeBase,Airbag,SocioEcon,0.3956334367236968
HomeBase,Airbag,SocioEcon,0.3956334367236968
HomeBase,Airbag,SocioEcon,0.3956334367236968
HomeBase,Airbag,SocioEcon,0.3956334367236968
HomeBase,Airbag,SocioEcon,0.3956334367236968
HomeBase,Airbag,SocioEcon,0.3956334367236968
HomeBase,Airbag,SocioEcon,0.3956334367236968
HomeBase,Airbag,SocioEcon,0.3956334367236968
HomeBase,Airbag,SocioEcon,0.3956334367236968
HomeBase,Airbag,SocioEcon,0.3956334367236968
HomeBase,Airbag,SocioEcon,0.3956334367236968
HomeBase,DrivHist,RiskAversion,0.42852309185670856
HomeBase,DrivHist,RiskAversion,0.42852309185670856
HomeBase,DrivHist,RiskAversion,0.42852309185670856
HomeBase,DrivHist,RiskAversion,0.42852309185670856
HomeBase,DrivHist,RiskAversion,0.42852309185670856
AntiTheft,PropCost,ThisCarCost,0.4741724772136996
AntiTheft,PropCost,ThisCarCost,0.4741724772136996
AntiTheft,PropCost,ThisCarCost,0.4741724772136996
AntiTheft,OtherCar,SocioEcon,0.10797640926041122
AntiTheft,OtherCar,SocioEcon,0.10797640926041122
AntiTheft,OtherCar,SocioEcon,0.10797640926041122
AntiTheft,OtherCar,SocioEcon,0.10797640926041122
AntiTheft,OtherCar,SocioEcon,0.10797640926041122
AntiTheft,OtherCar,SocioEcon,0.10797640926041122
AntiTheft,OtherCar,SocioEcon,0.10797640926041122
AntiTheft,OtherCar,SocioEcon,0.10797640926041122
AntiTheft,OtherCar,SocioEcon,0.10797640926041122
AntiTheft,OtherCar,SocioEcon,0.10797640926041122
AntiTheft,OtherCar,SocioEcon,0.10797640926041122
AntiTheft,Cushioning,SocioEcon,0.6645965269429628
AntiTheft,Cushioning,SocioEcon,0.6645965269429628
AntiTheft,Cushioning,SocioEcon,0.6645965269429628
AntiTheft,Cushioning,SocioEcon,0.6645965269429628
AntiTheft,Cushioning,SocioEcon,0.6645965269429628
AntiTheft,Cushioning,SocioEcon,0.6645965269429628
AntiTheft,Cushioning,SocioEcon,0.6645965269429628
AntiTheft,Cushioning,SocioEcon,0.6645965269429628
AntiTheft,Cushioning,SocioEcon,0.6645965269429628
AntiTheft,Cushioning,SocioEcon,0.6645965269429628
AntiTheft,Cushioning,SocioEcon,0.6645965269429628
AntiTheft,Airbag,SocioEcon,0.442299366184425
AntiTheft,Airbag,SocioEcon,0.442299366184425
AntiTheft,Airbag,SocioEcon,0.442299366184425
AntiTheft,Airbag,SocioEcon,0.442299366184425
AntiTheft,Airbag,SocioEcon,0.442299366184425
AntiTheft,Airbag,SocioEcon,0.442299366184425
AntiTheft,Airbag,SocioEcon,0.442299366184425
AntiTheft,Airbag,SocioEcon,0.442299366184425
AntiTheft,Airbag,SocioEcon,0.442299366184425
AntiTheft,Airbag,SocioEcon,0.442299366184425
AntiTheft,DrivHist,RiskAversion,0.31473214702055236
AntiTheft,DrivHist,RiskAversion,0.31473214702055236
AntiTheft,DrivHist,RiskAversion,0.31473214702055236
AntiTheft,DrivHist,RiskAversion,0.31473214702055236
AntiTheft,DrivHist,RiskAversion,0.31473214702055236
PropCost,OtherCarCost,OtherCar,0.0
PropCost,OtherCarCost,OtherCar,0.0
PropCost,OtherCarCost,OtherCar,0.0
PropCost,OtherCarCost,OtherCar,0.0
PropCost,OtherCarCost,OtherCar,0.0
PropCost,OtherCarCost,OtherCar,0.0
PropCost,OtherCarCost,OtherCar,0.0
PropCost,OtherCarCost,OtherCar,0.0
PropCost,OtherCarCost,OtherCar,0.0
PropCost,OtherCarCost,OtherCar,0.0
PropCost,OtherCarCost,OtherCar,0.0
PropCost,OtherCarCost,OtherCar,0.0
PropCost,OtherCarCost,OtherCar,0.0
PropCost,OtherCarCost,OtherCar,0.0
PropCost,OtherCarCost,OtherCar,0.0
PropCost,OtherCarCost,OtherCar,0.0
PropCost,OtherCarCost,OtherCar,0.0
PropCost,OtherCarCost,OtherCar,0.0
PropCost,OtherCarCost,OtherCar,0.0
PropCost,OtherCar,ThisCarCost,0.8219925027077434
PropCost,OtherCar,ThisCarCost,0.8219925027077434
PropCost,OtherCar,ThisCarCost,0.8219925027077434
PropCost,OtherCar,ThisCarCost,0.8219925027077434
PropCost,OtherCar,ThisCarCost,0.8219925027077434
PropCost,OtherCar,ThisCarCost,0.8219925027077434
PropCost,MedCost,OtherCar,5.41248031930629e-33
PropCost,MedCost,OtherCar,5.41248031930629e-33
PropCost,MedCost,OtherCar,5.41248031930629e-33
PropCost,MedCost,OtherCar,5.41248031930629e-33
PropCost,MedCost,OtherCar,5.41248031930629e-33
PropCost,MedCost,OtherCar,5.41248031930629e-33
PropCost,MedCost,OtherCar,5.41248031930629e-33
PropCost,MedCost,OtherCar,5.41248031930629e-33
PropCost,MedCost,OtherCar,5.41248031930629e-33
PropCost,MedCost,OtherCar,5.41248031930629e-33
PropCost,MedCost,OtherCar,5.41248031930629e-33
PropCost,MedCost,OtherCar,5.41248031930629e-33
PropCost,MedCost,OtherCar,5.41248031930629e-33
PropCost,MedCost,OtherCar,5.41248031930629e-33
PropCost,MedCost,OtherCar,5.41248031930629e-33
PropCost,MedCost,OtherCar,5.41248031930629e-33
PropCost,MedCost,OtherCar,5.41248031930629e-33
PropCost,MedCost,OtherCar,5.41248031930629e-33
PropCost,MedCost,OtherCar,5.41248031930629e-33
PropCost,Cushioning,OtherCarCost,0.12306612195727729
PropCost,Cushioning,OtherCarCost,0.12306612195727729
PropCost,Cushioning,OtherCarCost,0.12306612195727729
PropCost,Cushioning,OtherCarCost,0.12306612195727729
PropCost,Cushioning,OtherCarCost,0.12306612195727729
PropCost,Airbag,ThisCarCost,0.5164841545862793
PropCost,Airbag,ThisCarCost,0.5164841545862793
PropCost,Airbag,ThisCarCost,0.5164841545862793
PropCost,Airbag,ThisCarCost,0.5164841545862793
PropCost,Airbag,ThisCarCost,0.5164841545862793
PropCost,Airbag,ThisCarCost,0.5164841545862793
PropCost,ILiCost,Accident,0.05396108485162238
PropCost,ILiCost,Accident,0.05396108485162238
PropCost,ILiCost,Accident,0.05396108485162238
PropCost,ILiCost,Accident,0.05396108485162238
PropCost,ILiCost,Accident,0.05396108485162238
PropCost,ILiCost,Accident,0.05396108485162238
PropCost,ILiCost,Accident,0.05396108485162238
PropCost,ILiCost,Accident,0.05396108485162238
PropCost,ILiCost,Accident,0.05396108485162238
PropCost,ILiCost,Accident,0.05396108485162238
PropCost,ILiCost,Accident,0.05396108485162238
PropCost,ILiCost,Accident,0.05396108485162238
PropCost,ILiCost,Accident,0.05396108485162238
PropCost,ILiCost,Accident,0.05396108485162238
PropCost,ILiCost,Accident,0.05396108485162238
PropCost,ILiCost,Accident,0.05396108485162238
OtherCarCost,MedCost,Cushioning,5.138112787230276e-38
OtherCarCost,MedCost,Cushioning,5.138112787230276e-38
OtherCarCost,MedCost,Cushioning,5.138112787230276e-38
OtherCarCost,MedCost,Cushioning,5.138112787230276e-38
OtherCarCost,MedCost,Cushioning,5.138112787230276e-38
OtherCarCost,MedCost,Cushioning,5.138112787230276e-38
OtherCarCost,MedCost,Cushioning,5.138112787230276e-38
OtherCarCost,MedCost,Cushioning,5.138112787230276e-38
OtherCarCost,MedCost,Cushioning,5.138112787230276e-38
OtherCarCost,MedCost,Cushioning,5.138112787230276e-38
OtherCarCost,MedCost,Cushioning,5.138112787230276e-38
OtherCarCost,MedCost,Cushioning,5.138112787230276e-38
OtherCarCost,MedCost,Cushioning,5.138112787230276e-38
OtherCarCost,MedCost,Cushioning,5.138112787230276e-38
OtherCarCost,MedCost,Cushioning,5.138112787230276e-38
OtherCarCost,MedCost,Cushioning,5.138112787230276e-38
OtherCarCost,Cushioning,RuggedAuto,0.9661491540075915
OtherCarCost,Cushioning,RuggedAuto,0.9661491540075915
OtherCarCost,Cushioning,RuggedAuto,0.9661491540075915
OtherCarCost,Cushioning,RuggedAuto,0.9661491540075915
OtherCarCost,Cushioning,RuggedAuto,0.9661491540075915
OtherCarCost,Cushioning,RuggedAuto,0.9661491540075915
OtherCarCost,Cushioning,RuggedAuto,0.9661491540075915
OtherCarCost,Airbag,Antilock,0.637830647826392
OtherCarCost,Airbag,Antilock,0.637830647826392
OtherCarCost,Airbag,Antilock,0.637830647826392
OtherCarCost,ILiCost,Cushioning,7.590193618893934e-10
OtherCarCost,ILiCost,Cushioning,7.590193618893934e-10
OtherCarCost,ILiCost,Cushioning,7.590193618893934e-10
OtherCarCost,ILiCost,Cushioning,7.590193618893934e-10
OtherCarCost,ILiCost,Cushioning,7.590193618893934e-10
OtherCarCost,ILiCost,Cushioning,7.590193618893934e-10
OtherCarCost,ILiCost,Cushioning,7.590193618893934e-10
OtherCarCost,ILiCost,Cushioning,7.590193618893934e-10
OtherCarCost,ILiCost,Cushioning,7.590193618893934e-10
OtherCarCost,ILiCost,Cushioning,7.590193618893934e-10
OtherCarCost,ILiCost,Cushioning,7.590193618893934e-10
OtherCarCost,ILiCost,Cushioning,7.590193618893934e-10
OtherCarCost,ILiCost,Cushioning,7.590193618893934e-10
OtherCarCost,ILiCost,Cushioning,7.590193618893934e-10
OtherCarCost,ILiCost,Cushioning,7.590193618893934e-10
OtherCarCost,ILiCost,Cushioning,7.590193618893934e-10
OtherCar,MedCost,Cushioning,0.6771237933598593
OtherCar,Cushioning,SocioEcon,0.16541687724267692
OtherCar,Cushioning,SocioEcon,0.16541687724267692
OtherCar,Cushioning,SocioEcon,0.16541687724267692
OtherCar,Airbag,VehicleYear,0.0016618011767247885
OtherCar,Airbag,VehicleYear,0.0016618011767247885
OtherCar,Airbag,VehicleYear,0.0016618011767247885
OtherCar,Airbag,VehicleYear,0.0016618011767247885
OtherCar,Airbag,VehicleYear,0.0016618011767247885
OtherCar,Airbag,VehicleYear,0.0016618011767247885
OtherCar,Airbag,VehicleYear,0.0016618011767247885
OtherCar,Airbag,VehicleYear,0.0016618011767247885
OtherCar,Airbag,VehicleYear,0.0016618011767247885
OtherCar,Airbag,VehicleYear,0.0016618011767247885
OtherCar,Airbag,VehicleYear,0.0016618011767247885
OtherCar,Airbag,VehicleYear,0.0016618011767247885
OtherCar,Airbag,VehicleYear,0.0016618011767247885
OtherCar,Airbag,VehicleYear,0.0016618011767247885
MedCost,Cushioning,OtherCar,4.911192810688019e-86
MedCost,Cushioning,OtherCar,4.911192810688019e-86
MedCost,Cushioning,OtherCar,4.911192810688019e-86
MedCost,Cushioning,OtherCar,4.911192810688019e-86
MedCost,Cushioning,OtherCar,4.911192810688019e-86
MedCost,Cushioning,OtherCar,4.911192810688019e-86
MedCost,Cushioning,OtherCar,4.911192810688019e-86
MedCost,Cushioning,OtherCar,4.911192810688019e-86
MedCost,Cushioning,OtherCar,4.911192810688019e-86
MedCost,Cushioning,OtherCar,4.911192810688019e-86
MedCost,Cushioning,OtherCar,4.911192810688019e-86
MedCost,Cushioning,OtherCar,4.911192810688019e-86
MedCost,Cushioning,OtherCar,4.911192810688019e-86
MedCost,Cushioning,OtherCar,4.911192810688019e-86
MedCost,Cushioning,OtherCar,4.911192810688019e-86
MedCost,Cushioning,OtherCar,4.911192810688019e-86
MedCost,Airbag,Cushioning,0.5870787121354699
MedCost,Airbag,Cushioning,0.5870787121354699
MedCost,Airbag,Cushioning,0.5870787121354699
MedCost,Airbag,Cushioning,0.5870787121354699
MedCost,Airbag,Cushioning,0.5870787121354699
MedCost,Airbag,Cushioning,0.5870787121354699
MedCost,Airbag,Cushioning,0.5870787121354699
MedCost,Airbag,Cushioning,0.5870787121354699
MedCost,Airbag,Cushioning,0.5870787121354699
MedCost,Airbag,Cushioning,0.5870787121354699
MedCost,Airbag,Cushioning,0.5870787121354699
MedCost,Airbag,Cushioning,0.5870787121354699
MedCost,Airbag,Cushioning,0.5870787121354699
MedCost,Airbag,Cushioning,0.5870787121354699
MedCost,Airbag,Cushioning,0.5870787121354699
MedCost,ILiCost,ThisCarCost,0.14179481301956343
MedCost,ILiCost,ThisCarCost,0.14179481301956343
MedCost,ILiCost,ThisCarCost,0.14179481301956343
MedCost,ILiCost,ThisCarCost,0.14179481301956343
Cushioning,Airbag,OtherCar,1.9394908875679882e-112
Cushioning,Airbag,OtherCar,1.9394908875679882e-112
Cushioning,Airbag,OtherCar,1.9394908875679882e-112
Cushioning,Airbag,OtherCar,1.9394908875679882e-112
Cushioning,Airbag,OtherCar,1.9394908875679882e-112
Cushioning,Airbag,OtherCar,1.9394908875679882e-112
Cushioning,Airbag,OtherCar,1.9394908875679882e-112
Cushioning,Airbag,OtherCar,1.9394908875679882e-112
Cushioning,Airbag,OtherCar,1.9394908875679882e-112
Cushioning,Airbag,OtherCar,1.9394908875679882e-112
Cushioning,Airbag,OtherCar,1.9394908875679882e-112
Cushioning,Airbag,OtherCar,1.9394908875679882e-112
Cushioning,Airbag,OtherCar,1.9394908875679882e-112
Cushioning,Airbag,OtherCar,1.9394908875679882e-112
Cushioning,Airbag,OtherCar,1.9394908875679882e-112
Cushioning,Airbag,OtherCar,1.9394908875679882e-112
Cushioning,Airbag,OtherCar,1.9394908875679882e-112
Cushioning,Airbag,OtherCar,1.9394908875679882e-112
Age,SocioEcon,"DrivHist,MedCost",0.06819083421506644
Age,SocioEcon,"DrivHist,MedCost",0.06819083421506644
Age,SocioEcon,"DrivHist,MedCost",0.06819083421506644
Age,SocioEcon,"DrivHist,MedCost",0.06819083421506644
Age,RiskAversion,"MedCost,SeniorTrain",5.24349838039052e-12
Age,RiskAversion,"MedCost,SeniorTrain",5.24349838039052e-12
Age,RiskAversion,"MedCost,SeniorTrain",5.24349838039052e-12
Age,RiskAversion,"MedCost,SeniorTrain",5.24349838039052e-12
Age,RiskAversion,"MedCost,SeniorTrain",5.24349838039052e-12
Age,RiskAversion,"MedCost,SeniorTrain",5.24349838039052e-12
Age,RiskAversion,"MedCost,SeniorTrain",5.24349838039052e-12
Age,RiskAversion,"MedCost,SeniorTrain",5.24349838039052e-12
Age,RiskAversion,"MedCost,SeniorTrain",5.24349838039052e-12
Age,RiskAversion,"MedCost,SeniorTrain",5.24349838039052e-12
Age,SeniorTrain,"GoodStudent,MedCost",1.6882307049979906e-65
Age,SeniorTrain,"GoodStudent,MedCost",1.6882307049979906e-65
Age,SeniorTrain,"GoodStudent,MedCost",1.6882307049979906e-65
Age,SeniorTrain,"GoodStudent,MedCost",1.6882307049979906e-65
Age,SeniorTrain,"GoodStudent,MedCost",1.6882307049979906e-65
Age,SeniorTrain,"GoodStudent,MedCost",1.6882307049979906e-65
Age,SeniorTrain,"GoodStudent,MedCost",1.6882307049979906e-65
Age,SeniorTrain,"GoodStudent,MedCost",1.6882307049979906e-65
Age,SeniorTrain,"GoodStudent,MedCost",1.6882307049979906e-65
Age,SeniorTrain,"GoodStudent,MedCost",1.6882307049979906e-65
Age,MedCost,"DrivHist,SocioEcon",0.29204797646172254
Age,DrivHist,"RiskAversion,SocioEcon",0.6010626808516166
SocioEcon,RiskAversion,"Cushioning,MakeModel",0.9533618305087842
SocioEcon,RiskAversion,"Cushioning,MakeModel",0.9533618305087842
SocioEcon,RiskAversion,"Cushioning,MakeModel",0.9533618305087842
SocioEcon,RiskAversion,"Cushioning,MakeModel",0.9533618305087842
SocioEcon,VehicleYear,"Airbag,CarValue",0.10330653364874665
SocioEcon,VehicleYear,"Airbag,CarValue",0.10330653364874665
SocioEcon,VehicleYear,"Airbag,CarValue",0.10330653364874665
SocioEcon,VehicleYear,"Airbag,CarValue",0.10330653364874665
SocioEcon,VehicleYear,"Airbag,CarValue",0.10330653364874665
SocioEcon,VehicleYear,"Airbag,CarValue",0.10330653364874665
SocioEcon,VehicleYear,"Airbag,CarValue",0.10330653364874665
SocioEcon,VehicleYear,"Airbag,CarValue",0.10330653364874665
SocioEcon,VehicleYear,"Airbag,CarValue",0.10330653364874665
SocioEcon,VehicleYear,"Airbag,CarValue",0.10330653364874665
SocioEcon,VehicleYear,"Airbag,CarValue",0.10330653364874665
SocioEcon,VehicleYear,"Airbag,CarValue",0.10330653364874665
SocioEcon,VehicleYear,"Airbag,CarValue",0.10330653364874665
SocioEcon,VehicleYear,"Airbag,CarValue",0.10330653364874665
SocioEcon,VehicleYear,"Airbag,CarValue",0.10330653364874665
SocioEcon,VehicleYear,"Airbag,CarValue",0.10330653364874665
SocioEcon,VehicleYear,"Airbag,CarValue",0.10330653364874665
SocioEcon,RuggedAuto,"Airbag,MakeModel",0.2391321769668771
SocioEcon,RuggedAuto,"Airbag,MakeModel",0.2391321769668771
SocioEcon,RuggedAuto,"Airbag,MakeModel",0.2391321769668771
SocioEcon,RuggedAuto,"Airbag,MakeModel",0.2391321769668771
SocioEcon,RuggedAuto,"Airbag,MakeModel",0.2391321769668771
SocioEcon,RuggedAuto,"Airbag,MakeModel",0.2391321769668771
SocioEcon,RuggedAuto,"Airbag,MakeModel",0.2391321769668771
SocioEcon,RuggedAuto,"Airbag,MakeModel",0.2391321769668771
SocioEcon,RuggedAuto,"Airbag,MakeModel",0.2391321769668771
SocioEcon,RuggedAuto,"Airbag,MakeModel",0.2391321769668771
SocioEcon,RuggedAuto,"Airbag,MakeModel",0.2391321769668771
SocioEcon,RuggedAuto,"Airbag,MakeModel",0.2391321769668771
SocioEcon,RuggedAuto,"Airbag,MakeModel",0.2391321769668771
SocioEcon,RuggedAuto,"Airbag,MakeModel",0.2391321769668771
SocioEcon,RuggedAuto,"Airbag,MakeModel",0.2391321769668771
SocioEcon,MakeModel,"OtherCar,VehicleYear",9.440806971503335e-238
SocioEcon,MakeModel,"OtherCar,VehicleYear",9.440806971503335e-238
SocioEcon,MakeModel,"OtherCar,VehicleYear",9.440806971503335e-238
SocioEcon,MakeModel,"OtherCar,VehicleYear",9.440806971503335e-238
SocioEcon,MakeModel,"OtherCar,VehicleYear",9.440806971503335e-238
SocioEcon,MakeModel,"OtherCar,VehicleYear",9.440806971503335e-238
SocioEcon,MakeModel,"OtherCar,VehicleYear",9.440806971503335e-238
SocioEcon,MakeModel,"OtherCar,VehicleYear",9.440806971503335e-238
SocioEcon,MakeModel,"OtherCar,VehicleYear",9.440806971503335e-238
SocioEcon,MakeModel,"OtherCar,VehicleYear",9.440806971503335e-238
SocioEcon,MakeModel,"OtherCar,VehicleYear",9.440806971503335e-238
SocioEcon,MakeModel,"OtherCar,VehicleYear",9.440806971503335e-238
SocioEcon,MakeModel,"OtherCar,VehicleYear",9.440806971503335e-238
SocioEcon,MakeModel,"OtherCar,VehicleYear",9.440806971503335e-238
SocioEcon,MakeModel,"OtherCar,VehicleYear",9.440806971503335e-238
SocioEcon,MakeModel,"OtherCar,VehicleYear",9.440806971503335e-238
SocioEcon,MakeModel,"OtherCar,VehicleYear",9.440806971503335e-238
SocioEcon,MakeModel,"OtherCar,VehicleYear",9.440806971503335e-238
SocioEcon,MakeModel,"OtherCar,VehicleYear",9.440806971503335e-238
SocioEcon,MakeModel,"OtherCar,VehicleYear",9.440806971503335e-238
SocioEcon,MakeModel,"OtherCar,VehicleYear",9.440806971503335e-238
SocioEcon,MakeModel,"OtherCar,VehicleYear",9.440806971503335e-238
SocioEcon,MakeModel,"OtherCar,VehicleYear",9.440806971503335e-238
SocioEcon,MakeModel,"OtherCar,VehicleYear",9.440806971503335e-238
SocioEcon,MakeModel,"OtherCar,VehicleYear",9.440806971503335e-238
SocioEcon,MakeModel,"OtherCar,VehicleYear",9.440806971503335e-238
SocioEcon,MakeModel,"OtherCar,VehicleYear",9.440806971503335e-238
SocioEcon,MakeModel,"OtherCar,VehicleYear",9.440806971503335e-238
SocioEcon,MakeModel,"OtherCar,VehicleYear",9.440806971503335e-238
SocioEcon,MakeModel,"OtherCar,VehicleYear",9.440806971503335e-238
SocioEcon,MakeModel,"OtherCar,VehicleYear",9.440806971503335e-238
SocioEcon,MakeModel,"OtherCar,VehicleYear",9.440806971503335e-238
SocioEcon,MakeModel,"OtherCar,VehicleYear",9.440806971503335e-238
SocioEcon,MakeModel,"OtherCar,VehicleYear",9.440806971503335e-238
SocioEcon,MakeModel,"OtherCar,VehicleYear",9.440806971503335e-238
SocioEcon,MakeModel,"OtherCar,VehicleYear",9.440806971503335e-238
SocioEcon,MakeModel,"OtherCar,VehicleYear",9.440806971503335e-238
SocioEcon,MakeModel,"OtherCar,VehicleYear",9.440806971503335e-238
SocioEcon,MakeModel,"OtherCar,VehicleYear",9.440806971503335e-238
SocioEcon,MakeModel,"OtherCar,VehicleYear",9.440806971503335e-238
SocioEcon,MakeModel,"OtherCar,VehicleYear",9.440806971503335e-238
SocioEcon,MakeModel,"OtherCar,VehicleYear",9.440806971503335e-238
SocioEcon,MakeModel,"OtherCar,VehicleYear",9.440806971503335e-238
SocioEcon,MakeModel,"OtherCar,VehicleYear",9.440806971503335e-238
SocioEcon,MakeModel,"OtherCar,VehicleYear",9.440806971503335e-238
SocioEcon,MakeModel,"OtherCar,VehicleYear",9.440806971503335e-238
SocioEcon,MakeModel,"OtherCar,VehicleYear",9.440806971503335e-238
SocioEcon,MakeModel,"OtherCar,VehicleYear",9.440806971503335e-238
SocioEcon,MakeModel,"OtherCar,VehicleYear",9.440806971503335e-238
SocioEcon,MakeModel,"OtherCar,VehicleYear",9.440806971503335e-238
SocioEcon,MakeModel,"OtherCar,VehicleYear",9.440806971503335e-238
SocioEcon,MakeModel,"OtherCar,VehicleYear",9.440806971503335e-238
SocioEcon,MakeModel,"OtherCar,VehicleYear",9.440806971503335e-238
SocioEcon,MakeModel,"OtherCar,VehicleYear",9.440806971503335e-238
SocioEcon,MakeModel,"OtherCar,VehicleYear",9.440806971503335e-238
SocioEcon,MakeModel,"OtherCar,VehicleYear",9.440806971503335e-238
SocioEcon,MakeModel,"OtherCar,VehicleYear",9.440806971503335e-238
SocioEcon,MakeModel,"OtherCar,VehicleYear",9.440806971503335e-238
SocioEcon,MakeModel,"OtherCar,VehicleYear",9.440806971503335e-238
SocioEcon,MakeModel,"OtherCar,VehicleYear",9.440806971503335e-238
SocioEcon,MakeModel,"OtherCar,VehicleYear",9.440806971503335e-238
SocioEcon,MakeModel,"OtherCar,VehicleYear",9.440806971503335e-238
SocioEcon,MakeModel,"OtherCar,VehicleYear",9.440806971503335e-238
SocioEcon,MakeModel,"OtherCar,VehicleYear",9.440806971503335e-238
SocioEcon,MakeModel,"OtherCar,VehicleYear",9.440806971503335e-238
SocioEcon,MakeModel,"OtherCar,VehicleYear",9.440806971503335e-238
SocioEcon,MakeModel,"OtherCar,VehicleYear",9.440806971503335e-238
SocioEcon,MakeModel,"OtherCar,VehicleYear",9.440806971503335e-238
SocioEcon,MakeModel,"OtherCar,VehicleYear",9.440806971503335e-238
SocioEcon,MakeModel,"OtherCar,VehicleYear",9.440806971503335e-238
SocioEcon,MakeModel,"OtherCar,VehicleYear",9.440806971503335e-238
SocioEcon,MakeModel,"OtherCar,VehicleYear",9.440806971503335e-238
SocioEcon,MakeModel,"OtherCar,VehicleYear",9.440806971503335e-238
SocioEcon,MakeModel,"OtherCar,VehicleYear",9.440806971503335e-238
SocioEcon,MakeModel,"OtherCar,VehicleYear",9.440806971503335e-238
SocioEcon,MakeModel,"OtherCar,VehicleYear",9.440806971503335e-238
SocioEcon,MakeModel,"OtherCar,VehicleYear",9.440806971503335e-238
SocioEcon,MakeModel,"OtherCar,VehicleYear",9.440806971503335e-238
SocioEcon,Antilock,"OtherCar,VehicleYear",1.1287928591268525e-42
SocioEcon,Antilock,"OtherCar,VehicleYear",1.1287928591268525e-42
SocioEcon,Antilock,"OtherCar,VehicleYear",1.1287928591268525e-42
SocioEcon,Antilock,"OtherCar,VehicleYear",1.1287928591268525e-42
SocioEcon,Antilock,"OtherCar,VehicleYear",1.1287928591268525e-42
SocioEcon,Antilock,"OtherCar,VehicleYear",1.1287928591268525e-42
SocioEcon,Antilock,"OtherCar,VehicleYear",1.1287928591268525e-42
SocioEcon,Antilock,"OtherCar,VehicleYear",1.1287928591268525e-42
SocioEcon,Antilock,"OtherCar,VehicleYear",1.1287928591268525e-42
SocioEcon,Antilock,"OtherCar,VehicleYear",1.1287928591268525e-42
SocioEcon,Antilock,"OtherCar,VehicleYear",1.1287928591268525e-42
SocioEcon,Antilock,"OtherCar,VehicleYear",1.1287928591268525e-42
SocioEcon,Antilock,"OtherCar,VehicleYear",1.1287928591268525e-42
SocioEcon,Antilock,"OtherCar,VehicleYear",1.1287928591268525e-42
SocioEcon,Antilock,"OtherCar,VehicleYear",1.1287928591268525e-42
SocioEcon,Antilock,"OtherCar,VehicleYear",1.1287928591268525e-42
SocioEcon,Antilock,"OtherCar,VehicleYear",1.1287928591268525e-42
SocioEcon,Antilock,"OtherCar,VehicleYear",1.1287928591268525e-42
SocioEcon,Antilock,"OtherCar,VehicleYear",1.1287928591268525e-42
SocioEcon,Antilock,"OtherCar,VehicleYear",1.1287928591268525e-42
SocioEcon,Antilock,"OtherCar,VehicleYear",1.1287928591268525e-42
SocioEcon,Antilock,"OtherCar,VehicleYear",1.1287928591268525e-42
SocioEcon,Antilock,"OtherCar,VehicleYear",1.1287928591268525e-42
SocioEcon,Antilock,"OtherCar,VehicleYear",1.1287928591268525e-42
SocioEcon,Antilock,"OtherCar,VehicleYear",1.1287928591268525e-42
SocioEcon,Antilock,"OtherCar,VehicleYear",1.1287928591268525e-42
SocioEcon,Antilock,"OtherCar,VehicleYear",1.1287928591268525e-42
SocioEcon,Antilock,"OtherCar,VehicleYear",1.1287928591268525e-42
SocioEcon,Antilock,"OtherCar,VehicleYear",1.1287928591268525e-42
SocioEcon,Antilock,"OtherCar,VehicleYear",1.1287928591268525e-42
SocioEcon,Antilock,"OtherCar,VehicleYear",1.1287928591268525e-42
SocioEcon,Antilock,"OtherCar,VehicleYear",1.1287928591268525e-42
SocioEcon,Antilock,"OtherCar,VehicleYear",1.1287928591268525e-42
SocioEcon,Antilock,"OtherCar,VehicleYear",1.1287928591268525e-42
SocioEcon,Antilock,"OtherCar,VehicleYear",1.1287928591268525e-42
SocioEcon,Antilock,"OtherCar,VehicleYear",1.1287928591268525e-42
SocioEcon,Antilock,"OtherCar,VehicleYear",1.1287928591268525e-42
SocioEcon,Antilock,"OtherCar,VehicleYear",1.1287928591268525e-42
SocioEcon,Antilock,"OtherCar,VehicleYear",1.1287928591268525e-42
SocioEcon,Antilock,"OtherCar,VehicleYear",1.1287928591268525e-42
SocioEcon,Antilock,"OtherCar,VehicleYear",1.1287928591268525e-42
SocioEcon,Antilock,"OtherCar,VehicleYear",1.1287928591268525e-42
SocioEcon,Antilock,"OtherCar,VehicleYear",1.1287928591268525e-42
SocioEcon,Antilock,"OtherCar,VehicleYear",1.1287928591268525e-42
SocioEcon,Antilock,"OtherCar,VehicleYear",1.1287928591268525e-42
SocioEcon,Antilock,"OtherCar,VehicleYear",1.1287928591268525e-42
SocioEcon,Antilock,"OtherCar,VehicleYear",1.1287928591268525e-42
SocioEcon,Antilock,"OtherCar,VehicleYear",1.1287928591268525e-42
SocioEcon,Antilock,"OtherCar,VehicleYear",1.1287928591268525e-42
SocioEcon,Antilock,"OtherCar,VehicleYear",1.1287928591268525e-42
SocioEcon,Antilock,"OtherCar,VehicleYear",1.1287928591268525e-42
SocioEcon,Antilock,"OtherCar,VehicleYear",1.1287928591268525e-42
SocioEcon,Antilock,"OtherCar,VehicleYear",1.1287928591268525e-42
SocioEcon,Antilock,"OtherCar,VehicleYear",1.1287928591268525e-42
SocioEcon,Antilock,"OtherCar,VehicleYear",1.1287928591268525e-42
SocioEcon,Antilock,"OtherCar,VehicleYear",1.1287928591268525e-42
SocioEcon,Antilock,"OtherCar,VehicleYear",1.1287928591268525e-42
SocioEcon,Antilock,"OtherCar,VehicleYear",1.1287928591268525e-42
SocioEcon,Antilock,"OtherCar,VehicleYear",1.1287928591268525e-42
SocioEcon,Antilock,"OtherCar,VehicleYear",1.1287928591268525e-42
SocioEcon,Antilock,"OtherCar,VehicleYear",1.1287928591268525e-42
SocioEcon,Antilock,"OtherCar,VehicleYear",1.1287928591268525e-42
SocioEcon,Antilock,"OtherCar,VehicleYear",1.1287928591268525e-42
SocioEcon,Antilock,"OtherCar,VehicleYear",1.1287928591268525e-42
SocioEcon,Antilock,"OtherCar,VehicleYear",1.1287928591268525e-42
SocioEcon,Antilock,"OtherCar,VehicleYear",1.1287928591268525e-42
SocioEcon,Antilock,"OtherCar,VehicleYear",1.1287928591268525e-42
SocioEcon,Antilock,"OtherCar,VehicleYear",1.1287928591268525e-42
SocioEcon,Antilock,"OtherCar,VehicleYear",1.1287928591268525e-42
SocioEcon,Antilock,"OtherCar,VehicleYear",1.1287928591268525e-42
SocioEcon,Antilock,"OtherCar,VehicleYear",1.1287928591268525e-42
SocioEcon,Antilock,"OtherCar,VehicleYear",1.1287928591268525e-42
SocioEcon,Antilock,"OtherCar,VehicleYear",1.1287928591268525e-42
SocioEcon,Antilock,"OtherCar,VehicleYear",1.1287928591268525e-42
SocioEcon,Antilock,"OtherCar,VehicleYear",1.1287928591268525e-42
SocioEcon,Antilock,"OtherCar,VehicleYear",1.1287928591268525e-42
SocioEcon,Antilock,"OtherCar,VehicleYear",1.1287928591268525e-42
SocioEcon,Antilock,"OtherCar,VehicleYear",1.1287928591268525e-42
SocioEcon,ThisCarCost,"CarValue,Cushioning",0.6044212560656224
SocioEcon,ThisCarCost,"CarValue,Cushioning",0.6044212560656224
SocioEcon,ThisCarCost,"CarValue,Cushioning",0.6044212560656224
SocioEcon,ThisCarCost,"CarValue,Cushioning",0.6044212560656224
SocioEcon,ThisCarCost,"CarValue,Cushioning",0.6044212560656224
SocioEcon,CarValue,"OtherCar,VehicleYear",1.2711541918810885e-96
SocioEcon,CarValue,"OtherCar,VehicleYear",1.2711541918810885e-96
SocioEcon,CarValue,"OtherCar,VehicleYear",1.2711541918810885e-96
SocioEcon,CarValue,"OtherCar,VehicleYear",1.2711541918810885e-96
SocioEcon,CarValue,"OtherCar,VehicleYear",1.2711541918810885e-96
SocioEcon,CarValue,"OtherCar,VehicleYear",1.2711541918810885e-96
SocioEcon,CarValue,"OtherCar,VehicleYear",1.2711541918810885e-96
SocioEcon,CarValue,"OtherCar,VehicleYear",1.2711541918810885e-96
SocioEcon,CarValue,"OtherCar,VehicleYear",1.2711541918810885e-96
SocioEcon,CarValue,"OtherCar,VehicleYear",1.2711541918810885e-96
SocioEcon,CarValue,"OtherCar,VehicleYear",1.2711541918810885e-96
SocioEcon,CarValue,"OtherCar,VehicleYear",1.2711541918810885e-96
SocioEcon,CarValue,"OtherCar,VehicleYear",1.2711541918810885e-96
SocioEcon,CarValue,"OtherCar,VehicleYear",1.2711541918810885e-96
SocioEcon,CarValue,"OtherCar,VehicleYear",1.2711541918810885e-96
SocioEcon,CarValue,"OtherCar,VehicleYear",1.2711541918810885e-96
SocioEcon,CarValue,"OtherCar,VehicleYear",1.2711541918810885e-96
SocioEcon,CarValue,"OtherCar,VehicleYear",1.2711541918810885e-96
SocioEcon,CarValue,"OtherCar,VehicleYear",1.2711541918810885e-96
SocioEcon,CarValue,"OtherCar,VehicleYear",1.2711541918810885e-96
SocioEcon,CarValue,"OtherCar,VehicleYear",1.2711541918810885e-96
SocioEcon,CarValue,"OtherCar,VehicleYear",1.2711541918810885e-96
SocioEcon,CarValue,"OtherCar,VehicleYear",1.2711541918810885e-96
SocioEcon,CarValue,"OtherCar,VehicleYear",1.2711541918810885e-96
SocioEcon,CarValue,"OtherCar,VehicleYear",1.2711541918810885e-96
SocioEcon,CarValue,"OtherCar,VehicleYear",1.2711541918810885e-96
SocioEcon,CarValue,"OtherCar,VehicleYear",1.2711541918810885e-96
SocioEcon,CarValue,"OtherCar,VehicleYear",1.2711541918810885e-96
SocioEcon,CarValue,"OtherCar,VehicleYear",1.2711541918810885e-96
SocioEcon,CarValue,"OtherCar,VehicleYear",1.2711541918810885e-96
SocioEcon,CarValue,"OtherCar,VehicleYear",1.2711541918810885e-96
SocioEcon,CarValue,"OtherCar,VehicleYear",1.2711541918810885e-96
SocioEcon,CarValue,"OtherCar,VehicleYear",1.2711541918810885e-96
SocioEcon,CarValue,"OtherCar,VehicleYear",1.2711541918810885e-96
SocioEcon,CarValue,"OtherCar,VehicleYear",1.2711541918810885e-96
SocioEcon,CarValue,"OtherCar,VehicleYear",1.2711541918810885e-96
SocioEcon,CarValue,"OtherCar,VehicleYear",1.2711541918810885e-96
SocioEcon,CarValue,"OtherCar,VehicleYear",1.2711541918810885e-96
SocioEcon,CarValue,"OtherCar,VehicleYear",1.2711541918810885e-96
SocioEcon,CarValue,"OtherCar,VehicleYear",1.2711541918810885e-96
SocioEcon,CarValue,"OtherCar,VehicleYear",1.2711541918810885e-96
SocioEcon,CarValue,"OtherCar,VehicleYear",1.2711541918810885e-96
SocioEcon,CarValue,"OtherCar,VehicleYear",1.2711541918810885e-96
SocioEcon,CarValue,"OtherCar,VehicleYear",1.2711541918810885e-96
SocioEcon,CarValue,"OtherCar,VehicleYear",1.2711541918810885e-96
SocioEcon,CarValue,"OtherCar,VehicleYear",1.2711541918810885e-96
SocioEcon,CarValue,"OtherCar,VehicleYear",1.2711541918810885e-96
SocioEcon,CarValue,"OtherCar,VehicleYear",1.2711541918810885e-96
SocioEcon,CarValue,"OtherCar,VehicleYear",1.2711541918810885e-96
SocioEcon,CarValue,"OtherCar,VehicleYear",1.2711541918810885e-96
SocioEcon,CarValue,"OtherCar,VehicleYear",1.2711541918810885e-96
SocioEcon,CarValue,"OtherCar,VehicleYear",1.2711541918810885e-96
SocioEcon,CarValue,"OtherCar,VehicleYear",1.2711541918810885e-96
SocioEcon,CarValue,"OtherCar,VehicleYear",1.2711541918810885e-96
SocioEcon,CarValue,"OtherCar,VehicleYear",1.2711541918810885e-96
SocioEcon,CarValue,"OtherCar,VehicleYear",1.2711541918810885e-96
SocioEcon,CarValue,"OtherCar,VehicleYear",1.2711541918810885e-96
SocioEcon,CarValue,"OtherCar,VehicleYear",1.2711541918810885e-96
SocioEcon,CarValue,"OtherCar,VehicleYear",1.2711541918810885e-96
SocioEcon,CarValue,"OtherCar,VehicleYear",1.2711541918810885e-96
SocioEcon,CarValue,"OtherCar,VehicleYear",1.2711541918810885e-96
SocioEcon,CarValue,"OtherCar,VehicleYear",1.2711541918810885e-96
SocioEcon,CarValue,"OtherCar,VehicleYear",1.2711541918810885e-96
SocioEcon,CarValue,"OtherCar,VehicleYear",1.2711541918810885e-96
SocioEcon,CarValue,"OtherCar,VehicleYear",1.2711541918810885e-96
SocioEcon,CarValue,"OtherCar,VehicleYear",1.2711541918810885e-96
SocioEcon,CarValue,"OtherCar,VehicleYear",1.2711541918810885e-96
SocioEcon,CarValue,"OtherCar,VehicleYear",1.2711541918810885e-96
SocioEcon,CarValue,"OtherCar,VehicleYear",1.2711541918810885e-96
SocioEcon,CarValue,"OtherCar,VehicleYear",1.2711541918810885e-96
SocioEcon,CarValue,"OtherCar,VehicleYear",1.2711541918810885e-96
SocioEcon,CarValue,"OtherCar,VehicleYear",1.2711541918810885e-96
SocioEcon,CarValue,"OtherCar,VehicleYear",1.2711541918810885e-96
SocioEcon,CarValue,"OtherCar,VehicleYear",1.2711541918810885e-96
SocioEcon,CarValue,"OtherCar,VehicleYear",1.2711541918810885e-96
SocioEcon,CarValue,"OtherCar,VehicleYear",1.2711541918810885e-96
SocioEcon,CarValue,"OtherCar,VehicleYear",1.2711541918810885e-96
SocioEcon,CarValue,"OtherCar,VehicleYear",1.2711541918810885e-96
SocioEcon,HomeBase,"OtherCar,VehicleYear",0.0
SocioEcon,HomeBase,"OtherCar,VehicleYear",0.0
SocioEcon,HomeBase,"OtherCar,VehicleYear",0.0
SocioEcon,HomeBase,"OtherCar,VehicleYear",0.0
SocioEcon,HomeBase,"OtherCar,VehicleYear",0.0
SocioEcon,HomeBase,"OtherCar,VehicleYear",0.0
SocioEcon,HomeBase,"OtherCar,VehicleYear",0.0
SocioEcon,HomeBase,"OtherCar,VehicleYear",0.0
SocioEcon,HomeBase,"OtherCar,VehicleYear",0.0
SocioEcon,HomeBase,"OtherCar,VehicleYear",0.0
SocioEcon,HomeBase,"OtherCar,VehicleYear",0.0
SocioEcon,HomeBase,"OtherCar,VehicleYear",0.0
SocioEcon,HomeBase,"OtherCar,VehicleYear",0.0
SocioEcon,HomeBase,"OtherCar,VehicleYear",0.0
SocioEcon,HomeBase,"OtherCar,VehicleYear",0.0
SocioEcon,HomeBase,"OtherCar,VehicleYear",0.0
SocioEcon,HomeBase,"OtherCar,VehicleYear",0.0
SocioEcon,HomeBase,"OtherCar,VehicleYear",0.0
SocioEcon,HomeBase,"OtherCar,VehicleYear",0.0
SocioEcon,HomeBase,"OtherCar,VehicleYear",0.0
SocioEcon,HomeBase,"OtherCar,VehicleYear",0.0
SocioEcon,HomeBase,"OtherCar,VehicleYear",0.0
SocioEcon,HomeBase,"OtherCar,VehicleYear",0.0
SocioEcon,HomeBase,"OtherCar,VehicleYear",0.0
SocioEcon,HomeBase,"OtherCar,VehicleYear",0.0
SocioEcon,HomeBase,"OtherCar,VehicleYear",0.0
SocioEcon,HomeBase,"OtherCar,VehicleYear",0.0
SocioEcon,HomeBase,"OtherCar,VehicleYear",0.0
SocioEcon,HomeBase,"OtherCar,VehicleYear",0.0
SocioEcon,HomeBase,"OtherCar,VehicleYear",0.0
SocioEcon,HomeBase,"OtherCar,VehicleYear",0.0
SocioEcon,HomeBase,"OtherCar,VehicleYear",0.0
SocioEcon,HomeBase,"OtherCar,VehicleYear",0.0
SocioEcon,HomeBase,"OtherCar,VehicleYear",0.0
SocioEcon,HomeBase,"OtherCar,VehicleYear",0.0
SocioEcon,HomeBase,"OtherCar,VehicleYear",0.0
SocioEcon,HomeBase,"OtherCar,VehicleYear",0.0
SocioEcon,HomeBase,"OtherCar,VehicleYear",0.0
SocioEcon,HomeBase,"OtherCar,VehicleYear",0.0
SocioEcon,HomeBase,"OtherCar,VehicleYear",0.0
SocioEcon,HomeBase,"OtherCar,VehicleYear",0.0
SocioEcon,HomeBase,"OtherCar,VehicleYear",0.0
SocioEcon,HomeBase,"OtherCar,VehicleYear",0.0
SocioEcon,HomeBase,"OtherCar,VehicleYear",0.0
SocioEcon,HomeBase,"OtherCar,VehicleYear",0.0
SocioEcon,HomeBase,"OtherCar,VehicleYear",0.0
SocioEcon,HomeBase,"OtherCar,VehicleYear",0.0
SocioEcon,HomeBase,"OtherCar,VehicleYear",0.0
SocioEcon,HomeBase,"OtherCar,VehicleYear",0.0
SocioEcon,HomeBase,"OtherCar,VehicleYear",0.0
SocioEcon,HomeBase,"OtherCar,VehicleYear",0.0
SocioEcon,HomeBase,"OtherCar,VehicleYear",0.0
SocioEcon,HomeBase,"OtherCar,VehicleYear",0.0
SocioEcon,HomeBase,"OtherCar,VehicleYear",0.0
SocioEcon,HomeBase,"OtherCar,VehicleYear",0.0
SocioEcon,HomeBase,"OtherCar,VehicleYear",0.0
SocioEcon,HomeBase,"OtherCar,VehicleYear",0.0
SocioEcon,HomeBase,"OtherCar,VehicleYear",0.0
SocioEcon,HomeBase,"OtherCar,VehicleYear",0.0
SocioEcon,HomeBase,"OtherCar,VehicleYear",0.0
SocioEcon,HomeBase,"OtherCar,VehicleYear",0.0
SocioEcon,HomeBase,"OtherCar,VehicleYear",0.0
SocioEcon,HomeBase,"OtherCar,VehicleYear",0.0
SocioEcon,HomeBase,"OtherCar,VehicleYear",0.0
SocioEcon,HomeBase,"OtherCar,VehicleYear",0.0
SocioEcon,HomeBase,"OtherCar,VehicleYear",0.0
SocioEcon,HomeBase,"OtherCar,VehicleYear",0.0
SocioEcon,HomeBase,"OtherCar,VehicleYear",0.0
SocioEcon,HomeBase,"OtherCar,VehicleYear",0.0
SocioEcon,HomeBase,"OtherCar,VehicleYear",0.0
SocioEcon,HomeBase,"OtherCar,VehicleYear",0.0
SocioEcon,HomeBase,"OtherCar,VehicleYear",0.0
SocioEcon,HomeBase,"OtherCar,VehicleYear",0.0
SocioEcon,HomeBase,"OtherCar,VehicleYear",0.0
SocioEcon,HomeBase,"OtherCar,VehicleYear",0.0
SocioEcon,HomeBase,"OtherCar,VehicleYear",0.0
SocioEcon,HomeBase,"OtherCar,VehicleYear",0.0
SocioEcon,HomeBase,"OtherCar,VehicleYear",0.0
SocioEcon,AntiTheft,"OtherCar,VehicleYear",3.359837630929196e-40
SocioEcon,AntiTheft,"OtherCar,VehicleYear",3.359837630929196e-40
SocioEcon,AntiTheft,"OtherCar,VehicleYear",3.359837630929196e-40
SocioEcon,AntiTheft,"OtherCar,VehicleYear",3.359837630929196e-40
SocioEcon,AntiTheft,"OtherCar,VehicleYear",3.359837630929196e-40
SocioEcon,AntiTheft,"OtherCar,VehicleYear",3.359837630929196e-40
SocioEcon,AntiTheft,"OtherCar,VehicleYear",3.359837630929196e-40
SocioEcon,AntiTheft,"OtherCar,VehicleYear",3.359837630929196e-40
SocioEcon,AntiTheft,"OtherCar,VehicleYear",3.359837630929196e-40
SocioEcon,AntiTheft,"OtherCar,VehicleYear",3.359837630929196e-40
SocioEcon,AntiTheft,"OtherCar,VehicleYear",3.359837630929196e-40
SocioEcon,AntiTheft,"OtherCar,VehicleYear",3.359837630929196e-40
SocioEcon,AntiTheft,"OtherCar,VehicleYear",3.359837630929196e-40
SocioEcon,AntiTheft,"OtherCar,VehicleYear",3.359837630929196e-40
SocioEcon,AntiTheft,"OtherCar,VehicleYear",3.359837630929196e-40
SocioEcon,AntiTheft,"OtherCar,VehicleYear",3.359837630929196e-40
SocioEcon,AntiTheft,"OtherCar,VehicleYear",3.359837630929196e-40
SocioEcon,AntiTheft,"OtherCar,VehicleYear",3.359837630929196e-40
SocioEcon,AntiTheft,"OtherCar,VehicleYear",3.359837630929196e-40
SocioEcon,AntiTheft,"OtherCar,VehicleYear",3.359837630929196e-40
SocioEcon,AntiTheft,"OtherCar,VehicleYear",3.359837630929196e-40
SocioEcon,AntiTheft,"OtherCar,VehicleYear",3.359837630929196e-40
SocioEcon,AntiTheft,"OtherCar,VehicleYear",3.359837630929196e-40
SocioEcon,AntiTheft,"OtherCar,VehicleYear",3.359837630929196e-40
SocioEcon,AntiTheft,"OtherCar,VehicleYear",3.359837630929196e-40
SocioEcon,AntiTheft,"OtherCar,VehicleYear",3.359837630929196e-40
SocioEcon,AntiTheft,"OtherCar,VehicleYear",3.359837630929196e-40
SocioEcon,AntiTheft,"OtherCar,VehicleYear",3.359837630929196e-40
SocioEcon,AntiTheft,"OtherCar,VehicleYear",3.359837630929196e-40
SocioEcon,AntiTheft,"OtherCar,VehicleYear",3.359837630929196e-40
SocioEcon,AntiTheft,"OtherCar,VehicleYear",3.359837630929196e-40
SocioEcon,AntiTheft,"OtherCar,VehicleYear",3.359837630929196e-40
SocioEcon,AntiTheft,"OtherCar,VehicleYear",3.359837630929196e-40
SocioEcon,AntiTheft,"OtherCar,VehicleYear",3.359837630929196e-40
SocioEcon,AntiTheft,"OtherCar,VehicleYear",3.359837630929196e-40
SocioEcon,AntiTheft,"OtherCar,VehicleYear",3.359837630929196e-40
SocioEcon,AntiTheft,"OtherCar,VehicleYear",3.359837630929196e-40
SocioEcon,AntiTheft,"OtherCar,VehicleYear",3.359837630929196e-40
SocioEcon,AntiTheft,"OtherCar,VehicleYear",3.359837630929196e-40
SocioEcon,AntiTheft,"OtherCar,VehicleYear",3.359837630929196e-40
SocioEcon,AntiTheft,"OtherCar,VehicleYear",3.359837630929196e-40
SocioEcon,AntiTheft,"OtherCar,VehicleYear",3.359837630929196e-40
SocioEcon,AntiTheft,"OtherCar,VehicleYear",3.359837630929196e-40
SocioEcon,AntiTheft,"OtherCar,VehicleYear",3.359837630929196e-40
SocioEcon,AntiTheft,"OtherCar,VehicleYear",3.359837630929196e-40
SocioEcon,AntiTheft,"OtherCar,VehicleYear",3.359837630929196e-40
SocioEcon,AntiTheft,"OtherCar,VehicleYear",3.359837630929196e-40
SocioEcon,AntiTheft,"OtherCar,VehicleYear",3.359837630929196e-40
SocioEcon,AntiTheft,"OtherCar,VehicleYear",3.359837630929196e-40
SocioEcon,AntiTheft,"OtherCar,VehicleYear",3.359837630929196e-40
SocioEcon,AntiTheft,"OtherCar,VehicleYear",3.359837630929196e-40
SocioEcon,AntiTheft,"OtherCar,VehicleYear",3.359837630929196e-40
SocioEcon,AntiTheft,"OtherCar,VehicleYear",3.359837630929196e-40
SocioEcon,AntiTheft,"OtherCar,VehicleYear",3.359837630929196e-40
SocioEcon,AntiTheft,"OtherCar,VehicleYear",3.359837630929196e-40
SocioEcon,AntiTheft,"OtherCar,VehicleYear",3.359837630929196e-40
SocioEcon,AntiTheft,"OtherCar,VehicleYear",3.359837630929196e-40
SocioEcon,AntiTheft,"OtherCar,VehicleYear",3.359837630929196e-40
SocioEcon,AntiTheft,"OtherCar,VehicleYear",3.359837630929196e-40
SocioEcon,AntiTheft,"OtherCar,VehicleYear",3.359837630929196e-40
SocioEcon,AntiTheft,"OtherCar,VehicleYear",3.359837630929196e-40
SocioEcon,AntiTheft,"OtherCar,VehicleYear",3.359837630929196e-40
SocioEcon,AntiTheft,"OtherCar,VehicleYear",3.359837630929196e-40
SocioEcon,AntiTheft,"OtherCar,VehicleYear",3.359837630929196e-40
SocioEcon,AntiTheft,"OtherCar,VehicleYear",3.359837630929196e-40
SocioEcon,AntiTheft,"OtherCar,VehicleYear",3.359837630929196e-40
SocioEcon,AntiTheft,"OtherCar,VehicleYear",3.359837630929196e-40
SocioEcon,AntiTheft,"OtherCar,VehicleYear",3.359837630929196e-40
SocioEcon,AntiTheft,"OtherCar,VehicleYear",3.359837630929196e-40
SocioEcon,AntiTheft,"OtherCar,VehicleYear",3.359837630929196e-40
SocioEcon,AntiTheft,"OtherCar,VehicleYear",3.359837630929196e-40
SocioEcon,AntiTheft,"OtherCar,VehicleYear",3.359837630929196e-40
SocioEcon,AntiTheft,"OtherCar,VehicleYear",3.359837630929196e-40
SocioEcon,AntiTheft,"OtherCar,VehicleYear",3.359837630929196e-40
SocioEcon,AntiTheft,"OtherCar,VehicleYear",3.359837630929196e-40
SocioEcon,AntiTheft,"OtherCar,VehicleYear",3.359837630929196e-40
SocioEcon,AntiTheft,"OtherCar,VehicleYear",3.359837630929196e-40
SocioEcon,AntiTheft,"OtherCar,VehicleYear",3.359837630929196e-40
SocioEcon,OtherCar,"HomeBase,VehicleYear",2.8959016069328473e-11
SocioEcon,OtherCar,"HomeBase,VehicleYear",2.8959016069328473e-11
SocioEcon,OtherCar,"HomeBase,VehicleYear",2.8959016069328473e-11
SocioEcon,OtherCar,"HomeBase,VehicleYear",2.8959016069328473e-11
SocioEcon,OtherCar,"HomeBase,VehicleYear",2.8959016069328473e-11
SocioEcon,OtherCar,"HomeBase,VehicleYear",2.8959016069328473e-11
SocioEcon,OtherCar,"HomeBase,VehicleYear",2.8959016069328473e-11
SocioEcon,OtherCar,"HomeBase,VehicleYear",2.8959016069328473e-11
SocioEcon,OtherCar,"HomeBase,VehicleYear",2.8959016069328473e-11
SocioEcon,OtherCar,"HomeBase,VehicleYear",2.8959016069328473e-11
SocioEcon,OtherCar,"HomeBase,VehicleYear",2.8959016069328473e-11
SocioEcon,OtherCar,"HomeBase,VehicleYear",2.8959016069328473e-11
SocioEcon,OtherCar,"HomeBase,VehicleYear",2.8959016069328473e-11
SocioEcon,OtherCar,"HomeBase,VehicleYear",2.8959016069328473e-11
SocioEcon,OtherCar,"HomeBase,VehicleYear",2.8959016069328473e-11
SocioEcon,OtherCar,"HomeBase,VehicleYear",2.8959016069328473e-11
SocioEcon,OtherCar,"HomeBase,VehicleYear",2.8959016069328473e-11
SocioEcon,OtherCar,"HomeBase,VehicleYear",2.8959016069328473e-11
SocioEcon,OtherCar,"HomeBase,VehicleYear",2.8959016069328473e-11
SocioEcon,OtherCar,"HomeBase,VehicleYear",2.8959016069328473e-11
SocioEcon,OtherCar,"HomeBase,VehicleYear",2.8959016069328473e-11
SocioEcon,OtherCar,"HomeBase,VehicleYear",2.8959016069328473e-11
SocioEcon,OtherCar,"HomeBase,VehicleYear",2.8959016069328473e-11
SocioEcon,OtherCar,"HomeBase,VehicleYear",2.8959016069328473e-11
SocioEcon,OtherCar,"HomeBase,VehicleYear",2.8959016069328473e-11
SocioEcon,OtherCar,"HomeBase,VehicleYear",2.8959016069328473e-11
SocioEcon,OtherCar,"HomeBase,VehicleYear",2.8959016069328473e-11
SocioEcon,OtherCar,"HomeBase,VehicleYear",2.8959016069328473e-11
SocioEcon,OtherCar,"HomeBase,VehicleYear",2.8959016069328473e-11
SocioEcon,OtherCar,"HomeBase,VehicleYear",2.8959016069328473e-11
SocioEcon,OtherCar,"HomeBase,VehicleYear",2.8959016069328473e-11
SocioEcon,OtherCar,"HomeBase,VehicleYear",2.8959016069328473e-11
SocioEcon,OtherCar,"HomeBase,VehicleYear",2.8959016069328473e-11
SocioEcon,OtherCar,"HomeBase,VehicleYear",2.8959016069328473e-11
SocioEcon,OtherCar,"HomeBase,VehicleYear",2.8959016069328473e-11
SocioEcon,OtherCar,"HomeBase,VehicleYear",2.8959016069328473e-11
SocioEcon,OtherCar,"HomeBase,VehicleYear",2.8959016069328473e-11
SocioEcon,OtherCar,"HomeBase,VehicleYear",2.8959016069328473e-11
SocioEcon,OtherCar,"HomeBase,VehicleYear",2.8959016069328473e-11
SocioEcon,OtherCar,"HomeBase,VehicleYear",2.8959016069328473e-11
SocioEcon,OtherCar,"HomeBase,VehicleYear",2.8959016069328473e-11
SocioEcon,OtherCar,"HomeBase,VehicleYear",2.8959016069328473e-11
SocioEcon,OtherCar,"HomeBase,VehicleYear",2.8959016069328473e-11
SocioEcon,OtherCar,"HomeBase,VehicleYear",2.8959016069328473e-11
SocioEcon,OtherCar,"HomeBase,VehicleYear",2.8959016069328473e-11
SocioEcon,OtherCar,"HomeBase,VehicleYear",2.8959016069328473e-11
SocioEcon,OtherCar,"HomeBase,VehicleYear",2.8959016069328473e-11
SocioEcon,OtherCar,"HomeBase,VehicleYear",2.8959016069328473e-11
SocioEcon,OtherCar,"HomeBase,VehicleYear",2.8959016069328473e-11
SocioEcon,OtherCar,"HomeBase,VehicleYear",2.8959016069328473e-11
SocioEcon,OtherCar,"HomeBase,VehicleYear",2.8959016069328473e-11
SocioEcon,OtherCar,"HomeBase,VehicleYear",2.8959016069328473e-11
SocioEcon,OtherCar,"HomeBase,VehicleYear",2.8959016069328473e-11
SocioEcon,OtherCar,"HomeBase,VehicleYear",2.8959016069328473e-11
SocioEcon,OtherCar,"HomeBase,VehicleYear",2.8959016069328473e-11
SocioEcon,OtherCar,"HomeBase,VehicleYear",2.8959016069328473e-11
SocioEcon,OtherCar,"HomeBase,VehicleYear",2.8959016069328473e-11
SocioEcon,OtherCar,"HomeBase,VehicleYear",2.8959016069328473e-11
SocioEcon,OtherCar,"HomeBase,VehicleYear",2.8959016069328473e-11
SocioEcon,OtherCar,"HomeBase,VehicleYear",2.8959016069328473e-11
SocioEcon,OtherCar,"HomeBase,VehicleYear",2.8959016069328473e-11
SocioEcon,OtherCar,"HomeBase,VehicleYear",2.8959016069328473e-11
SocioEcon,OtherCar,"HomeBase,VehicleYear",2.8959016069328473e-11
SocioEcon,OtherCar,"HomeBase,VehicleYear",2.8959016069328473e-11
SocioEcon,OtherCar,"HomeBase,VehicleYear",2.8959016069328473e-11
SocioEcon,OtherCar,"HomeBase,VehicleYear",2.8959016069328473e-11
SocioEcon,OtherCar,"HomeBase,VehicleYear",2.8959016069328473e-11
SocioEcon,OtherCar,"HomeBase,VehicleYear",2.8959016069328473e-11
SocioEcon,OtherCar,"HomeBase,VehicleYear",2.8959016069328473e-11
SocioEcon,OtherCar,"HomeBase,VehicleYear",2.8959016069328473e-11
SocioEcon,OtherCar,"HomeBase,VehicleYear",2.8959016069328473e-11
SocioEcon,OtherCar,"HomeBase,VehicleYear",2.8959016069328473e-11
SocioEcon,OtherCar,"HomeBase,VehicleYear",2.8959016069328473e-11
SocioEcon,OtherCar,"HomeBase,VehicleYear",2.8959016069328473e-11
SocioEcon,OtherCar,"HomeBase,VehicleYear",2.8959016069328473e-11
SocioEcon,OtherCar,"HomeBase,VehicleYear",2.8959016069328473e-11
SocioEcon,OtherCar,"HomeBase,VehicleYear",2.8959016069328473e-11
SocioEcon,OtherCar,"HomeBase,VehicleYear",2.8959016069328473e-11
SocioEcon,Cushioning,"Airbag,MakeModel",0.9501679165079452
SocioEcon,Cushioning,"Airbag,MakeModel",0.9501679165079452
SocioEcon,Cushioning,"Airbag,MakeModel",0.9501679165079452
SocioEcon,Airbag,"MakeModel,VehicleYear",0.057621190889405406
SocioEcon,Airbag,"MakeModel,VehicleYear",0.057621190889405406
SocioEcon,Airbag,"MakeModel,VehicleYear",0.057621190889405406
SocioEcon,Airbag,"MakeModel,VehicleYear",0.057621190889405406
SocioEcon,Airbag,"MakeModel,VehicleYear",0.057621190889405406
SocioEcon,Airbag,"MakeModel,VehicleYear",0.057621190889405406
SocioEcon,Airbag,"MakeModel,VehicleYear",0.057621190889405406
SocioEcon,Airbag,"MakeModel,VehicleYear",0.057621190889405406
SocioEcon,Airbag,"MakeModel,VehicleYear",0.057621190889405406
SocioEcon,Airbag,"MakeModel,VehicleYear",0.057621190889405406
SocioEcon,Airbag,"MakeModel,VehicleYear",0.057621190889405406
SocioEcon,Airbag,"MakeModel,VehicleYear",0.057621190889405406
SocioEcon,Airbag,"MakeModel,VehicleYear",0.057621190889405406
SocioEcon,Airbag,"MakeModel,VehicleYear",0.057621190889405406
SocioEcon,Airbag,"MakeModel,VehicleYear",0.057621190889405406
SocioEcon,Airbag,"MakeModel,VehicleYear",0.057621190889405406
SocioEcon,Airbag,"MakeModel,VehicleYear",0.057621190889405406
SocioEcon,Airbag,"MakeModel,VehicleYear",0.057621190889405406
SocioEcon,Airbag,"MakeModel,VehicleYear",0.057621190889405406
SocioEcon,Airbag,"MakeModel,VehicleYear",0.057621190889405406
SocioEcon,Airbag,"MakeModel,VehicleYear",0.057621190889405406
SocioEcon,Airbag,"MakeModel,VehicleYear",0.057621190889405406
SocioEcon,Airbag,"MakeModel,VehicleYear",0.057621190889405406
SocioEcon,Airbag,"MakeModel,VehicleYear",0.057621190889405406
SocioEcon,Airbag,"MakeModel,VehicleYear",0.057621190889405406
SocioEcon,Airbag,"MakeModel,VehicleYear",0.057621190889405406
SocioEcon,Airbag,"MakeModel,VehicleYear",0.057621190889405406
SocioEcon,Airbag,"MakeModel,VehicleYear",0.057621190889405406
SocioEcon,Airbag,"MakeModel,VehicleYear",0.057621190889405406
SocioEcon,Airbag,"MakeModel,VehicleYear",0.057621190889405406
SocioEcon,Airbag,"MakeModel,VehicleYear",0.057621190889405406
SocioEcon,Airbag,"MakeModel,VehicleYear",0.057621190889405406
SocioEcon,Airbag,"MakeModel,VehicleYear",0.057621190889405406
SocioEcon,Airbag,"MakeModel,VehicleYear",0.057621190889405406
SocioEcon,Airbag,"MakeModel,VehicleYear",0.057621190889405406
SocioEcon,Airbag,"MakeModel,VehicleYear",0.057621190889405406
SocioEcon,Airbag,"MakeModel,VehicleYear",0.057621190889405406
SocioEcon,Airbag,"MakeModel,VehicleYear",0.057621190889405406
SocioEcon,Airbag,"MakeModel,VehicleYear",0.057621190889405406
SocioEcon,Airbag,"MakeModel,VehicleYear",0.057621190889405406
SocioEcon,Airbag,"MakeModel,VehicleYear",0.057621190889405406
RiskAversion,DrivQuality,"Age,SocioEcon",0.08219720057538585
RiskAversion,DrivQuality,"Age,SocioEcon",0.08219720057538585
RiskAversion,DrivQuality,"Age,SocioEcon",0.08219720057538585
RiskAversion,DrivQuality,"Age,SocioEcon",0.08219720057538585
RiskAversion,DrivQuality,"Age,SocioEcon",0.08219720057538585
RiskAversion,DrivQuality,"Age,SocioEcon",0.08219720057538585
RiskAversion,DrivQuality,"Age,SocioEcon",0.08219720057538585
RiskAversion,DrivQuality,"Age,SocioEcon",0.08219720057538585
RiskAversion,DrivQuality,"Age,SocioEcon",0.08219720057538585
RiskAversion,DrivingSkill,"AntiTheft,DrivQuality",1.0397506769980033e-84
RiskAversion,DrivingSkill,"AntiTheft,DrivQuality",1.0397506769980033e-84
RiskAversion,DrivingSkill,"AntiTheft,DrivQuality",1.0397506769980033e-84
RiskAversion,DrivingSkill,"AntiTheft,DrivQuality",1.0397506769980033e-84
RiskAversion,DrivingSkill,"AntiTheft,DrivQuality",1.0397506769980033e-84
RiskAversion,DrivingSkill,"AntiTheft,DrivQuality",1.0397506769980033e-84
RiskAversion,DrivingSkill,"AntiTheft,DrivQuality",1.0397506769980033e-84
RiskAversion,DrivingSkill,"AntiTheft,DrivQuality",1.0397506769980033e-84
RiskAversion,DrivingSkill,"AntiTheft,DrivQuality",1.0397506769980033e-84
RiskAversion,DrivingSkill,"AntiTheft,DrivQuality",1.0397506769980033e-84
RiskAversion,DrivingSkill,"AntiTheft,DrivQuality",1.0397506769980033e-84
RiskAversion,DrivingSkill,"AntiTheft,DrivQuality",1.0397506769980033e-84
RiskAversion,DrivingSkill,"AntiTheft,DrivQuality",1.0397506769980033e-84
RiskAversion,DrivingSkill,"AntiTheft,DrivQuality",1.0397506769980033e-84
RiskAversion,DrivingSkill,"AntiTheft,DrivQuality",1.0397506769980033e-84
RiskAversion,DrivingSkill,"AntiTheft,DrivQuality",1.0397506769980033e-84
RiskAversion,DrivingSkill,"AntiTheft,DrivQuality",1.0397506769980033e-84
RiskAversion,DrivingSkill,"AntiTheft,DrivQuality",1.0397506769980033e-84
RiskAversion,DrivingSkill,"AntiTheft,DrivQuality",1.0397506769980033e-84
RiskAversion,DrivingSkill,"AntiTheft,DrivQuality",1.0397506769980033e-84
RiskAversion,DrivingSkill,"AntiTheft,DrivQuality",1.0397506769980033e-84
RiskAversion,SeniorTrain,"AntiTheft,DrivQuality",5.121670926851264e-11
RiskAversion,SeniorTrain,"AntiTheft,DrivQuality",5.121670926851264e-11
RiskAversion,SeniorTrain,"AntiTheft,DrivQuality",5.121670926851264e-11
RiskAversion,SeniorTrain,"AntiTheft,DrivQuality",5.121670926851264e-11
RiskAversion,SeniorTrain,"AntiTheft,DrivQuality",5.121670926851264e-11
RiskAversion,SeniorTrain,"AntiTheft,DrivQuality",5.121670926851264e-11
RiskAversion,SeniorTrain,"AntiTheft,DrivQuality",5.121670926851264e-11
RiskAversion,SeniorTrain,"AntiTheft,DrivQuality",5.121670926851264e-11
RiskAversion,SeniorTrain,"AntiTheft,DrivQuality",5.121670926851264e-11
RiskAversion,SeniorTrain,"AntiTheft,DrivQuality",5.121670926851264e-11
RiskAversion,SeniorTrain,"AntiTheft,DrivQuality",5.121670926851264e-11
RiskAversion,SeniorTrain,"AntiTheft,DrivQuality",5.121670926851264e-11
RiskAversion,SeniorTrain,"AntiTheft,DrivQuality",5.121670926851264e-11
RiskAversion,SeniorTrain,"AntiTheft,DrivQuality",5.121670926851264e-11
RiskAversion,SeniorTrain,"AntiTheft,DrivQuality",5.121670926851264e-11
RiskAversion,SeniorTrain,"AntiTheft,DrivQuality",5.121670926851264e-11
RiskAversion,SeniorTrain,"AntiTheft,DrivQuality",5.121670926851264e-11
RiskAversion,SeniorTrain,"AntiTheft,DrivQuality",5.121670926851264e-11
RiskAversion,SeniorTrain,"AntiTheft,DrivQuality",5.121670926851264e-11
RiskAversion,SeniorTrain,"AntiTheft,DrivQuality",5.121670926851264e-11
RiskAversion,SeniorTrain,"AntiTheft,DrivQuality",5.121670926851264e-11
RiskAversion,HomeBase,"AntiTheft,DrivQuality",3.7035324000707234e-54
RiskAversion,HomeBase,"AntiTheft,DrivQuality",3.7035324000707234e-54
RiskAversion,HomeBase,"AntiTheft,DrivQuality",3.7035324000707234e-54
RiskAversion,HomeBase,"AntiTheft,DrivQuality",3.7035324000707234e-54
RiskAversion,HomeBase,"AntiTheft,DrivQuality",3.7035324000707234e-54
RiskAversion,HomeBase,"AntiTheft,DrivQuality",3.7035324000707234e-54
RiskAversion,HomeBase,"AntiTheft,DrivQuality",3.7035324000707234e-54
RiskAversion,HomeBase,"AntiTheft,DrivQuality",3.7035324000707234e-54
RiskAversion,HomeBase,"AntiTheft,DrivQuality",3.7035324000707234e-54
RiskAversion,HomeBase,"AntiTheft,DrivQuality",3.7035324000707234e-54
RiskAversion,HomeBase,"AntiTheft,DrivQuality",3.7035324000707234e-54
RiskAversion,HomeBase,"AntiTheft,DrivQuality",3.7035324000707234e-54
RiskAversion,HomeBase,"AntiTheft,DrivQuality",3.7035324000707234e-54
RiskAversion,HomeBase,"AntiTheft,DrivQuality",3.7035324000707234e-54
RiskAversion,HomeBase,"AntiTheft,DrivQuality",3.7035324000707234e-54
RiskAversion,HomeBase,"AntiTheft,DrivQuality",3.7035324000707234e-54
RiskAversion,HomeBase,"AntiTheft,DrivQuality",3.7035324000707234e-54
RiskAversion,HomeBase,"AntiTheft,DrivQuality",3.7035324000707234e-54
RiskAversion,HomeBase,"AntiTheft,DrivQuality",3.7035324000707234e-54
RiskAversion,HomeBase,"AntiTheft,DrivQuality",3.7035324000707234e-54
RiskAversion,HomeBase,"AntiTheft,DrivQuality",3.7035324000707234e-54
RiskAversion,AntiTheft,"DrivQuality,SeniorTrain",1.9616534168019088e-267
RiskAversion,AntiTheft,"DrivQuality,SeniorTrain",1.9616534168019088e-267
RiskAversion,AntiTheft,"DrivQuality,SeniorTrain",1.9616534168019088e-267
RiskAversion,AntiTheft,"DrivQuality,SeniorTrain",1.9616534168019088e-267
RiskAversion,AntiTheft,"DrivQuality,SeniorTrain",1.9616534168019088e-267
RiskAversion,AntiTheft,"DrivQuality,SeniorTrain",1.9616534168019088e-267
RiskAversion,AntiTheft,"DrivQuality,SeniorTrain",1.9616534168019088e-267
RiskAversion,AntiTheft,"DrivQuality,SeniorTrain",1.9616534168019088e-267
RiskAversion,AntiTheft,"DrivQuality,SeniorTrain",1.9616534168019088e-267
RiskAversion,AntiTheft,"DrivQuality,SeniorTrain",1.9616534168019088e-267
RiskAversion,AntiTheft,"DrivQuality,SeniorTrain",1.9616534168019088e-267
RiskAversion,AntiTheft,"DrivQuality,SeniorTrain",1.9616534168019088e-267
RiskAversion,AntiTheft,"DrivQuality,SeniorTrain",1.9616534168019088e-267
RiskAversion,AntiTheft,"DrivQuality,SeniorTrain",1.9616534168019088e-267
RiskAversion,AntiTheft,"DrivQuality,SeniorTrain",1.9616534168019088e-267
RiskAversion,AntiTheft,"DrivQuality,SeniorTrain",1.9616534168019088e-267
RiskAversion,AntiTheft,"DrivQuality,SeniorTrain",1.9616534168019088e-267
RiskAversion,AntiTheft,"DrivQuality,SeniorTrain",1.9616534168019088e-267
RiskAversion,AntiTheft,"DrivQuality,SeniorTrain",1.9616534168019088e-267
RiskAversion,AntiTheft,"DrivQuality,SeniorTrain",1.9616534168019088e-267
RiskAversion,AntiTheft,"DrivQuality,SeniorTrain",1.9616534168019088e-267
RiskAversion,DrivHist,"AntiTheft,DrivQuality",5.240809255578714e-43
RiskAversion,DrivHist,"AntiTheft,DrivQuality",5.240809255578714e-43
RiskAversion,DrivHist,"AntiTheft,DrivQuality",5.240809255578714e-43
RiskAversion,DrivHist,"AntiTheft,DrivQuality",5.240809255578714e-43
RiskAversion,DrivHist,"AntiTheft,DrivQuality",5.240809255578714e-43
RiskAversion,DrivHist,"AntiTheft,DrivQuality",5.240809255578714e-43
RiskAversion,DrivHist,"AntiTheft,DrivQuality",5.240809255578714e-43
RiskAversion,DrivHist,"AntiTheft,DrivQuality",5.240809255578714e-43
RiskAversion,DrivHist,"AntiTheft,DrivQuality",5.240809255578714e-43
RiskAversion,DrivHist,"AntiTheft,DrivQuality",5.240809255578714e-43
RiskAversion,DrivHist,"AntiTheft,DrivQuality",5.240809255578714e-43
RiskAversion,DrivHist,"AntiTheft,DrivQuality",5.240809255578714e-43
RiskAversion,DrivHist,"AntiTheft,DrivQuality",5.240809255578714e-43
RiskAversion,DrivHist,"AntiTheft,DrivQuality",5.240809255578714e-43
RiskAversion,DrivHist,"AntiTheft,DrivQuality",5.240809255578714e-43
RiskAversion,DrivHist,"AntiTheft,DrivQuality",5.240809255578714e-43
RiskAversion,DrivHist,"AntiTheft,DrivQuality",5.240809255578714e-43
RiskAversion,DrivHist,"AntiTheft,DrivQuality",5.240809255578714e-43
RiskAversion,DrivHist,"AntiTheft,DrivQuality",5.240809255578714e-43
RiskAversion,DrivHist,"AntiTheft,DrivQuality",5.240809255578714e-43
RiskAversion,DrivHist,"AntiTheft,DrivQuality",5.240809255578714e-43
VehicleYear,RuggedAuto,"CarValue,ThisCarCost",0.0004305440291266238
VehicleYear,RuggedAuto,"CarValue,ThisCarCost",0.0004305440291266238
VehicleYear,RuggedAuto,"CarValue,ThisCarCost",0.0004305440291266238
VehicleYear,RuggedAuto,"CarValue,ThisCarCost",0.0004305440291266238
VehicleYear,RuggedAuto,"CarValue,ThisCarCost",0.0004305440291266238
VehicleYear,RuggedAuto,"CarValue,ThisCarCost",0.0004305440291266238
VehicleYear,RuggedAuto,"CarValue,ThisCarCost",0.0004305440291266238
VehicleYear,RuggedAuto,"CarValue,ThisCarCost",0.0004305440291266238
VehicleYear,RuggedAuto,"CarValue,ThisCarCost",0.0004305440291266238
VehicleYear,RuggedAuto,"CarValue,ThisCarCost",0.0004305440291266238
VehicleYear,Antilock,"CarValue,RuggedAuto",7.143591718250858e-41
VehicleYear,Antilock,"CarValue,RuggedAuto",7.143591718250858e-41
VehicleYear,Antilock,"CarValue,RuggedAuto",7.143591718250858e-41
VehicleYear,Antilock,"CarValue,RuggedAuto",7.143591718250858e-41
VehicleYear,Antilock,"CarValue,RuggedAuto",7.143591718250858e-41
VehicleYear,Antilock,"CarValue,RuggedAuto",7.143591718250858e-41
VehicleYear,Antilock,"CarValue,RuggedAuto",7.143591718250858e-41
VehicleYear,Antilock,"CarValue,RuggedAuto",7.143591718250858e-41
VehicleYear,Antilock,"CarValue,RuggedAuto",7.143591718250858e-41
VehicleYear,Antilock,"CarValue,RuggedAuto",7.143591718250858e-41
VehicleYear,ThisCarCost,"CarValue,SocioEcon",0.7566266853412191
VehicleYear,ThisCarCost,"CarValue,SocioEcon",0.7566266853412191
VehicleYear,ThisCarCost,"CarValue,SocioEcon",0.7566266853412191
VehicleYear,ThisCarCost,"CarValue,SocioEcon",0.7566266853412191
VehicleYear,ThisCarCost,"CarValue,SocioEcon",0.7566266853412191
VehicleYear,ThisCarCost,"CarValue,SocioEcon",0.7566266853412191
VehicleYear,CarValue,"RuggedAuto,ThisCarCost",5.531750926190892e-159
VehicleYear,CarValue,"RuggedAuto,ThisCarCost",5.531750926190892e-159
VehicleYear,CarValue,"RuggedAuto,ThisCarCost",5.531750926190892e-159
VehicleYear,CarValue,"RuggedAuto,ThisCarCost",5.531750926190892e-159
VehicleYear,CarValue,"RuggedAuto,ThisCarCost",5.531750926190892e-159
VehicleYear,CarValue,"RuggedAuto,ThisCarCost",5.531750926190892e-159
VehicleYear,CarValue,"RuggedAuto,ThisCarCost",5.531750926190892e-159
VehicleYear,CarValue,"RuggedAuto,ThisCarCost",5.531750926190892e-159
VehicleYear,CarValue,"RuggedAuto,ThisCarCost",5.531750926190892e-159
VehicleYear,CarValue,"RuggedAuto,ThisCarCost",5.531750926190892e-159
VehicleYear,Airbag,"CarValue,RuggedAuto",4.791187509786509e-217
VehicleYear,Airbag,"CarValue,RuggedAuto",4.791187509786509e-217
VehicleYear,Airbag,"CarValue,RuggedAuto",4.791187509786509e-217
VehicleYear,Airbag,"CarValue,RuggedAuto",4.791187509786509e-217
VehicleYear,Airbag,"CarValue,RuggedAuto",4.791187509786509e-217
VehicleYear,Airbag,"CarValue,RuggedAuto",4.791187509786509e-217
VehicleYear,Airbag,"CarValue,RuggedAuto",4.791187509786509e-217
VehicleYear,Airbag,"CarValue,RuggedAuto",4.791187509786509e-217
VehicleYear,Airbag,"CarValue,RuggedAuto",4.791187509786509e-217
VehicleYear,Airbag,"CarValue,RuggedAuto",4.791187509786509e-217
ThisCarDam,RuggedAuto,"ILiCost,ThisCarCost",0.39644506699780485
ThisCarDam,RuggedAuto,"ILiCost,ThisCarCost",0.39644506699780485
ThisCarDam,Accident,"MedCost,RuggedAuto",0.0
ThisCarDam,Accident,"MedCost,RuggedAuto",0.0
ThisCarDam,Accident,"MedCost,RuggedAuto",0.0
ThisCarDam,Accident,"MedCost,RuggedAuto",0.0
ThisCarDam,Accident,"MedCost,RuggedAuto",0.0
ThisCarDam,Accident,"MedCost,RuggedAuto",0.0
ThisCarDam,Accident,"MedCost,RuggedAuto",0.0
ThisCarDam,Accident,"MedCost,RuggedAuto",0.0
ThisCarDam,Accident,"MedCost,RuggedAuto",0.0
ThisCarDam,Accident,"MedCost,RuggedAuto",0.0
ThisCarDam,Accident,"MedCost,RuggedAuto",0.0
ThisCarDam,Accident,"MedCost,RuggedAuto",0.0
ThisCarDam,Accident,"MedCost,RuggedAuto",0.0
ThisCarDam,Accident,"MedCost,RuggedAuto",0.0
ThisCarDam,Accident,"MedCost,RuggedAuto",0.0
ThisCarDam,ThisCarCost,"Accident,MedCost",3.3433229037220317e-129
ThisCarDam,ThisCarCost,"Accident,MedCost",3.3433229037220317e-129
ThisCarDam,ThisCarCost,"Accident,MedCost",3.3433229037220317e-129
ThisCarDam,ThisCarCost,"Accident,MedCost",3.3433229037220317e-129
ThisCarDam,ThisCarCost,"Accident,MedCost",3.3433229037220317e-129
ThisCarDam,ThisCarCost,"Accident,MedCost",3.3433229037220317e-129
ThisCarDam,ThisCarCost,"Accident,MedCost",3.3433229037220317e-129
ThisCarDam,ThisCarCost,"Accident,MedCost",3.3433229037220317e-129
ThisCarDam,ThisCarCost,"Accident,MedCost",3.3433229037220317e-129
ThisCarDam,ThisCarCost,"Accident,MedCost",3.3433229037220317e-129
ThisCarDam,ThisCarCost,"Accident,MedCost",3.3433229037220317e-129
ThisCarDam,ThisCarCost,"Accident,MedCost",3.3433229037220317e-129
ThisCarDam,ThisCarCost,"Accident,MedCost",3.3433229037220317e-129
ThisCarDam,ThisCarCost,"Accident,MedCost",3.3433229037220317e-129
ThisCarDam,ThisCarCost,"Accident,MedCost",3.3433229037220317e-129
ThisCarDam,PropCost,"OtherCarCost,ThisCarCost",0.057781996879078014
ThisCarDam,PropCost,"OtherCarCost,ThisCarCost",0.057781996879078014
ThisCarDam,PropCost,"OtherCarCost,ThisCarCost",0.057781996879078014
ThisCarDam,PropCost,"OtherCarCost,ThisCarCost",0.057781996879078014
ThisCarDam,PropCost,"OtherCarCost,ThisCarCost",0.057781996879078014
ThisCarDam,PropCost,"OtherCarCost,ThisCarCost",0.057781996879078014
ThisCarDam,OtherCarCost,"Accident,ILiCost",0.39664643714831366
ThisCarDam,OtherCarCost,"Accident,ILiCost",0.39664643714831366
ThisCarDam,OtherCarCost,"Accident,ILiCost",0.39664643714831366
ThisCarDam,OtherCarCost,"Accident,ILiCost",0.39664643714831366
ThisCarDam,MedCost,"Accident,ILiCost",0.08069619206109135
ThisCarDam,MedCost,"Accident,ILiCost",0.08069619206109135
ThisCarDam,MedCost,"Accident,ILiCost",0.08069619206109135
ThisCarDam,MedCost,"Accident,ILiCost",0.08069619206109135
ThisCarDam,MedCost,"Accident,ILiCost",0.08069619206109135
ThisCarDam,ILiCost,"PropCost,ThisCarCost",0.5033987566336546
ThisCarDam,ILiCost,"PropCost,ThisCarCost",0.5033987566336546
ThisCarDam,ILiCost,"PropCost,ThisCarCost",0.5033987566336546
ThisCarDam,ILiCost,"PropCost,ThisCarCost",0.5033987566336546
ThisCarDam,ILiCost,"PropCost,ThisCarCost",0.5033987566336546
ThisCarDam,ILiCost,"PropCost,ThisCarCost",0.5033987566336546
RuggedAuto,Accident,"Airbag,Cushioning",0.19345456958041926
RuggedAuto,MakeModel,"Accident,CarValue",1.3041564237422006e-265
RuggedAuto,MakeModel,"Accident,CarValue",1.3041564237422006e-265
RuggedAuto,MakeModel,"Accident,CarValue",1.3041564237422006e-265
RuggedAuto,MakeModel,"Accident,CarValue",1.3041564237422006e-265
RuggedAuto,MakeModel,"Accident,CarValue",1.3041564237422006e-265
RuggedAuto,MakeModel,"Accident,CarValue",1.3041564237422006e-265
RuggedAuto,MakeModel,"Accident,CarValue",1.3041564237422006e-265
RuggedAuto,MakeModel,"Accident,CarValue",1.3041564237422006e-265
RuggedAuto,MakeModel,"Accident,CarValue",1.3041564237422006e-265
RuggedAuto,MakeModel,"Accident,CarValue",1.3041564237422006e-265
RuggedAuto,MakeModel,"Accident,CarValue",1.3041564237422006e-265
RuggedAuto,MakeModel,"Accident,CarValue",1.3041564237422006e-265
RuggedAuto,MakeModel,"Accident,CarValue",1.3041564237422006e-265
RuggedAuto,MakeModel,"Accident,CarValue",1.3041564237422006e-265
RuggedAuto,MakeModel,"Accident,CarValue",1.3041564237422006e-265
RuggedAuto,MakeModel,"Accident,CarValue",1.3041564237422006e-265
RuggedAuto,MakeModel,"Accident,CarValue",1.3041564237422006e-265
RuggedAuto,MakeModel,"Accident,CarValue",1.3041564237422006e-265
RuggedAuto,MakeModel,"Accident,CarValue",1.3041564237422006e-265
RuggedAuto,MakeModel,"Accident,CarValue",1.3041564237422006e-265
RuggedAuto,MakeModel,"Accident,CarValue",1.3041564237422006e-265
RuggedAuto,MakeModel,"Accident,CarValue",1.3041564237422006e-265
RuggedAuto,MakeModel,"Accident,CarValue",1.3041564237422006e-265
RuggedAuto,MakeModel,"Accident,CarValue",1.3041564237422006e-265
RuggedAuto,MakeModel,"Accident,CarValue",1.3041564237422006e-265
RuggedAuto,MakeModel,"Accident,CarValue",1.3041564237422006e-265
RuggedAuto,MakeModel,"Accident,CarValue",1.3041564237422006e-265
RuggedAuto,MakeModel,"Accident,CarValue",1.3041564237422006e-265
RuggedAuto,MakeModel,"Accident,CarValue",1.3041564237422006e-265
RuggedAuto,MakeModel,"Accident,CarValue",1.3041564237422006e-265
RuggedAuto,MakeModel,"Accident,CarValue",1.3041564237422006e-265
RuggedAuto,MakeModel,"Accident,CarValue",1.3041564237422006e-265
RuggedAuto,MakeModel,"Accident,CarValue",1.3041564237422006e-265
RuggedAuto,MakeModel,"Accident,CarValue",1.3041564237422006e-265
RuggedAuto,MakeModel,"Accident,CarValue",1.3041564237422006e-265
RuggedAuto,MakeModel,"Accident,CarValue",1.3041564237422006e-265
RuggedAuto,ThisCarCost,"Airbag,ThisCarDam",0.11653995181177344
RuggedAuto,ThisCarCost,"Airbag,ThisCarDam",0.11653995181177344
RuggedAuto,ThisCarCost,"Airbag,ThisCarDam",0.11653995181177344
RuggedAuto,ThisCarCost,"Airbag,ThisCarDam",0.11653995181177344
RuggedAuto,ThisCarCost,"Airbag,ThisCarDam",0.11653995181177344
RuggedAuto,ThisCarCost,"Airbag,ThisCarDam",0.11653995181177344
RuggedAuto,ThisCarCost,"Airbag,ThisCarDam",0.11653995181177344
RuggedAuto,ThisCarCost,"Airbag,ThisCarDam",0.11653995181177344
RuggedAuto,ThisCarCost,"Airbag,ThisCarDam",0.11653995181177344
RuggedAuto,CarValue,"MakeModel,VehicleYear",0.14510844451794458
RuggedAuto,CarValue,"MakeModel,VehicleYear",0.14510844451794458
RuggedAuto,CarValue,"MakeModel,VehicleYear",0.14510844451794458
RuggedAuto,CarValue,"MakeModel,VehicleYear",0.14510844451794458
RuggedAuto,CarValue,"MakeModel,VehicleYear",0.14510844451794458
RuggedAuto,CarValue,"MakeModel,VehicleYear",0.14510844451794458
RuggedAuto,CarValue,"MakeModel,VehicleYear",0.14510844451794458
RuggedAuto,CarValue,"MakeModel,VehicleYear",0.14510844451794458
RuggedAuto,CarValue,"MakeModel,VehicleYear",0.14510844451794458
RuggedAuto,CarValue,"MakeModel,VehicleYear",0.14510844451794458
RuggedAuto,CarValue,"MakeModel,VehicleYear",0.14510844451794458
RuggedAuto,CarValue,"MakeModel,VehicleYear",0.14510844451794458
RuggedAuto,CarValue,"MakeModel,VehicleYear",0.14510844451794458
RuggedAuto,CarValue,"MakeModel,VehicleYear",0.14510844451794458
RuggedAuto,CarValue,"MakeModel,VehicleYear",0.14510844451794458
RuggedAuto,CarValue,"MakeModel,VehicleYear",0.14510844451794458
RuggedAuto,CarValue,"MakeModel,VehicleYear",0.14510844451794458
RuggedAuto,CarValue,"MakeModel,VehicleYear",0.14510844451794458
RuggedAuto,CarValue,"MakeModel,VehicleYear",0.14510844451794458
RuggedAuto,CarValue,"MakeModel,VehicleYear",0.14510844451794458
RuggedAuto,CarValue,"MakeModel,VehicleYear",0.14510844451794458
RuggedAuto,CarValue,"MakeModel,VehicleYear",0.14510844451794458
RuggedAuto,CarValue,"MakeModel,VehicleYear",0.14510844451794458
RuggedAuto,CarValue,"MakeModel,VehicleYear",0.14510844451794458
RuggedAuto,CarValue,"MakeModel,VehicleYear",0.14510844451794458
RuggedAuto,CarValue,"MakeModel,VehicleYear",0.14510844451794458
RuggedAuto,OtherCarCost,"Airbag,Cushioning",0.4137724458301047
RuggedAuto,Cushioning,"Accident,MakeModel",1.0110716934139024e-181
RuggedAuto,Cushioning,"Accident,MakeModel",1.0110716934139024e-181
RuggedAuto,Cushioning,"Accident,MakeModel",1.0110716934139024e-181
RuggedAuto,Cushioning,"Accident,MakeModel",1.0110716934139024e-181
RuggedAuto,Cushioning,"Accident,MakeModel",1.0110716934139024e-181
RuggedAuto,Cushioning,"Accident,MakeModel",1.0110716934139024e-181
RuggedAuto,Cushioning,"Accident,MakeModel",1.0110716934139024e-181
RuggedAuto,Cushioning,"Accident,MakeModel",1.0110716934139024e-181
RuggedAuto,Cushioning,"Accident,MakeModel",1.0110716934139024e-181
RuggedAuto,Cushioning,"Accident,MakeModel",1.0110716934139024e-181
RuggedAuto,Cushioning,"Accident,MakeModel",1.0110716934139024e-181
RuggedAuto,Cushioning,"Accident,MakeModel",1.0110716934139024e-181
RuggedAuto,Cushioning,"Accident,MakeModel",1.0110716934139024e-181
RuggedAuto,Cushioning,"Accident,MakeModel",1.0110716934139024e-181
RuggedAuto,Cushioning,"Accident,MakeModel",1.0110716934139024e-181
RuggedAuto,Cushioning,"Accident,MakeModel",1.0110716934139024e-181
RuggedAuto,Cushioning,"Accident,MakeModel",1.0110716934139024e-181
RuggedAuto,Cushioning,"Accident,MakeModel",1.0110716934139024e-181
RuggedAuto,Cushioning,"Accident,MakeModel",1.0110716934139024e-181
RuggedAuto,Cushioning,"Accident,MakeModel",1.0110716934139024e-181
RuggedAuto,Cushioning,"Accident,MakeModel",1.0110716934139024e-181
RuggedAuto,Cushioning,"Accident,MakeModel",1.0110716934139024e-181
RuggedAuto,Cushioning,"Accident,MakeModel",1.0110716934139024e-181
RuggedAuto,Cushioning,"Accident,MakeModel",1.0110716934139024e-181
RuggedAuto,Cushioning,"Accident,MakeModel",1.0110716934139024e-181
RuggedAuto,Cushioning,"Accident,MakeModel",1.0110716934139024e-181
RuggedAuto,Cushioning,"Accident,MakeModel",1.0110716934139024e-181
RuggedAuto,Cushioning,"Accident,MakeModel",1.0110716934139024e-181
RuggedAuto,Cushioning,"Accident,MakeModel",1.0110716934139024e-181
RuggedAuto,Cushioning,"Accident,MakeModel",1.0110716934139024e-181
RuggedAuto,Cushioning,"Accident,MakeModel",1.0110716934139024e-181
RuggedAuto,Cushioning,"Accident,MakeModel",1.0110716934139024e-181
RuggedAuto,Cushioning,"Accident,MakeModel",1.0110716934139024e-181
RuggedAuto,Cushioning,"Accident,MakeModel",1.0110716934139024e-181
RuggedAuto,Cushioning,"Accident,MakeModel",1.0110716934139024e-181
RuggedAuto,Cushioning,"Accident,MakeModel",1.0110716934139024e-181
RuggedAuto,Airbag,"MakeModel,VehicleYear",0.15855330439795026
RuggedAuto,Airbag,"MakeModel,VehicleYear",0.15855330439795026
RuggedAuto,Airbag,"MakeModel,VehicleYear",0.15855330439795026
RuggedAuto,Airbag,"MakeModel,VehicleYear",0.15855330439795026
RuggedAuto,Airbag,"MakeModel,VehicleYear",0.15855330439795026
RuggedAuto,Airbag,"MakeModel,VehicleYear",0.15855330439795026
RuggedAuto,Airbag,"MakeModel,VehicleYear",0.15855330439795026
RuggedAuto,Airbag,"MakeModel,VehicleYear",0.15855330439795026
RuggedAuto,Airbag,"MakeModel,VehicleYear",0.15855330439795026
RuggedAuto,Airbag,"MakeModel,VehicleYear",0.15855330439795026
RuggedAuto,Airbag,"MakeModel,VehicleYear",0.15855330439795026
RuggedAuto,Airbag,"MakeModel,VehicleYear",0.15855330439795026
RuggedAuto,Airbag,"MakeModel,VehicleYear",0.15855330439795026
RuggedAuto,Airbag,"MakeModel,VehicleYear",0.15855330439795026
RuggedAuto,Airbag,"MakeModel,VehicleYear",0.15855330439795026
RuggedAuto,Airbag,"MakeModel,VehicleYear",0.15855330439795026
RuggedAuto,Airbag,"MakeModel,VehicleYear",0.15855330439795026
RuggedAuto,Airbag,"MakeModel,VehicleYear",0.15855330439795026
RuggedAuto,Airbag,"MakeModel,VehicleYear",0.15855330439795026
RuggedAuto,Airbag,"MakeModel,VehicleYear",0.15855330439795026
RuggedAuto,Airbag,"MakeModel,VehicleYear",0.15855330439795026
Accident,MakeModel,"Antilock,ILiCost",0.4554203908826424
Accident,MakeModel,"Antilock,ILiCost",0.4554203908826424
Accident,MakeModel,"Antilock,ILiCost",0.4554203908826424
Accident,MakeModel,"Antilock,ILiCost",0.4554203908826424
Accident,MakeModel,"Antilock,ILiCost",0.4554203908826424
Accident,MakeModel,"Antilock,ILiCost",0.4554203908826424
Accident,MakeModel,"Antilock,ILiCost",0.4554203908826424
Accident,MakeModel,"Antilock,ILiCost",0.4554203908826424
Accident,MakeModel,"Antilock,ILiCost",0.4554203908826424
Accident,MakeModel,"Antilock,ILiCost",0.4554203908826424
Accident,DrivQuality,"MakeModel,MedCost",0.06304533311588209
Accident,DrivQuality,"MakeModel,MedCost",0.06304533311588209
Accident,DrivQuality,"MakeModel,MedCost",0.06304533311588209
Accident,DrivQuality,"MakeModel,MedCost",0.06304533311588209
Accident,DrivQuality,"MakeModel,MedCost",0.06304533311588209
Accident,DrivQuality,"MakeModel,MedCost",0.06304533311588209
Accident,DrivQuality,"MakeModel,MedCost",0.06304533311588209
Accident,DrivQuality,"MakeModel,MedCost",0.06304533311588209
Accident,DrivQuality,"MakeModel,MedCost",0.06304533311588209
Accident,DrivQuality,"MakeModel,MedCost",0.06304533311588209
Accident,DrivQuality,"MakeModel,MedCost",0.06304533311588209
Accident,DrivQuality,"MakeModel,MedCost",0.06304533311588209
Accident,DrivQuality,"MakeModel,MedCost",0.06304533311588209
Accident,DrivQuality,"MakeModel,MedCost",0.06304533311588209
Accident,DrivQuality,"MakeModel,MedCost",0.06304533311588209
Accident,DrivQuality,"MakeModel,MedCost",0.06304533311588209
Accident,DrivQuality,"MakeModel,MedCost",0.06304533311588209
Accident,DrivQuality,"MakeModel,MedCost",0.06304533311588209
Accident,DrivQuality,"MakeModel,MedCost",0.06304533311588209
Accident,DrivQuality,"MakeModel,MedCost",0.06304533311588209
Accident,DrivQuality,"MakeModel,MedCost",0.06304533311588209
Accident,Mileage,"Antilock,ThisCarDam",0.17601506321899446
Accident,Antilock,"ILiCost,ThisCarDam",0.18258219326585345
Accident,Antilock,"ILiCost,ThisCarDam",0.18258219326585345
Accident,PropCost,"DrivQuality,MakeModel",8.029155613393123e-247
Accident,PropCost,"DrivQuality,MakeModel",8.029155613393123e-247
Accident,PropCost,"DrivQuality,MakeModel",8.029155613393123e-247
Accident,PropCost,"DrivQuality,MakeModel",8.029155613393123e-247
Accident,PropCost,"DrivQuality,MakeModel",8.029155613393123e-247
Accident,PropCost,"DrivQuality,MakeModel",8.029155613393123e-247
Accident,PropCost,"DrivQuality,MakeModel",8.029155613393123e-247
Accident,PropCost,"DrivQuality,MakeModel",8.029155613393123e-247
Accident,PropCost,"DrivQuality,MakeModel",8.029155613393123e-247
Accident,PropCost,"DrivQuality,MakeModel",8.029155613393123e-247
Accident,PropCost,"DrivQuality,MakeModel",8.029155613393123e-247
Accident,PropCost,"DrivQuality,MakeModel",8.029155613393123e-247
Accident,PropCost,"DrivQuality,MakeModel",8.029155613393123e-247
Accident,PropCost,"DrivQuality,MakeModel",8.029155613393123e-247
Accident,PropCost,"DrivQuality,MakeModel",8.029155613393123e-247
Accident,PropCost,"DrivQuality,MakeModel",8.029155613393123e-247
Accident,PropCost,"DrivQuality,MakeModel",8.029155613393123e-247
Accident,PropCost,"DrivQuality,MakeModel",8.029155613393123e-247
Accident,PropCost,"DrivQuality,MakeModel",8.029155613393123e-247
Accident,PropCost,"DrivQuality,MakeModel",8.029155613393123e-247
Accident,PropCost,"DrivQuality,MakeModel",8.029155613393123e-247
Accident,PropCost,"DrivQuality,MakeModel",8.029155613393123e-247
Accident,PropCost,"DrivQuality,MakeModel",8.029155613393123e-247
Accident,PropCost,"DrivQuality,MakeModel",8.029155613393123e-247
Accident,PropCost,"DrivQuality,MakeModel",8.029155613393123e-247
Accident,PropCost,"DrivQuality,MakeModel",8.029155613393123e-247
Accident,PropCost,"DrivQuality,MakeModel",8.029155613393123e-247
Accident,PropCost,"DrivQuality,MakeModel",8.029155613393123e-247
Accident,PropCost,"DrivQuality,MakeModel",8.029155613393123e-247
Accident,PropCost,"DrivQuality,MakeModel",8.029155613393123e-247
Accident,PropCost,"DrivQuality,MakeModel",8.029155613393123e-247
Accident,PropCost,"DrivQuality,MakeModel",8.029155613393123e-247
Accident,PropCost,"DrivQuality,MakeModel",8.029155613393123e-247
Accident,PropCost,"DrivQuality,MakeModel",8.029155613393123e-247
Accident,PropCost,"DrivQuality,MakeModel",8.029155613393123e-247
Accident,PropCost,"DrivQuality,MakeModel",8.029155613393123e-247
Accident,OtherCarCost,"DrivQuality,MakeModel",1.0855453344298568e-252
Accident,OtherCarCost,"DrivQuality,MakeModel",1.0855453344298568e-252
Accident,OtherCarCost,"DrivQuality,MakeModel",1.0855453344298568e-252
Accident,OtherCarCost,"DrivQuality,MakeModel",1.0855453344298568e-252
Accident,OtherCarCost,"DrivQuality,MakeModel",1.0855453344298568e-252
Accident,OtherCarCost,"DrivQuality,MakeModel",1.0855453344298568e-252
Accident,OtherCarCost,"DrivQuality,MakeModel",1.0855453344298568e-252
Accident,OtherCarCost,"DrivQuality,MakeModel",1.0855453344298568e-252
Accident,OtherCarCost,"DrivQuality,MakeModel",1.0855453344298568e-252
Accident,OtherCarCost,"DrivQuality,MakeModel",1.0855453344298568e-252
Accident,OtherCarCost,"DrivQuality,MakeModel",1.0855453344298568e-252
Accident,OtherCarCost,"DrivQuality,MakeModel",1.0855453344298568e-252
Accident,OtherCarCost,"DrivQuality,MakeModel",1.0855453344298568e-252
Accident,OtherCarCost,"DrivQuality,MakeModel",1.0855453344298568e-252
Accident,OtherCarCost,"DrivQuality,MakeModel",1.0855453344298568e-252
Accident,OtherCarCost,"DrivQuality,MakeModel",1.0855453344298568e-252
Accident,OtherCarCost,"DrivQuality,MakeModel",1.0855453344298568e-252
Accident,OtherCarCost,"DrivQuality,MakeModel",1.0855453344298568e-252
Accident,OtherCarCost,"DrivQuality,MakeModel",1.0855453344298568e-252
Accident,OtherCarCost,"DrivQuality,MakeModel",1.0855453344298568e-252
Accident,OtherCarCost,"DrivQuality,MakeModel",1.0855453344298568e-252
Accident,OtherCarCost,"DrivQuality,MakeModel",1.0855453344298568e-252
Accident,OtherCarCost,"DrivQuality,MakeModel",1.0855453344298568e-252
Accident,OtherCarCost,"DrivQuality,MakeModel",1.0855453344298568e-252
Accident,OtherCarCost,"DrivQuality,MakeModel",1.0855453344298568e-252
Accident,OtherCarCost,"DrivQuality,MakeModel",1.0855453344298568e-252
Accident,OtherCarCost,"DrivQuality,MakeModel",1.0855453344298568e-252
Accident,OtherCarCost,"DrivQuality,MakeModel",1.0855453344298568e-252
Accident,OtherCarCost,"DrivQuality,MakeModel",1.0855453344298568e-252
Accident,OtherCarCost,"DrivQuality,MakeModel",1.0855453344298568e-252
Accident,OtherCarCost,"DrivQuality,MakeModel",1.0855453344298568e-252
Accident,OtherCarCost,"DrivQuality,MakeModel",1.0855453344298568e-252
Accident,OtherCarCost,"DrivQuality,MakeModel",1.0855453344298568e-252
Accident,OtherCarCost,"DrivQuality,MakeModel",1.0855453344298568e-252
Accident,OtherCarCost,"DrivQuality,MakeModel",1.0855453344298568e-252
Accident,OtherCarCost,"DrivQuality,MakeModel",1.0855453344298568e-252
Accident,MedCost,"ILiCost,ThisCarDam",0.3159795652465033
Accident,MedCost,"ILiCost,ThisCarDam",0.3159795652465033
Accident,ILiCost,"DrivQuality,MakeModel",6.495495938679862e-09
Accident,ILiCost,"DrivQuality,MakeModel",6.495495938679862e-09
Accident,ILiCost,"DrivQuality,MakeModel",6.495495938679862e-09
Accident,ILiCost,"DrivQuality,MakeModel",6.495495938679862e-09
Accident,ILiCost,"DrivQuality,MakeModel",6.495495938679862e-09
Accident,ILiCost,"DrivQuality,MakeModel",6.495495938679862e-09
Accident,ILiCost,"DrivQuality,MakeModel",6.495495938679862e-09
Accident,ILiCost,"DrivQuality,MakeModel",6.495495938679862e-09
Accident,ILiCost,"DrivQuality,MakeModel",6.495495938679862e-09
Accident,ILiCost,"DrivQuality,MakeModel",6.495495938679862e-09
Accident,ILiCost,"DrivQuality,MakeModel",6.495495938679862e-09
Accident,ILiCost,"DrivQuality,MakeModel",6.495495938679862e-09
Accident,ILiCost,"DrivQuality,MakeModel",6.495495938679862e-09
Accident,ILiCost,"DrivQuality,MakeModel",6.495495938679862e-09
Accident,ILiCost,"DrivQuality,MakeModel",6.495495938679862e-09
Accident,ILiCost,"DrivQuality,MakeModel",6.495495938679862e-09
Accident,ILiCost,"DrivQuality,MakeModel",6.495495938679862e-09
Accident,ILiCost,"DrivQuality,MakeModel",6.495495938679862e-09
Accident,ILiCost,"DrivQuality,MakeModel",6.495495938679862e-09
Accident,ILiCost,"DrivQuality,MakeModel",6.495495938679862e-09
Accident,ILiCost,"DrivQuality,MakeModel",6.495495938679862e-09
Accident,ILiCost,"DrivQuality,MakeModel",6.495495938679862e-09
Accident,ILiCost,"DrivQuality,MakeModel",6.495495938679862e-09
Accident,ILiCost,"DrivQuality,MakeModel",6.495495938679862e-09
Accident,ILiCost,"DrivQuality,MakeModel",6.495495938679862e-09
Accident,ILiCost,"DrivQuality,MakeModel",6.495495938679862e-09
Accident,ILiCost,"DrivQuality,MakeModel",6.495495938679862e-09
Accident,ILiCost,"DrivQuality,MakeModel",6.495495938679862e-09
Accident,ILiCost,"DrivQuality,MakeModel",6.495495938679862e-09
Accident,ILiCost,"DrivQuality,MakeModel",6.495495938679862e-09
Accident,ILiCost,"DrivQuality,MakeModel",6.495495938679862e-09
Accident,ILiCost,"DrivQuality,MakeModel",6.495495938679862e-09
Accident,ILiCost,"DrivQuality,MakeModel",6.495495938679862e-09
Accident,ILiCost,"DrivQuality,MakeModel",6.495495938679862e-09
Accident,ILiCost,"DrivQuality,MakeModel",6.495495938679862e-09
Accident,ILiCost,"DrivQuality,MakeModel",6.495495938679862e-09
MakeModel,Antilock,"Accident,Cushioning",8.709643796825358e-156
MakeModel,Antilock,"Accident,Cushioning",8.709643796825358e-156
MakeModel,Antilock,"Accident,Cushioning",8.709643796825358e-156
MakeModel,Antilock,"Accident,Cushioning",8.709643796825358e-156
MakeModel,Antilock,"Accident,Cushioning",8.709643796825358e-156
MakeModel,Antilock,"Accident,Cushioning",8.709643796825358e-156
MakeModel,Antilock,"Accident,Cushioning",8.709643796825358e-156
MakeModel,Antilock,"Accident,Cushioning",8.709643796825358e-156
MakeModel,Antilock,"Accident,Cushioning",8.709643796825358e-156
MakeModel,Antilock,"Accident,Cushioning",8.709643796825358e-156
MakeModel,Antilock,"Accident,Cushioning",8.709643796825358e-156
MakeModel,Antilock,"Accident,Cushioning",8.709643796825358e-156
MakeModel,Antilock,"Accident,Cushioning",8.709643796825358e-156
MakeModel,Antilock,"Accident,Cushioning",8.709643796825358e-156
MakeModel,Antilock,"Accident,Cushioning",8.709643796825358e-156
MakeModel,Antilock,"Accident,Cushioning",8.709643796825358e-156
MakeModel,Antilock,"Accident,Cushioning",8.709643796825358e-156
MakeModel,Antilock,"Accident,Cushioning",8.709643796825358e-156
MakeModel,Antilock,"Accident,Cushioning",8.709643796825358e-156
MakeModel,Antilock,"Accident,Cushioning",8.709643796825358e-156
MakeModel,Antilock,"Accident,Cushioning",8.709643796825358e-156
MakeModel,Antilock,"Accident,Cushioning",8.709643796825358e-156
MakeModel,Antilock,"Accident,Cushioning",8.709643796825358e-156
MakeModel,Antilock,"Accident,Cushioning",8.709643796825358e-156
MakeModel,Antilock,"Accident,Cushioning",8.709643796825358e-156
MakeModel,Antilock,"Accident,Cushioning",8.709643796825358e-156
MakeModel,Antilock,"Accident,Cushioning",8.709643796825358e-156
MakeModel,Antilock,"Accident,Cushioning",8.709643796825358e-156
MakeModel,ThisCarCost,"CarValue,SocioEcon",0.7442289507901213
MakeModel,ThisCarCost,"CarValue,SocioEcon",0.7442289507901213
MakeModel,ThisCarCost,"CarValue,SocioEcon",0.7442289507901213
MakeModel,ThisCarCost,"CarValue,SocioEcon",0.7442289507901213
MakeModel,ThisCarCost,"CarValue,SocioEcon",0.7442289507901213
MakeModel,ThisCarCost,"CarValue,SocioEcon",0.7442289507901213
MakeModel,ThisCarCost,"CarValue,SocioEcon",0.7442289507901213
MakeModel,ThisCarCost,"CarValue,SocioEcon",0.7442289507901213
MakeModel,ThisCarCost,"CarValue,SocioEcon",0.7442289507901213
MakeModel,ThisCarCost,"CarValue,SocioEcon",0.7442289507901213
MakeModel,CarValue,"Accident,Cushioning",4.305515456810798e-229
MakeModel,CarValue,"Accident,Cushioning",4.305515456810798e-229
MakeModel,CarValue,"Accident,Cushioning",4.305515456810798e-229
MakeModel,CarValue,"Accident,Cushioning",4.305515456810798e-229
MakeModel,CarValue,"Accident,Cushioning",4.305515456810798e-229
MakeModel,CarValue,"Accident,Cushioning",4.305515456810798e-229
MakeModel,CarValue,"Accident,Cushioning",4.305515456810798e-229
MakeModel,CarValue,"Accident,Cushioning",4.305515456810798e-229
MakeModel,CarValue,"Accident,Cushioning",4.305515456810798e-229
MakeModel,CarValue,"Accident,Cushioning",4.305515456810798e-229
MakeModel,CarValue,"Accident,Cushioning",4.305515456810798e-229
MakeModel,CarValue,"Accident,Cushioning",4.305515456810798e-229
MakeModel,CarValue,"Accident,Cushioning",4.305515456810798e-229
MakeModel,CarValue,"Accident,Cushioning",4.305515456810798e-229
MakeModel,CarValue,"Accident,Cushioning",4.305515456810798e-229
MakeModel,CarValue,"Accident,Cushioning",4.305515456810798e-229
MakeModel,CarValue,"Accident,Cushioning",4.305515456810798e-229
MakeModel,CarValue,"Accident,Cushioning",4.305515456810798e-229
MakeModel,CarValue,"Accident,Cushioning",4.305515456810798e-229
MakeModel,CarValue,"Accident,Cushioning",4.305515456810798e-229
MakeModel,CarValue,"Accident,Cushioning",4.305515456810798e-229
MakeModel,CarValue,"Accident,Cushioning",4.305515456810798e-229
MakeModel,CarValue,"Accident,Cushioning",4.305515456810798e-229
MakeModel,CarValue,"Accident,Cushioning",4.305515456810798e-229
MakeModel,CarValue,"Accident,Cushioning",4.305515456810798e-229
MakeModel,CarValue,"Accident,Cushioning",4.305515456810798e-229
MakeModel,CarValue,"Accident,Cushioning",4.305515456810798e-229
MakeModel,CarValue,"Accident,Cushioning",4.305515456810798e-229
MakeModel,OtherCarCost,"Airbag,SocioEcon",0.06439687441027216
MakeModel,Cushioning,"Accident,RuggedAuto",3.1985255232412172e-15
MakeModel,Cushioning,"Accident,RuggedAuto",3.1985255232412172e-15
MakeModel,Cushioning,"Accident,RuggedAuto",3.1985255232412172e-15
MakeModel,Cushioning,"Accident,RuggedAuto",3.1985255232412172e-15
MakeModel,Cushioning,"Accident,RuggedAuto",3.1985255232412172e-15
MakeModel,Cushioning,"Accident,RuggedAuto",3.1985255232412172e-15
MakeModel,Cushioning,"Accident,RuggedAuto",3.1985255232412172e-15
MakeModel,Cushioning,"Accident,RuggedAuto",3.1985255232412172e-15
MakeModel,Cushioning,"Accident,RuggedAuto",3.1985255232412172e-15
MakeModel,Cushioning,"Accident,RuggedAuto",3.1985255232412172e-15
MakeModel,Cushioning,"Accident,RuggedAuto",3.1985255232412172e-15
MakeModel,Cushioning,"Accident,RuggedAuto",3.1985255232412172e-15
MakeModel,Cushioning,"Accident,RuggedAuto",3.1985255232412172e-15
MakeModel,Cushioning,"Accident,RuggedAuto",3.1985255232412172e-15
MakeModel,Cushioning,"Accident,RuggedAuto",3.1985255232412172e-15
MakeModel,Cushioning,"Accident,RuggedAuto",3.1985255232412172e-15
MakeModel,Cushioning,"Accident,RuggedAuto",3.1985255232412172e-15
MakeModel,Cushioning,"Accident,RuggedAuto",3.1985255232412172e-15
MakeModel,Cushioning,"Accident,RuggedAuto",3.1985255232412172e-15
MakeModel,Cushioning,"Accident,RuggedAuto",3.1985255232412172e-15
MakeModel,Cushioning,"Accident,RuggedAuto",3.1985255232412172e-15
MakeModel,Cushioning,"Accident,RuggedAuto",3.1985255232412172e-15
MakeModel,Cushioning,"Accident,RuggedAuto",3.1985255232412172e-15
MakeModel,Cushioning,"Accident,RuggedAuto",3.1985255232412172e-15
MakeModel,Cushioning,"Accident,RuggedAuto",3.1985255232412172e-15
MakeModel,Cushioning,"Accident,RuggedAuto",3.1985255232412172e-15
MakeModel,Cushioning,"Accident,RuggedAuto",3.1985255232412172e-15
MakeModel,Cushioning,"Accident,RuggedAuto",3.1985255232412172e-15
MakeModel,Airbag,"SocioEcon,ThisCarCost",0.17995619927883025
MakeModel,Airbag,"SocioEcon,ThisCarCost",0.17995619927883025
MakeModel,Airbag,"SocioEcon,ThisCarCost",0.17995619927883025
DrivQuality,DrivingSkill,"Accident,SeniorTrain",9.025398026535663e-129
DrivQuality,DrivingSkill,"Accident,SeniorTrain",9.025398026535663e-129
DrivQuality,DrivingSkill,"Accident,SeniorTrain",9.025398026535663e-129
DrivQuality,DrivingSkill,"Accident,SeniorTrain",9.025398026535663e-129
DrivQuality,DrivingSkill,"Accident,SeniorTrain",9.025398026535663e-129
DrivQuality,DrivingSkill,"Accident,SeniorTrain",9.025398026535663e-129
DrivQuality,DrivingSkill,"Accident,SeniorTrain",9.025398026535663e-129
DrivQuality,DrivingSkill,"Accident,SeniorTrain",9.025398026535663e-129
DrivQuality,DrivingSkill,"Accident,SeniorTrain",9.025398026535663e-129
DrivQuality,DrivingSkill,"Accident,SeniorTrain",9.025398026535663e-129
DrivQuality,SeniorTrain,"Accident,RiskAversion",2.0451800613226217e-08
DrivQuality,SeniorTrain,"Accident,RiskAversion",2.0451800613226217e-08
DrivQuality,SeniorTrain,"Accident,RiskAversion",2.0451800613226217e-08
DrivQuality,SeniorTrain,"Accident,RiskAversion",2.0451800613226217e-08
DrivQuality,SeniorTrain,"Accident,RiskAversion",2.0451800613226217e-08
DrivQuality,SeniorTrain,"Accident,RiskAversion",2.0451800613226217e-08
DrivQuality,SeniorTrain,"Accident,RiskAversion",2.0451800613226217e-08
DrivQuality,SeniorTrain,"Accident,RiskAversion",2.0451800613226217e-08
DrivQuality,SeniorTrain,"Accident,RiskAversion",2.0451800613226217e-08
DrivQuality,SeniorTrain,"Accident,RiskAversion",2.0451800613226217e-08
DrivQuality,ThisCarCost,"DrivingSkill,SeniorTrain",0.062777065520329
DrivQuality,ThisCarCost,"DrivingSkill,SeniorTrain",0.062777065520329
DrivQuality,ThisCarCost,"DrivingSkill,SeniorTrain",0.062777065520329
DrivQuality,ThisCarCost,"DrivingSkill,SeniorTrain",0.062777065520329
DrivQuality,ThisCarCost,"DrivingSkill,SeniorTrain",0.062777065520329
DrivQuality,ThisCarCost,"DrivingSkill,SeniorTrain",0.062777065520329
DrivQuality,ThisCarCost,"DrivingSkill,SeniorTrain",0.062777065520329
DrivQuality,DrivHist,"Accident,SeniorTrain",6.056803180210545e-73
DrivQuality,DrivHist,"Accident,SeniorTrain",6.056803180210545e-73
DrivQuality,DrivHist,"Accident,SeniorTrain",6.056803180210545e-73
DrivQuality,DrivHist,"Accident,SeniorTrain",6.056803180210545e-73
DrivQuality,DrivHist,"Accident,SeniorTrain",6.056803180210545e-73
DrivQuality,DrivHist,"Accident,SeniorTrain",6.056803180210545e-73
DrivQuality,DrivHist,"Accident,SeniorTrain",6.056803180210545e-73
DrivQuality,DrivHist,"Accident,SeniorTrain",6.056803180210545e-73
DrivQuality,DrivHist,"Accident,SeniorTrain",6.056803180210545e-73
DrivQuality,DrivHist,"Accident,SeniorTrain",6.056803180210545e-73
Antilock,ThisCarCost,"CarValue,SocioEcon",0.07351000209383161
Antilock,ThisCarCost,"CarValue,SocioEcon",0.07351000209383161
Antilock,CarValue,"Accident,VehicleYear",2.368198412676684e-79
Antilock,CarValue,"Accident,VehicleYear",2.368198412676684e-79
Antilock,CarValue,"Accident,VehicleYear",2.368198412676684e-79
Antilock,CarValue,"Accident,VehicleYear",2.368198412676684e-79
Antilock,CarValue,"Accident,VehicleYear",2.368198412676684e-79
Antilock,CarValue,"Accident,VehicleYear",2.368198412676684e-79
Antilock,CarValue,"Accident,VehicleYear",2.368198412676684e-79
Antilock,CarValue,"Accident,VehicleYear",2.368198412676684e-79
Antilock,CarValue,"Accident,VehicleYear",2.368198412676684e-79
Antilock,CarValue,"Accident,VehicleYear",2.368198412676684e-79
Antilock,CarValue,"Accident,VehicleYear",2.368198412676684e-79
Antilock,CarValue,"Accident,VehicleYear",2.368198412676684e-79
Antilock,CarValue,"Accident,VehicleYear",2.368198412676684e-79
Antilock,CarValue,"Accident,VehicleYear",2.368198412676684e-79
Antilock,CarValue,"Accident,VehicleYear",2.368198412676684e-79
Antilock,PropCost,"MakeModel,SocioEcon",0.4182300939123982
DrivingSkill,SeniorTrain,"DrivHist,DrivQuality",0.0002152258954565778
DrivingSkill,SeniorTrain,"DrivHist,DrivQuality",0.0002152258954565778
DrivingSkill,SeniorTrain,"DrivHist,DrivQuality",0.0002152258954565778
DrivingSkill,DrivHist,"DrivQuality,RiskAversion",1.45623881147605e-124
DrivingSkill,DrivHist,"DrivQuality,RiskAversion",1.45623881147605e-124
DrivingSkill,DrivHist,"DrivQuality,RiskAversion",1.45623881147605e-124
SeniorTrain,DrivHist,"DrivQuality,RiskAversion",0.7950608815420117
ThisCarCost,Theft,"ILiCost,SocioEcon",0.0506906400395955
ThisCarCost,Theft,"ILiCost,SocioEcon",0.0506906400395955
ThisCarCost,Theft,"ILiCost,SocioEcon",0.0506906400395955
ThisCarCost,Theft,"ILiCost,SocioEcon",0.0506906400395955
ThisCarCost,Theft,"ILiCost,SocioEcon",0.0506906400395955
ThisCarCost,Theft,"ILiCost,SocioEcon",0.0506906400395955
ThisCarCost,Theft,"ILiCost,SocioEcon",0.0506906400395955
ThisCarCost,Theft,"ILiCost,SocioEcon",0.0506906400395955
ThisCarCost,Theft,"ILiCost,SocioEcon",0.0506906400395955
ThisCarCost,Theft,"ILiCost,SocioEcon",0.0506906400395955
ThisCarCost,Theft,"ILiCost,SocioEcon",0.0506906400395955
ThisCarCost,Theft,"ILiCost,SocioEcon",0.0506906400395955
ThisCarCost,Theft,"ILiCost,SocioEcon",0.0506906400395955
ThisCarCost,Theft,"ILiCost,SocioEcon",0.0506906400395955
ThisCarCost,Theft,"ILiCost,SocioEcon",0.0506906400395955
ThisCarCost,Theft,"ILiCost,SocioEcon",0.0506906400395955
ThisCarCost,Theft,"ILiCost,SocioEcon",0.0506906400395955
ThisCarCost,Theft,"ILiCost,SocioEcon",0.0506906400395955
ThisCarCost,Theft,"ILiCost,SocioEcon",0.0506906400395955
ThisCarCost,Theft,"ILiCost,SocioEcon",0.0506906400395955
ThisCarCost,Theft,"ILiCost,SocioEcon",0.0506906400395955
ThisCarCost,Theft,"ILiCost,SocioEcon",0.0506906400395955
ThisCarCost,CarValue,"DrivQuality,MakeModel",4.78889668376132e-179
ThisCarCost,CarValue,"DrivQuality,MakeModel",4.78889668376132e-179
ThisCarCost,CarValue,"DrivQuality,MakeModel",4.78889668376132e-179
ThisCarCost,CarValue,"DrivQuality,MakeModel",4.78889668376132e-179
ThisCarCost,CarValue,"DrivQuality,MakeModel",4.78889668376132e-179
ThisCarCost,CarValue,"DrivQuality,MakeModel",4.78889668376132e-179
ThisCarCost,CarValue,"DrivQuality,MakeModel",4.78889668376132e-179
ThisCarCost,CarValue,"DrivQuality,MakeModel",4.78889668376132e-179
ThisCarCost,CarValue,"DrivQuality,MakeModel",4.78889668376132e-179
ThisCarCost,CarValue,"DrivQuality,MakeModel",4.78889668376132e-179
ThisCarCost,CarValue,"DrivQuality,MakeModel",4.78889668376132e-179
ThisCarCost,CarValue,"DrivQuality,MakeModel",4.78889668376132e-179
ThisCarCost,CarValue,"DrivQuality,MakeModel",4.78889668376132e-179
ThisCarCost,CarValue,"DrivQuality,MakeModel",4.78889668376132e-179
ThisCarCost,CarValue,"DrivQuality,MakeModel",4.78889668376132e-179
ThisCarCost,CarValue,"DrivQuality,MakeModel",4.78889668376132e-179
ThisCarCost,CarValue,"DrivQuality,MakeModel",4.78889668376132e-179
ThisCarCost,CarValue,"DrivQuality,MakeModel",4.78889668376132e-179
ThisCarCost,CarValue,"DrivQuality,MakeModel",4.78889668376132e-179
ThisCarCost,CarValue,"DrivQuality,MakeModel",4.78889668376132e-179
ThisCarCost,CarValue,"DrivQuality,MakeModel",4.78889668376132e-179
ThisCarCost,CarValue,"DrivQuality,MakeModel",4.78889668376132e-179
ThisCarCost,CarValue,"DrivQuality,MakeModel",4.78889668376132e-179
ThisCarCost,CarValue,"DrivQuality,MakeModel",4.78889668376132e-179
ThisCarCost,CarValue,"DrivQuality,MakeModel",4.78889668376132e-179
ThisCarCost,CarValue,"DrivQuality,MakeModel",4.78889668376132e-179
ThisCarCost,CarValue,"DrivQuality,MakeModel",4.78889668376132e-179
ThisCarCost,CarValue,"DrivQuality,MakeModel",4.78889668376132e-179
ThisCarCost,CarValue,"DrivQuality,MakeModel",4.78889668376132e-179
ThisCarCost,CarValue,"DrivQuality,MakeModel",4.78889668376132e-179
ThisCarCost,CarValue,"DrivQuality,MakeModel",4.78889668376132e-179
ThisCarCost,CarValue,"DrivQuality,MakeModel",4.78889668376132e-179
ThisCarCost,CarValue,"DrivQuality,MakeModel",4.78889668376132e-179
ThisCarCost,CarValue,"DrivQuality,MakeModel",4.78889668376132e-179
ThisCarCost,CarValue,"DrivQuality,MakeModel",4.78889668376132e-179
ThisCarCost,CarValue,"DrivQuality,MakeModel",4.78889668376132e-179
ThisCarCost,CarValue,"DrivQuality,MakeModel",4.78889668376132e-179
ThisCarCost,CarValue,"DrivQuality,MakeModel",4.78889668376132e-179
ThisCarCost,CarValue,"DrivQuality,MakeModel",4.78889668376132e-179
ThisCarCost,CarValue,"DrivQuality,MakeModel",4.78889668376132e-179
ThisCarCost,CarValue,"DrivQuality,MakeModel",4.78889668376132e-179
ThisCarCost,CarValue,"DrivQuality,MakeModel",4.78889668376132e-179
ThisCarCost,CarValue,"DrivQuality,MakeModel",4.78889668376132e-179
ThisCarCost,CarValue,"DrivQuality,MakeModel",4.78889668376132e-179
ThisCarCost,CarValue,"DrivQuality,MakeModel",4.78889668376132e-179
ThisCarCost,CarValue,"DrivQuality,MakeModel",4.78889668376132e-179
ThisCarCost,CarValue,"DrivQuality,MakeModel",4.78889668376132e-179
ThisCarCost,CarValue,"DrivQuality,MakeModel",4.78889668376132e-179
ThisCarCost,CarValue,"DrivQuality,MakeModel",4.78889668376132e-179
ThisCarCost,CarValue,"DrivQuality,MakeModel",4.78889668376132e-179
ThisCarCost,CarValue,"DrivQuality,MakeModel",4.78889668376132e-179
ThisCarCost,CarValue,"DrivQuality,MakeModel",4.78889668376132e-179
ThisCarCost,CarValue,"DrivQuality,MakeModel",4.78889668376132e-179
ThisCarCost,CarValue,"DrivQuality,MakeModel",4.78889668376132e-179
ThisCarCost,CarValue,"DrivQuality,MakeModel",4.78889668376132e-179
ThisCarCost,PropCost,"DrivQuality,MakeModel",0.0
ThisCarCost,PropCost,"DrivQuality,MakeModel",0.0
ThisCarCost,PropCost,"DrivQuality,MakeModel",0.0
ThisCarCost,PropCost,"DrivQuality,MakeModel",0.0
ThisCarCost,PropCost,"DrivQuality,MakeModel",0.0
ThisCarCost,PropCost,"DrivQuality,MakeModel",0.0
ThisCarCost,PropCost,"DrivQuality,MakeModel",0.0
ThisCarCost,PropCost,"DrivQuality,MakeModel",0.0
ThisCarCost,PropCost,"DrivQuality,MakeModel",0.0
ThisCarCost,PropCost,"DrivQuality,MakeModel",0.0
ThisCarCost,PropCost,"DrivQuality,MakeModel",0.0
ThisCarCost,PropCost,"DrivQuality,MakeModel",0.0
ThisCarCost,PropCost,"DrivQuality,MakeModel",0.0
ThisCarCost,PropCost,"DrivQuality,MakeModel",0.0
ThisCarCost,PropCost,"DrivQuality,MakeModel",0.0
ThisCarCost,PropCost,"DrivQuality,MakeModel",0.0
ThisCarCost,PropCost,"DrivQuality,MakeModel",0.0
ThisCarCost,PropCost,"DrivQuality,MakeModel",0.0
ThisCarCost,PropCost,"DrivQuality,MakeModel",0.0
ThisCarCost,PropCost,"DrivQuality,MakeModel",0.0
ThisCarCost,PropCost,"DrivQuality,MakeModel",0.0
ThisCarCost,PropCost,"DrivQuality,MakeModel",0.0
ThisCarCost,PropCost,"DrivQuality,MakeModel",0.0
ThisCarCost,PropCost,"DrivQuality,MakeModel",0.0
ThisCarCost,PropCost,"DrivQuality,MakeModel",0.0
ThisCarCost,PropCost,"DrivQuality,MakeModel",0.0
ThisCarCost,PropCost,"DrivQuality,MakeModel",0.0
ThisCarCost,PropCost,"DrivQuality,MakeModel",0.0
ThisCarCost,PropCost,"DrivQuality,MakeModel",0.0
ThisCarCost,PropCost,"DrivQuality,MakeModel",0.0
ThisCarCost,PropCost,"DrivQuality,MakeModel",0.0
ThisCarCost,PropCost,"DrivQuality,MakeModel",0.0
ThisCarCost,PropCost,"DrivQuality,MakeModel",0.0
ThisCarCost,PropCost,"DrivQuality,MakeModel",0.0
ThisCarCost,PropCost,"DrivQuality,MakeModel",0.0
ThisCarCost,PropCost,"DrivQuality,MakeModel",0.0
ThisCarCost,PropCost,"DrivQuality,MakeModel",0.0
ThisCarCost,PropCost,"DrivQuality,MakeModel",0.0
ThisCarCost,PropCost,"DrivQuality,MakeModel",0.0
ThisCarCost,PropCost,"DrivQuality,MakeModel",0.0
ThisCarCost,PropCost,"DrivQuality,MakeModel",0.0
ThisCarCost,PropCost,"DrivQuality,MakeModel",0.0
ThisCarCost,PropCost,"DrivQuality,MakeModel",0.0
ThisCarCost,PropCost,"DrivQuality,MakeModel",0.0
ThisCarCost,PropCost,"DrivQuality,MakeModel",0.0
ThisCarCost,PropCost,"DrivQuality,MakeModel",0.0
ThisCarCost,PropCost,"DrivQuality,MakeModel",0.0
ThisCarCost,PropCost,"DrivQuality,MakeModel",0.0
ThisCarCost,PropCost,"DrivQuality,MakeModel",0.0
ThisCarCost,PropCost,"DrivQuality,MakeModel",0.0
ThisCarCost,PropCost,"DrivQuality,MakeModel",0.0
ThisCarCost,PropCost,"DrivQuality,MakeModel",0.0
ThisCarCost,PropCost,"DrivQuality,MakeModel",0.0
ThisCarCost,PropCost,"DrivQuality,MakeModel",0.0
ThisCarCost,PropCost,"DrivQuality,MakeModel",0.0
ThisCarCost,MedCost,"ILiCost,ThisCarDam",0.053274837580124065
ThisCarCost,MedCost,"ILiCost,ThisCarDam",0.053274837580124065
ThisCarCost,MedCost,"ILiCost,ThisCarDam",0.053274837580124065
ThisCarCost,MedCost,"ILiCost,ThisCarDam",0.053274837580124065
ThisCarCost,ILiCost,"MedCost,ThisCarDam",0.09038333429672131
ThisCarCost,ILiCost,"MedCost,ThisCarDam",0.09038333429672131
ThisCarCost,ILiCost,"MedCost,ThisCarDam",0.09038333429672131
ThisCarCost,ILiCost,"MedCost,ThisCarDam",0.09038333429672131
CarValue,PropCost,"Cushioning,MakeModel",0.07478654854057246
CarValue,PropCost,"Cushioning,MakeModel",0.07478654854057246
CarValue,PropCost,"Cushioning,MakeModel",0.07478654854057246
CarValue,PropCost,"Cushioning,MakeModel",0.07478654854057246
CarValue,PropCost,"Cushioning,MakeModel",0.07478654854057246
CarValue,PropCost,"Cushioning,MakeModel",0.07478654854057246
CarValue,PropCost,"Cushioning,MakeModel",0.07478654854057246
CarValue,PropCost,"Cushioning,MakeModel",0.07478654854057246
CarValue,PropCost,"Cushioning,MakeModel",0.07478654854057246
CarValue,Cushioning,"Airbag,ThisCarCost",0.2793555414379325
CarValue,Cushioning,"Airbag,ThisCarCost",0.2793555414379325
CarValue,Cushioning,"Airbag,ThisCarCost",0.2793555414379325
CarValue,Cushioning,"Airbag,ThisCarCost",0.2793555414379325
CarValue,Airbag,"MakeModel,Mileage",2.1284004174948284e-158
CarValue,Airbag,"MakeModel,Mileage",2.1284004174948284e-158
CarValue,Airbag,"MakeModel,Mileage",2.1284004174948284e-158
CarValue,Airbag,"MakeModel,Mileage",2.1284004174948284e-158
CarValue,Airbag,"MakeModel,Mileage",2.1284004174948284e-158
CarValue,Airbag,"MakeModel,Mileage",2.1284004174948284e-158
CarValue,Airbag,"MakeModel,Mileage",2.1284004174948284e-158
CarValue,Airbag,"MakeModel,Mileage",2.1284004174948284e-158
CarValue,Airbag,"MakeModel,Mileage",2.1284004174948284e-158
CarValue,Airbag,"MakeModel,Mileage",2.1284004174948284e-158
CarValue,Airbag,"MakeModel,Mileage",2.1284004174948284e-158
CarValue,Airbag,"MakeModel,Mileage",2.1284004174948284e-158
CarValue,Airbag,"MakeModel,Mileage",2.1284004174948284e-158
CarValue,Airbag,"MakeModel,Mileage",2.1284004174948284e-158
CarValue,Airbag,"MakeModel,Mileage",2.1284004174948284e-158
CarValue,Airbag,"MakeModel,Mileage",2.1284004174948284e-158
CarValue,Airbag,"MakeModel,Mileage",2.1284004174948284e-158
CarValue,Airbag,"MakeModel,Mileage",2.1284004174948284e-158
CarValue,Airbag,"MakeModel,Mileage",2.1284004174948284e-158
CarValue,Airbag,"MakeModel,Mileage",2.1284004174948284e-158
CarValue,Airbag,"MakeModel,Mileage",2.1284004174948284e-158
CarValue,Airbag,"MakeModel,Mileage",2.1284004174948284e-158
CarValue,Airbag,"MakeModel,Mileage",2.1284004174948284e-158
CarValue,Airbag,"MakeModel,Mileage",2.1284004174948284e-158
CarValue,Airbag,"MakeModel,Mileage",2.1284004174948284e-158
CarValue,Airbag,"MakeModel,Mileage",2.1284004174948284e-158
CarValue,Airbag,"MakeModel,Mileage",2.1284004174948284e-158
CarValue,Airbag,"MakeModel,Mileage",2.1284004174948284e-158
CarValue,Airbag,"MakeModel,Mileage",2.1284004174948284e-158
CarValue,Airbag,"MakeModel,Mileage",2.1284004174948284e-158
CarValue,Airbag,"MakeModel,Mileage",2.1284004174948284e-158
CarValue,Airbag,"MakeModel,Mileage",2.1284004174948284e-158
CarValue,Airbag,"MakeModel,Mileage",2.1284004174948284e-158
CarValue,Airbag,"MakeModel,Mileage",2.1284004174948284e-158
CarValue,Airbag,"MakeModel,Mileage",2.1284004174948284e-158
CarValue,Airbag,"MakeModel,Mileage",2.1284004174948284e-158
CarValue,Airbag,"MakeModel,Mileage",2.1284004174948284e-158
CarValue,Airbag,"MakeModel,Mileage",2.1284004174948284e-158
CarValue,Airbag,"MakeModel,Mileage",2.1284004174948284e-158
CarValue,Airbag,"MakeModel,Mileage",2.1284004174948284e-158
CarValue,Airbag,"MakeModel,Mileage",2.1284004174948284e-158
CarValue,Airbag,"MakeModel,Mileage",2.1284004174948284e-158
CarValue,Airbag,"MakeModel,Mileage",2.1284004174948284e-158
CarValue,Airbag,"MakeModel,Mileage",2.1284004174948284e-158
CarValue,Airbag,"MakeModel,Mileage",2.1284004174948284e-158
HomeBase,AntiTheft,"RiskAversion,SocioEcon",0.0012347107746172607
PropCost,OtherCarCost,"Accident,MedCost",4.19535876733669e-155
PropCost,OtherCarCost,"Accident,MedCost",4.19535876733669e-155
PropCost,OtherCarCost,"Accident,MedCost",4.19535876733669e-155
PropCost,OtherCarCost,"Accident,MedCost",4.19535876733669e-155
PropCost,OtherCarCost,"Accident,MedCost",4.19535876733669e-155
PropCost,OtherCarCost,"Accident,MedCost",4.19535876733669e-155
PropCost,OtherCarCost,"Accident,MedCost",4.19535876733669e-155
PropCost,OtherCarCost,"Accident,MedCost",4.19535876733669e-155
PropCost,OtherCarCost,"Accident,MedCost",4.19535876733669e-155
PropCost,OtherCarCost,"Accident,MedCost",4.19535876733669e-155
PropCost,OtherCarCost,"Accident,MedCost",4.19535876733669e-155
PropCost,OtherCarCost,"Accident,MedCost",4.19535876733669e-155
PropCost,OtherCarCost,"Accident,MedCost",4.19535876733669e-155
PropCost,OtherCarCost,"Accident,MedCost",4.19535876733669e-155
PropCost,OtherCarCost,"Accident,MedCost",4.19535876733669e-155
PropCost,MedCost,"ThisCarCost,ThisCarDam",0.9417727048565792
PropCost,MedCost,"ThisCarCost,ThisCarDam",0.9417727048565792
PropCost,MedCost,"ThisCarCost,ThisCarDam",0.9417727048565792
OtherCarCost,MedCost,"ILiCost,ThisCarDam",0.6801921440644625
OtherCarCost,ILiCost,"Accident,MedCost",0.10460927466468918
OtherCarCost,ILiCost,"Accident,MedCost",0.10460927466468918
OtherCarCost,ILiCost,"Accident,MedCost",0.10460927466468918
OtherCarCost,ILiCost,"Accident,MedCost",0.10460927466468918
OtherCarCost,ILiCost,"Accident,MedCost",0.10460927466468918
OtherCarCost,ILiCost,"Accident,MedCost",0.10460927466468918
OtherCarCost,ILiCost,"Accident,MedCost",0.10460927466468918
OtherCarCost,ILiCost,"Accident,MedCost",0.10460927466468918
OtherCarCost,ILiCost,"Accident,MedCost",0.10460927466468918
OtherCarCost,ILiCost,"Accident,MedCost",0.10460927466468918
OtherCarCost,ILiCost,"Accident,MedCost",0.10460927466468918
OtherCarCost,ILiCost,"Accident,MedCost",0.10460927466468918
OtherCarCost,ILiCost,"Accident,MedCost",0.10460927466468918
MedCost,Cushioning,"Accident,Age",1.2981462994949702e-81
MedCost,Cushioning,"Accident,Age",1.2981462994949702e-81
MedCost,Cushioning,"Accident,Age",1.2981462994949702e-81
MedCost,Cushioning,"Accident,Age",1.2981462994949702e-81
MedCost,Cushioning,"Accident,Age",1.2981462994949702e-81
MedCost,Cushioning,"Accident,Age",1.2981462994949702e-81
MedCost,Cushioning,"Accident,Age",1.2981462994949702e-81
MedCost,Cushioning,"Accident,Age",1.2981462994949702e-81
MedCost,Cushioning,"Accident,Age",1.2981462994949702e-81
MedCost,Cushioning,"Accident,Age",1.2981462994949702e-81
MedCost,Cushioning,"Accident,Age",1.2981462994949702e-81
MedCost,Cushioning,"Accident,Age",1.2981462994949702e-81
MedCost,Cushioning,"Accident,Age",1.2981462994949702e-81
MedCost,Cushioning,"Accident,Age",1.2981462994949702e-81
MedCost,Cushioning,"Accident,Age",1.2981462994949702e-81
Cushioning,Airbag,"MakeModel,MedCost",4.9282207796233914e-64
Cushioning,Airbag,"MakeModel,MedCost",4.9282207796233914e-64
Cushioning,Airbag,"MakeModel,MedCost",4.9282207796233914e-64
Cushioning,Airbag,"MakeModel,MedCost",4.9282207796233914e-64
Cushioning,Airbag,"MakeModel,MedCost",4.9282207796233914e-64
Cushioning,Airbag,"MakeModel,MedCost",4.9282207796233914e-64
Cushioning,Airbag,"MakeModel,MedCost",4.9282207796233914e-64
Cushioning,Airbag,"MakeModel,MedCost",4.9282207796233914e-64
Cushioning,Airbag,"MakeModel,MedCost",4.9282207796233914e-64
Cushioning,Airbag,"MakeModel,MedCost",4.9282207796233914e-64
SocioEcon,MakeModel,"AntiTheft,HomeBase,OtherCar",1.9065600740263964e-117
SocioEcon,MakeModel,"AntiTheft,HomeBase,OtherCar",1.9065600740263964e-117
SocioEcon,MakeModel,"AntiTheft,HomeBase,OtherCar",1.9065600740263964e-117
SocioEcon,MakeModel,"AntiTheft,HomeBase,OtherCar",1.9065600740263964e-117
SocioEcon,MakeModel,"AntiTheft,HomeBase,OtherCar",1.9065600740263964e-117
SocioEcon,MakeModel,"AntiTheft,HomeBase,OtherCar",1.9065600740263964e-117
SocioEcon,MakeModel,"AntiTheft,HomeBase,OtherCar",1.9065600740263964e-117
SocioEcon,MakeModel,"AntiTheft,HomeBase,OtherCar",1.9065600740263964e-117
SocioEcon,MakeModel,"AntiTheft,HomeBase,OtherCar",1.9065600740263964e-117
SocioEcon,MakeModel,"AntiTheft,HomeBase,OtherCar",1.9065600740263964e-117
SocioEcon,MakeModel,"AntiTheft,HomeBase,OtherCar",1.9065600740263964e-117
SocioEcon,MakeModel,"AntiTheft,HomeBase,OtherCar",1.9065600740263964e-117
SocioEcon,MakeModel,"AntiTheft,HomeBase,OtherCar",1.9065600740263964e-117
SocioEcon,MakeModel,"AntiTheft,HomeBase,OtherCar",1.9065600740263964e-117
SocioEcon,MakeModel,"AntiTheft,HomeBase,OtherCar",1.9065600740263964e-117
SocioEcon,MakeModel,"AntiTheft,HomeBase,OtherCar",1.9065600740263964e-117
SocioEcon,MakeModel,"AntiTheft,HomeBase,OtherCar",1.9065600740263964e-117
SocioEcon,MakeModel,"AntiTheft,HomeBase,OtherCar",1.9065600740263964e-117
SocioEcon,MakeModel,"AntiTheft,HomeBase,OtherCar",1.9065600740263964e-117
SocioEcon,MakeModel,"AntiTheft,HomeBase,OtherCar",1.9065600740263964e-117
SocioEcon,Antilock,"CarValue,GoodStudent,MakeModel",0.9654721309205142
SocioEcon,CarValue,"Antilock,HomeBase,MakeModel",0.9145229979031453
SocioEcon,CarValue,"Antilock,HomeBase,MakeModel",0.9145229979031453
SocioEcon,CarValue,"Antilock,HomeBase,MakeModel",0.9145229979031453
SocioEcon,HomeBase,"AntiTheft,GoodStudent,OtherCar",1.7909705522622608e-283
SocioEcon,HomeBase,"AntiTheft,GoodStudent,OtherCar",1.7909705522622608e-283
SocioEcon,HomeBase,"AntiTheft,GoodStudent,OtherCar",1.7909705522622608e-283
SocioEcon,HomeBase,"AntiTheft,GoodStudent,OtherCar",1.7909705522622608e-283
SocioEcon,HomeBase,"AntiTheft,GoodStudent,OtherCar",1.7909705522622608e-283
SocioEcon,HomeBase,"AntiTheft,GoodStudent,OtherCar",1.7909705522622608e-283
SocioEcon,HomeBase,"AntiTheft,GoodStudent,OtherCar",1.7909705522622608e-283
SocioEcon,HomeBase,"AntiTheft,GoodStudent,OtherCar",1.7909705522622608e-283
SocioEcon,HomeBase,"AntiTheft,GoodStudent,OtherCar",1.7909705522622608e-283
SocioEcon,HomeBase,"AntiTheft,GoodStudent,OtherCar",1.7909705522622608e-283
SocioEcon,HomeBase,"AntiTheft,GoodStudent,OtherCar",1.7909705522622608e-283
SocioEcon,HomeBase,"AntiTheft,GoodStudent,OtherCar",1.7909705522622608e-283
SocioEcon,HomeBase,"AntiTheft,GoodStudent,OtherCar",1.7909705522622608e-283
SocioEcon,HomeBase,"AntiTheft,GoodStudent,OtherCar",1.7909705522622608e-283
SocioEcon,HomeBase,"AntiTheft,GoodStudent,OtherCar",1.7909705522622608e-283
SocioEcon,HomeBase,"AntiTheft,GoodStudent,OtherCar",1.7909705522622608e-283
SocioEcon,HomeBase,"AntiTheft,GoodStudent,OtherCar",1.7909705522622608e-283
SocioEcon,HomeBase,"AntiTheft,GoodStudent,OtherCar",1.7909705522622608e-283
SocioEcon,HomeBase,"AntiTheft,GoodStudent,OtherCar",1.7909705522622608e-283
SocioEcon,HomeBase,"AntiTheft,GoodStudent,OtherCar",1.7909705522622608e-283
SocioEcon,AntiTheft,"Antilock,CarValue,HomeBase",0.35366372587758516
SocioEcon,AntiTheft,"Antilock,CarValue,HomeBase",0.35366372587758516
SocioEcon,AntiTheft,"Antilock,CarValue,HomeBase",0.35366372587758516
SocioEcon,OtherCar,"Antilock,HomeBase,MakeModel",0.5392497251854268
SocioEcon,OtherCar,"Antilock,HomeBase,MakeModel",0.5392497251854268
SocioEcon,OtherCar,"Antilock,HomeBase,MakeModel",0.5392497251854268
RiskAversion,DrivingSkill,"AntiTheft,HomeBase,SeniorTrain",3.195460533563374e-20
RiskAversion,DrivingSkill,"AntiTheft,HomeBase,SeniorTrain",3.195460533563374e-20
RiskAversion,DrivingSkill,"AntiTheft,HomeBase,SeniorTrain",3.195460533563374e-20
RiskAversion,DrivingSkill,"AntiTheft,HomeBase,SeniorTrain",3.195460533563374e-20
RiskAversion,DrivingSkill,"AntiTheft,HomeBase,SeniorTrain",3.195460533563374e-20
RiskAversion,DrivingSkill,"AntiTheft,HomeBase,SeniorTrain",3.195460533563374e-20
RiskAversion,DrivingSkill,"AntiTheft,HomeBase,SeniorTrain",3.195460533563374e-20
RiskAversion,DrivingSkill,"AntiTheft,HomeBase,SeniorTrain",3.195460533563374e-20
RiskAversion,DrivingSkill,"AntiTheft,HomeBase,SeniorTrain",3.195460533563374e-20
RiskAversion,DrivingSkill,"AntiTheft,HomeBase,SeniorTrain",3.195460533563374e-20
RiskAversion,SeniorTrain,"Age,AntiTheft,HomeBase",3.4743968949141623e-10
RiskAversion,SeniorTrain,"Age,AntiTheft,HomeBase",3.4743968949141623e-10
RiskAversion,SeniorTrain,"Age,AntiTheft,HomeBase",3.4743968949141623e-10
RiskAversion,SeniorTrain,"Age,AntiTheft,HomeBase",3.4743968949141623e-10
RiskAversion,SeniorTrain,"Age,AntiTheft,HomeBase",3.4743968949141623e-10
RiskAversion,SeniorTrain,"Age,AntiTheft,HomeBase",3.4743968949141623e-10
RiskAversion,SeniorTrain,"Age,AntiTheft,HomeBase",3.4743968949141623e-10
RiskAversion,SeniorTrain,"Age,AntiTheft,HomeBase",3.4743968949141623e-10
RiskAversion,SeniorTrain,"Age,AntiTheft,HomeBase",3.4743968949141623e-10
RiskAversion,SeniorTrain,"Age,AntiTheft,HomeBase",3.4743968949141623e-10
RiskAversion,HomeBase,"Age,AntiTheft,SeniorTrain",8.71193154714043e-35
RiskAversion,HomeBase,"Age,AntiTheft,SeniorTrain",8.71193154714043e-35
RiskAversion,HomeBase,"Age,AntiTheft,SeniorTrain",8.71193154714043e-35
RiskAversion,HomeBase,"Age,AntiTheft,SeniorTrain",8.71193154714043e-35
RiskAversion,HomeBase,"Age,AntiTheft,SeniorTrain",8.71193154714043e-35
RiskAversion,HomeBase,"Age,AntiTheft,SeniorTrain",8.71193154714043e-35
RiskAversion,HomeBase,"Age,AntiTheft,SeniorTrain",8.71193154714043e-35
RiskAversion,HomeBase,"Age,AntiTheft,SeniorTrain",8.71193154714043e-35
RiskAversion,HomeBase,"Age,AntiTheft,SeniorTrain",8.71193154714043e-35
RiskAversion,HomeBase,"Age,AntiTheft,SeniorTrain",8.71193154714043e-35
RiskAversion,AntiTheft,"Age,HomeBase,SeniorTrain",2.491129718877768e-163
RiskAversion,AntiTheft,"Age,HomeBase,SeniorTrain",2.491129718877768e-163
RiskAversion,AntiTheft,"Age,HomeBase,SeniorTrain",2.491129718877768e-163
RiskAversion,AntiTheft,"Age,HomeBase,SeniorTrain",2.491129718877768e-163
RiskAversion,AntiTheft,"Age,HomeBase,SeniorTrain",2.491129718877768e-163
RiskAversion,AntiTheft,"Age,HomeBase,SeniorTrain",2.491129718877768e-163
RiskAversion,AntiTheft,"Age,HomeBase,SeniorTrain",2.491129718877768e-163
RiskAversion,AntiTheft,"Age,HomeBase,SeniorTrain",2.491129718877768e-163
RiskAversion,AntiTheft,"Age,HomeBase,SeniorTrain",2.491129718877768e-163
RiskAversion,AntiTheft,"Age,HomeBase,SeniorTrain",2.491129718877768e-163
RiskAversion,DrivHist,"AntiTheft,HomeBase,SeniorTrain",1.5482221735787055e-06
RiskAversion,DrivHist,"AntiTheft,HomeBase,SeniorTrain",1.5482221735787055e-06
RiskAversion,DrivHist,"AntiTheft,HomeBase,SeniorTrain",1.5482221735787055e-06
RiskAversion,DrivHist,"AntiTheft,HomeBase,SeniorTrain",1.5482221735787055e-06
RiskAversion,DrivHist,"AntiTheft,HomeBase,SeniorTrain",1.5482221735787055e-06
RiskAversion,DrivHist,"AntiTheft,HomeBase,SeniorTrain",1.5482221735787055e-06
RiskAversion,DrivHist,"AntiTheft,HomeBase,SeniorTrain",1.5482221735787055e-06
RiskAversion,DrivHist,"AntiTheft,HomeBase,SeniorTrain",1.5482221735787055e-06
RiskAversion,DrivHist,"AntiTheft,HomeBase,SeniorTrain",1.5482221735787055e-06
RiskAversion,DrivHist,"AntiTheft,HomeBase,SeniorTrain",1.5482221735787055e-06
VehicleYear,RuggedAuto,"Airbag,Antilock,CarValue",0.3015041689253193
VehicleYear,Antilock,"Airbag,CarValue,RuggedAuto",4.1549986966966113e-13
VehicleYear,CarValue,"Airbag,Antilock,RuggedAuto",8.35718182117773e-56
VehicleYear,Airbag,"Antilock,CarValue,RuggedAuto",3.5263181047366767e-174
Accident,PropCost,"ILiCost,OtherCarCost,ThisCarDam",0.9821085909195871
Accident,OtherCarCost,"ILiCost,PropCost,ThisCarDam",3.67715010158772e-13
Accident,ILiCost,"OtherCarCost,PropCost,ThisCarDam",0.8688240368990058
MakeModel,Antilock,"CarValue,Cushioning,SocioEcon",0.06708960237314322
MakeModel,Antilock,"CarValue,Cushioning,SocioEcon",0.06708960237314322
MakeModel,CarValue,"Cushioning,RuggedAuto,SocioEcon",4.526203302202941e-14
MakeModel,CarValue,"Cushioning,RuggedAuto,SocioEcon",4.526203302202941e-14
MakeModel,CarValue,"Cushioning,RuggedAuto,SocioEcon",4.526203302202941e-14
MakeModel,CarValue,"Cushioning,RuggedAuto,SocioEcon",4.526203302202941e-14
MakeModel,Cushioning,"Antilock,CarValue,RuggedAuto",0.5549436482015161
Antilock,CarValue,"MakeModel,SocioEcon,VehicleYear",0.6843343150445603
DrivingSkill,SeniorTrain,"DrivHist,DrivQuality,RiskAversion",0.1398330995818039
DrivingSkill,DrivHist,"DrivQuality,RiskAversion,SeniorTrain",2.716457944300432e-101
CarValue,Airbag,"SocioEcon,ThisCarCost,VehicleYear",0.08685536357468751
CarValue,Airbag,"SocioEcon,ThisCarCost,VehicleYear",0.08685536357468751
Cushioning,Airbag,"MakeModel,MedCost,RuggedAuto",3.645536184918697e-57
