HISTORY,CVP,PCWP,HYPOVOLEMIA,LVEDVOLUME,LVFAILURE,STROKEVOLUME,ERRLOWOUTPUT,HRBP,HREKG,ERRCAUTER,HRSAT,INSUFFANESTH,ANAPHYLAXIS,TPR,EXPCO2,KINKEDTUBE,MINVOL,FIO2,PVSAT,SAO2,PAP,PULMEMBOLUS,SHUNT,INTUBATION,PRESS,DISCONNECT,MINVOLSET,VENTMACH,VENTTUBE,VENTLUNG,VENTALV,ARTCO2,CATECHOL,HR,CO,BP
False,NORMAL,NORMAL,False,NORMAL,False,NORMAL,False,HIGH,NORMAL,True,NORMAL,False,False,NORMAL,LOW,True,ZERO,NORMAL,LOW,LOW,NORMAL,False,NORMAL,NORMAL,ZERO,False,NORMAL,ZERO,ZERO,ZERO,ZERO,HIGH,HIGH,HIGH,HIGH,LOW
False,NORMAL,LOW,False,NORMAL,False,NORMAL,False,LOW,LOW,False,LOW,False,False,HIGH,LOW,False,ZERO,NORMAL,LOW,NORMAL,NORMAL,False,NORMAL,NORMAL,NORMAL,False,NORMAL,NORMAL,LOW,ZERO,ZERO,HIGH,NORMAL,NORMAL,NORMAL,HIGH
False,NORMAL,NORMAL,True,NORMAL,False,LOW,False,HIGH,NORMAL,True,NORMAL,True,False,NORMAL,LOW,False,ZERO,NORMAL,LOW,LOW,LOW,False,NORMAL,NORMAL,HIGH,False,NORMAL,NORMAL,LOW,ZERO,ZERO,HIGH,HIGH,HIGH,NORMAL,NORMAL
False,HIGH,HIGH,True,HIGH,False,LOW,False,HIGH,HIGH,False,HIGH,False,False,HIGH,HIGH,False,LOW,NORMAL,LOW,LOW,NORMAL,False,NORMAL,NORMAL,HIGH,False,NORMAL,NORMAL,NORMAL,HIGH,LOW,HIGH,HIGH,HIGH,NORMAL,HIGH
False,NORMAL,NORMAL,False,NORMAL,False,NORMAL,False,HIGH,HIGH,False,HIGH,True,False,HIGH,LOW,False,ZERO,NORMAL,LOW,LOW,NORMAL,False,NORMAL,NORMAL,NORMAL,False,NORMAL,NORMAL,LOW,ZERO,ZERO,HIGH,HIGH,HIGH,HIGH,HIGH
False,NORMAL,HIGH,False,NORMAL,False,LOW,False,HIGH,HIGH,False,HIGH,False,False,LOW,LOW,False,ZERO,NORMAL,LOW,LOW,NORMAL,False,NORMAL,NORMAL,HIGH,False,NORMAL,NORMAL,LOW,ZERO,ZERO,HIGH,HIGH,HIGH,LOW,LOW
False,NORMAL,NORMAL,False,NORMAL,False,NORMAL,False,HIGH,HIGH,False,HIGH,False,False,LOW,NORMAL,False,ZERO,NORMAL,LOW,LOW,NORMAL,False,HIGH,ONESIDED,HIGH,False,NORMAL,NORMAL,LOW,LOW,LOW,HIGH,HIGH,HIGH,HIGH,LOW
False,NORMAL,HIGH,True,HIGH,False,NORMAL,False,HIGH,HIGH,False,HIGH,False,False,HIGH,HIGH,False,LOW,NORMAL,LOW,LOW,NORMAL,False,NORMAL,NORMAL,HIGH,True,HIGH,HIGH,NORMAL,HIGH,LOW,HIGH,HIGH,HIGH,HIGH,HIGH
False,NORMAL,NORMAL,False,NORMAL,False,NORMAL,False,HIGH,HIGH,False,HIGH,False,False,NORMAL,LOW,False,ZERO,NORMAL,LOW,LOW,LOW,False,NORMAL,NORMAL,HIGH,False,NORMAL,NORMAL,LOW,ZERO,ZERO,HIGH,HIGH,HIGH,HIGH,HIGH
False,NORMAL,NORMAL,False,NORMAL,False,NORMAL,False,HIGH,HIGH,False,HIGH,False,False,NORMAL,LOW,False,ZERO,NORMAL,LOW,LOW,NORMAL,False,NORMAL,NORMAL,HIGH,True,NORMAL,NORMAL,ZERO,ZERO,ZERO,HIGH,HIGH,HIGH,HIGH,HIGH
False,NORMAL,NORMAL,False,NORMAL,False,NORMAL,False,HIGH,HIGH,False,HIGH,False,False,NORMAL,NORMAL,False,HIGH,NORMAL,HIGH,HIGH,NORMAL,False,NORMAL,NORMAL,HIGH,True,NORMAL,NORMAL,ZERO,LOW,HIGH,HIGH,HIGH,HIGH,HIGH,HIGH
False,NORMAL,NORMAL,False,NORMAL,False,NORMAL,False,HIGH,HIGH,False,HIGH,False,False,HIGH,LOW,False,ZERO,NORMAL,LOW,LOW,NORMAL,False,NORMAL,NORMAL,LOW,False,NORMAL,NORMAL,LOW,ZERO,ZERO,HIGH,HIGH,HIGH,HIGH,HIGH
False,NORMAL,NORMAL,False,NORMAL,False,NORMAL,True,NORMAL,HIGH,False,HIGH,False,False,NORMAL,LOW,False,HIGH,NORMAL,HIGH,HIGH,NORMAL,False,NORMAL,NORMAL,HIGH,True,NORMAL,NORMAL,ZERO,LOW,HIGH,LOW,HIGH,HIGH,HIGH,HIGH
False,NORMAL,HIGH,True,HIGH,False,LOW,False,HIGH,HIGH,False,HIGH,False,False,NORMAL,ZERO,False,NORMAL,NORMAL,LOW,LOW,NORMAL,False,HIGH,ONESIDED,LOW,True,LOW,LOW,ZERO,ZERO,NORMAL,NORMAL,HIGH,HIGH,LOW,LOW
False,NORMAL,NORMAL,False,NORMAL,False,NORMAL,False,LOW,HIGH,True,NORMAL,False,False,HIGH,ZERO,False,HIGH,LOW,NORMAL,NORMAL,NORMAL,False,NORMAL,NORMAL,NORMAL,False,HIGH,HIGH,HIGH,LOW,HIGH,NORMAL,NORMAL,NORMAL,NORMAL,HIGH
False,NORMAL,NORMAL,False,NORMAL,False,NORMAL,False,HIGH,HIGH,False,HIGH,False,False,LOW,ZERO,False,HIGH,NORMAL,HIGH,HIGH,NORMAL,False,NORMAL,NORMAL,LOW,False,NORMAL,NORMAL,HIGH,LOW,HIGH,NORMAL,HIGH,HIGH,HIGH,LOW
True,LOW,LOW,False,LOW,True,LOW,False,LOW,LOW,False,LOW,False,False,LOW,LOW,False,HIGH,NORMAL,HIGH,HIGH,NORMAL,False,NORMAL,NORMAL,HIGH,False,LOW,LOW,ZERO,LOW,HIGH,LOW,NORMAL,NORMAL,LOW,LOW
False,HIGH,HIGH,False,HIGH,False,NORMAL,False,HIGH,HIGH,False,HIGH,False,False,LOW,LOW,False,ZERO,NORMAL,LOW,LOW,NORMAL,False,NORMAL,NORMAL,NORMAL,False,NORMAL,NORMAL,LOW,ZERO,ZERO,HIGH,HIGH,HIGH,HIGH,LOW
False,HIGH,HIGH,True,HIGH,False,LOW,False,HIGH,HIGH,False,HIGH,False,False,LOW,LOW,True,ZERO,NORMAL,LOW,LOW,NORMAL,False,NORMAL,NORMAL,NORMAL,False,NORMAL,NORMAL,LOW,ZERO,ZERO,HIGH,HIGH,HIGH,LOW,LOW
False,NORMAL,NORMAL,False,NORMAL,False,NORMAL,False,LOW,LOW,False,LOW,False,False,HIGH,NORMAL,False,ZERO,NORMAL,LOW,LOW,NORMAL,False,HIGH,ONESIDED,HIGH,False,NORMAL,NORMAL,LOW,LOW,LOW,HIGH,NORMAL,NORMAL,NORMAL,HIGH
False,NORMAL,NORMAL,False,NORMAL,False,NORMAL,False,HIGH,HIGH,False,HIGH,False,False,NORMAL,LOW,False,ZERO,LOW,LOW,LOW,NORMAL,False,NORMAL,NORMAL,LOW,False,NORMAL,NORMAL,LOW,ZERO,ZERO,HIGH,HIGH,HIGH,HIGH,HIGH
False,NORMAL,NORMAL,False,NORMAL,False,NORMAL,False,HIGH,HIGH,False,HIGH,False,False,HIGH,LOW,False,ZERO,NORMAL,LOW,LOW,NORMAL,False,HIGH,NORMAL,LOW,False,NORMAL,NORMAL,LOW,ZERO,ZERO,HIGH,HIGH,HIGH,HIGH,HIGH
False,NORMAL,NORMAL,False,NORMAL,False,NORMAL,False,HIGH,HIGH,False,HIGH,False,False,LOW,LOW,False,ZERO,NORMAL,LOW,LOW,NORMAL,False,NORMAL,NORMAL,HIGH,False,NORMAL,NORMAL,LOW,ZERO,ZERO,HIGH,HIGH,HIGH,HIGH,LOW
False,NORMAL,NORMAL,False,NORMAL,False,NORMAL,False,HIGH,HIGH,False,HIGH,False,False,HIGH,HIGH,False,ZERO,NORMAL,LOW,LOW,NORMAL,False,NORMAL,NORMAL,HIGH,False,NORMAL,NORMAL,LOW,ZERO,ZERO,HIGH,HIGH,HIGH,HIGH,HIGH
False,NORMAL,NORMAL,False,NORMAL,False,NORMAL,False,HIGH,HIGH,False,HIGH,False,False,NORMAL,LOW,False,ZERO,NORMAL,LOW,LOW,NORMAL,False,NORMAL,NORMAL,HIGH,False,NORMAL,NORMAL,LOW,ZERO,ZERO,HIGH,HIGH,HIGH,HIGH,HIGH
False,HIGH,HIGH,True,HIGH,False,LOW,True,NORMAL,HIGH,False,HIGH,False,False,NORMAL,LOW,False,ZERO,NORMAL,LOW,LOW,NORMAL,False,NORMAL,NORMAL,NORMAL,False,NORMAL,NORMAL,LOW,ZERO,NORMAL,NORMAL,HIGH,HIGH,LOW,LOW
False,NORMAL,NORMAL,False,NORMAL,False,HIGH,False,HIGH,HIGH,False,HIGH,False,False,HIGH,LOW,False,ZERO,NORMAL,LOW,LOW,HIGH,False,NORMAL,NORMAL,HIGH,False,NORMAL,ZERO,ZERO,ZERO,ZERO,HIGH,HIGH,HIGH,LOW,NORMAL
False,NORMAL,NORMAL,False,NORMAL,False,NORMAL,False,HIGH,HIGH,False,HIGH,False,False,NORMAL,LOW,False,ZERO,NORMAL,LOW,LOW,NORMAL,False,NORMAL,NORMAL,NORMAL,False,NORMAL,NORMAL,LOW,ZERO,ZERO,HIGH,HIGH,HIGH,HIGH,HIGH
False,NORMAL,NORMAL,False,NORMAL,False,NORMAL,False,HIGH,HIGH,False,HIGH,False,False,NORMAL,LOW,False,ZERO,NORMAL,LOW,LOW,NORMAL,False,HIGH,NORMAL,NORMAL,False,NORMAL,NORMAL,LOW,ZERO,ZERO,HIGH,HIGH,HIGH,HIGH,HIGH
False,HIGH,HIGH,False,HIGH,False,NORMAL,False,LOW,LOW,False,LOW,False,False,NORMAL,LOW,False,ZERO,NORMAL,LOW,LOW,NORMAL,False,NORMAL,NORMAL,NORMAL,False,NORMAL,NORMAL,LOW,ZERO,ZERO,HIGH,NORMAL,NORMAL,NORMAL,NORMAL
False,NORMAL,NORMAL,False,NORMAL,False,NORMAL,False,NORMAL,HIGH,False,HIGH,False,False,NORMAL,LOW,True,ZERO,NORMAL,LOW,LOW,NORMAL,False,NORMAL,NORMAL,ZERO,True,NORMAL,NORMAL,ZERO,ZERO,ZERO,HIGH,HIGH,HIGH,HIGH,HIGH
False,NORMAL,NORMAL,False,NORMAL,False,NORMAL,True,NORMAL,HIGH,False,HIGH,False,False,HIGH,LOW,False,ZERO,NORMAL,LOW,LOW,NORMAL,False,NORMAL,NORMAL,HIGH,False,NORMAL,NORMAL,LOW,ZERO,ZERO,HIGH,HIGH,HIGH,HIGH,HIGH
False,HIGH,HIGH,False,HIGH,False,NORMAL,True,NORMAL,HIGH,False,HIGH,False,False,NORMAL,LOW,False,ZERO,NORMAL,LOW,LOW,NORMAL,False,NORMAL,NORMAL,LOW,False,NORMAL,NORMAL,LOW,ZERO,ZERO,HIGH,HIGH,HIGH,HIGH,NORMAL
False,NORMAL,NORMAL,False,NORMAL,False,NORMAL,False,LOW,LOW,False,LOW,False,False,HIGH,LOW,True,ZERO,NORMAL,LOW,LOW,NORMAL,False,NORMAL,NORMAL,ZERO,False,HIGH,ZERO,ZERO,ZERO,ZERO,HIGH,NORMAL,NORMAL,NORMAL,HIGH
False,NORMAL,NORMAL,False,NORMAL,False,LOW,False,HIGH,HIGH,False,HIGH,False,False,LOW,LOW,True,ZERO,NORMAL,LOW,LOW,NORMAL,False,NORMAL,NORMAL,LOW,False,NORMAL,NORMAL,LOW,ZERO,ZERO,HIGH,HIGH,HIGH,LOW,LOW
False,NORMAL,NORMAL,False,NORMAL,False,NORMAL,False,HIGH,HIGH,False,HIGH,False,False,NORMAL,LOW,False,ZERO,NORMAL,LOW,LOW,NORMAL,False,NORMAL,NORMAL,HIGH,False,NORMAL,NORMAL,LOW,ZERO,ZERO,HIGH,HIGH,HIGH,HIGH,HIGH
False,NORMAL,NORMAL,False,NORMAL,False,NORMAL,False,HIGH,HIGH,False,HIGH,False,False,NORMAL,LOW,False,HIGH,NORMAL,HIGH,HIGH,NORMAL,False,NORMAL,NORMAL,HIGH,False,NORMAL,ZERO,ZERO,LOW,HIGH,LOW,HIGH,HIGH,HIGH,HIGH
False,NORMAL,NORMAL,False,NORMAL,False,NORMAL,False,HIGH,HIGH,False,HIGH,False,False,LOW,LOW,False,ZERO,NORMAL,LOW,LOW,NORMAL,False,NORMAL,NORMAL,NORMAL,False,NORMAL,NORMAL,LOW,ZERO,ZERO,HIGH,HIGH,HIGH,HIGH,NORMAL
False,NORMAL,NORMAL,False,NORMAL,False,NORMAL,False,HIGH,HIGH,False,HIGH,False,False,NORMAL,LOW,False,LOW,NORMAL,LOW,LOW,NORMAL,False,NORMAL,NORMAL,HIGH,False,NORMAL,ZERO,ZERO,ZERO,ZERO,HIGH,HIGH,HIGH,HIGH,HIGH
True,NORMAL,NORMAL,False,NORMAL,False,NORMAL,False,HIGH,HIGH,False,HIGH,False,False,LOW,LOW,False,ZERO,NORMAL,LOW,LOW,NORMAL,False,NORMAL,NORMAL,NORMAL,False,NORMAL,NORMAL,LOW,ZERO,ZERO,HIGH,HIGH,HIGH,HIGH,LOW
False,NORMAL,NORMAL,False,NORMAL,False,NORMAL,False,HIGH,HIGH,False,HIGH,False,False,LOW,LOW,False,ZERO,NORMAL,LOW,LOW,NORMAL,False,HIGH,NORMAL,NORMAL,False,NORMAL,NORMAL,LOW,ZERO,ZERO,HIGH,HIGH,HIGH,HIGH,LOW
False,NORMAL,NORMAL,False,NORMAL,False,NORMAL,False,LOW,LOW,False,LOW,False,False,NORMAL,LOW,False,ZERO,NORMAL,LOW,LOW,NORMAL,False,HIGH,NORMAL,NORMAL,False,NORMAL,NORMAL,LOW,ZERO,ZERO,HIGH,HIGH,NORMAL,NORMAL,NORMAL
False,HIGH,HIGH,False,HIGH,False,LOW,False,HIGH,HIGH,False,HIGH,True,False,NORMAL,LOW,False,ZERO,NORMAL,LOW,LOW,NORMAL,False,NORMAL,NORMAL,HIGH,False,NORMAL,ZERO,ZERO,ZERO,ZERO,HIGH,HIGH,HIGH,LOW,LOW
False,NORMAL,NORMAL,False,NORMAL,False,NORMAL,False,HIGH,HIGH,False,HIGH,False,False,NORMAL,LOW,False,ZERO,NORMAL,LOW,LOW,NORMAL,False,NORMAL,NORMAL,LOW,False,NORMAL,NORMAL,LOW,ZERO,ZERO,HIGH,HIGH,HIGH,HIGH,HIGH
False,NORMAL,NORMAL,False,NORMAL,False,NORMAL,False,HIGH,NORMAL,False,HIGH,False,False,NORMAL,LOW,False,ZERO,NORMAL,LOW,LOW,NORMAL,False,NORMAL,NORMAL,HIGH,False,NORMAL,NORMAL,ZERO,ZERO,ZERO,HIGH,HIGH,HIGH,HIGH,HIGH
False,NORMAL,NORMAL,False,NORMAL,False,NORMAL,False,HIGH,HIGH,False,HIGH,False,False,LOW,LOW,False,LOW,NORMAL,LOW,LOW,NORMAL,False,NORMAL,ESOPHAGEAL,HIGH,False,NORMAL,NORMAL,LOW,ZERO,LOW,HIGH,HIGH,HIGH,NORMAL,LOW
False,NORMAL,NORMAL,False,NORMAL,False,NORMAL,False,LOW,LOW,False,LOW,False,False,NORMAL,ZERO,False,ZERO,NORMAL,LOW,LOW,NORMAL,False,NORMAL,NORMAL,NORMAL,False,NORMAL,NORMAL,LOW,ZERO,ZERO,HIGH,HIGH,NORMAL,NORMAL,NORMAL
False,HIGH,HIGH,False,HIGH,False,NORMAL,False,HIGH,HIGH,False,HIGH,True,False,HIGH,LOW,False,ZERO,NORMAL,LOW,LOW,NORMAL,False,NORMAL,NORMAL,LOW,False,NORMAL,NORMAL,LOW,ZERO,ZERO,HIGH,HIGH,HIGH,HIGH,HIGH
False,HIGH,HIGH,True,HIGH,False,NORMAL,False,HIGH,HIGH,False,HIGH,False,False,NORMAL,LOW,False,HIGH,NORMAL,HIGH,HIGH,NORMAL,False,NORMAL,NORMAL,HIGH,False,NORMAL,ZERO,ZERO,LOW,HIGH,LOW,HIGH,HIGH,HIGH,HIGH
False,NORMAL,NORMAL,False,NORMAL,False,LOW,False,HIGH,HIGH,False,HIGH,False,False,NORMAL,LOW,False,HIGH,NORMAL,LOW,LOW,NORMAL,False,NORMAL,NORMAL,HIGH,False,LOW,LOW,ZERO,LOW,HIGH,LOW,HIGH,HIGH,LOW,LOW
False,NORMAL,NORMAL,False,NORMAL,False,NORMAL,False,HIGH,HIGH,False,HIGH,True,False,LOW,LOW,False,ZERO,NORMAL,LOW,LOW,HIGH,False,NORMAL,NORMAL,HIGH,False,NORMAL,NORMAL,LOW,ZERO,ZERO,HIGH,HIGH,HIGH,HIGH,LOW
False,NORMAL,NORMAL,False,NORMAL,False,NORMAL,True,NORMAL,HIGH,False,HIGH,False,False,NORMAL,LOW,False,HIGH,NORMAL,HIGH,HIGH,NORMAL,False,NORMAL,NORMAL,LOW,False,HIGH,HIGH,HIGH,LOW,HIGH,LOW,HIGH,HIGH,HIGH,HIGH
True,LOW,LOW,False,LOW,True,LOW,False,HIGH,HIGH,False,HIGH,False,False,HIGH,LOW,False,ZERO,NORMAL,LOW,LOW,NORMAL,False,NORMAL,NORMAL,LOW,False,NORMAL,NORMAL,LOW,ZERO,ZERO,HIGH,HIGH,HIGH,LOW,LOW
False,HIGH,HIGH,True,HIGH,False,NORMAL,False,HIGH,HIGH,False,HIGH,False,False,LOW,LOW,False,ZERO,NORMAL,LOW,LOW,NORMAL,False,NORMAL,NORMAL,HIGH,True,NORMAL,NORMAL,ZERO,ZERO,ZERO,HIGH,HIGH,HIGH,HIGH,LOW
False,NORMAL,NORMAL,False,NORMAL,False,NORMAL,False,LOW,LOW,False,LOW,False,False,HIGH,HIGH,False,HIGH,NORMAL,LOW,LOW,NORMAL,False,NORMAL,ONESIDED,HIGH,False,NORMAL,NORMAL,LOW,HIGH,LOW,HIGH,HIGH,NORMAL,NORMAL,HIGH
False,HIGH,HIGH,True,HIGH,False,NORMAL,False,HIGH,HIGH,False,HIGH,False,False,NORMAL,LOW,True,ZERO,LOW,LOW,LOW,NORMAL,False,NORMAL,NORMAL,HIGH,False,NORMAL,NORMAL,LOW,ZERO,LOW,HIGH,HIGH,HIGH,HIGH,HIGH
False,NORMAL,NORMAL,False,NORMAL,False,NORMAL,False,HIGH,HIGH,False,HIGH,False,False,LOW,LOW,False,HIGH,NORMAL,HIGH,HIGH,NORMAL,False,NORMAL,NORMAL,HIGH,True,NORMAL,NORMAL,ZERO,LOW,HIGH,LOW,HIGH,HIGH,HIGH,LOW
False,NORMAL,NORMAL,False,NORMAL,False,NORMAL,False,HIGH,HIGH,False,HIGH,False,False,HIGH,LOW,False,ZERO,NORMAL,LOW,LOW,LOW,False,NORMAL,NORMAL,NORMAL,False,NORMAL,NORMAL,LOW,ZERO,ZERO,HIGH,HIGH,HIGH,HIGH,HIGH
False,NORMAL,NORMAL,False,NORMAL,False,NORMAL,False,HIGH,HIGH,False,HIGH,False,False,HIGH,LOW,False,LOW,NORMAL,LOW,LOW,NORMAL,False,NORMAL,ESOPHAGEAL,HIGH,False,NORMAL,NORMAL,LOW,ZERO,LOW,HIGH,HIGH,HIGH,HIGH,HIGH
False,NORMAL,NORMAL,False,NORMAL,False,NORMAL,False,HIGH,HIGH,False,HIGH,True,False,NORMAL,LOW,False,ZERO,NORMAL,LOW,LOW,NORMAL,False,NORMAL,NORMAL,LOW,False,NORMAL,NORMAL,LOW,ZERO,ZERO,HIGH,HIGH,HIGH,HIGH,LOW
False,LOW,LOW,False,LOW,False,NORMAL,False,HIGH,HIGH,False,HIGH,False,False,NORMAL,LOW,False,ZERO,NORMAL,LOW,LOW,HIGH,False,NORMAL,NORMAL,NORMAL,False,NORMAL,NORMAL,LOW,ZERO,ZERO,HIGH,HIGH,HIGH,HIGH,HIGH
False,HIGH,HIGH,True,HIGH,False,NORMAL,False,HIGH,HIGH,False,HIGH,False,False,NORMAL,LOW,False,HIGH,NORMAL,HIGH,HIGH,NORMAL,False,NORMAL,NORMAL,NORMAL,False,NORMAL,NORMAL,LOW,LOW,HIGH,LOW,HIGH,HIGH,HIGH,NORMAL
False,NORMAL,NORMAL,False,NORMAL,False,NORMAL,False,HIGH,HIGH,False,HIGH,False,False,HIGH,LOW,True,ZERO,NORMAL,LOW,LOW,HIGH,False,NORMAL,NORMAL,HIGH,False,NORMAL,NORMAL,LOW,ZERO,ZERO,HIGH,HIGH,HIGH,HIGH,HIGH
False,NORMAL,NORMAL,False,NORMAL,False,NORMAL,False,HIGH,HIGH,False,HIGH,False,False,NORMAL,LOW,False,ZERO,NORMAL,LOW,LOW,NORMAL,False,NORMAL,NORMAL,HIGH,False,NORMAL,NORMAL,LOW,ZERO,ZERO,HIGH,HIGH,HIGH,HIGH,HIGH
False,NORMAL,NORMAL,False,NORMAL,False,NORMAL,False,HIGH,HIGH,False,HIGH,False,False,NORMAL,LOW,False,ZERO,NORMAL,LOW,LOW,NORMAL,False,HIGH,NORMAL,HIGH,False,NORMAL,NORMAL,LOW,ZERO,ZERO,HIGH,HIGH,HIGH,HIGH,HIGH
False,NORMAL,NORMAL,False,NORMAL,False,NORMAL,False,NORMAL,NORMAL,False,NORMAL,False,False,NORMAL,LOW,False,ZERO,NORMAL,LOW,LOW,HIGH,False,NORMAL,NORMAL,LOW,False,NORMAL,NORMAL,LOW,ZERO,ZERO,HIGH,HIGH,LOW,LOW,LOW
False,LOW,LOW,False,LOW,False,NORMAL,False,HIGH,HIGH,False,HIGH,True,False,NORMAL,LOW,False,ZERO,NORMAL,LOW,LOW,NORMAL,False,NORMAL,NORMAL,HIGH,True,NORMAL,NORMAL,ZERO,ZERO,ZERO,HIGH,HIGH,HIGH,HIGH,HIGH
False,NORMAL,NORMAL,False,NORMAL,False,HIGH,False,HIGH,NORMAL,True,NORMAL,False,False,NORMAL,LOW,False,ZERO,NORMAL,LOW,HIGH,NORMAL,False,NORMAL,NORMAL,HIGH,False,NORMAL,NORMAL,LOW,ZERO,ZERO,HIGH,HIGH,HIGH,HIGH,NORMAL
False,NORMAL,NORMAL,False,NORMAL,False,NORMAL,False,HIGH,HIGH,False,HIGH,False,False,NORMAL,HIGH,False,LOW,NORMAL,LOW,LOW,HIGH,False,NORMAL,NORMAL,HIGH,True,HIGH,HIGH,NORMAL,HIGH,ZERO,HIGH,HIGH,HIGH,NORMAL,LOW
False,HIGH,NORMAL,False,NORMAL,False,NORMAL,False,HIGH,HIGH,False,HIGH,False,False,NORMAL,LOW,False,ZERO,NORMAL,LOW,LOW,NORMAL,False,NORMAL,NORMAL,NORMAL,False,NORMAL,NORMAL,LOW,ZERO,ZERO,HIGH,HIGH,HIGH,HIGH,HIGH
False,HIGH,HIGH,True,HIGH,False,NORMAL,False,HIGH,HIGH,False,HIGH,False,False,LOW,LOW,False,ZERO,NORMAL,LOW,LOW,NORMAL,False,NORMAL,NORMAL,HIGH,False,NORMAL,NORMAL,LOW,ZERO,ZERO,HIGH,HIGH,HIGH,HIGH,LOW
True,LOW,LOW,True,LOW,True,LOW,False,HIGH,HIGH,False,HIGH,False,False,LOW,LOW,False,ZERO,LOW,LOW,LOW,NORMAL,False,NORMAL,NORMAL,NORMAL,False,NORMAL,NORMAL,LOW,ZERO,ZERO,HIGH,HIGH,HIGH,LOW,LOW
False,NORMAL,NORMAL,False,NORMAL,False,NORMAL,False,HIGH,HIGH,False,HIGH,False,False,NORMAL,LOW,False,ZERO,NORMAL,LOW,LOW,NORMAL,False,NORMAL,NORMAL,LOW,False,NORMAL,NORMAL,LOW,ZERO,ZERO,HIGH,HIGH,HIGH,HIGH,HIGH
False,NORMAL,NORMAL,False,NORMAL,False,NORMAL,False,LOW,LOW,False,LOW,False,False,HIGH,HIGH,False,LOW,NORMAL,LOW,LOW,NORMAL,False,NORMAL,NORMAL,HIGH,True,HIGH,HIGH,NORMAL,HIGH,LOW,NORMAL,NORMAL,NORMAL,NORMAL,HIGH
False,LOW,NORMAL,False,NORMAL,False,NORMAL,False,LOW,LOW,False,LOW,False,False,HIGH,LOW,False,ZERO,NORMAL,LOW,LOW,NORMAL,False,NORMAL,NORMAL,HIGH,True,NORMAL,NORMAL,ZERO,ZERO,ZERO,HIGH,NORMAL,NORMAL,NORMAL,NORMAL
False,NORMAL,NORMAL,False,NORMAL,False,NORMAL,False,LOW,LOW,False,LOW,False,False,HIGH,LOW,False,HIGH,NORMAL,HIGH,HIGH,NORMAL,False,NORMAL,NORMAL,HIGH,False,LOW,LOW,ZERO,LOW,HIGH,LOW,NORMAL,NORMAL,NORMAL,NORMAL
False,HIGH,HIGH,True,HIGH,False,NORMAL,False,HIGH,HIGH,False,HIGH,False,False,LOW,LOW,False,HIGH,NORMAL,HIGH,HIGH,NORMAL,False,NORMAL,NORMAL,LOW,False,HIGH,HIGH,HIGH,LOW,HIGH,LOW,HIGH,HIGH,HIGH,LOW
False,NORMAL,HIGH,True,HIGH,False,LOW,False,LOW,LOW,False,LOW,False,False,HIGH,LOW,False,HIGH,NORMAL,HIGH,HIGH,NORMAL,False,NORMAL,NORMAL,LOW,False,HIGH,HIGH,HIGH,LOW,HIGH,LOW,NORMAL,NORMAL,LOW,LOW
False,NORMAL,NORMAL,False,NORMAL,False,NORMAL,False,HIGH,HIGH,False,HIGH,False,False,LOW,HIGH,False,LOW,NORMAL,LOW,LOW,NORMAL,False,NORMAL,NORMAL,HIGH,True,HIGH,HIGH,NORMAL,HIGH,LOW,HIGH,HIGH,HIGH,HIGH,LOW
False,NORMAL,NORMAL,False,NORMAL,False,NORMAL,False,HIGH,HIGH,False,HIGH,False,False,NORMAL,LOW,True,ZERO,NORMAL,LOW,LOW,NORMAL,False,NORMAL,NORMAL,LOW,False,NORMAL,NORMAL,LOW,ZERO,ZERO,HIGH,HIGH,HIGH,HIGH,HIGH
False,HIGH,HIGH,True,HIGH,False,NORMAL,False,HIGH,HIGH,False,HIGH,False,False,NORMAL,LOW,False,ZERO,NORMAL,LOW,LOW,NORMAL,False,NORMAL,NORMAL,HIGH,False,NORMAL,NORMAL,LOW,ZERO,ZERO,HIGH,HIGH,HIGH,HIGH,HIGH
False,LOW,LOW,False,LOW,False,NORMAL,False,HIGH,HIGH,False,HIGH,False,False,NORMAL,HIGH,False,HIGH,NORMAL,HIGH,HIGH,NORMAL,False,NORMAL,NORMAL,LOW,False,HIGH,HIGH,HIGH,LOW,HIGH,LOW,HIGH,HIGH,HIGH,NORMAL
False,NORMAL,NORMAL,False,NORMAL,False,NORMAL,False,HIGH,HIGH,False,HIGH,False,False,NORMAL,LOW,False,ZERO,NORMAL,LOW,LOW,NORMAL,False,NORMAL,NORMAL,HIGH,False,NORMAL,NORMAL,LOW,ZERO,ZERO,HIGH,HIGH,HIGH,HIGH,HIGH
True,NORMAL,NORMAL,False,NORMAL,False,NORMAL,False,HIGH,HIGH,False,HIGH,False,False,LOW,LOW,False,ZERO,NORMAL,LOW,LOW,NORMAL,False,NORMAL,NORMAL,LOW,False,NORMAL,NORMAL,LOW,ZERO,ZERO,HIGH,HIGH,HIGH,HIGH,LOW
False,NORMAL,NORMAL,False,NORMAL,False,NORMAL,False,HIGH,HIGH,False,HIGH,True,False,NORMAL,NORMAL,False,HIGH,NORMAL,HIGH,HIGH,NORMAL,False,NORMAL,NORMAL,HIGH,True,NORMAL,NORMAL,ZERO,LOW,HIGH,HIGH,HIGH,HIGH,HIGH,HIGH
False,NORMAL,NORMAL,False,NORMAL,False,NORMAL,False,HIGH,HIGH,False,HIGH,False,False,NORMAL,LOW,False,NORMAL,NORMAL,LOW,LOW,NORMAL,False,HIGH,ONESIDED,LOW,False,NORMAL,ZERO,ZERO,ZERO,NORMAL,NORMAL,HIGH,HIGH,HIGH,HIGH
False,NORMAL,NORMAL,False,NORMAL,False,NORMAL,False,HIGH,HIGH,False,HIGH,False,False,HIGH,LOW,False,ZERO,NORMAL,LOW,LOW,NORMAL,False,NORMAL,NORMAL,LOW,False,NORMAL,NORMAL,LOW,ZERO,ZERO,HIGH,HIGH,HIGH,HIGH,HIGH
False,NORMAL,NORMAL,False,NORMAL,False,NORMAL,False,HIGH,HIGH,False,HIGH,True,False,NORMAL,LOW,False,ZERO,NORMAL,LOW,LOW,NORMAL,False,NORMAL,NORMAL,HIGH,False,NORMAL,NORMAL,LOW,ZERO,ZERO,HIGH,HIGH,HIGH,HIGH,HIGH
True,LOW,LOW,False,LOW,True,LOW,False,HIGH,HIGH,False,HIGH,False,False,LOW,LOW,False,HIGH,NORMAL,HIGH,HIGH,NORMAL,False,NORMAL,NORMAL,HIGH,True,NORMAL,NORMAL,ZERO,LOW,HIGH,LOW,HIGH,HIGH,LOW,HIGH
False,NORMAL,NORMAL,False,NORMAL,False,NORMAL,False,LOW,LOW,False,LOW,False,False,NORMAL,LOW,False,ZERO,NORMAL,LOW,LOW,NORMAL,False,NORMAL,NORMAL,HIGH,False,NORMAL,NORMAL,LOW,ZERO,ZERO,HIGH,HIGH,NORMAL,NORMAL,NORMAL
False,NORMAL,NORMAL,False,NORMAL,False,NORMAL,False,HIGH,HIGH,False,HIGH,True,False,LOW,LOW,False,ZERO,NORMAL,LOW,LOW,NORMAL,False,NORMAL,NORMAL,HIGH,False,NORMAL,NORMAL,LOW,ZERO,ZERO,HIGH,HIGH,HIGH,HIGH,LOW
False,NORMAL,NORMAL,False,NORMAL,False,NORMAL,False,HIGH,HIGH,False,HIGH,False,True,LOW,LOW,False,ZERO,NORMAL,LOW,LOW,NORMAL,False,NORMAL,NORMAL,LOW,False,NORMAL,NORMAL,LOW,ZERO,ZERO,HIGH,HIGH,HIGH,HIGH,LOW
False,HIGH,HIGH,True,HIGH,False,NORMAL,False,LOW,LOW,False,LOW,False,False,LOW,LOW,False,ZERO,NORMAL,LOW,LOW,NORMAL,False,NORMAL,NORMAL,HIGH,False,NORMAL,NORMAL,LOW,ZERO,ZERO,HIGH,HIGH,NORMAL,NORMAL,LOW
False,LOW,LOW,False,LOW,False,NORMAL,False,HIGH,HIGH,False,HIGH,False,False,NORMAL,LOW,False,HIGH,NORMAL,HIGH,HIGH,NORMAL,False,NORMAL,NORMAL,HIGH,False,LOW,LOW,ZERO,LOW,HIGH,LOW,HIGH,HIGH,HIGH,HIGH
False,HIGH,HIGH,True,HIGH,False,LOW,False,HIGH,HIGH,False,HIGH,False,False,NORMAL,ZERO,False,ZERO,NORMAL,LOW,LOW,NORMAL,False,NORMAL,NORMAL,HIGH,False,NORMAL,NORMAL,LOW,ZERO,ZERO,LOW,HIGH,HIGH,LOW,LOW
True,NORMAL,LOW,False,LOW,True,LOW,False,HIGH,HIGH,False,HIGH,False,False,HIGH,LOW,False,ZERO,NORMAL,LOW,LOW,NORMAL,False,HIGH,NORMAL,NORMAL,False,NORMAL,NORMAL,LOW,ZERO,ZERO,HIGH,HIGH,HIGH,LOW,LOW
False,NORMAL,NORMAL,False,NORMAL,False,NORMAL,True,NORMAL,HIGH,False,HIGH,False,False,LOW,LOW,False,LOW,NORMAL,HIGH,NORMAL,NORMAL,False,HIGH,NORMAL,LOW,False,HIGH,HIGH,HIGH,LOW,HIGH,LOW,HIGH,HIGH,HIGH,LOW
False,NORMAL,NORMAL,False,NORMAL,False,NORMAL,False,HIGH,HIGH,False,NORMAL,False,False,LOW,NORMAL,False,ZERO,NORMAL,LOW,LOW,LOW,False,HIGH,ONESIDED,HIGH,False,NORMAL,NORMAL,LOW,LOW,LOW,HIGH,HIGH,HIGH,HIGH,LOW
False,NORMAL,NORMAL,False,NORMAL,False,NORMAL,False,LOW,NORMAL,True,HIGH,False,False,HIGH,ZERO,False,HIGH,NORMAL,LOW,LOW,NORMAL,False,NORMAL,NORMAL,HIGH,False,LOW,LOW,ZERO,LOW,NORMAL,NORMAL,NORMAL,NORMAL,LOW,NORMAL
False,LOW,NORMAL,False,NORMAL,False,NORMAL,False,HIGH,NORMAL,True,NORMAL,False,False,LOW,LOW,False,ZERO,NORMAL,LOW,LOW,NORMAL,False,NORMAL,NORMAL,LOW,False,NORMAL,NORMAL,LOW,ZERO,ZERO,HIGH,HIGH,HIGH,HIGH,LOW
False,NORMAL,NORMAL,False,NORMAL,False,LOW,False,HIGH,HIGH,False,HIGH,False,False,LOW,LOW,False,ZERO,LOW,LOW,LOW,NORMAL,False,NORMAL,NORMAL,HIGH,False,NORMAL,NORMAL,LOW,ZERO,ZERO,HIGH,HIGH,HIGH,LOW,LOW
False,NORMAL,NORMAL,False,NORMAL,False,NORMAL,False,HIGH,HIGH,False,HIGH,False,False,LOW,LOW,False,HIGH,NORMAL,HIGH,HIGH,NORMAL,False,NORMAL,NORMAL,HIGH,True,NORMAL,ZERO,ZERO,LOW,HIGH,LOW,HIGH,HIGH,HIGH,LOW
False,NORMAL,NORMAL,False,NORMAL,False,HIGH,False,HIGH,HIGH,False,HIGH,False,False,NORMAL,NORMAL,False,LOW,NORMAL,LOW,LOW,LOW,False,HIGH,ONESIDED,HIGH,False,NORMAL,NORMAL,LOW,LOW,LOW,HIGH,HIGH,HIGH,HIGH,HIGH
False,NORMAL,HIGH,False,HIGH,False,NORMAL,False,HIGH,HIGH,False,HIGH,True,False,LOW,LOW,False,ZERO,NORMAL,LOW,LOW,NORMAL,False,NORMAL,NORMAL,HIGH,False,NORMAL,NORMAL,LOW,ZERO,ZERO,HIGH,HIGH,HIGH,HIGH,NORMAL
False,NORMAL,NORMAL,False,NORMAL,False,NORMAL,False,HIGH,HIGH,False,HIGH,False,False,HIGH,LOW,False,ZERO,LOW,LOW,LOW,NORMAL,False,NORMAL,NORMAL,HIGH,False,NORMAL,NORMAL,LOW,ZERO,ZERO,HIGH,HIGH,HIGH,HIGH,HIGH
False,NORMAL,NORMAL,False,NORMAL,False,NORMAL,False,HIGH,HIGH,False,HIGH,False,False,LOW,LOW,False,ZERO,NORMAL,LOW,LOW,NORMAL,False,NORMAL,NORMAL,NORMAL,False,NORMAL,NORMAL,LOW,ZERO,ZERO,HIGH,HIGH,HIGH,HIGH,LOW
False,NORMAL,NORMAL,False,NORMAL,False,NORMAL,True,NORMAL,HIGH,False,HIGH,False,False,NORMAL,LOW,False,ZERO,NORMAL,LOW,LOW,NORMAL,False,NORMAL,NORMAL,HIGH,False,NORMAL,NORMAL,LOW,ZERO,ZERO,HIGH,HIGH,HIGH,HIGH,LOW
False,NORMAL,NORMAL,False,NORMAL,False,LOW,True,HIGH,LOW,False,LOW,False,False,HIGH,LOW,False,LOW,NORMAL,HIGH,HIGH,NORMAL,False,NORMAL,NORMAL,LOW,False,HIGH,HIGH,HIGH,LOW,HIGH,LOW,NORMAL,NORMAL,LOW,LOW
False,NORMAL,NORMAL,False,NORMAL,False,NORMAL,False,HIGH,HIGH,False,HIGH,False,False,NORMAL,LOW,False,HIGH,NORMAL,HIGH,HIGH,NORMAL,False,NORMAL,NORMAL,HIGH,False,LOW,LOW,ZERO,LOW,HIGH,LOW,HIGH,HIGH,HIGH,LOW
False,NORMAL,NORMAL,False,NORMAL,False,LOW,True,NORMAL,LOW,False,HIGH,False,False,HIGH,LOW,False,ZERO,NORMAL,LOW,LOW,NORMAL,False,NORMAL,NORMAL,HIGH,False,NORMAL,NORMAL,LOW,ZERO,ZERO,HIGH,NORMAL,HIGH,LOW,NORMAL
False,NORMAL,NORMAL,False,NORMAL,False,NORMAL,False,HIGH,HIGH,False,HIGH,True,False,HIGH,LOW,False,ZERO,NORMAL,LOW,LOW,NORMAL,False,NORMAL,NORMAL,HIGH,False,NORMAL,NORMAL,LOW,ZERO,ZERO,HIGH,HIGH,HIGH,HIGH,HIGH
False,NORMAL,NORMAL,False,NORMAL,False,NORMAL,False,HIGH,HIGH,False,HIGH,False,False,NORMAL,LOW,False,ZERO,NORMAL,LOW,LOW,NORMAL,False,HIGH,NORMAL,NORMAL,False,NORMAL,NORMAL,LOW,ZERO,ZERO,HIGH,HIGH,HIGH,LOW,LOW
False,NORMAL,NORMAL,False,NORMAL,False,NORMAL,True,NORMAL,HIGH,False,HIGH,False,False,HIGH,LOW,False,ZERO,NORMAL,LOW,LOW,NORMAL,False,NORMAL,NORMAL,HIGH,False,NORMAL,NORMAL,LOW,ZERO,LOW,HIGH,HIGH,HIGH,HIGH,HIGH
False,NORMAL,NORMAL,False,NORMAL,False,NORMAL,False,HIGH,HIGH,False,HIGH,False,False,LOW,ZERO,False,ZERO,NORMAL,HIGH,HIGH,HIGH,False,NORMAL,NORMAL,LOW,False,NORMAL,NORMAL,LOW,ZERO,HIGH,LOW,HIGH,HIGH,HIGH,LOW
False,NORMAL,NORMAL,False,NORMAL,False,NORMAL,False,HIGH,HIGH,False,HIGH,False,False,NORMAL,NORMAL,False,ZERO,NORMAL,LOW,LOW,LOW,False,NORMAL,ESOPHAGEAL,HIGH,False,NORMAL,NORMAL,LOW,LOW,ZERO,HIGH,HIGH,HIGH,HIGH,HIGH
False,NORMAL,NORMAL,False,NORMAL,False,NORMAL,False,HIGH,HIGH,False,HIGH,False,False,NORMAL,LOW,False,ZERO,NORMAL,LOW,LOW,NORMAL,False,NORMAL,NORMAL,ZERO,False,NORMAL,NORMAL,LOW,ZERO,ZERO,HIGH,HIGH,HIGH,LOW,LOW
False,NORMAL,NORMAL,False,NORMAL,False,NORMAL,False,HIGH,HIGH,False,HIGH,False,False,NORMAL,LOW,False,ZERO,NORMAL,LOW,LOW,NORMAL,False,NORMAL,NORMAL,LOW,False,NORMAL,NORMAL,LOW,ZERO,ZERO,HIGH,HIGH,HIGH,HIGH,LOW
True,NORMAL,NORMAL,False,NORMAL,False,NORMAL,False,HIGH,HIGH,False,HIGH,False,False,NORMAL,LOW,False,ZERO,LOW,LOW,LOW,NORMAL,False,NORMAL,NORMAL,HIGH,False,NORMAL,NORMAL,LOW,ZERO,ZERO,HIGH,HIGH,HIGH,HIGH,HIGH
False,NORMAL,HIGH,True,HIGH,False,NORMAL,False,HIGH,NORMAL,True,NORMAL,False,False,NORMAL,LOW,False,ZERO,NORMAL,LOW,LOW,NORMAL,False,NORMAL,NORMAL,HIGH,False,NORMAL,NORMAL,LOW,ZERO,ZERO,HIGH,HIGH,HIGH,HIGH,HIGH
False,NORMAL,NORMAL,False,NORMAL,False,NORMAL,False,LOW,LOW,False,LOW,False,False,NORMAL,LOW,False,HIGH,NORMAL,HIGH,HIGH,NORMAL,False,NORMAL,NORMAL,HIGH,False,NORMAL,NORMAL,LOW,LOW,HIGH,LOW,NORMAL,NORMAL,NORMAL,NORMAL
False,HIGH,HIGH,True,HIGH,False,LOW,False,HIGH,NORMAL,True,NORMAL,False,False,LOW,LOW,False,ZERO,NORMAL,LOW,LOW,NORMAL,False,NORMAL,NORMAL,HIGH,False,NORMAL,NORMAL,LOW,ZERO,ZERO,HIGH,HIGH,HIGH,LOW,LOW
False,NORMAL,NORMAL,False,NORMAL,False,NORMAL,False,HIGH,HIGH,False,HIGH,False,False,NORMAL,LOW,False,HIGH,NORMAL,HIGH,HIGH,NORMAL,False,NORMAL,NORMAL,LOW,False,HIGH,HIGH,HIGH,LOW,HIGH,LOW,HIGH,HIGH,NORMAL,NORMAL
False,NORMAL,NORMAL,False,NORMAL,False,NORMAL,False,HIGH,HIGH,False,HIGH,False,False,HIGH,LOW,False,ZERO,NORMAL,LOW,LOW,NORMAL,False,NORMAL,NORMAL,HIGH,False,NORMAL,NORMAL,LOW,ZERO,ZERO,HIGH,HIGH,HIGH,HIGH,HIGH
False,NORMAL,HIGH,True,HIGH,False,LOW,True,NORMAL,HIGH,False,HIGH,False,False,NORMAL,LOW,True,ZERO,NORMAL,LOW,LOW,NORMAL,False,NORMAL,NORMAL,HIGH,False,NORMAL,NORMAL,LOW,ZERO,ZERO,HIGH,HIGH,HIGH,LOW,LOW
False,NORMAL,NORMAL,False,NORMAL,False,NORMAL,False,LOW,LOW,False,LOW,False,False,HIGH,HIGH,False,HIGH,NORMAL,HIGH,HIGH,NORMAL,False,NORMAL,NORMAL,HIGH,True,NORMAL,NORMAL,ZERO,LOW,HIGH,LOW,NORMAL,NORMAL,NORMAL,HIGH
True,LOW,LOW,False,LOW,True,LOW,False,HIGH,HIGH,False,HIGH,False,False,HIGH,LOW,False,ZERO,NORMAL,LOW,LOW,NORMAL,False,NORMAL,NORMAL,HIGH,False,NORMAL,NORMAL,LOW,ZERO,ZERO,HIGH,HIGH,HIGH,LOW,NORMAL
False,NORMAL,HIGH,False,HIGH,False,NORMAL,False,HIGH,HIGH,False,HIGH,False,False,HIGH,LOW,True,ZERO,NORMAL,LOW,LOW,NORMAL,False,NORMAL,NORMAL,ZERO,True,NORMAL,NORMAL,ZERO,ZERO,ZERO,HIGH,HIGH,HIGH,HIGH,HIGH
False,LOW,LOW,False,LOW,False,NORMAL,False,HIGH,HIGH,False,HIGH,False,False,HIGH,LOW,False,ZERO,NORMAL,LOW,LOW,NORMAL,False,NORMAL,NORMAL,HIGH,False,NORMAL,NORMAL,LOW,ZERO,ZERO,HIGH,HIGH,HIGH,HIGH,HIGH
False,NORMAL,NORMAL,False,NORMAL,False,NORMAL,False,HIGH,HIGH,False,HIGH,False,False,HIGH,LOW,False,ZERO,NORMAL,LOW,LOW,NORMAL,False,NORMAL,NORMAL,LOW,False,NORMAL,NORMAL,LOW,ZERO,ZERO,HIGH,HIGH,HIGH,HIGH,HIGH
False,HIGH,NORMAL,True,HIGH,False,LOW,False,HIGH,HIGH,False,HIGH,False,False,NORMAL,LOW,False,HIGH,NORMAL,HIGH,LOW,NORMAL,False,HIGH,NORMAL,HIGH,False,NORMAL,ZERO,ZERO,LOW,HIGH,LOW,HIGH,HIGH,LOW,LOW
False,NORMAL,HIGH,True,HIGH,False,NORMAL,False,LOW,LOW,False,LOW,False,False,NORMAL,NORMAL,False,ZERO,NORMAL,LOW,LOW,NORMAL,False,NORMAL,ESOPHAGEAL,NORMAL,False,NORMAL,NORMAL,LOW,LOW,ZERO,HIGH,HIGH,NORMAL,NORMAL,NORMAL
False,NORMAL,NORMAL,False,NORMAL,False,HIGH,False,LOW,LOW,False,LOW,False,False,HIGH,ZERO,False,ZERO,NORMAL,HIGH,HIGH,NORMAL,False,NORMAL,NORMAL,NORMAL,False,NORMAL,NORMAL,LOW,ZERO,HIGH,LOW,NORMAL,NORMAL,HIGH,HIGH
False,NORMAL,NORMAL,False,NORMAL,False,NORMAL,False,HIGH,HIGH,False,HIGH,False,False,LOW,LOW,False,ZERO,NORMAL,LOW,LOW,NORMAL,False,NORMAL,NORMAL,LOW,False,NORMAL,NORMAL,LOW,ZERO,ZERO,HIGH,HIGH,HIGH,HIGH,LOW
False,NORMAL,NORMAL,False,NORMAL,False,NORMAL,False,HIGH,HIGH,False,HIGH,True,False,LOW,LOW,False,ZERO,NORMAL,LOW,LOW,HIGH,True,HIGH,NORMAL,NORMAL,False,NORMAL,NORMAL,LOW,ZERO,ZERO,HIGH,HIGH,HIGH,HIGH,LOW
False,NORMAL,NORMAL,False,NORMAL,False,NORMAL,False,HIGH,HIGH,False,HIGH,True,False,NORMAL,LOW,False,ZERO,NORMAL,LOW,LOW,HIGH,False,NORMAL,NORMAL,LOW,False,NORMAL,NORMAL,LOW,ZERO,ZERO,HIGH,HIGH,HIGH,NORMAL,NORMAL
False,NORMAL,NORMAL,False,NORMAL,False,NORMAL,False,HIGH,HIGH,False,HIGH,False,False,NORMAL,LOW,False,ZERO,NORMAL,LOW,LOW,NORMAL,False,NORMAL,NORMAL,HIGH,False,NORMAL,NORMAL,LOW,ZERO,ZERO,HIGH,HIGH,HIGH,HIGH,HIGH
False,NORMAL,NORMAL,False,NORMAL,False,NORMAL,False,HIGH,NORMAL,True,NORMAL,True,False,NORMAL,LOW,False,ZERO,NORMAL,LOW,LOW,NORMAL,False,NORMAL,NORMAL,HIGH,False,NORMAL,NORMAL,LOW,ZERO,ZERO,HIGH,HIGH,HIGH,HIGH,HIGH
False,HIGH,HIGH,True,HIGH,False,NORMAL,False,HIGH,HIGH,False,HIGH,False,False,HIGH,LOW,False,HIGH,NORMAL,HIGH,HIGH,NORMAL,False,NORMAL,NORMAL,HIGH,False,NORMAL,ZERO,ZERO,LOW,HIGH,LOW,HIGH,HIGH,HIGH,HIGH
False,NORMAL,LOW,False,NORMAL,False,NORMAL,False,HIGH,HIGH,False,HIGH,False,False,NORMAL,LOW,False,ZERO,NORMAL,LOW,LOW,NORMAL,False,NORMAL,NORMAL,HIGH,False,NORMAL,NORMAL,LOW,ZERO,ZERO,HIGH,HIGH,HIGH,HIGH,NORMAL
False,NORMAL,NORMAL,False,NORMAL,False,NORMAL,False,HIGH,HIGH,False,HIGH,False,False,LOW,LOW,False,ZERO,NORMAL,LOW,LOW,NORMAL,False,NORMAL,NORMAL,NORMAL,False,NORMAL,NORMAL,LOW,ZERO,ZERO,HIGH,HIGH,HIGH,HIGH,LOW
False,HIGH,HIGH,True,HIGH,False,LOW,False,HIGH,NORMAL,True,NORMAL,False,False,NORMAL,LOW,False,ZERO,NORMAL,LOW,LOW,NORMAL,False,NORMAL,NORMAL,NORMAL,False,NORMAL,NORMAL,LOW,ZERO,ZERO,HIGH,HIGH,HIGH,LOW,LOW
False,HIGH,HIGH,True,HIGH,False,LOW,False,HIGH,HIGH,False,HIGH,False,False,NORMAL,LOW,False,HIGH,LOW,NORMAL,NORMAL,NORMAL,False,NORMAL,NORMAL,HIGH,True,NORMAL,ZERO,ZERO,LOW,HIGH,LOW,HIGH,HIGH,LOW,LOW
False,NORMAL,NORMAL,False,NORMAL,False,NORMAL,False,HIGH,HIGH,False,HIGH,False,False,LOW,LOW,False,ZERO,NORMAL,NORMAL,NORMAL,NORMAL,False,NORMAL,NORMAL,NORMAL,False,NORMAL,NORMAL,LOW,ZERO,ZERO,HIGH,HIGH,HIGH,HIGH,LOW
False,NORMAL,NORMAL,False,NORMAL,False,NORMAL,True,NORMAL,HIGH,False,HIGH,False,False,NORMAL,LOW,False,ZERO,NORMAL,LOW,LOW,NORMAL,False,NORMAL,NORMAL,HIGH,False,NORMAL,NORMAL,LOW,ZERO,ZERO,HIGH,HIGH,HIGH,HIGH,HIGH
False,NORMAL,NORMAL,False,NORMAL,False,NORMAL,False,HIGH,HIGH,False,HIGH,False,False,LOW,LOW,False,ZERO,NORMAL,LOW,LOW,NORMAL,False,NORMAL,NORMAL,LOW,False,NORMAL,NORMAL,LOW,ZERO,ZERO,HIGH,HIGH,HIGH,HIGH,LOW
False,NORMAL,NORMAL,False,NORMAL,False,NORMAL,False,NORMAL,NORMAL,True,NORMAL,False,False,LOW,LOW,True,ZERO,NORMAL,LOW,LOW,NORMAL,False,NORMAL,NORMAL,LOW,False,NORMAL,NORMAL,LOW,ZERO,ZERO,HIGH,HIGH,HIGH,HIGH,LOW
False,NORMAL,NORMAL,False,NORMAL,False,NORMAL,False,HIGH,HIGH,False,HIGH,False,False,NORMAL,NORMAL,False,LOW,NORMAL,LOW,LOW,NORMAL,False,HIGH,ONESIDED,HIGH,False,NORMAL,NORMAL,LOW,LOW,LOW,HIGH,HIGH,HIGH,HIGH,LOW
False,NORMAL,NORMAL,False,NORMAL,False,NORMAL,True,NORMAL,LOW,False,LOW,False,False,HIGH,LOW,False,ZERO,NORMAL,LOW,LOW,NORMAL,False,NORMAL,NORMAL,LOW,False,NORMAL,NORMAL,LOW,ZERO,ZERO,HIGH,HIGH,NORMAL,NORMAL,NORMAL
False,NORMAL,NORMAL,False,NORMAL,False,NORMAL,False,NORMAL,HIGH,False,HIGH,False,False,NORMAL,LOW,False,ZERO,NORMAL,LOW,LOW,LOW,False,NORMAL,NORMAL,NORMAL,False,NORMAL,NORMAL,LOW,ZERO,ZERO,HIGH,HIGH,HIGH,HIGH,HIGH
False,NORMAL,NORMAL,False,NORMAL,False,NORMAL,False,HIGH,HIGH,False,HIGH,False,False,NORMAL,LOW,False,ZERO,NORMAL,LOW,LOW,NORMAL,False,NORMAL,ESOPHAGEAL,ZERO,True,NORMAL,NORMAL,ZERO,ZERO,LOW,HIGH,HIGH,HIGH,HIGH,NORMAL
False,NORMAL,NORMAL,False,NORMAL,False,NORMAL,False,HIGH,HIGH,False,HIGH,False,False,HIGH,LOW,False,ZERO,NORMAL,LOW,LOW,NORMAL,False,NORMAL,NORMAL,ZERO,False,NORMAL,NORMAL,LOW,ZERO,ZERO,HIGH,HIGH,HIGH,HIGH,HIGH
False,LOW,LOW,False,LOW,True,LOW,False,HIGH,HIGH,False,HIGH,False,False,NORMAL,LOW,False,ZERO,NORMAL,LOW,LOW,NORMAL,False,NORMAL,NORMAL,HIGH,False,NORMAL,NORMAL,LOW,ZERO,ZERO,HIGH,HIGH,HIGH,LOW,LOW
False,NORMAL,NORMAL,False,NORMAL,False,NORMAL,False,HIGH,HIGH,False,HIGH,False,False,NORMAL,LOW,False,ZERO,NORMAL,LOW,LOW,NORMAL,False,HIGH,NORMAL,NORMAL,False,NORMAL,NORMAL,LOW,ZERO,ZERO,HIGH,HIGH,HIGH,HIGH,HIGH
False,NORMAL,NORMAL,False,NORMAL,False,NORMAL,True,NORMAL,HIGH,False,HIGH,True,False,LOW,LOW,False,ZERO,NORMAL,LOW,LOW,LOW,False,NORMAL,NORMAL,HIGH,False,NORMAL,NORMAL,LOW,ZERO,ZERO,HIGH,HIGH,HIGH,NORMAL,LOW
False,NORMAL,NORMAL,False,NORMAL,False,NORMAL,False,HIGH,HIGH,False,HIGH,False,False,LOW,LOW,False,ZERO,NORMAL,LOW,LOW,NORMAL,False,NORMAL,NORMAL,LOW,False,NORMAL,NORMAL,LOW,ZERO,ZERO,HIGH,HIGH,HIGH,HIGH,LOW
False,NORMAL,LOW,False,NORMAL,False,NORMAL,False,HIGH,HIGH,False,HIGH,False,False,NORMAL,LOW,False,ZERO,NORMAL,LOW,LOW,NORMAL,False,NORMAL,NORMAL,NORMAL,False,NORMAL,NORMAL,LOW,ZERO,ZERO,HIGH,HIGH,HIGH,HIGH,HIGH
False,NORMAL,NORMAL,False,NORMAL,False,NORMAL,False,HIGH,HIGH,False,HIGH,False,False,LOW,NORMAL,False,LOW,NORMAL,LOW,LOW,NORMAL,False,HIGH,ONESIDED,HIGH,False,NORMAL,NORMAL,LOW,LOW,LOW,HIGH,HIGH,HIGH,HIGH,LOW
True,NORMAL,NORMAL,False,NORMAL,False,HIGH,True,NORMAL,HIGH,False,HIGH,False,False,NORMAL,LOW,False,ZERO,NORMAL,LOW,LOW,NORMAL,False,NORMAL,NORMAL,HIGH,False,NORMAL,NORMAL,LOW,ZERO,ZERO,HIGH,HIGH,HIGH,HIGH,HIGH
False,NORMAL,NORMAL,False,NORMAL,False,NORMAL,False,HIGH,HIGH,False,HIGH,False,False,LOW,LOW,False,ZERO,LOW,LOW,LOW,NORMAL,False,NORMAL,NORMAL,LOW,False,NORMAL,NORMAL,LOW,ZERO,ZERO,HIGH,HIGH,HIGH,HIGH,LOW
False,HIGH,HIGH,True,HIGH,False,NORMAL,False,HIGH,HIGH,False,HIGH,False,False,NORMAL,LOW,False,NORMAL,NORMAL,LOW,LOW,NORMAL,False,HIGH,ONESIDED,HIGH,False,NORMAL,NORMAL,LOW,ZERO,NORMAL,NORMAL,HIGH,HIGH,HIGH,HIGH
False,NORMAL,NORMAL,False,NORMAL,False,NORMAL,False,NORMAL,LOW,False,HIGH,False,False,HIGH,LOW,False,ZERO,NORMAL,LOW,LOW,NORMAL,False,NORMAL,NORMAL,NORMAL,False,NORMAL,NORMAL,LOW,ZERO,ZERO,HIGH,HIGH,LOW,LOW,LOW
False,NORMAL,HIGH,True,HIGH,False,NORMAL,False,HIGH,HIGH,False,NORMAL,False,False,LOW,HIGH,False,ZERO,NORMAL,LOW,LOW,NORMAL,False,NORMAL,NORMAL,LOW,False,NORMAL,NORMAL,LOW,NORMAL,NORMAL,NORMAL,HIGH,HIGH,HIGH,LOW
False,NORMAL,NORMAL,False,NORMAL,False,NORMAL,False,HIGH,NORMAL,True,NORMAL,False,False,LOW,ZERO,False,HIGH,LOW,NORMAL,NORMAL,NORMAL,False,NORMAL,NORMAL,LOW,False,HIGH,HIGH,HIGH,LOW,HIGH,NORMAL,HIGH,HIGH,HIGH,LOW
False,HIGH,HIGH,True,HIGH,False,NORMAL,False,HIGH,HIGH,False,HIGH,False,False,NORMAL,LOW,False,ZERO,NORMAL,LOW,LOW,NORMAL,False,NORMAL,NORMAL,NORMAL,False,NORMAL,NORMAL,LOW,ZERO,ZERO,HIGH,HIGH,HIGH,HIGH,HIGH
False,NORMAL,LOW,False,NORMAL,False,NORMAL,False,HIGH,NORMAL,False,HIGH,False,False,NORMAL,LOW,False,ZERO,NORMAL,LOW,LOW,HIGH,False,NORMAL,NORMAL,HIGH,False,NORMAL,NORMAL,LOW,ZERO,ZERO,HIGH,HIGH,HIGH,HIGH,NORMAL
False,NORMAL,NORMAL,False,NORMAL,False,NORMAL,False,LOW,LOW,True,HIGH,False,False,HIGH,LOW,False,HIGH,NORMAL,HIGH,HIGH,NORMAL,False,NORMAL,NORMAL,LOW,False,HIGH,HIGH,HIGH,LOW,HIGH,LOW,NORMAL,NORMAL,NORMAL,NORMAL
False,HIGH,NORMAL,False,NORMAL,False,NORMAL,False,HIGH,NORMAL,True,NORMAL,False,False,HIGH,LOW,False,ZERO,NORMAL,LOW,LOW,NORMAL,False,NORMAL,NORMAL,NORMAL,False,NORMAL,NORMAL,LOW,ZERO,ZERO,HIGH,HIGH,HIGH,HIGH,HIGH
False,NORMAL,NORMAL,False,NORMAL,False,NORMAL,False,HIGH,HIGH,False,HIGH,False,False,NORMAL,LOW,False,ZERO,NORMAL,LOW,LOW,NORMAL,False,NORMAL,NORMAL,NORMAL,False,NORMAL,NORMAL,LOW,ZERO,ZERO,HIGH,HIGH,HIGH,NORMAL,NORMAL
False,NORMAL,NORMAL,False,NORMAL,False,LOW,False,HIGH,HIGH,False,HIGH,False,False,LOW,LOW,False,HIGH,NORMAL,HIGH,NORMAL,NORMAL,False,NORMAL,NORMAL,HIGH,True,NORMAL,NORMAL,ZERO,LOW,HIGH,LOW,HIGH,HIGH,LOW,LOW
False,HIGH,LOW,False,LOW,False,NORMAL,False,LOW,LOW,False,LOW,False,False,HIGH,LOW,False,ZERO,NORMAL,LOW,LOW,NORMAL,False,NORMAL,NORMAL,LOW,False,NORMAL,NORMAL,LOW,ZERO,ZERO,HIGH,NORMAL,NORMAL,NORMAL,NORMAL
False,NORMAL,NORMAL,False,NORMAL,False,NORMAL,False,HIGH,HIGH,False,HIGH,False,False,HIGH,LOW,False,ZERO,NORMAL,LOW,LOW,NORMAL,False,NORMAL,NORMAL,LOW,False,NORMAL,NORMAL,LOW,ZERO,ZERO,HIGH,HIGH,HIGH,HIGH,HIGH
False,NORMAL,NORMAL,False,NORMAL,False,NORMAL,False,HIGH,HIGH,False,HIGH,False,False,LOW,LOW,False,HIGH,NORMAL,HIGH,HIGH,NORMAL,False,NORMAL,NORMAL,HIGH,False,LOW,LOW,ZERO,LOW,HIGH,LOW,HIGH,HIGH,HIGH,LOW
False,NORMAL,NORMAL,False,NORMAL,False,NORMAL,False,NORMAL,NORMAL,False,LOW,False,False,HIGH,ZERO,False,HIGH,NORMAL,HIGH,HIGH,NORMAL,False,NORMAL,NORMAL,LOW,False,NORMAL,HIGH,HIGH,LOW,HIGH,NORMAL,NORMAL,LOW,NORMAL,NORMAL
False,NORMAL,NORMAL,False,NORMAL,False,NORMAL,False,NORMAL,HIGH,False,NORMAL,False,False,NORMAL,LOW,False,ZERO,NORMAL,LOW,LOW,NORMAL,False,NORMAL,NORMAL,HIGH,False,NORMAL,NORMAL,LOW,ZERO,ZERO,HIGH,NORMAL,LOW,LOW,LOW
False,NORMAL,NORMAL,False,NORMAL,False,NORMAL,False,HIGH,HIGH,False,HIGH,True,False,LOW,LOW,False,LOW,NORMAL,LOW,LOW,NORMAL,False,NORMAL,ESOPHAGEAL,HIGH,False,NORMAL,NORMAL,LOW,ZERO,LOW,HIGH,HIGH,HIGH,HIGH,LOW
False,NORMAL,NORMAL,True,NORMAL,False,LOW,False,HIGH,HIGH,False,HIGH,False,False,LOW,LOW,False,ZERO,NORMAL,LOW,LOW,NORMAL,False,NORMAL,NORMAL,HIGH,False,NORMAL,NORMAL,LOW,ZERO,ZERO,HIGH,HIGH,HIGH,LOW,LOW
False,NORMAL,NORMAL,False,NORMAL,False,NORMAL,False,HIGH,HIGH,False,HIGH,False,False,LOW,LOW,False,ZERO,NORMAL,LOW,LOW,NORMAL,False,NORMAL,NORMAL,NORMAL,False,NORMAL,NORMAL,LOW,ZERO,ZERO,HIGH,HIGH,HIGH,HIGH,LOW
False,NORMAL,NORMAL,False,NORMAL,False,NORMAL,False,HIGH,HIGH,False,HIGH,False,False,HIGH,LOW,True,ZERO,NORMAL,LOW,LOW,NORMAL,False,NORMAL,NORMAL,NORMAL,False,NORMAL,NORMAL,LOW,ZERO,ZERO,HIGH,HIGH,HIGH,HIGH,HIGH
False,NORMAL,NORMAL,False,NORMAL,False,HIGH,False,HIGH,LOW,False,HIGH,False,False,LOW,LOW,False,HIGH,NORMAL,HIGH,HIGH,NORMAL,False,NORMAL,NORMAL,LOW,False,NORMAL,HIGH,HIGH,LOW,HIGH,LOW,HIGH,HIGH,HIGH,LOW
False,NORMAL,NORMAL,False,NORMAL,False,NORMAL,False,HIGH,HIGH,False,HIGH,False,False,LOW,LOW,False,ZERO,NORMAL,LOW,LOW,NORMAL,False,NORMAL,NORMAL,LOW,False,NORMAL,NORMAL,LOW,ZERO,ZERO,HIGH,HIGH,HIGH,HIGH,LOW
False,NORMAL,NORMAL,False,NORMAL,False,NORMAL,False,HIGH,HIGH,False,HIGH,False,False,HIGH,LOW,False,ZERO,NORMAL,LOW,LOW,NORMAL,False,NORMAL,NORMAL,HIGH,False,NORMAL,NORMAL,LOW,ZERO,ZERO,HIGH,HIGH,HIGH,HIGH,HIGH
False,NORMAL,NORMAL,False,NORMAL,False,NORMAL,False,HIGH,HIGH,False,HIGH,False,False,LOW,LOW,False,ZERO,NORMAL,LOW,LOW,NORMAL,False,NORMAL,NORMAL,NORMAL,False,NORMAL,NORMAL,LOW,ZERO,ZERO,HIGH,HIGH,HIGH,HIGH,LOW
False,NORMAL,NORMAL,False,NORMAL,False,NORMAL,False,HIGH,HIGH,False,HIGH,False,False,NORMAL,LOW,False,ZERO,NORMAL,LOW,LOW,NORMAL,False,NORMAL,NORMAL,HIGH,False,NORMAL,NORMAL,LOW,ZERO,ZERO,HIGH,HIGH,HIGH,HIGH,HIGH
False,NORMAL,HIGH,True,HIGH,False,LOW,False,HIGH,HIGH,False,HIGH,False,False,HIGH,LOW,False,ZERO,NORMAL,LOW,LOW,NORMAL,False,NORMAL,NORMAL,NORMAL,False,NORMAL,NORMAL,LOW,ZERO,ZERO,HIGH,HIGH,HIGH,LOW,NORMAL
False,NORMAL,HIGH,True,HIGH,False,LOW,False,HIGH,HIGH,False,HIGH,False,False,HIGH,LOW,False,ZERO,NORMAL,LOW,LOW,NORMAL,False,NORMAL,NORMAL,LOW,False,NORMAL,NORMAL,LOW,ZERO,ZERO,HIGH,HIGH,HIGH,NORMAL,HIGH
False,HIGH,HIGH,True,HIGH,False,LOW,False,HIGH,HIGH,False,HIGH,False,False,LOW,LOW,True,ZERO,NORMAL,LOW,LOW,NORMAL,False,NORMAL,NORMAL,HIGH,False,NORMAL,NORMAL,LOW,ZERO,ZERO,HIGH,HIGH,HIGH,LOW,LOW
False,NORMAL,LOW,False,LOW,False,NORMAL,False,HIGH,HIGH,False,HIGH,False,False,NORMAL,LOW,False,ZERO,NORMAL,LOW,LOW,NORMAL,False,NORMAL,NORMAL,HIGH,False,NORMAL,NORMAL,LOW,ZERO,ZERO,HIGH,HIGH,HIGH,NORMAL,NORMAL
True,NORMAL,HIGH,True,HIGH,False,LOW,True,NORMAL,HIGH,False,HIGH,False,False,LOW,LOW,True,ZERO,NORMAL,LOW,LOW,NORMAL,False,NORMAL,NORMAL,HIGH,False,NORMAL,NORMAL,LOW,ZERO,ZERO,HIGH,HIGH,HIGH,LOW,LOW
False,NORMAL,NORMAL,False,NORMAL,False,NORMAL,False,HIGH,HIGH,False,LOW,False,False,LOW,LOW,False,ZERO,LOW,LOW,LOW,NORMAL,False,NORMAL,NORMAL,HIGH,False,NORMAL,NORMAL,LOW,ZERO,ZERO,HIGH,HIGH,HIGH,HIGH,LOW
False,NORMAL,HIGH,True,HIGH,False,NORMAL,False,NORMAL,HIGH,False,LOW,False,False,HIGH,LOW,False,ZERO,NORMAL,LOW,LOW,LOW,False,NORMAL,NORMAL,LOW,False,NORMAL,NORMAL,LOW,ZERO,ZERO,HIGH,NORMAL,LOW,LOW,LOW
False,NORMAL,HIGH,True,HIGH,False,NORMAL,False,HIGH,HIGH,False,HIGH,False,False,NORMAL,LOW,False,HIGH,NORMAL,HIGH,HIGH,LOW,False,NORMAL,NORMAL,LOW,False,NORMAL,NORMAL,LOW,LOW,HIGH,LOW,HIGH,HIGH,HIGH,NORMAL
False,NORMAL,NORMAL,False,NORMAL,False,NORMAL,False,HIGH,NORMAL,True,NORMAL,False,False,HIGH,LOW,False,ZERO,NORMAL,LOW,LOW,HIGH,False,NORMAL,NORMAL,LOW,False,NORMAL,NORMAL,LOW,ZERO,ZERO,HIGH,HIGH,HIGH,HIGH,HIGH
False,NORMAL,HIGH,False,NORMAL,False,NORMAL,False,HIGH,HIGH,False,HIGH,False,False,NORMAL,LOW,False,ZERO,NORMAL,LOW,LOW,NORMAL,False,HIGH,NORMAL,HIGH,False,NORMAL,ZERO,ZERO,ZERO,ZERO,HIGH,HIGH,HIGH,HIGH,NORMAL
False,NORMAL,HIGH,True,HIGH,False,LOW,False,LOW,LOW,False,LOW,False,False,NORMAL,ZERO,False,ZERO,LOW,LOW,LOW,NORMAL,False,NORMAL,NORMAL,NORMAL,False,NORMAL,NORMAL,LOW,ZERO,ZERO,HIGH,HIGH,NORMAL,LOW,LOW
False,HIGH,HIGH,True,HIGH,False,NORMAL,True,NORMAL,LOW,False,LOW,False,False,HIGH,LOW,False,HIGH,NORMAL,HIGH,HIGH,NORMAL,False,NORMAL,NORMAL,LOW,False,HIGH,HIGH,HIGH,LOW,HIGH,LOW,NORMAL,NORMAL,NORMAL,NORMAL
False,NORMAL,NORMAL,False,NORMAL,False,NORMAL,False,HIGH,HIGH,False,HIGH,False,False,NORMAL,LOW,False,ZERO,NORMAL,LOW,LOW,NORMAL,False,NORMAL,NORMAL,LOW,False,NORMAL,NORMAL,LOW,ZERO,ZERO,HIGH,HIGH,HIGH,HIGH,NORMAL
False,HIGH,NORMAL,True,HIGH,False,NORMAL,False,LOW,LOW,False,LOW,False,False,LOW,LOW,False,ZERO,NORMAL,LOW,LOW,NORMAL,False,NORMAL,NORMAL,LOW,False,NORMAL,NORMAL,LOW,ZERO,ZERO,HIGH,HIGH,NORMAL,NORMAL,LOW
False,NORMAL,NORMAL,False,NORMAL,False,NORMAL,False,HIGH,NORMAL,False,HIGH,False,False,LOW,LOW,False,NORMAL,NORMAL,LOW,LOW,NORMAL,False,HIGH,ONESIDED,HIGH,False,NORMAL,NORMAL,LOW,ZERO,NORMAL,NORMAL,HIGH,HIGH,HIGH,LOW
False,NORMAL,NORMAL,False,NORMAL,False,NORMAL,False,NORMAL,HIGH,False,LOW,False,False,NORMAL,LOW,False,ZERO,NORMAL,LOW,LOW,NORMAL,False,NORMAL,NORMAL,HIGH,False,NORMAL,NORMAL,LOW,ZERO,ZERO,HIGH,HIGH,LOW,LOW,LOW
False,HIGH,HIGH,True,HIGH,False,LOW,False,HIGH,HIGH,False,HIGH,False,False,LOW,LOW,False,ZERO,NORMAL,LOW,LOW,NORMAL,False,NORMAL,NORMAL,NORMAL,False,NORMAL,NORMAL,LOW,ZERO,ZERO,HIGH,HIGH,HIGH,LOW,LOW
False,NORMAL,NORMAL,False,NORMAL,False,NORMAL,False,HIGH,NORMAL,True,NORMAL,False,False,LOW,LOW,False,ZERO,NORMAL,LOW,LOW,NORMAL,False,NORMAL,NORMAL,HIGH,False,NORMAL,NORMAL,LOW,ZERO,ZERO,HIGH,HIGH,HIGH,HIGH,LOW
False,NORMAL,NORMAL,False,NORMAL,False,NORMAL,False,HIGH,HIGH,False,HIGH,False,False,LOW,LOW,False,HIGH,NORMAL,HIGH,HIGH,NORMAL,False,NORMAL,NORMAL,LOW,False,NORMAL,HIGH,HIGH,LOW,HIGH,LOW,HIGH,HIGH,NORMAL,LOW
False,NORMAL,NORMAL,False,NORMAL,False,NORMAL,False,HIGH,HIGH,False,HIGH,False,False,NORMAL,LOW,False,ZERO,NORMAL,LOW,LOW,LOW,False,NORMAL,NORMAL,NORMAL,False,NORMAL,NORMAL,LOW,ZERO,ZERO,HIGH,HIGH,HIGH,HIGH,LOW
False,HIGH,HIGH,True,HIGH,False,NORMAL,False,HIGH,HIGH,False,HIGH,False,False,HIGH,LOW,False,ZERO,NORMAL,LOW,LOW,NORMAL,False,NORMAL,NORMAL,LOW,False,NORMAL,NORMAL,LOW,ZERO,ZERO,HIGH,HIGH,HIGH,HIGH,HIGH
False,NORMAL,NORMAL,False,NORMAL,False,NORMAL,False,HIGH,NORMAL,True,NORMAL,False,False,NORMAL,LOW,False,ZERO,NORMAL,LOW,LOW,NORMAL,False,NORMAL,NORMAL,LOW,False,NORMAL,NORMAL,LOW,ZERO,ZERO,HIGH,HIGH,HIGH,LOW,LOW
False,LOW,NORMAL,False,NORMAL,False,NORMAL,False,HIGH,HIGH,False,HIGH,False,False,NORMAL,LOW,False,ZERO,NORMAL,LOW,LOW,NORMAL,False,NORMAL,NORMAL,HIGH,False,NORMAL,NORMAL,LOW,ZERO,ZERO,HIGH,HIGH,HIGH,HIGH,NORMAL
False,LOW,NORMAL,False,NORMAL,False,NORMAL,False,LOW,LOW,False,LOW,False,False,HIGH,LOW,False,HIGH,NORMAL,HIGH,HIGH,NORMAL,False,NORMAL,NORMAL,HIGH,True,NORMAL,NORMAL,ZERO,LOW,HIGH,LOW,NORMAL,NORMAL,NORMAL,NORMAL
False,NORMAL,NORMAL,False,NORMAL,False,NORMAL,False,HIGH,HIGH,False,HIGH,False,False,LOW,LOW,False,HIGH,NORMAL,HIGH,HIGH,NORMAL,False,NORMAL,NORMAL,LOW,False,NORMAL,NORMAL,LOW,LOW,HIGH,LOW,HIGH,HIGH,LOW,LOW
False,NORMAL,HIGH,True,HIGH,False,LOW,False,HIGH,HIGH,False,HIGH,False,False,NORMAL,LOW,False,ZERO,NORMAL,LOW,LOW,NORMAL,False,NORMAL,NORMAL,HIGH,False,NORMAL,NORMAL,LOW,ZERO,ZERO,HIGH,HIGH,HIGH,LOW,LOW
False,NORMAL,NORMAL,False,NORMAL,False,NORMAL,False,HIGH,HIGH,False,HIGH,True,False,NORMAL,LOW,False,ZERO,NORMAL,LOW,LOW,NORMAL,False,NORMAL,NORMAL,LOW,False,NORMAL,NORMAL,LOW,ZERO,ZERO,HIGH,HIGH,HIGH,HIGH,HIGH
False,NORMAL,HIGH,True,HIGH,False,NORMAL,False,LOW,HIGH,False,HIGH,False,False,NORMAL,LOW,False,ZERO,NORMAL,LOW,LOW,NORMAL,False,NORMAL,NORMAL,HIGH,False,NORMAL,ZERO,ZERO,ZERO,ZERO,HIGH,HIGH,HIGH,HIGH,HIGH
False,NORMAL,LOW,False,NORMAL,False,NORMAL,False,LOW,LOW,False,LOW,False,False,HIGH,LOW,False,HIGH,NORMAL,HIGH,HIGH,NORMAL,False,NORMAL,NORMAL,HIGH,False,LOW,LOW,ZERO,LOW,HIGH,LOW,NORMAL,NORMAL,NORMAL,LOW
False,HIGH,NORMAL,False,HIGH,False,NORMAL,False,HIGH,HIGH,False,HIGH,False,False,LOW,ZERO,False,HIGH,NORMAL,HIGH,HIGH,NORMAL,False,NORMAL,NORMAL,HIGH,True,NORMAL,NORMAL,ZERO,LOW,HIGH,NORMAL,HIGH,HIGH,HIGH,LOW
False,NORMAL,NORMAL,False,NORMAL,False,NORMAL,False,LOW,LOW,False,LOW,False,False,NORMAL,LOW,False,ZERO,NORMAL,LOW,LOW,NORMAL,False,NORMAL,NORMAL,LOW,False,NORMAL,NORMAL,LOW,ZERO,ZERO,HIGH,HIGH,NORMAL,NORMAL,NORMAL
False,NORMAL,NORMAL,False,NORMAL,False,NORMAL,True,NORMAL,HIGH,False,HIGH,False,False,NORMAL,LOW,False,ZERO,LOW,LOW,LOW,NORMAL,False,NORMAL,NORMAL,LOW,False,NORMAL,NORMAL,LOW,ZERO,ZERO,HIGH,HIGH,HIGH,HIGH,HIGH
False,NORMAL,NORMAL,False,NORMAL,False,NORMAL,False,HIGH,HIGH,False,HIGH,False,False,LOW,LOW,False,NORMAL,NORMAL,LOW,LOW,LOW,False,HIGH,ONESIDED,LOW,False,NORMAL,LOW,ZERO,ZERO,NORMAL,NORMAL,HIGH,HIGH,HIGH,LOW
False,NORMAL,NORMAL,False,NORMAL,False,NORMAL,False,HIGH,HIGH,False,HIGH,False,False,LOW,NORMAL,False,ZERO,NORMAL,LOW,LOW,NORMAL,False,NORMAL,ESOPHAGEAL,HIGH,False,NORMAL,NORMAL,LOW,LOW,ZERO,HIGH,HIGH,HIGH,HIGH,NORMAL
False,NORMAL,NORMAL,False,NORMAL,False,NORMAL,False,HIGH,HIGH,False,HIGH,False,False,LOW,LOW,False,ZERO,NORMAL,LOW,LOW,NORMAL,False,NORMAL,NORMAL,NORMAL,False,NORMAL,NORMAL,LOW,ZERO,ZERO,HIGH,HIGH,HIGH,HIGH,LOW
False,NORMAL,NORMAL,False,NORMAL,False,NORMAL,False,HIGH,HIGH,False,HIGH,False,False,LOW,LOW,False,HIGH,NORMAL,HIGH,HIGH,NORMAL,False,NORMAL,NORMAL,HIGH,True,NORMAL,NORMAL,ZERO,LOW,HIGH,LOW,HIGH,HIGH,HIGH,LOW
False,NORMAL,NORMAL,False,NORMAL,False,NORMAL,False,HIGH,HIGH,False,HIGH,False,False,HIGH,LOW,False,ZERO,NORMAL,LOW,LOW,NORMAL,False,NORMAL,NORMAL,NORMAL,False,NORMAL,NORMAL,LOW,ZERO,ZERO,HIGH,HIGH,HIGH,HIGH,NORMAL
False,HIGH,HIGH,False,HIGH,False,NORMAL,False,HIGH,HIGH,False,HIGH,False,False,HIGH,LOW,False,LOW,NORMAL,LOW,LOW,NORMAL,False,NORMAL,ESOPHAGEAL,ZERO,True,NORMAL,NORMAL,ZERO,ZERO,LOW,HIGH,HIGH,HIGH,HIGH,HIGH
False,NORMAL,NORMAL,False,NORMAL,False,NORMAL,False,HIGH,HIGH,False,HIGH,False,False,NORMAL,LOW,False,ZERO,NORMAL,LOW,LOW,NORMAL,False,NORMAL,NORMAL,NORMAL,False,NORMAL,NORMAL,LOW,ZERO,ZERO,HIGH,HIGH,HIGH,HIGH,HIGH
False,NORMAL,NORMAL,False,NORMAL,False,NORMAL,False,HIGH,NORMAL,True,NORMAL,False,False,LOW,LOW,False,ZERO,NORMAL,LOW,LOW,NORMAL,False,NORMAL,NORMAL,NORMAL,False,NORMAL,NORMAL,LOW,ZERO,ZERO,HIGH,HIGH,HIGH,HIGH,LOW
False,NORMAL,NORMAL,False,NORMAL,False,NORMAL,False,HIGH,NORMAL,True,NORMAL,False,False,NORMAL,LOW,False,ZERO,NORMAL,LOW,LOW,LOW,False,NORMAL,NORMAL,LOW,False,NORMAL,NORMAL,LOW,ZERO,ZERO,HIGH,HIGH,HIGH,LOW,LOW
False,NORMAL,NORMAL,False,NORMAL,False,NORMAL,False,HIGH,HIGH,False,HIGH,False,False,NORMAL,LOW,False,ZERO,NORMAL,LOW,LOW,NORMAL,False,NORMAL,NORMAL,HIGH,False,HIGH,NORMAL,LOW,ZERO,ZERO,HIGH,HIGH,HIGH,HIGH,HIGH
False,NORMAL,NORMAL,False,NORMAL,False,NORMAL,False,HIGH,HIGH,False,HIGH,False,False,NORMAL,LOW,False,ZERO,NORMAL,LOW,LOW,NORMAL,False,NORMAL,NORMAL,NORMAL,False,NORMAL,NORMAL,LOW,ZERO,ZERO,HIGH,HIGH,HIGH,HIGH,HIGH
False,NORMAL,NORMAL,False,NORMAL,False,NORMAL,False,HIGH,HIGH,False,HIGH,False,False,NORMAL,LOW,False,ZERO,NORMAL,LOW,LOW,NORMAL,False,NORMAL,NORMAL,LOW,False,NORMAL,NORMAL,LOW,ZERO,ZERO,HIGH,HIGH,HIGH,HIGH,HIGH
False,NORMAL,NORMAL,False,NORMAL,False,NORMAL,False,HIGH,HIGH,False,HIGH,False,False,NORMAL,LOW,False,ZERO,NORMAL,LOW,LOW,NORMAL,False,NORMAL,NORMAL,HIGH,False,NORMAL,NORMAL,LOW,ZERO,ZERO,HIGH,HIGH,HIGH,HIGH,NORMAL
False,NORMAL,NORMAL,False,NORMAL,False,NORMAL,False,HIGH,HIGH,False,HIGH,True,False,LOW,LOW,False,ZERO,NORMAL,LOW,LOW,NORMAL,False,NORMAL,NORMAL,HIGH,False,NORMAL,NORMAL,LOW,ZERO,ZERO,HIGH,HIGH,HIGH,HIGH,LOW
False,HIGH,NORMAL,True,HIGH,False,LOW,False,HIGH,HIGH,False,HIGH,False,False,HIGH,LOW,True,ZERO,NORMAL,LOW,LOW,NORMAL,False,NORMAL,NORMAL,LOW,False,NORMAL,NORMAL,LOW,ZERO,ZERO,HIGH,HIGH,HIGH,LOW,HIGH
False,NORMAL,NORMAL,False,NORMAL,False,NORMAL,False,HIGH,HIGH,False,NORMAL,False,False,NORMAL,LOW,False,HIGH,NORMAL,HIGH,HIGH,NORMAL,False,NORMAL,NORMAL,HIGH,False,NORMAL,ZERO,ZERO,LOW,HIGH,LOW,HIGH,HIGH,HIGH,HIGH
False,NORMAL,NORMAL,False,NORMAL,False,NORMAL,False,HIGH,HIGH,False,HIGH,False,False,HIGH,LOW,False,ZERO,NORMAL,LOW,LOW,NORMAL,False,NORMAL,NORMAL,NORMAL,False,NORMAL,NORMAL,LOW,ZERO,ZERO,HIGH,HIGH,HIGH,HIGH,HIGH
False,NORMAL,NORMAL,False,NORMAL,False,HIGH,False,LOW,LOW,False,LOW,True,False,LOW,ZERO,False,ZERO,NORMAL,HIGH,HIGH,NORMAL,False,NORMAL,NORMAL,HIGH,False,NORMAL,NORMAL,LOW,ZERO,HIGH,LOW,HIGH,NORMAL,HIGH,LOW
False,NORMAL,NORMAL,False,NORMAL,False,NORMAL,False,HIGH,HIGH,False,HIGH,False,False,HIGH,LOW,False,ZERO,NORMAL,LOW,LOW,NORMAL,False,NORMAL,NORMAL,NORMAL,False,NORMAL,NORMAL,LOW,ZERO,ZERO,HIGH,HIGH,HIGH,HIGH,HIGH
False,NORMAL,NORMAL,False,NORMAL,False,LOW,False,HIGH,HIGH,False,HIGH,False,False,NORMAL,LOW,False,HIGH,NORMAL,HIGH,HIGH,LOW,False,NORMAL,NORMAL,HIGH,False,NORMAL,ZERO,ZERO,LOW,HIGH,LOW,HIGH,HIGH,LOW,LOW
False,NORMAL,NORMAL,False,NORMAL,False,NORMAL,False,HIGH,HIGH,False,HIGH,False,False,NORMAL,LOW,False,ZERO,NORMAL,LOW,LOW,NORMAL,False,NORMAL,NORMAL,HIGH,False,NORMAL,NORMAL,LOW,ZERO,ZERO,HIGH,HIGH,HIGH,HIGH,HIGH
False,NORMAL,NORMAL,False,NORMAL,False,NORMAL,False,HIGH,HIGH,False,HIGH,False,False,HIGH,LOW,False,ZERO,NORMAL,LOW,LOW,NORMAL,False,NORMAL,NORMAL,NORMAL,False,NORMAL,NORMAL,LOW,ZERO,ZERO,HIGH,HIGH,HIGH,HIGH,HIGH
False,NORMAL,NORMAL,False,NORMAL,False,NORMAL,False,HIGH,HIGH,False,HIGH,False,False,NORMAL,LOW,False,ZERO,NORMAL,LOW,LOW,NORMAL,False,NORMAL,NORMAL,LOW,False,NORMAL,NORMAL,LOW,ZERO,ZERO,HIGH,HIGH,HIGH,HIGH,HIGH
False,HIGH,HIGH,True,HIGH,False,LOW,False,HIGH,HIGH,False,HIGH,False,False,NORMAL,LOW,False,ZERO,NORMAL,LOW,LOW,NORMAL,False,NORMAL,NORMAL,NORMAL,False,NORMAL,NORMAL,LOW,ZERO,ZERO,HIGH,HIGH,HIGH,LOW,LOW
False,NORMAL,NORMAL,False,NORMAL,False,NORMAL,True,NORMAL,HIGH,False,HIGH,False,False,NORMAL,LOW,False,ZERO,NORMAL,LOW,LOW,NORMAL,False,NORMAL,NORMAL,NORMAL,False,NORMAL,NORMAL,LOW,ZERO,ZERO,HIGH,HIGH,HIGH,HIGH,HIGH
False,NORMAL,NORMAL,False,NORMAL,False,NORMAL,False,HIGH,HIGH,False,HIGH,False,False,NORMAL,LOW,False,ZERO,NORMAL,LOW,LOW,NORMAL,False,NORMAL,NORMAL,HIGH,False,NORMAL,NORMAL,LOW,ZERO,ZERO,HIGH,HIGH,HIGH,HIGH,HIGH
False,NORMAL,NORMAL,False,NORMAL,False,NORMAL,False,HIGH,HIGH,False,HIGH,False,False,LOW,LOW,False,ZERO,NORMAL,LOW,LOW,HIGH,False,NORMAL,NORMAL,NORMAL,False,NORMAL,NORMAL,LOW,ZERO,ZERO,HIGH,HIGH,HIGH,HIGH,LOW
False,NORMAL,HIGH,True,HIGH,False,NORMAL,False,HIGH,HIGH,False,HIGH,False,False,NORMAL,LOW,False,ZERO,NORMAL,LOW,LOW,NORMAL,False,NORMAL,NORMAL,NORMAL,False,NORMAL,NORMAL,LOW,ZERO,ZERO,HIGH,HIGH,HIGH,HIGH,NORMAL
False,NORMAL,NORMAL,False,NORMAL,False,NORMAL,False,HIGH,HIGH,False,HIGH,False,False,NORMAL,LOW,False,LOW,NORMAL,LOW,LOW,NORMAL,False,NORMAL,ESOPHAGEAL,HIGH,False,NORMAL,NORMAL,LOW,ZERO,LOW,HIGH,HIGH,HIGH,HIGH,HIGH
False,HIGH,HIGH,True,HIGH,False,LOW,False,LOW,LOW,False,LOW,False,False,NORMAL,LOW,False,ZERO,NORMAL,LOW,LOW,NORMAL,False,NORMAL,NORMAL,LOW,False,NORMAL,NORMAL,LOW,ZERO,ZERO,HIGH,HIGH,NORMAL,LOW,LOW
False,NORMAL,HIGH,True,HIGH,False,LOW,False,HIGH,NORMAL,True,NORMAL,False,False,LOW,LOW,False,ZERO,NORMAL,LOW,LOW,NORMAL,False,NORMAL,NORMAL,HIGH,False,NORMAL,NORMAL,LOW,ZERO,ZERO,HIGH,HIGH,HIGH,LOW,LOW
False,NORMAL,NORMAL,False,NORMAL,False,HIGH,False,HIGH,NORMAL,True,NORMAL,False,False,NORMAL,LOW,False,ZERO,NORMAL,LOW,LOW,NORMAL,False,NORMAL,NORMAL,HIGH,False,HIGH,ZERO,ZERO,ZERO,ZERO,HIGH,HIGH,HIGH,HIGH,HIGH
False,NORMAL,NORMAL,False,NORMAL,False,LOW,False,HIGH,HIGH,False,HIGH,False,False,NORMAL,LOW,False,ZERO,NORMAL,LOW,LOW,NORMAL,False,NORMAL,NORMAL,HIGH,False,NORMAL,NORMAL,LOW,ZERO,ZERO,HIGH,HIGH,HIGH,LOW,LOW
False,NORMAL,NORMAL,False,NORMAL,False,NORMAL,False,HIGH,HIGH,False,HIGH,False,False,HIGH,LOW,False,ZERO,NORMAL,LOW,HIGH,NORMAL,False,NORMAL,NORMAL,NORMAL,False,NORMAL,NORMAL,LOW,ZERO,ZERO,HIGH,HIGH,HIGH,HIGH,HIGH
False,NORMAL,NORMAL,False,NORMAL,False,NORMAL,False,LOW,LOW,False,LOW,False,False,HIGH,LOW,False,HIGH,NORMAL,HIGH,HIGH,NORMAL,False,NORMAL,NORMAL,LOW,False,HIGH,HIGH,HIGH,LOW,HIGH,LOW,NORMAL,NORMAL,LOW,LOW
False,NORMAL,NORMAL,False,NORMAL,False,NORMAL,False,HIGH,HIGH,False,HIGH,False,False,HIGH,LOW,False,ZERO,NORMAL,LOW,LOW,NORMAL,False,NORMAL,NORMAL,LOW,False,NORMAL,NORMAL,LOW,ZERO,ZERO,HIGH,HIGH,HIGH,HIGH,HIGH
False,NORMAL,NORMAL,False,NORMAL,False,NORMAL,False,HIGH,HIGH,False,HIGH,False,False,HIGH,LOW,False,ZERO,NORMAL,LOW,LOW,NORMAL,False,NORMAL,NORMAL,HIGH,False,NORMAL,NORMAL,LOW,ZERO,ZERO,HIGH,HIGH,HIGH,HIGH,HIGH
False,NORMAL,NORMAL,False,NORMAL,False,NORMAL,False,HIGH,HIGH,False,HIGH,False,False,HIGH,LOW,False,ZERO,NORMAL,LOW,LOW,NORMAL,False,NORMAL,NORMAL,HIGH,False,NORMAL,NORMAL,LOW,ZERO,ZERO,HIGH,HIGH,HIGH,HIGH,HIGH
False,NORMAL,NORMAL,True,HIGH,False,LOW,True,NORMAL,NORMAL,True,NORMAL,False,False,NORMAL,LOW,False,LOW,NORMAL,LOW,LOW,NORMAL,False,NORMAL,ESOPHAGEAL,HIGH,False,NORMAL,NORMAL,LOW,ZERO,LOW,HIGH,HIGH,HIGH,NORMAL,NORMAL
False,HIGH,HIGH,True,HIGH,False,NORMAL,False,LOW,LOW,False,LOW,False,False,HIGH,LOW,False,ZERO,NORMAL,LOW,LOW,NORMAL,False,NORMAL,NORMAL,LOW,False,NORMAL,NORMAL,LOW,ZERO,ZERO,HIGH,NORMAL,NORMAL,NORMAL,NORMAL
True,LOW,LOW,False,LOW,True,LOW,False,HIGH,HIGH,False,HIGH,False,False,NORMAL,NORMAL,False,LOW,NORMAL,LOW,LOW,NORMAL,False,HIGH,ONESIDED,HIGH,False,NORMAL,NORMAL,LOW,LOW,LOW,HIGH,HIGH,HIGH,LOW,LOW
False,NORMAL,NORMAL,False,NORMAL,False,NORMAL,False,HIGH,HIGH,False,HIGH,False,False,NORMAL,LOW,False,HIGH,NORMAL,HIGH,HIGH,NORMAL,False,NORMAL,NORMAL,HIGH,False,NORMAL,ZERO,ZERO,LOW,HIGH,LOW,HIGH,HIGH,HIGH,HIGH
False,NORMAL,NORMAL,False,NORMAL,False,NORMAL,False,HIGH,HIGH,False,HIGH,False,False,HIGH,LOW,False,ZERO,NORMAL,LOW,LOW,NORMAL,False,NORMAL,NORMAL,NORMAL,False,NORMAL,NORMAL,LOW,ZERO,ZERO,HIGH,HIGH,HIGH,HIGH,NORMAL
False,NORMAL,NORMAL,False,NORMAL,False,NORMAL,False,HIGH,HIGH,False,HIGH,False,False,HIGH,ZERO,False,ZERO,NORMAL,LOW,LOW,NORMAL,False,NORMAL,NORMAL,NORMAL,False,NORMAL,NORMAL,LOW,ZERO,ZERO,HIGH,HIGH,HIGH,HIGH,HIGH
False,NORMAL,NORMAL,False,NORMAL,False,NORMAL,False,HIGH,HIGH,False,HIGH,False,False,NORMAL,LOW,True,ZERO,NORMAL,LOW,LOW,NORMAL,False,NORMAL,NORMAL,HIGH,False,NORMAL,NORMAL,LOW,ZERO,ZERO,HIGH,HIGH,HIGH,HIGH,HIGH
False,NORMAL,NORMAL,False,NORMAL,False,LOW,True,NORMAL,LOW,False,HIGH,False,False,NORMAL,LOW,False,ZERO,NORMAL,LOW,LOW,NORMAL,False,NORMAL,NORMAL,HIGH,False,NORMAL,NORMAL,LOW,ZERO,ZERO,HIGH,HIGH,HIGH,LOW,LOW
False,LOW,NORMAL,False,NORMAL,False,NORMAL,True,NORMAL,HIGH,False,HIGH,False,False,NORMAL,LOW,False,ZERO,NORMAL,LOW,LOW,NORMAL,False,NORMAL,NORMAL,NORMAL,False,NORMAL,NORMAL,LOW,ZERO,ZERO,HIGH,HIGH,HIGH,HIGH,HIGH
False,NORMAL,HIGH,True,HIGH,False,NORMAL,False,HIGH,HIGH,False,HIGH,False,False,LOW,LOW,False,HIGH,NORMAL,HIGH,HIGH,NORMAL,False,NORMAL,NORMAL,HIGH,False,NORMAL,NORMAL,LOW,LOW,HIGH,LOW,HIGH,HIGH,HIGH,LOW
False,NORMAL,NORMAL,False,NORMAL,False,NORMAL,False,HIGH,HIGH,False,HIGH,False,False,NORMAL,LOW,False,HIGH,NORMAL,HIGH,HIGH,NORMAL,False,NORMAL,NORMAL,HIGH,False,LOW,LOW,ZERO,LOW,HIGH,LOW,HIGH,HIGH,HIGH,HIGH
False,NORMAL,NORMAL,False,NORMAL,False,HIGH,False,HIGH,HIGH,False,NORMAL,False,False,HIGH,LOW,False,ZERO,NORMAL,LOW,LOW,NORMAL,False,NORMAL,NORMAL,HIGH,False,NORMAL,NORMAL,LOW,ZERO,ZERO,HIGH,HIGH,HIGH,HIGH,HIGH
False,NORMAL,NORMAL,False,NORMAL,False,NORMAL,False,HIGH,HIGH,False,HIGH,False,False,NORMAL,ZERO,False,HIGH,NORMAL,HIGH,HIGH,NORMAL,False,NORMAL,NORMAL,ZERO,False,LOW,LOW,ZERO,LOW,HIGH,NORMAL,HIGH,HIGH,HIGH,HIGH
False,NORMAL,NORMAL,False,NORMAL,False,NORMAL,False,HIGH,HIGH,False,HIGH,False,False,NORMAL,LOW,False,ZERO,NORMAL,LOW,LOW,NORMAL,False,HIGH,NORMAL,HIGH,False,HIGH,NORMAL,LOW,ZERO,ZERO,HIGH,HIGH,HIGH,HIGH,HIGH
True,LOW,LOW,True,LOW,True,LOW,False,HIGH,HIGH,False,HIGH,False,False,NORMAL,LOW,False,ZERO,NORMAL,LOW,NORMAL,NORMAL,False,NORMAL,NORMAL,HIGH,False,NORMAL,NORMAL,LOW,ZERO,ZERO,HIGH,HIGH,HIGH,LOW,LOW
False,NORMAL,NORMAL,False,NORMAL,False,NORMAL,False,HIGH,HIGH,False,HIGH,False,False,NORMAL,LOW,False,ZERO,NORMAL,LOW,LOW,NORMAL,False,NORMAL,NORMAL,NORMAL,False,NORMAL,NORMAL,LOW,ZERO,ZERO,HIGH,HIGH,HIGH,HIGH,HIGH
False,NORMAL,NORMAL,False,NORMAL,False,NORMAL,True,NORMAL,HIGH,False,NORMAL,False,False,HIGH,HIGH,False,LOW,NORMAL,LOW,LOW,NORMAL,False,NORMAL,NORMAL,HIGH,True,NORMAL,NORMAL,ZERO,HIGH,LOW,HIGH,HIGH,HIGH,HIGH,HIGH
False,NORMAL,NORMAL,False,NORMAL,False,NORMAL,False,HIGH,HIGH,False,HIGH,False,False,NORMAL,LOW,False,ZERO,NORMAL,LOW,LOW,NORMAL,False,NORMAL,NORMAL,HIGH,False,NORMAL,NORMAL,LOW,ZERO,ZERO,HIGH,HIGH,HIGH,NORMAL,NORMAL
False,NORMAL,NORMAL,False,NORMAL,False,NORMAL,False,HIGH,HIGH,False,HIGH,False,False,HIGH,LOW,False,ZERO,NORMAL,LOW,LOW,NORMAL,False,NORMAL,NORMAL,HIGH,False,NORMAL,NORMAL,LOW,ZERO,NORMAL,NORMAL,NORMAL,HIGH,HIGH,NORMAL
False,LOW,LOW,False,LOW,False,NORMAL,False,HIGH,HIGH,False,HIGH,False,False,NORMAL,LOW,False,ZERO,NORMAL,LOW,LOW,NORMAL,False,NORMAL,NORMAL,HIGH,False,NORMAL,NORMAL,LOW,ZERO,LOW,HIGH,HIGH,HIGH,HIGH,HIGH
False,LOW,LOW,False,LOW,False,NORMAL,False,LOW,LOW,False,LOW,False,False,HIGH,LOW,False,HIGH,NORMAL,HIGH,HIGH,NORMAL,False,NORMAL,NORMAL,HIGH,True,NORMAL,NORMAL,ZERO,LOW,HIGH,LOW,NORMAL,NORMAL,NORMAL,HIGH
False,HIGH,HIGH,True,HIGH,False,NORMAL,False,LOW,LOW,False,LOW,False,False,LOW,NORMAL,False,ZERO,LOW,LOW,LOW,NORMAL,False,NORMAL,NORMAL,HIGH,True,NORMAL,NORMAL,ZERO,ZERO,ZERO,HIGH,HIGH,NORMAL,NORMAL,LOW
False,NORMAL,NORMAL,False,NORMAL,False,NORMAL,False,HIGH,HIGH,False,HIGH,False,False,HIGH,LOW,False,ZERO,NORMAL,LOW,LOW,NORMAL,False,NORMAL,NORMAL,NORMAL,False,NORMAL,NORMAL,LOW,ZERO,ZERO,HIGH,HIGH,HIGH,HIGH,HIGH
False,NORMAL,NORMAL,False,NORMAL,False,HIGH,False,HIGH,HIGH,False,HIGH,False,False,NORMAL,LOW,False,LOW,NORMAL,LOW,LOW,NORMAL,False,NORMAL,NORMAL,LOW,False,NORMAL,NORMAL,LOW,ZERO,ZERO,HIGH,HIGH,HIGH,HIGH,HIGH
False,LOW,NORMAL,False,NORMAL,False,NORMAL,False,HIGH,HIGH,False,HIGH,False,False,LOW,LOW,False,ZERO,NORMAL,LOW,LOW,NORMAL,False,NORMAL,NORMAL,LOW,False,NORMAL,NORMAL,LOW,ZERO,ZERO,HIGH,HIGH,HIGH,HIGH,LOW
False,NORMAL,NORMAL,False,NORMAL,False,NORMAL,False,HIGH,HIGH,False,HIGH,False,False,NORMAL,LOW,False,ZERO,NORMAL,LOW,LOW,NORMAL,False,NORMAL,NORMAL,NORMAL,False,NORMAL,NORMAL,LOW,ZERO,ZERO,HIGH,HIGH,HIGH,HIGH,HIGH
False,NORMAL,NORMAL,False,NORMAL,False,NORMAL,False,HIGH,HIGH,False,NORMAL,False,False,LOW,LOW,False,ZERO,NORMAL,LOW,LOW,NORMAL,False,NORMAL,NORMAL,HIGH,False,NORMAL,NORMAL,LOW,ZERO,ZERO,HIGH,HIGH,HIGH,HIGH,LOW
False,HIGH,NORMAL,True,HIGH,False,LOW,False,HIGH,HIGH,False,HIGH,False,False,NORMAL,LOW,False,ZERO,NORMAL,LOW,LOW,NORMAL,False,NORMAL,NORMAL,NORMAL,False,NORMAL,NORMAL,LOW,ZERO,ZERO,HIGH,HIGH,HIGH,LOW,LOW
False,HIGH,HIGH,True,HIGH,False,HIGH,False,HIGH,NORMAL,True,NORMAL,False,False,LOW,LOW,False,ZERO,NORMAL,LOW,LOW,NORMAL,False,NORMAL,NORMAL,LOW,False,NORMAL,NORMAL,LOW,ZERO,ZERO,HIGH,HIGH,HIGH,HIGH,LOW
False,NORMAL,NORMAL,False,NORMAL,False,NORMAL,False,HIGH,HIGH,False,HIGH,True,False,NORMAL,LOW,False,ZERO,NORMAL,LOW,LOW,NORMAL,False,NORMAL,NORMAL,NORMAL,False,NORMAL,NORMAL,LOW,ZERO,ZERO,HIGH,HIGH,HIGH,HIGH,HIGH
False,NORMAL,NORMAL,False,NORMAL,False,NORMAL,False,LOW,LOW,False,LOW,False,False,NORMAL,NORMAL,False,LOW,NORMAL,LOW,LOW,NORMAL,False,NORMAL,NORMAL,NORMAL,False,NORMAL,NORMAL,LOW,NORMAL,NORMAL,NORMAL,HIGH,NORMAL,NORMAL,NORMAL
False,HIGH,HIGH,True,HIGH,False,NORMAL,False,HIGH,LOW,True,NORMAL,False,False,LOW,LOW,False,ZERO,NORMAL,LOW,LOW,NORMAL,False,NORMAL,NORMAL,HIGH,False,NORMAL,NORMAL,LOW,ZERO,ZERO,HIGH,HIGH,HIGH,HIGH,LOW
False,NORMAL,NORMAL,False,NORMAL,False,NORMAL,False,LOW,LOW,False,LOW,False,False,HIGH,LOW,False,ZERO,NORMAL,LOW,LOW,NORMAL,False,NORMAL,NORMAL,HIGH,False,NORMAL,NORMAL,LOW,ZERO,ZERO,HIGH,NORMAL,NORMAL,NORMAL,NORMAL
False,NORMAL,NORMAL,False,NORMAL,False,NORMAL,False,HIGH,HIGH,False,HIGH,True,False,HIGH,NORMAL,False,HIGH,NORMAL,LOW,LOW,NORMAL,False,HIGH,NORMAL,NORMAL,False,NORMAL,NORMAL,LOW,LOW,LOW,HIGH,HIGH,HIGH,HIGH,HIGH
False,NORMAL,NORMAL,False,NORMAL,False,NORMAL,False,HIGH,HIGH,False,HIGH,False,False,HIGH,LOW,False,ZERO,NORMAL,LOW,LOW,NORMAL,False,NORMAL,NORMAL,HIGH,False,NORMAL,NORMAL,LOW,ZERO,ZERO,HIGH,HIGH,HIGH,HIGH,HIGH
False,HIGH,HIGH,True,HIGH,False,NORMAL,False,HIGH,HIGH,False,HIGH,False,False,LOW,LOW,False,ZERO,NORMAL,LOW,LOW,NORMAL,False,NORMAL,NORMAL,NORMAL,False,NORMAL,NORMAL,LOW,ZERO,ZERO,HIGH,HIGH,HIGH,HIGH,LOW
False,NORMAL,NORMAL,False,NORMAL,False,NORMAL,False,LOW,LOW,False,LOW,False,False,NORMAL,ZERO,False,HIGH,NORMAL,HIGH,NORMAL,NORMAL,False,HIGH,NORMAL,HIGH,False,HIGH,HIGH,HIGH,LOW,HIGH,NORMAL,HIGH,NORMAL,NORMAL,LOW
True,LOW,LOW,False,LOW,True,LOW,False,HIGH,HIGH,False,HIGH,False,False,NORMAL,LOW,False,ZERO,NORMAL,LOW,LOW,NORMAL,False,NORMAL,NORMAL,LOW,False,NORMAL,NORMAL,LOW,ZERO,ZERO,HIGH,HIGH,HIGH,LOW,LOW
False,NORMAL,LOW,False,NORMAL,False,NORMAL,False,HIGH,HIGH,False,HIGH,True,False,NORMAL,LOW,False,HIGH,NORMAL,HIGH,HIGH,NORMAL,False,NORMAL,NORMAL,NORMAL,False,HIGH,HIGH,HIGH,LOW,HIGH,LOW,HIGH,HIGH,HIGH,NORMAL
False,NORMAL,NORMAL,False,NORMAL,False,NORMAL,False,HIGH,HIGH,False,HIGH,False,False,HIGH,LOW,False,ZERO,NORMAL,LOW,LOW,HIGH,True,NORMAL,NORMAL,NORMAL,False,NORMAL,NORMAL,LOW,ZERO,ZERO,HIGH,HIGH,HIGH,HIGH,HIGH
False,NORMAL,NORMAL,False,NORMAL,False,NORMAL,False,HIGH,HIGH,False,HIGH,False,False,HIGH,LOW,False,ZERO,NORMAL,LOW,LOW,NORMAL,False,NORMAL,NORMAL,HIGH,False,NORMAL,NORMAL,LOW,ZERO,ZERO,HIGH,HIGH,HIGH,HIGH,HIGH
False,HIGH,HIGH,True,HIGH,False,NORMAL,False,HIGH,HIGH,False,HIGH,True,False,NORMAL,LOW,False,ZERO,NORMAL,LOW,LOW,NORMAL,False,NORMAL,NORMAL,HIGH,False,NORMAL,NORMAL,LOW,ZERO,NORMAL,NORMAL,HIGH,HIGH,HIGH,HIGH
False,NORMAL,NORMAL,False,NORMAL,False,NORMAL,False,HIGH,HIGH,False,HIGH,False,False,LOW,LOW,False,NORMAL,NORMAL,LOW,LOW,NORMAL,False,HIGH,ONESIDED,LOW,False,NORMAL,ZERO,ZERO,ZERO,NORMAL,NORMAL,HIGH,HIGH,HIGH,LOW
False,NORMAL,NORMAL,False,NORMAL,False,NORMAL,False,HIGH,HIGH,False,HIGH,False,False,LOW,LOW,True,ZERO,NORMAL,LOW,LOW,NORMAL,False,NORMAL,NORMAL,ZERO,False,NORMAL,NORMAL,LOW,ZERO,ZERO,HIGH,HIGH,HIGH,HIGH,NORMAL
False,NORMAL,NORMAL,False,NORMAL,False,NORMAL,True,LOW,LOW,False,LOW,False,False,LOW,LOW,False,ZERO,NORMAL,LOW,LOW,NORMAL,False,NORMAL,NORMAL,LOW,False,NORMAL,NORMAL,LOW,ZERO,ZERO,HIGH,HIGH,NORMAL,NORMAL,LOW
False,NORMAL,NORMAL,False,NORMAL,False,NORMAL,False,HIGH,HIGH,False,HIGH,False,False,NORMAL,LOW,False,ZERO,NORMAL,LOW,LOW,HIGH,False,NORMAL,NORMAL,NORMAL,False,NORMAL,NORMAL,LOW,ZERO,ZERO,HIGH,HIGH,HIGH,HIGH,HIGH
False,HIGH,NORMAL,False,HIGH,False,NORMAL,False,HIGH,NORMAL,True,NORMAL,False,False,NORMAL,LOW,False,HIGH,NORMAL,HIGH,HIGH,NORMAL,False,NORMAL,NORMAL,HIGH,True,NORMAL,NORMAL,ZERO,LOW,HIGH,LOW,HIGH,HIGH,HIGH,HIGH
False,NORMAL,NORMAL,False,NORMAL,False,NORMAL,False,HIGH,HIGH,False,HIGH,False,False,NORMAL,LOW,False,ZERO,NORMAL,LOW,LOW,NORMAL,False,NORMAL,NORMAL,HIGH,False,NORMAL,NORMAL,LOW,ZERO,ZERO,HIGH,HIGH,HIGH,HIGH,NORMAL
False,NORMAL,NORMAL,False,NORMAL,False,HIGH,False,HIGH,HIGH,False,HIGH,False,False,LOW,LOW,False,ZERO,NORMAL,LOW,LOW,NORMAL,False,NORMAL,NORMAL,LOW,False,NORMAL,NORMAL,LOW,ZERO,ZERO,HIGH,HIGH,HIGH,NORMAL,LOW
False,NORMAL,NORMAL,False,NORMAL,False,NORMAL,False,LOW,LOW,False,NORMAL,False,False,HIGH,LOW,False,HIGH,NORMAL,HIGH,HIGH,NORMAL,False,NORMAL,NORMAL,LOW,False,NORMAL,NORMAL,LOW,LOW,HIGH,LOW,NORMAL,LOW,LOW,NORMAL
False,NORMAL,NORMAL,False,NORMAL,False,HIGH,False,HIGH,HIGH,False,HIGH,True,False,NORMAL,LOW,False,ZERO,NORMAL,LOW,LOW,NORMAL,False,NORMAL,NORMAL,HIGH,False,NORMAL,NORMAL,LOW,ZERO,ZERO,HIGH,NORMAL,HIGH,HIGH,HIGH
False,NORMAL,NORMAL,False,NORMAL,False,NORMAL,False,HIGH,HIGH,False,HIGH,False,False,NORMAL,LOW,False,ZERO,NORMAL,LOW,LOW,NORMAL,False,NORMAL,NORMAL,NORMAL,False,NORMAL,NORMAL,LOW,ZERO,ZERO,HIGH,HIGH,HIGH,HIGH,NORMAL
False,HIGH,HIGH,True,HIGH,False,LOW,False,HIGH,HIGH,False,HIGH,False,False,LOW,LOW,True,ZERO,NORMAL,LOW,LOW,NORMAL,False,NORMAL,NORMAL,NORMAL,False,NORMAL,NORMAL,LOW,ZERO,ZERO,HIGH,HIGH,HIGH,LOW,LOW
False,HIGH,HIGH,False,HIGH,False,HIGH,False,LOW,LOW,False,LOW,False,False,HIGH,LOW,False,ZERO,NORMAL,LOW,LOW,NORMAL,False,NORMAL,NORMAL,NORMAL,False,NORMAL,NORMAL,LOW,ZERO,NORMAL,NORMAL,NORMAL,NORMAL,NORMAL,NORMAL
False,NORMAL,LOW,False,NORMAL,False,NORMAL,False,HIGH,HIGH,False,HIGH,False,False,HIGH,LOW,False,HIGH,NORMAL,HIGH,HIGH,NORMAL,False,NORMAL,NORMAL,HIGH,True,NORMAL,NORMAL,ZERO,LOW,HIGH,LOW,NORMAL,HIGH,HIGH,HIGH
False,NORMAL,NORMAL,False,NORMAL,False,NORMAL,False,HIGH,HIGH,False,HIGH,False,False,HIGH,LOW,False,ZERO,NORMAL,LOW,LOW,NORMAL,False,NORMAL,NORMAL,HIGH,True,NORMAL,NORMAL,ZERO,ZERO,ZERO,HIGH,HIGH,HIGH,HIGH,HIGH
False,NORMAL,NORMAL,False,NORMAL,False,NORMAL,False,HIGH,HIGH,False,HIGH,False,False,NORMAL,LOW,False,ZERO,NORMAL,LOW,LOW,NORMAL,False,NORMAL,NORMAL,HIGH,False,NORMAL,NORMAL,LOW,ZERO,ZERO,HIGH,HIGH,HIGH,HIGH,HIGH
False,HIGH,HIGH,True,HIGH,False,NORMAL,False,HIGH,HIGH,False,HIGH,False,False,NORMAL,LOW,False,ZERO,NORMAL,LOW,LOW,NORMAL,False,NORMAL,NORMAL,HIGH,False,NORMAL,NORMAL,LOW,ZERO,ZERO,HIGH,HIGH,HIGH,HIGH,HIGH
False,NORMAL,NORMAL,False,NORMAL,False,LOW,False,HIGH,NORMAL,True,NORMAL,False,False,LOW,LOW,False,ZERO,NORMAL,LOW,LOW,NORMAL,False,NORMAL,NORMAL,HIGH,False,NORMAL,NORMAL,LOW,ZERO,ZERO,HIGH,HIGH,HIGH,LOW,LOW
False,NORMAL,NORMAL,False,NORMAL,False,NORMAL,False,HIGH,HIGH,False,HIGH,False,False,HIGH,LOW,False,ZERO,NORMAL,LOW,LOW,NORMAL,False,NORMAL,NORMAL,LOW,False,NORMAL,NORMAL,LOW,ZERO,ZERO,HIGH,HIGH,HIGH,HIGH,HIGH
False,NORMAL,NORMAL,False,NORMAL,False,NORMAL,False,HIGH,HIGH,False,HIGH,False,False,HIGH,LOW,False,ZERO,NORMAL,LOW,LOW,NORMAL,False,NORMAL,NORMAL,NORMAL,False,NORMAL,NORMAL,LOW,ZERO,ZERO,HIGH,HIGH,HIGH,HIGH,HIGH
False,NORMAL,LOW,False,NORMAL,False,NORMAL,False,HIGH,HIGH,False,HIGH,False,False,NORMAL,HIGH,False,LOW,LOW,NORMAL,NORMAL,LOW,False,NORMAL,NORMAL,NORMAL,False,NORMAL,NORMAL,LOW,HIGH,LOW,HIGH,HIGH,HIGH,HIGH,HIGH
False,NORMAL,NORMAL,False,NORMAL,False,NORMAL,False,HIGH,HIGH,False,HIGH,False,False,HIGH,LOW,False,ZERO,NORMAL,LOW,LOW,NORMAL,False,NORMAL,NORMAL,HIGH,False,NORMAL,NORMAL,LOW,ZERO,ZERO,HIGH,HIGH,HIGH,HIGH,HIGH
False,HIGH,HIGH,True,HIGH,False,LOW,False,NORMAL,LOW,False,HIGH,False,False,LOW,ZERO,False,HIGH,LOW,NORMAL,NORMAL,NORMAL,False,NORMAL,NORMAL,HIGH,True,NORMAL,NORMAL,ZERO,LOW,HIGH,NORMAL,HIGH,LOW,LOW,LOW
False,NORMAL,NORMAL,False,NORMAL,False,NORMAL,False,HIGH,HIGH,False,HIGH,False,False,HIGH,LOW,False,ZERO,NORMAL,LOW,LOW,HIGH,False,NORMAL,NORMAL,NORMAL,False,NORMAL,NORMAL,LOW,ZERO,ZERO,HIGH,HIGH,HIGH,HIGH,HIGH
False,HIGH,HIGH,True,HIGH,False,LOW,False,HIGH,HIGH,False,HIGH,False,False,NORMAL,LOW,False,ZERO,NORMAL,LOW,LOW,NORMAL,False,NORMAL,NORMAL,NORMAL,False,NORMAL,NORMAL,LOW,ZERO,ZERO,HIGH,HIGH,HIGH,NORMAL,NORMAL
False,LOW,LOW,False,LOW,False,NORMAL,False,HIGH,HIGH,False,HIGH,True,False,NORMAL,LOW,False,NORMAL,NORMAL,LOW,LOW,NORMAL,False,HIGH,ONESIDED,HIGH,False,NORMAL,NORMAL,LOW,ZERO,NORMAL,NORMAL,HIGH,HIGH,HIGH,HIGH
False,NORMAL,NORMAL,False,NORMAL,False,NORMAL,False,HIGH,HIGH,False,HIGH,False,False,LOW,LOW,False,ZERO,LOW,LOW,LOW,NORMAL,False,NORMAL,NORMAL,LOW,False,NORMAL,NORMAL,LOW,ZERO,ZERO,HIGH,HIGH,HIGH,HIGH,LOW
False,NORMAL,NORMAL,False,NORMAL,False,NORMAL,False,HIGH,HIGH,False,HIGH,False,False,LOW,LOW,False,ZERO,NORMAL,LOW,LOW,NORMAL,False,NORMAL,NORMAL,NORMAL,False,NORMAL,NORMAL,LOW,ZERO,ZERO,HIGH,HIGH,HIGH,HIGH,LOW
False,NORMAL,NORMAL,False,NORMAL,False,NORMAL,False,LOW,LOW,False,LOW,False,False,NORMAL,LOW,False,ZERO,NORMAL,LOW,LOW,NORMAL,False,NORMAL,NORMAL,NORMAL,False,NORMAL,NORMAL,LOW,ZERO,ZERO,HIGH,HIGH,NORMAL,NORMAL,NORMAL
False,HIGH,HIGH,True,HIGH,False,LOW,False,HIGH,NORMAL,True,NORMAL,False,False,HIGH,LOW,False,ZERO,NORMAL,LOW,LOW,NORMAL,False,NORMAL,NORMAL,NORMAL,False,NORMAL,NORMAL,LOW,ZERO,ZERO,HIGH,HIGH,HIGH,LOW,NORMAL
False,NORMAL,NORMAL,False,NORMAL,False,NORMAL,False,HIGH,HIGH,False,HIGH,False,False,LOW,LOW,False,ZERO,NORMAL,LOW,LOW,NORMAL,False,NORMAL,NORMAL,LOW,False,NORMAL,NORMAL,LOW,ZERO,ZERO,HIGH,HIGH,HIGH,HIGH,LOW
True,LOW,LOW,False,LOW,True,LOW,False,HIGH,HIGH,False,HIGH,False,False,LOW,LOW,False,ZERO,NORMAL,LOW,LOW,NORMAL,False,NORMAL,NORMAL,HIGH,False,NORMAL,NORMAL,LOW,ZERO,ZERO,HIGH,HIGH,HIGH,NORMAL,LOW
False,NORMAL,NORMAL,False,NORMAL,False,NORMAL,False,HIGH,HIGH,False,HIGH,False,False,HIGH,LOW,False,ZERO,NORMAL,LOW,LOW,NORMAL,False,NORMAL,NORMAL,NORMAL,False,NORMAL,NORMAL,LOW,ZERO,ZERO,HIGH,HIGH,HIGH,HIGH,HIGH
False,NORMAL,HIGH,False,NORMAL,False,NORMAL,False,HIGH,HIGH,False,HIGH,False,False,NORMAL,LOW,False,ZERO,NORMAL,LOW,LOW,NORMAL,False,NORMAL,NORMAL,HIGH,False,NORMAL,ZERO,ZERO,ZERO,ZERO,HIGH,HIGH,HIGH,HIGH,HIGH
False,NORMAL,NORMAL,False,NORMAL,False,NORMAL,False,HIGH,HIGH,False,HIGH,False,False,LOW,ZERO,False,ZERO,NORMAL,HIGH,HIGH,NORMAL,False,NORMAL,NORMAL,LOW,False,NORMAL,NORMAL,LOW,ZERO,HIGH,LOW,HIGH,HIGH,HIGH,LOW
False,NORMAL,NORMAL,False,NORMAL,False,NORMAL,False,HIGH,NORMAL,True,NORMAL,False,False,LOW,LOW,False,ZERO,NORMAL,LOW,LOW,NORMAL,False,NORMAL,NORMAL,HIGH,False,NORMAL,NORMAL,LOW,ZERO,ZERO,HIGH,HIGH,HIGH,HIGH,LOW
False,LOW,NORMAL,False,LOW,False,NORMAL,False,HIGH,HIGH,False,HIGH,False,False,NORMAL,ZERO,False,HIGH,NORMAL,HIGH,HIGH,NORMAL,False,NORMAL,NORMAL,HIGH,True,LOW,LOW,ZERO,LOW,HIGH,NORMAL,HIGH,HIGH,HIGH,HIGH
False,NORMAL,NORMAL,False,NORMAL,False,NORMAL,False,HIGH,HIGH,False,HIGH,False,False,LOW,LOW,False,ZERO,NORMAL,LOW,LOW,NORMAL,False,NORMAL,NORMAL,HIGH,True,NORMAL,NORMAL,ZERO,ZERO,NORMAL,NORMAL,HIGH,HIGH,HIGH,LOW
False,HIGH,HIGH,True,HIGH,False,LOW,False,HIGH,HIGH,False,HIGH,False,False,NORMAL,LOW,False,ZERO,NORMAL,LOW,LOW,NORMAL,False,NORMAL,NORMAL,NORMAL,False,NORMAL,NORMAL,LOW,ZERO,ZERO,HIGH,HIGH,HIGH,LOW,LOW
False,NORMAL,NORMAL,False,NORMAL,False,NORMAL,False,LOW,LOW,False,LOW,False,False,HIGH,LOW,False,ZERO,NORMAL,LOW,LOW,NORMAL,False,NORMAL,NORMAL,HIGH,False,NORMAL,NORMAL,LOW,ZERO,ZERO,HIGH,HIGH,NORMAL,NORMAL,NORMAL
False,NORMAL,NORMAL,True,NORMAL,False,LOW,False,HIGH,HIGH,False,HIGH,False,False,NORMAL,NORMAL,False,ZERO,NORMAL,LOW,LOW,NORMAL,False,NORMAL,ONESIDED,HIGH,False,NORMAL,NORMAL,LOW,LOW,LOW,HIGH,HIGH,HIGH,LOW,LOW
False,NORMAL,NORMAL,False,NORMAL,False,NORMAL,False,HIGH,HIGH,False,HIGH,False,False,HIGH,NORMAL,False,ZERO,NORMAL,LOW,LOW,NORMAL,False,NORMAL,ONESIDED,HIGH,False,NORMAL,NORMAL,LOW,LOW,LOW,HIGH,HIGH,HIGH,HIGH,HIGH
False,NORMAL,NORMAL,False,NORMAL,False,NORMAL,False,HIGH,HIGH,False,HIGH,False,False,LOW,NORMAL,False,LOW,NORMAL,LOW,LOW,NORMAL,False,HIGH,ONESIDED,HIGH,False,NORMAL,NORMAL,LOW,LOW,LOW,HIGH,HIGH,HIGH,HIGH,LOW
False,NORMAL,NORMAL,False,NORMAL,False,NORMAL,False,HIGH,HIGH,False,HIGH,False,False,HIGH,LOW,False,ZERO,NORMAL,LOW,LOW,NORMAL,False,NORMAL,NORMAL,LOW,False,NORMAL,NORMAL,LOW,ZERO,ZERO,HIGH,HIGH,HIGH,HIGH,HIGH
False,HIGH,HIGH,True,HIGH,False,LOW,False,HIGH,HIGH,False,HIGH,False,False,HIGH,LOW,False,ZERO,NORMAL,LOW,LOW,NORMAL,False,NORMAL,NORMAL,LOW,False,NORMAL,NORMAL,LOW,ZERO,ZERO,HIGH,HIGH,HIGH,NORMAL,HIGH
False,LOW,LOW,False,LOW,False,NORMAL,False,HIGH,HIGH,False,HIGH,False,False,HIGH,LOW,False,ZERO,NORMAL,LOW,LOW,NORMAL,False,NORMAL,NORMAL,HIGH,False,NORMAL,NORMAL,LOW,ZERO,ZERO,HIGH,HIGH,HIGH,HIGH,HIGH
False,NORMAL,NORMAL,False,NORMAL,False,LOW,False,HIGH,HIGH,False,HIGH,False,False,LOW,NORMAL,False,ZERO,NORMAL,LOW,LOW,NORMAL,False,NORMAL,NORMAL,HIGH,False,NORMAL,NORMAL,LOW,ZERO,ZERO,HIGH,HIGH,HIGH,LOW,LOW
False,NORMAL,NORMAL,False,NORMAL,False,LOW,False,HIGH,HIGH,False,HIGH,False,False,NORMAL,HIGH,False,HIGH,NORMAL,LOW,LOW,NORMAL,False,HIGH,ONESIDED,HIGH,False,NORMAL,NORMAL,LOW,HIGH,LOW,HIGH,HIGH,HIGH,LOW,LOW
False,LOW,LOW,False,LOW,False,NORMAL,False,HIGH,HIGH,False,HIGH,False,False,NORMAL,LOW,False,ZERO,NORMAL,LOW,LOW,NORMAL,False,NORMAL,NORMAL,HIGH,True,NORMAL,LOW,ZERO,ZERO,ZERO,HIGH,HIGH,HIGH,HIGH,HIGH
False,NORMAL,NORMAL,False,NORMAL,False,NORMAL,False,HIGH,NORMAL,True,NORMAL,False,False,LOW,LOW,False,ZERO,NORMAL,LOW,LOW,NORMAL,False,NORMAL,NORMAL,LOW,False,NORMAL,NORMAL,LOW,ZERO,ZERO,HIGH,HIGH,HIGH,HIGH,LOW
True,LOW,LOW,False,LOW,True,LOW,False,HIGH,HIGH,False,HIGH,False,False,NORMAL,LOW,False,ZERO,NORMAL,LOW,LOW,NORMAL,False,NORMAL,NORMAL,HIGH,False,NORMAL,NORMAL,LOW,ZERO,ZERO,HIGH,HIGH,HIGH,LOW,LOW
False,HIGH,HIGH,False,HIGH,False,NORMAL,False,LOW,HIGH,True,HIGH,False,False,HIGH,LOW,False,ZERO,NORMAL,LOW,LOW,NORMAL,False,NORMAL,NORMAL,HIGH,False,NORMAL,NORMAL,LOW,ZERO,ZERO,HIGH,HIGH,NORMAL,NORMAL,LOW
False,NORMAL,NORMAL,False,NORMAL,False,NORMAL,False,HIGH,HIGH,False,HIGH,False,False,HIGH,LOW,False,ZERO,LOW,LOW,LOW,NORMAL,False,NORMAL,NORMAL,LOW,False,NORMAL,NORMAL,LOW,ZERO,ZERO,HIGH,HIGH,HIGH,HIGH,HIGH
False,NORMAL,NORMAL,False,NORMAL,False,NORMAL,False,HIGH,NORMAL,True,NORMAL,False,False,LOW,LOW,False,ZERO,NORMAL,LOW,LOW,NORMAL,False,NORMAL,NORMAL,HIGH,False,NORMAL,NORMAL,LOW,ZERO,ZERO,HIGH,HIGH,HIGH,HIGH,NORMAL
False,NORMAL,NORMAL,False,NORMAL,False,NORMAL,False,HIGH,HIGH,False,HIGH,False,False,NORMAL,LOW,False,ZERO,NORMAL,LOW,LOW,NORMAL,False,NORMAL,NORMAL,NORMAL,False,NORMAL,NORMAL,LOW,ZERO,ZERO,HIGH,HIGH,HIGH,HIGH,HIGH
False,NORMAL,NORMAL,False,NORMAL,False,NORMAL,False,HIGH,HIGH,False,HIGH,False,False,LOW,LOW,False,ZERO,NORMAL,LOW,LOW,NORMAL,False,NORMAL,NORMAL,NORMAL,False,NORMAL,NORMAL,LOW,ZERO,ZERO,HIGH,HIGH,HIGH,NORMAL,LOW
False,NORMAL,NORMAL,False,NORMAL,False,NORMAL,False,HIGH,HIGH,False,HIGH,True,False,LOW,LOW,False,ZERO,NORMAL,LOW,LOW,NORMAL,False,NORMAL,NORMAL,NORMAL,False,NORMAL,NORMAL,LOW,ZERO,ZERO,HIGH,HIGH,HIGH,HIGH,LOW
False,NORMAL,NORMAL,False,NORMAL,False,NORMAL,False,LOW,LOW,False,LOW,False,False,LOW,LOW,False,LOW,NORMAL,LOW,LOW,NORMAL,False,NORMAL,NORMAL,LOW,False,NORMAL,NORMAL,LOW,ZERO,ZERO,HIGH,HIGH,NORMAL,NORMAL,LOW
False,HIGH,HIGH,True,HIGH,False,NORMAL,False,LOW,LOW,False,LOW,False,False,LOW,LOW,False,ZERO,NORMAL,LOW,LOW,LOW,False,HIGH,NORMAL,HIGH,False,NORMAL,NORMAL,LOW,ZERO,ZERO,HIGH,HIGH,NORMAL,NORMAL,LOW
False,NORMAL,LOW,False,NORMAL,False,NORMAL,False,HIGH,HIGH,False,HIGH,False,False,LOW,LOW,False,ZERO,NORMAL,LOW,LOW,NORMAL,False,NORMAL,NORMAL,NORMAL,False,NORMAL,NORMAL,LOW,ZERO,ZERO,HIGH,HIGH,HIGH,HIGH,LOW
False,NORMAL,NORMAL,False,NORMAL,False,NORMAL,False,HIGH,HIGH,False,HIGH,True,False,HIGH,LOW,False,ZERO,LOW,LOW,LOW,NORMAL,False,NORMAL,NORMAL,LOW,False,NORMAL,NORMAL,LOW,ZERO,ZERO,HIGH,HIGH,HIGH,HIGH,NORMAL
False,NORMAL,NORMAL,False,NORMAL,False,NORMAL,False,HIGH,HIGH,False,HIGH,False,False,HIGH,LOW,True,ZERO,NORMAL,LOW,LOW,NORMAL,False,NORMAL,NORMAL,ZERO,False,LOW,LOW,ZERO,ZERO,ZERO,HIGH,HIGH,HIGH,HIGH,HIGH
False,NORMAL,NORMAL,False,NORMAL,False,NORMAL,False,LOW,LOW,False,LOW,False,False,HIGH,LOW,False,ZERO,NORMAL,LOW,LOW,NORMAL,False,NORMAL,NORMAL,NORMAL,False,NORMAL,NORMAL,LOW,ZERO,NORMAL,NORMAL,NORMAL,NORMAL,NORMAL,HIGH
False,NORMAL,NORMAL,False,NORMAL,False,NORMAL,False,LOW,LOW,False,LOW,False,False,NORMAL,LOW,False,HIGH,NORMAL,HIGH,HIGH,NORMAL,False,NORMAL,NORMAL,HIGH,True,NORMAL,NORMAL,ZERO,LOW,HIGH,LOW,HIGH,NORMAL,NORMAL,NORMAL
False,NORMAL,NORMAL,False,NORMAL,False,NORMAL,False,HIGH,HIGH,False,HIGH,False,False,HIGH,LOW,False,ZERO,NORMAL,LOW,LOW,NORMAL,False,NORMAL,NORMAL,LOW,False,NORMAL,NORMAL,LOW,ZERO,ZERO,HIGH,HIGH,HIGH,HIGH,HIGH
False,NORMAL,HIGH,False,HIGH,False,NORMAL,False,HIGH,HIGH,False,HIGH,False,False,NORMAL,LOW,False,ZERO,NORMAL,LOW,LOW,HIGH,False,NORMAL,NORMAL,HIGH,False,NORMAL,NORMAL,LOW,ZERO,ZERO,HIGH,HIGH,HIGH,HIGH,HIGH
False,LOW,LOW,False,LOW,False,NORMAL,False,HIGH,HIGH,False,HIGH,True,False,LOW,NORMAL,False,ZERO,NORMAL,LOW,LOW,NORMAL,False,NORMAL,NORMAL,NORMAL,False,NORMAL,NORMAL,LOW,NORMAL,NORMAL,NORMAL,HIGH,HIGH,HIGH,LOW
True,NORMAL,LOW,False,LOW,True,LOW,False,HIGH,HIGH,False,HIGH,False,False,NORMAL,LOW,False,HIGH,NORMAL,HIGH,HIGH,NORMAL,False,NORMAL,NORMAL,NORMAL,False,NORMAL,NORMAL,LOW,LOW,HIGH,LOW,HIGH,HIGH,LOW,LOW
False,NORMAL,NORMAL,False,NORMAL,False,NORMAL,False,HIGH,HIGH,False,HIGH,False,False,HIGH,LOW,False,ZERO,NORMAL,LOW,LOW,NORMAL,False,NORMAL,NORMAL,LOW,False,NORMAL,NORMAL,LOW,ZERO,ZERO,HIGH,HIGH,HIGH,HIGH,HIGH
False,LOW,LOW,False,LOW,False,NORMAL,False,HIGH,HIGH,False,HIGH,False,False,LOW,ZERO,False,ZERO,NORMAL,LOW,LOW,NORMAL,False,NORMAL,NORMAL,LOW,False,NORMAL,NORMAL,LOW,ZERO,ZERO,HIGH,HIGH,HIGH,HIGH,LOW
False,NORMAL,NORMAL,False,NORMAL,False,NORMAL,False,HIGH,HIGH,False,HIGH,False,False,NORMAL,LOW,False,HIGH,NORMAL,HIGH,HIGH,NORMAL,False,NORMAL,NORMAL,LOW,False,NORMAL,NORMAL,LOW,LOW,HIGH,LOW,HIGH,HIGH,HIGH,LOW
False,NORMAL,NORMAL,False,NORMAL,False,NORMAL,False,HIGH,HIGH,False,HIGH,False,False,NORMAL,LOW,False,ZERO,LOW,LOW,LOW,LOW,False,HIGH,NORMAL,HIGH,False,NORMAL,NORMAL,LOW,ZERO,ZERO,HIGH,HIGH,HIGH,HIGH,NORMAL
False,NORMAL,NORMAL,False,NORMAL,False,NORMAL,False,HIGH,HIGH,False,HIGH,False,False,NORMAL,NORMAL,False,ZERO,NORMAL,LOW,LOW,LOW,False,NORMAL,ESOPHAGEAL,NORMAL,False,NORMAL,NORMAL,LOW,LOW,ZERO,HIGH,HIGH,HIGH,HIGH,HIGH
False,NORMAL,NORMAL,False,NORMAL,False,NORMAL,False,HIGH,HIGH,False,HIGH,False,False,NORMAL,ZERO,False,ZERO,NORMAL,LOW,LOW,NORMAL,False,NORMAL,NORMAL,LOW,False,NORMAL,NORMAL,LOW,ZERO,HIGH,LOW,HIGH,HIGH,HIGH,HIGH
False,LOW,LOW,False,LOW,False,LOW,False,HIGH,HIGH,False,HIGH,False,False,LOW,LOW,False,ZERO,NORMAL,LOW,LOW,NORMAL,False,NORMAL,NORMAL,LOW,False,NORMAL,NORMAL,LOW,ZERO,ZERO,HIGH,HIGH,HIGH,LOW,LOW
False,NORMAL,NORMAL,True,NORMAL,False,NORMAL,False,HIGH,HIGH,False,HIGH,False,False,NORMAL,LOW,False,ZERO,NORMAL,LOW,LOW,NORMAL,False,NORMAL,NORMAL,LOW,False,NORMAL,NORMAL,LOW,ZERO,ZERO,HIGH,HIGH,HIGH,HIGH,NORMAL
False,NORMAL,NORMAL,False,NORMAL,False,NORMAL,False,HIGH,NORMAL,True,NORMAL,False,False,LOW,LOW,False,HIGH,NORMAL,HIGH,HIGH,NORMAL,False,NORMAL,NORMAL,HIGH,False,LOW,LOW,ZERO,LOW,HIGH,LOW,NORMAL,HIGH,HIGH,LOW
False,LOW,LOW,False,LOW,True,LOW,False,HIGH,HIGH,False,HIGH,False,False,NORMAL,LOW,False,ZERO,NORMAL,LOW,LOW,NORMAL,False,NORMAL,NORMAL,HIGH,False,NORMAL,NORMAL,LOW,ZERO,ZERO,HIGH,HIGH,HIGH,LOW,LOW
True,LOW,LOW,True,LOW,True,LOW,False,HIGH,HIGH,False,HIGH,False,False,NORMAL,LOW,False,ZERO,NORMAL,LOW,LOW,NORMAL,False,NORMAL,NORMAL,NORMAL,False,NORMAL,NORMAL,LOW,ZERO,ZERO,HIGH,HIGH,HIGH,LOW,LOW
False,NORMAL,NORMAL,False,NORMAL,False,NORMAL,False,HIGH,NORMAL,False,HIGH,False,False,LOW,LOW,False,ZERO,NORMAL,LOW,LOW,NORMAL,False,NORMAL,NORMAL,HIGH,True,NORMAL,NORMAL,ZERO,ZERO,ZERO,HIGH,HIGH,HIGH,HIGH,NORMAL
False,HIGH,HIGH,True,HIGH,False,LOW,False,HIGH,HIGH,False,HIGH,False,False,LOW,LOW,False,ZERO,NORMAL,LOW,LOW,NORMAL,False,HIGH,NORMAL,LOW,False,NORMAL,NORMAL,LOW,ZERO,ZERO,HIGH,HIGH,HIGH,LOW,LOW
False,NORMAL,NORMAL,False,NORMAL,False,NORMAL,False,HIGH,HIGH,False,HIGH,True,False,LOW,LOW,False,ZERO,NORMAL,LOW,LOW,NORMAL,False,NORMAL,NORMAL,HIGH,False,NORMAL,NORMAL,LOW,ZERO,ZERO,HIGH,HIGH,HIGH,HIGH,LOW
False,NORMAL,LOW,False,NORMAL,False,NORMAL,False,HIGH,NORMAL,False,HIGH,False,False,NORMAL,LOW,False,ZERO,NORMAL,LOW,LOW,NORMAL,False,HIGH,NORMAL,LOW,False,NORMAL,NORMAL,LOW,ZERO,ZERO,HIGH,HIGH,HIGH,HIGH,LOW
False,NORMAL,NORMAL,False,NORMAL,False,NORMAL,False,HIGH,HIGH,False,HIGH,False,False,NORMAL,NORMAL,False,ZERO,NORMAL,LOW,LOW,NORMAL,False,HIGH,ONESIDED,HIGH,False,NORMAL,NORMAL,LOW,LOW,ZERO,HIGH,HIGH,HIGH,HIGH,HIGH
False,NORMAL,NORMAL,False,NORMAL,False,NORMAL,True,NORMAL,HIGH,False,HIGH,False,False,NORMAL,LOW,False,HIGH,NORMAL,HIGH,HIGH,NORMAL,False,NORMAL,NORMAL,HIGH,False,NORMAL,ZERO,ZERO,LOW,HIGH,LOW,HIGH,HIGH,HIGH,HIGH
False,NORMAL,NORMAL,False,NORMAL,False,HIGH,False,HIGH,NORMAL,True,NORMAL,False,False,LOW,HIGH,False,HIGH,NORMAL,HIGH,HIGH,NORMAL,False,NORMAL,NORMAL,LOW,False,NORMAL,NORMAL,HIGH,LOW,HIGH,LOW,HIGH,HIGH,HIGH,LOW
False,NORMAL,NORMAL,False,NORMAL,False,NORMAL,False,HIGH,NORMAL,True,NORMAL,False,False,LOW,LOW,False,ZERO,NORMAL,LOW,LOW,NORMAL,False,NORMAL,NORMAL,HIGH,False,NORMAL,NORMAL,LOW,ZERO,ZERO,HIGH,HIGH,HIGH,HIGH,LOW
False,NORMAL,NORMAL,False,NORMAL,False,NORMAL,False,LOW,LOW,False,LOW,False,False,HIGH,LOW,False,ZERO,NORMAL,LOW,LOW,NORMAL,False,NORMAL,NORMAL,NORMAL,False,NORMAL,NORMAL,LOW,ZERO,ZERO,HIGH,HIGH,NORMAL,NORMAL,HIGH
False,NORMAL,NORMAL,False,NORMAL,False,NORMAL,False,HIGH,HIGH,False,HIGH,False,False,HIGH,LOW,True,ZERO,NORMAL,LOW,LOW,NORMAL,False,NORMAL,NORMAL,NORMAL,False,NORMAL,NORMAL,LOW,ZERO,ZERO,HIGH,HIGH,HIGH,HIGH,HIGH
True,LOW,LOW,False,LOW,True,LOW,False,HIGH,HIGH,False,HIGH,False,False,LOW,LOW,False,ZERO,NORMAL,LOW,LOW,NORMAL,False,NORMAL,NORMAL,NORMAL,False,NORMAL,NORMAL,LOW,ZERO,ZERO,HIGH,HIGH,HIGH,LOW,NORMAL
False,HIGH,HIGH,False,HIGH,False,NORMAL,False,LOW,LOW,False,LOW,False,False,HIGH,LOW,False,ZERO,NORMAL,LOW,LOW,NORMAL,False,NORMAL,NORMAL,HIGH,False,NORMAL,NORMAL,LOW,ZERO,ZERO,HIGH,NORMAL,NORMAL,NORMAL,NORMAL
False,HIGH,HIGH,True,HIGH,False,LOW,False,HIGH,HIGH,False,HIGH,False,False,NORMAL,LOW,False,HIGH,NORMAL,HIGH,HIGH,NORMAL,False,NORMAL,NORMAL,HIGH,False,NORMAL,LOW,ZERO,LOW,HIGH,LOW,HIGH,HIGH,HIGH,HIGH
False,NORMAL,NORMAL,False,NORMAL,False,NORMAL,False,HIGH,HIGH,False,HIGH,False,False,HIGH,LOW,False,ZERO,NORMAL,LOW,LOW,NORMAL,False,NORMAL,NORMAL,HIGH,False,NORMAL,ZERO,ZERO,ZERO,ZERO,HIGH,HIGH,HIGH,HIGH,HIGH
False,NORMAL,HIGH,True,HIGH,False,NORMAL,False,HIGH,HIGH,False,HIGH,True,False,HIGH,LOW,False,LOW,NORMAL,LOW,LOW,NORMAL,False,NORMAL,NORMAL,NORMAL,False,NORMAL,NORMAL,LOW,ZERO,ZERO,HIGH,HIGH,HIGH,HIGH,HIGH
False,LOW,LOW,False,LOW,False,NORMAL,False,HIGH,HIGH,False,HIGH,False,False,LOW,LOW,False,ZERO,NORMAL,LOW,LOW,NORMAL,False,NORMAL,NORMAL,LOW,False,NORMAL,NORMAL,LOW,ZERO,ZERO,HIGH,HIGH,HIGH,HIGH,LOW
False,NORMAL,NORMAL,False,NORMAL,False,NORMAL,False,LOW,LOW,True,HIGH,False,False,NORMAL,LOW,False,ZERO,NORMAL,LOW,LOW,HIGH,False,HIGH,NORMAL,HIGH,False,NORMAL,NORMAL,LOW,ZERO,ZERO,HIGH,HIGH,NORMAL,NORMAL,NORMAL
False,NORMAL,NORMAL,False,NORMAL,False,NORMAL,False,LOW,LOW,False,LOW,False,False,NORMAL,NORMAL,False,LOW,NORMAL,LOW,LOW,LOW,False,NORMAL,ONESIDED,HIGH,False,NORMAL,NORMAL,LOW,LOW,LOW,HIGH,NORMAL,NORMAL,NORMAL,NORMAL
False,NORMAL,HIGH,False,HIGH,False,NORMAL,False,NORMAL,HIGH,False,HIGH,False,False,LOW,LOW,False,ZERO,NORMAL,LOW,LOW,LOW,False,NORMAL,NORMAL,LOW,False,NORMAL,NORMAL,LOW,ZERO,NORMAL,NORMAL,HIGH,LOW,NORMAL,LOW
False,NORMAL,LOW,False,NORMAL,False,NORMAL,False,HIGH,HIGH,False,HIGH,False,False,LOW,LOW,False,ZERO,NORMAL,LOW,LOW,NORMAL,False,NORMAL,NORMAL,HIGH,False,NORMAL,NORMAL,LOW,ZERO,ZERO,HIGH,HIGH,HIGH,HIGH,LOW
False,NORMAL,NORMAL,False,NORMAL,False,NORMAL,False,HIGH,HIGH,False,HIGH,False,False,LOW,LOW,False,ZERO,NORMAL,LOW,LOW,NORMAL,False,NORMAL,NORMAL,HIGH,False,NORMAL,NORMAL,LOW,ZERO,ZERO,HIGH,HIGH,HIGH,HIGH,LOW
False,LOW,LOW,False,LOW,False,NORMAL,False,HIGH,HIGH,False,HIGH,False,False,HIGH,LOW,False,ZERO,NORMAL,LOW,LOW,NORMAL,False,NORMAL,NORMAL,NORMAL,False,NORMAL,NORMAL,LOW,ZERO,ZERO,HIGH,HIGH,HIGH,HIGH,NORMAL
False,NORMAL,NORMAL,False,NORMAL,False,NORMAL,False,HIGH,HIGH,False,HIGH,False,False,LOW,LOW,False,ZERO,NORMAL,LOW,LOW,NORMAL,False,NORMAL,NORMAL,NORMAL,False,NORMAL,NORMAL,LOW,ZERO,ZERO,HIGH,HIGH,HIGH,HIGH,LOW
False,HIGH,HIGH,True,HIGH,False,NORMAL,False,LOW,LOW,False,LOW,False,False,HIGH,ZERO,False,HIGH,NORMAL,HIGH,HIGH,NORMAL,False,NORMAL,NORMAL,HIGH,False,LOW,LOW,ZERO,LOW,HIGH,NORMAL,NORMAL,NORMAL,NORMAL,NORMAL
False,NORMAL,NORMAL,False,NORMAL,False,NORMAL,False,HIGH,HIGH,False,HIGH,False,False,HIGH,LOW,False,ZERO,NORMAL,LOW,LOW,NORMAL,False,NORMAL,NORMAL,LOW,False,NORMAL,NORMAL,LOW,ZERO,ZERO,HIGH,HIGH,HIGH,HIGH,HIGH
False,NORMAL,NORMAL,False,NORMAL,False,NORMAL,False,HIGH,HIGH,False,HIGH,False,False,LOW,LOW,False,LOW,NORMAL,HIGH,HIGH,NORMAL,False,NORMAL,NORMAL,HIGH,True,LOW,LOW,ZERO,LOW,HIGH,LOW,HIGH,HIGH,HIGH,LOW
False,NORMAL,NORMAL,False,NORMAL,False,NORMAL,False,HIGH,HIGH,False,HIGH,False,False,HIGH,LOW,False,ZERO,NORMAL,LOW,LOW,NORMAL,False,NORMAL,NORMAL,NORMAL,False,NORMAL,NORMAL,LOW,ZERO,ZERO,HIGH,HIGH,HIGH,HIGH,HIGH
False,NORMAL,NORMAL,False,NORMAL,False,LOW,False,LOW,LOW,False,LOW,False,False,HIGH,LOW,False,HIGH,NORMAL,HIGH,HIGH,NORMAL,False,NORMAL,NORMAL,LOW,False,HIGH,HIGH,HIGH,LOW,HIGH,LOW,NORMAL,NORMAL,LOW,NORMAL
True,LOW,LOW,True,LOW,True,LOW,False,HIGH,HIGH,False,HIGH,False,False,NORMAL,LOW,False,ZERO,NORMAL,LOW,LOW,NORMAL,False,NORMAL,NORMAL,LOW,False,NORMAL,NORMAL,LOW,ZERO,ZERO,HIGH,HIGH,HIGH,NORMAL,HIGH
False,NORMAL,NORMAL,False,NORMAL,False,HIGH,False,HIGH,HIGH,False,HIGH,False,False,NORMAL,LOW,False,ZERO,NORMAL,LOW,LOW,NORMAL,False,NORMAL,NORMAL,HIGH,False,NORMAL,NORMAL,LOW,ZERO,ZERO,HIGH,HIGH,HIGH,HIGH,LOW
False,NORMAL,NORMAL,False,NORMAL,False,NORMAL,False,LOW,LOW,False,LOW,False,False,HIGH,LOW,False,HIGH,NORMAL,HIGH,HIGH,NORMAL,False,NORMAL,NORMAL,HIGH,False,LOW,LOW,ZERO,LOW,HIGH,LOW,NORMAL,NORMAL,NORMAL,HIGH
False,NORMAL,HIGH,True,HIGH,False,NORMAL,False,LOW,LOW,False,HIGH,False,False,HIGH,LOW,False,HIGH,NORMAL,HIGH,HIGH,NORMAL,False,NORMAL,NORMAL,NORMAL,False,HIGH,HIGH,HIGH,LOW,HIGH,LOW,NORMAL,NORMAL,NORMAL,NORMAL
False,NORMAL,NORMAL,False,NORMAL,False,NORMAL,False,LOW,LOW,False,LOW,False,False,NORMAL,LOW,False,ZERO,NORMAL,LOW,LOW,NORMAL,False,NORMAL,NORMAL,ZERO,False,NORMAL,NORMAL,LOW,ZERO,ZERO,HIGH,HIGH,NORMAL,NORMAL,NORMAL
False,NORMAL,NORMAL,False,NORMAL,False,NORMAL,False,HIGH,HIGH,False,HIGH,False,False,NORMAL,LOW,False,LOW,NORMAL,LOW,LOW,NORMAL,False,NORMAL,ESOPHAGEAL,HIGH,False,NORMAL,NORMAL,LOW,ZERO,LOW,HIGH,HIGH,HIGH,LOW,LOW
False,NORMAL,NORMAL,False,NORMAL,False,NORMAL,False,HIGH,HIGH,False,HIGH,False,False,HIGH,LOW,False,ZERO,NORMAL,LOW,LOW,NORMAL,False,HIGH,NORMAL,LOW,False,NORMAL,NORMAL,LOW,ZERO,ZERO,HIGH,NORMAL,HIGH,HIGH,HIGH
False,NORMAL,NORMAL,True,HIGH,False,LOW,False,HIGH,HIGH,False,HIGH,False,False,NORMAL,HIGH,False,LOW,NORMAL,LOW,LOW,NORMAL,False,NORMAL,NORMAL,LOW,False,NORMAL,NORMAL,LOW,HIGH,ZERO,HIGH,HIGH,HIGH,LOW,LOW
False,NORMAL,NORMAL,False,NORMAL,False,NORMAL,False,HIGH,HIGH,False,HIGH,False,False,NORMAL,LOW,False,ZERO,LOW,LOW,LOW,NORMAL,False,NORMAL,NORMAL,HIGH,False,NORMAL,NORMAL,LOW,ZERO,ZERO,HIGH,HIGH,HIGH,HIGH,HIGH
True,HIGH,LOW,False,LOW,True,LOW,False,HIGH,HIGH,False,HIGH,False,False,NORMAL,LOW,False,HIGH,NORMAL,HIGH,HIGH,NORMAL,False,NORMAL,NORMAL,LOW,False,HIGH,HIGH,HIGH,LOW,HIGH,LOW,HIGH,HIGH,LOW,LOW
False,NORMAL,NORMAL,False,NORMAL,False,NORMAL,False,LOW,LOW,False,LOW,False,False,LOW,LOW,False,ZERO,NORMAL,LOW,LOW,NORMAL,False,NORMAL,NORMAL,HIGH,True,NORMAL,NORMAL,ZERO,ZERO,ZERO,HIGH,NORMAL,NORMAL,NORMAL,LOW
False,HIGH,HIGH,True,HIGH,False,LOW,False,HIGH,HIGH,False,HIGH,False,False,LOW,LOW,False,HIGH,NORMAL,HIGH,HIGH,LOW,False,NORMAL,NORMAL,LOW,False,HIGH,HIGH,HIGH,LOW,HIGH,LOW,HIGH,HIGH,LOW,LOW
True,LOW,LOW,True,LOW,True,LOW,False,HIGH,HIGH,False,HIGH,False,False,NORMAL,LOW,False,ZERO,NORMAL,LOW,LOW,NORMAL,False,NORMAL,NORMAL,LOW,False,NORMAL,NORMAL,LOW,ZERO,ZERO,HIGH,HIGH,HIGH,LOW,LOW
False,HIGH,HIGH,False,HIGH,False,NORMAL,False,HIGH,HIGH,False,HIGH,False,False,NORMAL,LOW,False,ZERO,NORMAL,LOW,LOW,NORMAL,False,NORMAL,NORMAL,HIGH,False,NORMAL,NORMAL,LOW,ZERO,ZERO,HIGH,HIGH,HIGH,HIGH,HIGH
False,NORMAL,NORMAL,False,NORMAL,False,NORMAL,False,HIGH,HIGH,False,HIGH,False,False,LOW,NORMAL,False,LOW,NORMAL,LOW,LOW,NORMAL,False,NORMAL,NORMAL,HIGH,False,NORMAL,NORMAL,NORMAL,HIGH,LOW,HIGH,HIGH,HIGH,HIGH,NORMAL
False,NORMAL,NORMAL,False,NORMAL,False,NORMAL,False,HIGH,NORMAL,True,NORMAL,False,False,NORMAL,LOW,False,ZERO,NORMAL,LOW,LOW,NORMAL,False,NORMAL,NORMAL,LOW,False,NORMAL,NORMAL,LOW,ZERO,ZERO,HIGH,HIGH,HIGH,HIGH,NORMAL
False,NORMAL,NORMAL,False,NORMAL,False,NORMAL,False,HIGH,HIGH,False,HIGH,False,False,HIGH,LOW,False,ZERO,NORMAL,LOW,LOW,NORMAL,False,NORMAL,NORMAL,NORMAL,False,NORMAL,NORMAL,LOW,ZERO,ZERO,HIGH,HIGH,HIGH,HIGH,HIGH
False,HIGH,HIGH,True,HIGH,False,NORMAL,False,HIGH,HIGH,False,HIGH,False,False,NORMAL,LOW,False,ZERO,NORMAL,LOW,LOW,NORMAL,False,NORMAL,NORMAL,HIGH,False,NORMAL,NORMAL,LOW,ZERO,ZERO,HIGH,HIGH,HIGH,HIGH,HIGH
False,NORMAL,NORMAL,False,NORMAL,False,NORMAL,False,HIGH,HIGH,False,HIGH,False,False,NORMAL,LOW,False,ZERO,NORMAL,LOW,LOW,NORMAL,False,NORMAL,NORMAL,HIGH,False,NORMAL,NORMAL,LOW,ZERO,ZERO,HIGH,HIGH,HIGH,HIGH,HIGH
False,NORMAL,NORMAL,False,NORMAL,False,NORMAL,False,HIGH,HIGH,False,HIGH,False,False,NORMAL,HIGH,False,ZERO,NORMAL,LOW,LOW,NORMAL,False,NORMAL,NORMAL,HIGH,True,NORMAL,NORMAL,ZERO,ZERO,ZERO,HIGH,HIGH,HIGH,HIGH,HIGH
False,NORMAL,NORMAL,False,NORMAL,False,NORMAL,True,NORMAL,HIGH,False,HIGH,True,False,HIGH,LOW,False,ZERO,NORMAL,LOW,LOW,NORMAL,False,NORMAL,NORMAL,LOW,False,NORMAL,NORMAL,LOW,ZERO,ZERO,HIGH,HIGH,HIGH,HIGH,HIGH
False,NORMAL,NORMAL,False,NORMAL,False,NORMAL,False,HIGH,HIGH,False,HIGH,False,False,LOW,LOW,False,ZERO,NORMAL,LOW,LOW,NORMAL,False,HIGH,NORMAL,LOW,False,NORMAL,NORMAL,LOW,ZERO,ZERO,HIGH,HIGH,HIGH,HIGH,NORMAL
False,NORMAL,NORMAL,False,NORMAL,False,NORMAL,False,HIGH,NORMAL,True,NORMAL,False,False,LOW,LOW,True,ZERO,NORMAL,LOW,LOW,NORMAL,False,NORMAL,NORMAL,ZERO,True,NORMAL,NORMAL,ZERO,ZERO,ZERO,HIGH,HIGH,HIGH,HIGH,LOW
False,NORMAL,NORMAL,False,NORMAL,False,NORMAL,False,LOW,LOW,False,LOW,False,False,HIGH,LOW,False,HIGH,NORMAL,HIGH,HIGH,NORMAL,False,NORMAL,NORMAL,HIGH,False,NORMAL,ZERO,ZERO,LOW,HIGH,LOW,NORMAL,NORMAL,NORMAL,NORMAL
False,NORMAL,NORMAL,False,NORMAL,False,NORMAL,True,NORMAL,HIGH,False,HIGH,False,False,LOW,LOW,False,HIGH,NORMAL,HIGH,HIGH,NORMAL,False,NORMAL,NORMAL,HIGH,False,NORMAL,ZERO,ZERO,LOW,HIGH,LOW,HIGH,HIGH,HIGH,NORMAL
False,HIGH,HIGH,True,HIGH,False,NORMAL,False,HIGH,HIGH,False,HIGH,False,False,LOW,LOW,False,ZERO,NORMAL,HIGH,HIGH,NORMAL,False,NORMAL,NORMAL,LOW,False,HIGH,HIGH,HIGH,LOW,HIGH,LOW,HIGH,HIGH,HIGH,NORMAL
False,NORMAL,NORMAL,False,NORMAL,False,NORMAL,False,HIGH,HIGH,False,HIGH,False,False,LOW,LOW,False,ZERO,NORMAL,LOW,LOW,NORMAL,False,NORMAL,NORMAL,LOW,False,NORMAL,NORMAL,LOW,ZERO,ZERO,HIGH,HIGH,HIGH,HIGH,LOW
True,NORMAL,NORMAL,False,NORMAL,False,NORMAL,True,NORMAL,LOW,False,LOW,False,False,LOW,LOW,False,ZERO,NORMAL,LOW,LOW,LOW,False,NORMAL,NORMAL,LOW,False,NORMAL,NORMAL,LOW,ZERO,ZERO,HIGH,HIGH,NORMAL,NORMAL,LOW
False,NORMAL,NORMAL,False,NORMAL,False,NORMAL,False,HIGH,HIGH,False,HIGH,False,False,NORMAL,LOW,False,ZERO,NORMAL,LOW,LOW,NORMAL,False,NORMAL,NORMAL,LOW,False,NORMAL,NORMAL,LOW,ZERO,ZERO,HIGH,HIGH,HIGH,HIGH,HIGH
False,NORMAL,NORMAL,False,NORMAL,False,NORMAL,False,HIGH,HIGH,False,HIGH,False,False,NORMAL,LOW,False,ZERO,NORMAL,LOW,LOW,NORMAL,False,NORMAL,NORMAL,HIGH,False,NORMAL,NORMAL,LOW,ZERO,ZERO,HIGH,HIGH,HIGH,HIGH,NORMAL
False,HIGH,HIGH,True,HIGH,False,LOW,False,HIGH,HIGH,False,HIGH,False,False,NORMAL,LOW,False,ZERO,NORMAL,LOW,LOW,NORMAL,False,NORMAL,NORMAL,HIGH,False,NORMAL,ZERO,ZERO,ZERO,ZERO,HIGH,HIGH,HIGH,LOW,LOW
False,NORMAL,NORMAL,False,NORMAL,False,NORMAL,False,LOW,LOW,False,LOW,False,False,HIGH,LOW,False,ZERO,NORMAL,NORMAL,NORMAL,NORMAL,False,NORMAL,NORMAL,HIGH,False,NORMAL,NORMAL,LOW,ZERO,ZERO,HIGH,NORMAL,NORMAL,NORMAL,HIGH
False,NORMAL,NORMAL,False,NORMAL,False,NORMAL,False,HIGH,HIGH,False,HIGH,True,False,NORMAL,LOW,False,ZERO,NORMAL,LOW,LOW,NORMAL,False,NORMAL,NORMAL,HIGH,False,NORMAL,NORMAL,LOW,ZERO,ZERO,HIGH,HIGH,HIGH,HIGH,HIGH
False,HIGH,HIGH,True,HIGH,False,LOW,False,HIGH,HIGH,False,HIGH,False,False,NORMAL,LOW,False,HIGH,NORMAL,HIGH,HIGH,NORMAL,False,NORMAL,NORMAL,NORMAL,True,NORMAL,NORMAL,ZERO,LOW,HIGH,LOW,HIGH,HIGH,NORMAL,NORMAL
False,NORMAL,NORMAL,False,NORMAL,False,NORMAL,False,LOW,LOW,False,LOW,False,False,LOW,LOW,False,ZERO,NORMAL,LOW,LOW,NORMAL,False,NORMAL,NORMAL,HIGH,False,NORMAL,NORMAL,ZERO,ZERO,ZERO,HIGH,HIGH,NORMAL,NORMAL,LOW
False,NORMAL,NORMAL,False,NORMAL,False,NORMAL,False,HIGH,HIGH,False,HIGH,False,False,LOW,LOW,False,NORMAL,NORMAL,LOW,LOW,NORMAL,False,HIGH,ONESIDED,LOW,True,NORMAL,NORMAL,ZERO,ZERO,NORMAL,NORMAL,HIGH,HIGH,HIGH,LOW
False,NORMAL,NORMAL,False,NORMAL,False,NORMAL,False,HIGH,HIGH,False,HIGH,True,False,HIGH,LOW,True,ZERO,NORMAL,LOW,LOW,NORMAL,False,NORMAL,NORMAL,ZERO,False,NORMAL,NORMAL,LOW,ZERO,ZERO,HIGH,HIGH,HIGH,HIGH,HIGH
False,NORMAL,NORMAL,False,NORMAL,False,NORMAL,False,NORMAL,LOW,False,LOW,False,False,HIGH,LOW,False,HIGH,NORMAL,HIGH,HIGH,NORMAL,False,NORMAL,NORMAL,HIGH,False,NORMAL,ZERO,ZERO,LOW,HIGH,LOW,NORMAL,LOW,LOW,NORMAL
False,LOW,NORMAL,False,NORMAL,False,NORMAL,False,HIGH,HIGH,False,HIGH,False,False,LOW,LOW,False,ZERO,NORMAL,LOW,LOW,NORMAL,False,NORMAL,NORMAL,LOW,False,NORMAL,NORMAL,LOW,ZERO,ZERO,HIGH,HIGH,HIGH,HIGH,LOW
False,LOW,NORMAL,False,NORMAL,False,NORMAL,False,NORMAL,HIGH,False,HIGH,True,False,LOW,LOW,False,HIGH,NORMAL,HIGH,HIGH,NORMAL,False,NORMAL,NORMAL,HIGH,True,NORMAL,NORMAL,ZERO,LOW,HIGH,LOW,HIGH,HIGH,HIGH,LOW
False,HIGH,HIGH,True,HIGH,False,LOW,False,HIGH,HIGH,False,HIGH,False,False,NORMAL,LOW,False,ZERO,NORMAL,LOW,LOW,NORMAL,False,NORMAL,NORMAL,NORMAL,False,NORMAL,NORMAL,LOW,ZERO,ZERO,HIGH,HIGH,HIGH,NORMAL,NORMAL
False,NORMAL,NORMAL,False,NORMAL,False,HIGH,False,LOW,LOW,False,LOW,False,False,HIGH,LOW,False,ZERO,NORMAL,LOW,LOW,NORMAL,False,NORMAL,NORMAL,LOW,False,NORMAL,NORMAL,LOW,ZERO,ZERO,HIGH,HIGH,NORMAL,NORMAL,NORMAL
False,LOW,LOW,False,LOW,False,NORMAL,False,HIGH,HIGH,False,HIGH,True,False,NORMAL,LOW,False,ZERO,NORMAL,LOW,LOW,NORMAL,False,NORMAL,NORMAL,LOW,False,NORMAL,NORMAL,LOW,ZERO,ZERO,HIGH,HIGH,HIGH,HIGH,HIGH
False,LOW,LOW,False,LOW,False,NORMAL,False,HIGH,HIGH,False,HIGH,False,False,HIGH,LOW,False,ZERO,NORMAL,LOW,LOW,NORMAL,False,NORMAL,NORMAL,LOW,False,NORMAL,NORMAL,LOW,ZERO,ZERO,HIGH,HIGH,HIGH,HIGH,HIGH
False,NORMAL,NORMAL,False,NORMAL,False,NORMAL,False,HIGH,HIGH,False,HIGH,False,False,NORMAL,LOW,False,ZERO,NORMAL,LOW,LOW,NORMAL,False,NORMAL,NORMAL,HIGH,False,NORMAL,NORMAL,LOW,ZERO,ZERO,HIGH,HIGH,HIGH,HIGH,HIGH
False,LOW,HIGH,True,HIGH,False,LOW,False,HIGH,HIGH,False,HIGH,False,False,LOW,LOW,False,ZERO,LOW,LOW,LOW,NORMAL,False,NORMAL,NORMAL,HIGH,False,LOW,NORMAL,LOW,ZERO,ZERO,HIGH,HIGH,HIGH,LOW,LOW
False,NORMAL,NORMAL,False,NORMAL,False,NORMAL,False,HIGH,HIGH,False,HIGH,False,False,NORMAL,ZERO,False,ZERO,NORMAL,LOW,LOW,HIGH,True,HIGH,NORMAL,HIGH,False,NORMAL,NORMAL,LOW,ZERO,ZERO,HIGH,HIGH,HIGH,HIGH,LOW
False,NORMAL,NORMAL,False,NORMAL,False,LOW,False,HIGH,HIGH,False,HIGH,False,False,NORMAL,LOW,False,ZERO,NORMAL,LOW,LOW,NORMAL,False,NORMAL,NORMAL,LOW,False,NORMAL,NORMAL,LOW,ZERO,ZERO,HIGH,HIGH,HIGH,LOW,LOW
False,NORMAL,NORMAL,False,NORMAL,False,HIGH,False,HIGH,NORMAL,True,NORMAL,True,False,HIGH,LOW,False,ZERO,NORMAL,LOW,LOW,NORMAL,False,NORMAL,NORMAL,HIGH,False,NORMAL,NORMAL,LOW,ZERO,ZERO,HIGH,HIGH,HIGH,HIGH,HIGH
False,NORMAL,NORMAL,False,NORMAL,False,NORMAL,False,LOW,LOW,False,LOW,False,False,HIGH,ZERO,True,ZERO,NORMAL,LOW,LOW,NORMAL,False,NORMAL,NORMAL,LOW,False,NORMAL,NORMAL,LOW,ZERO,ZERO,LOW,NORMAL,NORMAL,NORMAL,HIGH
False,LOW,HIGH,True,HIGH,False,LOW,False,LOW,LOW,False,LOW,False,True,LOW,LOW,False,ZERO,NORMAL,LOW,LOW,NORMAL,False,NORMAL,NORMAL,LOW,False,NORMAL,NORMAL,LOW,ZERO,ZERO,HIGH,HIGH,NORMAL,LOW,LOW
False,LOW,NORMAL,False,NORMAL,False,NORMAL,False,HIGH,HIGH,False,HIGH,False,False,LOW,LOW,False,ZERO,LOW,LOW,LOW,NORMAL,False,NORMAL,NORMAL,NORMAL,False,NORMAL,NORMAL,LOW,ZERO,ZERO,HIGH,HIGH,HIGH,HIGH,NORMAL
False,NORMAL,NORMAL,False,NORMAL,False,NORMAL,False,HIGH,HIGH,False,HIGH,False,False,LOW,LOW,False,HIGH,NORMAL,HIGH,HIGH,NORMAL,False,NORMAL,NORMAL,HIGH,True,NORMAL,NORMAL,ZERO,LOW,HIGH,LOW,HIGH,HIGH,HIGH,LOW
False,NORMAL,NORMAL,False,NORMAL,False,NORMAL,False,HIGH,HIGH,False,HIGH,False,False,NORMAL,HIGH,False,LOW,NORMAL,LOW,LOW,NORMAL,False,NORMAL,NORMAL,HIGH,False,NORMAL,NORMAL,NORMAL,HIGH,LOW,HIGH,HIGH,HIGH,HIGH,HIGH
False,LOW,LOW,False,LOW,False,NORMAL,False,HIGH,HIGH,False,HIGH,False,False,LOW,HIGH,False,LOW,NORMAL,LOW,LOW,NORMAL,False,NORMAL,NORMAL,HIGH,False,NORMAL,NORMAL,NORMAL,HIGH,LOW,HIGH,HIGH,HIGH,HIGH,LOW
False,LOW,LOW,False,LOW,True,LOW,False,HIGH,LOW,False,HIGH,True,False,NORMAL,LOW,False,ZERO,NORMAL,LOW,LOW,NORMAL,False,NORMAL,NORMAL,HIGH,False,NORMAL,NORMAL,LOW,ZERO,ZERO,HIGH,HIGH,HIGH,NORMAL,NORMAL
False,NORMAL,NORMAL,True,NORMAL,False,NORMAL,False,HIGH,HIGH,False,HIGH,False,False,NORMAL,LOW,False,ZERO,NORMAL,LOW,LOW,NORMAL,False,NORMAL,NORMAL,HIGH,False,NORMAL,NORMAL,LOW,ZERO,ZERO,HIGH,HIGH,HIGH,HIGH,LOW
False,NORMAL,NORMAL,False,NORMAL,False,LOW,False,HIGH,HIGH,False,HIGH,False,False,NORMAL,LOW,False,HIGH,NORMAL,HIGH,HIGH,NORMAL,False,NORMAL,NORMAL,HIGH,True,NORMAL,NORMAL,ZERO,LOW,HIGH,LOW,HIGH,HIGH,LOW,LOW
False,HIGH,HIGH,True,HIGH,False,LOW,False,HIGH,HIGH,False,HIGH,True,False,HIGH,LOW,False,ZERO,NORMAL,LOW,LOW,NORMAL,False,NORMAL,NORMAL,HIGH,False,NORMAL,NORMAL,LOW,ZERO,ZERO,HIGH,HIGH,HIGH,LOW,NORMAL
False,NORMAL,HIGH,True,HIGH,False,LOW,False,HIGH,HIGH,False,LOW,False,False,NORMAL,LOW,False,ZERO,NORMAL,LOW,LOW,NORMAL,False,NORMAL,NORMAL,NORMAL,False,NORMAL,NORMAL,LOW,ZERO,ZERO,HIGH,HIGH,HIGH,LOW,LOW
False,NORMAL,NORMAL,False,NORMAL,False,NORMAL,False,NORMAL,HIGH,False,HIGH,False,False,NORMAL,LOW,False,ZERO,NORMAL,LOW,LOW,NORMAL,False,NORMAL,NORMAL,NORMAL,False,NORMAL,NORMAL,LOW,ZERO,ZERO,HIGH,HIGH,HIGH,HIGH,HIGH
False,HIGH,HIGH,True,HIGH,False,LOW,False,HIGH,HIGH,False,HIGH,False,False,LOW,LOW,False,ZERO,NORMAL,LOW,LOW,NORMAL,False,NORMAL,NORMAL,LOW,False,NORMAL,NORMAL,LOW,ZERO,ZERO,HIGH,HIGH,HIGH,NORMAL,LOW
True,LOW,LOW,False,LOW,True,LOW,False,HIGH,NORMAL,True,NORMAL,False,False,NORMAL,LOW,False,ZERO,NORMAL,LOW,LOW,NORMAL,False,NORMAL,NORMAL,LOW,False,NORMAL,NORMAL,LOW,ZERO,ZERO,HIGH,HIGH,HIGH,LOW,LOW
False,HIGH,HIGH,True,HIGH,False,LOW,False,LOW,LOW,False,LOW,True,False,NORMAL,LOW,False,ZERO,NORMAL,LOW,LOW,NORMAL,False,NORMAL,NORMAL,LOW,False,NORMAL,NORMAL,LOW,ZERO,ZERO,NORMAL,HIGH,NORMAL,LOW,LOW
False,NORMAL,NORMAL,False,NORMAL,False,NORMAL,False,HIGH,HIGH,False,HIGH,False,False,HIGH,LOW,False,ZERO,NORMAL,LOW,LOW,LOW,False,NORMAL,NORMAL,HIGH,False,NORMAL,NORMAL,LOW,ZERO,ZERO,HIGH,HIGH,HIGH,HIGH,HIGH
False,NORMAL,NORMAL,False,NORMAL,False,NORMAL,False,LOW,LOW,False,LOW,False,False,LOW,LOW,False,ZERO,NORMAL,LOW,LOW,NORMAL,False,HIGH,NORMAL,HIGH,True,NORMAL,NORMAL,ZERO,ZERO,ZERO,HIGH,HIGH,NORMAL,NORMAL,LOW
False,NORMAL,NORMAL,False,NORMAL,False,NORMAL,False,HIGH,HIGH,False,HIGH,False,False,NORMAL,LOW,False,ZERO,NORMAL,LOW,LOW,HIGH,False,NORMAL,NORMAL,NORMAL,False,NORMAL,NORMAL,LOW,ZERO,ZERO,HIGH,HIGH,HIGH,HIGH,NORMAL
False,NORMAL,NORMAL,False,NORMAL,False,NORMAL,False,HIGH,HIGH,False,HIGH,False,False,HIGH,LOW,False,LOW,NORMAL,LOW,LOW,LOW,False,NORMAL,NORMAL,HIGH,False,NORMAL,NORMAL,LOW,ZERO,ZERO,HIGH,HIGH,HIGH,HIGH,NORMAL
False,NORMAL,NORMAL,False,NORMAL,False,NORMAL,False,HIGH,HIGH,False,HIGH,False,False,LOW,ZERO,False,ZERO,NORMAL,HIGH,HIGH,NORMAL,False,NORMAL,NORMAL,NORMAL,False,NORMAL,NORMAL,LOW,ZERO,HIGH,LOW,HIGH,HIGH,HIGH,LOW
False,NORMAL,NORMAL,False,NORMAL,False,NORMAL,False,HIGH,HIGH,False,HIGH,False,False,NORMAL,LOW,True,ZERO,NORMAL,LOW,LOW,NORMAL,False,NORMAL,NORMAL,NORMAL,False,NORMAL,NORMAL,LOW,ZERO,ZERO,HIGH,HIGH,HIGH,HIGH,HIGH
False,NORMAL,NORMAL,False,NORMAL,False,NORMAL,True,HIGH,LOW,False,LOW,False,False,NORMAL,LOW,False,HIGH,NORMAL,HIGH,HIGH,NORMAL,False,NORMAL,NORMAL,HIGH,True,NORMAL,NORMAL,ZERO,LOW,HIGH,LOW,NORMAL,NORMAL,NORMAL,NORMAL
False,NORMAL,NORMAL,False,NORMAL,False,NORMAL,False,LOW,LOW,False,LOW,False,False,HIGH,ZERO,False,ZERO,NORMAL,LOW,LOW,LOW,False,NORMAL,NORMAL,HIGH,False,NORMAL,NORMAL,LOW,ZERO,ZERO,HIGH,HIGH,NORMAL,NORMAL,NORMAL
False,NORMAL,NORMAL,False,NORMAL,False,NORMAL,False,HIGH,HIGH,False,HIGH,False,False,LOW,LOW,False,ZERO,NORMAL,LOW,LOW,NORMAL,False,NORMAL,NORMAL,HIGH,False,NORMAL,NORMAL,LOW,ZERO,ZERO,HIGH,HIGH,HIGH,HIGH,LOW
False,NORMAL,NORMAL,False,NORMAL,False,NORMAL,False,HIGH,HIGH,False,HIGH,False,False,NORMAL,HIGH,False,LOW,NORMAL,LOW,LOW,NORMAL,False,NORMAL,NORMAL,HIGH,False,NORMAL,ZERO,ZERO,HIGH,LOW,HIGH,HIGH,HIGH,HIGH,HIGH
False,NORMAL,NORMAL,False,NORMAL,False,NORMAL,False,HIGH,HIGH,False,HIGH,False,False,HIGH,LOW,False,ZERO,NORMAL,LOW,LOW,NORMAL,False,NORMAL,NORMAL,LOW,False,NORMAL,NORMAL,LOW,ZERO,ZERO,HIGH,HIGH,HIGH,HIGH,HIGH
False,NORMAL,NORMAL,False,NORMAL,False,NORMAL,False,HIGH,HIGH,False,HIGH,False,False,HIGH,LOW,True,ZERO,NORMAL,LOW,LOW,LOW,False,NORMAL,NORMAL,NORMAL,False,NORMAL,NORMAL,LOW,ZERO,ZERO,HIGH,HIGH,HIGH,HIGH,HIGH
False,NORMAL,NORMAL,False,NORMAL,False,NORMAL,False,HIGH,HIGH,False,HIGH,False,False,LOW,LOW,False,ZERO,NORMAL,LOW,LOW,NORMAL,False,NORMAL,NORMAL,HIGH,False,LOW,LOW,ZERO,ZERO,ZERO,NORMAL,HIGH,HIGH,HIGH,LOW
False,HIGH,HIGH,True,HIGH,False,NORMAL,False,HIGH,HIGH,False,HIGH,False,False,NORMAL,LOW,False,ZERO,NORMAL,LOW,NORMAL,NORMAL,False,NORMAL,NORMAL,LOW,False,NORMAL,NORMAL,LOW,ZERO,ZERO,HIGH,HIGH,HIGH,HIGH,HIGH
False,HIGH,HIGH,True,HIGH,False,NORMAL,False,HIGH,HIGH,False,HIGH,False,False,HIGH,LOW,False,ZERO,NORMAL,LOW,LOW,HIGH,False,NORMAL,NORMAL,HIGH,False,NORMAL,NORMAL,LOW,ZERO,ZERO,HIGH,HIGH,HIGH,HIGH,HIGH
False,NORMAL,NORMAL,False,NORMAL,False,NORMAL,False,LOW,LOW,False,LOW,False,False,HIGH,LOW,False,HIGH,NORMAL,LOW,LOW,NORMAL,False,NORMAL,NORMAL,HIGH,True,NORMAL,NORMAL,ZERO,LOW,HIGH,LOW,NORMAL,NORMAL,NORMAL,NORMAL
False,LOW,LOW,False,LOW,True,LOW,False,HIGH,HIGH,False,HIGH,False,False,NORMAL,HIGH,False,ZERO,NORMAL,LOW,LOW,NORMAL,False,NORMAL,NORMAL,HIGH,False,NORMAL,NORMAL,LOW,ZERO,ZERO,HIGH,HIGH,HIGH,LOW,LOW
False,NORMAL,NORMAL,False,NORMAL,False,NORMAL,False,HIGH,NORMAL,True,NORMAL,False,False,NORMAL,LOW,False,ZERO,NORMAL,LOW,LOW,NORMAL,False,NORMAL,NORMAL,LOW,False,NORMAL,NORMAL,LOW,ZERO,ZERO,HIGH,HIGH,HIGH,HIGH,NORMAL
False,HIGH,HIGH,True,HIGH,False,NORMAL,False,HIGH,NORMAL,True,NORMAL,False,False,NORMAL,LOW,False,ZERO,NORMAL,LOW,LOW,NORMAL,False,NORMAL,NORMAL,NORMAL,False,NORMAL,NORMAL,LOW,ZERO,ZERO,HIGH,HIGH,HIGH,HIGH,HIGH
False,NORMAL,NORMAL,False,NORMAL,False,NORMAL,False,HIGH,HIGH,False,HIGH,False,False,NORMAL,LOW,False,ZERO,NORMAL,LOW,LOW,NORMAL,False,HIGH,NORMAL,HIGH,False,NORMAL,NORMAL,LOW,ZERO,ZERO,HIGH,HIGH,HIGH,HIGH,HIGH
False,NORMAL,NORMAL,False,NORMAL,False,NORMAL,False,HIGH,HIGH,False,HIGH,False,False,LOW,LOW,False,ZERO,NORMAL,LOW,LOW,NORMAL,False,NORMAL,NORMAL,NORMAL,False,NORMAL,NORMAL,LOW,ZERO,ZERO,HIGH,HIGH,HIGH,HIGH,LOW
False,NORMAL,NORMAL,False,NORMAL,False,NORMAL,False,LOW,LOW,False,LOW,False,False,NORMAL,ZERO,False,HIGH,NORMAL,HIGH,HIGH,LOW,False,NORMAL,NORMAL,HIGH,True,NORMAL,NORMAL,ZERO,LOW,HIGH,NORMAL,HIGH,NORMAL,NORMAL,HIGH
False,NORMAL,NORMAL,False,NORMAL,False,NORMAL,False,HIGH,HIGH,False,HIGH,False,False,LOW,LOW,False,ZERO,NORMAL,LOW,LOW,NORMAL,False,NORMAL,NORMAL,NORMAL,False,NORMAL,NORMAL,LOW,ZERO,ZERO,HIGH,HIGH,HIGH,HIGH,LOW
False,LOW,NORMAL,False,NORMAL,False,NORMAL,False,HIGH,NORMAL,True,NORMAL,False,False,HIGH,LOW,False,ZERO,NORMAL,LOW,LOW,NORMAL,False,NORMAL,NORMAL,LOW,False,NORMAL,NORMAL,LOW,ZERO,ZERO,HIGH,HIGH,HIGH,HIGH,HIGH
False,NORMAL,NORMAL,False,NORMAL,False,NORMAL,False,HIGH,HIGH,False,HIGH,False,False,NORMAL,HIGH,False,ZERO,NORMAL,LOW,LOW,NORMAL,False,NORMAL,NORMAL,LOW,False,NORMAL,NORMAL,LOW,ZERO,ZERO,HIGH,HIGH,HIGH,HIGH,NORMAL
False,NORMAL,NORMAL,False,NORMAL,False,NORMAL,False,HIGH,NORMAL,True,NORMAL,False,False,HIGH,NORMAL,False,ZERO,NORMAL,LOW,LOW,NORMAL,False,NORMAL,NORMAL,HIGH,False,NORMAL,NORMAL,LOW,ZERO,ZERO,HIGH,HIGH,HIGH,HIGH,LOW
False,HIGH,HIGH,True,HIGH,False,NORMAL,True,LOW,LOW,False,HIGH,False,False,HIGH,LOW,False,ZERO,NORMAL,LOW,LOW,NORMAL,False,HIGH,NORMAL,HIGH,False,NORMAL,NORMAL,LOW,ZERO,ZERO,HIGH,NORMAL,LOW,LOW,LOW
True,LOW,LOW,False,LOW,True,LOW,False,HIGH,HIGH,False,HIGH,False,False,LOW,LOW,False,ZERO,NORMAL,LOW,LOW,NORMAL,False,NORMAL,NORMAL,HIGH,False,NORMAL,NORMAL,LOW,ZERO,ZERO,HIGH,HIGH,HIGH,NORMAL,LOW
False,NORMAL,NORMAL,False,NORMAL,False,NORMAL,False,HIGH,HIGH,False,HIGH,False,False,NORMAL,LOW,True,ZERO,NORMAL,LOW,LOW,NORMAL,False,NORMAL,NORMAL,ZERO,False,NORMAL,ZERO,ZERO,ZERO,ZERO,HIGH,HIGH,HIGH,HIGH,HIGH
False,NORMAL,NORMAL,False,NORMAL,False,NORMAL,False,HIGH,HIGH,False,HIGH,False,False,LOW,LOW,False,ZERO,NORMAL,LOW,LOW,NORMAL,False,NORMAL,NORMAL,NORMAL,False,NORMAL,NORMAL,LOW,ZERO,ZERO,HIGH,HIGH,HIGH,HIGH,LOW
False,NORMAL,NORMAL,False,NORMAL,False,NORMAL,False,HIGH,HIGH,False,HIGH,True,False,NORMAL,LOW,True,ZERO,NORMAL,LOW,LOW,NORMAL,False,NORMAL,NORMAL,ZERO,False,LOW,ZERO,ZERO,ZERO,ZERO,HIGH,HIGH,HIGH,HIGH,HIGH
False,NORMAL,NORMAL,True,NORMAL,False,NORMAL,False,HIGH,HIGH,False,HIGH,False,False,NORMAL,NORMAL,False,ZERO,NORMAL,LOW,LOW,LOW,False,NORMAL,NORMAL,HIGH,False,NORMAL,ZERO,ZERO,ZERO,ZERO,HIGH,HIGH,HIGH,HIGH,HIGH
False,NORMAL,NORMAL,False,NORMAL,False,NORMAL,False,HIGH,HIGH,False,HIGH,False,False,HIGH,LOW,False,ZERO,NORMAL,LOW,LOW,NORMAL,False,NORMAL,NORMAL,LOW,False,NORMAL,NORMAL,LOW,ZERO,ZERO,HIGH,HIGH,HIGH,HIGH,HIGH
False,NORMAL,NORMAL,False,NORMAL,False,NORMAL,False,HIGH,HIGH,False,HIGH,False,False,NORMAL,LOW,False,ZERO,NORMAL,LOW,LOW,NORMAL,False,NORMAL,NORMAL,NORMAL,False,NORMAL,NORMAL,LOW,ZERO,ZERO,HIGH,HIGH,HIGH,HIGH,LOW
False,NORMAL,NORMAL,False,NORMAL,False,NORMAL,False,HIGH,HIGH,False,HIGH,False,False,NORMAL,LOW,False,ZERO,NORMAL,LOW,LOW,LOW,False,NORMAL,NORMAL,NORMAL,False,NORMAL,NORMAL,LOW,ZERO,ZERO,HIGH,HIGH,HIGH,HIGH,NORMAL
