node_i,node_j,condition,p_value
HISTORY,CVP,,0.0
HISTORY,PCWP,,0.0
HISTORY,HYPOVOLEMIA,,0.846080840774722
HISTORY,LVEDVOLUME,,0.0
HISTORY,LVFAILURE,,0.0
HISTORY,STROKEVOLUME,,0.0
HISTORY,ERRLOWOUTPUT,,0.08549956755447857
HISTORY,HRBP,,0.5087583205147648
HISTORY,HREKG,,0.9730586594943522
HISTORY,ERRCAUTER,,0.9534727242258183
HISTORY,HRSAT,,0.38520785664217966
HISTORY,INSUFFANESTH,,0.5032050523373774
HISTORY,ANAPHYLAXIS,,0.32959428095441334
HISTORY,TPR,,0.9431279199650583
HISTORY,EXPCO2,,0.8482899129287761
HISTORY,KINKEDTUBE,,0.48684936623586006
HISTORY,MINVOL,,0.23690819073918815
HISTORY,FIO2,,0.1009536040982513
HISTORY,PVSAT,,0.19359982452489954
HISTORY,SAO2,,0.08128985707317146
HISTORY,PAP,,0.006970575529276129
HISTORY,PULMEMBOLUS,,0.7213049928453086
HISTORY,SHUNT,,0.9982441761996746
HISTORY,INTUBATION,,0.7469630799135527
HISTORY,PRESS,,0.6057014909649006
HISTORY,DISCONNECT,,0.1619556940926541
HISTORY,MINVOLSET,,0.9876811191993806
HISTORY,VENTMACH,,0.968175607981951
HISTORY,VENTTUBE,,0.4886164378821217
HISTORY,VENTLUNG,,0.3448925651355852
HISTORY,VENTALV,,0.242853411937554
HISTORY,ARTCO2,,0.28634671769037306
HISTORY,CATECHOL,,0.2378465696885211
HISTORY,HR,,0.3859072991710233
HISTORY,CO,,0.0
HISTORY,BP,,8.938599416371842e-81
CVP,PCWP,,0.0
CVP,HYPOVOLEMIA,,0.0
CVP,LVEDVOLUME,,0.0
CVP,LVFAILURE,,0.0
CVP,STROKEVOLUME,,0.0
CVP,ERRLOWOUTPUT,,0.6304157500204419
CVP,HRBP,,0.6279094207128698
CVP,HREKG,,0.8062701576958708
CVP,ERRCAUTER,,0.7615262452427467
CVP,HRSAT,,0.8904166851355577
CVP,INSUFFANESTH,,0.8432970587606301
CVP,ANAPHYLAXIS,,0.9571050124346073
CVP,TPR,,0.565600859022436
CVP,EXPCO2,,0.8623062021015194
CVP,KINKEDTUBE,,0.8585458226535296
CVP,MINVOL,,0.568014095535248
CVP,FIO2,,0.2922012298131607
CVP,PVSAT,,0.7949889449123114
CVP,SAO2,,0.5351342171196543
CVP,PAP,,0.8090215500700236
CVP,PULMEMBOLUS,,0.9065729210122859
CVP,SHUNT,,0.5486815416244037
CVP,INTUBATION,,0.41514817138712423
CVP,PRESS,,0.702703190971508
CVP,DISCONNECT,,0.6358793182773805
CVP,MINVOLSET,,0.9883616910583154
CVP,VENTMACH,,0.9847653534463702
CVP,VENTTUBE,,0.8345896504738461
CVP,VENTLUNG,,0.7579946535903623
CVP,VENTALV,,0.7933733644237311
CVP,ARTCO2,,0.7934001951573944
CVP,CATECHOL,,0.5276265501161178
CVP,HR,,0.9582723967335899
CVP,CO,,0.0
CVP,BP,,2.2093024544208696e-72
PCWP,HYPOVOLEMIA,,0.0
PCWP,LVEDVOLUME,,0.0
PCWP,LVFAILURE,,0.0
PCWP,STROKEVOLUME,,0.0
PCWP,ERRLOWOUTPUT,,0.9733393534915935
PCWP,HRBP,,0.9514447805767543
PCWP,HREKG,,0.7281786942972808
PCWP,ERRCAUTER,,0.5793372563905966
PCWP,HRSAT,,0.8498979934348404
PCWP,INSUFFANESTH,,0.9247337865261397
PCWP,ANAPHYLAXIS,,0.5397528561428049
PCWP,TPR,,0.2819670271656962
PCWP,EXPCO2,,0.44381487030442235
PCWP,KINKEDTUBE,,0.7202628114871288
PCWP,MINVOL,,0.591786424315333
PCWP,FIO2,,0.40173547527114495
PCWP,PVSAT,,0.5518501924410926
PCWP,SAO2,,0.13736655446901985
PCWP,PAP,,0.9883156510563398
PCWP,PULMEMBOLUS,,0.6972042309576765
PCWP,SHUNT,,0.8837886762175885
PCWP,INTUBATION,,0.6237317186868828
PCWP,PRESS,,0.543612792923788
PCWP,DISCONNECT,,0.6481139679829926
PCWP,MINVOLSET,,0.662600618005794
PCWP,VENTMACH,,0.4526324649963377
PCWP,VENTTUBE,,0.8210172269659278
PCWP,VENTLUNG,,0.9832285441438792
PCWP,VENTALV,,0.6499076490157167
PCWP,ARTCO2,,0.8618575361482836
PCWP,CATECHOL,,0.5106453313055404
PCWP,HR,,0.7980790906102201
PCWP,CO,,0.0
PCWP,BP,,1.0303617993179565e-99
HYPOVOLEMIA,LVEDVOLUME,,0.0
HYPOVOLEMIA,LVFAILURE,,0.6533875399410511
HYPOVOLEMIA,STROKEVOLUME,,0.0
HYPOVOLEMIA,ERRLOWOUTPUT,,0.6839897492514444
HYPOVOLEMIA,HRBP,,0.8188047355334996
HYPOVOLEMIA,HREKG,,0.1836177746634655
HYPOVOLEMIA,ERRCAUTER,,0.1034466878157821
HYPOVOLEMIA,HRSAT,,0.44620050074383466
HYPOVOLEMIA,INSUFFANESTH,,0.23590867941813853
HYPOVOLEMIA,ANAPHYLAXIS,,0.5465625282204798
HYPOVOLEMIA,TPR,,0.4182133773364539
HYPOVOLEMIA,EXPCO2,,0.22320616642561977
HYPOVOLEMIA,KINKEDTUBE,,0.9074723977998462
HYPOVOLEMIA,MINVOL,,0.4867726956726285
HYPOVOLEMIA,FIO2,,0.7417313201118931
HYPOVOLEMIA,PVSAT,,0.6203311489670289
HYPOVOLEMIA,SAO2,,0.905820390291337
HYPOVOLEMIA,PAP,,0.36141733548402466
HYPOVOLEMIA,PULMEMBOLUS,,0.24206213573171942
HYPOVOLEMIA,SHUNT,,0.8826884989047448
HYPOVOLEMIA,INTUBATION,,0.50622047673995
HYPOVOLEMIA,PRESS,,0.416350006603765
HYPOVOLEMIA,DISCONNECT,,0.43997529842037286
HYPOVOLEMIA,MINVOLSET,,0.517605904431302
HYPOVOLEMIA,VENTMACH,,0.6700368639999676
HYPOVOLEMIA,VENTTUBE,,0.9774449973972251
HYPOVOLEMIA,VENTLUNG,,0.6607095135068792
HYPOVOLEMIA,VENTALV,,0.5511248315577297
HYPOVOLEMIA,ARTCO2,,0.34301201352380156
HYPOVOLEMIA,CATECHOL,,0.43182745019084856
HYPOVOLEMIA,HR,,0.6597286342727733
HYPOVOLEMIA,CO,,0.0
HYPOVOLEMIA,BP,,2.9115325418823834e-108
LVEDVOLUME,LVFAILURE,,0.0
LVEDVOLUME,STROKEVOLUME,,0.0
LVEDVOLUME,ERRLOWOUTPUT,,0.8905809465550152
LVEDVOLUME,HRBP,,0.9348187924138572
LVEDVOLUME,HREKG,,0.6771657159317224
LVEDVOLUME,ERRCAUTER,,0.5491474419877349
LVEDVOLUME,HRSAT,,0.8618737391966009
LVEDVOLUME,INSUFFANESTH,,0.9292889236317804
LVEDVOLUME,ANAPHYLAXIS,,0.4155318606926366
LVEDVOLUME,TPR,,0.20569117822372898
LVEDVOLUME,EXPCO2,,0.6989753549187498
LVEDVOLUME,KINKEDTUBE,,0.8832783445385156
LVEDVOLUME,MINVOL,,0.33735163127941153
LVEDVOLUME,FIO2,,0.610482970915784
LVEDVOLUME,PVSAT,,0.5409580429327712
LVEDVOLUME,SAO2,,0.5709746484565754
LVEDVOLUME,PAP,,0.7018953905524106
LVEDVOLUME,PULMEMBOLUS,,0.7996855532888072
LVEDVOLUME,SHUNT,,0.8759552320670702
LVEDVOLUME,INTUBATION,,0.4816472994290377
LVEDVOLUME,PRESS,,0.31423213951120094
LVEDVOLUME,DISCONNECT,,0.5904695673301741
LVEDVOLUME,MINVOLSET,,0.8267374322636654
LVEDVOLUME,VENTMACH,,0.5774583657676116
LVEDVOLUME,VENTTUBE,,0.623703713238466
LVEDVOLUME,VENTLUNG,,0.9857380597673868
LVEDVOLUME,VENTALV,,0.5682587499822056
LVEDVOLUME,ARTCO2,,0.48005639770747
LVEDVOLUME,CATECHOL,,0.589364573966046
LVEDVOLUME,HR,,0.8690412111028131
LVEDVOLUME,CO,,0.0
LVEDVOLUME,BP,,2.4822233874310946e-129
LVFAILURE,STROKEVOLUME,,0.0
LVFAILURE,ERRLOWOUTPUT,,0.479196107539302
LVFAILURE,HRBP,,0.4888594715167114
LVFAILURE,HREKG,,0.783362316462233
LVFAILURE,ERRCAUTER,,0.8951926282717568
LVFAILURE,HRSAT,,0.11989252086695161
LVFAILURE,INSUFFANESTH,,0.6078501312150519
LVFAILURE,ANAPHYLAXIS,,0.09861514829495967
LVFAILURE,TPR,,0.4934687337486676
LVFAILURE,EXPCO2,,0.8513484343120257
LVFAILURE,KINKEDTUBE,,0.7659876562380333
LVFAILURE,MINVOL,,0.13759649416153205
LVFAILURE,FIO2,,0.06148554377588123
LVFAILURE,PVSAT,,0.1636879775207942
LVFAILURE,SAO2,,0.0860965071439896
LVFAILURE,PAP,,0.020838347256512586
LVFAILURE,PULMEMBOLUS,,0.6308153726711287
LVFAILURE,SHUNT,,0.6192049496953352
LVFAILURE,INTUBATION,,0.9596079734843325
LVFAILURE,PRESS,,0.149789901853038
LVFAILURE,DISCONNECT,,0.09020249875177926
LVFAILURE,MINVOLSET,,0.8323995338069041
LVFAILURE,VENTMACH,,0.8753990165009985
LVFAILURE,VENTTUBE,,0.2851804237918589
LVFAILURE,VENTLUNG,,0.14676975074280688
LVFAILURE,VENTALV,,0.4397977118643728
LVFAILURE,ARTCO2,,0.41635768104536885
LVFAILURE,CATECHOL,,0.1969734443108627
LVFAILURE,HR,,0.17612814883927014
LVFAILURE,CO,,0.0
LVFAILURE,BP,,5.019086022621367e-120
STROKEVOLUME,ERRLOWOUTPUT,,0.08027373009374275
STROKEVOLUME,HRBP,,0.6996084292736149
STROKEVOLUME,HREKG,,0.8176458002611697
STROKEVOLUME,ERRCAUTER,,0.8065568031168004
STROKEVOLUME,HRSAT,,0.8856352417055864
STROKEVOLUME,INSUFFANESTH,,0.41773596427184456
STROKEVOLUME,ANAPHYLAXIS,,0.027016032402376253
STROKEVOLUME,TPR,,0.86981931893318
STROKEVOLUME,EXPCO2,,0.6406565877752504
STROKEVOLUME,KINKEDTUBE,,0.32062616121628035
STROKEVOLUME,MINVOL,,0.014985859428408436
STROKEVOLUME,FIO2,,0.28920306034916365
STROKEVOLUME,PVSAT,,0.8738498860090794
STROKEVOLUME,SAO2,,0.5827688362204262
STROKEVOLUME,PAP,,0.035890028501015366
STROKEVOLUME,PULMEMBOLUS,,0.4893973429070404
STROKEVOLUME,SHUNT,,0.5653279888524104
STROKEVOLUME,INTUBATION,,0.39399579683653135
STROKEVOLUME,PRESS,,0.5971914821162674
STROKEVOLUME,DISCONNECT,,0.496842003166039
STROKEVOLUME,MINVOLSET,,0.5548119178256481
STROKEVOLUME,VENTMACH,,0.28921646689470787
STROKEVOLUME,VENTTUBE,,0.9982807613920133
STROKEVOLUME,VENTLUNG,,0.557950632276276
STROKEVOLUME,VENTALV,,0.4359955429842295
STROKEVOLUME,ARTCO2,,0.8395659047898337
STROKEVOLUME,CATECHOL,,0.8663987554370677
STROKEVOLUME,HR,,0.652856475427501
STROKEVOLUME,CO,,0.0
STROKEVOLUME,BP,,0.0
ERRLOWOUTPUT,HRBP,,0.0
ERRLOWOUTPUT,HREKG,,0.29653739129568285
ERRLOWOUTPUT,ERRCAUTER,,0.4432382143237116
ERRLOWOUTPUT,HRSAT,,0.4898078885980578
ERRLOWOUTPUT,INSUFFANESTH,,0.15913087346300714
ERRLOWOUTPUT,ANAPHYLAXIS,,0.24060767098457436
ERRLOWOUTPUT,TPR,,0.24103882037252655
ERRLOWOUTPUT,EXPCO2,,0.09649998240532404
ERRLOWOUTPUT,KINKEDTUBE,,0.846950077140582
ERRLOWOUTPUT,MINVOL,,0.7437356174737253
ERRLOWOUTPUT,FIO2,,0.24812146683895675
ERRLOWOUTPUT,PVSAT,,0.9180491244539609
ERRLOWOUTPUT,SAO2,,0.45789998753548355
ERRLOWOUTPUT,PAP,,0.9693144608789247
ERRLOWOUTPUT,PULMEMBOLUS,,0.03512852966376155
ERRLOWOUTPUT,SHUNT,,0.1421253397430167
ERRLOWOUTPUT,INTUBATION,,0.2210296927457655
ERRLOWOUTPUT,PRESS,,0.5106727626931726
ERRLOWOUTPUT,DISCONNECT,,0.45776427591948643
ERRLOWOUTPUT,MINVOLSET,,0.4387341258764146
ERRLOWOUTPUT,VENTMACH,,0.7408130932329547
ERRLOWOUTPUT,VENTTUBE,,0.8940360704092832
ERRLOWOUTPUT,VENTLUNG,,0.5608188442956894
ERRLOWOUTPUT,VENTALV,,0.4610213137402073
ERRLOWOUTPUT,ARTCO2,,0.5523507720227916
ERRLOWOUTPUT,CATECHOL,,0.6724847674231236
ERRLOWOUTPUT,HR,,0.8009396917733725
ERRLOWOUTPUT,CO,,0.14419954301256968
ERRLOWOUTPUT,BP,,0.01343814320173805
HRBP,HREKG,,0.0
HRBP,ERRCAUTER,,0.6819417139368422
HRBP,HRSAT,,0.0
HRBP,INSUFFANESTH,,0.2351750966160804
HRBP,ANAPHYLAXIS,,0.001477754044334243
HRBP,TPR,,1.5494922903960528e-276
HRBP,EXPCO2,,1.4355561406095347e-10
HRBP,KINKEDTUBE,,1.838764416156027e-07
HRBP,MINVOL,,3.5191130432975304e-136
HRBP,FIO2,,0.5984573638735114
HRBP,PVSAT,,4.206064272009957e-151
HRBP,SAO2,,3.04664911778187e-141
HRBP,PAP,,0.6839174735520779
HRBP,PULMEMBOLUS,,0.2180626092560557
HRBP,SHUNT,,0.5813162044993536
HRBP,INTUBATION,,7.705895831784445e-05
HRBP,PRESS,,1.4691647691743165e-07
HRBP,DISCONNECT,,9.008289121675449e-10
HRBP,MINVOLSET,,4.532425098571868e-33
HRBP,VENTMACH,,8.304079416478888e-48
HRBP,VENTTUBE,,3.2414677828588267e-74
HRBP,VENTLUNG,,1.3328917425822512e-127
HRBP,VENTALV,,4.020969538440384e-176
HRBP,ARTCO2,,6.304204678410233e-184
HRBP,CATECHOL,,0.0
HRBP,HR,,0.0
HRBP,CO,,0.0
HRBP,BP,,3.2923402281133945e-211
HREKG,ERRCAUTER,,0.0
HREKG,HRSAT,,0.0
HREKG,INSUFFANESTH,,0.09166226219220472
HREKG,ANAPHYLAXIS,,0.007610537584074742
HREKG,TPR,,2.1323156497561976e-248
HREKG,EXPCO2,,1.5623501349922804e-10
HREKG,KINKEDTUBE,,1.4688764315306162e-07
HREKG,MINVOL,,2.010330958994524e-127
HREKG,FIO2,,0.642537570669647
HREKG,PVSAT,,3.2291864437506034e-140
HREKG,SAO2,,3.4331721252301714e-128
HREKG,PAP,,0.3300783528718765
HREKG,PULMEMBOLUS,,0.3822023704774882
HREKG,SHUNT,,0.33088787404228587
HREKG,INTUBATION,,0.0002039629480122491
HREKG,PRESS,,7.526438429367496e-08
HREKG,DISCONNECT,,8.657540820184349e-12
HREKG,MINVOLSET,,9.339107438700718e-30
HREKG,VENTMACH,,1.1624700321143013e-38
HREKG,VENTTUBE,,8.907319054628394e-68
HREKG,VENTLUNG,,2.4816868978229985e-124
HREKG,VENTALV,,1.825413557095041e-166
HREKG,ARTCO2,,9.053549167024663e-178
HREKG,CATECHOL,,0.0
HREKG,HR,,0.0
HREKG,CO,,0.0
HREKG,BP,,1.7011779412782885e-203
ERRCAUTER,HRSAT,,0.0
ERRCAUTER,INSUFFANESTH,,0.3557818627158911
ERRCAUTER,ANAPHYLAXIS,,0.2351771325746106
ERRCAUTER,TPR,,0.8297418523381063
ERRCAUTER,EXPCO2,,0.19514850898735994
ERRCAUTER,KINKEDTUBE,,0.2561554373470059
ERRCAUTER,MINVOL,,0.6023623002279899
ERRCAUTER,FIO2,,0.3643143879931977
ERRCAUTER,PVSAT,,0.8765099599519769
ERRCAUTER,SAO2,,0.7800143783691111
ERRCAUTER,PAP,,0.783816926538153
ERRCAUTER,PULMEMBOLUS,,0.5414236582136256
ERRCAUTER,SHUNT,,0.7894499694934815
ERRCAUTER,INTUBATION,,0.05211892745319099
ERRCAUTER,PRESS,,0.41363964161997513
ERRCAUTER,DISCONNECT,,0.5856077243886335
ERRCAUTER,MINVOLSET,,0.455904501046277
ERRCAUTER,VENTMACH,,0.8000137864010664
ERRCAUTER,VENTTUBE,,0.7690615946008067
ERRCAUTER,VENTLUNG,,0.5650423592230207
ERRCAUTER,VENTALV,,0.9578882626735801
ERRCAUTER,ARTCO2,,0.894044634112515
ERRCAUTER,CATECHOL,,0.07641374183596127
ERRCAUTER,HR,,0.4907864723315396
ERRCAUTER,CO,,0.6885351614761421
ERRCAUTER,BP,,0.8112986462388563
HRSAT,INSUFFANESTH,,0.08711284932096876
HRSAT,ANAPHYLAXIS,,0.004325685686185426
HRSAT,TPR,,7.950832494334929e-262
HRSAT,EXPCO2,,5.517082229612575e-12
HRSAT,KINKEDTUBE,,5.5644393527195875e-09
HRSAT,MINVOL,,1.3785906955257912e-142
HRSAT,FIO2,,0.5572577742717837
HRSAT,PVSAT,,3.3122278820915955e-156
HRSAT,SAO2,,1.3796738506950833e-145
HRSAT,PAP,,0.21086459212282707
HRSAT,PULMEMBOLUS,,0.4288724219731447
HRSAT,SHUNT,,0.7438988230028354
HRSAT,INTUBATION,,0.0005878162129048207
HRSAT,PRESS,,8.796025376370945e-09
HRSAT,DISCONNECT,,3.2449653782978457e-12
HRSAT,MINVOLSET,,3.542971970702207e-33
HRSAT,VENTMACH,,7.608192494871893e-47
HRSAT,VENTTUBE,,1.4216222897114237e-74
HRSAT,VENTLUNG,,9.65052628641916e-133
HRSAT,VENTALV,,5.809725314077046e-183
HRSAT,ARTCO2,,9.529033932546749e-193
HRSAT,CATECHOL,,0.0
HRSAT,HR,,0.0
HRSAT,CO,,0.0
HRSAT,BP,,6.795194292336997e-200
INSUFFANESTH,ANAPHYLAXIS,,0.35422278696201137
INSUFFANESTH,TPR,,0.0819865048535618
INSUFFANESTH,EXPCO2,,0.17815814951596526
INSUFFANESTH,KINKEDTUBE,,0.11004331759641665
INSUFFANESTH,MINVOL,,0.49917301127519054
INSUFFANESTH,FIO2,,0.6459153340752581
INSUFFANESTH,PVSAT,,0.5731517834233851
INSUFFANESTH,SAO2,,0.5671830354214547
INSUFFANESTH,PAP,,0.8944606264384221
INSUFFANESTH,PULMEMBOLUS,,0.9829443684932744
INSUFFANESTH,SHUNT,,0.980202550457442
INSUFFANESTH,INTUBATION,,0.8233758254563619
INSUFFANESTH,PRESS,,0.0004929707062416365
INSUFFANESTH,DISCONNECT,,0.9477674283827842
INSUFFANESTH,MINVOLSET,,0.8496413692211788
INSUFFANESTH,VENTMACH,,0.6770192331037548
INSUFFANESTH,VENTTUBE,,0.41634240178403215
INSUFFANESTH,VENTLUNG,,0.6494654963055007
INSUFFANESTH,VENTALV,,0.6053380727274749
INSUFFANESTH,ARTCO2,,0.793411040728212
INSUFFANESTH,CATECHOL,,0.028139933824626383
INSUFFANESTH,HR,,0.04377482249992427
INSUFFANESTH,CO,,0.019982463809668113
INSUFFANESTH,BP,,0.8558090737388329
ANAPHYLAXIS,TPR,,2.1799011911033588e-100
ANAPHYLAXIS,EXPCO2,,0.7432768607912772
ANAPHYLAXIS,KINKEDTUBE,,0.0956318798255525
ANAPHYLAXIS,MINVOL,,0.463150296388101
ANAPHYLAXIS,FIO2,,0.412647624449765
ANAPHYLAXIS,PVSAT,,0.3924919074941329
ANAPHYLAXIS,SAO2,,0.14625272822096133
ANAPHYLAXIS,PAP,,0.6875556830549159
ANAPHYLAXIS,PULMEMBOLUS,,0.38376801873292266
ANAPHYLAXIS,SHUNT,,0.6457406225968604
ANAPHYLAXIS,INTUBATION,,0.31570101733076245
ANAPHYLAXIS,PRESS,,0.9789361026266766
ANAPHYLAXIS,DISCONNECT,,0.5678170796113281
ANAPHYLAXIS,MINVOLSET,,0.9472392112919564
ANAPHYLAXIS,VENTMACH,,0.9720586799880461
ANAPHYLAXIS,VENTTUBE,,0.5307418097541363
ANAPHYLAXIS,VENTLUNG,,0.2613358114274146
ANAPHYLAXIS,VENTALV,,0.6703522580484849
ANAPHYLAXIS,ARTCO2,,0.43922371148690187
ANAPHYLAXIS,CATECHOL,,0.00045712686298071085
ANAPHYLAXIS,HR,,0.005950690408341402
ANAPHYLAXIS,CO,,0.005149592175367724
ANAPHYLAXIS,BP,,4.001970191631441e-59
TPR,EXPCO2,,0.7643166020055855
TPR,KINKEDTUBE,,0.2981528464016114
TPR,MINVOL,,0.9403442885366834
TPR,FIO2,,0.6713535260548986
TPR,PVSAT,,0.04503795037280126
TPR,SAO2,,0.10223388297658054
TPR,PAP,,0.09376937105547425
TPR,PULMEMBOLUS,,0.42423032269438277
TPR,SHUNT,,0.8962931539611094
TPR,INTUBATION,,0.42434841463817463
TPR,PRESS,,0.6530271841151527
TPR,DISCONNECT,,0.32132217102885363
TPR,MINVOLSET,,0.1769342307627762
TPR,VENTMACH,,0.2750196647204423
TPR,VENTTUBE,,0.9445278221604835
TPR,VENTLUNG,,0.6878318942022814
TPR,VENTALV,,0.4819834670441002
TPR,ARTCO2,,0.2754834856174951
TPR,CATECHOL,,0.0
TPR,HR,,6.26249567024483e-310
TPR,CO,,1.3308569231956753e-152
TPR,BP,,0.0
EXPCO2,KINKEDTUBE,,5.233409237298687e-08
EXPCO2,MINVOL,,0.0
EXPCO2,FIO2,,0.11139823962684202
EXPCO2,PVSAT,,2.206418940507042e-161
EXPCO2,SAO2,,7.51948736485004e-132
EXPCO2,PAP,,0.6252037764163985
EXPCO2,PULMEMBOLUS,,0.6057936902792138
EXPCO2,SHUNT,,4.349914635984679e-213
EXPCO2,INTUBATION,,0.0
EXPCO2,PRESS,,9.955178191361393e-114
EXPCO2,DISCONNECT,,1.3144354819146127e-25
EXPCO2,MINVOLSET,,1.2883992718189686e-56
EXPCO2,VENTMACH,,2.867261229459133e-81
EXPCO2,VENTTUBE,,0.0
EXPCO2,VENTLUNG,,0.0
EXPCO2,VENTALV,,0.0
EXPCO2,ARTCO2,,0.0
EXPCO2,CATECHOL,,8.013824634146601e-31
EXPCO2,HR,,1.1124113555577874e-12
EXPCO2,CO,,5.474109506911852e-05
EXPCO2,BP,,0.0642653366699417
KINKEDTUBE,MINVOL,,2.6595686112024905e-51
KINKEDTUBE,FIO2,,0.8407155290506205
KINKEDTUBE,PVSAT,,2.6449842568886587e-45
KINKEDTUBE,SAO2,,4.6252625799710535e-42
KINKEDTUBE,PAP,,0.4643290904508912
KINKEDTUBE,PULMEMBOLUS,,0.7979714862963279
KINKEDTUBE,SHUNT,,0.6374156362485517
KINKEDTUBE,INTUBATION,,0.9494795492348194
KINKEDTUBE,PRESS,,6.857438525800044e-172
KINKEDTUBE,DISCONNECT,,0.7378942263736646
KINKEDTUBE,MINVOLSET,,0.950214705265925
KINKEDTUBE,VENTMACH,,0.9837363599157612
KINKEDTUBE,VENTTUBE,,0.7965774595987897
KINKEDTUBE,VENTLUNG,,2.1070629090106452e-72
KINKEDTUBE,VENTALV,,4.4572322348459813e-54
KINKEDTUBE,ARTCO2,,3.194382881837335e-39
KINKEDTUBE,CATECHOL,,1.9208899818529203e-10
KINKEDTUBE,HR,,2.5450414413230883e-07
KINKEDTUBE,CO,,0.0010764536716324755
KINKEDTUBE,BP,,0.6804847184196787
MINVOL,FIO2,,0.7853579795681833
MINVOL,PVSAT,,0.0
MINVOL,SAO2,,0.0
MINVOL,PAP,,0.06158344955553814
MINVOL,PULMEMBOLUS,,0.05847674131994485
MINVOL,SHUNT,,1.773340115179604e-285
MINVOL,INTUBATION,,0.0
MINVOL,PRESS,,0.0
MINVOL,DISCONNECT,,0.0
MINVOL,MINVOLSET,,0.0
MINVOL,VENTMACH,,0.0
MINVOL,VENTTUBE,,0.0
MINVOL,VENTLUNG,,0.0
MINVOL,VENTALV,,0.0
MINVOL,ARTCO2,,0.0
MINVOL,CATECHOL,,0.0
MINVOL,HR,,4.650262919449507e-165
MINVOL,CO,,2.958658023257498e-84
MINVOL,BP,,4.660400260216696e-09
FIO2,PVSAT,,7.14307040957761e-204
FIO2,SAO2,,2.1551897644868338e-156
FIO2,PAP,,0.875436993572013
FIO2,PULMEMBOLUS,,0.5773524563523759
FIO2,SHUNT,,0.7077466336035079
FIO2,INTUBATION,,0.5947963053271126
FIO2,PRESS,,0.7240286481059015
FIO2,DISCONNECT,,0.5354678893276744
FIO2,MINVOLSET,,0.7627225991663135
FIO2,VENTMACH,,0.08550110982412988
FIO2,VENTTUBE,,0.3443058454882631
FIO2,VENTLUNG,,0.2601757064307034
FIO2,VENTALV,,0.8004362400247509
FIO2,ARTCO2,,0.25028318830550006
FIO2,CATECHOL,,0.46486883808775215
FIO2,HR,,0.7056255337568959
FIO2,CO,,0.46656320999417966
FIO2,BP,,0.6225133498987818
PVSAT,SAO2,,0.0
PVSAT,PAP,,0.08940186833504818
PVSAT,PULMEMBOLUS,,0.3369221250655166
PVSAT,SHUNT,,3.7530196101329033e-25
PVSAT,INTUBATION,,2.871127297466233e-69
PVSAT,PRESS,,1.3176928671239828e-156
PVSAT,DISCONNECT,,1.216590266726e-311
PVSAT,MINVOLSET,,0.0
PVSAT,VENTMACH,,0.0
PVSAT,VENTTUBE,,0.0
PVSAT,VENTLUNG,,0.0
PVSAT,VENTALV,,0.0
PVSAT,ARTCO2,,0.0
PVSAT,CATECHOL,,0.0
PVSAT,HR,,4.180999495023866e-183
PVSAT,CO,,1.637195787444699e-88
PVSAT,BP,,3.531548897727901e-10
SAO2,PAP,,0.002579163242532098
SAO2,PULMEMBOLUS,,9.658161230659085e-10
SAO2,SHUNT,,3.654114810594029e-148
SAO2,INTUBATION,,1.354209934285943e-81
SAO2,PRESS,,1.203216651097334e-132
SAO2,DISCONNECT,,2.006509275740803e-277
SAO2,MINVOLSET,,0.0
SAO2,VENTMACH,,0.0
SAO2,VENTTUBE,,0.0
SAO2,VENTLUNG,,0.0
SAO2,VENTALV,,0.0
SAO2,ARTCO2,,0.0
SAO2,CATECHOL,,0.0
SAO2,HR,,8.12266653959164e-170
SAO2,CO,,1.3357557027008337e-83
SAO2,BP,,2.986098646548148e-10
PAP,PULMEMBOLUS,,2.9481919266863276e-188
PAP,SHUNT,,5.682292170193535e-32
PAP,INTUBATION,,0.9798030591152926
PAP,PRESS,,0.4776406163724648
PAP,DISCONNECT,,0.18288604713286202
PAP,MINVOLSET,,0.31679377986645474
PAP,VENTMACH,,0.3315751655646837
PAP,VENTTUBE,,0.4514978717935174
PAP,VENTLUNG,,0.08692246500232995
PAP,VENTALV,,0.08838821771805395
PAP,ARTCO2,,0.09694079645863915
PAP,CATECHOL,,0.12763735597848588
PAP,HR,,0.7627958327266801
PAP,CO,,0.3444437208985949
PAP,BP,,0.8657294427662092
PULMEMBOLUS,SHUNT,,4.3180572886549685e-174
PULMEMBOLUS,INTUBATION,,0.4519946467837038
PULMEMBOLUS,PRESS,,0.9139783894775266
PULMEMBOLUS,DISCONNECT,,0.5951873720447831
PULMEMBOLUS,MINVOLSET,,0.18049017698988196
PULMEMBOLUS,VENTMACH,,0.2778167618340503
PULMEMBOLUS,VENTTUBE,,0.4423528010450074
PULMEMBOLUS,VENTLUNG,,0.2428699098075459
PULMEMBOLUS,VENTALV,,0.0830611235417757
PULMEMBOLUS,ARTCO2,,0.29719552638995494
PULMEMBOLUS,CATECHOL,,0.8843958579495997
PULMEMBOLUS,HR,,0.9157088046378477
PULMEMBOLUS,CO,,0.4816032964633258
PULMEMBOLUS,BP,,0.6756128568516361
SHUNT,INTUBATION,,0.0
SHUNT,PRESS,,6.14549105916081e-45
SHUNT,DISCONNECT,,0.5475708848398971
SHUNT,MINVOLSET,,0.07026365935899634
SHUNT,VENTMACH,,0.07103650130928536
SHUNT,VENTTUBE,,0.24363165983402624
SHUNT,VENTLUNG,,4.802237576573246e-41
SHUNT,VENTALV,,0.0
SHUNT,ARTCO2,,1.584534865996098e-141
SHUNT,CATECHOL,,0.538129697861865
SHUNT,HR,,0.1586487678639621
SHUNT,CO,,0.7728350047871126
SHUNT,BP,,0.4076806951768811
INTUBATION,PRESS,,2.3045425152107575e-247
INTUBATION,DISCONNECT,,0.9994293497787076
INTUBATION,MINVOLSET,,0.8086302584103437
INTUBATION,VENTMACH,,0.9071930816746528
INTUBATION,VENTTUBE,,0.9180662385030293
INTUBATION,VENTLUNG,,2.88067287867725e-144
INTUBATION,VENTALV,,0.0
INTUBATION,ARTCO2,,4.9234438948188054e-272
INTUBATION,CATECHOL,,6.388451653785749e-06
INTUBATION,HR,,0.00027710636025290726
INTUBATION,CO,,0.001788155435786289
INTUBATION,BP,,0.3166772319591729
PRESS,DISCONNECT,,0.0
PRESS,MINVOLSET,,0.0
PRESS,VENTMACH,,0.0
PRESS,VENTTUBE,,0.0
PRESS,VENTLUNG,,0.0
PRESS,VENTALV,,0.0
PRESS,ARTCO2,,7.1716606776127775e-146
PRESS,CATECHOL,,7.687919870739322e-21
PRESS,HR,,2.241533219891737e-09
PRESS,CO,,0.0033875917912271443
PRESS,BP,,0.6699973497663669
DISCONNECT,MINVOLSET,,0.19008000555591448
DISCONNECT,VENTMACH,,0.6220750602436576
DISCONNECT,VENTTUBE,,0.0
DISCONNECT,VENTLUNG,,0.0
DISCONNECT,VENTALV,,0.0
DISCONNECT,ARTCO2,,0.0
DISCONNECT,CATECHOL,,3.6461246507253014e-38
DISCONNECT,HR,,2.8422342747453705e-14
DISCONNECT,CO,,2.1183804335766616e-07
DISCONNECT,BP,,0.07413065382017124
MINVOLSET,VENTMACH,,0.0
MINVOLSET,VENTTUBE,,0.0
MINVOLSET,VENTLUNG,,0.0
MINVOLSET,VENTALV,,0.0
MINVOLSET,ARTCO2,,0.0
MINVOLSET,CATECHOL,,4.294069374181942e-71
MINVOLSET,HR,,1.8321642165180007e-39
MINVOLSET,CO,,1.411329062654537e-22
MINVOLSET,BP,,0.01210585451849342
VENTMACH,VENTTUBE,,0.0
VENTMACH,VENTLUNG,,0.0
VENTMACH,VENTALV,,0.0
VENTMACH,ARTCO2,,0.0
VENTMACH,CATECHOL,,7.792804694598908e-111
VENTMACH,HR,,1.1153464927298813e-55
VENTMACH,CO,,2.9862103185921426e-32
VENTMACH,BP,,0.0004369233237600671
VENTTUBE,VENTLUNG,,0.0
VENTTUBE,VENTALV,,0.0
VENTTUBE,ARTCO2,,0.0
VENTTUBE,CATECHOL,,5.176365538007201e-209
VENTTUBE,HR,,7.434110505776706e-92
VENTTUBE,CO,,1.3623997920819915e-49
VENTTUBE,BP,,4.0739854111311165e-06
VENTLUNG,VENTALV,,0.0
VENTLUNG,ARTCO2,,0.0
VENTLUNG,CATECHOL,,0.0
VENTLUNG,HR,,2.8649441084116958e-155
VENTLUNG,CO,,4.4076754603594534e-79
VENTLUNG,BP,,7.821963880157845e-09
VENTALV,ARTCO2,,0.0
VENTALV,CATECHOL,,0.0
VENTALV,HR,,6.9454712285964876e-214
VENTALV,CO,,8.4855140649959e-105
VENTALV,BP,,5.304726292369103e-11
ARTCO2,CATECHOL,,0.0
ARTCO2,HR,,3.2696760778388304e-224
ARTCO2,CO,,2.96782089944546e-113
ARTCO2,BP,,2.4680954524564182e-15
CATECHOL,HR,,0.0
CATECHOL,CO,,0.0
CATECHOL,BP,,1.041978651704398e-192
HR,CO,,0.0
HR,BP,,4.6851973952014234e-279
CO,BP,,0.0
HISTORY,CVP,LVFAILURE,0.5632804746340976
HISTORY,CVP,LVFAILURE,0.5632804746340976
HISTORY,CVP,LVFAILURE,0.5632804746340976
HISTORY,PCWP,LVFAILURE,0.7141231877362989
HISTORY,PCWP,LVFAILURE,0.7141231877362989
HISTORY,PCWP,LVFAILURE,0.7141231877362989
HISTORY,PCWP,LVFAILURE,0.7141231877362989
HISTORY,LVEDVOLUME,LVFAILURE,0.503074591916052
HISTORY,LVEDVOLUME,LVFAILURE,0.503074591916052
HISTORY,LVEDVOLUME,LVFAILURE,0.503074591916052
HISTORY,LVEDVOLUME,LVFAILURE,0.503074591916052
HISTORY,LVFAILURE,CO,0.0
HISTORY,LVFAILURE,CO,0.0
HISTORY,LVFAILURE,CO,0.0
HISTORY,LVFAILURE,CO,0.0
HISTORY,LVFAILURE,CO,0.0
HISTORY,LVFAILURE,CO,0.0
HISTORY,LVFAILURE,CO,0.0
HISTORY,STROKEVOLUME,LVFAILURE,0.19852696976450088
HISTORY,STROKEVOLUME,LVFAILURE,0.19852696976450088
HISTORY,STROKEVOLUME,LVFAILURE,0.19852696976450088
HISTORY,STROKEVOLUME,LVFAILURE,0.19852696976450088
HISTORY,PAP,LVFAILURE,0.632938893299521
HISTORY,PAP,LVFAILURE,0.632938893299521
HISTORY,PAP,LVFAILURE,0.632938893299521
HISTORY,CO,LVFAILURE,0.9827622333665271
HISTORY,CO,LVFAILURE,0.9827622333665271
HISTORY,CO,LVFAILURE,0.9827622333665271
HISTORY,CO,LVFAILURE,0.9827622333665271
HISTORY,BP,LVFAILURE,0.8552389292060789
HISTORY,BP,LVFAILURE,0.8552389292060789
HISTORY,BP,LVFAILURE,0.8552389292060789
CVP,PCWP,LVEDVOLUME,0.9841102551482931
CVP,PCWP,LVEDVOLUME,0.9841102551482931
CVP,PCWP,LVEDVOLUME,0.9841102551482931
CVP,PCWP,LVEDVOLUME,0.9841102551482931
CVP,PCWP,LVEDVOLUME,0.9841102551482931
CVP,PCWP,LVEDVOLUME,0.9841102551482931
CVP,HYPOVOLEMIA,LVEDVOLUME,0.7060864965196498
CVP,HYPOVOLEMIA,LVEDVOLUME,0.7060864965196498
CVP,HYPOVOLEMIA,LVEDVOLUME,0.7060864965196498
CVP,HYPOVOLEMIA,LVEDVOLUME,0.7060864965196498
CVP,HYPOVOLEMIA,LVEDVOLUME,0.7060864965196498
CVP,LVEDVOLUME,CO,0.0
CVP,LVEDVOLUME,CO,0.0
CVP,LVEDVOLUME,CO,0.0
CVP,LVEDVOLUME,CO,0.0
CVP,LVEDVOLUME,CO,0.0
CVP,LVEDVOLUME,CO,0.0
CVP,LVEDVOLUME,CO,0.0
CVP,LVFAILURE,CO,0.0
CVP,LVFAILURE,CO,0.0
CVP,LVFAILURE,CO,0.0
CVP,LVFAILURE,CO,0.0
CVP,LVFAILURE,CO,0.0
CVP,LVFAILURE,CO,0.0
CVP,LVFAILURE,CO,0.0
CVP,STROKEVOLUME,LVEDVOLUME,0.05560110340982685
CVP,STROKEVOLUME,LVEDVOLUME,0.05560110340982685
CVP,STROKEVOLUME,LVEDVOLUME,0.05560110340982685
CVP,STROKEVOLUME,LVEDVOLUME,0.05560110340982685
CVP,STROKEVOLUME,LVEDVOLUME,0.05560110340982685
CVP,CO,STROKEVOLUME,0.46870101221753757
CVP,CO,STROKEVOLUME,0.46870101221753757
CVP,BP,STROKEVOLUME,0.682957238097123
CVP,BP,STROKEVOLUME,0.682957238097123
PCWP,HYPOVOLEMIA,LVEDVOLUME,0.42849013356298615
PCWP,HYPOVOLEMIA,LVEDVOLUME,0.42849013356298615
PCWP,HYPOVOLEMIA,LVEDVOLUME,0.42849013356298615
PCWP,HYPOVOLEMIA,LVEDVOLUME,0.42849013356298615
PCWP,HYPOVOLEMIA,LVEDVOLUME,0.42849013356298615
PCWP,LVEDVOLUME,CO,0.0
PCWP,LVEDVOLUME,CO,0.0
PCWP,LVEDVOLUME,CO,0.0
PCWP,LVEDVOLUME,CO,0.0
PCWP,LVEDVOLUME,CO,0.0
PCWP,LVEDVOLUME,CO,0.0
PCWP,LVEDVOLUME,CO,0.0
PCWP,LVFAILURE,CO,0.0
PCWP,LVFAILURE,CO,0.0
PCWP,LVFAILURE,CO,0.0
PCWP,LVFAILURE,CO,0.0
PCWP,LVFAILURE,CO,0.0
PCWP,LVFAILURE,CO,0.0
PCWP,LVFAILURE,CO,0.0
PCWP,STROKEVOLUME,LVEDVOLUME,0.17354711811986356
PCWP,STROKEVOLUME,LVEDVOLUME,0.17354711811986356
PCWP,STROKEVOLUME,LVEDVOLUME,0.17354711811986356
PCWP,STROKEVOLUME,LVEDVOLUME,0.17354711811986356
PCWP,STROKEVOLUME,LVEDVOLUME,0.17354711811986356
PCWP,CO,STROKEVOLUME,0.9541000581070178
PCWP,CO,STROKEVOLUME,0.9541000581070178
PCWP,CO,STROKEVOLUME,0.9541000581070178
PCWP,BP,STROKEVOLUME,0.3756025962646729
PCWP,BP,STROKEVOLUME,0.3756025962646729
PCWP,BP,STROKEVOLUME,0.3756025962646729
HYPOVOLEMIA,LVEDVOLUME,CO,0.0
HYPOVOLEMIA,LVEDVOLUME,CO,0.0
HYPOVOLEMIA,LVEDVOLUME,CO,0.0
HYPOVOLEMIA,LVEDVOLUME,CO,0.0
HYPOVOLEMIA,LVEDVOLUME,CO,0.0
HYPOVOLEMIA,STROKEVOLUME,CO,1.3783711065704013e-223
HYPOVOLEMIA,STROKEVOLUME,CO,1.3783711065704013e-223
HYPOVOLEMIA,STROKEVOLUME,CO,1.3783711065704013e-223
HYPOVOLEMIA,STROKEVOLUME,CO,1.3783711065704013e-223
HYPOVOLEMIA,STROKEVOLUME,CO,1.3783711065704013e-223
HYPOVOLEMIA,CO,STROKEVOLUME,0.7716709477263008
HYPOVOLEMIA,CO,STROKEVOLUME,0.7716709477263008
HYPOVOLEMIA,CO,STROKEVOLUME,0.7716709477263008
HYPOVOLEMIA,CO,STROKEVOLUME,0.7716709477263008
HYPOVOLEMIA,CO,STROKEVOLUME,0.7716709477263008
HYPOVOLEMIA,BP,STROKEVOLUME,0.9942790802235776
HYPOVOLEMIA,BP,STROKEVOLUME,0.9942790802235776
HYPOVOLEMIA,BP,STROKEVOLUME,0.9942790802235776
HYPOVOLEMIA,BP,STROKEVOLUME,0.9942790802235776
LVEDVOLUME,LVFAILURE,CO,0.0
LVEDVOLUME,LVFAILURE,CO,0.0
LVEDVOLUME,LVFAILURE,CO,0.0
LVEDVOLUME,LVFAILURE,CO,0.0
LVEDVOLUME,LVFAILURE,CO,0.0
LVEDVOLUME,LVFAILURE,CO,0.0
LVEDVOLUME,LVFAILURE,CO,0.0
LVEDVOLUME,STROKEVOLUME,CO,1.8343817906341203e-274
LVEDVOLUME,STROKEVOLUME,CO,1.8343817906341203e-274
LVEDVOLUME,STROKEVOLUME,CO,1.8343817906341203e-274
LVEDVOLUME,STROKEVOLUME,CO,1.8343817906341203e-274
LVEDVOLUME,STROKEVOLUME,CO,1.8343817906341203e-274
LVEDVOLUME,STROKEVOLUME,CO,1.8343817906341203e-274
LVEDVOLUME,STROKEVOLUME,CO,1.8343817906341203e-274
LVEDVOLUME,CO,STROKEVOLUME,0.9249101849050914
LVEDVOLUME,CO,STROKEVOLUME,0.9249101849050914
LVEDVOLUME,CO,STROKEVOLUME,0.9249101849050914
LVEDVOLUME,BP,STROKEVOLUME,0.44750427823737526
LVEDVOLUME,BP,STROKEVOLUME,0.44750427823737526
LVEDVOLUME,BP,STROKEVOLUME,0.44750427823737526
LVFAILURE,STROKEVOLUME,CO,3.0016941697658744e-195
LVFAILURE,STROKEVOLUME,CO,3.0016941697658744e-195
LVFAILURE,STROKEVOLUME,CO,3.0016941697658744e-195
LVFAILURE,STROKEVOLUME,CO,3.0016941697658744e-195
LVFAILURE,STROKEVOLUME,CO,3.0016941697658744e-195
LVFAILURE,STROKEVOLUME,CO,3.0016941697658744e-195
LVFAILURE,STROKEVOLUME,CO,3.0016941697658744e-195
LVFAILURE,PAP,HISTORY,0.9872543734491607
LVFAILURE,PAP,HISTORY,0.9872543734491607
LVFAILURE,PAP,HISTORY,0.9872543734491607
LVFAILURE,CO,STROKEVOLUME,0.5110161495034267
LVFAILURE,CO,STROKEVOLUME,0.5110161495034267
LVFAILURE,CO,STROKEVOLUME,0.5110161495034267
LVFAILURE,CO,STROKEVOLUME,0.5110161495034267
LVFAILURE,CO,STROKEVOLUME,0.5110161495034267
LVFAILURE,CO,STROKEVOLUME,0.5110161495034267
LVFAILURE,CO,STROKEVOLUME,0.5110161495034267
LVFAILURE,BP,STROKEVOLUME,0.7693448249417429
LVFAILURE,BP,STROKEVOLUME,0.7693448249417429
LVFAILURE,BP,STROKEVOLUME,0.7693448249417429
LVFAILURE,BP,STROKEVOLUME,0.7693448249417429
LVFAILURE,BP,STROKEVOLUME,0.7693448249417429
LVFAILURE,BP,STROKEVOLUME,0.7693448249417429
STROKEVOLUME,ANAPHYLAXIS,MINVOL,0.07984292194629
STROKEVOLUME,ANAPHYLAXIS,MINVOL,0.07984292194629
STROKEVOLUME,ANAPHYLAXIS,MINVOL,0.07984292194629
STROKEVOLUME,MINVOL,HYPOVOLEMIA,0.10045500348993762
STROKEVOLUME,PAP,HYPOVOLEMIA,0.13289973173696257
STROKEVOLUME,CO,PCWP,0.0
STROKEVOLUME,CO,PCWP,0.0
STROKEVOLUME,CO,PCWP,0.0
STROKEVOLUME,CO,PCWP,0.0
STROKEVOLUME,CO,PCWP,0.0
STROKEVOLUME,CO,PCWP,0.0
STROKEVOLUME,CO,PCWP,0.0
STROKEVOLUME,CO,PCWP,0.0
STROKEVOLUME,CO,PCWP,0.0
STROKEVOLUME,CO,PCWP,0.0
STROKEVOLUME,BP,CO,1.7841840687645236e-10
STROKEVOLUME,BP,CO,1.7841840687645236e-10
STROKEVOLUME,BP,CO,1.7841840687645236e-10
STROKEVOLUME,BP,CO,1.7841840687645236e-10
STROKEVOLUME,BP,CO,1.7841840687645236e-10
STROKEVOLUME,BP,CO,1.7841840687645236e-10
STROKEVOLUME,BP,CO,1.7841840687645236e-10
STROKEVOLUME,BP,CO,1.7841840687645236e-10
STROKEVOLUME,BP,CO,1.7841840687645236e-10
STROKEVOLUME,BP,CO,1.7841840687645236e-10
ERRLOWOUTPUT,HRBP,PULMEMBOLUS,0.0
ERRLOWOUTPUT,HRBP,PULMEMBOLUS,0.0
ERRLOWOUTPUT,PULMEMBOLUS,HRBP,0.19452126629356048
ERRLOWOUTPUT,BP,PULMEMBOLUS,0.04888387759635727
ERRLOWOUTPUT,BP,PULMEMBOLUS,0.04888387759635727
HRBP,HREKG,HR,0.19211353052657837
HRBP,HRSAT,HR,0.48886312401803256
HRBP,ANAPHYLAXIS,HR,0.3453727308691636
HRBP,TPR,HR,0.6092597064267662
HRBP,EXPCO2,HR,0.26849771406424333
HRBP,KINKEDTUBE,HR,0.3746043649786477
HRBP,MINVOL,HR,0.8283430939077239
HRBP,PVSAT,HR,0.7727449281758482
HRBP,SAO2,HR,0.6201781499441348
HRBP,INTUBATION,HR,0.31255380472665345
HRBP,PRESS,HR,0.7500728664327219
HRBP,DISCONNECT,PVSAT,0.7802272855117868
HRBP,DISCONNECT,PVSAT,0.7802272855117868
HRBP,MINVOLSET,HR,0.4276260719340487
HRBP,VENTMACH,HR,0.45977150186870275
HRBP,VENTTUBE,HR,0.8652733224845414
HRBP,VENTLUNG,HR,0.22250712304685324
HRBP,VENTALV,HR,0.7407933164704998
HRBP,ARTCO2,HR,0.6567612413354178
HRBP,CATECHOL,HR,0.5907338130025039
HRBP,HR,VENTTUBE,0.0
HRBP,HR,VENTTUBE,0.0
HRBP,HR,VENTTUBE,0.0
HRBP,HR,VENTTUBE,0.0
HRBP,HR,VENTTUBE,0.0
HRBP,HR,VENTTUBE,0.0
HRBP,HR,VENTTUBE,0.0
HRBP,HR,VENTTUBE,0.0
HRBP,HR,VENTTUBE,0.0
HRBP,HR,VENTTUBE,0.0
HRBP,HR,VENTTUBE,0.0
HRBP,HR,VENTTUBE,0.0
HRBP,HR,VENTTUBE,0.0
HRBP,HR,VENTTUBE,0.0
HRBP,HR,VENTTUBE,0.0
HRBP,HR,VENTTUBE,0.0
HRBP,HR,VENTTUBE,0.0
HRBP,HR,VENTTUBE,0.0
HRBP,HR,VENTTUBE,0.0
HRBP,HR,VENTTUBE,0.0
HRBP,HR,VENTTUBE,0.0
HRBP,HR,VENTTUBE,0.0
HRBP,CO,HR,0.05043807291995778
HRBP,BP,HR,0.336361697290818
HREKG,ERRCAUTER,VENTTUBE,0.0
HREKG,ERRCAUTER,VENTTUBE,0.0
HREKG,ERRCAUTER,VENTTUBE,0.0
HREKG,ERRCAUTER,VENTTUBE,0.0
HREKG,ERRCAUTER,VENTTUBE,0.0
HREKG,ERRCAUTER,VENTTUBE,0.0
HREKG,ERRCAUTER,VENTTUBE,0.0
HREKG,ERRCAUTER,VENTTUBE,0.0
HREKG,ERRCAUTER,VENTTUBE,0.0
HREKG,ERRCAUTER,VENTTUBE,0.0
HREKG,ERRCAUTER,VENTTUBE,0.0
HREKG,ERRCAUTER,VENTTUBE,0.0
HREKG,ERRCAUTER,VENTTUBE,0.0
HREKG,ERRCAUTER,VENTTUBE,0.0
HREKG,ERRCAUTER,VENTTUBE,0.0
HREKG,ERRCAUTER,VENTTUBE,0.0
HREKG,ERRCAUTER,VENTTUBE,0.0
HREKG,ERRCAUTER,VENTTUBE,0.0
HREKG,ERRCAUTER,VENTTUBE,0.0
HREKG,ERRCAUTER,VENTTUBE,0.0
HREKG,ERRCAUTER,VENTTUBE,0.0
HREKG,ERRCAUTER,VENTTUBE,0.0
HREKG,HRSAT,VENTTUBE,0.0
HREKG,HRSAT,VENTTUBE,0.0
HREKG,HRSAT,VENTTUBE,0.0
HREKG,HRSAT,VENTTUBE,0.0
HREKG,HRSAT,VENTTUBE,0.0
HREKG,HRSAT,VENTTUBE,0.0
HREKG,HRSAT,VENTTUBE,0.0
HREKG,HRSAT,VENTTUBE,0.0
HREKG,HRSAT,VENTTUBE,0.0
HREKG,HRSAT,VENTTUBE,0.0
HREKG,HRSAT,VENTTUBE,0.0
HREKG,HRSAT,VENTTUBE,0.0
HREKG,HRSAT,VENTTUBE,0.0
HREKG,HRSAT,VENTTUBE,0.0
HREKG,HRSAT,VENTTUBE,0.0
HREKG,HRSAT,VENTTUBE,0.0
HREKG,HRSAT,VENTTUBE,0.0
HREKG,HRSAT,VENTTUBE,0.0
HREKG,HRSAT,VENTTUBE,0.0
HREKG,HRSAT,VENTTUBE,0.0
HREKG,HRSAT,VENTTUBE,0.0
HREKG,HRSAT,VENTTUBE,0.0
HREKG,ANAPHYLAXIS,HR,0.6625345688833042
HREKG,TPR,HR,0.8277889684752219
HREKG,EXPCO2,HR,0.1469698362344533
HREKG,KINKEDTUBE,VENTALV,0.051557573794021115
HREKG,KINKEDTUBE,VENTALV,0.051557573794021115
HREKG,KINKEDTUBE,VENTALV,0.051557573794021115
HREKG,KINKEDTUBE,VENTALV,0.051557573794021115
HREKG,KINKEDTUBE,VENTALV,0.051557573794021115
HREKG,KINKEDTUBE,VENTALV,0.051557573794021115
HREKG,MINVOL,HR,0.5290968820230249
HREKG,PVSAT,HR,0.5359397200719487
HREKG,SAO2,HR,0.3059415184860244
HREKG,INTUBATION,HR,0.4870587585460481
HREKG,PRESS,HR,0.7935262966326927
HREKG,DISCONNECT,HR,0.610907760594888
HREKG,MINVOLSET,HR,0.2734458154613881
HREKG,VENTMACH,HR,0.05117094239153983
HREKG,VENTTUBE,HR,0.7003518714976954
HREKG,VENTLUNG,HR,0.11047032542772368
HREKG,VENTALV,HR,0.27170996947655845
HREKG,ARTCO2,HR,0.8647564302402049
HREKG,CATECHOL,VENTTUBE,0.0
HREKG,CATECHOL,VENTTUBE,0.0
HREKG,CATECHOL,VENTTUBE,0.0
HREKG,CATECHOL,VENTTUBE,0.0
HREKG,CATECHOL,VENTTUBE,0.0
HREKG,CATECHOL,VENTTUBE,0.0
HREKG,CATECHOL,VENTTUBE,0.0
HREKG,CATECHOL,VENTTUBE,0.0
HREKG,CATECHOL,VENTTUBE,0.0
HREKG,CATECHOL,VENTTUBE,0.0
HREKG,CATECHOL,VENTTUBE,0.0
HREKG,CATECHOL,VENTTUBE,0.0
HREKG,CATECHOL,VENTTUBE,0.0
HREKG,CATECHOL,VENTTUBE,0.0
HREKG,CATECHOL,VENTTUBE,0.0
HREKG,CATECHOL,VENTTUBE,0.0
HREKG,CATECHOL,VENTTUBE,0.0
HREKG,CATECHOL,VENTTUBE,0.0
HREKG,CATECHOL,VENTTUBE,0.0
HREKG,CATECHOL,VENTTUBE,0.0
HREKG,CATECHOL,VENTTUBE,0.0
HREKG,CATECHOL,VENTTUBE,0.0
HREKG,HR,VENTTUBE,0.0
HREKG,HR,VENTTUBE,0.0
HREKG,HR,VENTTUBE,0.0
HREKG,HR,VENTTUBE,0.0
HREKG,HR,VENTTUBE,0.0
HREKG,HR,VENTTUBE,0.0
HREKG,HR,VENTTUBE,0.0
HREKG,HR,VENTTUBE,0.0
HREKG,HR,VENTTUBE,0.0
HREKG,HR,VENTTUBE,0.0
HREKG,HR,VENTTUBE,0.0
HREKG,HR,VENTTUBE,0.0
HREKG,HR,VENTTUBE,0.0
HREKG,HR,VENTTUBE,0.0
HREKG,HR,VENTTUBE,0.0
HREKG,HR,VENTTUBE,0.0
HREKG,HR,VENTTUBE,0.0
HREKG,HR,VENTTUBE,0.0
HREKG,HR,VENTTUBE,0.0
HREKG,HR,VENTTUBE,0.0
HREKG,HR,VENTTUBE,0.0
HREKG,HR,VENTTUBE,0.0
HREKG,CO,HR,0.5602279169463777
HREKG,BP,HR,0.32156797549318594
ERRCAUTER,HRSAT,HREKG,0.0
HRSAT,ANAPHYLAXIS,HR,0.07040019095703365
HRSAT,TPR,HR,0.9235646297301314
HRSAT,EXPCO2,ARTCO2,0.18482517417550542
HRSAT,EXPCO2,ARTCO2,0.18482517417550542
HRSAT,EXPCO2,ARTCO2,0.18482517417550542
HRSAT,EXPCO2,ARTCO2,0.18482517417550542
HRSAT,KINKEDTUBE,HR,0.06239732418362232
HRSAT,MINVOL,HR,0.3093638721055905
HRSAT,PVSAT,HR,0.11725095441690742
HRSAT,SAO2,HR,0.1374589803723209
HRSAT,INTUBATION,HR,0.16799076774066474
HRSAT,PRESS,HR,0.4691489941281014
HRSAT,DISCONNECT,HR,0.867608584100416
HRSAT,MINVOLSET,HR,0.48422857109372897
HRSAT,VENTMACH,HR,0.8700296493864565
HRSAT,VENTTUBE,HR,0.8985362663566978
HRSAT,VENTLUNG,HR,0.7493784943855785
HRSAT,VENTALV,HR,0.8036707580997924
HRSAT,ARTCO2,HR,0.9594734430450036
HRSAT,CATECHOL,HR,0.5065855613039802
HRSAT,HR,VENTTUBE,0.0
HRSAT,HR,VENTTUBE,0.0
HRSAT,HR,VENTTUBE,0.0
HRSAT,HR,VENTTUBE,0.0
HRSAT,HR,VENTTUBE,0.0
HRSAT,HR,VENTTUBE,0.0
HRSAT,HR,VENTTUBE,0.0
HRSAT,HR,VENTTUBE,0.0
HRSAT,HR,VENTTUBE,0.0
HRSAT,HR,VENTTUBE,0.0
HRSAT,HR,VENTTUBE,0.0
HRSAT,HR,VENTTUBE,0.0
HRSAT,HR,VENTTUBE,0.0
HRSAT,HR,VENTTUBE,0.0
HRSAT,HR,VENTTUBE,0.0
HRSAT,HR,VENTTUBE,0.0
HRSAT,HR,VENTTUBE,0.0
HRSAT,HR,VENTTUBE,0.0
HRSAT,HR,VENTTUBE,0.0
HRSAT,HR,VENTTUBE,0.0
HRSAT,HR,VENTTUBE,0.0
HRSAT,HR,VENTTUBE,0.0
HRSAT,CO,HR,0.9626456485691839
HRSAT,BP,HR,0.798341055807185
INSUFFANESTH,PRESS,CO,0.010433985665507345
INSUFFANESTH,PRESS,CO,0.010433985665507345
INSUFFANESTH,PRESS,CO,0.010433985665507345
INSUFFANESTH,CATECHOL,HR,0.3476024831479496
INSUFFANESTH,HR,PRESS,0.17918739999573496
INSUFFANESTH,CO,HR,0.15511532297187874
ANAPHYLAXIS,TPR,CO,6.510089493105905e-92
ANAPHYLAXIS,TPR,CO,6.510089493105905e-92
ANAPHYLAXIS,TPR,CO,6.510089493105905e-92
ANAPHYLAXIS,TPR,CO,6.510089493105905e-92
ANAPHYLAXIS,TPR,CO,6.510089493105905e-92
ANAPHYLAXIS,TPR,CO,6.510089493105905e-92
ANAPHYLAXIS,TPR,CO,6.510089493105905e-92
ANAPHYLAXIS,TPR,CO,6.510089493105905e-92
ANAPHYLAXIS,CATECHOL,HRBP,0.467172770454653
ANAPHYLAXIS,HR,HRBP,0.7820498848312248
ANAPHYLAXIS,CO,HRBP,0.32592125164779456
ANAPHYLAXIS,BP,TPR,0.8459455071099605
ANAPHYLAXIS,BP,TPR,0.8459455071099605
ANAPHYLAXIS,BP,TPR,0.8459455071099605
ANAPHYLAXIS,BP,TPR,0.8459455071099605
TPR,PVSAT,CO,5.683078412954899e-121
TPR,PVSAT,CO,5.683078412954899e-121
TPR,PVSAT,CO,5.683078412954899e-121
TPR,PVSAT,CO,5.683078412954899e-121
TPR,PVSAT,CO,5.683078412954899e-121
TPR,PVSAT,CO,5.683078412954899e-121
TPR,PVSAT,CO,5.683078412954899e-121
TPR,PVSAT,CO,5.683078412954899e-121
TPR,CATECHOL,CO,0.0
TPR,CATECHOL,CO,0.0
TPR,CATECHOL,CO,0.0
TPR,CATECHOL,CO,0.0
TPR,CATECHOL,CO,0.0
TPR,CATECHOL,CO,0.0
TPR,CATECHOL,CO,0.0
TPR,CATECHOL,CO,0.0
TPR,HR,CATECHOL,0.2309759805679619
TPR,HR,CATECHOL,0.2309759805679619
TPR,HR,CATECHOL,0.2309759805679619
TPR,HR,CATECHOL,0.2309759805679619
TPR,CO,HR,0.9266228946030058
TPR,CO,HR,0.9266228946030058
TPR,CO,HR,0.9266228946030058
TPR,BP,CO,0.0
TPR,BP,CO,0.0
TPR,BP,CO,0.0
TPR,BP,CO,0.0
TPR,BP,CO,0.0
TPR,BP,CO,0.0
TPR,BP,CO,0.0
TPR,BP,CO,0.0
EXPCO2,KINKEDTUBE,VENTLUNG,0.07506090568674287
EXPCO2,KINKEDTUBE,VENTLUNG,0.07506090568674287
EXPCO2,KINKEDTUBE,VENTLUNG,0.07506090568674287
EXPCO2,KINKEDTUBE,VENTLUNG,0.07506090568674287
EXPCO2,KINKEDTUBE,VENTLUNG,0.07506090568674287
EXPCO2,KINKEDTUBE,VENTLUNG,0.07506090568674287
EXPCO2,KINKEDTUBE,VENTLUNG,0.07506090568674287
EXPCO2,KINKEDTUBE,VENTLUNG,0.07506090568674287
EXPCO2,KINKEDTUBE,VENTLUNG,0.07506090568674287
EXPCO2,KINKEDTUBE,VENTLUNG,0.07506090568674287
EXPCO2,KINKEDTUBE,VENTLUNG,0.07506090568674287
EXPCO2,KINKEDTUBE,VENTLUNG,0.07506090568674287
EXPCO2,KINKEDTUBE,VENTLUNG,0.07506090568674287
EXPCO2,KINKEDTUBE,VENTLUNG,0.07506090568674287
EXPCO2,KINKEDTUBE,VENTLUNG,0.07506090568674287
EXPCO2,MINVOL,SHUNT,0.0
EXPCO2,MINVOL,SHUNT,0.0
EXPCO2,MINVOL,SHUNT,0.0
EXPCO2,MINVOL,SHUNT,0.0
EXPCO2,MINVOL,SHUNT,0.0
EXPCO2,MINVOL,SHUNT,0.0
EXPCO2,MINVOL,SHUNT,0.0
EXPCO2,MINVOL,SHUNT,0.0
EXPCO2,MINVOL,SHUNT,0.0
EXPCO2,MINVOL,SHUNT,0.0
EXPCO2,MINVOL,SHUNT,0.0
EXPCO2,MINVOL,SHUNT,0.0
EXPCO2,MINVOL,SHUNT,0.0
EXPCO2,MINVOL,SHUNT,0.0
EXPCO2,MINVOL,SHUNT,0.0
EXPCO2,MINVOL,SHUNT,0.0
EXPCO2,MINVOL,SHUNT,0.0
EXPCO2,MINVOL,SHUNT,0.0
EXPCO2,MINVOL,SHUNT,0.0
EXPCO2,PVSAT,VENTALV,0.09767072571320833
EXPCO2,PVSAT,VENTALV,0.09767072571320833
EXPCO2,PVSAT,VENTALV,0.09767072571320833
EXPCO2,PVSAT,VENTALV,0.09767072571320833
EXPCO2,SAO2,SHUNT,5.54250256529096e-124
EXPCO2,SAO2,SHUNT,5.54250256529096e-124
EXPCO2,SAO2,SHUNT,5.54250256529096e-124
EXPCO2,SAO2,SHUNT,5.54250256529096e-124
EXPCO2,SAO2,SHUNT,5.54250256529096e-124
EXPCO2,SAO2,SHUNT,5.54250256529096e-124
EXPCO2,SAO2,SHUNT,5.54250256529096e-124
EXPCO2,SAO2,SHUNT,5.54250256529096e-124
EXPCO2,SAO2,SHUNT,5.54250256529096e-124
EXPCO2,SAO2,SHUNT,5.54250256529096e-124
EXPCO2,SAO2,SHUNT,5.54250256529096e-124
EXPCO2,SAO2,SHUNT,5.54250256529096e-124
EXPCO2,SAO2,SHUNT,5.54250256529096e-124
EXPCO2,SAO2,SHUNT,5.54250256529096e-124
EXPCO2,SAO2,SHUNT,5.54250256529096e-124
EXPCO2,SAO2,SHUNT,5.54250256529096e-124
EXPCO2,SAO2,SHUNT,5.54250256529096e-124
EXPCO2,SAO2,SHUNT,5.54250256529096e-124
EXPCO2,SAO2,SHUNT,5.54250256529096e-124
EXPCO2,SHUNT,INTUBATION,0.48030302441965056
EXPCO2,SHUNT,INTUBATION,0.48030302441965056
EXPCO2,SHUNT,INTUBATION,0.48030302441965056
EXPCO2,SHUNT,INTUBATION,0.48030302441965056
EXPCO2,SHUNT,INTUBATION,0.48030302441965056
EXPCO2,SHUNT,INTUBATION,0.48030302441965056
EXPCO2,SHUNT,INTUBATION,0.48030302441965056
EXPCO2,SHUNT,INTUBATION,0.48030302441965056
EXPCO2,INTUBATION,SHUNT,0.0
EXPCO2,INTUBATION,SHUNT,0.0
EXPCO2,INTUBATION,SHUNT,0.0
EXPCO2,INTUBATION,SHUNT,0.0
EXPCO2,INTUBATION,SHUNT,0.0
EXPCO2,INTUBATION,SHUNT,0.0
EXPCO2,INTUBATION,SHUNT,0.0
EXPCO2,INTUBATION,SHUNT,0.0
EXPCO2,INTUBATION,SHUNT,0.0
EXPCO2,INTUBATION,SHUNT,0.0
EXPCO2,INTUBATION,SHUNT,0.0
EXPCO2,INTUBATION,SHUNT,0.0
EXPCO2,INTUBATION,SHUNT,0.0
EXPCO2,INTUBATION,SHUNT,0.0
EXPCO2,INTUBATION,SHUNT,0.0
EXPCO2,INTUBATION,SHUNT,0.0
EXPCO2,INTUBATION,SHUNT,0.0
EXPCO2,INTUBATION,SHUNT,0.0
EXPCO2,INTUBATION,SHUNT,0.0
EXPCO2,PRESS,SHUNT,9.771525628989573e-112
EXPCO2,PRESS,SHUNT,9.771525628989573e-112
EXPCO2,PRESS,SHUNT,9.771525628989573e-112
EXPCO2,PRESS,SHUNT,9.771525628989573e-112
EXPCO2,PRESS,SHUNT,9.771525628989573e-112
EXPCO2,PRESS,SHUNT,9.771525628989573e-112
EXPCO2,PRESS,SHUNT,9.771525628989573e-112
EXPCO2,PRESS,SHUNT,9.771525628989573e-112
EXPCO2,PRESS,SHUNT,9.771525628989573e-112
EXPCO2,PRESS,SHUNT,9.771525628989573e-112
EXPCO2,PRESS,SHUNT,9.771525628989573e-112
EXPCO2,PRESS,SHUNT,9.771525628989573e-112
EXPCO2,PRESS,SHUNT,9.771525628989573e-112
EXPCO2,PRESS,SHUNT,9.771525628989573e-112
EXPCO2,PRESS,SHUNT,9.771525628989573e-112
EXPCO2,PRESS,SHUNT,9.771525628989573e-112
EXPCO2,PRESS,SHUNT,9.771525628989573e-112
EXPCO2,PRESS,SHUNT,9.771525628989573e-112
EXPCO2,PRESS,SHUNT,9.771525628989573e-112
EXPCO2,DISCONNECT,VENTTUBE,0.8198408698090807
EXPCO2,DISCONNECT,VENTTUBE,0.8198408698090807
EXPCO2,DISCONNECT,VENTTUBE,0.8198408698090807
EXPCO2,DISCONNECT,VENTTUBE,0.8198408698090807
EXPCO2,DISCONNECT,VENTTUBE,0.8198408698090807
EXPCO2,DISCONNECT,VENTTUBE,0.8198408698090807
EXPCO2,DISCONNECT,VENTTUBE,0.8198408698090807
EXPCO2,DISCONNECT,VENTTUBE,0.8198408698090807
EXPCO2,DISCONNECT,VENTTUBE,0.8198408698090807
EXPCO2,DISCONNECT,VENTTUBE,0.8198408698090807
EXPCO2,DISCONNECT,VENTTUBE,0.8198408698090807
EXPCO2,DISCONNECT,VENTTUBE,0.8198408698090807
EXPCO2,DISCONNECT,VENTTUBE,0.8198408698090807
EXPCO2,DISCONNECT,VENTTUBE,0.8198408698090807
EXPCO2,DISCONNECT,VENTTUBE,0.8198408698090807
EXPCO2,DISCONNECT,VENTTUBE,0.8198408698090807
EXPCO2,DISCONNECT,VENTTUBE,0.8198408698090807
EXPCO2,DISCONNECT,VENTTUBE,0.8198408698090807
EXPCO2,MINVOLSET,VENTMACH,0.116870581909705
EXPCO2,MINVOLSET,VENTMACH,0.116870581909705
EXPCO2,MINVOLSET,VENTMACH,0.116870581909705
EXPCO2,MINVOLSET,VENTMACH,0.116870581909705
EXPCO2,MINVOLSET,VENTMACH,0.116870581909705
EXPCO2,MINVOLSET,VENTMACH,0.116870581909705
EXPCO2,MINVOLSET,VENTMACH,0.116870581909705
EXPCO2,MINVOLSET,VENTMACH,0.116870581909705
EXPCO2,MINVOLSET,VENTMACH,0.116870581909705
EXPCO2,MINVOLSET,VENTMACH,0.116870581909705
EXPCO2,MINVOLSET,VENTMACH,0.116870581909705
EXPCO2,MINVOLSET,VENTMACH,0.116870581909705
EXPCO2,MINVOLSET,VENTMACH,0.116870581909705
EXPCO2,MINVOLSET,VENTMACH,0.116870581909705
EXPCO2,MINVOLSET,VENTMACH,0.116870581909705
EXPCO2,MINVOLSET,VENTMACH,0.116870581909705
EXPCO2,VENTMACH,VENTTUBE,0.05162600914253996
EXPCO2,VENTMACH,VENTTUBE,0.05162600914253996
EXPCO2,VENTMACH,VENTTUBE,0.05162600914253996
EXPCO2,VENTMACH,VENTTUBE,0.05162600914253996
EXPCO2,VENTMACH,VENTTUBE,0.05162600914253996
EXPCO2,VENTMACH,VENTTUBE,0.05162600914253996
EXPCO2,VENTMACH,VENTTUBE,0.05162600914253996
EXPCO2,VENTMACH,VENTTUBE,0.05162600914253996
EXPCO2,VENTMACH,VENTTUBE,0.05162600914253996
EXPCO2,VENTMACH,VENTTUBE,0.05162600914253996
EXPCO2,VENTMACH,VENTTUBE,0.05162600914253996
EXPCO2,VENTMACH,VENTTUBE,0.05162600914253996
EXPCO2,VENTMACH,VENTTUBE,0.05162600914253996
EXPCO2,VENTMACH,VENTTUBE,0.05162600914253996
EXPCO2,VENTMACH,VENTTUBE,0.05162600914253996
EXPCO2,VENTMACH,VENTTUBE,0.05162600914253996
EXPCO2,VENTMACH,VENTTUBE,0.05162600914253996
EXPCO2,VENTMACH,VENTTUBE,0.05162600914253996
EXPCO2,VENTTUBE,SHUNT,0.0
EXPCO2,VENTTUBE,SHUNT,0.0
EXPCO2,VENTTUBE,SHUNT,0.0
EXPCO2,VENTTUBE,SHUNT,0.0
EXPCO2,VENTTUBE,SHUNT,0.0
EXPCO2,VENTTUBE,SHUNT,0.0
EXPCO2,VENTTUBE,SHUNT,0.0
EXPCO2,VENTTUBE,SHUNT,0.0
EXPCO2,VENTTUBE,SHUNT,0.0
EXPCO2,VENTTUBE,SHUNT,0.0
EXPCO2,VENTTUBE,SHUNT,0.0
EXPCO2,VENTTUBE,SHUNT,0.0
EXPCO2,VENTTUBE,SHUNT,0.0
EXPCO2,VENTTUBE,SHUNT,0.0
EXPCO2,VENTTUBE,SHUNT,0.0
EXPCO2,VENTTUBE,SHUNT,0.0
EXPCO2,VENTTUBE,SHUNT,0.0
EXPCO2,VENTTUBE,SHUNT,0.0
EXPCO2,VENTTUBE,SHUNT,0.0
EXPCO2,VENTLUNG,SHUNT,0.0
EXPCO2,VENTLUNG,SHUNT,0.0
EXPCO2,VENTLUNG,SHUNT,0.0
EXPCO2,VENTLUNG,SHUNT,0.0
EXPCO2,VENTLUNG,SHUNT,0.0
EXPCO2,VENTLUNG,SHUNT,0.0
EXPCO2,VENTLUNG,SHUNT,0.0
EXPCO2,VENTLUNG,SHUNT,0.0
EXPCO2,VENTLUNG,SHUNT,0.0
EXPCO2,VENTLUNG,SHUNT,0.0
EXPCO2,VENTLUNG,SHUNT,0.0
EXPCO2,VENTLUNG,SHUNT,0.0
EXPCO2,VENTLUNG,SHUNT,0.0
EXPCO2,VENTLUNG,SHUNT,0.0
EXPCO2,VENTLUNG,SHUNT,0.0
EXPCO2,VENTLUNG,SHUNT,0.0
EXPCO2,VENTLUNG,SHUNT,0.0
EXPCO2,VENTLUNG,SHUNT,0.0
EXPCO2,VENTLUNG,SHUNT,0.0
EXPCO2,VENTALV,SHUNT,0.0
EXPCO2,VENTALV,SHUNT,0.0
EXPCO2,VENTALV,SHUNT,0.0
EXPCO2,VENTALV,SHUNT,0.0
EXPCO2,VENTALV,SHUNT,0.0
EXPCO2,VENTALV,SHUNT,0.0
EXPCO2,VENTALV,SHUNT,0.0
EXPCO2,VENTALV,SHUNT,0.0
EXPCO2,VENTALV,SHUNT,0.0
EXPCO2,VENTALV,SHUNT,0.0
EXPCO2,VENTALV,SHUNT,0.0
EXPCO2,VENTALV,SHUNT,0.0
EXPCO2,VENTALV,SHUNT,0.0
EXPCO2,VENTALV,SHUNT,0.0
EXPCO2,VENTALV,SHUNT,0.0
EXPCO2,VENTALV,SHUNT,0.0
EXPCO2,VENTALV,SHUNT,0.0
EXPCO2,VENTALV,SHUNT,0.0
EXPCO2,VENTALV,SHUNT,0.0
EXPCO2,ARTCO2,SHUNT,0.0
EXPCO2,ARTCO2,SHUNT,0.0
EXPCO2,ARTCO2,SHUNT,0.0
EXPCO2,ARTCO2,SHUNT,0.0
EXPCO2,ARTCO2,SHUNT,0.0
EXPCO2,ARTCO2,SHUNT,0.0
EXPCO2,ARTCO2,SHUNT,0.0
EXPCO2,ARTCO2,SHUNT,0.0
EXPCO2,ARTCO2,SHUNT,0.0
EXPCO2,ARTCO2,SHUNT,0.0
EXPCO2,ARTCO2,SHUNT,0.0
EXPCO2,ARTCO2,SHUNT,0.0
EXPCO2,ARTCO2,SHUNT,0.0
EXPCO2,ARTCO2,SHUNT,0.0
EXPCO2,ARTCO2,SHUNT,0.0
EXPCO2,ARTCO2,SHUNT,0.0
EXPCO2,ARTCO2,SHUNT,0.0
EXPCO2,ARTCO2,SHUNT,0.0
EXPCO2,ARTCO2,SHUNT,0.0
EXPCO2,CATECHOL,ARTCO2,0.30422752354765425
EXPCO2,CATECHOL,ARTCO2,0.30422752354765425
EXPCO2,CATECHOL,ARTCO2,0.30422752354765425
EXPCO2,HR,ARTCO2,0.09499664548647078
EXPCO2,HR,ARTCO2,0.09499664548647078
EXPCO2,CO,HR,0.7894386580221658
KINKEDTUBE,MINVOL,VENTLUNG,0.08278814432739875
KINKEDTUBE,MINVOL,VENTLUNG,0.08278814432739875
KINKEDTUBE,MINVOL,VENTLUNG,0.08278814432739875
KINKEDTUBE,MINVOL,VENTLUNG,0.08278814432739875
KINKEDTUBE,MINVOL,VENTLUNG,0.08278814432739875
KINKEDTUBE,PVSAT,VENTLUNG,0.5318549406737361
KINKEDTUBE,PVSAT,VENTLUNG,0.5318549406737361
KINKEDTUBE,PVSAT,VENTLUNG,0.5318549406737361
KINKEDTUBE,PVSAT,VENTLUNG,0.5318549406737361
KINKEDTUBE,PVSAT,VENTLUNG,0.5318549406737361
KINKEDTUBE,SAO2,VENTLUNG,0.8094299410883852
KINKEDTUBE,SAO2,VENTLUNG,0.8094299410883852
KINKEDTUBE,SAO2,VENTLUNG,0.8094299410883852
KINKEDTUBE,SAO2,VENTLUNG,0.8094299410883852
KINKEDTUBE,SAO2,VENTLUNG,0.8094299410883852
KINKEDTUBE,SAO2,VENTLUNG,0.8094299410883852
KINKEDTUBE,PRESS,CO,7.988825346375051e-169
KINKEDTUBE,PRESS,CO,7.988825346375051e-169
KINKEDTUBE,PRESS,CO,7.988825346375051e-169
KINKEDTUBE,PRESS,CO,7.988825346375051e-169
KINKEDTUBE,PRESS,CO,7.988825346375051e-169
KINKEDTUBE,PRESS,CO,7.988825346375051e-169
KINKEDTUBE,PRESS,CO,7.988825346375051e-169
KINKEDTUBE,PRESS,CO,7.988825346375051e-169
KINKEDTUBE,PRESS,CO,7.988825346375051e-169
KINKEDTUBE,PRESS,CO,7.988825346375051e-169
KINKEDTUBE,PRESS,CO,7.988825346375051e-169
KINKEDTUBE,PRESS,CO,7.988825346375051e-169
KINKEDTUBE,PRESS,CO,7.988825346375051e-169
KINKEDTUBE,VENTLUNG,CO,6.58315001432752e-63
KINKEDTUBE,VENTLUNG,CO,6.58315001432752e-63
KINKEDTUBE,VENTLUNG,CO,6.58315001432752e-63
KINKEDTUBE,VENTLUNG,CO,6.58315001432752e-63
KINKEDTUBE,VENTLUNG,CO,6.58315001432752e-63
KINKEDTUBE,VENTLUNG,CO,6.58315001432752e-63
KINKEDTUBE,VENTLUNG,CO,6.58315001432752e-63
KINKEDTUBE,VENTLUNG,CO,6.58315001432752e-63
KINKEDTUBE,VENTLUNG,CO,6.58315001432752e-63
KINKEDTUBE,VENTLUNG,CO,6.58315001432752e-63
KINKEDTUBE,VENTLUNG,CO,6.58315001432752e-63
KINKEDTUBE,VENTLUNG,CO,6.58315001432752e-63
KINKEDTUBE,VENTLUNG,CO,6.58315001432752e-63
KINKEDTUBE,VENTALV,CO,9.14616060052955e-46
KINKEDTUBE,VENTALV,CO,9.14616060052955e-46
KINKEDTUBE,VENTALV,CO,9.14616060052955e-46
KINKEDTUBE,VENTALV,CO,9.14616060052955e-46
KINKEDTUBE,VENTALV,CO,9.14616060052955e-46
KINKEDTUBE,VENTALV,CO,9.14616060052955e-46
KINKEDTUBE,VENTALV,CO,9.14616060052955e-46
KINKEDTUBE,VENTALV,CO,9.14616060052955e-46
KINKEDTUBE,VENTALV,CO,9.14616060052955e-46
KINKEDTUBE,VENTALV,CO,9.14616060052955e-46
KINKEDTUBE,VENTALV,CO,9.14616060052955e-46
KINKEDTUBE,VENTALV,CO,9.14616060052955e-46
KINKEDTUBE,VENTALV,CO,9.14616060052955e-46
KINKEDTUBE,ARTCO2,VENTALV,0.15823466314845988
KINKEDTUBE,ARTCO2,VENTALV,0.15823466314845988
KINKEDTUBE,ARTCO2,VENTALV,0.15823466314845988
KINKEDTUBE,ARTCO2,VENTALV,0.15823466314845988
KINKEDTUBE,ARTCO2,VENTALV,0.15823466314845988
KINKEDTUBE,ARTCO2,VENTALV,0.15823466314845988
KINKEDTUBE,ARTCO2,VENTALV,0.15823466314845988
KINKEDTUBE,ARTCO2,VENTALV,0.15823466314845988
KINKEDTUBE,CATECHOL,MINVOL,0.1943294634727936
KINKEDTUBE,CATECHOL,MINVOL,0.1943294634727936
KINKEDTUBE,CATECHOL,MINVOL,0.1943294634727936
KINKEDTUBE,CATECHOL,MINVOL,0.1943294634727936
KINKEDTUBE,HR,HRBP,0.45624656092058513
KINKEDTUBE,CO,HRBP,0.8505918607225033
MINVOL,PVSAT,SHUNT,0.0
MINVOL,PVSAT,SHUNT,0.0
MINVOL,PVSAT,SHUNT,0.0
MINVOL,PVSAT,SHUNT,0.0
MINVOL,PVSAT,SHUNT,0.0
MINVOL,PVSAT,SHUNT,0.0
MINVOL,PVSAT,SHUNT,0.0
MINVOL,PVSAT,SHUNT,0.0
MINVOL,PVSAT,SHUNT,0.0
MINVOL,PVSAT,SHUNT,0.0
MINVOL,PVSAT,SHUNT,0.0
MINVOL,PVSAT,SHUNT,0.0
MINVOL,PVSAT,SHUNT,0.0
MINVOL,PVSAT,SHUNT,0.0
MINVOL,PVSAT,SHUNT,0.0
MINVOL,PVSAT,SHUNT,0.0
MINVOL,PVSAT,SHUNT,0.0
MINVOL,PVSAT,SHUNT,0.0
MINVOL,PVSAT,SHUNT,0.0
MINVOL,PVSAT,SHUNT,0.0
MINVOL,PVSAT,SHUNT,0.0
MINVOL,SAO2,VENTALV,0.16255335871732807
MINVOL,SAO2,VENTALV,0.16255335871732807
MINVOL,SAO2,VENTALV,0.16255335871732807
MINVOL,SAO2,VENTALV,0.16255335871732807
MINVOL,SHUNT,INTUBATION,0.184545570997313
MINVOL,SHUNT,INTUBATION,0.184545570997313
MINVOL,SHUNT,INTUBATION,0.184545570997313
MINVOL,SHUNT,INTUBATION,0.184545570997313
MINVOL,SHUNT,INTUBATION,0.184545570997313
MINVOL,SHUNT,INTUBATION,0.184545570997313
MINVOL,SHUNT,INTUBATION,0.184545570997313
MINVOL,SHUNT,INTUBATION,0.184545570997313
MINVOL,SHUNT,INTUBATION,0.184545570997313
MINVOL,INTUBATION,SHUNT,0.0
MINVOL,INTUBATION,SHUNT,0.0
MINVOL,INTUBATION,SHUNT,0.0
MINVOL,INTUBATION,SHUNT,0.0
MINVOL,INTUBATION,SHUNT,0.0
MINVOL,INTUBATION,SHUNT,0.0
MINVOL,INTUBATION,SHUNT,0.0
MINVOL,INTUBATION,SHUNT,0.0
MINVOL,INTUBATION,SHUNT,0.0
MINVOL,INTUBATION,SHUNT,0.0
MINVOL,INTUBATION,SHUNT,0.0
MINVOL,INTUBATION,SHUNT,0.0
MINVOL,INTUBATION,SHUNT,0.0
MINVOL,INTUBATION,SHUNT,0.0
MINVOL,INTUBATION,SHUNT,0.0
MINVOL,INTUBATION,SHUNT,0.0
MINVOL,INTUBATION,SHUNT,0.0
MINVOL,INTUBATION,SHUNT,0.0
MINVOL,INTUBATION,SHUNT,0.0
MINVOL,INTUBATION,SHUNT,0.0
MINVOL,INTUBATION,SHUNT,0.0
MINVOL,PRESS,SHUNT,0.0
MINVOL,PRESS,SHUNT,0.0
MINVOL,PRESS,SHUNT,0.0
MINVOL,PRESS,SHUNT,0.0
MINVOL,PRESS,SHUNT,0.0
MINVOL,PRESS,SHUNT,0.0
MINVOL,PRESS,SHUNT,0.0
MINVOL,PRESS,SHUNT,0.0
MINVOL,PRESS,SHUNT,0.0
MINVOL,PRESS,SHUNT,0.0
MINVOL,PRESS,SHUNT,0.0
MINVOL,PRESS,SHUNT,0.0
MINVOL,PRESS,SHUNT,0.0
MINVOL,PRESS,SHUNT,0.0
MINVOL,PRESS,SHUNT,0.0
MINVOL,PRESS,SHUNT,0.0
MINVOL,PRESS,SHUNT,0.0
MINVOL,PRESS,SHUNT,0.0
MINVOL,PRESS,SHUNT,0.0
MINVOL,PRESS,SHUNT,0.0
MINVOL,PRESS,SHUNT,0.0
MINVOL,DISCONNECT,VENTTUBE,0.8580154922662578
MINVOL,DISCONNECT,VENTTUBE,0.8580154922662578
MINVOL,DISCONNECT,VENTTUBE,0.8580154922662578
MINVOL,DISCONNECT,VENTTUBE,0.8580154922662578
MINVOL,DISCONNECT,VENTTUBE,0.8580154922662578
MINVOL,DISCONNECT,VENTTUBE,0.8580154922662578
MINVOL,DISCONNECT,VENTTUBE,0.8580154922662578
MINVOL,DISCONNECT,VENTTUBE,0.8580154922662578
MINVOL,DISCONNECT,VENTTUBE,0.8580154922662578
MINVOL,DISCONNECT,VENTTUBE,0.8580154922662578
MINVOL,DISCONNECT,VENTTUBE,0.8580154922662578
MINVOL,DISCONNECT,VENTTUBE,0.8580154922662578
MINVOL,DISCONNECT,VENTTUBE,0.8580154922662578
MINVOL,DISCONNECT,VENTTUBE,0.8580154922662578
MINVOL,DISCONNECT,VENTTUBE,0.8580154922662578
MINVOL,DISCONNECT,VENTTUBE,0.8580154922662578
MINVOL,DISCONNECT,VENTTUBE,0.8580154922662578
MINVOL,DISCONNECT,VENTTUBE,0.8580154922662578
MINVOL,DISCONNECT,VENTTUBE,0.8580154922662578
MINVOL,DISCONNECT,VENTTUBE,0.8580154922662578
MINVOL,MINVOLSET,VENTTUBE,0.09423255207914533
MINVOL,MINVOLSET,VENTTUBE,0.09423255207914533
MINVOL,MINVOLSET,VENTTUBE,0.09423255207914533
MINVOL,MINVOLSET,VENTTUBE,0.09423255207914533
MINVOL,MINVOLSET,VENTTUBE,0.09423255207914533
MINVOL,MINVOLSET,VENTTUBE,0.09423255207914533
MINVOL,MINVOLSET,VENTTUBE,0.09423255207914533
MINVOL,MINVOLSET,VENTTUBE,0.09423255207914533
MINVOL,MINVOLSET,VENTTUBE,0.09423255207914533
MINVOL,MINVOLSET,VENTTUBE,0.09423255207914533
MINVOL,MINVOLSET,VENTTUBE,0.09423255207914533
MINVOL,MINVOLSET,VENTTUBE,0.09423255207914533
MINVOL,MINVOLSET,VENTTUBE,0.09423255207914533
MINVOL,MINVOLSET,VENTTUBE,0.09423255207914533
MINVOL,MINVOLSET,VENTTUBE,0.09423255207914533
MINVOL,MINVOLSET,VENTTUBE,0.09423255207914533
MINVOL,MINVOLSET,VENTTUBE,0.09423255207914533
MINVOL,MINVOLSET,VENTTUBE,0.09423255207914533
MINVOL,MINVOLSET,VENTTUBE,0.09423255207914533
MINVOL,MINVOLSET,VENTTUBE,0.09423255207914533
MINVOL,VENTMACH,VENTTUBE,0.45695947332172854
MINVOL,VENTMACH,VENTTUBE,0.45695947332172854
MINVOL,VENTMACH,VENTTUBE,0.45695947332172854
MINVOL,VENTMACH,VENTTUBE,0.45695947332172854
MINVOL,VENTMACH,VENTTUBE,0.45695947332172854
MINVOL,VENTMACH,VENTTUBE,0.45695947332172854
MINVOL,VENTMACH,VENTTUBE,0.45695947332172854
MINVOL,VENTMACH,VENTTUBE,0.45695947332172854
MINVOL,VENTMACH,VENTTUBE,0.45695947332172854
MINVOL,VENTMACH,VENTTUBE,0.45695947332172854
MINVOL,VENTMACH,VENTTUBE,0.45695947332172854
MINVOL,VENTMACH,VENTTUBE,0.45695947332172854
MINVOL,VENTMACH,VENTTUBE,0.45695947332172854
MINVOL,VENTMACH,VENTTUBE,0.45695947332172854
MINVOL,VENTMACH,VENTTUBE,0.45695947332172854
MINVOL,VENTMACH,VENTTUBE,0.45695947332172854
MINVOL,VENTMACH,VENTTUBE,0.45695947332172854
MINVOL,VENTMACH,VENTTUBE,0.45695947332172854
MINVOL,VENTMACH,VENTTUBE,0.45695947332172854
MINVOL,VENTMACH,VENTTUBE,0.45695947332172854
MINVOL,VENTTUBE,SHUNT,0.0
MINVOL,VENTTUBE,SHUNT,0.0
MINVOL,VENTTUBE,SHUNT,0.0
MINVOL,VENTTUBE,SHUNT,0.0
MINVOL,VENTTUBE,SHUNT,0.0
MINVOL,VENTTUBE,SHUNT,0.0
MINVOL,VENTTUBE,SHUNT,0.0
MINVOL,VENTTUBE,SHUNT,0.0
MINVOL,VENTTUBE,SHUNT,0.0
MINVOL,VENTTUBE,SHUNT,0.0
MINVOL,VENTTUBE,SHUNT,0.0
MINVOL,VENTTUBE,SHUNT,0.0
MINVOL,VENTTUBE,SHUNT,0.0
MINVOL,VENTTUBE,SHUNT,0.0
MINVOL,VENTTUBE,SHUNT,0.0
MINVOL,VENTTUBE,SHUNT,0.0
MINVOL,VENTTUBE,SHUNT,0.0
MINVOL,VENTTUBE,SHUNT,0.0
MINVOL,VENTTUBE,SHUNT,0.0
MINVOL,VENTTUBE,SHUNT,0.0
MINVOL,VENTTUBE,SHUNT,0.0
MINVOL,VENTLUNG,SHUNT,0.0
MINVOL,VENTLUNG,SHUNT,0.0
MINVOL,VENTLUNG,SHUNT,0.0
MINVOL,VENTLUNG,SHUNT,0.0
MINVOL,VENTLUNG,SHUNT,0.0
MINVOL,VENTLUNG,SHUNT,0.0
MINVOL,VENTLUNG,SHUNT,0.0
MINVOL,VENTLUNG,SHUNT,0.0
MINVOL,VENTLUNG,SHUNT,0.0
MINVOL,VENTLUNG,SHUNT,0.0
MINVOL,VENTLUNG,SHUNT,0.0
MINVOL,VENTLUNG,SHUNT,0.0
MINVOL,VENTLUNG,SHUNT,0.0
MINVOL,VENTLUNG,SHUNT,0.0
MINVOL,VENTLUNG,SHUNT,0.0
MINVOL,VENTLUNG,SHUNT,0.0
MINVOL,VENTLUNG,SHUNT,0.0
MINVOL,VENTLUNG,SHUNT,0.0
MINVOL,VENTLUNG,SHUNT,0.0
MINVOL,VENTLUNG,SHUNT,0.0
MINVOL,VENTLUNG,SHUNT,0.0
MINVOL,VENTALV,SHUNT,0.0
MINVOL,VENTALV,SHUNT,0.0
MINVOL,VENTALV,SHUNT,0.0
MINVOL,VENTALV,SHUNT,0.0
MINVOL,VENTALV,SHUNT,0.0
MINVOL,VENTALV,SHUNT,0.0
MINVOL,VENTALV,SHUNT,0.0
MINVOL,VENTALV,SHUNT,0.0
MINVOL,VENTALV,SHUNT,0.0
MINVOL,VENTALV,SHUNT,0.0
MINVOL,VENTALV,SHUNT,0.0
MINVOL,VENTALV,SHUNT,0.0
MINVOL,VENTALV,SHUNT,0.0
MINVOL,VENTALV,SHUNT,0.0
MINVOL,VENTALV,SHUNT,0.0
MINVOL,VENTALV,SHUNT,0.0
MINVOL,VENTALV,SHUNT,0.0
MINVOL,VENTALV,SHUNT,0.0
MINVOL,VENTALV,SHUNT,0.0
MINVOL,VENTALV,SHUNT,0.0
MINVOL,VENTALV,SHUNT,0.0
MINVOL,ARTCO2,VENTALV,0.26846060121649395
MINVOL,ARTCO2,VENTALV,0.26846060121649395
MINVOL,ARTCO2,VENTALV,0.26846060121649395
MINVOL,ARTCO2,VENTALV,0.26846060121649395
MINVOL,CATECHOL,ARTCO2,0.6282502546829487
MINVOL,CATECHOL,ARTCO2,0.6282502546829487
MINVOL,CATECHOL,ARTCO2,0.6282502546829487
MINVOL,HR,ARTCO2,0.9577712248945276
MINVOL,HR,ARTCO2,0.9577712248945276
MINVOL,CO,HR,0.33980472595751754
MINVOL,BP,PVSAT,0.3799591278392518
MINVOL,BP,PVSAT,0.3799591278392518
FIO2,PVSAT,SAO2,8.209287245354254e-51
FIO2,SAO2,PVSAT,1.4165897409701694e-05
PVSAT,SAO2,SHUNT,0.0
PVSAT,SAO2,SHUNT,0.0
PVSAT,SAO2,SHUNT,0.0
PVSAT,SAO2,SHUNT,0.0
PVSAT,SAO2,SHUNT,0.0
PVSAT,SAO2,SHUNT,0.0
PVSAT,SAO2,SHUNT,0.0
PVSAT,SAO2,SHUNT,0.0
PVSAT,SAO2,SHUNT,0.0
PVSAT,SAO2,SHUNT,0.0
PVSAT,SAO2,SHUNT,0.0
PVSAT,SAO2,SHUNT,0.0
PVSAT,SAO2,SHUNT,0.0
PVSAT,SAO2,SHUNT,0.0
PVSAT,SAO2,SHUNT,0.0
PVSAT,SAO2,SHUNT,0.0
PVSAT,SAO2,SHUNT,0.0
PVSAT,SAO2,SHUNT,0.0
PVSAT,SAO2,SHUNT,0.0
PVSAT,SAO2,SHUNT,0.0
PVSAT,SAO2,SHUNT,0.0
PVSAT,SAO2,SHUNT,0.0
PVSAT,SHUNT,VENTALV,0.1860247450883652
PVSAT,SHUNT,VENTALV,0.1860247450883652
PVSAT,SHUNT,VENTALV,0.1860247450883652
PVSAT,SHUNT,VENTALV,0.1860247450883652
PVSAT,SHUNT,VENTALV,0.1860247450883652
PVSAT,INTUBATION,VENTALV,0.06345732449232029
PVSAT,INTUBATION,VENTALV,0.06345732449232029
PVSAT,INTUBATION,VENTALV,0.06345732449232029
PVSAT,INTUBATION,VENTALV,0.06345732449232029
PVSAT,INTUBATION,VENTALV,0.06345732449232029
PVSAT,PRESS,VENTALV,0.863715322552743
PVSAT,PRESS,VENTALV,0.863715322552743
PVSAT,PRESS,VENTALV,0.863715322552743
PVSAT,PRESS,VENTALV,0.863715322552743
PVSAT,PRESS,VENTALV,0.863715322552743
PVSAT,DISCONNECT,VENTALV,0.5105173547935206
PVSAT,DISCONNECT,VENTALV,0.5105173547935206
PVSAT,DISCONNECT,VENTALV,0.5105173547935206
PVSAT,DISCONNECT,VENTALV,0.5105173547935206
PVSAT,DISCONNECT,VENTALV,0.5105173547935206
PVSAT,MINVOLSET,VENTMACH,0.1632324175753066
PVSAT,MINVOLSET,VENTMACH,0.1632324175753066
PVSAT,MINVOLSET,VENTMACH,0.1632324175753066
PVSAT,MINVOLSET,VENTMACH,0.1632324175753066
PVSAT,MINVOLSET,VENTMACH,0.1632324175753066
PVSAT,MINVOLSET,VENTMACH,0.1632324175753066
PVSAT,MINVOLSET,VENTMACH,0.1632324175753066
PVSAT,MINVOLSET,VENTMACH,0.1632324175753066
PVSAT,MINVOLSET,VENTMACH,0.1632324175753066
PVSAT,MINVOLSET,VENTMACH,0.1632324175753066
PVSAT,MINVOLSET,VENTMACH,0.1632324175753066
PVSAT,MINVOLSET,VENTMACH,0.1632324175753066
PVSAT,MINVOLSET,VENTMACH,0.1632324175753066
PVSAT,MINVOLSET,VENTMACH,0.1632324175753066
PVSAT,MINVOLSET,VENTMACH,0.1632324175753066
PVSAT,MINVOLSET,VENTMACH,0.1632324175753066
PVSAT,MINVOLSET,VENTMACH,0.1632324175753066
PVSAT,MINVOLSET,VENTMACH,0.1632324175753066
PVSAT,VENTMACH,VENTTUBE,0.10203803534695832
PVSAT,VENTMACH,VENTTUBE,0.10203803534695832
PVSAT,VENTMACH,VENTTUBE,0.10203803534695832
PVSAT,VENTMACH,VENTTUBE,0.10203803534695832
PVSAT,VENTMACH,VENTTUBE,0.10203803534695832
PVSAT,VENTMACH,VENTTUBE,0.10203803534695832
PVSAT,VENTMACH,VENTTUBE,0.10203803534695832
PVSAT,VENTMACH,VENTTUBE,0.10203803534695832
PVSAT,VENTMACH,VENTTUBE,0.10203803534695832
PVSAT,VENTMACH,VENTTUBE,0.10203803534695832
PVSAT,VENTMACH,VENTTUBE,0.10203803534695832
PVSAT,VENTMACH,VENTTUBE,0.10203803534695832
PVSAT,VENTMACH,VENTTUBE,0.10203803534695832
PVSAT,VENTMACH,VENTTUBE,0.10203803534695832
PVSAT,VENTMACH,VENTTUBE,0.10203803534695832
PVSAT,VENTMACH,VENTTUBE,0.10203803534695832
PVSAT,VENTMACH,VENTTUBE,0.10203803534695832
PVSAT,VENTMACH,VENTTUBE,0.10203803534695832
PVSAT,VENTMACH,VENTTUBE,0.10203803534695832
PVSAT,VENTMACH,VENTTUBE,0.10203803534695832
PVSAT,VENTMACH,VENTTUBE,0.10203803534695832
PVSAT,VENTTUBE,SHUNT,0.0
PVSAT,VENTTUBE,SHUNT,0.0
PVSAT,VENTTUBE,SHUNT,0.0
PVSAT,VENTTUBE,SHUNT,0.0
PVSAT,VENTTUBE,SHUNT,0.0
PVSAT,VENTTUBE,SHUNT,0.0
PVSAT,VENTTUBE,SHUNT,0.0
PVSAT,VENTTUBE,SHUNT,0.0
PVSAT,VENTTUBE,SHUNT,0.0
PVSAT,VENTTUBE,SHUNT,0.0
PVSAT,VENTTUBE,SHUNT,0.0
PVSAT,VENTTUBE,SHUNT,0.0
PVSAT,VENTTUBE,SHUNT,0.0
PVSAT,VENTTUBE,SHUNT,0.0
PVSAT,VENTTUBE,SHUNT,0.0
PVSAT,VENTTUBE,SHUNT,0.0
PVSAT,VENTTUBE,SHUNT,0.0
PVSAT,VENTTUBE,SHUNT,0.0
PVSAT,VENTTUBE,SHUNT,0.0
PVSAT,VENTTUBE,SHUNT,0.0
PVSAT,VENTTUBE,SHUNT,0.0
PVSAT,VENTTUBE,SHUNT,0.0
PVSAT,VENTLUNG,SHUNT,0.0
PVSAT,VENTLUNG,SHUNT,0.0
PVSAT,VENTLUNG,SHUNT,0.0
PVSAT,VENTLUNG,SHUNT,0.0
PVSAT,VENTLUNG,SHUNT,0.0
PVSAT,VENTLUNG,SHUNT,0.0
PVSAT,VENTLUNG,SHUNT,0.0
PVSAT,VENTLUNG,SHUNT,0.0
PVSAT,VENTLUNG,SHUNT,0.0
PVSAT,VENTLUNG,SHUNT,0.0
PVSAT,VENTLUNG,SHUNT,0.0
PVSAT,VENTLUNG,SHUNT,0.0
PVSAT,VENTLUNG,SHUNT,0.0
PVSAT,VENTLUNG,SHUNT,0.0
PVSAT,VENTLUNG,SHUNT,0.0
PVSAT,VENTLUNG,SHUNT,0.0
PVSAT,VENTLUNG,SHUNT,0.0
PVSAT,VENTLUNG,SHUNT,0.0
PVSAT,VENTLUNG,SHUNT,0.0
PVSAT,VENTLUNG,SHUNT,0.0
PVSAT,VENTLUNG,SHUNT,0.0
PVSAT,VENTLUNG,SHUNT,0.0
PVSAT,VENTALV,SHUNT,0.0
PVSAT,VENTALV,SHUNT,0.0
PVSAT,VENTALV,SHUNT,0.0
PVSAT,VENTALV,SHUNT,0.0
PVSAT,VENTALV,SHUNT,0.0
PVSAT,VENTALV,SHUNT,0.0
PVSAT,VENTALV,SHUNT,0.0
PVSAT,VENTALV,SHUNT,0.0
PVSAT,VENTALV,SHUNT,0.0
PVSAT,VENTALV,SHUNT,0.0
PVSAT,VENTALV,SHUNT,0.0
PVSAT,VENTALV,SHUNT,0.0
PVSAT,VENTALV,SHUNT,0.0
PVSAT,VENTALV,SHUNT,0.0
PVSAT,VENTALV,SHUNT,0.0
PVSAT,VENTALV,SHUNT,0.0
PVSAT,VENTALV,SHUNT,0.0
PVSAT,VENTALV,SHUNT,0.0
PVSAT,VENTALV,SHUNT,0.0
PVSAT,VENTALV,SHUNT,0.0
PVSAT,VENTALV,SHUNT,0.0
PVSAT,VENTALV,SHUNT,0.0
PVSAT,ARTCO2,SHUNT,0.0
PVSAT,ARTCO2,SHUNT,0.0
PVSAT,ARTCO2,SHUNT,0.0
PVSAT,ARTCO2,SHUNT,0.0
PVSAT,ARTCO2,SHUNT,0.0
PVSAT,ARTCO2,SHUNT,0.0
PVSAT,ARTCO2,SHUNT,0.0
PVSAT,ARTCO2,SHUNT,0.0
PVSAT,ARTCO2,SHUNT,0.0
PVSAT,ARTCO2,SHUNT,0.0
PVSAT,ARTCO2,SHUNT,0.0
PVSAT,ARTCO2,SHUNT,0.0
PVSAT,ARTCO2,SHUNT,0.0
PVSAT,ARTCO2,SHUNT,0.0
PVSAT,ARTCO2,SHUNT,0.0
PVSAT,ARTCO2,SHUNT,0.0
PVSAT,ARTCO2,SHUNT,0.0
PVSAT,ARTCO2,SHUNT,0.0
PVSAT,ARTCO2,SHUNT,0.0
PVSAT,ARTCO2,SHUNT,0.0
PVSAT,ARTCO2,SHUNT,0.0
PVSAT,ARTCO2,SHUNT,0.0
PVSAT,CATECHOL,VENTALV,0.4699955002010462
PVSAT,CATECHOL,VENTALV,0.4699955002010462
PVSAT,CATECHOL,VENTALV,0.4699955002010462
PVSAT,CATECHOL,VENTALV,0.4699955002010462
PVSAT,CATECHOL,VENTALV,0.4699955002010462
PVSAT,HR,ARTCO2,0.11240543429924299
PVSAT,HR,ARTCO2,0.11240543429924299
PVSAT,CO,HR,0.7544390879139443
PVSAT,BP,ARTCO2,0.624334415294469
PVSAT,BP,ARTCO2,0.624334415294469
PVSAT,BP,ARTCO2,0.624334415294469
SAO2,PAP,HREKG,0.0574719744298279
SAO2,PAP,HREKG,0.0574719744298279
SAO2,PAP,HREKG,0.0574719744298279
SAO2,PAP,HREKG,0.0574719744298279
SAO2,PAP,HREKG,0.0574719744298279
SAO2,PAP,HREKG,0.0574719744298279
SAO2,PAP,HREKG,0.0574719744298279
SAO2,PAP,HREKG,0.0574719744298279
SAO2,PAP,HREKG,0.0574719744298279
SAO2,PAP,HREKG,0.0574719744298279
SAO2,PAP,HREKG,0.0574719744298279
SAO2,PAP,HREKG,0.0574719744298279
SAO2,PAP,HREKG,0.0574719744298279
SAO2,PAP,HREKG,0.0574719744298279
SAO2,PULMEMBOLUS,SHUNT,0.5027435157769164
SAO2,PULMEMBOLUS,SHUNT,0.5027435157769164
SAO2,PULMEMBOLUS,SHUNT,0.5027435157769164
SAO2,PULMEMBOLUS,SHUNT,0.5027435157769164
SAO2,SHUNT,PULMEMBOLUS,1.2480902489615982e-136
SAO2,SHUNT,PULMEMBOLUS,1.2480902489615982e-136
SAO2,SHUNT,PULMEMBOLUS,1.2480902489615982e-136
SAO2,SHUNT,PULMEMBOLUS,1.2480902489615982e-136
SAO2,SHUNT,PULMEMBOLUS,1.2480902489615982e-136
SAO2,SHUNT,PULMEMBOLUS,1.2480902489615982e-136
SAO2,SHUNT,PULMEMBOLUS,1.2480902489615982e-136
SAO2,SHUNT,PULMEMBOLUS,1.2480902489615982e-136
SAO2,SHUNT,PULMEMBOLUS,1.2480902489615982e-136
SAO2,SHUNT,PULMEMBOLUS,1.2480902489615982e-136
SAO2,SHUNT,PULMEMBOLUS,1.2480902489615982e-136
SAO2,SHUNT,PULMEMBOLUS,1.2480902489615982e-136
SAO2,SHUNT,PULMEMBOLUS,1.2480902489615982e-136
SAO2,SHUNT,PULMEMBOLUS,1.2480902489615982e-136
SAO2,SHUNT,PULMEMBOLUS,1.2480902489615982e-136
SAO2,SHUNT,PULMEMBOLUS,1.2480902489615982e-136
SAO2,SHUNT,PULMEMBOLUS,1.2480902489615982e-136
SAO2,SHUNT,PULMEMBOLUS,1.2480902489615982e-136
SAO2,SHUNT,PULMEMBOLUS,1.2480902489615982e-136
SAO2,SHUNT,PULMEMBOLUS,1.2480902489615982e-136
SAO2,SHUNT,PULMEMBOLUS,1.2480902489615982e-136
SAO2,SHUNT,PULMEMBOLUS,1.2480902489615982e-136
SAO2,SHUNT,PULMEMBOLUS,1.2480902489615982e-136
SAO2,INTUBATION,PULMEMBOLUS,2.340788940306355e-81
SAO2,INTUBATION,PULMEMBOLUS,2.340788940306355e-81
SAO2,INTUBATION,PULMEMBOLUS,2.340788940306355e-81
SAO2,INTUBATION,PULMEMBOLUS,2.340788940306355e-81
SAO2,INTUBATION,PULMEMBOLUS,2.340788940306355e-81
SAO2,INTUBATION,PULMEMBOLUS,2.340788940306355e-81
SAO2,INTUBATION,PULMEMBOLUS,2.340788940306355e-81
SAO2,INTUBATION,PULMEMBOLUS,2.340788940306355e-81
SAO2,INTUBATION,PULMEMBOLUS,2.340788940306355e-81
SAO2,INTUBATION,PULMEMBOLUS,2.340788940306355e-81
SAO2,INTUBATION,PULMEMBOLUS,2.340788940306355e-81
SAO2,INTUBATION,PULMEMBOLUS,2.340788940306355e-81
SAO2,INTUBATION,PULMEMBOLUS,2.340788940306355e-81
SAO2,INTUBATION,PULMEMBOLUS,2.340788940306355e-81
SAO2,INTUBATION,PULMEMBOLUS,2.340788940306355e-81
SAO2,INTUBATION,PULMEMBOLUS,2.340788940306355e-81
SAO2,INTUBATION,PULMEMBOLUS,2.340788940306355e-81
SAO2,INTUBATION,PULMEMBOLUS,2.340788940306355e-81
SAO2,INTUBATION,PULMEMBOLUS,2.340788940306355e-81
SAO2,INTUBATION,PULMEMBOLUS,2.340788940306355e-81
SAO2,INTUBATION,PULMEMBOLUS,2.340788940306355e-81
SAO2,INTUBATION,PULMEMBOLUS,2.340788940306355e-81
SAO2,INTUBATION,PULMEMBOLUS,2.340788940306355e-81
SAO2,PRESS,PVSAT,0.2335499400287755
SAO2,PRESS,PVSAT,0.2335499400287755
SAO2,DISCONNECT,PVSAT,0.3306193219428654
SAO2,DISCONNECT,PVSAT,0.3306193219428654
SAO2,MINVOLSET,VENTTUBE,0.07950558594235198
SAO2,MINVOLSET,VENTTUBE,0.07950558594235198
SAO2,MINVOLSET,VENTTUBE,0.07950558594235198
SAO2,MINVOLSET,VENTTUBE,0.07950558594235198
SAO2,MINVOLSET,VENTTUBE,0.07950558594235198
SAO2,MINVOLSET,VENTTUBE,0.07950558594235198
SAO2,MINVOLSET,VENTTUBE,0.07950558594235198
SAO2,MINVOLSET,VENTTUBE,0.07950558594235198
SAO2,MINVOLSET,VENTTUBE,0.07950558594235198
SAO2,MINVOLSET,VENTTUBE,0.07950558594235198
SAO2,MINVOLSET,VENTTUBE,0.07950558594235198
SAO2,MINVOLSET,VENTTUBE,0.07950558594235198
SAO2,MINVOLSET,VENTTUBE,0.07950558594235198
SAO2,MINVOLSET,VENTTUBE,0.07950558594235198
SAO2,MINVOLSET,VENTTUBE,0.07950558594235198
SAO2,MINVOLSET,VENTTUBE,0.07950558594235198
SAO2,MINVOLSET,VENTTUBE,0.07950558594235198
SAO2,MINVOLSET,VENTTUBE,0.07950558594235198
SAO2,MINVOLSET,VENTTUBE,0.07950558594235198
SAO2,MINVOLSET,VENTTUBE,0.07950558594235198
SAO2,MINVOLSET,VENTTUBE,0.07950558594235198
SAO2,MINVOLSET,VENTTUBE,0.07950558594235198
SAO2,VENTMACH,VENTTUBE,0.1474004030730596
SAO2,VENTMACH,VENTTUBE,0.1474004030730596
SAO2,VENTMACH,VENTTUBE,0.1474004030730596
SAO2,VENTMACH,VENTTUBE,0.1474004030730596
SAO2,VENTMACH,VENTTUBE,0.1474004030730596
SAO2,VENTMACH,VENTTUBE,0.1474004030730596
SAO2,VENTMACH,VENTTUBE,0.1474004030730596
SAO2,VENTMACH,VENTTUBE,0.1474004030730596
SAO2,VENTMACH,VENTTUBE,0.1474004030730596
SAO2,VENTMACH,VENTTUBE,0.1474004030730596
SAO2,VENTMACH,VENTTUBE,0.1474004030730596
SAO2,VENTMACH,VENTTUBE,0.1474004030730596
SAO2,VENTMACH,VENTTUBE,0.1474004030730596
SAO2,VENTMACH,VENTTUBE,0.1474004030730596
SAO2,VENTMACH,VENTTUBE,0.1474004030730596
SAO2,VENTMACH,VENTTUBE,0.1474004030730596
SAO2,VENTMACH,VENTTUBE,0.1474004030730596
SAO2,VENTMACH,VENTTUBE,0.1474004030730596
SAO2,VENTMACH,VENTTUBE,0.1474004030730596
SAO2,VENTMACH,VENTTUBE,0.1474004030730596
SAO2,VENTMACH,VENTTUBE,0.1474004030730596
SAO2,VENTMACH,VENTTUBE,0.1474004030730596
SAO2,VENTTUBE,PULMEMBOLUS,0.0
SAO2,VENTTUBE,PULMEMBOLUS,0.0
SAO2,VENTTUBE,PULMEMBOLUS,0.0
SAO2,VENTTUBE,PULMEMBOLUS,0.0
SAO2,VENTTUBE,PULMEMBOLUS,0.0
SAO2,VENTTUBE,PULMEMBOLUS,0.0
SAO2,VENTTUBE,PULMEMBOLUS,0.0
SAO2,VENTTUBE,PULMEMBOLUS,0.0
SAO2,VENTTUBE,PULMEMBOLUS,0.0
SAO2,VENTTUBE,PULMEMBOLUS,0.0
SAO2,VENTTUBE,PULMEMBOLUS,0.0
SAO2,VENTTUBE,PULMEMBOLUS,0.0
SAO2,VENTTUBE,PULMEMBOLUS,0.0
SAO2,VENTTUBE,PULMEMBOLUS,0.0
SAO2,VENTTUBE,PULMEMBOLUS,0.0
SAO2,VENTTUBE,PULMEMBOLUS,0.0
SAO2,VENTTUBE,PULMEMBOLUS,0.0
SAO2,VENTTUBE,PULMEMBOLUS,0.0
SAO2,VENTTUBE,PULMEMBOLUS,0.0
SAO2,VENTTUBE,PULMEMBOLUS,0.0
SAO2,VENTTUBE,PULMEMBOLUS,0.0
SAO2,VENTTUBE,PULMEMBOLUS,0.0
SAO2,VENTTUBE,PULMEMBOLUS,0.0
SAO2,VENTLUNG,PULMEMBOLUS,0.0
SAO2,VENTLUNG,PULMEMBOLUS,0.0
SAO2,VENTLUNG,PULMEMBOLUS,0.0
SAO2,VENTLUNG,PULMEMBOLUS,0.0
SAO2,VENTLUNG,PULMEMBOLUS,0.0
SAO2,VENTLUNG,PULMEMBOLUS,0.0
SAO2,VENTLUNG,PULMEMBOLUS,0.0
SAO2,VENTLUNG,PULMEMBOLUS,0.0
SAO2,VENTLUNG,PULMEMBOLUS,0.0
SAO2,VENTLUNG,PULMEMBOLUS,0.0
SAO2,VENTLUNG,PULMEMBOLUS,0.0
SAO2,VENTLUNG,PULMEMBOLUS,0.0
SAO2,VENTLUNG,PULMEMBOLUS,0.0
SAO2,VENTLUNG,PULMEMBOLUS,0.0
SAO2,VENTLUNG,PULMEMBOLUS,0.0
SAO2,VENTLUNG,PULMEMBOLUS,0.0
SAO2,VENTLUNG,PULMEMBOLUS,0.0
SAO2,VENTLUNG,PULMEMBOLUS,0.0
SAO2,VENTLUNG,PULMEMBOLUS,0.0
SAO2,VENTLUNG,PULMEMBOLUS,0.0
SAO2,VENTLUNG,PULMEMBOLUS,0.0
SAO2,VENTLUNG,PULMEMBOLUS,0.0
SAO2,VENTLUNG,PULMEMBOLUS,0.0
SAO2,VENTALV,PULMEMBOLUS,0.0
SAO2,VENTALV,PULMEMBOLUS,0.0
SAO2,VENTALV,PULMEMBOLUS,0.0
SAO2,VENTALV,PULMEMBOLUS,0.0
SAO2,VENTALV,PULMEMBOLUS,0.0
SAO2,VENTALV,PULMEMBOLUS,0.0
SAO2,VENTALV,PULMEMBOLUS,0.0
SAO2,VENTALV,PULMEMBOLUS,0.0
SAO2,VENTALV,PULMEMBOLUS,0.0
SAO2,VENTALV,PULMEMBOLUS,0.0
SAO2,VENTALV,PULMEMBOLUS,0.0
SAO2,VENTALV,PULMEMBOLUS,0.0
SAO2,VENTALV,PULMEMBOLUS,0.0
SAO2,VENTALV,PULMEMBOLUS,0.0
SAO2,VENTALV,PULMEMBOLUS,0.0
SAO2,VENTALV,PULMEMBOLUS,0.0
SAO2,VENTALV,PULMEMBOLUS,0.0
SAO2,VENTALV,PULMEMBOLUS,0.0
SAO2,VENTALV,PULMEMBOLUS,0.0
SAO2,VENTALV,PULMEMBOLUS,0.0
SAO2,VENTALV,PULMEMBOLUS,0.0
SAO2,VENTALV,PULMEMBOLUS,0.0
SAO2,VENTALV,PULMEMBOLUS,0.0
SAO2,ARTCO2,VENTALV,0.7015119690038785
SAO2,ARTCO2,VENTALV,0.7015119690038785
SAO2,ARTCO2,VENTALV,0.7015119690038785
SAO2,ARTCO2,VENTALV,0.7015119690038785
SAO2,CATECHOL,PULMEMBOLUS,0.0
SAO2,CATECHOL,PULMEMBOLUS,0.0
SAO2,CATECHOL,PULMEMBOLUS,0.0
SAO2,CATECHOL,PULMEMBOLUS,0.0
SAO2,CATECHOL,PULMEMBOLUS,0.0
SAO2,CATECHOL,PULMEMBOLUS,0.0
SAO2,CATECHOL,PULMEMBOLUS,0.0
SAO2,CATECHOL,PULMEMBOLUS,0.0
SAO2,CATECHOL,PULMEMBOLUS,0.0
SAO2,CATECHOL,PULMEMBOLUS,0.0
SAO2,CATECHOL,PULMEMBOLUS,0.0
SAO2,CATECHOL,PULMEMBOLUS,0.0
SAO2,CATECHOL,PULMEMBOLUS,0.0
SAO2,CATECHOL,PULMEMBOLUS,0.0
SAO2,CATECHOL,PULMEMBOLUS,0.0
SAO2,CATECHOL,PULMEMBOLUS,0.0
SAO2,CATECHOL,PULMEMBOLUS,0.0
SAO2,CATECHOL,PULMEMBOLUS,0.0
SAO2,CATECHOL,PULMEMBOLUS,0.0
SAO2,CATECHOL,PULMEMBOLUS,0.0
SAO2,CATECHOL,PULMEMBOLUS,0.0
SAO2,CATECHOL,PULMEMBOLUS,0.0
SAO2,CATECHOL,PULMEMBOLUS,0.0
SAO2,HR,PVSAT,0.0845813445355833
SAO2,CO,HR,0.8910408897497212
SAO2,BP,PVSAT,0.8024743948938851
SAO2,BP,PVSAT,0.8024743948938851
PAP,PULMEMBOLUS,SHUNT,1.9433043373698668e-154
PAP,PULMEMBOLUS,SHUNT,1.9433043373698668e-154
PAP,PULMEMBOLUS,SHUNT,1.9433043373698668e-154
PAP,PULMEMBOLUS,SHUNT,1.9433043373698668e-154
PAP,PULMEMBOLUS,SHUNT,1.9433043373698668e-154
PAP,SHUNT,PULMEMBOLUS,0.9962991483251087
PAP,SHUNT,PULMEMBOLUS,0.9962991483251087
PAP,SHUNT,PULMEMBOLUS,0.9962991483251087
PAP,SHUNT,PULMEMBOLUS,0.9962991483251087
PAP,SHUNT,PULMEMBOLUS,0.9962991483251087
PULMEMBOLUS,SHUNT,PAP,8.591720309711924e-140
PULMEMBOLUS,SHUNT,PAP,8.591720309711924e-140
PULMEMBOLUS,SHUNT,PAP,8.591720309711924e-140
SHUNT,INTUBATION,PULMEMBOLUS,0.0
SHUNT,INTUBATION,PULMEMBOLUS,0.0
SHUNT,INTUBATION,PULMEMBOLUS,0.0
SHUNT,INTUBATION,PULMEMBOLUS,0.0
SHUNT,INTUBATION,PULMEMBOLUS,0.0
SHUNT,INTUBATION,PULMEMBOLUS,0.0
SHUNT,INTUBATION,PULMEMBOLUS,0.0
SHUNT,INTUBATION,PULMEMBOLUS,0.0
SHUNT,INTUBATION,PULMEMBOLUS,0.0
SHUNT,INTUBATION,PULMEMBOLUS,0.0
SHUNT,PRESS,INTUBATION,0.3198897637468927
SHUNT,PRESS,INTUBATION,0.3198897637468927
SHUNT,PRESS,INTUBATION,0.3198897637468927
SHUNT,PRESS,INTUBATION,0.3198897637468927
SHUNT,PRESS,INTUBATION,0.3198897637468927
SHUNT,PRESS,INTUBATION,0.3198897637468927
SHUNT,PRESS,INTUBATION,0.3198897637468927
SHUNT,PRESS,INTUBATION,0.3198897637468927
SHUNT,PRESS,INTUBATION,0.3198897637468927
SHUNT,VENTLUNG,INTUBATION,0.19596333028091442
SHUNT,VENTLUNG,INTUBATION,0.19596333028091442
SHUNT,VENTLUNG,INTUBATION,0.19596333028091442
SHUNT,VENTLUNG,INTUBATION,0.19596333028091442
SHUNT,VENTLUNG,INTUBATION,0.19596333028091442
SHUNT,VENTLUNG,INTUBATION,0.19596333028091442
SHUNT,VENTLUNG,INTUBATION,0.19596333028091442
SHUNT,VENTLUNG,INTUBATION,0.19596333028091442
SHUNT,VENTLUNG,INTUBATION,0.19596333028091442
SHUNT,VENTALV,INTUBATION,0.29039564205927815
SHUNT,VENTALV,INTUBATION,0.29039564205927815
SHUNT,VENTALV,INTUBATION,0.29039564205927815
SHUNT,VENTALV,INTUBATION,0.29039564205927815
SHUNT,VENTALV,INTUBATION,0.29039564205927815
SHUNT,VENTALV,INTUBATION,0.29039564205927815
SHUNT,VENTALV,INTUBATION,0.29039564205927815
SHUNT,VENTALV,INTUBATION,0.29039564205927815
SHUNT,VENTALV,INTUBATION,0.29039564205927815
SHUNT,ARTCO2,VENTALV,0.29593323807540234
SHUNT,ARTCO2,VENTALV,0.29593323807540234
SHUNT,ARTCO2,VENTALV,0.29593323807540234
SHUNT,ARTCO2,VENTALV,0.29593323807540234
SHUNT,ARTCO2,VENTALV,0.29593323807540234
INTUBATION,PRESS,SHUNT,3.7763320359307273e-197
INTUBATION,PRESS,SHUNT,3.7763320359307273e-197
INTUBATION,PRESS,SHUNT,3.7763320359307273e-197
INTUBATION,PRESS,SHUNT,3.7763320359307273e-197
INTUBATION,PRESS,SHUNT,3.7763320359307273e-197
INTUBATION,PRESS,SHUNT,3.7763320359307273e-197
INTUBATION,PRESS,SHUNT,3.7763320359307273e-197
INTUBATION,PRESS,SHUNT,3.7763320359307273e-197
INTUBATION,PRESS,SHUNT,3.7763320359307273e-197
INTUBATION,PRESS,SHUNT,3.7763320359307273e-197
INTUBATION,PRESS,SHUNT,3.7763320359307273e-197
INTUBATION,PRESS,SHUNT,3.7763320359307273e-197
INTUBATION,PRESS,SHUNT,3.7763320359307273e-197
INTUBATION,PRESS,SHUNT,3.7763320359307273e-197
INTUBATION,VENTLUNG,SHUNT,7.439615247255425e-101
INTUBATION,VENTLUNG,SHUNT,7.439615247255425e-101
INTUBATION,VENTLUNG,SHUNT,7.439615247255425e-101
INTUBATION,VENTLUNG,SHUNT,7.439615247255425e-101
INTUBATION,VENTLUNG,SHUNT,7.439615247255425e-101
INTUBATION,VENTLUNG,SHUNT,7.439615247255425e-101
INTUBATION,VENTLUNG,SHUNT,7.439615247255425e-101
INTUBATION,VENTLUNG,SHUNT,7.439615247255425e-101
INTUBATION,VENTLUNG,SHUNT,7.439615247255425e-101
INTUBATION,VENTLUNG,SHUNT,7.439615247255425e-101
INTUBATION,VENTLUNG,SHUNT,7.439615247255425e-101
INTUBATION,VENTLUNG,SHUNT,7.439615247255425e-101
INTUBATION,VENTLUNG,SHUNT,7.439615247255425e-101
INTUBATION,VENTLUNG,SHUNT,7.439615247255425e-101
INTUBATION,VENTALV,SHUNT,0.0
INTUBATION,VENTALV,SHUNT,0.0
INTUBATION,VENTALV,SHUNT,0.0
INTUBATION,VENTALV,SHUNT,0.0
INTUBATION,VENTALV,SHUNT,0.0
INTUBATION,VENTALV,SHUNT,0.0
INTUBATION,VENTALV,SHUNT,0.0
INTUBATION,VENTALV,SHUNT,0.0
INTUBATION,VENTALV,SHUNT,0.0
INTUBATION,VENTALV,SHUNT,0.0
INTUBATION,VENTALV,SHUNT,0.0
INTUBATION,VENTALV,SHUNT,0.0
INTUBATION,VENTALV,SHUNT,0.0
INTUBATION,VENTALV,SHUNT,0.0
INTUBATION,ARTCO2,SHUNT,1.7926181835936128e-128
INTUBATION,ARTCO2,SHUNT,1.7926181835936128e-128
INTUBATION,ARTCO2,SHUNT,1.7926181835936128e-128
INTUBATION,ARTCO2,SHUNT,1.7926181835936128e-128
INTUBATION,ARTCO2,SHUNT,1.7926181835936128e-128
INTUBATION,ARTCO2,SHUNT,1.7926181835936128e-128
INTUBATION,ARTCO2,SHUNT,1.7926181835936128e-128
INTUBATION,ARTCO2,SHUNT,1.7926181835936128e-128
INTUBATION,ARTCO2,SHUNT,1.7926181835936128e-128
INTUBATION,ARTCO2,SHUNT,1.7926181835936128e-128
INTUBATION,ARTCO2,SHUNT,1.7926181835936128e-128
INTUBATION,ARTCO2,SHUNT,1.7926181835936128e-128
INTUBATION,ARTCO2,SHUNT,1.7926181835936128e-128
INTUBATION,ARTCO2,SHUNT,1.7926181835936128e-128
INTUBATION,CATECHOL,HRBP,0.3476423804283896
INTUBATION,HR,HRBP,0.5120332146591178
INTUBATION,CO,HRBP,0.34016212788318717
PRESS,DISCONNECT,VENTTUBE,0.9716682884379775
PRESS,DISCONNECT,VENTTUBE,0.9716682884379775
PRESS,DISCONNECT,VENTTUBE,0.9716682884379775
PRESS,DISCONNECT,VENTTUBE,0.9716682884379775
PRESS,DISCONNECT,VENTTUBE,0.9716682884379775
PRESS,DISCONNECT,VENTTUBE,0.9716682884379775
PRESS,DISCONNECT,VENTTUBE,0.9716682884379775
PRESS,DISCONNECT,VENTTUBE,0.9716682884379775
PRESS,DISCONNECT,VENTTUBE,0.9716682884379775
PRESS,DISCONNECT,VENTTUBE,0.9716682884379775
PRESS,DISCONNECT,VENTTUBE,0.9716682884379775
PRESS,DISCONNECT,VENTTUBE,0.9716682884379775
PRESS,DISCONNECT,VENTTUBE,0.9716682884379775
PRESS,DISCONNECT,VENTTUBE,0.9716682884379775
PRESS,DISCONNECT,VENTTUBE,0.9716682884379775
PRESS,DISCONNECT,VENTTUBE,0.9716682884379775
PRESS,DISCONNECT,VENTTUBE,0.9716682884379775
PRESS,DISCONNECT,VENTTUBE,0.9716682884379775
PRESS,DISCONNECT,VENTTUBE,0.9716682884379775
PRESS,MINVOLSET,VENTMACH,0.5691972087972341
PRESS,MINVOLSET,VENTMACH,0.5691972087972341
PRESS,MINVOLSET,VENTMACH,0.5691972087972341
PRESS,MINVOLSET,VENTMACH,0.5691972087972341
PRESS,MINVOLSET,VENTMACH,0.5691972087972341
PRESS,MINVOLSET,VENTMACH,0.5691972087972341
PRESS,MINVOLSET,VENTMACH,0.5691972087972341
PRESS,MINVOLSET,VENTMACH,0.5691972087972341
PRESS,MINVOLSET,VENTMACH,0.5691972087972341
PRESS,MINVOLSET,VENTMACH,0.5691972087972341
PRESS,MINVOLSET,VENTMACH,0.5691972087972341
PRESS,MINVOLSET,VENTMACH,0.5691972087972341
PRESS,MINVOLSET,VENTMACH,0.5691972087972341
PRESS,MINVOLSET,VENTMACH,0.5691972087972341
PRESS,MINVOLSET,VENTMACH,0.5691972087972341
PRESS,MINVOLSET,VENTMACH,0.5691972087972341
PRESS,MINVOLSET,VENTMACH,0.5691972087972341
PRESS,VENTMACH,VENTTUBE,0.243617489330461
PRESS,VENTMACH,VENTTUBE,0.243617489330461
PRESS,VENTMACH,VENTTUBE,0.243617489330461
PRESS,VENTMACH,VENTTUBE,0.243617489330461
PRESS,VENTMACH,VENTTUBE,0.243617489330461
PRESS,VENTMACH,VENTTUBE,0.243617489330461
PRESS,VENTMACH,VENTTUBE,0.243617489330461
PRESS,VENTMACH,VENTTUBE,0.243617489330461
PRESS,VENTMACH,VENTTUBE,0.243617489330461
PRESS,VENTMACH,VENTTUBE,0.243617489330461
PRESS,VENTMACH,VENTTUBE,0.243617489330461
PRESS,VENTMACH,VENTTUBE,0.243617489330461
PRESS,VENTMACH,VENTTUBE,0.243617489330461
PRESS,VENTMACH,VENTTUBE,0.243617489330461
PRESS,VENTMACH,VENTTUBE,0.243617489330461
PRESS,VENTMACH,VENTTUBE,0.243617489330461
PRESS,VENTMACH,VENTTUBE,0.243617489330461
PRESS,VENTMACH,VENTTUBE,0.243617489330461
PRESS,VENTMACH,VENTTUBE,0.243617489330461
PRESS,VENTTUBE,SHUNT,0.0
PRESS,VENTTUBE,SHUNT,0.0
PRESS,VENTTUBE,SHUNT,0.0
PRESS,VENTTUBE,SHUNT,0.0
PRESS,VENTTUBE,SHUNT,0.0
PRESS,VENTTUBE,SHUNT,0.0
PRESS,VENTTUBE,SHUNT,0.0
PRESS,VENTTUBE,SHUNT,0.0
PRESS,VENTTUBE,SHUNT,0.0
PRESS,VENTTUBE,SHUNT,0.0
PRESS,VENTTUBE,SHUNT,0.0
PRESS,VENTTUBE,SHUNT,0.0
PRESS,VENTTUBE,SHUNT,0.0
PRESS,VENTTUBE,SHUNT,0.0
PRESS,VENTTUBE,SHUNT,0.0
PRESS,VENTTUBE,SHUNT,0.0
PRESS,VENTTUBE,SHUNT,0.0
PRESS,VENTTUBE,SHUNT,0.0
PRESS,VENTTUBE,SHUNT,0.0
PRESS,VENTTUBE,SHUNT,0.0
PRESS,VENTLUNG,SHUNT,0.0
PRESS,VENTLUNG,SHUNT,0.0
PRESS,VENTLUNG,SHUNT,0.0
PRESS,VENTLUNG,SHUNT,0.0
PRESS,VENTLUNG,SHUNT,0.0
PRESS,VENTLUNG,SHUNT,0.0
PRESS,VENTLUNG,SHUNT,0.0
PRESS,VENTLUNG,SHUNT,0.0
PRESS,VENTLUNG,SHUNT,0.0
PRESS,VENTLUNG,SHUNT,0.0
PRESS,VENTLUNG,SHUNT,0.0
PRESS,VENTLUNG,SHUNT,0.0
PRESS,VENTLUNG,SHUNT,0.0
PRESS,VENTLUNG,SHUNT,0.0
PRESS,VENTLUNG,SHUNT,0.0
PRESS,VENTLUNG,SHUNT,0.0
PRESS,VENTLUNG,SHUNT,0.0
PRESS,VENTLUNG,SHUNT,0.0
PRESS,VENTLUNG,SHUNT,0.0
PRESS,VENTLUNG,SHUNT,0.0
PRESS,VENTALV,SHUNT,0.0
PRESS,VENTALV,SHUNT,0.0
PRESS,VENTALV,SHUNT,0.0
PRESS,VENTALV,SHUNT,0.0
PRESS,VENTALV,SHUNT,0.0
PRESS,VENTALV,SHUNT,0.0
PRESS,VENTALV,SHUNT,0.0
PRESS,VENTALV,SHUNT,0.0
PRESS,VENTALV,SHUNT,0.0
PRESS,VENTALV,SHUNT,0.0
PRESS,VENTALV,SHUNT,0.0
PRESS,VENTALV,SHUNT,0.0
PRESS,VENTALV,SHUNT,0.0
PRESS,VENTALV,SHUNT,0.0
PRESS,VENTALV,SHUNT,0.0
PRESS,VENTALV,SHUNT,0.0
PRESS,VENTALV,SHUNT,0.0
PRESS,VENTALV,SHUNT,0.0
PRESS,VENTALV,SHUNT,0.0
PRESS,VENTALV,SHUNT,0.0
PRESS,ARTCO2,VENTALV,0.7787484464637463
PRESS,ARTCO2,VENTALV,0.7787484464637463
PRESS,ARTCO2,VENTALV,0.7787484464637463
PRESS,ARTCO2,VENTALV,0.7787484464637463
PRESS,CATECHOL,PVSAT,0.8276968607533348
PRESS,CATECHOL,PVSAT,0.8276968607533348
PRESS,HR,PVSAT,0.3223128973670157
PRESS,CO,HR,0.18799478077366927
DISCONNECT,VENTTUBE,CO,0.0
DISCONNECT,VENTTUBE,CO,0.0
DISCONNECT,VENTTUBE,CO,0.0
DISCONNECT,VENTTUBE,CO,0.0
DISCONNECT,VENTTUBE,CO,0.0
DISCONNECT,VENTTUBE,CO,0.0
DISCONNECT,VENTTUBE,CO,0.0
DISCONNECT,VENTTUBE,CO,0.0
DISCONNECT,VENTTUBE,CO,0.0
DISCONNECT,VENTTUBE,CO,0.0
DISCONNECT,VENTTUBE,CO,0.0
DISCONNECT,VENTTUBE,CO,0.0
DISCONNECT,VENTTUBE,CO,0.0
DISCONNECT,VENTTUBE,CO,0.0
DISCONNECT,VENTLUNG,VENTTUBE,0.8232072098175128
DISCONNECT,VENTLUNG,VENTTUBE,0.8232072098175128
DISCONNECT,VENTLUNG,VENTTUBE,0.8232072098175128
DISCONNECT,VENTLUNG,VENTTUBE,0.8232072098175128
DISCONNECT,VENTLUNG,VENTTUBE,0.8232072098175128
DISCONNECT,VENTLUNG,VENTTUBE,0.8232072098175128
DISCONNECT,VENTLUNG,VENTTUBE,0.8232072098175128
DISCONNECT,VENTLUNG,VENTTUBE,0.8232072098175128
DISCONNECT,VENTLUNG,VENTTUBE,0.8232072098175128
DISCONNECT,VENTLUNG,VENTTUBE,0.8232072098175128
DISCONNECT,VENTLUNG,VENTTUBE,0.8232072098175128
DISCONNECT,VENTLUNG,VENTTUBE,0.8232072098175128
DISCONNECT,VENTLUNG,VENTTUBE,0.8232072098175128
DISCONNECT,VENTALV,VENTTUBE,0.6951510665423293
DISCONNECT,VENTALV,VENTTUBE,0.6951510665423293
DISCONNECT,VENTALV,VENTTUBE,0.6951510665423293
DISCONNECT,VENTALV,VENTTUBE,0.6951510665423293
DISCONNECT,VENTALV,VENTTUBE,0.6951510665423293
DISCONNECT,VENTALV,VENTTUBE,0.6951510665423293
DISCONNECT,VENTALV,VENTTUBE,0.6951510665423293
DISCONNECT,VENTALV,VENTTUBE,0.6951510665423293
DISCONNECT,VENTALV,VENTTUBE,0.6951510665423293
DISCONNECT,VENTALV,VENTTUBE,0.6951510665423293
DISCONNECT,VENTALV,VENTTUBE,0.6951510665423293
DISCONNECT,VENTALV,VENTTUBE,0.6951510665423293
DISCONNECT,VENTALV,VENTTUBE,0.6951510665423293
DISCONNECT,ARTCO2,VENTALV,0.3787087554487465
DISCONNECT,ARTCO2,VENTALV,0.3787087554487465
DISCONNECT,ARTCO2,VENTALV,0.3787087554487465
DISCONNECT,ARTCO2,VENTALV,0.3787087554487465
DISCONNECT,ARTCO2,VENTALV,0.3787087554487465
DISCONNECT,ARTCO2,VENTALV,0.3787087554487465
DISCONNECT,ARTCO2,VENTALV,0.3787087554487465
DISCONNECT,ARTCO2,VENTALV,0.3787087554487465
DISCONNECT,CATECHOL,PVSAT,0.9010717213015849
DISCONNECT,CATECHOL,PVSAT,0.9010717213015849
DISCONNECT,HR,PVSAT,0.9157246765365933
DISCONNECT,HR,PVSAT,0.9157246765365933
DISCONNECT,CO,PVSAT,0.7501672886724607
DISCONNECT,CO,PVSAT,0.7501672886724607
MINVOLSET,VENTMACH,VENTTUBE,0.0
MINVOLSET,VENTMACH,VENTTUBE,0.0
MINVOLSET,VENTMACH,VENTTUBE,0.0
MINVOLSET,VENTMACH,VENTTUBE,0.0
MINVOLSET,VENTMACH,VENTTUBE,0.0
MINVOLSET,VENTMACH,VENTTUBE,0.0
MINVOLSET,VENTMACH,VENTTUBE,0.0
MINVOLSET,VENTMACH,VENTTUBE,0.0
MINVOLSET,VENTMACH,VENTTUBE,0.0
MINVOLSET,VENTMACH,VENTTUBE,0.0
MINVOLSET,VENTMACH,VENTTUBE,0.0
MINVOLSET,VENTMACH,VENTTUBE,0.0
MINVOLSET,VENTMACH,VENTTUBE,0.0
MINVOLSET,VENTMACH,VENTTUBE,0.0
MINVOLSET,VENTMACH,VENTTUBE,0.0
MINVOLSET,VENTMACH,VENTTUBE,0.0
MINVOLSET,VENTTUBE,VENTMACH,0.008856719022855794
MINVOLSET,VENTTUBE,VENTMACH,0.008856719022855794
MINVOLSET,VENTTUBE,VENTMACH,0.008856719022855794
MINVOLSET,VENTTUBE,VENTMACH,0.008856719022855794
MINVOLSET,VENTTUBE,VENTMACH,0.008856719022855794
MINVOLSET,VENTTUBE,VENTMACH,0.008856719022855794
MINVOLSET,VENTTUBE,VENTMACH,0.008856719022855794
MINVOLSET,VENTTUBE,VENTMACH,0.008856719022855794
MINVOLSET,VENTTUBE,VENTMACH,0.008856719022855794
MINVOLSET,VENTTUBE,VENTMACH,0.008856719022855794
MINVOLSET,VENTTUBE,VENTMACH,0.008856719022855794
MINVOLSET,VENTTUBE,VENTMACH,0.008856719022855794
MINVOLSET,VENTTUBE,VENTMACH,0.008856719022855794
MINVOLSET,VENTTUBE,VENTMACH,0.008856719022855794
MINVOLSET,VENTTUBE,VENTMACH,0.008856719022855794
MINVOLSET,VENTTUBE,VENTMACH,0.008856719022855794
MINVOLSET,VENTLUNG,VENTTUBE,0.020555409812126467
MINVOLSET,VENTLUNG,VENTTUBE,0.020555409812126467
MINVOLSET,VENTLUNG,VENTTUBE,0.020555409812126467
MINVOLSET,VENTLUNG,VENTTUBE,0.020555409812126467
MINVOLSET,VENTLUNG,VENTTUBE,0.020555409812126467
MINVOLSET,VENTLUNG,VENTTUBE,0.020555409812126467
MINVOLSET,VENTLUNG,VENTTUBE,0.020555409812126467
MINVOLSET,VENTLUNG,VENTTUBE,0.020555409812126467
MINVOLSET,VENTLUNG,VENTTUBE,0.020555409812126467
MINVOLSET,VENTLUNG,VENTTUBE,0.020555409812126467
MINVOLSET,VENTLUNG,VENTTUBE,0.020555409812126467
MINVOLSET,VENTLUNG,VENTTUBE,0.020555409812126467
MINVOLSET,VENTLUNG,VENTTUBE,0.020555409812126467
MINVOLSET,VENTLUNG,VENTTUBE,0.020555409812126467
MINVOLSET,VENTLUNG,VENTTUBE,0.020555409812126467
MINVOLSET,VENTLUNG,VENTTUBE,0.020555409812126467
MINVOLSET,VENTALV,VENTTUBE,0.0263471068581936
MINVOLSET,VENTALV,VENTTUBE,0.0263471068581936
MINVOLSET,VENTALV,VENTTUBE,0.0263471068581936
MINVOLSET,VENTALV,VENTTUBE,0.0263471068581936
MINVOLSET,VENTALV,VENTTUBE,0.0263471068581936
MINVOLSET,VENTALV,VENTTUBE,0.0263471068581936
MINVOLSET,VENTALV,VENTTUBE,0.0263471068581936
MINVOLSET,VENTALV,VENTTUBE,0.0263471068581936
MINVOLSET,VENTALV,VENTTUBE,0.0263471068581936
MINVOLSET,VENTALV,VENTTUBE,0.0263471068581936
MINVOLSET,VENTALV,VENTTUBE,0.0263471068581936
MINVOLSET,VENTALV,VENTTUBE,0.0263471068581936
MINVOLSET,VENTALV,VENTTUBE,0.0263471068581936
MINVOLSET,VENTALV,VENTTUBE,0.0263471068581936
MINVOLSET,VENTALV,VENTTUBE,0.0263471068581936
MINVOLSET,VENTALV,VENTTUBE,0.0263471068581936
MINVOLSET,ARTCO2,VENTALV,0.5504034246356284
MINVOLSET,ARTCO2,VENTALV,0.5504034246356284
MINVOLSET,ARTCO2,VENTALV,0.5504034246356284
MINVOLSET,ARTCO2,VENTALV,0.5504034246356284
MINVOLSET,CATECHOL,PVSAT,0.08313509483308401
MINVOLSET,HR,PVSAT,0.27580103647298443
MINVOLSET,CO,PVSAT,0.24472061712196272
MINVOLSET,BP,PVSAT,0.49664250767643325
VENTMACH,VENTTUBE,HRSAT,0.0
VENTMACH,VENTTUBE,HRSAT,0.0
VENTMACH,VENTTUBE,HRSAT,0.0
VENTMACH,VENTTUBE,HRSAT,0.0
VENTMACH,VENTTUBE,HRSAT,0.0
VENTMACH,VENTTUBE,HRSAT,0.0
VENTMACH,VENTTUBE,HRSAT,0.0
VENTMACH,VENTTUBE,HRSAT,0.0
VENTMACH,VENTTUBE,HRSAT,0.0
VENTMACH,VENTTUBE,HRSAT,0.0
VENTMACH,VENTTUBE,HRSAT,0.0
VENTMACH,VENTTUBE,HRSAT,0.0
VENTMACH,VENTTUBE,HRSAT,0.0
VENTMACH,VENTTUBE,HRSAT,0.0
VENTMACH,VENTTUBE,HRSAT,0.0
VENTMACH,VENTTUBE,HRSAT,0.0
VENTMACH,VENTLUNG,VENTTUBE,0.008071640761188558
VENTMACH,VENTLUNG,VENTTUBE,0.008071640761188558
VENTMACH,VENTLUNG,VENTTUBE,0.008071640761188558
VENTMACH,VENTLUNG,VENTTUBE,0.008071640761188558
VENTMACH,VENTLUNG,VENTTUBE,0.008071640761188558
VENTMACH,VENTLUNG,VENTTUBE,0.008071640761188558
VENTMACH,VENTLUNG,VENTTUBE,0.008071640761188558
VENTMACH,VENTLUNG,VENTTUBE,0.008071640761188558
VENTMACH,VENTLUNG,VENTTUBE,0.008071640761188558
VENTMACH,VENTLUNG,VENTTUBE,0.008071640761188558
VENTMACH,VENTLUNG,VENTTUBE,0.008071640761188558
VENTMACH,VENTLUNG,VENTTUBE,0.008071640761188558
VENTMACH,VENTLUNG,VENTTUBE,0.008071640761188558
VENTMACH,VENTLUNG,VENTTUBE,0.008071640761188558
VENTMACH,VENTLUNG,VENTTUBE,0.008071640761188558
VENTMACH,VENTLUNG,VENTTUBE,0.008071640761188558
VENTMACH,VENTALV,VENTTUBE,0.30088901110625355
VENTMACH,VENTALV,VENTTUBE,0.30088901110625355
VENTMACH,VENTALV,VENTTUBE,0.30088901110625355
VENTMACH,VENTALV,VENTTUBE,0.30088901110625355
VENTMACH,VENTALV,VENTTUBE,0.30088901110625355
VENTMACH,VENTALV,VENTTUBE,0.30088901110625355
VENTMACH,VENTALV,VENTTUBE,0.30088901110625355
VENTMACH,VENTALV,VENTTUBE,0.30088901110625355
VENTMACH,VENTALV,VENTTUBE,0.30088901110625355
VENTMACH,VENTALV,VENTTUBE,0.30088901110625355
VENTMACH,VENTALV,VENTTUBE,0.30088901110625355
VENTMACH,VENTALV,VENTTUBE,0.30088901110625355
VENTMACH,VENTALV,VENTTUBE,0.30088901110625355
VENTMACH,VENTALV,VENTTUBE,0.30088901110625355
VENTMACH,VENTALV,VENTTUBE,0.30088901110625355
VENTMACH,VENTALV,VENTTUBE,0.30088901110625355
VENTMACH,ARTCO2,VENTALV,0.9608764541960497
VENTMACH,ARTCO2,VENTALV,0.9608764541960497
VENTMACH,ARTCO2,VENTALV,0.9608764541960497
VENTMACH,ARTCO2,VENTALV,0.9608764541960497
VENTMACH,CATECHOL,ARTCO2,0.14987215159537998
VENTMACH,CATECHOL,ARTCO2,0.14987215159537998
VENTMACH,CATECHOL,ARTCO2,0.14987215159537998
VENTMACH,HR,PVSAT,0.11506696044799074
VENTMACH,CO,PVSAT,0.11861172776894571
VENTMACH,BP,PVSAT,0.2619987187696721
VENTTUBE,VENTLUNG,VENTMACH,0.0
VENTTUBE,VENTLUNG,VENTMACH,0.0
VENTTUBE,VENTLUNG,VENTMACH,0.0
VENTTUBE,VENTLUNG,VENTMACH,0.0
VENTTUBE,VENTLUNG,VENTMACH,0.0
VENTTUBE,VENTLUNG,VENTMACH,0.0
VENTTUBE,VENTLUNG,VENTMACH,0.0
VENTTUBE,VENTLUNG,VENTMACH,0.0
VENTTUBE,VENTLUNG,VENTMACH,0.0
VENTTUBE,VENTLUNG,VENTMACH,0.0
VENTTUBE,VENTLUNG,VENTMACH,0.0
VENTTUBE,VENTLUNG,VENTMACH,0.0
VENTTUBE,VENTLUNG,VENTMACH,0.0
VENTTUBE,VENTLUNG,VENTMACH,0.0
VENTTUBE,VENTLUNG,VENTMACH,0.0
VENTTUBE,VENTLUNG,VENTMACH,0.0
VENTTUBE,VENTLUNG,VENTMACH,0.0
VENTTUBE,VENTALV,VENTMACH,0.0
VENTTUBE,VENTALV,VENTMACH,0.0
VENTTUBE,VENTALV,VENTMACH,0.0
VENTTUBE,VENTALV,VENTMACH,0.0
VENTTUBE,VENTALV,VENTMACH,0.0
VENTTUBE,VENTALV,VENTMACH,0.0
VENTTUBE,VENTALV,VENTMACH,0.0
VENTTUBE,VENTALV,VENTMACH,0.0
VENTTUBE,VENTALV,VENTMACH,0.0
VENTTUBE,VENTALV,VENTMACH,0.0
VENTTUBE,VENTALV,VENTMACH,0.0
VENTTUBE,VENTALV,VENTMACH,0.0
VENTTUBE,VENTALV,VENTMACH,0.0
VENTTUBE,VENTALV,VENTMACH,0.0
VENTTUBE,VENTALV,VENTMACH,0.0
VENTTUBE,VENTALV,VENTMACH,0.0
VENTTUBE,VENTALV,VENTMACH,0.0
VENTTUBE,ARTCO2,VENTALV,0.6611678869113107
VENTTUBE,ARTCO2,VENTALV,0.6611678869113107
VENTTUBE,ARTCO2,VENTALV,0.6611678869113107
VENTTUBE,ARTCO2,VENTALV,0.6611678869113107
VENTTUBE,CATECHOL,ARTCO2,0.5420835445215904
VENTTUBE,CATECHOL,ARTCO2,0.5420835445215904
VENTTUBE,CATECHOL,ARTCO2,0.5420835445215904
VENTTUBE,HR,PVSAT,0.06172280991384436
VENTTUBE,CO,PVSAT,0.12164319591517411
VENTTUBE,BP,PVSAT,0.38973769162800176
VENTLUNG,VENTALV,SHUNT,0.0
VENTLUNG,VENTALV,SHUNT,0.0
VENTLUNG,VENTALV,SHUNT,0.0
VENTLUNG,VENTALV,SHUNT,0.0
VENTLUNG,VENTALV,SHUNT,0.0
VENTLUNG,VENTALV,SHUNT,0.0
VENTLUNG,VENTALV,SHUNT,0.0
VENTLUNG,VENTALV,SHUNT,0.0
VENTLUNG,VENTALV,SHUNT,0.0
VENTLUNG,VENTALV,SHUNT,0.0
VENTLUNG,VENTALV,SHUNT,0.0
VENTLUNG,VENTALV,SHUNT,0.0
VENTLUNG,VENTALV,SHUNT,0.0
VENTLUNG,VENTALV,SHUNT,0.0
VENTLUNG,VENTALV,SHUNT,0.0
VENTLUNG,VENTALV,SHUNT,0.0
VENTLUNG,VENTALV,SHUNT,0.0
VENTLUNG,VENTALV,SHUNT,0.0
VENTLUNG,VENTALV,SHUNT,0.0
VENTLUNG,VENTALV,SHUNT,0.0
VENTLUNG,ARTCO2,VENTALV,0.3148561364454108
VENTLUNG,ARTCO2,VENTALV,0.3148561364454108
VENTLUNG,ARTCO2,VENTALV,0.3148561364454108
VENTLUNG,ARTCO2,VENTALV,0.3148561364454108
VENTLUNG,CATECHOL,ARTCO2,0.11096358052100128
VENTLUNG,CATECHOL,ARTCO2,0.11096358052100128
VENTLUNG,CATECHOL,ARTCO2,0.11096358052100128
VENTLUNG,HR,ARTCO2,0.1544485284715534
VENTLUNG,HR,ARTCO2,0.1544485284715534
VENTLUNG,CO,HR,0.5021169501952905
VENTLUNG,BP,PVSAT,0.2954217366261063
VENTLUNG,BP,PVSAT,0.2954217366261063
VENTALV,ARTCO2,SHUNT,0.0
VENTALV,ARTCO2,SHUNT,0.0
VENTALV,ARTCO2,SHUNT,0.0
VENTALV,ARTCO2,SHUNT,0.0
VENTALV,ARTCO2,SHUNT,0.0
VENTALV,ARTCO2,SHUNT,0.0
VENTALV,ARTCO2,SHUNT,0.0
VENTALV,ARTCO2,SHUNT,0.0
VENTALV,ARTCO2,SHUNT,0.0
VENTALV,ARTCO2,SHUNT,0.0
VENTALV,ARTCO2,SHUNT,0.0
VENTALV,ARTCO2,SHUNT,0.0
VENTALV,ARTCO2,SHUNT,0.0
VENTALV,ARTCO2,SHUNT,0.0
VENTALV,ARTCO2,SHUNT,0.0
VENTALV,ARTCO2,SHUNT,0.0
VENTALV,ARTCO2,SHUNT,0.0
VENTALV,ARTCO2,SHUNT,0.0
VENTALV,ARTCO2,SHUNT,0.0
VENTALV,ARTCO2,SHUNT,0.0
VENTALV,CATECHOL,SHUNT,0.0
VENTALV,CATECHOL,SHUNT,0.0
VENTALV,CATECHOL,SHUNT,0.0
VENTALV,CATECHOL,SHUNT,0.0
VENTALV,CATECHOL,SHUNT,0.0
VENTALV,CATECHOL,SHUNT,0.0
VENTALV,CATECHOL,SHUNT,0.0
VENTALV,CATECHOL,SHUNT,0.0
VENTALV,CATECHOL,SHUNT,0.0
VENTALV,CATECHOL,SHUNT,0.0
VENTALV,CATECHOL,SHUNT,0.0
VENTALV,CATECHOL,SHUNT,0.0
VENTALV,CATECHOL,SHUNT,0.0
VENTALV,CATECHOL,SHUNT,0.0
VENTALV,CATECHOL,SHUNT,0.0
VENTALV,CATECHOL,SHUNT,0.0
VENTALV,CATECHOL,SHUNT,0.0
VENTALV,CATECHOL,SHUNT,0.0
VENTALV,CATECHOL,SHUNT,0.0
VENTALV,CATECHOL,SHUNT,0.0
VENTALV,HR,ARTCO2,0.05997722287978856
VENTALV,HR,ARTCO2,0.05997722287978856
VENTALV,CO,HR,0.40466387120669
VENTALV,BP,PVSAT,0.34743875465970936
VENTALV,BP,PVSAT,0.34743875465970936
ARTCO2,CATECHOL,SHUNT,0.0
ARTCO2,CATECHOL,SHUNT,0.0
ARTCO2,CATECHOL,SHUNT,0.0
ARTCO2,CATECHOL,SHUNT,0.0
ARTCO2,CATECHOL,SHUNT,0.0
ARTCO2,CATECHOL,SHUNT,0.0
ARTCO2,CATECHOL,SHUNT,0.0
ARTCO2,CATECHOL,SHUNT,0.0
ARTCO2,CATECHOL,SHUNT,0.0
ARTCO2,CATECHOL,SHUNT,0.0
ARTCO2,CATECHOL,SHUNT,0.0
ARTCO2,CATECHOL,SHUNT,0.0
ARTCO2,CATECHOL,SHUNT,0.0
ARTCO2,CATECHOL,SHUNT,0.0
ARTCO2,CATECHOL,SHUNT,0.0
ARTCO2,CATECHOL,SHUNT,0.0
ARTCO2,CATECHOL,SHUNT,0.0
ARTCO2,CATECHOL,SHUNT,0.0
ARTCO2,CATECHOL,SHUNT,0.0
ARTCO2,CATECHOL,SHUNT,0.0
ARTCO2,HR,CATECHOL,0.5703090091948457
ARTCO2,HR,CATECHOL,0.5703090091948457
ARTCO2,HR,CATECHOL,0.5703090091948457
ARTCO2,HR,CATECHOL,0.5703090091948457
ARTCO2,CO,HR,0.9728324907362799
ARTCO2,BP,SHUNT,2.522677411612299e-14
ARTCO2,BP,SHUNT,2.522677411612299e-14
ARTCO2,BP,SHUNT,2.522677411612299e-14
ARTCO2,BP,SHUNT,2.522677411612299e-14
ARTCO2,BP,SHUNT,2.522677411612299e-14
ARTCO2,BP,SHUNT,2.522677411612299e-14
ARTCO2,BP,SHUNT,2.522677411612299e-14
ARTCO2,BP,SHUNT,2.522677411612299e-14
ARTCO2,BP,SHUNT,2.522677411612299e-14
ARTCO2,BP,SHUNT,2.522677411612299e-14
ARTCO2,BP,SHUNT,2.522677411612299e-14
ARTCO2,BP,SHUNT,2.522677411612299e-14
ARTCO2,BP,SHUNT,2.522677411612299e-14
ARTCO2,BP,SHUNT,2.522677411612299e-14
ARTCO2,BP,SHUNT,2.522677411612299e-14
ARTCO2,BP,SHUNT,2.522677411612299e-14
ARTCO2,BP,SHUNT,2.522677411612299e-14
ARTCO2,BP,SHUNT,2.522677411612299e-14
ARTCO2,BP,SHUNT,2.522677411612299e-14
ARTCO2,BP,SHUNT,2.522677411612299e-14
CATECHOL,HR,VENTTUBE,0.0
CATECHOL,HR,VENTTUBE,0.0
CATECHOL,HR,VENTTUBE,0.0
CATECHOL,HR,VENTTUBE,0.0
CATECHOL,HR,VENTTUBE,0.0
CATECHOL,HR,VENTTUBE,0.0
CATECHOL,HR,VENTTUBE,0.0
CATECHOL,HR,VENTTUBE,0.0
CATECHOL,HR,VENTTUBE,0.0
CATECHOL,HR,VENTTUBE,0.0
CATECHOL,HR,VENTTUBE,0.0
CATECHOL,HR,VENTTUBE,0.0
CATECHOL,HR,VENTTUBE,0.0
CATECHOL,HR,VENTTUBE,0.0
CATECHOL,HR,VENTTUBE,0.0
CATECHOL,HR,VENTTUBE,0.0
CATECHOL,HR,VENTTUBE,0.0
CATECHOL,HR,VENTTUBE,0.0
CATECHOL,HR,VENTTUBE,0.0
CATECHOL,HR,VENTTUBE,0.0
CATECHOL,HR,VENTTUBE,0.0
CATECHOL,HR,VENTTUBE,0.0
CATECHOL,CO,HR,0.5586957125336027
CATECHOL,BP,VENTTUBE,9.570027441484956e-187
CATECHOL,BP,VENTTUBE,9.570027441484956e-187
CATECHOL,BP,VENTTUBE,9.570027441484956e-187
CATECHOL,BP,VENTTUBE,9.570027441484956e-187
CATECHOL,BP,VENTTUBE,9.570027441484956e-187
CATECHOL,BP,VENTTUBE,9.570027441484956e-187
CATECHOL,BP,VENTTUBE,9.570027441484956e-187
CATECHOL,BP,VENTTUBE,9.570027441484956e-187
CATECHOL,BP,VENTTUBE,9.570027441484956e-187
CATECHOL,BP,VENTTUBE,9.570027441484956e-187
CATECHOL,BP,VENTTUBE,9.570027441484956e-187
CATECHOL,BP,VENTTUBE,9.570027441484956e-187
CATECHOL,BP,VENTTUBE,9.570027441484956e-187
CATECHOL,BP,VENTTUBE,9.570027441484956e-187
CATECHOL,BP,VENTTUBE,9.570027441484956e-187
CATECHOL,BP,VENTTUBE,9.570027441484956e-187
CATECHOL,BP,VENTTUBE,9.570027441484956e-187
CATECHOL,BP,VENTTUBE,9.570027441484956e-187
CATECHOL,BP,VENTTUBE,9.570027441484956e-187
CATECHOL,BP,VENTTUBE,9.570027441484956e-187
CATECHOL,BP,VENTTUBE,9.570027441484956e-187
CATECHOL,BP,VENTTUBE,9.570027441484956e-187
HR,CO,VENTTUBE,0.0
HR,CO,VENTTUBE,0.0
HR,CO,VENTTUBE,0.0
HR,CO,VENTTUBE,0.0
HR,CO,VENTTUBE,0.0
HR,CO,VENTTUBE,0.0
HR,CO,VENTTUBE,0.0
HR,CO,VENTTUBE,0.0
HR,CO,VENTTUBE,0.0
HR,CO,VENTTUBE,0.0
HR,CO,VENTTUBE,0.0
HR,CO,VENTTUBE,0.0
HR,CO,VENTTUBE,0.0
HR,CO,VENTTUBE,0.0
HR,CO,VENTTUBE,0.0
HR,CO,VENTTUBE,0.0
HR,CO,VENTTUBE,0.0
HR,CO,VENTTUBE,0.0
HR,CO,VENTTUBE,0.0
HR,CO,VENTTUBE,0.0
HR,CO,VENTTUBE,0.0
HR,CO,VENTTUBE,0.0
HR,BP,VENTTUBE,6.683121796730719e-275
HR,BP,VENTTUBE,6.683121796730719e-275
HR,BP,VENTTUBE,6.683121796730719e-275
HR,BP,VENTTUBE,6.683121796730719e-275
HR,BP,VENTTUBE,6.683121796730719e-275
HR,BP,VENTTUBE,6.683121796730719e-275
HR,BP,VENTTUBE,6.683121796730719e-275
HR,BP,VENTTUBE,6.683121796730719e-275
HR,BP,VENTTUBE,6.683121796730719e-275
HR,BP,VENTTUBE,6.683121796730719e-275
HR,BP,VENTTUBE,6.683121796730719e-275
HR,BP,VENTTUBE,6.683121796730719e-275
HR,BP,VENTTUBE,6.683121796730719e-275
HR,BP,VENTTUBE,6.683121796730719e-275
HR,BP,VENTTUBE,6.683121796730719e-275
HR,BP,VENTTUBE,6.683121796730719e-275
HR,BP,VENTTUBE,6.683121796730719e-275
HR,BP,VENTTUBE,6.683121796730719e-275
HR,BP,VENTTUBE,6.683121796730719e-275
HR,BP,VENTTUBE,6.683121796730719e-275
HR,BP,VENTTUBE,6.683121796730719e-275
HR,BP,VENTTUBE,6.683121796730719e-275
CO,BP,VENTTUBE,0.0
CO,BP,VENTTUBE,0.0
CO,BP,VENTTUBE,0.0
CO,BP,VENTTUBE,0.0
CO,BP,VENTTUBE,0.0
CO,BP,VENTTUBE,0.0
CO,BP,VENTTUBE,0.0
CO,BP,VENTTUBE,0.0
CO,BP,VENTTUBE,0.0
CO,BP,VENTTUBE,0.0
CO,BP,VENTTUBE,0.0
CO,BP,VENTTUBE,0.0
CO,BP,VENTTUBE,0.0
CO,BP,VENTTUBE,0.0
CO,BP,VENTTUBE,0.0
CO,BP,VENTTUBE,0.0
CO,BP,VENTTUBE,0.0
CO,BP,VENTTUBE,0.0
CO,BP,VENTTUBE,0.0
CO,BP,VENTTUBE,0.0
CO,BP,VENTTUBE,0.0
CO,BP,VENTTUBE,0.0
CO,BP,VENTTUBE,0.0
CO,BP,VENTTUBE,0.0
CO,BP,VENTTUBE,0.0
CO,BP,VENTTUBE,0.0
CO,BP,VENTTUBE,0.0
CO,BP,VENTTUBE,0.0
CO,BP,VENTTUBE,0.0
LVEDVOLUME,LVFAILURE,"CVP,PCWP",1.7966178950383706e-79
LVEDVOLUME,LVFAILURE,"CVP,PCWP",1.7966178950383706e-79
LVEDVOLUME,LVFAILURE,"CVP,PCWP",1.7966178950383706e-79
LVEDVOLUME,LVFAILURE,"CVP,PCWP",1.7966178950383706e-79
LVEDVOLUME,LVFAILURE,"CVP,PCWP",1.7966178950383706e-79
LVEDVOLUME,LVFAILURE,"CVP,PCWP",1.7966178950383706e-79
LVEDVOLUME,STROKEVOLUME,"HYPOVOLEMIA,LVFAILURE",0.07840876167732201
LVEDVOLUME,STROKEVOLUME,"HYPOVOLEMIA,LVFAILURE",0.07840876167732201
LVEDVOLUME,STROKEVOLUME,"HYPOVOLEMIA,LVFAILURE",0.07840876167732201
LVFAILURE,STROKEVOLUME,"CVP,HISTORY",3.4334966807700484e-110
LVFAILURE,STROKEVOLUME,"CVP,HISTORY",3.4334966807700484e-110
LVFAILURE,STROKEVOLUME,"CVP,HISTORY",3.4334966807700484e-110
LVFAILURE,STROKEVOLUME,"CVP,HISTORY",3.4334966807700484e-110
LVFAILURE,STROKEVOLUME,"CVP,HISTORY",3.4334966807700484e-110
LVFAILURE,STROKEVOLUME,"CVP,HISTORY",3.4334966807700484e-110
STROKEVOLUME,CO,"LVEDVOLUME,LVFAILURE",0.0
STROKEVOLUME,CO,"LVEDVOLUME,LVFAILURE",0.0
STROKEVOLUME,CO,"LVEDVOLUME,LVFAILURE",0.0
STROKEVOLUME,CO,"LVEDVOLUME,LVFAILURE",0.0
STROKEVOLUME,CO,"LVEDVOLUME,LVFAILURE",0.0
STROKEVOLUME,CO,"LVEDVOLUME,LVFAILURE",0.0
STROKEVOLUME,BP,"LVEDVOLUME,LVFAILURE",0.0
STROKEVOLUME,BP,"LVEDVOLUME,LVFAILURE",0.0
STROKEVOLUME,BP,"LVEDVOLUME,LVFAILURE",0.0
STROKEVOLUME,BP,"LVEDVOLUME,LVFAILURE",0.0
STROKEVOLUME,BP,"LVEDVOLUME,LVFAILURE",0.0
STROKEVOLUME,BP,"LVEDVOLUME,LVFAILURE",0.0
HREKG,ERRCAUTER,"CATECHOL,HR",0.0
HREKG,ERRCAUTER,"CATECHOL,HR",0.0
HREKG,ERRCAUTER,"CATECHOL,HR",0.0
HREKG,HRSAT,"CATECHOL,ERRCAUTER",0.0
HREKG,HRSAT,"CATECHOL,ERRCAUTER",0.0
HREKG,HRSAT,"CATECHOL,ERRCAUTER",0.0
HREKG,CATECHOL,"ERRCAUTER,HR",0.2750728194834274
HREKG,CATECHOL,"ERRCAUTER,HR",0.2750728194834274
HREKG,CATECHOL,"ERRCAUTER,HR",0.2750728194834274
HREKG,HR,"CATECHOL,ERRCAUTER",0.0
HREKG,HR,"CATECHOL,ERRCAUTER",0.0
HREKG,HR,"CATECHOL,ERRCAUTER",0.0
HRSAT,HR,"ERRCAUTER,HREKG",0.0
TPR,PVSAT,"BP,CATECHOL",1.0656580068232548e-142
TPR,PVSAT,"BP,CATECHOL",1.0656580068232548e-142
TPR,PVSAT,"BP,CATECHOL",1.0656580068232548e-142
TPR,CATECHOL,"ANAPHYLAXIS,BP",0.0
TPR,CATECHOL,"ANAPHYLAXIS,BP",0.0
TPR,CATECHOL,"ANAPHYLAXIS,BP",0.0
TPR,BP,"ANAPHYLAXIS,CATECHOL",0.0
TPR,BP,"ANAPHYLAXIS,CATECHOL",0.0
TPR,BP,"ANAPHYLAXIS,CATECHOL",0.0
EXPCO2,MINVOL,"INTUBATION,VENTTUBE",0.0
EXPCO2,MINVOL,"INTUBATION,VENTTUBE",0.0
EXPCO2,MINVOL,"INTUBATION,VENTTUBE",0.0
EXPCO2,MINVOL,"INTUBATION,VENTTUBE",0.0
EXPCO2,MINVOL,"INTUBATION,VENTTUBE",0.0
EXPCO2,MINVOL,"INTUBATION,VENTTUBE",0.0
EXPCO2,MINVOL,"INTUBATION,VENTTUBE",0.0
EXPCO2,MINVOL,"INTUBATION,VENTTUBE",0.0
EXPCO2,MINVOL,"INTUBATION,VENTTUBE",0.0
EXPCO2,MINVOL,"INTUBATION,VENTTUBE",0.0
EXPCO2,MINVOL,"INTUBATION,VENTTUBE",0.0
EXPCO2,MINVOL,"INTUBATION,VENTTUBE",0.0
EXPCO2,MINVOL,"INTUBATION,VENTTUBE",0.0
EXPCO2,MINVOL,"INTUBATION,VENTTUBE",0.0
EXPCO2,MINVOL,"INTUBATION,VENTTUBE",0.0
EXPCO2,MINVOL,"INTUBATION,VENTTUBE",0.0
EXPCO2,MINVOL,"INTUBATION,VENTTUBE",0.0
EXPCO2,MINVOL,"INTUBATION,VENTTUBE",0.0
EXPCO2,MINVOL,"INTUBATION,VENTTUBE",0.0
EXPCO2,MINVOL,"INTUBATION,VENTTUBE",0.0
EXPCO2,MINVOL,"INTUBATION,VENTTUBE",0.0
EXPCO2,SAO2,"ARTCO2,VENTLUNG",0.2047952362803965
EXPCO2,SAO2,"ARTCO2,VENTLUNG",0.2047952362803965
EXPCO2,SAO2,"ARTCO2,VENTLUNG",0.2047952362803965
EXPCO2,SAO2,"ARTCO2,VENTLUNG",0.2047952362803965
EXPCO2,SAO2,"ARTCO2,VENTLUNG",0.2047952362803965
EXPCO2,SAO2,"ARTCO2,VENTLUNG",0.2047952362803965
EXPCO2,SAO2,"ARTCO2,VENTLUNG",0.2047952362803965
EXPCO2,INTUBATION,"PRESS,VENTTUBE",0.0
EXPCO2,INTUBATION,"PRESS,VENTTUBE",0.0
EXPCO2,INTUBATION,"PRESS,VENTTUBE",0.0
EXPCO2,INTUBATION,"PRESS,VENTTUBE",0.0
EXPCO2,INTUBATION,"PRESS,VENTTUBE",0.0
EXPCO2,INTUBATION,"PRESS,VENTTUBE",0.0
EXPCO2,INTUBATION,"PRESS,VENTTUBE",0.0
EXPCO2,INTUBATION,"PRESS,VENTTUBE",0.0
EXPCO2,INTUBATION,"PRESS,VENTTUBE",0.0
EXPCO2,INTUBATION,"PRESS,VENTTUBE",0.0
EXPCO2,INTUBATION,"PRESS,VENTTUBE",0.0
EXPCO2,INTUBATION,"PRESS,VENTTUBE",0.0
EXPCO2,INTUBATION,"PRESS,VENTTUBE",0.0
EXPCO2,INTUBATION,"PRESS,VENTTUBE",0.0
EXPCO2,INTUBATION,"PRESS,VENTTUBE",0.0
EXPCO2,INTUBATION,"PRESS,VENTTUBE",0.0
EXPCO2,INTUBATION,"PRESS,VENTTUBE",0.0
EXPCO2,INTUBATION,"PRESS,VENTTUBE",0.0
EXPCO2,INTUBATION,"PRESS,VENTTUBE",0.0
EXPCO2,INTUBATION,"PRESS,VENTTUBE",0.0
EXPCO2,INTUBATION,"PRESS,VENTTUBE",0.0
EXPCO2,PRESS,"ARTCO2,VENTLUNG",0.20042072542522146
EXPCO2,PRESS,"ARTCO2,VENTLUNG",0.20042072542522146
EXPCO2,PRESS,"ARTCO2,VENTLUNG",0.20042072542522146
EXPCO2,PRESS,"ARTCO2,VENTLUNG",0.20042072542522146
EXPCO2,PRESS,"ARTCO2,VENTLUNG",0.20042072542522146
EXPCO2,PRESS,"ARTCO2,VENTLUNG",0.20042072542522146
EXPCO2,PRESS,"ARTCO2,VENTLUNG",0.20042072542522146
EXPCO2,VENTTUBE,"VENTALV,VENTLUNG",0.07987516343082582
EXPCO2,VENTTUBE,"VENTALV,VENTLUNG",0.07987516343082582
EXPCO2,VENTTUBE,"VENTALV,VENTLUNG",0.07987516343082582
EXPCO2,VENTTUBE,"VENTALV,VENTLUNG",0.07987516343082582
EXPCO2,VENTTUBE,"VENTALV,VENTLUNG",0.07987516343082582
EXPCO2,VENTTUBE,"VENTALV,VENTLUNG",0.07987516343082582
EXPCO2,VENTTUBE,"VENTALV,VENTLUNG",0.07987516343082582
EXPCO2,VENTTUBE,"VENTALV,VENTLUNG",0.07987516343082582
EXPCO2,VENTTUBE,"VENTALV,VENTLUNG",0.07987516343082582
EXPCO2,VENTLUNG,"INTUBATION,VENTTUBE",0.0
EXPCO2,VENTLUNG,"INTUBATION,VENTTUBE",0.0
EXPCO2,VENTLUNG,"INTUBATION,VENTTUBE",0.0
EXPCO2,VENTLUNG,"INTUBATION,VENTTUBE",0.0
EXPCO2,VENTLUNG,"INTUBATION,VENTTUBE",0.0
EXPCO2,VENTLUNG,"INTUBATION,VENTTUBE",0.0
EXPCO2,VENTLUNG,"INTUBATION,VENTTUBE",0.0
EXPCO2,VENTLUNG,"INTUBATION,VENTTUBE",0.0
EXPCO2,VENTLUNG,"INTUBATION,VENTTUBE",0.0
EXPCO2,VENTLUNG,"INTUBATION,VENTTUBE",0.0
EXPCO2,VENTLUNG,"INTUBATION,VENTTUBE",0.0
EXPCO2,VENTLUNG,"INTUBATION,VENTTUBE",0.0
EXPCO2,VENTLUNG,"INTUBATION,VENTTUBE",0.0
EXPCO2,VENTLUNG,"INTUBATION,VENTTUBE",0.0
EXPCO2,VENTLUNG,"INTUBATION,VENTTUBE",0.0
EXPCO2,VENTLUNG,"INTUBATION,VENTTUBE",0.0
EXPCO2,VENTLUNG,"INTUBATION,VENTTUBE",0.0
EXPCO2,VENTLUNG,"INTUBATION,VENTTUBE",0.0
EXPCO2,VENTLUNG,"INTUBATION,VENTTUBE",0.0
EXPCO2,VENTLUNG,"INTUBATION,VENTTUBE",0.0
EXPCO2,VENTLUNG,"INTUBATION,VENTTUBE",0.0
EXPCO2,VENTALV,"INTUBATION,VENTTUBE",0.0
EXPCO2,VENTALV,"INTUBATION,VENTTUBE",0.0
EXPCO2,VENTALV,"INTUBATION,VENTTUBE",0.0
EXPCO2,VENTALV,"INTUBATION,VENTTUBE",0.0
EXPCO2,VENTALV,"INTUBATION,VENTTUBE",0.0
EXPCO2,VENTALV,"INTUBATION,VENTTUBE",0.0
EXPCO2,VENTALV,"INTUBATION,VENTTUBE",0.0
EXPCO2,VENTALV,"INTUBATION,VENTTUBE",0.0
EXPCO2,VENTALV,"INTUBATION,VENTTUBE",0.0
EXPCO2,VENTALV,"INTUBATION,VENTTUBE",0.0
EXPCO2,VENTALV,"INTUBATION,VENTTUBE",0.0
EXPCO2,VENTALV,"INTUBATION,VENTTUBE",0.0
EXPCO2,VENTALV,"INTUBATION,VENTTUBE",0.0
EXPCO2,VENTALV,"INTUBATION,VENTTUBE",0.0
EXPCO2,VENTALV,"INTUBATION,VENTTUBE",0.0
EXPCO2,VENTALV,"INTUBATION,VENTTUBE",0.0
EXPCO2,VENTALV,"INTUBATION,VENTTUBE",0.0
EXPCO2,VENTALV,"INTUBATION,VENTTUBE",0.0
EXPCO2,VENTALV,"INTUBATION,VENTTUBE",0.0
EXPCO2,VENTALV,"INTUBATION,VENTTUBE",0.0
EXPCO2,VENTALV,"INTUBATION,VENTTUBE",0.0
EXPCO2,ARTCO2,"INTUBATION,VENTTUBE",0.0
EXPCO2,ARTCO2,"INTUBATION,VENTTUBE",0.0
EXPCO2,ARTCO2,"INTUBATION,VENTTUBE",0.0
EXPCO2,ARTCO2,"INTUBATION,VENTTUBE",0.0
EXPCO2,ARTCO2,"INTUBATION,VENTTUBE",0.0
EXPCO2,ARTCO2,"INTUBATION,VENTTUBE",0.0
EXPCO2,ARTCO2,"INTUBATION,VENTTUBE",0.0
EXPCO2,ARTCO2,"INTUBATION,VENTTUBE",0.0
EXPCO2,ARTCO2,"INTUBATION,VENTTUBE",0.0
EXPCO2,ARTCO2,"INTUBATION,VENTTUBE",0.0
EXPCO2,ARTCO2,"INTUBATION,VENTTUBE",0.0
EXPCO2,ARTCO2,"INTUBATION,VENTTUBE",0.0
EXPCO2,ARTCO2,"INTUBATION,VENTTUBE",0.0
EXPCO2,ARTCO2,"INTUBATION,VENTTUBE",0.0
EXPCO2,ARTCO2,"INTUBATION,VENTTUBE",0.0
EXPCO2,ARTCO2,"INTUBATION,VENTTUBE",0.0
EXPCO2,ARTCO2,"INTUBATION,VENTTUBE",0.0
EXPCO2,ARTCO2,"INTUBATION,VENTTUBE",0.0
EXPCO2,ARTCO2,"INTUBATION,VENTTUBE",0.0
EXPCO2,ARTCO2,"INTUBATION,VENTTUBE",0.0
EXPCO2,ARTCO2,"INTUBATION,VENTTUBE",0.0
KINKEDTUBE,PRESS,"VENTALV,VENTLUNG",2.985207529354431e-170
KINKEDTUBE,VENTLUNG,"PRESS,VENTALV",2.449857082997604e-13
KINKEDTUBE,VENTALV,"PRESS,VENTLUNG",4.292991607418218e-27
MINVOL,PVSAT,"INTUBATION,VENTTUBE",0.0
MINVOL,PVSAT,"INTUBATION,VENTTUBE",0.0
MINVOL,PVSAT,"INTUBATION,VENTTUBE",0.0
MINVOL,PVSAT,"INTUBATION,VENTTUBE",0.0
MINVOL,PVSAT,"INTUBATION,VENTTUBE",0.0
MINVOL,PVSAT,"INTUBATION,VENTTUBE",0.0
MINVOL,PVSAT,"INTUBATION,VENTTUBE",0.0
MINVOL,PVSAT,"INTUBATION,VENTTUBE",0.0
MINVOL,PVSAT,"INTUBATION,VENTTUBE",0.0
MINVOL,PVSAT,"INTUBATION,VENTTUBE",0.0
MINVOL,PVSAT,"INTUBATION,VENTTUBE",0.0
MINVOL,PVSAT,"INTUBATION,VENTTUBE",0.0
MINVOL,PVSAT,"INTUBATION,VENTTUBE",0.0
MINVOL,PVSAT,"INTUBATION,VENTTUBE",0.0
MINVOL,PVSAT,"INTUBATION,VENTTUBE",0.0
MINVOL,INTUBATION,"PRESS,VENTTUBE",0.0
MINVOL,INTUBATION,"PRESS,VENTTUBE",0.0
MINVOL,INTUBATION,"PRESS,VENTTUBE",0.0
MINVOL,INTUBATION,"PRESS,VENTTUBE",0.0
MINVOL,INTUBATION,"PRESS,VENTTUBE",0.0
MINVOL,INTUBATION,"PRESS,VENTTUBE",0.0
MINVOL,INTUBATION,"PRESS,VENTTUBE",0.0
MINVOL,INTUBATION,"PRESS,VENTTUBE",0.0
MINVOL,INTUBATION,"PRESS,VENTTUBE",0.0
MINVOL,INTUBATION,"PRESS,VENTTUBE",0.0
MINVOL,INTUBATION,"PRESS,VENTTUBE",0.0
MINVOL,INTUBATION,"PRESS,VENTTUBE",0.0
MINVOL,INTUBATION,"PRESS,VENTTUBE",0.0
MINVOL,INTUBATION,"PRESS,VENTTUBE",0.0
MINVOL,INTUBATION,"PRESS,VENTTUBE",0.0
MINVOL,PRESS,"INTUBATION,VENTTUBE",2.3388300215273892e-46
MINVOL,PRESS,"INTUBATION,VENTTUBE",2.3388300215273892e-46
MINVOL,PRESS,"INTUBATION,VENTTUBE",2.3388300215273892e-46
MINVOL,PRESS,"INTUBATION,VENTTUBE",2.3388300215273892e-46
MINVOL,PRESS,"INTUBATION,VENTTUBE",2.3388300215273892e-46
MINVOL,PRESS,"INTUBATION,VENTTUBE",2.3388300215273892e-46
MINVOL,PRESS,"INTUBATION,VENTTUBE",2.3388300215273892e-46
MINVOL,PRESS,"INTUBATION,VENTTUBE",2.3388300215273892e-46
MINVOL,PRESS,"INTUBATION,VENTTUBE",2.3388300215273892e-46
MINVOL,PRESS,"INTUBATION,VENTTUBE",2.3388300215273892e-46
MINVOL,PRESS,"INTUBATION,VENTTUBE",2.3388300215273892e-46
MINVOL,PRESS,"INTUBATION,VENTTUBE",2.3388300215273892e-46
MINVOL,PRESS,"INTUBATION,VENTTUBE",2.3388300215273892e-46
MINVOL,PRESS,"INTUBATION,VENTTUBE",2.3388300215273892e-46
MINVOL,PRESS,"INTUBATION,VENTTUBE",2.3388300215273892e-46
MINVOL,VENTTUBE,"INTUBATION,PRESS",0.0
MINVOL,VENTTUBE,"INTUBATION,PRESS",0.0
MINVOL,VENTTUBE,"INTUBATION,PRESS",0.0
MINVOL,VENTTUBE,"INTUBATION,PRESS",0.0
MINVOL,VENTTUBE,"INTUBATION,PRESS",0.0
MINVOL,VENTTUBE,"INTUBATION,PRESS",0.0
MINVOL,VENTTUBE,"INTUBATION,PRESS",0.0
MINVOL,VENTTUBE,"INTUBATION,PRESS",0.0
MINVOL,VENTTUBE,"INTUBATION,PRESS",0.0
MINVOL,VENTTUBE,"INTUBATION,PRESS",0.0
MINVOL,VENTTUBE,"INTUBATION,PRESS",0.0
MINVOL,VENTTUBE,"INTUBATION,PRESS",0.0
MINVOL,VENTTUBE,"INTUBATION,PRESS",0.0
MINVOL,VENTTUBE,"INTUBATION,PRESS",0.0
MINVOL,VENTTUBE,"INTUBATION,PRESS",0.0
MINVOL,VENTLUNG,"INTUBATION,VENTTUBE",0.0
MINVOL,VENTLUNG,"INTUBATION,VENTTUBE",0.0
MINVOL,VENTLUNG,"INTUBATION,VENTTUBE",0.0
MINVOL,VENTLUNG,"INTUBATION,VENTTUBE",0.0
MINVOL,VENTLUNG,"INTUBATION,VENTTUBE",0.0
MINVOL,VENTLUNG,"INTUBATION,VENTTUBE",0.0
MINVOL,VENTLUNG,"INTUBATION,VENTTUBE",0.0
MINVOL,VENTLUNG,"INTUBATION,VENTTUBE",0.0
MINVOL,VENTLUNG,"INTUBATION,VENTTUBE",0.0
MINVOL,VENTLUNG,"INTUBATION,VENTTUBE",0.0
MINVOL,VENTLUNG,"INTUBATION,VENTTUBE",0.0
MINVOL,VENTLUNG,"INTUBATION,VENTTUBE",0.0
MINVOL,VENTLUNG,"INTUBATION,VENTTUBE",0.0
MINVOL,VENTLUNG,"INTUBATION,VENTTUBE",0.0
MINVOL,VENTLUNG,"INTUBATION,VENTTUBE",0.0
MINVOL,VENTALV,"INTUBATION,VENTTUBE",0.0
MINVOL,VENTALV,"INTUBATION,VENTTUBE",0.0
MINVOL,VENTALV,"INTUBATION,VENTTUBE",0.0
MINVOL,VENTALV,"INTUBATION,VENTTUBE",0.0
MINVOL,VENTALV,"INTUBATION,VENTTUBE",0.0
MINVOL,VENTALV,"INTUBATION,VENTTUBE",0.0
MINVOL,VENTALV,"INTUBATION,VENTTUBE",0.0
MINVOL,VENTALV,"INTUBATION,VENTTUBE",0.0
MINVOL,VENTALV,"INTUBATION,VENTTUBE",0.0
MINVOL,VENTALV,"INTUBATION,VENTTUBE",0.0
MINVOL,VENTALV,"INTUBATION,VENTTUBE",0.0
MINVOL,VENTALV,"INTUBATION,VENTTUBE",0.0
MINVOL,VENTALV,"INTUBATION,VENTTUBE",0.0
MINVOL,VENTALV,"INTUBATION,VENTTUBE",0.0
MINVOL,VENTALV,"INTUBATION,VENTTUBE",0.0
PVSAT,SAO2,"FIO2,VENTTUBE",0.0
PVSAT,SAO2,"FIO2,VENTTUBE",0.0
PVSAT,SAO2,"FIO2,VENTTUBE",0.0
PVSAT,SAO2,"FIO2,VENTTUBE",0.0
PVSAT,SAO2,"FIO2,VENTTUBE",0.0
PVSAT,SAO2,"FIO2,VENTTUBE",0.0
PVSAT,SAO2,"FIO2,VENTTUBE",0.0
PVSAT,SAO2,"FIO2,VENTTUBE",0.0
PVSAT,SAO2,"FIO2,VENTTUBE",0.0
PVSAT,SAO2,"FIO2,VENTTUBE",0.0
PVSAT,SAO2,"FIO2,VENTTUBE",0.0
PVSAT,SAO2,"FIO2,VENTTUBE",0.0
PVSAT,SAO2,"FIO2,VENTTUBE",0.0
PVSAT,SAO2,"FIO2,VENTTUBE",0.0
PVSAT,SAO2,"FIO2,VENTTUBE",0.0
PVSAT,SAO2,"FIO2,VENTTUBE",0.0
PVSAT,SAO2,"FIO2,VENTTUBE",0.0
PVSAT,SAO2,"FIO2,VENTTUBE",0.0
PVSAT,SAO2,"FIO2,VENTTUBE",0.0
PVSAT,SAO2,"FIO2,VENTTUBE",0.0
PVSAT,SAO2,"FIO2,VENTTUBE",0.0
PVSAT,VENTTUBE,"FIO2,VENTALV",4.450064374675973e-07
PVSAT,VENTTUBE,"FIO2,VENTALV",4.450064374675973e-07
PVSAT,VENTTUBE,"FIO2,VENTALV",4.450064374675973e-07
PVSAT,VENTTUBE,"FIO2,VENTALV",4.450064374675973e-07
PVSAT,VENTTUBE,"FIO2,VENTALV",4.450064374675973e-07
PVSAT,VENTTUBE,"FIO2,VENTALV",4.450064374675973e-07
PVSAT,VENTTUBE,"FIO2,VENTALV",4.450064374675973e-07
PVSAT,VENTTUBE,"FIO2,VENTALV",4.450064374675973e-07
PVSAT,VENTTUBE,"FIO2,VENTALV",4.450064374675973e-07
PVSAT,VENTTUBE,"FIO2,VENTALV",4.450064374675973e-07
PVSAT,VENTTUBE,"FIO2,VENTALV",4.450064374675973e-07
PVSAT,VENTTUBE,"FIO2,VENTALV",4.450064374675973e-07
PVSAT,VENTTUBE,"FIO2,VENTALV",4.450064374675973e-07
PVSAT,VENTTUBE,"FIO2,VENTALV",4.450064374675973e-07
PVSAT,VENTTUBE,"FIO2,VENTALV",4.450064374675973e-07
PVSAT,VENTTUBE,"FIO2,VENTALV",4.450064374675973e-07
PVSAT,VENTTUBE,"FIO2,VENTALV",4.450064374675973e-07
PVSAT,VENTTUBE,"FIO2,VENTALV",4.450064374675973e-07
PVSAT,VENTTUBE,"FIO2,VENTALV",4.450064374675973e-07
PVSAT,VENTTUBE,"FIO2,VENTALV",4.450064374675973e-07
PVSAT,VENTTUBE,"FIO2,VENTALV",4.450064374675973e-07
PVSAT,VENTLUNG,"FIO2,VENTTUBE",0.0
PVSAT,VENTLUNG,"FIO2,VENTTUBE",0.0
PVSAT,VENTLUNG,"FIO2,VENTTUBE",0.0
PVSAT,VENTLUNG,"FIO2,VENTTUBE",0.0
PVSAT,VENTLUNG,"FIO2,VENTTUBE",0.0
PVSAT,VENTLUNG,"FIO2,VENTTUBE",0.0
PVSAT,VENTLUNG,"FIO2,VENTTUBE",0.0
PVSAT,VENTLUNG,"FIO2,VENTTUBE",0.0
PVSAT,VENTLUNG,"FIO2,VENTTUBE",0.0
PVSAT,VENTLUNG,"FIO2,VENTTUBE",0.0
PVSAT,VENTLUNG,"FIO2,VENTTUBE",0.0
PVSAT,VENTLUNG,"FIO2,VENTTUBE",0.0
PVSAT,VENTLUNG,"FIO2,VENTTUBE",0.0
PVSAT,VENTLUNG,"FIO2,VENTTUBE",0.0
PVSAT,VENTLUNG,"FIO2,VENTTUBE",0.0
PVSAT,VENTLUNG,"FIO2,VENTTUBE",0.0
PVSAT,VENTLUNG,"FIO2,VENTTUBE",0.0
PVSAT,VENTLUNG,"FIO2,VENTTUBE",0.0
PVSAT,VENTLUNG,"FIO2,VENTTUBE",0.0
PVSAT,VENTLUNG,"FIO2,VENTTUBE",0.0
PVSAT,VENTLUNG,"FIO2,VENTTUBE",0.0
PVSAT,VENTALV,"FIO2,VENTTUBE",0.0
PVSAT,VENTALV,"FIO2,VENTTUBE",0.0
PVSAT,VENTALV,"FIO2,VENTTUBE",0.0
PVSAT,VENTALV,"FIO2,VENTTUBE",0.0
PVSAT,VENTALV,"FIO2,VENTTUBE",0.0
PVSAT,VENTALV,"FIO2,VENTTUBE",0.0
PVSAT,VENTALV,"FIO2,VENTTUBE",0.0
PVSAT,VENTALV,"FIO2,VENTTUBE",0.0
PVSAT,VENTALV,"FIO2,VENTTUBE",0.0
PVSAT,VENTALV,"FIO2,VENTTUBE",0.0
PVSAT,VENTALV,"FIO2,VENTTUBE",0.0
PVSAT,VENTALV,"FIO2,VENTTUBE",0.0
PVSAT,VENTALV,"FIO2,VENTTUBE",0.0
PVSAT,VENTALV,"FIO2,VENTTUBE",0.0
PVSAT,VENTALV,"FIO2,VENTTUBE",0.0
PVSAT,VENTALV,"FIO2,VENTTUBE",0.0
PVSAT,VENTALV,"FIO2,VENTTUBE",0.0
PVSAT,VENTALV,"FIO2,VENTTUBE",0.0
PVSAT,VENTALV,"FIO2,VENTTUBE",0.0
PVSAT,VENTALV,"FIO2,VENTTUBE",0.0
PVSAT,VENTALV,"FIO2,VENTTUBE",0.0
PVSAT,ARTCO2,"FIO2,VENTTUBE",0.0
PVSAT,ARTCO2,"FIO2,VENTTUBE",0.0
PVSAT,ARTCO2,"FIO2,VENTTUBE",0.0
PVSAT,ARTCO2,"FIO2,VENTTUBE",0.0
PVSAT,ARTCO2,"FIO2,VENTTUBE",0.0
PVSAT,ARTCO2,"FIO2,VENTTUBE",0.0
PVSAT,ARTCO2,"FIO2,VENTTUBE",0.0
PVSAT,ARTCO2,"FIO2,VENTTUBE",0.0
PVSAT,ARTCO2,"FIO2,VENTTUBE",0.0
PVSAT,ARTCO2,"FIO2,VENTTUBE",0.0
PVSAT,ARTCO2,"FIO2,VENTTUBE",0.0
PVSAT,ARTCO2,"FIO2,VENTTUBE",0.0
PVSAT,ARTCO2,"FIO2,VENTTUBE",0.0
PVSAT,ARTCO2,"FIO2,VENTTUBE",0.0
PVSAT,ARTCO2,"FIO2,VENTTUBE",0.0
PVSAT,ARTCO2,"FIO2,VENTTUBE",0.0
PVSAT,ARTCO2,"FIO2,VENTTUBE",0.0
PVSAT,ARTCO2,"FIO2,VENTTUBE",0.0
PVSAT,ARTCO2,"FIO2,VENTTUBE",0.0
PVSAT,ARTCO2,"FIO2,VENTTUBE",0.0
PVSAT,ARTCO2,"FIO2,VENTTUBE",0.0
SAO2,SHUNT,"INTUBATION,VENTTUBE",3.349218691595424e-98
SAO2,SHUNT,"INTUBATION,VENTTUBE",3.349218691595424e-98
SAO2,SHUNT,"INTUBATION,VENTTUBE",3.349218691595424e-98
SAO2,SHUNT,"INTUBATION,VENTTUBE",3.349218691595424e-98
SAO2,SHUNT,"INTUBATION,VENTTUBE",3.349218691595424e-98
SAO2,SHUNT,"INTUBATION,VENTTUBE",3.349218691595424e-98
SAO2,SHUNT,"INTUBATION,VENTTUBE",3.349218691595424e-98
SAO2,SHUNT,"INTUBATION,VENTTUBE",3.349218691595424e-98
SAO2,SHUNT,"INTUBATION,VENTTUBE",3.349218691595424e-98
SAO2,SHUNT,"INTUBATION,VENTTUBE",3.349218691595424e-98
SAO2,SHUNT,"INTUBATION,VENTTUBE",3.349218691595424e-98
SAO2,SHUNT,"INTUBATION,VENTTUBE",3.349218691595424e-98
SAO2,SHUNT,"INTUBATION,VENTTUBE",3.349218691595424e-98
SAO2,SHUNT,"INTUBATION,VENTTUBE",3.349218691595424e-98
SAO2,SHUNT,"INTUBATION,VENTTUBE",3.349218691595424e-98
SAO2,SHUNT,"INTUBATION,VENTTUBE",3.349218691595424e-98
SAO2,SHUNT,"INTUBATION,VENTTUBE",3.349218691595424e-98
SAO2,SHUNT,"INTUBATION,VENTTUBE",3.349218691595424e-98
SAO2,SHUNT,"INTUBATION,VENTTUBE",3.349218691595424e-98
SAO2,SHUNT,"INTUBATION,VENTTUBE",3.349218691595424e-98
SAO2,SHUNT,"INTUBATION,VENTTUBE",3.349218691595424e-98
SAO2,SHUNT,"INTUBATION,VENTTUBE",3.349218691595424e-98
SAO2,SHUNT,"INTUBATION,VENTTUBE",3.349218691595424e-98
SAO2,SHUNT,"INTUBATION,VENTTUBE",3.349218691595424e-98
SAO2,SHUNT,"INTUBATION,VENTTUBE",3.349218691595424e-98
SAO2,SHUNT,"INTUBATION,VENTTUBE",3.349218691595424e-98
SAO2,SHUNT,"INTUBATION,VENTTUBE",3.349218691595424e-98
SAO2,SHUNT,"INTUBATION,VENTTUBE",3.349218691595424e-98
SAO2,INTUBATION,"SHUNT,VENTTUBE",3.51726379324298e-28
SAO2,INTUBATION,"SHUNT,VENTTUBE",3.51726379324298e-28
SAO2,INTUBATION,"SHUNT,VENTTUBE",3.51726379324298e-28
SAO2,INTUBATION,"SHUNT,VENTTUBE",3.51726379324298e-28
SAO2,INTUBATION,"SHUNT,VENTTUBE",3.51726379324298e-28
SAO2,INTUBATION,"SHUNT,VENTTUBE",3.51726379324298e-28
SAO2,INTUBATION,"SHUNT,VENTTUBE",3.51726379324298e-28
SAO2,INTUBATION,"SHUNT,VENTTUBE",3.51726379324298e-28
SAO2,INTUBATION,"SHUNT,VENTTUBE",3.51726379324298e-28
SAO2,INTUBATION,"SHUNT,VENTTUBE",3.51726379324298e-28
SAO2,INTUBATION,"SHUNT,VENTTUBE",3.51726379324298e-28
SAO2,INTUBATION,"SHUNT,VENTTUBE",3.51726379324298e-28
SAO2,INTUBATION,"SHUNT,VENTTUBE",3.51726379324298e-28
SAO2,INTUBATION,"SHUNT,VENTTUBE",3.51726379324298e-28
SAO2,INTUBATION,"SHUNT,VENTTUBE",3.51726379324298e-28
SAO2,INTUBATION,"SHUNT,VENTTUBE",3.51726379324298e-28
SAO2,INTUBATION,"SHUNT,VENTTUBE",3.51726379324298e-28
SAO2,INTUBATION,"SHUNT,VENTTUBE",3.51726379324298e-28
SAO2,INTUBATION,"SHUNT,VENTTUBE",3.51726379324298e-28
SAO2,INTUBATION,"SHUNT,VENTTUBE",3.51726379324298e-28
SAO2,INTUBATION,"SHUNT,VENTTUBE",3.51726379324298e-28
SAO2,INTUBATION,"SHUNT,VENTTUBE",3.51726379324298e-28
SAO2,INTUBATION,"SHUNT,VENTTUBE",3.51726379324298e-28
SAO2,INTUBATION,"SHUNT,VENTTUBE",3.51726379324298e-28
SAO2,INTUBATION,"SHUNT,VENTTUBE",3.51726379324298e-28
SAO2,INTUBATION,"SHUNT,VENTTUBE",3.51726379324298e-28
SAO2,INTUBATION,"SHUNT,VENTTUBE",3.51726379324298e-28
SAO2,INTUBATION,"SHUNT,VENTTUBE",3.51726379324298e-28
SAO2,VENTTUBE,"VENTALV,VENTLUNG",0.1173599371763498
SAO2,VENTTUBE,"VENTALV,VENTLUNG",0.1173599371763498
SAO2,VENTTUBE,"VENTALV,VENTLUNG",0.1173599371763498
SAO2,VENTTUBE,"VENTALV,VENTLUNG",0.1173599371763498
SAO2,VENTTUBE,"VENTALV,VENTLUNG",0.1173599371763498
SAO2,VENTTUBE,"VENTALV,VENTLUNG",0.1173599371763498
SAO2,VENTTUBE,"VENTALV,VENTLUNG",0.1173599371763498
SAO2,VENTTUBE,"VENTALV,VENTLUNG",0.1173599371763498
SAO2,VENTLUNG,"SHUNT,VENTTUBE",0.0
SAO2,VENTLUNG,"SHUNT,VENTTUBE",0.0
SAO2,VENTLUNG,"SHUNT,VENTTUBE",0.0
SAO2,VENTLUNG,"SHUNT,VENTTUBE",0.0
SAO2,VENTLUNG,"SHUNT,VENTTUBE",0.0
SAO2,VENTLUNG,"SHUNT,VENTTUBE",0.0
SAO2,VENTLUNG,"SHUNT,VENTTUBE",0.0
SAO2,VENTLUNG,"SHUNT,VENTTUBE",0.0
SAO2,VENTLUNG,"SHUNT,VENTTUBE",0.0
SAO2,VENTLUNG,"SHUNT,VENTTUBE",0.0
SAO2,VENTLUNG,"SHUNT,VENTTUBE",0.0
SAO2,VENTLUNG,"SHUNT,VENTTUBE",0.0
SAO2,VENTLUNG,"SHUNT,VENTTUBE",0.0
SAO2,VENTLUNG,"SHUNT,VENTTUBE",0.0
SAO2,VENTLUNG,"SHUNT,VENTTUBE",0.0
SAO2,VENTLUNG,"SHUNT,VENTTUBE",0.0
SAO2,VENTLUNG,"SHUNT,VENTTUBE",0.0
SAO2,VENTLUNG,"SHUNT,VENTTUBE",0.0
SAO2,VENTLUNG,"SHUNT,VENTTUBE",0.0
SAO2,VENTLUNG,"SHUNT,VENTTUBE",0.0
SAO2,VENTLUNG,"SHUNT,VENTTUBE",0.0
SAO2,VENTLUNG,"SHUNT,VENTTUBE",0.0
SAO2,VENTLUNG,"SHUNT,VENTTUBE",0.0
SAO2,VENTLUNG,"SHUNT,VENTTUBE",0.0
SAO2,VENTLUNG,"SHUNT,VENTTUBE",0.0
SAO2,VENTLUNG,"SHUNT,VENTTUBE",0.0
SAO2,VENTLUNG,"SHUNT,VENTTUBE",0.0
SAO2,VENTLUNG,"SHUNT,VENTTUBE",0.0
SAO2,VENTALV,"SHUNT,VENTTUBE",0.0
SAO2,VENTALV,"SHUNT,VENTTUBE",0.0
SAO2,VENTALV,"SHUNT,VENTTUBE",0.0
SAO2,VENTALV,"SHUNT,VENTTUBE",0.0
SAO2,VENTALV,"SHUNT,VENTTUBE",0.0
SAO2,VENTALV,"SHUNT,VENTTUBE",0.0
SAO2,VENTALV,"SHUNT,VENTTUBE",0.0
SAO2,VENTALV,"SHUNT,VENTTUBE",0.0
SAO2,VENTALV,"SHUNT,VENTTUBE",0.0
SAO2,VENTALV,"SHUNT,VENTTUBE",0.0
SAO2,VENTALV,"SHUNT,VENTTUBE",0.0
SAO2,VENTALV,"SHUNT,VENTTUBE",0.0
SAO2,VENTALV,"SHUNT,VENTTUBE",0.0
SAO2,VENTALV,"SHUNT,VENTTUBE",0.0
SAO2,VENTALV,"SHUNT,VENTTUBE",0.0
SAO2,VENTALV,"SHUNT,VENTTUBE",0.0
SAO2,VENTALV,"SHUNT,VENTTUBE",0.0
SAO2,VENTALV,"SHUNT,VENTTUBE",0.0
SAO2,VENTALV,"SHUNT,VENTTUBE",0.0
SAO2,VENTALV,"SHUNT,VENTTUBE",0.0
SAO2,VENTALV,"SHUNT,VENTTUBE",0.0
SAO2,VENTALV,"SHUNT,VENTTUBE",0.0
SAO2,VENTALV,"SHUNT,VENTTUBE",0.0
SAO2,VENTALV,"SHUNT,VENTTUBE",0.0
SAO2,VENTALV,"SHUNT,VENTTUBE",0.0
SAO2,VENTALV,"SHUNT,VENTTUBE",0.0
SAO2,VENTALV,"SHUNT,VENTTUBE",0.0
SAO2,VENTALV,"SHUNT,VENTTUBE",0.0
SAO2,CATECHOL,"SHUNT,VENTTUBE",5.5961333500938075e-174
SAO2,CATECHOL,"SHUNT,VENTTUBE",5.5961333500938075e-174
SAO2,CATECHOL,"SHUNT,VENTTUBE",5.5961333500938075e-174
SAO2,CATECHOL,"SHUNT,VENTTUBE",5.5961333500938075e-174
SAO2,CATECHOL,"SHUNT,VENTTUBE",5.5961333500938075e-174
SAO2,CATECHOL,"SHUNT,VENTTUBE",5.5961333500938075e-174
SAO2,CATECHOL,"SHUNT,VENTTUBE",5.5961333500938075e-174
SAO2,CATECHOL,"SHUNT,VENTTUBE",5.5961333500938075e-174
SAO2,CATECHOL,"SHUNT,VENTTUBE",5.5961333500938075e-174
SAO2,CATECHOL,"SHUNT,VENTTUBE",5.5961333500938075e-174
SAO2,CATECHOL,"SHUNT,VENTTUBE",5.5961333500938075e-174
SAO2,CATECHOL,"SHUNT,VENTTUBE",5.5961333500938075e-174
SAO2,CATECHOL,"SHUNT,VENTTUBE",5.5961333500938075e-174
SAO2,CATECHOL,"SHUNT,VENTTUBE",5.5961333500938075e-174
SAO2,CATECHOL,"SHUNT,VENTTUBE",5.5961333500938075e-174
SAO2,CATECHOL,"SHUNT,VENTTUBE",5.5961333500938075e-174
SAO2,CATECHOL,"SHUNT,VENTTUBE",5.5961333500938075e-174
SAO2,CATECHOL,"SHUNT,VENTTUBE",5.5961333500938075e-174
SAO2,CATECHOL,"SHUNT,VENTTUBE",5.5961333500938075e-174
SAO2,CATECHOL,"SHUNT,VENTTUBE",5.5961333500938075e-174
SAO2,CATECHOL,"SHUNT,VENTTUBE",5.5961333500938075e-174
SAO2,CATECHOL,"SHUNT,VENTTUBE",5.5961333500938075e-174
SAO2,CATECHOL,"SHUNT,VENTTUBE",5.5961333500938075e-174
SAO2,CATECHOL,"SHUNT,VENTTUBE",5.5961333500938075e-174
SAO2,CATECHOL,"SHUNT,VENTTUBE",5.5961333500938075e-174
SAO2,CATECHOL,"SHUNT,VENTTUBE",5.5961333500938075e-174
SAO2,CATECHOL,"SHUNT,VENTTUBE",5.5961333500938075e-174
SAO2,CATECHOL,"SHUNT,VENTTUBE",5.5961333500938075e-174
SHUNT,INTUBATION,"PULMEMBOLUS,SAO2",0.0
INTUBATION,PRESS,"EXPCO2,SHUNT",2.466917413320161e-170
INTUBATION,PRESS,"EXPCO2,SHUNT",2.466917413320161e-170
INTUBATION,PRESS,"EXPCO2,SHUNT",2.466917413320161e-170
INTUBATION,PRESS,"EXPCO2,SHUNT",2.466917413320161e-170
INTUBATION,PRESS,"EXPCO2,SHUNT",2.466917413320161e-170
INTUBATION,PRESS,"EXPCO2,SHUNT",2.466917413320161e-170
INTUBATION,PRESS,"EXPCO2,SHUNT",2.466917413320161e-170
INTUBATION,PRESS,"EXPCO2,SHUNT",2.466917413320161e-170
INTUBATION,PRESS,"EXPCO2,SHUNT",2.466917413320161e-170
INTUBATION,PRESS,"EXPCO2,SHUNT",2.466917413320161e-170
INTUBATION,PRESS,"EXPCO2,SHUNT",2.466917413320161e-170
INTUBATION,PRESS,"EXPCO2,SHUNT",2.466917413320161e-170
INTUBATION,PRESS,"EXPCO2,SHUNT",2.466917413320161e-170
INTUBATION,PRESS,"EXPCO2,SHUNT",2.466917413320161e-170
INTUBATION,PRESS,"EXPCO2,SHUNT",2.466917413320161e-170
INTUBATION,PRESS,"EXPCO2,SHUNT",2.466917413320161e-170
INTUBATION,PRESS,"EXPCO2,SHUNT",2.466917413320161e-170
INTUBATION,PRESS,"EXPCO2,SHUNT",2.466917413320161e-170
INTUBATION,PRESS,"EXPCO2,SHUNT",2.466917413320161e-170
INTUBATION,PRESS,"EXPCO2,SHUNT",2.466917413320161e-170
INTUBATION,PRESS,"EXPCO2,SHUNT",2.466917413320161e-170
INTUBATION,VENTLUNG,"PRESS,SHUNT",3.868684114516871e-107
INTUBATION,VENTLUNG,"PRESS,SHUNT",3.868684114516871e-107
INTUBATION,VENTLUNG,"PRESS,SHUNT",3.868684114516871e-107
INTUBATION,VENTLUNG,"PRESS,SHUNT",3.868684114516871e-107
INTUBATION,VENTLUNG,"PRESS,SHUNT",3.868684114516871e-107
INTUBATION,VENTLUNG,"PRESS,SHUNT",3.868684114516871e-107
INTUBATION,VENTLUNG,"PRESS,SHUNT",3.868684114516871e-107
INTUBATION,VENTLUNG,"PRESS,SHUNT",3.868684114516871e-107
INTUBATION,VENTLUNG,"PRESS,SHUNT",3.868684114516871e-107
INTUBATION,VENTLUNG,"PRESS,SHUNT",3.868684114516871e-107
INTUBATION,VENTLUNG,"PRESS,SHUNT",3.868684114516871e-107
INTUBATION,VENTLUNG,"PRESS,SHUNT",3.868684114516871e-107
INTUBATION,VENTLUNG,"PRESS,SHUNT",3.868684114516871e-107
INTUBATION,VENTLUNG,"PRESS,SHUNT",3.868684114516871e-107
INTUBATION,VENTLUNG,"PRESS,SHUNT",3.868684114516871e-107
INTUBATION,VENTLUNG,"PRESS,SHUNT",3.868684114516871e-107
INTUBATION,VENTLUNG,"PRESS,SHUNT",3.868684114516871e-107
INTUBATION,VENTLUNG,"PRESS,SHUNT",3.868684114516871e-107
INTUBATION,VENTLUNG,"PRESS,SHUNT",3.868684114516871e-107
INTUBATION,VENTLUNG,"PRESS,SHUNT",3.868684114516871e-107
INTUBATION,VENTLUNG,"PRESS,SHUNT",3.868684114516871e-107
INTUBATION,VENTALV,"PRESS,SHUNT",0.0
INTUBATION,VENTALV,"PRESS,SHUNT",0.0
INTUBATION,VENTALV,"PRESS,SHUNT",0.0
INTUBATION,VENTALV,"PRESS,SHUNT",0.0
INTUBATION,VENTALV,"PRESS,SHUNT",0.0
INTUBATION,VENTALV,"PRESS,SHUNT",0.0
INTUBATION,VENTALV,"PRESS,SHUNT",0.0
INTUBATION,VENTALV,"PRESS,SHUNT",0.0
INTUBATION,VENTALV,"PRESS,SHUNT",0.0
INTUBATION,VENTALV,"PRESS,SHUNT",0.0
INTUBATION,VENTALV,"PRESS,SHUNT",0.0
INTUBATION,VENTALV,"PRESS,SHUNT",0.0
INTUBATION,VENTALV,"PRESS,SHUNT",0.0
INTUBATION,VENTALV,"PRESS,SHUNT",0.0
INTUBATION,VENTALV,"PRESS,SHUNT",0.0
INTUBATION,VENTALV,"PRESS,SHUNT",0.0
INTUBATION,VENTALV,"PRESS,SHUNT",0.0
INTUBATION,VENTALV,"PRESS,SHUNT",0.0
INTUBATION,VENTALV,"PRESS,SHUNT",0.0
INTUBATION,VENTALV,"PRESS,SHUNT",0.0
INTUBATION,VENTALV,"PRESS,SHUNT",0.0
INTUBATION,ARTCO2,"PRESS,SHUNT",2.6033606164051454e-147
INTUBATION,ARTCO2,"PRESS,SHUNT",2.6033606164051454e-147
INTUBATION,ARTCO2,"PRESS,SHUNT",2.6033606164051454e-147
INTUBATION,ARTCO2,"PRESS,SHUNT",2.6033606164051454e-147
INTUBATION,ARTCO2,"PRESS,SHUNT",2.6033606164051454e-147
INTUBATION,ARTCO2,"PRESS,SHUNT",2.6033606164051454e-147
INTUBATION,ARTCO2,"PRESS,SHUNT",2.6033606164051454e-147
INTUBATION,ARTCO2,"PRESS,SHUNT",2.6033606164051454e-147
INTUBATION,ARTCO2,"PRESS,SHUNT",2.6033606164051454e-147
INTUBATION,ARTCO2,"PRESS,SHUNT",2.6033606164051454e-147
INTUBATION,ARTCO2,"PRESS,SHUNT",2.6033606164051454e-147
INTUBATION,ARTCO2,"PRESS,SHUNT",2.6033606164051454e-147
INTUBATION,ARTCO2,"PRESS,SHUNT",2.6033606164051454e-147
INTUBATION,ARTCO2,"PRESS,SHUNT",2.6033606164051454e-147
INTUBATION,ARTCO2,"PRESS,SHUNT",2.6033606164051454e-147
INTUBATION,ARTCO2,"PRESS,SHUNT",2.6033606164051454e-147
INTUBATION,ARTCO2,"PRESS,SHUNT",2.6033606164051454e-147
INTUBATION,ARTCO2,"PRESS,SHUNT",2.6033606164051454e-147
INTUBATION,ARTCO2,"PRESS,SHUNT",2.6033606164051454e-147
INTUBATION,ARTCO2,"PRESS,SHUNT",2.6033606164051454e-147
INTUBATION,ARTCO2,"PRESS,SHUNT",2.6033606164051454e-147
PRESS,VENTTUBE,"INTUBATION,KINKEDTUBE",0.0
PRESS,VENTTUBE,"INTUBATION,KINKEDTUBE",0.0
PRESS,VENTTUBE,"INTUBATION,KINKEDTUBE",0.0
PRESS,VENTTUBE,"INTUBATION,KINKEDTUBE",0.0
PRESS,VENTTUBE,"INTUBATION,KINKEDTUBE",0.0
PRESS,VENTTUBE,"INTUBATION,KINKEDTUBE",0.0
PRESS,VENTTUBE,"INTUBATION,KINKEDTUBE",0.0
PRESS,VENTTUBE,"INTUBATION,KINKEDTUBE",0.0
PRESS,VENTTUBE,"INTUBATION,KINKEDTUBE",0.0
PRESS,VENTTUBE,"INTUBATION,KINKEDTUBE",0.0
PRESS,VENTTUBE,"INTUBATION,KINKEDTUBE",0.0
PRESS,VENTTUBE,"INTUBATION,KINKEDTUBE",0.0
PRESS,VENTTUBE,"INTUBATION,KINKEDTUBE",0.0
PRESS,VENTTUBE,"INTUBATION,KINKEDTUBE",0.0
PRESS,VENTTUBE,"INTUBATION,KINKEDTUBE",0.0
PRESS,VENTTUBE,"INTUBATION,KINKEDTUBE",0.0
PRESS,VENTTUBE,"INTUBATION,KINKEDTUBE",0.0
PRESS,VENTTUBE,"INTUBATION,KINKEDTUBE",0.0
PRESS,VENTTUBE,"INTUBATION,KINKEDTUBE",0.0
PRESS,VENTTUBE,"INTUBATION,KINKEDTUBE",0.0
PRESS,VENTTUBE,"INTUBATION,KINKEDTUBE",0.0
PRESS,VENTLUNG,"INTUBATION,VENTTUBE",1.4269470822733096e-65
PRESS,VENTLUNG,"INTUBATION,VENTTUBE",1.4269470822733096e-65
PRESS,VENTLUNG,"INTUBATION,VENTTUBE",1.4269470822733096e-65
PRESS,VENTLUNG,"INTUBATION,VENTTUBE",1.4269470822733096e-65
PRESS,VENTLUNG,"INTUBATION,VENTTUBE",1.4269470822733096e-65
PRESS,VENTLUNG,"INTUBATION,VENTTUBE",1.4269470822733096e-65
PRESS,VENTLUNG,"INTUBATION,VENTTUBE",1.4269470822733096e-65
PRESS,VENTLUNG,"INTUBATION,VENTTUBE",1.4269470822733096e-65
PRESS,VENTLUNG,"INTUBATION,VENTTUBE",1.4269470822733096e-65
PRESS,VENTLUNG,"INTUBATION,VENTTUBE",1.4269470822733096e-65
PRESS,VENTLUNG,"INTUBATION,VENTTUBE",1.4269470822733096e-65
PRESS,VENTLUNG,"INTUBATION,VENTTUBE",1.4269470822733096e-65
PRESS,VENTLUNG,"INTUBATION,VENTTUBE",1.4269470822733096e-65
PRESS,VENTLUNG,"INTUBATION,VENTTUBE",1.4269470822733096e-65
PRESS,VENTLUNG,"INTUBATION,VENTTUBE",1.4269470822733096e-65
PRESS,VENTLUNG,"INTUBATION,VENTTUBE",1.4269470822733096e-65
PRESS,VENTLUNG,"INTUBATION,VENTTUBE",1.4269470822733096e-65
PRESS,VENTLUNG,"INTUBATION,VENTTUBE",1.4269470822733096e-65
PRESS,VENTLUNG,"INTUBATION,VENTTUBE",1.4269470822733096e-65
PRESS,VENTLUNG,"INTUBATION,VENTTUBE",1.4269470822733096e-65
PRESS,VENTLUNG,"INTUBATION,VENTTUBE",1.4269470822733096e-65
PRESS,VENTALV,"INTUBATION,VENTTUBE",3.0348467164884973e-57
PRESS,VENTALV,"INTUBATION,VENTTUBE",3.0348467164884973e-57
PRESS,VENTALV,"INTUBATION,VENTTUBE",3.0348467164884973e-57
PRESS,VENTALV,"INTUBATION,VENTTUBE",3.0348467164884973e-57
PRESS,VENTALV,"INTUBATION,VENTTUBE",3.0348467164884973e-57
PRESS,VENTALV,"INTUBATION,VENTTUBE",3.0348467164884973e-57
PRESS,VENTALV,"INTUBATION,VENTTUBE",3.0348467164884973e-57
PRESS,VENTALV,"INTUBATION,VENTTUBE",3.0348467164884973e-57
PRESS,VENTALV,"INTUBATION,VENTTUBE",3.0348467164884973e-57
PRESS,VENTALV,"INTUBATION,VENTTUBE",3.0348467164884973e-57
PRESS,VENTALV,"INTUBATION,VENTTUBE",3.0348467164884973e-57
PRESS,VENTALV,"INTUBATION,VENTTUBE",3.0348467164884973e-57
PRESS,VENTALV,"INTUBATION,VENTTUBE",3.0348467164884973e-57
PRESS,VENTALV,"INTUBATION,VENTTUBE",3.0348467164884973e-57
PRESS,VENTALV,"INTUBATION,VENTTUBE",3.0348467164884973e-57
PRESS,VENTALV,"INTUBATION,VENTTUBE",3.0348467164884973e-57
PRESS,VENTALV,"INTUBATION,VENTTUBE",3.0348467164884973e-57
PRESS,VENTALV,"INTUBATION,VENTTUBE",3.0348467164884973e-57
PRESS,VENTALV,"INTUBATION,VENTTUBE",3.0348467164884973e-57
PRESS,VENTALV,"INTUBATION,VENTTUBE",3.0348467164884973e-57
PRESS,VENTALV,"INTUBATION,VENTTUBE",3.0348467164884973e-57
MINVOLSET,VENTMACH,"VENTLUNG,VENTTUBE",0.0
MINVOLSET,VENTMACH,"VENTLUNG,VENTTUBE",0.0
MINVOLSET,VENTMACH,"VENTLUNG,VENTTUBE",0.0
MINVOLSET,VENTTUBE,"VENTLUNG,VENTMACH",9.786598772112199e-08
MINVOLSET,VENTTUBE,"VENTLUNG,VENTMACH",9.786598772112199e-08
MINVOLSET,VENTTUBE,"VENTLUNG,VENTMACH",9.786598772112199e-08
MINVOLSET,VENTLUNG,"VENTMACH,VENTTUBE",0.020894758268973287
MINVOLSET,VENTLUNG,"VENTMACH,VENTTUBE",0.020894758268973287
MINVOLSET,VENTLUNG,"VENTMACH,VENTTUBE",0.020894758268973287
MINVOLSET,VENTALV,"VENTMACH,VENTTUBE",0.2870849763719925
VENTMACH,VENTTUBE,"MINVOLSET,VENTLUNG",0.0
VENTMACH,VENTLUNG,"MINVOLSET,VENTTUBE",0.00218144000181427
VENTTUBE,VENTLUNG,"MINVOLSET,VENTMACH",0.0
VENTTUBE,VENTLUNG,"MINVOLSET,VENTMACH",0.0
VENTTUBE,VENTLUNG,"MINVOLSET,VENTMACH",0.0
VENTTUBE,VENTLUNG,"MINVOLSET,VENTMACH",0.0
VENTTUBE,VENTLUNG,"MINVOLSET,VENTMACH",0.0
VENTTUBE,VENTLUNG,"MINVOLSET,VENTMACH",0.0
VENTTUBE,VENTLUNG,"MINVOLSET,VENTMACH",0.0
VENTTUBE,VENTLUNG,"MINVOLSET,VENTMACH",0.0
VENTTUBE,VENTLUNG,"MINVOLSET,VENTMACH",0.0
VENTTUBE,VENTLUNG,"MINVOLSET,VENTMACH",0.0
VENTTUBE,VENTLUNG,"MINVOLSET,VENTMACH",0.0
VENTTUBE,VENTLUNG,"MINVOLSET,VENTMACH",0.0
VENTTUBE,VENTLUNG,"MINVOLSET,VENTMACH",0.0
VENTTUBE,VENTLUNG,"MINVOLSET,VENTMACH",0.0
VENTTUBE,VENTLUNG,"MINVOLSET,VENTMACH",0.0
VENTTUBE,VENTLUNG,"MINVOLSET,VENTMACH",0.0
VENTTUBE,VENTLUNG,"MINVOLSET,VENTMACH",0.0
VENTTUBE,VENTLUNG,"MINVOLSET,VENTMACH",0.0
VENTTUBE,VENTLUNG,"MINVOLSET,VENTMACH",0.0
VENTTUBE,VENTLUNG,"MINVOLSET,VENTMACH",0.0
VENTTUBE,VENTLUNG,"MINVOLSET,VENTMACH",0.0
VENTTUBE,VENTLUNG,"MINVOLSET,VENTMACH",0.0
VENTTUBE,VENTLUNG,"MINVOLSET,VENTMACH",0.0
VENTTUBE,VENTLUNG,"MINVOLSET,VENTMACH",0.0
VENTTUBE,VENTLUNG,"MINVOLSET,VENTMACH",0.0
VENTTUBE,VENTLUNG,"MINVOLSET,VENTMACH",0.0
VENTTUBE,VENTLUNG,"MINVOLSET,VENTMACH",0.0
VENTTUBE,VENTLUNG,"MINVOLSET,VENTMACH",0.0
VENTTUBE,VENTLUNG,"MINVOLSET,VENTMACH",0.0
VENTTUBE,VENTLUNG,"MINVOLSET,VENTMACH",0.0
VENTTUBE,VENTLUNG,"MINVOLSET,VENTMACH",0.0
VENTTUBE,VENTLUNG,"MINVOLSET,VENTMACH",0.0
VENTTUBE,VENTLUNG,"MINVOLSET,VENTMACH",0.0
VENTTUBE,VENTLUNG,"MINVOLSET,VENTMACH",0.0
VENTTUBE,VENTLUNG,"MINVOLSET,VENTMACH",0.0
VENTTUBE,VENTLUNG,"MINVOLSET,VENTMACH",0.0
VENTTUBE,VENTALV,"MINVOLSET,VENTMACH",0.0
VENTTUBE,VENTALV,"MINVOLSET,VENTMACH",0.0
VENTTUBE,VENTALV,"MINVOLSET,VENTMACH",0.0
VENTTUBE,VENTALV,"MINVOLSET,VENTMACH",0.0
VENTTUBE,VENTALV,"MINVOLSET,VENTMACH",0.0
VENTTUBE,VENTALV,"MINVOLSET,VENTMACH",0.0
VENTTUBE,VENTALV,"MINVOLSET,VENTMACH",0.0
VENTTUBE,VENTALV,"MINVOLSET,VENTMACH",0.0
VENTTUBE,VENTALV,"MINVOLSET,VENTMACH",0.0
VENTTUBE,VENTALV,"MINVOLSET,VENTMACH",0.0
VENTTUBE,VENTALV,"MINVOLSET,VENTMACH",0.0
VENTTUBE,VENTALV,"MINVOLSET,VENTMACH",0.0
VENTTUBE,VENTALV,"MINVOLSET,VENTMACH",0.0
VENTTUBE,VENTALV,"MINVOLSET,VENTMACH",0.0
VENTTUBE,VENTALV,"MINVOLSET,VENTMACH",0.0
VENTTUBE,VENTALV,"MINVOLSET,VENTMACH",0.0
VENTTUBE,VENTALV,"MINVOLSET,VENTMACH",0.0
VENTTUBE,VENTALV,"MINVOLSET,VENTMACH",0.0
VENTTUBE,VENTALV,"MINVOLSET,VENTMACH",0.0
VENTTUBE,VENTALV,"MINVOLSET,VENTMACH",0.0
VENTTUBE,VENTALV,"MINVOLSET,VENTMACH",0.0
VENTTUBE,VENTALV,"MINVOLSET,VENTMACH",0.0
VENTTUBE,VENTALV,"MINVOLSET,VENTMACH",0.0
VENTTUBE,VENTALV,"MINVOLSET,VENTMACH",0.0
VENTTUBE,VENTALV,"MINVOLSET,VENTMACH",0.0
VENTTUBE,VENTALV,"MINVOLSET,VENTMACH",0.0
VENTTUBE,VENTALV,"MINVOLSET,VENTMACH",0.0
VENTTUBE,VENTALV,"MINVOLSET,VENTMACH",0.0
VENTTUBE,VENTALV,"MINVOLSET,VENTMACH",0.0
VENTTUBE,VENTALV,"MINVOLSET,VENTMACH",0.0
VENTTUBE,VENTALV,"MINVOLSET,VENTMACH",0.0
VENTTUBE,VENTALV,"MINVOLSET,VENTMACH",0.0
VENTTUBE,VENTALV,"MINVOLSET,VENTMACH",0.0
VENTTUBE,VENTALV,"MINVOLSET,VENTMACH",0.0
VENTTUBE,VENTALV,"MINVOLSET,VENTMACH",0.0
VENTTUBE,VENTALV,"MINVOLSET,VENTMACH",0.0
VENTLUNG,VENTALV,"MINVOLSET,VENTTUBE",0.0
VENTLUNG,VENTALV,"MINVOLSET,VENTTUBE",0.0
VENTLUNG,VENTALV,"MINVOLSET,VENTTUBE",0.0
VENTLUNG,VENTALV,"MINVOLSET,VENTTUBE",0.0
VENTLUNG,VENTALV,"MINVOLSET,VENTTUBE",0.0
VENTLUNG,VENTALV,"MINVOLSET,VENTTUBE",0.0
VENTLUNG,VENTALV,"MINVOLSET,VENTTUBE",0.0
VENTLUNG,VENTALV,"MINVOLSET,VENTTUBE",0.0
VENTLUNG,VENTALV,"MINVOLSET,VENTTUBE",0.0
VENTLUNG,VENTALV,"MINVOLSET,VENTTUBE",0.0
VENTLUNG,VENTALV,"MINVOLSET,VENTTUBE",0.0
VENTLUNG,VENTALV,"MINVOLSET,VENTTUBE",0.0
VENTLUNG,VENTALV,"MINVOLSET,VENTTUBE",0.0
VENTLUNG,VENTALV,"MINVOLSET,VENTTUBE",0.0
VENTLUNG,VENTALV,"MINVOLSET,VENTTUBE",0.0
VENTLUNG,VENTALV,"MINVOLSET,VENTTUBE",0.0
VENTLUNG,VENTALV,"MINVOLSET,VENTTUBE",0.0
VENTLUNG,VENTALV,"MINVOLSET,VENTTUBE",0.0
VENTLUNG,VENTALV,"MINVOLSET,VENTTUBE",0.0
VENTLUNG,VENTALV,"MINVOLSET,VENTTUBE",0.0
VENTLUNG,VENTALV,"MINVOLSET,VENTTUBE",0.0
VENTLUNG,VENTALV,"MINVOLSET,VENTTUBE",0.0
VENTLUNG,VENTALV,"MINVOLSET,VENTTUBE",0.0
VENTLUNG,VENTALV,"MINVOLSET,VENTTUBE",0.0
VENTLUNG,VENTALV,"MINVOLSET,VENTTUBE",0.0
VENTLUNG,VENTALV,"MINVOLSET,VENTTUBE",0.0
VENTLUNG,VENTALV,"MINVOLSET,VENTTUBE",0.0
VENTLUNG,VENTALV,"MINVOLSET,VENTTUBE",0.0
VENTLUNG,VENTALV,"MINVOLSET,VENTTUBE",0.0
VENTLUNG,VENTALV,"MINVOLSET,VENTTUBE",0.0
VENTLUNG,VENTALV,"MINVOLSET,VENTTUBE",0.0
VENTLUNG,VENTALV,"MINVOLSET,VENTTUBE",0.0
VENTLUNG,VENTALV,"MINVOLSET,VENTTUBE",0.0
VENTLUNG,VENTALV,"MINVOLSET,VENTTUBE",0.0
VENTLUNG,VENTALV,"MINVOLSET,VENTTUBE",0.0
VENTLUNG,VENTALV,"MINVOLSET,VENTTUBE",0.0
VENTLUNG,VENTALV,"MINVOLSET,VENTTUBE",0.0
VENTLUNG,VENTALV,"MINVOLSET,VENTTUBE",0.0
VENTLUNG,VENTALV,"MINVOLSET,VENTTUBE",0.0
VENTLUNG,VENTALV,"MINVOLSET,VENTTUBE",0.0
VENTLUNG,VENTALV,"MINVOLSET,VENTTUBE",0.0
VENTLUNG,VENTALV,"MINVOLSET,VENTTUBE",0.0
VENTLUNG,VENTALV,"MINVOLSET,VENTTUBE",0.0
VENTLUNG,VENTALV,"MINVOLSET,VENTTUBE",0.0
VENTLUNG,VENTALV,"MINVOLSET,VENTTUBE",0.0
VENTALV,ARTCO2,"MINVOLSET,VENTTUBE",0.0
VENTALV,ARTCO2,"MINVOLSET,VENTTUBE",0.0
VENTALV,ARTCO2,"MINVOLSET,VENTTUBE",0.0
VENTALV,ARTCO2,"MINVOLSET,VENTTUBE",0.0
VENTALV,ARTCO2,"MINVOLSET,VENTTUBE",0.0
VENTALV,ARTCO2,"MINVOLSET,VENTTUBE",0.0
VENTALV,ARTCO2,"MINVOLSET,VENTTUBE",0.0
VENTALV,ARTCO2,"MINVOLSET,VENTTUBE",0.0
VENTALV,ARTCO2,"MINVOLSET,VENTTUBE",0.0
VENTALV,ARTCO2,"MINVOLSET,VENTTUBE",0.0
VENTALV,ARTCO2,"MINVOLSET,VENTTUBE",0.0
VENTALV,ARTCO2,"MINVOLSET,VENTTUBE",0.0
VENTALV,ARTCO2,"MINVOLSET,VENTTUBE",0.0
VENTALV,ARTCO2,"MINVOLSET,VENTTUBE",0.0
VENTALV,ARTCO2,"MINVOLSET,VENTTUBE",0.0
VENTALV,ARTCO2,"MINVOLSET,VENTTUBE",0.0
VENTALV,ARTCO2,"MINVOLSET,VENTTUBE",0.0
VENTALV,ARTCO2,"MINVOLSET,VENTTUBE",0.0
VENTALV,ARTCO2,"MINVOLSET,VENTTUBE",0.0
VENTALV,ARTCO2,"MINVOLSET,VENTTUBE",0.0
VENTALV,ARTCO2,"MINVOLSET,VENTTUBE",0.0
VENTALV,ARTCO2,"MINVOLSET,VENTTUBE",0.0
VENTALV,ARTCO2,"MINVOLSET,VENTTUBE",0.0
VENTALV,ARTCO2,"MINVOLSET,VENTTUBE",0.0
VENTALV,ARTCO2,"MINVOLSET,VENTTUBE",0.0
VENTALV,ARTCO2,"MINVOLSET,VENTTUBE",0.0
VENTALV,ARTCO2,"MINVOLSET,VENTTUBE",0.0
VENTALV,ARTCO2,"MINVOLSET,VENTTUBE",0.0
VENTALV,ARTCO2,"MINVOLSET,VENTTUBE",0.0
VENTALV,ARTCO2,"MINVOLSET,VENTTUBE",0.0
VENTALV,ARTCO2,"MINVOLSET,VENTTUBE",0.0
VENTALV,ARTCO2,"MINVOLSET,VENTTUBE",0.0
VENTALV,ARTCO2,"MINVOLSET,VENTTUBE",0.0
VENTALV,ARTCO2,"MINVOLSET,VENTTUBE",0.0
VENTALV,ARTCO2,"MINVOLSET,VENTTUBE",0.0
VENTALV,ARTCO2,"MINVOLSET,VENTTUBE",0.0
VENTALV,ARTCO2,"MINVOLSET,VENTTUBE",0.0
VENTALV,ARTCO2,"MINVOLSET,VENTTUBE",0.0
VENTALV,ARTCO2,"MINVOLSET,VENTTUBE",0.0
VENTALV,ARTCO2,"MINVOLSET,VENTTUBE",0.0
VENTALV,ARTCO2,"MINVOLSET,VENTTUBE",0.0
VENTALV,ARTCO2,"MINVOLSET,VENTTUBE",0.0
VENTALV,ARTCO2,"MINVOLSET,VENTTUBE",0.0
VENTALV,ARTCO2,"MINVOLSET,VENTTUBE",0.0
VENTALV,ARTCO2,"MINVOLSET,VENTTUBE",0.0
VENTALV,ARTCO2,"MINVOLSET,VENTTUBE",0.0
VENTALV,ARTCO2,"MINVOLSET,VENTTUBE",0.0
VENTALV,ARTCO2,"MINVOLSET,VENTTUBE",0.0
VENTALV,ARTCO2,"MINVOLSET,VENTTUBE",0.0
VENTALV,ARTCO2,"MINVOLSET,VENTTUBE",0.0
VENTALV,ARTCO2,"MINVOLSET,VENTTUBE",0.0
VENTALV,ARTCO2,"MINVOLSET,VENTTUBE",0.0
VENTALV,ARTCO2,"MINVOLSET,VENTTUBE",0.0
VENTALV,ARTCO2,"MINVOLSET,VENTTUBE",0.0
VENTALV,ARTCO2,"MINVOLSET,VENTTUBE",0.0
VENTALV,CATECHOL,"ARTCO2,PVSAT",0.7918135191168167
VENTALV,CATECHOL,"ARTCO2,PVSAT",0.7918135191168167
VENTALV,CATECHOL,"ARTCO2,PVSAT",0.7918135191168167
ARTCO2,CATECHOL,"EXPCO2,INTUBATION",0.0
ARTCO2,CATECHOL,"EXPCO2,INTUBATION",0.0
ARTCO2,CATECHOL,"EXPCO2,INTUBATION",0.0
ARTCO2,CATECHOL,"EXPCO2,INTUBATION",0.0
ARTCO2,CATECHOL,"EXPCO2,INTUBATION",0.0
ARTCO2,CATECHOL,"EXPCO2,INTUBATION",0.0
ARTCO2,CATECHOL,"EXPCO2,INTUBATION",0.0
ARTCO2,CATECHOL,"EXPCO2,INTUBATION",0.0
ARTCO2,CATECHOL,"EXPCO2,INTUBATION",0.0
ARTCO2,CATECHOL,"EXPCO2,INTUBATION",0.0
ARTCO2,BP,"PVSAT,VENTALV",0.9207427539255114
CATECHOL,HR,"BP,VENTALV",0.0
CATECHOL,HR,"BP,VENTALV",0.0
CATECHOL,HR,"BP,VENTALV",0.0
CATECHOL,HR,"BP,VENTALV",0.0
CATECHOL,HR,"BP,VENTALV",0.0
CATECHOL,HR,"BP,VENTALV",0.0
CATECHOL,HR,"BP,VENTALV",0.0
CATECHOL,HR,"BP,VENTALV",0.0
CATECHOL,HR,"BP,VENTALV",0.0
CATECHOL,HR,"BP,VENTALV",0.0
CATECHOL,HR,"BP,VENTALV",0.0
CATECHOL,HR,"BP,VENTALV",0.0
CATECHOL,HR,"BP,VENTALV",0.0
CATECHOL,HR,"BP,VENTALV",0.0
CATECHOL,HR,"BP,VENTALV",0.0
CATECHOL,BP,"HR,TPR",0.16139921584485667
CATECHOL,BP,"HR,TPR",0.16139921584485667
HR,CO,"BP,HRSAT",0.0
HR,CO,"BP,HRSAT",0.0
HR,CO,"BP,HRSAT",0.0
HR,CO,"BP,HRSAT",0.0
HR,CO,"BP,HRSAT",0.0
HR,CO,"BP,HRSAT",0.0
HR,CO,"BP,HRSAT",0.0
HR,CO,"BP,HRSAT",0.0
HR,CO,"BP,HRSAT",0.0
HR,CO,"BP,HRSAT",0.0
HR,BP,"CATECHOL,CO",0.7756358669072825
HR,BP,"CATECHOL,CO",0.7756358669072825
HR,BP,"CATECHOL,CO",0.7756358669072825
HR,BP,"CATECHOL,CO",0.7756358669072825
HR,BP,"CATECHOL,CO",0.7756358669072825
HR,BP,"CATECHOL,CO",0.7756358669072825
HR,BP,"CATECHOL,CO",0.7756358669072825
HR,BP,"CATECHOL,CO",0.7756358669072825
HR,BP,"CATECHOL,CO",0.7756358669072825
CO,BP,"HR,STROKEVOLUME",4.5010118363536344e-235
LVEDVOLUME,LVFAILURE,"CVP,HYPOVOLEMIA,PCWP",1.0065656785233332e-72
LVFAILURE,STROKEVOLUME,"CVP,HISTORY,PCWP",1.262119317586596e-78
LVFAILURE,STROKEVOLUME,"CVP,HISTORY,PCWP",1.262119317586596e-78
LVFAILURE,STROKEVOLUME,"CVP,HISTORY,PCWP",1.262119317586596e-78
LVFAILURE,STROKEVOLUME,"CVP,HISTORY,PCWP",1.262119317586596e-78
STROKEVOLUME,CO,"BP,HYPOVOLEMIA,LVFAILURE",0.0
STROKEVOLUME,BP,"CO,HYPOVOLEMIA,LVFAILURE",0.00014245592610721033
TPR,PVSAT,"ANAPHYLAXIS,BP,CATECHOL",5.5953128091796255e-129
TPR,CATECHOL,"ANAPHYLAXIS,BP,PVSAT",0.0
TPR,BP,"ANAPHYLAXIS,CATECHOL,PVSAT",0.0
EXPCO2,MINVOL,"INTUBATION,VENTALV,VENTLUNG",0.9996687967386625
EXPCO2,INTUBATION,"ARTCO2,MINVOL,VENTLUNG",5.7766462524182075e-08
EXPCO2,INTUBATION,"ARTCO2,MINVOL,VENTLUNG",5.7766462524182075e-08
EXPCO2,INTUBATION,"ARTCO2,MINVOL,VENTLUNG",5.7766462524182075e-08
EXPCO2,INTUBATION,"ARTCO2,MINVOL,VENTLUNG",5.7766462524182075e-08
EXPCO2,VENTLUNG,"ARTCO2,INTUBATION,MINVOL",0.0
EXPCO2,VENTLUNG,"ARTCO2,INTUBATION,MINVOL",0.0
EXPCO2,VENTLUNG,"ARTCO2,INTUBATION,MINVOL",0.0
EXPCO2,VENTLUNG,"ARTCO2,INTUBATION,MINVOL",0.0
EXPCO2,VENTALV,"ARTCO2,MINVOL,VENTLUNG",2.7150193691741666e-06
EXPCO2,VENTALV,"ARTCO2,MINVOL,VENTLUNG",2.7150193691741666e-06
EXPCO2,VENTALV,"ARTCO2,MINVOL,VENTLUNG",2.7150193691741666e-06
EXPCO2,VENTALV,"ARTCO2,MINVOL,VENTLUNG",2.7150193691741666e-06
EXPCO2,ARTCO2,"INTUBATION,MINVOL,VENTLUNG",0.0
EXPCO2,ARTCO2,"INTUBATION,MINVOL,VENTLUNG",0.0
EXPCO2,ARTCO2,"INTUBATION,MINVOL,VENTLUNG",0.0
EXPCO2,ARTCO2,"INTUBATION,MINVOL,VENTLUNG",0.0
MINVOL,PVSAT,"EXPCO2,VENTALV,VENTLUNG",0.999673273157425
MINVOL,INTUBATION,"EXPCO2,PRESS,VENTTUBE",0.0
MINVOL,INTUBATION,"EXPCO2,PRESS,VENTTUBE",0.0
MINVOL,INTUBATION,"EXPCO2,PRESS,VENTTUBE",0.0
MINVOL,INTUBATION,"EXPCO2,PRESS,VENTTUBE",0.0
MINVOL,INTUBATION,"EXPCO2,PRESS,VENTTUBE",0.0
MINVOL,INTUBATION,"EXPCO2,PRESS,VENTTUBE",0.0
MINVOL,INTUBATION,"EXPCO2,PRESS,VENTTUBE",0.0
MINVOL,INTUBATION,"EXPCO2,PRESS,VENTTUBE",0.0
MINVOL,INTUBATION,"EXPCO2,PRESS,VENTTUBE",0.0
MINVOL,INTUBATION,"EXPCO2,PRESS,VENTTUBE",0.0
MINVOL,INTUBATION,"EXPCO2,PRESS,VENTTUBE",0.0
MINVOL,INTUBATION,"EXPCO2,PRESS,VENTTUBE",0.0
MINVOL,INTUBATION,"EXPCO2,PRESS,VENTTUBE",0.0
MINVOL,INTUBATION,"EXPCO2,PRESS,VENTTUBE",0.0
MINVOL,INTUBATION,"EXPCO2,PRESS,VENTTUBE",0.0
MINVOL,INTUBATION,"EXPCO2,PRESS,VENTTUBE",0.0
MINVOL,INTUBATION,"EXPCO2,PRESS,VENTTUBE",0.0
MINVOL,INTUBATION,"EXPCO2,PRESS,VENTTUBE",0.0
MINVOL,INTUBATION,"EXPCO2,PRESS,VENTTUBE",0.0
MINVOL,INTUBATION,"EXPCO2,PRESS,VENTTUBE",0.0
MINVOL,PRESS,"INTUBATION,PVSAT,VENTLUNG",0.9999997477350935
MINVOL,PRESS,"INTUBATION,PVSAT,VENTLUNG",0.9999997477350935
MINVOL,PRESS,"INTUBATION,PVSAT,VENTLUNG",0.9999997477350935
MINVOL,VENTTUBE,"INTUBATION,PVSAT,VENTLUNG",0.939985783903771
MINVOL,VENTTUBE,"INTUBATION,PVSAT,VENTLUNG",0.939985783903771
MINVOL,VENTTUBE,"INTUBATION,PVSAT,VENTLUNG",0.939985783903771
MINVOL,VENTTUBE,"INTUBATION,PVSAT,VENTLUNG",0.939985783903771
MINVOL,VENTLUNG,"INTUBATION,PRESS,VENTTUBE",0.0
MINVOL,VENTLUNG,"INTUBATION,PRESS,VENTTUBE",0.0
MINVOL,VENTLUNG,"INTUBATION,PRESS,VENTTUBE",0.0
MINVOL,VENTLUNG,"INTUBATION,PRESS,VENTTUBE",0.0
MINVOL,VENTLUNG,"INTUBATION,PRESS,VENTTUBE",0.0
MINVOL,VENTLUNG,"INTUBATION,PRESS,VENTTUBE",0.0
MINVOL,VENTLUNG,"INTUBATION,PRESS,VENTTUBE",0.0
MINVOL,VENTLUNG,"INTUBATION,PRESS,VENTTUBE",0.0
MINVOL,VENTLUNG,"INTUBATION,PRESS,VENTTUBE",0.0
MINVOL,VENTLUNG,"INTUBATION,PRESS,VENTTUBE",0.0
MINVOL,VENTLUNG,"INTUBATION,PRESS,VENTTUBE",0.0
MINVOL,VENTLUNG,"INTUBATION,PRESS,VENTTUBE",0.0
MINVOL,VENTLUNG,"INTUBATION,PRESS,VENTTUBE",0.0
MINVOL,VENTLUNG,"INTUBATION,PRESS,VENTTUBE",0.0
MINVOL,VENTLUNG,"INTUBATION,PRESS,VENTTUBE",0.0
MINVOL,VENTLUNG,"INTUBATION,PRESS,VENTTUBE",0.0
MINVOL,VENTLUNG,"INTUBATION,PRESS,VENTTUBE",0.0
MINVOL,VENTLUNG,"INTUBATION,PRESS,VENTTUBE",0.0
MINVOL,VENTLUNG,"INTUBATION,PRESS,VENTTUBE",0.0
MINVOL,VENTLUNG,"INTUBATION,PRESS,VENTTUBE",0.0
MINVOL,VENTALV,"EXPCO2,INTUBATION,VENTLUNG",0.851989718271122
MINVOL,VENTALV,"EXPCO2,INTUBATION,VENTLUNG",0.851989718271122
MINVOL,VENTALV,"EXPCO2,INTUBATION,VENTLUNG",0.851989718271122
MINVOL,VENTALV,"EXPCO2,INTUBATION,VENTLUNG",0.851989718271122
MINVOL,VENTALV,"EXPCO2,INTUBATION,VENTLUNG",0.851989718271122
MINVOL,VENTALV,"EXPCO2,INTUBATION,VENTLUNG",0.851989718271122
MINVOL,VENTALV,"EXPCO2,INTUBATION,VENTLUNG",0.851989718271122
MINVOL,VENTALV,"EXPCO2,INTUBATION,VENTLUNG",0.851989718271122
MINVOL,VENTALV,"EXPCO2,INTUBATION,VENTLUNG",0.851989718271122
MINVOL,VENTALV,"EXPCO2,INTUBATION,VENTLUNG",0.851989718271122
MINVOL,VENTALV,"EXPCO2,INTUBATION,VENTLUNG",0.851989718271122
MINVOL,VENTALV,"EXPCO2,INTUBATION,VENTLUNG",0.851989718271122
PVSAT,SAO2,"FIO2,VENTALV,VENTTUBE",1.4337252855755986e-293
PVSAT,SAO2,"FIO2,VENTALV,VENTTUBE",1.4337252855755986e-293
PVSAT,SAO2,"FIO2,VENTALV,VENTTUBE",1.4337252855755986e-293
PVSAT,SAO2,"FIO2,VENTALV,VENTTUBE",1.4337252855755986e-293
PVSAT,SAO2,"FIO2,VENTALV,VENTTUBE",1.4337252855755986e-293
PVSAT,SAO2,"FIO2,VENTALV,VENTTUBE",1.4337252855755986e-293
PVSAT,SAO2,"FIO2,VENTALV,VENTTUBE",1.4337252855755986e-293
PVSAT,SAO2,"FIO2,VENTALV,VENTTUBE",1.4337252855755986e-293
PVSAT,SAO2,"FIO2,VENTALV,VENTTUBE",1.4337252855755986e-293
PVSAT,SAO2,"FIO2,VENTALV,VENTTUBE",1.4337252855755986e-293
PVSAT,SAO2,"FIO2,VENTALV,VENTTUBE",1.4337252855755986e-293
PVSAT,SAO2,"FIO2,VENTALV,VENTTUBE",1.4337252855755986e-293
PVSAT,SAO2,"FIO2,VENTALV,VENTTUBE",1.4337252855755986e-293
PVSAT,SAO2,"FIO2,VENTALV,VENTTUBE",1.4337252855755986e-293
PVSAT,SAO2,"FIO2,VENTALV,VENTTUBE",1.4337252855755986e-293
PVSAT,SAO2,"FIO2,VENTALV,VENTTUBE",1.4337252855755986e-293
PVSAT,SAO2,"FIO2,VENTALV,VENTTUBE",1.4337252855755986e-293
PVSAT,SAO2,"FIO2,VENTALV,VENTTUBE",1.4337252855755986e-293
PVSAT,SAO2,"FIO2,VENTALV,VENTTUBE",1.4337252855755986e-293
PVSAT,SAO2,"FIO2,VENTALV,VENTTUBE",1.4337252855755986e-293
PVSAT,SAO2,"FIO2,VENTALV,VENTTUBE",1.4337252855755986e-293
PVSAT,SAO2,"FIO2,VENTALV,VENTTUBE",1.4337252855755986e-293
PVSAT,SAO2,"FIO2,VENTALV,VENTTUBE",1.4337252855755986e-293
PVSAT,SAO2,"FIO2,VENTALV,VENTTUBE",1.4337252855755986e-293
PVSAT,SAO2,"FIO2,VENTALV,VENTTUBE",1.4337252855755986e-293
PVSAT,SAO2,"FIO2,VENTALV,VENTTUBE",1.4337252855755986e-293
PVSAT,SAO2,"FIO2,VENTALV,VENTTUBE",1.4337252855755986e-293
PVSAT,SAO2,"FIO2,VENTALV,VENTTUBE",1.4337252855755986e-293
PVSAT,SAO2,"FIO2,VENTALV,VENTTUBE",1.4337252855755986e-293
PVSAT,SAO2,"FIO2,VENTALV,VENTTUBE",1.4337252855755986e-293
PVSAT,SAO2,"FIO2,VENTALV,VENTTUBE",1.4337252855755986e-293
PVSAT,SAO2,"FIO2,VENTALV,VENTTUBE",1.4337252855755986e-293
PVSAT,SAO2,"FIO2,VENTALV,VENTTUBE",1.4337252855755986e-293
PVSAT,SAO2,"FIO2,VENTALV,VENTTUBE",1.4337252855755986e-293
PVSAT,SAO2,"FIO2,VENTALV,VENTTUBE",1.4337252855755986e-293
PVSAT,VENTTUBE,"ARTCO2,MINVOL,VENTLUNG",0.4220734789917552
PVSAT,VENTTUBE,"ARTCO2,MINVOL,VENTLUNG",0.4220734789917552
PVSAT,VENTTUBE,"ARTCO2,MINVOL,VENTLUNG",0.4220734789917552
PVSAT,VENTTUBE,"ARTCO2,MINVOL,VENTLUNG",0.4220734789917552
PVSAT,VENTTUBE,"ARTCO2,MINVOL,VENTLUNG",0.4220734789917552
PVSAT,VENTTUBE,"ARTCO2,MINVOL,VENTLUNG",0.4220734789917552
PVSAT,VENTLUNG,"FIO2,VENTALV,VENTTUBE",5.220174554909908e-12
PVSAT,VENTLUNG,"FIO2,VENTALV,VENTTUBE",5.220174554909908e-12
PVSAT,VENTLUNG,"FIO2,VENTALV,VENTTUBE",5.220174554909908e-12
PVSAT,VENTLUNG,"FIO2,VENTALV,VENTTUBE",5.220174554909908e-12
PVSAT,VENTLUNG,"FIO2,VENTALV,VENTTUBE",5.220174554909908e-12
PVSAT,VENTLUNG,"FIO2,VENTALV,VENTTUBE",5.220174554909908e-12
PVSAT,VENTLUNG,"FIO2,VENTALV,VENTTUBE",5.220174554909908e-12
PVSAT,VENTLUNG,"FIO2,VENTALV,VENTTUBE",5.220174554909908e-12
PVSAT,VENTLUNG,"FIO2,VENTALV,VENTTUBE",5.220174554909908e-12
PVSAT,VENTLUNG,"FIO2,VENTALV,VENTTUBE",5.220174554909908e-12
PVSAT,VENTLUNG,"FIO2,VENTALV,VENTTUBE",5.220174554909908e-12
PVSAT,VENTLUNG,"FIO2,VENTALV,VENTTUBE",5.220174554909908e-12
PVSAT,VENTLUNG,"FIO2,VENTALV,VENTTUBE",5.220174554909908e-12
PVSAT,VENTLUNG,"FIO2,VENTALV,VENTTUBE",5.220174554909908e-12
PVSAT,VENTLUNG,"FIO2,VENTALV,VENTTUBE",5.220174554909908e-12
PVSAT,VENTLUNG,"FIO2,VENTALV,VENTTUBE",5.220174554909908e-12
PVSAT,VENTLUNG,"FIO2,VENTALV,VENTTUBE",5.220174554909908e-12
PVSAT,VENTLUNG,"FIO2,VENTALV,VENTTUBE",5.220174554909908e-12
PVSAT,VENTLUNG,"FIO2,VENTALV,VENTTUBE",5.220174554909908e-12
PVSAT,VENTLUNG,"FIO2,VENTALV,VENTTUBE",5.220174554909908e-12
PVSAT,VENTLUNG,"FIO2,VENTALV,VENTTUBE",5.220174554909908e-12
PVSAT,VENTLUNG,"FIO2,VENTALV,VENTTUBE",5.220174554909908e-12
PVSAT,VENTLUNG,"FIO2,VENTALV,VENTTUBE",5.220174554909908e-12
PVSAT,VENTLUNG,"FIO2,VENTALV,VENTTUBE",5.220174554909908e-12
PVSAT,VENTLUNG,"FIO2,VENTALV,VENTTUBE",5.220174554909908e-12
PVSAT,VENTLUNG,"FIO2,VENTALV,VENTTUBE",5.220174554909908e-12
PVSAT,VENTLUNG,"FIO2,VENTALV,VENTTUBE",5.220174554909908e-12
PVSAT,VENTLUNG,"FIO2,VENTALV,VENTTUBE",5.220174554909908e-12
PVSAT,VENTLUNG,"FIO2,VENTALV,VENTTUBE",5.220174554909908e-12
PVSAT,VENTLUNG,"FIO2,VENTALV,VENTTUBE",5.220174554909908e-12
PVSAT,VENTLUNG,"FIO2,VENTALV,VENTTUBE",5.220174554909908e-12
PVSAT,VENTLUNG,"FIO2,VENTALV,VENTTUBE",5.220174554909908e-12
PVSAT,VENTLUNG,"FIO2,VENTALV,VENTTUBE",5.220174554909908e-12
PVSAT,VENTLUNG,"FIO2,VENTALV,VENTTUBE",5.220174554909908e-12
PVSAT,VENTLUNG,"FIO2,VENTALV,VENTTUBE",5.220174554909908e-12
PVSAT,VENTALV,"FIO2,SAO2,VENTTUBE",0.0
PVSAT,VENTALV,"FIO2,SAO2,VENTTUBE",0.0
PVSAT,VENTALV,"FIO2,SAO2,VENTTUBE",0.0
PVSAT,VENTALV,"FIO2,SAO2,VENTTUBE",0.0
PVSAT,VENTALV,"FIO2,SAO2,VENTTUBE",0.0
PVSAT,VENTALV,"FIO2,SAO2,VENTTUBE",0.0
PVSAT,VENTALV,"FIO2,SAO2,VENTTUBE",0.0
PVSAT,VENTALV,"FIO2,SAO2,VENTTUBE",0.0
PVSAT,VENTALV,"FIO2,SAO2,VENTTUBE",0.0
PVSAT,VENTALV,"FIO2,SAO2,VENTTUBE",0.0
PVSAT,VENTALV,"FIO2,SAO2,VENTTUBE",0.0
PVSAT,VENTALV,"FIO2,SAO2,VENTTUBE",0.0
PVSAT,VENTALV,"FIO2,SAO2,VENTTUBE",0.0
PVSAT,VENTALV,"FIO2,SAO2,VENTTUBE",0.0
PVSAT,VENTALV,"FIO2,SAO2,VENTTUBE",0.0
PVSAT,VENTALV,"FIO2,SAO2,VENTTUBE",0.0
PVSAT,VENTALV,"FIO2,SAO2,VENTTUBE",0.0
PVSAT,VENTALV,"FIO2,SAO2,VENTTUBE",0.0
PVSAT,VENTALV,"FIO2,SAO2,VENTTUBE",0.0
PVSAT,VENTALV,"FIO2,SAO2,VENTTUBE",0.0
PVSAT,VENTALV,"FIO2,SAO2,VENTTUBE",0.0
PVSAT,VENTALV,"FIO2,SAO2,VENTTUBE",0.0
PVSAT,VENTALV,"FIO2,SAO2,VENTTUBE",0.0
PVSAT,VENTALV,"FIO2,SAO2,VENTTUBE",0.0
PVSAT,VENTALV,"FIO2,SAO2,VENTTUBE",0.0
PVSAT,VENTALV,"FIO2,SAO2,VENTTUBE",0.0
PVSAT,VENTALV,"FIO2,SAO2,VENTTUBE",0.0
PVSAT,VENTALV,"FIO2,SAO2,VENTTUBE",0.0
PVSAT,VENTALV,"FIO2,SAO2,VENTTUBE",0.0
PVSAT,VENTALV,"FIO2,SAO2,VENTTUBE",0.0
PVSAT,VENTALV,"FIO2,SAO2,VENTTUBE",0.0
PVSAT,VENTALV,"FIO2,SAO2,VENTTUBE",0.0
PVSAT,VENTALV,"FIO2,SAO2,VENTTUBE",0.0
PVSAT,VENTALV,"FIO2,SAO2,VENTTUBE",0.0
PVSAT,VENTALV,"FIO2,SAO2,VENTTUBE",0.0
PVSAT,ARTCO2,"MINVOL,VENTALV,VENTLUNG",0.07769194100355849
PVSAT,ARTCO2,"MINVOL,VENTALV,VENTLUNG",0.07769194100355849
PVSAT,ARTCO2,"MINVOL,VENTALV,VENTLUNG",0.07769194100355849
PVSAT,ARTCO2,"MINVOL,VENTALV,VENTLUNG",0.07769194100355849
PVSAT,ARTCO2,"MINVOL,VENTALV,VENTLUNG",0.07769194100355849
PVSAT,ARTCO2,"MINVOL,VENTALV,VENTLUNG",0.07769194100355849
PVSAT,ARTCO2,"MINVOL,VENTALV,VENTLUNG",0.07769194100355849
SAO2,SHUNT,"CATECHOL,FIO2,INTUBATION",4.543120203048839e-76
SAO2,SHUNT,"CATECHOL,FIO2,INTUBATION",4.543120203048839e-76
SAO2,SHUNT,"CATECHOL,FIO2,INTUBATION",4.543120203048839e-76
SAO2,SHUNT,"CATECHOL,FIO2,INTUBATION",4.543120203048839e-76
SAO2,SHUNT,"CATECHOL,FIO2,INTUBATION",4.543120203048839e-76
SAO2,SHUNT,"CATECHOL,FIO2,INTUBATION",4.543120203048839e-76
SAO2,SHUNT,"CATECHOL,FIO2,INTUBATION",4.543120203048839e-76
SAO2,SHUNT,"CATECHOL,FIO2,INTUBATION",4.543120203048839e-76
SAO2,SHUNT,"CATECHOL,FIO2,INTUBATION",4.543120203048839e-76
SAO2,SHUNT,"CATECHOL,FIO2,INTUBATION",4.543120203048839e-76
SAO2,SHUNT,"CATECHOL,FIO2,INTUBATION",4.543120203048839e-76
SAO2,SHUNT,"CATECHOL,FIO2,INTUBATION",4.543120203048839e-76
SAO2,SHUNT,"CATECHOL,FIO2,INTUBATION",4.543120203048839e-76
SAO2,SHUNT,"CATECHOL,FIO2,INTUBATION",4.543120203048839e-76
SAO2,SHUNT,"CATECHOL,FIO2,INTUBATION",4.543120203048839e-76
SAO2,SHUNT,"CATECHOL,FIO2,INTUBATION",4.543120203048839e-76
SAO2,SHUNT,"CATECHOL,FIO2,INTUBATION",4.543120203048839e-76
SAO2,SHUNT,"CATECHOL,FIO2,INTUBATION",4.543120203048839e-76
SAO2,SHUNT,"CATECHOL,FIO2,INTUBATION",4.543120203048839e-76
SAO2,SHUNT,"CATECHOL,FIO2,INTUBATION",4.543120203048839e-76
SAO2,INTUBATION,"CATECHOL,FIO2,SHUNT",1.7381982728309683e-08
SAO2,INTUBATION,"CATECHOL,FIO2,SHUNT",1.7381982728309683e-08
SAO2,INTUBATION,"CATECHOL,FIO2,SHUNT",1.7381982728309683e-08
SAO2,INTUBATION,"CATECHOL,FIO2,SHUNT",1.7381982728309683e-08
SAO2,INTUBATION,"CATECHOL,FIO2,SHUNT",1.7381982728309683e-08
SAO2,INTUBATION,"CATECHOL,FIO2,SHUNT",1.7381982728309683e-08
SAO2,INTUBATION,"CATECHOL,FIO2,SHUNT",1.7381982728309683e-08
SAO2,INTUBATION,"CATECHOL,FIO2,SHUNT",1.7381982728309683e-08
SAO2,INTUBATION,"CATECHOL,FIO2,SHUNT",1.7381982728309683e-08
SAO2,INTUBATION,"CATECHOL,FIO2,SHUNT",1.7381982728309683e-08
SAO2,INTUBATION,"CATECHOL,FIO2,SHUNT",1.7381982728309683e-08
SAO2,INTUBATION,"CATECHOL,FIO2,SHUNT",1.7381982728309683e-08
SAO2,INTUBATION,"CATECHOL,FIO2,SHUNT",1.7381982728309683e-08
SAO2,INTUBATION,"CATECHOL,FIO2,SHUNT",1.7381982728309683e-08
SAO2,INTUBATION,"CATECHOL,FIO2,SHUNT",1.7381982728309683e-08
SAO2,INTUBATION,"CATECHOL,FIO2,SHUNT",1.7381982728309683e-08
SAO2,INTUBATION,"CATECHOL,FIO2,SHUNT",1.7381982728309683e-08
SAO2,INTUBATION,"CATECHOL,FIO2,SHUNT",1.7381982728309683e-08
SAO2,INTUBATION,"CATECHOL,FIO2,SHUNT",1.7381982728309683e-08
SAO2,INTUBATION,"CATECHOL,FIO2,SHUNT",1.7381982728309683e-08
SAO2,VENTLUNG,"INTUBATION,PVSAT,VENTALV",0.18614971061339552
SAO2,VENTLUNG,"INTUBATION,PVSAT,VENTALV",0.18614971061339552
SAO2,VENTLUNG,"INTUBATION,PVSAT,VENTALV",0.18614971061339552
SAO2,VENTALV,"FIO2,INTUBATION,SHUNT",0.0
SAO2,VENTALV,"FIO2,INTUBATION,SHUNT",0.0
SAO2,VENTALV,"FIO2,INTUBATION,SHUNT",0.0
SAO2,VENTALV,"FIO2,INTUBATION,SHUNT",0.0
SAO2,VENTALV,"FIO2,INTUBATION,SHUNT",0.0
SAO2,VENTALV,"FIO2,INTUBATION,SHUNT",0.0
SAO2,VENTALV,"FIO2,INTUBATION,SHUNT",0.0
SAO2,VENTALV,"FIO2,INTUBATION,SHUNT",0.0
SAO2,VENTALV,"FIO2,INTUBATION,SHUNT",0.0
SAO2,VENTALV,"FIO2,INTUBATION,SHUNT",0.0
SAO2,VENTALV,"FIO2,INTUBATION,SHUNT",0.0
SAO2,VENTALV,"FIO2,INTUBATION,SHUNT",0.0
SAO2,VENTALV,"FIO2,INTUBATION,SHUNT",0.0
SAO2,VENTALV,"FIO2,INTUBATION,SHUNT",0.0
SAO2,VENTALV,"FIO2,INTUBATION,SHUNT",0.0
SAO2,VENTALV,"FIO2,INTUBATION,SHUNT",0.0
SAO2,VENTALV,"FIO2,INTUBATION,SHUNT",0.0
SAO2,VENTALV,"FIO2,INTUBATION,SHUNT",0.0
SAO2,VENTALV,"FIO2,INTUBATION,SHUNT",0.0
SAO2,VENTALV,"FIO2,INTUBATION,SHUNT",0.0
SAO2,CATECHOL,"PVSAT,VENTALV,VENTLUNG",0.3724611265269094
INTUBATION,PRESS,"MINVOL,VENTALV,VENTLUNG",0.9999998076046732
INTUBATION,PRESS,"MINVOL,VENTALV,VENTLUNG",0.9999998076046732
INTUBATION,PRESS,"MINVOL,VENTALV,VENTLUNG",0.9999998076046732
INTUBATION,VENTLUNG,"EXPCO2,PRESS,SHUNT",2.1741590487637195e-58
INTUBATION,VENTLUNG,"EXPCO2,PRESS,SHUNT",2.1741590487637195e-58
INTUBATION,VENTLUNG,"EXPCO2,PRESS,SHUNT",2.1741590487637195e-58
INTUBATION,VENTLUNG,"EXPCO2,PRESS,SHUNT",2.1741590487637195e-58
INTUBATION,VENTLUNG,"EXPCO2,PRESS,SHUNT",2.1741590487637195e-58
INTUBATION,VENTLUNG,"EXPCO2,PRESS,SHUNT",2.1741590487637195e-58
INTUBATION,VENTLUNG,"EXPCO2,PRESS,SHUNT",2.1741590487637195e-58
INTUBATION,VENTLUNG,"EXPCO2,PRESS,SHUNT",2.1741590487637195e-58
INTUBATION,VENTLUNG,"EXPCO2,PRESS,SHUNT",2.1741590487637195e-58
INTUBATION,VENTLUNG,"EXPCO2,PRESS,SHUNT",2.1741590487637195e-58
INTUBATION,VENTLUNG,"EXPCO2,PRESS,SHUNT",2.1741590487637195e-58
INTUBATION,VENTLUNG,"EXPCO2,PRESS,SHUNT",2.1741590487637195e-58
INTUBATION,VENTLUNG,"EXPCO2,PRESS,SHUNT",2.1741590487637195e-58
INTUBATION,VENTLUNG,"EXPCO2,PRESS,SHUNT",2.1741590487637195e-58
INTUBATION,VENTLUNG,"EXPCO2,PRESS,SHUNT",2.1741590487637195e-58
INTUBATION,VENTLUNG,"EXPCO2,PRESS,SHUNT",2.1741590487637195e-58
INTUBATION,VENTLUNG,"EXPCO2,PRESS,SHUNT",2.1741590487637195e-58
INTUBATION,VENTLUNG,"EXPCO2,PRESS,SHUNT",2.1741590487637195e-58
INTUBATION,VENTLUNG,"EXPCO2,PRESS,SHUNT",2.1741590487637195e-58
INTUBATION,VENTLUNG,"EXPCO2,PRESS,SHUNT",2.1741590487637195e-58
INTUBATION,VENTLUNG,"EXPCO2,PRESS,SHUNT",2.1741590487637195e-58
INTUBATION,VENTLUNG,"EXPCO2,PRESS,SHUNT",2.1741590487637195e-58
INTUBATION,VENTLUNG,"EXPCO2,PRESS,SHUNT",2.1741590487637195e-58
INTUBATION,VENTLUNG,"EXPCO2,PRESS,SHUNT",2.1741590487637195e-58
INTUBATION,VENTLUNG,"EXPCO2,PRESS,SHUNT",2.1741590487637195e-58
INTUBATION,VENTLUNG,"EXPCO2,PRESS,SHUNT",2.1741590487637195e-58
INTUBATION,VENTLUNG,"EXPCO2,PRESS,SHUNT",2.1741590487637195e-58
INTUBATION,VENTLUNG,"EXPCO2,PRESS,SHUNT",2.1741590487637195e-58
INTUBATION,VENTLUNG,"EXPCO2,PRESS,SHUNT",2.1741590487637195e-58
INTUBATION,VENTLUNG,"EXPCO2,PRESS,SHUNT",2.1741590487637195e-58
INTUBATION,VENTLUNG,"EXPCO2,PRESS,SHUNT",2.1741590487637195e-58
INTUBATION,VENTLUNG,"EXPCO2,PRESS,SHUNT",2.1741590487637195e-58
INTUBATION,VENTLUNG,"EXPCO2,PRESS,SHUNT",2.1741590487637195e-58
INTUBATION,VENTLUNG,"EXPCO2,PRESS,SHUNT",2.1741590487637195e-58
INTUBATION,VENTLUNG,"EXPCO2,PRESS,SHUNT",2.1741590487637195e-58
INTUBATION,VENTALV,"EXPCO2,PRESS,SHUNT",0.0
INTUBATION,VENTALV,"EXPCO2,PRESS,SHUNT",0.0
INTUBATION,VENTALV,"EXPCO2,PRESS,SHUNT",0.0
INTUBATION,VENTALV,"EXPCO2,PRESS,SHUNT",0.0
INTUBATION,VENTALV,"EXPCO2,PRESS,SHUNT",0.0
INTUBATION,VENTALV,"EXPCO2,PRESS,SHUNT",0.0
INTUBATION,VENTALV,"EXPCO2,PRESS,SHUNT",0.0
INTUBATION,VENTALV,"EXPCO2,PRESS,SHUNT",0.0
INTUBATION,VENTALV,"EXPCO2,PRESS,SHUNT",0.0
INTUBATION,VENTALV,"EXPCO2,PRESS,SHUNT",0.0
INTUBATION,VENTALV,"EXPCO2,PRESS,SHUNT",0.0
INTUBATION,VENTALV,"EXPCO2,PRESS,SHUNT",0.0
INTUBATION,VENTALV,"EXPCO2,PRESS,SHUNT",0.0
INTUBATION,VENTALV,"EXPCO2,PRESS,SHUNT",0.0
INTUBATION,VENTALV,"EXPCO2,PRESS,SHUNT",0.0
INTUBATION,VENTALV,"EXPCO2,PRESS,SHUNT",0.0
INTUBATION,VENTALV,"EXPCO2,PRESS,SHUNT",0.0
INTUBATION,VENTALV,"EXPCO2,PRESS,SHUNT",0.0
INTUBATION,VENTALV,"EXPCO2,PRESS,SHUNT",0.0
INTUBATION,VENTALV,"EXPCO2,PRESS,SHUNT",0.0
INTUBATION,VENTALV,"EXPCO2,PRESS,SHUNT",0.0
INTUBATION,VENTALV,"EXPCO2,PRESS,SHUNT",0.0
INTUBATION,VENTALV,"EXPCO2,PRESS,SHUNT",0.0
INTUBATION,VENTALV,"EXPCO2,PRESS,SHUNT",0.0
INTUBATION,VENTALV,"EXPCO2,PRESS,SHUNT",0.0
INTUBATION,VENTALV,"EXPCO2,PRESS,SHUNT",0.0
INTUBATION,VENTALV,"EXPCO2,PRESS,SHUNT",0.0
INTUBATION,VENTALV,"EXPCO2,PRESS,SHUNT",0.0
INTUBATION,VENTALV,"EXPCO2,PRESS,SHUNT",0.0
INTUBATION,VENTALV,"EXPCO2,PRESS,SHUNT",0.0
INTUBATION,VENTALV,"EXPCO2,PRESS,SHUNT",0.0
INTUBATION,VENTALV,"EXPCO2,PRESS,SHUNT",0.0
INTUBATION,VENTALV,"EXPCO2,PRESS,SHUNT",0.0
INTUBATION,VENTALV,"EXPCO2,PRESS,SHUNT",0.0
INTUBATION,VENTALV,"EXPCO2,PRESS,SHUNT",0.0
INTUBATION,ARTCO2,"MINVOL,SAO2,VENTALV",0.076115712183743
INTUBATION,ARTCO2,"MINVOL,SAO2,VENTALV",0.076115712183743
INTUBATION,ARTCO2,"MINVOL,SAO2,VENTALV",0.076115712183743
INTUBATION,ARTCO2,"MINVOL,SAO2,VENTALV",0.076115712183743
INTUBATION,ARTCO2,"MINVOL,SAO2,VENTALV",0.076115712183743
INTUBATION,ARTCO2,"MINVOL,SAO2,VENTALV",0.076115712183743
PRESS,VENTTUBE,"INSUFFANESTH,INTUBATION,KINKEDTUBE",0.0
PRESS,VENTTUBE,"INSUFFANESTH,INTUBATION,KINKEDTUBE",0.0
PRESS,VENTTUBE,"INSUFFANESTH,INTUBATION,KINKEDTUBE",0.0
PRESS,VENTTUBE,"INSUFFANESTH,INTUBATION,KINKEDTUBE",0.0
PRESS,VENTTUBE,"INSUFFANESTH,INTUBATION,KINKEDTUBE",0.0
PRESS,VENTTUBE,"INSUFFANESTH,INTUBATION,KINKEDTUBE",0.0
PRESS,VENTTUBE,"INSUFFANESTH,INTUBATION,KINKEDTUBE",0.0
PRESS,VENTTUBE,"INSUFFANESTH,INTUBATION,KINKEDTUBE",0.0
PRESS,VENTTUBE,"INSUFFANESTH,INTUBATION,KINKEDTUBE",0.0
PRESS,VENTTUBE,"INSUFFANESTH,INTUBATION,KINKEDTUBE",0.0
PRESS,VENTTUBE,"INSUFFANESTH,INTUBATION,KINKEDTUBE",0.0
PRESS,VENTTUBE,"INSUFFANESTH,INTUBATION,KINKEDTUBE",0.0
PRESS,VENTTUBE,"INSUFFANESTH,INTUBATION,KINKEDTUBE",0.0
PRESS,VENTTUBE,"INSUFFANESTH,INTUBATION,KINKEDTUBE",0.0
PRESS,VENTTUBE,"INSUFFANESTH,INTUBATION,KINKEDTUBE",0.0
PRESS,VENTTUBE,"INSUFFANESTH,INTUBATION,KINKEDTUBE",0.0
PRESS,VENTTUBE,"INSUFFANESTH,INTUBATION,KINKEDTUBE",0.0
PRESS,VENTTUBE,"INSUFFANESTH,INTUBATION,KINKEDTUBE",0.0
PRESS,VENTTUBE,"INSUFFANESTH,INTUBATION,KINKEDTUBE",0.0
PRESS,VENTTUBE,"INSUFFANESTH,INTUBATION,KINKEDTUBE",0.0
PRESS,VENTLUNG,"INTUBATION,MINVOL,VENTALV",0.9937929574725555
PRESS,VENTLUNG,"INTUBATION,MINVOL,VENTALV",0.9937929574725555
PRESS,VENTLUNG,"INTUBATION,MINVOL,VENTALV",0.9937929574725555
PRESS,VENTALV,"INTUBATION,MINVOL,VENTLUNG",0.9999999999978635
PRESS,VENTALV,"INTUBATION,MINVOL,VENTLUNG",0.9999999999978635
PRESS,VENTALV,"INTUBATION,MINVOL,VENTLUNG",0.9999999999978635
VENTTUBE,VENTLUNG,"MINVOLSET,PRESS,VENTMACH",0.0
VENTTUBE,VENTLUNG,"MINVOLSET,PRESS,VENTMACH",0.0
VENTTUBE,VENTLUNG,"MINVOLSET,PRESS,VENTMACH",0.0
VENTTUBE,VENTLUNG,"MINVOLSET,PRESS,VENTMACH",0.0
VENTTUBE,VENTLUNG,"MINVOLSET,PRESS,VENTMACH",0.0
VENTTUBE,VENTLUNG,"MINVOLSET,PRESS,VENTMACH",0.0
VENTTUBE,VENTLUNG,"MINVOLSET,PRESS,VENTMACH",0.0
VENTTUBE,VENTLUNG,"MINVOLSET,PRESS,VENTMACH",0.0
VENTTUBE,VENTLUNG,"MINVOLSET,PRESS,VENTMACH",0.0
VENTTUBE,VENTLUNG,"MINVOLSET,PRESS,VENTMACH",0.0
VENTTUBE,VENTLUNG,"MINVOLSET,PRESS,VENTMACH",0.0
VENTTUBE,VENTLUNG,"MINVOLSET,PRESS,VENTMACH",0.0
VENTTUBE,VENTLUNG,"MINVOLSET,PRESS,VENTMACH",0.0
VENTTUBE,VENTLUNG,"MINVOLSET,PRESS,VENTMACH",0.0
VENTTUBE,VENTLUNG,"MINVOLSET,PRESS,VENTMACH",0.0
VENTTUBE,VENTLUNG,"MINVOLSET,PRESS,VENTMACH",0.0
VENTTUBE,VENTLUNG,"MINVOLSET,PRESS,VENTMACH",0.0
VENTTUBE,VENTLUNG,"MINVOLSET,PRESS,VENTMACH",0.0
VENTTUBE,VENTLUNG,"MINVOLSET,PRESS,VENTMACH",0.0
VENTTUBE,VENTLUNG,"MINVOLSET,PRESS,VENTMACH",0.0
VENTTUBE,VENTLUNG,"MINVOLSET,PRESS,VENTMACH",0.0
VENTTUBE,VENTLUNG,"MINVOLSET,PRESS,VENTMACH",0.0
VENTTUBE,VENTLUNG,"MINVOLSET,PRESS,VENTMACH",0.0
VENTTUBE,VENTLUNG,"MINVOLSET,PRESS,VENTMACH",0.0
VENTTUBE,VENTLUNG,"MINVOLSET,PRESS,VENTMACH",0.0
VENTTUBE,VENTLUNG,"MINVOLSET,PRESS,VENTMACH",0.0
VENTTUBE,VENTLUNG,"MINVOLSET,PRESS,VENTMACH",0.0
VENTTUBE,VENTLUNG,"MINVOLSET,PRESS,VENTMACH",0.0
VENTTUBE,VENTLUNG,"MINVOLSET,PRESS,VENTMACH",0.0
VENTTUBE,VENTLUNG,"MINVOLSET,PRESS,VENTMACH",0.0
VENTTUBE,VENTLUNG,"MINVOLSET,PRESS,VENTMACH",0.0
VENTTUBE,VENTLUNG,"MINVOLSET,PRESS,VENTMACH",0.0
VENTTUBE,VENTLUNG,"MINVOLSET,PRESS,VENTMACH",0.0
VENTTUBE,VENTLUNG,"MINVOLSET,PRESS,VENTMACH",0.0
VENTTUBE,VENTLUNG,"MINVOLSET,PRESS,VENTMACH",0.0
VENTTUBE,VENTALV,"MINVOLSET,PRESS,VENTMACH",0.0
VENTTUBE,VENTALV,"MINVOLSET,PRESS,VENTMACH",0.0
VENTTUBE,VENTALV,"MINVOLSET,PRESS,VENTMACH",0.0
VENTTUBE,VENTALV,"MINVOLSET,PRESS,VENTMACH",0.0
VENTTUBE,VENTALV,"MINVOLSET,PRESS,VENTMACH",0.0
VENTTUBE,VENTALV,"MINVOLSET,PRESS,VENTMACH",0.0
VENTTUBE,VENTALV,"MINVOLSET,PRESS,VENTMACH",0.0
VENTTUBE,VENTALV,"MINVOLSET,PRESS,VENTMACH",0.0
VENTTUBE,VENTALV,"MINVOLSET,PRESS,VENTMACH",0.0
VENTTUBE,VENTALV,"MINVOLSET,PRESS,VENTMACH",0.0
VENTTUBE,VENTALV,"MINVOLSET,PRESS,VENTMACH",0.0
VENTTUBE,VENTALV,"MINVOLSET,PRESS,VENTMACH",0.0
VENTTUBE,VENTALV,"MINVOLSET,PRESS,VENTMACH",0.0
VENTTUBE,VENTALV,"MINVOLSET,PRESS,VENTMACH",0.0
VENTTUBE,VENTALV,"MINVOLSET,PRESS,VENTMACH",0.0
VENTTUBE,VENTALV,"MINVOLSET,PRESS,VENTMACH",0.0
VENTTUBE,VENTALV,"MINVOLSET,PRESS,VENTMACH",0.0
VENTTUBE,VENTALV,"MINVOLSET,PRESS,VENTMACH",0.0
VENTTUBE,VENTALV,"MINVOLSET,PRESS,VENTMACH",0.0
VENTTUBE,VENTALV,"MINVOLSET,PRESS,VENTMACH",0.0
VENTTUBE,VENTALV,"MINVOLSET,PRESS,VENTMACH",0.0
VENTTUBE,VENTALV,"MINVOLSET,PRESS,VENTMACH",0.0
VENTTUBE,VENTALV,"MINVOLSET,PRESS,VENTMACH",0.0
VENTTUBE,VENTALV,"MINVOLSET,PRESS,VENTMACH",0.0
VENTTUBE,VENTALV,"MINVOLSET,PRESS,VENTMACH",0.0
VENTTUBE,VENTALV,"MINVOLSET,PRESS,VENTMACH",0.0
VENTTUBE,VENTALV,"MINVOLSET,PRESS,VENTMACH",0.0
VENTTUBE,VENTALV,"MINVOLSET,PRESS,VENTMACH",0.0
VENTTUBE,VENTALV,"MINVOLSET,PRESS,VENTMACH",0.0
VENTTUBE,VENTALV,"MINVOLSET,PRESS,VENTMACH",0.0
VENTTUBE,VENTALV,"MINVOLSET,PRESS,VENTMACH",0.0
VENTTUBE,VENTALV,"MINVOLSET,PRESS,VENTMACH",0.0
VENTTUBE,VENTALV,"MINVOLSET,PRESS,VENTMACH",0.0
VENTTUBE,VENTALV,"MINVOLSET,PRESS,VENTMACH",0.0
VENTTUBE,VENTALV,"MINVOLSET,PRESS,VENTMACH",0.0
VENTLUNG,VENTALV,"INTUBATION,MINVOLSET,VENTTUBE",0.0
VENTLUNG,VENTALV,"INTUBATION,MINVOLSET,VENTTUBE",0.0
VENTLUNG,VENTALV,"INTUBATION,MINVOLSET,VENTTUBE",0.0
VENTLUNG,VENTALV,"INTUBATION,MINVOLSET,VENTTUBE",0.0
VENTLUNG,VENTALV,"INTUBATION,MINVOLSET,VENTTUBE",0.0
VENTLUNG,VENTALV,"INTUBATION,MINVOLSET,VENTTUBE",0.0
VENTLUNG,VENTALV,"INTUBATION,MINVOLSET,VENTTUBE",0.0
VENTLUNG,VENTALV,"INTUBATION,MINVOLSET,VENTTUBE",0.0
VENTLUNG,VENTALV,"INTUBATION,MINVOLSET,VENTTUBE",0.0
VENTLUNG,VENTALV,"INTUBATION,MINVOLSET,VENTTUBE",0.0
VENTLUNG,VENTALV,"INTUBATION,MINVOLSET,VENTTUBE",0.0
VENTLUNG,VENTALV,"INTUBATION,MINVOLSET,VENTTUBE",0.0
VENTLUNG,VENTALV,"INTUBATION,MINVOLSET,VENTTUBE",0.0
VENTLUNG,VENTALV,"INTUBATION,MINVOLSET,VENTTUBE",0.0
VENTLUNG,VENTALV,"INTUBATION,MINVOLSET,VENTTUBE",0.0
VENTLUNG,VENTALV,"INTUBATION,MINVOLSET,VENTTUBE",0.0
VENTLUNG,VENTALV,"INTUBATION,MINVOLSET,VENTTUBE",0.0
VENTLUNG,VENTALV,"INTUBATION,MINVOLSET,VENTTUBE",0.0
VENTLUNG,VENTALV,"INTUBATION,MINVOLSET,VENTTUBE",0.0
VENTLUNG,VENTALV,"INTUBATION,MINVOLSET,VENTTUBE",0.0
VENTLUNG,VENTALV,"INTUBATION,MINVOLSET,VENTTUBE",0.0
VENTLUNG,VENTALV,"INTUBATION,MINVOLSET,VENTTUBE",0.0
VENTLUNG,VENTALV,"INTUBATION,MINVOLSET,VENTTUBE",0.0
VENTLUNG,VENTALV,"INTUBATION,MINVOLSET,VENTTUBE",0.0
VENTLUNG,VENTALV,"INTUBATION,MINVOLSET,VENTTUBE",0.0
VENTLUNG,VENTALV,"INTUBATION,MINVOLSET,VENTTUBE",0.0
VENTLUNG,VENTALV,"INTUBATION,MINVOLSET,VENTTUBE",0.0
VENTLUNG,VENTALV,"INTUBATION,MINVOLSET,VENTTUBE",0.0
VENTLUNG,VENTALV,"INTUBATION,MINVOLSET,VENTTUBE",0.0
VENTLUNG,VENTALV,"INTUBATION,MINVOLSET,VENTTUBE",0.0
VENTLUNG,VENTALV,"INTUBATION,MINVOLSET,VENTTUBE",0.0
VENTLUNG,VENTALV,"INTUBATION,MINVOLSET,VENTTUBE",0.0
VENTLUNG,VENTALV,"INTUBATION,MINVOLSET,VENTTUBE",0.0
VENTLUNG,VENTALV,"INTUBATION,MINVOLSET,VENTTUBE",0.0
VENTLUNG,VENTALV,"INTUBATION,MINVOLSET,VENTTUBE",0.0
VENTLUNG,VENTALV,"INTUBATION,MINVOLSET,VENTTUBE",0.0
VENTLUNG,VENTALV,"INTUBATION,MINVOLSET,VENTTUBE",0.0
VENTLUNG,VENTALV,"INTUBATION,MINVOLSET,VENTTUBE",0.0
VENTLUNG,VENTALV,"INTUBATION,MINVOLSET,VENTTUBE",0.0
VENTLUNG,VENTALV,"INTUBATION,MINVOLSET,VENTTUBE",0.0
VENTLUNG,VENTALV,"INTUBATION,MINVOLSET,VENTTUBE",0.0
VENTLUNG,VENTALV,"INTUBATION,MINVOLSET,VENTTUBE",0.0
VENTLUNG,VENTALV,"INTUBATION,MINVOLSET,VENTTUBE",0.0
VENTLUNG,VENTALV,"INTUBATION,MINVOLSET,VENTTUBE",0.0
VENTLUNG,VENTALV,"INTUBATION,MINVOLSET,VENTTUBE",0.0
VENTLUNG,VENTALV,"INTUBATION,MINVOLSET,VENTTUBE",0.0
VENTLUNG,VENTALV,"INTUBATION,MINVOLSET,VENTTUBE",0.0
VENTLUNG,VENTALV,"INTUBATION,MINVOLSET,VENTTUBE",0.0
VENTLUNG,VENTALV,"INTUBATION,MINVOLSET,VENTTUBE",0.0
VENTLUNG,VENTALV,"INTUBATION,MINVOLSET,VENTTUBE",0.0
VENTLUNG,VENTALV,"INTUBATION,MINVOLSET,VENTTUBE",0.0
VENTLUNG,VENTALV,"INTUBATION,MINVOLSET,VENTTUBE",0.0
VENTLUNG,VENTALV,"INTUBATION,MINVOLSET,VENTTUBE",0.0
VENTLUNG,VENTALV,"INTUBATION,MINVOLSET,VENTTUBE",0.0
VENTLUNG,VENTALV,"INTUBATION,MINVOLSET,VENTTUBE",0.0
VENTLUNG,VENTALV,"INTUBATION,MINVOLSET,VENTTUBE",0.0
VENTLUNG,VENTALV,"INTUBATION,MINVOLSET,VENTTUBE",0.0
VENTLUNG,VENTALV,"INTUBATION,MINVOLSET,VENTTUBE",0.0
VENTLUNG,VENTALV,"INTUBATION,MINVOLSET,VENTTUBE",0.0
VENTLUNG,VENTALV,"INTUBATION,MINVOLSET,VENTTUBE",0.0
VENTLUNG,VENTALV,"INTUBATION,MINVOLSET,VENTTUBE",0.0
VENTLUNG,VENTALV,"INTUBATION,MINVOLSET,VENTTUBE",0.0
VENTLUNG,VENTALV,"INTUBATION,MINVOLSET,VENTTUBE",0.0
VENTLUNG,VENTALV,"INTUBATION,MINVOLSET,VENTTUBE",0.0
VENTLUNG,VENTALV,"INTUBATION,MINVOLSET,VENTTUBE",0.0
VENTLUNG,VENTALV,"INTUBATION,MINVOLSET,VENTTUBE",0.0
VENTLUNG,VENTALV,"INTUBATION,MINVOLSET,VENTTUBE",0.0
VENTLUNG,VENTALV,"INTUBATION,MINVOLSET,VENTTUBE",0.0
VENTLUNG,VENTALV,"INTUBATION,MINVOLSET,VENTTUBE",0.0
VENTLUNG,VENTALV,"INTUBATION,MINVOLSET,VENTTUBE",0.0
VENTLUNG,VENTALV,"INTUBATION,MINVOLSET,VENTTUBE",0.0
VENTLUNG,VENTALV,"INTUBATION,MINVOLSET,VENTTUBE",0.0
VENTLUNG,VENTALV,"INTUBATION,MINVOLSET,VENTTUBE",0.0
VENTLUNG,VENTALV,"INTUBATION,MINVOLSET,VENTTUBE",0.0
VENTLUNG,VENTALV,"INTUBATION,MINVOLSET,VENTTUBE",0.0
VENTLUNG,VENTALV,"INTUBATION,MINVOLSET,VENTTUBE",0.0
VENTLUNG,VENTALV,"INTUBATION,MINVOLSET,VENTTUBE",0.0
VENTLUNG,VENTALV,"INTUBATION,MINVOLSET,VENTTUBE",0.0
VENTLUNG,VENTALV,"INTUBATION,MINVOLSET,VENTTUBE",0.0
VENTLUNG,VENTALV,"INTUBATION,MINVOLSET,VENTTUBE",0.0
VENTLUNG,VENTALV,"INTUBATION,MINVOLSET,VENTTUBE",0.0
VENTLUNG,VENTALV,"INTUBATION,MINVOLSET,VENTTUBE",0.0
VENTLUNG,VENTALV,"INTUBATION,MINVOLSET,VENTTUBE",0.0
VENTLUNG,VENTALV,"INTUBATION,MINVOLSET,VENTTUBE",0.0
VENTLUNG,VENTALV,"INTUBATION,MINVOLSET,VENTTUBE",0.0
VENTLUNG,VENTALV,"INTUBATION,MINVOLSET,VENTTUBE",0.0
VENTLUNG,VENTALV,"INTUBATION,MINVOLSET,VENTTUBE",0.0
VENTLUNG,VENTALV,"INTUBATION,MINVOLSET,VENTTUBE",0.0
VENTLUNG,VENTALV,"INTUBATION,MINVOLSET,VENTTUBE",0.0
VENTLUNG,VENTALV,"INTUBATION,MINVOLSET,VENTTUBE",0.0
VENTLUNG,VENTALV,"INTUBATION,MINVOLSET,VENTTUBE",0.0
VENTLUNG,VENTALV,"INTUBATION,MINVOLSET,VENTTUBE",0.0
VENTLUNG,VENTALV,"INTUBATION,MINVOLSET,VENTTUBE",0.0
VENTLUNG,VENTALV,"INTUBATION,MINVOLSET,VENTTUBE",0.0
VENTLUNG,VENTALV,"INTUBATION,MINVOLSET,VENTTUBE",0.0
VENTLUNG,VENTALV,"INTUBATION,MINVOLSET,VENTTUBE",0.0
VENTLUNG,VENTALV,"INTUBATION,MINVOLSET,VENTTUBE",0.0
VENTLUNG,VENTALV,"INTUBATION,MINVOLSET,VENTTUBE",0.0
VENTLUNG,VENTALV,"INTUBATION,MINVOLSET,VENTTUBE",0.0
VENTLUNG,VENTALV,"INTUBATION,MINVOLSET,VENTTUBE",0.0
VENTLUNG,VENTALV,"INTUBATION,MINVOLSET,VENTTUBE",0.0
VENTLUNG,VENTALV,"INTUBATION,MINVOLSET,VENTTUBE",0.0
VENTLUNG,VENTALV,"INTUBATION,MINVOLSET,VENTTUBE",0.0
VENTLUNG,VENTALV,"INTUBATION,MINVOLSET,VENTTUBE",0.0
VENTLUNG,VENTALV,"INTUBATION,MINVOLSET,VENTTUBE",0.0
VENTLUNG,VENTALV,"INTUBATION,MINVOLSET,VENTTUBE",0.0
VENTLUNG,VENTALV,"INTUBATION,MINVOLSET,VENTTUBE",0.0
VENTLUNG,VENTALV,"INTUBATION,MINVOLSET,VENTTUBE",0.0
VENTLUNG,VENTALV,"INTUBATION,MINVOLSET,VENTTUBE",0.0
VENTLUNG,VENTALV,"INTUBATION,MINVOLSET,VENTTUBE",0.0
VENTLUNG,VENTALV,"INTUBATION,MINVOLSET,VENTTUBE",0.0
VENTLUNG,VENTALV,"INTUBATION,MINVOLSET,VENTTUBE",0.0
VENTLUNG,VENTALV,"INTUBATION,MINVOLSET,VENTTUBE",0.0
VENTLUNG,VENTALV,"INTUBATION,MINVOLSET,VENTTUBE",0.0
VENTLUNG,VENTALV,"INTUBATION,MINVOLSET,VENTTUBE",0.0
VENTLUNG,VENTALV,"INTUBATION,MINVOLSET,VENTTUBE",0.0
VENTLUNG,VENTALV,"INTUBATION,MINVOLSET,VENTTUBE",0.0
VENTLUNG,VENTALV,"INTUBATION,MINVOLSET,VENTTUBE",0.0
VENTLUNG,VENTALV,"INTUBATION,MINVOLSET,VENTTUBE",0.0
VENTLUNG,VENTALV,"INTUBATION,MINVOLSET,VENTTUBE",0.0
VENTALV,ARTCO2,"INTUBATION,KINKEDTUBE,VENTTUBE",0.0
VENTALV,ARTCO2,"INTUBATION,KINKEDTUBE,VENTTUBE",0.0
VENTALV,ARTCO2,"INTUBATION,KINKEDTUBE,VENTTUBE",0.0
VENTALV,ARTCO2,"INTUBATION,KINKEDTUBE,VENTTUBE",0.0
VENTALV,ARTCO2,"INTUBATION,KINKEDTUBE,VENTTUBE",0.0
VENTALV,ARTCO2,"INTUBATION,KINKEDTUBE,VENTTUBE",0.0
VENTALV,ARTCO2,"INTUBATION,KINKEDTUBE,VENTTUBE",0.0
VENTALV,ARTCO2,"INTUBATION,KINKEDTUBE,VENTTUBE",0.0
VENTALV,ARTCO2,"INTUBATION,KINKEDTUBE,VENTTUBE",0.0
VENTALV,ARTCO2,"INTUBATION,KINKEDTUBE,VENTTUBE",0.0
VENTALV,ARTCO2,"INTUBATION,KINKEDTUBE,VENTTUBE",0.0
VENTALV,ARTCO2,"INTUBATION,KINKEDTUBE,VENTTUBE",0.0
VENTALV,ARTCO2,"INTUBATION,KINKEDTUBE,VENTTUBE",0.0
VENTALV,ARTCO2,"INTUBATION,KINKEDTUBE,VENTTUBE",0.0
VENTALV,ARTCO2,"INTUBATION,KINKEDTUBE,VENTTUBE",0.0
VENTALV,ARTCO2,"INTUBATION,KINKEDTUBE,VENTTUBE",0.0
VENTALV,ARTCO2,"INTUBATION,KINKEDTUBE,VENTTUBE",0.0
VENTALV,ARTCO2,"INTUBATION,KINKEDTUBE,VENTTUBE",0.0
VENTALV,ARTCO2,"INTUBATION,KINKEDTUBE,VENTTUBE",0.0
VENTALV,ARTCO2,"INTUBATION,KINKEDTUBE,VENTTUBE",0.0
VENTALV,ARTCO2,"INTUBATION,KINKEDTUBE,VENTTUBE",0.0
VENTALV,ARTCO2,"INTUBATION,KINKEDTUBE,VENTTUBE",0.0
VENTALV,ARTCO2,"INTUBATION,KINKEDTUBE,VENTTUBE",0.0
VENTALV,ARTCO2,"INTUBATION,KINKEDTUBE,VENTTUBE",0.0
VENTALV,ARTCO2,"INTUBATION,KINKEDTUBE,VENTTUBE",0.0
VENTALV,ARTCO2,"INTUBATION,KINKEDTUBE,VENTTUBE",0.0
VENTALV,ARTCO2,"INTUBATION,KINKEDTUBE,VENTTUBE",0.0
VENTALV,ARTCO2,"INTUBATION,KINKEDTUBE,VENTTUBE",0.0
VENTALV,ARTCO2,"INTUBATION,KINKEDTUBE,VENTTUBE",0.0
VENTALV,ARTCO2,"INTUBATION,KINKEDTUBE,VENTTUBE",0.0
VENTALV,ARTCO2,"INTUBATION,KINKEDTUBE,VENTTUBE",0.0
VENTALV,ARTCO2,"INTUBATION,KINKEDTUBE,VENTTUBE",0.0
VENTALV,ARTCO2,"INTUBATION,KINKEDTUBE,VENTTUBE",0.0
VENTALV,ARTCO2,"INTUBATION,KINKEDTUBE,VENTTUBE",0.0
VENTALV,ARTCO2,"INTUBATION,KINKEDTUBE,VENTTUBE",0.0
VENTALV,ARTCO2,"INTUBATION,KINKEDTUBE,VENTTUBE",0.0
VENTALV,ARTCO2,"INTUBATION,KINKEDTUBE,VENTTUBE",0.0
VENTALV,ARTCO2,"INTUBATION,KINKEDTUBE,VENTTUBE",0.0
VENTALV,ARTCO2,"INTUBATION,KINKEDTUBE,VENTTUBE",0.0
VENTALV,ARTCO2,"INTUBATION,KINKEDTUBE,VENTTUBE",0.0
VENTALV,ARTCO2,"INTUBATION,KINKEDTUBE,VENTTUBE",0.0
VENTALV,ARTCO2,"INTUBATION,KINKEDTUBE,VENTTUBE",0.0
VENTALV,ARTCO2,"INTUBATION,KINKEDTUBE,VENTTUBE",0.0
VENTALV,ARTCO2,"INTUBATION,KINKEDTUBE,VENTTUBE",0.0
VENTALV,ARTCO2,"INTUBATION,KINKEDTUBE,VENTTUBE",0.0
VENTALV,ARTCO2,"INTUBATION,KINKEDTUBE,VENTTUBE",0.0
VENTALV,ARTCO2,"INTUBATION,KINKEDTUBE,VENTTUBE",0.0
VENTALV,ARTCO2,"INTUBATION,KINKEDTUBE,VENTTUBE",0.0
VENTALV,ARTCO2,"INTUBATION,KINKEDTUBE,VENTTUBE",0.0
VENTALV,ARTCO2,"INTUBATION,KINKEDTUBE,VENTTUBE",0.0
VENTALV,ARTCO2,"INTUBATION,KINKEDTUBE,VENTTUBE",0.0
VENTALV,ARTCO2,"INTUBATION,KINKEDTUBE,VENTTUBE",0.0
VENTALV,ARTCO2,"INTUBATION,KINKEDTUBE,VENTTUBE",0.0
VENTALV,ARTCO2,"INTUBATION,KINKEDTUBE,VENTTUBE",0.0
VENTALV,ARTCO2,"INTUBATION,KINKEDTUBE,VENTTUBE",0.0
VENTALV,ARTCO2,"INTUBATION,KINKEDTUBE,VENTTUBE",0.0
VENTALV,ARTCO2,"INTUBATION,KINKEDTUBE,VENTTUBE",0.0
VENTALV,ARTCO2,"INTUBATION,KINKEDTUBE,VENTTUBE",0.0
VENTALV,ARTCO2,"INTUBATION,KINKEDTUBE,VENTTUBE",0.0
VENTALV,ARTCO2,"INTUBATION,KINKEDTUBE,VENTTUBE",0.0
VENTALV,ARTCO2,"INTUBATION,KINKEDTUBE,VENTTUBE",0.0
VENTALV,ARTCO2,"INTUBATION,KINKEDTUBE,VENTTUBE",0.0
VENTALV,ARTCO2,"INTUBATION,KINKEDTUBE,VENTTUBE",0.0
VENTALV,ARTCO2,"INTUBATION,KINKEDTUBE,VENTTUBE",0.0
VENTALV,ARTCO2,"INTUBATION,KINKEDTUBE,VENTTUBE",0.0
VENTALV,ARTCO2,"INTUBATION,KINKEDTUBE,VENTTUBE",0.0
VENTALV,ARTCO2,"INTUBATION,KINKEDTUBE,VENTTUBE",0.0
VENTALV,ARTCO2,"INTUBATION,KINKEDTUBE,VENTTUBE",0.0
VENTALV,ARTCO2,"INTUBATION,KINKEDTUBE,VENTTUBE",0.0
VENTALV,ARTCO2,"INTUBATION,KINKEDTUBE,VENTTUBE",0.0
VENTALV,ARTCO2,"INTUBATION,KINKEDTUBE,VENTTUBE",0.0
VENTALV,ARTCO2,"INTUBATION,KINKEDTUBE,VENTTUBE",0.0
VENTALV,ARTCO2,"INTUBATION,KINKEDTUBE,VENTTUBE",0.0
VENTALV,ARTCO2,"INTUBATION,KINKEDTUBE,VENTTUBE",0.0
VENTALV,ARTCO2,"INTUBATION,KINKEDTUBE,VENTTUBE",0.0
VENTALV,ARTCO2,"INTUBATION,KINKEDTUBE,VENTTUBE",0.0
VENTALV,ARTCO2,"INTUBATION,KINKEDTUBE,VENTTUBE",0.0
VENTALV,ARTCO2,"INTUBATION,KINKEDTUBE,VENTTUBE",0.0
VENTALV,ARTCO2,"INTUBATION,KINKEDTUBE,VENTTUBE",0.0
VENTALV,ARTCO2,"INTUBATION,KINKEDTUBE,VENTTUBE",0.0
VENTALV,ARTCO2,"INTUBATION,KINKEDTUBE,VENTTUBE",0.0
VENTALV,ARTCO2,"INTUBATION,KINKEDTUBE,VENTTUBE",0.0
VENTALV,ARTCO2,"INTUBATION,KINKEDTUBE,VENTTUBE",0.0
VENTALV,ARTCO2,"INTUBATION,KINKEDTUBE,VENTTUBE",0.0
ARTCO2,CATECHOL,"EXPCO2,INTUBATION,PVSAT",1.501398115831185e-33
ARTCO2,CATECHOL,"EXPCO2,INTUBATION,PVSAT",1.501398115831185e-33
ARTCO2,CATECHOL,"EXPCO2,INTUBATION,PVSAT",1.501398115831185e-33
ARTCO2,CATECHOL,"EXPCO2,INTUBATION,PVSAT",1.501398115831185e-33
CATECHOL,HR,"ARTCO2,SAO2,TPR",0.0
HR,CO,"CATECHOL,HREKG,HRSAT",3.582349428524874e-199
HR,CO,"CATECHOL,HREKG,HRSAT",3.582349428524874e-199
HR,CO,"CATECHOL,HREKG,HRSAT",3.582349428524874e-199
HR,CO,"CATECHOL,HREKG,HRSAT",3.582349428524874e-199
