node_i,node_j,condition,p_value
HISTORY,CVP,,0.0
HISTORY,PCWP,,0.0
HISTORY,HYPOVOLEMIA,,0.5915638186950464
HISTORY,LVEDVOLUME,,0.0
HISTORY,LVFAILURE,,0.0
HISTORY,STROKEVOLUME,,0.0
HISTORY,ERRLOWOUTPUT,,0.8824632012660164
HISTORY,HRBP,,0.016751113313485447
HISTORY,HREKG,,0.07027016591616429
HISTORY,ERRCAUTER,,0.72745904785271
HISTORY,HRSAT,,0.01703405932119398
HISTORY,INSUFFANESTH,,0.20560056655029868
HISTORY,ANAPHYLAXIS,,0.9527078513172954
HISTORY,TPR,,0.4101339274482033
HISTORY,EXPCO2,,0.8331556661198914
HISTORY,KINKEDTUBE,,0.6406224782135188
HISTORY,MINVOL,,0.07107441524947325
HISTORY,FIO2,,0.752371401652765
HISTORY,PVSAT,,0.8411755325705652
HISTORY,SAO2,,0.7218261026536533
HISTORY,PAP,,0.4024655994494255
HISTORY,PULMEMBOLUS,,0.14748199374029977
HISTORY,SHUNT,,0.9849764642334008
HISTORY,INTUBATION,,0.5407794699759467
HISTORY,PRESS,,0.19646827506191775
HISTORY,DISCONNECT,,0.31380475144102515
HISTORY,MINVOLSET,,0.7250274836424924
HISTORY,VENTMACH,,0.8328359821652274
HISTORY,VENTTUBE,,0.2754309978939106
HISTORY,VENTLUNG,,0.9942250157786697
HISTORY,VENTALV,,0.3821943138069092
HISTORY,ARTCO2,,0.5388401362570954
HISTORY,CATECHOL,,0.4994439906646281
HISTORY,HR,,0.04249127447622622
HISTORY,CO,,0.0
HISTORY,BP,,2.725252056841095e-81
CVP,PCWP,,0.0
CVP,HYPOVOLEMIA,,0.0
CVP,LVEDVOLUME,,0.0
CVP,LVFAILURE,,0.0
CVP,STROKEVOLUME,,0.0
CVP,ERRLOWOUTPUT,,0.7349540202989823
CVP,HRBP,,0.11295264888835237
CVP,HREKG,,0.011780982693979916
CVP,ERRCAUTER,,0.14045410321405666
CVP,HRSAT,,0.06622275336685769
CVP,INSUFFANESTH,,0.03534941522044894
CVP,ANAPHYLAXIS,,0.7174177616727608
CVP,TPR,,0.6433379593842458
CVP,EXPCO2,,0.9287028909056168
CVP,KINKEDTUBE,,0.09078729726898967
CVP,MINVOL,,0.8772005458685139
CVP,FIO2,,0.5576751098449344
CVP,PVSAT,,0.41871441571127355
CVP,SAO2,,0.5151037286565527
CVP,PAP,,0.8670423944007382
CVP,PULMEMBOLUS,,0.3631970084840668
CVP,SHUNT,,0.49857994535763783
CVP,INTUBATION,,0.874307588501303
CVP,PRESS,,0.5460504725117055
CVP,DISCONNECT,,0.46505928002994457
CVP,MINVOLSET,,0.9352165111661378
CVP,VENTMACH,,0.9457599149623954
CVP,VENTTUBE,,0.353415940153845
CVP,VENTLUNG,,0.8299976187335633
CVP,VENTALV,,0.7115083454721003
CVP,ARTCO2,,0.49812912358788
CVP,CATECHOL,,0.26814536126903676
CVP,HR,,0.031309751767020055
CVP,CO,,0.0
CVP,BP,,1.0599824849332583e-72
PCWP,HYPOVOLEMIA,,0.0
PCWP,LVEDVOLUME,,0.0
PCWP,LVFAILURE,,0.0
PCWP,STROKEVOLUME,,0.0
PCWP,ERRLOWOUTPUT,,0.29215623202443797
PCWP,HRBP,,0.4214165625829194
PCWP,HREKG,,0.03268705604252926
PCWP,ERRCAUTER,,0.12435833755030802
PCWP,HRSAT,,0.17756636668570394
PCWP,INSUFFANESTH,,0.20653451936155373
PCWP,ANAPHYLAXIS,,0.9697749440005886
PCWP,TPR,,0.9068286767930267
PCWP,EXPCO2,,0.62437197205897
PCWP,KINKEDTUBE,,0.5231535576645101
PCWP,MINVOL,,0.24131461424707173
PCWP,FIO2,,0.90020043173255
PCWP,PVSAT,,0.7813624556583637
PCWP,SAO2,,0.5069570281563949
PCWP,PAP,,0.9088249300534686
PCWP,PULMEMBOLUS,,0.5887374032170714
PCWP,SHUNT,,0.5258871975598407
PCWP,INTUBATION,,0.1594989707875635
PCWP,PRESS,,0.8035717818079153
PCWP,DISCONNECT,,0.8920721733966922
PCWP,MINVOLSET,,0.7805274362382638
PCWP,VENTMACH,,0.40068154697986197
PCWP,VENTTUBE,,0.8019902411814502
PCWP,VENTLUNG,,0.8353334982018816
PCWP,VENTALV,,0.26406254565699433
PCWP,ARTCO2,,0.1992600977893109
PCWP,CATECHOL,,0.484400888659248
PCWP,HR,,0.06139137090565929
PCWP,CO,,0.0
PCWP,BP,,1.78859829480556e-89
HYPOVOLEMIA,LVEDVOLUME,,0.0
HYPOVOLEMIA,LVFAILURE,,0.2645300704006215
HYPOVOLEMIA,STROKEVOLUME,,0.0
HYPOVOLEMIA,ERRLOWOUTPUT,,0.5194240935918383
HYPOVOLEMIA,HRBP,,0.26294123301894246
HYPOVOLEMIA,HREKG,,0.15152473972290234
HYPOVOLEMIA,ERRCAUTER,,0.10771139390121734
HYPOVOLEMIA,HRSAT,,0.5875593020551079
HYPOVOLEMIA,INSUFFANESTH,,0.9726130021780803
HYPOVOLEMIA,ANAPHYLAXIS,,0.2763855916673623
HYPOVOLEMIA,TPR,,0.6698650329101117
HYPOVOLEMIA,EXPCO2,,0.7709212871687618
HYPOVOLEMIA,KINKEDTUBE,,0.9006679458319213
HYPOVOLEMIA,MINVOL,,0.48276853906719375
HYPOVOLEMIA,FIO2,,0.10337368202453408
HYPOVOLEMIA,PVSAT,,0.9945970478795473
HYPOVOLEMIA,SAO2,,0.6983013963722926
HYPOVOLEMIA,PAP,,0.591858782638528
HYPOVOLEMIA,PULMEMBOLUS,,0.7800902644887489
HYPOVOLEMIA,SHUNT,,0.06766640948598367
HYPOVOLEMIA,INTUBATION,,0.4708134960427308
HYPOVOLEMIA,PRESS,,0.6471065762896397
HYPOVOLEMIA,DISCONNECT,,0.12481212473126849
HYPOVOLEMIA,MINVOLSET,,0.8036670134205992
HYPOVOLEMIA,VENTMACH,,0.9731515587721755
HYPOVOLEMIA,VENTTUBE,,0.9581250297549974
HYPOVOLEMIA,VENTLUNG,,0.8099944114589392
HYPOVOLEMIA,VENTALV,,0.45662204956508734
HYPOVOLEMIA,ARTCO2,,0.5575174816565218
HYPOVOLEMIA,CATECHOL,,0.5949692597361469
HYPOVOLEMIA,HR,,0.3667616293031395
HYPOVOLEMIA,CO,,0.0
HYPOVOLEMIA,BP,,1.1929006757536174e-105
LVEDVOLUME,LVFAILURE,,0.0
LVEDVOLUME,STROKEVOLUME,,0.0
LVEDVOLUME,ERRLOWOUTPUT,,0.7290891361108565
LVEDVOLUME,HRBP,,0.1520594964384765
LVEDVOLUME,HREKG,,0.012358048001306767
LVEDVOLUME,ERRCAUTER,,0.11218526623771678
LVEDVOLUME,HRSAT,,0.05767968964053688
LVEDVOLUME,INSUFFANESTH,,0.19086963577846874
LVEDVOLUME,ANAPHYLAXIS,,0.9421997517544608
LVEDVOLUME,TPR,,0.6187337763153457
LVEDVOLUME,EXPCO2,,0.9395276656891801
LVEDVOLUME,KINKEDTUBE,,0.6068250188245652
LVEDVOLUME,MINVOL,,0.5008529539496889
LVEDVOLUME,FIO2,,0.8759498920931487
LVEDVOLUME,PVSAT,,0.7268818817729683
LVEDVOLUME,SAO2,,0.6420143828292323
LVEDVOLUME,PAP,,0.7607950121059461
LVEDVOLUME,PULMEMBOLUS,,0.8432051961596226
LVEDVOLUME,SHUNT,,0.5874958292014822
LVEDVOLUME,INTUBATION,,0.7959501134374252
LVEDVOLUME,PRESS,,0.5170977717514151
LVEDVOLUME,DISCONNECT,,0.5973557967922263
LVEDVOLUME,MINVOLSET,,0.834205058543352
LVEDVOLUME,VENTMACH,,0.8671786408552995
LVEDVOLUME,VENTTUBE,,0.8439405413904548
LVEDVOLUME,VENTLUNG,,0.7695821296570483
LVEDVOLUME,VENTALV,,0.5571922628532202
LVEDVOLUME,ARTCO2,,0.4852000636818983
LVEDVOLUME,CATECHOL,,0.5714363325638339
LVEDVOLUME,HR,,0.08883390842834538
LVEDVOLUME,CO,,0.0
LVEDVOLUME,BP,,2.85406772052621e-119
LVFAILURE,STROKEVOLUME,,0.0
LVFAILURE,ERRLOWOUTPUT,,0.992055465681207
LVFAILURE,HRBP,,0.01189517532726128
LVFAILURE,HREKG,,0.1278060468477637
LVFAILURE,ERRCAUTER,,0.4948422921416087
LVFAILURE,HRSAT,,0.046096387527459995
LVFAILURE,INSUFFANESTH,,0.21375854817631665
LVFAILURE,ANAPHYLAXIS,,0.9945359251405508
LVFAILURE,TPR,,0.20906782725838727
LVFAILURE,EXPCO2,,0.9989561755822298
LVFAILURE,KINKEDTUBE,,0.6561548187753978
LVFAILURE,MINVOL,,0.09016680189143872
LVFAILURE,FIO2,,0.7483842707347883
LVFAILURE,PVSAT,,0.8727286289774837
LVFAILURE,SAO2,,0.7887666887900022
LVFAILURE,PAP,,0.13987855033755384
LVFAILURE,PULMEMBOLUS,,0.4228339581377645
LVFAILURE,SHUNT,,0.7753906269634112
LVFAILURE,INTUBATION,,0.6488153853381315
LVFAILURE,PRESS,,0.24083749231647772
LVFAILURE,DISCONNECT,,0.2759023091837297
LVFAILURE,MINVOLSET,,0.8621916671842937
LVFAILURE,VENTMACH,,0.9376918719856413
LVFAILURE,VENTTUBE,,0.41365339520496625
LVFAILURE,VENTLUNG,,0.8921337820505506
LVFAILURE,VENTALV,,0.370966316125813
LVFAILURE,ARTCO2,,0.5156545741856291
LVFAILURE,CATECHOL,,0.6531886746456554
LVFAILURE,HR,,0.05839912275936697
LVFAILURE,CO,,0.0
LVFAILURE,BP,,2.603454495881005e-119
STROKEVOLUME,ERRLOWOUTPUT,,0.932109692599738
STROKEVOLUME,HRBP,,0.18664565735316835
STROKEVOLUME,HREKG,,0.7109539768199938
STROKEVOLUME,ERRCAUTER,,0.5672859290582175
STROKEVOLUME,HRSAT,,0.5074488530384957
STROKEVOLUME,INSUFFANESTH,,0.33916896614731484
STROKEVOLUME,ANAPHYLAXIS,,0.8713324697102858
STROKEVOLUME,TPR,,0.7066283916088645
STROKEVOLUME,EXPCO2,,0.4058136985388076
STROKEVOLUME,KINKEDTUBE,,0.68610815907916
STROKEVOLUME,MINVOL,,0.18033530397044156
STROKEVOLUME,FIO2,,0.6860114193732008
STROKEVOLUME,PVSAT,,0.45996344965728775
STROKEVOLUME,SAO2,,0.6897818249427798
STROKEVOLUME,PAP,,0.6705153600229505
STROKEVOLUME,PULMEMBOLUS,,0.3643937599663891
STROKEVOLUME,SHUNT,,0.7050313459805841
STROKEVOLUME,INTUBATION,,0.9846374458852069
STROKEVOLUME,PRESS,,0.5458266692241791
STROKEVOLUME,DISCONNECT,,0.32770522633807514
STROKEVOLUME,MINVOLSET,,0.48649702388672433
STROKEVOLUME,VENTMACH,,0.29245367118790727
STROKEVOLUME,VENTTUBE,,0.8170547507552
STROKEVOLUME,VENTLUNG,,0.3626862817338463
STROKEVOLUME,VENTALV,,0.318517422250664
STROKEVOLUME,ARTCO2,,0.47884079985171535
STROKEVOLUME,CATECHOL,,0.5094650863248178
STROKEVOLUME,HR,,0.5604959022951868
STROKEVOLUME,CO,,0.0
STROKEVOLUME,BP,,0.0
ERRLOWOUTPUT,HRBP,,0.0
ERRLOWOUTPUT,HREKG,,0.9256439682300805
ERRLOWOUTPUT,ERRCAUTER,,0.8078081379070835
ERRLOWOUTPUT,HRSAT,,0.8623236742580288
ERRLOWOUTPUT,INSUFFANESTH,,0.33092735556886815
ERRLOWOUTPUT,ANAPHYLAXIS,,0.8505174776209712
ERRLOWOUTPUT,TPR,,0.8006570577810211
ERRLOWOUTPUT,EXPCO2,,0.9304687001709016
ERRLOWOUTPUT,KINKEDTUBE,,0.8354407014691929
ERRLOWOUTPUT,MINVOL,,0.9324569279203578
ERRLOWOUTPUT,FIO2,,0.5583744403549324
ERRLOWOUTPUT,PVSAT,,0.9099125917902773
ERRLOWOUTPUT,SAO2,,0.8294462530198752
ERRLOWOUTPUT,PAP,,0.8655053759698674
ERRLOWOUTPUT,PULMEMBOLUS,,0.11493096081559098
ERRLOWOUTPUT,SHUNT,,0.2923737429883107
ERRLOWOUTPUT,INTUBATION,,0.7891417871780524
ERRLOWOUTPUT,PRESS,,0.9453537253814868
ERRLOWOUTPUT,DISCONNECT,,0.35313804400423476
ERRLOWOUTPUT,MINVOLSET,,0.05385487277506745
ERRLOWOUTPUT,VENTMACH,,0.014718796795586542
ERRLOWOUTPUT,VENTTUBE,,0.18995863376867267
ERRLOWOUTPUT,VENTLUNG,,0.963558563345752
ERRLOWOUTPUT,VENTALV,,0.9932377418661528
ERRLOWOUTPUT,ARTCO2,,0.7925012454569231
ERRLOWOUTPUT,CATECHOL,,0.7139609187489058
ERRLOWOUTPUT,HR,,0.8491666475687997
ERRLOWOUTPUT,CO,,0.4524334945509477
ERRLOWOUTPUT,BP,,0.8464983942779312
HRBP,HREKG,,0.0
HRBP,ERRCAUTER,,0.23302413646155704
HRBP,HRSAT,,0.0
HRBP,INSUFFANESTH,,0.2958269204477755
HRBP,ANAPHYLAXIS,,0.3830638847359908
HRBP,TPR,,1.093071977502987e-258
HRBP,EXPCO2,,1.5795204047651102e-18
HRBP,KINKEDTUBE,,0.5364331502130288
HRBP,MINVOL,,5.630346509156514e-148
HRBP,FIO2,,0.2677001277391897
HRBP,PVSAT,,1.3244548646195032e-174
HRBP,SAO2,,2.3722030839853863e-166
HRBP,PAP,,0.5599166432816279
HRBP,PULMEMBOLUS,,0.6753235438320793
HRBP,SHUNT,,0.14252869534262905
HRBP,INTUBATION,,0.08673700978186087
HRBP,PRESS,,0.00015259100168592063
HRBP,DISCONNECT,,2.4805643235013804e-26
HRBP,MINVOLSET,,1.8651056033311963e-25
HRBP,VENTMACH,,6.853949456755663e-42
HRBP,VENTTUBE,,1.4563924785436893e-91
HRBP,VENTLUNG,,1.5036339408878074e-128
HRBP,VENTALV,,1.4061943473196526e-200
HRBP,ARTCO2,,5.037395800098488e-205
HRBP,CATECHOL,,0.0
HRBP,HR,,0.0
HRBP,CO,,0.0
HRBP,BP,,2.1184780582355397e-199
HREKG,ERRCAUTER,,0.0
HREKG,HRSAT,,0.0
HREKG,INSUFFANESTH,,0.7691595212454214
HREKG,ANAPHYLAXIS,,0.4366603446563577
HREKG,TPR,,1.3229618537127394e-235
HREKG,EXPCO2,,3.85531753876321e-14
HREKG,KINKEDTUBE,,0.8506230137233204
HREKG,MINVOL,,2.147868460197637e-140
HREKG,FIO2,,0.08297347682970875
HREKG,PVSAT,,2.816586308666588e-163
HREKG,SAO2,,4.0464835935736296e-151
HREKG,PAP,,0.8674802039623266
HREKG,PULMEMBOLUS,,0.6865246256516695
HREKG,SHUNT,,0.25670351017788295
HREKG,INTUBATION,,0.3395817565511293
HREKG,PRESS,,0.0003166628809442596
HREKG,DISCONNECT,,1.3965655433715911e-24
HREKG,MINVOLSET,,1.0393271183894546e-23
HREKG,VENTMACH,,1.3540875196217983e-36
HREKG,VENTTUBE,,2.3315261360946766e-82
HREKG,VENTLUNG,,1.5872154101130283e-120
HREKG,VENTALV,,1.928494819809971e-183
HREKG,ARTCO2,,1.4189447779437784e-184
HREKG,CATECHOL,,0.0
HREKG,HR,,0.0
HREKG,CO,,0.0
HREKG,BP,,1.402128615871355e-174
ERRCAUTER,HRSAT,,0.0
ERRCAUTER,INSUFFANESTH,,0.8700952805598262
ERRCAUTER,ANAPHYLAXIS,,0.1696542733605627
ERRCAUTER,TPR,,0.37772306678560064
ERRCAUTER,EXPCO2,,0.7227250558618499
ERRCAUTER,KINKEDTUBE,,0.901533342851445
ERRCAUTER,MINVOL,,0.6127976111558002
ERRCAUTER,FIO2,,0.17560059808059744
ERRCAUTER,PVSAT,,0.7404848672379838
ERRCAUTER,SAO2,,0.5997311338707115
ERRCAUTER,PAP,,0.8716690913736439
ERRCAUTER,PULMEMBOLUS,,0.37492505941662324
ERRCAUTER,SHUNT,,0.3589759575003576
ERRCAUTER,INTUBATION,,0.6568832689875609
ERRCAUTER,PRESS,,0.43027052438196467
ERRCAUTER,DISCONNECT,,0.7604620268538236
ERRCAUTER,MINVOLSET,,0.3677733524963399
ERRCAUTER,VENTMACH,,0.33622567140836496
ERRCAUTER,VENTTUBE,,0.16395992173864857
ERRCAUTER,VENTLUNG,,0.5374121919351029
ERRCAUTER,VENTALV,,0.5061004003857115
ERRCAUTER,ARTCO2,,0.7185890300249893
ERRCAUTER,CATECHOL,,0.6297306709336363
ERRCAUTER,HR,,0.6780878465958651
ERRCAUTER,CO,,0.6275369398698455
ERRCAUTER,BP,,0.2785988920175609
HRSAT,INSUFFANESTH,,0.3903826816291105
HRSAT,ANAPHYLAXIS,,0.20030377119325385
HRSAT,TPR,,5.102274434138282e-244
HRSAT,EXPCO2,,4.233593094965455e-18
HRSAT,KINKEDTUBE,,0.7581961961782913
HRSAT,MINVOL,,2.7163098458828976e-142
HRSAT,FIO2,,0.08241440003779288
HRSAT,PVSAT,,1.3022934286397837e-165
HRSAT,SAO2,,7.488070848887883e-155
HRSAT,PAP,,0.4233640832790627
HRSAT,PULMEMBOLUS,,0.38187413895075023
HRSAT,SHUNT,,0.1111248787041727
HRSAT,INTUBATION,,0.13571612270206176
HRSAT,PRESS,,3.944547086767868e-05
HRSAT,DISCONNECT,,9.839502247902793e-25
HRSAT,MINVOLSET,,3.471240599025257e-24
HRSAT,VENTMACH,,8.637893055237739e-39
HRSAT,VENTTUBE,,3.3227267866705053e-84
HRSAT,VENTLUNG,,1.7836259155138523e-121
HRSAT,VENTALV,,2.4583415772083904e-189
HRSAT,ARTCO2,,1.5976862614756776e-191
HRSAT,CATECHOL,,0.0
HRSAT,HR,,0.0
HRSAT,CO,,0.0
HRSAT,BP,,5.814566298916024e-176
INSUFFANESTH,ANAPHYLAXIS,,0.17075373702387842
INSUFFANESTH,TPR,,0.14747687160746906
INSUFFANESTH,EXPCO2,,0.15878668921433087
INSUFFANESTH,KINKEDTUBE,,0.87488255570996
INSUFFANESTH,MINVOL,,0.3399488244680898
INSUFFANESTH,FIO2,,0.5602205465074972
INSUFFANESTH,PVSAT,,0.3282264055685604
INSUFFANESTH,SAO2,,0.18724283584714865
INSUFFANESTH,PAP,,0.7237024246736913
INSUFFANESTH,PULMEMBOLUS,,0.008192674213034157
INSUFFANESTH,SHUNT,,0.42054624338426794
INSUFFANESTH,INTUBATION,,0.13105312399064656
INSUFFANESTH,PRESS,,0.19912586248580866
INSUFFANESTH,DISCONNECT,,0.18534411067462483
INSUFFANESTH,MINVOLSET,,0.5764091032733316
INSUFFANESTH,VENTMACH,,0.9362292509795105
INSUFFANESTH,VENTTUBE,,0.22885856704214916
INSUFFANESTH,VENTLUNG,,0.2569345771477601
INSUFFANESTH,VENTALV,,0.6691365336205058
INSUFFANESTH,ARTCO2,,0.5463936200573329
INSUFFANESTH,CATECHOL,,0.1411020850251818
INSUFFANESTH,HR,,0.08122785720286571
INSUFFANESTH,CO,,0.9339077878009236
INSUFFANESTH,BP,,0.45006820472404707
ANAPHYLAXIS,TPR,,2.4458734477644806e-97
ANAPHYLAXIS,EXPCO2,,0.06479039878605343
ANAPHYLAXIS,KINKEDTUBE,,0.7802703536374893
ANAPHYLAXIS,MINVOL,,0.21238385189880882
ANAPHYLAXIS,FIO2,,0.8644333715282735
ANAPHYLAXIS,PVSAT,,0.3174111631812875
ANAPHYLAXIS,SAO2,,0.3387346853565087
ANAPHYLAXIS,PAP,,0.21638060744323392
ANAPHYLAXIS,PULMEMBOLUS,,0.9776981939577812
ANAPHYLAXIS,SHUNT,,0.9440800743268937
ANAPHYLAXIS,INTUBATION,,0.3224423461635526
ANAPHYLAXIS,PRESS,,0.6783892037277717
ANAPHYLAXIS,DISCONNECT,,0.33539420483195015
ANAPHYLAXIS,MINVOLSET,,0.2960733326374872
ANAPHYLAXIS,VENTMACH,,0.30333535275040635
ANAPHYLAXIS,VENTTUBE,,0.05280231324731204
ANAPHYLAXIS,VENTLUNG,,0.14529562772808005
ANAPHYLAXIS,VENTALV,,0.11962841349590711
ANAPHYLAXIS,ARTCO2,,0.6010426032829758
ANAPHYLAXIS,CATECHOL,,0.0011170733962819175
ANAPHYLAXIS,HR,,0.7426630325153215
ANAPHYLAXIS,CO,,0.47211204879969315
ANAPHYLAXIS,BP,,3.1264455046197257e-55
TPR,EXPCO2,,0.12952586072201097
TPR,KINKEDTUBE,,0.19360853303019185
TPR,MINVOL,,0.09015455246131443
TPR,FIO2,,0.6204399051898086
TPR,PVSAT,,0.6852571030033777
TPR,SAO2,,0.9670818644187457
TPR,PAP,,0.7805619068441795
TPR,PULMEMBOLUS,,0.3176884806210832
TPR,SHUNT,,0.01633143241832386
TPR,INTUBATION,,0.2921789666489198
TPR,PRESS,,0.522703943394663
TPR,DISCONNECT,,0.12519032451319675
TPR,MINVOLSET,,0.5299729045700519
TPR,VENTMACH,,0.6468839748461088
TPR,VENTTUBE,,0.3381101914078655
TPR,VENTLUNG,,0.30305555896696346
TPR,VENTALV,,0.1495796294780469
TPR,ARTCO2,,0.8259802182765043
TPR,CATECHOL,,0.0
TPR,HR,,8.797759512338022e-292
TPR,CO,,2.6941567501841885e-148
TPR,BP,,0.0
EXPCO2,KINKEDTUBE,,2.832772586555475e-08
EXPCO2,MINVOL,,0.0
EXPCO2,FIO2,,0.7234017319782005
EXPCO2,PVSAT,,5.19705111773496e-159
EXPCO2,SAO2,,3.5053975072798356e-138
EXPCO2,PAP,,0.31876587337207113
EXPCO2,PULMEMBOLUS,,0.9711706971351738
EXPCO2,SHUNT,,6.682606673442273e-181
EXPCO2,INTUBATION,,0.0
EXPCO2,PRESS,,8.735490277620729e-102
EXPCO2,DISCONNECT,,6.063024595593144e-24
EXPCO2,MINVOLSET,,2.85529604096215e-43
EXPCO2,VENTMACH,,7.628899266236114e-65
EXPCO2,VENTTUBE,,0.0
EXPCO2,VENTLUNG,,0.0
EXPCO2,VENTALV,,0.0
EXPCO2,ARTCO2,,0.0
EXPCO2,CATECHOL,,7.704552386849474e-44
EXPCO2,HR,,1.0345943715983218e-21
EXPCO2,CO,,5.061824672885934e-16
EXPCO2,BP,,0.11317094618286808
KINKEDTUBE,MINVOL,,4.991755394450125e-54
KINKEDTUBE,FIO2,,0.8674457370774086
KINKEDTUBE,PVSAT,,1.1692065557604755e-47
KINKEDTUBE,SAO2,,1.2847671518567664e-38
KINKEDTUBE,PAP,,0.991308632656782
KINKEDTUBE,PULMEMBOLUS,,0.7265432642630485
KINKEDTUBE,SHUNT,,0.18655765677697342
KINKEDTUBE,INTUBATION,,0.6509116976400178
KINKEDTUBE,PRESS,,1.7565696802087477e-164
KINKEDTUBE,DISCONNECT,,0.048740834740217204
KINKEDTUBE,MINVOLSET,,0.7008588456819153
KINKEDTUBE,VENTMACH,,0.916602717986013
KINKEDTUBE,VENTTUBE,,0.7564915209798666
KINKEDTUBE,VENTLUNG,,1.049338403353572e-69
KINKEDTUBE,VENTALV,,2.129765239977068e-53
KINKEDTUBE,ARTCO2,,1.507205287268958e-44
KINKEDTUBE,CATECHOL,,1.1659055383122272e-05
KINKEDTUBE,HR,,0.2646336320345492
KINKEDTUBE,CO,,0.6291983516346333
KINKEDTUBE,BP,,0.6333379109000598
MINVOL,FIO2,,0.5840439739482344
MINVOL,PVSAT,,0.0
MINVOL,SAO2,,0.0
MINVOL,PAP,,0.13695427133366725
MINVOL,PULMEMBOLUS,,0.7673130745376705
MINVOL,SHUNT,,1.824264739022953e-293
MINVOL,INTUBATION,,0.0
MINVOL,PRESS,,0.0
MINVOL,DISCONNECT,,0.0
MINVOL,MINVOLSET,,0.0
MINVOL,VENTMACH,,0.0
MINVOL,VENTTUBE,,0.0
MINVOL,VENTLUNG,,0.0
MINVOL,VENTALV,,0.0
MINVOL,ARTCO2,,0.0
MINVOL,CATECHOL,,0.0
MINVOL,HR,,2.1460558047938496e-167
MINVOL,CO,,1.4806926353348065e-92
MINVOL,BP,,3.1090377477492266e-19
FIO2,PVSAT,,2.3093995653800196e-177
FIO2,SAO2,,5.6815407848082293e-123
FIO2,PAP,,0.16727228537468755
FIO2,PULMEMBOLUS,,0.21273939767316136
FIO2,SHUNT,,0.10506954641038713
FIO2,INTUBATION,,0.17136153714876365
FIO2,PRESS,,0.7745865167607824
FIO2,DISCONNECT,,0.6534922043912714
FIO2,MINVOLSET,,0.857888089891916
FIO2,VENTMACH,,0.997548524005752
FIO2,VENTTUBE,,0.6815436001577545
FIO2,VENTLUNG,,0.6689184320501447
FIO2,VENTALV,,0.7495371696352893
FIO2,ARTCO2,,0.6875378820741038
FIO2,CATECHOL,,0.28355763558948327
FIO2,HR,,0.3192696032815568
FIO2,CO,,0.20019998519751697
FIO2,BP,,0.6581133628833613
PVSAT,SAO2,,0.0
PVSAT,PAP,,0.7038605514960665
PVSAT,PULMEMBOLUS,,0.12444886497833028
PVSAT,SHUNT,,1.1845327510618548e-22
PVSAT,INTUBATION,,5.042334269258447e-75
PVSAT,PRESS,,4.887043314275999e-164
PVSAT,DISCONNECT,,2.500791516662378e-298
PVSAT,MINVOLSET,,0.0
PVSAT,VENTMACH,,0.0
PVSAT,VENTTUBE,,0.0
PVSAT,VENTLUNG,,0.0
PVSAT,VENTALV,,0.0
PVSAT,ARTCO2,,0.0
PVSAT,CATECHOL,,0.0
PVSAT,HR,,2.6190592429422357e-197
PVSAT,CO,,3.101911239961613e-109
PVSAT,BP,,1.345430798710154e-19
SAO2,PAP,,0.4489315342414616
SAO2,PULMEMBOLUS,,2.750114774758848e-12
SAO2,SHUNT,,8.875617344158298e-151
SAO2,INTUBATION,,4.0279759450986845e-83
SAO2,PRESS,,1.41057707664349e-138
SAO2,DISCONNECT,,3.526921448300389e-268
SAO2,MINVOLSET,,0.0
SAO2,VENTMACH,,0.0
SAO2,VENTTUBE,,0.0
SAO2,VENTLUNG,,0.0
SAO2,VENTALV,,0.0
SAO2,ARTCO2,,0.0
SAO2,CATECHOL,,0.0
SAO2,HR,,4.026154321409181e-188
SAO2,CO,,1.4007198131263201e-98
SAO2,BP,,6.483141001618482e-19
PAP,PULMEMBOLUS,,4.2056023687573927e-150
PAP,SHUNT,,6.842063041943461e-20
PAP,INTUBATION,,0.0834307892653523
PAP,PRESS,,0.9437454951697641
PAP,DISCONNECT,,0.21893096778732915
PAP,MINVOLSET,,0.8449111820703319
PAP,VENTMACH,,0.8377770189248865
PAP,VENTTUBE,,0.5328850583373688
PAP,VENTLUNG,,0.8313667321040767
PAP,VENTALV,,0.30033978063665995
PAP,ARTCO2,,0.8043184749649861
PAP,CATECHOL,,0.5668716260989486
PAP,HR,,0.4808461791449239
PAP,CO,,0.398857027373486
PAP,BP,,0.6554074569606687
PULMEMBOLUS,SHUNT,,2.7690205569663257e-138
PULMEMBOLUS,INTUBATION,,0.9169322789076679
PULMEMBOLUS,PRESS,,0.5036217559761174
PULMEMBOLUS,DISCONNECT,,0.7636879002993928
PULMEMBOLUS,MINVOLSET,,0.1332125131679752
PULMEMBOLUS,VENTMACH,,0.2261534328972833
PULMEMBOLUS,VENTTUBE,,0.6528743706466908
PULMEMBOLUS,VENTLUNG,,0.35424244914853564
PULMEMBOLUS,VENTALV,,0.2384553901627118
PULMEMBOLUS,ARTCO2,,0.4614610244023607
PULMEMBOLUS,CATECHOL,,0.6367108212166355
PULMEMBOLUS,HR,,0.859286494426529
PULMEMBOLUS,CO,,0.8153082219007621
PULMEMBOLUS,BP,,0.6455275438608017
SHUNT,INTUBATION,,0.0
SHUNT,PRESS,,2.2193600495223026e-31
SHUNT,DISCONNECT,,0.6347275957037872
SHUNT,MINVOLSET,,0.22971369345322318
SHUNT,VENTMACH,,0.4395244740208396
SHUNT,VENTTUBE,,0.09935299313837304
SHUNT,VENTLUNG,,1.4843507333892732e-36
SHUNT,VENTALV,,0.0
SHUNT,ARTCO2,,6.438096707276815e-154
SHUNT,CATECHOL,,0.6605042112320277
SHUNT,HR,,0.2622987557490855
SHUNT,CO,,0.15683133846819
SHUNT,BP,,0.9048020172355137
INTUBATION,PRESS,,1.3602820495513507e-222
INTUBATION,DISCONNECT,,0.44020632027401885
INTUBATION,MINVOLSET,,0.2794133887711031
INTUBATION,VENTMACH,,0.5367117519834899
INTUBATION,VENTTUBE,,0.41646778779615684
INTUBATION,VENTLUNG,,1.9221627756976477e-125
INTUBATION,VENTALV,,0.0
INTUBATION,ARTCO2,,6.267594901247556e-302
INTUBATION,CATECHOL,,0.0014754171369266349
INTUBATION,HR,,0.059220731847469434
INTUBATION,CO,,0.3642224304394387
INTUBATION,BP,,0.24763269958016304
PRESS,DISCONNECT,,0.0
PRESS,MINVOLSET,,0.0
PRESS,VENTMACH,,0.0
PRESS,VENTTUBE,,0.0
PRESS,VENTLUNG,,0.0
PRESS,VENTALV,,0.0
PRESS,ARTCO2,,7.857514973604748e-170
PRESS,CATECHOL,,2.644806889997526e-22
PRESS,HR,,7.317229233496624e-07
PRESS,CO,,0.001733531333091703
PRESS,BP,,0.022506175919837636
DISCONNECT,MINVOLSET,,0.9300164323273683
DISCONNECT,VENTMACH,,0.8611268079325585
DISCONNECT,VENTTUBE,,0.0
DISCONNECT,VENTLUNG,,0.0
DISCONNECT,VENTALV,,0.0
DISCONNECT,ARTCO2,,0.0
DISCONNECT,CATECHOL,,5.609561710182198e-52
DISCONNECT,HR,,6.912892634355523e-28
DISCONNECT,CO,,2.456422445131632e-16
DISCONNECT,BP,,0.004165824550602246
MINVOLSET,VENTMACH,,0.0
MINVOLSET,VENTTUBE,,0.0
MINVOLSET,VENTLUNG,,0.0
MINVOLSET,VENTALV,,0.0
MINVOLSET,ARTCO2,,0.0
MINVOLSET,CATECHOL,,6.484488958099972e-61
MINVOLSET,HR,,4.790393505810614e-30
MINVOLSET,CO,,2.1851504858912086e-17
MINVOLSET,BP,,0.003086033883388242
VENTMACH,VENTTUBE,,0.0
VENTMACH,VENTLUNG,,0.0
VENTMACH,VENTALV,,0.0
VENTMACH,ARTCO2,,0.0
VENTMACH,CATECHOL,,1.0561656443591937e-106
VENTMACH,HR,,5.47854148365102e-47
VENTMACH,CO,,6.6883421318084245e-22
VENTMACH,BP,,0.0013369219260840632
VENTTUBE,VENTLUNG,,0.0
VENTTUBE,VENTALV,,0.0
VENTTUBE,ARTCO2,,0.0
VENTTUBE,CATECHOL,,1.6496747197812817e-216
VENTTUBE,HR,,8.741989438630054e-101
VENTTUBE,CO,,8.501858063144762e-51
VENTTUBE,BP,,4.498768081307718e-07
VENTLUNG,VENTALV,,0.0
VENTLUNG,ARTCO2,,0.0
VENTLUNG,CATECHOL,,5.976033942160063e-306
VENTLUNG,HR,,9.756776929554166e-146
VENTLUNG,CO,,1.0713651772536672e-83
VENTLUNG,BP,,3.177610389973484e-16
VENTALV,ARTCO2,,0.0
VENTALV,CATECHOL,,0.0
VENTALV,HR,,2.47344322653599e-226
VENTALV,CO,,2.5447877802579063e-123
VENTALV,BP,,1.2617396822196174e-22
ARTCO2,CATECHOL,,0.0
ARTCO2,HR,,2.4596859656405355e-230
ARTCO2,CO,,1.0223334770301965e-126
ARTCO2,BP,,2.604718933164994e-23
CATECHOL,HR,,0.0
CATECHOL,CO,,0.0
CATECHOL,BP,,3.9985497753448214e-169
HR,CO,,0.0
HR,BP,,3.0822546348731915e-242
CO,BP,,0.0
HISTORY,CVP,LVFAILURE,0.5900033914855947
HISTORY,PCWP,LVFAILURE,0.9896829918141838
HISTORY,LVEDVOLUME,LVFAILURE,0.6617016105419056
HISTORY,LVFAILURE,BP,0.0
HISTORY,LVFAILURE,BP,0.0
HISTORY,LVFAILURE,BP,0.0
HISTORY,LVFAILURE,BP,0.0
HISTORY,LVFAILURE,BP,0.0
HISTORY,LVFAILURE,BP,0.0
HISTORY,LVFAILURE,BP,0.0
HISTORY,LVFAILURE,BP,0.0
HISTORY,LVFAILURE,BP,0.0
HISTORY,STROKEVOLUME,BP,0.0
HISTORY,STROKEVOLUME,BP,0.0
HISTORY,STROKEVOLUME,BP,0.0
HISTORY,STROKEVOLUME,BP,0.0
HISTORY,STROKEVOLUME,BP,0.0
HISTORY,STROKEVOLUME,BP,0.0
HISTORY,STROKEVOLUME,BP,0.0
HISTORY,STROKEVOLUME,BP,0.0
HISTORY,STROKEVOLUME,BP,0.0
HISTORY,HRBP,LVFAILURE,0.05574356880936119
HISTORY,HRSAT,LVFAILURE,0.39037838042118556
HISTORY,HR,LVFAILURE,0.6099076219898694
HISTORY,CO,LVFAILURE,0.42140860975265126
HISTORY,BP,LVFAILURE,0.8104738937376699
CVP,PCWP,LVEDVOLUME,0.05749489230938412
CVP,PCWP,LVEDVOLUME,0.05749489230938412
CVP,PCWP,LVEDVOLUME,0.05749489230938412
CVP,HYPOVOLEMIA,LVEDVOLUME,0.29194008741707866
CVP,HYPOVOLEMIA,LVEDVOLUME,0.29194008741707866
CVP,HYPOVOLEMIA,LVEDVOLUME,0.29194008741707866
CVP,LVEDVOLUME,BP,0.0
CVP,LVEDVOLUME,BP,0.0
CVP,LVEDVOLUME,BP,0.0
CVP,LVEDVOLUME,BP,0.0
CVP,LVEDVOLUME,BP,0.0
CVP,LVEDVOLUME,BP,0.0
CVP,LVEDVOLUME,BP,0.0
CVP,LVEDVOLUME,BP,0.0
CVP,LVEDVOLUME,BP,0.0
CVP,LVEDVOLUME,BP,0.0
CVP,LVFAILURE,LVEDVOLUME,0.1766839344634709
CVP,LVFAILURE,LVEDVOLUME,0.1766839344634709
CVP,STROKEVOLUME,LVEDVOLUME,0.4163927433391625
CVP,STROKEVOLUME,LVEDVOLUME,0.4163927433391625
CVP,STROKEVOLUME,LVEDVOLUME,0.4163927433391625
CVP,HREKG,LVFAILURE,0.10778642697234461
CVP,HREKG,LVFAILURE,0.10778642697234461
CVP,INSUFFANESTH,LVFAILURE,0.23859765445626194
CVP,HR,INSUFFANESTH,0.09158638592520213
CVP,CO,LVEDVOLUME,0.5518231877800406
CVP,CO,LVEDVOLUME,0.5518231877800406
CVP,CO,LVEDVOLUME,0.5518231877800406
CVP,BP,LVEDVOLUME,0.344739865846332
CVP,BP,LVEDVOLUME,0.344739865846332
CVP,BP,LVEDVOLUME,0.344739865846332
PCWP,HYPOVOLEMIA,LVEDVOLUME,0.9947290737168065
PCWP,HYPOVOLEMIA,LVEDVOLUME,0.9947290737168065
PCWP,LVEDVOLUME,BP,0.0
PCWP,LVEDVOLUME,BP,0.0
PCWP,LVEDVOLUME,BP,0.0
PCWP,LVEDVOLUME,BP,0.0
PCWP,LVEDVOLUME,BP,0.0
PCWP,LVEDVOLUME,BP,0.0
PCWP,LVEDVOLUME,BP,0.0
PCWP,LVEDVOLUME,BP,0.0
PCWP,LVFAILURE,LVEDVOLUME,0.2702934432179242
PCWP,STROKEVOLUME,LVEDVOLUME,0.5318523880280883
PCWP,STROKEVOLUME,LVEDVOLUME,0.5318523880280883
PCWP,HREKG,LVEDVOLUME,0.8887635239130324
PCWP,HREKG,LVEDVOLUME,0.8887635239130324
PCWP,CO,LVEDVOLUME,0.9456821444102141
PCWP,CO,LVEDVOLUME,0.9456821444102141
PCWP,BP,LVEDVOLUME,0.8169023030762899
PCWP,BP,LVEDVOLUME,0.8169023030762899
HYPOVOLEMIA,LVEDVOLUME,BP,0.0
HYPOVOLEMIA,LVEDVOLUME,BP,0.0
HYPOVOLEMIA,LVEDVOLUME,BP,0.0
HYPOVOLEMIA,LVEDVOLUME,BP,0.0
HYPOVOLEMIA,LVEDVOLUME,BP,0.0
HYPOVOLEMIA,STROKEVOLUME,BP,0.0
HYPOVOLEMIA,STROKEVOLUME,BP,0.0
HYPOVOLEMIA,STROKEVOLUME,BP,0.0
HYPOVOLEMIA,STROKEVOLUME,BP,0.0
HYPOVOLEMIA,STROKEVOLUME,BP,0.0
HYPOVOLEMIA,CO,STROKEVOLUME,0.4841916236143696
HYPOVOLEMIA,CO,STROKEVOLUME,0.4841916236143696
HYPOVOLEMIA,BP,STROKEVOLUME,0.7762089237637042
HYPOVOLEMIA,BP,STROKEVOLUME,0.7762089237637042
LVEDVOLUME,LVFAILURE,BP,0.0
LVEDVOLUME,LVFAILURE,BP,0.0
LVEDVOLUME,LVFAILURE,BP,0.0
LVEDVOLUME,LVFAILURE,BP,0.0
LVEDVOLUME,LVFAILURE,BP,0.0
LVEDVOLUME,LVFAILURE,BP,0.0
LVEDVOLUME,LVFAILURE,BP,0.0
LVEDVOLUME,LVFAILURE,BP,0.0
LVEDVOLUME,STROKEVOLUME,BP,0.0
LVEDVOLUME,STROKEVOLUME,BP,0.0
LVEDVOLUME,STROKEVOLUME,BP,0.0
LVEDVOLUME,STROKEVOLUME,BP,0.0
LVEDVOLUME,STROKEVOLUME,BP,0.0
LVEDVOLUME,STROKEVOLUME,BP,0.0
LVEDVOLUME,STROKEVOLUME,BP,0.0
LVEDVOLUME,STROKEVOLUME,BP,0.0
LVEDVOLUME,HREKG,CVP,0.6792949768491203
LVEDVOLUME,HREKG,CVP,0.6792949768491203
LVEDVOLUME,HREKG,CVP,0.6792949768491203
LVEDVOLUME,HREKG,CVP,0.6792949768491203
LVEDVOLUME,CO,STROKEVOLUME,0.14199037612787063
LVEDVOLUME,CO,STROKEVOLUME,0.14199037612787063
LVEDVOLUME,BP,STROKEVOLUME,0.9284784336133862
LVEDVOLUME,BP,STROKEVOLUME,0.9284784336133862
LVFAILURE,STROKEVOLUME,BP,0.0
LVFAILURE,STROKEVOLUME,BP,0.0
LVFAILURE,STROKEVOLUME,BP,0.0
LVFAILURE,STROKEVOLUME,BP,0.0
LVFAILURE,STROKEVOLUME,BP,0.0
LVFAILURE,STROKEVOLUME,BP,0.0
LVFAILURE,STROKEVOLUME,BP,0.0
LVFAILURE,STROKEVOLUME,BP,0.0
LVFAILURE,HRBP,LVEDVOLUME,0.1462551517817747
LVFAILURE,HRSAT,STROKEVOLUME,0.12214277698485491
LVFAILURE,HRSAT,STROKEVOLUME,0.12214277698485491
LVFAILURE,CO,STROKEVOLUME,0.07329166463948203
LVFAILURE,CO,STROKEVOLUME,0.07329166463948203
LVFAILURE,BP,STROKEVOLUME,0.40052494140241657
LVFAILURE,BP,STROKEVOLUME,0.40052494140241657
STROKEVOLUME,CO,BP,0.0
STROKEVOLUME,CO,BP,0.0
STROKEVOLUME,CO,BP,0.0
STROKEVOLUME,CO,BP,0.0
STROKEVOLUME,CO,BP,0.0
STROKEVOLUME,CO,BP,0.0
STROKEVOLUME,CO,BP,0.0
STROKEVOLUME,BP,PCWP,0.0
STROKEVOLUME,BP,PCWP,0.0
STROKEVOLUME,BP,PCWP,0.0
STROKEVOLUME,BP,PCWP,0.0
STROKEVOLUME,BP,PCWP,0.0
STROKEVOLUME,BP,PCWP,0.0
STROKEVOLUME,BP,PCWP,0.0
ERRLOWOUTPUT,HRBP,VENTMACH,0.0
ERRLOWOUTPUT,VENTMACH,HRBP,0.0033184302046809513
HRBP,HREKG,HR,0.7496475607654236
HRBP,HREKG,HR,0.7496475607654236
HRBP,HREKG,HR,0.7496475607654236
HRBP,HREKG,HR,0.7496475607654236
HRBP,HREKG,HR,0.7496475607654236
HRBP,HREKG,HR,0.7496475607654236
HRBP,HRSAT,HR,0.4708101845762708
HRBP,HRSAT,HR,0.4708101845762708
HRBP,HRSAT,HR,0.4708101845762708
HRBP,HRSAT,HR,0.4708101845762708
HRBP,HRSAT,HR,0.4708101845762708
HRBP,TPR,CATECHOL,0.6968516460666103
HRBP,TPR,CATECHOL,0.6968516460666103
HRBP,TPR,CATECHOL,0.6968516460666103
HRBP,TPR,CATECHOL,0.6968516460666103
HRBP,EXPCO2,CATECHOL,0.9337638192729939
HRBP,EXPCO2,CATECHOL,0.9337638192729939
HRBP,EXPCO2,CATECHOL,0.9337638192729939
HRBP,EXPCO2,CATECHOL,0.9337638192729939
HRBP,MINVOL,CATECHOL,0.8209601009212341
HRBP,MINVOL,CATECHOL,0.8209601009212341
HRBP,MINVOL,CATECHOL,0.8209601009212341
HRBP,MINVOL,CATECHOL,0.8209601009212341
HRBP,PVSAT,CATECHOL,0.6173272451607611
HRBP,PVSAT,CATECHOL,0.6173272451607611
HRBP,PVSAT,CATECHOL,0.6173272451607611
HRBP,PVSAT,CATECHOL,0.6173272451607611
HRBP,SAO2,CATECHOL,0.8650316940550458
HRBP,SAO2,CATECHOL,0.8650316940550458
HRBP,SAO2,CATECHOL,0.8650316940550458
HRBP,SAO2,CATECHOL,0.8650316940550458
HRBP,PRESS,HRSAT,0.6238878968473174
HRBP,DISCONNECT,CATECHOL,0.5556605551065902
HRBP,DISCONNECT,CATECHOL,0.5556605551065902
HRBP,DISCONNECT,CATECHOL,0.5556605551065902
HRBP,DISCONNECT,CATECHOL,0.5556605551065902
HRBP,MINVOLSET,CATECHOL,0.22729588773830034
HRBP,MINVOLSET,CATECHOL,0.22729588773830034
HRBP,MINVOLSET,CATECHOL,0.22729588773830034
HRBP,MINVOLSET,CATECHOL,0.22729588773830034
HRBP,VENTMACH,CATECHOL,0.4063953770803481
HRBP,VENTMACH,CATECHOL,0.4063953770803481
HRBP,VENTMACH,CATECHOL,0.4063953770803481
HRBP,VENTMACH,CATECHOL,0.4063953770803481
HRBP,VENTTUBE,CATECHOL,0.5877455868872361
HRBP,VENTTUBE,CATECHOL,0.5877455868872361
HRBP,VENTTUBE,CATECHOL,0.5877455868872361
HRBP,VENTTUBE,CATECHOL,0.5877455868872361
HRBP,VENTLUNG,CATECHOL,0.95123750507907
HRBP,VENTLUNG,CATECHOL,0.95123750507907
HRBP,VENTLUNG,CATECHOL,0.95123750507907
HRBP,VENTLUNG,CATECHOL,0.95123750507907
HRBP,VENTALV,CATECHOL,0.6841103414830123
HRBP,VENTALV,CATECHOL,0.6841103414830123
HRBP,VENTALV,CATECHOL,0.6841103414830123
HRBP,VENTALV,CATECHOL,0.6841103414830123
HRBP,ARTCO2,CATECHOL,0.7154917992990446
HRBP,ARTCO2,CATECHOL,0.7154917992990446
HRBP,ARTCO2,CATECHOL,0.7154917992990446
HRBP,ARTCO2,CATECHOL,0.7154917992990446
HRBP,CATECHOL,HR,0.1061192954962439
HRBP,CATECHOL,HR,0.1061192954962439
HRBP,CATECHOL,HR,0.1061192954962439
HRBP,CATECHOL,HR,0.1061192954962439
HRBP,CATECHOL,HR,0.1061192954962439
HRBP,HR,VENTTUBE,0.0
HRBP,HR,VENTTUBE,0.0
HRBP,HR,VENTTUBE,0.0
HRBP,HR,VENTTUBE,0.0
HRBP,HR,VENTTUBE,0.0
HRBP,HR,VENTTUBE,0.0
HRBP,HR,VENTTUBE,0.0
HRBP,HR,VENTTUBE,0.0
HRBP,HR,VENTTUBE,0.0
HRBP,HR,VENTTUBE,0.0
HRBP,HR,VENTTUBE,0.0
HRBP,HR,VENTTUBE,0.0
HRBP,HR,VENTTUBE,0.0
HRBP,HR,VENTTUBE,0.0
HRBP,HR,VENTTUBE,0.0
HRBP,HR,VENTTUBE,0.0
HRBP,HR,VENTTUBE,0.0
HRBP,HR,VENTTUBE,0.0
HRBP,HR,VENTTUBE,0.0
HRBP,HR,VENTTUBE,0.0
HRBP,HR,VENTTUBE,0.0
HRBP,CO,HR,0.10172938908062427
HRBP,CO,HR,0.10172938908062427
HRBP,CO,HR,0.10172938908062427
HRBP,CO,HR,0.10172938908062427
HRBP,CO,HR,0.10172938908062427
HRBP,CO,HR,0.10172938908062427
HRBP,BP,HR,0.832282110923472
HRBP,BP,HR,0.832282110923472
HRBP,BP,HR,0.832282110923472
HRBP,BP,HR,0.832282110923472
HRBP,BP,HR,0.832282110923472
HRBP,BP,HR,0.832282110923472
HREKG,ERRCAUTER,VENTTUBE,0.0
HREKG,ERRCAUTER,VENTTUBE,0.0
HREKG,ERRCAUTER,VENTTUBE,0.0
HREKG,ERRCAUTER,VENTTUBE,0.0
HREKG,ERRCAUTER,VENTTUBE,0.0
HREKG,ERRCAUTER,VENTTUBE,0.0
HREKG,ERRCAUTER,VENTTUBE,0.0
HREKG,ERRCAUTER,VENTTUBE,0.0
HREKG,ERRCAUTER,VENTTUBE,0.0
HREKG,ERRCAUTER,VENTTUBE,0.0
HREKG,ERRCAUTER,VENTTUBE,0.0
HREKG,ERRCAUTER,VENTTUBE,0.0
HREKG,ERRCAUTER,VENTTUBE,0.0
HREKG,ERRCAUTER,VENTTUBE,0.0
HREKG,ERRCAUTER,VENTTUBE,0.0
HREKG,ERRCAUTER,VENTTUBE,0.0
HREKG,ERRCAUTER,VENTTUBE,0.0
HREKG,ERRCAUTER,VENTTUBE,0.0
HREKG,ERRCAUTER,VENTTUBE,0.0
HREKG,ERRCAUTER,VENTTUBE,0.0
HREKG,ERRCAUTER,VENTTUBE,0.0
HREKG,ERRCAUTER,VENTTUBE,0.0
HREKG,HRSAT,VENTTUBE,0.0
HREKG,HRSAT,VENTTUBE,0.0
HREKG,HRSAT,VENTTUBE,0.0
HREKG,HRSAT,VENTTUBE,0.0
HREKG,HRSAT,VENTTUBE,0.0
HREKG,HRSAT,VENTTUBE,0.0
HREKG,HRSAT,VENTTUBE,0.0
HREKG,HRSAT,VENTTUBE,0.0
HREKG,HRSAT,VENTTUBE,0.0
HREKG,HRSAT,VENTTUBE,0.0
HREKG,HRSAT,VENTTUBE,0.0
HREKG,HRSAT,VENTTUBE,0.0
HREKG,HRSAT,VENTTUBE,0.0
HREKG,HRSAT,VENTTUBE,0.0
HREKG,HRSAT,VENTTUBE,0.0
HREKG,HRSAT,VENTTUBE,0.0
HREKG,HRSAT,VENTTUBE,0.0
HREKG,HRSAT,VENTTUBE,0.0
HREKG,HRSAT,VENTTUBE,0.0
HREKG,HRSAT,VENTTUBE,0.0
HREKG,HRSAT,VENTTUBE,0.0
HREKG,HRSAT,VENTTUBE,0.0
HREKG,TPR,CATECHOL,0.4592415635092283
HREKG,TPR,CATECHOL,0.4592415635092283
HREKG,TPR,CATECHOL,0.4592415635092283
HREKG,EXPCO2,HRSAT,0.3541081163953383
HREKG,EXPCO2,HRSAT,0.3541081163953383
HREKG,MINVOL,CATECHOL,0.3883708229746391
HREKG,MINVOL,CATECHOL,0.3883708229746391
HREKG,MINVOL,CATECHOL,0.3883708229746391
HREKG,PVSAT,CATECHOL,0.37036358353251714
HREKG,PVSAT,CATECHOL,0.37036358353251714
HREKG,PVSAT,CATECHOL,0.37036358353251714
HREKG,SAO2,CATECHOL,0.678712203156002
HREKG,SAO2,CATECHOL,0.678712203156002
HREKG,SAO2,CATECHOL,0.678712203156002
HREKG,PRESS,HRSAT,0.26121842203334594
HREKG,DISCONNECT,CATECHOL,0.4747296533554609
HREKG,DISCONNECT,CATECHOL,0.4747296533554609
HREKG,DISCONNECT,CATECHOL,0.4747296533554609
HREKG,MINVOLSET,HRSAT,0.1577570784324607
HREKG,MINVOLSET,HRSAT,0.1577570784324607
HREKG,VENTMACH,HRSAT,0.14713091568829023
HREKG,VENTMACH,HRSAT,0.14713091568829023
HREKG,VENTTUBE,CATECHOL,0.44356299091132884
HREKG,VENTTUBE,CATECHOL,0.44356299091132884
HREKG,VENTTUBE,CATECHOL,0.44356299091132884
HREKG,VENTLUNG,CATECHOL,0.668432215225083
HREKG,VENTLUNG,CATECHOL,0.668432215225083
HREKG,VENTLUNG,CATECHOL,0.668432215225083
HREKG,VENTALV,CATECHOL,0.7412085487655002
HREKG,VENTALV,CATECHOL,0.7412085487655002
HREKG,VENTALV,CATECHOL,0.7412085487655002
HREKG,ARTCO2,CATECHOL,0.5001915088008317
HREKG,ARTCO2,CATECHOL,0.5001915088008317
HREKG,ARTCO2,CATECHOL,0.5001915088008317
HREKG,CATECHOL,HR,0.5126295918740389
HREKG,CATECHOL,HR,0.5126295918740389
HREKG,CATECHOL,HR,0.5126295918740389
HREKG,CATECHOL,HR,0.5126295918740389
HREKG,HR,VENTTUBE,0.0
HREKG,HR,VENTTUBE,0.0
HREKG,HR,VENTTUBE,0.0
HREKG,HR,VENTTUBE,0.0
HREKG,HR,VENTTUBE,0.0
HREKG,HR,VENTTUBE,0.0
HREKG,HR,VENTTUBE,0.0
HREKG,HR,VENTTUBE,0.0
HREKG,HR,VENTTUBE,0.0
HREKG,HR,VENTTUBE,0.0
HREKG,HR,VENTTUBE,0.0
HREKG,HR,VENTTUBE,0.0
HREKG,HR,VENTTUBE,0.0
HREKG,HR,VENTTUBE,0.0
HREKG,HR,VENTTUBE,0.0
HREKG,HR,VENTTUBE,0.0
HREKG,HR,VENTTUBE,0.0
HREKG,HR,VENTTUBE,0.0
HREKG,HR,VENTTUBE,0.0
HREKG,HR,VENTTUBE,0.0
HREKG,HR,VENTTUBE,0.0
HREKG,HR,VENTTUBE,0.0
HREKG,CO,HR,0.7971330991131833
HREKG,CO,HR,0.7971330991131833
HREKG,CO,HR,0.7971330991131833
HREKG,CO,HR,0.7971330991131833
HREKG,CO,HR,0.7971330991131833
HREKG,BP,HR,0.5580819922186657
HREKG,BP,HR,0.5580819922186657
HREKG,BP,HR,0.5580819922186657
HREKG,BP,HR,0.5580819922186657
HREKG,BP,HR,0.5580819922186657
ERRCAUTER,HRSAT,HREKG,0.0
HRSAT,TPR,CATECHOL,0.12684258784358643
HRSAT,TPR,CATECHOL,0.12684258784358643
HRSAT,TPR,CATECHOL,0.12684258784358643
HRSAT,EXPCO2,CATECHOL,0.4960761248897403
HRSAT,EXPCO2,CATECHOL,0.4960761248897403
HRSAT,EXPCO2,CATECHOL,0.4960761248897403
HRSAT,MINVOL,CATECHOL,0.7098919613179151
HRSAT,MINVOL,CATECHOL,0.7098919613179151
HRSAT,MINVOL,CATECHOL,0.7098919613179151
HRSAT,PVSAT,CATECHOL,0.3753913348606483
HRSAT,PVSAT,CATECHOL,0.3753913348606483
HRSAT,PVSAT,CATECHOL,0.3753913348606483
HRSAT,SAO2,CATECHOL,0.7402768416117274
HRSAT,SAO2,CATECHOL,0.7402768416117274
HRSAT,SAO2,CATECHOL,0.7402768416117274
HRSAT,PRESS,CATECHOL,0.8866675139298087
HRSAT,PRESS,CATECHOL,0.8866675139298087
HRSAT,DISCONNECT,CATECHOL,0.37885284991527834
HRSAT,DISCONNECT,CATECHOL,0.37885284991527834
HRSAT,DISCONNECT,CATECHOL,0.37885284991527834
HRSAT,MINVOLSET,CATECHOL,0.6777461444755779
HRSAT,MINVOLSET,CATECHOL,0.6777461444755779
HRSAT,MINVOLSET,CATECHOL,0.6777461444755779
HRSAT,VENTMACH,CATECHOL,0.8644399940460143
HRSAT,VENTMACH,CATECHOL,0.8644399940460143
HRSAT,VENTMACH,CATECHOL,0.8644399940460143
HRSAT,VENTTUBE,CATECHOL,0.8310891853908005
HRSAT,VENTTUBE,CATECHOL,0.8310891853908005
HRSAT,VENTTUBE,CATECHOL,0.8310891853908005
HRSAT,VENTLUNG,CATECHOL,0.2895151505349034
HRSAT,VENTLUNG,CATECHOL,0.2895151505349034
HRSAT,VENTLUNG,CATECHOL,0.2895151505349034
HRSAT,VENTALV,CATECHOL,0.3506043480772402
HRSAT,VENTALV,CATECHOL,0.3506043480772402
HRSAT,VENTALV,CATECHOL,0.3506043480772402
HRSAT,ARTCO2,CATECHOL,0.5542414252724603
HRSAT,ARTCO2,CATECHOL,0.5542414252724603
HRSAT,ARTCO2,CATECHOL,0.5542414252724603
HRSAT,CATECHOL,HR,0.595604954321638
HRSAT,CATECHOL,HR,0.595604954321638
HRSAT,CATECHOL,HR,0.595604954321638
HRSAT,CATECHOL,HR,0.595604954321638
HRSAT,HR,ERRCAUTER,0.0
HRSAT,HR,ERRCAUTER,0.0
HRSAT,HR,ERRCAUTER,0.0
HRSAT,HR,ERRCAUTER,0.0
HRSAT,HR,ERRCAUTER,0.0
HRSAT,HR,ERRCAUTER,0.0
HRSAT,HR,ERRCAUTER,0.0
HRSAT,HR,ERRCAUTER,0.0
HRSAT,HR,ERRCAUTER,0.0
HRSAT,HR,ERRCAUTER,0.0
HRSAT,HR,ERRCAUTER,0.0
HRSAT,HR,ERRCAUTER,0.0
HRSAT,HR,ERRCAUTER,0.0
HRSAT,HR,ERRCAUTER,0.0
HRSAT,HR,ERRCAUTER,0.0
HRSAT,HR,ERRCAUTER,0.0
HRSAT,HR,ERRCAUTER,0.0
HRSAT,HR,ERRCAUTER,0.0
HRSAT,HR,ERRCAUTER,0.0
HRSAT,HR,ERRCAUTER,0.0
HRSAT,HR,ERRCAUTER,0.0
HRSAT,CO,HR,0.9754877022778659
HRSAT,CO,HR,0.9754877022778659
HRSAT,CO,HR,0.9754877022778659
HRSAT,CO,HR,0.9754877022778659
HRSAT,CO,HR,0.9754877022778659
HRSAT,BP,HR,0.9569088529948493
HRSAT,BP,HR,0.9569088529948493
HRSAT,BP,HR,0.9569088529948493
HRSAT,BP,HR,0.9569088529948493
HRSAT,BP,HR,0.9569088529948493
INSUFFANESTH,PULMEMBOLUS,CVP,0.1787293789219477
ANAPHYLAXIS,TPR,CATECHOL,5.001793124051149e-93
ANAPHYLAXIS,TPR,CATECHOL,5.001793124051149e-93
ANAPHYLAXIS,CATECHOL,TPR,0.05164146274583603
ANAPHYLAXIS,BP,TPR,0.7378775126151911
TPR,SHUNT,HR,0.06246036924043438
TPR,SHUNT,HR,0.06246036924043438
TPR,SHUNT,HR,0.06246036924043438
TPR,SHUNT,HR,0.06246036924043438
TPR,SHUNT,HR,0.06246036924043438
TPR,CATECHOL,ANAPHYLAXIS,0.0
TPR,CATECHOL,ANAPHYLAXIS,0.0
TPR,CATECHOL,ANAPHYLAXIS,0.0
TPR,CATECHOL,ANAPHYLAXIS,0.0
TPR,CATECHOL,ANAPHYLAXIS,0.0
TPR,CATECHOL,ANAPHYLAXIS,0.0
TPR,CATECHOL,ANAPHYLAXIS,0.0
TPR,CATECHOL,ANAPHYLAXIS,0.0
TPR,HR,CATECHOL,0.8530958379908785
TPR,HR,CATECHOL,0.8530958379908785
TPR,HR,CATECHOL,0.8530958379908785
TPR,CO,CATECHOL,0.10888915978648153
TPR,CO,CATECHOL,0.10888915978648153
TPR,CO,CATECHOL,0.10888915978648153
TPR,BP,ANAPHYLAXIS,0.0
TPR,BP,ANAPHYLAXIS,0.0
TPR,BP,ANAPHYLAXIS,0.0
TPR,BP,ANAPHYLAXIS,0.0
TPR,BP,ANAPHYLAXIS,0.0
TPR,BP,ANAPHYLAXIS,0.0
TPR,BP,ANAPHYLAXIS,0.0
TPR,BP,ANAPHYLAXIS,0.0
EXPCO2,KINKEDTUBE,VENTTUBE,2.1742699310966154e-15
EXPCO2,KINKEDTUBE,VENTTUBE,2.1742699310966154e-15
EXPCO2,KINKEDTUBE,VENTTUBE,2.1742699310966154e-15
EXPCO2,KINKEDTUBE,VENTTUBE,2.1742699310966154e-15
EXPCO2,KINKEDTUBE,VENTTUBE,2.1742699310966154e-15
EXPCO2,KINKEDTUBE,VENTTUBE,2.1742699310966154e-15
EXPCO2,KINKEDTUBE,VENTTUBE,2.1742699310966154e-15
EXPCO2,KINKEDTUBE,VENTTUBE,2.1742699310966154e-15
EXPCO2,KINKEDTUBE,VENTTUBE,2.1742699310966154e-15
EXPCO2,KINKEDTUBE,VENTTUBE,2.1742699310966154e-15
EXPCO2,KINKEDTUBE,VENTTUBE,2.1742699310966154e-15
EXPCO2,KINKEDTUBE,VENTTUBE,2.1742699310966154e-15
EXPCO2,KINKEDTUBE,VENTTUBE,2.1742699310966154e-15
EXPCO2,KINKEDTUBE,VENTTUBE,2.1742699310966154e-15
EXPCO2,KINKEDTUBE,VENTTUBE,2.1742699310966154e-15
EXPCO2,KINKEDTUBE,VENTTUBE,2.1742699310966154e-15
EXPCO2,KINKEDTUBE,VENTTUBE,2.1742699310966154e-15
EXPCO2,KINKEDTUBE,VENTTUBE,2.1742699310966154e-15
EXPCO2,KINKEDTUBE,VENTTUBE,2.1742699310966154e-15
EXPCO2,MINVOL,VENTTUBE,1.5502425814215014e-282
EXPCO2,MINVOL,VENTTUBE,1.5502425814215014e-282
EXPCO2,MINVOL,VENTTUBE,1.5502425814215014e-282
EXPCO2,MINVOL,VENTTUBE,1.5502425814215014e-282
EXPCO2,MINVOL,VENTTUBE,1.5502425814215014e-282
EXPCO2,MINVOL,VENTTUBE,1.5502425814215014e-282
EXPCO2,MINVOL,VENTTUBE,1.5502425814215014e-282
EXPCO2,MINVOL,VENTTUBE,1.5502425814215014e-282
EXPCO2,MINVOL,VENTTUBE,1.5502425814215014e-282
EXPCO2,MINVOL,VENTTUBE,1.5502425814215014e-282
EXPCO2,MINVOL,VENTTUBE,1.5502425814215014e-282
EXPCO2,MINVOL,VENTTUBE,1.5502425814215014e-282
EXPCO2,MINVOL,VENTTUBE,1.5502425814215014e-282
EXPCO2,MINVOL,VENTTUBE,1.5502425814215014e-282
EXPCO2,MINVOL,VENTTUBE,1.5502425814215014e-282
EXPCO2,MINVOL,VENTTUBE,1.5502425814215014e-282
EXPCO2,MINVOL,VENTTUBE,1.5502425814215014e-282
EXPCO2,MINVOL,VENTTUBE,1.5502425814215014e-282
EXPCO2,MINVOL,VENTTUBE,1.5502425814215014e-282
EXPCO2,PVSAT,VENTALV,0.16240444520487105
EXPCO2,PVSAT,VENTALV,0.16240444520487105
EXPCO2,PVSAT,VENTALV,0.16240444520487105
EXPCO2,PVSAT,VENTALV,0.16240444520487105
EXPCO2,PVSAT,VENTALV,0.16240444520487105
EXPCO2,PVSAT,VENTALV,0.16240444520487105
EXPCO2,PVSAT,VENTALV,0.16240444520487105
EXPCO2,PVSAT,VENTALV,0.16240444520487105
EXPCO2,PVSAT,VENTALV,0.16240444520487105
EXPCO2,SAO2,VENTTUBE,3.843855752762374e-151
EXPCO2,SAO2,VENTTUBE,3.843855752762374e-151
EXPCO2,SAO2,VENTTUBE,3.843855752762374e-151
EXPCO2,SAO2,VENTTUBE,3.843855752762374e-151
EXPCO2,SAO2,VENTTUBE,3.843855752762374e-151
EXPCO2,SAO2,VENTTUBE,3.843855752762374e-151
EXPCO2,SAO2,VENTTUBE,3.843855752762374e-151
EXPCO2,SAO2,VENTTUBE,3.843855752762374e-151
EXPCO2,SAO2,VENTTUBE,3.843855752762374e-151
EXPCO2,SAO2,VENTTUBE,3.843855752762374e-151
EXPCO2,SAO2,VENTTUBE,3.843855752762374e-151
EXPCO2,SAO2,VENTTUBE,3.843855752762374e-151
EXPCO2,SAO2,VENTTUBE,3.843855752762374e-151
EXPCO2,SAO2,VENTTUBE,3.843855752762374e-151
EXPCO2,SAO2,VENTTUBE,3.843855752762374e-151
EXPCO2,SAO2,VENTTUBE,3.843855752762374e-151
EXPCO2,SAO2,VENTTUBE,3.843855752762374e-151
EXPCO2,SAO2,VENTTUBE,3.843855752762374e-151
EXPCO2,SAO2,VENTTUBE,3.843855752762374e-151
EXPCO2,SHUNT,INTUBATION,0.40606707266845804
EXPCO2,SHUNT,INTUBATION,0.40606707266845804
EXPCO2,SHUNT,INTUBATION,0.40606707266845804
EXPCO2,SHUNT,INTUBATION,0.40606707266845804
EXPCO2,INTUBATION,VENTTUBE,0.0
EXPCO2,INTUBATION,VENTTUBE,0.0
EXPCO2,INTUBATION,VENTTUBE,0.0
EXPCO2,INTUBATION,VENTTUBE,0.0
EXPCO2,INTUBATION,VENTTUBE,0.0
EXPCO2,INTUBATION,VENTTUBE,0.0
EXPCO2,INTUBATION,VENTTUBE,0.0
EXPCO2,INTUBATION,VENTTUBE,0.0
EXPCO2,INTUBATION,VENTTUBE,0.0
EXPCO2,INTUBATION,VENTTUBE,0.0
EXPCO2,INTUBATION,VENTTUBE,0.0
EXPCO2,INTUBATION,VENTTUBE,0.0
EXPCO2,INTUBATION,VENTTUBE,0.0
EXPCO2,INTUBATION,VENTTUBE,0.0
EXPCO2,INTUBATION,VENTTUBE,0.0
EXPCO2,INTUBATION,VENTTUBE,0.0
EXPCO2,INTUBATION,VENTTUBE,0.0
EXPCO2,INTUBATION,VENTTUBE,0.0
EXPCO2,INTUBATION,VENTTUBE,0.0
EXPCO2,PRESS,VENTTUBE,1.1003181458164119e-187
EXPCO2,PRESS,VENTTUBE,1.1003181458164119e-187
EXPCO2,PRESS,VENTTUBE,1.1003181458164119e-187
EXPCO2,PRESS,VENTTUBE,1.1003181458164119e-187
EXPCO2,PRESS,VENTTUBE,1.1003181458164119e-187
EXPCO2,PRESS,VENTTUBE,1.1003181458164119e-187
EXPCO2,PRESS,VENTTUBE,1.1003181458164119e-187
EXPCO2,PRESS,VENTTUBE,1.1003181458164119e-187
EXPCO2,PRESS,VENTTUBE,1.1003181458164119e-187
EXPCO2,PRESS,VENTTUBE,1.1003181458164119e-187
EXPCO2,PRESS,VENTTUBE,1.1003181458164119e-187
EXPCO2,PRESS,VENTTUBE,1.1003181458164119e-187
EXPCO2,PRESS,VENTTUBE,1.1003181458164119e-187
EXPCO2,PRESS,VENTTUBE,1.1003181458164119e-187
EXPCO2,PRESS,VENTTUBE,1.1003181458164119e-187
EXPCO2,PRESS,VENTTUBE,1.1003181458164119e-187
EXPCO2,PRESS,VENTTUBE,1.1003181458164119e-187
EXPCO2,PRESS,VENTTUBE,1.1003181458164119e-187
EXPCO2,PRESS,VENTTUBE,1.1003181458164119e-187
EXPCO2,DISCONNECT,VENTTUBE,0.5668794402526554
EXPCO2,DISCONNECT,VENTTUBE,0.5668794402526554
EXPCO2,DISCONNECT,VENTTUBE,0.5668794402526554
EXPCO2,DISCONNECT,VENTTUBE,0.5668794402526554
EXPCO2,DISCONNECT,VENTTUBE,0.5668794402526554
EXPCO2,DISCONNECT,VENTTUBE,0.5668794402526554
EXPCO2,DISCONNECT,VENTTUBE,0.5668794402526554
EXPCO2,DISCONNECT,VENTTUBE,0.5668794402526554
EXPCO2,DISCONNECT,VENTTUBE,0.5668794402526554
EXPCO2,DISCONNECT,VENTTUBE,0.5668794402526554
EXPCO2,DISCONNECT,VENTTUBE,0.5668794402526554
EXPCO2,DISCONNECT,VENTTUBE,0.5668794402526554
EXPCO2,DISCONNECT,VENTTUBE,0.5668794402526554
EXPCO2,DISCONNECT,VENTTUBE,0.5668794402526554
EXPCO2,DISCONNECT,VENTTUBE,0.5668794402526554
EXPCO2,DISCONNECT,VENTTUBE,0.5668794402526554
EXPCO2,DISCONNECT,VENTTUBE,0.5668794402526554
EXPCO2,DISCONNECT,VENTTUBE,0.5668794402526554
EXPCO2,DISCONNECT,VENTTUBE,0.5668794402526554
EXPCO2,MINVOLSET,VENTMACH,0.15362580367547612
EXPCO2,MINVOLSET,VENTMACH,0.15362580367547612
EXPCO2,MINVOLSET,VENTMACH,0.15362580367547612
EXPCO2,MINVOLSET,VENTMACH,0.15362580367547612
EXPCO2,MINVOLSET,VENTMACH,0.15362580367547612
EXPCO2,MINVOLSET,VENTMACH,0.15362580367547612
EXPCO2,MINVOLSET,VENTMACH,0.15362580367547612
EXPCO2,MINVOLSET,VENTMACH,0.15362580367547612
EXPCO2,MINVOLSET,VENTMACH,0.15362580367547612
EXPCO2,MINVOLSET,VENTMACH,0.15362580367547612
EXPCO2,MINVOLSET,VENTMACH,0.15362580367547612
EXPCO2,MINVOLSET,VENTMACH,0.15362580367547612
EXPCO2,MINVOLSET,VENTMACH,0.15362580367547612
EXPCO2,MINVOLSET,VENTMACH,0.15362580367547612
EXPCO2,MINVOLSET,VENTMACH,0.15362580367547612
EXPCO2,MINVOLSET,VENTMACH,0.15362580367547612
EXPCO2,VENTMACH,VENTTUBE,0.06362565378890025
EXPCO2,VENTMACH,VENTTUBE,0.06362565378890025
EXPCO2,VENTMACH,VENTTUBE,0.06362565378890025
EXPCO2,VENTMACH,VENTTUBE,0.06362565378890025
EXPCO2,VENTMACH,VENTTUBE,0.06362565378890025
EXPCO2,VENTMACH,VENTTUBE,0.06362565378890025
EXPCO2,VENTMACH,VENTTUBE,0.06362565378890025
EXPCO2,VENTMACH,VENTTUBE,0.06362565378890025
EXPCO2,VENTMACH,VENTTUBE,0.06362565378890025
EXPCO2,VENTMACH,VENTTUBE,0.06362565378890025
EXPCO2,VENTMACH,VENTTUBE,0.06362565378890025
EXPCO2,VENTMACH,VENTTUBE,0.06362565378890025
EXPCO2,VENTMACH,VENTTUBE,0.06362565378890025
EXPCO2,VENTMACH,VENTTUBE,0.06362565378890025
EXPCO2,VENTMACH,VENTTUBE,0.06362565378890025
EXPCO2,VENTMACH,VENTTUBE,0.06362565378890025
EXPCO2,VENTMACH,VENTTUBE,0.06362565378890025
EXPCO2,VENTMACH,VENTTUBE,0.06362565378890025
EXPCO2,VENTMACH,VENTTUBE,0.06362565378890025
EXPCO2,VENTTUBE,HREKG,0.0
EXPCO2,VENTTUBE,HREKG,0.0
EXPCO2,VENTTUBE,HREKG,0.0
EXPCO2,VENTTUBE,HREKG,0.0
EXPCO2,VENTTUBE,HREKG,0.0
EXPCO2,VENTTUBE,HREKG,0.0
EXPCO2,VENTTUBE,HREKG,0.0
EXPCO2,VENTTUBE,HREKG,0.0
EXPCO2,VENTTUBE,HREKG,0.0
EXPCO2,VENTTUBE,HREKG,0.0
EXPCO2,VENTTUBE,HREKG,0.0
EXPCO2,VENTTUBE,HREKG,0.0
EXPCO2,VENTTUBE,HREKG,0.0
EXPCO2,VENTTUBE,HREKG,0.0
EXPCO2,VENTTUBE,HREKG,0.0
EXPCO2,VENTTUBE,HREKG,0.0
EXPCO2,VENTTUBE,HREKG,0.0
EXPCO2,VENTTUBE,HREKG,0.0
EXPCO2,VENTTUBE,HREKG,0.0
EXPCO2,VENTLUNG,VENTTUBE,0.0
EXPCO2,VENTLUNG,VENTTUBE,0.0
EXPCO2,VENTLUNG,VENTTUBE,0.0
EXPCO2,VENTLUNG,VENTTUBE,0.0
EXPCO2,VENTLUNG,VENTTUBE,0.0
EXPCO2,VENTLUNG,VENTTUBE,0.0
EXPCO2,VENTLUNG,VENTTUBE,0.0
EXPCO2,VENTLUNG,VENTTUBE,0.0
EXPCO2,VENTLUNG,VENTTUBE,0.0
EXPCO2,VENTLUNG,VENTTUBE,0.0
EXPCO2,VENTLUNG,VENTTUBE,0.0
EXPCO2,VENTLUNG,VENTTUBE,0.0
EXPCO2,VENTLUNG,VENTTUBE,0.0
EXPCO2,VENTLUNG,VENTTUBE,0.0
EXPCO2,VENTLUNG,VENTTUBE,0.0
EXPCO2,VENTLUNG,VENTTUBE,0.0
EXPCO2,VENTLUNG,VENTTUBE,0.0
EXPCO2,VENTLUNG,VENTTUBE,0.0
EXPCO2,VENTLUNG,VENTTUBE,0.0
EXPCO2,VENTALV,VENTTUBE,0.0
EXPCO2,VENTALV,VENTTUBE,0.0
EXPCO2,VENTALV,VENTTUBE,0.0
EXPCO2,VENTALV,VENTTUBE,0.0
EXPCO2,VENTALV,VENTTUBE,0.0
EXPCO2,VENTALV,VENTTUBE,0.0
EXPCO2,VENTALV,VENTTUBE,0.0
EXPCO2,VENTALV,VENTTUBE,0.0
EXPCO2,VENTALV,VENTTUBE,0.0
EXPCO2,VENTALV,VENTTUBE,0.0
EXPCO2,VENTALV,VENTTUBE,0.0
EXPCO2,VENTALV,VENTTUBE,0.0
EXPCO2,VENTALV,VENTTUBE,0.0
EXPCO2,VENTALV,VENTTUBE,0.0
EXPCO2,VENTALV,VENTTUBE,0.0
EXPCO2,VENTALV,VENTTUBE,0.0
EXPCO2,VENTALV,VENTTUBE,0.0
EXPCO2,VENTALV,VENTTUBE,0.0
EXPCO2,VENTALV,VENTTUBE,0.0
EXPCO2,ARTCO2,VENTTUBE,0.0
EXPCO2,ARTCO2,VENTTUBE,0.0
EXPCO2,ARTCO2,VENTTUBE,0.0
EXPCO2,ARTCO2,VENTTUBE,0.0
EXPCO2,ARTCO2,VENTTUBE,0.0
EXPCO2,ARTCO2,VENTTUBE,0.0
EXPCO2,ARTCO2,VENTTUBE,0.0
EXPCO2,ARTCO2,VENTTUBE,0.0
EXPCO2,ARTCO2,VENTTUBE,0.0
EXPCO2,ARTCO2,VENTTUBE,0.0
EXPCO2,ARTCO2,VENTTUBE,0.0
EXPCO2,ARTCO2,VENTTUBE,0.0
EXPCO2,ARTCO2,VENTTUBE,0.0
EXPCO2,ARTCO2,VENTTUBE,0.0
EXPCO2,ARTCO2,VENTTUBE,0.0
EXPCO2,ARTCO2,VENTTUBE,0.0
EXPCO2,ARTCO2,VENTTUBE,0.0
EXPCO2,ARTCO2,VENTTUBE,0.0
EXPCO2,ARTCO2,VENTTUBE,0.0
EXPCO2,CATECHOL,VENTTUBE,6.42353067863476e-43
EXPCO2,CATECHOL,VENTTUBE,6.42353067863476e-43
EXPCO2,CATECHOL,VENTTUBE,6.42353067863476e-43
EXPCO2,CATECHOL,VENTTUBE,6.42353067863476e-43
EXPCO2,CATECHOL,VENTTUBE,6.42353067863476e-43
EXPCO2,CATECHOL,VENTTUBE,6.42353067863476e-43
EXPCO2,CATECHOL,VENTTUBE,6.42353067863476e-43
EXPCO2,CATECHOL,VENTTUBE,6.42353067863476e-43
EXPCO2,CATECHOL,VENTTUBE,6.42353067863476e-43
EXPCO2,CATECHOL,VENTTUBE,6.42353067863476e-43
EXPCO2,CATECHOL,VENTTUBE,6.42353067863476e-43
EXPCO2,CATECHOL,VENTTUBE,6.42353067863476e-43
EXPCO2,CATECHOL,VENTTUBE,6.42353067863476e-43
EXPCO2,CATECHOL,VENTTUBE,6.42353067863476e-43
EXPCO2,CATECHOL,VENTTUBE,6.42353067863476e-43
EXPCO2,CATECHOL,VENTTUBE,6.42353067863476e-43
EXPCO2,CATECHOL,VENTTUBE,6.42353067863476e-43
EXPCO2,CATECHOL,VENTTUBE,6.42353067863476e-43
EXPCO2,CATECHOL,VENTTUBE,6.42353067863476e-43
EXPCO2,HR,CATECHOL,0.8397365067305217
EXPCO2,HR,CATECHOL,0.8397365067305217
EXPCO2,HR,CATECHOL,0.8397365067305217
EXPCO2,CO,CATECHOL,0.33670147795489996
EXPCO2,CO,CATECHOL,0.33670147795489996
EXPCO2,CO,CATECHOL,0.33670147795489996
KINKEDTUBE,MINVOL,VENTLUNG,0.05986806458160049
KINKEDTUBE,MINVOL,VENTLUNG,0.05986806458160049
KINKEDTUBE,MINVOL,VENTLUNG,0.05986806458160049
KINKEDTUBE,MINVOL,VENTLUNG,0.05986806458160049
KINKEDTUBE,MINVOL,VENTLUNG,0.05986806458160049
KINKEDTUBE,PVSAT,VENTALV,0.13912008985918037
KINKEDTUBE,SAO2,VENTALV,0.7891439262245445
KINKEDTUBE,PRESS,MINVOL,1.2251346261325753e-173
KINKEDTUBE,PRESS,MINVOL,1.2251346261325753e-173
KINKEDTUBE,PRESS,MINVOL,1.2251346261325753e-173
KINKEDTUBE,PRESS,MINVOL,1.2251346261325753e-173
KINKEDTUBE,PRESS,MINVOL,1.2251346261325753e-173
KINKEDTUBE,PRESS,MINVOL,1.2251346261325753e-173
KINKEDTUBE,PRESS,MINVOL,1.2251346261325753e-173
KINKEDTUBE,PRESS,MINVOL,1.2251346261325753e-173
KINKEDTUBE,PRESS,MINVOL,1.2251346261325753e-173
KINKEDTUBE,DISCONNECT,CATECHOL,0.15792467436057975
KINKEDTUBE,DISCONNECT,CATECHOL,0.15792467436057975
KINKEDTUBE,DISCONNECT,CATECHOL,0.15792467436057975
KINKEDTUBE,VENTLUNG,MINVOL,2.157847860239102e-13
KINKEDTUBE,VENTLUNG,MINVOL,2.157847860239102e-13
KINKEDTUBE,VENTLUNG,MINVOL,2.157847860239102e-13
KINKEDTUBE,VENTLUNG,MINVOL,2.157847860239102e-13
KINKEDTUBE,VENTLUNG,MINVOL,2.157847860239102e-13
KINKEDTUBE,VENTLUNG,MINVOL,2.157847860239102e-13
KINKEDTUBE,VENTLUNG,MINVOL,2.157847860239102e-13
KINKEDTUBE,VENTLUNG,MINVOL,2.157847860239102e-13
KINKEDTUBE,VENTLUNG,MINVOL,2.157847860239102e-13
KINKEDTUBE,VENTALV,VENTLUNG,0.07653673540780724
KINKEDTUBE,VENTALV,VENTLUNG,0.07653673540780724
KINKEDTUBE,VENTALV,VENTLUNG,0.07653673540780724
KINKEDTUBE,VENTALV,VENTLUNG,0.07653673540780724
KINKEDTUBE,ARTCO2,VENTALV,0.36678683716865645
KINKEDTUBE,CATECHOL,VENTALV,0.11036861522900988
MINVOL,PVSAT,VENTTUBE,0.0
MINVOL,PVSAT,VENTTUBE,0.0
MINVOL,PVSAT,VENTTUBE,0.0
MINVOL,PVSAT,VENTTUBE,0.0
MINVOL,PVSAT,VENTTUBE,0.0
MINVOL,PVSAT,VENTTUBE,0.0
MINVOL,PVSAT,VENTTUBE,0.0
MINVOL,PVSAT,VENTTUBE,0.0
MINVOL,PVSAT,VENTTUBE,0.0
MINVOL,PVSAT,VENTTUBE,0.0
MINVOL,PVSAT,VENTTUBE,0.0
MINVOL,PVSAT,VENTTUBE,0.0
MINVOL,PVSAT,VENTTUBE,0.0
MINVOL,PVSAT,VENTTUBE,0.0
MINVOL,PVSAT,VENTTUBE,0.0
MINVOL,PVSAT,VENTTUBE,0.0
MINVOL,PVSAT,VENTTUBE,0.0
MINVOL,PVSAT,VENTTUBE,0.0
MINVOL,PVSAT,VENTTUBE,0.0
MINVOL,PVSAT,VENTTUBE,0.0
MINVOL,SAO2,VENTTUBE,0.0
MINVOL,SAO2,VENTTUBE,0.0
MINVOL,SAO2,VENTTUBE,0.0
MINVOL,SAO2,VENTTUBE,0.0
MINVOL,SAO2,VENTTUBE,0.0
MINVOL,SAO2,VENTTUBE,0.0
MINVOL,SAO2,VENTTUBE,0.0
MINVOL,SAO2,VENTTUBE,0.0
MINVOL,SAO2,VENTTUBE,0.0
MINVOL,SAO2,VENTTUBE,0.0
MINVOL,SAO2,VENTTUBE,0.0
MINVOL,SAO2,VENTTUBE,0.0
MINVOL,SAO2,VENTTUBE,0.0
MINVOL,SAO2,VENTTUBE,0.0
MINVOL,SAO2,VENTTUBE,0.0
MINVOL,SAO2,VENTTUBE,0.0
MINVOL,SAO2,VENTTUBE,0.0
MINVOL,SAO2,VENTTUBE,0.0
MINVOL,SAO2,VENTTUBE,0.0
MINVOL,SAO2,VENTTUBE,0.0
MINVOL,SHUNT,INTUBATION,0.6234939742913119
MINVOL,SHUNT,INTUBATION,0.6234939742913119
MINVOL,SHUNT,INTUBATION,0.6234939742913119
MINVOL,SHUNT,INTUBATION,0.6234939742913119
MINVOL,INTUBATION,VENTTUBE,0.0
MINVOL,INTUBATION,VENTTUBE,0.0
MINVOL,INTUBATION,VENTTUBE,0.0
MINVOL,INTUBATION,VENTTUBE,0.0
MINVOL,INTUBATION,VENTTUBE,0.0
MINVOL,INTUBATION,VENTTUBE,0.0
MINVOL,INTUBATION,VENTTUBE,0.0
MINVOL,INTUBATION,VENTTUBE,0.0
MINVOL,INTUBATION,VENTTUBE,0.0
MINVOL,INTUBATION,VENTTUBE,0.0
MINVOL,INTUBATION,VENTTUBE,0.0
MINVOL,INTUBATION,VENTTUBE,0.0
MINVOL,INTUBATION,VENTTUBE,0.0
MINVOL,INTUBATION,VENTTUBE,0.0
MINVOL,INTUBATION,VENTTUBE,0.0
MINVOL,INTUBATION,VENTTUBE,0.0
MINVOL,INTUBATION,VENTTUBE,0.0
MINVOL,INTUBATION,VENTTUBE,0.0
MINVOL,INTUBATION,VENTTUBE,0.0
MINVOL,INTUBATION,VENTTUBE,0.0
MINVOL,PRESS,VENTTUBE,0.0
MINVOL,PRESS,VENTTUBE,0.0
MINVOL,PRESS,VENTTUBE,0.0
MINVOL,PRESS,VENTTUBE,0.0
MINVOL,PRESS,VENTTUBE,0.0
MINVOL,PRESS,VENTTUBE,0.0
MINVOL,PRESS,VENTTUBE,0.0
MINVOL,PRESS,VENTTUBE,0.0
MINVOL,PRESS,VENTTUBE,0.0
MINVOL,PRESS,VENTTUBE,0.0
MINVOL,PRESS,VENTTUBE,0.0
MINVOL,PRESS,VENTTUBE,0.0
MINVOL,PRESS,VENTTUBE,0.0
MINVOL,PRESS,VENTTUBE,0.0
MINVOL,PRESS,VENTTUBE,0.0
MINVOL,PRESS,VENTTUBE,0.0
MINVOL,PRESS,VENTTUBE,0.0
MINVOL,PRESS,VENTTUBE,0.0
MINVOL,PRESS,VENTTUBE,0.0
MINVOL,PRESS,VENTTUBE,0.0
MINVOL,DISCONNECT,VENTTUBE,0.3196829171299754
MINVOL,DISCONNECT,VENTTUBE,0.3196829171299754
MINVOL,DISCONNECT,VENTTUBE,0.3196829171299754
MINVOL,DISCONNECT,VENTTUBE,0.3196829171299754
MINVOL,DISCONNECT,VENTTUBE,0.3196829171299754
MINVOL,DISCONNECT,VENTTUBE,0.3196829171299754
MINVOL,DISCONNECT,VENTTUBE,0.3196829171299754
MINVOL,DISCONNECT,VENTTUBE,0.3196829171299754
MINVOL,DISCONNECT,VENTTUBE,0.3196829171299754
MINVOL,DISCONNECT,VENTTUBE,0.3196829171299754
MINVOL,DISCONNECT,VENTTUBE,0.3196829171299754
MINVOL,DISCONNECT,VENTTUBE,0.3196829171299754
MINVOL,DISCONNECT,VENTTUBE,0.3196829171299754
MINVOL,DISCONNECT,VENTTUBE,0.3196829171299754
MINVOL,DISCONNECT,VENTTUBE,0.3196829171299754
MINVOL,DISCONNECT,VENTTUBE,0.3196829171299754
MINVOL,DISCONNECT,VENTTUBE,0.3196829171299754
MINVOL,DISCONNECT,VENTTUBE,0.3196829171299754
MINVOL,DISCONNECT,VENTTUBE,0.3196829171299754
MINVOL,DISCONNECT,VENTTUBE,0.3196829171299754
MINVOL,MINVOLSET,VENTMACH,0.2793084560396567
MINVOL,MINVOLSET,VENTMACH,0.2793084560396567
MINVOL,MINVOLSET,VENTMACH,0.2793084560396567
MINVOL,MINVOLSET,VENTMACH,0.2793084560396567
MINVOL,MINVOLSET,VENTMACH,0.2793084560396567
MINVOL,MINVOLSET,VENTMACH,0.2793084560396567
MINVOL,MINVOLSET,VENTMACH,0.2793084560396567
MINVOL,MINVOLSET,VENTMACH,0.2793084560396567
MINVOL,MINVOLSET,VENTMACH,0.2793084560396567
MINVOL,MINVOLSET,VENTMACH,0.2793084560396567
MINVOL,MINVOLSET,VENTMACH,0.2793084560396567
MINVOL,MINVOLSET,VENTMACH,0.2793084560396567
MINVOL,MINVOLSET,VENTMACH,0.2793084560396567
MINVOL,MINVOLSET,VENTMACH,0.2793084560396567
MINVOL,MINVOLSET,VENTMACH,0.2793084560396567
MINVOL,MINVOLSET,VENTMACH,0.2793084560396567
MINVOL,VENTMACH,VENTTUBE,0.5694982500464919
MINVOL,VENTMACH,VENTTUBE,0.5694982500464919
MINVOL,VENTMACH,VENTTUBE,0.5694982500464919
MINVOL,VENTMACH,VENTTUBE,0.5694982500464919
MINVOL,VENTMACH,VENTTUBE,0.5694982500464919
MINVOL,VENTMACH,VENTTUBE,0.5694982500464919
MINVOL,VENTMACH,VENTTUBE,0.5694982500464919
MINVOL,VENTMACH,VENTTUBE,0.5694982500464919
MINVOL,VENTMACH,VENTTUBE,0.5694982500464919
MINVOL,VENTMACH,VENTTUBE,0.5694982500464919
MINVOL,VENTMACH,VENTTUBE,0.5694982500464919
MINVOL,VENTMACH,VENTTUBE,0.5694982500464919
MINVOL,VENTMACH,VENTTUBE,0.5694982500464919
MINVOL,VENTMACH,VENTTUBE,0.5694982500464919
MINVOL,VENTMACH,VENTTUBE,0.5694982500464919
MINVOL,VENTMACH,VENTTUBE,0.5694982500464919
MINVOL,VENTMACH,VENTTUBE,0.5694982500464919
MINVOL,VENTMACH,VENTTUBE,0.5694982500464919
MINVOL,VENTMACH,VENTTUBE,0.5694982500464919
MINVOL,VENTMACH,VENTTUBE,0.5694982500464919
MINVOL,VENTTUBE,BP,0.0
MINVOL,VENTTUBE,BP,0.0
MINVOL,VENTTUBE,BP,0.0
MINVOL,VENTTUBE,BP,0.0
MINVOL,VENTTUBE,BP,0.0
MINVOL,VENTTUBE,BP,0.0
MINVOL,VENTTUBE,BP,0.0
MINVOL,VENTTUBE,BP,0.0
MINVOL,VENTTUBE,BP,0.0
MINVOL,VENTTUBE,BP,0.0
MINVOL,VENTTUBE,BP,0.0
MINVOL,VENTTUBE,BP,0.0
MINVOL,VENTTUBE,BP,0.0
MINVOL,VENTTUBE,BP,0.0
MINVOL,VENTTUBE,BP,0.0
MINVOL,VENTTUBE,BP,0.0
MINVOL,VENTTUBE,BP,0.0
MINVOL,VENTTUBE,BP,0.0
MINVOL,VENTTUBE,BP,0.0
MINVOL,VENTTUBE,BP,0.0
MINVOL,VENTLUNG,VENTTUBE,0.0
MINVOL,VENTLUNG,VENTTUBE,0.0
MINVOL,VENTLUNG,VENTTUBE,0.0
MINVOL,VENTLUNG,VENTTUBE,0.0
MINVOL,VENTLUNG,VENTTUBE,0.0
MINVOL,VENTLUNG,VENTTUBE,0.0
MINVOL,VENTLUNG,VENTTUBE,0.0
MINVOL,VENTLUNG,VENTTUBE,0.0
MINVOL,VENTLUNG,VENTTUBE,0.0
MINVOL,VENTLUNG,VENTTUBE,0.0
MINVOL,VENTLUNG,VENTTUBE,0.0
MINVOL,VENTLUNG,VENTTUBE,0.0
MINVOL,VENTLUNG,VENTTUBE,0.0
MINVOL,VENTLUNG,VENTTUBE,0.0
MINVOL,VENTLUNG,VENTTUBE,0.0
MINVOL,VENTLUNG,VENTTUBE,0.0
MINVOL,VENTLUNG,VENTTUBE,0.0
MINVOL,VENTLUNG,VENTTUBE,0.0
MINVOL,VENTLUNG,VENTTUBE,0.0
MINVOL,VENTLUNG,VENTTUBE,0.0
MINVOL,VENTALV,VENTTUBE,0.0
MINVOL,VENTALV,VENTTUBE,0.0
MINVOL,VENTALV,VENTTUBE,0.0
MINVOL,VENTALV,VENTTUBE,0.0
MINVOL,VENTALV,VENTTUBE,0.0
MINVOL,VENTALV,VENTTUBE,0.0
MINVOL,VENTALV,VENTTUBE,0.0
MINVOL,VENTALV,VENTTUBE,0.0
MINVOL,VENTALV,VENTTUBE,0.0
MINVOL,VENTALV,VENTTUBE,0.0
MINVOL,VENTALV,VENTTUBE,0.0
MINVOL,VENTALV,VENTTUBE,0.0
MINVOL,VENTALV,VENTTUBE,0.0
MINVOL,VENTALV,VENTTUBE,0.0
MINVOL,VENTALV,VENTTUBE,0.0
MINVOL,VENTALV,VENTTUBE,0.0
MINVOL,VENTALV,VENTTUBE,0.0
MINVOL,VENTALV,VENTTUBE,0.0
MINVOL,VENTALV,VENTTUBE,0.0
MINVOL,VENTALV,VENTTUBE,0.0
MINVOL,ARTCO2,VENTALV,0.26173722511868536
MINVOL,ARTCO2,VENTALV,0.26173722511868536
MINVOL,ARTCO2,VENTALV,0.26173722511868536
MINVOL,ARTCO2,VENTALV,0.26173722511868536
MINVOL,ARTCO2,VENTALV,0.26173722511868536
MINVOL,ARTCO2,VENTALV,0.26173722511868536
MINVOL,ARTCO2,VENTALV,0.26173722511868536
MINVOL,ARTCO2,VENTALV,0.26173722511868536
MINVOL,ARTCO2,VENTALV,0.26173722511868536
MINVOL,CATECHOL,VENTALV,0.7335808843128138
MINVOL,CATECHOL,VENTALV,0.7335808843128138
MINVOL,CATECHOL,VENTALV,0.7335808843128138
MINVOL,CATECHOL,VENTALV,0.7335808843128138
MINVOL,CATECHOL,VENTALV,0.7335808843128138
MINVOL,CATECHOL,VENTALV,0.7335808843128138
MINVOL,CATECHOL,VENTALV,0.7335808843128138
MINVOL,CATECHOL,VENTALV,0.7335808843128138
MINVOL,CATECHOL,VENTALV,0.7335808843128138
MINVOL,HR,CATECHOL,0.8224047743981506
MINVOL,HR,CATECHOL,0.8224047743981506
MINVOL,HR,CATECHOL,0.8224047743981506
MINVOL,CO,CATECHOL,0.3346048943356312
MINVOL,CO,CATECHOL,0.3346048943356312
MINVOL,CO,CATECHOL,0.3346048943356312
MINVOL,BP,VENTLUNG,0.1314044478699557
MINVOL,BP,VENTLUNG,0.1314044478699557
MINVOL,BP,VENTLUNG,0.1314044478699557
MINVOL,BP,VENTLUNG,0.1314044478699557
MINVOL,BP,VENTLUNG,0.1314044478699557
FIO2,PVSAT,SAO2,2.106273171908529e-53
FIO2,SAO2,PVSAT,0.06842092664259726
PVSAT,SAO2,VENTTUBE,0.0
PVSAT,SAO2,VENTTUBE,0.0
PVSAT,SAO2,VENTTUBE,0.0
PVSAT,SAO2,VENTTUBE,0.0
PVSAT,SAO2,VENTTUBE,0.0
PVSAT,SAO2,VENTTUBE,0.0
PVSAT,SAO2,VENTTUBE,0.0
PVSAT,SAO2,VENTTUBE,0.0
PVSAT,SAO2,VENTTUBE,0.0
PVSAT,SAO2,VENTTUBE,0.0
PVSAT,SAO2,VENTTUBE,0.0
PVSAT,SAO2,VENTTUBE,0.0
PVSAT,SAO2,VENTTUBE,0.0
PVSAT,SAO2,VENTTUBE,0.0
PVSAT,SAO2,VENTTUBE,0.0
PVSAT,SAO2,VENTTUBE,0.0
PVSAT,SAO2,VENTTUBE,0.0
PVSAT,SAO2,VENTTUBE,0.0
PVSAT,SAO2,VENTTUBE,0.0
PVSAT,SAO2,VENTTUBE,0.0
PVSAT,SAO2,VENTTUBE,0.0
PVSAT,SHUNT,INTUBATION,0.05008972362861914
PVSAT,SHUNT,INTUBATION,0.05008972362861914
PVSAT,SHUNT,INTUBATION,0.05008972362861914
PVSAT,SHUNT,INTUBATION,0.05008972362861914
PVSAT,INTUBATION,VENTTUBE,9.298331291580296e-145
PVSAT,INTUBATION,VENTTUBE,9.298331291580296e-145
PVSAT,INTUBATION,VENTTUBE,9.298331291580296e-145
PVSAT,INTUBATION,VENTTUBE,9.298331291580296e-145
PVSAT,INTUBATION,VENTTUBE,9.298331291580296e-145
PVSAT,INTUBATION,VENTTUBE,9.298331291580296e-145
PVSAT,INTUBATION,VENTTUBE,9.298331291580296e-145
PVSAT,INTUBATION,VENTTUBE,9.298331291580296e-145
PVSAT,INTUBATION,VENTTUBE,9.298331291580296e-145
PVSAT,INTUBATION,VENTTUBE,9.298331291580296e-145
PVSAT,INTUBATION,VENTTUBE,9.298331291580296e-145
PVSAT,INTUBATION,VENTTUBE,9.298331291580296e-145
PVSAT,INTUBATION,VENTTUBE,9.298331291580296e-145
PVSAT,INTUBATION,VENTTUBE,9.298331291580296e-145
PVSAT,INTUBATION,VENTTUBE,9.298331291580296e-145
PVSAT,INTUBATION,VENTTUBE,9.298331291580296e-145
PVSAT,INTUBATION,VENTTUBE,9.298331291580296e-145
PVSAT,INTUBATION,VENTTUBE,9.298331291580296e-145
PVSAT,INTUBATION,VENTTUBE,9.298331291580296e-145
PVSAT,INTUBATION,VENTTUBE,9.298331291580296e-145
PVSAT,INTUBATION,VENTTUBE,9.298331291580296e-145
PVSAT,PRESS,VENTALV,0.23837185618044038
PVSAT,PRESS,VENTALV,0.23837185618044038
PVSAT,PRESS,VENTALV,0.23837185618044038
PVSAT,PRESS,VENTALV,0.23837185618044038
PVSAT,PRESS,VENTALV,0.23837185618044038
PVSAT,PRESS,VENTALV,0.23837185618044038
PVSAT,PRESS,VENTALV,0.23837185618044038
PVSAT,PRESS,VENTALV,0.23837185618044038
PVSAT,PRESS,VENTALV,0.23837185618044038
PVSAT,PRESS,VENTALV,0.23837185618044038
PVSAT,DISCONNECT,VENTALV,0.46796804936186687
PVSAT,DISCONNECT,VENTALV,0.46796804936186687
PVSAT,DISCONNECT,VENTALV,0.46796804936186687
PVSAT,DISCONNECT,VENTALV,0.46796804936186687
PVSAT,DISCONNECT,VENTALV,0.46796804936186687
PVSAT,DISCONNECT,VENTALV,0.46796804936186687
PVSAT,DISCONNECT,VENTALV,0.46796804936186687
PVSAT,DISCONNECT,VENTALV,0.46796804936186687
PVSAT,DISCONNECT,VENTALV,0.46796804936186687
PVSAT,DISCONNECT,VENTALV,0.46796804936186687
PVSAT,DISCONNECT,VENTALV,0.46796804936186687
PVSAT,MINVOLSET,VENTALV,0.16954423147933492
PVSAT,MINVOLSET,VENTALV,0.16954423147933492
PVSAT,MINVOLSET,VENTALV,0.16954423147933492
PVSAT,MINVOLSET,VENTALV,0.16954423147933492
PVSAT,MINVOLSET,VENTALV,0.16954423147933492
PVSAT,MINVOLSET,VENTALV,0.16954423147933492
PVSAT,MINVOLSET,VENTALV,0.16954423147933492
PVSAT,MINVOLSET,VENTALV,0.16954423147933492
PVSAT,MINVOLSET,VENTALV,0.16954423147933492
PVSAT,MINVOLSET,VENTALV,0.16954423147933492
PVSAT,MINVOLSET,VENTALV,0.16954423147933492
PVSAT,VENTMACH,VENTALV,0.10388811321843291
PVSAT,VENTMACH,VENTALV,0.10388811321843291
PVSAT,VENTMACH,VENTALV,0.10388811321843291
PVSAT,VENTMACH,VENTALV,0.10388811321843291
PVSAT,VENTMACH,VENTALV,0.10388811321843291
PVSAT,VENTMACH,VENTALV,0.10388811321843291
PVSAT,VENTMACH,VENTALV,0.10388811321843291
PVSAT,VENTMACH,VENTALV,0.10388811321843291
PVSAT,VENTMACH,VENTALV,0.10388811321843291
PVSAT,VENTMACH,VENTALV,0.10388811321843291
PVSAT,VENTMACH,VENTALV,0.10388811321843291
PVSAT,VENTTUBE,BP,0.0
PVSAT,VENTTUBE,BP,0.0
PVSAT,VENTTUBE,BP,0.0
PVSAT,VENTTUBE,BP,0.0
PVSAT,VENTTUBE,BP,0.0
PVSAT,VENTTUBE,BP,0.0
PVSAT,VENTTUBE,BP,0.0
PVSAT,VENTTUBE,BP,0.0
PVSAT,VENTTUBE,BP,0.0
PVSAT,VENTTUBE,BP,0.0
PVSAT,VENTTUBE,BP,0.0
PVSAT,VENTTUBE,BP,0.0
PVSAT,VENTTUBE,BP,0.0
PVSAT,VENTTUBE,BP,0.0
PVSAT,VENTTUBE,BP,0.0
PVSAT,VENTTUBE,BP,0.0
PVSAT,VENTTUBE,BP,0.0
PVSAT,VENTTUBE,BP,0.0
PVSAT,VENTTUBE,BP,0.0
PVSAT,VENTTUBE,BP,0.0
PVSAT,VENTTUBE,BP,0.0
PVSAT,VENTLUNG,VENTTUBE,0.0
PVSAT,VENTLUNG,VENTTUBE,0.0
PVSAT,VENTLUNG,VENTTUBE,0.0
PVSAT,VENTLUNG,VENTTUBE,0.0
PVSAT,VENTLUNG,VENTTUBE,0.0
PVSAT,VENTLUNG,VENTTUBE,0.0
PVSAT,VENTLUNG,VENTTUBE,0.0
PVSAT,VENTLUNG,VENTTUBE,0.0
PVSAT,VENTLUNG,VENTTUBE,0.0
PVSAT,VENTLUNG,VENTTUBE,0.0
PVSAT,VENTLUNG,VENTTUBE,0.0
PVSAT,VENTLUNG,VENTTUBE,0.0
PVSAT,VENTLUNG,VENTTUBE,0.0
PVSAT,VENTLUNG,VENTTUBE,0.0
PVSAT,VENTLUNG,VENTTUBE,0.0
PVSAT,VENTLUNG,VENTTUBE,0.0
PVSAT,VENTLUNG,VENTTUBE,0.0
PVSAT,VENTLUNG,VENTTUBE,0.0
PVSAT,VENTLUNG,VENTTUBE,0.0
PVSAT,VENTLUNG,VENTTUBE,0.0
PVSAT,VENTLUNG,VENTTUBE,0.0
PVSAT,VENTALV,VENTTUBE,0.0
PVSAT,VENTALV,VENTTUBE,0.0
PVSAT,VENTALV,VENTTUBE,0.0
PVSAT,VENTALV,VENTTUBE,0.0
PVSAT,VENTALV,VENTTUBE,0.0
PVSAT,VENTALV,VENTTUBE,0.0
PVSAT,VENTALV,VENTTUBE,0.0
PVSAT,VENTALV,VENTTUBE,0.0
PVSAT,VENTALV,VENTTUBE,0.0
PVSAT,VENTALV,VENTTUBE,0.0
PVSAT,VENTALV,VENTTUBE,0.0
PVSAT,VENTALV,VENTTUBE,0.0
PVSAT,VENTALV,VENTTUBE,0.0
PVSAT,VENTALV,VENTTUBE,0.0
PVSAT,VENTALV,VENTTUBE,0.0
PVSAT,VENTALV,VENTTUBE,0.0
PVSAT,VENTALV,VENTTUBE,0.0
PVSAT,VENTALV,VENTTUBE,0.0
PVSAT,VENTALV,VENTTUBE,0.0
PVSAT,VENTALV,VENTTUBE,0.0
PVSAT,VENTALV,VENTTUBE,0.0
PVSAT,ARTCO2,VENTTUBE,0.0
PVSAT,ARTCO2,VENTTUBE,0.0
PVSAT,ARTCO2,VENTTUBE,0.0
PVSAT,ARTCO2,VENTTUBE,0.0
PVSAT,ARTCO2,VENTTUBE,0.0
PVSAT,ARTCO2,VENTTUBE,0.0
PVSAT,ARTCO2,VENTTUBE,0.0
PVSAT,ARTCO2,VENTTUBE,0.0
PVSAT,ARTCO2,VENTTUBE,0.0
PVSAT,ARTCO2,VENTTUBE,0.0
PVSAT,ARTCO2,VENTTUBE,0.0
PVSAT,ARTCO2,VENTTUBE,0.0
PVSAT,ARTCO2,VENTTUBE,0.0
PVSAT,ARTCO2,VENTTUBE,0.0
PVSAT,ARTCO2,VENTTUBE,0.0
PVSAT,ARTCO2,VENTTUBE,0.0
PVSAT,ARTCO2,VENTTUBE,0.0
PVSAT,ARTCO2,VENTTUBE,0.0
PVSAT,ARTCO2,VENTTUBE,0.0
PVSAT,ARTCO2,VENTTUBE,0.0
PVSAT,ARTCO2,VENTTUBE,0.0
PVSAT,CATECHOL,VENTALV,0.11361080834923355
PVSAT,CATECHOL,VENTALV,0.11361080834923355
PVSAT,CATECHOL,VENTALV,0.11361080834923355
PVSAT,CATECHOL,VENTALV,0.11361080834923355
PVSAT,CATECHOL,VENTALV,0.11361080834923355
PVSAT,CATECHOL,VENTALV,0.11361080834923355
PVSAT,CATECHOL,VENTALV,0.11361080834923355
PVSAT,CATECHOL,VENTALV,0.11361080834923355
PVSAT,CATECHOL,VENTALV,0.11361080834923355
PVSAT,CATECHOL,VENTALV,0.11361080834923355
PVSAT,HR,CATECHOL,0.17542461285353073
PVSAT,HR,CATECHOL,0.17542461285353073
PVSAT,HR,CATECHOL,0.17542461285353073
PVSAT,CO,HR,0.4533792580980248
PVSAT,CO,HR,0.4533792580980248
PVSAT,CO,HR,0.4533792580980248
PVSAT,CO,HR,0.4533792580980248
PVSAT,CO,HR,0.4533792580980248
PVSAT,CO,HR,0.4533792580980248
PVSAT,BP,ARTCO2,0.4144952044847605
PVSAT,BP,ARTCO2,0.4144952044847605
PVSAT,BP,ARTCO2,0.4144952044847605
PVSAT,BP,ARTCO2,0.4144952044847605
PVSAT,BP,ARTCO2,0.4144952044847605
PVSAT,BP,ARTCO2,0.4144952044847605
PVSAT,BP,ARTCO2,0.4144952044847605
PVSAT,BP,ARTCO2,0.4144952044847605
SAO2,PULMEMBOLUS,VENTTUBE,1.2278021515689746e-14
SAO2,PULMEMBOLUS,VENTTUBE,1.2278021515689746e-14
SAO2,PULMEMBOLUS,VENTTUBE,1.2278021515689746e-14
SAO2,PULMEMBOLUS,VENTTUBE,1.2278021515689746e-14
SAO2,PULMEMBOLUS,VENTTUBE,1.2278021515689746e-14
SAO2,PULMEMBOLUS,VENTTUBE,1.2278021515689746e-14
SAO2,PULMEMBOLUS,VENTTUBE,1.2278021515689746e-14
SAO2,PULMEMBOLUS,VENTTUBE,1.2278021515689746e-14
SAO2,PULMEMBOLUS,VENTTUBE,1.2278021515689746e-14
SAO2,PULMEMBOLUS,VENTTUBE,1.2278021515689746e-14
SAO2,PULMEMBOLUS,VENTTUBE,1.2278021515689746e-14
SAO2,PULMEMBOLUS,VENTTUBE,1.2278021515689746e-14
SAO2,PULMEMBOLUS,VENTTUBE,1.2278021515689746e-14
SAO2,PULMEMBOLUS,VENTTUBE,1.2278021515689746e-14
SAO2,PULMEMBOLUS,VENTTUBE,1.2278021515689746e-14
SAO2,PULMEMBOLUS,VENTTUBE,1.2278021515689746e-14
SAO2,PULMEMBOLUS,VENTTUBE,1.2278021515689746e-14
SAO2,PULMEMBOLUS,VENTTUBE,1.2278021515689746e-14
SAO2,PULMEMBOLUS,VENTTUBE,1.2278021515689746e-14
SAO2,PULMEMBOLUS,VENTTUBE,1.2278021515689746e-14
SAO2,PULMEMBOLUS,VENTTUBE,1.2278021515689746e-14
SAO2,PULMEMBOLUS,VENTTUBE,1.2278021515689746e-14
SAO2,SHUNT,VENTTUBE,6.21859472268142e-222
SAO2,SHUNT,VENTTUBE,6.21859472268142e-222
SAO2,SHUNT,VENTTUBE,6.21859472268142e-222
SAO2,SHUNT,VENTTUBE,6.21859472268142e-222
SAO2,SHUNT,VENTTUBE,6.21859472268142e-222
SAO2,SHUNT,VENTTUBE,6.21859472268142e-222
SAO2,SHUNT,VENTTUBE,6.21859472268142e-222
SAO2,SHUNT,VENTTUBE,6.21859472268142e-222
SAO2,SHUNT,VENTTUBE,6.21859472268142e-222
SAO2,SHUNT,VENTTUBE,6.21859472268142e-222
SAO2,SHUNT,VENTTUBE,6.21859472268142e-222
SAO2,SHUNT,VENTTUBE,6.21859472268142e-222
SAO2,SHUNT,VENTTUBE,6.21859472268142e-222
SAO2,SHUNT,VENTTUBE,6.21859472268142e-222
SAO2,SHUNT,VENTTUBE,6.21859472268142e-222
SAO2,SHUNT,VENTTUBE,6.21859472268142e-222
SAO2,SHUNT,VENTTUBE,6.21859472268142e-222
SAO2,SHUNT,VENTTUBE,6.21859472268142e-222
SAO2,SHUNT,VENTTUBE,6.21859472268142e-222
SAO2,SHUNT,VENTTUBE,6.21859472268142e-222
SAO2,SHUNT,VENTTUBE,6.21859472268142e-222
SAO2,SHUNT,VENTTUBE,6.21859472268142e-222
SAO2,INTUBATION,VENTTUBE,1.032108165377535e-131
SAO2,INTUBATION,VENTTUBE,1.032108165377535e-131
SAO2,INTUBATION,VENTTUBE,1.032108165377535e-131
SAO2,INTUBATION,VENTTUBE,1.032108165377535e-131
SAO2,INTUBATION,VENTTUBE,1.032108165377535e-131
SAO2,INTUBATION,VENTTUBE,1.032108165377535e-131
SAO2,INTUBATION,VENTTUBE,1.032108165377535e-131
SAO2,INTUBATION,VENTTUBE,1.032108165377535e-131
SAO2,INTUBATION,VENTTUBE,1.032108165377535e-131
SAO2,INTUBATION,VENTTUBE,1.032108165377535e-131
SAO2,INTUBATION,VENTTUBE,1.032108165377535e-131
SAO2,INTUBATION,VENTTUBE,1.032108165377535e-131
SAO2,INTUBATION,VENTTUBE,1.032108165377535e-131
SAO2,INTUBATION,VENTTUBE,1.032108165377535e-131
SAO2,INTUBATION,VENTTUBE,1.032108165377535e-131
SAO2,INTUBATION,VENTTUBE,1.032108165377535e-131
SAO2,INTUBATION,VENTTUBE,1.032108165377535e-131
SAO2,INTUBATION,VENTTUBE,1.032108165377535e-131
SAO2,INTUBATION,VENTTUBE,1.032108165377535e-131
SAO2,INTUBATION,VENTTUBE,1.032108165377535e-131
SAO2,INTUBATION,VENTTUBE,1.032108165377535e-131
SAO2,INTUBATION,VENTTUBE,1.032108165377535e-131
SAO2,PRESS,PVSAT,0.5705430036082009
SAO2,PRESS,PVSAT,0.5705430036082009
SAO2,PRESS,PVSAT,0.5705430036082009
SAO2,PRESS,PVSAT,0.5705430036082009
SAO2,PRESS,PVSAT,0.5705430036082009
SAO2,PRESS,PVSAT,0.5705430036082009
SAO2,PRESS,PVSAT,0.5705430036082009
SAO2,PRESS,PVSAT,0.5705430036082009
SAO2,PRESS,PVSAT,0.5705430036082009
SAO2,DISCONNECT,PVSAT,0.5285274051957993
SAO2,DISCONNECT,PVSAT,0.5285274051957993
SAO2,DISCONNECT,PVSAT,0.5285274051957993
SAO2,DISCONNECT,PVSAT,0.5285274051957993
SAO2,DISCONNECT,PVSAT,0.5285274051957993
SAO2,DISCONNECT,PVSAT,0.5285274051957993
SAO2,DISCONNECT,PVSAT,0.5285274051957993
SAO2,DISCONNECT,PVSAT,0.5285274051957993
SAO2,DISCONNECT,PVSAT,0.5285274051957993
SAO2,DISCONNECT,PVSAT,0.5285274051957993
SAO2,MINVOLSET,PVSAT,0.3883768910630199
SAO2,MINVOLSET,PVSAT,0.3883768910630199
SAO2,MINVOLSET,PVSAT,0.3883768910630199
SAO2,MINVOLSET,PVSAT,0.3883768910630199
SAO2,MINVOLSET,PVSAT,0.3883768910630199
SAO2,MINVOLSET,PVSAT,0.3883768910630199
SAO2,MINVOLSET,PVSAT,0.3883768910630199
SAO2,MINVOLSET,PVSAT,0.3883768910630199
SAO2,MINVOLSET,PVSAT,0.3883768910630199
SAO2,MINVOLSET,PVSAT,0.3883768910630199
SAO2,VENTMACH,PVSAT,0.6022426163935168
SAO2,VENTMACH,PVSAT,0.6022426163935168
SAO2,VENTMACH,PVSAT,0.6022426163935168
SAO2,VENTMACH,PVSAT,0.6022426163935168
SAO2,VENTMACH,PVSAT,0.6022426163935168
SAO2,VENTMACH,PVSAT,0.6022426163935168
SAO2,VENTMACH,PVSAT,0.6022426163935168
SAO2,VENTMACH,PVSAT,0.6022426163935168
SAO2,VENTMACH,PVSAT,0.6022426163935168
SAO2,VENTMACH,PVSAT,0.6022426163935168
SAO2,VENTTUBE,BP,0.0
SAO2,VENTTUBE,BP,0.0
SAO2,VENTTUBE,BP,0.0
SAO2,VENTTUBE,BP,0.0
SAO2,VENTTUBE,BP,0.0
SAO2,VENTTUBE,BP,0.0
SAO2,VENTTUBE,BP,0.0
SAO2,VENTTUBE,BP,0.0
SAO2,VENTTUBE,BP,0.0
SAO2,VENTTUBE,BP,0.0
SAO2,VENTTUBE,BP,0.0
SAO2,VENTTUBE,BP,0.0
SAO2,VENTTUBE,BP,0.0
SAO2,VENTTUBE,BP,0.0
SAO2,VENTTUBE,BP,0.0
SAO2,VENTTUBE,BP,0.0
SAO2,VENTTUBE,BP,0.0
SAO2,VENTTUBE,BP,0.0
SAO2,VENTTUBE,BP,0.0
SAO2,VENTTUBE,BP,0.0
SAO2,VENTTUBE,BP,0.0
SAO2,VENTTUBE,BP,0.0
SAO2,VENTLUNG,PVSAT,0.28461922124839667
SAO2,VENTLUNG,PVSAT,0.28461922124839667
SAO2,VENTLUNG,PVSAT,0.28461922124839667
SAO2,VENTLUNG,PVSAT,0.28461922124839667
SAO2,VENTLUNG,PVSAT,0.28461922124839667
SAO2,VENTLUNG,PVSAT,0.28461922124839667
SAO2,VENTLUNG,PVSAT,0.28461922124839667
SAO2,VENTLUNG,PVSAT,0.28461922124839667
SAO2,VENTLUNG,PVSAT,0.28461922124839667
SAO2,VENTALV,VENTTUBE,0.0
SAO2,VENTALV,VENTTUBE,0.0
SAO2,VENTALV,VENTTUBE,0.0
SAO2,VENTALV,VENTTUBE,0.0
SAO2,VENTALV,VENTTUBE,0.0
SAO2,VENTALV,VENTTUBE,0.0
SAO2,VENTALV,VENTTUBE,0.0
SAO2,VENTALV,VENTTUBE,0.0
SAO2,VENTALV,VENTTUBE,0.0
SAO2,VENTALV,VENTTUBE,0.0
SAO2,VENTALV,VENTTUBE,0.0
SAO2,VENTALV,VENTTUBE,0.0
SAO2,VENTALV,VENTTUBE,0.0
SAO2,VENTALV,VENTTUBE,0.0
SAO2,VENTALV,VENTTUBE,0.0
SAO2,VENTALV,VENTTUBE,0.0
SAO2,VENTALV,VENTTUBE,0.0
SAO2,VENTALV,VENTTUBE,0.0
SAO2,VENTALV,VENTTUBE,0.0
SAO2,VENTALV,VENTTUBE,0.0
SAO2,VENTALV,VENTTUBE,0.0
SAO2,VENTALV,VENTTUBE,0.0
SAO2,ARTCO2,VENTTUBE,0.0
SAO2,ARTCO2,VENTTUBE,0.0
SAO2,ARTCO2,VENTTUBE,0.0
SAO2,ARTCO2,VENTTUBE,0.0
SAO2,ARTCO2,VENTTUBE,0.0
SAO2,ARTCO2,VENTTUBE,0.0
SAO2,ARTCO2,VENTTUBE,0.0
SAO2,ARTCO2,VENTTUBE,0.0
SAO2,ARTCO2,VENTTUBE,0.0
SAO2,ARTCO2,VENTTUBE,0.0
SAO2,ARTCO2,VENTTUBE,0.0
SAO2,ARTCO2,VENTTUBE,0.0
SAO2,ARTCO2,VENTTUBE,0.0
SAO2,ARTCO2,VENTTUBE,0.0
SAO2,ARTCO2,VENTTUBE,0.0
SAO2,ARTCO2,VENTTUBE,0.0
SAO2,ARTCO2,VENTTUBE,0.0
SAO2,ARTCO2,VENTTUBE,0.0
SAO2,ARTCO2,VENTTUBE,0.0
SAO2,ARTCO2,VENTTUBE,0.0
SAO2,ARTCO2,VENTTUBE,0.0
SAO2,ARTCO2,VENTTUBE,0.0
SAO2,CATECHOL,VENTTUBE,1.848013886234232e-167
SAO2,CATECHOL,VENTTUBE,1.848013886234232e-167
SAO2,CATECHOL,VENTTUBE,1.848013886234232e-167
SAO2,CATECHOL,VENTTUBE,1.848013886234232e-167
SAO2,CATECHOL,VENTTUBE,1.848013886234232e-167
SAO2,CATECHOL,VENTTUBE,1.848013886234232e-167
SAO2,CATECHOL,VENTTUBE,1.848013886234232e-167
SAO2,CATECHOL,VENTTUBE,1.848013886234232e-167
SAO2,CATECHOL,VENTTUBE,1.848013886234232e-167
SAO2,CATECHOL,VENTTUBE,1.848013886234232e-167
SAO2,CATECHOL,VENTTUBE,1.848013886234232e-167
SAO2,CATECHOL,VENTTUBE,1.848013886234232e-167
SAO2,CATECHOL,VENTTUBE,1.848013886234232e-167
SAO2,CATECHOL,VENTTUBE,1.848013886234232e-167
SAO2,CATECHOL,VENTTUBE,1.848013886234232e-167
SAO2,CATECHOL,VENTTUBE,1.848013886234232e-167
SAO2,CATECHOL,VENTTUBE,1.848013886234232e-167
SAO2,CATECHOL,VENTTUBE,1.848013886234232e-167
SAO2,CATECHOL,VENTTUBE,1.848013886234232e-167
SAO2,CATECHOL,VENTTUBE,1.848013886234232e-167
SAO2,CATECHOL,VENTTUBE,1.848013886234232e-167
SAO2,CATECHOL,VENTTUBE,1.848013886234232e-167
SAO2,HR,CATECHOL,0.289380024879764
SAO2,HR,CATECHOL,0.289380024879764
SAO2,HR,CATECHOL,0.289380024879764
SAO2,CO,CATECHOL,0.4063978082611998
SAO2,CO,CATECHOL,0.4063978082611998
SAO2,CO,CATECHOL,0.4063978082611998
SAO2,BP,VENTLUNG,0.10191416994984498
SAO2,BP,VENTLUNG,0.10191416994984498
SAO2,BP,VENTLUNG,0.10191416994984498
SAO2,BP,VENTLUNG,0.10191416994984498
SAO2,BP,VENTLUNG,0.10191416994984498
PAP,PULMEMBOLUS,SHUNT,1.5679334798145414e-128
PAP,SHUNT,PULMEMBOLUS,0.7612201872705364
PULMEMBOLUS,SHUNT,PAP,9.722496494118427e-117
PULMEMBOLUS,SHUNT,PAP,9.722496494118427e-117
PULMEMBOLUS,SHUNT,PAP,9.722496494118427e-117
SHUNT,INTUBATION,TPR,0.0
SHUNT,INTUBATION,TPR,0.0
SHUNT,INTUBATION,TPR,0.0
SHUNT,INTUBATION,TPR,0.0
SHUNT,INTUBATION,TPR,0.0
SHUNT,INTUBATION,TPR,0.0
SHUNT,INTUBATION,TPR,0.0
SHUNT,INTUBATION,TPR,0.0
SHUNT,INTUBATION,TPR,0.0
SHUNT,INTUBATION,TPR,0.0
SHUNT,INTUBATION,TPR,0.0
SHUNT,PRESS,INTUBATION,0.7285010178486456
SHUNT,PRESS,INTUBATION,0.7285010178486456
SHUNT,VENTLUNG,INTUBATION,0.18269255272596474
SHUNT,VENTLUNG,INTUBATION,0.18269255272596474
SHUNT,VENTLUNG,INTUBATION,0.18269255272596474
SHUNT,VENTALV,INTUBATION,0.2683228520638087
SHUNT,VENTALV,INTUBATION,0.2683228520638087
SHUNT,ARTCO2,VENTALV,0.05984873828368307
INTUBATION,PRESS,MINVOL,7.60896697719033e-192
INTUBATION,PRESS,MINVOL,7.60896697719033e-192
INTUBATION,PRESS,MINVOL,7.60896697719033e-192
INTUBATION,PRESS,MINVOL,7.60896697719033e-192
INTUBATION,PRESS,MINVOL,7.60896697719033e-192
INTUBATION,PRESS,MINVOL,7.60896697719033e-192
INTUBATION,PRESS,MINVOL,7.60896697719033e-192
INTUBATION,PRESS,MINVOL,7.60896697719033e-192
INTUBATION,PRESS,MINVOL,7.60896697719033e-192
INTUBATION,VENTLUNG,MINVOL,0.0
INTUBATION,VENTLUNG,MINVOL,0.0
INTUBATION,VENTLUNG,MINVOL,0.0
INTUBATION,VENTLUNG,MINVOL,0.0
INTUBATION,VENTLUNG,MINVOL,0.0
INTUBATION,VENTLUNG,MINVOL,0.0
INTUBATION,VENTLUNG,MINVOL,0.0
INTUBATION,VENTLUNG,MINVOL,0.0
INTUBATION,VENTLUNG,MINVOL,0.0
INTUBATION,VENTALV,MINVOL,0.0
INTUBATION,VENTALV,MINVOL,0.0
INTUBATION,VENTALV,MINVOL,0.0
INTUBATION,VENTALV,MINVOL,0.0
INTUBATION,VENTALV,MINVOL,0.0
INTUBATION,VENTALV,MINVOL,0.0
INTUBATION,VENTALV,MINVOL,0.0
INTUBATION,VENTALV,MINVOL,0.0
INTUBATION,VENTALV,MINVOL,0.0
INTUBATION,ARTCO2,VENTALV,0.05348660794554174
INTUBATION,CATECHOL,VENTALV,0.4206485899683587
PRESS,DISCONNECT,VENTTUBE,0.4053954366399464
PRESS,DISCONNECT,VENTTUBE,0.4053954366399464
PRESS,DISCONNECT,VENTTUBE,0.4053954366399464
PRESS,DISCONNECT,VENTTUBE,0.4053954366399464
PRESS,DISCONNECT,VENTTUBE,0.4053954366399464
PRESS,DISCONNECT,VENTTUBE,0.4053954366399464
PRESS,DISCONNECT,VENTTUBE,0.4053954366399464
PRESS,DISCONNECT,VENTTUBE,0.4053954366399464
PRESS,DISCONNECT,VENTTUBE,0.4053954366399464
PRESS,DISCONNECT,VENTTUBE,0.4053954366399464
PRESS,DISCONNECT,VENTTUBE,0.4053954366399464
PRESS,DISCONNECT,VENTTUBE,0.4053954366399464
PRESS,DISCONNECT,VENTTUBE,0.4053954366399464
PRESS,DISCONNECT,VENTTUBE,0.4053954366399464
PRESS,DISCONNECT,VENTTUBE,0.4053954366399464
PRESS,DISCONNECT,VENTTUBE,0.4053954366399464
PRESS,DISCONNECT,VENTTUBE,0.4053954366399464
PRESS,DISCONNECT,VENTTUBE,0.4053954366399464
PRESS,DISCONNECT,VENTTUBE,0.4053954366399464
PRESS,DISCONNECT,VENTTUBE,0.4053954366399464
PRESS,MINVOLSET,VENTTUBE,0.283120093427123
PRESS,MINVOLSET,VENTTUBE,0.283120093427123
PRESS,MINVOLSET,VENTTUBE,0.283120093427123
PRESS,MINVOLSET,VENTTUBE,0.283120093427123
PRESS,MINVOLSET,VENTTUBE,0.283120093427123
PRESS,MINVOLSET,VENTTUBE,0.283120093427123
PRESS,MINVOLSET,VENTTUBE,0.283120093427123
PRESS,MINVOLSET,VENTTUBE,0.283120093427123
PRESS,MINVOLSET,VENTTUBE,0.283120093427123
PRESS,MINVOLSET,VENTTUBE,0.283120093427123
PRESS,MINVOLSET,VENTTUBE,0.283120093427123
PRESS,MINVOLSET,VENTTUBE,0.283120093427123
PRESS,MINVOLSET,VENTTUBE,0.283120093427123
PRESS,MINVOLSET,VENTTUBE,0.283120093427123
PRESS,MINVOLSET,VENTTUBE,0.283120093427123
PRESS,MINVOLSET,VENTTUBE,0.283120093427123
PRESS,MINVOLSET,VENTTUBE,0.283120093427123
PRESS,MINVOLSET,VENTTUBE,0.283120093427123
PRESS,MINVOLSET,VENTTUBE,0.283120093427123
PRESS,MINVOLSET,VENTTUBE,0.283120093427123
PRESS,VENTMACH,VENTTUBE,0.1610887934727728
PRESS,VENTMACH,VENTTUBE,0.1610887934727728
PRESS,VENTMACH,VENTTUBE,0.1610887934727728
PRESS,VENTMACH,VENTTUBE,0.1610887934727728
PRESS,VENTMACH,VENTTUBE,0.1610887934727728
PRESS,VENTMACH,VENTTUBE,0.1610887934727728
PRESS,VENTMACH,VENTTUBE,0.1610887934727728
PRESS,VENTMACH,VENTTUBE,0.1610887934727728
PRESS,VENTMACH,VENTTUBE,0.1610887934727728
PRESS,VENTMACH,VENTTUBE,0.1610887934727728
PRESS,VENTMACH,VENTTUBE,0.1610887934727728
PRESS,VENTMACH,VENTTUBE,0.1610887934727728
PRESS,VENTMACH,VENTTUBE,0.1610887934727728
PRESS,VENTMACH,VENTTUBE,0.1610887934727728
PRESS,VENTMACH,VENTTUBE,0.1610887934727728
PRESS,VENTMACH,VENTTUBE,0.1610887934727728
PRESS,VENTMACH,VENTTUBE,0.1610887934727728
PRESS,VENTMACH,VENTTUBE,0.1610887934727728
PRESS,VENTMACH,VENTTUBE,0.1610887934727728
PRESS,VENTMACH,VENTTUBE,0.1610887934727728
PRESS,VENTTUBE,BP,0.0
PRESS,VENTTUBE,BP,0.0
PRESS,VENTTUBE,BP,0.0
PRESS,VENTTUBE,BP,0.0
PRESS,VENTTUBE,BP,0.0
PRESS,VENTTUBE,BP,0.0
PRESS,VENTTUBE,BP,0.0
PRESS,VENTTUBE,BP,0.0
PRESS,VENTTUBE,BP,0.0
PRESS,VENTTUBE,BP,0.0
PRESS,VENTTUBE,BP,0.0
PRESS,VENTTUBE,BP,0.0
PRESS,VENTTUBE,BP,0.0
PRESS,VENTTUBE,BP,0.0
PRESS,VENTTUBE,BP,0.0
PRESS,VENTTUBE,BP,0.0
PRESS,VENTTUBE,BP,0.0
PRESS,VENTTUBE,BP,0.0
PRESS,VENTTUBE,BP,0.0
PRESS,VENTTUBE,BP,0.0
PRESS,VENTLUNG,VENTTUBE,0.0
PRESS,VENTLUNG,VENTTUBE,0.0
PRESS,VENTLUNG,VENTTUBE,0.0
PRESS,VENTLUNG,VENTTUBE,0.0
PRESS,VENTLUNG,VENTTUBE,0.0
PRESS,VENTLUNG,VENTTUBE,0.0
PRESS,VENTLUNG,VENTTUBE,0.0
PRESS,VENTLUNG,VENTTUBE,0.0
PRESS,VENTLUNG,VENTTUBE,0.0
PRESS,VENTLUNG,VENTTUBE,0.0
PRESS,VENTLUNG,VENTTUBE,0.0
PRESS,VENTLUNG,VENTTUBE,0.0
PRESS,VENTLUNG,VENTTUBE,0.0
PRESS,VENTLUNG,VENTTUBE,0.0
PRESS,VENTLUNG,VENTTUBE,0.0
PRESS,VENTLUNG,VENTTUBE,0.0
PRESS,VENTLUNG,VENTTUBE,0.0
PRESS,VENTLUNG,VENTTUBE,0.0
PRESS,VENTLUNG,VENTTUBE,0.0
PRESS,VENTLUNG,VENTTUBE,0.0
PRESS,VENTALV,VENTTUBE,0.0
PRESS,VENTALV,VENTTUBE,0.0
PRESS,VENTALV,VENTTUBE,0.0
PRESS,VENTALV,VENTTUBE,0.0
PRESS,VENTALV,VENTTUBE,0.0
PRESS,VENTALV,VENTTUBE,0.0
PRESS,VENTALV,VENTTUBE,0.0
PRESS,VENTALV,VENTTUBE,0.0
PRESS,VENTALV,VENTTUBE,0.0
PRESS,VENTALV,VENTTUBE,0.0
PRESS,VENTALV,VENTTUBE,0.0
PRESS,VENTALV,VENTTUBE,0.0
PRESS,VENTALV,VENTTUBE,0.0
PRESS,VENTALV,VENTTUBE,0.0
PRESS,VENTALV,VENTTUBE,0.0
PRESS,VENTALV,VENTTUBE,0.0
PRESS,VENTALV,VENTTUBE,0.0
PRESS,VENTALV,VENTTUBE,0.0
PRESS,VENTALV,VENTTUBE,0.0
PRESS,VENTALV,VENTTUBE,0.0
PRESS,ARTCO2,VENTALV,0.4445935994137922
PRESS,ARTCO2,VENTALV,0.4445935994137922
PRESS,ARTCO2,VENTALV,0.4445935994137922
PRESS,ARTCO2,VENTALV,0.4445935994137922
PRESS,ARTCO2,VENTALV,0.4445935994137922
PRESS,ARTCO2,VENTALV,0.4445935994137922
PRESS,ARTCO2,VENTALV,0.4445935994137922
PRESS,ARTCO2,VENTALV,0.4445935994137922
PRESS,ARTCO2,VENTALV,0.4445935994137922
PRESS,CATECHOL,PVSAT,0.05470339242350648
PRESS,CATECHOL,PVSAT,0.05470339242350648
PRESS,CATECHOL,PVSAT,0.05470339242350648
PRESS,CATECHOL,PVSAT,0.05470339242350648
PRESS,CATECHOL,PVSAT,0.05470339242350648
PRESS,CATECHOL,PVSAT,0.05470339242350648
PRESS,CATECHOL,PVSAT,0.05470339242350648
PRESS,HR,HRSAT,0.12357360969994446
PRESS,CO,HRSAT,0.36318120429411255
PRESS,BP,HRSAT,0.245976393418771
DISCONNECT,VENTTUBE,BP,0.0
DISCONNECT,VENTTUBE,BP,0.0
DISCONNECT,VENTTUBE,BP,0.0
DISCONNECT,VENTTUBE,BP,0.0
DISCONNECT,VENTTUBE,BP,0.0
DISCONNECT,VENTTUBE,BP,0.0
DISCONNECT,VENTTUBE,BP,0.0
DISCONNECT,VENTTUBE,BP,0.0
DISCONNECT,VENTTUBE,BP,0.0
DISCONNECT,VENTTUBE,BP,0.0
DISCONNECT,VENTTUBE,BP,0.0
DISCONNECT,VENTTUBE,BP,0.0
DISCONNECT,VENTTUBE,BP,0.0
DISCONNECT,VENTTUBE,BP,0.0
DISCONNECT,VENTTUBE,BP,0.0
DISCONNECT,VENTTUBE,BP,0.0
DISCONNECT,VENTLUNG,VENTTUBE,0.513699958560393
DISCONNECT,VENTLUNG,VENTTUBE,0.513699958560393
DISCONNECT,VENTLUNG,VENTTUBE,0.513699958560393
DISCONNECT,VENTLUNG,VENTTUBE,0.513699958560393
DISCONNECT,VENTLUNG,VENTTUBE,0.513699958560393
DISCONNECT,VENTLUNG,VENTTUBE,0.513699958560393
DISCONNECT,VENTLUNG,VENTTUBE,0.513699958560393
DISCONNECT,VENTLUNG,VENTTUBE,0.513699958560393
DISCONNECT,VENTLUNG,VENTTUBE,0.513699958560393
DISCONNECT,VENTLUNG,VENTTUBE,0.513699958560393
DISCONNECT,VENTLUNG,VENTTUBE,0.513699958560393
DISCONNECT,VENTLUNG,VENTTUBE,0.513699958560393
DISCONNECT,VENTLUNG,VENTTUBE,0.513699958560393
DISCONNECT,VENTLUNG,VENTTUBE,0.513699958560393
DISCONNECT,VENTLUNG,VENTTUBE,0.513699958560393
DISCONNECT,VENTLUNG,VENTTUBE,0.513699958560393
DISCONNECT,VENTALV,VENTTUBE,0.9000976319103141
DISCONNECT,VENTALV,VENTTUBE,0.9000976319103141
DISCONNECT,VENTALV,VENTTUBE,0.9000976319103141
DISCONNECT,VENTALV,VENTTUBE,0.9000976319103141
DISCONNECT,VENTALV,VENTTUBE,0.9000976319103141
DISCONNECT,VENTALV,VENTTUBE,0.9000976319103141
DISCONNECT,VENTALV,VENTTUBE,0.9000976319103141
DISCONNECT,VENTALV,VENTTUBE,0.9000976319103141
DISCONNECT,VENTALV,VENTTUBE,0.9000976319103141
DISCONNECT,VENTALV,VENTTUBE,0.9000976319103141
DISCONNECT,VENTALV,VENTTUBE,0.9000976319103141
DISCONNECT,VENTALV,VENTTUBE,0.9000976319103141
DISCONNECT,VENTALV,VENTTUBE,0.9000976319103141
DISCONNECT,VENTALV,VENTTUBE,0.9000976319103141
DISCONNECT,VENTALV,VENTTUBE,0.9000976319103141
DISCONNECT,VENTALV,VENTTUBE,0.9000976319103141
DISCONNECT,ARTCO2,VENTALV,0.7744005513115221
DISCONNECT,ARTCO2,VENTALV,0.7744005513115221
DISCONNECT,ARTCO2,VENTALV,0.7744005513115221
DISCONNECT,ARTCO2,VENTALV,0.7744005513115221
DISCONNECT,ARTCO2,VENTALV,0.7744005513115221
DISCONNECT,ARTCO2,VENTALV,0.7744005513115221
DISCONNECT,ARTCO2,VENTALV,0.7744005513115221
DISCONNECT,ARTCO2,VENTALV,0.7744005513115221
DISCONNECT,ARTCO2,VENTALV,0.7744005513115221
DISCONNECT,CATECHOL,ARTCO2,0.5133126763935616
DISCONNECT,CATECHOL,ARTCO2,0.5133126763935616
DISCONNECT,CATECHOL,ARTCO2,0.5133126763935616
DISCONNECT,CATECHOL,ARTCO2,0.5133126763935616
DISCONNECT,CATECHOL,ARTCO2,0.5133126763935616
DISCONNECT,CATECHOL,ARTCO2,0.5133126763935616
DISCONNECT,HR,CATECHOL,0.7604525846426431
DISCONNECT,HR,CATECHOL,0.7604525846426431
DISCONNECT,HR,CATECHOL,0.7604525846426431
DISCONNECT,CO,HRSAT,0.1820117177142933
DISCONNECT,CO,HRSAT,0.1820117177142933
DISCONNECT,BP,PRESS,0.06030892601036004
MINVOLSET,VENTMACH,VENTTUBE,0.0
MINVOLSET,VENTMACH,VENTTUBE,0.0
MINVOLSET,VENTMACH,VENTTUBE,0.0
MINVOLSET,VENTMACH,VENTTUBE,0.0
MINVOLSET,VENTMACH,VENTTUBE,0.0
MINVOLSET,VENTMACH,VENTTUBE,0.0
MINVOLSET,VENTMACH,VENTTUBE,0.0
MINVOLSET,VENTMACH,VENTTUBE,0.0
MINVOLSET,VENTMACH,VENTTUBE,0.0
MINVOLSET,VENTMACH,VENTTUBE,0.0
MINVOLSET,VENTMACH,VENTTUBE,0.0
MINVOLSET,VENTMACH,VENTTUBE,0.0
MINVOLSET,VENTMACH,VENTTUBE,0.0
MINVOLSET,VENTMACH,VENTTUBE,0.0
MINVOLSET,VENTMACH,VENTTUBE,0.0
MINVOLSET,VENTMACH,VENTTUBE,0.0
MINVOLSET,VENTTUBE,BP,0.0
MINVOLSET,VENTTUBE,BP,0.0
MINVOLSET,VENTTUBE,BP,0.0
MINVOLSET,VENTTUBE,BP,0.0
MINVOLSET,VENTTUBE,BP,0.0
MINVOLSET,VENTTUBE,BP,0.0
MINVOLSET,VENTTUBE,BP,0.0
MINVOLSET,VENTTUBE,BP,0.0
MINVOLSET,VENTTUBE,BP,0.0
MINVOLSET,VENTTUBE,BP,0.0
MINVOLSET,VENTTUBE,BP,0.0
MINVOLSET,VENTTUBE,BP,0.0
MINVOLSET,VENTTUBE,BP,0.0
MINVOLSET,VENTTUBE,BP,0.0
MINVOLSET,VENTTUBE,BP,0.0
MINVOLSET,VENTTUBE,BP,0.0
MINVOLSET,VENTLUNG,VENTMACH,0.45170962914317664
MINVOLSET,VENTLUNG,VENTMACH,0.45170962914317664
MINVOLSET,VENTLUNG,VENTMACH,0.45170962914317664
MINVOLSET,VENTLUNG,VENTMACH,0.45170962914317664
MINVOLSET,VENTLUNG,VENTMACH,0.45170962914317664
MINVOLSET,VENTLUNG,VENTMACH,0.45170962914317664
MINVOLSET,VENTLUNG,VENTMACH,0.45170962914317664
MINVOLSET,VENTLUNG,VENTMACH,0.45170962914317664
MINVOLSET,VENTLUNG,VENTMACH,0.45170962914317664
MINVOLSET,VENTLUNG,VENTMACH,0.45170962914317664
MINVOLSET,VENTLUNG,VENTMACH,0.45170962914317664
MINVOLSET,VENTLUNG,VENTMACH,0.45170962914317664
MINVOLSET,VENTALV,VENTMACH,0.3466063096366782
MINVOLSET,VENTALV,VENTMACH,0.3466063096366782
MINVOLSET,VENTALV,VENTMACH,0.3466063096366782
MINVOLSET,VENTALV,VENTMACH,0.3466063096366782
MINVOLSET,VENTALV,VENTMACH,0.3466063096366782
MINVOLSET,VENTALV,VENTMACH,0.3466063096366782
MINVOLSET,VENTALV,VENTMACH,0.3466063096366782
MINVOLSET,VENTALV,VENTMACH,0.3466063096366782
MINVOLSET,VENTALV,VENTMACH,0.3466063096366782
MINVOLSET,VENTALV,VENTMACH,0.3466063096366782
MINVOLSET,VENTALV,VENTMACH,0.3466063096366782
MINVOLSET,VENTALV,VENTMACH,0.3466063096366782
MINVOLSET,ARTCO2,VENTALV,0.9480435833924491
MINVOLSET,ARTCO2,VENTALV,0.9480435833924491
MINVOLSET,ARTCO2,VENTALV,0.9480435833924491
MINVOLSET,ARTCO2,VENTALV,0.9480435833924491
MINVOLSET,ARTCO2,VENTALV,0.9480435833924491
MINVOLSET,ARTCO2,VENTALV,0.9480435833924491
MINVOLSET,ARTCO2,VENTALV,0.9480435833924491
MINVOLSET,ARTCO2,VENTALV,0.9480435833924491
MINVOLSET,ARTCO2,VENTALV,0.9480435833924491
MINVOLSET,CATECHOL,ARTCO2,0.12091887686136019
MINVOLSET,CATECHOL,ARTCO2,0.12091887686136019
MINVOLSET,CATECHOL,ARTCO2,0.12091887686136019
MINVOLSET,CATECHOL,ARTCO2,0.12091887686136019
MINVOLSET,CATECHOL,ARTCO2,0.12091887686136019
MINVOLSET,CATECHOL,ARTCO2,0.12091887686136019
MINVOLSET,HR,CATECHOL,0.39288296574093357
MINVOLSET,HR,CATECHOL,0.39288296574093357
MINVOLSET,HR,CATECHOL,0.39288296574093357
MINVOLSET,CO,HRSAT,0.18756448827199293
MINVOLSET,CO,HRSAT,0.18756448827199293
MINVOLSET,BP,PRESS,0.05963911900747445
VENTMACH,VENTTUBE,BP,0.0
VENTMACH,VENTTUBE,BP,0.0
VENTMACH,VENTTUBE,BP,0.0
VENTMACH,VENTTUBE,BP,0.0
VENTMACH,VENTTUBE,BP,0.0
VENTMACH,VENTTUBE,BP,0.0
VENTMACH,VENTTUBE,BP,0.0
VENTMACH,VENTTUBE,BP,0.0
VENTMACH,VENTTUBE,BP,0.0
VENTMACH,VENTTUBE,BP,0.0
VENTMACH,VENTTUBE,BP,0.0
VENTMACH,VENTTUBE,BP,0.0
VENTMACH,VENTTUBE,BP,0.0
VENTMACH,VENTTUBE,BP,0.0
VENTMACH,VENTTUBE,BP,0.0
VENTMACH,VENTTUBE,BP,0.0
VENTMACH,VENTTUBE,BP,0.0
VENTMACH,VENTLUNG,VENTTUBE,0.06302957938249663
VENTMACH,VENTLUNG,VENTTUBE,0.06302957938249663
VENTMACH,VENTLUNG,VENTTUBE,0.06302957938249663
VENTMACH,VENTLUNG,VENTTUBE,0.06302957938249663
VENTMACH,VENTLUNG,VENTTUBE,0.06302957938249663
VENTMACH,VENTLUNG,VENTTUBE,0.06302957938249663
VENTMACH,VENTLUNG,VENTTUBE,0.06302957938249663
VENTMACH,VENTLUNG,VENTTUBE,0.06302957938249663
VENTMACH,VENTLUNG,VENTTUBE,0.06302957938249663
VENTMACH,VENTLUNG,VENTTUBE,0.06302957938249663
VENTMACH,VENTLUNG,VENTTUBE,0.06302957938249663
VENTMACH,VENTLUNG,VENTTUBE,0.06302957938249663
VENTMACH,VENTLUNG,VENTTUBE,0.06302957938249663
VENTMACH,VENTLUNG,VENTTUBE,0.06302957938249663
VENTMACH,VENTLUNG,VENTTUBE,0.06302957938249663
VENTMACH,VENTLUNG,VENTTUBE,0.06302957938249663
VENTMACH,VENTLUNG,VENTTUBE,0.06302957938249663
VENTMACH,VENTALV,VENTTUBE,0.47515226474379946
VENTMACH,VENTALV,VENTTUBE,0.47515226474379946
VENTMACH,VENTALV,VENTTUBE,0.47515226474379946
VENTMACH,VENTALV,VENTTUBE,0.47515226474379946
VENTMACH,VENTALV,VENTTUBE,0.47515226474379946
VENTMACH,VENTALV,VENTTUBE,0.47515226474379946
VENTMACH,VENTALV,VENTTUBE,0.47515226474379946
VENTMACH,VENTALV,VENTTUBE,0.47515226474379946
VENTMACH,VENTALV,VENTTUBE,0.47515226474379946
VENTMACH,VENTALV,VENTTUBE,0.47515226474379946
VENTMACH,VENTALV,VENTTUBE,0.47515226474379946
VENTMACH,VENTALV,VENTTUBE,0.47515226474379946
VENTMACH,VENTALV,VENTTUBE,0.47515226474379946
VENTMACH,VENTALV,VENTTUBE,0.47515226474379946
VENTMACH,VENTALV,VENTTUBE,0.47515226474379946
VENTMACH,VENTALV,VENTTUBE,0.47515226474379946
VENTMACH,VENTALV,VENTTUBE,0.47515226474379946
VENTMACH,ARTCO2,VENTALV,0.9402110803514274
VENTMACH,ARTCO2,VENTALV,0.9402110803514274
VENTMACH,ARTCO2,VENTALV,0.9402110803514274
VENTMACH,ARTCO2,VENTALV,0.9402110803514274
VENTMACH,ARTCO2,VENTALV,0.9402110803514274
VENTMACH,ARTCO2,VENTALV,0.9402110803514274
VENTMACH,ARTCO2,VENTALV,0.9402110803514274
VENTMACH,ARTCO2,VENTALV,0.9402110803514274
VENTMACH,ARTCO2,VENTALV,0.9402110803514274
VENTMACH,ARTCO2,VENTALV,0.9402110803514274
VENTMACH,CATECHOL,ARTCO2,0.08644910381309669
VENTMACH,CATECHOL,ARTCO2,0.08644910381309669
VENTMACH,CATECHOL,ARTCO2,0.08644910381309669
VENTMACH,CATECHOL,ARTCO2,0.08644910381309669
VENTMACH,CATECHOL,ARTCO2,0.08644910381309669
VENTMACH,CATECHOL,ARTCO2,0.08644910381309669
VENTMACH,HR,CATECHOL,0.8529483148193692
VENTMACH,HR,CATECHOL,0.8529483148193692
VENTMACH,HR,CATECHOL,0.8529483148193692
VENTMACH,CO,HRSAT,0.5144941367867722
VENTMACH,CO,HRSAT,0.5144941367867722
VENTMACH,BP,PRESS,0.09452352182528583
VENTTUBE,VENTLUNG,BP,0.0
VENTTUBE,VENTLUNG,BP,0.0
VENTTUBE,VENTLUNG,BP,0.0
VENTTUBE,VENTLUNG,BP,0.0
VENTTUBE,VENTLUNG,BP,0.0
VENTTUBE,VENTLUNG,BP,0.0
VENTTUBE,VENTLUNG,BP,0.0
VENTTUBE,VENTLUNG,BP,0.0
VENTTUBE,VENTLUNG,BP,0.0
VENTTUBE,VENTLUNG,BP,0.0
VENTTUBE,VENTLUNG,BP,0.0
VENTTUBE,VENTLUNG,BP,0.0
VENTTUBE,VENTLUNG,BP,0.0
VENTTUBE,VENTLUNG,BP,0.0
VENTTUBE,VENTLUNG,BP,0.0
VENTTUBE,VENTLUNG,BP,0.0
VENTTUBE,VENTLUNG,BP,0.0
VENTTUBE,VENTALV,BP,0.0
VENTTUBE,VENTALV,BP,0.0
VENTTUBE,VENTALV,BP,0.0
VENTTUBE,VENTALV,BP,0.0
VENTTUBE,VENTALV,BP,0.0
VENTTUBE,VENTALV,BP,0.0
VENTTUBE,VENTALV,BP,0.0
VENTTUBE,VENTALV,BP,0.0
VENTTUBE,VENTALV,BP,0.0
VENTTUBE,VENTALV,BP,0.0
VENTTUBE,VENTALV,BP,0.0
VENTTUBE,VENTALV,BP,0.0
VENTTUBE,VENTALV,BP,0.0
VENTTUBE,VENTALV,BP,0.0
VENTTUBE,VENTALV,BP,0.0
VENTTUBE,VENTALV,BP,0.0
VENTTUBE,VENTALV,BP,0.0
VENTTUBE,ARTCO2,VENTALV,0.35903477213218227
VENTTUBE,ARTCO2,VENTALV,0.35903477213218227
VENTTUBE,ARTCO2,VENTALV,0.35903477213218227
VENTTUBE,ARTCO2,VENTALV,0.35903477213218227
VENTTUBE,ARTCO2,VENTALV,0.35903477213218227
VENTTUBE,ARTCO2,VENTALV,0.35903477213218227
VENTTUBE,ARTCO2,VENTALV,0.35903477213218227
VENTTUBE,ARTCO2,VENTALV,0.35903477213218227
VENTTUBE,ARTCO2,VENTALV,0.35903477213218227
VENTTUBE,CATECHOL,ARTCO2,0.3241168092377264
VENTTUBE,CATECHOL,ARTCO2,0.3241168092377264
VENTTUBE,CATECHOL,ARTCO2,0.3241168092377264
VENTTUBE,CATECHOL,ARTCO2,0.3241168092377264
VENTTUBE,CATECHOL,ARTCO2,0.3241168092377264
VENTTUBE,CATECHOL,ARTCO2,0.3241168092377264
VENTTUBE,HR,CATECHOL,0.8648699441145109
VENTTUBE,HR,CATECHOL,0.8648699441145109
VENTTUBE,HR,CATECHOL,0.8648699441145109
VENTTUBE,CO,HRSAT,0.07392037221023595
VENTTUBE,CO,HRSAT,0.07392037221023595
VENTTUBE,BP,VENTLUNG,0.4377098883872268
VENTTUBE,BP,VENTLUNG,0.4377098883872268
VENTTUBE,BP,VENTLUNG,0.4377098883872268
VENTTUBE,BP,VENTLUNG,0.4377098883872268
VENTLUNG,VENTALV,VENTTUBE,0.0
VENTLUNG,VENTALV,VENTTUBE,0.0
VENTLUNG,VENTALV,VENTTUBE,0.0
VENTLUNG,VENTALV,VENTTUBE,0.0
VENTLUNG,VENTALV,VENTTUBE,0.0
VENTLUNG,VENTALV,VENTTUBE,0.0
VENTLUNG,VENTALV,VENTTUBE,0.0
VENTLUNG,VENTALV,VENTTUBE,0.0
VENTLUNG,VENTALV,VENTTUBE,0.0
VENTLUNG,VENTALV,VENTTUBE,0.0
VENTLUNG,VENTALV,VENTTUBE,0.0
VENTLUNG,VENTALV,VENTTUBE,0.0
VENTLUNG,VENTALV,VENTTUBE,0.0
VENTLUNG,VENTALV,VENTTUBE,0.0
VENTLUNG,VENTALV,VENTTUBE,0.0
VENTLUNG,VENTALV,VENTTUBE,0.0
VENTLUNG,VENTALV,VENTTUBE,0.0
VENTLUNG,VENTALV,VENTTUBE,0.0
VENTLUNG,VENTALV,VENTTUBE,0.0
VENTLUNG,VENTALV,VENTTUBE,0.0
VENTLUNG,ARTCO2,VENTTUBE,0.0
VENTLUNG,ARTCO2,VENTTUBE,0.0
VENTLUNG,ARTCO2,VENTTUBE,0.0
VENTLUNG,ARTCO2,VENTTUBE,0.0
VENTLUNG,ARTCO2,VENTTUBE,0.0
VENTLUNG,ARTCO2,VENTTUBE,0.0
VENTLUNG,ARTCO2,VENTTUBE,0.0
VENTLUNG,ARTCO2,VENTTUBE,0.0
VENTLUNG,ARTCO2,VENTTUBE,0.0
VENTLUNG,ARTCO2,VENTTUBE,0.0
VENTLUNG,ARTCO2,VENTTUBE,0.0
VENTLUNG,ARTCO2,VENTTUBE,0.0
VENTLUNG,ARTCO2,VENTTUBE,0.0
VENTLUNG,ARTCO2,VENTTUBE,0.0
VENTLUNG,ARTCO2,VENTTUBE,0.0
VENTLUNG,ARTCO2,VENTTUBE,0.0
VENTLUNG,ARTCO2,VENTTUBE,0.0
VENTLUNG,ARTCO2,VENTTUBE,0.0
VENTLUNG,ARTCO2,VENTTUBE,0.0
VENTLUNG,ARTCO2,VENTTUBE,0.0
VENTLUNG,CATECHOL,VENTALV,0.09818443020411745
VENTLUNG,CATECHOL,VENTALV,0.09818443020411745
VENTLUNG,CATECHOL,VENTALV,0.09818443020411745
VENTLUNG,CATECHOL,VENTALV,0.09818443020411745
VENTLUNG,CATECHOL,VENTALV,0.09818443020411745
VENTLUNG,CATECHOL,VENTALV,0.09818443020411745
VENTLUNG,CATECHOL,VENTALV,0.09818443020411745
VENTLUNG,CATECHOL,VENTALV,0.09818443020411745
VENTLUNG,CATECHOL,VENTALV,0.09818443020411745
VENTLUNG,HR,CATECHOL,0.7057735194310548
VENTLUNG,HR,CATECHOL,0.7057735194310548
VENTLUNG,HR,CATECHOL,0.7057735194310548
VENTLUNG,CO,CATECHOL,0.06660466395828822
VENTLUNG,CO,CATECHOL,0.06660466395828822
VENTLUNG,CO,CATECHOL,0.06660466395828822
VENTLUNG,BP,ARTCO2,0.5361827174230981
VENTLUNG,BP,ARTCO2,0.5361827174230981
VENTLUNG,BP,ARTCO2,0.5361827174230981
VENTLUNG,BP,ARTCO2,0.5361827174230981
VENTLUNG,BP,ARTCO2,0.5361827174230981
VENTLUNG,BP,ARTCO2,0.5361827174230981
VENTLUNG,BP,ARTCO2,0.5361827174230981
VENTALV,ARTCO2,VENTTUBE,0.0
VENTALV,ARTCO2,VENTTUBE,0.0
VENTALV,ARTCO2,VENTTUBE,0.0
VENTALV,ARTCO2,VENTTUBE,0.0
VENTALV,ARTCO2,VENTTUBE,0.0
VENTALV,ARTCO2,VENTTUBE,0.0
VENTALV,ARTCO2,VENTTUBE,0.0
VENTALV,ARTCO2,VENTTUBE,0.0
VENTALV,ARTCO2,VENTTUBE,0.0
VENTALV,ARTCO2,VENTTUBE,0.0
VENTALV,ARTCO2,VENTTUBE,0.0
VENTALV,ARTCO2,VENTTUBE,0.0
VENTALV,ARTCO2,VENTTUBE,0.0
VENTALV,ARTCO2,VENTTUBE,0.0
VENTALV,ARTCO2,VENTTUBE,0.0
VENTALV,ARTCO2,VENTTUBE,0.0
VENTALV,ARTCO2,VENTTUBE,0.0
VENTALV,ARTCO2,VENTTUBE,0.0
VENTALV,ARTCO2,VENTTUBE,0.0
VENTALV,ARTCO2,VENTTUBE,0.0
VENTALV,CATECHOL,VENTTUBE,7.025556933754211e-233
VENTALV,CATECHOL,VENTTUBE,7.025556933754211e-233
VENTALV,CATECHOL,VENTTUBE,7.025556933754211e-233
VENTALV,CATECHOL,VENTTUBE,7.025556933754211e-233
VENTALV,CATECHOL,VENTTUBE,7.025556933754211e-233
VENTALV,CATECHOL,VENTTUBE,7.025556933754211e-233
VENTALV,CATECHOL,VENTTUBE,7.025556933754211e-233
VENTALV,CATECHOL,VENTTUBE,7.025556933754211e-233
VENTALV,CATECHOL,VENTTUBE,7.025556933754211e-233
VENTALV,CATECHOL,VENTTUBE,7.025556933754211e-233
VENTALV,CATECHOL,VENTTUBE,7.025556933754211e-233
VENTALV,CATECHOL,VENTTUBE,7.025556933754211e-233
VENTALV,CATECHOL,VENTTUBE,7.025556933754211e-233
VENTALV,CATECHOL,VENTTUBE,7.025556933754211e-233
VENTALV,CATECHOL,VENTTUBE,7.025556933754211e-233
VENTALV,CATECHOL,VENTTUBE,7.025556933754211e-233
VENTALV,CATECHOL,VENTTUBE,7.025556933754211e-233
VENTALV,CATECHOL,VENTTUBE,7.025556933754211e-233
VENTALV,CATECHOL,VENTTUBE,7.025556933754211e-233
VENTALV,CATECHOL,VENTTUBE,7.025556933754211e-233
VENTALV,HR,CATECHOL,0.6371100294606853
VENTALV,HR,CATECHOL,0.6371100294606853
VENTALV,HR,CATECHOL,0.6371100294606853
VENTALV,CO,CATECHOL,0.28980514063303975
VENTALV,CO,CATECHOL,0.28980514063303975
VENTALV,CO,CATECHOL,0.28980514063303975
VENTALV,BP,ARTCO2,0.4974403771320759
VENTALV,BP,ARTCO2,0.4974403771320759
VENTALV,BP,ARTCO2,0.4974403771320759
VENTALV,BP,ARTCO2,0.4974403771320759
VENTALV,BP,ARTCO2,0.4974403771320759
VENTALV,BP,ARTCO2,0.4974403771320759
VENTALV,BP,ARTCO2,0.4974403771320759
VENTALV,BP,ARTCO2,0.4974403771320759
ARTCO2,CATECHOL,VENTTUBE,8.314551643908264e-254
ARTCO2,CATECHOL,VENTTUBE,8.314551643908264e-254
ARTCO2,CATECHOL,VENTTUBE,8.314551643908264e-254
ARTCO2,CATECHOL,VENTTUBE,8.314551643908264e-254
ARTCO2,CATECHOL,VENTTUBE,8.314551643908264e-254
ARTCO2,CATECHOL,VENTTUBE,8.314551643908264e-254
ARTCO2,CATECHOL,VENTTUBE,8.314551643908264e-254
ARTCO2,CATECHOL,VENTTUBE,8.314551643908264e-254
ARTCO2,CATECHOL,VENTTUBE,8.314551643908264e-254
ARTCO2,CATECHOL,VENTTUBE,8.314551643908264e-254
ARTCO2,CATECHOL,VENTTUBE,8.314551643908264e-254
ARTCO2,CATECHOL,VENTTUBE,8.314551643908264e-254
ARTCO2,CATECHOL,VENTTUBE,8.314551643908264e-254
ARTCO2,CATECHOL,VENTTUBE,8.314551643908264e-254
ARTCO2,CATECHOL,VENTTUBE,8.314551643908264e-254
ARTCO2,CATECHOL,VENTTUBE,8.314551643908264e-254
ARTCO2,CATECHOL,VENTTUBE,8.314551643908264e-254
ARTCO2,CATECHOL,VENTTUBE,8.314551643908264e-254
ARTCO2,CATECHOL,VENTTUBE,8.314551643908264e-254
ARTCO2,CATECHOL,VENTTUBE,8.314551643908264e-254
ARTCO2,HR,CATECHOL,0.6175443796787079
ARTCO2,HR,CATECHOL,0.6175443796787079
ARTCO2,HR,CATECHOL,0.6175443796787079
ARTCO2,CO,CATECHOL,0.11058191390309126
ARTCO2,CO,CATECHOL,0.11058191390309126
ARTCO2,CO,CATECHOL,0.11058191390309126
ARTCO2,BP,VENTALV,0.5972832156550947
ARTCO2,BP,VENTALV,0.5972832156550947
ARTCO2,BP,VENTALV,0.5972832156550947
ARTCO2,BP,VENTALV,0.5972832156550947
ARTCO2,BP,VENTALV,0.5972832156550947
ARTCO2,BP,VENTALV,0.5972832156550947
ARTCO2,BP,VENTALV,0.5972832156550947
ARTCO2,BP,VENTALV,0.5972832156550947
ARTCO2,BP,VENTALV,0.5972832156550947
ARTCO2,BP,VENTALV,0.5972832156550947
CATECHOL,HR,ANAPHYLAXIS,0.0
CATECHOL,HR,ANAPHYLAXIS,0.0
CATECHOL,HR,ANAPHYLAXIS,0.0
CATECHOL,HR,ANAPHYLAXIS,0.0
CATECHOL,HR,ANAPHYLAXIS,0.0
CATECHOL,HR,ANAPHYLAXIS,0.0
CATECHOL,HR,ANAPHYLAXIS,0.0
CATECHOL,HR,ANAPHYLAXIS,0.0
CATECHOL,HR,ANAPHYLAXIS,0.0
CATECHOL,HR,ANAPHYLAXIS,0.0
CATECHOL,HR,ANAPHYLAXIS,0.0
CATECHOL,HR,ANAPHYLAXIS,0.0
CATECHOL,HR,ANAPHYLAXIS,0.0
CATECHOL,HR,ANAPHYLAXIS,0.0
CATECHOL,HR,ANAPHYLAXIS,0.0
CATECHOL,HR,ANAPHYLAXIS,0.0
CATECHOL,HR,ANAPHYLAXIS,0.0
CATECHOL,HR,ANAPHYLAXIS,0.0
CATECHOL,HR,ANAPHYLAXIS,0.0
CATECHOL,HR,ANAPHYLAXIS,0.0
CATECHOL,HR,ANAPHYLAXIS,0.0
CATECHOL,CO,HR,0.4139610805966842
CATECHOL,CO,HR,0.4139610805966842
CATECHOL,CO,HR,0.4139610805966842
CATECHOL,CO,HR,0.4139610805966842
CATECHOL,CO,HR,0.4139610805966842
CATECHOL,BP,ANAPHYLAXIS,3.528786427957302e-165
CATECHOL,BP,ANAPHYLAXIS,3.528786427957302e-165
CATECHOL,BP,ANAPHYLAXIS,3.528786427957302e-165
CATECHOL,BP,ANAPHYLAXIS,3.528786427957302e-165
CATECHOL,BP,ANAPHYLAXIS,3.528786427957302e-165
CATECHOL,BP,ANAPHYLAXIS,3.528786427957302e-165
CATECHOL,BP,ANAPHYLAXIS,3.528786427957302e-165
CATECHOL,BP,ANAPHYLAXIS,3.528786427957302e-165
CATECHOL,BP,ANAPHYLAXIS,3.528786427957302e-165
CATECHOL,BP,ANAPHYLAXIS,3.528786427957302e-165
CATECHOL,BP,ANAPHYLAXIS,3.528786427957302e-165
CATECHOL,BP,ANAPHYLAXIS,3.528786427957302e-165
CATECHOL,BP,ANAPHYLAXIS,3.528786427957302e-165
CATECHOL,BP,ANAPHYLAXIS,3.528786427957302e-165
CATECHOL,BP,ANAPHYLAXIS,3.528786427957302e-165
CATECHOL,BP,ANAPHYLAXIS,3.528786427957302e-165
CATECHOL,BP,ANAPHYLAXIS,3.528786427957302e-165
CATECHOL,BP,ANAPHYLAXIS,3.528786427957302e-165
CATECHOL,BP,ANAPHYLAXIS,3.528786427957302e-165
CATECHOL,BP,ANAPHYLAXIS,3.528786427957302e-165
CATECHOL,BP,ANAPHYLAXIS,3.528786427957302e-165
HR,CO,VENTTUBE,0.0
HR,CO,VENTTUBE,0.0
HR,CO,VENTTUBE,0.0
HR,CO,VENTTUBE,0.0
HR,CO,VENTTUBE,0.0
HR,CO,VENTTUBE,0.0
HR,CO,VENTTUBE,0.0
HR,CO,VENTTUBE,0.0
HR,CO,VENTTUBE,0.0
HR,CO,VENTTUBE,0.0
HR,CO,VENTTUBE,0.0
HR,CO,VENTTUBE,0.0
HR,CO,VENTTUBE,0.0
HR,CO,VENTTUBE,0.0
HR,CO,VENTTUBE,0.0
HR,CO,VENTTUBE,0.0
HR,CO,VENTTUBE,0.0
HR,CO,VENTTUBE,0.0
HR,CO,VENTTUBE,0.0
HR,CO,VENTTUBE,0.0
HR,BP,VENTTUBE,2.8404722400057762e-236
HR,BP,VENTTUBE,2.8404722400057762e-236
HR,BP,VENTTUBE,2.8404722400057762e-236
HR,BP,VENTTUBE,2.8404722400057762e-236
HR,BP,VENTTUBE,2.8404722400057762e-236
HR,BP,VENTTUBE,2.8404722400057762e-236
HR,BP,VENTTUBE,2.8404722400057762e-236
HR,BP,VENTTUBE,2.8404722400057762e-236
HR,BP,VENTTUBE,2.8404722400057762e-236
HR,BP,VENTTUBE,2.8404722400057762e-236
HR,BP,VENTTUBE,2.8404722400057762e-236
HR,BP,VENTTUBE,2.8404722400057762e-236
HR,BP,VENTTUBE,2.8404722400057762e-236
HR,BP,VENTTUBE,2.8404722400057762e-236
HR,BP,VENTTUBE,2.8404722400057762e-236
HR,BP,VENTTUBE,2.8404722400057762e-236
HR,BP,VENTTUBE,2.8404722400057762e-236
HR,BP,VENTTUBE,2.8404722400057762e-236
HR,BP,VENTTUBE,2.8404722400057762e-236
HR,BP,VENTTUBE,2.8404722400057762e-236
CO,BP,VENTTUBE,0.0
CO,BP,VENTTUBE,0.0
CO,BP,VENTTUBE,0.0
CO,BP,VENTTUBE,0.0
CO,BP,VENTTUBE,0.0
CO,BP,VENTTUBE,0.0
CO,BP,VENTTUBE,0.0
CO,BP,VENTTUBE,0.0
CO,BP,VENTTUBE,0.0
CO,BP,VENTTUBE,0.0
CO,BP,VENTTUBE,0.0
CO,BP,VENTTUBE,0.0
CO,BP,VENTTUBE,0.0
CO,BP,VENTTUBE,0.0
CO,BP,VENTTUBE,0.0
CO,BP,VENTTUBE,0.0
CO,BP,VENTTUBE,0.0
CO,BP,VENTTUBE,0.0
CO,BP,VENTTUBE,0.0
CO,BP,VENTTUBE,0.0
CO,BP,VENTTUBE,0.0
CO,BP,VENTTUBE,0.0
CO,BP,VENTTUBE,0.0
CO,BP,VENTTUBE,0.0
CO,BP,VENTTUBE,0.0
LVEDVOLUME,LVFAILURE,"HYPOVOLEMIA,STROKEVOLUME",0.0
LVEDVOLUME,LVFAILURE,"HYPOVOLEMIA,STROKEVOLUME",0.0
LVEDVOLUME,LVFAILURE,"HYPOVOLEMIA,STROKEVOLUME",0.0
LVEDVOLUME,LVFAILURE,"HYPOVOLEMIA,STROKEVOLUME",0.0
LVEDVOLUME,LVFAILURE,"HYPOVOLEMIA,STROKEVOLUME",0.0
LVEDVOLUME,LVFAILURE,"HYPOVOLEMIA,STROKEVOLUME",0.0
LVEDVOLUME,STROKEVOLUME,"HYPOVOLEMIA,LVFAILURE",0.2638335534851138
LVEDVOLUME,STROKEVOLUME,"HYPOVOLEMIA,LVFAILURE",0.2638335534851138
LVEDVOLUME,STROKEVOLUME,"HYPOVOLEMIA,LVFAILURE",0.2638335534851138
LVEDVOLUME,STROKEVOLUME,"HYPOVOLEMIA,LVFAILURE",0.2638335534851138
LVEDVOLUME,STROKEVOLUME,"HYPOVOLEMIA,LVFAILURE",0.2638335534851138
LVEDVOLUME,STROKEVOLUME,"HYPOVOLEMIA,LVFAILURE",0.2638335534851138
LVFAILURE,STROKEVOLUME,"HISTORY,LVEDVOLUME",3.146388649965279e-94
STROKEVOLUME,CO,"BP,HYPOVOLEMIA",0.0
STROKEVOLUME,CO,"BP,HYPOVOLEMIA",0.0
STROKEVOLUME,CO,"BP,HYPOVOLEMIA",0.0
STROKEVOLUME,CO,"BP,HYPOVOLEMIA",0.0
STROKEVOLUME,CO,"BP,HYPOVOLEMIA",0.0
STROKEVOLUME,CO,"BP,HYPOVOLEMIA",0.0
STROKEVOLUME,CO,"BP,HYPOVOLEMIA",0.0
STROKEVOLUME,CO,"BP,HYPOVOLEMIA",0.0
STROKEVOLUME,CO,"BP,HYPOVOLEMIA",0.0
STROKEVOLUME,CO,"BP,HYPOVOLEMIA",0.0
STROKEVOLUME,BP,"CO,HYPOVOLEMIA",1.092626058420993e-07
STROKEVOLUME,BP,"CO,HYPOVOLEMIA",1.092626058420993e-07
STROKEVOLUME,BP,"CO,HYPOVOLEMIA",1.092626058420993e-07
STROKEVOLUME,BP,"CO,HYPOVOLEMIA",1.092626058420993e-07
STROKEVOLUME,BP,"CO,HYPOVOLEMIA",1.092626058420993e-07
STROKEVOLUME,BP,"CO,HYPOVOLEMIA",1.092626058420993e-07
STROKEVOLUME,BP,"CO,HYPOVOLEMIA",1.092626058420993e-07
STROKEVOLUME,BP,"CO,HYPOVOLEMIA",1.092626058420993e-07
STROKEVOLUME,BP,"CO,HYPOVOLEMIA",1.092626058420993e-07
STROKEVOLUME,BP,"CO,HYPOVOLEMIA",1.092626058420993e-07
HREKG,ERRCAUTER,"HR,HRSAT",0.0
HREKG,HRSAT,"ERRCAUTER,HR",0.05393010942493253
HREKG,HR,"ERRCAUTER,HRSAT",0.0
HRSAT,HR,"ERRCAUTER,HREKG",0.0
TPR,CATECHOL,"ANAPHYLAXIS,BP",0.0
TPR,BP,"ANAPHYLAXIS,CATECHOL",0.0
EXPCO2,KINKEDTUBE,"MINVOL,VENTTUBE",1.0566113963941334e-07
EXPCO2,KINKEDTUBE,"MINVOL,VENTTUBE",1.0566113963941334e-07
EXPCO2,KINKEDTUBE,"MINVOL,VENTTUBE",1.0566113963941334e-07
EXPCO2,KINKEDTUBE,"MINVOL,VENTTUBE",1.0566113963941334e-07
EXPCO2,KINKEDTUBE,"MINVOL,VENTTUBE",1.0566113963941334e-07
EXPCO2,KINKEDTUBE,"MINVOL,VENTTUBE",1.0566113963941334e-07
EXPCO2,KINKEDTUBE,"MINVOL,VENTTUBE",1.0566113963941334e-07
EXPCO2,KINKEDTUBE,"MINVOL,VENTTUBE",1.0566113963941334e-07
EXPCO2,KINKEDTUBE,"MINVOL,VENTTUBE",1.0566113963941334e-07
EXPCO2,KINKEDTUBE,"MINVOL,VENTTUBE",1.0566113963941334e-07
EXPCO2,KINKEDTUBE,"MINVOL,VENTTUBE",1.0566113963941334e-07
EXPCO2,KINKEDTUBE,"MINVOL,VENTTUBE",1.0566113963941334e-07
EXPCO2,KINKEDTUBE,"MINVOL,VENTTUBE",1.0566113963941334e-07
EXPCO2,KINKEDTUBE,"MINVOL,VENTTUBE",1.0566113963941334e-07
EXPCO2,KINKEDTUBE,"MINVOL,VENTTUBE",1.0566113963941334e-07
EXPCO2,KINKEDTUBE,"MINVOL,VENTTUBE",1.0566113963941334e-07
EXPCO2,KINKEDTUBE,"MINVOL,VENTTUBE",1.0566113963941334e-07
EXPCO2,KINKEDTUBE,"MINVOL,VENTTUBE",1.0566113963941334e-07
EXPCO2,KINKEDTUBE,"MINVOL,VENTTUBE",1.0566113963941334e-07
EXPCO2,KINKEDTUBE,"MINVOL,VENTTUBE",1.0566113963941334e-07
EXPCO2,KINKEDTUBE,"MINVOL,VENTTUBE",1.0566113963941334e-07
EXPCO2,KINKEDTUBE,"MINVOL,VENTTUBE",1.0566113963941334e-07
EXPCO2,KINKEDTUBE,"MINVOL,VENTTUBE",1.0566113963941334e-07
EXPCO2,KINKEDTUBE,"MINVOL,VENTTUBE",1.0566113963941334e-07
EXPCO2,KINKEDTUBE,"MINVOL,VENTTUBE",1.0566113963941334e-07
EXPCO2,KINKEDTUBE,"MINVOL,VENTTUBE",1.0566113963941334e-07
EXPCO2,KINKEDTUBE,"MINVOL,VENTTUBE",1.0566113963941334e-07
EXPCO2,KINKEDTUBE,"MINVOL,VENTTUBE",1.0566113963941334e-07
EXPCO2,KINKEDTUBE,"MINVOL,VENTTUBE",1.0566113963941334e-07
EXPCO2,KINKEDTUBE,"MINVOL,VENTTUBE",1.0566113963941334e-07
EXPCO2,KINKEDTUBE,"MINVOL,VENTTUBE",1.0566113963941334e-07
EXPCO2,KINKEDTUBE,"MINVOL,VENTTUBE",1.0566113963941334e-07
EXPCO2,KINKEDTUBE,"MINVOL,VENTTUBE",1.0566113963941334e-07
EXPCO2,KINKEDTUBE,"MINVOL,VENTTUBE",1.0566113963941334e-07
EXPCO2,KINKEDTUBE,"MINVOL,VENTTUBE",1.0566113963941334e-07
EXPCO2,KINKEDTUBE,"MINVOL,VENTTUBE",1.0566113963941334e-07
EXPCO2,MINVOL,"ARTCO2,VENTTUBE",0.0
EXPCO2,MINVOL,"ARTCO2,VENTTUBE",0.0
EXPCO2,MINVOL,"ARTCO2,VENTTUBE",0.0
EXPCO2,MINVOL,"ARTCO2,VENTTUBE",0.0
EXPCO2,MINVOL,"ARTCO2,VENTTUBE",0.0
EXPCO2,MINVOL,"ARTCO2,VENTTUBE",0.0
EXPCO2,MINVOL,"ARTCO2,VENTTUBE",0.0
EXPCO2,MINVOL,"ARTCO2,VENTTUBE",0.0
EXPCO2,MINVOL,"ARTCO2,VENTTUBE",0.0
EXPCO2,MINVOL,"ARTCO2,VENTTUBE",0.0
EXPCO2,MINVOL,"ARTCO2,VENTTUBE",0.0
EXPCO2,MINVOL,"ARTCO2,VENTTUBE",0.0
EXPCO2,MINVOL,"ARTCO2,VENTTUBE",0.0
EXPCO2,MINVOL,"ARTCO2,VENTTUBE",0.0
EXPCO2,MINVOL,"ARTCO2,VENTTUBE",0.0
EXPCO2,MINVOL,"ARTCO2,VENTTUBE",0.0
EXPCO2,MINVOL,"ARTCO2,VENTTUBE",0.0
EXPCO2,MINVOL,"ARTCO2,VENTTUBE",0.0
EXPCO2,MINVOL,"ARTCO2,VENTTUBE",0.0
EXPCO2,MINVOL,"ARTCO2,VENTTUBE",0.0
EXPCO2,MINVOL,"ARTCO2,VENTTUBE",0.0
EXPCO2,MINVOL,"ARTCO2,VENTTUBE",0.0
EXPCO2,MINVOL,"ARTCO2,VENTTUBE",0.0
EXPCO2,MINVOL,"ARTCO2,VENTTUBE",0.0
EXPCO2,MINVOL,"ARTCO2,VENTTUBE",0.0
EXPCO2,MINVOL,"ARTCO2,VENTTUBE",0.0
EXPCO2,MINVOL,"ARTCO2,VENTTUBE",0.0
EXPCO2,MINVOL,"ARTCO2,VENTTUBE",0.0
EXPCO2,MINVOL,"ARTCO2,VENTTUBE",0.0
EXPCO2,MINVOL,"ARTCO2,VENTTUBE",0.0
EXPCO2,MINVOL,"ARTCO2,VENTTUBE",0.0
EXPCO2,MINVOL,"ARTCO2,VENTTUBE",0.0
EXPCO2,MINVOL,"ARTCO2,VENTTUBE",0.0
EXPCO2,MINVOL,"ARTCO2,VENTTUBE",0.0
EXPCO2,MINVOL,"ARTCO2,VENTTUBE",0.0
EXPCO2,MINVOL,"ARTCO2,VENTTUBE",0.0
EXPCO2,SAO2,"INTUBATION,VENTALV",0.06879259728785808
EXPCO2,SAO2,"INTUBATION,VENTALV",0.06879259728785808
EXPCO2,SAO2,"INTUBATION,VENTALV",0.06879259728785808
EXPCO2,INTUBATION,"MINVOL,VENTTUBE",0.0
EXPCO2,INTUBATION,"MINVOL,VENTTUBE",0.0
EXPCO2,INTUBATION,"MINVOL,VENTTUBE",0.0
EXPCO2,INTUBATION,"MINVOL,VENTTUBE",0.0
EXPCO2,INTUBATION,"MINVOL,VENTTUBE",0.0
EXPCO2,INTUBATION,"MINVOL,VENTTUBE",0.0
EXPCO2,INTUBATION,"MINVOL,VENTTUBE",0.0
EXPCO2,INTUBATION,"MINVOL,VENTTUBE",0.0
EXPCO2,INTUBATION,"MINVOL,VENTTUBE",0.0
EXPCO2,INTUBATION,"MINVOL,VENTTUBE",0.0
EXPCO2,INTUBATION,"MINVOL,VENTTUBE",0.0
EXPCO2,INTUBATION,"MINVOL,VENTTUBE",0.0
EXPCO2,INTUBATION,"MINVOL,VENTTUBE",0.0
EXPCO2,INTUBATION,"MINVOL,VENTTUBE",0.0
EXPCO2,INTUBATION,"MINVOL,VENTTUBE",0.0
EXPCO2,INTUBATION,"MINVOL,VENTTUBE",0.0
EXPCO2,INTUBATION,"MINVOL,VENTTUBE",0.0
EXPCO2,INTUBATION,"MINVOL,VENTTUBE",0.0
EXPCO2,INTUBATION,"MINVOL,VENTTUBE",0.0
EXPCO2,INTUBATION,"MINVOL,VENTTUBE",0.0
EXPCO2,INTUBATION,"MINVOL,VENTTUBE",0.0
EXPCO2,INTUBATION,"MINVOL,VENTTUBE",0.0
EXPCO2,INTUBATION,"MINVOL,VENTTUBE",0.0
EXPCO2,INTUBATION,"MINVOL,VENTTUBE",0.0
EXPCO2,INTUBATION,"MINVOL,VENTTUBE",0.0
EXPCO2,INTUBATION,"MINVOL,VENTTUBE",0.0
EXPCO2,INTUBATION,"MINVOL,VENTTUBE",0.0
EXPCO2,INTUBATION,"MINVOL,VENTTUBE",0.0
EXPCO2,INTUBATION,"MINVOL,VENTTUBE",0.0
EXPCO2,INTUBATION,"MINVOL,VENTTUBE",0.0
EXPCO2,INTUBATION,"MINVOL,VENTTUBE",0.0
EXPCO2,INTUBATION,"MINVOL,VENTTUBE",0.0
EXPCO2,INTUBATION,"MINVOL,VENTTUBE",0.0
EXPCO2,INTUBATION,"MINVOL,VENTTUBE",0.0
EXPCO2,INTUBATION,"MINVOL,VENTTUBE",0.0
EXPCO2,INTUBATION,"MINVOL,VENTTUBE",0.0
EXPCO2,PRESS,"VENTALV,VENTLUNG",0.537888694848601
EXPCO2,PRESS,"VENTALV,VENTLUNG",0.537888694848601
EXPCO2,PRESS,"VENTALV,VENTLUNG",0.537888694848601
EXPCO2,PRESS,"VENTALV,VENTLUNG",0.537888694848601
EXPCO2,VENTTUBE,"ARTCO2,MINVOL",1.1503907309871141e-182
EXPCO2,VENTTUBE,"ARTCO2,MINVOL",1.1503907309871141e-182
EXPCO2,VENTTUBE,"ARTCO2,MINVOL",1.1503907309871141e-182
EXPCO2,VENTTUBE,"ARTCO2,MINVOL",1.1503907309871141e-182
EXPCO2,VENTTUBE,"ARTCO2,MINVOL",1.1503907309871141e-182
EXPCO2,VENTTUBE,"ARTCO2,MINVOL",1.1503907309871141e-182
EXPCO2,VENTTUBE,"ARTCO2,MINVOL",1.1503907309871141e-182
EXPCO2,VENTTUBE,"ARTCO2,MINVOL",1.1503907309871141e-182
EXPCO2,VENTTUBE,"ARTCO2,MINVOL",1.1503907309871141e-182
EXPCO2,VENTTUBE,"ARTCO2,MINVOL",1.1503907309871141e-182
EXPCO2,VENTTUBE,"ARTCO2,MINVOL",1.1503907309871141e-182
EXPCO2,VENTTUBE,"ARTCO2,MINVOL",1.1503907309871141e-182
EXPCO2,VENTTUBE,"ARTCO2,MINVOL",1.1503907309871141e-182
EXPCO2,VENTTUBE,"ARTCO2,MINVOL",1.1503907309871141e-182
EXPCO2,VENTTUBE,"ARTCO2,MINVOL",1.1503907309871141e-182
EXPCO2,VENTTUBE,"ARTCO2,MINVOL",1.1503907309871141e-182
EXPCO2,VENTTUBE,"ARTCO2,MINVOL",1.1503907309871141e-182
EXPCO2,VENTTUBE,"ARTCO2,MINVOL",1.1503907309871141e-182
EXPCO2,VENTTUBE,"ARTCO2,MINVOL",1.1503907309871141e-182
EXPCO2,VENTTUBE,"ARTCO2,MINVOL",1.1503907309871141e-182
EXPCO2,VENTTUBE,"ARTCO2,MINVOL",1.1503907309871141e-182
EXPCO2,VENTTUBE,"ARTCO2,MINVOL",1.1503907309871141e-182
EXPCO2,VENTTUBE,"ARTCO2,MINVOL",1.1503907309871141e-182
EXPCO2,VENTTUBE,"ARTCO2,MINVOL",1.1503907309871141e-182
EXPCO2,VENTTUBE,"ARTCO2,MINVOL",1.1503907309871141e-182
EXPCO2,VENTTUBE,"ARTCO2,MINVOL",1.1503907309871141e-182
EXPCO2,VENTTUBE,"ARTCO2,MINVOL",1.1503907309871141e-182
EXPCO2,VENTTUBE,"ARTCO2,MINVOL",1.1503907309871141e-182
EXPCO2,VENTTUBE,"ARTCO2,MINVOL",1.1503907309871141e-182
EXPCO2,VENTTUBE,"ARTCO2,MINVOL",1.1503907309871141e-182
EXPCO2,VENTTUBE,"ARTCO2,MINVOL",1.1503907309871141e-182
EXPCO2,VENTTUBE,"ARTCO2,MINVOL",1.1503907309871141e-182
EXPCO2,VENTTUBE,"ARTCO2,MINVOL",1.1503907309871141e-182
EXPCO2,VENTTUBE,"ARTCO2,MINVOL",1.1503907309871141e-182
EXPCO2,VENTTUBE,"ARTCO2,MINVOL",1.1503907309871141e-182
EXPCO2,VENTTUBE,"ARTCO2,MINVOL",1.1503907309871141e-182
EXPCO2,VENTLUNG,"MINVOL,VENTTUBE",0.0
EXPCO2,VENTLUNG,"MINVOL,VENTTUBE",0.0
EXPCO2,VENTLUNG,"MINVOL,VENTTUBE",0.0
EXPCO2,VENTLUNG,"MINVOL,VENTTUBE",0.0
EXPCO2,VENTLUNG,"MINVOL,VENTTUBE",0.0
EXPCO2,VENTLUNG,"MINVOL,VENTTUBE",0.0
EXPCO2,VENTLUNG,"MINVOL,VENTTUBE",0.0
EXPCO2,VENTLUNG,"MINVOL,VENTTUBE",0.0
EXPCO2,VENTLUNG,"MINVOL,VENTTUBE",0.0
EXPCO2,VENTLUNG,"MINVOL,VENTTUBE",0.0
EXPCO2,VENTLUNG,"MINVOL,VENTTUBE",0.0
EXPCO2,VENTLUNG,"MINVOL,VENTTUBE",0.0
EXPCO2,VENTLUNG,"MINVOL,VENTTUBE",0.0
EXPCO2,VENTLUNG,"MINVOL,VENTTUBE",0.0
EXPCO2,VENTLUNG,"MINVOL,VENTTUBE",0.0
EXPCO2,VENTLUNG,"MINVOL,VENTTUBE",0.0
EXPCO2,VENTLUNG,"MINVOL,VENTTUBE",0.0
EXPCO2,VENTLUNG,"MINVOL,VENTTUBE",0.0
EXPCO2,VENTLUNG,"MINVOL,VENTTUBE",0.0
EXPCO2,VENTLUNG,"MINVOL,VENTTUBE",0.0
EXPCO2,VENTLUNG,"MINVOL,VENTTUBE",0.0
EXPCO2,VENTLUNG,"MINVOL,VENTTUBE",0.0
EXPCO2,VENTLUNG,"MINVOL,VENTTUBE",0.0
EXPCO2,VENTLUNG,"MINVOL,VENTTUBE",0.0
EXPCO2,VENTLUNG,"MINVOL,VENTTUBE",0.0
EXPCO2,VENTLUNG,"MINVOL,VENTTUBE",0.0
EXPCO2,VENTLUNG,"MINVOL,VENTTUBE",0.0
EXPCO2,VENTLUNG,"MINVOL,VENTTUBE",0.0
EXPCO2,VENTLUNG,"MINVOL,VENTTUBE",0.0
EXPCO2,VENTLUNG,"MINVOL,VENTTUBE",0.0
EXPCO2,VENTLUNG,"MINVOL,VENTTUBE",0.0
EXPCO2,VENTLUNG,"MINVOL,VENTTUBE",0.0
EXPCO2,VENTLUNG,"MINVOL,VENTTUBE",0.0
EXPCO2,VENTLUNG,"MINVOL,VENTTUBE",0.0
EXPCO2,VENTLUNG,"MINVOL,VENTTUBE",0.0
EXPCO2,VENTLUNG,"MINVOL,VENTTUBE",0.0
EXPCO2,VENTALV,"MINVOL,VENTTUBE",0.0
EXPCO2,VENTALV,"MINVOL,VENTTUBE",0.0
EXPCO2,VENTALV,"MINVOL,VENTTUBE",0.0
EXPCO2,VENTALV,"MINVOL,VENTTUBE",0.0
EXPCO2,VENTALV,"MINVOL,VENTTUBE",0.0
EXPCO2,VENTALV,"MINVOL,VENTTUBE",0.0
EXPCO2,VENTALV,"MINVOL,VENTTUBE",0.0
EXPCO2,VENTALV,"MINVOL,VENTTUBE",0.0
EXPCO2,VENTALV,"MINVOL,VENTTUBE",0.0
EXPCO2,VENTALV,"MINVOL,VENTTUBE",0.0
EXPCO2,VENTALV,"MINVOL,VENTTUBE",0.0
EXPCO2,VENTALV,"MINVOL,VENTTUBE",0.0
EXPCO2,VENTALV,"MINVOL,VENTTUBE",0.0
EXPCO2,VENTALV,"MINVOL,VENTTUBE",0.0
EXPCO2,VENTALV,"MINVOL,VENTTUBE",0.0
EXPCO2,VENTALV,"MINVOL,VENTTUBE",0.0
EXPCO2,VENTALV,"MINVOL,VENTTUBE",0.0
EXPCO2,VENTALV,"MINVOL,VENTTUBE",0.0
EXPCO2,VENTALV,"MINVOL,VENTTUBE",0.0
EXPCO2,VENTALV,"MINVOL,VENTTUBE",0.0
EXPCO2,VENTALV,"MINVOL,VENTTUBE",0.0
EXPCO2,VENTALV,"MINVOL,VENTTUBE",0.0
EXPCO2,VENTALV,"MINVOL,VENTTUBE",0.0
EXPCO2,VENTALV,"MINVOL,VENTTUBE",0.0
EXPCO2,VENTALV,"MINVOL,VENTTUBE",0.0
EXPCO2,VENTALV,"MINVOL,VENTTUBE",0.0
EXPCO2,VENTALV,"MINVOL,VENTTUBE",0.0
EXPCO2,VENTALV,"MINVOL,VENTTUBE",0.0
EXPCO2,VENTALV,"MINVOL,VENTTUBE",0.0
EXPCO2,VENTALV,"MINVOL,VENTTUBE",0.0
EXPCO2,VENTALV,"MINVOL,VENTTUBE",0.0
EXPCO2,VENTALV,"MINVOL,VENTTUBE",0.0
EXPCO2,VENTALV,"MINVOL,VENTTUBE",0.0
EXPCO2,VENTALV,"MINVOL,VENTTUBE",0.0
EXPCO2,VENTALV,"MINVOL,VENTTUBE",0.0
EXPCO2,VENTALV,"MINVOL,VENTTUBE",0.0
EXPCO2,ARTCO2,"MINVOL,VENTTUBE",0.0
EXPCO2,ARTCO2,"MINVOL,VENTTUBE",0.0
EXPCO2,ARTCO2,"MINVOL,VENTTUBE",0.0
EXPCO2,ARTCO2,"MINVOL,VENTTUBE",0.0
EXPCO2,ARTCO2,"MINVOL,VENTTUBE",0.0
EXPCO2,ARTCO2,"MINVOL,VENTTUBE",0.0
EXPCO2,ARTCO2,"MINVOL,VENTTUBE",0.0
EXPCO2,ARTCO2,"MINVOL,VENTTUBE",0.0
EXPCO2,ARTCO2,"MINVOL,VENTTUBE",0.0
EXPCO2,ARTCO2,"MINVOL,VENTTUBE",0.0
EXPCO2,ARTCO2,"MINVOL,VENTTUBE",0.0
EXPCO2,ARTCO2,"MINVOL,VENTTUBE",0.0
EXPCO2,ARTCO2,"MINVOL,VENTTUBE",0.0
EXPCO2,ARTCO2,"MINVOL,VENTTUBE",0.0
EXPCO2,ARTCO2,"MINVOL,VENTTUBE",0.0
EXPCO2,ARTCO2,"MINVOL,VENTTUBE",0.0
EXPCO2,ARTCO2,"MINVOL,VENTTUBE",0.0
EXPCO2,ARTCO2,"MINVOL,VENTTUBE",0.0
EXPCO2,ARTCO2,"MINVOL,VENTTUBE",0.0
EXPCO2,ARTCO2,"MINVOL,VENTTUBE",0.0
EXPCO2,ARTCO2,"MINVOL,VENTTUBE",0.0
EXPCO2,ARTCO2,"MINVOL,VENTTUBE",0.0
EXPCO2,ARTCO2,"MINVOL,VENTTUBE",0.0
EXPCO2,ARTCO2,"MINVOL,VENTTUBE",0.0
EXPCO2,ARTCO2,"MINVOL,VENTTUBE",0.0
EXPCO2,ARTCO2,"MINVOL,VENTTUBE",0.0
EXPCO2,ARTCO2,"MINVOL,VENTTUBE",0.0
EXPCO2,ARTCO2,"MINVOL,VENTTUBE",0.0
EXPCO2,ARTCO2,"MINVOL,VENTTUBE",0.0
EXPCO2,ARTCO2,"MINVOL,VENTTUBE",0.0
EXPCO2,ARTCO2,"MINVOL,VENTTUBE",0.0
EXPCO2,ARTCO2,"MINVOL,VENTTUBE",0.0
EXPCO2,ARTCO2,"MINVOL,VENTTUBE",0.0
EXPCO2,ARTCO2,"MINVOL,VENTTUBE",0.0
EXPCO2,ARTCO2,"MINVOL,VENTTUBE",0.0
EXPCO2,ARTCO2,"MINVOL,VENTTUBE",0.0
EXPCO2,CATECHOL,"ARTCO2,VENTALV",0.17120853884983778
EXPCO2,CATECHOL,"ARTCO2,VENTALV",0.17120853884983778
EXPCO2,CATECHOL,"ARTCO2,VENTALV",0.17120853884983778
EXPCO2,CATECHOL,"ARTCO2,VENTALV",0.17120853884983778
EXPCO2,CATECHOL,"ARTCO2,VENTALV",0.17120853884983778
EXPCO2,CATECHOL,"ARTCO2,VENTALV",0.17120853884983778
KINKEDTUBE,PRESS,"EXPCO2,VENTLUNG",1.6070439886376774e-131
KINKEDTUBE,VENTLUNG,"EXPCO2,PRESS",4.4856632706950947e-38
MINVOL,PVSAT,"SAO2,VENTTUBE",2.445453500865993e-215
MINVOL,PVSAT,"SAO2,VENTTUBE",2.445453500865993e-215
MINVOL,PVSAT,"SAO2,VENTTUBE",2.445453500865993e-215
MINVOL,PVSAT,"SAO2,VENTTUBE",2.445453500865993e-215
MINVOL,PVSAT,"SAO2,VENTTUBE",2.445453500865993e-215
MINVOL,PVSAT,"SAO2,VENTTUBE",2.445453500865993e-215
MINVOL,PVSAT,"SAO2,VENTTUBE",2.445453500865993e-215
MINVOL,PVSAT,"SAO2,VENTTUBE",2.445453500865993e-215
MINVOL,PVSAT,"SAO2,VENTTUBE",2.445453500865993e-215
MINVOL,PVSAT,"SAO2,VENTTUBE",2.445453500865993e-215
MINVOL,PVSAT,"SAO2,VENTTUBE",2.445453500865993e-215
MINVOL,PVSAT,"SAO2,VENTTUBE",2.445453500865993e-215
MINVOL,PVSAT,"SAO2,VENTTUBE",2.445453500865993e-215
MINVOL,PVSAT,"SAO2,VENTTUBE",2.445453500865993e-215
MINVOL,PVSAT,"SAO2,VENTTUBE",2.445453500865993e-215
MINVOL,PVSAT,"SAO2,VENTTUBE",2.445453500865993e-215
MINVOL,PVSAT,"SAO2,VENTTUBE",2.445453500865993e-215
MINVOL,PVSAT,"SAO2,VENTTUBE",2.445453500865993e-215
MINVOL,PVSAT,"SAO2,VENTTUBE",2.445453500865993e-215
MINVOL,PVSAT,"SAO2,VENTTUBE",2.445453500865993e-215
MINVOL,PVSAT,"SAO2,VENTTUBE",2.445453500865993e-215
MINVOL,SAO2,"INTUBATION,PVSAT",0.46289539264043983
MINVOL,SAO2,"INTUBATION,PVSAT",0.46289539264043983
MINVOL,SAO2,"INTUBATION,PVSAT",0.46289539264043983
MINVOL,SAO2,"INTUBATION,PVSAT",0.46289539264043983
MINVOL,SAO2,"INTUBATION,PVSAT",0.46289539264043983
MINVOL,SAO2,"INTUBATION,PVSAT",0.46289539264043983
MINVOL,SAO2,"INTUBATION,PVSAT",0.46289539264043983
MINVOL,SAO2,"INTUBATION,PVSAT",0.46289539264043983
MINVOL,SAO2,"INTUBATION,PVSAT",0.46289539264043983
MINVOL,SAO2,"INTUBATION,PVSAT",0.46289539264043983
MINVOL,SAO2,"INTUBATION,PVSAT",0.46289539264043983
MINVOL,SAO2,"INTUBATION,PVSAT",0.46289539264043983
MINVOL,SAO2,"INTUBATION,PVSAT",0.46289539264043983
MINVOL,SAO2,"INTUBATION,PVSAT",0.46289539264043983
MINVOL,INTUBATION,"PVSAT,VENTTUBE",0.0
MINVOL,INTUBATION,"PVSAT,VENTTUBE",0.0
MINVOL,INTUBATION,"PVSAT,VENTTUBE",0.0
MINVOL,INTUBATION,"PVSAT,VENTTUBE",0.0
MINVOL,INTUBATION,"PVSAT,VENTTUBE",0.0
MINVOL,INTUBATION,"PVSAT,VENTTUBE",0.0
MINVOL,INTUBATION,"PVSAT,VENTTUBE",0.0
MINVOL,INTUBATION,"PVSAT,VENTTUBE",0.0
MINVOL,INTUBATION,"PVSAT,VENTTUBE",0.0
MINVOL,INTUBATION,"PVSAT,VENTTUBE",0.0
MINVOL,INTUBATION,"PVSAT,VENTTUBE",0.0
MINVOL,INTUBATION,"PVSAT,VENTTUBE",0.0
MINVOL,INTUBATION,"PVSAT,VENTTUBE",0.0
MINVOL,INTUBATION,"PVSAT,VENTTUBE",0.0
MINVOL,INTUBATION,"PVSAT,VENTTUBE",0.0
MINVOL,INTUBATION,"PVSAT,VENTTUBE",0.0
MINVOL,INTUBATION,"PVSAT,VENTTUBE",0.0
MINVOL,INTUBATION,"PVSAT,VENTTUBE",0.0
MINVOL,INTUBATION,"PVSAT,VENTTUBE",0.0
MINVOL,INTUBATION,"PVSAT,VENTTUBE",0.0
MINVOL,INTUBATION,"PVSAT,VENTTUBE",0.0
MINVOL,PRESS,"INTUBATION,VENTLUNG",0.11293107595262314
MINVOL,PRESS,"INTUBATION,VENTLUNG",0.11293107595262314
MINVOL,PRESS,"INTUBATION,VENTLUNG",0.11293107595262314
MINVOL,PRESS,"INTUBATION,VENTLUNG",0.11293107595262314
MINVOL,PRESS,"INTUBATION,VENTLUNG",0.11293107595262314
MINVOL,PRESS,"INTUBATION,VENTLUNG",0.11293107595262314
MINVOL,PRESS,"INTUBATION,VENTLUNG",0.11293107595262314
MINVOL,VENTTUBE,"PVSAT,SAO2",0.0
MINVOL,VENTTUBE,"PVSAT,SAO2",0.0
MINVOL,VENTTUBE,"PVSAT,SAO2",0.0
MINVOL,VENTTUBE,"PVSAT,SAO2",0.0
MINVOL,VENTTUBE,"PVSAT,SAO2",0.0
MINVOL,VENTTUBE,"PVSAT,SAO2",0.0
MINVOL,VENTTUBE,"PVSAT,SAO2",0.0
MINVOL,VENTTUBE,"PVSAT,SAO2",0.0
MINVOL,VENTTUBE,"PVSAT,SAO2",0.0
MINVOL,VENTTUBE,"PVSAT,SAO2",0.0
MINVOL,VENTTUBE,"PVSAT,SAO2",0.0
MINVOL,VENTTUBE,"PVSAT,SAO2",0.0
MINVOL,VENTTUBE,"PVSAT,SAO2",0.0
MINVOL,VENTTUBE,"PVSAT,SAO2",0.0
MINVOL,VENTTUBE,"PVSAT,SAO2",0.0
MINVOL,VENTTUBE,"PVSAT,SAO2",0.0
MINVOL,VENTTUBE,"PVSAT,SAO2",0.0
MINVOL,VENTTUBE,"PVSAT,SAO2",0.0
MINVOL,VENTTUBE,"PVSAT,SAO2",0.0
MINVOL,VENTTUBE,"PVSAT,SAO2",0.0
MINVOL,VENTTUBE,"PVSAT,SAO2",0.0
MINVOL,VENTLUNG,"PVSAT,VENTTUBE",0.0
MINVOL,VENTLUNG,"PVSAT,VENTTUBE",0.0
MINVOL,VENTLUNG,"PVSAT,VENTTUBE",0.0
MINVOL,VENTLUNG,"PVSAT,VENTTUBE",0.0
MINVOL,VENTLUNG,"PVSAT,VENTTUBE",0.0
MINVOL,VENTLUNG,"PVSAT,VENTTUBE",0.0
MINVOL,VENTLUNG,"PVSAT,VENTTUBE",0.0
MINVOL,VENTLUNG,"PVSAT,VENTTUBE",0.0
MINVOL,VENTLUNG,"PVSAT,VENTTUBE",0.0
MINVOL,VENTLUNG,"PVSAT,VENTTUBE",0.0
MINVOL,VENTLUNG,"PVSAT,VENTTUBE",0.0
MINVOL,VENTLUNG,"PVSAT,VENTTUBE",0.0
MINVOL,VENTLUNG,"PVSAT,VENTTUBE",0.0
MINVOL,VENTLUNG,"PVSAT,VENTTUBE",0.0
MINVOL,VENTLUNG,"PVSAT,VENTTUBE",0.0
MINVOL,VENTLUNG,"PVSAT,VENTTUBE",0.0
MINVOL,VENTLUNG,"PVSAT,VENTTUBE",0.0
MINVOL,VENTLUNG,"PVSAT,VENTTUBE",0.0
MINVOL,VENTLUNG,"PVSAT,VENTTUBE",0.0
MINVOL,VENTLUNG,"PVSAT,VENTTUBE",0.0
MINVOL,VENTLUNG,"PVSAT,VENTTUBE",0.0
MINVOL,VENTALV,"PVSAT,VENTTUBE",0.0
MINVOL,VENTALV,"PVSAT,VENTTUBE",0.0
MINVOL,VENTALV,"PVSAT,VENTTUBE",0.0
MINVOL,VENTALV,"PVSAT,VENTTUBE",0.0
MINVOL,VENTALV,"PVSAT,VENTTUBE",0.0
MINVOL,VENTALV,"PVSAT,VENTTUBE",0.0
MINVOL,VENTALV,"PVSAT,VENTTUBE",0.0
MINVOL,VENTALV,"PVSAT,VENTTUBE",0.0
MINVOL,VENTALV,"PVSAT,VENTTUBE",0.0
MINVOL,VENTALV,"PVSAT,VENTTUBE",0.0
MINVOL,VENTALV,"PVSAT,VENTTUBE",0.0
MINVOL,VENTALV,"PVSAT,VENTTUBE",0.0
MINVOL,VENTALV,"PVSAT,VENTTUBE",0.0
MINVOL,VENTALV,"PVSAT,VENTTUBE",0.0
MINVOL,VENTALV,"PVSAT,VENTTUBE",0.0
MINVOL,VENTALV,"PVSAT,VENTTUBE",0.0
MINVOL,VENTALV,"PVSAT,VENTTUBE",0.0
MINVOL,VENTALV,"PVSAT,VENTTUBE",0.0
MINVOL,VENTALV,"PVSAT,VENTTUBE",0.0
MINVOL,VENTALV,"PVSAT,VENTTUBE",0.0
MINVOL,VENTALV,"PVSAT,VENTTUBE",0.0
PVSAT,SAO2,"MINVOL,VENTTUBE",0.0
PVSAT,SAO2,"MINVOL,VENTTUBE",0.0
PVSAT,SAO2,"MINVOL,VENTTUBE",0.0
PVSAT,SAO2,"MINVOL,VENTTUBE",0.0
PVSAT,SAO2,"MINVOL,VENTTUBE",0.0
PVSAT,SAO2,"MINVOL,VENTTUBE",0.0
PVSAT,SAO2,"MINVOL,VENTTUBE",0.0
PVSAT,SAO2,"MINVOL,VENTTUBE",0.0
PVSAT,SAO2,"MINVOL,VENTTUBE",0.0
PVSAT,SAO2,"MINVOL,VENTTUBE",0.0
PVSAT,SAO2,"MINVOL,VENTTUBE",0.0
PVSAT,SAO2,"MINVOL,VENTTUBE",0.0
PVSAT,SAO2,"MINVOL,VENTTUBE",0.0
PVSAT,SAO2,"MINVOL,VENTTUBE",0.0
PVSAT,SAO2,"MINVOL,VENTTUBE",0.0
PVSAT,SAO2,"MINVOL,VENTTUBE",0.0
PVSAT,SAO2,"MINVOL,VENTTUBE",0.0
PVSAT,SAO2,"MINVOL,VENTTUBE",0.0
PVSAT,SAO2,"MINVOL,VENTTUBE",0.0
PVSAT,SAO2,"MINVOL,VENTTUBE",0.0
PVSAT,SAO2,"MINVOL,VENTTUBE",0.0
PVSAT,INTUBATION,"MINVOL,VENTTUBE",1.9882620119527957e-72
PVSAT,INTUBATION,"MINVOL,VENTTUBE",1.9882620119527957e-72
PVSAT,INTUBATION,"MINVOL,VENTTUBE",1.9882620119527957e-72
PVSAT,INTUBATION,"MINVOL,VENTTUBE",1.9882620119527957e-72
PVSAT,INTUBATION,"MINVOL,VENTTUBE",1.9882620119527957e-72
PVSAT,INTUBATION,"MINVOL,VENTTUBE",1.9882620119527957e-72
PVSAT,INTUBATION,"MINVOL,VENTTUBE",1.9882620119527957e-72
PVSAT,INTUBATION,"MINVOL,VENTTUBE",1.9882620119527957e-72
PVSAT,INTUBATION,"MINVOL,VENTTUBE",1.9882620119527957e-72
PVSAT,INTUBATION,"MINVOL,VENTTUBE",1.9882620119527957e-72
PVSAT,INTUBATION,"MINVOL,VENTTUBE",1.9882620119527957e-72
PVSAT,INTUBATION,"MINVOL,VENTTUBE",1.9882620119527957e-72
PVSAT,INTUBATION,"MINVOL,VENTTUBE",1.9882620119527957e-72
PVSAT,INTUBATION,"MINVOL,VENTTUBE",1.9882620119527957e-72
PVSAT,INTUBATION,"MINVOL,VENTTUBE",1.9882620119527957e-72
PVSAT,INTUBATION,"MINVOL,VENTTUBE",1.9882620119527957e-72
PVSAT,INTUBATION,"MINVOL,VENTTUBE",1.9882620119527957e-72
PVSAT,INTUBATION,"MINVOL,VENTTUBE",1.9882620119527957e-72
PVSAT,INTUBATION,"MINVOL,VENTTUBE",1.9882620119527957e-72
PVSAT,INTUBATION,"MINVOL,VENTTUBE",1.9882620119527957e-72
PVSAT,INTUBATION,"MINVOL,VENTTUBE",1.9882620119527957e-72
PVSAT,VENTTUBE,"ARTCO2,MINVOL",1.581493789857518e-12
PVSAT,VENTTUBE,"ARTCO2,MINVOL",1.581493789857518e-12
PVSAT,VENTTUBE,"ARTCO2,MINVOL",1.581493789857518e-12
PVSAT,VENTTUBE,"ARTCO2,MINVOL",1.581493789857518e-12
PVSAT,VENTTUBE,"ARTCO2,MINVOL",1.581493789857518e-12
PVSAT,VENTTUBE,"ARTCO2,MINVOL",1.581493789857518e-12
PVSAT,VENTTUBE,"ARTCO2,MINVOL",1.581493789857518e-12
PVSAT,VENTTUBE,"ARTCO2,MINVOL",1.581493789857518e-12
PVSAT,VENTTUBE,"ARTCO2,MINVOL",1.581493789857518e-12
PVSAT,VENTTUBE,"ARTCO2,MINVOL",1.581493789857518e-12
PVSAT,VENTTUBE,"ARTCO2,MINVOL",1.581493789857518e-12
PVSAT,VENTTUBE,"ARTCO2,MINVOL",1.581493789857518e-12
PVSAT,VENTTUBE,"ARTCO2,MINVOL",1.581493789857518e-12
PVSAT,VENTTUBE,"ARTCO2,MINVOL",1.581493789857518e-12
PVSAT,VENTTUBE,"ARTCO2,MINVOL",1.581493789857518e-12
PVSAT,VENTTUBE,"ARTCO2,MINVOL",1.581493789857518e-12
PVSAT,VENTTUBE,"ARTCO2,MINVOL",1.581493789857518e-12
PVSAT,VENTTUBE,"ARTCO2,MINVOL",1.581493789857518e-12
PVSAT,VENTTUBE,"ARTCO2,MINVOL",1.581493789857518e-12
PVSAT,VENTTUBE,"ARTCO2,MINVOL",1.581493789857518e-12
PVSAT,VENTTUBE,"ARTCO2,MINVOL",1.581493789857518e-12
PVSAT,VENTLUNG,"MINVOL,VENTTUBE",4.3653591505324136e-197
PVSAT,VENTLUNG,"MINVOL,VENTTUBE",4.3653591505324136e-197
PVSAT,VENTLUNG,"MINVOL,VENTTUBE",4.3653591505324136e-197
PVSAT,VENTLUNG,"MINVOL,VENTTUBE",4.3653591505324136e-197
PVSAT,VENTLUNG,"MINVOL,VENTTUBE",4.3653591505324136e-197
PVSAT,VENTLUNG,"MINVOL,VENTTUBE",4.3653591505324136e-197
PVSAT,VENTLUNG,"MINVOL,VENTTUBE",4.3653591505324136e-197
PVSAT,VENTLUNG,"MINVOL,VENTTUBE",4.3653591505324136e-197
PVSAT,VENTLUNG,"MINVOL,VENTTUBE",4.3653591505324136e-197
PVSAT,VENTLUNG,"MINVOL,VENTTUBE",4.3653591505324136e-197
PVSAT,VENTLUNG,"MINVOL,VENTTUBE",4.3653591505324136e-197
PVSAT,VENTLUNG,"MINVOL,VENTTUBE",4.3653591505324136e-197
PVSAT,VENTLUNG,"MINVOL,VENTTUBE",4.3653591505324136e-197
PVSAT,VENTLUNG,"MINVOL,VENTTUBE",4.3653591505324136e-197
PVSAT,VENTLUNG,"MINVOL,VENTTUBE",4.3653591505324136e-197
PVSAT,VENTLUNG,"MINVOL,VENTTUBE",4.3653591505324136e-197
PVSAT,VENTLUNG,"MINVOL,VENTTUBE",4.3653591505324136e-197
PVSAT,VENTLUNG,"MINVOL,VENTTUBE",4.3653591505324136e-197
PVSAT,VENTLUNG,"MINVOL,VENTTUBE",4.3653591505324136e-197
PVSAT,VENTLUNG,"MINVOL,VENTTUBE",4.3653591505324136e-197
PVSAT,VENTLUNG,"MINVOL,VENTTUBE",4.3653591505324136e-197
PVSAT,VENTALV,"MINVOL,VENTTUBE",0.0
PVSAT,VENTALV,"MINVOL,VENTTUBE",0.0
PVSAT,VENTALV,"MINVOL,VENTTUBE",0.0
PVSAT,VENTALV,"MINVOL,VENTTUBE",0.0
PVSAT,VENTALV,"MINVOL,VENTTUBE",0.0
PVSAT,VENTALV,"MINVOL,VENTTUBE",0.0
PVSAT,VENTALV,"MINVOL,VENTTUBE",0.0
PVSAT,VENTALV,"MINVOL,VENTTUBE",0.0
PVSAT,VENTALV,"MINVOL,VENTTUBE",0.0
PVSAT,VENTALV,"MINVOL,VENTTUBE",0.0
PVSAT,VENTALV,"MINVOL,VENTTUBE",0.0
PVSAT,VENTALV,"MINVOL,VENTTUBE",0.0
PVSAT,VENTALV,"MINVOL,VENTTUBE",0.0
PVSAT,VENTALV,"MINVOL,VENTTUBE",0.0
PVSAT,VENTALV,"MINVOL,VENTTUBE",0.0
PVSAT,VENTALV,"MINVOL,VENTTUBE",0.0
PVSAT,VENTALV,"MINVOL,VENTTUBE",0.0
PVSAT,VENTALV,"MINVOL,VENTTUBE",0.0
PVSAT,VENTALV,"MINVOL,VENTTUBE",0.0
PVSAT,VENTALV,"MINVOL,VENTTUBE",0.0
PVSAT,VENTALV,"MINVOL,VENTTUBE",0.0
PVSAT,ARTCO2,"MINVOL,VENTTUBE",0.0
PVSAT,ARTCO2,"MINVOL,VENTTUBE",0.0
PVSAT,ARTCO2,"MINVOL,VENTTUBE",0.0
PVSAT,ARTCO2,"MINVOL,VENTTUBE",0.0
PVSAT,ARTCO2,"MINVOL,VENTTUBE",0.0
PVSAT,ARTCO2,"MINVOL,VENTTUBE",0.0
PVSAT,ARTCO2,"MINVOL,VENTTUBE",0.0
PVSAT,ARTCO2,"MINVOL,VENTTUBE",0.0
PVSAT,ARTCO2,"MINVOL,VENTTUBE",0.0
PVSAT,ARTCO2,"MINVOL,VENTTUBE",0.0
PVSAT,ARTCO2,"MINVOL,VENTTUBE",0.0
PVSAT,ARTCO2,"MINVOL,VENTTUBE",0.0
PVSAT,ARTCO2,"MINVOL,VENTTUBE",0.0
PVSAT,ARTCO2,"MINVOL,VENTTUBE",0.0
PVSAT,ARTCO2,"MINVOL,VENTTUBE",0.0
PVSAT,ARTCO2,"MINVOL,VENTTUBE",0.0
PVSAT,ARTCO2,"MINVOL,VENTTUBE",0.0
PVSAT,ARTCO2,"MINVOL,VENTTUBE",0.0
PVSAT,ARTCO2,"MINVOL,VENTTUBE",0.0
PVSAT,ARTCO2,"MINVOL,VENTTUBE",0.0
PVSAT,ARTCO2,"MINVOL,VENTTUBE",0.0
SAO2,PULMEMBOLUS,"ARTCO2,SHUNT",0.0601289021791664
SAO2,PULMEMBOLUS,"ARTCO2,SHUNT",0.0601289021791664
SAO2,PULMEMBOLUS,"ARTCO2,SHUNT",0.0601289021791664
SAO2,PULMEMBOLUS,"ARTCO2,SHUNT",0.0601289021791664
SAO2,PULMEMBOLUS,"ARTCO2,SHUNT",0.0601289021791664
SAO2,PULMEMBOLUS,"ARTCO2,SHUNT",0.0601289021791664
SAO2,PULMEMBOLUS,"ARTCO2,SHUNT",0.0601289021791664
SAO2,PULMEMBOLUS,"ARTCO2,SHUNT",0.0601289021791664
SAO2,PULMEMBOLUS,"ARTCO2,SHUNT",0.0601289021791664
SAO2,PULMEMBOLUS,"ARTCO2,SHUNT",0.0601289021791664
SAO2,PULMEMBOLUS,"ARTCO2,SHUNT",0.0601289021791664
SAO2,PULMEMBOLUS,"ARTCO2,SHUNT",0.0601289021791664
SAO2,SHUNT,"MINVOL,PULMEMBOLUS",4.073281891769198e-200
SAO2,SHUNT,"MINVOL,PULMEMBOLUS",4.073281891769198e-200
SAO2,SHUNT,"MINVOL,PULMEMBOLUS",4.073281891769198e-200
SAO2,SHUNT,"MINVOL,PULMEMBOLUS",4.073281891769198e-200
SAO2,SHUNT,"MINVOL,PULMEMBOLUS",4.073281891769198e-200
SAO2,SHUNT,"MINVOL,PULMEMBOLUS",4.073281891769198e-200
SAO2,SHUNT,"MINVOL,PULMEMBOLUS",4.073281891769198e-200
SAO2,SHUNT,"MINVOL,PULMEMBOLUS",4.073281891769198e-200
SAO2,SHUNT,"MINVOL,PULMEMBOLUS",4.073281891769198e-200
SAO2,SHUNT,"MINVOL,PULMEMBOLUS",4.073281891769198e-200
SAO2,SHUNT,"MINVOL,PULMEMBOLUS",4.073281891769198e-200
SAO2,SHUNT,"MINVOL,PULMEMBOLUS",4.073281891769198e-200
SAO2,SHUNT,"MINVOL,PULMEMBOLUS",4.073281891769198e-200
SAO2,SHUNT,"MINVOL,PULMEMBOLUS",4.073281891769198e-200
SAO2,SHUNT,"MINVOL,PULMEMBOLUS",4.073281891769198e-200
SAO2,SHUNT,"MINVOL,PULMEMBOLUS",4.073281891769198e-200
SAO2,SHUNT,"MINVOL,PULMEMBOLUS",4.073281891769198e-200
SAO2,SHUNT,"MINVOL,PULMEMBOLUS",4.073281891769198e-200
SAO2,SHUNT,"MINVOL,PULMEMBOLUS",4.073281891769198e-200
SAO2,SHUNT,"MINVOL,PULMEMBOLUS",4.073281891769198e-200
SAO2,SHUNT,"MINVOL,PULMEMBOLUS",4.073281891769198e-200
SAO2,SHUNT,"MINVOL,PULMEMBOLUS",4.073281891769198e-200
SAO2,SHUNT,"MINVOL,PULMEMBOLUS",4.073281891769198e-200
SAO2,SHUNT,"MINVOL,PULMEMBOLUS",4.073281891769198e-200
SAO2,SHUNT,"MINVOL,PULMEMBOLUS",4.073281891769198e-200
SAO2,SHUNT,"MINVOL,PULMEMBOLUS",4.073281891769198e-200
SAO2,SHUNT,"MINVOL,PULMEMBOLUS",4.073281891769198e-200
SAO2,SHUNT,"MINVOL,PULMEMBOLUS",4.073281891769198e-200
SAO2,SHUNT,"MINVOL,PULMEMBOLUS",4.073281891769198e-200
SAO2,SHUNT,"MINVOL,PULMEMBOLUS",4.073281891769198e-200
SAO2,SHUNT,"MINVOL,PULMEMBOLUS",4.073281891769198e-200
SAO2,SHUNT,"MINVOL,PULMEMBOLUS",4.073281891769198e-200
SAO2,SHUNT,"MINVOL,PULMEMBOLUS",4.073281891769198e-200
SAO2,SHUNT,"MINVOL,PULMEMBOLUS",4.073281891769198e-200
SAO2,SHUNT,"MINVOL,PULMEMBOLUS",4.073281891769198e-200
SAO2,SHUNT,"MINVOL,PULMEMBOLUS",4.073281891769198e-200
SAO2,INTUBATION,"MINVOL,PULMEMBOLUS",2.352085725957213e-65
SAO2,INTUBATION,"MINVOL,PULMEMBOLUS",2.352085725957213e-65
SAO2,INTUBATION,"MINVOL,PULMEMBOLUS",2.352085725957213e-65
SAO2,INTUBATION,"MINVOL,PULMEMBOLUS",2.352085725957213e-65
SAO2,INTUBATION,"MINVOL,PULMEMBOLUS",2.352085725957213e-65
SAO2,INTUBATION,"MINVOL,PULMEMBOLUS",2.352085725957213e-65
SAO2,INTUBATION,"MINVOL,PULMEMBOLUS",2.352085725957213e-65
SAO2,INTUBATION,"MINVOL,PULMEMBOLUS",2.352085725957213e-65
SAO2,INTUBATION,"MINVOL,PULMEMBOLUS",2.352085725957213e-65
SAO2,INTUBATION,"MINVOL,PULMEMBOLUS",2.352085725957213e-65
SAO2,INTUBATION,"MINVOL,PULMEMBOLUS",2.352085725957213e-65
SAO2,INTUBATION,"MINVOL,PULMEMBOLUS",2.352085725957213e-65
SAO2,INTUBATION,"MINVOL,PULMEMBOLUS",2.352085725957213e-65
SAO2,INTUBATION,"MINVOL,PULMEMBOLUS",2.352085725957213e-65
SAO2,INTUBATION,"MINVOL,PULMEMBOLUS",2.352085725957213e-65
SAO2,INTUBATION,"MINVOL,PULMEMBOLUS",2.352085725957213e-65
SAO2,INTUBATION,"MINVOL,PULMEMBOLUS",2.352085725957213e-65
SAO2,INTUBATION,"MINVOL,PULMEMBOLUS",2.352085725957213e-65
SAO2,INTUBATION,"MINVOL,PULMEMBOLUS",2.352085725957213e-65
SAO2,INTUBATION,"MINVOL,PULMEMBOLUS",2.352085725957213e-65
SAO2,INTUBATION,"MINVOL,PULMEMBOLUS",2.352085725957213e-65
SAO2,INTUBATION,"MINVOL,PULMEMBOLUS",2.352085725957213e-65
SAO2,INTUBATION,"MINVOL,PULMEMBOLUS",2.352085725957213e-65
SAO2,INTUBATION,"MINVOL,PULMEMBOLUS",2.352085725957213e-65
SAO2,INTUBATION,"MINVOL,PULMEMBOLUS",2.352085725957213e-65
SAO2,INTUBATION,"MINVOL,PULMEMBOLUS",2.352085725957213e-65
SAO2,INTUBATION,"MINVOL,PULMEMBOLUS",2.352085725957213e-65
SAO2,INTUBATION,"MINVOL,PULMEMBOLUS",2.352085725957213e-65
SAO2,INTUBATION,"MINVOL,PULMEMBOLUS",2.352085725957213e-65
SAO2,INTUBATION,"MINVOL,PULMEMBOLUS",2.352085725957213e-65
SAO2,INTUBATION,"MINVOL,PULMEMBOLUS",2.352085725957213e-65
SAO2,INTUBATION,"MINVOL,PULMEMBOLUS",2.352085725957213e-65
SAO2,INTUBATION,"MINVOL,PULMEMBOLUS",2.352085725957213e-65
SAO2,INTUBATION,"MINVOL,PULMEMBOLUS",2.352085725957213e-65
SAO2,INTUBATION,"MINVOL,PULMEMBOLUS",2.352085725957213e-65
SAO2,INTUBATION,"MINVOL,PULMEMBOLUS",2.352085725957213e-65
SAO2,VENTTUBE,"PVSAT,VENTALV",0.0664926846766365
SAO2,VENTTUBE,"PVSAT,VENTALV",0.0664926846766365
SAO2,VENTTUBE,"PVSAT,VENTALV",0.0664926846766365
SAO2,VENTTUBE,"PVSAT,VENTALV",0.0664926846766365
SAO2,VENTTUBE,"PVSAT,VENTALV",0.0664926846766365
SAO2,VENTTUBE,"PVSAT,VENTALV",0.0664926846766365
SAO2,VENTALV,"INTUBATION,PVSAT",0.061447304550308696
SAO2,VENTALV,"INTUBATION,PVSAT",0.061447304550308696
SAO2,VENTALV,"INTUBATION,PVSAT",0.061447304550308696
SAO2,VENTALV,"INTUBATION,PVSAT",0.061447304550308696
SAO2,VENTALV,"INTUBATION,PVSAT",0.061447304550308696
SAO2,VENTALV,"INTUBATION,PVSAT",0.061447304550308696
SAO2,VENTALV,"INTUBATION,PVSAT",0.061447304550308696
SAO2,VENTALV,"INTUBATION,PVSAT",0.061447304550308696
SAO2,VENTALV,"INTUBATION,PVSAT",0.061447304550308696
SAO2,VENTALV,"INTUBATION,PVSAT",0.061447304550308696
SAO2,VENTALV,"INTUBATION,PVSAT",0.061447304550308696
SAO2,VENTALV,"INTUBATION,PVSAT",0.061447304550308696
SAO2,ARTCO2,"PVSAT,SHUNT",0.2229453241000662
SAO2,ARTCO2,"PVSAT,SHUNT",0.2229453241000662
SAO2,ARTCO2,"PVSAT,SHUNT",0.2229453241000662
SAO2,ARTCO2,"PVSAT,SHUNT",0.2229453241000662
SAO2,ARTCO2,"PVSAT,SHUNT",0.2229453241000662
SAO2,ARTCO2,"PVSAT,SHUNT",0.2229453241000662
SAO2,ARTCO2,"PVSAT,SHUNT",0.2229453241000662
SAO2,ARTCO2,"PVSAT,SHUNT",0.2229453241000662
SAO2,ARTCO2,"PVSAT,SHUNT",0.2229453241000662
SAO2,ARTCO2,"PVSAT,SHUNT",0.2229453241000662
SAO2,ARTCO2,"PVSAT,SHUNT",0.2229453241000662
SAO2,ARTCO2,"PVSAT,SHUNT",0.2229453241000662
SAO2,CATECHOL,"MINVOL,PULMEMBOLUS",9.908462127557795e-68
SAO2,CATECHOL,"MINVOL,PULMEMBOLUS",9.908462127557795e-68
SAO2,CATECHOL,"MINVOL,PULMEMBOLUS",9.908462127557795e-68
SAO2,CATECHOL,"MINVOL,PULMEMBOLUS",9.908462127557795e-68
SAO2,CATECHOL,"MINVOL,PULMEMBOLUS",9.908462127557795e-68
SAO2,CATECHOL,"MINVOL,PULMEMBOLUS",9.908462127557795e-68
SAO2,CATECHOL,"MINVOL,PULMEMBOLUS",9.908462127557795e-68
SAO2,CATECHOL,"MINVOL,PULMEMBOLUS",9.908462127557795e-68
SAO2,CATECHOL,"MINVOL,PULMEMBOLUS",9.908462127557795e-68
SAO2,CATECHOL,"MINVOL,PULMEMBOLUS",9.908462127557795e-68
SAO2,CATECHOL,"MINVOL,PULMEMBOLUS",9.908462127557795e-68
SAO2,CATECHOL,"MINVOL,PULMEMBOLUS",9.908462127557795e-68
SAO2,CATECHOL,"MINVOL,PULMEMBOLUS",9.908462127557795e-68
SAO2,CATECHOL,"MINVOL,PULMEMBOLUS",9.908462127557795e-68
SAO2,CATECHOL,"MINVOL,PULMEMBOLUS",9.908462127557795e-68
SAO2,CATECHOL,"MINVOL,PULMEMBOLUS",9.908462127557795e-68
SAO2,CATECHOL,"MINVOL,PULMEMBOLUS",9.908462127557795e-68
SAO2,CATECHOL,"MINVOL,PULMEMBOLUS",9.908462127557795e-68
SAO2,CATECHOL,"MINVOL,PULMEMBOLUS",9.908462127557795e-68
SAO2,CATECHOL,"MINVOL,PULMEMBOLUS",9.908462127557795e-68
SAO2,CATECHOL,"MINVOL,PULMEMBOLUS",9.908462127557795e-68
SAO2,CATECHOL,"MINVOL,PULMEMBOLUS",9.908462127557795e-68
SAO2,CATECHOL,"MINVOL,PULMEMBOLUS",9.908462127557795e-68
SAO2,CATECHOL,"MINVOL,PULMEMBOLUS",9.908462127557795e-68
SAO2,CATECHOL,"MINVOL,PULMEMBOLUS",9.908462127557795e-68
SAO2,CATECHOL,"MINVOL,PULMEMBOLUS",9.908462127557795e-68
SAO2,CATECHOL,"MINVOL,PULMEMBOLUS",9.908462127557795e-68
SAO2,CATECHOL,"MINVOL,PULMEMBOLUS",9.908462127557795e-68
SAO2,CATECHOL,"MINVOL,PULMEMBOLUS",9.908462127557795e-68
SAO2,CATECHOL,"MINVOL,PULMEMBOLUS",9.908462127557795e-68
SAO2,CATECHOL,"MINVOL,PULMEMBOLUS",9.908462127557795e-68
SAO2,CATECHOL,"MINVOL,PULMEMBOLUS",9.908462127557795e-68
SAO2,CATECHOL,"MINVOL,PULMEMBOLUS",9.908462127557795e-68
SAO2,CATECHOL,"MINVOL,PULMEMBOLUS",9.908462127557795e-68
SAO2,CATECHOL,"MINVOL,PULMEMBOLUS",9.908462127557795e-68
SAO2,CATECHOL,"MINVOL,PULMEMBOLUS",9.908462127557795e-68
PULMEMBOLUS,SHUNT,"PAP,SAO2",1.3384066796729235e-104
SHUNT,INTUBATION,"PULMEMBOLUS,SAO2",0.0
INTUBATION,PRESS,"MINVOL,PVSAT",6.156197847240067e-164
INTUBATION,PRESS,"MINVOL,PVSAT",6.156197847240067e-164
INTUBATION,PRESS,"MINVOL,PVSAT",6.156197847240067e-164
INTUBATION,PRESS,"MINVOL,PVSAT",6.156197847240067e-164
INTUBATION,PRESS,"MINVOL,PVSAT",6.156197847240067e-164
INTUBATION,PRESS,"MINVOL,PVSAT",6.156197847240067e-164
INTUBATION,PRESS,"MINVOL,PVSAT",6.156197847240067e-164
INTUBATION,PRESS,"MINVOL,PVSAT",6.156197847240067e-164
INTUBATION,PRESS,"MINVOL,PVSAT",6.156197847240067e-164
INTUBATION,PRESS,"MINVOL,PVSAT",6.156197847240067e-164
INTUBATION,PRESS,"MINVOL,PVSAT",6.156197847240067e-164
INTUBATION,PRESS,"MINVOL,PVSAT",6.156197847240067e-164
INTUBATION,PRESS,"MINVOL,PVSAT",6.156197847240067e-164
INTUBATION,PRESS,"MINVOL,PVSAT",6.156197847240067e-164
INTUBATION,PRESS,"MINVOL,PVSAT",6.156197847240067e-164
INTUBATION,PRESS,"MINVOL,PVSAT",6.156197847240067e-164
INTUBATION,PRESS,"MINVOL,PVSAT",6.156197847240067e-164
INTUBATION,PRESS,"MINVOL,PVSAT",6.156197847240067e-164
INTUBATION,PRESS,"MINVOL,PVSAT",6.156197847240067e-164
INTUBATION,PRESS,"MINVOL,PVSAT",6.156197847240067e-164
INTUBATION,PRESS,"MINVOL,PVSAT",6.156197847240067e-164
INTUBATION,VENTLUNG,"MINVOL,PVSAT",0.0
INTUBATION,VENTLUNG,"MINVOL,PVSAT",0.0
INTUBATION,VENTLUNG,"MINVOL,PVSAT",0.0
INTUBATION,VENTLUNG,"MINVOL,PVSAT",0.0
INTUBATION,VENTLUNG,"MINVOL,PVSAT",0.0
INTUBATION,VENTLUNG,"MINVOL,PVSAT",0.0
INTUBATION,VENTLUNG,"MINVOL,PVSAT",0.0
INTUBATION,VENTLUNG,"MINVOL,PVSAT",0.0
INTUBATION,VENTLUNG,"MINVOL,PVSAT",0.0
INTUBATION,VENTLUNG,"MINVOL,PVSAT",0.0
INTUBATION,VENTLUNG,"MINVOL,PVSAT",0.0
INTUBATION,VENTLUNG,"MINVOL,PVSAT",0.0
INTUBATION,VENTLUNG,"MINVOL,PVSAT",0.0
INTUBATION,VENTLUNG,"MINVOL,PVSAT",0.0
INTUBATION,VENTLUNG,"MINVOL,PVSAT",0.0
INTUBATION,VENTLUNG,"MINVOL,PVSAT",0.0
INTUBATION,VENTLUNG,"MINVOL,PVSAT",0.0
INTUBATION,VENTLUNG,"MINVOL,PVSAT",0.0
INTUBATION,VENTLUNG,"MINVOL,PVSAT",0.0
INTUBATION,VENTLUNG,"MINVOL,PVSAT",0.0
INTUBATION,VENTLUNG,"MINVOL,PVSAT",0.0
INTUBATION,VENTALV,"MINVOL,PVSAT",0.0
INTUBATION,VENTALV,"MINVOL,PVSAT",0.0
INTUBATION,VENTALV,"MINVOL,PVSAT",0.0
INTUBATION,VENTALV,"MINVOL,PVSAT",0.0
INTUBATION,VENTALV,"MINVOL,PVSAT",0.0
INTUBATION,VENTALV,"MINVOL,PVSAT",0.0
INTUBATION,VENTALV,"MINVOL,PVSAT",0.0
INTUBATION,VENTALV,"MINVOL,PVSAT",0.0
INTUBATION,VENTALV,"MINVOL,PVSAT",0.0
INTUBATION,VENTALV,"MINVOL,PVSAT",0.0
INTUBATION,VENTALV,"MINVOL,PVSAT",0.0
INTUBATION,VENTALV,"MINVOL,PVSAT",0.0
INTUBATION,VENTALV,"MINVOL,PVSAT",0.0
INTUBATION,VENTALV,"MINVOL,PVSAT",0.0
INTUBATION,VENTALV,"MINVOL,PVSAT",0.0
INTUBATION,VENTALV,"MINVOL,PVSAT",0.0
INTUBATION,VENTALV,"MINVOL,PVSAT",0.0
INTUBATION,VENTALV,"MINVOL,PVSAT",0.0
INTUBATION,VENTALV,"MINVOL,PVSAT",0.0
INTUBATION,VENTALV,"MINVOL,PVSAT",0.0
INTUBATION,VENTALV,"MINVOL,PVSAT",0.0
PRESS,VENTTUBE,"EXPCO2,MINVOL",0.0
PRESS,VENTTUBE,"EXPCO2,MINVOL",0.0
PRESS,VENTTUBE,"EXPCO2,MINVOL",0.0
PRESS,VENTTUBE,"EXPCO2,MINVOL",0.0
PRESS,VENTTUBE,"EXPCO2,MINVOL",0.0
PRESS,VENTTUBE,"EXPCO2,MINVOL",0.0
PRESS,VENTTUBE,"EXPCO2,MINVOL",0.0
PRESS,VENTTUBE,"EXPCO2,MINVOL",0.0
PRESS,VENTTUBE,"EXPCO2,MINVOL",0.0
PRESS,VENTTUBE,"EXPCO2,MINVOL",0.0
PRESS,VENTTUBE,"EXPCO2,MINVOL",0.0
PRESS,VENTTUBE,"EXPCO2,MINVOL",0.0
PRESS,VENTTUBE,"EXPCO2,MINVOL",0.0
PRESS,VENTTUBE,"EXPCO2,MINVOL",0.0
PRESS,VENTTUBE,"EXPCO2,MINVOL",0.0
PRESS,VENTLUNG,"MINVOL,VENTTUBE",1.8924508475064833e-242
PRESS,VENTLUNG,"MINVOL,VENTTUBE",1.8924508475064833e-242
PRESS,VENTLUNG,"MINVOL,VENTTUBE",1.8924508475064833e-242
PRESS,VENTLUNG,"MINVOL,VENTTUBE",1.8924508475064833e-242
PRESS,VENTLUNG,"MINVOL,VENTTUBE",1.8924508475064833e-242
PRESS,VENTLUNG,"MINVOL,VENTTUBE",1.8924508475064833e-242
PRESS,VENTLUNG,"MINVOL,VENTTUBE",1.8924508475064833e-242
PRESS,VENTLUNG,"MINVOL,VENTTUBE",1.8924508475064833e-242
PRESS,VENTLUNG,"MINVOL,VENTTUBE",1.8924508475064833e-242
PRESS,VENTLUNG,"MINVOL,VENTTUBE",1.8924508475064833e-242
PRESS,VENTLUNG,"MINVOL,VENTTUBE",1.8924508475064833e-242
PRESS,VENTLUNG,"MINVOL,VENTTUBE",1.8924508475064833e-242
PRESS,VENTLUNG,"MINVOL,VENTTUBE",1.8924508475064833e-242
PRESS,VENTLUNG,"MINVOL,VENTTUBE",1.8924508475064833e-242
PRESS,VENTLUNG,"MINVOL,VENTTUBE",1.8924508475064833e-242
PRESS,VENTALV,"INTUBATION,VENTLUNG",0.053175234576074155
PRESS,VENTALV,"INTUBATION,VENTLUNG",0.053175234576074155
PRESS,VENTALV,"INTUBATION,VENTLUNG",0.053175234576074155
PRESS,VENTALV,"INTUBATION,VENTLUNG",0.053175234576074155
PRESS,VENTALV,"INTUBATION,VENTLUNG",0.053175234576074155
PRESS,VENTALV,"INTUBATION,VENTLUNG",0.053175234576074155
VENTMACH,VENTTUBE,"ERRLOWOUTPUT,MINVOLSET",0.0
VENTTUBE,VENTLUNG,"MINVOL,MINVOLSET",2.4156686012042184e-200
VENTTUBE,VENTLUNG,"MINVOL,MINVOLSET",2.4156686012042184e-200
VENTTUBE,VENTLUNG,"MINVOL,MINVOLSET",2.4156686012042184e-200
VENTTUBE,VENTLUNG,"MINVOL,MINVOLSET",2.4156686012042184e-200
VENTTUBE,VENTLUNG,"MINVOL,MINVOLSET",2.4156686012042184e-200
VENTTUBE,VENTLUNG,"MINVOL,MINVOLSET",2.4156686012042184e-200
VENTTUBE,VENTLUNG,"MINVOL,MINVOLSET",2.4156686012042184e-200
VENTTUBE,VENTLUNG,"MINVOL,MINVOLSET",2.4156686012042184e-200
VENTTUBE,VENTLUNG,"MINVOL,MINVOLSET",2.4156686012042184e-200
VENTTUBE,VENTLUNG,"MINVOL,MINVOLSET",2.4156686012042184e-200
VENTTUBE,VENTLUNG,"MINVOL,MINVOLSET",2.4156686012042184e-200
VENTTUBE,VENTLUNG,"MINVOL,MINVOLSET",2.4156686012042184e-200
VENTTUBE,VENTLUNG,"MINVOL,MINVOLSET",2.4156686012042184e-200
VENTTUBE,VENTLUNG,"MINVOL,MINVOLSET",2.4156686012042184e-200
VENTTUBE,VENTLUNG,"MINVOL,MINVOLSET",2.4156686012042184e-200
VENTTUBE,VENTLUNG,"MINVOL,MINVOLSET",2.4156686012042184e-200
VENTTUBE,VENTLUNG,"MINVOL,MINVOLSET",2.4156686012042184e-200
VENTTUBE,VENTLUNG,"MINVOL,MINVOLSET",2.4156686012042184e-200
VENTTUBE,VENTLUNG,"MINVOL,MINVOLSET",2.4156686012042184e-200
VENTTUBE,VENTLUNG,"MINVOL,MINVOLSET",2.4156686012042184e-200
VENTTUBE,VENTLUNG,"MINVOL,MINVOLSET",2.4156686012042184e-200
VENTTUBE,VENTLUNG,"MINVOL,MINVOLSET",2.4156686012042184e-200
VENTTUBE,VENTLUNG,"MINVOL,MINVOLSET",2.4156686012042184e-200
VENTTUBE,VENTLUNG,"MINVOL,MINVOLSET",2.4156686012042184e-200
VENTTUBE,VENTLUNG,"MINVOL,MINVOLSET",2.4156686012042184e-200
VENTTUBE,VENTLUNG,"MINVOL,MINVOLSET",2.4156686012042184e-200
VENTTUBE,VENTLUNG,"MINVOL,MINVOLSET",2.4156686012042184e-200
VENTTUBE,VENTLUNG,"MINVOL,MINVOLSET",2.4156686012042184e-200
VENTTUBE,VENTLUNG,"MINVOL,MINVOLSET",2.4156686012042184e-200
VENTTUBE,VENTLUNG,"MINVOL,MINVOLSET",2.4156686012042184e-200
VENTTUBE,VENTLUNG,"MINVOL,MINVOLSET",2.4156686012042184e-200
VENTTUBE,VENTLUNG,"MINVOL,MINVOLSET",2.4156686012042184e-200
VENTTUBE,VENTLUNG,"MINVOL,MINVOLSET",2.4156686012042184e-200
VENTTUBE,VENTLUNG,"MINVOL,MINVOLSET",2.4156686012042184e-200
VENTTUBE,VENTLUNG,"MINVOL,MINVOLSET",2.4156686012042184e-200
VENTTUBE,VENTLUNG,"MINVOL,MINVOLSET",2.4156686012042184e-200
VENTTUBE,VENTALV,"MINVOL,MINVOLSET",2.7302204622317887e-101
VENTTUBE,VENTALV,"MINVOL,MINVOLSET",2.7302204622317887e-101
VENTTUBE,VENTALV,"MINVOL,MINVOLSET",2.7302204622317887e-101
VENTTUBE,VENTALV,"MINVOL,MINVOLSET",2.7302204622317887e-101
VENTTUBE,VENTALV,"MINVOL,MINVOLSET",2.7302204622317887e-101
VENTTUBE,VENTALV,"MINVOL,MINVOLSET",2.7302204622317887e-101
VENTTUBE,VENTALV,"MINVOL,MINVOLSET",2.7302204622317887e-101
VENTTUBE,VENTALV,"MINVOL,MINVOLSET",2.7302204622317887e-101
VENTTUBE,VENTALV,"MINVOL,MINVOLSET",2.7302204622317887e-101
VENTTUBE,VENTALV,"MINVOL,MINVOLSET",2.7302204622317887e-101
VENTTUBE,VENTALV,"MINVOL,MINVOLSET",2.7302204622317887e-101
VENTTUBE,VENTALV,"MINVOL,MINVOLSET",2.7302204622317887e-101
VENTTUBE,VENTALV,"MINVOL,MINVOLSET",2.7302204622317887e-101
VENTTUBE,VENTALV,"MINVOL,MINVOLSET",2.7302204622317887e-101
VENTTUBE,VENTALV,"MINVOL,MINVOLSET",2.7302204622317887e-101
VENTTUBE,VENTALV,"MINVOL,MINVOLSET",2.7302204622317887e-101
VENTTUBE,VENTALV,"MINVOL,MINVOLSET",2.7302204622317887e-101
VENTTUBE,VENTALV,"MINVOL,MINVOLSET",2.7302204622317887e-101
VENTTUBE,VENTALV,"MINVOL,MINVOLSET",2.7302204622317887e-101
VENTTUBE,VENTALV,"MINVOL,MINVOLSET",2.7302204622317887e-101
VENTTUBE,VENTALV,"MINVOL,MINVOLSET",2.7302204622317887e-101
VENTTUBE,VENTALV,"MINVOL,MINVOLSET",2.7302204622317887e-101
VENTTUBE,VENTALV,"MINVOL,MINVOLSET",2.7302204622317887e-101
VENTTUBE,VENTALV,"MINVOL,MINVOLSET",2.7302204622317887e-101
VENTTUBE,VENTALV,"MINVOL,MINVOLSET",2.7302204622317887e-101
VENTTUBE,VENTALV,"MINVOL,MINVOLSET",2.7302204622317887e-101
VENTTUBE,VENTALV,"MINVOL,MINVOLSET",2.7302204622317887e-101
VENTTUBE,VENTALV,"MINVOL,MINVOLSET",2.7302204622317887e-101
VENTTUBE,VENTALV,"MINVOL,MINVOLSET",2.7302204622317887e-101
VENTTUBE,VENTALV,"MINVOL,MINVOLSET",2.7302204622317887e-101
VENTTUBE,VENTALV,"MINVOL,MINVOLSET",2.7302204622317887e-101
VENTTUBE,VENTALV,"MINVOL,MINVOLSET",2.7302204622317887e-101
VENTTUBE,VENTALV,"MINVOL,MINVOLSET",2.7302204622317887e-101
VENTTUBE,VENTALV,"MINVOL,MINVOLSET",2.7302204622317887e-101
VENTTUBE,VENTALV,"MINVOL,MINVOLSET",2.7302204622317887e-101
VENTTUBE,VENTALV,"MINVOL,MINVOLSET",2.7302204622317887e-101
VENTLUNG,VENTALV,"MINVOL,VENTTUBE",0.0
VENTLUNG,VENTALV,"MINVOL,VENTTUBE",0.0
VENTLUNG,VENTALV,"MINVOL,VENTTUBE",0.0
VENTLUNG,VENTALV,"MINVOL,VENTTUBE",0.0
VENTLUNG,VENTALV,"MINVOL,VENTTUBE",0.0
VENTLUNG,VENTALV,"MINVOL,VENTTUBE",0.0
VENTLUNG,VENTALV,"MINVOL,VENTTUBE",0.0
VENTLUNG,VENTALV,"MINVOL,VENTTUBE",0.0
VENTLUNG,VENTALV,"MINVOL,VENTTUBE",0.0
VENTLUNG,VENTALV,"MINVOL,VENTTUBE",0.0
VENTLUNG,VENTALV,"MINVOL,VENTTUBE",0.0
VENTLUNG,VENTALV,"MINVOL,VENTTUBE",0.0
VENTLUNG,VENTALV,"MINVOL,VENTTUBE",0.0
VENTLUNG,VENTALV,"MINVOL,VENTTUBE",0.0
VENTLUNG,VENTALV,"MINVOL,VENTTUBE",0.0
VENTLUNG,VENTALV,"MINVOL,VENTTUBE",0.0
VENTLUNG,VENTALV,"MINVOL,VENTTUBE",0.0
VENTLUNG,VENTALV,"MINVOL,VENTTUBE",0.0
VENTLUNG,VENTALV,"MINVOL,VENTTUBE",0.0
VENTLUNG,VENTALV,"MINVOL,VENTTUBE",0.0
VENTLUNG,VENTALV,"MINVOL,VENTTUBE",0.0
VENTLUNG,VENTALV,"MINVOL,VENTTUBE",0.0
VENTLUNG,VENTALV,"MINVOL,VENTTUBE",0.0
VENTLUNG,VENTALV,"MINVOL,VENTTUBE",0.0
VENTLUNG,VENTALV,"MINVOL,VENTTUBE",0.0
VENTLUNG,VENTALV,"MINVOL,VENTTUBE",0.0
VENTLUNG,VENTALV,"MINVOL,VENTTUBE",0.0
VENTLUNG,VENTALV,"MINVOL,VENTTUBE",0.0
VENTLUNG,ARTCO2,"MINVOL,VENTTUBE",0.0
VENTLUNG,ARTCO2,"MINVOL,VENTTUBE",0.0
VENTLUNG,ARTCO2,"MINVOL,VENTTUBE",0.0
VENTLUNG,ARTCO2,"MINVOL,VENTTUBE",0.0
VENTLUNG,ARTCO2,"MINVOL,VENTTUBE",0.0
VENTLUNG,ARTCO2,"MINVOL,VENTTUBE",0.0
VENTLUNG,ARTCO2,"MINVOL,VENTTUBE",0.0
VENTLUNG,ARTCO2,"MINVOL,VENTTUBE",0.0
VENTLUNG,ARTCO2,"MINVOL,VENTTUBE",0.0
VENTLUNG,ARTCO2,"MINVOL,VENTTUBE",0.0
VENTLUNG,ARTCO2,"MINVOL,VENTTUBE",0.0
VENTLUNG,ARTCO2,"MINVOL,VENTTUBE",0.0
VENTLUNG,ARTCO2,"MINVOL,VENTTUBE",0.0
VENTLUNG,ARTCO2,"MINVOL,VENTTUBE",0.0
VENTLUNG,ARTCO2,"MINVOL,VENTTUBE",0.0
VENTLUNG,ARTCO2,"MINVOL,VENTTUBE",0.0
VENTLUNG,ARTCO2,"MINVOL,VENTTUBE",0.0
VENTLUNG,ARTCO2,"MINVOL,VENTTUBE",0.0
VENTLUNG,ARTCO2,"MINVOL,VENTTUBE",0.0
VENTLUNG,ARTCO2,"MINVOL,VENTTUBE",0.0
VENTLUNG,ARTCO2,"MINVOL,VENTTUBE",0.0
VENTLUNG,ARTCO2,"MINVOL,VENTTUBE",0.0
VENTLUNG,ARTCO2,"MINVOL,VENTTUBE",0.0
VENTLUNG,ARTCO2,"MINVOL,VENTTUBE",0.0
VENTLUNG,ARTCO2,"MINVOL,VENTTUBE",0.0
VENTLUNG,ARTCO2,"MINVOL,VENTTUBE",0.0
VENTLUNG,ARTCO2,"MINVOL,VENTTUBE",0.0
VENTLUNG,ARTCO2,"MINVOL,VENTTUBE",0.0
VENTALV,ARTCO2,"MINVOL,VENTTUBE",0.0
VENTALV,ARTCO2,"MINVOL,VENTTUBE",0.0
VENTALV,ARTCO2,"MINVOL,VENTTUBE",0.0
VENTALV,ARTCO2,"MINVOL,VENTTUBE",0.0
VENTALV,ARTCO2,"MINVOL,VENTTUBE",0.0
VENTALV,ARTCO2,"MINVOL,VENTTUBE",0.0
VENTALV,ARTCO2,"MINVOL,VENTTUBE",0.0
VENTALV,ARTCO2,"MINVOL,VENTTUBE",0.0
VENTALV,ARTCO2,"MINVOL,VENTTUBE",0.0
VENTALV,ARTCO2,"MINVOL,VENTTUBE",0.0
VENTALV,ARTCO2,"MINVOL,VENTTUBE",0.0
VENTALV,ARTCO2,"MINVOL,VENTTUBE",0.0
VENTALV,ARTCO2,"MINVOL,VENTTUBE",0.0
VENTALV,ARTCO2,"MINVOL,VENTTUBE",0.0
VENTALV,ARTCO2,"MINVOL,VENTTUBE",0.0
VENTALV,ARTCO2,"MINVOL,VENTTUBE",0.0
VENTALV,ARTCO2,"MINVOL,VENTTUBE",0.0
VENTALV,ARTCO2,"MINVOL,VENTTUBE",0.0
VENTALV,ARTCO2,"MINVOL,VENTTUBE",0.0
VENTALV,ARTCO2,"MINVOL,VENTTUBE",0.0
VENTALV,ARTCO2,"MINVOL,VENTTUBE",0.0
VENTALV,ARTCO2,"MINVOL,VENTTUBE",0.0
VENTALV,ARTCO2,"MINVOL,VENTTUBE",0.0
VENTALV,ARTCO2,"MINVOL,VENTTUBE",0.0
VENTALV,ARTCO2,"MINVOL,VENTTUBE",0.0
VENTALV,ARTCO2,"MINVOL,VENTTUBE",0.0
VENTALV,ARTCO2,"MINVOL,VENTTUBE",0.0
VENTALV,ARTCO2,"MINVOL,VENTTUBE",0.0
VENTALV,ARTCO2,"MINVOL,VENTTUBE",0.0
VENTALV,ARTCO2,"MINVOL,VENTTUBE",0.0
VENTALV,ARTCO2,"MINVOL,VENTTUBE",0.0
VENTALV,ARTCO2,"MINVOL,VENTTUBE",0.0
VENTALV,ARTCO2,"MINVOL,VENTTUBE",0.0
VENTALV,ARTCO2,"MINVOL,VENTTUBE",0.0
VENTALV,ARTCO2,"MINVOL,VENTTUBE",0.0
VENTALV,ARTCO2,"MINVOL,VENTTUBE",0.0
VENTALV,CATECHOL,"ARTCO2,SAO2",0.3935466526601877
VENTALV,CATECHOL,"ARTCO2,SAO2",0.3935466526601877
VENTALV,CATECHOL,"ARTCO2,SAO2",0.3935466526601877
VENTALV,CATECHOL,"ARTCO2,SAO2",0.3935466526601877
VENTALV,CATECHOL,"ARTCO2,SAO2",0.3935466526601877
VENTALV,CATECHOL,"ARTCO2,SAO2",0.3935466526601877
VENTALV,CATECHOL,"ARTCO2,SAO2",0.3935466526601877
VENTALV,CATECHOL,"ARTCO2,SAO2",0.3935466526601877
VENTALV,CATECHOL,"ARTCO2,SAO2",0.3935466526601877
VENTALV,CATECHOL,"ARTCO2,SAO2",0.3935466526601877
VENTALV,CATECHOL,"ARTCO2,SAO2",0.3935466526601877
VENTALV,CATECHOL,"ARTCO2,SAO2",0.3935466526601877
VENTALV,CATECHOL,"ARTCO2,SAO2",0.3935466526601877
VENTALV,CATECHOL,"ARTCO2,SAO2",0.3935466526601877
VENTALV,CATECHOL,"ARTCO2,SAO2",0.3935466526601877
VENTALV,CATECHOL,"ARTCO2,SAO2",0.3935466526601877
VENTALV,CATECHOL,"ARTCO2,SAO2",0.3935466526601877
VENTALV,CATECHOL,"ARTCO2,SAO2",0.3935466526601877
VENTALV,CATECHOL,"ARTCO2,SAO2",0.3935466526601877
VENTALV,CATECHOL,"ARTCO2,SAO2",0.3935466526601877
VENTALV,CATECHOL,"ARTCO2,SAO2",0.3935466526601877
VENTALV,CATECHOL,"ARTCO2,SAO2",0.3935466526601877
VENTALV,CATECHOL,"ARTCO2,SAO2",0.3935466526601877
VENTALV,CATECHOL,"ARTCO2,SAO2",0.3935466526601877
VENTALV,CATECHOL,"ARTCO2,SAO2",0.3935466526601877
VENTALV,CATECHOL,"ARTCO2,SAO2",0.3935466526601877
VENTALV,CATECHOL,"ARTCO2,SAO2",0.3935466526601877
ARTCO2,CATECHOL,"PVSAT,SAO2",2.2492675948328596e-86
ARTCO2,CATECHOL,"PVSAT,SAO2",2.2492675948328596e-86
ARTCO2,CATECHOL,"PVSAT,SAO2",2.2492675948328596e-86
ARTCO2,CATECHOL,"PVSAT,SAO2",2.2492675948328596e-86
ARTCO2,CATECHOL,"PVSAT,SAO2",2.2492675948328596e-86
ARTCO2,CATECHOL,"PVSAT,SAO2",2.2492675948328596e-86
ARTCO2,CATECHOL,"PVSAT,SAO2",2.2492675948328596e-86
ARTCO2,CATECHOL,"PVSAT,SAO2",2.2492675948328596e-86
ARTCO2,CATECHOL,"PVSAT,SAO2",2.2492675948328596e-86
ARTCO2,CATECHOL,"PVSAT,SAO2",2.2492675948328596e-86
CATECHOL,HR,"BP,TPR",0.0
CATECHOL,HR,"BP,TPR",0.0
CATECHOL,HR,"BP,TPR",0.0
CATECHOL,HR,"BP,TPR",0.0
CATECHOL,HR,"BP,TPR",0.0
CATECHOL,HR,"BP,TPR",0.0
CATECHOL,HR,"BP,TPR",0.0
CATECHOL,HR,"BP,TPR",0.0
CATECHOL,HR,"BP,TPR",0.0
CATECHOL,HR,"BP,TPR",0.0
CATECHOL,HR,"BP,TPR",0.0
CATECHOL,HR,"BP,TPR",0.0
CATECHOL,HR,"BP,TPR",0.0
CATECHOL,HR,"BP,TPR",0.0
CATECHOL,HR,"BP,TPR",0.0
CATECHOL,BP,"ARTCO2,TPR",5.176300651884879e-45
CATECHOL,BP,"ARTCO2,TPR",5.176300651884879e-45
CATECHOL,BP,"ARTCO2,TPR",5.176300651884879e-45
CATECHOL,BP,"ARTCO2,TPR",5.176300651884879e-45
CATECHOL,BP,"ARTCO2,TPR",5.176300651884879e-45
CATECHOL,BP,"ARTCO2,TPR",5.176300651884879e-45
CATECHOL,BP,"ARTCO2,TPR",5.176300651884879e-45
CATECHOL,BP,"ARTCO2,TPR",5.176300651884879e-45
CATECHOL,BP,"ARTCO2,TPR",5.176300651884879e-45
CATECHOL,BP,"ARTCO2,TPR",5.176300651884879e-45
CATECHOL,BP,"ARTCO2,TPR",5.176300651884879e-45
CATECHOL,BP,"ARTCO2,TPR",5.176300651884879e-45
CATECHOL,BP,"ARTCO2,TPR",5.176300651884879e-45
CATECHOL,BP,"ARTCO2,TPR",5.176300651884879e-45
CATECHOL,BP,"ARTCO2,TPR",5.176300651884879e-45
HR,CO,"BP,HREKG",0.0
HR,CO,"BP,HREKG",0.0
HR,CO,"BP,HREKG",0.0
HR,CO,"BP,HREKG",0.0
HR,CO,"BP,HREKG",0.0
HR,CO,"BP,HREKG",0.0
HR,CO,"BP,HREKG",0.0
HR,CO,"BP,HREKG",0.0
HR,CO,"BP,HREKG",0.0
HR,CO,"BP,HREKG",0.0
HR,BP,"CATECHOL,CO",0.8412880971610467
HR,BP,"CATECHOL,CO",0.8412880971610467
HR,BP,"CATECHOL,CO",0.8412880971610467
HR,BP,"CATECHOL,CO",0.8412880971610467
HR,BP,"CATECHOL,CO",0.8412880971610467
HR,BP,"CATECHOL,CO",0.8412880971610467
CO,BP,"HR,STROKEVOLUME",9.452901651777979e-239
LVEDVOLUME,LVFAILURE,"CVP,HYPOVOLEMIA,PCWP",3.0996730703557044e-96
STROKEVOLUME,CO,"BP,HISTORY,HYPOVOLEMIA",0.0
STROKEVOLUME,CO,"BP,HISTORY,HYPOVOLEMIA",0.0
STROKEVOLUME,CO,"BP,HISTORY,HYPOVOLEMIA",0.0
STROKEVOLUME,CO,"BP,HISTORY,HYPOVOLEMIA",0.0
STROKEVOLUME,BP,"HISTORY,HYPOVOLEMIA,LVFAILURE",0.0
STROKEVOLUME,BP,"HISTORY,HYPOVOLEMIA,LVFAILURE",0.0
STROKEVOLUME,BP,"HISTORY,HYPOVOLEMIA,LVFAILURE",0.0
STROKEVOLUME,BP,"HISTORY,HYPOVOLEMIA,LVFAILURE",0.0
EXPCO2,KINKEDTUBE,"INTUBATION,VENTALV,VENTLUNG",0.7472513898725125
EXPCO2,MINVOL,"KINKEDTUBE,VENTALV,VENTLUNG",0.9799330766115125
EXPCO2,MINVOL,"KINKEDTUBE,VENTALV,VENTLUNG",0.9799330766115125
EXPCO2,INTUBATION,"KINKEDTUBE,VENTALV,VENTLUNG",0.11333446481672627
EXPCO2,VENTTUBE,"KINKEDTUBE,VENTALV,VENTLUNG",0.9767824572892735
EXPCO2,VENTTUBE,"KINKEDTUBE,VENTALV,VENTLUNG",0.9767824572892735
EXPCO2,VENTLUNG,"ARTCO2,MINVOL,VENTTUBE",0.0
EXPCO2,VENTLUNG,"ARTCO2,MINVOL,VENTTUBE",0.0
EXPCO2,VENTLUNG,"ARTCO2,MINVOL,VENTTUBE",0.0
EXPCO2,VENTLUNG,"ARTCO2,MINVOL,VENTTUBE",0.0
EXPCO2,VENTLUNG,"ARTCO2,MINVOL,VENTTUBE",0.0
EXPCO2,VENTLUNG,"ARTCO2,MINVOL,VENTTUBE",0.0
EXPCO2,VENTLUNG,"ARTCO2,MINVOL,VENTTUBE",0.0
EXPCO2,VENTLUNG,"ARTCO2,MINVOL,VENTTUBE",0.0
EXPCO2,VENTLUNG,"ARTCO2,MINVOL,VENTTUBE",0.0
EXPCO2,VENTLUNG,"ARTCO2,MINVOL,VENTTUBE",0.0
EXPCO2,VENTLUNG,"ARTCO2,MINVOL,VENTTUBE",0.0
EXPCO2,VENTLUNG,"ARTCO2,MINVOL,VENTTUBE",0.0
EXPCO2,VENTLUNG,"ARTCO2,MINVOL,VENTTUBE",0.0
EXPCO2,VENTLUNG,"ARTCO2,MINVOL,VENTTUBE",0.0
EXPCO2,VENTLUNG,"ARTCO2,MINVOL,VENTTUBE",0.0
EXPCO2,VENTLUNG,"ARTCO2,MINVOL,VENTTUBE",0.0
EXPCO2,VENTLUNG,"ARTCO2,MINVOL,VENTTUBE",0.0
EXPCO2,VENTLUNG,"ARTCO2,MINVOL,VENTTUBE",0.0
EXPCO2,VENTLUNG,"ARTCO2,MINVOL,VENTTUBE",0.0
EXPCO2,VENTLUNG,"ARTCO2,MINVOL,VENTTUBE",0.0
EXPCO2,VENTALV,"ARTCO2,MINVOL,VENTTUBE",1.9891753540633323e-262
EXPCO2,VENTALV,"ARTCO2,MINVOL,VENTTUBE",1.9891753540633323e-262
EXPCO2,VENTALV,"ARTCO2,MINVOL,VENTTUBE",1.9891753540633323e-262
EXPCO2,VENTALV,"ARTCO2,MINVOL,VENTTUBE",1.9891753540633323e-262
EXPCO2,VENTALV,"ARTCO2,MINVOL,VENTTUBE",1.9891753540633323e-262
EXPCO2,VENTALV,"ARTCO2,MINVOL,VENTTUBE",1.9891753540633323e-262
EXPCO2,VENTALV,"ARTCO2,MINVOL,VENTTUBE",1.9891753540633323e-262
EXPCO2,VENTALV,"ARTCO2,MINVOL,VENTTUBE",1.9891753540633323e-262
EXPCO2,VENTALV,"ARTCO2,MINVOL,VENTTUBE",1.9891753540633323e-262
EXPCO2,VENTALV,"ARTCO2,MINVOL,VENTTUBE",1.9891753540633323e-262
EXPCO2,VENTALV,"ARTCO2,MINVOL,VENTTUBE",1.9891753540633323e-262
EXPCO2,VENTALV,"ARTCO2,MINVOL,VENTTUBE",1.9891753540633323e-262
EXPCO2,VENTALV,"ARTCO2,MINVOL,VENTTUBE",1.9891753540633323e-262
EXPCO2,VENTALV,"ARTCO2,MINVOL,VENTTUBE",1.9891753540633323e-262
EXPCO2,VENTALV,"ARTCO2,MINVOL,VENTTUBE",1.9891753540633323e-262
EXPCO2,VENTALV,"ARTCO2,MINVOL,VENTTUBE",1.9891753540633323e-262
EXPCO2,VENTALV,"ARTCO2,MINVOL,VENTTUBE",1.9891753540633323e-262
EXPCO2,VENTALV,"ARTCO2,MINVOL,VENTTUBE",1.9891753540633323e-262
EXPCO2,VENTALV,"ARTCO2,MINVOL,VENTTUBE",1.9891753540633323e-262
EXPCO2,VENTALV,"ARTCO2,MINVOL,VENTTUBE",1.9891753540633323e-262
EXPCO2,ARTCO2,"MINVOL,VENTLUNG,VENTTUBE",0.0
EXPCO2,ARTCO2,"MINVOL,VENTLUNG,VENTTUBE",0.0
EXPCO2,ARTCO2,"MINVOL,VENTLUNG,VENTTUBE",0.0
EXPCO2,ARTCO2,"MINVOL,VENTLUNG,VENTTUBE",0.0
EXPCO2,ARTCO2,"MINVOL,VENTLUNG,VENTTUBE",0.0
EXPCO2,ARTCO2,"MINVOL,VENTLUNG,VENTTUBE",0.0
EXPCO2,ARTCO2,"MINVOL,VENTLUNG,VENTTUBE",0.0
EXPCO2,ARTCO2,"MINVOL,VENTLUNG,VENTTUBE",0.0
EXPCO2,ARTCO2,"MINVOL,VENTLUNG,VENTTUBE",0.0
EXPCO2,ARTCO2,"MINVOL,VENTLUNG,VENTTUBE",0.0
EXPCO2,ARTCO2,"MINVOL,VENTLUNG,VENTTUBE",0.0
EXPCO2,ARTCO2,"MINVOL,VENTLUNG,VENTTUBE",0.0
EXPCO2,ARTCO2,"MINVOL,VENTLUNG,VENTTUBE",0.0
EXPCO2,ARTCO2,"MINVOL,VENTLUNG,VENTTUBE",0.0
EXPCO2,ARTCO2,"MINVOL,VENTLUNG,VENTTUBE",0.0
EXPCO2,ARTCO2,"MINVOL,VENTLUNG,VENTTUBE",0.0
EXPCO2,ARTCO2,"MINVOL,VENTLUNG,VENTTUBE",0.0
EXPCO2,ARTCO2,"MINVOL,VENTLUNG,VENTTUBE",0.0
EXPCO2,ARTCO2,"MINVOL,VENTLUNG,VENTTUBE",0.0
EXPCO2,ARTCO2,"MINVOL,VENTLUNG,VENTTUBE",0.0
MINVOL,PVSAT,"INTUBATION,VENTALV,VENTLUNG",0.7789356938413508
MINVOL,INTUBATION,"EXPCO2,PVSAT,VENTTUBE",0.0
MINVOL,INTUBATION,"EXPCO2,PVSAT,VENTTUBE",0.0
MINVOL,INTUBATION,"EXPCO2,PVSAT,VENTTUBE",0.0
MINVOL,INTUBATION,"EXPCO2,PVSAT,VENTTUBE",0.0
MINVOL,INTUBATION,"EXPCO2,PVSAT,VENTTUBE",0.0
MINVOL,INTUBATION,"EXPCO2,PVSAT,VENTTUBE",0.0
MINVOL,INTUBATION,"EXPCO2,PVSAT,VENTTUBE",0.0
MINVOL,INTUBATION,"EXPCO2,PVSAT,VENTTUBE",0.0
MINVOL,INTUBATION,"EXPCO2,PVSAT,VENTTUBE",0.0
MINVOL,INTUBATION,"EXPCO2,PVSAT,VENTTUBE",0.0
MINVOL,VENTTUBE,"INTUBATION,VENTALV,VENTLUNG",0.9997165936294872
MINVOL,VENTLUNG,"EXPCO2,PVSAT,VENTTUBE",4.393471546619325e-200
MINVOL,VENTLUNG,"EXPCO2,PVSAT,VENTTUBE",4.393471546619325e-200
MINVOL,VENTLUNG,"EXPCO2,PVSAT,VENTTUBE",4.393471546619325e-200
MINVOL,VENTLUNG,"EXPCO2,PVSAT,VENTTUBE",4.393471546619325e-200
MINVOL,VENTLUNG,"EXPCO2,PVSAT,VENTTUBE",4.393471546619325e-200
MINVOL,VENTLUNG,"EXPCO2,PVSAT,VENTTUBE",4.393471546619325e-200
MINVOL,VENTLUNG,"EXPCO2,PVSAT,VENTTUBE",4.393471546619325e-200
MINVOL,VENTLUNG,"EXPCO2,PVSAT,VENTTUBE",4.393471546619325e-200
MINVOL,VENTLUNG,"EXPCO2,PVSAT,VENTTUBE",4.393471546619325e-200
MINVOL,VENTLUNG,"EXPCO2,PVSAT,VENTTUBE",4.393471546619325e-200
MINVOL,VENTALV,"EXPCO2,INTUBATION,VENTLUNG",0.17151089962595922
PVSAT,SAO2,"ARTCO2,MINVOL,VENTTUBE",0.0
PVSAT,SAO2,"ARTCO2,MINVOL,VENTTUBE",0.0
PVSAT,SAO2,"ARTCO2,MINVOL,VENTTUBE",0.0
PVSAT,SAO2,"ARTCO2,MINVOL,VENTTUBE",0.0
PVSAT,SAO2,"ARTCO2,MINVOL,VENTTUBE",0.0
PVSAT,SAO2,"ARTCO2,MINVOL,VENTTUBE",0.0
PVSAT,SAO2,"ARTCO2,MINVOL,VENTTUBE",0.0
PVSAT,SAO2,"ARTCO2,MINVOL,VENTTUBE",0.0
PVSAT,SAO2,"ARTCO2,MINVOL,VENTTUBE",0.0
PVSAT,SAO2,"ARTCO2,MINVOL,VENTTUBE",0.0
PVSAT,SAO2,"ARTCO2,MINVOL,VENTTUBE",0.0
PVSAT,SAO2,"ARTCO2,MINVOL,VENTTUBE",0.0
PVSAT,SAO2,"ARTCO2,MINVOL,VENTTUBE",0.0
PVSAT,SAO2,"ARTCO2,MINVOL,VENTTUBE",0.0
PVSAT,SAO2,"ARTCO2,MINVOL,VENTTUBE",0.0
PVSAT,SAO2,"ARTCO2,MINVOL,VENTTUBE",0.0
PVSAT,SAO2,"ARTCO2,MINVOL,VENTTUBE",0.0
PVSAT,SAO2,"ARTCO2,MINVOL,VENTTUBE",0.0
PVSAT,SAO2,"ARTCO2,MINVOL,VENTTUBE",0.0
PVSAT,SAO2,"ARTCO2,MINVOL,VENTTUBE",0.0
PVSAT,SAO2,"ARTCO2,MINVOL,VENTTUBE",0.0
PVSAT,SAO2,"ARTCO2,MINVOL,VENTTUBE",0.0
PVSAT,SAO2,"ARTCO2,MINVOL,VENTTUBE",0.0
PVSAT,SAO2,"ARTCO2,MINVOL,VENTTUBE",0.0
PVSAT,SAO2,"ARTCO2,MINVOL,VENTTUBE",0.0
PVSAT,SAO2,"ARTCO2,MINVOL,VENTTUBE",0.0
PVSAT,SAO2,"ARTCO2,MINVOL,VENTTUBE",0.0
PVSAT,SAO2,"ARTCO2,MINVOL,VENTTUBE",0.0
PVSAT,SAO2,"ARTCO2,MINVOL,VENTTUBE",0.0
PVSAT,SAO2,"ARTCO2,MINVOL,VENTTUBE",0.0
PVSAT,SAO2,"ARTCO2,MINVOL,VENTTUBE",0.0
PVSAT,SAO2,"ARTCO2,MINVOL,VENTTUBE",0.0
PVSAT,SAO2,"ARTCO2,MINVOL,VENTTUBE",0.0
PVSAT,SAO2,"ARTCO2,MINVOL,VENTTUBE",0.0
PVSAT,SAO2,"ARTCO2,MINVOL,VENTTUBE",0.0
PVSAT,INTUBATION,"ARTCO2,VENTALV,VENTLUNG",0.07643377331787911
PVSAT,INTUBATION,"ARTCO2,VENTALV,VENTLUNG",0.07643377331787911
PVSAT,INTUBATION,"ARTCO2,VENTALV,VENTLUNG",0.07643377331787911
PVSAT,VENTTUBE,"INTUBATION,VENTALV,VENTLUNG",0.9991318970400775
PVSAT,VENTLUNG,"ARTCO2,MINVOL,VENTTUBE",7.329294001710643e-18
PVSAT,VENTLUNG,"ARTCO2,MINVOL,VENTTUBE",7.329294001710643e-18
PVSAT,VENTLUNG,"ARTCO2,MINVOL,VENTTUBE",7.329294001710643e-18
PVSAT,VENTLUNG,"ARTCO2,MINVOL,VENTTUBE",7.329294001710643e-18
PVSAT,VENTLUNG,"ARTCO2,MINVOL,VENTTUBE",7.329294001710643e-18
PVSAT,VENTLUNG,"ARTCO2,MINVOL,VENTTUBE",7.329294001710643e-18
PVSAT,VENTLUNG,"ARTCO2,MINVOL,VENTTUBE",7.329294001710643e-18
PVSAT,VENTLUNG,"ARTCO2,MINVOL,VENTTUBE",7.329294001710643e-18
PVSAT,VENTLUNG,"ARTCO2,MINVOL,VENTTUBE",7.329294001710643e-18
PVSAT,VENTLUNG,"ARTCO2,MINVOL,VENTTUBE",7.329294001710643e-18
PVSAT,VENTLUNG,"ARTCO2,MINVOL,VENTTUBE",7.329294001710643e-18
PVSAT,VENTLUNG,"ARTCO2,MINVOL,VENTTUBE",7.329294001710643e-18
PVSAT,VENTLUNG,"ARTCO2,MINVOL,VENTTUBE",7.329294001710643e-18
PVSAT,VENTLUNG,"ARTCO2,MINVOL,VENTTUBE",7.329294001710643e-18
PVSAT,VENTLUNG,"ARTCO2,MINVOL,VENTTUBE",7.329294001710643e-18
PVSAT,VENTLUNG,"ARTCO2,MINVOL,VENTTUBE",7.329294001710643e-18
PVSAT,VENTLUNG,"ARTCO2,MINVOL,VENTTUBE",7.329294001710643e-18
PVSAT,VENTLUNG,"ARTCO2,MINVOL,VENTTUBE",7.329294001710643e-18
PVSAT,VENTLUNG,"ARTCO2,MINVOL,VENTTUBE",7.329294001710643e-18
PVSAT,VENTLUNG,"ARTCO2,MINVOL,VENTTUBE",7.329294001710643e-18
PVSAT,VENTLUNG,"ARTCO2,MINVOL,VENTTUBE",7.329294001710643e-18
PVSAT,VENTLUNG,"ARTCO2,MINVOL,VENTTUBE",7.329294001710643e-18
PVSAT,VENTLUNG,"ARTCO2,MINVOL,VENTTUBE",7.329294001710643e-18
PVSAT,VENTLUNG,"ARTCO2,MINVOL,VENTTUBE",7.329294001710643e-18
PVSAT,VENTLUNG,"ARTCO2,MINVOL,VENTTUBE",7.329294001710643e-18
PVSAT,VENTLUNG,"ARTCO2,MINVOL,VENTTUBE",7.329294001710643e-18
PVSAT,VENTLUNG,"ARTCO2,MINVOL,VENTTUBE",7.329294001710643e-18
PVSAT,VENTLUNG,"ARTCO2,MINVOL,VENTTUBE",7.329294001710643e-18
PVSAT,VENTLUNG,"ARTCO2,MINVOL,VENTTUBE",7.329294001710643e-18
PVSAT,VENTLUNG,"ARTCO2,MINVOL,VENTTUBE",7.329294001710643e-18
PVSAT,VENTLUNG,"ARTCO2,MINVOL,VENTTUBE",7.329294001710643e-18
PVSAT,VENTLUNG,"ARTCO2,MINVOL,VENTTUBE",7.329294001710643e-18
PVSAT,VENTLUNG,"ARTCO2,MINVOL,VENTTUBE",7.329294001710643e-18
PVSAT,VENTLUNG,"ARTCO2,MINVOL,VENTTUBE",7.329294001710643e-18
PVSAT,VENTLUNG,"ARTCO2,MINVOL,VENTTUBE",7.329294001710643e-18
PVSAT,VENTALV,"ARTCO2,MINVOL,VENTTUBE",7.591814445751145e-135
PVSAT,VENTALV,"ARTCO2,MINVOL,VENTTUBE",7.591814445751145e-135
PVSAT,VENTALV,"ARTCO2,MINVOL,VENTTUBE",7.591814445751145e-135
PVSAT,VENTALV,"ARTCO2,MINVOL,VENTTUBE",7.591814445751145e-135
PVSAT,VENTALV,"ARTCO2,MINVOL,VENTTUBE",7.591814445751145e-135
PVSAT,VENTALV,"ARTCO2,MINVOL,VENTTUBE",7.591814445751145e-135
PVSAT,VENTALV,"ARTCO2,MINVOL,VENTTUBE",7.591814445751145e-135
PVSAT,VENTALV,"ARTCO2,MINVOL,VENTTUBE",7.591814445751145e-135
PVSAT,VENTALV,"ARTCO2,MINVOL,VENTTUBE",7.591814445751145e-135
PVSAT,VENTALV,"ARTCO2,MINVOL,VENTTUBE",7.591814445751145e-135
PVSAT,VENTALV,"ARTCO2,MINVOL,VENTTUBE",7.591814445751145e-135
PVSAT,VENTALV,"ARTCO2,MINVOL,VENTTUBE",7.591814445751145e-135
PVSAT,VENTALV,"ARTCO2,MINVOL,VENTTUBE",7.591814445751145e-135
PVSAT,VENTALV,"ARTCO2,MINVOL,VENTTUBE",7.591814445751145e-135
PVSAT,VENTALV,"ARTCO2,MINVOL,VENTTUBE",7.591814445751145e-135
PVSAT,VENTALV,"ARTCO2,MINVOL,VENTTUBE",7.591814445751145e-135
PVSAT,VENTALV,"ARTCO2,MINVOL,VENTTUBE",7.591814445751145e-135
PVSAT,VENTALV,"ARTCO2,MINVOL,VENTTUBE",7.591814445751145e-135
PVSAT,VENTALV,"ARTCO2,MINVOL,VENTTUBE",7.591814445751145e-135
PVSAT,VENTALV,"ARTCO2,MINVOL,VENTTUBE",7.591814445751145e-135
PVSAT,VENTALV,"ARTCO2,MINVOL,VENTTUBE",7.591814445751145e-135
PVSAT,VENTALV,"ARTCO2,MINVOL,VENTTUBE",7.591814445751145e-135
PVSAT,VENTALV,"ARTCO2,MINVOL,VENTTUBE",7.591814445751145e-135
PVSAT,VENTALV,"ARTCO2,MINVOL,VENTTUBE",7.591814445751145e-135
PVSAT,VENTALV,"ARTCO2,MINVOL,VENTTUBE",7.591814445751145e-135
PVSAT,VENTALV,"ARTCO2,MINVOL,VENTTUBE",7.591814445751145e-135
PVSAT,VENTALV,"ARTCO2,MINVOL,VENTTUBE",7.591814445751145e-135
PVSAT,VENTALV,"ARTCO2,MINVOL,VENTTUBE",7.591814445751145e-135
PVSAT,VENTALV,"ARTCO2,MINVOL,VENTTUBE",7.591814445751145e-135
PVSAT,VENTALV,"ARTCO2,MINVOL,VENTTUBE",7.591814445751145e-135
PVSAT,VENTALV,"ARTCO2,MINVOL,VENTTUBE",7.591814445751145e-135
PVSAT,VENTALV,"ARTCO2,MINVOL,VENTTUBE",7.591814445751145e-135
PVSAT,VENTALV,"ARTCO2,MINVOL,VENTTUBE",7.591814445751145e-135
PVSAT,VENTALV,"ARTCO2,MINVOL,VENTTUBE",7.591814445751145e-135
PVSAT,VENTALV,"ARTCO2,MINVOL,VENTTUBE",7.591814445751145e-135
PVSAT,ARTCO2,"INTUBATION,VENTALV,VENTLUNG",0.6165337712697178
SAO2,SHUNT,"CATECHOL,INTUBATION,PVSAT",2.3760372183003585e-272
SAO2,INTUBATION,"CATECHOL,PVSAT,SHUNT",3.8415927657865706e-06
SAO2,CATECHOL,"INTUBATION,PVSAT,SHUNT",1.0696204836497279e-05
INTUBATION,PRESS,"EXPCO2,VENTALV,VENTLUNG",0.11614357377152651
INTUBATION,PRESS,"EXPCO2,VENTALV,VENTLUNG",0.11614357377152651
INTUBATION,PRESS,"EXPCO2,VENTALV,VENTLUNG",0.11614357377152651
INTUBATION,PRESS,"EXPCO2,VENTALV,VENTLUNG",0.11614357377152651
INTUBATION,PRESS,"EXPCO2,VENTALV,VENTLUNG",0.11614357377152651
INTUBATION,PRESS,"EXPCO2,VENTALV,VENTLUNG",0.11614357377152651
INTUBATION,VENTLUNG,"MINVOL,PVSAT,SAO2",0.0
INTUBATION,VENTLUNG,"MINVOL,PVSAT,SAO2",0.0
INTUBATION,VENTLUNG,"MINVOL,PVSAT,SAO2",0.0
INTUBATION,VENTLUNG,"MINVOL,PVSAT,SAO2",0.0
INTUBATION,VENTLUNG,"MINVOL,PVSAT,SAO2",0.0
INTUBATION,VENTLUNG,"MINVOL,PVSAT,SAO2",0.0
INTUBATION,VENTLUNG,"MINVOL,PVSAT,SAO2",0.0
INTUBATION,VENTLUNG,"MINVOL,PVSAT,SAO2",0.0
INTUBATION,VENTLUNG,"MINVOL,PVSAT,SAO2",0.0
INTUBATION,VENTLUNG,"MINVOL,PVSAT,SAO2",0.0
INTUBATION,VENTLUNG,"MINVOL,PVSAT,SAO2",0.0
INTUBATION,VENTLUNG,"MINVOL,PVSAT,SAO2",0.0
INTUBATION,VENTLUNG,"MINVOL,PVSAT,SAO2",0.0
INTUBATION,VENTLUNG,"MINVOL,PVSAT,SAO2",0.0
INTUBATION,VENTLUNG,"MINVOL,PVSAT,SAO2",0.0
INTUBATION,VENTLUNG,"MINVOL,PVSAT,SAO2",0.0
INTUBATION,VENTLUNG,"MINVOL,PVSAT,SAO2",0.0
INTUBATION,VENTLUNG,"MINVOL,PVSAT,SAO2",0.0
INTUBATION,VENTLUNG,"MINVOL,PVSAT,SAO2",0.0
INTUBATION,VENTLUNG,"MINVOL,PVSAT,SAO2",0.0
INTUBATION,VENTLUNG,"MINVOL,PVSAT,SAO2",0.0
INTUBATION,VENTLUNG,"MINVOL,PVSAT,SAO2",0.0
INTUBATION,VENTLUNG,"MINVOL,PVSAT,SAO2",0.0
INTUBATION,VENTLUNG,"MINVOL,PVSAT,SAO2",0.0
INTUBATION,VENTLUNG,"MINVOL,PVSAT,SAO2",0.0
INTUBATION,VENTLUNG,"MINVOL,PVSAT,SAO2",0.0
INTUBATION,VENTLUNG,"MINVOL,PVSAT,SAO2",0.0
INTUBATION,VENTLUNG,"MINVOL,PVSAT,SAO2",0.0
INTUBATION,VENTLUNG,"MINVOL,PVSAT,SAO2",0.0
INTUBATION,VENTLUNG,"MINVOL,PVSAT,SAO2",0.0
INTUBATION,VENTLUNG,"MINVOL,PVSAT,SAO2",0.0
INTUBATION,VENTLUNG,"MINVOL,PVSAT,SAO2",0.0
INTUBATION,VENTLUNG,"MINVOL,PVSAT,SAO2",0.0
INTUBATION,VENTLUNG,"MINVOL,PVSAT,SAO2",0.0
INTUBATION,VENTLUNG,"MINVOL,PVSAT,SAO2",0.0
INTUBATION,VENTALV,"MINVOL,PVSAT,SAO2",0.0
INTUBATION,VENTALV,"MINVOL,PVSAT,SAO2",0.0
INTUBATION,VENTALV,"MINVOL,PVSAT,SAO2",0.0
INTUBATION,VENTALV,"MINVOL,PVSAT,SAO2",0.0
INTUBATION,VENTALV,"MINVOL,PVSAT,SAO2",0.0
INTUBATION,VENTALV,"MINVOL,PVSAT,SAO2",0.0
INTUBATION,VENTALV,"MINVOL,PVSAT,SAO2",0.0
INTUBATION,VENTALV,"MINVOL,PVSAT,SAO2",0.0
INTUBATION,VENTALV,"MINVOL,PVSAT,SAO2",0.0
INTUBATION,VENTALV,"MINVOL,PVSAT,SAO2",0.0
INTUBATION,VENTALV,"MINVOL,PVSAT,SAO2",0.0
INTUBATION,VENTALV,"MINVOL,PVSAT,SAO2",0.0
INTUBATION,VENTALV,"MINVOL,PVSAT,SAO2",0.0
INTUBATION,VENTALV,"MINVOL,PVSAT,SAO2",0.0
INTUBATION,VENTALV,"MINVOL,PVSAT,SAO2",0.0
INTUBATION,VENTALV,"MINVOL,PVSAT,SAO2",0.0
INTUBATION,VENTALV,"MINVOL,PVSAT,SAO2",0.0
INTUBATION,VENTALV,"MINVOL,PVSAT,SAO2",0.0
INTUBATION,VENTALV,"MINVOL,PVSAT,SAO2",0.0
INTUBATION,VENTALV,"MINVOL,PVSAT,SAO2",0.0
INTUBATION,VENTALV,"MINVOL,PVSAT,SAO2",0.0
INTUBATION,VENTALV,"MINVOL,PVSAT,SAO2",0.0
INTUBATION,VENTALV,"MINVOL,PVSAT,SAO2",0.0
INTUBATION,VENTALV,"MINVOL,PVSAT,SAO2",0.0
INTUBATION,VENTALV,"MINVOL,PVSAT,SAO2",0.0
INTUBATION,VENTALV,"MINVOL,PVSAT,SAO2",0.0
INTUBATION,VENTALV,"MINVOL,PVSAT,SAO2",0.0
INTUBATION,VENTALV,"MINVOL,PVSAT,SAO2",0.0
INTUBATION,VENTALV,"MINVOL,PVSAT,SAO2",0.0
INTUBATION,VENTALV,"MINVOL,PVSAT,SAO2",0.0
INTUBATION,VENTALV,"MINVOL,PVSAT,SAO2",0.0
INTUBATION,VENTALV,"MINVOL,PVSAT,SAO2",0.0
INTUBATION,VENTALV,"MINVOL,PVSAT,SAO2",0.0
INTUBATION,VENTALV,"MINVOL,PVSAT,SAO2",0.0
INTUBATION,VENTALV,"MINVOL,PVSAT,SAO2",0.0
PRESS,VENTTUBE,"INTUBATION,KINKEDTUBE,VENTLUNG",0.0
PRESS,VENTLUNG,"INTUBATION,KINKEDTUBE,VENTTUBE",0.0012494827928872332
VENTTUBE,VENTLUNG,"MINVOL,MINVOLSET,PVSAT",1.687685216273114e-114
VENTTUBE,VENTLUNG,"MINVOL,MINVOLSET,PVSAT",1.687685216273114e-114
VENTTUBE,VENTLUNG,"MINVOL,MINVOLSET,PVSAT",1.687685216273114e-114
VENTTUBE,VENTLUNG,"MINVOL,MINVOLSET,PVSAT",1.687685216273114e-114
VENTTUBE,VENTLUNG,"MINVOL,MINVOLSET,PVSAT",1.687685216273114e-114
VENTTUBE,VENTLUNG,"MINVOL,MINVOLSET,PVSAT",1.687685216273114e-114
VENTTUBE,VENTLUNG,"MINVOL,MINVOLSET,PVSAT",1.687685216273114e-114
VENTTUBE,VENTLUNG,"MINVOL,MINVOLSET,PVSAT",1.687685216273114e-114
VENTTUBE,VENTLUNG,"MINVOL,MINVOLSET,PVSAT",1.687685216273114e-114
VENTTUBE,VENTLUNG,"MINVOL,MINVOLSET,PVSAT",1.687685216273114e-114
VENTTUBE,VENTLUNG,"MINVOL,MINVOLSET,PVSAT",1.687685216273114e-114
VENTTUBE,VENTLUNG,"MINVOL,MINVOLSET,PVSAT",1.687685216273114e-114
VENTTUBE,VENTLUNG,"MINVOL,MINVOLSET,PVSAT",1.687685216273114e-114
VENTTUBE,VENTLUNG,"MINVOL,MINVOLSET,PVSAT",1.687685216273114e-114
VENTTUBE,VENTLUNG,"MINVOL,MINVOLSET,PVSAT",1.687685216273114e-114
VENTTUBE,VENTLUNG,"MINVOL,MINVOLSET,PVSAT",1.687685216273114e-114
VENTTUBE,VENTLUNG,"MINVOL,MINVOLSET,PVSAT",1.687685216273114e-114
VENTTUBE,VENTLUNG,"MINVOL,MINVOLSET,PVSAT",1.687685216273114e-114
VENTTUBE,VENTLUNG,"MINVOL,MINVOLSET,PVSAT",1.687685216273114e-114
VENTTUBE,VENTLUNG,"MINVOL,MINVOLSET,PVSAT",1.687685216273114e-114
VENTTUBE,VENTLUNG,"MINVOL,MINVOLSET,PVSAT",1.687685216273114e-114
VENTTUBE,VENTLUNG,"MINVOL,MINVOLSET,PVSAT",1.687685216273114e-114
VENTTUBE,VENTLUNG,"MINVOL,MINVOLSET,PVSAT",1.687685216273114e-114
VENTTUBE,VENTLUNG,"MINVOL,MINVOLSET,PVSAT",1.687685216273114e-114
VENTTUBE,VENTLUNG,"MINVOL,MINVOLSET,PVSAT",1.687685216273114e-114
VENTTUBE,VENTLUNG,"MINVOL,MINVOLSET,PVSAT",1.687685216273114e-114
VENTTUBE,VENTLUNG,"MINVOL,MINVOLSET,PVSAT",1.687685216273114e-114
VENTTUBE,VENTLUNG,"MINVOL,MINVOLSET,PVSAT",1.687685216273114e-114
VENTTUBE,VENTLUNG,"MINVOL,MINVOLSET,PVSAT",1.687685216273114e-114
VENTTUBE,VENTLUNG,"MINVOL,MINVOLSET,PVSAT",1.687685216273114e-114
VENTTUBE,VENTLUNG,"MINVOL,MINVOLSET,PVSAT",1.687685216273114e-114
VENTTUBE,VENTLUNG,"MINVOL,MINVOLSET,PVSAT",1.687685216273114e-114
VENTTUBE,VENTLUNG,"MINVOL,MINVOLSET,PVSAT",1.687685216273114e-114
VENTTUBE,VENTLUNG,"MINVOL,MINVOLSET,PVSAT",1.687685216273114e-114
VENTTUBE,VENTLUNG,"MINVOL,MINVOLSET,PVSAT",1.687685216273114e-114
VENTTUBE,VENTLUNG,"MINVOL,MINVOLSET,PVSAT",1.687685216273114e-114
VENTTUBE,VENTLUNG,"MINVOL,MINVOLSET,PVSAT",1.687685216273114e-114
VENTTUBE,VENTLUNG,"MINVOL,MINVOLSET,PVSAT",1.687685216273114e-114
VENTTUBE,VENTLUNG,"MINVOL,MINVOLSET,PVSAT",1.687685216273114e-114
VENTTUBE,VENTLUNG,"MINVOL,MINVOLSET,PVSAT",1.687685216273114e-114
VENTTUBE,VENTLUNG,"MINVOL,MINVOLSET,PVSAT",1.687685216273114e-114
VENTTUBE,VENTLUNG,"MINVOL,MINVOLSET,PVSAT",1.687685216273114e-114
VENTTUBE,VENTLUNG,"MINVOL,MINVOLSET,PVSAT",1.687685216273114e-114
VENTTUBE,VENTLUNG,"MINVOL,MINVOLSET,PVSAT",1.687685216273114e-114
VENTTUBE,VENTLUNG,"MINVOL,MINVOLSET,PVSAT",1.687685216273114e-114
VENTTUBE,VENTLUNG,"MINVOL,MINVOLSET,PVSAT",1.687685216273114e-114
VENTTUBE,VENTLUNG,"MINVOL,MINVOLSET,PVSAT",1.687685216273114e-114
VENTTUBE,VENTLUNG,"MINVOL,MINVOLSET,PVSAT",1.687685216273114e-114
VENTTUBE,VENTLUNG,"MINVOL,MINVOLSET,PVSAT",1.687685216273114e-114
VENTTUBE,VENTLUNG,"MINVOL,MINVOLSET,PVSAT",1.687685216273114e-114
VENTTUBE,VENTLUNG,"MINVOL,MINVOLSET,PVSAT",1.687685216273114e-114
VENTTUBE,VENTLUNG,"MINVOL,MINVOLSET,PVSAT",1.687685216273114e-114
VENTTUBE,VENTLUNG,"MINVOL,MINVOLSET,PVSAT",1.687685216273114e-114
VENTTUBE,VENTLUNG,"MINVOL,MINVOLSET,PVSAT",1.687685216273114e-114
VENTTUBE,VENTLUNG,"MINVOL,MINVOLSET,PVSAT",1.687685216273114e-114
VENTTUBE,VENTLUNG,"MINVOL,MINVOLSET,PVSAT",1.687685216273114e-114
VENTTUBE,VENTALV,"EXPCO2,MINVOL,VENTLUNG",0.5554061885726027
VENTTUBE,VENTALV,"EXPCO2,MINVOL,VENTLUNG",0.5554061885726027
VENTTUBE,VENTALV,"EXPCO2,MINVOL,VENTLUNG",0.5554061885726027
VENTTUBE,VENTALV,"EXPCO2,MINVOL,VENTLUNG",0.5554061885726027
VENTTUBE,VENTALV,"EXPCO2,MINVOL,VENTLUNG",0.5554061885726027
VENTTUBE,VENTALV,"EXPCO2,MINVOL,VENTLUNG",0.5554061885726027
VENTTUBE,VENTALV,"EXPCO2,MINVOL,VENTLUNG",0.5554061885726027
VENTTUBE,VENTALV,"EXPCO2,MINVOL,VENTLUNG",0.5554061885726027
VENTTUBE,VENTALV,"EXPCO2,MINVOL,VENTLUNG",0.5554061885726027
VENTTUBE,VENTALV,"EXPCO2,MINVOL,VENTLUNG",0.5554061885726027
VENTTUBE,VENTALV,"EXPCO2,MINVOL,VENTLUNG",0.5554061885726027
VENTTUBE,VENTALV,"EXPCO2,MINVOL,VENTLUNG",0.5554061885726027
VENTTUBE,VENTALV,"EXPCO2,MINVOL,VENTLUNG",0.5554061885726027
VENTTUBE,VENTALV,"EXPCO2,MINVOL,VENTLUNG",0.5554061885726027
VENTTUBE,VENTALV,"EXPCO2,MINVOL,VENTLUNG",0.5554061885726027
VENTTUBE,VENTALV,"EXPCO2,MINVOL,VENTLUNG",0.5554061885726027
VENTTUBE,VENTALV,"EXPCO2,MINVOL,VENTLUNG",0.5554061885726027
VENTTUBE,VENTALV,"EXPCO2,MINVOL,VENTLUNG",0.5554061885726027
VENTTUBE,VENTALV,"EXPCO2,MINVOL,VENTLUNG",0.5554061885726027
VENTTUBE,VENTALV,"EXPCO2,MINVOL,VENTLUNG",0.5554061885726027
VENTTUBE,VENTALV,"EXPCO2,MINVOL,VENTLUNG",0.5554061885726027
VENTTUBE,VENTALV,"EXPCO2,MINVOL,VENTLUNG",0.5554061885726027
VENTTUBE,VENTALV,"EXPCO2,MINVOL,VENTLUNG",0.5554061885726027
VENTTUBE,VENTALV,"EXPCO2,MINVOL,VENTLUNG",0.5554061885726027
VENTTUBE,VENTALV,"EXPCO2,MINVOL,VENTLUNG",0.5554061885726027
VENTTUBE,VENTALV,"EXPCO2,MINVOL,VENTLUNG",0.5554061885726027
VENTTUBE,VENTALV,"EXPCO2,MINVOL,VENTLUNG",0.5554061885726027
VENTTUBE,VENTALV,"EXPCO2,MINVOL,VENTLUNG",0.5554061885726027
VENTTUBE,VENTALV,"EXPCO2,MINVOL,VENTLUNG",0.5554061885726027
VENTTUBE,VENTALV,"EXPCO2,MINVOL,VENTLUNG",0.5554061885726027
VENTTUBE,VENTALV,"EXPCO2,MINVOL,VENTLUNG",0.5554061885726027
VENTTUBE,VENTALV,"EXPCO2,MINVOL,VENTLUNG",0.5554061885726027
VENTTUBE,VENTALV,"EXPCO2,MINVOL,VENTLUNG",0.5554061885726027
VENTTUBE,VENTALV,"EXPCO2,MINVOL,VENTLUNG",0.5554061885726027
VENTTUBE,VENTALV,"EXPCO2,MINVOL,VENTLUNG",0.5554061885726027
VENTTUBE,VENTALV,"EXPCO2,MINVOL,VENTLUNG",0.5554061885726027
VENTTUBE,VENTALV,"EXPCO2,MINVOL,VENTLUNG",0.5554061885726027
VENTTUBE,VENTALV,"EXPCO2,MINVOL,VENTLUNG",0.5554061885726027
VENTTUBE,VENTALV,"EXPCO2,MINVOL,VENTLUNG",0.5554061885726027
VENTTUBE,VENTALV,"EXPCO2,MINVOL,VENTLUNG",0.5554061885726027
VENTTUBE,VENTALV,"EXPCO2,MINVOL,VENTLUNG",0.5554061885726027
VENTTUBE,VENTALV,"EXPCO2,MINVOL,VENTLUNG",0.5554061885726027
VENTTUBE,VENTALV,"EXPCO2,MINVOL,VENTLUNG",0.5554061885726027
VENTTUBE,VENTALV,"EXPCO2,MINVOL,VENTLUNG",0.5554061885726027
VENTTUBE,VENTALV,"EXPCO2,MINVOL,VENTLUNG",0.5554061885726027
VENTTUBE,VENTALV,"EXPCO2,MINVOL,VENTLUNG",0.5554061885726027
VENTTUBE,VENTALV,"EXPCO2,MINVOL,VENTLUNG",0.5554061885726027
VENTTUBE,VENTALV,"EXPCO2,MINVOL,VENTLUNG",0.5554061885726027
VENTTUBE,VENTALV,"EXPCO2,MINVOL,VENTLUNG",0.5554061885726027
VENTLUNG,VENTALV,"MINVOL,PVSAT,VENTTUBE",0.0
VENTLUNG,VENTALV,"MINVOL,PVSAT,VENTTUBE",0.0
VENTLUNG,VENTALV,"MINVOL,PVSAT,VENTTUBE",0.0
VENTLUNG,VENTALV,"MINVOL,PVSAT,VENTTUBE",0.0
VENTLUNG,VENTALV,"MINVOL,PVSAT,VENTTUBE",0.0
VENTLUNG,VENTALV,"MINVOL,PVSAT,VENTTUBE",0.0
VENTLUNG,VENTALV,"MINVOL,PVSAT,VENTTUBE",0.0
VENTLUNG,VENTALV,"MINVOL,PVSAT,VENTTUBE",0.0
VENTLUNG,VENTALV,"MINVOL,PVSAT,VENTTUBE",0.0
VENTLUNG,VENTALV,"MINVOL,PVSAT,VENTTUBE",0.0
VENTLUNG,VENTALV,"MINVOL,PVSAT,VENTTUBE",0.0
VENTLUNG,VENTALV,"MINVOL,PVSAT,VENTTUBE",0.0
VENTLUNG,VENTALV,"MINVOL,PVSAT,VENTTUBE",0.0
VENTLUNG,VENTALV,"MINVOL,PVSAT,VENTTUBE",0.0
VENTLUNG,VENTALV,"MINVOL,PVSAT,VENTTUBE",0.0
VENTLUNG,VENTALV,"MINVOL,PVSAT,VENTTUBE",0.0
VENTLUNG,VENTALV,"MINVOL,PVSAT,VENTTUBE",0.0
VENTLUNG,VENTALV,"MINVOL,PVSAT,VENTTUBE",0.0
VENTLUNG,VENTALV,"MINVOL,PVSAT,VENTTUBE",0.0
VENTLUNG,VENTALV,"MINVOL,PVSAT,VENTTUBE",0.0
VENTLUNG,VENTALV,"MINVOL,PVSAT,VENTTUBE",0.0
VENTLUNG,VENTALV,"MINVOL,PVSAT,VENTTUBE",0.0
VENTLUNG,VENTALV,"MINVOL,PVSAT,VENTTUBE",0.0
VENTLUNG,VENTALV,"MINVOL,PVSAT,VENTTUBE",0.0
VENTLUNG,VENTALV,"MINVOL,PVSAT,VENTTUBE",0.0
VENTLUNG,VENTALV,"MINVOL,PVSAT,VENTTUBE",0.0
VENTLUNG,VENTALV,"MINVOL,PVSAT,VENTTUBE",0.0
VENTLUNG,VENTALV,"MINVOL,PVSAT,VENTTUBE",0.0
VENTLUNG,VENTALV,"MINVOL,PVSAT,VENTTUBE",0.0
VENTLUNG,VENTALV,"MINVOL,PVSAT,VENTTUBE",0.0
VENTLUNG,VENTALV,"MINVOL,PVSAT,VENTTUBE",0.0
VENTLUNG,VENTALV,"MINVOL,PVSAT,VENTTUBE",0.0
VENTLUNG,VENTALV,"MINVOL,PVSAT,VENTTUBE",0.0
VENTLUNG,VENTALV,"MINVOL,PVSAT,VENTTUBE",0.0
VENTLUNG,VENTALV,"MINVOL,PVSAT,VENTTUBE",0.0
VENTLUNG,VENTALV,"MINVOL,PVSAT,VENTTUBE",0.0
VENTLUNG,VENTALV,"MINVOL,PVSAT,VENTTUBE",0.0
VENTLUNG,VENTALV,"MINVOL,PVSAT,VENTTUBE",0.0
VENTLUNG,VENTALV,"MINVOL,PVSAT,VENTTUBE",0.0
VENTLUNG,VENTALV,"MINVOL,PVSAT,VENTTUBE",0.0
VENTLUNG,VENTALV,"MINVOL,PVSAT,VENTTUBE",0.0
VENTLUNG,VENTALV,"MINVOL,PVSAT,VENTTUBE",0.0
VENTLUNG,VENTALV,"MINVOL,PVSAT,VENTTUBE",0.0
VENTLUNG,VENTALV,"MINVOL,PVSAT,VENTTUBE",0.0
VENTLUNG,VENTALV,"MINVOL,PVSAT,VENTTUBE",0.0
VENTLUNG,VENTALV,"MINVOL,PVSAT,VENTTUBE",0.0
VENTLUNG,VENTALV,"MINVOL,PVSAT,VENTTUBE",0.0
VENTLUNG,VENTALV,"MINVOL,PVSAT,VENTTUBE",0.0
VENTLUNG,VENTALV,"MINVOL,PVSAT,VENTTUBE",0.0
VENTLUNG,VENTALV,"MINVOL,PVSAT,VENTTUBE",0.0
VENTLUNG,VENTALV,"MINVOL,PVSAT,VENTTUBE",0.0
VENTLUNG,VENTALV,"MINVOL,PVSAT,VENTTUBE",0.0
VENTLUNG,VENTALV,"MINVOL,PVSAT,VENTTUBE",0.0
VENTLUNG,VENTALV,"MINVOL,PVSAT,VENTTUBE",0.0
VENTLUNG,VENTALV,"MINVOL,PVSAT,VENTTUBE",0.0
VENTLUNG,VENTALV,"MINVOL,PVSAT,VENTTUBE",0.0
VENTLUNG,ARTCO2,"PRESS,PVSAT,VENTALV",0.06354175037334138
VENTLUNG,ARTCO2,"PRESS,PVSAT,VENTALV",0.06354175037334138
VENTLUNG,ARTCO2,"PRESS,PVSAT,VENTALV",0.06354175037334138
VENTLUNG,ARTCO2,"PRESS,PVSAT,VENTALV",0.06354175037334138
VENTALV,ARTCO2,"MINVOL,PVSAT,VENTTUBE",0.0
VENTALV,ARTCO2,"MINVOL,PVSAT,VENTTUBE",0.0
VENTALV,ARTCO2,"MINVOL,PVSAT,VENTTUBE",0.0
VENTALV,ARTCO2,"MINVOL,PVSAT,VENTTUBE",0.0
VENTALV,ARTCO2,"MINVOL,PVSAT,VENTTUBE",0.0
VENTALV,ARTCO2,"MINVOL,PVSAT,VENTTUBE",0.0
VENTALV,ARTCO2,"MINVOL,PVSAT,VENTTUBE",0.0
VENTALV,ARTCO2,"MINVOL,PVSAT,VENTTUBE",0.0
VENTALV,ARTCO2,"MINVOL,PVSAT,VENTTUBE",0.0
VENTALV,ARTCO2,"MINVOL,PVSAT,VENTTUBE",0.0
VENTALV,ARTCO2,"MINVOL,PVSAT,VENTTUBE",0.0
VENTALV,ARTCO2,"MINVOL,PVSAT,VENTTUBE",0.0
VENTALV,ARTCO2,"MINVOL,PVSAT,VENTTUBE",0.0
VENTALV,ARTCO2,"MINVOL,PVSAT,VENTTUBE",0.0
VENTALV,ARTCO2,"MINVOL,PVSAT,VENTTUBE",0.0
VENTALV,ARTCO2,"MINVOL,PVSAT,VENTTUBE",0.0
VENTALV,ARTCO2,"MINVOL,PVSAT,VENTTUBE",0.0
VENTALV,ARTCO2,"MINVOL,PVSAT,VENTTUBE",0.0
VENTALV,ARTCO2,"MINVOL,PVSAT,VENTTUBE",0.0
VENTALV,ARTCO2,"MINVOL,PVSAT,VENTTUBE",0.0
ARTCO2,CATECHOL,"EXPCO2,VENTALV,VENTLUNG",0.22260380705304897
ARTCO2,CATECHOL,"EXPCO2,VENTALV,VENTLUNG",0.22260380705304897
CATECHOL,HR,"ARTCO2,BP,TPR",0.0
CATECHOL,HR,"ARTCO2,BP,TPR",0.0
CATECHOL,HR,"ARTCO2,BP,TPR",0.0
CATECHOL,HR,"ARTCO2,BP,TPR",0.0
CATECHOL,BP,"HR,SAO2,TPR",0.21970055138575892
CATECHOL,BP,"HR,SAO2,TPR",0.21970055138575892
CATECHOL,BP,"HR,SAO2,TPR",0.21970055138575892
HR,CO,"CATECHOL,HREKG,HRSAT",4.76716576457302e-192
HR,CO,"CATECHOL,HREKG,HRSAT",4.76716576457302e-192
HR,CO,"CATECHOL,HREKG,HRSAT",4.76716576457302e-192
HR,CO,"CATECHOL,HREKG,HRSAT",4.76716576457302e-192
