node_i,node_j,condition,p_value
HISTORY,CVP,,0.0
HISTORY,PCWP,,0.0
HISTORY,HYPOVOLEMIA,,0.7151586010291832
HISTORY,LVEDVOLUME,,0.0
HISTORY,LVFAILURE,,0.0
HISTORY,STROKEVOLUME,,0.0
HISTORY,ERRLOWOUTPUT,,0.7086779919733263
HISTORY,HRBP,,0.6468137189539572
HISTORY,HREKG,,0.780235798565025
HISTORY,ERRCAUTER,,0.4738970982898626
HISTORY,HRSAT,,0.9795749191995784
HISTORY,INSUFFANESTH,,0.3363197577955751
HISTORY,ANAPHYLAXIS,,0.22902669073261894
HISTORY,TPR,,0.07097879076460079
HISTORY,EXPCO2,,0.9959318609015777
HISTORY,KINKEDTUBE,,0.3097840081450901
HISTORY,MINVOL,,0.367322163501254
HISTORY,FIO2,,0.45503140856505697
HISTORY,PVSAT,,0.5927745942191555
HISTORY,SAO2,,0.7050445880005847
HISTORY,PAP,,0.8089185520713699
HISTORY,PULMEMBOLUS,,0.05647899788075345
HISTORY,SHUNT,,0.07129804430873735
HISTORY,INTUBATION,,0.8062489891821409
HISTORY,PRESS,,0.7034958836166774
HISTORY,DISCONNECT,,0.955420966928835
HISTORY,MINVOLSET,,0.19651814739481607
HISTORY,VENTMACH,,0.1248101700949875
HISTORY,VENTTUBE,,0.3180748817538721
HISTORY,VENTLUNG,,0.9365522554341373
HISTORY,VENTALV,,0.6654537252738157
HISTORY,ARTCO2,,0.615877848807934
HISTORY,CATECHOL,,0.2196880080324942
HISTORY,HR,,0.9281741430565295
HISTORY,CO,,0.0
HISTORY,BP,,5.95151421108039e-87
CVP,PCWP,,0.0
CVP,HYPOVOLEMIA,,0.0
CVP,LVEDVOLUME,,0.0
CVP,LVFAILURE,,0.0
CVP,STROKEVOLUME,,0.0
CVP,ERRLOWOUTPUT,,0.6566548847939984
CVP,HRBP,,0.8667181208459207
CVP,HREKG,,0.2734327793155251
CVP,ERRCAUTER,,0.9933457047461774
CVP,HRSAT,,0.5067000517185085
CVP,INSUFFANESTH,,0.8812261539724928
CVP,ANAPHYLAXIS,,0.23212899505236106
CVP,TPR,,0.14344861103759152
CVP,EXPCO2,,0.8470919214522636
CVP,KINKEDTUBE,,0.6622918052014588
CVP,MINVOL,,0.9164096326002272
CVP,FIO2,,0.5028310156873884
CVP,PVSAT,,0.667720998817064
CVP,SAO2,,0.7461357199104661
CVP,PAP,,0.7380700697522868
CVP,PULMEMBOLUS,,0.15486217353377354
CVP,SHUNT,,0.26346026659177774
CVP,INTUBATION,,0.7401367192776527
CVP,PRESS,,0.7808943290754904
CVP,DISCONNECT,,0.19705004098813983
CVP,MINVOLSET,,0.03552388610539716
CVP,VENTMACH,,0.09319849830538647
CVP,VENTTUBE,,0.0548399074667285
CVP,VENTLUNG,,0.9635562581796017
CVP,VENTALV,,0.9405565845485722
CVP,ARTCO2,,0.3250553478114669
CVP,CATECHOL,,0.6904451152360656
CVP,HR,,0.4529544222368689
CVP,CO,,0.0
CVP,BP,,6.008035330927006e-78
PCWP,HYPOVOLEMIA,,0.0
PCWP,LVEDVOLUME,,0.0
PCWP,LVFAILURE,,0.0
PCWP,STROKEVOLUME,,0.0
PCWP,ERRLOWOUTPUT,,0.7263388389434031
PCWP,HRBP,,0.971134304400729
PCWP,HREKG,,0.3404286063800184
PCWP,ERRCAUTER,,0.6543559452396277
PCWP,HRSAT,,0.394933994783315
PCWP,INSUFFANESTH,,0.8342004415118747
PCWP,ANAPHYLAXIS,,0.3150750134466208
PCWP,TPR,,0.8177782517251697
PCWP,EXPCO2,,0.8245354155197919
PCWP,KINKEDTUBE,,0.2865837435348822
PCWP,MINVOL,,0.7473999177738242
PCWP,FIO2,,0.3471345628468947
PCWP,PVSAT,,0.6911697011906462
PCWP,SAO2,,0.9519624053243446
PCWP,PAP,,0.42786179150001336
PCWP,PULMEMBOLUS,,0.3075448131306336
PCWP,SHUNT,,0.17646839014228766
PCWP,INTUBATION,,0.9564283731863961
PCWP,PRESS,,0.8967520103712227
PCWP,DISCONNECT,,0.21950363725747762
PCWP,MINVOLSET,,0.024752200796968767
PCWP,VENTMACH,,0.06070119560058026
PCWP,VENTTUBE,,0.014886997668589473
PCWP,VENTLUNG,,0.8364817293853288
PCWP,VENTALV,,0.7192909161131087
PCWP,ARTCO2,,0.8580117070582525
PCWP,CATECHOL,,0.3957773708178748
PCWP,HR,,0.40992984823677736
PCWP,CO,,0.0
PCWP,BP,,7.340898646048128e-102
HYPOVOLEMIA,LVEDVOLUME,,0.0
HYPOVOLEMIA,LVFAILURE,,0.3556331918882897
HYPOVOLEMIA,STROKEVOLUME,,0.0
HYPOVOLEMIA,ERRLOWOUTPUT,,0.12362100526902818
HYPOVOLEMIA,HRBP,,0.18858562928498568
HYPOVOLEMIA,HREKG,,0.943091572659144
HYPOVOLEMIA,ERRCAUTER,,0.295034889573766
HYPOVOLEMIA,HRSAT,,0.985524123449872
HYPOVOLEMIA,INSUFFANESTH,,0.45271603548315287
HYPOVOLEMIA,ANAPHYLAXIS,,0.1667902831619022
HYPOVOLEMIA,TPR,,0.7208807541255582
HYPOVOLEMIA,EXPCO2,,0.20017320808928557
HYPOVOLEMIA,KINKEDTUBE,,0.06273043085440262
HYPOVOLEMIA,MINVOL,,0.26844297847670534
HYPOVOLEMIA,FIO2,,0.9898866869422913
HYPOVOLEMIA,PVSAT,,0.5895817184004626
HYPOVOLEMIA,SAO2,,0.7349129709588216
HYPOVOLEMIA,PAP,,0.8472535669963487
HYPOVOLEMIA,PULMEMBOLUS,,0.03164246913789001
HYPOVOLEMIA,SHUNT,,0.9578891675002187
HYPOVOLEMIA,INTUBATION,,0.18661994982753505
HYPOVOLEMIA,PRESS,,0.6669866912761087
HYPOVOLEMIA,DISCONNECT,,0.18756392735343552
HYPOVOLEMIA,MINVOLSET,,0.03241417919626338
HYPOVOLEMIA,VENTMACH,,0.016870364000394693
HYPOVOLEMIA,VENTTUBE,,0.002576857543451995
HYPOVOLEMIA,VENTLUNG,,0.2210087395490066
HYPOVOLEMIA,VENTALV,,0.2241001041651411
HYPOVOLEMIA,ARTCO2,,0.9737911707485853
HYPOVOLEMIA,CATECHOL,,0.9362325702046155
HYPOVOLEMIA,HR,,0.915378906625822
HYPOVOLEMIA,CO,,0.0
HYPOVOLEMIA,BP,,6.35529251624567e-103
LVEDVOLUME,LVFAILURE,,0.0
LVEDVOLUME,STROKEVOLUME,,0.0
LVEDVOLUME,ERRLOWOUTPUT,,0.9740169467903529
LVEDVOLUME,HRBP,,0.755835632515768
LVEDVOLUME,HREKG,,0.3632436256917598
LVEDVOLUME,ERRCAUTER,,0.9839238886302378
LVEDVOLUME,HRSAT,,0.696882355617243
LVEDVOLUME,INSUFFANESTH,,0.8488986364936414
LVEDVOLUME,ANAPHYLAXIS,,0.3947785091898376
LVEDVOLUME,TPR,,0.22926787695693832
LVEDVOLUME,EXPCO2,,0.7690753851672161
LVEDVOLUME,KINKEDTUBE,,0.2834552039613544
LVEDVOLUME,MINVOL,,0.3387732056040209
LVEDVOLUME,FIO2,,0.49818814347225693
LVEDVOLUME,PVSAT,,0.945115288855083
LVEDVOLUME,SAO2,,0.8891289012801534
LVEDVOLUME,PAP,,0.8997874178102521
LVEDVOLUME,PULMEMBOLUS,,0.271723635020379
LVEDVOLUME,SHUNT,,0.17349060613649328
LVEDVOLUME,INTUBATION,,0.8686546505370727
LVEDVOLUME,PRESS,,0.9010462307898666
LVEDVOLUME,DISCONNECT,,0.5534093997356004
LVEDVOLUME,MINVOLSET,,0.03257404399286669
LVEDVOLUME,VENTMACH,,0.11364404295207171
LVEDVOLUME,VENTTUBE,,0.032518788231349086
LVEDVOLUME,VENTLUNG,,0.6521268938352975
LVEDVOLUME,VENTALV,,0.6979393456594553
LVEDVOLUME,ARTCO2,,0.998578992988265
LVEDVOLUME,CATECHOL,,0.4214333327907227
LVEDVOLUME,HR,,0.522852054021113
LVEDVOLUME,CO,,0.0
LVEDVOLUME,BP,,2.3473773598272878e-132
LVFAILURE,STROKEVOLUME,,0.0
LVFAILURE,ERRLOWOUTPUT,,0.9457513532733527
LVFAILURE,HRBP,,0.7578638555036226
LVFAILURE,HREKG,,0.7279937333432689
LVFAILURE,ERRCAUTER,,0.7092264044284367
LVFAILURE,HRSAT,,0.8699333801754271
LVFAILURE,INSUFFANESTH,,0.6083203185742849
LVFAILURE,ANAPHYLAXIS,,0.1410292340248135
LVFAILURE,TPR,,0.13327457025509834
LVFAILURE,EXPCO2,,0.7390510877877383
LVFAILURE,KINKEDTUBE,,0.1894506221641465
LVFAILURE,MINVOL,,0.48331388066883396
LVFAILURE,FIO2,,0.2213550461002422
LVFAILURE,PVSAT,,0.8503643772341123
LVFAILURE,SAO2,,0.6991405668736697
LVFAILURE,PAP,,0.813227355975501
LVFAILURE,PULMEMBOLUS,,0.027360895683261815
LVFAILURE,SHUNT,,0.020789242589463932
LVFAILURE,INTUBATION,,0.5998238851319679
LVFAILURE,PRESS,,0.8666344544407362
LVFAILURE,DISCONNECT,,0.843091863428179
LVFAILURE,MINVOLSET,,0.8040298611382193
LVFAILURE,VENTMACH,,0.8419672867932757
LVFAILURE,VENTTUBE,,0.5720353497293675
LVFAILURE,VENTLUNG,,0.6511748863318572
LVFAILURE,VENTALV,,0.34907495873458944
LVFAILURE,ARTCO2,,0.6656572641793326
LVFAILURE,CATECHOL,,0.6968405925129442
LVFAILURE,HR,,0.7556223396933912
LVFAILURE,CO,,0.0
LVFAILURE,BP,,2.784797109454661e-131
STROKEVOLUME,ERRLOWOUTPUT,,0.31533661805133095
STROKEVOLUME,HRBP,,0.47399314953626825
STROKEVOLUME,HREKG,,0.7349283196150738
STROKEVOLUME,ERRCAUTER,,0.7693253280141534
STROKEVOLUME,HRSAT,,0.4819118100733156
STROKEVOLUME,INSUFFANESTH,,0.20890067589835032
STROKEVOLUME,ANAPHYLAXIS,,0.42927474881421757
STROKEVOLUME,TPR,,0.6957918661939351
STROKEVOLUME,EXPCO2,,0.6148944172393289
STROKEVOLUME,KINKEDTUBE,,0.7144600728762527
STROKEVOLUME,MINVOL,,0.2531290948549479
STROKEVOLUME,FIO2,,0.33232525776067856
STROKEVOLUME,PVSAT,,0.10061143561682798
STROKEVOLUME,SAO2,,0.21785311326053214
STROKEVOLUME,PAP,,0.21513638314699096
STROKEVOLUME,PULMEMBOLUS,,0.874635703847931
STROKEVOLUME,SHUNT,,0.24334158922382038
STROKEVOLUME,INTUBATION,,0.35070688711258025
STROKEVOLUME,PRESS,,0.2117880197307976
STROKEVOLUME,DISCONNECT,,0.8181872059882388
STROKEVOLUME,MINVOLSET,,0.051679066486439974
STROKEVOLUME,VENTMACH,,0.12954659510670505
STROKEVOLUME,VENTTUBE,,0.7700618491094297
STROKEVOLUME,VENTLUNG,,0.15935584218327814
STROKEVOLUME,VENTALV,,0.38372008652927053
STROKEVOLUME,ARTCO2,,0.41086611961359354
STROKEVOLUME,CATECHOL,,0.4922320866974923
STROKEVOLUME,HR,,0.33704901325576664
STROKEVOLUME,CO,,0.0
STROKEVOLUME,BP,,0.0
ERRLOWOUTPUT,HRBP,,0.0
ERRLOWOUTPUT,HREKG,,0.8805203086021163
ERRLOWOUTPUT,ERRCAUTER,,0.8852044503251635
ERRLOWOUTPUT,HRSAT,,0.8780213807967862
ERRLOWOUTPUT,INSUFFANESTH,,0.08059496862530136
ERRLOWOUTPUT,ANAPHYLAXIS,,0.18064118683851715
ERRLOWOUTPUT,TPR,,0.8291568326350393
ERRLOWOUTPUT,EXPCO2,,0.49728282939639323
ERRLOWOUTPUT,KINKEDTUBE,,0.6124575768059417
ERRLOWOUTPUT,MINVOL,,0.79691496967365
ERRLOWOUTPUT,FIO2,,0.9829551976894196
ERRLOWOUTPUT,PVSAT,,0.30636530306802645
ERRLOWOUTPUT,SAO2,,0.19994561851670659
ERRLOWOUTPUT,PAP,,0.8599410430477388
ERRLOWOUTPUT,PULMEMBOLUS,,0.14727410405098418
ERRLOWOUTPUT,SHUNT,,0.11729915797995022
ERRLOWOUTPUT,INTUBATION,,0.4075185594630185
ERRLOWOUTPUT,PRESS,,0.6346395114416361
ERRLOWOUTPUT,DISCONNECT,,0.3480162292940312
ERRLOWOUTPUT,MINVOLSET,,0.12525556266374083
ERRLOWOUTPUT,VENTMACH,,0.21770258793793407
ERRLOWOUTPUT,VENTTUBE,,0.3552693004949338
ERRLOWOUTPUT,VENTLUNG,,0.5046168945354728
ERRLOWOUTPUT,VENTALV,,0.254809481626165
ERRLOWOUTPUT,ARTCO2,,0.14757937164914586
ERRLOWOUTPUT,CATECHOL,,0.553771806753746
ERRLOWOUTPUT,HR,,0.9979016029232153
ERRLOWOUTPUT,CO,,0.23103794687288304
ERRLOWOUTPUT,BP,,0.6622724190352927
HRBP,HREKG,,0.0
HRBP,ERRCAUTER,,0.27626493159017196
HRBP,HRSAT,,0.0
HRBP,INSUFFANESTH,,0.27614112540546115
HRBP,ANAPHYLAXIS,,0.0068186810421124395
HRBP,TPR,,1.2721716649095317e-270
HRBP,EXPCO2,,4.4377711450406466e-12
HRBP,KINKEDTUBE,,0.03700087771523384
HRBP,MINVOL,,1.1972268508201149e-147
HRBP,FIO2,,0.44000212304278596
HRBP,PVSAT,,1.0773898845193074e-159
HRBP,SAO2,,1.1764459222443964e-152
HRBP,PAP,,0.4391876221227464
HRBP,PULMEMBOLUS,,0.27031325528375033
HRBP,SHUNT,,0.4169297472592437
HRBP,INTUBATION,,0.2603196245775079
HRBP,PRESS,,0.0025955308303429524
HRBP,DISCONNECT,,2.9521821228605e-23
HRBP,MINVOLSET,,1.429606669568448e-35
HRBP,VENTMACH,,5.72319528896673e-51
HRBP,VENTTUBE,,1.8806637210926887e-95
HRBP,VENTLUNG,,8.517273789152877e-131
HRBP,VENTALV,,4.227974946478326e-185
HRBP,ARTCO2,,2.077749777957072e-205
HRBP,CATECHOL,,0.0
HRBP,HR,,0.0
HRBP,CO,,0.0
HRBP,BP,,1.5732544769119208e-183
HREKG,ERRCAUTER,,0.0
HREKG,HRSAT,,0.0
HREKG,INSUFFANESTH,,0.6750822811783337
HREKG,ANAPHYLAXIS,,0.04191226779134291
HREKG,TPR,,1.7492692894649873e-255
HREKG,EXPCO2,,7.147722681644349e-13
HREKG,KINKEDTUBE,,0.07576706787580688
HREKG,MINVOL,,1.6622871447565626e-140
HREKG,FIO2,,0.3962278883271315
HREKG,PVSAT,,1.580765962550029e-150
HREKG,SAO2,,3.1667452321644837e-145
HREKG,PAP,,0.44516242537334183
HREKG,PULMEMBOLUS,,0.1830608366711963
HREKG,SHUNT,,0.48688414967551785
HREKG,INTUBATION,,0.03186252385534712
HREKG,PRESS,,0.0003216973201163644
HREKG,DISCONNECT,,6.213892279734661e-23
HREKG,MINVOLSET,,9.011277968798603e-33
HREKG,VENTMACH,,7.556164769071847e-48
HREKG,VENTTUBE,,4.6745901079584897e-91
HREKG,VENTLUNG,,1.78753563700215e-122
HREKG,VENTALV,,9.571704765318092e-173
HREKG,ARTCO2,,8.169050894401126e-195
HREKG,CATECHOL,,0.0
HREKG,HR,,0.0
HREKG,CO,,0.0
HREKG,BP,,1.0744390584683029e-179
ERRCAUTER,HRSAT,,0.0
ERRCAUTER,INSUFFANESTH,,0.9793971107333967
ERRCAUTER,ANAPHYLAXIS,,0.5545001375376655
ERRCAUTER,TPR,,0.4775947396059309
ERRCAUTER,EXPCO2,,0.5175943307364643
ERRCAUTER,KINKEDTUBE,,0.6066420299098336
ERRCAUTER,MINVOL,,0.576406793037961
ERRCAUTER,FIO2,,0.6563204571990339
ERRCAUTER,PVSAT,,0.5190889494430813
ERRCAUTER,SAO2,,0.3126704917172471
ERRCAUTER,PAP,,0.34295029024586265
ERRCAUTER,PULMEMBOLUS,,0.5066522110143201
ERRCAUTER,SHUNT,,0.4039020080470055
ERRCAUTER,INTUBATION,,0.13851469671209884
ERRCAUTER,PRESS,,0.2565012369247844
ERRCAUTER,DISCONNECT,,0.941669867940107
ERRCAUTER,MINVOLSET,,0.2691563828765889
ERRCAUTER,VENTMACH,,0.07298794173497308
ERRCAUTER,VENTTUBE,,0.23120087524783556
ERRCAUTER,VENTLUNG,,0.856954993766062
ERRCAUTER,VENTALV,,0.41338702771983515
ERRCAUTER,ARTCO2,,0.3556745973801914
ERRCAUTER,CATECHOL,,0.04634394181402743
ERRCAUTER,HR,,0.4242302267906174
ERRCAUTER,CO,,0.697801243190839
ERRCAUTER,BP,,0.6662756296949912
HRSAT,INSUFFANESTH,,0.9121776585353607
HRSAT,ANAPHYLAXIS,,0.034995911470538286
HRSAT,TPR,,1.6721621235836302e-248
HRSAT,EXPCO2,,4.557072208275679e-13
HRSAT,KINKEDTUBE,,0.05066059815964704
HRSAT,MINVOL,,3.005527701089931e-130
HRSAT,FIO2,,0.7097261065699967
HRSAT,PVSAT,,1.7421635235610594e-147
HRSAT,SAO2,,7.636165428208288e-143
HRSAT,PAP,,0.6896995603448925
HRSAT,PULMEMBOLUS,,0.3068826417604194
HRSAT,SHUNT,,0.47762648311197375
HRSAT,INTUBATION,,0.08559739840613294
HRSAT,PRESS,,0.004908347258339024
HRSAT,DISCONNECT,,1.932925988506648e-18
HRSAT,MINVOLSET,,8.999623451732621e-33
HRSAT,VENTMACH,,7.078508874610693e-48
HRSAT,VENTTUBE,,8.411553977482868e-85
HRSAT,VENTLUNG,,5.165256100400085e-118
HRSAT,VENTALV,,3.9829837710824104e-171
HRSAT,ARTCO2,,2.5523038171223686e-192
HRSAT,CATECHOL,,0.0
HRSAT,HR,,0.0
HRSAT,CO,,0.0
HRSAT,BP,,1.9392059657347404e-179
INSUFFANESTH,ANAPHYLAXIS,,0.7598618732166716
INSUFFANESTH,TPR,,0.39415542849577184
INSUFFANESTH,EXPCO2,,0.2986302238453817
INSUFFANESTH,KINKEDTUBE,,0.6753222254647988
INSUFFANESTH,MINVOL,,0.5416844210217213
INSUFFANESTH,FIO2,,0.7408180279537234
INSUFFANESTH,PVSAT,,0.5650139961543323
INSUFFANESTH,SAO2,,0.44029619811594345
INSUFFANESTH,PAP,,0.9847857588760893
INSUFFANESTH,PULMEMBOLUS,,0.7678370307568381
INSUFFANESTH,SHUNT,,0.42632768415938826
INSUFFANESTH,INTUBATION,,0.8177305587381418
INSUFFANESTH,PRESS,,0.9331932114592295
INSUFFANESTH,DISCONNECT,,0.6698201757453774
INSUFFANESTH,MINVOLSET,,0.8508230735690407
INSUFFANESTH,VENTMACH,,0.6479176169930567
INSUFFANESTH,VENTTUBE,,0.5865777891850132
INSUFFANESTH,VENTLUNG,,0.5869859238701116
INSUFFANESTH,VENTALV,,0.5030050451642099
INSUFFANESTH,ARTCO2,,0.2667473153712633
INSUFFANESTH,CATECHOL,,0.4622984445655266
INSUFFANESTH,HR,,0.4708986843794186
INSUFFANESTH,CO,,0.3665624774266599
INSUFFANESTH,BP,,0.25657054093526527
ANAPHYLAXIS,TPR,,3.030597339030898e-90
ANAPHYLAXIS,EXPCO2,,0.9635582782111862
ANAPHYLAXIS,KINKEDTUBE,,0.9986101485345605
ANAPHYLAXIS,MINVOL,,0.2679550584522582
ANAPHYLAXIS,FIO2,,0.4930689006273187
ANAPHYLAXIS,PVSAT,,0.4892344004523077
ANAPHYLAXIS,SAO2,,0.24070979383993057
ANAPHYLAXIS,PAP,,0.5663634482164376
ANAPHYLAXIS,PULMEMBOLUS,,0.5897635464351465
ANAPHYLAXIS,SHUNT,,0.4319304053052775
ANAPHYLAXIS,INTUBATION,,0.865784083438812
ANAPHYLAXIS,PRESS,,0.4867325474072083
ANAPHYLAXIS,DISCONNECT,,0.5991898004475711
ANAPHYLAXIS,MINVOLSET,,0.01971212676300883
ANAPHYLAXIS,VENTMACH,,0.05068437725594997
ANAPHYLAXIS,VENTTUBE,,0.272340425243123
ANAPHYLAXIS,VENTLUNG,,0.5065241579489252
ANAPHYLAXIS,VENTALV,,0.6040716871656879
ANAPHYLAXIS,ARTCO2,,0.17349517125591263
ANAPHYLAXIS,CATECHOL,,1.411073571644126e-07
ANAPHYLAXIS,HR,,0.007303293289684968
ANAPHYLAXIS,CO,,0.016552699062405446
ANAPHYLAXIS,BP,,6.3647370138193945e-53
TPR,EXPCO2,,0.30149562499860505
TPR,KINKEDTUBE,,0.2467894636193421
TPR,MINVOL,,0.7855848260777636
TPR,FIO2,,0.1397703553741581
TPR,PVSAT,,0.6268783039916912
TPR,SAO2,,0.2648894188255541
TPR,PAP,,0.28021061885876564
TPR,PULMEMBOLUS,,0.6376037442966267
TPR,SHUNT,,0.18963063439574684
TPR,INTUBATION,,0.2216017805646163
TPR,PRESS,,0.22051078923867923
TPR,DISCONNECT,,0.40450674353172555
TPR,MINVOLSET,,0.7108598690367915
TPR,VENTMACH,,0.8035138451478763
TPR,VENTTUBE,,0.8389025359692992
TPR,VENTLUNG,,0.3308675597966203
TPR,VENTALV,,0.1826450236678122
TPR,ARTCO2,,0.7849388773867659
TPR,CATECHOL,,0.0
TPR,HR,,4.892063686592595e-303
TPR,CO,,5.318847377993112e-155
TPR,BP,,0.0
EXPCO2,KINKEDTUBE,,3.629487564611739e-08
EXPCO2,MINVOL,,0.0
EXPCO2,FIO2,,0.14797225822011698
EXPCO2,PVSAT,,1.267486300528286e-135
EXPCO2,SAO2,,1.4436652973227648e-121
EXPCO2,PAP,,0.7471613684608991
EXPCO2,PULMEMBOLUS,,0.2997309869983769
EXPCO2,SHUNT,,1.651492789855661e-176
EXPCO2,INTUBATION,,0.0
EXPCO2,PRESS,,7.993846051082124e-102
EXPCO2,DISCONNECT,,3.1835310203962386e-26
EXPCO2,MINVOLSET,,2.1937038106030375e-62
EXPCO2,VENTMACH,,2.2243243690950424e-79
EXPCO2,VENTTUBE,,0.0
EXPCO2,VENTLUNG,,0.0
EXPCO2,VENTALV,,0.0
EXPCO2,ARTCO2,,0.0
EXPCO2,CATECHOL,,1.228069793171078e-35
EXPCO2,HR,,5.2588981709154256e-15
EXPCO2,CO,,1.4591957305869466e-05
EXPCO2,BP,,0.23097585253563205
KINKEDTUBE,MINVOL,,2.440943764622048e-54
KINKEDTUBE,FIO2,,0.7171634977697334
KINKEDTUBE,PVSAT,,3.9976843133303646e-47
KINKEDTUBE,SAO2,,6.592738181332372e-39
KINKEDTUBE,PAP,,0.13662059913859262
KINKEDTUBE,PULMEMBOLUS,,0.10609516275892117
KINKEDTUBE,SHUNT,,0.43202823725628403
KINKEDTUBE,INTUBATION,,0.4448287029207425
KINKEDTUBE,PRESS,,3.0225473038248156e-183
KINKEDTUBE,DISCONNECT,,0.5435420062804749
KINKEDTUBE,MINVOLSET,,0.4716478602701917
KINKEDTUBE,VENTMACH,,0.6553632553108264
KINKEDTUBE,VENTTUBE,,0.9782241244096477
KINKEDTUBE,VENTLUNG,,2.7186093165839713e-74
KINKEDTUBE,VENTALV,,2.221761829594591e-52
KINKEDTUBE,ARTCO2,,7.412467163462112e-39
KINKEDTUBE,CATECHOL,,0.01277080713530083
KINKEDTUBE,HR,,0.04462575379926469
KINKEDTUBE,CO,,0.28638195875938244
KINKEDTUBE,BP,,0.8048451243667734
MINVOL,FIO2,,0.034426046817339094
MINVOL,PVSAT,,0.0
MINVOL,SAO2,,0.0
MINVOL,PAP,,0.21951789524717608
MINVOL,PULMEMBOLUS,,0.7248484810814246
MINVOL,SHUNT,,2.542864723110114e-294
MINVOL,INTUBATION,,0.0
MINVOL,PRESS,,0.0
MINVOL,DISCONNECT,,0.0
MINVOL,MINVOLSET,,0.0
MINVOL,VENTMACH,,0.0
MINVOL,VENTTUBE,,0.0
MINVOL,VENTLUNG,,0.0
MINVOL,VENTALV,,0.0
MINVOL,ARTCO2,,0.0
MINVOL,CATECHOL,,0.0
MINVOL,HR,,4.415413663208906e-169
MINVOL,CO,,1.0398397110387335e-83
MINVOL,BP,,1.0751089521407987e-11
FIO2,PVSAT,,1.9756343111079658e-150
FIO2,SAO2,,1.394049115253672e-112
FIO2,PAP,,0.9305839403566193
FIO2,PULMEMBOLUS,,0.6748774362751364
FIO2,SHUNT,,0.029983627024327678
FIO2,INTUBATION,,0.01939586243834339
FIO2,PRESS,,0.4430376498312859
FIO2,DISCONNECT,,0.4176082472908138
FIO2,MINVOLSET,,0.11242883399698463
FIO2,VENTMACH,,0.18269750936534374
FIO2,VENTTUBE,,0.03359183200803728
FIO2,VENTLUNG,,0.07790957680269314
FIO2,VENTALV,,0.002291527968414581
FIO2,ARTCO2,,0.0010068385141649996
FIO2,CATECHOL,,0.0082357876129623
FIO2,HR,,0.7442609170325154
FIO2,CO,,0.6412619474184627
FIO2,BP,,0.9234996380780949
PVSAT,SAO2,,0.0
PVSAT,PAP,,0.20734319615322058
PVSAT,PULMEMBOLUS,,0.22288587951514058
PVSAT,SHUNT,,3.758883223410441e-18
PVSAT,INTUBATION,,7.942300355944623e-68
PVSAT,PRESS,,9.455787222188937e-186
PVSAT,DISCONNECT,,2.905899987065497e-292
PVSAT,MINVOLSET,,0.0
PVSAT,VENTMACH,,0.0
PVSAT,VENTTUBE,,0.0
PVSAT,VENTLUNG,,0.0
PVSAT,VENTALV,,0.0
PVSAT,ARTCO2,,0.0
PVSAT,CATECHOL,,0.0
PVSAT,HR,,1.070224817216908e-185
PVSAT,CO,,4.260832772695637e-86
PVSAT,BP,,1.9026961050890258e-10
SAO2,PAP,,0.003996465549917815
SAO2,PULMEMBOLUS,,1.8082037409032296e-13
SAO2,SHUNT,,4.199439347957676e-152
SAO2,INTUBATION,,8.936101875059768e-82
SAO2,PRESS,,1.7631182568516059e-155
SAO2,DISCONNECT,,2.3018222856159853e-262
SAO2,MINVOLSET,,0.0
SAO2,VENTMACH,,0.0
SAO2,VENTTUBE,,0.0
SAO2,VENTLUNG,,0.0
SAO2,VENTALV,,0.0
SAO2,ARTCO2,,0.0
SAO2,CATECHOL,,0.0
SAO2,HR,,6.771867610696729e-179
SAO2,CO,,1.3317376507303924e-83
SAO2,BP,,1.1772681302977709e-10
PAP,PULMEMBOLUS,,4.816019502739695e-183
PAP,SHUNT,,1.5474064718381267e-36
PAP,INTUBATION,,0.9728939575399068
PAP,PRESS,,0.5539101224515732
PAP,DISCONNECT,,0.17394408480125748
PAP,MINVOLSET,,0.5234897085664119
PAP,VENTMACH,,0.14724910383374362
PAP,VENTTUBE,,0.014552735560830286
PAP,VENTLUNG,,0.7314723489452197
PAP,VENTALV,,0.377456178302965
PAP,ARTCO2,,0.293802862080049
PAP,CATECHOL,,0.8345644541905236
PAP,HR,,0.24516041036269828
PAP,CO,,0.9567791489002486
PAP,BP,,0.7822962604503803
PULMEMBOLUS,SHUNT,,5.676170391228704e-180
PULMEMBOLUS,INTUBATION,,0.3793781065896844
PULMEMBOLUS,PRESS,,0.7426617181711385
PULMEMBOLUS,DISCONNECT,,0.7794014608517816
PULMEMBOLUS,MINVOLSET,,0.5413334062758958
PULMEMBOLUS,VENTMACH,,0.6077393998254828
PULMEMBOLUS,VENTTUBE,,0.49824787968762296
PULMEMBOLUS,VENTLUNG,,0.7242451026847676
PULMEMBOLUS,VENTALV,,0.050427918274895456
PULMEMBOLUS,ARTCO2,,0.47190654065182924
PULMEMBOLUS,CATECHOL,,0.17187447101574693
PULMEMBOLUS,HR,,0.037851672712157204
PULMEMBOLUS,CO,,0.08428067178470111
PULMEMBOLUS,BP,,0.5217524620602163
SHUNT,INTUBATION,,0.0
SHUNT,PRESS,,1.8238805803750906e-35
SHUNT,DISCONNECT,,0.19781549236567372
SHUNT,MINVOLSET,,0.28490707224448203
SHUNT,VENTMACH,,0.6588930457695585
SHUNT,VENTTUBE,,0.3052441513771757
SHUNT,VENTLUNG,,9.996338186624127e-40
SHUNT,VENTALV,,0.0
SHUNT,ARTCO2,,1.4401683159581463e-140
SHUNT,CATECHOL,,0.08514174815588015
SHUNT,HR,,0.6333208243547888
SHUNT,CO,,0.05689647860365104
SHUNT,BP,,0.2936558607281872
INTUBATION,PRESS,,1.1452951427585723e-257
INTUBATION,DISCONNECT,,0.49026594536549994
INTUBATION,MINVOLSET,,0.07236884251006223
INTUBATION,VENTMACH,,0.7232226826634827
INTUBATION,VENTTUBE,,0.1526038240185546
INTUBATION,VENTLUNG,,5.282746181738604e-124
INTUBATION,VENTALV,,0.0
INTUBATION,ARTCO2,,5.927081988591748e-280
INTUBATION,CATECHOL,,5.611241254732418e-10
INTUBATION,HR,,0.1459918717461156
INTUBATION,CO,,0.09418856399527259
INTUBATION,BP,,0.05245672539723472
PRESS,DISCONNECT,,0.0
PRESS,MINVOLSET,,0.0
PRESS,VENTMACH,,0.0
PRESS,VENTTUBE,,0.0
PRESS,VENTLUNG,,0.0
PRESS,VENTALV,,0.0
PRESS,ARTCO2,,3.492602383809419e-180
PRESS,CATECHOL,,1.9286697675553696e-22
PRESS,HR,,0.00028378233217820384
PRESS,CO,,0.0017972374632822534
PRESS,BP,,0.009254171731899796
DISCONNECT,MINVOLSET,,0.7319522267573702
DISCONNECT,VENTMACH,,0.9269236893517261
DISCONNECT,VENTTUBE,,0.0
DISCONNECT,VENTLUNG,,9.15454645158194e-310
DISCONNECT,VENTALV,,0.0
DISCONNECT,ARTCO2,,2.7775719513695604e-298
DISCONNECT,CATECHOL,,4.6588908255423326e-54
DISCONNECT,HR,,1.306018699937487e-27
DISCONNECT,CO,,6.838560451057922e-12
DISCONNECT,BP,,0.0005083031801216587
MINVOLSET,VENTMACH,,0.0
MINVOLSET,VENTTUBE,,0.0
MINVOLSET,VENTLUNG,,0.0
MINVOLSET,VENTALV,,0.0
MINVOLSET,ARTCO2,,0.0
MINVOLSET,CATECHOL,,4.3315776021026824e-73
MINVOLSET,HR,,4.5212361737136005e-39
MINVOLSET,CO,,4.032070171651999e-21
MINVOLSET,BP,,1.1986053609725148e-05
VENTMACH,VENTTUBE,,0.0
VENTMACH,VENTLUNG,,0.0
VENTMACH,VENTALV,,0.0
VENTMACH,ARTCO2,,0.0
VENTMACH,CATECHOL,,2.1209025602167608e-119
VENTMACH,HR,,8.461003269632215e-57
VENTMACH,CO,,3.6644108797873765e-29
VENTMACH,BP,,6.36698538076944e-06
VENTTUBE,VENTLUNG,,0.0
VENTTUBE,VENTALV,,0.0
VENTTUBE,ARTCO2,,0.0
VENTTUBE,CATECHOL,,7.46087260779952e-247
VENTTUBE,HR,,2.728465613745055e-109
VENTTUBE,CO,,1.6400659119606896e-50
VENTTUBE,BP,,1.3690273097762475e-08
VENTLUNG,VENTALV,,0.0
VENTLUNG,ARTCO2,,0.0
VENTLUNG,CATECHOL,,0.0
VENTLUNG,HR,,9.573764314599558e-152
VENTLUNG,CO,,2.5144852119719915e-70
VENTLUNG,BP,,1.0391542277960331e-10
VENTALV,ARTCO2,,0.0
VENTALV,CATECHOL,,0.0
VENTALV,HR,,2.855152368542394e-212
VENTALV,CO,,6.910506953541028e-98
VENTALV,BP,,1.8558399422353153e-16
ARTCO2,CATECHOL,,0.0
ARTCO2,HR,,2.9817889245295306e-237
ARTCO2,CO,,4.570579115518119e-106
ARTCO2,BP,,1.5003113462191316e-17
CATECHOL,HR,,0.0
CATECHOL,CO,,0.0
CATECHOL,BP,,3.4968763368697075e-144
HR,CO,,0.0
HR,BP,,2.8959218262438067e-241
CO,BP,,0.0
HISTORY,CVP,LVFAILURE,0.8783394988791774
HISTORY,CVP,LVFAILURE,0.8783394988791774
HISTORY,PCWP,LVFAILURE,0.56313427913088
HISTORY,PCWP,LVFAILURE,0.56313427913088
HISTORY,LVEDVOLUME,LVFAILURE,0.8999885377192447
HISTORY,LVEDVOLUME,LVFAILURE,0.8999885377192447
HISTORY,LVFAILURE,LVEDVOLUME,0.0
HISTORY,LVFAILURE,LVEDVOLUME,0.0
HISTORY,LVFAILURE,LVEDVOLUME,0.0
HISTORY,LVFAILURE,LVEDVOLUME,0.0
HISTORY,LVFAILURE,LVEDVOLUME,0.0
HISTORY,LVFAILURE,LVEDVOLUME,0.0
HISTORY,STROKEVOLUME,LVFAILURE,0.34500993366552424
HISTORY,CO,STROKEVOLUME,0.6480319503216279
HISTORY,BP,STROKEVOLUME,0.7091557241120209
CVP,PCWP,HISTORY,0.0
CVP,PCWP,HISTORY,0.0
CVP,PCWP,HISTORY,0.0
CVP,PCWP,HISTORY,0.0
CVP,PCWP,HISTORY,0.0
CVP,PCWP,HISTORY,0.0
CVP,PCWP,HISTORY,0.0
CVP,PCWP,HISTORY,0.0
CVP,HYPOVOLEMIA,LVEDVOLUME,0.7216626278593425
CVP,HYPOVOLEMIA,LVEDVOLUME,0.7216626278593425
CVP,HYPOVOLEMIA,LVEDVOLUME,0.7216626278593425
CVP,HYPOVOLEMIA,LVEDVOLUME,0.7216626278593425
CVP,HYPOVOLEMIA,LVEDVOLUME,0.7216626278593425
CVP,HYPOVOLEMIA,LVEDVOLUME,0.7216626278593425
CVP,HYPOVOLEMIA,LVEDVOLUME,0.7216626278593425
CVP,LVEDVOLUME,HISTORY,0.0
CVP,LVEDVOLUME,HISTORY,0.0
CVP,LVEDVOLUME,HISTORY,0.0
CVP,LVEDVOLUME,HISTORY,0.0
CVP,LVEDVOLUME,HISTORY,0.0
CVP,LVEDVOLUME,HISTORY,0.0
CVP,LVEDVOLUME,HISTORY,0.0
CVP,LVEDVOLUME,HISTORY,0.0
CVP,LVFAILURE,LVEDVOLUME,0.08739131596627132
CVP,LVFAILURE,LVEDVOLUME,0.08739131596627132
CVP,LVFAILURE,LVEDVOLUME,0.08739131596627132
CVP,LVFAILURE,LVEDVOLUME,0.08739131596627132
CVP,LVFAILURE,LVEDVOLUME,0.08739131596627132
CVP,LVFAILURE,LVEDVOLUME,0.08739131596627132
CVP,LVFAILURE,LVEDVOLUME,0.08739131596627132
CVP,STROKEVOLUME,LVEDVOLUME,0.14499641730510204
CVP,STROKEVOLUME,LVEDVOLUME,0.14499641730510204
CVP,STROKEVOLUME,LVEDVOLUME,0.14499641730510204
CVP,STROKEVOLUME,LVEDVOLUME,0.14499641730510204
CVP,STROKEVOLUME,LVEDVOLUME,0.14499641730510204
CVP,STROKEVOLUME,LVEDVOLUME,0.14499641730510204
CVP,STROKEVOLUME,LVEDVOLUME,0.14499641730510204
CVP,MINVOLSET,STROKEVOLUME,0.3410837649720852
CVP,CO,STROKEVOLUME,0.6959081719868838
CVP,BP,STROKEVOLUME,0.964171425637975
PCWP,HYPOVOLEMIA,LVEDVOLUME,0.9300466247509838
PCWP,HYPOVOLEMIA,LVEDVOLUME,0.9300466247509838
PCWP,HYPOVOLEMIA,LVEDVOLUME,0.9300466247509838
PCWP,HYPOVOLEMIA,LVEDVOLUME,0.9300466247509838
PCWP,HYPOVOLEMIA,LVEDVOLUME,0.9300466247509838
PCWP,HYPOVOLEMIA,LVEDVOLUME,0.9300466247509838
PCWP,HYPOVOLEMIA,LVEDVOLUME,0.9300466247509838
PCWP,HYPOVOLEMIA,LVEDVOLUME,0.9300466247509838
PCWP,LVEDVOLUME,HISTORY,0.0
PCWP,LVEDVOLUME,HISTORY,0.0
PCWP,LVEDVOLUME,HISTORY,0.0
PCWP,LVEDVOLUME,HISTORY,0.0
PCWP,LVEDVOLUME,HISTORY,0.0
PCWP,LVEDVOLUME,HISTORY,0.0
PCWP,LVEDVOLUME,HISTORY,0.0
PCWP,LVEDVOLUME,HISTORY,0.0
PCWP,LVEDVOLUME,HISTORY,0.0
PCWP,LVFAILURE,LVEDVOLUME,0.34433208699318646
PCWP,LVFAILURE,LVEDVOLUME,0.34433208699318646
PCWP,LVFAILURE,LVEDVOLUME,0.34433208699318646
PCWP,LVFAILURE,LVEDVOLUME,0.34433208699318646
PCWP,LVFAILURE,LVEDVOLUME,0.34433208699318646
PCWP,LVFAILURE,LVEDVOLUME,0.34433208699318646
PCWP,LVFAILURE,LVEDVOLUME,0.34433208699318646
PCWP,LVFAILURE,LVEDVOLUME,0.34433208699318646
PCWP,STROKEVOLUME,LVEDVOLUME,0.9509976899181968
PCWP,STROKEVOLUME,LVEDVOLUME,0.9509976899181968
PCWP,STROKEVOLUME,LVEDVOLUME,0.9509976899181968
PCWP,STROKEVOLUME,LVEDVOLUME,0.9509976899181968
PCWP,STROKEVOLUME,LVEDVOLUME,0.9509976899181968
PCWP,STROKEVOLUME,LVEDVOLUME,0.9509976899181968
PCWP,STROKEVOLUME,LVEDVOLUME,0.9509976899181968
PCWP,STROKEVOLUME,LVEDVOLUME,0.9509976899181968
PCWP,MINVOLSET,STROKEVOLUME,0.09878297531712245
PCWP,VENTTUBE,STROKEVOLUME,0.09611910401543375
PCWP,CO,STROKEVOLUME,0.7604429824596134
PCWP,BP,STROKEVOLUME,0.9734907392359782
HYPOVOLEMIA,LVEDVOLUME,PULMEMBOLUS,0.0
HYPOVOLEMIA,LVEDVOLUME,PULMEMBOLUS,0.0
HYPOVOLEMIA,LVEDVOLUME,PULMEMBOLUS,0.0
HYPOVOLEMIA,LVEDVOLUME,PULMEMBOLUS,0.0
HYPOVOLEMIA,LVEDVOLUME,PULMEMBOLUS,0.0
HYPOVOLEMIA,LVEDVOLUME,PULMEMBOLUS,0.0
HYPOVOLEMIA,LVEDVOLUME,PULMEMBOLUS,0.0
HYPOVOLEMIA,LVEDVOLUME,PULMEMBOLUS,0.0
HYPOVOLEMIA,LVEDVOLUME,PULMEMBOLUS,0.0
HYPOVOLEMIA,STROKEVOLUME,PULMEMBOLUS,0.0
HYPOVOLEMIA,STROKEVOLUME,PULMEMBOLUS,0.0
HYPOVOLEMIA,STROKEVOLUME,PULMEMBOLUS,0.0
HYPOVOLEMIA,STROKEVOLUME,PULMEMBOLUS,0.0
HYPOVOLEMIA,STROKEVOLUME,PULMEMBOLUS,0.0
HYPOVOLEMIA,STROKEVOLUME,PULMEMBOLUS,0.0
HYPOVOLEMIA,STROKEVOLUME,PULMEMBOLUS,0.0
HYPOVOLEMIA,STROKEVOLUME,PULMEMBOLUS,0.0
HYPOVOLEMIA,STROKEVOLUME,PULMEMBOLUS,0.0
HYPOVOLEMIA,PULMEMBOLUS,VENTMACH,0.2794508427313329
HYPOVOLEMIA,PULMEMBOLUS,VENTMACH,0.2794508427313329
HYPOVOLEMIA,MINVOLSET,STROKEVOLUME,0.05373375230411467
HYPOVOLEMIA,VENTMACH,PCWP,0.16834036655332965
HYPOVOLEMIA,VENTMACH,PCWP,0.16834036655332965
HYPOVOLEMIA,VENTTUBE,VENTMACH,0.43198394134049845
HYPOVOLEMIA,VENTTUBE,VENTMACH,0.43198394134049845
HYPOVOLEMIA,CO,STROKEVOLUME,0.40919114579372506
HYPOVOLEMIA,BP,STROKEVOLUME,0.9789794707658707
LVEDVOLUME,LVFAILURE,HISTORY,1.1409188685636e-311
LVEDVOLUME,LVFAILURE,HISTORY,1.1409188685636e-311
LVEDVOLUME,LVFAILURE,HISTORY,1.1409188685636e-311
LVEDVOLUME,LVFAILURE,HISTORY,1.1409188685636e-311
LVEDVOLUME,LVFAILURE,HISTORY,1.1409188685636e-311
LVEDVOLUME,LVFAILURE,HISTORY,1.1409188685636e-311
LVEDVOLUME,LVFAILURE,HISTORY,1.1409188685636e-311
LVEDVOLUME,LVFAILURE,HISTORY,1.1409188685636e-311
LVEDVOLUME,LVFAILURE,HISTORY,1.1409188685636e-311
LVEDVOLUME,STROKEVOLUME,HISTORY,0.0
LVEDVOLUME,STROKEVOLUME,HISTORY,0.0
LVEDVOLUME,STROKEVOLUME,HISTORY,0.0
LVEDVOLUME,STROKEVOLUME,HISTORY,0.0
LVEDVOLUME,STROKEVOLUME,HISTORY,0.0
LVEDVOLUME,STROKEVOLUME,HISTORY,0.0
LVEDVOLUME,STROKEVOLUME,HISTORY,0.0
LVEDVOLUME,STROKEVOLUME,HISTORY,0.0
LVEDVOLUME,STROKEVOLUME,HISTORY,0.0
LVEDVOLUME,MINVOLSET,STROKEVOLUME,0.21150098155938568
LVEDVOLUME,VENTTUBE,STROKEVOLUME,0.09990750663232031
LVEDVOLUME,CO,STROKEVOLUME,0.9189134868941199
LVEDVOLUME,BP,STROKEVOLUME,0.9595675790784912
LVFAILURE,STROKEVOLUME,HISTORY,3.588114218881535e-203
LVFAILURE,STROKEVOLUME,HISTORY,3.588114218881535e-203
LVFAILURE,STROKEVOLUME,HISTORY,3.588114218881535e-203
LVFAILURE,STROKEVOLUME,HISTORY,3.588114218881535e-203
LVFAILURE,STROKEVOLUME,HISTORY,3.588114218881535e-203
LVFAILURE,STROKEVOLUME,HISTORY,3.588114218881535e-203
LVFAILURE,STROKEVOLUME,HISTORY,3.588114218881535e-203
LVFAILURE,STROKEVOLUME,HISTORY,3.588114218881535e-203
LVFAILURE,PULMEMBOLUS,SHUNT,0.20042879880865813
LVFAILURE,PULMEMBOLUS,SHUNT,0.20042879880865813
LVFAILURE,PULMEMBOLUS,SHUNT,0.20042879880865813
LVFAILURE,PULMEMBOLUS,SHUNT,0.20042879880865813
LVFAILURE,PULMEMBOLUS,SHUNT,0.20042879880865813
LVFAILURE,PULMEMBOLUS,SHUNT,0.20042879880865813
LVFAILURE,SHUNT,PULMEMBOLUS,0.21922002106595606
LVFAILURE,CO,STROKEVOLUME,0.44055086861362847
LVFAILURE,CO,STROKEVOLUME,0.44055086861362847
LVFAILURE,BP,STROKEVOLUME,0.9103269774353171
LVFAILURE,BP,STROKEVOLUME,0.9103269774353171
STROKEVOLUME,CO,HISTORY,0.0
STROKEVOLUME,CO,HISTORY,0.0
STROKEVOLUME,CO,HISTORY,0.0
STROKEVOLUME,CO,HISTORY,0.0
STROKEVOLUME,CO,HISTORY,0.0
STROKEVOLUME,CO,HISTORY,0.0
STROKEVOLUME,CO,HISTORY,0.0
STROKEVOLUME,BP,HISTORY,0.0
STROKEVOLUME,BP,HISTORY,0.0
STROKEVOLUME,BP,HISTORY,0.0
STROKEVOLUME,BP,HISTORY,0.0
STROKEVOLUME,BP,HISTORY,0.0
STROKEVOLUME,BP,HISTORY,0.0
STROKEVOLUME,BP,HISTORY,0.0
HRBP,HREKG,HR,0.5087903296920382
HRBP,HREKG,HR,0.5087903296920382
HRBP,HREKG,HR,0.5087903296920382
HRBP,HREKG,HR,0.5087903296920382
HRBP,HREKG,HR,0.5087903296920382
HRBP,HREKG,HR,0.5087903296920382
HRBP,HREKG,HR,0.5087903296920382
HRBP,HREKG,HR,0.5087903296920382
HRBP,HREKG,HR,0.5087903296920382
HRBP,HREKG,HR,0.5087903296920382
HRBP,HREKG,HR,0.5087903296920382
HRBP,HREKG,HR,0.5087903296920382
HRBP,HRSAT,HR,0.8351956730926984
HRBP,HRSAT,HR,0.8351956730926984
HRBP,HRSAT,HR,0.8351956730926984
HRBP,HRSAT,HR,0.8351956730926984
HRBP,HRSAT,HR,0.8351956730926984
HRBP,HRSAT,HR,0.8351956730926984
HRBP,HRSAT,HR,0.8351956730926984
HRBP,HRSAT,HR,0.8351956730926984
HRBP,HRSAT,HR,0.8351956730926984
HRBP,HRSAT,HR,0.8351956730926984
HRBP,HRSAT,HR,0.8351956730926984
HRBP,HRSAT,HR,0.8351956730926984
HRBP,ANAPHYLAXIS,MINVOLSET,0.12843072796968472
HRBP,ANAPHYLAXIS,MINVOLSET,0.12843072796968472
HRBP,TPR,CATECHOL,0.9634855066737031
HRBP,TPR,CATECHOL,0.9634855066737031
HRBP,TPR,CATECHOL,0.9634855066737031
HRBP,TPR,CATECHOL,0.9634855066737031
HRBP,TPR,CATECHOL,0.9634855066737031
HRBP,TPR,CATECHOL,0.9634855066737031
HRBP,TPR,CATECHOL,0.9634855066737031
HRBP,EXPCO2,CATECHOL,0.8704610886754126
HRBP,EXPCO2,CATECHOL,0.8704610886754126
HRBP,EXPCO2,CATECHOL,0.8704610886754126
HRBP,EXPCO2,CATECHOL,0.8704610886754126
HRBP,EXPCO2,CATECHOL,0.8704610886754126
HRBP,EXPCO2,CATECHOL,0.8704610886754126
HRBP,EXPCO2,CATECHOL,0.8704610886754126
HRBP,KINKEDTUBE,EXPCO2,0.14244426520241515
HRBP,MINVOL,CATECHOL,0.8534235450366973
HRBP,MINVOL,CATECHOL,0.8534235450366973
HRBP,MINVOL,CATECHOL,0.8534235450366973
HRBP,MINVOL,CATECHOL,0.8534235450366973
HRBP,MINVOL,CATECHOL,0.8534235450366973
HRBP,MINVOL,CATECHOL,0.8534235450366973
HRBP,MINVOL,CATECHOL,0.8534235450366973
HRBP,PVSAT,CATECHOL,0.5409083576526597
HRBP,PVSAT,CATECHOL,0.5409083576526597
HRBP,PVSAT,CATECHOL,0.5409083576526597
HRBP,PVSAT,CATECHOL,0.5409083576526597
HRBP,PVSAT,CATECHOL,0.5409083576526597
HRBP,PVSAT,CATECHOL,0.5409083576526597
HRBP,PVSAT,CATECHOL,0.5409083576526597
HRBP,PVSAT,CATECHOL,0.5409083576526597
HRBP,SAO2,CATECHOL,0.13952168712487578
HRBP,SAO2,CATECHOL,0.13952168712487578
HRBP,SAO2,CATECHOL,0.13952168712487578
HRBP,SAO2,CATECHOL,0.13952168712487578
HRBP,SAO2,CATECHOL,0.13952168712487578
HRBP,SAO2,CATECHOL,0.13952168712487578
HRBP,SAO2,CATECHOL,0.13952168712487578
HRBP,PRESS,MINVOL,0.25516594050686453
HRBP,PRESS,MINVOL,0.25516594050686453
HRBP,PRESS,MINVOL,0.25516594050686453
HRBP,PRESS,MINVOL,0.25516594050686453
HRBP,DISCONNECT,MINVOL,0.0887968738194057
HRBP,DISCONNECT,MINVOL,0.0887968738194057
HRBP,DISCONNECT,MINVOL,0.0887968738194057
HRBP,DISCONNECT,MINVOL,0.0887968738194057
HRBP,MINVOLSET,CATECHOL,0.5353974719728205
HRBP,MINVOLSET,CATECHOL,0.5353974719728205
HRBP,MINVOLSET,CATECHOL,0.5353974719728205
HRBP,MINVOLSET,CATECHOL,0.5353974719728205
HRBP,MINVOLSET,CATECHOL,0.5353974719728205
HRBP,MINVOLSET,CATECHOL,0.5353974719728205
HRBP,MINVOLSET,CATECHOL,0.5353974719728205
HRBP,VENTMACH,CATECHOL,0.57344208356339
HRBP,VENTMACH,CATECHOL,0.57344208356339
HRBP,VENTMACH,CATECHOL,0.57344208356339
HRBP,VENTMACH,CATECHOL,0.57344208356339
HRBP,VENTMACH,CATECHOL,0.57344208356339
HRBP,VENTMACH,CATECHOL,0.57344208356339
HRBP,VENTMACH,CATECHOL,0.57344208356339
HRBP,VENTMACH,CATECHOL,0.57344208356339
HRBP,VENTTUBE,CATECHOL,0.39161435199806527
HRBP,VENTTUBE,CATECHOL,0.39161435199806527
HRBP,VENTTUBE,CATECHOL,0.39161435199806527
HRBP,VENTTUBE,CATECHOL,0.39161435199806527
HRBP,VENTTUBE,CATECHOL,0.39161435199806527
HRBP,VENTTUBE,CATECHOL,0.39161435199806527
HRBP,VENTTUBE,CATECHOL,0.39161435199806527
HRBP,VENTTUBE,CATECHOL,0.39161435199806527
HRBP,VENTLUNG,CATECHOL,0.9207691333240609
HRBP,VENTLUNG,CATECHOL,0.9207691333240609
HRBP,VENTLUNG,CATECHOL,0.9207691333240609
HRBP,VENTLUNG,CATECHOL,0.9207691333240609
HRBP,VENTLUNG,CATECHOL,0.9207691333240609
HRBP,VENTLUNG,CATECHOL,0.9207691333240609
HRBP,VENTLUNG,CATECHOL,0.9207691333240609
HRBP,VENTLUNG,CATECHOL,0.9207691333240609
HRBP,VENTALV,CATECHOL,0.36421142685497326
HRBP,VENTALV,CATECHOL,0.36421142685497326
HRBP,VENTALV,CATECHOL,0.36421142685497326
HRBP,VENTALV,CATECHOL,0.36421142685497326
HRBP,VENTALV,CATECHOL,0.36421142685497326
HRBP,VENTALV,CATECHOL,0.36421142685497326
HRBP,VENTALV,CATECHOL,0.36421142685497326
HRBP,VENTALV,CATECHOL,0.36421142685497326
HRBP,ARTCO2,CATECHOL,0.2965300932680905
HRBP,ARTCO2,CATECHOL,0.2965300932680905
HRBP,ARTCO2,CATECHOL,0.2965300932680905
HRBP,ARTCO2,CATECHOL,0.2965300932680905
HRBP,ARTCO2,CATECHOL,0.2965300932680905
HRBP,ARTCO2,CATECHOL,0.2965300932680905
HRBP,ARTCO2,CATECHOL,0.2965300932680905
HRBP,ARTCO2,CATECHOL,0.2965300932680905
HRBP,CATECHOL,HR,0.5120703719079043
HRBP,CATECHOL,HR,0.5120703719079043
HRBP,CATECHOL,HR,0.5120703719079043
HRBP,CATECHOL,HR,0.5120703719079043
HRBP,CATECHOL,HR,0.5120703719079043
HRBP,CATECHOL,HR,0.5120703719079043
HRBP,CATECHOL,HR,0.5120703719079043
HRBP,CATECHOL,HR,0.5120703719079043
HRBP,CATECHOL,HR,0.5120703719079043
HRBP,CATECHOL,HR,0.5120703719079043
HRBP,CATECHOL,HR,0.5120703719079043
HRBP,CATECHOL,HR,0.5120703719079043
HRBP,HR,KINKEDTUBE,0.0
HRBP,HR,KINKEDTUBE,0.0
HRBP,HR,KINKEDTUBE,0.0
HRBP,HR,KINKEDTUBE,0.0
HRBP,HR,KINKEDTUBE,0.0
HRBP,HR,KINKEDTUBE,0.0
HRBP,HR,KINKEDTUBE,0.0
HRBP,HR,KINKEDTUBE,0.0
HRBP,HR,KINKEDTUBE,0.0
HRBP,HR,KINKEDTUBE,0.0
HRBP,HR,KINKEDTUBE,0.0
HRBP,HR,KINKEDTUBE,0.0
HRBP,HR,KINKEDTUBE,0.0
HRBP,HR,KINKEDTUBE,0.0
HRBP,HR,KINKEDTUBE,0.0
HRBP,HR,KINKEDTUBE,0.0
HRBP,HR,KINKEDTUBE,0.0
HRBP,HR,KINKEDTUBE,0.0
HRBP,HR,KINKEDTUBE,0.0
HRBP,HR,KINKEDTUBE,0.0
HRBP,HR,KINKEDTUBE,0.0
HRBP,CO,HR,0.10305764089233255
HRBP,CO,HR,0.10305764089233255
HRBP,CO,HR,0.10305764089233255
HRBP,CO,HR,0.10305764089233255
HRBP,CO,HR,0.10305764089233255
HRBP,CO,HR,0.10305764089233255
HRBP,CO,HR,0.10305764089233255
HRBP,CO,HR,0.10305764089233255
HRBP,CO,HR,0.10305764089233255
HRBP,CO,HR,0.10305764089233255
HRBP,CO,HR,0.10305764089233255
HRBP,CO,HR,0.10305764089233255
HRBP,CO,HR,0.10305764089233255
HRBP,BP,HR,0.560171000837622
HRBP,BP,HR,0.560171000837622
HRBP,BP,HR,0.560171000837622
HRBP,BP,HR,0.560171000837622
HRBP,BP,HR,0.560171000837622
HRBP,BP,HR,0.560171000837622
HRBP,BP,HR,0.560171000837622
HRBP,BP,HR,0.560171000837622
HRBP,BP,HR,0.560171000837622
HRBP,BP,HR,0.560171000837622
HRBP,BP,HR,0.560171000837622
HRBP,BP,HR,0.560171000837622
HRBP,BP,HR,0.560171000837622
HREKG,ERRCAUTER,HRBP,0.0
HREKG,ERRCAUTER,HRBP,0.0
HREKG,ERRCAUTER,HRBP,0.0
HREKG,ERRCAUTER,HRBP,0.0
HREKG,ERRCAUTER,HRBP,0.0
HREKG,ERRCAUTER,HRBP,0.0
HREKG,ERRCAUTER,HRBP,0.0
HREKG,ERRCAUTER,HRBP,0.0
HREKG,ERRCAUTER,HRBP,0.0
HREKG,ERRCAUTER,HRBP,0.0
HREKG,ERRCAUTER,HRBP,0.0
HREKG,ERRCAUTER,HRBP,0.0
HREKG,ERRCAUTER,HRBP,0.0
HREKG,ERRCAUTER,HRBP,0.0
HREKG,ERRCAUTER,HRBP,0.0
HREKG,ERRCAUTER,HRBP,0.0
HREKG,ERRCAUTER,HRBP,0.0
HREKG,ERRCAUTER,HRBP,0.0
HREKG,ERRCAUTER,HRBP,0.0
HREKG,ERRCAUTER,HRBP,0.0
HREKG,ERRCAUTER,HRBP,0.0
HREKG,HRSAT,HRBP,0.0
HREKG,HRSAT,HRBP,0.0
HREKG,HRSAT,HRBP,0.0
HREKG,HRSAT,HRBP,0.0
HREKG,HRSAT,HRBP,0.0
HREKG,HRSAT,HRBP,0.0
HREKG,HRSAT,HRBP,0.0
HREKG,HRSAT,HRBP,0.0
HREKG,HRSAT,HRBP,0.0
HREKG,HRSAT,HRBP,0.0
HREKG,HRSAT,HRBP,0.0
HREKG,HRSAT,HRBP,0.0
HREKG,HRSAT,HRBP,0.0
HREKG,HRSAT,HRBP,0.0
HREKG,HRSAT,HRBP,0.0
HREKG,HRSAT,HRBP,0.0
HREKG,HRSAT,HRBP,0.0
HREKG,HRSAT,HRBP,0.0
HREKG,HRSAT,HRBP,0.0
HREKG,HRSAT,HRBP,0.0
HREKG,HRSAT,HRBP,0.0
HREKG,ANAPHYLAXIS,INTUBATION,0.2941557923640446
HREKG,TPR,CATECHOL,0.8258783188401816
HREKG,TPR,CATECHOL,0.8258783188401816
HREKG,TPR,CATECHOL,0.8258783188401816
HREKG,TPR,CATECHOL,0.8258783188401816
HREKG,TPR,CATECHOL,0.8258783188401816
HREKG,TPR,CATECHOL,0.8258783188401816
HREKG,TPR,CATECHOL,0.8258783188401816
HREKG,EXPCO2,CATECHOL,0.895715781397516
HREKG,EXPCO2,CATECHOL,0.895715781397516
HREKG,EXPCO2,CATECHOL,0.895715781397516
HREKG,EXPCO2,CATECHOL,0.895715781397516
HREKG,EXPCO2,CATECHOL,0.895715781397516
HREKG,EXPCO2,CATECHOL,0.895715781397516
HREKG,EXPCO2,CATECHOL,0.895715781397516
HREKG,MINVOL,CATECHOL,0.617377206841784
HREKG,MINVOL,CATECHOL,0.617377206841784
HREKG,MINVOL,CATECHOL,0.617377206841784
HREKG,MINVOL,CATECHOL,0.617377206841784
HREKG,MINVOL,CATECHOL,0.617377206841784
HREKG,MINVOL,CATECHOL,0.617377206841784
HREKG,MINVOL,CATECHOL,0.617377206841784
HREKG,PVSAT,CATECHOL,0.597613904260871
HREKG,PVSAT,CATECHOL,0.597613904260871
HREKG,PVSAT,CATECHOL,0.597613904260871
HREKG,PVSAT,CATECHOL,0.597613904260871
HREKG,PVSAT,CATECHOL,0.597613904260871
HREKG,PVSAT,CATECHOL,0.597613904260871
HREKG,PVSAT,CATECHOL,0.597613904260871
HREKG,PVSAT,CATECHOL,0.597613904260871
HREKG,SAO2,CATECHOL,0.2558609368601016
HREKG,SAO2,CATECHOL,0.2558609368601016
HREKG,SAO2,CATECHOL,0.2558609368601016
HREKG,SAO2,CATECHOL,0.2558609368601016
HREKG,SAO2,CATECHOL,0.2558609368601016
HREKG,SAO2,CATECHOL,0.2558609368601016
HREKG,SAO2,CATECHOL,0.2558609368601016
HREKG,INTUBATION,MINVOLSET,0.0585922026430496
HREKG,INTUBATION,MINVOLSET,0.0585922026430496
HREKG,PRESS,MINVOL,0.2045929167078143
HREKG,PRESS,MINVOL,0.2045929167078143
HREKG,PRESS,MINVOL,0.2045929167078143
HREKG,PRESS,MINVOL,0.2045929167078143
HREKG,PRESS,MINVOL,0.2045929167078143
HREKG,DISCONNECT,MINVOL,0.504340665628308
HREKG,DISCONNECT,MINVOL,0.504340665628308
HREKG,DISCONNECT,MINVOL,0.504340665628308
HREKG,DISCONNECT,MINVOL,0.504340665628308
HREKG,DISCONNECT,MINVOL,0.504340665628308
HREKG,MINVOLSET,MINVOL,0.051476682811589555
HREKG,MINVOLSET,MINVOL,0.051476682811589555
HREKG,MINVOLSET,MINVOL,0.051476682811589555
HREKG,MINVOLSET,MINVOL,0.051476682811589555
HREKG,VENTMACH,CATECHOL,0.3815638497130782
HREKG,VENTMACH,CATECHOL,0.3815638497130782
HREKG,VENTMACH,CATECHOL,0.3815638497130782
HREKG,VENTMACH,CATECHOL,0.3815638497130782
HREKG,VENTMACH,CATECHOL,0.3815638497130782
HREKG,VENTMACH,CATECHOL,0.3815638497130782
HREKG,VENTMACH,CATECHOL,0.3815638497130782
HREKG,VENTMACH,CATECHOL,0.3815638497130782
HREKG,VENTTUBE,CATECHOL,0.632906284562009
HREKG,VENTTUBE,CATECHOL,0.632906284562009
HREKG,VENTTUBE,CATECHOL,0.632906284562009
HREKG,VENTTUBE,CATECHOL,0.632906284562009
HREKG,VENTTUBE,CATECHOL,0.632906284562009
HREKG,VENTTUBE,CATECHOL,0.632906284562009
HREKG,VENTTUBE,CATECHOL,0.632906284562009
HREKG,VENTTUBE,CATECHOL,0.632906284562009
HREKG,VENTLUNG,CATECHOL,0.9709545817544313
HREKG,VENTLUNG,CATECHOL,0.9709545817544313
HREKG,VENTLUNG,CATECHOL,0.9709545817544313
HREKG,VENTLUNG,CATECHOL,0.9709545817544313
HREKG,VENTLUNG,CATECHOL,0.9709545817544313
HREKG,VENTLUNG,CATECHOL,0.9709545817544313
HREKG,VENTLUNG,CATECHOL,0.9709545817544313
HREKG,VENTLUNG,CATECHOL,0.9709545817544313
HREKG,VENTALV,CATECHOL,0.7421942621033979
HREKG,VENTALV,CATECHOL,0.7421942621033979
HREKG,VENTALV,CATECHOL,0.7421942621033979
HREKG,VENTALV,CATECHOL,0.7421942621033979
HREKG,VENTALV,CATECHOL,0.7421942621033979
HREKG,VENTALV,CATECHOL,0.7421942621033979
HREKG,VENTALV,CATECHOL,0.7421942621033979
HREKG,VENTALV,CATECHOL,0.7421942621033979
HREKG,ARTCO2,CATECHOL,0.7573370290885632
HREKG,ARTCO2,CATECHOL,0.7573370290885632
HREKG,ARTCO2,CATECHOL,0.7573370290885632
HREKG,ARTCO2,CATECHOL,0.7573370290885632
HREKG,ARTCO2,CATECHOL,0.7573370290885632
HREKG,ARTCO2,CATECHOL,0.7573370290885632
HREKG,ARTCO2,CATECHOL,0.7573370290885632
HREKG,ARTCO2,CATECHOL,0.7573370290885632
HREKG,CATECHOL,HR,0.17503832648262965
HREKG,CATECHOL,HR,0.17503832648262965
HREKG,CATECHOL,HR,0.17503832648262965
HREKG,CATECHOL,HR,0.17503832648262965
HREKG,CATECHOL,HR,0.17503832648262965
HREKG,CATECHOL,HR,0.17503832648262965
HREKG,CATECHOL,HR,0.17503832648262965
HREKG,CATECHOL,HR,0.17503832648262965
HREKG,CATECHOL,HR,0.17503832648262965
HREKG,CATECHOL,HR,0.17503832648262965
HREKG,CATECHOL,HR,0.17503832648262965
HREKG,HR,HRBP,0.0
HREKG,HR,HRBP,0.0
HREKG,HR,HRBP,0.0
HREKG,HR,HRBP,0.0
HREKG,HR,HRBP,0.0
HREKG,HR,HRBP,0.0
HREKG,HR,HRBP,0.0
HREKG,HR,HRBP,0.0
HREKG,HR,HRBP,0.0
HREKG,HR,HRBP,0.0
HREKG,HR,HRBP,0.0
HREKG,HR,HRBP,0.0
HREKG,HR,HRBP,0.0
HREKG,HR,HRBP,0.0
HREKG,HR,HRBP,0.0
HREKG,HR,HRBP,0.0
HREKG,HR,HRBP,0.0
HREKG,HR,HRBP,0.0
HREKG,HR,HRBP,0.0
HREKG,HR,HRBP,0.0
HREKG,HR,HRBP,0.0
HREKG,CO,HR,0.7985535660085183
HREKG,CO,HR,0.7985535660085183
HREKG,CO,HR,0.7985535660085183
HREKG,CO,HR,0.7985535660085183
HREKG,CO,HR,0.7985535660085183
HREKG,CO,HR,0.7985535660085183
HREKG,CO,HR,0.7985535660085183
HREKG,CO,HR,0.7985535660085183
HREKG,CO,HR,0.7985535660085183
HREKG,CO,HR,0.7985535660085183
HREKG,CO,HR,0.7985535660085183
HREKG,CO,HR,0.7985535660085183
HREKG,BP,HR,0.6619227172594173
HREKG,BP,HR,0.6619227172594173
HREKG,BP,HR,0.6619227172594173
HREKG,BP,HR,0.6619227172594173
HREKG,BP,HR,0.6619227172594173
HREKG,BP,HR,0.6619227172594173
HREKG,BP,HR,0.6619227172594173
HREKG,BP,HR,0.6619227172594173
HREKG,BP,HR,0.6619227172594173
HREKG,BP,HR,0.6619227172594173
HREKG,BP,HR,0.6619227172594173
HREKG,BP,HR,0.6619227172594173
ERRCAUTER,HRSAT,CATECHOL,0.0
ERRCAUTER,HRSAT,CATECHOL,0.0
ERRCAUTER,CATECHOL,HRSAT,4.378321607938733e-93
ERRCAUTER,CATECHOL,HRSAT,4.378321607938733e-93
HRSAT,ANAPHYLAXIS,EXPCO2,0.2502474502091709
HRSAT,TPR,CATECHOL,0.852797379968506
HRSAT,TPR,CATECHOL,0.852797379968506
HRSAT,TPR,CATECHOL,0.852797379968506
HRSAT,TPR,CATECHOL,0.852797379968506
HRSAT,TPR,CATECHOL,0.852797379968506
HRSAT,TPR,CATECHOL,0.852797379968506
HRSAT,EXPCO2,CATECHOL,0.7428198069828333
HRSAT,EXPCO2,CATECHOL,0.7428198069828333
HRSAT,EXPCO2,CATECHOL,0.7428198069828333
HRSAT,EXPCO2,CATECHOL,0.7428198069828333
HRSAT,EXPCO2,CATECHOL,0.7428198069828333
HRSAT,EXPCO2,CATECHOL,0.7428198069828333
HRSAT,MINVOL,CATECHOL,0.4150362289042058
HRSAT,MINVOL,CATECHOL,0.4150362289042058
HRSAT,MINVOL,CATECHOL,0.4150362289042058
HRSAT,MINVOL,CATECHOL,0.4150362289042058
HRSAT,MINVOL,CATECHOL,0.4150362289042058
HRSAT,MINVOL,CATECHOL,0.4150362289042058
HRSAT,PVSAT,CATECHOL,0.5918628520596396
HRSAT,PVSAT,CATECHOL,0.5918628520596396
HRSAT,PVSAT,CATECHOL,0.5918628520596396
HRSAT,PVSAT,CATECHOL,0.5918628520596396
HRSAT,PVSAT,CATECHOL,0.5918628520596396
HRSAT,PVSAT,CATECHOL,0.5918628520596396
HRSAT,PVSAT,CATECHOL,0.5918628520596396
HRSAT,SAO2,CATECHOL,0.40613128098948936
HRSAT,SAO2,CATECHOL,0.40613128098948936
HRSAT,SAO2,CATECHOL,0.40613128098948936
HRSAT,SAO2,CATECHOL,0.40613128098948936
HRSAT,SAO2,CATECHOL,0.40613128098948936
HRSAT,SAO2,CATECHOL,0.40613128098948936
HRSAT,PRESS,MINVOLSET,0.10363222830651933
HRSAT,PRESS,MINVOLSET,0.10363222830651933
HRSAT,DISCONNECT,MINVOL,0.5972198075622529
HRSAT,DISCONNECT,MINVOL,0.5972198075622529
HRSAT,DISCONNECT,MINVOL,0.5972198075622529
HRSAT,DISCONNECT,MINVOL,0.5972198075622529
HRSAT,MINVOLSET,CATECHOL,0.07604480149793211
HRSAT,MINVOLSET,CATECHOL,0.07604480149793211
HRSAT,MINVOLSET,CATECHOL,0.07604480149793211
HRSAT,MINVOLSET,CATECHOL,0.07604480149793211
HRSAT,MINVOLSET,CATECHOL,0.07604480149793211
HRSAT,MINVOLSET,CATECHOL,0.07604480149793211
HRSAT,VENTMACH,VENTTUBE,0.670893928197418
HRSAT,VENTMACH,VENTTUBE,0.670893928197418
HRSAT,VENTMACH,VENTTUBE,0.670893928197418
HRSAT,VENTMACH,VENTTUBE,0.670893928197418
HRSAT,VENTMACH,VENTTUBE,0.670893928197418
HRSAT,VENTMACH,VENTTUBE,0.670893928197418
HRSAT,VENTMACH,VENTTUBE,0.670893928197418
HRSAT,VENTMACH,VENTTUBE,0.670893928197418
HRSAT,VENTMACH,VENTTUBE,0.670893928197418
HRSAT,VENTMACH,VENTTUBE,0.670893928197418
HRSAT,VENTMACH,VENTTUBE,0.670893928197418
HRSAT,VENTMACH,VENTTUBE,0.670893928197418
HRSAT,VENTMACH,VENTTUBE,0.670893928197418
HRSAT,VENTMACH,VENTTUBE,0.670893928197418
HRSAT,VENTMACH,VENTTUBE,0.670893928197418
HRSAT,VENTMACH,VENTTUBE,0.670893928197418
HRSAT,VENTTUBE,CATECHOL,0.1266227581913505
HRSAT,VENTTUBE,CATECHOL,0.1266227581913505
HRSAT,VENTTUBE,CATECHOL,0.1266227581913505
HRSAT,VENTTUBE,CATECHOL,0.1266227581913505
HRSAT,VENTTUBE,CATECHOL,0.1266227581913505
HRSAT,VENTTUBE,CATECHOL,0.1266227581913505
HRSAT,VENTTUBE,CATECHOL,0.1266227581913505
HRSAT,VENTLUNG,CATECHOL,0.8366282210884197
HRSAT,VENTLUNG,CATECHOL,0.8366282210884197
HRSAT,VENTLUNG,CATECHOL,0.8366282210884197
HRSAT,VENTLUNG,CATECHOL,0.8366282210884197
HRSAT,VENTLUNG,CATECHOL,0.8366282210884197
HRSAT,VENTLUNG,CATECHOL,0.8366282210884197
HRSAT,VENTLUNG,CATECHOL,0.8366282210884197
HRSAT,VENTALV,CATECHOL,0.2944802015317696
HRSAT,VENTALV,CATECHOL,0.2944802015317696
HRSAT,VENTALV,CATECHOL,0.2944802015317696
HRSAT,VENTALV,CATECHOL,0.2944802015317696
HRSAT,VENTALV,CATECHOL,0.2944802015317696
HRSAT,VENTALV,CATECHOL,0.2944802015317696
HRSAT,VENTALV,CATECHOL,0.2944802015317696
HRSAT,ARTCO2,CATECHOL,0.5172268765470539
HRSAT,ARTCO2,CATECHOL,0.5172268765470539
HRSAT,ARTCO2,CATECHOL,0.5172268765470539
HRSAT,ARTCO2,CATECHOL,0.5172268765470539
HRSAT,ARTCO2,CATECHOL,0.5172268765470539
HRSAT,ARTCO2,CATECHOL,0.5172268765470539
HRSAT,ARTCO2,CATECHOL,0.5172268765470539
HRSAT,CATECHOL,HR,0.07971627992881951
HRSAT,CATECHOL,HR,0.07971627992881951
HRSAT,CATECHOL,HR,0.07971627992881951
HRSAT,CATECHOL,HR,0.07971627992881951
HRSAT,CATECHOL,HR,0.07971627992881951
HRSAT,CATECHOL,HR,0.07971627992881951
HRSAT,CATECHOL,HR,0.07971627992881951
HRSAT,CATECHOL,HR,0.07971627992881951
HRSAT,CATECHOL,HR,0.07971627992881951
HRSAT,CATECHOL,HR,0.07971627992881951
HRSAT,HR,HRBP,0.0
HRSAT,HR,HRBP,0.0
HRSAT,HR,HRBP,0.0
HRSAT,HR,HRBP,0.0
HRSAT,HR,HRBP,0.0
HRSAT,HR,HRBP,0.0
HRSAT,HR,HRBP,0.0
HRSAT,HR,HRBP,0.0
HRSAT,HR,HRBP,0.0
HRSAT,HR,HRBP,0.0
HRSAT,HR,HRBP,0.0
HRSAT,HR,HRBP,0.0
HRSAT,HR,HRBP,0.0
HRSAT,HR,HRBP,0.0
HRSAT,HR,HRBP,0.0
HRSAT,HR,HRBP,0.0
HRSAT,HR,HRBP,0.0
HRSAT,HR,HRBP,0.0
HRSAT,HR,HRBP,0.0
HRSAT,HR,HRBP,0.0
HRSAT,CO,HR,0.7604506701390136
HRSAT,CO,HR,0.7604506701390136
HRSAT,CO,HR,0.7604506701390136
HRSAT,CO,HR,0.7604506701390136
HRSAT,CO,HR,0.7604506701390136
HRSAT,CO,HR,0.7604506701390136
HRSAT,CO,HR,0.7604506701390136
HRSAT,CO,HR,0.7604506701390136
HRSAT,CO,HR,0.7604506701390136
HRSAT,CO,HR,0.7604506701390136
HRSAT,CO,HR,0.7604506701390136
HRSAT,BP,HR,0.9905146081486967
HRSAT,BP,HR,0.9905146081486967
HRSAT,BP,HR,0.9905146081486967
HRSAT,BP,HR,0.9905146081486967
HRSAT,BP,HR,0.9905146081486967
HRSAT,BP,HR,0.9905146081486967
HRSAT,BP,HR,0.9905146081486967
HRSAT,BP,HR,0.9905146081486967
HRSAT,BP,HR,0.9905146081486967
HRSAT,BP,HR,0.9905146081486967
HRSAT,BP,HR,0.9905146081486967
ANAPHYLAXIS,TPR,CATECHOL,1.5161835956086114e-82
ANAPHYLAXIS,TPR,CATECHOL,1.5161835956086114e-82
ANAPHYLAXIS,TPR,CATECHOL,1.5161835956086114e-82
ANAPHYLAXIS,TPR,CATECHOL,1.5161835956086114e-82
ANAPHYLAXIS,TPR,CATECHOL,1.5161835956086114e-82
ANAPHYLAXIS,TPR,CATECHOL,1.5161835956086114e-82
ANAPHYLAXIS,TPR,CATECHOL,1.5161835956086114e-82
ANAPHYLAXIS,TPR,CATECHOL,1.5161835956086114e-82
ANAPHYLAXIS,MINVOLSET,HREKG,0.3523032793942284
ANAPHYLAXIS,CATECHOL,TPR,0.09714406016328517
ANAPHYLAXIS,CATECHOL,TPR,0.09714406016328517
ANAPHYLAXIS,CATECHOL,TPR,0.09714406016328517
ANAPHYLAXIS,CATECHOL,TPR,0.09714406016328517
ANAPHYLAXIS,CATECHOL,TPR,0.09714406016328517
ANAPHYLAXIS,HR,HREKG,0.5970595076113066
ANAPHYLAXIS,CO,HREKG,0.34747964434461165
ANAPHYLAXIS,BP,TPR,0.9398435512507263
ANAPHYLAXIS,BP,TPR,0.9398435512507263
ANAPHYLAXIS,BP,TPR,0.9398435512507263
ANAPHYLAXIS,BP,TPR,0.9398435512507263
ANAPHYLAXIS,BP,TPR,0.9398435512507263
TPR,CATECHOL,HRBP,0.0
TPR,CATECHOL,HRBP,0.0
TPR,CATECHOL,HRBP,0.0
TPR,CATECHOL,HRBP,0.0
TPR,CATECHOL,HRBP,0.0
TPR,CATECHOL,HRBP,0.0
TPR,CATECHOL,HRBP,0.0
TPR,HR,CATECHOL,0.5079568231361968
TPR,HR,CATECHOL,0.5079568231361968
TPR,HR,CATECHOL,0.5079568231361968
TPR,HR,CATECHOL,0.5079568231361968
TPR,HR,CATECHOL,0.5079568231361968
TPR,HR,CATECHOL,0.5079568231361968
TPR,HR,CATECHOL,0.5079568231361968
TPR,CO,HR,0.968927474738019
TPR,CO,HR,0.968927474738019
TPR,CO,HR,0.968927474738019
TPR,BP,CATECHOL,0.0
TPR,BP,CATECHOL,0.0
TPR,BP,CATECHOL,0.0
TPR,BP,CATECHOL,0.0
TPR,BP,CATECHOL,0.0
TPR,BP,CATECHOL,0.0
TPR,BP,CATECHOL,0.0
EXPCO2,KINKEDTUBE,VENTLUNG,0.2627089949670528
EXPCO2,KINKEDTUBE,VENTLUNG,0.2627089949670528
EXPCO2,KINKEDTUBE,VENTLUNG,0.2627089949670528
EXPCO2,KINKEDTUBE,VENTLUNG,0.2627089949670528
EXPCO2,KINKEDTUBE,VENTLUNG,0.2627089949670528
EXPCO2,KINKEDTUBE,VENTLUNG,0.2627089949670528
EXPCO2,KINKEDTUBE,VENTLUNG,0.2627089949670528
EXPCO2,KINKEDTUBE,VENTLUNG,0.2627089949670528
EXPCO2,KINKEDTUBE,VENTLUNG,0.2627089949670528
EXPCO2,KINKEDTUBE,VENTLUNG,0.2627089949670528
EXPCO2,KINKEDTUBE,VENTLUNG,0.2627089949670528
EXPCO2,KINKEDTUBE,VENTLUNG,0.2627089949670528
EXPCO2,KINKEDTUBE,VENTLUNG,0.2627089949670528
EXPCO2,KINKEDTUBE,VENTLUNG,0.2627089949670528
EXPCO2,KINKEDTUBE,VENTLUNG,0.2627089949670528
EXPCO2,KINKEDTUBE,VENTLUNG,0.2627089949670528
EXPCO2,KINKEDTUBE,VENTLUNG,0.2627089949670528
EXPCO2,MINVOL,HRBP,0.0
EXPCO2,MINVOL,HRBP,0.0
EXPCO2,MINVOL,HRBP,0.0
EXPCO2,MINVOL,HRBP,0.0
EXPCO2,MINVOL,HRBP,0.0
EXPCO2,MINVOL,HRBP,0.0
EXPCO2,MINVOL,HRBP,0.0
EXPCO2,MINVOL,HRBP,0.0
EXPCO2,MINVOL,HRBP,0.0
EXPCO2,MINVOL,HRBP,0.0
EXPCO2,MINVOL,HRBP,0.0
EXPCO2,MINVOL,HRBP,0.0
EXPCO2,MINVOL,HRBP,0.0
EXPCO2,MINVOL,HRBP,0.0
EXPCO2,MINVOL,HRBP,0.0
EXPCO2,MINVOL,HRBP,0.0
EXPCO2,MINVOL,HRBP,0.0
EXPCO2,MINVOL,HRBP,0.0
EXPCO2,MINVOL,HRBP,0.0
EXPCO2,PVSAT,HRBP,8.910639346013308e-119
EXPCO2,PVSAT,HRBP,8.910639346013308e-119
EXPCO2,PVSAT,HRBP,8.910639346013308e-119
EXPCO2,PVSAT,HRBP,8.910639346013308e-119
EXPCO2,PVSAT,HRBP,8.910639346013308e-119
EXPCO2,PVSAT,HRBP,8.910639346013308e-119
EXPCO2,PVSAT,HRBP,8.910639346013308e-119
EXPCO2,PVSAT,HRBP,8.910639346013308e-119
EXPCO2,PVSAT,HRBP,8.910639346013308e-119
EXPCO2,PVSAT,HRBP,8.910639346013308e-119
EXPCO2,PVSAT,HRBP,8.910639346013308e-119
EXPCO2,PVSAT,HRBP,8.910639346013308e-119
EXPCO2,PVSAT,HRBP,8.910639346013308e-119
EXPCO2,PVSAT,HRBP,8.910639346013308e-119
EXPCO2,PVSAT,HRBP,8.910639346013308e-119
EXPCO2,PVSAT,HRBP,8.910639346013308e-119
EXPCO2,PVSAT,HRBP,8.910639346013308e-119
EXPCO2,PVSAT,HRBP,8.910639346013308e-119
EXPCO2,PVSAT,HRBP,8.910639346013308e-119
EXPCO2,SAO2,HRBP,3.9868772577555296e-104
EXPCO2,SAO2,HRBP,3.9868772577555296e-104
EXPCO2,SAO2,HRBP,3.9868772577555296e-104
EXPCO2,SAO2,HRBP,3.9868772577555296e-104
EXPCO2,SAO2,HRBP,3.9868772577555296e-104
EXPCO2,SAO2,HRBP,3.9868772577555296e-104
EXPCO2,SAO2,HRBP,3.9868772577555296e-104
EXPCO2,SAO2,HRBP,3.9868772577555296e-104
EXPCO2,SAO2,HRBP,3.9868772577555296e-104
EXPCO2,SAO2,HRBP,3.9868772577555296e-104
EXPCO2,SAO2,HRBP,3.9868772577555296e-104
EXPCO2,SAO2,HRBP,3.9868772577555296e-104
EXPCO2,SAO2,HRBP,3.9868772577555296e-104
EXPCO2,SAO2,HRBP,3.9868772577555296e-104
EXPCO2,SAO2,HRBP,3.9868772577555296e-104
EXPCO2,SAO2,HRBP,3.9868772577555296e-104
EXPCO2,SAO2,HRBP,3.9868772577555296e-104
EXPCO2,SAO2,HRBP,3.9868772577555296e-104
EXPCO2,SAO2,HRBP,3.9868772577555296e-104
EXPCO2,SHUNT,INTUBATION,0.8407713320043587
EXPCO2,INTUBATION,HRBP,0.0
EXPCO2,INTUBATION,HRBP,0.0
EXPCO2,INTUBATION,HRBP,0.0
EXPCO2,INTUBATION,HRBP,0.0
EXPCO2,INTUBATION,HRBP,0.0
EXPCO2,INTUBATION,HRBP,0.0
EXPCO2,INTUBATION,HRBP,0.0
EXPCO2,INTUBATION,HRBP,0.0
EXPCO2,INTUBATION,HRBP,0.0
EXPCO2,INTUBATION,HRBP,0.0
EXPCO2,INTUBATION,HRBP,0.0
EXPCO2,INTUBATION,HRBP,0.0
EXPCO2,INTUBATION,HRBP,0.0
EXPCO2,INTUBATION,HRBP,0.0
EXPCO2,INTUBATION,HRBP,0.0
EXPCO2,INTUBATION,HRBP,0.0
EXPCO2,INTUBATION,HRBP,0.0
EXPCO2,INTUBATION,HRBP,0.0
EXPCO2,INTUBATION,HRBP,0.0
EXPCO2,PRESS,HRBP,1.3844355555182458e-91
EXPCO2,PRESS,HRBP,1.3844355555182458e-91
EXPCO2,PRESS,HRBP,1.3844355555182458e-91
EXPCO2,PRESS,HRBP,1.3844355555182458e-91
EXPCO2,PRESS,HRBP,1.3844355555182458e-91
EXPCO2,PRESS,HRBP,1.3844355555182458e-91
EXPCO2,PRESS,HRBP,1.3844355555182458e-91
EXPCO2,PRESS,HRBP,1.3844355555182458e-91
EXPCO2,PRESS,HRBP,1.3844355555182458e-91
EXPCO2,PRESS,HRBP,1.3844355555182458e-91
EXPCO2,PRESS,HRBP,1.3844355555182458e-91
EXPCO2,PRESS,HRBP,1.3844355555182458e-91
EXPCO2,PRESS,HRBP,1.3844355555182458e-91
EXPCO2,PRESS,HRBP,1.3844355555182458e-91
EXPCO2,PRESS,HRBP,1.3844355555182458e-91
EXPCO2,PRESS,HRBP,1.3844355555182458e-91
EXPCO2,PRESS,HRBP,1.3844355555182458e-91
EXPCO2,PRESS,HRBP,1.3844355555182458e-91
EXPCO2,PRESS,HRBP,1.3844355555182458e-91
EXPCO2,DISCONNECT,VENTTUBE,0.5719457260304113
EXPCO2,DISCONNECT,VENTTUBE,0.5719457260304113
EXPCO2,DISCONNECT,VENTTUBE,0.5719457260304113
EXPCO2,DISCONNECT,VENTTUBE,0.5719457260304113
EXPCO2,DISCONNECT,VENTTUBE,0.5719457260304113
EXPCO2,DISCONNECT,VENTTUBE,0.5719457260304113
EXPCO2,DISCONNECT,VENTTUBE,0.5719457260304113
EXPCO2,DISCONNECT,VENTTUBE,0.5719457260304113
EXPCO2,DISCONNECT,VENTTUBE,0.5719457260304113
EXPCO2,DISCONNECT,VENTTUBE,0.5719457260304113
EXPCO2,DISCONNECT,VENTTUBE,0.5719457260304113
EXPCO2,DISCONNECT,VENTTUBE,0.5719457260304113
EXPCO2,DISCONNECT,VENTTUBE,0.5719457260304113
EXPCO2,DISCONNECT,VENTTUBE,0.5719457260304113
EXPCO2,DISCONNECT,VENTTUBE,0.5719457260304113
EXPCO2,MINVOLSET,HRBP,2.1945780075413463e-59
EXPCO2,MINVOLSET,HRBP,2.1945780075413463e-59
EXPCO2,MINVOLSET,HRBP,2.1945780075413463e-59
EXPCO2,MINVOLSET,HRBP,2.1945780075413463e-59
EXPCO2,MINVOLSET,HRBP,2.1945780075413463e-59
EXPCO2,MINVOLSET,HRBP,2.1945780075413463e-59
EXPCO2,MINVOLSET,HRBP,2.1945780075413463e-59
EXPCO2,MINVOLSET,HRBP,2.1945780075413463e-59
EXPCO2,MINVOLSET,HRBP,2.1945780075413463e-59
EXPCO2,MINVOLSET,HRBP,2.1945780075413463e-59
EXPCO2,MINVOLSET,HRBP,2.1945780075413463e-59
EXPCO2,MINVOLSET,HRBP,2.1945780075413463e-59
EXPCO2,MINVOLSET,HRBP,2.1945780075413463e-59
EXPCO2,MINVOLSET,HRBP,2.1945780075413463e-59
EXPCO2,MINVOLSET,HRBP,2.1945780075413463e-59
EXPCO2,MINVOLSET,HRBP,2.1945780075413463e-59
EXPCO2,MINVOLSET,HRBP,2.1945780075413463e-59
EXPCO2,MINVOLSET,HRBP,2.1945780075413463e-59
EXPCO2,MINVOLSET,HRBP,2.1945780075413463e-59
EXPCO2,VENTMACH,VENTTUBE,0.4754461982779543
EXPCO2,VENTMACH,VENTTUBE,0.4754461982779543
EXPCO2,VENTMACH,VENTTUBE,0.4754461982779543
EXPCO2,VENTMACH,VENTTUBE,0.4754461982779543
EXPCO2,VENTMACH,VENTTUBE,0.4754461982779543
EXPCO2,VENTMACH,VENTTUBE,0.4754461982779543
EXPCO2,VENTMACH,VENTTUBE,0.4754461982779543
EXPCO2,VENTMACH,VENTTUBE,0.4754461982779543
EXPCO2,VENTMACH,VENTTUBE,0.4754461982779543
EXPCO2,VENTMACH,VENTTUBE,0.4754461982779543
EXPCO2,VENTMACH,VENTTUBE,0.4754461982779543
EXPCO2,VENTMACH,VENTTUBE,0.4754461982779543
EXPCO2,VENTMACH,VENTTUBE,0.4754461982779543
EXPCO2,VENTMACH,VENTTUBE,0.4754461982779543
EXPCO2,VENTMACH,VENTTUBE,0.4754461982779543
EXPCO2,VENTTUBE,HRBP,0.0
EXPCO2,VENTTUBE,HRBP,0.0
EXPCO2,VENTTUBE,HRBP,0.0
EXPCO2,VENTTUBE,HRBP,0.0
EXPCO2,VENTTUBE,HRBP,0.0
EXPCO2,VENTTUBE,HRBP,0.0
EXPCO2,VENTTUBE,HRBP,0.0
EXPCO2,VENTTUBE,HRBP,0.0
EXPCO2,VENTTUBE,HRBP,0.0
EXPCO2,VENTTUBE,HRBP,0.0
EXPCO2,VENTTUBE,HRBP,0.0
EXPCO2,VENTTUBE,HRBP,0.0
EXPCO2,VENTTUBE,HRBP,0.0
EXPCO2,VENTTUBE,HRBP,0.0
EXPCO2,VENTTUBE,HRBP,0.0
EXPCO2,VENTTUBE,HRBP,0.0
EXPCO2,VENTTUBE,HRBP,0.0
EXPCO2,VENTTUBE,HRBP,0.0
EXPCO2,VENTTUBE,HRBP,0.0
EXPCO2,VENTLUNG,HRBP,0.0
EXPCO2,VENTLUNG,HRBP,0.0
EXPCO2,VENTLUNG,HRBP,0.0
EXPCO2,VENTLUNG,HRBP,0.0
EXPCO2,VENTLUNG,HRBP,0.0
EXPCO2,VENTLUNG,HRBP,0.0
EXPCO2,VENTLUNG,HRBP,0.0
EXPCO2,VENTLUNG,HRBP,0.0
EXPCO2,VENTLUNG,HRBP,0.0
EXPCO2,VENTLUNG,HRBP,0.0
EXPCO2,VENTLUNG,HRBP,0.0
EXPCO2,VENTLUNG,HRBP,0.0
EXPCO2,VENTLUNG,HRBP,0.0
EXPCO2,VENTLUNG,HRBP,0.0
EXPCO2,VENTLUNG,HRBP,0.0
EXPCO2,VENTLUNG,HRBP,0.0
EXPCO2,VENTLUNG,HRBP,0.0
EXPCO2,VENTLUNG,HRBP,0.0
EXPCO2,VENTLUNG,HRBP,0.0
EXPCO2,VENTALV,HRBP,0.0
EXPCO2,VENTALV,HRBP,0.0
EXPCO2,VENTALV,HRBP,0.0
EXPCO2,VENTALV,HRBP,0.0
EXPCO2,VENTALV,HRBP,0.0
EXPCO2,VENTALV,HRBP,0.0
EXPCO2,VENTALV,HRBP,0.0
EXPCO2,VENTALV,HRBP,0.0
EXPCO2,VENTALV,HRBP,0.0
EXPCO2,VENTALV,HRBP,0.0
EXPCO2,VENTALV,HRBP,0.0
EXPCO2,VENTALV,HRBP,0.0
EXPCO2,VENTALV,HRBP,0.0
EXPCO2,VENTALV,HRBP,0.0
EXPCO2,VENTALV,HRBP,0.0
EXPCO2,VENTALV,HRBP,0.0
EXPCO2,VENTALV,HRBP,0.0
EXPCO2,VENTALV,HRBP,0.0
EXPCO2,VENTALV,HRBP,0.0
EXPCO2,ARTCO2,HRBP,0.0
EXPCO2,ARTCO2,HRBP,0.0
EXPCO2,ARTCO2,HRBP,0.0
EXPCO2,ARTCO2,HRBP,0.0
EXPCO2,ARTCO2,HRBP,0.0
EXPCO2,ARTCO2,HRBP,0.0
EXPCO2,ARTCO2,HRBP,0.0
EXPCO2,ARTCO2,HRBP,0.0
EXPCO2,ARTCO2,HRBP,0.0
EXPCO2,ARTCO2,HRBP,0.0
EXPCO2,ARTCO2,HRBP,0.0
EXPCO2,ARTCO2,HRBP,0.0
EXPCO2,ARTCO2,HRBP,0.0
EXPCO2,ARTCO2,HRBP,0.0
EXPCO2,ARTCO2,HRBP,0.0
EXPCO2,ARTCO2,HRBP,0.0
EXPCO2,ARTCO2,HRBP,0.0
EXPCO2,ARTCO2,HRBP,0.0
EXPCO2,ARTCO2,HRBP,0.0
EXPCO2,CATECHOL,ARTCO2,0.12341977681656882
EXPCO2,CATECHOL,ARTCO2,0.12341977681656882
EXPCO2,CATECHOL,ARTCO2,0.12341977681656882
EXPCO2,CATECHOL,ARTCO2,0.12341977681656882
EXPCO2,CATECHOL,ARTCO2,0.12341977681656882
EXPCO2,CATECHOL,ARTCO2,0.12341977681656882
EXPCO2,CATECHOL,ARTCO2,0.12341977681656882
EXPCO2,HR,CATECHOL,0.8053020201335889
EXPCO2,HR,CATECHOL,0.8053020201335889
EXPCO2,HR,CATECHOL,0.8053020201335889
EXPCO2,HR,CATECHOL,0.8053020201335889
EXPCO2,HR,CATECHOL,0.8053020201335889
EXPCO2,HR,CATECHOL,0.8053020201335889
EXPCO2,CO,CATECHOL,0.4075173638983722
EXPCO2,CO,CATECHOL,0.4075173638983722
EXPCO2,CO,CATECHOL,0.4075173638983722
EXPCO2,CO,CATECHOL,0.4075173638983722
EXPCO2,CO,CATECHOL,0.4075173638983722
EXPCO2,CO,CATECHOL,0.4075173638983722
KINKEDTUBE,MINVOL,CATECHOL,8.469225265443959e-51
KINKEDTUBE,MINVOL,CATECHOL,8.469225265443959e-51
KINKEDTUBE,MINVOL,CATECHOL,8.469225265443959e-51
KINKEDTUBE,MINVOL,CATECHOL,8.469225265443959e-51
KINKEDTUBE,MINVOL,CATECHOL,8.469225265443959e-51
KINKEDTUBE,MINVOL,CATECHOL,8.469225265443959e-51
KINKEDTUBE,MINVOL,CATECHOL,8.469225265443959e-51
KINKEDTUBE,MINVOL,CATECHOL,8.469225265443959e-51
KINKEDTUBE,MINVOL,CATECHOL,8.469225265443959e-51
KINKEDTUBE,MINVOL,CATECHOL,8.469225265443959e-51
KINKEDTUBE,PVSAT,VENTALV,0.554052798625071
KINKEDTUBE,SAO2,VENTALV,0.8833198196954193
KINKEDTUBE,PRESS,CATECHOL,1.7665506469553455e-182
KINKEDTUBE,PRESS,CATECHOL,1.7665506469553455e-182
KINKEDTUBE,PRESS,CATECHOL,1.7665506469553455e-182
KINKEDTUBE,PRESS,CATECHOL,1.7665506469553455e-182
KINKEDTUBE,PRESS,CATECHOL,1.7665506469553455e-182
KINKEDTUBE,PRESS,CATECHOL,1.7665506469553455e-182
KINKEDTUBE,PRESS,CATECHOL,1.7665506469553455e-182
KINKEDTUBE,PRESS,CATECHOL,1.7665506469553455e-182
KINKEDTUBE,PRESS,CATECHOL,1.7665506469553455e-182
KINKEDTUBE,PRESS,CATECHOL,1.7665506469553455e-182
KINKEDTUBE,VENTLUNG,CATECHOL,4.633053260272557e-71
KINKEDTUBE,VENTLUNG,CATECHOL,4.633053260272557e-71
KINKEDTUBE,VENTLUNG,CATECHOL,4.633053260272557e-71
KINKEDTUBE,VENTLUNG,CATECHOL,4.633053260272557e-71
KINKEDTUBE,VENTLUNG,CATECHOL,4.633053260272557e-71
KINKEDTUBE,VENTLUNG,CATECHOL,4.633053260272557e-71
KINKEDTUBE,VENTLUNG,CATECHOL,4.633053260272557e-71
KINKEDTUBE,VENTLUNG,CATECHOL,4.633053260272557e-71
KINKEDTUBE,VENTLUNG,CATECHOL,4.633053260272557e-71
KINKEDTUBE,VENTLUNG,CATECHOL,4.633053260272557e-71
KINKEDTUBE,VENTALV,CATECHOL,4.597593257852796e-49
KINKEDTUBE,VENTALV,CATECHOL,4.597593257852796e-49
KINKEDTUBE,VENTALV,CATECHOL,4.597593257852796e-49
KINKEDTUBE,VENTALV,CATECHOL,4.597593257852796e-49
KINKEDTUBE,VENTALV,CATECHOL,4.597593257852796e-49
KINKEDTUBE,VENTALV,CATECHOL,4.597593257852796e-49
KINKEDTUBE,VENTALV,CATECHOL,4.597593257852796e-49
KINKEDTUBE,VENTALV,CATECHOL,4.597593257852796e-49
KINKEDTUBE,VENTALV,CATECHOL,4.597593257852796e-49
KINKEDTUBE,VENTALV,CATECHOL,4.597593257852796e-49
KINKEDTUBE,ARTCO2,VENTALV,0.05352745524439074
KINKEDTUBE,CATECHOL,VENTALV,0.2658580362886231
KINKEDTUBE,HR,VENTALV,0.7949345466223636
MINVOL,FIO2,INTUBATION,0.10668849841139738
MINVOL,PVSAT,HRBP,0.0
MINVOL,PVSAT,HRBP,0.0
MINVOL,PVSAT,HRBP,0.0
MINVOL,PVSAT,HRBP,0.0
MINVOL,PVSAT,HRBP,0.0
MINVOL,PVSAT,HRBP,0.0
MINVOL,PVSAT,HRBP,0.0
MINVOL,PVSAT,HRBP,0.0
MINVOL,PVSAT,HRBP,0.0
MINVOL,PVSAT,HRBP,0.0
MINVOL,PVSAT,HRBP,0.0
MINVOL,PVSAT,HRBP,0.0
MINVOL,PVSAT,HRBP,0.0
MINVOL,PVSAT,HRBP,0.0
MINVOL,PVSAT,HRBP,0.0
MINVOL,PVSAT,HRBP,0.0
MINVOL,PVSAT,HRBP,0.0
MINVOL,PVSAT,HRBP,0.0
MINVOL,PVSAT,HRBP,0.0
MINVOL,PVSAT,HRBP,0.0
MINVOL,PVSAT,HRBP,0.0
MINVOL,SAO2,HRBP,0.0
MINVOL,SAO2,HRBP,0.0
MINVOL,SAO2,HRBP,0.0
MINVOL,SAO2,HRBP,0.0
MINVOL,SAO2,HRBP,0.0
MINVOL,SAO2,HRBP,0.0
MINVOL,SAO2,HRBP,0.0
MINVOL,SAO2,HRBP,0.0
MINVOL,SAO2,HRBP,0.0
MINVOL,SAO2,HRBP,0.0
MINVOL,SAO2,HRBP,0.0
MINVOL,SAO2,HRBP,0.0
MINVOL,SAO2,HRBP,0.0
MINVOL,SAO2,HRBP,0.0
MINVOL,SAO2,HRBP,0.0
MINVOL,SAO2,HRBP,0.0
MINVOL,SAO2,HRBP,0.0
MINVOL,SAO2,HRBP,0.0
MINVOL,SAO2,HRBP,0.0
MINVOL,SAO2,HRBP,0.0
MINVOL,SAO2,HRBP,0.0
MINVOL,SHUNT,INTUBATION,0.14422016464209314
MINVOL,INTUBATION,HRBP,0.0
MINVOL,INTUBATION,HRBP,0.0
MINVOL,INTUBATION,HRBP,0.0
MINVOL,INTUBATION,HRBP,0.0
MINVOL,INTUBATION,HRBP,0.0
MINVOL,INTUBATION,HRBP,0.0
MINVOL,INTUBATION,HRBP,0.0
MINVOL,INTUBATION,HRBP,0.0
MINVOL,INTUBATION,HRBP,0.0
MINVOL,INTUBATION,HRBP,0.0
MINVOL,INTUBATION,HRBP,0.0
MINVOL,INTUBATION,HRBP,0.0
MINVOL,INTUBATION,HRBP,0.0
MINVOL,INTUBATION,HRBP,0.0
MINVOL,INTUBATION,HRBP,0.0
MINVOL,INTUBATION,HRBP,0.0
MINVOL,INTUBATION,HRBP,0.0
MINVOL,INTUBATION,HRBP,0.0
MINVOL,INTUBATION,HRBP,0.0
MINVOL,INTUBATION,HRBP,0.0
MINVOL,INTUBATION,HRBP,0.0
MINVOL,PRESS,HRBP,0.0
MINVOL,PRESS,HRBP,0.0
MINVOL,PRESS,HRBP,0.0
MINVOL,PRESS,HRBP,0.0
MINVOL,PRESS,HRBP,0.0
MINVOL,PRESS,HRBP,0.0
MINVOL,PRESS,HRBP,0.0
MINVOL,PRESS,HRBP,0.0
MINVOL,PRESS,HRBP,0.0
MINVOL,PRESS,HRBP,0.0
MINVOL,PRESS,HRBP,0.0
MINVOL,PRESS,HRBP,0.0
MINVOL,PRESS,HRBP,0.0
MINVOL,PRESS,HRBP,0.0
MINVOL,PRESS,HRBP,0.0
MINVOL,PRESS,HRBP,0.0
MINVOL,PRESS,HRBP,0.0
MINVOL,PRESS,HRBP,0.0
MINVOL,PRESS,HRBP,0.0
MINVOL,PRESS,HRBP,0.0
MINVOL,PRESS,HRBP,0.0
MINVOL,DISCONNECT,VENTTUBE,0.29979646829019874
MINVOL,DISCONNECT,VENTTUBE,0.29979646829019874
MINVOL,DISCONNECT,VENTTUBE,0.29979646829019874
MINVOL,DISCONNECT,VENTTUBE,0.29979646829019874
MINVOL,DISCONNECT,VENTTUBE,0.29979646829019874
MINVOL,DISCONNECT,VENTTUBE,0.29979646829019874
MINVOL,DISCONNECT,VENTTUBE,0.29979646829019874
MINVOL,DISCONNECT,VENTTUBE,0.29979646829019874
MINVOL,DISCONNECT,VENTTUBE,0.29979646829019874
MINVOL,DISCONNECT,VENTTUBE,0.29979646829019874
MINVOL,DISCONNECT,VENTTUBE,0.29979646829019874
MINVOL,DISCONNECT,VENTTUBE,0.29979646829019874
MINVOL,DISCONNECT,VENTTUBE,0.29979646829019874
MINVOL,DISCONNECT,VENTTUBE,0.29979646829019874
MINVOL,DISCONNECT,VENTTUBE,0.29979646829019874
MINVOL,DISCONNECT,VENTTUBE,0.29979646829019874
MINVOL,DISCONNECT,VENTTUBE,0.29979646829019874
MINVOL,MINVOLSET,VENTTUBE,0.08140282015827548
MINVOL,MINVOLSET,VENTTUBE,0.08140282015827548
MINVOL,MINVOLSET,VENTTUBE,0.08140282015827548
MINVOL,MINVOLSET,VENTTUBE,0.08140282015827548
MINVOL,MINVOLSET,VENTTUBE,0.08140282015827548
MINVOL,MINVOLSET,VENTTUBE,0.08140282015827548
MINVOL,MINVOLSET,VENTTUBE,0.08140282015827548
MINVOL,MINVOLSET,VENTTUBE,0.08140282015827548
MINVOL,MINVOLSET,VENTTUBE,0.08140282015827548
MINVOL,MINVOLSET,VENTTUBE,0.08140282015827548
MINVOL,MINVOLSET,VENTTUBE,0.08140282015827548
MINVOL,MINVOLSET,VENTTUBE,0.08140282015827548
MINVOL,MINVOLSET,VENTTUBE,0.08140282015827548
MINVOL,MINVOLSET,VENTTUBE,0.08140282015827548
MINVOL,MINVOLSET,VENTTUBE,0.08140282015827548
MINVOL,MINVOLSET,VENTTUBE,0.08140282015827548
MINVOL,MINVOLSET,VENTTUBE,0.08140282015827548
MINVOL,VENTMACH,VENTTUBE,0.5894496885343792
MINVOL,VENTMACH,VENTTUBE,0.5894496885343792
MINVOL,VENTMACH,VENTTUBE,0.5894496885343792
MINVOL,VENTMACH,VENTTUBE,0.5894496885343792
MINVOL,VENTMACH,VENTTUBE,0.5894496885343792
MINVOL,VENTMACH,VENTTUBE,0.5894496885343792
MINVOL,VENTMACH,VENTTUBE,0.5894496885343792
MINVOL,VENTMACH,VENTTUBE,0.5894496885343792
MINVOL,VENTMACH,VENTTUBE,0.5894496885343792
MINVOL,VENTMACH,VENTTUBE,0.5894496885343792
MINVOL,VENTMACH,VENTTUBE,0.5894496885343792
MINVOL,VENTMACH,VENTTUBE,0.5894496885343792
MINVOL,VENTMACH,VENTTUBE,0.5894496885343792
MINVOL,VENTMACH,VENTTUBE,0.5894496885343792
MINVOL,VENTMACH,VENTTUBE,0.5894496885343792
MINVOL,VENTMACH,VENTTUBE,0.5894496885343792
MINVOL,VENTMACH,VENTTUBE,0.5894496885343792
MINVOL,VENTTUBE,HRBP,0.0
MINVOL,VENTTUBE,HRBP,0.0
MINVOL,VENTTUBE,HRBP,0.0
MINVOL,VENTTUBE,HRBP,0.0
MINVOL,VENTTUBE,HRBP,0.0
MINVOL,VENTTUBE,HRBP,0.0
MINVOL,VENTTUBE,HRBP,0.0
MINVOL,VENTTUBE,HRBP,0.0
MINVOL,VENTTUBE,HRBP,0.0
MINVOL,VENTTUBE,HRBP,0.0
MINVOL,VENTTUBE,HRBP,0.0
MINVOL,VENTTUBE,HRBP,0.0
MINVOL,VENTTUBE,HRBP,0.0
MINVOL,VENTTUBE,HRBP,0.0
MINVOL,VENTTUBE,HRBP,0.0
MINVOL,VENTTUBE,HRBP,0.0
MINVOL,VENTTUBE,HRBP,0.0
MINVOL,VENTTUBE,HRBP,0.0
MINVOL,VENTTUBE,HRBP,0.0
MINVOL,VENTTUBE,HRBP,0.0
MINVOL,VENTTUBE,HRBP,0.0
MINVOL,VENTLUNG,HRBP,0.0
MINVOL,VENTLUNG,HRBP,0.0
MINVOL,VENTLUNG,HRBP,0.0
MINVOL,VENTLUNG,HRBP,0.0
MINVOL,VENTLUNG,HRBP,0.0
MINVOL,VENTLUNG,HRBP,0.0
MINVOL,VENTLUNG,HRBP,0.0
MINVOL,VENTLUNG,HRBP,0.0
MINVOL,VENTLUNG,HRBP,0.0
MINVOL,VENTLUNG,HRBP,0.0
MINVOL,VENTLUNG,HRBP,0.0
MINVOL,VENTLUNG,HRBP,0.0
MINVOL,VENTLUNG,HRBP,0.0
MINVOL,VENTLUNG,HRBP,0.0
MINVOL,VENTLUNG,HRBP,0.0
MINVOL,VENTLUNG,HRBP,0.0
MINVOL,VENTLUNG,HRBP,0.0
MINVOL,VENTLUNG,HRBP,0.0
MINVOL,VENTLUNG,HRBP,0.0
MINVOL,VENTLUNG,HRBP,0.0
MINVOL,VENTLUNG,HRBP,0.0
MINVOL,VENTALV,HRBP,0.0
MINVOL,VENTALV,HRBP,0.0
MINVOL,VENTALV,HRBP,0.0
MINVOL,VENTALV,HRBP,0.0
MINVOL,VENTALV,HRBP,0.0
MINVOL,VENTALV,HRBP,0.0
MINVOL,VENTALV,HRBP,0.0
MINVOL,VENTALV,HRBP,0.0
MINVOL,VENTALV,HRBP,0.0
MINVOL,VENTALV,HRBP,0.0
MINVOL,VENTALV,HRBP,0.0
MINVOL,VENTALV,HRBP,0.0
MINVOL,VENTALV,HRBP,0.0
MINVOL,VENTALV,HRBP,0.0
MINVOL,VENTALV,HRBP,0.0
MINVOL,VENTALV,HRBP,0.0
MINVOL,VENTALV,HRBP,0.0
MINVOL,VENTALV,HRBP,0.0
MINVOL,VENTALV,HRBP,0.0
MINVOL,VENTALV,HRBP,0.0
MINVOL,VENTALV,HRBP,0.0
MINVOL,ARTCO2,VENTALV,0.8224171305331521
MINVOL,ARTCO2,VENTALV,0.8224171305331521
MINVOL,ARTCO2,VENTALV,0.8224171305331521
MINVOL,ARTCO2,VENTALV,0.8224171305331521
MINVOL,ARTCO2,VENTALV,0.8224171305331521
MINVOL,ARTCO2,VENTALV,0.8224171305331521
MINVOL,ARTCO2,VENTALV,0.8224171305331521
MINVOL,ARTCO2,VENTALV,0.8224171305331521
MINVOL,CATECHOL,VENTALV,0.26801457114976107
MINVOL,CATECHOL,VENTALV,0.26801457114976107
MINVOL,CATECHOL,VENTALV,0.26801457114976107
MINVOL,CATECHOL,VENTALV,0.26801457114976107
MINVOL,CATECHOL,VENTALV,0.26801457114976107
MINVOL,CATECHOL,VENTALV,0.26801457114976107
MINVOL,CATECHOL,VENTALV,0.26801457114976107
MINVOL,HR,CATECHOL,0.4759228087822308
MINVOL,HR,CATECHOL,0.4759228087822308
MINVOL,HR,CATECHOL,0.4759228087822308
MINVOL,HR,CATECHOL,0.4759228087822308
MINVOL,HR,CATECHOL,0.4759228087822308
MINVOL,HR,CATECHOL,0.4759228087822308
MINVOL,HR,CATECHOL,0.4759228087822308
MINVOL,CO,CATECHOL,0.8766702678133191
MINVOL,CO,CATECHOL,0.8766702678133191
MINVOL,CO,CATECHOL,0.8766702678133191
MINVOL,CO,CATECHOL,0.8766702678133191
MINVOL,CO,CATECHOL,0.8766702678133191
MINVOL,CO,CATECHOL,0.8766702678133191
MINVOL,CO,CATECHOL,0.8766702678133191
MINVOL,BP,VENTALV,0.41603419661244107
MINVOL,BP,VENTALV,0.41603419661244107
MINVOL,BP,VENTALV,0.41603419661244107
MINVOL,BP,VENTALV,0.41603419661244107
MINVOL,BP,VENTALV,0.41603419661244107
MINVOL,BP,VENTALV,0.41603419661244107
MINVOL,BP,VENTALV,0.41603419661244107
MINVOL,BP,VENTALV,0.41603419661244107
FIO2,PVSAT,CATECHOL,4.3795154889980976e-150
FIO2,PVSAT,CATECHOL,4.3795154889980976e-150
FIO2,PVSAT,CATECHOL,4.3795154889980976e-150
FIO2,PVSAT,CATECHOL,4.3795154889980976e-150
FIO2,PVSAT,CATECHOL,4.3795154889980976e-150
FIO2,PVSAT,CATECHOL,4.3795154889980976e-150
FIO2,PVSAT,CATECHOL,4.3795154889980976e-150
FIO2,PVSAT,CATECHOL,4.3795154889980976e-150
FIO2,SAO2,CATECHOL,7.151230306104747e-111
FIO2,SAO2,CATECHOL,7.151230306104747e-111
FIO2,SAO2,CATECHOL,7.151230306104747e-111
FIO2,SAO2,CATECHOL,7.151230306104747e-111
FIO2,SAO2,CATECHOL,7.151230306104747e-111
FIO2,SAO2,CATECHOL,7.151230306104747e-111
FIO2,SAO2,CATECHOL,7.151230306104747e-111
FIO2,SAO2,CATECHOL,7.151230306104747e-111
FIO2,SHUNT,VENTALV,0.4033277618971556
FIO2,INTUBATION,VENTALV,0.30805869355638993
FIO2,VENTTUBE,VENTALV,0.13669025201728388
FIO2,VENTALV,INTUBATION,0.13137751782636997
FIO2,ARTCO2,VENTALV,0.5003489862827101
FIO2,CATECHOL,VENTALV,0.26970021318478676
PVSAT,SAO2,HRBP,0.0
PVSAT,SAO2,HRBP,0.0
PVSAT,SAO2,HRBP,0.0
PVSAT,SAO2,HRBP,0.0
PVSAT,SAO2,HRBP,0.0
PVSAT,SAO2,HRBP,0.0
PVSAT,SAO2,HRBP,0.0
PVSAT,SAO2,HRBP,0.0
PVSAT,SAO2,HRBP,0.0
PVSAT,SAO2,HRBP,0.0
PVSAT,SAO2,HRBP,0.0
PVSAT,SAO2,HRBP,0.0
PVSAT,SAO2,HRBP,0.0
PVSAT,SAO2,HRBP,0.0
PVSAT,SAO2,HRBP,0.0
PVSAT,SAO2,HRBP,0.0
PVSAT,SAO2,HRBP,0.0
PVSAT,SAO2,HRBP,0.0
PVSAT,SAO2,HRBP,0.0
PVSAT,SAO2,HRBP,0.0
PVSAT,SAO2,HRBP,0.0
PVSAT,SHUNT,INTUBATION,0.9887198419389487
PVSAT,INTUBATION,HRBP,9.392256080485654e-65
PVSAT,INTUBATION,HRBP,9.392256080485654e-65
PVSAT,INTUBATION,HRBP,9.392256080485654e-65
PVSAT,INTUBATION,HRBP,9.392256080485654e-65
PVSAT,INTUBATION,HRBP,9.392256080485654e-65
PVSAT,INTUBATION,HRBP,9.392256080485654e-65
PVSAT,INTUBATION,HRBP,9.392256080485654e-65
PVSAT,INTUBATION,HRBP,9.392256080485654e-65
PVSAT,INTUBATION,HRBP,9.392256080485654e-65
PVSAT,INTUBATION,HRBP,9.392256080485654e-65
PVSAT,INTUBATION,HRBP,9.392256080485654e-65
PVSAT,INTUBATION,HRBP,9.392256080485654e-65
PVSAT,INTUBATION,HRBP,9.392256080485654e-65
PVSAT,INTUBATION,HRBP,9.392256080485654e-65
PVSAT,INTUBATION,HRBP,9.392256080485654e-65
PVSAT,INTUBATION,HRBP,9.392256080485654e-65
PVSAT,INTUBATION,HRBP,9.392256080485654e-65
PVSAT,INTUBATION,HRBP,9.392256080485654e-65
PVSAT,INTUBATION,HRBP,9.392256080485654e-65
PVSAT,INTUBATION,HRBP,9.392256080485654e-65
PVSAT,INTUBATION,HRBP,9.392256080485654e-65
PVSAT,PRESS,VENTALV,0.543581021808391
PVSAT,PRESS,VENTALV,0.543581021808391
PVSAT,PRESS,VENTALV,0.543581021808391
PVSAT,PRESS,VENTALV,0.543581021808391
PVSAT,PRESS,VENTALV,0.543581021808391
PVSAT,PRESS,VENTALV,0.543581021808391
PVSAT,PRESS,VENTALV,0.543581021808391
PVSAT,PRESS,VENTALV,0.543581021808391
PVSAT,PRESS,VENTALV,0.543581021808391
PVSAT,DISCONNECT,VENTALV,0.6970228572786851
PVSAT,DISCONNECT,VENTALV,0.6970228572786851
PVSAT,DISCONNECT,VENTALV,0.6970228572786851
PVSAT,DISCONNECT,VENTALV,0.6970228572786851
PVSAT,DISCONNECT,VENTALV,0.6970228572786851
PVSAT,DISCONNECT,VENTALV,0.6970228572786851
PVSAT,DISCONNECT,VENTALV,0.6970228572786851
PVSAT,DISCONNECT,VENTALV,0.6970228572786851
PVSAT,MINVOLSET,VENTMACH,0.05996582590862437
PVSAT,MINVOLSET,VENTMACH,0.05996582590862437
PVSAT,MINVOLSET,VENTMACH,0.05996582590862437
PVSAT,MINVOLSET,VENTMACH,0.05996582590862437
PVSAT,MINVOLSET,VENTMACH,0.05996582590862437
PVSAT,MINVOLSET,VENTMACH,0.05996582590862437
PVSAT,MINVOLSET,VENTMACH,0.05996582590862437
PVSAT,MINVOLSET,VENTMACH,0.05996582590862437
PVSAT,MINVOLSET,VENTMACH,0.05996582590862437
PVSAT,MINVOLSET,VENTMACH,0.05996582590862437
PVSAT,MINVOLSET,VENTMACH,0.05996582590862437
PVSAT,MINVOLSET,VENTMACH,0.05996582590862437
PVSAT,MINVOLSET,VENTMACH,0.05996582590862437
PVSAT,VENTMACH,HRBP,0.0
PVSAT,VENTMACH,HRBP,0.0
PVSAT,VENTMACH,HRBP,0.0
PVSAT,VENTMACH,HRBP,0.0
PVSAT,VENTMACH,HRBP,0.0
PVSAT,VENTMACH,HRBP,0.0
PVSAT,VENTMACH,HRBP,0.0
PVSAT,VENTMACH,HRBP,0.0
PVSAT,VENTMACH,HRBP,0.0
PVSAT,VENTMACH,HRBP,0.0
PVSAT,VENTMACH,HRBP,0.0
PVSAT,VENTMACH,HRBP,0.0
PVSAT,VENTMACH,HRBP,0.0
PVSAT,VENTMACH,HRBP,0.0
PVSAT,VENTMACH,HRBP,0.0
PVSAT,VENTMACH,HRBP,0.0
PVSAT,VENTMACH,HRBP,0.0
PVSAT,VENTMACH,HRBP,0.0
PVSAT,VENTMACH,HRBP,0.0
PVSAT,VENTMACH,HRBP,0.0
PVSAT,VENTMACH,HRBP,0.0
PVSAT,VENTTUBE,HRBP,0.0
PVSAT,VENTTUBE,HRBP,0.0
PVSAT,VENTTUBE,HRBP,0.0
PVSAT,VENTTUBE,HRBP,0.0
PVSAT,VENTTUBE,HRBP,0.0
PVSAT,VENTTUBE,HRBP,0.0
PVSAT,VENTTUBE,HRBP,0.0
PVSAT,VENTTUBE,HRBP,0.0
PVSAT,VENTTUBE,HRBP,0.0
PVSAT,VENTTUBE,HRBP,0.0
PVSAT,VENTTUBE,HRBP,0.0
PVSAT,VENTTUBE,HRBP,0.0
PVSAT,VENTTUBE,HRBP,0.0
PVSAT,VENTTUBE,HRBP,0.0
PVSAT,VENTTUBE,HRBP,0.0
PVSAT,VENTTUBE,HRBP,0.0
PVSAT,VENTTUBE,HRBP,0.0
PVSAT,VENTTUBE,HRBP,0.0
PVSAT,VENTTUBE,HRBP,0.0
PVSAT,VENTTUBE,HRBP,0.0
PVSAT,VENTTUBE,HRBP,0.0
PVSAT,VENTLUNG,HRBP,0.0
PVSAT,VENTLUNG,HRBP,0.0
PVSAT,VENTLUNG,HRBP,0.0
PVSAT,VENTLUNG,HRBP,0.0
PVSAT,VENTLUNG,HRBP,0.0
PVSAT,VENTLUNG,HRBP,0.0
PVSAT,VENTLUNG,HRBP,0.0
PVSAT,VENTLUNG,HRBP,0.0
PVSAT,VENTLUNG,HRBP,0.0
PVSAT,VENTLUNG,HRBP,0.0
PVSAT,VENTLUNG,HRBP,0.0
PVSAT,VENTLUNG,HRBP,0.0
PVSAT,VENTLUNG,HRBP,0.0
PVSAT,VENTLUNG,HRBP,0.0
PVSAT,VENTLUNG,HRBP,0.0
PVSAT,VENTLUNG,HRBP,0.0
PVSAT,VENTLUNG,HRBP,0.0
PVSAT,VENTLUNG,HRBP,0.0
PVSAT,VENTLUNG,HRBP,0.0
PVSAT,VENTLUNG,HRBP,0.0
PVSAT,VENTLUNG,HRBP,0.0
PVSAT,VENTALV,HRBP,0.0
PVSAT,VENTALV,HRBP,0.0
PVSAT,VENTALV,HRBP,0.0
PVSAT,VENTALV,HRBP,0.0
PVSAT,VENTALV,HRBP,0.0
PVSAT,VENTALV,HRBP,0.0
PVSAT,VENTALV,HRBP,0.0
PVSAT,VENTALV,HRBP,0.0
PVSAT,VENTALV,HRBP,0.0
PVSAT,VENTALV,HRBP,0.0
PVSAT,VENTALV,HRBP,0.0
PVSAT,VENTALV,HRBP,0.0
PVSAT,VENTALV,HRBP,0.0
PVSAT,VENTALV,HRBP,0.0
PVSAT,VENTALV,HRBP,0.0
PVSAT,VENTALV,HRBP,0.0
PVSAT,VENTALV,HRBP,0.0
PVSAT,VENTALV,HRBP,0.0
PVSAT,VENTALV,HRBP,0.0
PVSAT,VENTALV,HRBP,0.0
PVSAT,VENTALV,HRBP,0.0
PVSAT,ARTCO2,HRBP,0.0
PVSAT,ARTCO2,HRBP,0.0
PVSAT,ARTCO2,HRBP,0.0
PVSAT,ARTCO2,HRBP,0.0
PVSAT,ARTCO2,HRBP,0.0
PVSAT,ARTCO2,HRBP,0.0
PVSAT,ARTCO2,HRBP,0.0
PVSAT,ARTCO2,HRBP,0.0
PVSAT,ARTCO2,HRBP,0.0
PVSAT,ARTCO2,HRBP,0.0
PVSAT,ARTCO2,HRBP,0.0
PVSAT,ARTCO2,HRBP,0.0
PVSAT,ARTCO2,HRBP,0.0
PVSAT,ARTCO2,HRBP,0.0
PVSAT,ARTCO2,HRBP,0.0
PVSAT,ARTCO2,HRBP,0.0
PVSAT,ARTCO2,HRBP,0.0
PVSAT,ARTCO2,HRBP,0.0
PVSAT,ARTCO2,HRBP,0.0
PVSAT,ARTCO2,HRBP,0.0
PVSAT,ARTCO2,HRBP,0.0
PVSAT,CATECHOL,HRBP,3.4786057178736893e-231
PVSAT,CATECHOL,HRBP,3.4786057178736893e-231
PVSAT,CATECHOL,HRBP,3.4786057178736893e-231
PVSAT,CATECHOL,HRBP,3.4786057178736893e-231
PVSAT,CATECHOL,HRBP,3.4786057178736893e-231
PVSAT,CATECHOL,HRBP,3.4786057178736893e-231
PVSAT,CATECHOL,HRBP,3.4786057178736893e-231
PVSAT,CATECHOL,HRBP,3.4786057178736893e-231
PVSAT,CATECHOL,HRBP,3.4786057178736893e-231
PVSAT,CATECHOL,HRBP,3.4786057178736893e-231
PVSAT,CATECHOL,HRBP,3.4786057178736893e-231
PVSAT,CATECHOL,HRBP,3.4786057178736893e-231
PVSAT,CATECHOL,HRBP,3.4786057178736893e-231
PVSAT,CATECHOL,HRBP,3.4786057178736893e-231
PVSAT,CATECHOL,HRBP,3.4786057178736893e-231
PVSAT,CATECHOL,HRBP,3.4786057178736893e-231
PVSAT,CATECHOL,HRBP,3.4786057178736893e-231
PVSAT,CATECHOL,HRBP,3.4786057178736893e-231
PVSAT,CATECHOL,HRBP,3.4786057178736893e-231
PVSAT,CATECHOL,HRBP,3.4786057178736893e-231
PVSAT,CATECHOL,HRBP,3.4786057178736893e-231
PVSAT,HR,CATECHOL,0.17166287420584755
PVSAT,HR,CATECHOL,0.17166287420584755
PVSAT,HR,CATECHOL,0.17166287420584755
PVSAT,HR,CATECHOL,0.17166287420584755
PVSAT,HR,CATECHOL,0.17166287420584755
PVSAT,HR,CATECHOL,0.17166287420584755
PVSAT,HR,CATECHOL,0.17166287420584755
PVSAT,HR,CATECHOL,0.17166287420584755
PVSAT,CO,CATECHOL,0.4220422990904352
PVSAT,CO,CATECHOL,0.4220422990904352
PVSAT,CO,CATECHOL,0.4220422990904352
PVSAT,CO,CATECHOL,0.4220422990904352
PVSAT,CO,CATECHOL,0.4220422990904352
PVSAT,CO,CATECHOL,0.4220422990904352
PVSAT,CO,CATECHOL,0.4220422990904352
PVSAT,CO,CATECHOL,0.4220422990904352
PVSAT,BP,MINVOL,0.7849795632751609
PVSAT,BP,MINVOL,0.7849795632751609
PVSAT,BP,MINVOL,0.7849795632751609
PVSAT,BP,MINVOL,0.7849795632751609
PVSAT,BP,MINVOL,0.7849795632751609
SAO2,PAP,EXPCO2,0.08351891801511539
SAO2,PAP,EXPCO2,0.08351891801511539
SAO2,PULMEMBOLUS,SHUNT,0.1686920433201334
SAO2,PULMEMBOLUS,SHUNT,0.1686920433201334
SAO2,PULMEMBOLUS,SHUNT,0.1686920433201334
SAO2,PULMEMBOLUS,SHUNT,0.1686920433201334
SAO2,PULMEMBOLUS,SHUNT,0.1686920433201334
SAO2,PULMEMBOLUS,SHUNT,0.1686920433201334
SAO2,PULMEMBOLUS,SHUNT,0.1686920433201334
SAO2,PULMEMBOLUS,SHUNT,0.1686920433201334
SAO2,PULMEMBOLUS,SHUNT,0.1686920433201334
SAO2,PULMEMBOLUS,SHUNT,0.1686920433201334
SAO2,PULMEMBOLUS,SHUNT,0.1686920433201334
SAO2,PULMEMBOLUS,SHUNT,0.1686920433201334
SAO2,PULMEMBOLUS,SHUNT,0.1686920433201334
SAO2,PULMEMBOLUS,SHUNT,0.1686920433201334
SAO2,PULMEMBOLUS,SHUNT,0.1686920433201334
SAO2,PULMEMBOLUS,SHUNT,0.1686920433201334
SAO2,PULMEMBOLUS,SHUNT,0.1686920433201334
SAO2,PULMEMBOLUS,SHUNT,0.1686920433201334
SAO2,PULMEMBOLUS,SHUNT,0.1686920433201334
SAO2,PULMEMBOLUS,SHUNT,0.1686920433201334
SAO2,PULMEMBOLUS,SHUNT,0.1686920433201334
SAO2,SHUNT,HRBP,4.365622766194701e-153
SAO2,SHUNT,HRBP,4.365622766194701e-153
SAO2,SHUNT,HRBP,4.365622766194701e-153
SAO2,SHUNT,HRBP,4.365622766194701e-153
SAO2,SHUNT,HRBP,4.365622766194701e-153
SAO2,SHUNT,HRBP,4.365622766194701e-153
SAO2,SHUNT,HRBP,4.365622766194701e-153
SAO2,SHUNT,HRBP,4.365622766194701e-153
SAO2,SHUNT,HRBP,4.365622766194701e-153
SAO2,SHUNT,HRBP,4.365622766194701e-153
SAO2,SHUNT,HRBP,4.365622766194701e-153
SAO2,SHUNT,HRBP,4.365622766194701e-153
SAO2,SHUNT,HRBP,4.365622766194701e-153
SAO2,SHUNT,HRBP,4.365622766194701e-153
SAO2,SHUNT,HRBP,4.365622766194701e-153
SAO2,SHUNT,HRBP,4.365622766194701e-153
SAO2,SHUNT,HRBP,4.365622766194701e-153
SAO2,SHUNT,HRBP,4.365622766194701e-153
SAO2,SHUNT,HRBP,4.365622766194701e-153
SAO2,SHUNT,HRBP,4.365622766194701e-153
SAO2,SHUNT,HRBP,4.365622766194701e-153
SAO2,SHUNT,HRBP,4.365622766194701e-153
SAO2,SHUNT,HRBP,4.365622766194701e-153
SAO2,INTUBATION,HRBP,3.508259678155576e-77
SAO2,INTUBATION,HRBP,3.508259678155576e-77
SAO2,INTUBATION,HRBP,3.508259678155576e-77
SAO2,INTUBATION,HRBP,3.508259678155576e-77
SAO2,INTUBATION,HRBP,3.508259678155576e-77
SAO2,INTUBATION,HRBP,3.508259678155576e-77
SAO2,INTUBATION,HRBP,3.508259678155576e-77
SAO2,INTUBATION,HRBP,3.508259678155576e-77
SAO2,INTUBATION,HRBP,3.508259678155576e-77
SAO2,INTUBATION,HRBP,3.508259678155576e-77
SAO2,INTUBATION,HRBP,3.508259678155576e-77
SAO2,INTUBATION,HRBP,3.508259678155576e-77
SAO2,INTUBATION,HRBP,3.508259678155576e-77
SAO2,INTUBATION,HRBP,3.508259678155576e-77
SAO2,INTUBATION,HRBP,3.508259678155576e-77
SAO2,INTUBATION,HRBP,3.508259678155576e-77
SAO2,INTUBATION,HRBP,3.508259678155576e-77
SAO2,INTUBATION,HRBP,3.508259678155576e-77
SAO2,INTUBATION,HRBP,3.508259678155576e-77
SAO2,INTUBATION,HRBP,3.508259678155576e-77
SAO2,INTUBATION,HRBP,3.508259678155576e-77
SAO2,INTUBATION,HRBP,3.508259678155576e-77
SAO2,INTUBATION,HRBP,3.508259678155576e-77
SAO2,PRESS,VENTALV,0.05585252424676298
SAO2,PRESS,VENTALV,0.05585252424676298
SAO2,PRESS,VENTALV,0.05585252424676298
SAO2,PRESS,VENTALV,0.05585252424676298
SAO2,PRESS,VENTALV,0.05585252424676298
SAO2,PRESS,VENTALV,0.05585252424676298
SAO2,PRESS,VENTALV,0.05585252424676298
SAO2,PRESS,VENTALV,0.05585252424676298
SAO2,PRESS,VENTALV,0.05585252424676298
SAO2,PRESS,VENTALV,0.05585252424676298
SAO2,DISCONNECT,VENTALV,0.22178885101554738
SAO2,DISCONNECT,VENTALV,0.22178885101554738
SAO2,DISCONNECT,VENTALV,0.22178885101554738
SAO2,DISCONNECT,VENTALV,0.22178885101554738
SAO2,DISCONNECT,VENTALV,0.22178885101554738
SAO2,DISCONNECT,VENTALV,0.22178885101554738
SAO2,DISCONNECT,VENTALV,0.22178885101554738
SAO2,DISCONNECT,VENTALV,0.22178885101554738
SAO2,DISCONNECT,VENTALV,0.22178885101554738
SAO2,MINVOLSET,VENTALV,0.3387233650651234
SAO2,MINVOLSET,VENTALV,0.3387233650651234
SAO2,MINVOLSET,VENTALV,0.3387233650651234
SAO2,MINVOLSET,VENTALV,0.3387233650651234
SAO2,MINVOLSET,VENTALV,0.3387233650651234
SAO2,MINVOLSET,VENTALV,0.3387233650651234
SAO2,MINVOLSET,VENTALV,0.3387233650651234
SAO2,MINVOLSET,VENTALV,0.3387233650651234
SAO2,MINVOLSET,VENTALV,0.3387233650651234
SAO2,VENTMACH,VENTALV,0.4854071655602491
SAO2,VENTMACH,VENTALV,0.4854071655602491
SAO2,VENTMACH,VENTALV,0.4854071655602491
SAO2,VENTMACH,VENTALV,0.4854071655602491
SAO2,VENTMACH,VENTALV,0.4854071655602491
SAO2,VENTMACH,VENTALV,0.4854071655602491
SAO2,VENTMACH,VENTALV,0.4854071655602491
SAO2,VENTMACH,VENTALV,0.4854071655602491
SAO2,VENTMACH,VENTALV,0.4854071655602491
SAO2,VENTMACH,VENTALV,0.4854071655602491
SAO2,VENTTUBE,VENTALV,0.1178451534110265
SAO2,VENTTUBE,VENTALV,0.1178451534110265
SAO2,VENTTUBE,VENTALV,0.1178451534110265
SAO2,VENTTUBE,VENTALV,0.1178451534110265
SAO2,VENTTUBE,VENTALV,0.1178451534110265
SAO2,VENTTUBE,VENTALV,0.1178451534110265
SAO2,VENTTUBE,VENTALV,0.1178451534110265
SAO2,VENTTUBE,VENTALV,0.1178451534110265
SAO2,VENTTUBE,VENTALV,0.1178451534110265
SAO2,VENTTUBE,VENTALV,0.1178451534110265
SAO2,VENTLUNG,HRBP,0.0
SAO2,VENTLUNG,HRBP,0.0
SAO2,VENTLUNG,HRBP,0.0
SAO2,VENTLUNG,HRBP,0.0
SAO2,VENTLUNG,HRBP,0.0
SAO2,VENTLUNG,HRBP,0.0
SAO2,VENTLUNG,HRBP,0.0
SAO2,VENTLUNG,HRBP,0.0
SAO2,VENTLUNG,HRBP,0.0
SAO2,VENTLUNG,HRBP,0.0
SAO2,VENTLUNG,HRBP,0.0
SAO2,VENTLUNG,HRBP,0.0
SAO2,VENTLUNG,HRBP,0.0
SAO2,VENTLUNG,HRBP,0.0
SAO2,VENTLUNG,HRBP,0.0
SAO2,VENTLUNG,HRBP,0.0
SAO2,VENTLUNG,HRBP,0.0
SAO2,VENTLUNG,HRBP,0.0
SAO2,VENTLUNG,HRBP,0.0
SAO2,VENTLUNG,HRBP,0.0
SAO2,VENTLUNG,HRBP,0.0
SAO2,VENTLUNG,HRBP,0.0
SAO2,VENTLUNG,HRBP,0.0
SAO2,VENTALV,HRBP,0.0
SAO2,VENTALV,HRBP,0.0
SAO2,VENTALV,HRBP,0.0
SAO2,VENTALV,HRBP,0.0
SAO2,VENTALV,HRBP,0.0
SAO2,VENTALV,HRBP,0.0
SAO2,VENTALV,HRBP,0.0
SAO2,VENTALV,HRBP,0.0
SAO2,VENTALV,HRBP,0.0
SAO2,VENTALV,HRBP,0.0
SAO2,VENTALV,HRBP,0.0
SAO2,VENTALV,HRBP,0.0
SAO2,VENTALV,HRBP,0.0
SAO2,VENTALV,HRBP,0.0
SAO2,VENTALV,HRBP,0.0
SAO2,VENTALV,HRBP,0.0
SAO2,VENTALV,HRBP,0.0
SAO2,VENTALV,HRBP,0.0
SAO2,VENTALV,HRBP,0.0
SAO2,VENTALV,HRBP,0.0
SAO2,VENTALV,HRBP,0.0
SAO2,VENTALV,HRBP,0.0
SAO2,VENTALV,HRBP,0.0
SAO2,ARTCO2,VENTALV,0.15848586716734206
SAO2,ARTCO2,VENTALV,0.15848586716734206
SAO2,ARTCO2,VENTALV,0.15848586716734206
SAO2,ARTCO2,VENTALV,0.15848586716734206
SAO2,ARTCO2,VENTALV,0.15848586716734206
SAO2,ARTCO2,VENTALV,0.15848586716734206
SAO2,ARTCO2,VENTALV,0.15848586716734206
SAO2,ARTCO2,VENTALV,0.15848586716734206
SAO2,ARTCO2,VENTALV,0.15848586716734206
SAO2,ARTCO2,VENTALV,0.15848586716734206
SAO2,CATECHOL,HRBP,5.887344922020915e-223
SAO2,CATECHOL,HRBP,5.887344922020915e-223
SAO2,CATECHOL,HRBP,5.887344922020915e-223
SAO2,CATECHOL,HRBP,5.887344922020915e-223
SAO2,CATECHOL,HRBP,5.887344922020915e-223
SAO2,CATECHOL,HRBP,5.887344922020915e-223
SAO2,CATECHOL,HRBP,5.887344922020915e-223
SAO2,CATECHOL,HRBP,5.887344922020915e-223
SAO2,CATECHOL,HRBP,5.887344922020915e-223
SAO2,CATECHOL,HRBP,5.887344922020915e-223
SAO2,CATECHOL,HRBP,5.887344922020915e-223
SAO2,CATECHOL,HRBP,5.887344922020915e-223
SAO2,CATECHOL,HRBP,5.887344922020915e-223
SAO2,CATECHOL,HRBP,5.887344922020915e-223
SAO2,CATECHOL,HRBP,5.887344922020915e-223
SAO2,CATECHOL,HRBP,5.887344922020915e-223
SAO2,CATECHOL,HRBP,5.887344922020915e-223
SAO2,CATECHOL,HRBP,5.887344922020915e-223
SAO2,CATECHOL,HRBP,5.887344922020915e-223
SAO2,CATECHOL,HRBP,5.887344922020915e-223
SAO2,CATECHOL,HRBP,5.887344922020915e-223
SAO2,CATECHOL,HRBP,5.887344922020915e-223
SAO2,CATECHOL,HRBP,5.887344922020915e-223
SAO2,HR,CATECHOL,0.11137482096953061
SAO2,HR,CATECHOL,0.11137482096953061
SAO2,HR,CATECHOL,0.11137482096953061
SAO2,HR,CATECHOL,0.11137482096953061
SAO2,HR,CATECHOL,0.11137482096953061
SAO2,HR,CATECHOL,0.11137482096953061
SAO2,HR,CATECHOL,0.11137482096953061
SAO2,HR,CATECHOL,0.11137482096953061
SAO2,CO,CATECHOL,0.4053631809494953
SAO2,CO,CATECHOL,0.4053631809494953
SAO2,CO,CATECHOL,0.4053631809494953
SAO2,CO,CATECHOL,0.4053631809494953
SAO2,CO,CATECHOL,0.4053631809494953
SAO2,CO,CATECHOL,0.4053631809494953
SAO2,CO,CATECHOL,0.4053631809494953
SAO2,CO,CATECHOL,0.4053631809494953
SAO2,BP,MINVOL,0.170788860806168
SAO2,BP,MINVOL,0.170788860806168
SAO2,BP,MINVOL,0.170788860806168
SAO2,BP,MINVOL,0.170788860806168
SAO2,BP,MINVOL,0.170788860806168
SAO2,BP,MINVOL,0.170788860806168
PAP,PULMEMBOLUS,SAO2,6.167390802351715e-177
PAP,PULMEMBOLUS,SAO2,6.167390802351715e-177
PAP,PULMEMBOLUS,SAO2,6.167390802351715e-177
PAP,SHUNT,PULMEMBOLUS,0.23871363248542585
PAP,SHUNT,PULMEMBOLUS,0.23871363248542585
PAP,VENTTUBE,SHUNT,0.09846707977861534
PULMEMBOLUS,SHUNT,SAO2,5.6398371279583e-166
PULMEMBOLUS,SHUNT,SAO2,5.6398371279583e-166
PULMEMBOLUS,SHUNT,SAO2,5.6398371279583e-166
PULMEMBOLUS,SHUNT,SAO2,5.6398371279583e-166
PULMEMBOLUS,SHUNT,SAO2,5.6398371279583e-166
PULMEMBOLUS,HR,LVFAILURE,0.08499352997227538
PULMEMBOLUS,HR,LVFAILURE,0.08499352997227538
SHUNT,INTUBATION,PULMEMBOLUS,0.0
SHUNT,INTUBATION,PULMEMBOLUS,0.0
SHUNT,INTUBATION,PULMEMBOLUS,0.0
SHUNT,INTUBATION,PULMEMBOLUS,0.0
SHUNT,INTUBATION,PULMEMBOLUS,0.0
SHUNT,INTUBATION,PULMEMBOLUS,0.0
SHUNT,INTUBATION,PULMEMBOLUS,0.0
SHUNT,INTUBATION,PULMEMBOLUS,0.0
SHUNT,INTUBATION,PULMEMBOLUS,0.0
SHUNT,INTUBATION,PULMEMBOLUS,0.0
SHUNT,INTUBATION,PULMEMBOLUS,0.0
SHUNT,INTUBATION,PULMEMBOLUS,0.0
SHUNT,PRESS,INTUBATION,0.5774412336696817
SHUNT,PRESS,INTUBATION,0.5774412336696817
SHUNT,PRESS,INTUBATION,0.5774412336696817
SHUNT,VENTLUNG,INTUBATION,0.4955747976822774
SHUNT,VENTLUNG,INTUBATION,0.4955747976822774
SHUNT,VENTLUNG,INTUBATION,0.4955747976822774
SHUNT,VENTALV,INTUBATION,0.4477952749285713
SHUNT,VENTALV,INTUBATION,0.4477952749285713
SHUNT,ARTCO2,VENTALV,0.7192164254647609
SHUNT,ARTCO2,VENTALV,0.7192164254647609
INTUBATION,PRESS,CATECHOL,2.253634418039308e-261
INTUBATION,PRESS,CATECHOL,2.253634418039308e-261
INTUBATION,PRESS,CATECHOL,2.253634418039308e-261
INTUBATION,PRESS,CATECHOL,2.253634418039308e-261
INTUBATION,PRESS,CATECHOL,2.253634418039308e-261
INTUBATION,PRESS,CATECHOL,2.253634418039308e-261
INTUBATION,PRESS,CATECHOL,2.253634418039308e-261
INTUBATION,PRESS,CATECHOL,2.253634418039308e-261
INTUBATION,PRESS,CATECHOL,2.253634418039308e-261
INTUBATION,PRESS,CATECHOL,2.253634418039308e-261
INTUBATION,PRESS,CATECHOL,2.253634418039308e-261
INTUBATION,VENTLUNG,CATECHOL,1.840706295086418e-209
INTUBATION,VENTLUNG,CATECHOL,1.840706295086418e-209
INTUBATION,VENTLUNG,CATECHOL,1.840706295086418e-209
INTUBATION,VENTLUNG,CATECHOL,1.840706295086418e-209
INTUBATION,VENTLUNG,CATECHOL,1.840706295086418e-209
INTUBATION,VENTLUNG,CATECHOL,1.840706295086418e-209
INTUBATION,VENTLUNG,CATECHOL,1.840706295086418e-209
INTUBATION,VENTLUNG,CATECHOL,1.840706295086418e-209
INTUBATION,VENTLUNG,CATECHOL,1.840706295086418e-209
INTUBATION,VENTLUNG,CATECHOL,1.840706295086418e-209
INTUBATION,VENTLUNG,CATECHOL,1.840706295086418e-209
INTUBATION,VENTALV,CATECHOL,0.0
INTUBATION,VENTALV,CATECHOL,0.0
INTUBATION,VENTALV,CATECHOL,0.0
INTUBATION,VENTALV,CATECHOL,0.0
INTUBATION,VENTALV,CATECHOL,0.0
INTUBATION,VENTALV,CATECHOL,0.0
INTUBATION,VENTALV,CATECHOL,0.0
INTUBATION,VENTALV,CATECHOL,0.0
INTUBATION,VENTALV,CATECHOL,0.0
INTUBATION,VENTALV,CATECHOL,0.0
INTUBATION,VENTALV,CATECHOL,0.0
INTUBATION,ARTCO2,VENTALV,0.16194720002915344
INTUBATION,CATECHOL,VENTALV,0.057982062688600865
PRESS,DISCONNECT,VENTTUBE,0.40065926410991937
PRESS,DISCONNECT,VENTTUBE,0.40065926410991937
PRESS,DISCONNECT,VENTTUBE,0.40065926410991937
PRESS,DISCONNECT,VENTTUBE,0.40065926410991937
PRESS,DISCONNECT,VENTTUBE,0.40065926410991937
PRESS,DISCONNECT,VENTTUBE,0.40065926410991937
PRESS,DISCONNECT,VENTTUBE,0.40065926410991937
PRESS,DISCONNECT,VENTTUBE,0.40065926410991937
PRESS,DISCONNECT,VENTTUBE,0.40065926410991937
PRESS,DISCONNECT,VENTTUBE,0.40065926410991937
PRESS,DISCONNECT,VENTTUBE,0.40065926410991937
PRESS,DISCONNECT,VENTTUBE,0.40065926410991937
PRESS,DISCONNECT,VENTTUBE,0.40065926410991937
PRESS,DISCONNECT,VENTTUBE,0.40065926410991937
PRESS,DISCONNECT,VENTTUBE,0.40065926410991937
PRESS,DISCONNECT,VENTTUBE,0.40065926410991937
PRESS,MINVOLSET,VENTMACH,0.08761437808826034
PRESS,MINVOLSET,VENTMACH,0.08761437808826034
PRESS,MINVOLSET,VENTMACH,0.08761437808826034
PRESS,MINVOLSET,VENTMACH,0.08761437808826034
PRESS,MINVOLSET,VENTMACH,0.08761437808826034
PRESS,MINVOLSET,VENTMACH,0.08761437808826034
PRESS,MINVOLSET,VENTMACH,0.08761437808826034
PRESS,MINVOLSET,VENTMACH,0.08761437808826034
PRESS,MINVOLSET,VENTMACH,0.08761437808826034
PRESS,MINVOLSET,VENTMACH,0.08761437808826034
PRESS,MINVOLSET,VENTMACH,0.08761437808826034
PRESS,MINVOLSET,VENTMACH,0.08761437808826034
PRESS,VENTMACH,VENTTUBE,0.7761739848552007
PRESS,VENTMACH,VENTTUBE,0.7761739848552007
PRESS,VENTMACH,VENTTUBE,0.7761739848552007
PRESS,VENTMACH,VENTTUBE,0.7761739848552007
PRESS,VENTMACH,VENTTUBE,0.7761739848552007
PRESS,VENTMACH,VENTTUBE,0.7761739848552007
PRESS,VENTMACH,VENTTUBE,0.7761739848552007
PRESS,VENTMACH,VENTTUBE,0.7761739848552007
PRESS,VENTMACH,VENTTUBE,0.7761739848552007
PRESS,VENTMACH,VENTTUBE,0.7761739848552007
PRESS,VENTMACH,VENTTUBE,0.7761739848552007
PRESS,VENTMACH,VENTTUBE,0.7761739848552007
PRESS,VENTMACH,VENTTUBE,0.7761739848552007
PRESS,VENTMACH,VENTTUBE,0.7761739848552007
PRESS,VENTMACH,VENTTUBE,0.7761739848552007
PRESS,VENTMACH,VENTTUBE,0.7761739848552007
PRESS,VENTTUBE,HRBP,0.0
PRESS,VENTTUBE,HRBP,0.0
PRESS,VENTTUBE,HRBP,0.0
PRESS,VENTTUBE,HRBP,0.0
PRESS,VENTTUBE,HRBP,0.0
PRESS,VENTTUBE,HRBP,0.0
PRESS,VENTTUBE,HRBP,0.0
PRESS,VENTTUBE,HRBP,0.0
PRESS,VENTTUBE,HRBP,0.0
PRESS,VENTTUBE,HRBP,0.0
PRESS,VENTTUBE,HRBP,0.0
PRESS,VENTTUBE,HRBP,0.0
PRESS,VENTTUBE,HRBP,0.0
PRESS,VENTTUBE,HRBP,0.0
PRESS,VENTTUBE,HRBP,0.0
PRESS,VENTTUBE,HRBP,0.0
PRESS,VENTTUBE,HRBP,0.0
PRESS,VENTTUBE,HRBP,0.0
PRESS,VENTTUBE,HRBP,0.0
PRESS,VENTTUBE,HRBP,0.0
PRESS,VENTLUNG,HRBP,0.0
PRESS,VENTLUNG,HRBP,0.0
PRESS,VENTLUNG,HRBP,0.0
PRESS,VENTLUNG,HRBP,0.0
PRESS,VENTLUNG,HRBP,0.0
PRESS,VENTLUNG,HRBP,0.0
PRESS,VENTLUNG,HRBP,0.0
PRESS,VENTLUNG,HRBP,0.0
PRESS,VENTLUNG,HRBP,0.0
PRESS,VENTLUNG,HRBP,0.0
PRESS,VENTLUNG,HRBP,0.0
PRESS,VENTLUNG,HRBP,0.0
PRESS,VENTLUNG,HRBP,0.0
PRESS,VENTLUNG,HRBP,0.0
PRESS,VENTLUNG,HRBP,0.0
PRESS,VENTLUNG,HRBP,0.0
PRESS,VENTLUNG,HRBP,0.0
PRESS,VENTLUNG,HRBP,0.0
PRESS,VENTLUNG,HRBP,0.0
PRESS,VENTLUNG,HRBP,0.0
PRESS,VENTALV,HRBP,0.0
PRESS,VENTALV,HRBP,0.0
PRESS,VENTALV,HRBP,0.0
PRESS,VENTALV,HRBP,0.0
PRESS,VENTALV,HRBP,0.0
PRESS,VENTALV,HRBP,0.0
PRESS,VENTALV,HRBP,0.0
PRESS,VENTALV,HRBP,0.0
PRESS,VENTALV,HRBP,0.0
PRESS,VENTALV,HRBP,0.0
PRESS,VENTALV,HRBP,0.0
PRESS,VENTALV,HRBP,0.0
PRESS,VENTALV,HRBP,0.0
PRESS,VENTALV,HRBP,0.0
PRESS,VENTALV,HRBP,0.0
PRESS,VENTALV,HRBP,0.0
PRESS,VENTALV,HRBP,0.0
PRESS,VENTALV,HRBP,0.0
PRESS,VENTALV,HRBP,0.0
PRESS,VENTALV,HRBP,0.0
PRESS,ARTCO2,VENTALV,0.36754310861530165
PRESS,ARTCO2,VENTALV,0.36754310861530165
PRESS,ARTCO2,VENTALV,0.36754310861530165
PRESS,ARTCO2,VENTALV,0.36754310861530165
PRESS,ARTCO2,VENTALV,0.36754310861530165
PRESS,ARTCO2,VENTALV,0.36754310861530165
PRESS,ARTCO2,VENTALV,0.36754310861530165
PRESS,ARTCO2,VENTALV,0.36754310861530165
PRESS,CATECHOL,VENTALV,0.9115766476862144
PRESS,CATECHOL,VENTALV,0.9115766476862144
PRESS,CATECHOL,VENTALV,0.9115766476862144
PRESS,CATECHOL,VENTALV,0.9115766476862144
PRESS,CATECHOL,VENTALV,0.9115766476862144
PRESS,CATECHOL,VENTALV,0.9115766476862144
PRESS,CATECHOL,VENTALV,0.9115766476862144
PRESS,HR,MINVOL,0.8727130087501588
PRESS,HR,MINVOL,0.8727130087501588
PRESS,HR,MINVOL,0.8727130087501588
PRESS,HR,MINVOL,0.8727130087501588
PRESS,CO,MINVOL,0.6855895877536797
PRESS,CO,MINVOL,0.6855895877536797
PRESS,CO,MINVOL,0.6855895877536797
PRESS,CO,MINVOL,0.6855895877536797
PRESS,BP,INTUBATION,0.07443242073370097
DISCONNECT,VENTTUBE,HRBP,0.0
DISCONNECT,VENTTUBE,HRBP,0.0
DISCONNECT,VENTTUBE,HRBP,0.0
DISCONNECT,VENTTUBE,HRBP,0.0
DISCONNECT,VENTTUBE,HRBP,0.0
DISCONNECT,VENTTUBE,HRBP,0.0
DISCONNECT,VENTTUBE,HRBP,0.0
DISCONNECT,VENTTUBE,HRBP,0.0
DISCONNECT,VENTTUBE,HRBP,0.0
DISCONNECT,VENTTUBE,HRBP,0.0
DISCONNECT,VENTTUBE,HRBP,0.0
DISCONNECT,VENTTUBE,HRBP,0.0
DISCONNECT,VENTTUBE,HRBP,0.0
DISCONNECT,VENTTUBE,HRBP,0.0
DISCONNECT,VENTTUBE,HRBP,0.0
DISCONNECT,VENTLUNG,VENTTUBE,0.26998629175419153
DISCONNECT,VENTLUNG,VENTTUBE,0.26998629175419153
DISCONNECT,VENTLUNG,VENTTUBE,0.26998629175419153
DISCONNECT,VENTLUNG,VENTTUBE,0.26998629175419153
DISCONNECT,VENTLUNG,VENTTUBE,0.26998629175419153
DISCONNECT,VENTLUNG,VENTTUBE,0.26998629175419153
DISCONNECT,VENTLUNG,VENTTUBE,0.26998629175419153
DISCONNECT,VENTLUNG,VENTTUBE,0.26998629175419153
DISCONNECT,VENTLUNG,VENTTUBE,0.26998629175419153
DISCONNECT,VENTLUNG,VENTTUBE,0.26998629175419153
DISCONNECT,VENTLUNG,VENTTUBE,0.26998629175419153
DISCONNECT,VENTLUNG,VENTTUBE,0.26998629175419153
DISCONNECT,VENTLUNG,VENTTUBE,0.26998629175419153
DISCONNECT,VENTLUNG,VENTTUBE,0.26998629175419153
DISCONNECT,VENTALV,VENTTUBE,0.19450932522653952
DISCONNECT,VENTALV,VENTTUBE,0.19450932522653952
DISCONNECT,VENTALV,VENTTUBE,0.19450932522653952
DISCONNECT,VENTALV,VENTTUBE,0.19450932522653952
DISCONNECT,VENTALV,VENTTUBE,0.19450932522653952
DISCONNECT,VENTALV,VENTTUBE,0.19450932522653952
DISCONNECT,VENTALV,VENTTUBE,0.19450932522653952
DISCONNECT,VENTALV,VENTTUBE,0.19450932522653952
DISCONNECT,VENTALV,VENTTUBE,0.19450932522653952
DISCONNECT,VENTALV,VENTTUBE,0.19450932522653952
DISCONNECT,VENTALV,VENTTUBE,0.19450932522653952
DISCONNECT,VENTALV,VENTTUBE,0.19450932522653952
DISCONNECT,VENTALV,VENTTUBE,0.19450932522653952
DISCONNECT,ARTCO2,VENTALV,0.7171669602644848
DISCONNECT,ARTCO2,VENTALV,0.7171669602644848
DISCONNECT,ARTCO2,VENTALV,0.7171669602644848
DISCONNECT,ARTCO2,VENTALV,0.7171669602644848
DISCONNECT,ARTCO2,VENTALV,0.7171669602644848
DISCONNECT,CATECHOL,VENTALV,0.24944697733412752
DISCONNECT,CATECHOL,VENTALV,0.24944697733412752
DISCONNECT,CATECHOL,VENTALV,0.24944697733412752
DISCONNECT,CATECHOL,VENTALV,0.24944697733412752
DISCONNECT,HR,MINVOL,0.0716312763620363
DISCONNECT,HR,MINVOL,0.0716312763620363
DISCONNECT,CO,MINVOL,0.8695045386222017
DISCONNECT,CO,MINVOL,0.8695045386222017
DISCONNECT,BP,MINVOL,0.743548857862752
DISCONNECT,BP,MINVOL,0.743548857862752
MINVOLSET,VENTMACH,LVEDVOLUME,0.0
MINVOLSET,VENTMACH,LVEDVOLUME,0.0
MINVOLSET,VENTMACH,LVEDVOLUME,0.0
MINVOLSET,VENTMACH,LVEDVOLUME,0.0
MINVOLSET,VENTMACH,LVEDVOLUME,0.0
MINVOLSET,VENTMACH,LVEDVOLUME,0.0
MINVOLSET,VENTMACH,LVEDVOLUME,0.0
MINVOLSET,VENTMACH,LVEDVOLUME,0.0
MINVOLSET,VENTMACH,LVEDVOLUME,0.0
MINVOLSET,VENTMACH,LVEDVOLUME,0.0
MINVOLSET,VENTMACH,LVEDVOLUME,0.0
MINVOLSET,VENTMACH,LVEDVOLUME,0.0
MINVOLSET,VENTMACH,LVEDVOLUME,0.0
MINVOLSET,VENTMACH,LVEDVOLUME,0.0
MINVOLSET,VENTMACH,LVEDVOLUME,0.0
MINVOLSET,VENTMACH,LVEDVOLUME,0.0
MINVOLSET,VENTMACH,LVEDVOLUME,0.0
MINVOLSET,VENTMACH,LVEDVOLUME,0.0
MINVOLSET,VENTMACH,LVEDVOLUME,0.0
MINVOLSET,VENTMACH,LVEDVOLUME,0.0
MINVOLSET,VENTMACH,LVEDVOLUME,0.0
MINVOLSET,VENTTUBE,VENTMACH,0.10325731248303818
MINVOLSET,VENTTUBE,VENTMACH,0.10325731248303818
MINVOLSET,VENTTUBE,VENTMACH,0.10325731248303818
MINVOLSET,VENTTUBE,VENTMACH,0.10325731248303818
MINVOLSET,VENTTUBE,VENTMACH,0.10325731248303818
MINVOLSET,VENTTUBE,VENTMACH,0.10325731248303818
MINVOLSET,VENTTUBE,VENTMACH,0.10325731248303818
MINVOLSET,VENTTUBE,VENTMACH,0.10325731248303818
MINVOLSET,VENTTUBE,VENTMACH,0.10325731248303818
MINVOLSET,VENTTUBE,VENTMACH,0.10325731248303818
MINVOLSET,VENTTUBE,VENTMACH,0.10325731248303818
MINVOLSET,VENTTUBE,VENTMACH,0.10325731248303818
MINVOLSET,VENTTUBE,VENTMACH,0.10325731248303818
MINVOLSET,VENTLUNG,VENTTUBE,0.05055668776850086
MINVOLSET,VENTLUNG,VENTTUBE,0.05055668776850086
MINVOLSET,VENTLUNG,VENTTUBE,0.05055668776850086
MINVOLSET,VENTLUNG,VENTTUBE,0.05055668776850086
MINVOLSET,VENTLUNG,VENTTUBE,0.05055668776850086
MINVOLSET,VENTLUNG,VENTTUBE,0.05055668776850086
MINVOLSET,VENTLUNG,VENTTUBE,0.05055668776850086
MINVOLSET,VENTLUNG,VENTTUBE,0.05055668776850086
MINVOLSET,VENTLUNG,VENTTUBE,0.05055668776850086
MINVOLSET,VENTLUNG,VENTTUBE,0.05055668776850086
MINVOLSET,VENTLUNG,VENTTUBE,0.05055668776850086
MINVOLSET,VENTLUNG,VENTTUBE,0.05055668776850086
MINVOLSET,VENTLUNG,VENTTUBE,0.05055668776850086
MINVOLSET,VENTLUNG,VENTTUBE,0.05055668776850086
MINVOLSET,VENTLUNG,VENTTUBE,0.05055668776850086
MINVOLSET,VENTLUNG,VENTTUBE,0.05055668776850086
MINVOLSET,VENTLUNG,VENTTUBE,0.05055668776850086
MINVOLSET,VENTLUNG,VENTTUBE,0.05055668776850086
MINVOLSET,VENTALV,LVEDVOLUME,0.0
MINVOLSET,VENTALV,LVEDVOLUME,0.0
MINVOLSET,VENTALV,LVEDVOLUME,0.0
MINVOLSET,VENTALV,LVEDVOLUME,0.0
MINVOLSET,VENTALV,LVEDVOLUME,0.0
MINVOLSET,VENTALV,LVEDVOLUME,0.0
MINVOLSET,VENTALV,LVEDVOLUME,0.0
MINVOLSET,VENTALV,LVEDVOLUME,0.0
MINVOLSET,VENTALV,LVEDVOLUME,0.0
MINVOLSET,VENTALV,LVEDVOLUME,0.0
MINVOLSET,VENTALV,LVEDVOLUME,0.0
MINVOLSET,VENTALV,LVEDVOLUME,0.0
MINVOLSET,VENTALV,LVEDVOLUME,0.0
MINVOLSET,VENTALV,LVEDVOLUME,0.0
MINVOLSET,VENTALV,LVEDVOLUME,0.0
MINVOLSET,VENTALV,LVEDVOLUME,0.0
MINVOLSET,VENTALV,LVEDVOLUME,0.0
MINVOLSET,VENTALV,LVEDVOLUME,0.0
MINVOLSET,VENTALV,LVEDVOLUME,0.0
MINVOLSET,VENTALV,LVEDVOLUME,0.0
MINVOLSET,VENTALV,LVEDVOLUME,0.0
MINVOLSET,ARTCO2,VENTALV,0.10272912678878672
MINVOLSET,ARTCO2,VENTALV,0.10272912678878672
MINVOLSET,ARTCO2,VENTALV,0.10272912678878672
MINVOLSET,ARTCO2,VENTALV,0.10272912678878672
MINVOLSET,ARTCO2,VENTALV,0.10272912678878672
MINVOLSET,ARTCO2,VENTALV,0.10272912678878672
MINVOLSET,CATECHOL,VENTALV,0.7538065166227064
MINVOLSET,CATECHOL,VENTALV,0.7538065166227064
MINVOLSET,CATECHOL,VENTALV,0.7538065166227064
MINVOLSET,CATECHOL,VENTALV,0.7538065166227064
MINVOLSET,CATECHOL,VENTALV,0.7538065166227064
MINVOLSET,HR,CATECHOL,0.7758527954869207
MINVOLSET,HR,CATECHOL,0.7758527954869207
MINVOLSET,HR,CATECHOL,0.7758527954869207
MINVOLSET,HR,CATECHOL,0.7758527954869207
MINVOLSET,HR,CATECHOL,0.7758527954869207
MINVOLSET,CO,SAO2,0.06380864807798672
MINVOLSET,CO,SAO2,0.06380864807798672
MINVOLSET,CO,SAO2,0.06380864807798672
MINVOLSET,CO,SAO2,0.06380864807798672
MINVOLSET,BP,MINVOL,0.532384350231759
MINVOLSET,BP,MINVOL,0.532384350231759
MINVOLSET,BP,MINVOL,0.532384350231759
VENTMACH,VENTTUBE,HRBP,0.0
VENTMACH,VENTTUBE,HRBP,0.0
VENTMACH,VENTTUBE,HRBP,0.0
VENTMACH,VENTTUBE,HRBP,0.0
VENTMACH,VENTTUBE,HRBP,0.0
VENTMACH,VENTTUBE,HRBP,0.0
VENTMACH,VENTTUBE,HRBP,0.0
VENTMACH,VENTTUBE,HRBP,0.0
VENTMACH,VENTTUBE,HRBP,0.0
VENTMACH,VENTTUBE,HRBP,0.0
VENTMACH,VENTTUBE,HRBP,0.0
VENTMACH,VENTTUBE,HRBP,0.0
VENTMACH,VENTTUBE,HRBP,0.0
VENTMACH,VENTTUBE,HRBP,0.0
VENTMACH,VENTTUBE,HRBP,0.0
VENTMACH,VENTTUBE,HRBP,0.0
VENTMACH,VENTTUBE,HRBP,0.0
VENTMACH,VENTLUNG,VENTTUBE,0.1883399453076396
VENTMACH,VENTLUNG,VENTTUBE,0.1883399453076396
VENTMACH,VENTLUNG,VENTTUBE,0.1883399453076396
VENTMACH,VENTLUNG,VENTTUBE,0.1883399453076396
VENTMACH,VENTLUNG,VENTTUBE,0.1883399453076396
VENTMACH,VENTLUNG,VENTTUBE,0.1883399453076396
VENTMACH,VENTLUNG,VENTTUBE,0.1883399453076396
VENTMACH,VENTLUNG,VENTTUBE,0.1883399453076396
VENTMACH,VENTLUNG,VENTTUBE,0.1883399453076396
VENTMACH,VENTLUNG,VENTTUBE,0.1883399453076396
VENTMACH,VENTLUNG,VENTTUBE,0.1883399453076396
VENTMACH,VENTLUNG,VENTTUBE,0.1883399453076396
VENTMACH,VENTLUNG,VENTTUBE,0.1883399453076396
VENTMACH,VENTLUNG,VENTTUBE,0.1883399453076396
VENTMACH,VENTLUNG,VENTTUBE,0.1883399453076396
VENTMACH,VENTLUNG,VENTTUBE,0.1883399453076396
VENTMACH,VENTALV,VENTTUBE,0.18938553152323828
VENTMACH,VENTALV,VENTTUBE,0.18938553152323828
VENTMACH,VENTALV,VENTTUBE,0.18938553152323828
VENTMACH,VENTALV,VENTTUBE,0.18938553152323828
VENTMACH,VENTALV,VENTTUBE,0.18938553152323828
VENTMACH,VENTALV,VENTTUBE,0.18938553152323828
VENTMACH,VENTALV,VENTTUBE,0.18938553152323828
VENTMACH,VENTALV,VENTTUBE,0.18938553152323828
VENTMACH,VENTALV,VENTTUBE,0.18938553152323828
VENTMACH,VENTALV,VENTTUBE,0.18938553152323828
VENTMACH,VENTALV,VENTTUBE,0.18938553152323828
VENTMACH,VENTALV,VENTTUBE,0.18938553152323828
VENTMACH,VENTALV,VENTTUBE,0.18938553152323828
VENTMACH,VENTALV,VENTTUBE,0.18938553152323828
VENTMACH,VENTALV,VENTTUBE,0.18938553152323828
VENTMACH,ARTCO2,VENTALV,0.12325225618924235
VENTMACH,ARTCO2,VENTALV,0.12325225618924235
VENTMACH,ARTCO2,VENTALV,0.12325225618924235
VENTMACH,ARTCO2,VENTALV,0.12325225618924235
VENTMACH,ARTCO2,VENTALV,0.12325225618924235
VENTMACH,ARTCO2,VENTALV,0.12325225618924235
VENTMACH,ARTCO2,VENTALV,0.12325225618924235
VENTMACH,CATECHOL,MINVOL,0.07147660033304423
VENTMACH,CATECHOL,MINVOL,0.07147660033304423
VENTMACH,CATECHOL,MINVOL,0.07147660033304423
VENTMACH,CATECHOL,MINVOL,0.07147660033304423
VENTMACH,HR,CATECHOL,0.8104034563590329
VENTMACH,HR,CATECHOL,0.8104034563590329
VENTMACH,HR,CATECHOL,0.8104034563590329
VENTMACH,HR,CATECHOL,0.8104034563590329
VENTMACH,HR,CATECHOL,0.8104034563590329
VENTMACH,HR,CATECHOL,0.8104034563590329
VENTMACH,CO,CATECHOL,0.344881301124163
VENTMACH,CO,CATECHOL,0.344881301124163
VENTMACH,CO,CATECHOL,0.344881301124163
VENTMACH,CO,CATECHOL,0.344881301124163
VENTMACH,CO,CATECHOL,0.344881301124163
VENTMACH,CO,CATECHOL,0.344881301124163
VENTMACH,BP,MINVOLSET,0.44345962103146885
VENTMACH,BP,MINVOLSET,0.44345962103146885
VENTMACH,BP,MINVOLSET,0.44345962103146885
VENTTUBE,VENTLUNG,LVEDVOLUME,0.0
VENTTUBE,VENTLUNG,LVEDVOLUME,0.0
VENTTUBE,VENTLUNG,LVEDVOLUME,0.0
VENTTUBE,VENTLUNG,LVEDVOLUME,0.0
VENTTUBE,VENTLUNG,LVEDVOLUME,0.0
VENTTUBE,VENTLUNG,LVEDVOLUME,0.0
VENTTUBE,VENTLUNG,LVEDVOLUME,0.0
VENTTUBE,VENTLUNG,LVEDVOLUME,0.0
VENTTUBE,VENTLUNG,LVEDVOLUME,0.0
VENTTUBE,VENTLUNG,LVEDVOLUME,0.0
VENTTUBE,VENTLUNG,LVEDVOLUME,0.0
VENTTUBE,VENTLUNG,LVEDVOLUME,0.0
VENTTUBE,VENTLUNG,LVEDVOLUME,0.0
VENTTUBE,VENTLUNG,LVEDVOLUME,0.0
VENTTUBE,VENTLUNG,LVEDVOLUME,0.0
VENTTUBE,VENTLUNG,LVEDVOLUME,0.0
VENTTUBE,VENTLUNG,LVEDVOLUME,0.0
VENTTUBE,VENTLUNG,LVEDVOLUME,0.0
VENTTUBE,VENTLUNG,LVEDVOLUME,0.0
VENTTUBE,VENTLUNG,LVEDVOLUME,0.0
VENTTUBE,VENTLUNG,LVEDVOLUME,0.0
VENTTUBE,VENTLUNG,LVEDVOLUME,0.0
VENTTUBE,VENTALV,LVEDVOLUME,0.0
VENTTUBE,VENTALV,LVEDVOLUME,0.0
VENTTUBE,VENTALV,LVEDVOLUME,0.0
VENTTUBE,VENTALV,LVEDVOLUME,0.0
VENTTUBE,VENTALV,LVEDVOLUME,0.0
VENTTUBE,VENTALV,LVEDVOLUME,0.0
VENTTUBE,VENTALV,LVEDVOLUME,0.0
VENTTUBE,VENTALV,LVEDVOLUME,0.0
VENTTUBE,VENTALV,LVEDVOLUME,0.0
VENTTUBE,VENTALV,LVEDVOLUME,0.0
VENTTUBE,VENTALV,LVEDVOLUME,0.0
VENTTUBE,VENTALV,LVEDVOLUME,0.0
VENTTUBE,VENTALV,LVEDVOLUME,0.0
VENTTUBE,VENTALV,LVEDVOLUME,0.0
VENTTUBE,VENTALV,LVEDVOLUME,0.0
VENTTUBE,VENTALV,LVEDVOLUME,0.0
VENTTUBE,VENTALV,LVEDVOLUME,0.0
VENTTUBE,VENTALV,LVEDVOLUME,0.0
VENTTUBE,VENTALV,LVEDVOLUME,0.0
VENTTUBE,VENTALV,LVEDVOLUME,0.0
VENTTUBE,VENTALV,LVEDVOLUME,0.0
VENTTUBE,VENTALV,LVEDVOLUME,0.0
VENTTUBE,ARTCO2,VENTALV,0.052939185049603134
VENTTUBE,ARTCO2,VENTALV,0.052939185049603134
VENTTUBE,ARTCO2,VENTALV,0.052939185049603134
VENTTUBE,ARTCO2,VENTALV,0.052939185049603134
VENTTUBE,ARTCO2,VENTALV,0.052939185049603134
VENTTUBE,ARTCO2,VENTALV,0.052939185049603134
VENTTUBE,ARTCO2,VENTALV,0.052939185049603134
VENTTUBE,ARTCO2,VENTALV,0.052939185049603134
VENTTUBE,ARTCO2,VENTALV,0.052939185049603134
VENTTUBE,ARTCO2,VENTALV,0.052939185049603134
VENTTUBE,CATECHOL,VENTALV,0.6821285255984786
VENTTUBE,CATECHOL,VENTALV,0.6821285255984786
VENTTUBE,CATECHOL,VENTALV,0.6821285255984786
VENTTUBE,CATECHOL,VENTALV,0.6821285255984786
VENTTUBE,CATECHOL,VENTALV,0.6821285255984786
VENTTUBE,CATECHOL,VENTALV,0.6821285255984786
VENTTUBE,CATECHOL,VENTALV,0.6821285255984786
VENTTUBE,CATECHOL,VENTALV,0.6821285255984786
VENTTUBE,CATECHOL,VENTALV,0.6821285255984786
VENTTUBE,HR,CATECHOL,0.3987112955612161
VENTTUBE,HR,CATECHOL,0.3987112955612161
VENTTUBE,HR,CATECHOL,0.3987112955612161
VENTTUBE,HR,CATECHOL,0.3987112955612161
VENTTUBE,HR,CATECHOL,0.3987112955612161
VENTTUBE,HR,CATECHOL,0.3987112955612161
VENTTUBE,HR,CATECHOL,0.3987112955612161
VENTTUBE,HR,CATECHOL,0.3987112955612161
VENTTUBE,HR,CATECHOL,0.3987112955612161
VENTTUBE,CO,MINVOL,0.09083340957169678
VENTTUBE,CO,MINVOL,0.09083340957169678
VENTTUBE,CO,MINVOL,0.09083340957169678
VENTTUBE,CO,MINVOL,0.09083340957169678
VENTTUBE,CO,MINVOL,0.09083340957169678
VENTTUBE,CO,MINVOL,0.09083340957169678
VENTTUBE,BP,MINVOL,0.5777866710983699
VENTTUBE,BP,MINVOL,0.5777866710983699
VENTTUBE,BP,MINVOL,0.5777866710983699
VENTTUBE,BP,MINVOL,0.5777866710983699
VENTTUBE,BP,MINVOL,0.5777866710983699
VENTTUBE,BP,MINVOL,0.5777866710983699
VENTLUNG,VENTALV,HRBP,0.0
VENTLUNG,VENTALV,HRBP,0.0
VENTLUNG,VENTALV,HRBP,0.0
VENTLUNG,VENTALV,HRBP,0.0
VENTLUNG,VENTALV,HRBP,0.0
VENTLUNG,VENTALV,HRBP,0.0
VENTLUNG,VENTALV,HRBP,0.0
VENTLUNG,VENTALV,HRBP,0.0
VENTLUNG,VENTALV,HRBP,0.0
VENTLUNG,VENTALV,HRBP,0.0
VENTLUNG,VENTALV,HRBP,0.0
VENTLUNG,VENTALV,HRBP,0.0
VENTLUNG,VENTALV,HRBP,0.0
VENTLUNG,VENTALV,HRBP,0.0
VENTLUNG,VENTALV,HRBP,0.0
VENTLUNG,VENTALV,HRBP,0.0
VENTLUNG,VENTALV,HRBP,0.0
VENTLUNG,VENTALV,HRBP,0.0
VENTLUNG,VENTALV,HRBP,0.0
VENTLUNG,VENTALV,HRBP,0.0
VENTLUNG,ARTCO2,HRBP,0.0
VENTLUNG,ARTCO2,HRBP,0.0
VENTLUNG,ARTCO2,HRBP,0.0
VENTLUNG,ARTCO2,HRBP,0.0
VENTLUNG,ARTCO2,HRBP,0.0
VENTLUNG,ARTCO2,HRBP,0.0
VENTLUNG,ARTCO2,HRBP,0.0
VENTLUNG,ARTCO2,HRBP,0.0
VENTLUNG,ARTCO2,HRBP,0.0
VENTLUNG,ARTCO2,HRBP,0.0
VENTLUNG,ARTCO2,HRBP,0.0
VENTLUNG,ARTCO2,HRBP,0.0
VENTLUNG,ARTCO2,HRBP,0.0
VENTLUNG,ARTCO2,HRBP,0.0
VENTLUNG,ARTCO2,HRBP,0.0
VENTLUNG,ARTCO2,HRBP,0.0
VENTLUNG,ARTCO2,HRBP,0.0
VENTLUNG,ARTCO2,HRBP,0.0
VENTLUNG,ARTCO2,HRBP,0.0
VENTLUNG,ARTCO2,HRBP,0.0
VENTLUNG,CATECHOL,VENTALV,0.18572268117031898
VENTLUNG,CATECHOL,VENTALV,0.18572268117031898
VENTLUNG,CATECHOL,VENTALV,0.18572268117031898
VENTLUNG,CATECHOL,VENTALV,0.18572268117031898
VENTLUNG,CATECHOL,VENTALV,0.18572268117031898
VENTLUNG,CATECHOL,VENTALV,0.18572268117031898
VENTLUNG,CATECHOL,VENTALV,0.18572268117031898
VENTLUNG,HR,CATECHOL,0.6207797762031211
VENTLUNG,HR,CATECHOL,0.6207797762031211
VENTLUNG,HR,CATECHOL,0.6207797762031211
VENTLUNG,HR,CATECHOL,0.6207797762031211
VENTLUNG,HR,CATECHOL,0.6207797762031211
VENTLUNG,HR,CATECHOL,0.6207797762031211
VENTLUNG,HR,CATECHOL,0.6207797762031211
VENTLUNG,CO,CATECHOL,0.9608523376741298
VENTLUNG,CO,CATECHOL,0.9608523376741298
VENTLUNG,CO,CATECHOL,0.9608523376741298
VENTLUNG,CO,CATECHOL,0.9608523376741298
VENTLUNG,CO,CATECHOL,0.9608523376741298
VENTLUNG,CO,CATECHOL,0.9608523376741298
VENTLUNG,CO,CATECHOL,0.9608523376741298
VENTLUNG,BP,SAO2,0.08626529580501434
VENTLUNG,BP,SAO2,0.08626529580501434
VENTLUNG,BP,SAO2,0.08626529580501434
VENTLUNG,BP,SAO2,0.08626529580501434
VENTLUNG,BP,SAO2,0.08626529580501434
VENTALV,ARTCO2,HRBP,0.0
VENTALV,ARTCO2,HRBP,0.0
VENTALV,ARTCO2,HRBP,0.0
VENTALV,ARTCO2,HRBP,0.0
VENTALV,ARTCO2,HRBP,0.0
VENTALV,ARTCO2,HRBP,0.0
VENTALV,ARTCO2,HRBP,0.0
VENTALV,ARTCO2,HRBP,0.0
VENTALV,ARTCO2,HRBP,0.0
VENTALV,ARTCO2,HRBP,0.0
VENTALV,ARTCO2,HRBP,0.0
VENTALV,ARTCO2,HRBP,0.0
VENTALV,ARTCO2,HRBP,0.0
VENTALV,ARTCO2,HRBP,0.0
VENTALV,ARTCO2,HRBP,0.0
VENTALV,ARTCO2,HRBP,0.0
VENTALV,ARTCO2,HRBP,0.0
VENTALV,ARTCO2,HRBP,0.0
VENTALV,ARTCO2,HRBP,0.0
VENTALV,ARTCO2,HRBP,0.0
VENTALV,ARTCO2,HRBP,0.0
VENTALV,CATECHOL,HRBP,2.246818927839235e-274
VENTALV,CATECHOL,HRBP,2.246818927839235e-274
VENTALV,CATECHOL,HRBP,2.246818927839235e-274
VENTALV,CATECHOL,HRBP,2.246818927839235e-274
VENTALV,CATECHOL,HRBP,2.246818927839235e-274
VENTALV,CATECHOL,HRBP,2.246818927839235e-274
VENTALV,CATECHOL,HRBP,2.246818927839235e-274
VENTALV,CATECHOL,HRBP,2.246818927839235e-274
VENTALV,CATECHOL,HRBP,2.246818927839235e-274
VENTALV,CATECHOL,HRBP,2.246818927839235e-274
VENTALV,CATECHOL,HRBP,2.246818927839235e-274
VENTALV,CATECHOL,HRBP,2.246818927839235e-274
VENTALV,CATECHOL,HRBP,2.246818927839235e-274
VENTALV,CATECHOL,HRBP,2.246818927839235e-274
VENTALV,CATECHOL,HRBP,2.246818927839235e-274
VENTALV,CATECHOL,HRBP,2.246818927839235e-274
VENTALV,CATECHOL,HRBP,2.246818927839235e-274
VENTALV,CATECHOL,HRBP,2.246818927839235e-274
VENTALV,CATECHOL,HRBP,2.246818927839235e-274
VENTALV,CATECHOL,HRBP,2.246818927839235e-274
VENTALV,CATECHOL,HRBP,2.246818927839235e-274
VENTALV,HR,CATECHOL,0.5038331411728869
VENTALV,HR,CATECHOL,0.5038331411728869
VENTALV,HR,CATECHOL,0.5038331411728869
VENTALV,HR,CATECHOL,0.5038331411728869
VENTALV,HR,CATECHOL,0.5038331411728869
VENTALV,HR,CATECHOL,0.5038331411728869
VENTALV,HR,CATECHOL,0.5038331411728869
VENTALV,HR,CATECHOL,0.5038331411728869
VENTALV,CO,CATECHOL,0.6868000322815202
VENTALV,CO,CATECHOL,0.6868000322815202
VENTALV,CO,CATECHOL,0.6868000322815202
VENTALV,CO,CATECHOL,0.6868000322815202
VENTALV,CO,CATECHOL,0.6868000322815202
VENTALV,CO,CATECHOL,0.6868000322815202
VENTALV,CO,CATECHOL,0.6868000322815202
VENTALV,CO,CATECHOL,0.6868000322815202
VENTALV,BP,ARTCO2,0.18439552731340458
VENTALV,BP,ARTCO2,0.18439552731340458
VENTALV,BP,ARTCO2,0.18439552731340458
VENTALV,BP,ARTCO2,0.18439552731340458
VENTALV,BP,ARTCO2,0.18439552731340458
VENTALV,BP,ARTCO2,0.18439552731340458
VENTALV,BP,ARTCO2,0.18439552731340458
VENTALV,BP,ARTCO2,0.18439552731340458
VENTALV,BP,ARTCO2,0.18439552731340458
ARTCO2,CATECHOL,HRBP,4.351708687392036e-298
ARTCO2,CATECHOL,HRBP,4.351708687392036e-298
ARTCO2,CATECHOL,HRBP,4.351708687392036e-298
ARTCO2,CATECHOL,HRBP,4.351708687392036e-298
ARTCO2,CATECHOL,HRBP,4.351708687392036e-298
ARTCO2,CATECHOL,HRBP,4.351708687392036e-298
ARTCO2,CATECHOL,HRBP,4.351708687392036e-298
ARTCO2,CATECHOL,HRBP,4.351708687392036e-298
ARTCO2,CATECHOL,HRBP,4.351708687392036e-298
ARTCO2,CATECHOL,HRBP,4.351708687392036e-298
ARTCO2,CATECHOL,HRBP,4.351708687392036e-298
ARTCO2,CATECHOL,HRBP,4.351708687392036e-298
ARTCO2,CATECHOL,HRBP,4.351708687392036e-298
ARTCO2,CATECHOL,HRBP,4.351708687392036e-298
ARTCO2,CATECHOL,HRBP,4.351708687392036e-298
ARTCO2,CATECHOL,HRBP,4.351708687392036e-298
ARTCO2,CATECHOL,HRBP,4.351708687392036e-298
ARTCO2,CATECHOL,HRBP,4.351708687392036e-298
ARTCO2,CATECHOL,HRBP,4.351708687392036e-298
ARTCO2,CATECHOL,HRBP,4.351708687392036e-298
ARTCO2,CATECHOL,HRBP,4.351708687392036e-298
ARTCO2,HR,CATECHOL,0.26254885681814316
ARTCO2,HR,CATECHOL,0.26254885681814316
ARTCO2,HR,CATECHOL,0.26254885681814316
ARTCO2,HR,CATECHOL,0.26254885681814316
ARTCO2,HR,CATECHOL,0.26254885681814316
ARTCO2,HR,CATECHOL,0.26254885681814316
ARTCO2,HR,CATECHOL,0.26254885681814316
ARTCO2,HR,CATECHOL,0.26254885681814316
ARTCO2,CO,CATECHOL,0.5409602170577806
ARTCO2,CO,CATECHOL,0.5409602170577806
ARTCO2,CO,CATECHOL,0.5409602170577806
ARTCO2,CO,CATECHOL,0.5409602170577806
ARTCO2,CO,CATECHOL,0.5409602170577806
ARTCO2,CO,CATECHOL,0.5409602170577806
ARTCO2,CO,CATECHOL,0.5409602170577806
ARTCO2,CO,CATECHOL,0.5409602170577806
ARTCO2,BP,VENTALV,0.13756453298179572
ARTCO2,BP,VENTALV,0.13756453298179572
ARTCO2,BP,VENTALV,0.13756453298179572
ARTCO2,BP,VENTALV,0.13756453298179572
ARTCO2,BP,VENTALV,0.13756453298179572
ARTCO2,BP,VENTALV,0.13756453298179572
ARTCO2,BP,VENTALV,0.13756453298179572
ARTCO2,BP,VENTALV,0.13756453298179572
ARTCO2,BP,VENTALV,0.13756453298179572
CATECHOL,HR,HRBP,4.7716953169198684e-204
CATECHOL,HR,HRBP,4.7716953169198684e-204
CATECHOL,HR,HRBP,4.7716953169198684e-204
CATECHOL,HR,HRBP,4.7716953169198684e-204
CATECHOL,HR,HRBP,4.7716953169198684e-204
CATECHOL,HR,HRBP,4.7716953169198684e-204
CATECHOL,HR,HRBP,4.7716953169198684e-204
CATECHOL,HR,HRBP,4.7716953169198684e-204
CATECHOL,HR,HRBP,4.7716953169198684e-204
CATECHOL,HR,HRBP,4.7716953169198684e-204
CATECHOL,HR,HRBP,4.7716953169198684e-204
CATECHOL,HR,HRBP,4.7716953169198684e-204
CATECHOL,HR,HRBP,4.7716953169198684e-204
CATECHOL,HR,HRBP,4.7716953169198684e-204
CATECHOL,HR,HRBP,4.7716953169198684e-204
CATECHOL,HR,HRBP,4.7716953169198684e-204
CATECHOL,HR,HRBP,4.7716953169198684e-204
CATECHOL,HR,HRBP,4.7716953169198684e-204
CATECHOL,HR,HRBP,4.7716953169198684e-204
CATECHOL,HR,HRBP,4.7716953169198684e-204
CATECHOL,HR,HRBP,4.7716953169198684e-204
CATECHOL,HR,HRBP,4.7716953169198684e-204
CATECHOL,HR,HRBP,4.7716953169198684e-204
CATECHOL,CO,HR,0.8261881080928234
CATECHOL,CO,HR,0.8261881080928234
CATECHOL,CO,HR,0.8261881080928234
CATECHOL,CO,HR,0.8261881080928234
CATECHOL,CO,HR,0.8261881080928234
CATECHOL,CO,HR,0.8261881080928234
CATECHOL,CO,HR,0.8261881080928234
CATECHOL,CO,HR,0.8261881080928234
CATECHOL,CO,HR,0.8261881080928234
CATECHOL,CO,HR,0.8261881080928234
CATECHOL,CO,HR,0.8261881080928234
CATECHOL,CO,HR,0.8261881080928234
CATECHOL,CO,HR,0.8261881080928234
CATECHOL,BP,HRBP,9.101710677443267e-119
CATECHOL,BP,HRBP,9.101710677443267e-119
CATECHOL,BP,HRBP,9.101710677443267e-119
CATECHOL,BP,HRBP,9.101710677443267e-119
CATECHOL,BP,HRBP,9.101710677443267e-119
CATECHOL,BP,HRBP,9.101710677443267e-119
CATECHOL,BP,HRBP,9.101710677443267e-119
CATECHOL,BP,HRBP,9.101710677443267e-119
CATECHOL,BP,HRBP,9.101710677443267e-119
CATECHOL,BP,HRBP,9.101710677443267e-119
CATECHOL,BP,HRBP,9.101710677443267e-119
CATECHOL,BP,HRBP,9.101710677443267e-119
CATECHOL,BP,HRBP,9.101710677443267e-119
CATECHOL,BP,HRBP,9.101710677443267e-119
CATECHOL,BP,HRBP,9.101710677443267e-119
CATECHOL,BP,HRBP,9.101710677443267e-119
CATECHOL,BP,HRBP,9.101710677443267e-119
CATECHOL,BP,HRBP,9.101710677443267e-119
CATECHOL,BP,HRBP,9.101710677443267e-119
CATECHOL,BP,HRBP,9.101710677443267e-119
CATECHOL,BP,HRBP,9.101710677443267e-119
CATECHOL,BP,HRBP,9.101710677443267e-119
CATECHOL,BP,HRBP,9.101710677443267e-119
HR,CO,HRBP,0.0
HR,CO,HRBP,0.0
HR,CO,HRBP,0.0
HR,CO,HRBP,0.0
HR,CO,HRBP,0.0
HR,CO,HRBP,0.0
HR,CO,HRBP,0.0
HR,CO,HRBP,0.0
HR,CO,HRBP,0.0
HR,CO,HRBP,0.0
HR,CO,HRBP,0.0
HR,CO,HRBP,0.0
HR,CO,HRBP,0.0
HR,CO,HRBP,0.0
HR,CO,HRBP,0.0
HR,CO,HRBP,0.0
HR,CO,HRBP,0.0
HR,CO,HRBP,0.0
HR,CO,HRBP,0.0
HR,CO,HRBP,0.0
HR,CO,HRBP,0.0
HR,BP,HRBP,1.4034640628422204e-51
HR,BP,HRBP,1.4034640628422204e-51
HR,BP,HRBP,1.4034640628422204e-51
HR,BP,HRBP,1.4034640628422204e-51
HR,BP,HRBP,1.4034640628422204e-51
HR,BP,HRBP,1.4034640628422204e-51
HR,BP,HRBP,1.4034640628422204e-51
HR,BP,HRBP,1.4034640628422204e-51
HR,BP,HRBP,1.4034640628422204e-51
HR,BP,HRBP,1.4034640628422204e-51
HR,BP,HRBP,1.4034640628422204e-51
HR,BP,HRBP,1.4034640628422204e-51
HR,BP,HRBP,1.4034640628422204e-51
HR,BP,HRBP,1.4034640628422204e-51
HR,BP,HRBP,1.4034640628422204e-51
HR,BP,HRBP,1.4034640628422204e-51
HR,BP,HRBP,1.4034640628422204e-51
HR,BP,HRBP,1.4034640628422204e-51
HR,BP,HRBP,1.4034640628422204e-51
HR,BP,HRBP,1.4034640628422204e-51
HR,BP,HRBP,1.4034640628422204e-51
CO,BP,HISTORY,0.0
CO,BP,HISTORY,0.0
CO,BP,HISTORY,0.0
CO,BP,HISTORY,0.0
CO,BP,HISTORY,0.0
CO,BP,HISTORY,0.0
CO,BP,HISTORY,0.0
CO,BP,HISTORY,0.0
CO,BP,HISTORY,0.0
CO,BP,HISTORY,0.0
CO,BP,HISTORY,0.0
CO,BP,HISTORY,0.0
CO,BP,HISTORY,0.0
CO,BP,HISTORY,0.0
CO,BP,HISTORY,0.0
CO,BP,HISTORY,0.0
CO,BP,HISTORY,0.0
CO,BP,HISTORY,0.0
CO,BP,HISTORY,0.0
CO,BP,HISTORY,0.0
CO,BP,HISTORY,0.0
CO,BP,HISTORY,0.0
CO,BP,HISTORY,0.0
CO,BP,HISTORY,0.0
CO,BP,HISTORY,0.0
CO,BP,HISTORY,0.0
LVEDVOLUME,LVFAILURE,"PCWP,STROKEVOLUME",5.1204994626075825e-133
LVEDVOLUME,LVFAILURE,"PCWP,STROKEVOLUME",5.1204994626075825e-133
LVEDVOLUME,LVFAILURE,"PCWP,STROKEVOLUME",5.1204994626075825e-133
LVEDVOLUME,LVFAILURE,"PCWP,STROKEVOLUME",5.1204994626075825e-133
LVEDVOLUME,LVFAILURE,"PCWP,STROKEVOLUME",5.1204994626075825e-133
LVEDVOLUME,LVFAILURE,"PCWP,STROKEVOLUME",5.1204994626075825e-133
LVEDVOLUME,STROKEVOLUME,"HYPOVOLEMIA,LVFAILURE",0.3843558700979157
LVEDVOLUME,STROKEVOLUME,"HYPOVOLEMIA,LVFAILURE",0.3843558700979157
LVFAILURE,STROKEVOLUME,"HISTORY,LVEDVOLUME",3.668655525065853e-99
STROKEVOLUME,CO,"BP,LVFAILURE",0.0
STROKEVOLUME,CO,"BP,LVFAILURE",0.0
STROKEVOLUME,CO,"BP,LVFAILURE",0.0
STROKEVOLUME,CO,"BP,LVFAILURE",0.0
STROKEVOLUME,CO,"BP,LVFAILURE",0.0
STROKEVOLUME,CO,"BP,LVFAILURE",0.0
STROKEVOLUME,BP,"CO,LVFAILURE",4.9781058757378706e-05
STROKEVOLUME,BP,"CO,LVFAILURE",4.9781058757378706e-05
STROKEVOLUME,BP,"CO,LVFAILURE",4.9781058757378706e-05
STROKEVOLUME,BP,"CO,LVFAILURE",4.9781058757378706e-05
STROKEVOLUME,BP,"CO,LVFAILURE",4.9781058757378706e-05
STROKEVOLUME,BP,"CO,LVFAILURE",4.9781058757378706e-05
HREKG,ERRCAUTER,"HR,HRSAT",0.0
HREKG,HRSAT,"ERRCAUTER,HR",0.07246342987486772
HREKG,HR,"ERRCAUTER,HRSAT",0.0
ERRCAUTER,HRSAT,"CATECHOL,HREKG",0.0
ERRCAUTER,CATECHOL,"HREKG,HRSAT",5.668058907020129e-59
HRSAT,HR,"ERRCAUTER,HREKG",0.0
TPR,CATECHOL,"ANAPHYLAXIS,BP",0.0
TPR,BP,"ANAPHYLAXIS,CATECHOL",0.0
EXPCO2,MINVOL,"SAO2,VENTLUNG",5.904526620115086e-111
EXPCO2,MINVOL,"SAO2,VENTLUNG",5.904526620115086e-111
EXPCO2,MINVOL,"SAO2,VENTLUNG",5.904526620115086e-111
EXPCO2,MINVOL,"SAO2,VENTLUNG",5.904526620115086e-111
EXPCO2,MINVOL,"SAO2,VENTLUNG",5.904526620115086e-111
EXPCO2,MINVOL,"SAO2,VENTLUNG",5.904526620115086e-111
EXPCO2,MINVOL,"SAO2,VENTLUNG",5.904526620115086e-111
EXPCO2,MINVOL,"SAO2,VENTLUNG",5.904526620115086e-111
EXPCO2,MINVOL,"SAO2,VENTLUNG",5.904526620115086e-111
EXPCO2,MINVOL,"SAO2,VENTLUNG",5.904526620115086e-111
EXPCO2,MINVOL,"SAO2,VENTLUNG",5.904526620115086e-111
EXPCO2,MINVOL,"SAO2,VENTLUNG",5.904526620115086e-111
EXPCO2,MINVOL,"SAO2,VENTLUNG",5.904526620115086e-111
EXPCO2,MINVOL,"SAO2,VENTLUNG",5.904526620115086e-111
EXPCO2,MINVOL,"SAO2,VENTLUNG",5.904526620115086e-111
EXPCO2,MINVOL,"SAO2,VENTLUNG",5.904526620115086e-111
EXPCO2,MINVOL,"SAO2,VENTLUNG",5.904526620115086e-111
EXPCO2,MINVOL,"SAO2,VENTLUNG",5.904526620115086e-111
EXPCO2,MINVOL,"SAO2,VENTLUNG",5.904526620115086e-111
EXPCO2,MINVOL,"SAO2,VENTLUNG",5.904526620115086e-111
EXPCO2,MINVOL,"SAO2,VENTLUNG",5.904526620115086e-111
EXPCO2,MINVOL,"SAO2,VENTLUNG",5.904526620115086e-111
EXPCO2,MINVOL,"SAO2,VENTLUNG",5.904526620115086e-111
EXPCO2,MINVOL,"SAO2,VENTLUNG",5.904526620115086e-111
EXPCO2,MINVOL,"SAO2,VENTLUNG",5.904526620115086e-111
EXPCO2,MINVOL,"SAO2,VENTLUNG",5.904526620115086e-111
EXPCO2,MINVOL,"SAO2,VENTLUNG",5.904526620115086e-111
EXPCO2,MINVOL,"SAO2,VENTLUNG",5.904526620115086e-111
EXPCO2,MINVOL,"SAO2,VENTLUNG",5.904526620115086e-111
EXPCO2,MINVOL,"SAO2,VENTLUNG",5.904526620115086e-111
EXPCO2,MINVOL,"SAO2,VENTLUNG",5.904526620115086e-111
EXPCO2,MINVOL,"SAO2,VENTLUNG",5.904526620115086e-111
EXPCO2,MINVOL,"SAO2,VENTLUNG",5.904526620115086e-111
EXPCO2,MINVOL,"SAO2,VENTLUNG",5.904526620115086e-111
EXPCO2,MINVOL,"SAO2,VENTLUNG",5.904526620115086e-111
EXPCO2,MINVOL,"SAO2,VENTLUNG",5.904526620115086e-111
EXPCO2,PVSAT,"ARTCO2,VENTLUNG",0.054888687737429505
EXPCO2,PVSAT,"ARTCO2,VENTLUNG",0.054888687737429505
EXPCO2,PVSAT,"ARTCO2,VENTLUNG",0.054888687737429505
EXPCO2,PVSAT,"ARTCO2,VENTLUNG",0.054888687737429505
EXPCO2,PVSAT,"ARTCO2,VENTLUNG",0.054888687737429505
EXPCO2,PVSAT,"ARTCO2,VENTLUNG",0.054888687737429505
EXPCO2,PVSAT,"ARTCO2,VENTLUNG",0.054888687737429505
EXPCO2,PVSAT,"ARTCO2,VENTLUNG",0.054888687737429505
EXPCO2,PVSAT,"ARTCO2,VENTLUNG",0.054888687737429505
EXPCO2,PVSAT,"ARTCO2,VENTLUNG",0.054888687737429505
EXPCO2,PVSAT,"ARTCO2,VENTLUNG",0.054888687737429505
EXPCO2,PVSAT,"ARTCO2,VENTLUNG",0.054888687737429505
EXPCO2,PVSAT,"ARTCO2,VENTLUNG",0.054888687737429505
EXPCO2,PVSAT,"ARTCO2,VENTLUNG",0.054888687737429505
EXPCO2,PVSAT,"ARTCO2,VENTLUNG",0.054888687737429505
EXPCO2,PVSAT,"ARTCO2,VENTLUNG",0.054888687737429505
EXPCO2,PVSAT,"ARTCO2,VENTLUNG",0.054888687737429505
EXPCO2,PVSAT,"ARTCO2,VENTLUNG",0.054888687737429505
EXPCO2,PVSAT,"ARTCO2,VENTLUNG",0.054888687737429505
EXPCO2,SAO2,"ARTCO2,VENTLUNG",0.09385518372048193
EXPCO2,SAO2,"ARTCO2,VENTLUNG",0.09385518372048193
EXPCO2,SAO2,"ARTCO2,VENTLUNG",0.09385518372048193
EXPCO2,SAO2,"ARTCO2,VENTLUNG",0.09385518372048193
EXPCO2,SAO2,"ARTCO2,VENTLUNG",0.09385518372048193
EXPCO2,SAO2,"ARTCO2,VENTLUNG",0.09385518372048193
EXPCO2,SAO2,"ARTCO2,VENTLUNG",0.09385518372048193
EXPCO2,SAO2,"ARTCO2,VENTLUNG",0.09385518372048193
EXPCO2,SAO2,"ARTCO2,VENTLUNG",0.09385518372048193
EXPCO2,SAO2,"ARTCO2,VENTLUNG",0.09385518372048193
EXPCO2,SAO2,"ARTCO2,VENTLUNG",0.09385518372048193
EXPCO2,SAO2,"ARTCO2,VENTLUNG",0.09385518372048193
EXPCO2,SAO2,"ARTCO2,VENTLUNG",0.09385518372048193
EXPCO2,SAO2,"ARTCO2,VENTLUNG",0.09385518372048193
EXPCO2,SAO2,"ARTCO2,VENTLUNG",0.09385518372048193
EXPCO2,SAO2,"ARTCO2,VENTLUNG",0.09385518372048193
EXPCO2,SAO2,"ARTCO2,VENTLUNG",0.09385518372048193
EXPCO2,SAO2,"ARTCO2,VENTLUNG",0.09385518372048193
EXPCO2,SAO2,"ARTCO2,VENTLUNG",0.09385518372048193
EXPCO2,SAO2,"ARTCO2,VENTLUNG",0.09385518372048193
EXPCO2,INTUBATION,"MINVOL,SAO2",0.0
EXPCO2,INTUBATION,"MINVOL,SAO2",0.0
EXPCO2,INTUBATION,"MINVOL,SAO2",0.0
EXPCO2,INTUBATION,"MINVOL,SAO2",0.0
EXPCO2,INTUBATION,"MINVOL,SAO2",0.0
EXPCO2,INTUBATION,"MINVOL,SAO2",0.0
EXPCO2,INTUBATION,"MINVOL,SAO2",0.0
EXPCO2,INTUBATION,"MINVOL,SAO2",0.0
EXPCO2,INTUBATION,"MINVOL,SAO2",0.0
EXPCO2,INTUBATION,"MINVOL,SAO2",0.0
EXPCO2,INTUBATION,"MINVOL,SAO2",0.0
EXPCO2,INTUBATION,"MINVOL,SAO2",0.0
EXPCO2,INTUBATION,"MINVOL,SAO2",0.0
EXPCO2,INTUBATION,"MINVOL,SAO2",0.0
EXPCO2,INTUBATION,"MINVOL,SAO2",0.0
EXPCO2,INTUBATION,"MINVOL,SAO2",0.0
EXPCO2,INTUBATION,"MINVOL,SAO2",0.0
EXPCO2,INTUBATION,"MINVOL,SAO2",0.0
EXPCO2,INTUBATION,"MINVOL,SAO2",0.0
EXPCO2,INTUBATION,"MINVOL,SAO2",0.0
EXPCO2,INTUBATION,"MINVOL,SAO2",0.0
EXPCO2,INTUBATION,"MINVOL,SAO2",0.0
EXPCO2,INTUBATION,"MINVOL,SAO2",0.0
EXPCO2,INTUBATION,"MINVOL,SAO2",0.0
EXPCO2,INTUBATION,"MINVOL,SAO2",0.0
EXPCO2,INTUBATION,"MINVOL,SAO2",0.0
EXPCO2,INTUBATION,"MINVOL,SAO2",0.0
EXPCO2,INTUBATION,"MINVOL,SAO2",0.0
EXPCO2,INTUBATION,"MINVOL,SAO2",0.0
EXPCO2,INTUBATION,"MINVOL,SAO2",0.0
EXPCO2,INTUBATION,"MINVOL,SAO2",0.0
EXPCO2,INTUBATION,"MINVOL,SAO2",0.0
EXPCO2,INTUBATION,"MINVOL,SAO2",0.0
EXPCO2,INTUBATION,"MINVOL,SAO2",0.0
EXPCO2,INTUBATION,"MINVOL,SAO2",0.0
EXPCO2,INTUBATION,"MINVOL,SAO2",0.0
EXPCO2,PRESS,"VENTALV,VENTLUNG",0.8594837053072709
EXPCO2,PRESS,"VENTALV,VENTLUNG",0.8594837053072709
EXPCO2,PRESS,"VENTALV,VENTLUNG",0.8594837053072709
EXPCO2,PRESS,"VENTALV,VENTLUNG",0.8594837053072709
EXPCO2,PRESS,"VENTALV,VENTLUNG",0.8594837053072709
EXPCO2,PRESS,"VENTALV,VENTLUNG",0.8594837053072709
EXPCO2,MINVOLSET,"VENTALV,VENTLUNG",0.06656994988565679
EXPCO2,MINVOLSET,"VENTALV,VENTLUNG",0.06656994988565679
EXPCO2,MINVOLSET,"VENTALV,VENTLUNG",0.06656994988565679
EXPCO2,MINVOLSET,"VENTALV,VENTLUNG",0.06656994988565679
EXPCO2,MINVOLSET,"VENTALV,VENTLUNG",0.06656994988565679
EXPCO2,MINVOLSET,"VENTALV,VENTLUNG",0.06656994988565679
EXPCO2,VENTTUBE,"VENTALV,VENTLUNG",0.06791493796026637
EXPCO2,VENTTUBE,"VENTALV,VENTLUNG",0.06791493796026637
EXPCO2,VENTTUBE,"VENTALV,VENTLUNG",0.06791493796026637
EXPCO2,VENTTUBE,"VENTALV,VENTLUNG",0.06791493796026637
EXPCO2,VENTTUBE,"VENTALV,VENTLUNG",0.06791493796026637
EXPCO2,VENTTUBE,"VENTALV,VENTLUNG",0.06791493796026637
EXPCO2,VENTLUNG,"MINVOL,SAO2",0.0
EXPCO2,VENTLUNG,"MINVOL,SAO2",0.0
EXPCO2,VENTLUNG,"MINVOL,SAO2",0.0
EXPCO2,VENTLUNG,"MINVOL,SAO2",0.0
EXPCO2,VENTLUNG,"MINVOL,SAO2",0.0
EXPCO2,VENTLUNG,"MINVOL,SAO2",0.0
EXPCO2,VENTLUNG,"MINVOL,SAO2",0.0
EXPCO2,VENTLUNG,"MINVOL,SAO2",0.0
EXPCO2,VENTLUNG,"MINVOL,SAO2",0.0
EXPCO2,VENTLUNG,"MINVOL,SAO2",0.0
EXPCO2,VENTLUNG,"MINVOL,SAO2",0.0
EXPCO2,VENTLUNG,"MINVOL,SAO2",0.0
EXPCO2,VENTLUNG,"MINVOL,SAO2",0.0
EXPCO2,VENTLUNG,"MINVOL,SAO2",0.0
EXPCO2,VENTLUNG,"MINVOL,SAO2",0.0
EXPCO2,VENTLUNG,"MINVOL,SAO2",0.0
EXPCO2,VENTLUNG,"MINVOL,SAO2",0.0
EXPCO2,VENTLUNG,"MINVOL,SAO2",0.0
EXPCO2,VENTLUNG,"MINVOL,SAO2",0.0
EXPCO2,VENTLUNG,"MINVOL,SAO2",0.0
EXPCO2,VENTLUNG,"MINVOL,SAO2",0.0
EXPCO2,VENTLUNG,"MINVOL,SAO2",0.0
EXPCO2,VENTLUNG,"MINVOL,SAO2",0.0
EXPCO2,VENTLUNG,"MINVOL,SAO2",0.0
EXPCO2,VENTLUNG,"MINVOL,SAO2",0.0
EXPCO2,VENTLUNG,"MINVOL,SAO2",0.0
EXPCO2,VENTLUNG,"MINVOL,SAO2",0.0
EXPCO2,VENTLUNG,"MINVOL,SAO2",0.0
EXPCO2,VENTLUNG,"MINVOL,SAO2",0.0
EXPCO2,VENTLUNG,"MINVOL,SAO2",0.0
EXPCO2,VENTLUNG,"MINVOL,SAO2",0.0
EXPCO2,VENTLUNG,"MINVOL,SAO2",0.0
EXPCO2,VENTLUNG,"MINVOL,SAO2",0.0
EXPCO2,VENTLUNG,"MINVOL,SAO2",0.0
EXPCO2,VENTLUNG,"MINVOL,SAO2",0.0
EXPCO2,VENTLUNG,"MINVOL,SAO2",0.0
EXPCO2,VENTALV,"MINVOL,SAO2",0.0
EXPCO2,VENTALV,"MINVOL,SAO2",0.0
EXPCO2,VENTALV,"MINVOL,SAO2",0.0
EXPCO2,VENTALV,"MINVOL,SAO2",0.0
EXPCO2,VENTALV,"MINVOL,SAO2",0.0
EXPCO2,VENTALV,"MINVOL,SAO2",0.0
EXPCO2,VENTALV,"MINVOL,SAO2",0.0
EXPCO2,VENTALV,"MINVOL,SAO2",0.0
EXPCO2,VENTALV,"MINVOL,SAO2",0.0
EXPCO2,VENTALV,"MINVOL,SAO2",0.0
EXPCO2,VENTALV,"MINVOL,SAO2",0.0
EXPCO2,VENTALV,"MINVOL,SAO2",0.0
EXPCO2,VENTALV,"MINVOL,SAO2",0.0
EXPCO2,VENTALV,"MINVOL,SAO2",0.0
EXPCO2,VENTALV,"MINVOL,SAO2",0.0
EXPCO2,VENTALV,"MINVOL,SAO2",0.0
EXPCO2,VENTALV,"MINVOL,SAO2",0.0
EXPCO2,VENTALV,"MINVOL,SAO2",0.0
EXPCO2,VENTALV,"MINVOL,SAO2",0.0
EXPCO2,VENTALV,"MINVOL,SAO2",0.0
EXPCO2,VENTALV,"MINVOL,SAO2",0.0
EXPCO2,VENTALV,"MINVOL,SAO2",0.0
EXPCO2,VENTALV,"MINVOL,SAO2",0.0
EXPCO2,VENTALV,"MINVOL,SAO2",0.0
EXPCO2,VENTALV,"MINVOL,SAO2",0.0
EXPCO2,VENTALV,"MINVOL,SAO2",0.0
EXPCO2,VENTALV,"MINVOL,SAO2",0.0
EXPCO2,VENTALV,"MINVOL,SAO2",0.0
EXPCO2,VENTALV,"MINVOL,SAO2",0.0
EXPCO2,VENTALV,"MINVOL,SAO2",0.0
EXPCO2,VENTALV,"MINVOL,SAO2",0.0
EXPCO2,VENTALV,"MINVOL,SAO2",0.0
EXPCO2,VENTALV,"MINVOL,SAO2",0.0
EXPCO2,VENTALV,"MINVOL,SAO2",0.0
EXPCO2,VENTALV,"MINVOL,SAO2",0.0
EXPCO2,VENTALV,"MINVOL,SAO2",0.0
EXPCO2,ARTCO2,"MINVOL,SAO2",0.0
EXPCO2,ARTCO2,"MINVOL,SAO2",0.0
EXPCO2,ARTCO2,"MINVOL,SAO2",0.0
EXPCO2,ARTCO2,"MINVOL,SAO2",0.0
EXPCO2,ARTCO2,"MINVOL,SAO2",0.0
EXPCO2,ARTCO2,"MINVOL,SAO2",0.0
EXPCO2,ARTCO2,"MINVOL,SAO2",0.0
EXPCO2,ARTCO2,"MINVOL,SAO2",0.0
EXPCO2,ARTCO2,"MINVOL,SAO2",0.0
EXPCO2,ARTCO2,"MINVOL,SAO2",0.0
EXPCO2,ARTCO2,"MINVOL,SAO2",0.0
EXPCO2,ARTCO2,"MINVOL,SAO2",0.0
EXPCO2,ARTCO2,"MINVOL,SAO2",0.0
EXPCO2,ARTCO2,"MINVOL,SAO2",0.0
EXPCO2,ARTCO2,"MINVOL,SAO2",0.0
EXPCO2,ARTCO2,"MINVOL,SAO2",0.0
EXPCO2,ARTCO2,"MINVOL,SAO2",0.0
EXPCO2,ARTCO2,"MINVOL,SAO2",0.0
EXPCO2,ARTCO2,"MINVOL,SAO2",0.0
EXPCO2,ARTCO2,"MINVOL,SAO2",0.0
EXPCO2,ARTCO2,"MINVOL,SAO2",0.0
EXPCO2,ARTCO2,"MINVOL,SAO2",0.0
EXPCO2,ARTCO2,"MINVOL,SAO2",0.0
EXPCO2,ARTCO2,"MINVOL,SAO2",0.0
EXPCO2,ARTCO2,"MINVOL,SAO2",0.0
EXPCO2,ARTCO2,"MINVOL,SAO2",0.0
EXPCO2,ARTCO2,"MINVOL,SAO2",0.0
EXPCO2,ARTCO2,"MINVOL,SAO2",0.0
EXPCO2,ARTCO2,"MINVOL,SAO2",0.0
EXPCO2,ARTCO2,"MINVOL,SAO2",0.0
EXPCO2,ARTCO2,"MINVOL,SAO2",0.0
EXPCO2,ARTCO2,"MINVOL,SAO2",0.0
EXPCO2,ARTCO2,"MINVOL,SAO2",0.0
EXPCO2,ARTCO2,"MINVOL,SAO2",0.0
EXPCO2,ARTCO2,"MINVOL,SAO2",0.0
EXPCO2,ARTCO2,"MINVOL,SAO2",0.0
KINKEDTUBE,MINVOL,"PRESS,VENTALV",1.2504059648795522e-06
KINKEDTUBE,MINVOL,"PRESS,VENTALV",1.2504059648795522e-06
KINKEDTUBE,MINVOL,"PRESS,VENTALV",1.2504059648795522e-06
KINKEDTUBE,PRESS,"MINVOL,VENTALV",8.578018053633852e-187
KINKEDTUBE,PRESS,"MINVOL,VENTALV",8.578018053633852e-187
KINKEDTUBE,PRESS,"MINVOL,VENTALV",8.578018053633852e-187
KINKEDTUBE,VENTLUNG,"MINVOL,PRESS",1.8610474670093115e-16
KINKEDTUBE,VENTLUNG,"MINVOL,PRESS",1.8610474670093115e-16
KINKEDTUBE,VENTLUNG,"MINVOL,PRESS",1.8610474670093115e-16
KINKEDTUBE,VENTALV,"MINVOL,PRESS",5.208496720761655e-10
KINKEDTUBE,VENTALV,"MINVOL,PRESS",5.208496720761655e-10
KINKEDTUBE,VENTALV,"MINVOL,PRESS",5.208496720761655e-10
MINVOL,PVSAT,"KINKEDTUBE,SAO2",0.0
MINVOL,PVSAT,"KINKEDTUBE,SAO2",0.0
MINVOL,PVSAT,"KINKEDTUBE,SAO2",0.0
MINVOL,PVSAT,"KINKEDTUBE,SAO2",0.0
MINVOL,PVSAT,"KINKEDTUBE,SAO2",0.0
MINVOL,PVSAT,"KINKEDTUBE,SAO2",0.0
MINVOL,PVSAT,"KINKEDTUBE,SAO2",0.0
MINVOL,PVSAT,"KINKEDTUBE,SAO2",0.0
MINVOL,PVSAT,"KINKEDTUBE,SAO2",0.0
MINVOL,PVSAT,"KINKEDTUBE,SAO2",0.0
MINVOL,PVSAT,"KINKEDTUBE,SAO2",0.0
MINVOL,PVSAT,"KINKEDTUBE,SAO2",0.0
MINVOL,PVSAT,"KINKEDTUBE,SAO2",0.0
MINVOL,PVSAT,"KINKEDTUBE,SAO2",0.0
MINVOL,PVSAT,"KINKEDTUBE,SAO2",0.0
MINVOL,PVSAT,"KINKEDTUBE,SAO2",0.0
MINVOL,PVSAT,"KINKEDTUBE,SAO2",0.0
MINVOL,PVSAT,"KINKEDTUBE,SAO2",0.0
MINVOL,PVSAT,"KINKEDTUBE,SAO2",0.0
MINVOL,PVSAT,"KINKEDTUBE,SAO2",0.0
MINVOL,PVSAT,"KINKEDTUBE,SAO2",0.0
MINVOL,PVSAT,"KINKEDTUBE,SAO2",0.0
MINVOL,PVSAT,"KINKEDTUBE,SAO2",0.0
MINVOL,PVSAT,"KINKEDTUBE,SAO2",0.0
MINVOL,PVSAT,"KINKEDTUBE,SAO2",0.0
MINVOL,PVSAT,"KINKEDTUBE,SAO2",0.0
MINVOL,PVSAT,"KINKEDTUBE,SAO2",0.0
MINVOL,PVSAT,"KINKEDTUBE,SAO2",0.0
MINVOL,SAO2,"INTUBATION,VENTALV",0.1451589815684005
MINVOL,INTUBATION,"KINKEDTUBE,SAO2",0.0
MINVOL,INTUBATION,"KINKEDTUBE,SAO2",0.0
MINVOL,INTUBATION,"KINKEDTUBE,SAO2",0.0
MINVOL,INTUBATION,"KINKEDTUBE,SAO2",0.0
MINVOL,INTUBATION,"KINKEDTUBE,SAO2",0.0
MINVOL,INTUBATION,"KINKEDTUBE,SAO2",0.0
MINVOL,INTUBATION,"KINKEDTUBE,SAO2",0.0
MINVOL,INTUBATION,"KINKEDTUBE,SAO2",0.0
MINVOL,INTUBATION,"KINKEDTUBE,SAO2",0.0
MINVOL,INTUBATION,"KINKEDTUBE,SAO2",0.0
MINVOL,INTUBATION,"KINKEDTUBE,SAO2",0.0
MINVOL,INTUBATION,"KINKEDTUBE,SAO2",0.0
MINVOL,INTUBATION,"KINKEDTUBE,SAO2",0.0
MINVOL,INTUBATION,"KINKEDTUBE,SAO2",0.0
MINVOL,INTUBATION,"KINKEDTUBE,SAO2",0.0
MINVOL,INTUBATION,"KINKEDTUBE,SAO2",0.0
MINVOL,INTUBATION,"KINKEDTUBE,SAO2",0.0
MINVOL,INTUBATION,"KINKEDTUBE,SAO2",0.0
MINVOL,INTUBATION,"KINKEDTUBE,SAO2",0.0
MINVOL,INTUBATION,"KINKEDTUBE,SAO2",0.0
MINVOL,INTUBATION,"KINKEDTUBE,SAO2",0.0
MINVOL,INTUBATION,"KINKEDTUBE,SAO2",0.0
MINVOL,INTUBATION,"KINKEDTUBE,SAO2",0.0
MINVOL,INTUBATION,"KINKEDTUBE,SAO2",0.0
MINVOL,INTUBATION,"KINKEDTUBE,SAO2",0.0
MINVOL,INTUBATION,"KINKEDTUBE,SAO2",0.0
MINVOL,INTUBATION,"KINKEDTUBE,SAO2",0.0
MINVOL,INTUBATION,"KINKEDTUBE,SAO2",0.0
MINVOL,PRESS,"KINKEDTUBE,SAO2",5.885537402847392e-205
MINVOL,PRESS,"KINKEDTUBE,SAO2",5.885537402847392e-205
MINVOL,PRESS,"KINKEDTUBE,SAO2",5.885537402847392e-205
MINVOL,PRESS,"KINKEDTUBE,SAO2",5.885537402847392e-205
MINVOL,PRESS,"KINKEDTUBE,SAO2",5.885537402847392e-205
MINVOL,PRESS,"KINKEDTUBE,SAO2",5.885537402847392e-205
MINVOL,PRESS,"KINKEDTUBE,SAO2",5.885537402847392e-205
MINVOL,PRESS,"KINKEDTUBE,SAO2",5.885537402847392e-205
MINVOL,PRESS,"KINKEDTUBE,SAO2",5.885537402847392e-205
MINVOL,PRESS,"KINKEDTUBE,SAO2",5.885537402847392e-205
MINVOL,PRESS,"KINKEDTUBE,SAO2",5.885537402847392e-205
MINVOL,PRESS,"KINKEDTUBE,SAO2",5.885537402847392e-205
MINVOL,PRESS,"KINKEDTUBE,SAO2",5.885537402847392e-205
MINVOL,PRESS,"KINKEDTUBE,SAO2",5.885537402847392e-205
MINVOL,PRESS,"KINKEDTUBE,SAO2",5.885537402847392e-205
MINVOL,PRESS,"KINKEDTUBE,SAO2",5.885537402847392e-205
MINVOL,PRESS,"KINKEDTUBE,SAO2",5.885537402847392e-205
MINVOL,PRESS,"KINKEDTUBE,SAO2",5.885537402847392e-205
MINVOL,PRESS,"KINKEDTUBE,SAO2",5.885537402847392e-205
MINVOL,PRESS,"KINKEDTUBE,SAO2",5.885537402847392e-205
MINVOL,PRESS,"KINKEDTUBE,SAO2",5.885537402847392e-205
MINVOL,PRESS,"KINKEDTUBE,SAO2",5.885537402847392e-205
MINVOL,PRESS,"KINKEDTUBE,SAO2",5.885537402847392e-205
MINVOL,PRESS,"KINKEDTUBE,SAO2",5.885537402847392e-205
MINVOL,PRESS,"KINKEDTUBE,SAO2",5.885537402847392e-205
MINVOL,PRESS,"KINKEDTUBE,SAO2",5.885537402847392e-205
MINVOL,PRESS,"KINKEDTUBE,SAO2",5.885537402847392e-205
MINVOL,PRESS,"KINKEDTUBE,SAO2",5.885537402847392e-205
MINVOL,VENTTUBE,"KINKEDTUBE,SAO2",0.0
MINVOL,VENTTUBE,"KINKEDTUBE,SAO2",0.0
MINVOL,VENTTUBE,"KINKEDTUBE,SAO2",0.0
MINVOL,VENTTUBE,"KINKEDTUBE,SAO2",0.0
MINVOL,VENTTUBE,"KINKEDTUBE,SAO2",0.0
MINVOL,VENTTUBE,"KINKEDTUBE,SAO2",0.0
MINVOL,VENTTUBE,"KINKEDTUBE,SAO2",0.0
MINVOL,VENTTUBE,"KINKEDTUBE,SAO2",0.0
MINVOL,VENTTUBE,"KINKEDTUBE,SAO2",0.0
MINVOL,VENTTUBE,"KINKEDTUBE,SAO2",0.0
MINVOL,VENTTUBE,"KINKEDTUBE,SAO2",0.0
MINVOL,VENTTUBE,"KINKEDTUBE,SAO2",0.0
MINVOL,VENTTUBE,"KINKEDTUBE,SAO2",0.0
MINVOL,VENTTUBE,"KINKEDTUBE,SAO2",0.0
MINVOL,VENTTUBE,"KINKEDTUBE,SAO2",0.0
MINVOL,VENTTUBE,"KINKEDTUBE,SAO2",0.0
MINVOL,VENTTUBE,"KINKEDTUBE,SAO2",0.0
MINVOL,VENTTUBE,"KINKEDTUBE,SAO2",0.0
MINVOL,VENTTUBE,"KINKEDTUBE,SAO2",0.0
MINVOL,VENTTUBE,"KINKEDTUBE,SAO2",0.0
MINVOL,VENTTUBE,"KINKEDTUBE,SAO2",0.0
MINVOL,VENTTUBE,"KINKEDTUBE,SAO2",0.0
MINVOL,VENTTUBE,"KINKEDTUBE,SAO2",0.0
MINVOL,VENTTUBE,"KINKEDTUBE,SAO2",0.0
MINVOL,VENTTUBE,"KINKEDTUBE,SAO2",0.0
MINVOL,VENTTUBE,"KINKEDTUBE,SAO2",0.0
MINVOL,VENTTUBE,"KINKEDTUBE,SAO2",0.0
MINVOL,VENTTUBE,"KINKEDTUBE,SAO2",0.0
MINVOL,VENTLUNG,"KINKEDTUBE,SAO2",0.0
MINVOL,VENTLUNG,"KINKEDTUBE,SAO2",0.0
MINVOL,VENTLUNG,"KINKEDTUBE,SAO2",0.0
MINVOL,VENTLUNG,"KINKEDTUBE,SAO2",0.0
MINVOL,VENTLUNG,"KINKEDTUBE,SAO2",0.0
MINVOL,VENTLUNG,"KINKEDTUBE,SAO2",0.0
MINVOL,VENTLUNG,"KINKEDTUBE,SAO2",0.0
MINVOL,VENTLUNG,"KINKEDTUBE,SAO2",0.0
MINVOL,VENTLUNG,"KINKEDTUBE,SAO2",0.0
MINVOL,VENTLUNG,"KINKEDTUBE,SAO2",0.0
MINVOL,VENTLUNG,"KINKEDTUBE,SAO2",0.0
MINVOL,VENTLUNG,"KINKEDTUBE,SAO2",0.0
MINVOL,VENTLUNG,"KINKEDTUBE,SAO2",0.0
MINVOL,VENTLUNG,"KINKEDTUBE,SAO2",0.0
MINVOL,VENTLUNG,"KINKEDTUBE,SAO2",0.0
MINVOL,VENTLUNG,"KINKEDTUBE,SAO2",0.0
MINVOL,VENTLUNG,"KINKEDTUBE,SAO2",0.0
MINVOL,VENTLUNG,"KINKEDTUBE,SAO2",0.0
MINVOL,VENTLUNG,"KINKEDTUBE,SAO2",0.0
MINVOL,VENTLUNG,"KINKEDTUBE,SAO2",0.0
MINVOL,VENTLUNG,"KINKEDTUBE,SAO2",0.0
MINVOL,VENTLUNG,"KINKEDTUBE,SAO2",0.0
MINVOL,VENTLUNG,"KINKEDTUBE,SAO2",0.0
MINVOL,VENTLUNG,"KINKEDTUBE,SAO2",0.0
MINVOL,VENTLUNG,"KINKEDTUBE,SAO2",0.0
MINVOL,VENTLUNG,"KINKEDTUBE,SAO2",0.0
MINVOL,VENTLUNG,"KINKEDTUBE,SAO2",0.0
MINVOL,VENTLUNG,"KINKEDTUBE,SAO2",0.0
MINVOL,VENTALV,"KINKEDTUBE,SAO2",0.0
MINVOL,VENTALV,"KINKEDTUBE,SAO2",0.0
MINVOL,VENTALV,"KINKEDTUBE,SAO2",0.0
MINVOL,VENTALV,"KINKEDTUBE,SAO2",0.0
MINVOL,VENTALV,"KINKEDTUBE,SAO2",0.0
MINVOL,VENTALV,"KINKEDTUBE,SAO2",0.0
MINVOL,VENTALV,"KINKEDTUBE,SAO2",0.0
MINVOL,VENTALV,"KINKEDTUBE,SAO2",0.0
MINVOL,VENTALV,"KINKEDTUBE,SAO2",0.0
MINVOL,VENTALV,"KINKEDTUBE,SAO2",0.0
MINVOL,VENTALV,"KINKEDTUBE,SAO2",0.0
MINVOL,VENTALV,"KINKEDTUBE,SAO2",0.0
MINVOL,VENTALV,"KINKEDTUBE,SAO2",0.0
MINVOL,VENTALV,"KINKEDTUBE,SAO2",0.0
MINVOL,VENTALV,"KINKEDTUBE,SAO2",0.0
MINVOL,VENTALV,"KINKEDTUBE,SAO2",0.0
MINVOL,VENTALV,"KINKEDTUBE,SAO2",0.0
MINVOL,VENTALV,"KINKEDTUBE,SAO2",0.0
MINVOL,VENTALV,"KINKEDTUBE,SAO2",0.0
MINVOL,VENTALV,"KINKEDTUBE,SAO2",0.0
MINVOL,VENTALV,"KINKEDTUBE,SAO2",0.0
MINVOL,VENTALV,"KINKEDTUBE,SAO2",0.0
MINVOL,VENTALV,"KINKEDTUBE,SAO2",0.0
MINVOL,VENTALV,"KINKEDTUBE,SAO2",0.0
MINVOL,VENTALV,"KINKEDTUBE,SAO2",0.0
MINVOL,VENTALV,"KINKEDTUBE,SAO2",0.0
MINVOL,VENTALV,"KINKEDTUBE,SAO2",0.0
MINVOL,VENTALV,"KINKEDTUBE,SAO2",0.0
PVSAT,SAO2,"CATECHOL,MINVOL",0.0
PVSAT,SAO2,"CATECHOL,MINVOL",0.0
PVSAT,SAO2,"CATECHOL,MINVOL",0.0
PVSAT,SAO2,"CATECHOL,MINVOL",0.0
PVSAT,SAO2,"CATECHOL,MINVOL",0.0
PVSAT,SAO2,"CATECHOL,MINVOL",0.0
PVSAT,SAO2,"CATECHOL,MINVOL",0.0
PVSAT,SAO2,"CATECHOL,MINVOL",0.0
PVSAT,SAO2,"CATECHOL,MINVOL",0.0
PVSAT,SAO2,"CATECHOL,MINVOL",0.0
PVSAT,SAO2,"CATECHOL,MINVOL",0.0
PVSAT,SAO2,"CATECHOL,MINVOL",0.0
PVSAT,SAO2,"CATECHOL,MINVOL",0.0
PVSAT,SAO2,"CATECHOL,MINVOL",0.0
PVSAT,SAO2,"CATECHOL,MINVOL",0.0
PVSAT,SAO2,"CATECHOL,MINVOL",0.0
PVSAT,SAO2,"CATECHOL,MINVOL",0.0
PVSAT,SAO2,"CATECHOL,MINVOL",0.0
PVSAT,SAO2,"CATECHOL,MINVOL",0.0
PVSAT,SAO2,"CATECHOL,MINVOL",0.0
PVSAT,SAO2,"CATECHOL,MINVOL",0.0
PVSAT,SAO2,"CATECHOL,MINVOL",0.0
PVSAT,SAO2,"CATECHOL,MINVOL",0.0
PVSAT,SAO2,"CATECHOL,MINVOL",0.0
PVSAT,SAO2,"CATECHOL,MINVOL",0.0
PVSAT,SAO2,"CATECHOL,MINVOL",0.0
PVSAT,SAO2,"CATECHOL,MINVOL",0.0
PVSAT,SAO2,"CATECHOL,MINVOL",0.0
PVSAT,SAO2,"CATECHOL,MINVOL",0.0
PVSAT,SAO2,"CATECHOL,MINVOL",0.0
PVSAT,SAO2,"CATECHOL,MINVOL",0.0
PVSAT,SAO2,"CATECHOL,MINVOL",0.0
PVSAT,SAO2,"CATECHOL,MINVOL",0.0
PVSAT,SAO2,"CATECHOL,MINVOL",0.0
PVSAT,SAO2,"CATECHOL,MINVOL",0.0
PVSAT,SAO2,"CATECHOL,MINVOL",0.0
PVSAT,SAO2,"CATECHOL,MINVOL",0.0
PVSAT,SAO2,"CATECHOL,MINVOL",0.0
PVSAT,SAO2,"CATECHOL,MINVOL",0.0
PVSAT,SAO2,"CATECHOL,MINVOL",0.0
PVSAT,SAO2,"CATECHOL,MINVOL",0.0
PVSAT,SAO2,"CATECHOL,MINVOL",0.0
PVSAT,SAO2,"CATECHOL,MINVOL",0.0
PVSAT,SAO2,"CATECHOL,MINVOL",0.0
PVSAT,SAO2,"CATECHOL,MINVOL",0.0
PVSAT,INTUBATION,"CATECHOL,SAO2",5.4542598698350794e-49
PVSAT,INTUBATION,"CATECHOL,SAO2",5.4542598698350794e-49
PVSAT,INTUBATION,"CATECHOL,SAO2",5.4542598698350794e-49
PVSAT,INTUBATION,"CATECHOL,SAO2",5.4542598698350794e-49
PVSAT,INTUBATION,"CATECHOL,SAO2",5.4542598698350794e-49
PVSAT,INTUBATION,"CATECHOL,SAO2",5.4542598698350794e-49
PVSAT,INTUBATION,"CATECHOL,SAO2",5.4542598698350794e-49
PVSAT,INTUBATION,"CATECHOL,SAO2",5.4542598698350794e-49
PVSAT,INTUBATION,"CATECHOL,SAO2",5.4542598698350794e-49
PVSAT,INTUBATION,"CATECHOL,SAO2",5.4542598698350794e-49
PVSAT,INTUBATION,"CATECHOL,SAO2",5.4542598698350794e-49
PVSAT,INTUBATION,"CATECHOL,SAO2",5.4542598698350794e-49
PVSAT,INTUBATION,"CATECHOL,SAO2",5.4542598698350794e-49
PVSAT,INTUBATION,"CATECHOL,SAO2",5.4542598698350794e-49
PVSAT,INTUBATION,"CATECHOL,SAO2",5.4542598698350794e-49
PVSAT,INTUBATION,"CATECHOL,SAO2",5.4542598698350794e-49
PVSAT,INTUBATION,"CATECHOL,SAO2",5.4542598698350794e-49
PVSAT,INTUBATION,"CATECHOL,SAO2",5.4542598698350794e-49
PVSAT,INTUBATION,"CATECHOL,SAO2",5.4542598698350794e-49
PVSAT,INTUBATION,"CATECHOL,SAO2",5.4542598698350794e-49
PVSAT,INTUBATION,"CATECHOL,SAO2",5.4542598698350794e-49
PVSAT,INTUBATION,"CATECHOL,SAO2",5.4542598698350794e-49
PVSAT,INTUBATION,"CATECHOL,SAO2",5.4542598698350794e-49
PVSAT,INTUBATION,"CATECHOL,SAO2",5.4542598698350794e-49
PVSAT,INTUBATION,"CATECHOL,SAO2",5.4542598698350794e-49
PVSAT,INTUBATION,"CATECHOL,SAO2",5.4542598698350794e-49
PVSAT,INTUBATION,"CATECHOL,SAO2",5.4542598698350794e-49
PVSAT,INTUBATION,"CATECHOL,SAO2",5.4542598698350794e-49
PVSAT,INTUBATION,"CATECHOL,SAO2",5.4542598698350794e-49
PVSAT,INTUBATION,"CATECHOL,SAO2",5.4542598698350794e-49
PVSAT,INTUBATION,"CATECHOL,SAO2",5.4542598698350794e-49
PVSAT,INTUBATION,"CATECHOL,SAO2",5.4542598698350794e-49
PVSAT,INTUBATION,"CATECHOL,SAO2",5.4542598698350794e-49
PVSAT,INTUBATION,"CATECHOL,SAO2",5.4542598698350794e-49
PVSAT,INTUBATION,"CATECHOL,SAO2",5.4542598698350794e-49
PVSAT,INTUBATION,"CATECHOL,SAO2",5.4542598698350794e-49
PVSAT,INTUBATION,"CATECHOL,SAO2",5.4542598698350794e-49
PVSAT,INTUBATION,"CATECHOL,SAO2",5.4542598698350794e-49
PVSAT,INTUBATION,"CATECHOL,SAO2",5.4542598698350794e-49
PVSAT,INTUBATION,"CATECHOL,SAO2",5.4542598698350794e-49
PVSAT,INTUBATION,"CATECHOL,SAO2",5.4542598698350794e-49
PVSAT,INTUBATION,"CATECHOL,SAO2",5.4542598698350794e-49
PVSAT,INTUBATION,"CATECHOL,SAO2",5.4542598698350794e-49
PVSAT,INTUBATION,"CATECHOL,SAO2",5.4542598698350794e-49
PVSAT,INTUBATION,"CATECHOL,SAO2",5.4542598698350794e-49
PVSAT,VENTMACH,"CATECHOL,SAO2",9.675126097848623e-93
PVSAT,VENTMACH,"CATECHOL,SAO2",9.675126097848623e-93
PVSAT,VENTMACH,"CATECHOL,SAO2",9.675126097848623e-93
PVSAT,VENTMACH,"CATECHOL,SAO2",9.675126097848623e-93
PVSAT,VENTMACH,"CATECHOL,SAO2",9.675126097848623e-93
PVSAT,VENTMACH,"CATECHOL,SAO2",9.675126097848623e-93
PVSAT,VENTMACH,"CATECHOL,SAO2",9.675126097848623e-93
PVSAT,VENTMACH,"CATECHOL,SAO2",9.675126097848623e-93
PVSAT,VENTMACH,"CATECHOL,SAO2",9.675126097848623e-93
PVSAT,VENTMACH,"CATECHOL,SAO2",9.675126097848623e-93
PVSAT,VENTMACH,"CATECHOL,SAO2",9.675126097848623e-93
PVSAT,VENTMACH,"CATECHOL,SAO2",9.675126097848623e-93
PVSAT,VENTMACH,"CATECHOL,SAO2",9.675126097848623e-93
PVSAT,VENTMACH,"CATECHOL,SAO2",9.675126097848623e-93
PVSAT,VENTMACH,"CATECHOL,SAO2",9.675126097848623e-93
PVSAT,VENTMACH,"CATECHOL,SAO2",9.675126097848623e-93
PVSAT,VENTMACH,"CATECHOL,SAO2",9.675126097848623e-93
PVSAT,VENTMACH,"CATECHOL,SAO2",9.675126097848623e-93
PVSAT,VENTMACH,"CATECHOL,SAO2",9.675126097848623e-93
PVSAT,VENTMACH,"CATECHOL,SAO2",9.675126097848623e-93
PVSAT,VENTMACH,"CATECHOL,SAO2",9.675126097848623e-93
PVSAT,VENTMACH,"CATECHOL,SAO2",9.675126097848623e-93
PVSAT,VENTMACH,"CATECHOL,SAO2",9.675126097848623e-93
PVSAT,VENTMACH,"CATECHOL,SAO2",9.675126097848623e-93
PVSAT,VENTMACH,"CATECHOL,SAO2",9.675126097848623e-93
PVSAT,VENTMACH,"CATECHOL,SAO2",9.675126097848623e-93
PVSAT,VENTMACH,"CATECHOL,SAO2",9.675126097848623e-93
PVSAT,VENTMACH,"CATECHOL,SAO2",9.675126097848623e-93
PVSAT,VENTMACH,"CATECHOL,SAO2",9.675126097848623e-93
PVSAT,VENTMACH,"CATECHOL,SAO2",9.675126097848623e-93
PVSAT,VENTMACH,"CATECHOL,SAO2",9.675126097848623e-93
PVSAT,VENTMACH,"CATECHOL,SAO2",9.675126097848623e-93
PVSAT,VENTMACH,"CATECHOL,SAO2",9.675126097848623e-93
PVSAT,VENTMACH,"CATECHOL,SAO2",9.675126097848623e-93
PVSAT,VENTMACH,"CATECHOL,SAO2",9.675126097848623e-93
PVSAT,VENTMACH,"CATECHOL,SAO2",9.675126097848623e-93
PVSAT,VENTMACH,"CATECHOL,SAO2",9.675126097848623e-93
PVSAT,VENTMACH,"CATECHOL,SAO2",9.675126097848623e-93
PVSAT,VENTMACH,"CATECHOL,SAO2",9.675126097848623e-93
PVSAT,VENTMACH,"CATECHOL,SAO2",9.675126097848623e-93
PVSAT,VENTMACH,"CATECHOL,SAO2",9.675126097848623e-93
PVSAT,VENTMACH,"CATECHOL,SAO2",9.675126097848623e-93
PVSAT,VENTMACH,"CATECHOL,SAO2",9.675126097848623e-93
PVSAT,VENTMACH,"CATECHOL,SAO2",9.675126097848623e-93
PVSAT,VENTMACH,"CATECHOL,SAO2",9.675126097848623e-93
PVSAT,VENTTUBE,"CATECHOL,SAO2",1.2931311389908294e-213
PVSAT,VENTTUBE,"CATECHOL,SAO2",1.2931311389908294e-213
PVSAT,VENTTUBE,"CATECHOL,SAO2",1.2931311389908294e-213
PVSAT,VENTTUBE,"CATECHOL,SAO2",1.2931311389908294e-213
PVSAT,VENTTUBE,"CATECHOL,SAO2",1.2931311389908294e-213
PVSAT,VENTTUBE,"CATECHOL,SAO2",1.2931311389908294e-213
PVSAT,VENTTUBE,"CATECHOL,SAO2",1.2931311389908294e-213
PVSAT,VENTTUBE,"CATECHOL,SAO2",1.2931311389908294e-213
PVSAT,VENTTUBE,"CATECHOL,SAO2",1.2931311389908294e-213
PVSAT,VENTTUBE,"CATECHOL,SAO2",1.2931311389908294e-213
PVSAT,VENTTUBE,"CATECHOL,SAO2",1.2931311389908294e-213
PVSAT,VENTTUBE,"CATECHOL,SAO2",1.2931311389908294e-213
PVSAT,VENTTUBE,"CATECHOL,SAO2",1.2931311389908294e-213
PVSAT,VENTTUBE,"CATECHOL,SAO2",1.2931311389908294e-213
PVSAT,VENTTUBE,"CATECHOL,SAO2",1.2931311389908294e-213
PVSAT,VENTTUBE,"CATECHOL,SAO2",1.2931311389908294e-213
PVSAT,VENTTUBE,"CATECHOL,SAO2",1.2931311389908294e-213
PVSAT,VENTTUBE,"CATECHOL,SAO2",1.2931311389908294e-213
PVSAT,VENTTUBE,"CATECHOL,SAO2",1.2931311389908294e-213
PVSAT,VENTTUBE,"CATECHOL,SAO2",1.2931311389908294e-213
PVSAT,VENTTUBE,"CATECHOL,SAO2",1.2931311389908294e-213
PVSAT,VENTTUBE,"CATECHOL,SAO2",1.2931311389908294e-213
PVSAT,VENTTUBE,"CATECHOL,SAO2",1.2931311389908294e-213
PVSAT,VENTTUBE,"CATECHOL,SAO2",1.2931311389908294e-213
PVSAT,VENTTUBE,"CATECHOL,SAO2",1.2931311389908294e-213
PVSAT,VENTTUBE,"CATECHOL,SAO2",1.2931311389908294e-213
PVSAT,VENTTUBE,"CATECHOL,SAO2",1.2931311389908294e-213
PVSAT,VENTTUBE,"CATECHOL,SAO2",1.2931311389908294e-213
PVSAT,VENTTUBE,"CATECHOL,SAO2",1.2931311389908294e-213
PVSAT,VENTTUBE,"CATECHOL,SAO2",1.2931311389908294e-213
PVSAT,VENTTUBE,"CATECHOL,SAO2",1.2931311389908294e-213
PVSAT,VENTTUBE,"CATECHOL,SAO2",1.2931311389908294e-213
PVSAT,VENTTUBE,"CATECHOL,SAO2",1.2931311389908294e-213
PVSAT,VENTTUBE,"CATECHOL,SAO2",1.2931311389908294e-213
PVSAT,VENTTUBE,"CATECHOL,SAO2",1.2931311389908294e-213
PVSAT,VENTTUBE,"CATECHOL,SAO2",1.2931311389908294e-213
PVSAT,VENTTUBE,"CATECHOL,SAO2",1.2931311389908294e-213
PVSAT,VENTTUBE,"CATECHOL,SAO2",1.2931311389908294e-213
PVSAT,VENTTUBE,"CATECHOL,SAO2",1.2931311389908294e-213
PVSAT,VENTTUBE,"CATECHOL,SAO2",1.2931311389908294e-213
PVSAT,VENTTUBE,"CATECHOL,SAO2",1.2931311389908294e-213
PVSAT,VENTTUBE,"CATECHOL,SAO2",1.2931311389908294e-213
PVSAT,VENTTUBE,"CATECHOL,SAO2",1.2931311389908294e-213
PVSAT,VENTTUBE,"CATECHOL,SAO2",1.2931311389908294e-213
PVSAT,VENTTUBE,"CATECHOL,SAO2",1.2931311389908294e-213
PVSAT,VENTLUNG,"CATECHOL,SAO2",0.0
PVSAT,VENTLUNG,"CATECHOL,SAO2",0.0
PVSAT,VENTLUNG,"CATECHOL,SAO2",0.0
PVSAT,VENTLUNG,"CATECHOL,SAO2",0.0
PVSAT,VENTLUNG,"CATECHOL,SAO2",0.0
PVSAT,VENTLUNG,"CATECHOL,SAO2",0.0
PVSAT,VENTLUNG,"CATECHOL,SAO2",0.0
PVSAT,VENTLUNG,"CATECHOL,SAO2",0.0
PVSAT,VENTLUNG,"CATECHOL,SAO2",0.0
PVSAT,VENTLUNG,"CATECHOL,SAO2",0.0
PVSAT,VENTLUNG,"CATECHOL,SAO2",0.0
PVSAT,VENTLUNG,"CATECHOL,SAO2",0.0
PVSAT,VENTLUNG,"CATECHOL,SAO2",0.0
PVSAT,VENTLUNG,"CATECHOL,SAO2",0.0
PVSAT,VENTLUNG,"CATECHOL,SAO2",0.0
PVSAT,VENTLUNG,"CATECHOL,SAO2",0.0
PVSAT,VENTLUNG,"CATECHOL,SAO2",0.0
PVSAT,VENTLUNG,"CATECHOL,SAO2",0.0
PVSAT,VENTLUNG,"CATECHOL,SAO2",0.0
PVSAT,VENTLUNG,"CATECHOL,SAO2",0.0
PVSAT,VENTLUNG,"CATECHOL,SAO2",0.0
PVSAT,VENTLUNG,"CATECHOL,SAO2",0.0
PVSAT,VENTLUNG,"CATECHOL,SAO2",0.0
PVSAT,VENTLUNG,"CATECHOL,SAO2",0.0
PVSAT,VENTLUNG,"CATECHOL,SAO2",0.0
PVSAT,VENTLUNG,"CATECHOL,SAO2",0.0
PVSAT,VENTLUNG,"CATECHOL,SAO2",0.0
PVSAT,VENTLUNG,"CATECHOL,SAO2",0.0
PVSAT,VENTLUNG,"CATECHOL,SAO2",0.0
PVSAT,VENTLUNG,"CATECHOL,SAO2",0.0
PVSAT,VENTLUNG,"CATECHOL,SAO2",0.0
PVSAT,VENTLUNG,"CATECHOL,SAO2",0.0
PVSAT,VENTLUNG,"CATECHOL,SAO2",0.0
PVSAT,VENTLUNG,"CATECHOL,SAO2",0.0
PVSAT,VENTLUNG,"CATECHOL,SAO2",0.0
PVSAT,VENTLUNG,"CATECHOL,SAO2",0.0
PVSAT,VENTLUNG,"CATECHOL,SAO2",0.0
PVSAT,VENTLUNG,"CATECHOL,SAO2",0.0
PVSAT,VENTLUNG,"CATECHOL,SAO2",0.0
PVSAT,VENTLUNG,"CATECHOL,SAO2",0.0
PVSAT,VENTLUNG,"CATECHOL,SAO2",0.0
PVSAT,VENTLUNG,"CATECHOL,SAO2",0.0
PVSAT,VENTLUNG,"CATECHOL,SAO2",0.0
PVSAT,VENTLUNG,"CATECHOL,SAO2",0.0
PVSAT,VENTLUNG,"CATECHOL,SAO2",0.0
PVSAT,VENTALV,"CATECHOL,SAO2",0.0
PVSAT,VENTALV,"CATECHOL,SAO2",0.0
PVSAT,VENTALV,"CATECHOL,SAO2",0.0
PVSAT,VENTALV,"CATECHOL,SAO2",0.0
PVSAT,VENTALV,"CATECHOL,SAO2",0.0
PVSAT,VENTALV,"CATECHOL,SAO2",0.0
PVSAT,VENTALV,"CATECHOL,SAO2",0.0
PVSAT,VENTALV,"CATECHOL,SAO2",0.0
PVSAT,VENTALV,"CATECHOL,SAO2",0.0
PVSAT,VENTALV,"CATECHOL,SAO2",0.0
PVSAT,VENTALV,"CATECHOL,SAO2",0.0
PVSAT,VENTALV,"CATECHOL,SAO2",0.0
PVSAT,VENTALV,"CATECHOL,SAO2",0.0
PVSAT,VENTALV,"CATECHOL,SAO2",0.0
PVSAT,VENTALV,"CATECHOL,SAO2",0.0
PVSAT,VENTALV,"CATECHOL,SAO2",0.0
PVSAT,VENTALV,"CATECHOL,SAO2",0.0
PVSAT,VENTALV,"CATECHOL,SAO2",0.0
PVSAT,VENTALV,"CATECHOL,SAO2",0.0
PVSAT,VENTALV,"CATECHOL,SAO2",0.0
PVSAT,VENTALV,"CATECHOL,SAO2",0.0
PVSAT,VENTALV,"CATECHOL,SAO2",0.0
PVSAT,VENTALV,"CATECHOL,SAO2",0.0
PVSAT,VENTALV,"CATECHOL,SAO2",0.0
PVSAT,VENTALV,"CATECHOL,SAO2",0.0
PVSAT,VENTALV,"CATECHOL,SAO2",0.0
PVSAT,VENTALV,"CATECHOL,SAO2",0.0
PVSAT,VENTALV,"CATECHOL,SAO2",0.0
PVSAT,VENTALV,"CATECHOL,SAO2",0.0
PVSAT,VENTALV,"CATECHOL,SAO2",0.0
PVSAT,VENTALV,"CATECHOL,SAO2",0.0
PVSAT,VENTALV,"CATECHOL,SAO2",0.0
PVSAT,VENTALV,"CATECHOL,SAO2",0.0
PVSAT,VENTALV,"CATECHOL,SAO2",0.0
PVSAT,VENTALV,"CATECHOL,SAO2",0.0
PVSAT,VENTALV,"CATECHOL,SAO2",0.0
PVSAT,VENTALV,"CATECHOL,SAO2",0.0
PVSAT,VENTALV,"CATECHOL,SAO2",0.0
PVSAT,VENTALV,"CATECHOL,SAO2",0.0
PVSAT,VENTALV,"CATECHOL,SAO2",0.0
PVSAT,VENTALV,"CATECHOL,SAO2",0.0
PVSAT,VENTALV,"CATECHOL,SAO2",0.0
PVSAT,VENTALV,"CATECHOL,SAO2",0.0
PVSAT,VENTALV,"CATECHOL,SAO2",0.0
PVSAT,VENTALV,"CATECHOL,SAO2",0.0
PVSAT,ARTCO2,"CATECHOL,SAO2",0.0
PVSAT,ARTCO2,"CATECHOL,SAO2",0.0
PVSAT,ARTCO2,"CATECHOL,SAO2",0.0
PVSAT,ARTCO2,"CATECHOL,SAO2",0.0
PVSAT,ARTCO2,"CATECHOL,SAO2",0.0
PVSAT,ARTCO2,"CATECHOL,SAO2",0.0
PVSAT,ARTCO2,"CATECHOL,SAO2",0.0
PVSAT,ARTCO2,"CATECHOL,SAO2",0.0
PVSAT,ARTCO2,"CATECHOL,SAO2",0.0
PVSAT,ARTCO2,"CATECHOL,SAO2",0.0
PVSAT,ARTCO2,"CATECHOL,SAO2",0.0
PVSAT,ARTCO2,"CATECHOL,SAO2",0.0
PVSAT,ARTCO2,"CATECHOL,SAO2",0.0
PVSAT,ARTCO2,"CATECHOL,SAO2",0.0
PVSAT,ARTCO2,"CATECHOL,SAO2",0.0
PVSAT,ARTCO2,"CATECHOL,SAO2",0.0
PVSAT,ARTCO2,"CATECHOL,SAO2",0.0
PVSAT,ARTCO2,"CATECHOL,SAO2",0.0
PVSAT,ARTCO2,"CATECHOL,SAO2",0.0
PVSAT,ARTCO2,"CATECHOL,SAO2",0.0
PVSAT,ARTCO2,"CATECHOL,SAO2",0.0
PVSAT,ARTCO2,"CATECHOL,SAO2",0.0
PVSAT,ARTCO2,"CATECHOL,SAO2",0.0
PVSAT,ARTCO2,"CATECHOL,SAO2",0.0
PVSAT,ARTCO2,"CATECHOL,SAO2",0.0
PVSAT,ARTCO2,"CATECHOL,SAO2",0.0
PVSAT,ARTCO2,"CATECHOL,SAO2",0.0
PVSAT,ARTCO2,"CATECHOL,SAO2",0.0
PVSAT,ARTCO2,"CATECHOL,SAO2",0.0
PVSAT,ARTCO2,"CATECHOL,SAO2",0.0
PVSAT,ARTCO2,"CATECHOL,SAO2",0.0
PVSAT,ARTCO2,"CATECHOL,SAO2",0.0
PVSAT,ARTCO2,"CATECHOL,SAO2",0.0
PVSAT,ARTCO2,"CATECHOL,SAO2",0.0
PVSAT,ARTCO2,"CATECHOL,SAO2",0.0
PVSAT,ARTCO2,"CATECHOL,SAO2",0.0
PVSAT,ARTCO2,"CATECHOL,SAO2",0.0
PVSAT,ARTCO2,"CATECHOL,SAO2",0.0
PVSAT,ARTCO2,"CATECHOL,SAO2",0.0
PVSAT,ARTCO2,"CATECHOL,SAO2",0.0
PVSAT,ARTCO2,"CATECHOL,SAO2",0.0
PVSAT,ARTCO2,"CATECHOL,SAO2",0.0
PVSAT,ARTCO2,"CATECHOL,SAO2",0.0
PVSAT,ARTCO2,"CATECHOL,SAO2",0.0
PVSAT,ARTCO2,"CATECHOL,SAO2",0.0
PVSAT,CATECHOL,"ARTCO2,VENTALV",0.09817419519576377
PVSAT,CATECHOL,"ARTCO2,VENTALV",0.09817419519576377
PVSAT,CATECHOL,"ARTCO2,VENTALV",0.09817419519576377
SAO2,SHUNT,"CATECHOL,MINVOL",3.45329946212781e-227
SAO2,SHUNT,"CATECHOL,MINVOL",3.45329946212781e-227
SAO2,SHUNT,"CATECHOL,MINVOL",3.45329946212781e-227
SAO2,SHUNT,"CATECHOL,MINVOL",3.45329946212781e-227
SAO2,SHUNT,"CATECHOL,MINVOL",3.45329946212781e-227
SAO2,SHUNT,"CATECHOL,MINVOL",3.45329946212781e-227
SAO2,SHUNT,"CATECHOL,MINVOL",3.45329946212781e-227
SAO2,SHUNT,"CATECHOL,MINVOL",3.45329946212781e-227
SAO2,SHUNT,"CATECHOL,MINVOL",3.45329946212781e-227
SAO2,SHUNT,"CATECHOL,MINVOL",3.45329946212781e-227
SAO2,SHUNT,"CATECHOL,MINVOL",3.45329946212781e-227
SAO2,SHUNT,"CATECHOL,MINVOL",3.45329946212781e-227
SAO2,SHUNT,"CATECHOL,MINVOL",3.45329946212781e-227
SAO2,SHUNT,"CATECHOL,MINVOL",3.45329946212781e-227
SAO2,SHUNT,"CATECHOL,MINVOL",3.45329946212781e-227
SAO2,SHUNT,"CATECHOL,MINVOL",3.45329946212781e-227
SAO2,SHUNT,"CATECHOL,MINVOL",3.45329946212781e-227
SAO2,SHUNT,"CATECHOL,MINVOL",3.45329946212781e-227
SAO2,SHUNT,"CATECHOL,MINVOL",3.45329946212781e-227
SAO2,SHUNT,"CATECHOL,MINVOL",3.45329946212781e-227
SAO2,SHUNT,"CATECHOL,MINVOL",3.45329946212781e-227
SAO2,SHUNT,"CATECHOL,MINVOL",3.45329946212781e-227
SAO2,SHUNT,"CATECHOL,MINVOL",3.45329946212781e-227
SAO2,SHUNT,"CATECHOL,MINVOL",3.45329946212781e-227
SAO2,SHUNT,"CATECHOL,MINVOL",3.45329946212781e-227
SAO2,SHUNT,"CATECHOL,MINVOL",3.45329946212781e-227
SAO2,SHUNT,"CATECHOL,MINVOL",3.45329946212781e-227
SAO2,SHUNT,"CATECHOL,MINVOL",3.45329946212781e-227
SAO2,INTUBATION,"CATECHOL,MINVOL",1.1791028126234882e-67
SAO2,INTUBATION,"CATECHOL,MINVOL",1.1791028126234882e-67
SAO2,INTUBATION,"CATECHOL,MINVOL",1.1791028126234882e-67
SAO2,INTUBATION,"CATECHOL,MINVOL",1.1791028126234882e-67
SAO2,INTUBATION,"CATECHOL,MINVOL",1.1791028126234882e-67
SAO2,INTUBATION,"CATECHOL,MINVOL",1.1791028126234882e-67
SAO2,INTUBATION,"CATECHOL,MINVOL",1.1791028126234882e-67
SAO2,INTUBATION,"CATECHOL,MINVOL",1.1791028126234882e-67
SAO2,INTUBATION,"CATECHOL,MINVOL",1.1791028126234882e-67
SAO2,INTUBATION,"CATECHOL,MINVOL",1.1791028126234882e-67
SAO2,INTUBATION,"CATECHOL,MINVOL",1.1791028126234882e-67
SAO2,INTUBATION,"CATECHOL,MINVOL",1.1791028126234882e-67
SAO2,INTUBATION,"CATECHOL,MINVOL",1.1791028126234882e-67
SAO2,INTUBATION,"CATECHOL,MINVOL",1.1791028126234882e-67
SAO2,INTUBATION,"CATECHOL,MINVOL",1.1791028126234882e-67
SAO2,INTUBATION,"CATECHOL,MINVOL",1.1791028126234882e-67
SAO2,INTUBATION,"CATECHOL,MINVOL",1.1791028126234882e-67
SAO2,INTUBATION,"CATECHOL,MINVOL",1.1791028126234882e-67
SAO2,INTUBATION,"CATECHOL,MINVOL",1.1791028126234882e-67
SAO2,INTUBATION,"CATECHOL,MINVOL",1.1791028126234882e-67
SAO2,INTUBATION,"CATECHOL,MINVOL",1.1791028126234882e-67
SAO2,INTUBATION,"CATECHOL,MINVOL",1.1791028126234882e-67
SAO2,INTUBATION,"CATECHOL,MINVOL",1.1791028126234882e-67
SAO2,INTUBATION,"CATECHOL,MINVOL",1.1791028126234882e-67
SAO2,INTUBATION,"CATECHOL,MINVOL",1.1791028126234882e-67
SAO2,INTUBATION,"CATECHOL,MINVOL",1.1791028126234882e-67
SAO2,INTUBATION,"CATECHOL,MINVOL",1.1791028126234882e-67
SAO2,INTUBATION,"CATECHOL,MINVOL",1.1791028126234882e-67
SAO2,VENTLUNG,"CATECHOL,MINVOL",4.734066308353375e-221
SAO2,VENTLUNG,"CATECHOL,MINVOL",4.734066308353375e-221
SAO2,VENTLUNG,"CATECHOL,MINVOL",4.734066308353375e-221
SAO2,VENTLUNG,"CATECHOL,MINVOL",4.734066308353375e-221
SAO2,VENTLUNG,"CATECHOL,MINVOL",4.734066308353375e-221
SAO2,VENTLUNG,"CATECHOL,MINVOL",4.734066308353375e-221
SAO2,VENTLUNG,"CATECHOL,MINVOL",4.734066308353375e-221
SAO2,VENTLUNG,"CATECHOL,MINVOL",4.734066308353375e-221
SAO2,VENTLUNG,"CATECHOL,MINVOL",4.734066308353375e-221
SAO2,VENTLUNG,"CATECHOL,MINVOL",4.734066308353375e-221
SAO2,VENTLUNG,"CATECHOL,MINVOL",4.734066308353375e-221
SAO2,VENTLUNG,"CATECHOL,MINVOL",4.734066308353375e-221
SAO2,VENTLUNG,"CATECHOL,MINVOL",4.734066308353375e-221
SAO2,VENTLUNG,"CATECHOL,MINVOL",4.734066308353375e-221
SAO2,VENTLUNG,"CATECHOL,MINVOL",4.734066308353375e-221
SAO2,VENTLUNG,"CATECHOL,MINVOL",4.734066308353375e-221
SAO2,VENTLUNG,"CATECHOL,MINVOL",4.734066308353375e-221
SAO2,VENTLUNG,"CATECHOL,MINVOL",4.734066308353375e-221
SAO2,VENTLUNG,"CATECHOL,MINVOL",4.734066308353375e-221
SAO2,VENTLUNG,"CATECHOL,MINVOL",4.734066308353375e-221
SAO2,VENTLUNG,"CATECHOL,MINVOL",4.734066308353375e-221
SAO2,VENTLUNG,"CATECHOL,MINVOL",4.734066308353375e-221
SAO2,VENTLUNG,"CATECHOL,MINVOL",4.734066308353375e-221
SAO2,VENTLUNG,"CATECHOL,MINVOL",4.734066308353375e-221
SAO2,VENTLUNG,"CATECHOL,MINVOL",4.734066308353375e-221
SAO2,VENTLUNG,"CATECHOL,MINVOL",4.734066308353375e-221
SAO2,VENTLUNG,"CATECHOL,MINVOL",4.734066308353375e-221
SAO2,VENTLUNG,"CATECHOL,MINVOL",4.734066308353375e-221
SAO2,VENTALV,"CATECHOL,MINVOL",0.0
SAO2,VENTALV,"CATECHOL,MINVOL",0.0
SAO2,VENTALV,"CATECHOL,MINVOL",0.0
SAO2,VENTALV,"CATECHOL,MINVOL",0.0
SAO2,VENTALV,"CATECHOL,MINVOL",0.0
SAO2,VENTALV,"CATECHOL,MINVOL",0.0
SAO2,VENTALV,"CATECHOL,MINVOL",0.0
SAO2,VENTALV,"CATECHOL,MINVOL",0.0
SAO2,VENTALV,"CATECHOL,MINVOL",0.0
SAO2,VENTALV,"CATECHOL,MINVOL",0.0
SAO2,VENTALV,"CATECHOL,MINVOL",0.0
SAO2,VENTALV,"CATECHOL,MINVOL",0.0
SAO2,VENTALV,"CATECHOL,MINVOL",0.0
SAO2,VENTALV,"CATECHOL,MINVOL",0.0
SAO2,VENTALV,"CATECHOL,MINVOL",0.0
SAO2,VENTALV,"CATECHOL,MINVOL",0.0
SAO2,VENTALV,"CATECHOL,MINVOL",0.0
SAO2,VENTALV,"CATECHOL,MINVOL",0.0
SAO2,VENTALV,"CATECHOL,MINVOL",0.0
SAO2,VENTALV,"CATECHOL,MINVOL",0.0
SAO2,VENTALV,"CATECHOL,MINVOL",0.0
SAO2,VENTALV,"CATECHOL,MINVOL",0.0
SAO2,VENTALV,"CATECHOL,MINVOL",0.0
SAO2,VENTALV,"CATECHOL,MINVOL",0.0
SAO2,VENTALV,"CATECHOL,MINVOL",0.0
SAO2,VENTALV,"CATECHOL,MINVOL",0.0
SAO2,VENTALV,"CATECHOL,MINVOL",0.0
SAO2,VENTALV,"CATECHOL,MINVOL",0.0
SAO2,CATECHOL,"MINVOL,SHUNT",6.844818653605523e-53
SAO2,CATECHOL,"MINVOL,SHUNT",6.844818653605523e-53
SAO2,CATECHOL,"MINVOL,SHUNT",6.844818653605523e-53
SAO2,CATECHOL,"MINVOL,SHUNT",6.844818653605523e-53
SAO2,CATECHOL,"MINVOL,SHUNT",6.844818653605523e-53
SAO2,CATECHOL,"MINVOL,SHUNT",6.844818653605523e-53
SAO2,CATECHOL,"MINVOL,SHUNT",6.844818653605523e-53
SAO2,CATECHOL,"MINVOL,SHUNT",6.844818653605523e-53
SAO2,CATECHOL,"MINVOL,SHUNT",6.844818653605523e-53
SAO2,CATECHOL,"MINVOL,SHUNT",6.844818653605523e-53
SAO2,CATECHOL,"MINVOL,SHUNT",6.844818653605523e-53
SAO2,CATECHOL,"MINVOL,SHUNT",6.844818653605523e-53
SAO2,CATECHOL,"MINVOL,SHUNT",6.844818653605523e-53
SAO2,CATECHOL,"MINVOL,SHUNT",6.844818653605523e-53
SAO2,CATECHOL,"MINVOL,SHUNT",6.844818653605523e-53
SAO2,CATECHOL,"MINVOL,SHUNT",6.844818653605523e-53
SAO2,CATECHOL,"MINVOL,SHUNT",6.844818653605523e-53
SAO2,CATECHOL,"MINVOL,SHUNT",6.844818653605523e-53
SAO2,CATECHOL,"MINVOL,SHUNT",6.844818653605523e-53
SAO2,CATECHOL,"MINVOL,SHUNT",6.844818653605523e-53
SAO2,CATECHOL,"MINVOL,SHUNT",6.844818653605523e-53
SAO2,CATECHOL,"MINVOL,SHUNT",6.844818653605523e-53
SAO2,CATECHOL,"MINVOL,SHUNT",6.844818653605523e-53
SAO2,CATECHOL,"MINVOL,SHUNT",6.844818653605523e-53
SAO2,CATECHOL,"MINVOL,SHUNT",6.844818653605523e-53
SAO2,CATECHOL,"MINVOL,SHUNT",6.844818653605523e-53
SAO2,CATECHOL,"MINVOL,SHUNT",6.844818653605523e-53
SAO2,CATECHOL,"MINVOL,SHUNT",6.844818653605523e-53
SHUNT,INTUBATION,"PULMEMBOLUS,SAO2",0.0
INTUBATION,PRESS,"MINVOL,SAO2",1.3605882024084474e-188
INTUBATION,PRESS,"MINVOL,SAO2",1.3605882024084474e-188
INTUBATION,PRESS,"MINVOL,SAO2",1.3605882024084474e-188
INTUBATION,PRESS,"MINVOL,SAO2",1.3605882024084474e-188
INTUBATION,PRESS,"MINVOL,SAO2",1.3605882024084474e-188
INTUBATION,PRESS,"MINVOL,SAO2",1.3605882024084474e-188
INTUBATION,PRESS,"MINVOL,SAO2",1.3605882024084474e-188
INTUBATION,PRESS,"MINVOL,SAO2",1.3605882024084474e-188
INTUBATION,PRESS,"MINVOL,SAO2",1.3605882024084474e-188
INTUBATION,PRESS,"MINVOL,SAO2",1.3605882024084474e-188
INTUBATION,PRESS,"MINVOL,SAO2",1.3605882024084474e-188
INTUBATION,PRESS,"MINVOL,SAO2",1.3605882024084474e-188
INTUBATION,PRESS,"MINVOL,SAO2",1.3605882024084474e-188
INTUBATION,PRESS,"MINVOL,SAO2",1.3605882024084474e-188
INTUBATION,PRESS,"MINVOL,SAO2",1.3605882024084474e-188
INTUBATION,PRESS,"MINVOL,SAO2",1.3605882024084474e-188
INTUBATION,PRESS,"MINVOL,SAO2",1.3605882024084474e-188
INTUBATION,PRESS,"MINVOL,SAO2",1.3605882024084474e-188
INTUBATION,PRESS,"MINVOL,SAO2",1.3605882024084474e-188
INTUBATION,PRESS,"MINVOL,SAO2",1.3605882024084474e-188
INTUBATION,PRESS,"MINVOL,SAO2",1.3605882024084474e-188
INTUBATION,VENTLUNG,"MINVOL,SAO2",0.0
INTUBATION,VENTLUNG,"MINVOL,SAO2",0.0
INTUBATION,VENTLUNG,"MINVOL,SAO2",0.0
INTUBATION,VENTLUNG,"MINVOL,SAO2",0.0
INTUBATION,VENTLUNG,"MINVOL,SAO2",0.0
INTUBATION,VENTLUNG,"MINVOL,SAO2",0.0
INTUBATION,VENTLUNG,"MINVOL,SAO2",0.0
INTUBATION,VENTLUNG,"MINVOL,SAO2",0.0
INTUBATION,VENTLUNG,"MINVOL,SAO2",0.0
INTUBATION,VENTLUNG,"MINVOL,SAO2",0.0
INTUBATION,VENTLUNG,"MINVOL,SAO2",0.0
INTUBATION,VENTLUNG,"MINVOL,SAO2",0.0
INTUBATION,VENTLUNG,"MINVOL,SAO2",0.0
INTUBATION,VENTLUNG,"MINVOL,SAO2",0.0
INTUBATION,VENTLUNG,"MINVOL,SAO2",0.0
INTUBATION,VENTLUNG,"MINVOL,SAO2",0.0
INTUBATION,VENTLUNG,"MINVOL,SAO2",0.0
INTUBATION,VENTLUNG,"MINVOL,SAO2",0.0
INTUBATION,VENTLUNG,"MINVOL,SAO2",0.0
INTUBATION,VENTLUNG,"MINVOL,SAO2",0.0
INTUBATION,VENTLUNG,"MINVOL,SAO2",0.0
INTUBATION,VENTALV,"MINVOL,SAO2",0.0
INTUBATION,VENTALV,"MINVOL,SAO2",0.0
INTUBATION,VENTALV,"MINVOL,SAO2",0.0
INTUBATION,VENTALV,"MINVOL,SAO2",0.0
INTUBATION,VENTALV,"MINVOL,SAO2",0.0
INTUBATION,VENTALV,"MINVOL,SAO2",0.0
INTUBATION,VENTALV,"MINVOL,SAO2",0.0
INTUBATION,VENTALV,"MINVOL,SAO2",0.0
INTUBATION,VENTALV,"MINVOL,SAO2",0.0
INTUBATION,VENTALV,"MINVOL,SAO2",0.0
INTUBATION,VENTALV,"MINVOL,SAO2",0.0
INTUBATION,VENTALV,"MINVOL,SAO2",0.0
INTUBATION,VENTALV,"MINVOL,SAO2",0.0
INTUBATION,VENTALV,"MINVOL,SAO2",0.0
INTUBATION,VENTALV,"MINVOL,SAO2",0.0
INTUBATION,VENTALV,"MINVOL,SAO2",0.0
INTUBATION,VENTALV,"MINVOL,SAO2",0.0
INTUBATION,VENTALV,"MINVOL,SAO2",0.0
INTUBATION,VENTALV,"MINVOL,SAO2",0.0
INTUBATION,VENTALV,"MINVOL,SAO2",0.0
INTUBATION,VENTALV,"MINVOL,SAO2",0.0
PRESS,VENTTUBE,"KINKEDTUBE,MINVOL",0.0
PRESS,VENTTUBE,"KINKEDTUBE,MINVOL",0.0
PRESS,VENTTUBE,"KINKEDTUBE,MINVOL",0.0
PRESS,VENTTUBE,"KINKEDTUBE,MINVOL",0.0
PRESS,VENTTUBE,"KINKEDTUBE,MINVOL",0.0
PRESS,VENTTUBE,"KINKEDTUBE,MINVOL",0.0
PRESS,VENTTUBE,"KINKEDTUBE,MINVOL",0.0
PRESS,VENTTUBE,"KINKEDTUBE,MINVOL",0.0
PRESS,VENTTUBE,"KINKEDTUBE,MINVOL",0.0
PRESS,VENTTUBE,"KINKEDTUBE,MINVOL",0.0
PRESS,VENTTUBE,"KINKEDTUBE,MINVOL",0.0
PRESS,VENTTUBE,"KINKEDTUBE,MINVOL",0.0
PRESS,VENTTUBE,"KINKEDTUBE,MINVOL",0.0
PRESS,VENTTUBE,"KINKEDTUBE,MINVOL",0.0
PRESS,VENTTUBE,"KINKEDTUBE,MINVOL",0.0
PRESS,VENTLUNG,"KINKEDTUBE,MINVOL",2.5471171915232302e-163
PRESS,VENTLUNG,"KINKEDTUBE,MINVOL",2.5471171915232302e-163
PRESS,VENTLUNG,"KINKEDTUBE,MINVOL",2.5471171915232302e-163
PRESS,VENTLUNG,"KINKEDTUBE,MINVOL",2.5471171915232302e-163
PRESS,VENTLUNG,"KINKEDTUBE,MINVOL",2.5471171915232302e-163
PRESS,VENTLUNG,"KINKEDTUBE,MINVOL",2.5471171915232302e-163
PRESS,VENTLUNG,"KINKEDTUBE,MINVOL",2.5471171915232302e-163
PRESS,VENTLUNG,"KINKEDTUBE,MINVOL",2.5471171915232302e-163
PRESS,VENTLUNG,"KINKEDTUBE,MINVOL",2.5471171915232302e-163
PRESS,VENTLUNG,"KINKEDTUBE,MINVOL",2.5471171915232302e-163
PRESS,VENTLUNG,"KINKEDTUBE,MINVOL",2.5471171915232302e-163
PRESS,VENTLUNG,"KINKEDTUBE,MINVOL",2.5471171915232302e-163
PRESS,VENTLUNG,"KINKEDTUBE,MINVOL",2.5471171915232302e-163
PRESS,VENTLUNG,"KINKEDTUBE,MINVOL",2.5471171915232302e-163
PRESS,VENTLUNG,"KINKEDTUBE,MINVOL",2.5471171915232302e-163
PRESS,VENTALV,"KINKEDTUBE,MINVOL",5.143134118003121e-87
PRESS,VENTALV,"KINKEDTUBE,MINVOL",5.143134118003121e-87
PRESS,VENTALV,"KINKEDTUBE,MINVOL",5.143134118003121e-87
PRESS,VENTALV,"KINKEDTUBE,MINVOL",5.143134118003121e-87
PRESS,VENTALV,"KINKEDTUBE,MINVOL",5.143134118003121e-87
PRESS,VENTALV,"KINKEDTUBE,MINVOL",5.143134118003121e-87
PRESS,VENTALV,"KINKEDTUBE,MINVOL",5.143134118003121e-87
PRESS,VENTALV,"KINKEDTUBE,MINVOL",5.143134118003121e-87
PRESS,VENTALV,"KINKEDTUBE,MINVOL",5.143134118003121e-87
PRESS,VENTALV,"KINKEDTUBE,MINVOL",5.143134118003121e-87
PRESS,VENTALV,"KINKEDTUBE,MINVOL",5.143134118003121e-87
PRESS,VENTALV,"KINKEDTUBE,MINVOL",5.143134118003121e-87
PRESS,VENTALV,"KINKEDTUBE,MINVOL",5.143134118003121e-87
PRESS,VENTALV,"KINKEDTUBE,MINVOL",5.143134118003121e-87
PRESS,VENTALV,"KINKEDTUBE,MINVOL",5.143134118003121e-87
MINVOLSET,VENTMACH,"EXPCO2,VENTALV",0.0
MINVOLSET,VENTALV,"EXPCO2,VENTMACH",0.013525848669304188
VENTMACH,VENTTUBE,"MINVOLSET,PVSAT",0.0
VENTTUBE,VENTLUNG,"DISCONNECT,MINVOL",2.2508908756024557e-301
VENTTUBE,VENTLUNG,"DISCONNECT,MINVOL",2.2508908756024557e-301
VENTTUBE,VENTLUNG,"DISCONNECT,MINVOL",2.2508908756024557e-301
VENTTUBE,VENTLUNG,"DISCONNECT,MINVOL",2.2508908756024557e-301
VENTTUBE,VENTLUNG,"DISCONNECT,MINVOL",2.2508908756024557e-301
VENTTUBE,VENTLUNG,"DISCONNECT,MINVOL",2.2508908756024557e-301
VENTTUBE,VENTLUNG,"DISCONNECT,MINVOL",2.2508908756024557e-301
VENTTUBE,VENTLUNG,"DISCONNECT,MINVOL",2.2508908756024557e-301
VENTTUBE,VENTLUNG,"DISCONNECT,MINVOL",2.2508908756024557e-301
VENTTUBE,VENTLUNG,"DISCONNECT,MINVOL",2.2508908756024557e-301
VENTTUBE,VENTLUNG,"DISCONNECT,MINVOL",2.2508908756024557e-301
VENTTUBE,VENTLUNG,"DISCONNECT,MINVOL",2.2508908756024557e-301
VENTTUBE,VENTLUNG,"DISCONNECT,MINVOL",2.2508908756024557e-301
VENTTUBE,VENTLUNG,"DISCONNECT,MINVOL",2.2508908756024557e-301
VENTTUBE,VENTLUNG,"DISCONNECT,MINVOL",2.2508908756024557e-301
VENTTUBE,VENTLUNG,"DISCONNECT,MINVOL",2.2508908756024557e-301
VENTTUBE,VENTLUNG,"DISCONNECT,MINVOL",2.2508908756024557e-301
VENTTUBE,VENTLUNG,"DISCONNECT,MINVOL",2.2508908756024557e-301
VENTTUBE,VENTLUNG,"DISCONNECT,MINVOL",2.2508908756024557e-301
VENTTUBE,VENTLUNG,"DISCONNECT,MINVOL",2.2508908756024557e-301
VENTTUBE,VENTLUNG,"DISCONNECT,MINVOL",2.2508908756024557e-301
VENTTUBE,VENTALV,"DISCONNECT,MINVOL",2.113957829648319e-177
VENTTUBE,VENTALV,"DISCONNECT,MINVOL",2.113957829648319e-177
VENTTUBE,VENTALV,"DISCONNECT,MINVOL",2.113957829648319e-177
VENTTUBE,VENTALV,"DISCONNECT,MINVOL",2.113957829648319e-177
VENTTUBE,VENTALV,"DISCONNECT,MINVOL",2.113957829648319e-177
VENTTUBE,VENTALV,"DISCONNECT,MINVOL",2.113957829648319e-177
VENTTUBE,VENTALV,"DISCONNECT,MINVOL",2.113957829648319e-177
VENTTUBE,VENTALV,"DISCONNECT,MINVOL",2.113957829648319e-177
VENTTUBE,VENTALV,"DISCONNECT,MINVOL",2.113957829648319e-177
VENTTUBE,VENTALV,"DISCONNECT,MINVOL",2.113957829648319e-177
VENTTUBE,VENTALV,"DISCONNECT,MINVOL",2.113957829648319e-177
VENTTUBE,VENTALV,"DISCONNECT,MINVOL",2.113957829648319e-177
VENTTUBE,VENTALV,"DISCONNECT,MINVOL",2.113957829648319e-177
VENTTUBE,VENTALV,"DISCONNECT,MINVOL",2.113957829648319e-177
VENTTUBE,VENTALV,"DISCONNECT,MINVOL",2.113957829648319e-177
VENTTUBE,VENTALV,"DISCONNECT,MINVOL",2.113957829648319e-177
VENTTUBE,VENTALV,"DISCONNECT,MINVOL",2.113957829648319e-177
VENTTUBE,VENTALV,"DISCONNECT,MINVOL",2.113957829648319e-177
VENTTUBE,VENTALV,"DISCONNECT,MINVOL",2.113957829648319e-177
VENTTUBE,VENTALV,"DISCONNECT,MINVOL",2.113957829648319e-177
VENTTUBE,VENTALV,"DISCONNECT,MINVOL",2.113957829648319e-177
VENTLUNG,VENTALV,"MINVOL,SAO2",0.0
VENTLUNG,VENTALV,"MINVOL,SAO2",0.0
VENTLUNG,VENTALV,"MINVOL,SAO2",0.0
VENTLUNG,VENTALV,"MINVOL,SAO2",0.0
VENTLUNG,VENTALV,"MINVOL,SAO2",0.0
VENTLUNG,VENTALV,"MINVOL,SAO2",0.0
VENTLUNG,VENTALV,"MINVOL,SAO2",0.0
VENTLUNG,VENTALV,"MINVOL,SAO2",0.0
VENTLUNG,VENTALV,"MINVOL,SAO2",0.0
VENTLUNG,VENTALV,"MINVOL,SAO2",0.0
VENTLUNG,VENTALV,"MINVOL,SAO2",0.0
VENTLUNG,VENTALV,"MINVOL,SAO2",0.0
VENTLUNG,VENTALV,"MINVOL,SAO2",0.0
VENTLUNG,VENTALV,"MINVOL,SAO2",0.0
VENTLUNG,VENTALV,"MINVOL,SAO2",0.0
VENTLUNG,VENTALV,"MINVOL,SAO2",0.0
VENTLUNG,VENTALV,"MINVOL,SAO2",0.0
VENTLUNG,VENTALV,"MINVOL,SAO2",0.0
VENTLUNG,VENTALV,"MINVOL,SAO2",0.0
VENTLUNG,VENTALV,"MINVOL,SAO2",0.0
VENTLUNG,VENTALV,"MINVOL,SAO2",0.0
VENTLUNG,VENTALV,"MINVOL,SAO2",0.0
VENTLUNG,VENTALV,"MINVOL,SAO2",0.0
VENTLUNG,VENTALV,"MINVOL,SAO2",0.0
VENTLUNG,VENTALV,"MINVOL,SAO2",0.0
VENTLUNG,VENTALV,"MINVOL,SAO2",0.0
VENTLUNG,VENTALV,"MINVOL,SAO2",0.0
VENTLUNG,VENTALV,"MINVOL,SAO2",0.0
VENTLUNG,VENTALV,"MINVOL,SAO2",0.0
VENTLUNG,VENTALV,"MINVOL,SAO2",0.0
VENTLUNG,VENTALV,"MINVOL,SAO2",0.0
VENTLUNG,VENTALV,"MINVOL,SAO2",0.0
VENTLUNG,VENTALV,"MINVOL,SAO2",0.0
VENTLUNG,VENTALV,"MINVOL,SAO2",0.0
VENTLUNG,VENTALV,"MINVOL,SAO2",0.0
VENTLUNG,VENTALV,"MINVOL,SAO2",0.0
VENTLUNG,ARTCO2,"MINVOL,SAO2",1.052550283305188e-300
VENTLUNG,ARTCO2,"MINVOL,SAO2",1.052550283305188e-300
VENTLUNG,ARTCO2,"MINVOL,SAO2",1.052550283305188e-300
VENTLUNG,ARTCO2,"MINVOL,SAO2",1.052550283305188e-300
VENTLUNG,ARTCO2,"MINVOL,SAO2",1.052550283305188e-300
VENTLUNG,ARTCO2,"MINVOL,SAO2",1.052550283305188e-300
VENTLUNG,ARTCO2,"MINVOL,SAO2",1.052550283305188e-300
VENTLUNG,ARTCO2,"MINVOL,SAO2",1.052550283305188e-300
VENTLUNG,ARTCO2,"MINVOL,SAO2",1.052550283305188e-300
VENTLUNG,ARTCO2,"MINVOL,SAO2",1.052550283305188e-300
VENTLUNG,ARTCO2,"MINVOL,SAO2",1.052550283305188e-300
VENTLUNG,ARTCO2,"MINVOL,SAO2",1.052550283305188e-300
VENTLUNG,ARTCO2,"MINVOL,SAO2",1.052550283305188e-300
VENTLUNG,ARTCO2,"MINVOL,SAO2",1.052550283305188e-300
VENTLUNG,ARTCO2,"MINVOL,SAO2",1.052550283305188e-300
VENTLUNG,ARTCO2,"MINVOL,SAO2",1.052550283305188e-300
VENTLUNG,ARTCO2,"MINVOL,SAO2",1.052550283305188e-300
VENTLUNG,ARTCO2,"MINVOL,SAO2",1.052550283305188e-300
VENTLUNG,ARTCO2,"MINVOL,SAO2",1.052550283305188e-300
VENTLUNG,ARTCO2,"MINVOL,SAO2",1.052550283305188e-300
VENTLUNG,ARTCO2,"MINVOL,SAO2",1.052550283305188e-300
VENTLUNG,ARTCO2,"MINVOL,SAO2",1.052550283305188e-300
VENTLUNG,ARTCO2,"MINVOL,SAO2",1.052550283305188e-300
VENTLUNG,ARTCO2,"MINVOL,SAO2",1.052550283305188e-300
VENTLUNG,ARTCO2,"MINVOL,SAO2",1.052550283305188e-300
VENTLUNG,ARTCO2,"MINVOL,SAO2",1.052550283305188e-300
VENTLUNG,ARTCO2,"MINVOL,SAO2",1.052550283305188e-300
VENTLUNG,ARTCO2,"MINVOL,SAO2",1.052550283305188e-300
VENTLUNG,ARTCO2,"MINVOL,SAO2",1.052550283305188e-300
VENTLUNG,ARTCO2,"MINVOL,SAO2",1.052550283305188e-300
VENTLUNG,ARTCO2,"MINVOL,SAO2",1.052550283305188e-300
VENTLUNG,ARTCO2,"MINVOL,SAO2",1.052550283305188e-300
VENTLUNG,ARTCO2,"MINVOL,SAO2",1.052550283305188e-300
VENTLUNG,ARTCO2,"MINVOL,SAO2",1.052550283305188e-300
VENTLUNG,ARTCO2,"MINVOL,SAO2",1.052550283305188e-300
VENTLUNG,ARTCO2,"MINVOL,SAO2",1.052550283305188e-300
VENTALV,ARTCO2,"CATECHOL,SAO2",0.0
VENTALV,ARTCO2,"CATECHOL,SAO2",0.0
VENTALV,ARTCO2,"CATECHOL,SAO2",0.0
VENTALV,ARTCO2,"CATECHOL,SAO2",0.0
VENTALV,ARTCO2,"CATECHOL,SAO2",0.0
VENTALV,ARTCO2,"CATECHOL,SAO2",0.0
VENTALV,ARTCO2,"CATECHOL,SAO2",0.0
VENTALV,ARTCO2,"CATECHOL,SAO2",0.0
VENTALV,ARTCO2,"CATECHOL,SAO2",0.0
VENTALV,ARTCO2,"CATECHOL,SAO2",0.0
VENTALV,ARTCO2,"CATECHOL,SAO2",0.0
VENTALV,ARTCO2,"CATECHOL,SAO2",0.0
VENTALV,ARTCO2,"CATECHOL,SAO2",0.0
VENTALV,ARTCO2,"CATECHOL,SAO2",0.0
VENTALV,ARTCO2,"CATECHOL,SAO2",0.0
VENTALV,ARTCO2,"CATECHOL,SAO2",0.0
VENTALV,ARTCO2,"CATECHOL,SAO2",0.0
VENTALV,ARTCO2,"CATECHOL,SAO2",0.0
VENTALV,ARTCO2,"CATECHOL,SAO2",0.0
VENTALV,ARTCO2,"CATECHOL,SAO2",0.0
VENTALV,ARTCO2,"CATECHOL,SAO2",0.0
VENTALV,ARTCO2,"CATECHOL,SAO2",0.0
VENTALV,ARTCO2,"CATECHOL,SAO2",0.0
VENTALV,ARTCO2,"CATECHOL,SAO2",0.0
VENTALV,ARTCO2,"CATECHOL,SAO2",0.0
VENTALV,ARTCO2,"CATECHOL,SAO2",0.0
VENTALV,ARTCO2,"CATECHOL,SAO2",0.0
VENTALV,ARTCO2,"CATECHOL,SAO2",0.0
VENTALV,ARTCO2,"CATECHOL,SAO2",0.0
VENTALV,ARTCO2,"CATECHOL,SAO2",0.0
VENTALV,ARTCO2,"CATECHOL,SAO2",0.0
VENTALV,ARTCO2,"CATECHOL,SAO2",0.0
VENTALV,ARTCO2,"CATECHOL,SAO2",0.0
VENTALV,ARTCO2,"CATECHOL,SAO2",0.0
VENTALV,ARTCO2,"CATECHOL,SAO2",0.0
VENTALV,ARTCO2,"CATECHOL,SAO2",0.0
VENTALV,ARTCO2,"CATECHOL,SAO2",0.0
VENTALV,ARTCO2,"CATECHOL,SAO2",0.0
VENTALV,ARTCO2,"CATECHOL,SAO2",0.0
VENTALV,ARTCO2,"CATECHOL,SAO2",0.0
VENTALV,ARTCO2,"CATECHOL,SAO2",0.0
VENTALV,ARTCO2,"CATECHOL,SAO2",0.0
VENTALV,ARTCO2,"CATECHOL,SAO2",0.0
VENTALV,ARTCO2,"CATECHOL,SAO2",0.0
VENTALV,ARTCO2,"CATECHOL,SAO2",0.0
VENTALV,ARTCO2,"CATECHOL,SAO2",0.0
VENTALV,ARTCO2,"CATECHOL,SAO2",0.0
VENTALV,ARTCO2,"CATECHOL,SAO2",0.0
VENTALV,ARTCO2,"CATECHOL,SAO2",0.0
VENTALV,ARTCO2,"CATECHOL,SAO2",0.0
VENTALV,ARTCO2,"CATECHOL,SAO2",0.0
VENTALV,ARTCO2,"CATECHOL,SAO2",0.0
VENTALV,ARTCO2,"CATECHOL,SAO2",0.0
VENTALV,ARTCO2,"CATECHOL,SAO2",0.0
VENTALV,ARTCO2,"CATECHOL,SAO2",0.0
VENTALV,CATECHOL,"ARTCO2,PVSAT",0.19480160416225065
VENTALV,CATECHOL,"ARTCO2,PVSAT",0.19480160416225065
VENTALV,CATECHOL,"ARTCO2,PVSAT",0.19480160416225065
VENTALV,CATECHOL,"ARTCO2,PVSAT",0.19480160416225065
VENTALV,CATECHOL,"ARTCO2,PVSAT",0.19480160416225065
VENTALV,CATECHOL,"ARTCO2,PVSAT",0.19480160416225065
VENTALV,CATECHOL,"ARTCO2,PVSAT",0.19480160416225065
VENTALV,CATECHOL,"ARTCO2,PVSAT",0.19480160416225065
VENTALV,CATECHOL,"ARTCO2,PVSAT",0.19480160416225065
VENTALV,CATECHOL,"ARTCO2,PVSAT",0.19480160416225065
VENTALV,CATECHOL,"ARTCO2,PVSAT",0.19480160416225065
VENTALV,CATECHOL,"ARTCO2,PVSAT",0.19480160416225065
VENTALV,CATECHOL,"ARTCO2,PVSAT",0.19480160416225065
VENTALV,CATECHOL,"ARTCO2,PVSAT",0.19480160416225065
VENTALV,CATECHOL,"ARTCO2,PVSAT",0.19480160416225065
VENTALV,CATECHOL,"ARTCO2,PVSAT",0.19480160416225065
VENTALV,CATECHOL,"ARTCO2,PVSAT",0.19480160416225065
VENTALV,CATECHOL,"ARTCO2,PVSAT",0.19480160416225065
VENTALV,CATECHOL,"ARTCO2,PVSAT",0.19480160416225065
VENTALV,CATECHOL,"ARTCO2,PVSAT",0.19480160416225065
ARTCO2,CATECHOL,"EXPCO2,VENTLUNG",1.7963594955316965e-83
ARTCO2,CATECHOL,"EXPCO2,VENTLUNG",1.7963594955316965e-83
ARTCO2,CATECHOL,"EXPCO2,VENTLUNG",1.7963594955316965e-83
ARTCO2,CATECHOL,"EXPCO2,VENTLUNG",1.7963594955316965e-83
ARTCO2,CATECHOL,"EXPCO2,VENTLUNG",1.7963594955316965e-83
ARTCO2,CATECHOL,"EXPCO2,VENTLUNG",1.7963594955316965e-83
CATECHOL,HR,"ERRCAUTER,SAO2",0.0
CATECHOL,HR,"ERRCAUTER,SAO2",0.0
CATECHOL,HR,"ERRCAUTER,SAO2",0.0
CATECHOL,HR,"ERRCAUTER,SAO2",0.0
CATECHOL,HR,"ERRCAUTER,SAO2",0.0
CATECHOL,HR,"ERRCAUTER,SAO2",0.0
CATECHOL,HR,"ERRCAUTER,SAO2",0.0
CATECHOL,HR,"ERRCAUTER,SAO2",0.0
CATECHOL,HR,"ERRCAUTER,SAO2",0.0
CATECHOL,HR,"ERRCAUTER,SAO2",0.0
CATECHOL,HR,"ERRCAUTER,SAO2",0.0
CATECHOL,HR,"ERRCAUTER,SAO2",0.0
CATECHOL,HR,"ERRCAUTER,SAO2",0.0
CATECHOL,HR,"ERRCAUTER,SAO2",0.0
CATECHOL,HR,"ERRCAUTER,SAO2",0.0
CATECHOL,HR,"ERRCAUTER,SAO2",0.0
CATECHOL,HR,"ERRCAUTER,SAO2",0.0
CATECHOL,HR,"ERRCAUTER,SAO2",0.0
CATECHOL,HR,"ERRCAUTER,SAO2",0.0
CATECHOL,HR,"ERRCAUTER,SAO2",0.0
CATECHOL,HR,"ERRCAUTER,SAO2",0.0
CATECHOL,BP,"HR,TPR",0.24353136898564814
CATECHOL,BP,"HR,TPR",0.24353136898564814
CATECHOL,BP,"HR,TPR",0.24353136898564814
CATECHOL,BP,"HR,TPR",0.24353136898564814
CATECHOL,BP,"HR,TPR",0.24353136898564814
CATECHOL,BP,"HR,TPR",0.24353136898564814
CATECHOL,BP,"HR,TPR",0.24353136898564814
CATECHOL,BP,"HR,TPR",0.24353136898564814
CATECHOL,BP,"HR,TPR",0.24353136898564814
CATECHOL,BP,"HR,TPR",0.24353136898564814
CATECHOL,BP,"HR,TPR",0.24353136898564814
CATECHOL,BP,"HR,TPR",0.24353136898564814
CATECHOL,BP,"HR,TPR",0.24353136898564814
HR,CO,"CATECHOL,HRBP",1.06543677574249e-303
HR,CO,"CATECHOL,HRBP",1.06543677574249e-303
HR,CO,"CATECHOL,HRBP",1.06543677574249e-303
HR,CO,"CATECHOL,HRBP",1.06543677574249e-303
HR,CO,"CATECHOL,HRBP",1.06543677574249e-303
HR,CO,"CATECHOL,HRBP",1.06543677574249e-303
HR,CO,"CATECHOL,HRBP",1.06543677574249e-303
HR,CO,"CATECHOL,HRBP",1.06543677574249e-303
HR,CO,"CATECHOL,HRBP",1.06543677574249e-303
HR,CO,"CATECHOL,HRBP",1.06543677574249e-303
HR,BP,"CATECHOL,CO",0.09447631133090142
HR,BP,"CATECHOL,CO",0.09447631133090142
HR,BP,"CATECHOL,CO",0.09447631133090142
HR,BP,"CATECHOL,CO",0.09447631133090142
HR,BP,"CATECHOL,CO",0.09447631133090142
HR,BP,"CATECHOL,CO",0.09447631133090142
HR,BP,"CATECHOL,CO",0.09447631133090142
HR,BP,"CATECHOL,CO",0.09447631133090142
HR,BP,"CATECHOL,CO",0.09447631133090142
CO,BP,"HR,STROKEVOLUME",5.441296879035383e-267
LVEDVOLUME,LVFAILURE,"CVP,HYPOVOLEMIA,PCWP",1.1562303897389573e-100
STROKEVOLUME,CO,"BP,HYPOVOLEMIA,LVFAILURE",0.0
STROKEVOLUME,BP,"CO,HYPOVOLEMIA,LVFAILURE",0.021968319302374993
EXPCO2,MINVOL,"INTUBATION,VENTALV,VENTLUNG",0.9583635593635982
EXPCO2,MINVOL,"INTUBATION,VENTALV,VENTLUNG",0.9583635593635982
EXPCO2,INTUBATION,"ARTCO2,VENTALV,VENTLUNG",0.09258808061134897
EXPCO2,VENTLUNG,"ARTCO2,INTUBATION,MINVOL",6.551481201239272e-307
EXPCO2,VENTLUNG,"ARTCO2,INTUBATION,MINVOL",6.551481201239272e-307
EXPCO2,VENTLUNG,"ARTCO2,INTUBATION,MINVOL",6.551481201239272e-307
EXPCO2,VENTLUNG,"ARTCO2,INTUBATION,MINVOL",6.551481201239272e-307
EXPCO2,VENTALV,"INTUBATION,MINVOL,VENTLUNG",2.5362778506743544e-182
EXPCO2,VENTALV,"INTUBATION,MINVOL,VENTLUNG",2.5362778506743544e-182
EXPCO2,VENTALV,"INTUBATION,MINVOL,VENTLUNG",2.5362778506743544e-182
EXPCO2,VENTALV,"INTUBATION,MINVOL,VENTLUNG",2.5362778506743544e-182
EXPCO2,ARTCO2,"INTUBATION,MINVOL,VENTLUNG",0.0
EXPCO2,ARTCO2,"INTUBATION,MINVOL,VENTLUNG",0.0
EXPCO2,ARTCO2,"INTUBATION,MINVOL,VENTLUNG",0.0
EXPCO2,ARTCO2,"INTUBATION,MINVOL,VENTLUNG",0.0
KINKEDTUBE,MINVOL,"PRESS,VENTALV,VENTLUNG",0.016319197619229366
KINKEDTUBE,PRESS,"MINVOL,VENTALV,VENTLUNG",3.693125274578379e-131
KINKEDTUBE,VENTLUNG,"MINVOL,PRESS,VENTALV",3.1162755329977616e-11
KINKEDTUBE,VENTALV,"MINVOL,PRESS,VENTLUNG",0.005767536105990484
MINVOL,PVSAT,"EXPCO2,INTUBATION,VENTALV",0.2023625146867279
MINVOL,INTUBATION,"KINKEDTUBE,VENTLUNG,VENTTUBE",0.0
MINVOL,INTUBATION,"KINKEDTUBE,VENTLUNG,VENTTUBE",0.0
MINVOL,INTUBATION,"KINKEDTUBE,VENTLUNG,VENTTUBE",0.0
MINVOL,INTUBATION,"KINKEDTUBE,VENTLUNG,VENTTUBE",0.0
MINVOL,INTUBATION,"KINKEDTUBE,VENTLUNG,VENTTUBE",0.0
MINVOL,INTUBATION,"KINKEDTUBE,VENTLUNG,VENTTUBE",0.0
MINVOL,INTUBATION,"KINKEDTUBE,VENTLUNG,VENTTUBE",0.0
MINVOL,INTUBATION,"KINKEDTUBE,VENTLUNG,VENTTUBE",0.0
MINVOL,INTUBATION,"KINKEDTUBE,VENTLUNG,VENTTUBE",0.0
MINVOL,INTUBATION,"KINKEDTUBE,VENTLUNG,VENTTUBE",0.0
MINVOL,INTUBATION,"KINKEDTUBE,VENTLUNG,VENTTUBE",0.0
MINVOL,INTUBATION,"KINKEDTUBE,VENTLUNG,VENTTUBE",0.0
MINVOL,INTUBATION,"KINKEDTUBE,VENTLUNG,VENTTUBE",0.0
MINVOL,INTUBATION,"KINKEDTUBE,VENTLUNG,VENTTUBE",0.0
MINVOL,INTUBATION,"KINKEDTUBE,VENTLUNG,VENTTUBE",0.0
MINVOL,INTUBATION,"KINKEDTUBE,VENTLUNG,VENTTUBE",0.0
MINVOL,INTUBATION,"KINKEDTUBE,VENTLUNG,VENTTUBE",0.0
MINVOL,INTUBATION,"KINKEDTUBE,VENTLUNG,VENTTUBE",0.0
MINVOL,INTUBATION,"KINKEDTUBE,VENTLUNG,VENTTUBE",0.0
MINVOL,INTUBATION,"KINKEDTUBE,VENTLUNG,VENTTUBE",0.0
MINVOL,INTUBATION,"KINKEDTUBE,VENTLUNG,VENTTUBE",0.0
MINVOL,INTUBATION,"KINKEDTUBE,VENTLUNG,VENTTUBE",0.0
MINVOL,INTUBATION,"KINKEDTUBE,VENTLUNG,VENTTUBE",0.0
MINVOL,INTUBATION,"KINKEDTUBE,VENTLUNG,VENTTUBE",0.0
MINVOL,INTUBATION,"KINKEDTUBE,VENTLUNG,VENTTUBE",0.0
MINVOL,INTUBATION,"KINKEDTUBE,VENTLUNG,VENTTUBE",0.0
MINVOL,INTUBATION,"KINKEDTUBE,VENTLUNG,VENTTUBE",0.0
MINVOL,INTUBATION,"KINKEDTUBE,VENTLUNG,VENTTUBE",0.0
MINVOL,INTUBATION,"KINKEDTUBE,VENTLUNG,VENTTUBE",0.0
MINVOL,INTUBATION,"KINKEDTUBE,VENTLUNG,VENTTUBE",0.0
MINVOL,INTUBATION,"KINKEDTUBE,VENTLUNG,VENTTUBE",0.0
MINVOL,INTUBATION,"KINKEDTUBE,VENTLUNG,VENTTUBE",0.0
MINVOL,INTUBATION,"KINKEDTUBE,VENTLUNG,VENTTUBE",0.0
MINVOL,INTUBATION,"KINKEDTUBE,VENTLUNG,VENTTUBE",0.0
MINVOL,INTUBATION,"KINKEDTUBE,VENTLUNG,VENTTUBE",0.0
MINVOL,PRESS,"EXPCO2,INTUBATION,VENTALV",0.9999994133984994
MINVOL,VENTTUBE,"INTUBATION,VENTALV,VENTLUNG",0.9999269003063395
MINVOL,VENTTUBE,"INTUBATION,VENTALV,VENTLUNG",0.9999269003063395
MINVOL,VENTTUBE,"INTUBATION,VENTALV,VENTLUNG",0.9999269003063395
MINVOL,VENTTUBE,"INTUBATION,VENTALV,VENTLUNG",0.9999269003063395
MINVOL,VENTLUNG,"KINKEDTUBE,PRESS,VENTTUBE",0.0
MINVOL,VENTLUNG,"KINKEDTUBE,PRESS,VENTTUBE",0.0
MINVOL,VENTLUNG,"KINKEDTUBE,PRESS,VENTTUBE",0.0
MINVOL,VENTLUNG,"KINKEDTUBE,PRESS,VENTTUBE",0.0
MINVOL,VENTLUNG,"KINKEDTUBE,PRESS,VENTTUBE",0.0
MINVOL,VENTLUNG,"KINKEDTUBE,PRESS,VENTTUBE",0.0
MINVOL,VENTLUNG,"KINKEDTUBE,PRESS,VENTTUBE",0.0
MINVOL,VENTLUNG,"KINKEDTUBE,PRESS,VENTTUBE",0.0
MINVOL,VENTLUNG,"KINKEDTUBE,PRESS,VENTTUBE",0.0
MINVOL,VENTLUNG,"KINKEDTUBE,PRESS,VENTTUBE",0.0
MINVOL,VENTLUNG,"KINKEDTUBE,PRESS,VENTTUBE",0.0
MINVOL,VENTLUNG,"KINKEDTUBE,PRESS,VENTTUBE",0.0
MINVOL,VENTLUNG,"KINKEDTUBE,PRESS,VENTTUBE",0.0
MINVOL,VENTLUNG,"KINKEDTUBE,PRESS,VENTTUBE",0.0
MINVOL,VENTLUNG,"KINKEDTUBE,PRESS,VENTTUBE",0.0
MINVOL,VENTLUNG,"KINKEDTUBE,PRESS,VENTTUBE",0.0
MINVOL,VENTLUNG,"KINKEDTUBE,PRESS,VENTTUBE",0.0
MINVOL,VENTLUNG,"KINKEDTUBE,PRESS,VENTTUBE",0.0
MINVOL,VENTLUNG,"KINKEDTUBE,PRESS,VENTTUBE",0.0
MINVOL,VENTLUNG,"KINKEDTUBE,PRESS,VENTTUBE",0.0
MINVOL,VENTLUNG,"KINKEDTUBE,PRESS,VENTTUBE",0.0
MINVOL,VENTLUNG,"KINKEDTUBE,PRESS,VENTTUBE",0.0
MINVOL,VENTLUNG,"KINKEDTUBE,PRESS,VENTTUBE",0.0
MINVOL,VENTLUNG,"KINKEDTUBE,PRESS,VENTTUBE",0.0
MINVOL,VENTLUNG,"KINKEDTUBE,PRESS,VENTTUBE",0.0
MINVOL,VENTLUNG,"KINKEDTUBE,PRESS,VENTTUBE",0.0
MINVOL,VENTLUNG,"KINKEDTUBE,PRESS,VENTTUBE",0.0
MINVOL,VENTLUNG,"KINKEDTUBE,PRESS,VENTTUBE",0.0
MINVOL,VENTLUNG,"KINKEDTUBE,PRESS,VENTTUBE",0.0
MINVOL,VENTLUNG,"KINKEDTUBE,PRESS,VENTTUBE",0.0
MINVOL,VENTLUNG,"KINKEDTUBE,PRESS,VENTTUBE",0.0
MINVOL,VENTLUNG,"KINKEDTUBE,PRESS,VENTTUBE",0.0
MINVOL,VENTLUNG,"KINKEDTUBE,PRESS,VENTTUBE",0.0
MINVOL,VENTLUNG,"KINKEDTUBE,PRESS,VENTTUBE",0.0
MINVOL,VENTLUNG,"KINKEDTUBE,PRESS,VENTTUBE",0.0
MINVOL,VENTALV,"EXPCO2,INTUBATION,VENTLUNG",0.0829802062109069
MINVOL,VENTALV,"EXPCO2,INTUBATION,VENTLUNG",0.0829802062109069
MINVOL,VENTALV,"EXPCO2,INTUBATION,VENTLUNG",0.0829802062109069
MINVOL,VENTALV,"EXPCO2,INTUBATION,VENTLUNG",0.0829802062109069
PVSAT,SAO2,"MINVOL,VENTLUNG,VENTTUBE",0.0
PVSAT,SAO2,"MINVOL,VENTLUNG,VENTTUBE",0.0
PVSAT,SAO2,"MINVOL,VENTLUNG,VENTTUBE",0.0
PVSAT,SAO2,"MINVOL,VENTLUNG,VENTTUBE",0.0
PVSAT,SAO2,"MINVOL,VENTLUNG,VENTTUBE",0.0
PVSAT,SAO2,"MINVOL,VENTLUNG,VENTTUBE",0.0
PVSAT,SAO2,"MINVOL,VENTLUNG,VENTTUBE",0.0
PVSAT,SAO2,"MINVOL,VENTLUNG,VENTTUBE",0.0
PVSAT,SAO2,"MINVOL,VENTLUNG,VENTTUBE",0.0
PVSAT,SAO2,"MINVOL,VENTLUNG,VENTTUBE",0.0
PVSAT,SAO2,"MINVOL,VENTLUNG,VENTTUBE",0.0
PVSAT,SAO2,"MINVOL,VENTLUNG,VENTTUBE",0.0
PVSAT,SAO2,"MINVOL,VENTLUNG,VENTTUBE",0.0
PVSAT,SAO2,"MINVOL,VENTLUNG,VENTTUBE",0.0
PVSAT,SAO2,"MINVOL,VENTLUNG,VENTTUBE",0.0
PVSAT,SAO2,"MINVOL,VENTLUNG,VENTTUBE",0.0
PVSAT,SAO2,"MINVOL,VENTLUNG,VENTTUBE",0.0
PVSAT,SAO2,"MINVOL,VENTLUNG,VENTTUBE",0.0
PVSAT,SAO2,"MINVOL,VENTLUNG,VENTTUBE",0.0
PVSAT,SAO2,"MINVOL,VENTLUNG,VENTTUBE",0.0
PVSAT,SAO2,"MINVOL,VENTLUNG,VENTTUBE",0.0
PVSAT,SAO2,"MINVOL,VENTLUNG,VENTTUBE",0.0
PVSAT,SAO2,"MINVOL,VENTLUNG,VENTTUBE",0.0
PVSAT,SAO2,"MINVOL,VENTLUNG,VENTTUBE",0.0
PVSAT,SAO2,"MINVOL,VENTLUNG,VENTTUBE",0.0
PVSAT,SAO2,"MINVOL,VENTLUNG,VENTTUBE",0.0
PVSAT,SAO2,"MINVOL,VENTLUNG,VENTTUBE",0.0
PVSAT,SAO2,"MINVOL,VENTLUNG,VENTTUBE",0.0
PVSAT,SAO2,"MINVOL,VENTLUNG,VENTTUBE",0.0
PVSAT,SAO2,"MINVOL,VENTLUNG,VENTTUBE",0.0
PVSAT,SAO2,"MINVOL,VENTLUNG,VENTTUBE",0.0
PVSAT,SAO2,"MINVOL,VENTLUNG,VENTTUBE",0.0
PVSAT,SAO2,"MINVOL,VENTLUNG,VENTTUBE",0.0
PVSAT,SAO2,"MINVOL,VENTLUNG,VENTTUBE",0.0
PVSAT,SAO2,"MINVOL,VENTLUNG,VENTTUBE",0.0
PVSAT,SAO2,"MINVOL,VENTLUNG,VENTTUBE",0.0
PVSAT,SAO2,"MINVOL,VENTLUNG,VENTTUBE",0.0
PVSAT,SAO2,"MINVOL,VENTLUNG,VENTTUBE",0.0
PVSAT,SAO2,"MINVOL,VENTLUNG,VENTTUBE",0.0
PVSAT,SAO2,"MINVOL,VENTLUNG,VENTTUBE",0.0
PVSAT,SAO2,"MINVOL,VENTLUNG,VENTTUBE",0.0
PVSAT,SAO2,"MINVOL,VENTLUNG,VENTTUBE",0.0
PVSAT,SAO2,"MINVOL,VENTLUNG,VENTTUBE",0.0
PVSAT,SAO2,"MINVOL,VENTLUNG,VENTTUBE",0.0
PVSAT,SAO2,"MINVOL,VENTLUNG,VENTTUBE",0.0
PVSAT,SAO2,"MINVOL,VENTLUNG,VENTTUBE",0.0
PVSAT,SAO2,"MINVOL,VENTLUNG,VENTTUBE",0.0
PVSAT,SAO2,"MINVOL,VENTLUNG,VENTTUBE",0.0
PVSAT,SAO2,"MINVOL,VENTLUNG,VENTTUBE",0.0
PVSAT,SAO2,"MINVOL,VENTLUNG,VENTTUBE",0.0
PVSAT,SAO2,"MINVOL,VENTLUNG,VENTTUBE",0.0
PVSAT,SAO2,"MINVOL,VENTLUNG,VENTTUBE",0.0
PVSAT,SAO2,"MINVOL,VENTLUNG,VENTTUBE",0.0
PVSAT,SAO2,"MINVOL,VENTLUNG,VENTTUBE",0.0
PVSAT,SAO2,"MINVOL,VENTLUNG,VENTTUBE",0.0
PVSAT,SAO2,"MINVOL,VENTLUNG,VENTTUBE",0.0
PVSAT,INTUBATION,"ARTCO2,VENTALV,VENTLUNG",0.11355590273810448
PVSAT,INTUBATION,"ARTCO2,VENTALV,VENTLUNG",0.11355590273810448
PVSAT,INTUBATION,"ARTCO2,VENTALV,VENTLUNG",0.11355590273810448
PVSAT,INTUBATION,"ARTCO2,VENTALV,VENTLUNG",0.11355590273810448
PVSAT,VENTMACH,"ARTCO2,INTUBATION,VENTALV",0.5517800263355574
PVSAT,VENTTUBE,"ARTCO2,INTUBATION,VENTALV",0.5703195322983051
PVSAT,VENTLUNG,"MINVOL,SAO2,VENTTUBE",4.9072696807902516e-48
PVSAT,VENTLUNG,"MINVOL,SAO2,VENTTUBE",4.9072696807902516e-48
PVSAT,VENTLUNG,"MINVOL,SAO2,VENTTUBE",4.9072696807902516e-48
PVSAT,VENTLUNG,"MINVOL,SAO2,VENTTUBE",4.9072696807902516e-48
PVSAT,VENTLUNG,"MINVOL,SAO2,VENTTUBE",4.9072696807902516e-48
PVSAT,VENTLUNG,"MINVOL,SAO2,VENTTUBE",4.9072696807902516e-48
PVSAT,VENTLUNG,"MINVOL,SAO2,VENTTUBE",4.9072696807902516e-48
PVSAT,VENTLUNG,"MINVOL,SAO2,VENTTUBE",4.9072696807902516e-48
PVSAT,VENTLUNG,"MINVOL,SAO2,VENTTUBE",4.9072696807902516e-48
PVSAT,VENTLUNG,"MINVOL,SAO2,VENTTUBE",4.9072696807902516e-48
PVSAT,VENTLUNG,"MINVOL,SAO2,VENTTUBE",4.9072696807902516e-48
PVSAT,VENTLUNG,"MINVOL,SAO2,VENTTUBE",4.9072696807902516e-48
PVSAT,VENTLUNG,"MINVOL,SAO2,VENTTUBE",4.9072696807902516e-48
PVSAT,VENTLUNG,"MINVOL,SAO2,VENTTUBE",4.9072696807902516e-48
PVSAT,VENTLUNG,"MINVOL,SAO2,VENTTUBE",4.9072696807902516e-48
PVSAT,VENTLUNG,"MINVOL,SAO2,VENTTUBE",4.9072696807902516e-48
PVSAT,VENTLUNG,"MINVOL,SAO2,VENTTUBE",4.9072696807902516e-48
PVSAT,VENTLUNG,"MINVOL,SAO2,VENTTUBE",4.9072696807902516e-48
PVSAT,VENTLUNG,"MINVOL,SAO2,VENTTUBE",4.9072696807902516e-48
PVSAT,VENTLUNG,"MINVOL,SAO2,VENTTUBE",4.9072696807902516e-48
PVSAT,VENTLUNG,"MINVOL,SAO2,VENTTUBE",4.9072696807902516e-48
PVSAT,VENTLUNG,"MINVOL,SAO2,VENTTUBE",4.9072696807902516e-48
PVSAT,VENTLUNG,"MINVOL,SAO2,VENTTUBE",4.9072696807902516e-48
PVSAT,VENTLUNG,"MINVOL,SAO2,VENTTUBE",4.9072696807902516e-48
PVSAT,VENTLUNG,"MINVOL,SAO2,VENTTUBE",4.9072696807902516e-48
PVSAT,VENTLUNG,"MINVOL,SAO2,VENTTUBE",4.9072696807902516e-48
PVSAT,VENTLUNG,"MINVOL,SAO2,VENTTUBE",4.9072696807902516e-48
PVSAT,VENTLUNG,"MINVOL,SAO2,VENTTUBE",4.9072696807902516e-48
PVSAT,VENTLUNG,"MINVOL,SAO2,VENTTUBE",4.9072696807902516e-48
PVSAT,VENTLUNG,"MINVOL,SAO2,VENTTUBE",4.9072696807902516e-48
PVSAT,VENTLUNG,"MINVOL,SAO2,VENTTUBE",4.9072696807902516e-48
PVSAT,VENTLUNG,"MINVOL,SAO2,VENTTUBE",4.9072696807902516e-48
PVSAT,VENTLUNG,"MINVOL,SAO2,VENTTUBE",4.9072696807902516e-48
PVSAT,VENTLUNG,"MINVOL,SAO2,VENTTUBE",4.9072696807902516e-48
PVSAT,VENTLUNG,"MINVOL,SAO2,VENTTUBE",4.9072696807902516e-48
PVSAT,VENTLUNG,"MINVOL,SAO2,VENTTUBE",4.9072696807902516e-48
PVSAT,VENTLUNG,"MINVOL,SAO2,VENTTUBE",4.9072696807902516e-48
PVSAT,VENTLUNG,"MINVOL,SAO2,VENTTUBE",4.9072696807902516e-48
PVSAT,VENTLUNG,"MINVOL,SAO2,VENTTUBE",4.9072696807902516e-48
PVSAT,VENTLUNG,"MINVOL,SAO2,VENTTUBE",4.9072696807902516e-48
PVSAT,VENTLUNG,"MINVOL,SAO2,VENTTUBE",4.9072696807902516e-48
PVSAT,VENTLUNG,"MINVOL,SAO2,VENTTUBE",4.9072696807902516e-48
PVSAT,VENTLUNG,"MINVOL,SAO2,VENTTUBE",4.9072696807902516e-48
PVSAT,VENTLUNG,"MINVOL,SAO2,VENTTUBE",4.9072696807902516e-48
PVSAT,VENTLUNG,"MINVOL,SAO2,VENTTUBE",4.9072696807902516e-48
PVSAT,VENTLUNG,"MINVOL,SAO2,VENTTUBE",4.9072696807902516e-48
PVSAT,VENTLUNG,"MINVOL,SAO2,VENTTUBE",4.9072696807902516e-48
PVSAT,VENTLUNG,"MINVOL,SAO2,VENTTUBE",4.9072696807902516e-48
PVSAT,VENTLUNG,"MINVOL,SAO2,VENTTUBE",4.9072696807902516e-48
PVSAT,VENTLUNG,"MINVOL,SAO2,VENTTUBE",4.9072696807902516e-48
PVSAT,VENTLUNG,"MINVOL,SAO2,VENTTUBE",4.9072696807902516e-48
PVSAT,VENTLUNG,"MINVOL,SAO2,VENTTUBE",4.9072696807902516e-48
PVSAT,VENTLUNG,"MINVOL,SAO2,VENTTUBE",4.9072696807902516e-48
PVSAT,VENTLUNG,"MINVOL,SAO2,VENTTUBE",4.9072696807902516e-48
PVSAT,VENTLUNG,"MINVOL,SAO2,VENTTUBE",4.9072696807902516e-48
PVSAT,VENTLUNG,"MINVOL,SAO2,VENTTUBE",4.9072696807902516e-48
PVSAT,VENTALV,"MINVOL,SAO2,VENTLUNG",3.488673316709068e-113
PVSAT,VENTALV,"MINVOL,SAO2,VENTLUNG",3.488673316709068e-113
PVSAT,VENTALV,"MINVOL,SAO2,VENTLUNG",3.488673316709068e-113
PVSAT,VENTALV,"MINVOL,SAO2,VENTLUNG",3.488673316709068e-113
PVSAT,VENTALV,"MINVOL,SAO2,VENTLUNG",3.488673316709068e-113
PVSAT,VENTALV,"MINVOL,SAO2,VENTLUNG",3.488673316709068e-113
PVSAT,VENTALV,"MINVOL,SAO2,VENTLUNG",3.488673316709068e-113
PVSAT,VENTALV,"MINVOL,SAO2,VENTLUNG",3.488673316709068e-113
PVSAT,VENTALV,"MINVOL,SAO2,VENTLUNG",3.488673316709068e-113
PVSAT,VENTALV,"MINVOL,SAO2,VENTLUNG",3.488673316709068e-113
PVSAT,VENTALV,"MINVOL,SAO2,VENTLUNG",3.488673316709068e-113
PVSAT,VENTALV,"MINVOL,SAO2,VENTLUNG",3.488673316709068e-113
PVSAT,VENTALV,"MINVOL,SAO2,VENTLUNG",3.488673316709068e-113
PVSAT,VENTALV,"MINVOL,SAO2,VENTLUNG",3.488673316709068e-113
PVSAT,VENTALV,"MINVOL,SAO2,VENTLUNG",3.488673316709068e-113
PVSAT,VENTALV,"MINVOL,SAO2,VENTLUNG",3.488673316709068e-113
PVSAT,VENTALV,"MINVOL,SAO2,VENTLUNG",3.488673316709068e-113
PVSAT,VENTALV,"MINVOL,SAO2,VENTLUNG",3.488673316709068e-113
PVSAT,VENTALV,"MINVOL,SAO2,VENTLUNG",3.488673316709068e-113
PVSAT,VENTALV,"MINVOL,SAO2,VENTLUNG",3.488673316709068e-113
PVSAT,VENTALV,"MINVOL,SAO2,VENTLUNG",3.488673316709068e-113
PVSAT,VENTALV,"MINVOL,SAO2,VENTLUNG",3.488673316709068e-113
PVSAT,VENTALV,"MINVOL,SAO2,VENTLUNG",3.488673316709068e-113
PVSAT,VENTALV,"MINVOL,SAO2,VENTLUNG",3.488673316709068e-113
PVSAT,VENTALV,"MINVOL,SAO2,VENTLUNG",3.488673316709068e-113
PVSAT,VENTALV,"MINVOL,SAO2,VENTLUNG",3.488673316709068e-113
PVSAT,VENTALV,"MINVOL,SAO2,VENTLUNG",3.488673316709068e-113
PVSAT,VENTALV,"MINVOL,SAO2,VENTLUNG",3.488673316709068e-113
PVSAT,VENTALV,"MINVOL,SAO2,VENTLUNG",3.488673316709068e-113
PVSAT,VENTALV,"MINVOL,SAO2,VENTLUNG",3.488673316709068e-113
PVSAT,VENTALV,"MINVOL,SAO2,VENTLUNG",3.488673316709068e-113
PVSAT,VENTALV,"MINVOL,SAO2,VENTLUNG",3.488673316709068e-113
PVSAT,VENTALV,"MINVOL,SAO2,VENTLUNG",3.488673316709068e-113
PVSAT,VENTALV,"MINVOL,SAO2,VENTLUNG",3.488673316709068e-113
PVSAT,VENTALV,"MINVOL,SAO2,VENTLUNG",3.488673316709068e-113
PVSAT,VENTALV,"MINVOL,SAO2,VENTLUNG",3.488673316709068e-113
PVSAT,VENTALV,"MINVOL,SAO2,VENTLUNG",3.488673316709068e-113
PVSAT,VENTALV,"MINVOL,SAO2,VENTLUNG",3.488673316709068e-113
PVSAT,VENTALV,"MINVOL,SAO2,VENTLUNG",3.488673316709068e-113
PVSAT,VENTALV,"MINVOL,SAO2,VENTLUNG",3.488673316709068e-113
PVSAT,VENTALV,"MINVOL,SAO2,VENTLUNG",3.488673316709068e-113
PVSAT,VENTALV,"MINVOL,SAO2,VENTLUNG",3.488673316709068e-113
PVSAT,VENTALV,"MINVOL,SAO2,VENTLUNG",3.488673316709068e-113
PVSAT,VENTALV,"MINVOL,SAO2,VENTLUNG",3.488673316709068e-113
PVSAT,VENTALV,"MINVOL,SAO2,VENTLUNG",3.488673316709068e-113
PVSAT,VENTALV,"MINVOL,SAO2,VENTLUNG",3.488673316709068e-113
PVSAT,VENTALV,"MINVOL,SAO2,VENTLUNG",3.488673316709068e-113
PVSAT,VENTALV,"MINVOL,SAO2,VENTLUNG",3.488673316709068e-113
PVSAT,VENTALV,"MINVOL,SAO2,VENTLUNG",3.488673316709068e-113
PVSAT,VENTALV,"MINVOL,SAO2,VENTLUNG",3.488673316709068e-113
PVSAT,VENTALV,"MINVOL,SAO2,VENTLUNG",3.488673316709068e-113
PVSAT,VENTALV,"MINVOL,SAO2,VENTLUNG",3.488673316709068e-113
PVSAT,VENTALV,"MINVOL,SAO2,VENTLUNG",3.488673316709068e-113
PVSAT,VENTALV,"MINVOL,SAO2,VENTLUNG",3.488673316709068e-113
PVSAT,VENTALV,"MINVOL,SAO2,VENTLUNG",3.488673316709068e-113
PVSAT,VENTALV,"MINVOL,SAO2,VENTLUNG",3.488673316709068e-113
PVSAT,ARTCO2,"INTUBATION,VENTALV,VENTLUNG",0.5562465078880096
PVSAT,ARTCO2,"INTUBATION,VENTALV,VENTLUNG",0.5562465078880096
PVSAT,ARTCO2,"INTUBATION,VENTALV,VENTLUNG",0.5562465078880096
PVSAT,ARTCO2,"INTUBATION,VENTALV,VENTLUNG",0.5562465078880096
SAO2,SHUNT,"CATECHOL,FIO2,VENTLUNG",0.0
SAO2,SHUNT,"CATECHOL,FIO2,VENTLUNG",0.0
SAO2,SHUNT,"CATECHOL,FIO2,VENTLUNG",0.0
SAO2,SHUNT,"CATECHOL,FIO2,VENTLUNG",0.0
SAO2,SHUNT,"CATECHOL,FIO2,VENTLUNG",0.0
SAO2,SHUNT,"CATECHOL,FIO2,VENTLUNG",0.0
SAO2,SHUNT,"CATECHOL,FIO2,VENTLUNG",0.0
SAO2,SHUNT,"CATECHOL,FIO2,VENTLUNG",0.0
SAO2,SHUNT,"CATECHOL,FIO2,VENTLUNG",0.0
SAO2,SHUNT,"CATECHOL,FIO2,VENTLUNG",0.0
SAO2,SHUNT,"CATECHOL,FIO2,VENTLUNG",0.0
SAO2,SHUNT,"CATECHOL,FIO2,VENTLUNG",0.0
SAO2,SHUNT,"CATECHOL,FIO2,VENTLUNG",0.0
SAO2,SHUNT,"CATECHOL,FIO2,VENTLUNG",0.0
SAO2,SHUNT,"CATECHOL,FIO2,VENTLUNG",0.0
SAO2,SHUNT,"CATECHOL,FIO2,VENTLUNG",0.0
SAO2,SHUNT,"CATECHOL,FIO2,VENTLUNG",0.0
SAO2,SHUNT,"CATECHOL,FIO2,VENTLUNG",0.0
SAO2,SHUNT,"CATECHOL,FIO2,VENTLUNG",0.0
SAO2,SHUNT,"CATECHOL,FIO2,VENTLUNG",0.0
SAO2,INTUBATION,"CATECHOL,SHUNT,VENTLUNG",5.523520267243711e-230
SAO2,INTUBATION,"CATECHOL,SHUNT,VENTLUNG",5.523520267243711e-230
SAO2,INTUBATION,"CATECHOL,SHUNT,VENTLUNG",5.523520267243711e-230
SAO2,INTUBATION,"CATECHOL,SHUNT,VENTLUNG",5.523520267243711e-230
SAO2,INTUBATION,"CATECHOL,SHUNT,VENTLUNG",5.523520267243711e-230
SAO2,INTUBATION,"CATECHOL,SHUNT,VENTLUNG",5.523520267243711e-230
SAO2,INTUBATION,"CATECHOL,SHUNT,VENTLUNG",5.523520267243711e-230
SAO2,INTUBATION,"CATECHOL,SHUNT,VENTLUNG",5.523520267243711e-230
SAO2,INTUBATION,"CATECHOL,SHUNT,VENTLUNG",5.523520267243711e-230
SAO2,INTUBATION,"CATECHOL,SHUNT,VENTLUNG",5.523520267243711e-230
SAO2,INTUBATION,"CATECHOL,SHUNT,VENTLUNG",5.523520267243711e-230
SAO2,INTUBATION,"CATECHOL,SHUNT,VENTLUNG",5.523520267243711e-230
SAO2,INTUBATION,"CATECHOL,SHUNT,VENTLUNG",5.523520267243711e-230
SAO2,INTUBATION,"CATECHOL,SHUNT,VENTLUNG",5.523520267243711e-230
SAO2,INTUBATION,"CATECHOL,SHUNT,VENTLUNG",5.523520267243711e-230
SAO2,INTUBATION,"CATECHOL,SHUNT,VENTLUNG",5.523520267243711e-230
SAO2,INTUBATION,"CATECHOL,SHUNT,VENTLUNG",5.523520267243711e-230
SAO2,INTUBATION,"CATECHOL,SHUNT,VENTLUNG",5.523520267243711e-230
SAO2,INTUBATION,"CATECHOL,SHUNT,VENTLUNG",5.523520267243711e-230
SAO2,INTUBATION,"CATECHOL,SHUNT,VENTLUNG",5.523520267243711e-230
SAO2,VENTLUNG,"CATECHOL,FIO2,SHUNT",0.0
SAO2,VENTLUNG,"CATECHOL,FIO2,SHUNT",0.0
SAO2,VENTLUNG,"CATECHOL,FIO2,SHUNT",0.0
SAO2,VENTLUNG,"CATECHOL,FIO2,SHUNT",0.0
SAO2,VENTLUNG,"CATECHOL,FIO2,SHUNT",0.0
SAO2,VENTLUNG,"CATECHOL,FIO2,SHUNT",0.0
SAO2,VENTLUNG,"CATECHOL,FIO2,SHUNT",0.0
SAO2,VENTLUNG,"CATECHOL,FIO2,SHUNT",0.0
SAO2,VENTLUNG,"CATECHOL,FIO2,SHUNT",0.0
SAO2,VENTLUNG,"CATECHOL,FIO2,SHUNT",0.0
SAO2,VENTLUNG,"CATECHOL,FIO2,SHUNT",0.0
SAO2,VENTLUNG,"CATECHOL,FIO2,SHUNT",0.0
SAO2,VENTLUNG,"CATECHOL,FIO2,SHUNT",0.0
SAO2,VENTLUNG,"CATECHOL,FIO2,SHUNT",0.0
SAO2,VENTLUNG,"CATECHOL,FIO2,SHUNT",0.0
SAO2,VENTLUNG,"CATECHOL,FIO2,SHUNT",0.0
SAO2,VENTLUNG,"CATECHOL,FIO2,SHUNT",0.0
SAO2,VENTLUNG,"CATECHOL,FIO2,SHUNT",0.0
SAO2,VENTLUNG,"CATECHOL,FIO2,SHUNT",0.0
SAO2,VENTLUNG,"CATECHOL,FIO2,SHUNT",0.0
SAO2,VENTALV,"CATECHOL,SHUNT,VENTLUNG",0.0
SAO2,VENTALV,"CATECHOL,SHUNT,VENTLUNG",0.0
SAO2,VENTALV,"CATECHOL,SHUNT,VENTLUNG",0.0
SAO2,VENTALV,"CATECHOL,SHUNT,VENTLUNG",0.0
SAO2,VENTALV,"CATECHOL,SHUNT,VENTLUNG",0.0
SAO2,VENTALV,"CATECHOL,SHUNT,VENTLUNG",0.0
SAO2,VENTALV,"CATECHOL,SHUNT,VENTLUNG",0.0
SAO2,VENTALV,"CATECHOL,SHUNT,VENTLUNG",0.0
SAO2,VENTALV,"CATECHOL,SHUNT,VENTLUNG",0.0
SAO2,VENTALV,"CATECHOL,SHUNT,VENTLUNG",0.0
SAO2,VENTALV,"CATECHOL,SHUNT,VENTLUNG",0.0
SAO2,VENTALV,"CATECHOL,SHUNT,VENTLUNG",0.0
SAO2,VENTALV,"CATECHOL,SHUNT,VENTLUNG",0.0
SAO2,VENTALV,"CATECHOL,SHUNT,VENTLUNG",0.0
SAO2,VENTALV,"CATECHOL,SHUNT,VENTLUNG",0.0
SAO2,VENTALV,"CATECHOL,SHUNT,VENTLUNG",0.0
SAO2,VENTALV,"CATECHOL,SHUNT,VENTLUNG",0.0
SAO2,VENTALV,"CATECHOL,SHUNT,VENTLUNG",0.0
SAO2,VENTALV,"CATECHOL,SHUNT,VENTLUNG",0.0
SAO2,VENTALV,"CATECHOL,SHUNT,VENTLUNG",0.0
SAO2,CATECHOL,"INTUBATION,PVSAT,VENTALV",0.07284371385948803
INTUBATION,PRESS,"EXPCO2,VENTALV,VENTLUNG",0.05224741109949515
INTUBATION,PRESS,"EXPCO2,VENTALV,VENTLUNG",0.05224741109949515
INTUBATION,VENTLUNG,"MINVOL,SAO2,SHUNT",0.0
INTUBATION,VENTLUNG,"MINVOL,SAO2,SHUNT",0.0
INTUBATION,VENTLUNG,"MINVOL,SAO2,SHUNT",0.0
INTUBATION,VENTLUNG,"MINVOL,SAO2,SHUNT",0.0
INTUBATION,VENTLUNG,"MINVOL,SAO2,SHUNT",0.0
INTUBATION,VENTLUNG,"MINVOL,SAO2,SHUNT",0.0
INTUBATION,VENTLUNG,"MINVOL,SAO2,SHUNT",0.0
INTUBATION,VENTLUNG,"MINVOL,SAO2,SHUNT",0.0
INTUBATION,VENTLUNG,"MINVOL,SAO2,SHUNT",0.0
INTUBATION,VENTLUNG,"MINVOL,SAO2,SHUNT",0.0
INTUBATION,VENTLUNG,"MINVOL,SAO2,SHUNT",0.0
INTUBATION,VENTLUNG,"MINVOL,SAO2,SHUNT",0.0
INTUBATION,VENTLUNG,"MINVOL,SAO2,SHUNT",0.0
INTUBATION,VENTLUNG,"MINVOL,SAO2,SHUNT",0.0
INTUBATION,VENTLUNG,"MINVOL,SAO2,SHUNT",0.0
INTUBATION,VENTLUNG,"MINVOL,SAO2,SHUNT",0.0
INTUBATION,VENTLUNG,"MINVOL,SAO2,SHUNT",0.0
INTUBATION,VENTLUNG,"MINVOL,SAO2,SHUNT",0.0
INTUBATION,VENTLUNG,"MINVOL,SAO2,SHUNT",0.0
INTUBATION,VENTLUNG,"MINVOL,SAO2,SHUNT",0.0
INTUBATION,VENTLUNG,"MINVOL,SAO2,SHUNT",0.0
INTUBATION,VENTLUNG,"MINVOL,SAO2,SHUNT",0.0
INTUBATION,VENTLUNG,"MINVOL,SAO2,SHUNT",0.0
INTUBATION,VENTLUNG,"MINVOL,SAO2,SHUNT",0.0
INTUBATION,VENTLUNG,"MINVOL,SAO2,SHUNT",0.0
INTUBATION,VENTLUNG,"MINVOL,SAO2,SHUNT",0.0
INTUBATION,VENTLUNG,"MINVOL,SAO2,SHUNT",0.0
INTUBATION,VENTLUNG,"MINVOL,SAO2,SHUNT",0.0
INTUBATION,VENTLUNG,"MINVOL,SAO2,SHUNT",0.0
INTUBATION,VENTLUNG,"MINVOL,SAO2,SHUNT",0.0
INTUBATION,VENTLUNG,"MINVOL,SAO2,SHUNT",0.0
INTUBATION,VENTLUNG,"MINVOL,SAO2,SHUNT",0.0
INTUBATION,VENTLUNG,"MINVOL,SAO2,SHUNT",0.0
INTUBATION,VENTLUNG,"MINVOL,SAO2,SHUNT",0.0
INTUBATION,VENTLUNG,"MINVOL,SAO2,SHUNT",0.0
INTUBATION,VENTALV,"MINVOL,SAO2,SHUNT",0.0
INTUBATION,VENTALV,"MINVOL,SAO2,SHUNT",0.0
INTUBATION,VENTALV,"MINVOL,SAO2,SHUNT",0.0
INTUBATION,VENTALV,"MINVOL,SAO2,SHUNT",0.0
INTUBATION,VENTALV,"MINVOL,SAO2,SHUNT",0.0
INTUBATION,VENTALV,"MINVOL,SAO2,SHUNT",0.0
INTUBATION,VENTALV,"MINVOL,SAO2,SHUNT",0.0
INTUBATION,VENTALV,"MINVOL,SAO2,SHUNT",0.0
INTUBATION,VENTALV,"MINVOL,SAO2,SHUNT",0.0
INTUBATION,VENTALV,"MINVOL,SAO2,SHUNT",0.0
INTUBATION,VENTALV,"MINVOL,SAO2,SHUNT",0.0
INTUBATION,VENTALV,"MINVOL,SAO2,SHUNT",0.0
INTUBATION,VENTALV,"MINVOL,SAO2,SHUNT",0.0
INTUBATION,VENTALV,"MINVOL,SAO2,SHUNT",0.0
INTUBATION,VENTALV,"MINVOL,SAO2,SHUNT",0.0
INTUBATION,VENTALV,"MINVOL,SAO2,SHUNT",0.0
INTUBATION,VENTALV,"MINVOL,SAO2,SHUNT",0.0
INTUBATION,VENTALV,"MINVOL,SAO2,SHUNT",0.0
INTUBATION,VENTALV,"MINVOL,SAO2,SHUNT",0.0
INTUBATION,VENTALV,"MINVOL,SAO2,SHUNT",0.0
INTUBATION,VENTALV,"MINVOL,SAO2,SHUNT",0.0
INTUBATION,VENTALV,"MINVOL,SAO2,SHUNT",0.0
INTUBATION,VENTALV,"MINVOL,SAO2,SHUNT",0.0
INTUBATION,VENTALV,"MINVOL,SAO2,SHUNT",0.0
INTUBATION,VENTALV,"MINVOL,SAO2,SHUNT",0.0
INTUBATION,VENTALV,"MINVOL,SAO2,SHUNT",0.0
INTUBATION,VENTALV,"MINVOL,SAO2,SHUNT",0.0
INTUBATION,VENTALV,"MINVOL,SAO2,SHUNT",0.0
INTUBATION,VENTALV,"MINVOL,SAO2,SHUNT",0.0
INTUBATION,VENTALV,"MINVOL,SAO2,SHUNT",0.0
INTUBATION,VENTALV,"MINVOL,SAO2,SHUNT",0.0
INTUBATION,VENTALV,"MINVOL,SAO2,SHUNT",0.0
INTUBATION,VENTALV,"MINVOL,SAO2,SHUNT",0.0
INTUBATION,VENTALV,"MINVOL,SAO2,SHUNT",0.0
INTUBATION,VENTALV,"MINVOL,SAO2,SHUNT",0.0
PRESS,VENTTUBE,"KINKEDTUBE,MINVOL,VENTLUNG",0.0
PRESS,VENTTUBE,"KINKEDTUBE,MINVOL,VENTLUNG",0.0
PRESS,VENTTUBE,"KINKEDTUBE,MINVOL,VENTLUNG",0.0
PRESS,VENTTUBE,"KINKEDTUBE,MINVOL,VENTLUNG",0.0
PRESS,VENTTUBE,"KINKEDTUBE,MINVOL,VENTLUNG",0.0
PRESS,VENTTUBE,"KINKEDTUBE,MINVOL,VENTLUNG",0.0
PRESS,VENTTUBE,"KINKEDTUBE,MINVOL,VENTLUNG",0.0
PRESS,VENTTUBE,"KINKEDTUBE,MINVOL,VENTLUNG",0.0
PRESS,VENTTUBE,"KINKEDTUBE,MINVOL,VENTLUNG",0.0
PRESS,VENTTUBE,"KINKEDTUBE,MINVOL,VENTLUNG",0.0
PRESS,VENTLUNG,"INTUBATION,VENTALV,VENTTUBE",0.15480968710652426
PRESS,VENTALV,"INTUBATION,VENTLUNG,VENTTUBE",0.9953185154302412
VENTTUBE,VENTLUNG,"DISCONNECT,MINVOL,PRESS",0.0
VENTTUBE,VENTLUNG,"DISCONNECT,MINVOL,PRESS",0.0
VENTTUBE,VENTLUNG,"DISCONNECT,MINVOL,PRESS",0.0
VENTTUBE,VENTLUNG,"DISCONNECT,MINVOL,PRESS",0.0
VENTTUBE,VENTLUNG,"DISCONNECT,MINVOL,PRESS",0.0
VENTTUBE,VENTLUNG,"DISCONNECT,MINVOL,PRESS",0.0
VENTTUBE,VENTLUNG,"DISCONNECT,MINVOL,PRESS",0.0
VENTTUBE,VENTLUNG,"DISCONNECT,MINVOL,PRESS",0.0
VENTTUBE,VENTLUNG,"DISCONNECT,MINVOL,PRESS",0.0
VENTTUBE,VENTLUNG,"DISCONNECT,MINVOL,PRESS",0.0
VENTTUBE,VENTLUNG,"DISCONNECT,MINVOL,PRESS",0.0
VENTTUBE,VENTLUNG,"DISCONNECT,MINVOL,PRESS",0.0
VENTTUBE,VENTLUNG,"DISCONNECT,MINVOL,PRESS",0.0
VENTTUBE,VENTLUNG,"DISCONNECT,MINVOL,PRESS",0.0
VENTTUBE,VENTLUNG,"DISCONNECT,MINVOL,PRESS",0.0
VENTTUBE,VENTLUNG,"DISCONNECT,MINVOL,PRESS",0.0
VENTTUBE,VENTLUNG,"DISCONNECT,MINVOL,PRESS",0.0
VENTTUBE,VENTLUNG,"DISCONNECT,MINVOL,PRESS",0.0
VENTTUBE,VENTLUNG,"DISCONNECT,MINVOL,PRESS",0.0
VENTTUBE,VENTLUNG,"DISCONNECT,MINVOL,PRESS",0.0
VENTTUBE,VENTALV,"DISCONNECT,MINVOL,VENTLUNG",2.091498854080785e-33
VENTTUBE,VENTALV,"DISCONNECT,MINVOL,VENTLUNG",2.091498854080785e-33
VENTTUBE,VENTALV,"DISCONNECT,MINVOL,VENTLUNG",2.091498854080785e-33
VENTTUBE,VENTALV,"DISCONNECT,MINVOL,VENTLUNG",2.091498854080785e-33
VENTTUBE,VENTALV,"DISCONNECT,MINVOL,VENTLUNG",2.091498854080785e-33
VENTTUBE,VENTALV,"DISCONNECT,MINVOL,VENTLUNG",2.091498854080785e-33
VENTTUBE,VENTALV,"DISCONNECT,MINVOL,VENTLUNG",2.091498854080785e-33
VENTTUBE,VENTALV,"DISCONNECT,MINVOL,VENTLUNG",2.091498854080785e-33
VENTTUBE,VENTALV,"DISCONNECT,MINVOL,VENTLUNG",2.091498854080785e-33
VENTTUBE,VENTALV,"DISCONNECT,MINVOL,VENTLUNG",2.091498854080785e-33
VENTTUBE,VENTALV,"DISCONNECT,MINVOL,VENTLUNG",2.091498854080785e-33
VENTTUBE,VENTALV,"DISCONNECT,MINVOL,VENTLUNG",2.091498854080785e-33
VENTTUBE,VENTALV,"DISCONNECT,MINVOL,VENTLUNG",2.091498854080785e-33
VENTTUBE,VENTALV,"DISCONNECT,MINVOL,VENTLUNG",2.091498854080785e-33
VENTTUBE,VENTALV,"DISCONNECT,MINVOL,VENTLUNG",2.091498854080785e-33
VENTTUBE,VENTALV,"DISCONNECT,MINVOL,VENTLUNG",2.091498854080785e-33
VENTTUBE,VENTALV,"DISCONNECT,MINVOL,VENTLUNG",2.091498854080785e-33
VENTTUBE,VENTALV,"DISCONNECT,MINVOL,VENTLUNG",2.091498854080785e-33
VENTTUBE,VENTALV,"DISCONNECT,MINVOL,VENTLUNG",2.091498854080785e-33
VENTTUBE,VENTALV,"DISCONNECT,MINVOL,VENTLUNG",2.091498854080785e-33
VENTLUNG,VENTALV,"KINKEDTUBE,MINVOL,SAO2",0.0
VENTLUNG,VENTALV,"KINKEDTUBE,MINVOL,SAO2",0.0
VENTLUNG,VENTALV,"KINKEDTUBE,MINVOL,SAO2",0.0
VENTLUNG,VENTALV,"KINKEDTUBE,MINVOL,SAO2",0.0
VENTLUNG,VENTALV,"KINKEDTUBE,MINVOL,SAO2",0.0
VENTLUNG,VENTALV,"KINKEDTUBE,MINVOL,SAO2",0.0
VENTLUNG,VENTALV,"KINKEDTUBE,MINVOL,SAO2",0.0
VENTLUNG,VENTALV,"KINKEDTUBE,MINVOL,SAO2",0.0
VENTLUNG,VENTALV,"KINKEDTUBE,MINVOL,SAO2",0.0
VENTLUNG,VENTALV,"KINKEDTUBE,MINVOL,SAO2",0.0
VENTLUNG,VENTALV,"KINKEDTUBE,MINVOL,SAO2",0.0
VENTLUNG,VENTALV,"KINKEDTUBE,MINVOL,SAO2",0.0
VENTLUNG,VENTALV,"KINKEDTUBE,MINVOL,SAO2",0.0
VENTLUNG,VENTALV,"KINKEDTUBE,MINVOL,SAO2",0.0
VENTLUNG,VENTALV,"KINKEDTUBE,MINVOL,SAO2",0.0
VENTLUNG,VENTALV,"KINKEDTUBE,MINVOL,SAO2",0.0
VENTLUNG,VENTALV,"KINKEDTUBE,MINVOL,SAO2",0.0
VENTLUNG,VENTALV,"KINKEDTUBE,MINVOL,SAO2",0.0
VENTLUNG,VENTALV,"KINKEDTUBE,MINVOL,SAO2",0.0
VENTLUNG,VENTALV,"KINKEDTUBE,MINVOL,SAO2",0.0
VENTLUNG,VENTALV,"KINKEDTUBE,MINVOL,SAO2",0.0
VENTLUNG,VENTALV,"KINKEDTUBE,MINVOL,SAO2",0.0
VENTLUNG,VENTALV,"KINKEDTUBE,MINVOL,SAO2",0.0
VENTLUNG,VENTALV,"KINKEDTUBE,MINVOL,SAO2",0.0
VENTLUNG,VENTALV,"KINKEDTUBE,MINVOL,SAO2",0.0
VENTLUNG,VENTALV,"KINKEDTUBE,MINVOL,SAO2",0.0
VENTLUNG,VENTALV,"KINKEDTUBE,MINVOL,SAO2",0.0
VENTLUNG,VENTALV,"KINKEDTUBE,MINVOL,SAO2",0.0
VENTLUNG,VENTALV,"KINKEDTUBE,MINVOL,SAO2",0.0
VENTLUNG,VENTALV,"KINKEDTUBE,MINVOL,SAO2",0.0
VENTLUNG,VENTALV,"KINKEDTUBE,MINVOL,SAO2",0.0
VENTLUNG,VENTALV,"KINKEDTUBE,MINVOL,SAO2",0.0
VENTLUNG,VENTALV,"KINKEDTUBE,MINVOL,SAO2",0.0
VENTLUNG,VENTALV,"KINKEDTUBE,MINVOL,SAO2",0.0
VENTLUNG,VENTALV,"KINKEDTUBE,MINVOL,SAO2",0.0
VENTLUNG,VENTALV,"KINKEDTUBE,MINVOL,SAO2",0.0
VENTLUNG,VENTALV,"KINKEDTUBE,MINVOL,SAO2",0.0
VENTLUNG,VENTALV,"KINKEDTUBE,MINVOL,SAO2",0.0
VENTLUNG,VENTALV,"KINKEDTUBE,MINVOL,SAO2",0.0
VENTLUNG,VENTALV,"KINKEDTUBE,MINVOL,SAO2",0.0
VENTLUNG,VENTALV,"KINKEDTUBE,MINVOL,SAO2",0.0
VENTLUNG,VENTALV,"KINKEDTUBE,MINVOL,SAO2",0.0
VENTLUNG,VENTALV,"KINKEDTUBE,MINVOL,SAO2",0.0
VENTLUNG,VENTALV,"KINKEDTUBE,MINVOL,SAO2",0.0
VENTLUNG,VENTALV,"KINKEDTUBE,MINVOL,SAO2",0.0
VENTLUNG,VENTALV,"KINKEDTUBE,MINVOL,SAO2",0.0
VENTLUNG,VENTALV,"KINKEDTUBE,MINVOL,SAO2",0.0
VENTLUNG,VENTALV,"KINKEDTUBE,MINVOL,SAO2",0.0
VENTLUNG,VENTALV,"KINKEDTUBE,MINVOL,SAO2",0.0
VENTLUNG,VENTALV,"KINKEDTUBE,MINVOL,SAO2",0.0
VENTLUNG,VENTALV,"KINKEDTUBE,MINVOL,SAO2",0.0
VENTLUNG,VENTALV,"KINKEDTUBE,MINVOL,SAO2",0.0
VENTLUNG,VENTALV,"KINKEDTUBE,MINVOL,SAO2",0.0
VENTLUNG,VENTALV,"KINKEDTUBE,MINVOL,SAO2",0.0
VENTLUNG,VENTALV,"KINKEDTUBE,MINVOL,SAO2",0.0
VENTLUNG,VENTALV,"KINKEDTUBE,MINVOL,SAO2",0.0
VENTLUNG,VENTALV,"KINKEDTUBE,MINVOL,SAO2",0.0
VENTLUNG,VENTALV,"KINKEDTUBE,MINVOL,SAO2",0.0
VENTLUNG,VENTALV,"KINKEDTUBE,MINVOL,SAO2",0.0
VENTLUNG,VENTALV,"KINKEDTUBE,MINVOL,SAO2",0.0
VENTLUNG,VENTALV,"KINKEDTUBE,MINVOL,SAO2",0.0
VENTLUNG,VENTALV,"KINKEDTUBE,MINVOL,SAO2",0.0
VENTLUNG,VENTALV,"KINKEDTUBE,MINVOL,SAO2",0.0
VENTLUNG,VENTALV,"KINKEDTUBE,MINVOL,SAO2",0.0
VENTLUNG,VENTALV,"KINKEDTUBE,MINVOL,SAO2",0.0
VENTLUNG,VENTALV,"KINKEDTUBE,MINVOL,SAO2",0.0
VENTLUNG,VENTALV,"KINKEDTUBE,MINVOL,SAO2",0.0
VENTLUNG,VENTALV,"KINKEDTUBE,MINVOL,SAO2",0.0
VENTLUNG,VENTALV,"KINKEDTUBE,MINVOL,SAO2",0.0
VENTLUNG,VENTALV,"KINKEDTUBE,MINVOL,SAO2",0.0
VENTLUNG,VENTALV,"KINKEDTUBE,MINVOL,SAO2",0.0
VENTLUNG,VENTALV,"KINKEDTUBE,MINVOL,SAO2",0.0
VENTLUNG,VENTALV,"KINKEDTUBE,MINVOL,SAO2",0.0
VENTLUNG,VENTALV,"KINKEDTUBE,MINVOL,SAO2",0.0
VENTLUNG,VENTALV,"KINKEDTUBE,MINVOL,SAO2",0.0
VENTLUNG,VENTALV,"KINKEDTUBE,MINVOL,SAO2",0.0
VENTLUNG,VENTALV,"KINKEDTUBE,MINVOL,SAO2",0.0
VENTLUNG,VENTALV,"KINKEDTUBE,MINVOL,SAO2",0.0
VENTLUNG,VENTALV,"KINKEDTUBE,MINVOL,SAO2",0.0
VENTLUNG,VENTALV,"KINKEDTUBE,MINVOL,SAO2",0.0
VENTLUNG,VENTALV,"KINKEDTUBE,MINVOL,SAO2",0.0
VENTLUNG,VENTALV,"KINKEDTUBE,MINVOL,SAO2",0.0
VENTLUNG,VENTALV,"KINKEDTUBE,MINVOL,SAO2",0.0
VENTLUNG,VENTALV,"KINKEDTUBE,MINVOL,SAO2",0.0
VENTLUNG,ARTCO2,"PVSAT,VENTALV,VENTTUBE",0.24840989881787778
VENTLUNG,ARTCO2,"PVSAT,VENTALV,VENTTUBE",0.24840989881787778
VENTLUNG,ARTCO2,"PVSAT,VENTALV,VENTTUBE",0.24840989881787778
VENTLUNG,ARTCO2,"PVSAT,VENTALV,VENTTUBE",0.24840989881787778
VENTLUNG,ARTCO2,"PVSAT,VENTALV,VENTTUBE",0.24840989881787778
VENTLUNG,ARTCO2,"PVSAT,VENTALV,VENTTUBE",0.24840989881787778
VENTLUNG,ARTCO2,"PVSAT,VENTALV,VENTTUBE",0.24840989881787778
VENTLUNG,ARTCO2,"PVSAT,VENTALV,VENTTUBE",0.24840989881787778
VENTLUNG,ARTCO2,"PVSAT,VENTALV,VENTTUBE",0.24840989881787778
VENTLUNG,ARTCO2,"PVSAT,VENTALV,VENTTUBE",0.24840989881787778
VENTLUNG,ARTCO2,"PVSAT,VENTALV,VENTTUBE",0.24840989881787778
VENTLUNG,ARTCO2,"PVSAT,VENTALV,VENTTUBE",0.24840989881787778
VENTLUNG,ARTCO2,"PVSAT,VENTALV,VENTTUBE",0.24840989881787778
VENTLUNG,ARTCO2,"PVSAT,VENTALV,VENTTUBE",0.24840989881787778
VENTLUNG,ARTCO2,"PVSAT,VENTALV,VENTTUBE",0.24840989881787778
VENTALV,ARTCO2,"KINKEDTUBE,MINVOL,SAO2",0.0
VENTALV,ARTCO2,"KINKEDTUBE,MINVOL,SAO2",0.0
VENTALV,ARTCO2,"KINKEDTUBE,MINVOL,SAO2",0.0
VENTALV,ARTCO2,"KINKEDTUBE,MINVOL,SAO2",0.0
VENTALV,ARTCO2,"KINKEDTUBE,MINVOL,SAO2",0.0
VENTALV,ARTCO2,"KINKEDTUBE,MINVOL,SAO2",0.0
VENTALV,ARTCO2,"KINKEDTUBE,MINVOL,SAO2",0.0
VENTALV,ARTCO2,"KINKEDTUBE,MINVOL,SAO2",0.0
VENTALV,ARTCO2,"KINKEDTUBE,MINVOL,SAO2",0.0
VENTALV,ARTCO2,"KINKEDTUBE,MINVOL,SAO2",0.0
VENTALV,ARTCO2,"KINKEDTUBE,MINVOL,SAO2",0.0
VENTALV,ARTCO2,"KINKEDTUBE,MINVOL,SAO2",0.0
VENTALV,ARTCO2,"KINKEDTUBE,MINVOL,SAO2",0.0
VENTALV,ARTCO2,"KINKEDTUBE,MINVOL,SAO2",0.0
VENTALV,ARTCO2,"KINKEDTUBE,MINVOL,SAO2",0.0
VENTALV,ARTCO2,"KINKEDTUBE,MINVOL,SAO2",0.0
VENTALV,ARTCO2,"KINKEDTUBE,MINVOL,SAO2",0.0
VENTALV,ARTCO2,"KINKEDTUBE,MINVOL,SAO2",0.0
VENTALV,ARTCO2,"KINKEDTUBE,MINVOL,SAO2",0.0
VENTALV,ARTCO2,"KINKEDTUBE,MINVOL,SAO2",0.0
VENTALV,ARTCO2,"KINKEDTUBE,MINVOL,SAO2",0.0
VENTALV,ARTCO2,"KINKEDTUBE,MINVOL,SAO2",0.0
VENTALV,ARTCO2,"KINKEDTUBE,MINVOL,SAO2",0.0
VENTALV,ARTCO2,"KINKEDTUBE,MINVOL,SAO2",0.0
VENTALV,ARTCO2,"KINKEDTUBE,MINVOL,SAO2",0.0
VENTALV,ARTCO2,"KINKEDTUBE,MINVOL,SAO2",0.0
VENTALV,ARTCO2,"KINKEDTUBE,MINVOL,SAO2",0.0
VENTALV,ARTCO2,"KINKEDTUBE,MINVOL,SAO2",0.0
VENTALV,ARTCO2,"KINKEDTUBE,MINVOL,SAO2",0.0
VENTALV,ARTCO2,"KINKEDTUBE,MINVOL,SAO2",0.0
VENTALV,ARTCO2,"KINKEDTUBE,MINVOL,SAO2",0.0
VENTALV,ARTCO2,"KINKEDTUBE,MINVOL,SAO2",0.0
VENTALV,ARTCO2,"KINKEDTUBE,MINVOL,SAO2",0.0
VENTALV,ARTCO2,"KINKEDTUBE,MINVOL,SAO2",0.0
VENTALV,ARTCO2,"KINKEDTUBE,MINVOL,SAO2",0.0
VENTALV,ARTCO2,"KINKEDTUBE,MINVOL,SAO2",0.0
VENTALV,ARTCO2,"KINKEDTUBE,MINVOL,SAO2",0.0
VENTALV,ARTCO2,"KINKEDTUBE,MINVOL,SAO2",0.0
VENTALV,ARTCO2,"KINKEDTUBE,MINVOL,SAO2",0.0
VENTALV,ARTCO2,"KINKEDTUBE,MINVOL,SAO2",0.0
VENTALV,ARTCO2,"KINKEDTUBE,MINVOL,SAO2",0.0
VENTALV,ARTCO2,"KINKEDTUBE,MINVOL,SAO2",0.0
VENTALV,ARTCO2,"KINKEDTUBE,MINVOL,SAO2",0.0
VENTALV,ARTCO2,"KINKEDTUBE,MINVOL,SAO2",0.0
VENTALV,ARTCO2,"KINKEDTUBE,MINVOL,SAO2",0.0
VENTALV,ARTCO2,"KINKEDTUBE,MINVOL,SAO2",0.0
VENTALV,ARTCO2,"KINKEDTUBE,MINVOL,SAO2",0.0
VENTALV,ARTCO2,"KINKEDTUBE,MINVOL,SAO2",0.0
VENTALV,ARTCO2,"KINKEDTUBE,MINVOL,SAO2",0.0
VENTALV,ARTCO2,"KINKEDTUBE,MINVOL,SAO2",0.0
VENTALV,ARTCO2,"KINKEDTUBE,MINVOL,SAO2",0.0
VENTALV,ARTCO2,"KINKEDTUBE,MINVOL,SAO2",0.0
VENTALV,ARTCO2,"KINKEDTUBE,MINVOL,SAO2",0.0
VENTALV,ARTCO2,"KINKEDTUBE,MINVOL,SAO2",0.0
VENTALV,ARTCO2,"KINKEDTUBE,MINVOL,SAO2",0.0
VENTALV,ARTCO2,"KINKEDTUBE,MINVOL,SAO2",0.0
VENTALV,ARTCO2,"KINKEDTUBE,MINVOL,SAO2",0.0
VENTALV,ARTCO2,"KINKEDTUBE,MINVOL,SAO2",0.0
VENTALV,ARTCO2,"KINKEDTUBE,MINVOL,SAO2",0.0
VENTALV,ARTCO2,"KINKEDTUBE,MINVOL,SAO2",0.0
VENTALV,ARTCO2,"KINKEDTUBE,MINVOL,SAO2",0.0
VENTALV,ARTCO2,"KINKEDTUBE,MINVOL,SAO2",0.0
VENTALV,ARTCO2,"KINKEDTUBE,MINVOL,SAO2",0.0
VENTALV,ARTCO2,"KINKEDTUBE,MINVOL,SAO2",0.0
VENTALV,ARTCO2,"KINKEDTUBE,MINVOL,SAO2",0.0
VENTALV,ARTCO2,"KINKEDTUBE,MINVOL,SAO2",0.0
VENTALV,ARTCO2,"KINKEDTUBE,MINVOL,SAO2",0.0
VENTALV,ARTCO2,"KINKEDTUBE,MINVOL,SAO2",0.0
VENTALV,ARTCO2,"KINKEDTUBE,MINVOL,SAO2",0.0
VENTALV,ARTCO2,"KINKEDTUBE,MINVOL,SAO2",0.0
VENTALV,ARTCO2,"KINKEDTUBE,MINVOL,SAO2",0.0
VENTALV,ARTCO2,"KINKEDTUBE,MINVOL,SAO2",0.0
VENTALV,ARTCO2,"KINKEDTUBE,MINVOL,SAO2",0.0
VENTALV,ARTCO2,"KINKEDTUBE,MINVOL,SAO2",0.0
VENTALV,ARTCO2,"KINKEDTUBE,MINVOL,SAO2",0.0
VENTALV,ARTCO2,"KINKEDTUBE,MINVOL,SAO2",0.0
VENTALV,ARTCO2,"KINKEDTUBE,MINVOL,SAO2",0.0
VENTALV,ARTCO2,"KINKEDTUBE,MINVOL,SAO2",0.0
VENTALV,ARTCO2,"KINKEDTUBE,MINVOL,SAO2",0.0
VENTALV,ARTCO2,"KINKEDTUBE,MINVOL,SAO2",0.0
VENTALV,ARTCO2,"KINKEDTUBE,MINVOL,SAO2",0.0
VENTALV,ARTCO2,"KINKEDTUBE,MINVOL,SAO2",0.0
VENTALV,ARTCO2,"KINKEDTUBE,MINVOL,SAO2",0.0
VENTALV,ARTCO2,"KINKEDTUBE,MINVOL,SAO2",0.0
VENTALV,ARTCO2,"KINKEDTUBE,MINVOL,SAO2",0.0
VENTALV,ARTCO2,"KINKEDTUBE,MINVOL,SAO2",0.0
VENTALV,ARTCO2,"KINKEDTUBE,MINVOL,SAO2",0.0
VENTALV,ARTCO2,"KINKEDTUBE,MINVOL,SAO2",0.0
VENTALV,ARTCO2,"KINKEDTUBE,MINVOL,SAO2",0.0
VENTALV,ARTCO2,"KINKEDTUBE,MINVOL,SAO2",0.0
VENTALV,ARTCO2,"KINKEDTUBE,MINVOL,SAO2",0.0
VENTALV,ARTCO2,"KINKEDTUBE,MINVOL,SAO2",0.0
VENTALV,ARTCO2,"KINKEDTUBE,MINVOL,SAO2",0.0
VENTALV,ARTCO2,"KINKEDTUBE,MINVOL,SAO2",0.0
VENTALV,ARTCO2,"KINKEDTUBE,MINVOL,SAO2",0.0
VENTALV,ARTCO2,"KINKEDTUBE,MINVOL,SAO2",0.0
VENTALV,ARTCO2,"KINKEDTUBE,MINVOL,SAO2",0.0
VENTALV,ARTCO2,"KINKEDTUBE,MINVOL,SAO2",0.0
VENTALV,ARTCO2,"KINKEDTUBE,MINVOL,SAO2",0.0
VENTALV,ARTCO2,"KINKEDTUBE,MINVOL,SAO2",0.0
VENTALV,ARTCO2,"KINKEDTUBE,MINVOL,SAO2",0.0
VENTALV,ARTCO2,"KINKEDTUBE,MINVOL,SAO2",0.0
VENTALV,ARTCO2,"KINKEDTUBE,MINVOL,SAO2",0.0
VENTALV,ARTCO2,"KINKEDTUBE,MINVOL,SAO2",0.0
VENTALV,ARTCO2,"KINKEDTUBE,MINVOL,SAO2",0.0
VENTALV,ARTCO2,"KINKEDTUBE,MINVOL,SAO2",0.0
VENTALV,ARTCO2,"KINKEDTUBE,MINVOL,SAO2",0.0
VENTALV,ARTCO2,"KINKEDTUBE,MINVOL,SAO2",0.0
VENTALV,ARTCO2,"KINKEDTUBE,MINVOL,SAO2",0.0
VENTALV,ARTCO2,"KINKEDTUBE,MINVOL,SAO2",0.0
VENTALV,ARTCO2,"KINKEDTUBE,MINVOL,SAO2",0.0
VENTALV,ARTCO2,"KINKEDTUBE,MINVOL,SAO2",0.0
VENTALV,ARTCO2,"KINKEDTUBE,MINVOL,SAO2",0.0
VENTALV,ARTCO2,"KINKEDTUBE,MINVOL,SAO2",0.0
VENTALV,ARTCO2,"KINKEDTUBE,MINVOL,SAO2",0.0
VENTALV,ARTCO2,"KINKEDTUBE,MINVOL,SAO2",0.0
VENTALV,ARTCO2,"KINKEDTUBE,MINVOL,SAO2",0.0
VENTALV,ARTCO2,"KINKEDTUBE,MINVOL,SAO2",0.0
VENTALV,ARTCO2,"KINKEDTUBE,MINVOL,SAO2",0.0
VENTALV,ARTCO2,"KINKEDTUBE,MINVOL,SAO2",0.0
ARTCO2,CATECHOL,"EXPCO2,PVSAT,VENTLUNG",7.610810938812843e-46
ARTCO2,CATECHOL,"EXPCO2,PVSAT,VENTLUNG",7.610810938812843e-46
ARTCO2,CATECHOL,"EXPCO2,PVSAT,VENTLUNG",7.610810938812843e-46
ARTCO2,CATECHOL,"EXPCO2,PVSAT,VENTLUNG",7.610810938812843e-46
CATECHOL,HR,"ERRCAUTER,SAO2,TPR",0.0
CATECHOL,HR,"ERRCAUTER,SAO2,TPR",0.0
CATECHOL,HR,"ERRCAUTER,SAO2,TPR",0.0
CATECHOL,HR,"ERRCAUTER,SAO2,TPR",0.0
HR,CO,"CATECHOL,HREKG,HRSAT",9.139776594254734e-196
HR,CO,"CATECHOL,HREKG,HRSAT",9.139776594254734e-196
HR,CO,"CATECHOL,HREKG,HRSAT",9.139776594254734e-196
HR,CO,"CATECHOL,HREKG,HRSAT",9.139776594254734e-196
