node_i,node_j,condition,p_value
N0_7muVerMo,SubjVertMo,,0.19693294036595346
N0_7muVerMo,QGVertMotion,,0.5049107235513248
N0_7muVerMo,CombVerMo,,3.7277027305852445e-34
N0_7muVerMo,AreaMeso_ALS,,3.7277027305852445e-34
N0_7muVerMo,SatContMoist,,0.392571381770589
N0_7muVerMo,RaoContMoist,,0.0739156909750992
N0_7muVerMo,CombMoisture,,0.2707102024101552
N0_7muVerMo,AreaMoDryAir,,0.05086425936503151
N0_7muVerMo,VISCloudCov,,0.9635884347503356
N0_7muVerMo,IRCloudCover,,0.7311210000997719
N0_7muVerMo,CombClouds,,0.567062473932429
N0_7muVerMo,CldShadeOth,,0.08505036814418368
N0_7muVerMo,AMInstabMt,,0.9065724914754838
N0_7muVerMo,InsInMt,,0.5389696098997507
N0_7muVerMo,WndHodograph,,0.9936025857463736
N0_7muVerMo,OutflowFrMt,,0.8336151291834284
N0_7muVerMo,MorningBound,,0.09108366985846113
N0_7muVerMo,Boundaries,,0.5214876216135824
N0_7muVerMo,CldShadeConv,,0.37793508744389204
N0_7muVerMo,CompPlFcst,,0.06782647783272035
N0_7muVerMo,CapChange,,0.06782647783272035
N0_7muVerMo,LoLevMoistAd,,0.5989997960582526
N0_7muVerMo,InsChange,,0.9937432179612963
N0_7muVerMo,MountainFcst,,0.40165942551212974
N0_7muVerMo,Date,,0.005168984660229685
N0_7muVerMo,Scenario,,0.8540136602946582
N0_7muVerMo,ScenRelAMCIN,,0.284761453310452
N0_7muVerMo,MorningCIN,,0.4609814908541434
N0_7muVerMo,AMCINInScen,,0.21893796695433757
N0_7muVerMo,CapInScen,,0.32082934116095935
N0_7muVerMo,ScenRelAMIns,,0.9319608134199656
N0_7muVerMo,LIfr12ZDENSd,,0.5828619415721092
N0_7muVerMo,AMDewptCalPl,,0.03758252747200093
N0_7muVerMo,AMInsWliScen,,0.2994141635679001
N0_7muVerMo,InsSclInScen,,0.5165638720502659
N0_7muVerMo,ScenRel3_4,,0.5892781957642295
N0_7muVerMo,LatestCIN,,0.6579576613769826
N0_7muVerMo,LLIW,,0.3981079003824927
N0_7muVerMo,CurPropConv,,0.16642934699062692
N0_7muVerMo,ScnRelPlFcst,,0.8540136602946582
N0_7muVerMo,PlainsFcst,,0.36117950493375506
N0_7muVerMo,N34StarFcst,,0.4929492676200645
N0_7muVerMo,R5Fcst,,0.9971455982445808
N0_7muVerMo,Dewpoints,,0.6397645024851492
N0_7muVerMo,LowLLapse,,0.48700172499119465
N0_7muVerMo,MeanRH,,0.5214791068188565
N0_7muVerMo,MidLLapse,,0.9894655823474305
N0_7muVerMo,MvmtFeatures,,0.16347420659911335
N0_7muVerMo,RHRatio,,0.8362729458344976
N0_7muVerMo,SfcWndShfDis,,0.7322663722668872
N0_7muVerMo,SynForcng,,0.5813481847432735
N0_7muVerMo,TempDis,,0.8448768991729245
N0_7muVerMo,WindAloft,,0.2836918181619546
N0_7muVerMo,WindFieldMt,,0.9229202640849709
N0_7muVerMo,WindFieldPln,,0.4172416672833808
SubjVertMo,QGVertMotion,,0.5968429841592036
SubjVertMo,CombVerMo,,2.497242775302665e-18
SubjVertMo,AreaMeso_ALS,,2.497242775302665e-18
SubjVertMo,SatContMoist,,0.9176910149393269
SubjVertMo,RaoContMoist,,0.7293888398759847
SubjVertMo,CombMoisture,,0.20037635851068786
SubjVertMo,AreaMoDryAir,,0.012588408483836128
SubjVertMo,VISCloudCov,,0.4881603920101233
SubjVertMo,IRCloudCover,,0.03907876534885011
SubjVertMo,CombClouds,,0.7577792344982033
SubjVertMo,CldShadeOth,,0.3600795859732574
SubjVertMo,AMInstabMt,,0.8674129311210851
SubjVertMo,InsInMt,,0.04046887149666533
SubjVertMo,WndHodograph,,0.3660544701149427
SubjVertMo,OutflowFrMt,,0.3381890191221416
SubjVertMo,MorningBound,,0.5451863894765894
SubjVertMo,Boundaries,,0.5818454256396195
SubjVertMo,CldShadeConv,,0.5041808814438709
SubjVertMo,CompPlFcst,,0.045000266457976
SubjVertMo,CapChange,,0.045000266457976
SubjVertMo,LoLevMoistAd,,0.18815776612201035
SubjVertMo,InsChange,,0.5379466590276263
SubjVertMo,MountainFcst,,0.2844661084979428
SubjVertMo,Date,,0.1798726167736996
SubjVertMo,Scenario,,0.9816257816521542
SubjVertMo,ScenRelAMCIN,,0.457945820136602
SubjVertMo,MorningCIN,,0.7940814630299151
SubjVertMo,AMCINInScen,,0.7378501481317887
SubjVertMo,CapInScen,,0.652405395089402
SubjVertMo,ScenRelAMIns,,0.6489603023281489
SubjVertMo,LIfr12ZDENSd,,0.2042907782349989
SubjVertMo,AMDewptCalPl,,0.43412008045507733
SubjVertMo,AMInsWliScen,,0.80510363124561
SubjVertMo,InsSclInScen,,0.35816031057511916
SubjVertMo,ScenRel3_4,,0.8792729885505561
SubjVertMo,LatestCIN,,0.42065093318706315
SubjVertMo,LLIW,,0.40413401810436084
SubjVertMo,CurPropConv,,0.22037244625522906
SubjVertMo,ScnRelPlFcst,,0.9816257816521542
SubjVertMo,PlainsFcst,,0.3755669213707857
SubjVertMo,N34StarFcst,,0.33093522885481924
SubjVertMo,R5Fcst,,0.4465916932601929
SubjVertMo,Dewpoints,,0.19621539042503058
SubjVertMo,LowLLapse,,0.7594257591698964
SubjVertMo,MeanRH,,0.21036583378427
SubjVertMo,MidLLapse,,0.7827801529802558
SubjVertMo,MvmtFeatures,,0.2633881792253016
SubjVertMo,RHRatio,,0.6854777505176552
SubjVertMo,SfcWndShfDis,,0.8672683247055504
SubjVertMo,SynForcng,,0.47837257447339876
SubjVertMo,TempDis,,0.8347370822347999
SubjVertMo,WindAloft,,0.6389877078090869
SubjVertMo,WindFieldMt,,0.9339696307080396
SubjVertMo,WindFieldPln,,0.2607985491777501
QGVertMotion,CombVerMo,,1.1970561899563748e-19
QGVertMotion,AreaMeso_ALS,,1.1970561899563748e-19
QGVertMotion,SatContMoist,,0.44197028715303555
QGVertMotion,RaoContMoist,,0.747403202403276
QGVertMotion,CombMoisture,,0.36958045561339314
QGVertMotion,AreaMoDryAir,,0.0016058731057733845
QGVertMotion,VISCloudCov,,0.4671854923808735
QGVertMotion,IRCloudCover,,0.13556515793571863
QGVertMotion,CombClouds,,0.058438603039929406
QGVertMotion,CldShadeOth,,2.7248545266048056e-06
QGVertMotion,AMInstabMt,,0.5350901843041547
QGVertMotion,InsInMt,,0.04548311068330538
QGVertMotion,WndHodograph,,0.6701675445098287
QGVertMotion,OutflowFrMt,,0.8506907738854124
QGVertMotion,MorningBound,,0.957819665357573
QGVertMotion,Boundaries,,0.6274628030008533
QGVertMotion,CldShadeConv,,0.7683410186952552
QGVertMotion,CompPlFcst,,0.07044393221561192
QGVertMotion,CapChange,,0.07044393221561192
QGVertMotion,LoLevMoistAd,,0.4921261361562058
QGVertMotion,InsChange,,0.02358854341332597
QGVertMotion,MountainFcst,,0.4523767713289909
QGVertMotion,Date,,0.8075291609037882
QGVertMotion,Scenario,,0.9281540760411022
QGVertMotion,ScenRelAMCIN,,0.9146861832856894
QGVertMotion,MorningCIN,,0.5885041008508998
QGVertMotion,AMCINInScen,,0.43258515869964553
QGVertMotion,CapInScen,,0.23754111486579224
QGVertMotion,ScenRelAMIns,,0.9645953562119097
QGVertMotion,LIfr12ZDENSd,,0.630438137310672
QGVertMotion,AMDewptCalPl,,0.2908208465515403
QGVertMotion,AMInsWliScen,,0.6680767230562945
QGVertMotion,InsSclInScen,,0.29944434787264046
QGVertMotion,ScenRel3_4,,0.4440994300914345
QGVertMotion,LatestCIN,,0.5298818041504139
QGVertMotion,LLIW,,0.7894759867263398
QGVertMotion,CurPropConv,,0.5956682145943843
QGVertMotion,ScnRelPlFcst,,0.9281540760411022
QGVertMotion,PlainsFcst,,0.8297462835869521
QGVertMotion,N34StarFcst,,0.7823437501320334
QGVertMotion,R5Fcst,,0.4099057000092638
QGVertMotion,Dewpoints,,0.6150949802073216
QGVertMotion,LowLLapse,,0.4966926512308525
QGVertMotion,MeanRH,,0.06485462984703917
QGVertMotion,MidLLapse,,0.583887489092654
QGVertMotion,MvmtFeatures,,0.5225436106515255
QGVertMotion,RHRatio,,0.68104657177445
QGVertMotion,SfcWndShfDis,,0.9012309889329289
QGVertMotion,SynForcng,,0.687683243930552
QGVertMotion,TempDis,,0.7573833681356426
QGVertMotion,WindAloft,,0.37116059180154676
QGVertMotion,WindFieldMt,,0.245055081448668
QGVertMotion,WindFieldPln,,0.1374563235915911
CombVerMo,AreaMeso_ALS,,9.087060701293011e-307
CombVerMo,SatContMoist,,0.5076884700507234
CombVerMo,RaoContMoist,,0.14032350034786834
CombVerMo,CombMoisture,,0.13635199806502912
CombVerMo,AreaMoDryAir,,1.3663251032754116e-14
CombVerMo,VISCloudCov,,0.798968413925694
CombVerMo,IRCloudCover,,0.8523921932073234
CombVerMo,CombClouds,,0.4039744108016064
CombVerMo,CldShadeOth,,8.41154597413856e-15
CombVerMo,AMInstabMt,,0.33951717853280616
CombVerMo,InsInMt,,0.09995681654713544
CombVerMo,WndHodograph,,0.5253850858489085
CombVerMo,OutflowFrMt,,0.732330237916285
CombVerMo,MorningBound,,0.5344873478799672
CombVerMo,Boundaries,,0.5798774062083787
CombVerMo,CldShadeConv,,0.33788920809536405
CombVerMo,CompPlFcst,,1.4962671827183015e-05
CombVerMo,CapChange,,1.4962671827183015e-05
CombVerMo,LoLevMoistAd,,0.8821479670009768
CombVerMo,InsChange,,0.33183350944436346
CombVerMo,MountainFcst,,0.8590327859639585
CombVerMo,Date,,0.5514144660056888
CombVerMo,Scenario,,0.5570953099204696
CombVerMo,ScenRelAMCIN,,0.04561896270585571
CombVerMo,MorningCIN,,0.0740692730397573
CombVerMo,AMCINInScen,,0.12263161025078886
CombVerMo,CapInScen,,0.5213701529141939
CombVerMo,ScenRelAMIns,,0.6862441425939599
CombVerMo,LIfr12ZDENSd,,0.2975031689603718
CombVerMo,AMDewptCalPl,,0.995658486148984
CombVerMo,AMInsWliScen,,0.7441031792929822
CombVerMo,InsSclInScen,,0.9306516798961975
CombVerMo,ScenRel3_4,,0.6630158571206322
CombVerMo,LatestCIN,,0.49964564150490154
CombVerMo,LLIW,,0.9972124327511817
CombVerMo,CurPropConv,,0.34957174057566665
CombVerMo,ScnRelPlFcst,,0.5570953099204696
CombVerMo,PlainsFcst,,0.45610166321824364
CombVerMo,N34StarFcst,,0.6373337715569221
CombVerMo,R5Fcst,,0.8439795573799522
CombVerMo,Dewpoints,,0.6683399591364758
CombVerMo,LowLLapse,,0.31697375361938135
CombVerMo,MeanRH,,0.5618959268842452
CombVerMo,MidLLapse,,0.20336809549684087
CombVerMo,MvmtFeatures,,0.760194389516392
CombVerMo,RHRatio,,0.042847871178754424
CombVerMo,SfcWndShfDis,,0.31647851001207333
CombVerMo,SynForcng,,0.119088332603546
CombVerMo,TempDis,,0.017944921705498062
CombVerMo,WindAloft,,0.5448940413167516
CombVerMo,WindFieldMt,,0.9740835513622789
CombVerMo,WindFieldPln,,0.6128868215689283
AreaMeso_ALS,SatContMoist,,0.5076884700507234
AreaMeso_ALS,RaoContMoist,,0.14032350034786834
AreaMeso_ALS,CombMoisture,,0.13635199806502912
AreaMeso_ALS,AreaMoDryAir,,1.3663251032754116e-14
AreaMeso_ALS,VISCloudCov,,0.798968413925694
AreaMeso_ALS,IRCloudCover,,0.8523921932073234
AreaMeso_ALS,CombClouds,,0.4039744108016064
AreaMeso_ALS,CldShadeOth,,8.41154597413856e-15
AreaMeso_ALS,AMInstabMt,,0.33951717853280616
AreaMeso_ALS,InsInMt,,0.09995681654713544
AreaMeso_ALS,WndHodograph,,0.5253850858489085
AreaMeso_ALS,OutflowFrMt,,0.732330237916285
AreaMeso_ALS,MorningBound,,0.5344873478799672
AreaMeso_ALS,Boundaries,,0.5798774062083787
AreaMeso_ALS,CldShadeConv,,0.33788920809536405
AreaMeso_ALS,CompPlFcst,,1.4962671827183015e-05
AreaMeso_ALS,CapChange,,1.4962671827183015e-05
AreaMeso_ALS,LoLevMoistAd,,0.8821479670009768
AreaMeso_ALS,InsChange,,0.33183350944436346
AreaMeso_ALS,MountainFcst,,0.8590327859639585
AreaMeso_ALS,Date,,0.5514144660056888
AreaMeso_ALS,Scenario,,0.5570953099204696
AreaMeso_ALS,ScenRelAMCIN,,0.04561896270585571
AreaMeso_ALS,MorningCIN,,0.0740692730397573
AreaMeso_ALS,AMCINInScen,,0.12263161025078886
AreaMeso_ALS,CapInScen,,0.5213701529141939
AreaMeso_ALS,ScenRelAMIns,,0.6862441425939599
AreaMeso_ALS,LIfr12ZDENSd,,0.2975031689603718
AreaMeso_ALS,AMDewptCalPl,,0.995658486148984
AreaMeso_ALS,AMInsWliScen,,0.7441031792929822
AreaMeso_ALS,InsSclInScen,,0.9306516798961975
AreaMeso_ALS,ScenRel3_4,,0.6630158571206322
AreaMeso_ALS,LatestCIN,,0.49964564150490154
AreaMeso_ALS,LLIW,,0.9972124327511817
AreaMeso_ALS,CurPropConv,,0.34957174057566665
AreaMeso_ALS,ScnRelPlFcst,,0.5570953099204696
AreaMeso_ALS,PlainsFcst,,0.45610166321824364
AreaMeso_ALS,N34StarFcst,,0.6373337715569221
AreaMeso_ALS,R5Fcst,,0.8439795573799522
AreaMeso_ALS,Dewpoints,,0.6683399591364758
AreaMeso_ALS,LowLLapse,,0.31697375361938135
AreaMeso_ALS,MeanRH,,0.5618959268842452
AreaMeso_ALS,MidLLapse,,0.20336809549684087
AreaMeso_ALS,MvmtFeatures,,0.760194389516392
AreaMeso_ALS,RHRatio,,0.042847871178754424
AreaMeso_ALS,SfcWndShfDis,,0.31647851001207333
AreaMeso_ALS,SynForcng,,0.119088332603546
AreaMeso_ALS,TempDis,,0.017944921705498062
AreaMeso_ALS,WindAloft,,0.5448940413167516
AreaMeso_ALS,WindFieldMt,,0.9740835513622789
AreaMeso_ALS,WindFieldPln,,0.6128868215689283
SatContMoist,RaoContMoist,,0.6827370144060498
SatContMoist,CombMoisture,,3.375242288391451e-24
SatContMoist,AreaMoDryAir,,1.4889126998291638e-10
SatContMoist,VISCloudCov,,0.08918184742651232
SatContMoist,IRCloudCover,,0.5603621266901582
SatContMoist,CombClouds,,0.11095558419568931
SatContMoist,CldShadeOth,,0.896307626811549
SatContMoist,AMInstabMt,,0.743520447083655
SatContMoist,InsInMt,,0.49301877631290447
SatContMoist,WndHodograph,,0.6407555214698283
SatContMoist,OutflowFrMt,,0.2528542516025005
SatContMoist,MorningBound,,0.9247844955841645
SatContMoist,Boundaries,,0.07728009759215797
SatContMoist,CldShadeConv,,0.44296124883153176
SatContMoist,CompPlFcst,,0.8856672300405375
SatContMoist,CapChange,,0.8856672300405375
SatContMoist,LoLevMoistAd,,0.06442251920338643
SatContMoist,InsChange,,0.332364361198524
SatContMoist,MountainFcst,,0.5625350163143228
SatContMoist,Date,,0.5351591032213054
SatContMoist,Scenario,,0.9539040534569097
SatContMoist,ScenRelAMCIN,,0.6167789875648673
SatContMoist,MorningCIN,,0.8583858354300724
SatContMoist,AMCINInScen,,0.2559290164640871
SatContMoist,CapInScen,,0.3854550095217301
SatContMoist,ScenRelAMIns,,0.5432302152936691
SatContMoist,LIfr12ZDENSd,,0.7094381018061953
SatContMoist,AMDewptCalPl,,0.5318729353866392
SatContMoist,AMInsWliScen,,0.9799805794784109
SatContMoist,InsSclInScen,,0.38342896837733664
SatContMoist,ScenRel3_4,,0.974609699145462
SatContMoist,LatestCIN,,0.7237688314884725
SatContMoist,LLIW,,0.9456000202073299
SatContMoist,CurPropConv,,0.36180572885928575
SatContMoist,ScnRelPlFcst,,0.9539040534569097
SatContMoist,PlainsFcst,,0.9107065865404331
SatContMoist,N34StarFcst,,0.9806405767936034
SatContMoist,R5Fcst,,0.7549124462580944
SatContMoist,Dewpoints,,0.3137187423320893
SatContMoist,LowLLapse,,0.7405067439659336
SatContMoist,MeanRH,,0.5735986885149413
SatContMoist,MidLLapse,,0.8687399975783863
SatContMoist,MvmtFeatures,,0.6675928998500462
SatContMoist,RHRatio,,0.3290191020714809
SatContMoist,SfcWndShfDis,,0.03406090383855834
SatContMoist,SynForcng,,0.9160430703798738
SatContMoist,TempDis,,0.9820945794594248
SatContMoist,WindAloft,,0.4888257969523676
SatContMoist,WindFieldMt,,0.8053075943814915
SatContMoist,WindFieldPln,,0.7312842754811166
RaoContMoist,CombMoisture,,1.3645852198175972e-14
RaoContMoist,AreaMoDryAir,,8.1501083873902e-06
RaoContMoist,VISCloudCov,,0.9121696317516235
RaoContMoist,IRCloudCover,,0.16000386508231215
RaoContMoist,CombClouds,,0.8267510757072407
RaoContMoist,CldShadeOth,,0.6194632791105676
RaoContMoist,AMInstabMt,,0.8025385982724546
RaoContMoist,InsInMt,,0.41871468209333407
RaoContMoist,WndHodograph,,0.7198784047628949
RaoContMoist,OutflowFrMt,,0.9886302537632127
RaoContMoist,MorningBound,,0.5784813310195034
RaoContMoist,Boundaries,,0.8698873900450227
RaoContMoist,CldShadeConv,,0.5748285760560163
RaoContMoist,CompPlFcst,,0.5514917970892379
RaoContMoist,CapChange,,0.5514917970892379
RaoContMoist,LoLevMoistAd,,0.4933251573950145
RaoContMoist,InsChange,,0.9708147543901825
RaoContMoist,MountainFcst,,0.9212558689113685
RaoContMoist,Date,,0.4633775415645034
RaoContMoist,Scenario,,0.1773672144702811
RaoContMoist,ScenRelAMCIN,,0.629863190389363
RaoContMoist,MorningCIN,,0.7396086906753836
RaoContMoist,AMCINInScen,,0.22902812659624874
RaoContMoist,CapInScen,,0.7248754528962675
RaoContMoist,ScenRelAMIns,,0.1972323541308376
RaoContMoist,LIfr12ZDENSd,,0.19633123164942318
RaoContMoist,AMDewptCalPl,,0.3262235753303488
RaoContMoist,AMInsWliScen,,0.12162187681986654
RaoContMoist,InsSclInScen,,0.12448801125903083
RaoContMoist,ScenRel3_4,,0.13541455967415242
RaoContMoist,LatestCIN,,0.6980383047450301
RaoContMoist,LLIW,,0.9320810220381925
RaoContMoist,CurPropConv,,0.9260741687123916
RaoContMoist,ScnRelPlFcst,,0.1773672144702811
RaoContMoist,PlainsFcst,,0.7906344516735483
RaoContMoist,N34StarFcst,,0.34047077160672556
RaoContMoist,R5Fcst,,0.7189330670188343
RaoContMoist,Dewpoints,,0.7921588642072782
RaoContMoist,LowLLapse,,0.35311405889746184
RaoContMoist,MeanRH,,0.1144213630906442
RaoContMoist,MidLLapse,,0.19042678044889846
RaoContMoist,MvmtFeatures,,0.5302375843716534
RaoContMoist,RHRatio,,0.552278471247913
RaoContMoist,SfcWndShfDis,,0.24118514118002404
RaoContMoist,SynForcng,,0.6660778472576407
RaoContMoist,TempDis,,0.27958827318619756
RaoContMoist,WindAloft,,0.15299545889469496
RaoContMoist,WindFieldMt,,0.12954664878304797
RaoContMoist,WindFieldPln,,0.7397222246912072
CombMoisture,AreaMoDryAir,,4.0233120312723837e-100
CombMoisture,VISCloudCov,,0.34389639689062623
CombMoisture,IRCloudCover,,0.17309009720951296
CombMoisture,CombClouds,,0.7381394749603436
CombMoisture,CldShadeOth,,0.6089035933152269
CombMoisture,AMInstabMt,,0.8082365423369041
CombMoisture,InsInMt,,0.2533519102722135
CombMoisture,WndHodograph,,0.3296005007298584
CombMoisture,OutflowFrMt,,0.21588374826913476
CombMoisture,MorningBound,,0.9729910731827238
CombMoisture,Boundaries,,0.6303742192212254
CombMoisture,CldShadeConv,,0.9113743342953956
CombMoisture,CompPlFcst,,0.716465591679045
CombMoisture,CapChange,,0.716465591679045
CombMoisture,LoLevMoistAd,,0.17819807267057575
CombMoisture,InsChange,,0.6165748906805226
CombMoisture,MountainFcst,,0.5192699284225573
CombMoisture,Date,,0.10819474688972089
CombMoisture,Scenario,,0.8608593790681861
CombMoisture,ScenRelAMCIN,,0.8808122280901758
CombMoisture,MorningCIN,,0.5925639623016912
CombMoisture,AMCINInScen,,0.3842761398522537
CombMoisture,CapInScen,,0.49541548117115086
CombMoisture,ScenRelAMIns,,0.7195369500729316
CombMoisture,LIfr12ZDENSd,,0.10939077881070845
CombMoisture,AMDewptCalPl,,0.2971155344223081
CombMoisture,AMInsWliScen,,0.17592564139587258
CombMoisture,InsSclInScen,,0.020761934402078616
CombMoisture,ScenRel3_4,,0.6710615723850959
CombMoisture,LatestCIN,,0.9238322264301412
CombMoisture,LLIW,,0.8341253406442194
CombMoisture,CurPropConv,,0.9561515080284282
CombMoisture,ScnRelPlFcst,,0.8608593790681861
CombMoisture,PlainsFcst,,0.4066475944303656
CombMoisture,N34StarFcst,,0.5255661769586732
CombMoisture,R5Fcst,,0.9452351564374956
CombMoisture,Dewpoints,,0.5947538825462433
CombMoisture,LowLLapse,,0.024036689269978227
CombMoisture,MeanRH,,0.7380636393091453
CombMoisture,MidLLapse,,0.941767013627315
CombMoisture,MvmtFeatures,,0.012647448028686469
CombMoisture,RHRatio,,0.7294570435402401
CombMoisture,SfcWndShfDis,,0.9081507641401759
CombMoisture,SynForcng,,0.3109457247044108
CombMoisture,TempDis,,0.5681096285825298
CombMoisture,WindAloft,,0.15723808998105507
CombMoisture,WindFieldMt,,0.6022585735494872
CombMoisture,WindFieldPln,,0.42119620118849205
AreaMoDryAir,VISCloudCov,,0.5743803637434886
AreaMoDryAir,IRCloudCover,,0.2606173611587365
AreaMoDryAir,CombClouds,,0.0391797473735051
AreaMoDryAir,CldShadeOth,,9.672103444184797e-09
AreaMoDryAir,AMInstabMt,,0.971409406794521
AreaMoDryAir,InsInMt,,0.11673139400068541
AreaMoDryAir,WndHodograph,,0.5396326163924052
AreaMoDryAir,OutflowFrMt,,0.08950527449789487
AreaMoDryAir,MorningBound,,0.22197203763570478
AreaMoDryAir,Boundaries,,0.05351398145236128
AreaMoDryAir,CldShadeConv,,0.6352298108772085
AreaMoDryAir,CompPlFcst,,0.6450867400148934
AreaMoDryAir,CapChange,,0.6450867400148934
AreaMoDryAir,LoLevMoistAd,,0.7254055230777812
AreaMoDryAir,InsChange,,0.863631500025813
AreaMoDryAir,MountainFcst,,0.034904288361522
AreaMoDryAir,Date,,0.74657903013257
AreaMoDryAir,Scenario,,0.9261657554742556
AreaMoDryAir,ScenRelAMCIN,,0.14536828506255442
AreaMoDryAir,MorningCIN,,0.9987602421263981
AreaMoDryAir,AMCINInScen,,0.17911685546704462
AreaMoDryAir,CapInScen,,0.8841416828883694
AreaMoDryAir,ScenRelAMIns,,0.9220586408539839
AreaMoDryAir,LIfr12ZDENSd,,0.1463566598311375
AreaMoDryAir,AMDewptCalPl,,0.6570815263623331
AreaMoDryAir,AMInsWliScen,,0.6361759092622667
AreaMoDryAir,InsSclInScen,,0.6188531119942211
AreaMoDryAir,ScenRel3_4,,0.9222888645534515
AreaMoDryAir,LatestCIN,,0.7502589608295563
AreaMoDryAir,LLIW,,0.7272448816698338
AreaMoDryAir,CurPropConv,,0.8345158375960138
AreaMoDryAir,ScnRelPlFcst,,0.9261657554742556
AreaMoDryAir,PlainsFcst,,0.03946091430432402
AreaMoDryAir,N34StarFcst,,0.00642712242308765
AreaMoDryAir,R5Fcst,,0.07449844004167903
AreaMoDryAir,Dewpoints,,0.6244019747670667
AreaMoDryAir,LowLLapse,,0.1746403987680829
AreaMoDryAir,MeanRH,,0.03552374083367856
AreaMoDryAir,MidLLapse,,0.7996642029494959
AreaMoDryAir,MvmtFeatures,,0.6555932588848957
AreaMoDryAir,RHRatio,,0.9001823915366747
AreaMoDryAir,SfcWndShfDis,,0.29153771095516223
AreaMoDryAir,SynForcng,,0.12216547686406318
AreaMoDryAir,TempDis,,0.9845740028424622
AreaMoDryAir,WindAloft,,0.6094331012755799
AreaMoDryAir,WindFieldMt,,0.9466317561993446
AreaMoDryAir,WindFieldPln,,0.7558612165994423
VISCloudCov,IRCloudCover,,0.6815523974611808
VISCloudCov,CombClouds,,2.5301243115082384e-65
VISCloudCov,CldShadeOth,,2.312075383748825e-31
VISCloudCov,AMInstabMt,,0.5600692185275397
VISCloudCov,InsInMt,,0.37212314757545356
VISCloudCov,WndHodograph,,0.879425703370255
VISCloudCov,OutflowFrMt,,0.3048053019478119
VISCloudCov,MorningBound,,0.1913749764460191
VISCloudCov,Boundaries,,0.06220587749706172
VISCloudCov,CldShadeConv,,0.839222626040504
VISCloudCov,CompPlFcst,,0.02588356182414984
VISCloudCov,CapChange,,0.02588356182414984
VISCloudCov,LoLevMoistAd,,0.9367570914087298
VISCloudCov,InsChange,,0.8207285870287012
VISCloudCov,MountainFcst,,0.987498468395574
VISCloudCov,Date,,0.8111054372083912
VISCloudCov,Scenario,,0.3712067635469408
VISCloudCov,ScenRelAMCIN,,0.45674805226557524
VISCloudCov,MorningCIN,,0.2842716578054665
VISCloudCov,AMCINInScen,,0.7849500386699207
VISCloudCov,CapInScen,,0.30985298839509257
VISCloudCov,ScenRelAMIns,,0.1439075574933128
VISCloudCov,LIfr12ZDENSd,,0.07178520751556977
VISCloudCov,AMDewptCalPl,,0.3840967556211991
VISCloudCov,AMInsWliScen,,0.4028977681772913
VISCloudCov,InsSclInScen,,0.2605448839095882
VISCloudCov,ScenRel3_4,,0.6505612716239033
VISCloudCov,LatestCIN,,0.5435638723688683
VISCloudCov,LLIW,,0.9318754920513873
VISCloudCov,CurPropConv,,0.37584257324113535
VISCloudCov,ScnRelPlFcst,,0.3712067635469408
VISCloudCov,PlainsFcst,,0.722959241241516
VISCloudCov,N34StarFcst,,0.5978535010832747
VISCloudCov,R5Fcst,,0.8136464278561777
VISCloudCov,Dewpoints,,0.2628573008604923
VISCloudCov,LowLLapse,,0.5515845383055242
VISCloudCov,MeanRH,,0.7881405749777928
VISCloudCov,MidLLapse,,0.9328404623532183
VISCloudCov,MvmtFeatures,,0.9926073081360223
VISCloudCov,RHRatio,,0.33301136225445027
VISCloudCov,SfcWndShfDis,,0.08341469870651473
VISCloudCov,SynForcng,,0.15844640677511473
VISCloudCov,TempDis,,0.650832799616789
VISCloudCov,WindAloft,,0.28065398272313463
VISCloudCov,WindFieldMt,,0.7661078111487191
VISCloudCov,WindFieldPln,,0.12552334444347765
IRCloudCover,CombClouds,,2.6440299578969943e-16
IRCloudCover,CldShadeOth,,3.1216914028548716e-08
IRCloudCover,AMInstabMt,,0.6007373295527461
IRCloudCover,InsInMt,,0.27929681996956907
IRCloudCover,WndHodograph,,0.9415578276605466
IRCloudCover,OutflowFrMt,,0.23350925537784278
IRCloudCover,MorningBound,,0.7355926541232991
IRCloudCover,Boundaries,,0.7124121302528124
IRCloudCover,CldShadeConv,,0.18920135422200282
IRCloudCover,CompPlFcst,,0.5464398957862371
IRCloudCover,CapChange,,0.5464398957862371
IRCloudCover,LoLevMoistAd,,0.5918451739755977
IRCloudCover,InsChange,,0.7276575122271062
IRCloudCover,MountainFcst,,0.4463393828147818
IRCloudCover,Date,,0.5783866854711082
IRCloudCover,Scenario,,0.5651037968248888
IRCloudCover,ScenRelAMCIN,,0.6698170078677795
IRCloudCover,MorningCIN,,0.8184469597941831
IRCloudCover,AMCINInScen,,0.9786885881537247
IRCloudCover,CapInScen,,0.5368992594251889
IRCloudCover,ScenRelAMIns,,0.5200934292100727
IRCloudCover,LIfr12ZDENSd,,0.8077142645039849
IRCloudCover,AMDewptCalPl,,0.8040026250488758
IRCloudCover,AMInsWliScen,,0.5974931296710111
IRCloudCover,InsSclInScen,,0.46970760509927245
IRCloudCover,ScenRel3_4,,0.9024394292950891
IRCloudCover,LatestCIN,,0.12670708334090794
IRCloudCover,LLIW,,0.5942312053158201
IRCloudCover,CurPropConv,,0.20260302228455057
IRCloudCover,ScnRelPlFcst,,0.5651037968248888
IRCloudCover,PlainsFcst,,0.18683832382501614
IRCloudCover,N34StarFcst,,0.28121789610069364
IRCloudCover,R5Fcst,,0.5758037561208278
IRCloudCover,Dewpoints,,0.9728230834537009
IRCloudCover,LowLLapse,,0.23504420915216728
IRCloudCover,MeanRH,,0.731017846002086
IRCloudCover,MidLLapse,,0.8215938750109882
IRCloudCover,MvmtFeatures,,0.044209590825797694
IRCloudCover,RHRatio,,0.9192148263070373
IRCloudCover,SfcWndShfDis,,0.8726353282500287
IRCloudCover,SynForcng,,0.5802701459976578
IRCloudCover,TempDis,,0.02154052020127297
IRCloudCover,WindAloft,,0.5286823092504986
IRCloudCover,WindFieldMt,,0.9203978032123852
IRCloudCover,WindFieldPln,,0.2994616502663972
CombClouds,CldShadeOth,,8.598355963146557e-105
CombClouds,AMInstabMt,,0.43709587215967394
CombClouds,InsInMt,,0.02885831381048849
CombClouds,WndHodograph,,0.9132381400733267
CombClouds,OutflowFrMt,,0.34421668197839944
CombClouds,MorningBound,,0.33719174946376396
CombClouds,Boundaries,,0.16948599521992486
CombClouds,CldShadeConv,,0.6453686496507183
CombClouds,CompPlFcst,,0.018435319469440527
CombClouds,CapChange,,0.018435319469440527
CombClouds,LoLevMoistAd,,0.679370583452555
CombClouds,InsChange,,0.9684625857291744
CombClouds,MountainFcst,,0.13396543020828422
CombClouds,Date,,0.2751802986727059
CombClouds,Scenario,,0.38521130840083284
CombClouds,ScenRelAMCIN,,0.0988221553391803
CombClouds,MorningCIN,,0.48581820131344855
CombClouds,AMCINInScen,,0.2810913748352327
CombClouds,CapInScen,,0.26407539507026556
CombClouds,ScenRelAMIns,,0.1380935164805707
CombClouds,LIfr12ZDENSd,,0.6914728680535323
CombClouds,AMDewptCalPl,,0.23738135727377246
CombClouds,AMInsWliScen,,0.896049076518076
CombClouds,InsSclInScen,,0.9510588720653486
CombClouds,ScenRel3_4,,0.4143372845986296
CombClouds,LatestCIN,,0.7088980546350696
CombClouds,LLIW,,0.6656263089053489
CombClouds,CurPropConv,,0.5575682762709849
CombClouds,ScnRelPlFcst,,0.38521130840083284
CombClouds,PlainsFcst,,0.6876955763652707
CombClouds,N34StarFcst,,0.5352127935207591
CombClouds,R5Fcst,,0.20750528877796992
CombClouds,Dewpoints,,0.42039682608323387
CombClouds,LowLLapse,,0.7466464346222675
CombClouds,MeanRH,,0.034191840002140365
CombClouds,MidLLapse,,0.7807214686715978
CombClouds,MvmtFeatures,,0.6862334630711053
CombClouds,RHRatio,,0.5621202106210849
CombClouds,SfcWndShfDis,,0.1450930103144136
CombClouds,SynForcng,,0.16857326685447513
CombClouds,TempDis,,0.8634312161145496
CombClouds,WindAloft,,0.37365858524148315
CombClouds,WindFieldMt,,0.14789274139723887
CombClouds,WindFieldPln,,0.8723056222937233
CldShadeOth,AMInstabMt,,0.5745734986631649
CldShadeOth,InsInMt,,0.00010572485429756325
CldShadeOth,WndHodograph,,0.09965731218093059
CldShadeOth,OutflowFrMt,,0.22145896342295956
CldShadeOth,MorningBound,,0.7540528060427928
CldShadeOth,Boundaries,,0.06545311968523504
CldShadeOth,CldShadeConv,,0.24743598175551898
CldShadeOth,CompPlFcst,,0.14677823093950368
CldShadeOth,CapChange,,0.14677823093950368
CldShadeOth,LoLevMoistAd,,0.2778457054977826
CldShadeOth,InsChange,,0.7989107121848766
CldShadeOth,MountainFcst,,0.19013386615836048
CldShadeOth,Date,,0.6709856467210766
CldShadeOth,Scenario,,0.8762419736778106
CldShadeOth,ScenRelAMCIN,,0.22123150884970064
CldShadeOth,MorningCIN,,0.43456503131297763
CldShadeOth,AMCINInScen,,0.1951822274380849
CldShadeOth,CapInScen,,0.2800072335073416
CldShadeOth,ScenRelAMIns,,0.6116612807455447
CldShadeOth,LIfr12ZDENSd,,0.6354648930566675
CldShadeOth,AMDewptCalPl,,0.5666244866117329
CldShadeOth,AMInsWliScen,,0.2776293198381741
CldShadeOth,InsSclInScen,,0.17601458188339222
CldShadeOth,ScenRel3_4,,0.6602093274514818
CldShadeOth,LatestCIN,,0.22705592458765592
CldShadeOth,LLIW,,0.6961811814075121
CldShadeOth,CurPropConv,,0.4557357160817893
CldShadeOth,ScnRelPlFcst,,0.8762419736778106
CldShadeOth,PlainsFcst,,0.434712862027799
CldShadeOth,N34StarFcst,,0.44989962770824365
CldShadeOth,R5Fcst,,0.2754992121506553
CldShadeOth,Dewpoints,,0.3040838623462218
CldShadeOth,LowLLapse,,0.4094748095728622
CldShadeOth,MeanRH,,0.08063745497197713
CldShadeOth,MidLLapse,,0.8720698780992909
CldShadeOth,MvmtFeatures,,0.9414356929617653
CldShadeOth,RHRatio,,0.8028171966344482
CldShadeOth,SfcWndShfDis,,0.04825312402341503
CldShadeOth,SynForcng,,0.6248206762126209
CldShadeOth,TempDis,,0.6246576479585455
CldShadeOth,WindAloft,,0.8991812449760839
CldShadeOth,WindFieldMt,,0.19718620573614998
CldShadeOth,WindFieldPln,,0.8848628382141572
AMInstabMt,InsInMt,,1.677396559093655e-16
AMInstabMt,WndHodograph,,0.545509689495991
AMInstabMt,OutflowFrMt,,0.021191721770332732
AMInstabMt,MorningBound,,0.5197701898840899
AMInstabMt,Boundaries,,0.05976153525613577
AMInstabMt,CldShadeConv,,0.006101270369007134
AMInstabMt,CompPlFcst,,0.6476356003779599
AMInstabMt,CapChange,,0.6476356003779599
AMInstabMt,LoLevMoistAd,,0.3615939679490965
AMInstabMt,InsChange,,0.343790854446739
AMInstabMt,MountainFcst,,0.07423035259781964
AMInstabMt,Date,,0.2873527334539398
AMInstabMt,Scenario,,0.3316629454881741
AMInstabMt,ScenRelAMCIN,,0.27479749169602863
AMInstabMt,MorningCIN,,0.9442773080362574
AMInstabMt,AMCINInScen,,0.6560529198770011
AMInstabMt,CapInScen,,0.23834934389772808
AMInstabMt,ScenRelAMIns,,0.5825424731688265
AMInstabMt,LIfr12ZDENSd,,0.4736420498476527
AMInstabMt,AMDewptCalPl,,0.7560786640127366
AMInstabMt,AMInsWliScen,,0.7156519410512867
AMInstabMt,InsSclInScen,,0.4570215485774419
AMInstabMt,ScenRel3_4,,0.9894864902212391
AMInstabMt,LatestCIN,,0.2301013432413517
AMInstabMt,LLIW,,0.2747096305916461
AMInstabMt,CurPropConv,,0.6505581695727973
AMInstabMt,ScnRelPlFcst,,0.3316629454881741
AMInstabMt,PlainsFcst,,0.10943150041802316
AMInstabMt,N34StarFcst,,0.30120149880800584
AMInstabMt,R5Fcst,,0.040315567924706544
AMInstabMt,Dewpoints,,0.34420999879396835
AMInstabMt,LowLLapse,,0.012143304741561185
AMInstabMt,MeanRH,,0.742680870131947
AMInstabMt,MidLLapse,,0.7761310600434294
AMInstabMt,MvmtFeatures,,0.38888956880827646
AMInstabMt,RHRatio,,0.8352496016818654
AMInstabMt,SfcWndShfDis,,0.010271487852519207
AMInstabMt,SynForcng,,0.598485085618258
AMInstabMt,TempDis,,0.9658697534746734
AMInstabMt,WindAloft,,0.3154098875932368
AMInstabMt,WindFieldMt,,0.9165339623727501
AMInstabMt,WindFieldPln,,0.09958296479195973
InsInMt,WndHodograph,,0.4697737533043286
InsInMt,OutflowFrMt,,1.6534655217181937e-09
InsInMt,MorningBound,,0.825026417196586
InsInMt,Boundaries,,0.22377604278160845
InsInMt,CldShadeConv,,1.567754825791302e-09
InsInMt,CompPlFcst,,0.5607732994822661
InsInMt,CapChange,,0.5607732994822661
InsInMt,LoLevMoistAd,,0.7260847328465415
InsInMt,InsChange,,0.43353296944961295
InsInMt,MountainFcst,,2.650910578488364e-06
InsInMt,Date,,0.7883004636189244
InsInMt,Scenario,,0.7947463729963891
InsInMt,ScenRelAMCIN,,0.6953831189319177
InsInMt,MorningCIN,,0.7510036520596773
InsInMt,AMCINInScen,,0.7060832207315884
InsInMt,CapInScen,,0.9879316509553417
InsInMt,ScenRelAMIns,,0.8284157216893258
InsInMt,LIfr12ZDENSd,,0.6400162950483779
InsInMt,AMDewptCalPl,,0.5073281387439397
InsInMt,AMInsWliScen,,0.9599423450292759
InsInMt,InsSclInScen,,0.6450386868267188
InsInMt,ScenRel3_4,,0.9949140296319388
InsInMt,LatestCIN,,0.45429580392629076
InsInMt,LLIW,,0.4150727765920156
InsInMt,CurPropConv,,0.994551437182985
InsInMt,ScnRelPlFcst,,0.7947463729963891
InsInMt,PlainsFcst,,0.1300791496099891
InsInMt,N34StarFcst,,0.3826721079917748
InsInMt,R5Fcst,,1.1326878853098482e-05
InsInMt,Dewpoints,,0.9463102306364382
InsInMt,LowLLapse,,0.22435353992652224
InsInMt,MeanRH,,0.1149728291789669
InsInMt,MidLLapse,,0.71874531288969
InsInMt,MvmtFeatures,,0.9537853511999097
InsInMt,RHRatio,,0.45477875751775687
InsInMt,SfcWndShfDis,,0.7596138693688453
InsInMt,SynForcng,,0.5163648041605307
InsInMt,TempDis,,0.41898761772390436
InsInMt,WindAloft,,0.7912278104679263
InsInMt,WindFieldMt,,0.5786842731066202
InsInMt,WindFieldPln,,0.43333969191877
WndHodograph,OutflowFrMt,,7.198216334016549e-13
WndHodograph,MorningBound,,0.09915625315632152
WndHodograph,Boundaries,,0.0001414216921775993
WndHodograph,CldShadeConv,,2.542075591394586e-12
WndHodograph,CompPlFcst,,0.5412480451231412
WndHodograph,CapChange,,0.5412480451231412
WndHodograph,LoLevMoistAd,,0.07051848919308024
WndHodograph,InsChange,,0.26646833683046617
WndHodograph,MountainFcst,,0.7144891462686735
WndHodograph,Date,,0.7383794242766897
WndHodograph,Scenario,,0.46648207191004354
WndHodograph,ScenRelAMCIN,,0.7259872034063553
WndHodograph,MorningCIN,,0.21295413980364875
WndHodograph,AMCINInScen,,0.7213854559636446
WndHodograph,CapInScen,,0.0723017953820137
WndHodograph,ScenRelAMIns,,0.18609690094087372
WndHodograph,LIfr12ZDENSd,,0.5540941529345342
WndHodograph,AMDewptCalPl,,0.3242049311277259
WndHodograph,AMInsWliScen,,0.8442524210556873
WndHodograph,InsSclInScen,,0.7274433473139427
WndHodograph,ScenRel3_4,,0.5638023100853695
WndHodograph,LatestCIN,,0.29199893125013426
WndHodograph,LLIW,,0.37160309542334763
WndHodograph,CurPropConv,,0.32584344045628016
WndHodograph,ScnRelPlFcst,,0.46648207191004354
WndHodograph,PlainsFcst,,0.6365044512972142
WndHodograph,N34StarFcst,,0.4676167449110189
WndHodograph,R5Fcst,,0.17951257236097728
WndHodograph,Dewpoints,,0.8413999179899468
WndHodograph,LowLLapse,,0.42993773253299583
WndHodograph,MeanRH,,0.8343015899842168
WndHodograph,MidLLapse,,0.3145503280750874
WndHodograph,MvmtFeatures,,0.8141735848258189
WndHodograph,RHRatio,,0.7379973438923366
WndHodograph,SfcWndShfDis,,0.5510133692407437
WndHodograph,SynForcng,,0.22999539865493968
WndHodograph,TempDis,,0.03910337411346027
WndHodograph,WindAloft,,0.22387877115785476
WndHodograph,WindFieldMt,,0.5228227570673789
WndHodograph,WindFieldPln,,0.7505140727844315
OutflowFrMt,MorningBound,,0.8232699509947004
OutflowFrMt,Boundaries,,3.643214883058632e-12
OutflowFrMt,CldShadeConv,,0.12222916700809107
OutflowFrMt,CompPlFcst,,0.8768279339970811
OutflowFrMt,CapChange,,0.8768279339970811
OutflowFrMt,LoLevMoistAd,,0.3479123225678143
OutflowFrMt,InsChange,,0.5405106435702101
OutflowFrMt,MountainFcst,,0.31538175704738686
OutflowFrMt,Date,,0.8580250957600486
OutflowFrMt,Scenario,,0.03564119445477034
OutflowFrMt,ScenRelAMCIN,,0.6734216122307124
OutflowFrMt,MorningCIN,,0.4910951906397776
OutflowFrMt,AMCINInScen,,0.3674695464376441
OutflowFrMt,CapInScen,,0.9225262105160843
OutflowFrMt,ScenRelAMIns,,0.45175844317134417
OutflowFrMt,LIfr12ZDENSd,,0.47942539173793763
OutflowFrMt,AMDewptCalPl,,0.9752133278523013
OutflowFrMt,AMInsWliScen,,0.14128641843389042
OutflowFrMt,InsSclInScen,,0.49437261848633796
OutflowFrMt,ScenRel3_4,,0.07538120633208775
OutflowFrMt,LatestCIN,,0.8080224495131125
OutflowFrMt,LLIW,,0.7656337949826166
OutflowFrMt,CurPropConv,,0.6524454436560057
OutflowFrMt,ScnRelPlFcst,,0.03564119445477034
OutflowFrMt,PlainsFcst,,0.23353208051419702
OutflowFrMt,N34StarFcst,,0.17914902595613816
OutflowFrMt,R5Fcst,,0.7244374064624428
OutflowFrMt,Dewpoints,,0.7493414863420416
OutflowFrMt,LowLLapse,,0.38342324811960654
OutflowFrMt,MeanRH,,0.2619807698815143
OutflowFrMt,MidLLapse,,0.40886963740890125
OutflowFrMt,MvmtFeatures,,0.17104561086142583
OutflowFrMt,RHRatio,,0.8788849046463988
OutflowFrMt,SfcWndShfDis,,0.23508867788737656
OutflowFrMt,SynForcng,,0.748226992919212
OutflowFrMt,TempDis,,0.03413092843106709
OutflowFrMt,WindAloft,,0.2980576961164993
OutflowFrMt,WindFieldMt,,0.5197048178856983
OutflowFrMt,WindFieldPln,,0.8720491214895152
MorningBound,Boundaries,,4.963473101250347e-15
MorningBound,CldShadeConv,,0.9338658650479198
MorningBound,CompPlFcst,,0.9537972430740265
MorningBound,CapChange,,0.9537972430740265
MorningBound,LoLevMoistAd,,0.3996337687368018
MorningBound,InsChange,,0.5511936692140942
MorningBound,MountainFcst,,0.949568105065
MorningBound,Date,,0.9908882103720886
MorningBound,Scenario,,0.392230151901416
MorningBound,ScenRelAMCIN,,0.3466975419578824
MorningBound,MorningCIN,,0.9981588921222712
MorningBound,AMCINInScen,,0.7581643737174829
MorningBound,CapInScen,,0.2357372930589368
MorningBound,ScenRelAMIns,,0.6957263967566674
MorningBound,LIfr12ZDENSd,,0.5167519958305256
MorningBound,AMDewptCalPl,,0.8305403845144317
MorningBound,AMInsWliScen,,0.25723666969219233
MorningBound,InsSclInScen,,0.32398760089264833
MorningBound,ScenRel3_4,,0.7067281552976177
MorningBound,LatestCIN,,0.9377610331285193
MorningBound,LLIW,,0.5985737225260204
MorningBound,CurPropConv,,0.7003464251049623
MorningBound,ScnRelPlFcst,,0.392230151901416
MorningBound,PlainsFcst,,0.0675245254372629
MorningBound,N34StarFcst,,0.218135356249828
MorningBound,R5Fcst,,0.4941238400603589
MorningBound,Dewpoints,,0.3526867130201134
MorningBound,LowLLapse,,0.3531346852285811
MorningBound,MeanRH,,0.46499987673607235
MorningBound,MidLLapse,,0.21370854572046882
MorningBound,MvmtFeatures,,0.1336920783096573
MorningBound,RHRatio,,0.9563615691083251
MorningBound,SfcWndShfDis,,0.7505502562121744
MorningBound,SynForcng,,0.6516728374328937
MorningBound,TempDis,,0.5898753378202364
MorningBound,WindAloft,,0.7395453915853472
MorningBound,WindFieldMt,,0.7488667855887141
MorningBound,WindFieldPln,,0.4703189848706377
Boundaries,CldShadeConv,,0.24952855360230292
Boundaries,CompPlFcst,,0.15120716530603556
Boundaries,CapChange,,0.15120716530603556
Boundaries,LoLevMoistAd,,0.23594394055475537
Boundaries,InsChange,,0.2921949435672795
Boundaries,MountainFcst,,0.5357038347055315
Boundaries,Date,,0.5346409839462085
Boundaries,Scenario,,0.4109071298048
Boundaries,ScenRelAMCIN,,0.0662313345438614
Boundaries,MorningCIN,,0.6927719143667717
Boundaries,AMCINInScen,,0.6110902062020789
Boundaries,CapInScen,,0.3441773263168186
Boundaries,ScenRelAMIns,,0.7175183740231407
Boundaries,LIfr12ZDENSd,,0.159372186504461
Boundaries,AMDewptCalPl,,0.4884129087927661
Boundaries,AMInsWliScen,,0.6864088780477573
Boundaries,InsSclInScen,,0.4954240617930027
Boundaries,ScenRel3_4,,0.6302726910613866
Boundaries,LatestCIN,,0.46048874665899253
Boundaries,LLIW,,0.7423427941116507
Boundaries,CurPropConv,,0.31570263067241067
Boundaries,ScnRelPlFcst,,0.4109071298048
Boundaries,PlainsFcst,,0.6179675676205181
Boundaries,N34StarFcst,,0.7170855531042962
Boundaries,R5Fcst,,0.5808405447243492
Boundaries,Dewpoints,,0.7633181812329479
Boundaries,LowLLapse,,0.5212975796298656
Boundaries,MeanRH,,0.6338196274560062
Boundaries,MidLLapse,,0.30516459572648114
Boundaries,MvmtFeatures,,0.9878957197527654
Boundaries,RHRatio,,0.2682957538177999
Boundaries,SfcWndShfDis,,0.33492244442312097
Boundaries,SynForcng,,0.11952162075254152
Boundaries,TempDis,,0.9311705281771605
Boundaries,WindAloft,,0.6589709912566049
Boundaries,WindFieldMt,,0.5938587506882074
Boundaries,WindFieldPln,,0.45550263498287
CldShadeConv,CompPlFcst,,0.2691783527668569
CldShadeConv,CapChange,,0.2691783527668569
CldShadeConv,LoLevMoistAd,,0.7119194460188445
CldShadeConv,InsChange,,0.7171523537332962
CldShadeConv,MountainFcst,,0.4710668253367811
CldShadeConv,Date,,0.4683169017880989
CldShadeConv,Scenario,,0.3909703871663224
CldShadeConv,ScenRelAMCIN,,0.46984286340544446
CldShadeConv,MorningCIN,,0.6451495366007493
CldShadeConv,AMCINInScen,,0.8591579114491165
CldShadeConv,CapInScen,,0.6312344238164341
CldShadeConv,ScenRelAMIns,,0.9439638691255802
CldShadeConv,LIfr12ZDENSd,,0.7718131022150236
CldShadeConv,AMDewptCalPl,,0.7961101058845832
CldShadeConv,AMInsWliScen,,0.3928426993145345
CldShadeConv,InsSclInScen,,0.4267765399606467
CldShadeConv,ScenRel3_4,,0.1018923770699922
CldShadeConv,LatestCIN,,0.11582930178568378
CldShadeConv,LLIW,,0.38174926164130585
CldShadeConv,CurPropConv,,0.012328927349421703
CldShadeConv,ScnRelPlFcst,,0.3909703871663224
CldShadeConv,PlainsFcst,,0.6910605180172485
CldShadeConv,N34StarFcst,,0.947700542154976
CldShadeConv,R5Fcst,,0.300011577198394
CldShadeConv,Dewpoints,,0.8221390097048948
CldShadeConv,LowLLapse,,0.17401968613850188
CldShadeConv,MeanRH,,0.5131001284384353
CldShadeConv,MidLLapse,,0.3962509564193493
CldShadeConv,MvmtFeatures,,0.6303923228869297
CldShadeConv,RHRatio,,0.07705036038154656
CldShadeConv,SfcWndShfDis,,0.08795127272033391
CldShadeConv,SynForcng,,0.8508965543269313
CldShadeConv,TempDis,,0.4174597912993363
CldShadeConv,WindAloft,,0.6845785544777605
CldShadeConv,WindFieldMt,,0.9328498600755648
CldShadeConv,WindFieldPln,,0.4145284132544842
CompPlFcst,CapChange,,8.258624491124008e-269
CompPlFcst,LoLevMoistAd,,0.5006911688378544
CompPlFcst,InsChange,,5.901555728142251e-08
CompPlFcst,MountainFcst,,0.4390168391548762
CompPlFcst,Date,,0.8316349162758907
CompPlFcst,Scenario,,0.8223428169975602
CompPlFcst,ScenRelAMCIN,,0.3934860378552886
CompPlFcst,MorningCIN,,0.3613930317453914
CompPlFcst,AMCINInScen,,0.8555978951796765
CompPlFcst,CapInScen,,2.1871117134307866e-48
CompPlFcst,ScenRelAMIns,,0.7998747656936996
CompPlFcst,LIfr12ZDENSd,,0.018765649923380427
CompPlFcst,AMDewptCalPl,,0.07006914458803636
CompPlFcst,AMInsWliScen,,0.6097318867358166
CompPlFcst,InsSclInScen,,0.06247583465741684
CompPlFcst,ScenRel3_4,,0.6585566202506732
CompPlFcst,LatestCIN,,0.08779427172517058
CompPlFcst,LLIW,,0.8747654705788159
CompPlFcst,CurPropConv,,0.9118653003941969
CompPlFcst,ScnRelPlFcst,,0.8223428169975602
CompPlFcst,PlainsFcst,,0.2199111854492323
CompPlFcst,N34StarFcst,,0.3006459921814877
CompPlFcst,R5Fcst,,0.5607806226018881
CompPlFcst,Dewpoints,,0.6903442656445018
CompPlFcst,LowLLapse,,0.8924852401590071
CompPlFcst,MeanRH,,0.7238377140831648
CompPlFcst,MidLLapse,,0.932696180699054
CompPlFcst,MvmtFeatures,,0.3409927948112254
CompPlFcst,RHRatio,,0.510822509487319
CompPlFcst,SfcWndShfDis,,0.7193166544579721
CompPlFcst,SynForcng,,0.40345050147481365
CompPlFcst,TempDis,,0.813865551157621
CompPlFcst,WindAloft,,0.09190507986363156
CompPlFcst,WindFieldMt,,0.6439371234218539
CompPlFcst,WindFieldPln,,0.8773233647567409
CapChange,LoLevMoistAd,,0.5006911688378544
CapChange,InsChange,,5.901555728142251e-08
CapChange,MountainFcst,,0.4390168391548762
CapChange,Date,,0.8316349162758907
CapChange,Scenario,,0.8223428169975602
CapChange,ScenRelAMCIN,,0.3934860378552886
CapChange,MorningCIN,,0.3613930317453914
CapChange,AMCINInScen,,0.8555978951796765
CapChange,CapInScen,,2.1871117134307866e-48
CapChange,ScenRelAMIns,,0.7998747656936996
CapChange,LIfr12ZDENSd,,0.018765649923380427
CapChange,AMDewptCalPl,,0.07006914458803636
CapChange,AMInsWliScen,,0.6097318867358166
CapChange,InsSclInScen,,0.06247583465741684
CapChange,ScenRel3_4,,0.6585566202506732
CapChange,LatestCIN,,0.08779427172517058
CapChange,LLIW,,0.8747654705788159
CapChange,CurPropConv,,0.9118653003941969
CapChange,ScnRelPlFcst,,0.8223428169975602
CapChange,PlainsFcst,,0.2199111854492323
CapChange,N34StarFcst,,0.3006459921814877
CapChange,R5Fcst,,0.5607806226018881
CapChange,Dewpoints,,0.6903442656445018
CapChange,LowLLapse,,0.8924852401590071
CapChange,MeanRH,,0.7238377140831648
CapChange,MidLLapse,,0.932696180699054
CapChange,MvmtFeatures,,0.3409927948112254
CapChange,RHRatio,,0.510822509487319
CapChange,SfcWndShfDis,,0.7193166544579721
CapChange,SynForcng,,0.40345050147481365
CapChange,TempDis,,0.813865551157621
CapChange,WindAloft,,0.09190507986363156
CapChange,WindFieldMt,,0.6439371234218539
CapChange,WindFieldPln,,0.8773233647567409
LoLevMoistAd,InsChange,,2.96083460645917e-64
LoLevMoistAd,MountainFcst,,0.025497526996515772
LoLevMoistAd,Date,,0.906808426202323
LoLevMoistAd,Scenario,,0.46633246663456807
LoLevMoistAd,ScenRelAMCIN,,0.7578876514538082
LoLevMoistAd,MorningCIN,,0.30172713004245916
LoLevMoistAd,AMCINInScen,,0.698491954086548
LoLevMoistAd,CapInScen,,0.8056801516517559
LoLevMoistAd,ScenRelAMIns,,0.5974104815259291
LoLevMoistAd,LIfr12ZDENSd,,0.7946070564890407
LoLevMoistAd,AMDewptCalPl,,0.2791214477538332
LoLevMoistAd,AMInsWliScen,,0.35359654570439597
LoLevMoistAd,InsSclInScen,,2.9638638244241413e-06
LoLevMoistAd,ScenRel3_4,,0.06851526988068936
LoLevMoistAd,LatestCIN,,0.12329249102119166
LoLevMoistAd,LLIW,,0.3389535340195431
LoLevMoistAd,CurPropConv,,0.32542386494134495
LoLevMoistAd,ScnRelPlFcst,,0.46633246663456807
LoLevMoistAd,PlainsFcst,,0.6554225251538348
LoLevMoistAd,N34StarFcst,,0.5873271253659169
LoLevMoistAd,R5Fcst,,0.820413005204525
LoLevMoistAd,Dewpoints,,0.016499282303859684
LoLevMoistAd,LowLLapse,,0.8362411145344127
LoLevMoistAd,MeanRH,,0.3608480078308107
LoLevMoistAd,MidLLapse,,0.1347273795726864
LoLevMoistAd,MvmtFeatures,,0.16547439973868508
LoLevMoistAd,RHRatio,,0.1574387514513543
LoLevMoistAd,SfcWndShfDis,,0.2754634421072048
LoLevMoistAd,SynForcng,,0.9411647306625193
LoLevMoistAd,TempDis,,0.058841369346022666
LoLevMoistAd,WindAloft,,0.3762351706329656
LoLevMoistAd,WindFieldMt,,0.036478424533305
LoLevMoistAd,WindFieldPln,,0.39296284465354553
InsChange,MountainFcst,,0.032494494767661135
InsChange,Date,,0.9069729840625276
InsChange,Scenario,,0.5607132758713333
InsChange,ScenRelAMCIN,,0.8148395730371072
InsChange,MorningCIN,,0.9787158343527596
InsChange,AMCINInScen,,0.801801339134212
InsChange,CapInScen,,0.001158330894173746
InsChange,ScenRelAMIns,,0.4841232754031771
InsChange,LIfr12ZDENSd,,0.4700534121322515
InsChange,AMDewptCalPl,,0.062031422479488174
InsChange,AMInsWliScen,,0.8170186838590794
InsChange,InsSclInScen,,1.3540198981209289e-27
InsChange,ScenRel3_4,,0.5623604577659492
InsChange,LatestCIN,,0.42546013106291714
InsChange,LLIW,,0.9947085553604561
InsChange,CurPropConv,,0.3263038741487084
InsChange,ScnRelPlFcst,,0.5607132758713333
InsChange,PlainsFcst,,0.014713801500501153
InsChange,N34StarFcst,,0.005001887103932617
InsChange,R5Fcst,,0.5903546074994561
InsChange,Dewpoints,,0.2098471151551375
InsChange,LowLLapse,,0.11631129936474756
InsChange,MeanRH,,0.5305486576230966
InsChange,MidLLapse,,0.3760241064491169
InsChange,MvmtFeatures,,0.8966327790830876
InsChange,RHRatio,,0.1658206492294872
InsChange,SfcWndShfDis,,0.05072235118757972
InsChange,SynForcng,,0.516941544012895
InsChange,TempDis,,0.29949339253818197
InsChange,WindAloft,,0.16772806961300496
InsChange,WindFieldMt,,0.6732487658800916
InsChange,WindFieldPln,,0.8265086957454666
MountainFcst,Date,,0.9120617934832692
MountainFcst,Scenario,,0.6777041675235882
MountainFcst,ScenRelAMCIN,,0.22835923362541602
MountainFcst,MorningCIN,,0.35400334951207313
MountainFcst,AMCINInScen,,0.3156022813603143
MountainFcst,CapInScen,,0.5314235831234382
MountainFcst,ScenRelAMIns,,0.5057642750738507
MountainFcst,LIfr12ZDENSd,,0.42858678288701935
MountainFcst,AMDewptCalPl,,0.3920906558480717
MountainFcst,AMInsWliScen,,0.45000635845295034
MountainFcst,InsSclInScen,,0.36923300659075065
MountainFcst,ScenRel3_4,,0.458986905007424
MountainFcst,LatestCIN,,0.2793101136845569
MountainFcst,LLIW,,0.6010564435315175
MountainFcst,CurPropConv,,0.736472573195768
MountainFcst,ScnRelPlFcst,,0.6777041675235882
MountainFcst,PlainsFcst,,0.3597834578744851
MountainFcst,N34StarFcst,,0.7616716420552669
MountainFcst,R5Fcst,,1.8345975122721417e-114
MountainFcst,Dewpoints,,0.9630385911395933
MountainFcst,LowLLapse,,0.5480928497527746
MountainFcst,MeanRH,,0.30768822694115366
MountainFcst,MidLLapse,,0.7719732566035575
MountainFcst,MvmtFeatures,,0.26684019712803564
MountainFcst,RHRatio,,0.733101653045149
MountainFcst,SfcWndShfDis,,0.8794649536475263
MountainFcst,SynForcng,,0.7510548631548573
MountainFcst,TempDis,,0.6769282908007621
MountainFcst,WindAloft,,0.9511277584705615
MountainFcst,WindFieldMt,,0.5183977940881495
MountainFcst,WindFieldPln,,0.7581157650268894
Date,Scenario,,0.002465658495914095
Date,ScenRelAMCIN,,0.477625547738449
Date,MorningCIN,,0.876702722589584
Date,AMCINInScen,,0.7755364834408758
Date,CapInScen,,0.9244636660552147
Date,ScenRelAMIns,,0.0016197180503775312
Date,LIfr12ZDENSd,,0.7635234244637394
Date,AMDewptCalPl,,0.5767292171382226
Date,AMInsWliScen,,0.44655155080157083
Date,InsSclInScen,,0.531750935465479
Date,ScenRel3_4,,0.08616459145497754
Date,LatestCIN,,0.8252697120284408
Date,LLIW,,0.320096843459264
Date,CurPropConv,,0.7307018989394871
Date,ScnRelPlFcst,,0.002465658495914095
Date,PlainsFcst,,0.15920172079567754
Date,N34StarFcst,,0.13052316966643815
Date,R5Fcst,,0.733362036331724
Date,Dewpoints,,0.22079615684641388
Date,LowLLapse,,0.16026137597030365
Date,MeanRH,,0.04707306307739706
Date,MidLLapse,,0.6878602831073277
Date,MvmtFeatures,,0.48879122453228374
Date,RHRatio,,0.5150890539591102
Date,SfcWndShfDis,,0.3012387428358303
Date,SynForcng,,0.008076463483306876
Date,TempDis,,0.4158020534487772
Date,WindAloft,,0.06278159094612822
Date,WindFieldMt,,0.2798381453771409
Date,WindFieldPln,,0.11810670038267401
Scenario,ScenRelAMCIN,,2.653994816952907e-136
Scenario,MorningCIN,,0.9970796011199762
Scenario,AMCINInScen,,6.244493516651564e-07
Scenario,CapInScen,,0.24259459169631295
Scenario,ScenRelAMIns,,1.0927075286485008e-242
Scenario,LIfr12ZDENSd,,0.7257740890523323
Scenario,AMDewptCalPl,,0.45198560905247204
Scenario,AMInsWliScen,,0.40505754699066454
Scenario,InsSclInScen,,0.32917693517340385
Scenario,ScenRel3_4,,2.484153979756783e-307
Scenario,LatestCIN,,0.8661728628123123
Scenario,LLIW,,0.9633101188888054
Scenario,CurPropConv,,0.6944781836844423
Scenario,ScnRelPlFcst,,0.0
Scenario,PlainsFcst,,0.0006051322419120595
Scenario,N34StarFcst,,0.005959842885178993
Scenario,R5Fcst,,0.04669507458617555
Scenario,Dewpoints,,1.0534763178850218e-65
Scenario,LowLLapse,,7.220595528433038e-30
Scenario,MeanRH,,3.1826214967804745e-14
Scenario,MidLLapse,,5.040643582273651e-07
Scenario,MvmtFeatures,,6.060996735159457e-61
Scenario,RHRatio,,1.325213299506439e-31
Scenario,SfcWndShfDis,,3.345229311289288e-105
Scenario,SynForcng,,7.47682785807262e-42
Scenario,TempDis,,1.2151844208059069e-46
Scenario,WindAloft,,6.010146967099921e-76
Scenario,WindFieldMt,,3.657466860002368e-36
Scenario,WindFieldPln,,1.1078802741856317e-86
ScenRelAMCIN,MorningCIN,,0.646844730228652
ScenRelAMCIN,AMCINInScen,,1.8448493830099602e-10
ScenRelAMCIN,CapInScen,,0.0492955824608547
ScenRelAMCIN,ScenRelAMIns,,3.288200696899229e-70
ScenRelAMCIN,LIfr12ZDENSd,,0.8506753812498956
ScenRelAMCIN,AMDewptCalPl,,0.7215146878231296
ScenRelAMCIN,AMInsWliScen,,0.11402272128240334
ScenRelAMCIN,InsSclInScen,,0.09259222252656757
ScenRelAMCIN,ScenRel3_4,,1.534264215665515e-98
ScenRelAMCIN,LatestCIN,,0.9072103472703557
ScenRelAMCIN,LLIW,,0.7531634540741541
ScenRelAMCIN,CurPropConv,,0.41508474934260975
ScenRelAMCIN,ScnRelPlFcst,,2.653994816952756e-136
ScenRelAMCIN,PlainsFcst,,7.706063484800068e-05
ScenRelAMCIN,N34StarFcst,,0.0005060226428559811
ScenRelAMCIN,R5Fcst,,0.010246445428433247
ScenRelAMCIN,Dewpoints,,2.976550934665893e-13
ScenRelAMCIN,LowLLapse,,2.4686977562042286e-15
ScenRelAMCIN,MeanRH,,4.827111095449666e-07
ScenRelAMCIN,MidLLapse,,0.001176759306969489
ScenRelAMCIN,MvmtFeatures,,0.0017532418706807417
ScenRelAMCIN,RHRatio,,7.457678544403664e-12
ScenRelAMCIN,SfcWndShfDis,,5.064341062033081e-60
ScenRelAMCIN,SynForcng,,1.1715149900564489e-07
ScenRelAMCIN,TempDis,,7.385696160525429e-06
ScenRelAMCIN,WindAloft,,2.36679999141367e-07
ScenRelAMCIN,WindFieldMt,,0.2864776785041335
ScenRelAMCIN,WindFieldPln,,3.7081210908093255e-39
MorningCIN,AMCINInScen,,3.0318899205603175e-52
MorningCIN,CapInScen,,3.176519735312853e-17
MorningCIN,ScenRelAMIns,,0.9358795374427623
MorningCIN,LIfr12ZDENSd,,0.14862354239688255
MorningCIN,AMDewptCalPl,,0.3667084557594379
MorningCIN,AMInsWliScen,,0.01531020075244786
MorningCIN,InsSclInScen,,0.06458259634163921
MorningCIN,ScenRel3_4,,0.9919306423375
MorningCIN,LatestCIN,,0.5745205778336296
MorningCIN,LLIW,,0.577948979327455
MorningCIN,CurPropConv,,0.19079797928063594
MorningCIN,ScnRelPlFcst,,0.9970796011199762
MorningCIN,PlainsFcst,,0.506922902725774
MorningCIN,N34StarFcst,,0.7391947156682581
MorningCIN,R5Fcst,,0.7463353738966036
MorningCIN,Dewpoints,,0.6876141228729045
MorningCIN,LowLLapse,,0.9100309503096582
MorningCIN,MeanRH,,0.5491741684634206
MorningCIN,MidLLapse,,0.7320562195491079
MorningCIN,MvmtFeatures,,0.39208321070850405
MorningCIN,RHRatio,,0.19432578251459856
MorningCIN,SfcWndShfDis,,0.905015456848175
MorningCIN,SynForcng,,0.38532902411100217
MorningCIN,TempDis,,0.5870605572816607
MorningCIN,WindAloft,,0.3410792469267486
MorningCIN,WindFieldMt,,0.24844590897413435
MorningCIN,WindFieldPln,,0.8899987093097711
AMCINInScen,CapInScen,,1.446711812357698e-67
AMCINInScen,ScenRelAMIns,,7.866462367250092e-06
AMCINInScen,LIfr12ZDENSd,,0.694408533577076
AMCINInScen,AMDewptCalPl,,0.9521519806404105
AMCINInScen,AMInsWliScen,,0.22698308209853726
AMCINInScen,InsSclInScen,,0.8656570135607466
AMCINInScen,ScenRel3_4,,0.00022313202520249473
AMCINInScen,LatestCIN,,0.5335612656213913
AMCINInScen,LLIW,,0.25867573739563926
AMCINInScen,CurPropConv,,0.0648752174322098
AMCINInScen,ScnRelPlFcst,,6.244493516651562e-07
AMCINInScen,PlainsFcst,,0.5087139186417144
AMCINInScen,N34StarFcst,,0.6530432146012003
AMCINInScen,R5Fcst,,0.36016813267822867
AMCINInScen,Dewpoints,,0.09882277067561776
AMCINInScen,LowLLapse,,0.07817046207013768
AMCINInScen,MeanRH,,0.06889006896721933
AMCINInScen,MidLLapse,,0.10140647619435482
AMCINInScen,MvmtFeatures,,0.3782963089297771
AMCINInScen,RHRatio,,0.0003487034704454415
AMCINInScen,SfcWndShfDis,,0.007817023676667225
AMCINInScen,SynForcng,,0.8391554774440689
AMCINInScen,TempDis,,0.7752454266810694
AMCINInScen,WindAloft,,0.15263274521279444
AMCINInScen,WindFieldMt,,0.9023016605520716
AMCINInScen,WindFieldPln,,0.0016417463341982447
CapInScen,ScenRelAMIns,,0.10997400272105395
CapInScen,LIfr12ZDENSd,,0.9890475252377481
CapInScen,AMDewptCalPl,,0.10001282982562532
CapInScen,AMInsWliScen,,0.2422465952110896
CapInScen,InsSclInScen,,0.14953700904556777
CapInScen,ScenRel3_4,,0.5588532158817668
CapInScen,LatestCIN,,0.8924553568664563
CapInScen,LLIW,,0.655564292838897
CapInScen,CurPropConv,,0.8455018609542619
CapInScen,ScnRelPlFcst,,0.2425945916963126
CapInScen,PlainsFcst,,0.4112089154483901
CapInScen,N34StarFcst,,0.6291081998409913
CapInScen,R5Fcst,,0.8412539512514396
CapInScen,Dewpoints,,0.2850329294542818
CapInScen,LowLLapse,,0.5828252840916559
CapInScen,MeanRH,,0.7760624051152268
CapInScen,MidLLapse,,0.08815510131581018
CapInScen,MvmtFeatures,,0.22846450650249012
CapInScen,RHRatio,,0.044803142373820146
CapInScen,SfcWndShfDis,,0.8208325545488095
CapInScen,SynForcng,,0.1013497251798703
CapInScen,TempDis,,0.4196494645995318
CapInScen,WindAloft,,0.14801376692736587
CapInScen,WindFieldMt,,0.7045499561521547
CapInScen,WindFieldPln,,0.05706807713992994
ScenRelAMIns,LIfr12ZDENSd,,0.8003999966394377
ScenRelAMIns,AMDewptCalPl,,0.3958839063388569
ScenRelAMIns,AMInsWliScen,,0.055843431322170636
ScenRelAMIns,InsSclInScen,,0.11635731331568419
ScenRelAMIns,ScenRel3_4,,1.0192980689491196e-134
ScenRelAMIns,LatestCIN,,0.37988979342855056
ScenRelAMIns,LLIW,,0.8926499286760926
ScenRelAMIns,CurPropConv,,0.29549398292134327
ScenRelAMIns,ScnRelPlFcst,,1.0927075286485008e-242
ScenRelAMIns,PlainsFcst,,0.00025933354922113693
ScenRelAMIns,N34StarFcst,,0.00489724725614582
ScenRelAMIns,R5Fcst,,0.01594535013876955
ScenRelAMIns,Dewpoints,,1.2081718035641461e-43
ScenRelAMIns,LowLLapse,,8.667401455604735e-24
ScenRelAMIns,MeanRH,,5.320046255983012e-15
ScenRelAMIns,MidLLapse,,0.00011549698226238076
ScenRelAMIns,MvmtFeatures,,4.420656305447065e-22
ScenRelAMIns,RHRatio,,7.278003674937652e-23
ScenRelAMIns,SfcWndShfDis,,1.4045290954657178e-66
ScenRelAMIns,SynForcng,,3.013584974624436e-10
ScenRelAMIns,TempDis,,1.4607252074790915e-18
ScenRelAMIns,WindAloft,,2.4439060211554625e-23
ScenRelAMIns,WindFieldMt,,0.00487901728422007
ScenRelAMIns,WindFieldPln,,4.897818197979536e-69
LIfr12ZDENSd,AMDewptCalPl,,0.2061299895592627
LIfr12ZDENSd,AMInsWliScen,,1.1239236663032032e-12
LIfr12ZDENSd,InsSclInScen,,2.454572177856433e-07
LIfr12ZDENSd,ScenRel3_4,,0.626358743374545
LIfr12ZDENSd,LatestCIN,,0.1014581079311038
LIfr12ZDENSd,LLIW,,0.6205507835095123
LIfr12ZDENSd,CurPropConv,,0.967927734976217
LIfr12ZDENSd,ScnRelPlFcst,,0.7257740890523321
LIfr12ZDENSd,PlainsFcst,,0.025075388789936055
LIfr12ZDENSd,N34StarFcst,,0.0027093589256156595
LIfr12ZDENSd,R5Fcst,,0.4649261569864297
LIfr12ZDENSd,Dewpoints,,0.5626040182509662
LIfr12ZDENSd,LowLLapse,,0.2874364937037611
LIfr12ZDENSd,MeanRH,,0.08457960851556409
LIfr12ZDENSd,MidLLapse,,0.5044335275088225
LIfr12ZDENSd,MvmtFeatures,,0.9184365592916083
LIfr12ZDENSd,RHRatio,,0.7012647876180602
LIfr12ZDENSd,SfcWndShfDis,,0.9729719551859809
LIfr12ZDENSd,SynForcng,,0.7776327286803557
LIfr12ZDENSd,TempDis,,0.6599115533782662
LIfr12ZDENSd,WindAloft,,0.22699000167313807
LIfr12ZDENSd,WindFieldMt,,0.2888849892399802
LIfr12ZDENSd,WindFieldPln,,0.9404955590266714
AMDewptCalPl,AMInsWliScen,,9.61080157086876e-17
AMDewptCalPl,InsSclInScen,,2.5816659501823792e-08
AMDewptCalPl,ScenRel3_4,,0.4340013838826374
AMDewptCalPl,LatestCIN,,0.4875884607542528
AMDewptCalPl,LLIW,,0.16490752128734856
AMDewptCalPl,CurPropConv,,0.09657829505586527
AMDewptCalPl,ScnRelPlFcst,,0.45198560905247204
AMDewptCalPl,PlainsFcst,,0.11458573112060776
AMDewptCalPl,N34StarFcst,,0.0735631937021599
AMDewptCalPl,R5Fcst,,0.6659320191945874
AMDewptCalPl,Dewpoints,,0.2537279157624199
AMDewptCalPl,LowLLapse,,0.22663187372257587
AMDewptCalPl,MeanRH,,0.029149290094233227
AMDewptCalPl,MidLLapse,,0.4439111205716466
AMDewptCalPl,MvmtFeatures,,0.44807459062028565
AMDewptCalPl,RHRatio,,0.5767245475082601
AMDewptCalPl,SfcWndShfDis,,0.6435474164986377
AMDewptCalPl,SynForcng,,0.18273779897039907
AMDewptCalPl,TempDis,,0.5190334978988111
AMDewptCalPl,WindAloft,,0.6916797618216418
AMDewptCalPl,WindFieldMt,,0.5006562382812563
AMDewptCalPl,WindFieldPln,,0.784718257276952
AMInsWliScen,InsSclInScen,,2.456933410693321e-75
AMInsWliScen,ScenRel3_4,,0.9161025926189882
AMInsWliScen,LatestCIN,,0.41246217058506274
AMInsWliScen,LLIW,,0.3051926483294103
AMInsWliScen,CurPropConv,,0.5069194107265853
AMInsWliScen,ScnRelPlFcst,,0.4050575469906647
AMInsWliScen,PlainsFcst,,4.073614471047319e-06
AMInsWliScen,N34StarFcst,,2.080826203358191e-05
AMInsWliScen,R5Fcst,,0.01288486866303601
AMInsWliScen,Dewpoints,,0.43938365213472086
AMInsWliScen,LowLLapse,,0.41138548017489024
AMInsWliScen,MeanRH,,0.06965662085224182
AMInsWliScen,MidLLapse,,0.9502677178727008
AMInsWliScen,MvmtFeatures,,0.4629114750566571
AMInsWliScen,RHRatio,,0.956007983167264
AMInsWliScen,SfcWndShfDis,,0.9447230851283922
AMInsWliScen,SynForcng,,0.45244431060940193
AMInsWliScen,TempDis,,0.2093375994295654
AMInsWliScen,WindAloft,,0.35797705970185983
AMInsWliScen,WindFieldMt,,0.7814280436308865
AMInsWliScen,WindFieldPln,,0.8330581441104733
InsSclInScen,ScenRel3_4,,0.5744828959161442
InsSclInScen,LatestCIN,,0.38017899017200957
InsSclInScen,LLIW,,0.848258779729697
InsSclInScen,CurPropConv,,0.35158851013607534
InsSclInScen,ScnRelPlFcst,,0.32917693517340385
InsSclInScen,PlainsFcst,,3.5973488427586826e-10
InsSclInScen,N34StarFcst,,1.3549157485459718e-09
InsSclInScen,R5Fcst,,0.0023660121126565753
InsSclInScen,Dewpoints,,0.6320894057230677
InsSclInScen,LowLLapse,,0.296656858102102
InsSclInScen,MeanRH,,0.20511000873393737
InsSclInScen,MidLLapse,,0.8098784432268068
InsSclInScen,MvmtFeatures,,0.20982609153927534
InsSclInScen,RHRatio,,0.9512006628629855
InsSclInScen,SfcWndShfDis,,0.564674108414829
InsSclInScen,SynForcng,,0.6437650998642296
InsSclInScen,TempDis,,0.7234107714244568
InsSclInScen,WindAloft,,0.8054899626150598
InsSclInScen,WindFieldMt,,0.7690775301055897
InsSclInScen,WindFieldPln,,0.8961321835713202
ScenRel3_4,LatestCIN,,0.3543704030510937
ScenRel3_4,LLIW,,0.8145253320690007
ScenRel3_4,CurPropConv,,0.861118985443174
ScenRel3_4,ScnRelPlFcst,,2.484153979756499e-307
ScenRel3_4,PlainsFcst,,0.35084253155943873
ScenRel3_4,N34StarFcst,,0.15053249316186237
ScenRel3_4,R5Fcst,,0.20181041822940265
ScenRel3_4,Dewpoints,,2.1916318493325883e-49
ScenRel3_4,LowLLapse,,3.6863875588218425e-11
ScenRel3_4,MeanRH,,0.00012644575664384782
ScenRel3_4,MidLLapse,,0.10267878581489717
ScenRel3_4,MvmtFeatures,,3.407234484071771e-38
ScenRel3_4,RHRatio,,9.315869798448828e-18
ScenRel3_4,SfcWndShfDis,,3.0168501754516026e-82
ScenRel3_4,SynForcng,,1.6349452629847262e-33
ScenRel3_4,TempDis,,5.865249056338754e-39
ScenRel3_4,WindAloft,,9.449379832013836e-43
ScenRel3_4,WindFieldMt,,1.93216291808368e-27
ScenRel3_4,WindFieldPln,,1.6020771499066092e-59
LatestCIN,LLIW,,0.40580902721324924
LatestCIN,CurPropConv,,1.0437576927875287e-07
LatestCIN,ScnRelPlFcst,,0.8661728628123122
LatestCIN,PlainsFcst,,0.5302789499891098
LatestCIN,N34StarFcst,,0.7123585171407315
LatestCIN,R5Fcst,,0.6923308216778552
LatestCIN,Dewpoints,,0.5185661494210156
LatestCIN,LowLLapse,,0.5548955826569191
LatestCIN,MeanRH,,0.9815748452472759
LatestCIN,MidLLapse,,0.36528325463260686
LatestCIN,MvmtFeatures,,0.19242444373268625
LatestCIN,RHRatio,,0.7283815551349102
LatestCIN,SfcWndShfDis,,0.9716774663843291
LatestCIN,SynForcng,,0.856650554054996
LatestCIN,TempDis,,0.8761602861736393
LatestCIN,WindAloft,,0.19799107207399222
LatestCIN,WindFieldMt,,0.4260462066169597
LatestCIN,WindFieldPln,,0.2723996896984827
LLIW,CurPropConv,,9.537296006351619e-26
LLIW,ScnRelPlFcst,,0.9633101188888056
LLIW,PlainsFcst,,0.041022920195889365
LLIW,N34StarFcst,,0.027023551746943514
LLIW,R5Fcst,,0.1259111471851279
LLIW,Dewpoints,,0.21861814385511824
LLIW,LowLLapse,,0.23578455957745229
LLIW,MeanRH,,0.439977290554605
LLIW,MidLLapse,,0.339670818870362
LLIW,MvmtFeatures,,0.8189864157495617
LLIW,RHRatio,,0.9899822592824723
LLIW,SfcWndShfDis,,0.9575626667181945
LLIW,SynForcng,,0.4264897358874729
LLIW,TempDis,,0.2733556440048465
LLIW,WindAloft,,0.4848940993184844
LLIW,WindFieldMt,,0.03454621817287733
LLIW,WindFieldPln,,0.8328245437952797
CurPropConv,ScnRelPlFcst,,0.6944781836844423
CurPropConv,PlainsFcst,,3.198416827781208e-05
CurPropConv,N34StarFcst,,5.451736266794167e-05
CurPropConv,R5Fcst,,0.5386657985920501
CurPropConv,Dewpoints,,0.08908125400636184
CurPropConv,LowLLapse,,0.7836405246717333
CurPropConv,MeanRH,,0.28293256965486724
CurPropConv,MidLLapse,,0.1982558600583053
CurPropConv,MvmtFeatures,,0.6525750352279114
CurPropConv,RHRatio,,0.5447199548925103
CurPropConv,SfcWndShfDis,,0.12362157604975675
CurPropConv,SynForcng,,0.8930244274560485
CurPropConv,TempDis,,0.2928183731993667
CurPropConv,WindAloft,,0.8414757406273772
CurPropConv,WindFieldMt,,0.9636420097551861
CurPropConv,WindFieldPln,,0.9237784145606073
ScnRelPlFcst,PlainsFcst,,0.0006051322419120595
ScnRelPlFcst,N34StarFcst,,0.005959842885178993
ScnRelPlFcst,R5Fcst,,0.04669507458617555
ScnRelPlFcst,Dewpoints,,1.0534763178850218e-65
ScnRelPlFcst,LowLLapse,,7.220595528433038e-30
ScnRelPlFcst,MeanRH,,3.1826214967804745e-14
ScnRelPlFcst,MidLLapse,,5.040643582273651e-07
ScnRelPlFcst,MvmtFeatures,,6.060996735159457e-61
ScnRelPlFcst,RHRatio,,1.325213299506439e-31
ScnRelPlFcst,SfcWndShfDis,,3.345229311289288e-105
ScnRelPlFcst,SynForcng,,7.47682785807262e-42
ScnRelPlFcst,TempDis,,1.2151844208059069e-46
ScnRelPlFcst,WindAloft,,6.010146967099921e-76
ScnRelPlFcst,WindFieldMt,,3.657466860002368e-36
ScnRelPlFcst,WindFieldPln,,1.1078802741856317e-86
PlainsFcst,N34StarFcst,,1.9607489606026669e-174
PlainsFcst,R5Fcst,,1.0401508565292762e-48
PlainsFcst,Dewpoints,,0.30840926969570304
PlainsFcst,LowLLapse,,0.4939294346810019
PlainsFcst,MeanRH,,0.6634107370037758
PlainsFcst,MidLLapse,,0.40602164503723004
PlainsFcst,MvmtFeatures,,0.8975539747799085
PlainsFcst,RHRatio,,0.41400968826676265
PlainsFcst,SfcWndShfDis,,0.014611971695057359
PlainsFcst,SynForcng,,0.8872545279729103
PlainsFcst,TempDis,,0.21143968951561432
PlainsFcst,WindAloft,,0.01599859114299135
PlainsFcst,WindFieldMt,,0.10814840782628937
PlainsFcst,WindFieldPln,,0.2750370254386218
N34StarFcst,R5Fcst,,4.054427075800959e-65
N34StarFcst,Dewpoints,,0.24353138777203157
N34StarFcst,LowLLapse,,0.7779795184400836
N34StarFcst,MeanRH,,0.5333390115261571
N34StarFcst,MidLLapse,,0.059089918773738336
N34StarFcst,MvmtFeatures,,0.7001263100346498
N34StarFcst,RHRatio,,0.18873501645841784
N34StarFcst,SfcWndShfDis,,0.032988042848956095
N34StarFcst,SynForcng,,0.677611652405026
N34StarFcst,TempDis,,0.7526230588726059
N34StarFcst,WindAloft,,0.06170014263602386
N34StarFcst,WindFieldMt,,0.6649417236895543
N34StarFcst,WindFieldPln,,0.2324922652359847
R5Fcst,Dewpoints,,0.3276887148026102
R5Fcst,LowLLapse,,0.4580022263597895
R5Fcst,MeanRH,,0.32525847230087107
R5Fcst,MidLLapse,,0.6527409422462992
R5Fcst,MvmtFeatures,,0.9368050375303906
R5Fcst,RHRatio,,0.33102877743850706
R5Fcst,SfcWndShfDis,,0.19683847842878882
R5Fcst,SynForcng,,0.40964176907910854
R5Fcst,TempDis,,0.8661284969521356
R5Fcst,WindAloft,,0.7994051465734141
R5Fcst,WindFieldMt,,0.8551711459039953
R5Fcst,WindFieldPln,,0.6046552060280795
Dewpoints,LowLLapse,,1.4892980543584122e-05
Dewpoints,MeanRH,,1.1901171660089784e-05
Dewpoints,MidLLapse,,0.11396004975454885
Dewpoints,MvmtFeatures,,0.00029166333009754744
Dewpoints,RHRatio,,5.7281346790904515e-09
Dewpoints,SfcWndShfDis,,5.44502403997427e-15
Dewpoints,SynForcng,,0.0003247269830399761
Dewpoints,TempDis,,6.439788879364368e-08
Dewpoints,WindAloft,,1.0848283692294423e-13
Dewpoints,WindFieldMt,,0.000845272235953196
Dewpoints,WindFieldPln,,5.186318694156732e-24
LowLLapse,MeanRH,,6.931911751365682e-05
LowLLapse,MidLLapse,,0.04534241057401054
LowLLapse,MvmtFeatures,,0.46912655638076517
LowLLapse,RHRatio,,1.1202365363432485e-06
LowLLapse,SfcWndShfDis,,3.135190881566413e-11
LowLLapse,SynForcng,,0.5039273122016816
LowLLapse,TempDis,,0.7555374178715184
LowLLapse,WindAloft,,0.3021602543525716
LowLLapse,WindFieldMt,,0.017495366512275956
LowLLapse,WindFieldPln,,1.4170317207367349e-06
MeanRH,MidLLapse,,0.024594345137438932
MeanRH,MvmtFeatures,,0.7595982790002035
MeanRH,RHRatio,,0.0004905556285676553
MeanRH,SfcWndShfDis,,8.202368383303299e-05
MeanRH,SynForcng,,0.07321977923775783
MeanRH,TempDis,,0.7190078300135081
MeanRH,WindAloft,,0.8240797989902399
MeanRH,WindFieldMt,,0.41895901483682196
MeanRH,WindFieldPln,,1.7841783343901554e-06
MidLLapse,MvmtFeatures,,0.7026581606646158
MidLLapse,RHRatio,,0.5509225088367984
MidLLapse,SfcWndShfDis,,0.181053946823777
MidLLapse,SynForcng,,0.9527893117911441
MidLLapse,TempDis,,0.9837338880335975
MidLLapse,WindAloft,,0.39969908022304423
MidLLapse,WindFieldMt,,0.5608764327302123
MidLLapse,WindFieldPln,,0.1097740001988751
MvmtFeatures,RHRatio,,0.5269579319312585
MvmtFeatures,SfcWndShfDis,,0.0012767015207039438
MvmtFeatures,SynForcng,,2.047378533578881e-11
MvmtFeatures,TempDis,,0.1500823745222957
MvmtFeatures,WindAloft,,2.805841615772748e-22
MvmtFeatures,WindFieldMt,,1.0166099394643133e-15
MvmtFeatures,WindFieldPln,,1.2146104123698816e-08
RHRatio,SfcWndShfDis,,7.149521066675226e-10
RHRatio,SynForcng,,0.25120156765428514
RHRatio,TempDis,,0.0009565062379866861
RHRatio,WindAloft,,4.4718983903807137e-05
RHRatio,WindFieldMt,,0.01702484490888152
RHRatio,WindFieldPln,,3.074643175620363e-08
SfcWndShfDis,SynForcng,,1.2128956140785617e-06
SfcWndShfDis,TempDis,,2.1356120435764806e-10
SfcWndShfDis,WindAloft,,1.6261108857473504e-07
SfcWndShfDis,WindFieldMt,,0.13292081728087826
SfcWndShfDis,WindFieldPln,,3.0884587416392543e-24
SynForcng,TempDis,,7.286640026854372e-05
SynForcng,WindAloft,,1.5093659553346368e-12
SynForcng,WindFieldMt,,1.9124662776778724e-11
SynForcng,WindFieldPln,,0.0008590704538673334
TempDis,WindAloft,,0.0008214383484403218
TempDis,WindFieldMt,,0.260116715130788
TempDis,WindFieldPln,,7.748151315555094e-05
WindAloft,WindFieldMt,,1.0050286742507402e-11
WindAloft,WindFieldPln,,1.2917325823664242e-13
WindFieldMt,WindFieldPln,,8.329024012364576e-08
N0_7muVerMo,CombVerMo,AreaMeso_ALS,0.9975843915655707
N0_7muVerMo,AreaMeso_ALS,CombVerMo,0.9975843915655707
N0_7muVerMo,Date,CombVerMo,0.4291468612006201
N0_7muVerMo,AMDewptCalPl,CombVerMo,0.12463063089040033
SubjVertMo,CombVerMo,AreaMeso_ALS,0.9955978887899154
SubjVertMo,AreaMeso_ALS,CombVerMo,0.9955978887899154
SubjVertMo,AreaMeso_ALS,CombVerMo,0.9955978887899154
SubjVertMo,AreaMoDryAir,AreaMeso_ALS,0.685403957596782
SubjVertMo,IRCloudCover,AreaMeso_ALS,0.07380009972693657
SubjVertMo,InsInMt,AreaMeso_ALS,0.1191493815952894
SubjVertMo,CompPlFcst,AreaMeso_ALS,0.8710331705105518
SubjVertMo,CapChange,AreaMeso_ALS,0.8710331705105518
QGVertMotion,CombVerMo,AreaMeso_ALS,0.972452091158335
QGVertMotion,CombVerMo,AreaMeso_ALS,0.972452091158335
QGVertMotion,AreaMeso_ALS,CombVerMo,0.972452091158335
QGVertMotion,AreaMeso_ALS,CombVerMo,0.972452091158335
QGVertMotion,AreaMoDryAir,InsChange,0.05372672773863342
QGVertMotion,CldShadeOth,AreaMeso_ALS,0.061815259254271504
QGVertMotion,CldShadeOth,AreaMeso_ALS,0.061815259254271504
QGVertMotion,InsInMt,InsChange,0.19313290148186962
QGVertMotion,InsChange,AreaMoDryAir,0.21905021908836123
QGVertMotion,InsChange,AreaMoDryAir,0.21905021908836123
QGVertMotion,InsChange,AreaMoDryAir,0.21905021908836123
CombVerMo,AreaMeso_ALS,CldShadeOth,1.0587531768495604e-251
CombVerMo,AreaMeso_ALS,CldShadeOth,1.0587531768495604e-251
CombVerMo,AreaMeso_ALS,CldShadeOth,1.0587531768495604e-251
CombVerMo,AreaMeso_ALS,CldShadeOth,1.0587531768495604e-251
CombVerMo,AreaMeso_ALS,CldShadeOth,1.0587531768495604e-251
CombVerMo,AreaMeso_ALS,CldShadeOth,1.0587531768495604e-251
CombVerMo,AreaMeso_ALS,CldShadeOth,1.0587531768495604e-251
CombVerMo,AreaMeso_ALS,CldShadeOth,1.0587531768495604e-251
CombVerMo,AreaMeso_ALS,CldShadeOth,1.0587531768495604e-251
CombVerMo,AreaMeso_ALS,CldShadeOth,1.0587531768495604e-251
CombVerMo,AreaMoDryAir,AreaMeso_ALS,0.999742101144142
CombVerMo,AreaMoDryAir,AreaMeso_ALS,0.999742101144142
CombVerMo,AreaMoDryAir,AreaMeso_ALS,0.999742101144142
CombVerMo,CldShadeOth,AreaMeso_ALS,0.9978880293634897
CombVerMo,CldShadeOth,AreaMeso_ALS,0.9978880293634897
CombVerMo,CldShadeOth,AreaMeso_ALS,0.9978880293634897
CombVerMo,CompPlFcst,N0_7muVerMo,0.10106068861690685
CombVerMo,CompPlFcst,N0_7muVerMo,0.10106068861690685
CombVerMo,CapChange,N0_7muVerMo,0.10106068861690685
CombVerMo,CapChange,N0_7muVerMo,0.10106068861690685
CombVerMo,ScenRelAMCIN,QGVertMotion,0.06971101435995766
CombVerMo,RHRatio,QGVertMotion,0.2499252936465543
CombVerMo,TempDis,QGVertMotion,0.17532525710405414
AreaMeso_ALS,AreaMoDryAir,CombVerMo,0.999742101144142
AreaMeso_ALS,AreaMoDryAir,CombVerMo,0.999742101144142
AreaMeso_ALS,AreaMoDryAir,CombVerMo,0.999742101144142
AreaMeso_ALS,AreaMoDryAir,CombVerMo,0.999742101144142
AreaMeso_ALS,AreaMoDryAir,CombVerMo,0.999742101144142
AreaMeso_ALS,CldShadeOth,CombVerMo,0.9978880293634897
AreaMeso_ALS,CldShadeOth,CombVerMo,0.9978880293634897
AreaMeso_ALS,CldShadeOth,CombVerMo,0.9978880293634897
AreaMeso_ALS,CldShadeOth,CombVerMo,0.9978880293634897
AreaMeso_ALS,CldShadeOth,CombVerMo,0.9978880293634897
AreaMeso_ALS,CompPlFcst,N0_7muVerMo,0.10106068861690685
AreaMeso_ALS,CompPlFcst,N0_7muVerMo,0.10106068861690685
AreaMeso_ALS,CapChange,N0_7muVerMo,0.10106068861690685
AreaMeso_ALS,CapChange,N0_7muVerMo,0.10106068861690685
AreaMeso_ALS,ScenRelAMCIN,QGVertMotion,0.06971101435995766
AreaMeso_ALS,RHRatio,QGVertMotion,0.2499252936465543
AreaMeso_ALS,TempDis,QGVertMotion,0.17532525710405414
SatContMoist,CombMoisture,SfcWndShfDis,2.9586949387675713e-10
SatContMoist,CombMoisture,SfcWndShfDis,2.9586949387675713e-10
SatContMoist,AreaMoDryAir,CombMoisture,0.9982728813217221
SatContMoist,SfcWndShfDis,CombMoisture,0.6982830435821139
RaoContMoist,CombMoisture,AreaMoDryAir,0.0033951375467699395
RaoContMoist,AreaMoDryAir,CombMoisture,0.9838882940521747
CombMoisture,AreaMoDryAir,RaoContMoist,1.8412006291750033e-66
CombMoisture,AreaMoDryAir,RaoContMoist,1.8412006291750033e-66
CombMoisture,AreaMoDryAir,RaoContMoist,1.8412006291750033e-66
CombMoisture,AreaMoDryAir,RaoContMoist,1.8412006291750033e-66
CombMoisture,AreaMoDryAir,RaoContMoist,1.8412006291750033e-66
CombMoisture,InsSclInScen,MvmtFeatures,0.20265687163233523
CombMoisture,InsSclInScen,MvmtFeatures,0.20265687163233523
CombMoisture,LowLLapse,MvmtFeatures,0.15646405476999653
CombMoisture,MvmtFeatures,LowLLapse,0.11193874441213408
AreaMoDryAir,CombClouds,CombMoisture,0.05924906957704808
AreaMoDryAir,CldShadeOth,RaoContMoist,3.220448318411923e-06
AreaMoDryAir,CldShadeOth,RaoContMoist,3.220448318411923e-06
AreaMoDryAir,CldShadeOth,RaoContMoist,3.220448318411923e-06
AreaMoDryAir,CldShadeOth,RaoContMoist,3.220448318411923e-06
AreaMoDryAir,CldShadeOth,RaoContMoist,3.220448318411923e-06
AreaMoDryAir,CldShadeOth,RaoContMoist,3.220448318411923e-06
AreaMoDryAir,CldShadeOth,RaoContMoist,3.220448318411923e-06
AreaMoDryAir,CldShadeOth,RaoContMoist,3.220448318411923e-06
AreaMoDryAir,CldShadeOth,RaoContMoist,3.220448318411923e-06
AreaMoDryAir,CldShadeOth,RaoContMoist,3.220448318411923e-06
AreaMoDryAir,CldShadeOth,RaoContMoist,3.220448318411923e-06
AreaMoDryAir,CldShadeOth,RaoContMoist,3.220448318411923e-06
AreaMoDryAir,MountainFcst,CombMoisture,0.4638220763876545
AreaMoDryAir,PlainsFcst,CombMoisture,0.6450389981478193
AreaMoDryAir,N34StarFcst,CombMoisture,0.39509744784623463
AreaMoDryAir,MeanRH,CombMoisture,0.44940475642308175
VISCloudCov,CombClouds,CompPlFcst,4.6914374654021535e-55
VISCloudCov,CombClouds,CompPlFcst,4.6914374654021535e-55
VISCloudCov,CombClouds,CompPlFcst,4.6914374654021535e-55
VISCloudCov,CldShadeOth,CombClouds,0.6986928631421945
VISCloudCov,CldShadeOth,CombClouds,0.6986928631421945
VISCloudCov,CompPlFcst,CapChange,0.8039075303941056
VISCloudCov,CapChange,CombClouds,0.8892351652118298
IRCloudCover,CombClouds,MvmtFeatures,6.741376354653799e-11
IRCloudCover,CombClouds,MvmtFeatures,6.741376354653799e-11
IRCloudCover,CombClouds,MvmtFeatures,6.741376354653799e-11
IRCloudCover,CombClouds,MvmtFeatures,6.741376354653799e-11
IRCloudCover,CldShadeOth,CombClouds,0.6168758820354112
IRCloudCover,CldShadeOth,CombClouds,0.6168758820354112
IRCloudCover,MvmtFeatures,CombClouds,0.4972440723751377
IRCloudCover,MvmtFeatures,CombClouds,0.4972440723751377
IRCloudCover,TempDis,SubjVertMo,0.2507648421764237
CombClouds,CldShadeOth,InsInMt,2.143805976115268e-98
CombClouds,CldShadeOth,InsInMt,2.143805976115268e-98
CombClouds,CldShadeOth,InsInMt,2.143805976115268e-98
CombClouds,CldShadeOth,InsInMt,2.143805976115268e-98
CombClouds,CldShadeOth,InsInMt,2.143805976115268e-98
CombClouds,CldShadeOth,InsInMt,2.143805976115268e-98
CombClouds,CldShadeOth,InsInMt,2.143805976115268e-98
CombClouds,InsInMt,IRCloudCover,0.11417405519798933
CombClouds,InsInMt,IRCloudCover,0.11417405519798933
CombClouds,InsInMt,IRCloudCover,0.11417405519798933
CombClouds,CompPlFcst,MeanRH,0.06084817282060863
CombClouds,CapChange,MeanRH,0.06084817282060863
CombClouds,MeanRH,CompPlFcst,0.06365057689528883
CldShadeOth,InsInMt,SfcWndShfDis,0.006940227487689592
CldShadeOth,InsInMt,SfcWndShfDis,0.006940227487689592
CldShadeOth,InsInMt,SfcWndShfDis,0.006940227487689592
CldShadeOth,InsInMt,SfcWndShfDis,0.006940227487689592
CldShadeOth,InsInMt,SfcWndShfDis,0.006940227487689592
CldShadeOth,InsInMt,SfcWndShfDis,0.006940227487689592
CldShadeOth,InsInMt,SfcWndShfDis,0.006940227487689592
CldShadeOth,InsInMt,SfcWndShfDis,0.006940227487689592
CldShadeOth,SfcWndShfDis,QGVertMotion,0.26879948319821617
AMInstabMt,InsInMt,OutflowFrMt,9.066163046608312e-14
AMInstabMt,InsInMt,OutflowFrMt,9.066163046608312e-14
AMInstabMt,InsInMt,OutflowFrMt,9.066163046608312e-14
AMInstabMt,InsInMt,OutflowFrMt,9.066163046608312e-14
AMInstabMt,InsInMt,OutflowFrMt,9.066163046608312e-14
AMInstabMt,OutflowFrMt,R5Fcst,0.15405254801961765
AMInstabMt,OutflowFrMt,R5Fcst,0.15405254801961765
AMInstabMt,CldShadeConv,InsInMt,0.39487841357963355
AMInstabMt,CldShadeConv,InsInMt,0.39487841357963355
AMInstabMt,CldShadeConv,InsInMt,0.39487841357963355
AMInstabMt,CldShadeConv,InsInMt,0.39487841357963355
AMInstabMt,CldShadeConv,InsInMt,0.39487841357963355
AMInstabMt,R5Fcst,CldShadeConv,0.07983747485555971
AMInstabMt,LowLLapse,R5Fcst,0.09254666753223552
AMInstabMt,LowLLapse,R5Fcst,0.09254666753223552
AMInstabMt,SfcWndShfDis,LowLLapse,0.18514383200567014
AMInstabMt,SfcWndShfDis,LowLLapse,0.18514383200567014
AMInstabMt,SfcWndShfDis,LowLLapse,0.18514383200567014
InsInMt,OutflowFrMt,CldShadeOth,1.7899690549986739e-07
InsInMt,OutflowFrMt,CldShadeOth,1.7899690549986739e-07
InsInMt,OutflowFrMt,CldShadeOth,1.7899690549986739e-07
InsInMt,OutflowFrMt,CldShadeOth,1.7899690549986739e-07
InsInMt,OutflowFrMt,CldShadeOth,1.7899690549986739e-07
InsInMt,OutflowFrMt,CldShadeOth,1.7899690549986739e-07
InsInMt,OutflowFrMt,CldShadeOth,1.7899690549986739e-07
InsInMt,OutflowFrMt,CldShadeOth,1.7899690549986739e-07
InsInMt,CldShadeConv,CldShadeOth,5.467018117414142e-08
InsInMt,CldShadeConv,CldShadeOth,5.467018117414142e-08
InsInMt,CldShadeConv,CldShadeOth,5.467018117414142e-08
InsInMt,CldShadeConv,CldShadeOth,5.467018117414142e-08
InsInMt,CldShadeConv,CldShadeOth,5.467018117414142e-08
InsInMt,CldShadeConv,CldShadeOth,5.467018117414142e-08
InsInMt,CldShadeConv,CldShadeOth,5.467018117414142e-08
InsInMt,CldShadeConv,CldShadeOth,5.467018117414142e-08
InsInMt,MountainFcst,CldShadeOth,0.0009486467366464351
InsInMt,MountainFcst,CldShadeOth,0.0009486467366464351
InsInMt,MountainFcst,CldShadeOth,0.0009486467366464351
InsInMt,MountainFcst,CldShadeOth,0.0009486467366464351
InsInMt,MountainFcst,CldShadeOth,0.0009486467366464351
InsInMt,MountainFcst,CldShadeOth,0.0009486467366464351
InsInMt,MountainFcst,CldShadeOth,0.0009486467366464351
InsInMt,MountainFcst,CldShadeOth,0.0009486467366464351
InsInMt,R5Fcst,CldShadeOth,0.0007383412855447443
InsInMt,R5Fcst,CldShadeOth,0.0007383412855447443
InsInMt,R5Fcst,CldShadeOth,0.0007383412855447443
InsInMt,R5Fcst,CldShadeOth,0.0007383412855447443
InsInMt,R5Fcst,CldShadeOth,0.0007383412855447443
InsInMt,R5Fcst,CldShadeOth,0.0007383412855447443
InsInMt,R5Fcst,CldShadeOth,0.0007383412855447443
InsInMt,R5Fcst,CldShadeOth,0.0007383412855447443
WndHodograph,OutflowFrMt,TempDis,1.6797580204522247e-10
WndHodograph,OutflowFrMt,TempDis,1.6797580204522247e-10
WndHodograph,OutflowFrMt,TempDis,1.6797580204522247e-10
WndHodograph,Boundaries,TempDis,0.014520792316525923
WndHodograph,Boundaries,TempDis,0.014520792316525923
WndHodograph,Boundaries,TempDis,0.014520792316525923
WndHodograph,CldShadeConv,TempDis,5.890950118360803e-10
WndHodograph,CldShadeConv,TempDis,5.890950118360803e-10
WndHodograph,CldShadeConv,TempDis,5.890950118360803e-10
WndHodograph,TempDis,Boundaries,0.2759464657695674
OutflowFrMt,Boundaries,InsInMt,2.228090282252808e-11
OutflowFrMt,Boundaries,InsInMt,2.228090282252808e-11
OutflowFrMt,Boundaries,InsInMt,2.228090282252808e-11
OutflowFrMt,Boundaries,InsInMt,2.228090282252808e-11
OutflowFrMt,Boundaries,InsInMt,2.228090282252808e-11
OutflowFrMt,Boundaries,InsInMt,2.228090282252808e-11
OutflowFrMt,Scenario,WndHodograph,0.8483497339398698
OutflowFrMt,ScnRelPlFcst,WndHodograph,0.8483497339398698
OutflowFrMt,TempDis,WndHodograph,0.11530269046011517
CldShadeConv,CurPropConv,WndHodograph,0.3503443817228217
CldShadeConv,CurPropConv,WndHodograph,0.3503443817228217
CompPlFcst,CapChange,VISCloudCov,7.462059601978949e-244
CompPlFcst,CapChange,VISCloudCov,7.462059601978949e-244
CompPlFcst,CapChange,VISCloudCov,7.462059601978949e-244
CompPlFcst,CapChange,VISCloudCov,7.462059601978949e-244
CompPlFcst,CapChange,VISCloudCov,7.462059601978949e-244
CompPlFcst,CapChange,VISCloudCov,7.462059601978949e-244
CompPlFcst,CapChange,VISCloudCov,7.462059601978949e-244
CompPlFcst,CapChange,VISCloudCov,7.462059601978949e-244
CompPlFcst,InsChange,CapChange,0.9999136214783134
CompPlFcst,InsChange,CapChange,0.9999136214783134
CompPlFcst,InsChange,CapChange,0.9999136214783134
CompPlFcst,InsChange,CapChange,0.9999136214783134
CompPlFcst,InsChange,CapChange,0.9999136214783134
CompPlFcst,InsChange,CapChange,0.9999136214783134
CompPlFcst,InsChange,CapChange,0.9999136214783134
CompPlFcst,InsChange,CapChange,0.9999136214783134
CompPlFcst,CapInScen,CapChange,0.7835186866846146
CompPlFcst,CapInScen,CapChange,0.7835186866846146
CompPlFcst,CapInScen,CapChange,0.7835186866846146
CompPlFcst,CapInScen,CapChange,0.7835186866846146
CompPlFcst,CapInScen,CapChange,0.7835186866846146
CompPlFcst,CapInScen,CapChange,0.7835186866846146
CompPlFcst,CapInScen,CapChange,0.7835186866846146
CompPlFcst,CapInScen,CapChange,0.7835186866846146
CompPlFcst,LIfr12ZDENSd,AreaMeso_ALS,0.48288904466066207
CompPlFcst,LIfr12ZDENSd,AreaMeso_ALS,0.48288904466066207
CapChange,InsChange,CompPlFcst,0.9999136214783134
CapChange,InsChange,CompPlFcst,0.9999136214783134
CapChange,InsChange,CompPlFcst,0.9999136214783134
CapChange,InsChange,CompPlFcst,0.9999136214783134
CapChange,CapInScen,CompPlFcst,0.7835186866846146
CapChange,CapInScen,CompPlFcst,0.7835186866846146
CapChange,CapInScen,CompPlFcst,0.7835186866846146
CapChange,CapInScen,CompPlFcst,0.7835186866846146
CapChange,CapInScen,CompPlFcst,0.7835186866846146
CapChange,LIfr12ZDENSd,AreaMeso_ALS,0.48288904466066207
CapChange,LIfr12ZDENSd,AreaMeso_ALS,0.48288904466066207
LoLevMoistAd,InsChange,MountainFcst,3.767335786634264e-52
LoLevMoistAd,InsChange,MountainFcst,3.767335786634264e-52
LoLevMoistAd,InsChange,MountainFcst,3.767335786634264e-52
LoLevMoistAd,InsChange,MountainFcst,3.767335786634264e-52
LoLevMoistAd,MountainFcst,InsSclInScen,0.3210108106358135
LoLevMoistAd,InsSclInScen,InsChange,0.7746259018516634
LoLevMoistAd,InsSclInScen,InsChange,0.7746259018516634
LoLevMoistAd,Dewpoints,InsSclInScen,0.24368735079147003
LoLevMoistAd,WindFieldMt,InsSclInScen,0.22374135582138252
InsChange,MountainFcst,QGVertMotion,0.579301116158041
InsChange,CapInScen,CompPlFcst,0.48951754829396277
InsChange,CapInScen,CompPlFcst,0.48951754829396277
InsChange,CapInScen,CompPlFcst,0.48951754829396277
InsChange,InsSclInScen,N34StarFcst,1.6799061305924263e-21
InsChange,InsSclInScen,N34StarFcst,1.6799061305924263e-21
InsChange,InsSclInScen,N34StarFcst,1.6799061305924263e-21
InsChange,InsSclInScen,N34StarFcst,1.6799061305924263e-21
InsChange,InsSclInScen,N34StarFcst,1.6799061305924263e-21
InsChange,InsSclInScen,N34StarFcst,1.6799061305924263e-21
InsChange,InsSclInScen,N34StarFcst,1.6799061305924263e-21
InsChange,InsSclInScen,N34StarFcst,1.6799061305924263e-21
InsChange,PlainsFcst,MountainFcst,0.08157731244715864
InsChange,N34StarFcst,QGVertMotion,0.13155993710671574
InsChange,N34StarFcst,QGVertMotion,0.13155993710671574
MountainFcst,R5Fcst,InsInMt,1.8818245571812176e-105
MountainFcst,R5Fcst,InsInMt,1.8818245571812176e-105
MountainFcst,R5Fcst,InsInMt,1.8818245571812176e-105
MountainFcst,R5Fcst,InsInMt,1.8818245571812176e-105
Date,Scenario,MeanRH,0.9401841170354469
Date,ScenRelAMIns,MeanRH,0.7754853953636786
Date,ScnRelPlFcst,MeanRH,0.9401841170354469
Date,MeanRH,Scenario,0.9991247677218461
Date,SynForcng,MeanRH,0.16003578334068397
Scenario,ScenRelAMCIN,ScenRel3_4,8.290121116463443e-45
Scenario,ScenRelAMCIN,ScenRel3_4,8.290121116463443e-45
Scenario,ScenRelAMCIN,ScenRel3_4,8.290121116463443e-45
Scenario,ScenRelAMCIN,ScenRel3_4,8.290121116463443e-45
Scenario,ScenRelAMCIN,ScenRel3_4,8.290121116463443e-45
Scenario,ScenRelAMCIN,ScenRel3_4,8.290121116463443e-45
Scenario,ScenRelAMCIN,ScenRel3_4,8.290121116463443e-45
Scenario,ScenRelAMCIN,ScenRel3_4,8.290121116463443e-45
Scenario,ScenRelAMCIN,ScenRel3_4,8.290121116463443e-45
Scenario,ScenRelAMCIN,ScenRel3_4,8.290121116463443e-45
Scenario,ScenRelAMCIN,ScenRel3_4,8.290121116463443e-45
Scenario,ScenRelAMCIN,ScenRel3_4,8.290121116463443e-45
Scenario,ScenRelAMCIN,ScenRel3_4,8.290121116463443e-45
Scenario,ScenRelAMCIN,ScenRel3_4,8.290121116463443e-45
Scenario,ScenRelAMCIN,ScenRel3_4,8.290121116463443e-45
Scenario,ScenRelAMCIN,ScenRel3_4,8.290121116463443e-45
Scenario,ScenRelAMCIN,ScenRel3_4,8.290121116463443e-45
Scenario,ScenRelAMCIN,ScenRel3_4,8.290121116463443e-45
Scenario,ScenRelAMCIN,ScenRel3_4,8.290121116463443e-45
Scenario,ScenRelAMCIN,ScenRel3_4,8.290121116463443e-45
Scenario,ScenRelAMCIN,ScenRel3_4,8.290121116463443e-45
Scenario,AMCINInScen,ScenRelAMIns,0.9999999999922323
Scenario,AMCINInScen,ScenRelAMIns,0.9999999999922323
Scenario,AMCINInScen,ScenRelAMIns,0.9999999999922323
Scenario,ScenRelAMIns,ScenRel3_4,6.504140567002707e-97
Scenario,ScenRelAMIns,ScenRel3_4,6.504140567002707e-97
Scenario,ScenRelAMIns,ScenRel3_4,6.504140567002707e-97
Scenario,ScenRelAMIns,ScenRel3_4,6.504140567002707e-97
Scenario,ScenRelAMIns,ScenRel3_4,6.504140567002707e-97
Scenario,ScenRelAMIns,ScenRel3_4,6.504140567002707e-97
Scenario,ScenRelAMIns,ScenRel3_4,6.504140567002707e-97
Scenario,ScenRelAMIns,ScenRel3_4,6.504140567002707e-97
Scenario,ScenRelAMIns,ScenRel3_4,6.504140567002707e-97
Scenario,ScenRelAMIns,ScenRel3_4,6.504140567002707e-97
Scenario,ScenRelAMIns,ScenRel3_4,6.504140567002707e-97
Scenario,ScenRelAMIns,ScenRel3_4,6.504140567002707e-97
Scenario,ScenRelAMIns,ScenRel3_4,6.504140567002707e-97
Scenario,ScenRelAMIns,ScenRel3_4,6.504140567002707e-97
Scenario,ScenRelAMIns,ScenRel3_4,6.504140567002707e-97
Scenario,ScenRelAMIns,ScenRel3_4,6.504140567002707e-97
Scenario,ScenRelAMIns,ScenRel3_4,6.504140567002707e-97
Scenario,ScenRelAMIns,ScenRel3_4,6.504140567002707e-97
Scenario,ScenRelAMIns,ScenRel3_4,6.504140567002707e-97
Scenario,ScenRelAMIns,ScenRel3_4,6.504140567002707e-97
Scenario,ScenRelAMIns,ScenRel3_4,6.504140567002707e-97
Scenario,ScenRel3_4,Date,7.88698349476508e-126
Scenario,ScenRel3_4,Date,7.88698349476508e-126
Scenario,ScenRel3_4,Date,7.88698349476508e-126
Scenario,ScenRel3_4,Date,7.88698349476508e-126
Scenario,ScenRel3_4,Date,7.88698349476508e-126
Scenario,ScenRel3_4,Date,7.88698349476508e-126
Scenario,ScenRel3_4,Date,7.88698349476508e-126
Scenario,ScenRel3_4,Date,7.88698349476508e-126
Scenario,ScenRel3_4,Date,7.88698349476508e-126
Scenario,ScenRel3_4,Date,7.88698349476508e-126
Scenario,ScenRel3_4,Date,7.88698349476508e-126
Scenario,ScenRel3_4,Date,7.88698349476508e-126
Scenario,ScenRel3_4,Date,7.88698349476508e-126
Scenario,ScenRel3_4,Date,7.88698349476508e-126
Scenario,ScenRel3_4,Date,7.88698349476508e-126
Scenario,ScenRel3_4,Date,7.88698349476508e-126
Scenario,ScenRel3_4,Date,7.88698349476508e-126
Scenario,ScenRel3_4,Date,7.88698349476508e-126
Scenario,ScenRel3_4,Date,7.88698349476508e-126
Scenario,ScenRel3_4,Date,7.88698349476508e-126
Scenario,ScenRel3_4,Date,7.88698349476508e-126
Scenario,ScnRelPlFcst,ScenRel3_4,1.2360117375716122e-78
Scenario,ScnRelPlFcst,ScenRel3_4,1.2360117375716122e-78
Scenario,ScnRelPlFcst,ScenRel3_4,1.2360117375716122e-78
Scenario,ScnRelPlFcst,ScenRel3_4,1.2360117375716122e-78
Scenario,ScnRelPlFcst,ScenRel3_4,1.2360117375716122e-78
Scenario,ScnRelPlFcst,ScenRel3_4,1.2360117375716122e-78
Scenario,ScnRelPlFcst,ScenRel3_4,1.2360117375716122e-78
Scenario,ScnRelPlFcst,ScenRel3_4,1.2360117375716122e-78
Scenario,ScnRelPlFcst,ScenRel3_4,1.2360117375716122e-78
Scenario,ScnRelPlFcst,ScenRel3_4,1.2360117375716122e-78
Scenario,ScnRelPlFcst,ScenRel3_4,1.2360117375716122e-78
Scenario,ScnRelPlFcst,ScenRel3_4,1.2360117375716122e-78
Scenario,ScnRelPlFcst,ScenRel3_4,1.2360117375716122e-78
Scenario,ScnRelPlFcst,ScenRel3_4,1.2360117375716122e-78
Scenario,ScnRelPlFcst,ScenRel3_4,1.2360117375716122e-78
Scenario,ScnRelPlFcst,ScenRel3_4,1.2360117375716122e-78
Scenario,ScnRelPlFcst,ScenRel3_4,1.2360117375716122e-78
Scenario,ScnRelPlFcst,ScenRel3_4,1.2360117375716122e-78
Scenario,ScnRelPlFcst,ScenRel3_4,1.2360117375716122e-78
Scenario,ScnRelPlFcst,ScenRel3_4,1.2360117375716122e-78
Scenario,ScnRelPlFcst,ScenRel3_4,1.2360117375716122e-78
Scenario,PlainsFcst,MidLLapse,0.403778943545251
Scenario,N34StarFcst,MidLLapse,0.2773534868794404
Scenario,R5Fcst,MidLLapse,0.5118412790384212
Scenario,Dewpoints,ScenRelAMIns,0.9896904616784736
Scenario,Dewpoints,ScenRelAMIns,0.9896904616784736
Scenario,Dewpoints,ScenRelAMIns,0.9896904616784736
Scenario,LowLLapse,ScenRelAMIns,0.999233604171387
Scenario,LowLLapse,ScenRelAMIns,0.999233604171387
Scenario,LowLLapse,ScenRelAMIns,0.999233604171387
Scenario,MeanRH,ScenRelAMIns,0.999997144389709
Scenario,MeanRH,ScenRelAMIns,0.999997144389709
Scenario,MeanRH,ScenRelAMIns,0.999997144389709
Scenario,MidLLapse,TempDis,0.07140536335244647
Scenario,MvmtFeatures,ScnRelPlFcst,0.999999999998722
Scenario,MvmtFeatures,ScnRelPlFcst,0.999999999998722
Scenario,MvmtFeatures,ScnRelPlFcst,0.999999999998722
Scenario,MvmtFeatures,ScnRelPlFcst,0.999999999998722
Scenario,RHRatio,ScenRelAMIns,0.7050944437473935
Scenario,RHRatio,ScenRelAMIns,0.7050944437473935
Scenario,RHRatio,ScenRelAMIns,0.7050944437473935
Scenario,SfcWndShfDis,ScnRelPlFcst,1.0
Scenario,SfcWndShfDis,ScnRelPlFcst,1.0
Scenario,SfcWndShfDis,ScnRelPlFcst,1.0
Scenario,SfcWndShfDis,ScnRelPlFcst,1.0
Scenario,SynForcng,ScenRelAMIns,0.32003918365579176
Scenario,SynForcng,ScenRelAMIns,0.32003918365579176
Scenario,SynForcng,ScenRelAMIns,0.32003918365579176
Scenario,TempDis,ScnRelPlFcst,0.999999999989127
Scenario,TempDis,ScnRelPlFcst,0.999999999989127
Scenario,TempDis,ScnRelPlFcst,0.999999999989127
Scenario,WindAloft,ScnRelPlFcst,0.9999999999792479
Scenario,WindAloft,ScnRelPlFcst,0.9999999999792479
Scenario,WindAloft,ScnRelPlFcst,0.9999999999792479
Scenario,WindAloft,ScnRelPlFcst,0.9999999999792479
Scenario,WindFieldMt,ScnRelPlFcst,0.9999830856000782
Scenario,WindFieldMt,ScnRelPlFcst,0.9999830856000782
Scenario,WindFieldMt,ScnRelPlFcst,0.9999830856000782
Scenario,WindFieldMt,ScnRelPlFcst,0.9999830856000782
Scenario,WindFieldPln,ScenRelAMIns,0.6480517148572303
Scenario,WindFieldPln,ScenRelAMIns,0.6480517148572303
Scenario,WindFieldPln,ScenRelAMIns,0.6480517148572303
ScenRelAMCIN,AMCINInScen,Scenario,0.9983080736646981
ScenRelAMCIN,AMCINInScen,Scenario,0.9983080736646981
ScenRelAMCIN,CapInScen,MidLLapse,0.392111587575591
ScenRelAMCIN,ScenRelAMIns,ScenRel3_4,2.3075908798406313e-47
ScenRelAMCIN,ScenRelAMIns,ScenRel3_4,2.3075908798406313e-47
ScenRelAMCIN,ScenRelAMIns,ScenRel3_4,2.3075908798406313e-47
ScenRelAMCIN,ScenRelAMIns,ScenRel3_4,2.3075908798406313e-47
ScenRelAMCIN,ScenRelAMIns,ScenRel3_4,2.3075908798406313e-47
ScenRelAMCIN,ScenRelAMIns,ScenRel3_4,2.3075908798406313e-47
ScenRelAMCIN,ScenRelAMIns,ScenRel3_4,2.3075908798406313e-47
ScenRelAMCIN,ScenRelAMIns,ScenRel3_4,2.3075908798406313e-47
ScenRelAMCIN,ScenRelAMIns,ScenRel3_4,2.3075908798406313e-47
ScenRelAMCIN,ScenRelAMIns,ScenRel3_4,2.3075908798406313e-47
ScenRelAMCIN,ScenRelAMIns,ScenRel3_4,2.3075908798406313e-47
ScenRelAMCIN,ScenRelAMIns,ScenRel3_4,2.3075908798406313e-47
ScenRelAMCIN,ScenRelAMIns,ScenRel3_4,2.3075908798406313e-47
ScenRelAMCIN,ScenRelAMIns,ScenRel3_4,2.3075908798406313e-47
ScenRelAMCIN,ScenRelAMIns,ScenRel3_4,2.3075908798406313e-47
ScenRelAMCIN,ScenRelAMIns,ScenRel3_4,2.3075908798406313e-47
ScenRelAMCIN,ScenRelAMIns,ScenRel3_4,2.3075908798406313e-47
ScenRelAMCIN,ScenRelAMIns,ScenRel3_4,2.3075908798406313e-47
ScenRelAMCIN,ScenRelAMIns,ScenRel3_4,2.3075908798406313e-47
ScenRelAMCIN,ScenRelAMIns,ScenRel3_4,2.3075908798406313e-47
ScenRelAMCIN,ScenRelAMIns,ScenRel3_4,2.3075908798406313e-47
ScenRelAMCIN,ScenRel3_4,MvmtFeatures,8.34386022179031e-82
ScenRelAMCIN,ScenRel3_4,MvmtFeatures,8.34386022179031e-82
ScenRelAMCIN,ScenRel3_4,MvmtFeatures,8.34386022179031e-82
ScenRelAMCIN,ScenRel3_4,MvmtFeatures,8.34386022179031e-82
ScenRelAMCIN,ScenRel3_4,MvmtFeatures,8.34386022179031e-82
ScenRelAMCIN,ScenRel3_4,MvmtFeatures,8.34386022179031e-82
ScenRelAMCIN,ScenRel3_4,MvmtFeatures,8.34386022179031e-82
ScenRelAMCIN,ScenRel3_4,MvmtFeatures,8.34386022179031e-82
ScenRelAMCIN,ScenRel3_4,MvmtFeatures,8.34386022179031e-82
ScenRelAMCIN,ScenRel3_4,MvmtFeatures,8.34386022179031e-82
ScenRelAMCIN,ScenRel3_4,MvmtFeatures,8.34386022179031e-82
ScenRelAMCIN,ScenRel3_4,MvmtFeatures,8.34386022179031e-82
ScenRelAMCIN,ScenRel3_4,MvmtFeatures,8.34386022179031e-82
ScenRelAMCIN,ScenRel3_4,MvmtFeatures,8.34386022179031e-82
ScenRelAMCIN,ScenRel3_4,MvmtFeatures,8.34386022179031e-82
ScenRelAMCIN,ScenRel3_4,MvmtFeatures,8.34386022179031e-82
ScenRelAMCIN,ScenRel3_4,MvmtFeatures,8.34386022179031e-82
ScenRelAMCIN,ScenRel3_4,MvmtFeatures,8.34386022179031e-82
ScenRelAMCIN,ScenRel3_4,MvmtFeatures,8.34386022179031e-82
ScenRelAMCIN,ScenRel3_4,MvmtFeatures,8.34386022179031e-82
ScenRelAMCIN,ScenRel3_4,MvmtFeatures,8.34386022179031e-82
ScenRelAMCIN,ScnRelPlFcst,ScenRel3_4,8.290121116463443e-45
ScenRelAMCIN,ScnRelPlFcst,ScenRel3_4,8.290121116463443e-45
ScenRelAMCIN,ScnRelPlFcst,ScenRel3_4,8.290121116463443e-45
ScenRelAMCIN,ScnRelPlFcst,ScenRel3_4,8.290121116463443e-45
ScenRelAMCIN,ScnRelPlFcst,ScenRel3_4,8.290121116463443e-45
ScenRelAMCIN,ScnRelPlFcst,ScenRel3_4,8.290121116463443e-45
ScenRelAMCIN,ScnRelPlFcst,ScenRel3_4,8.290121116463443e-45
ScenRelAMCIN,ScnRelPlFcst,ScenRel3_4,8.290121116463443e-45
ScenRelAMCIN,ScnRelPlFcst,ScenRel3_4,8.290121116463443e-45
ScenRelAMCIN,ScnRelPlFcst,ScenRel3_4,8.290121116463443e-45
ScenRelAMCIN,ScnRelPlFcst,ScenRel3_4,8.290121116463443e-45
ScenRelAMCIN,ScnRelPlFcst,ScenRel3_4,8.290121116463443e-45
ScenRelAMCIN,ScnRelPlFcst,ScenRel3_4,8.290121116463443e-45
ScenRelAMCIN,ScnRelPlFcst,ScenRel3_4,8.290121116463443e-45
ScenRelAMCIN,ScnRelPlFcst,ScenRel3_4,8.290121116463443e-45
ScenRelAMCIN,ScnRelPlFcst,ScenRel3_4,8.290121116463443e-45
ScenRelAMCIN,ScnRelPlFcst,ScenRel3_4,8.290121116463443e-45
ScenRelAMCIN,ScnRelPlFcst,ScenRel3_4,8.290121116463443e-45
ScenRelAMCIN,ScnRelPlFcst,ScenRel3_4,8.290121116463443e-45
ScenRelAMCIN,ScnRelPlFcst,ScenRel3_4,8.290121116463443e-45
ScenRelAMCIN,ScnRelPlFcst,ScenRel3_4,8.290121116463443e-45
ScenRelAMCIN,PlainsFcst,Scenario,0.995266965906932
ScenRelAMCIN,PlainsFcst,Scenario,0.995266965906932
ScenRelAMCIN,N34StarFcst,Scenario,0.9994574215530538
ScenRelAMCIN,N34StarFcst,Scenario,0.9994574215530538
ScenRelAMCIN,R5Fcst,MidLLapse,0.20549829635481887
ScenRelAMCIN,Dewpoints,Scenario,0.8516427847892422
ScenRelAMCIN,Dewpoints,Scenario,0.8516427847892422
ScenRelAMCIN,LowLLapse,Scenario,0.915711171701095
ScenRelAMCIN,LowLLapse,Scenario,0.915711171701095
ScenRelAMCIN,MeanRH,Scenario,0.8630446966877625
ScenRelAMCIN,MeanRH,Scenario,0.8630446966877625
ScenRelAMCIN,MidLLapse,Scenario,0.9980399741414755
ScenRelAMCIN,MvmtFeatures,MidLLapse,0.07810733255298098
ScenRelAMCIN,RHRatio,Scenario,0.7309271429467019
ScenRelAMCIN,RHRatio,Scenario,0.7309271429467019
ScenRelAMCIN,SfcWndShfDis,Scenario,0.4408109996971242
ScenRelAMCIN,SfcWndShfDis,Scenario,0.4408109996971242
ScenRelAMCIN,SynForcng,Scenario,0.9657786112650417
ScenRelAMCIN,SynForcng,Scenario,0.9657786112650417
ScenRelAMCIN,TempDis,Scenario,0.7131585192499567
ScenRelAMCIN,TempDis,Scenario,0.7131585192499567
ScenRelAMCIN,WindAloft,Scenario,0.3533335051201201
ScenRelAMCIN,WindAloft,Scenario,0.3533335051201201
ScenRelAMCIN,WindFieldPln,Scenario,0.5810579884674513
ScenRelAMCIN,WindFieldPln,Scenario,0.5810579884674513
MorningCIN,AMCINInScen,CapInScen,5.5640404445745894e-30
MorningCIN,AMCINInScen,CapInScen,5.5640404445745894e-30
MorningCIN,CapInScen,AMCINInScen,0.2469271221633054
MorningCIN,CapInScen,AMCINInScen,0.2469271221633054
MorningCIN,AMInsWliScen,AMCINInScen,0.6621307071933811
AMCINInScen,CapInScen,ScenRel3_4,4.158065260140482e-54
AMCINInScen,CapInScen,ScenRel3_4,4.158065260140482e-54
AMCINInScen,CapInScen,ScenRel3_4,4.158065260140482e-54
AMCINInScen,CapInScen,ScenRel3_4,4.158065260140482e-54
AMCINInScen,CapInScen,ScenRel3_4,4.158065260140482e-54
AMCINInScen,CapInScen,ScenRel3_4,4.158065260140482e-54
AMCINInScen,CapInScen,ScenRel3_4,4.158065260140482e-54
AMCINInScen,CapInScen,ScenRel3_4,4.158065260140482e-54
AMCINInScen,CapInScen,ScenRel3_4,4.158065260140482e-54
AMCINInScen,ScenRelAMIns,Scenario,1.0
AMCINInScen,ScenRelAMIns,Scenario,1.0
AMCINInScen,ScenRel3_4,Scenario,0.9999999999997196
AMCINInScen,ScenRel3_4,Scenario,0.9999999999997196
AMCINInScen,ScnRelPlFcst,Scenario,1.0
AMCINInScen,ScnRelPlFcst,Scenario,1.0
AMCINInScen,RHRatio,MorningCIN,0.1424328802354125
AMCINInScen,SfcWndShfDis,MorningCIN,0.29364828340017773
AMCINInScen,WindFieldPln,MorningCIN,0.22074118341506796
CapInScen,RHRatio,MorningCIN,0.4725821080864171
ScenRelAMIns,ScenRel3_4,N34StarFcst,7.036239974212715e-95
ScenRelAMIns,ScenRel3_4,N34StarFcst,7.036239974212715e-95
ScenRelAMIns,ScenRel3_4,N34StarFcst,7.036239974212715e-95
ScenRelAMIns,ScenRel3_4,N34StarFcst,7.036239974212715e-95
ScenRelAMIns,ScenRel3_4,N34StarFcst,7.036239974212715e-95
ScenRelAMIns,ScenRel3_4,N34StarFcst,7.036239974212715e-95
ScenRelAMIns,ScenRel3_4,N34StarFcst,7.036239974212715e-95
ScenRelAMIns,ScenRel3_4,N34StarFcst,7.036239974212715e-95
ScenRelAMIns,ScenRel3_4,N34StarFcst,7.036239974212715e-95
ScenRelAMIns,ScenRel3_4,N34StarFcst,7.036239974212715e-95
ScenRelAMIns,ScenRel3_4,N34StarFcst,7.036239974212715e-95
ScenRelAMIns,ScenRel3_4,N34StarFcst,7.036239974212715e-95
ScenRelAMIns,ScenRel3_4,N34StarFcst,7.036239974212715e-95
ScenRelAMIns,ScenRel3_4,N34StarFcst,7.036239974212715e-95
ScenRelAMIns,ScenRel3_4,N34StarFcst,7.036239974212715e-95
ScenRelAMIns,ScenRel3_4,N34StarFcst,7.036239974212715e-95
ScenRelAMIns,ScenRel3_4,N34StarFcst,7.036239974212715e-95
ScenRelAMIns,ScenRel3_4,N34StarFcst,7.036239974212715e-95
ScenRelAMIns,ScenRel3_4,N34StarFcst,7.036239974212715e-95
ScenRelAMIns,ScenRel3_4,N34StarFcst,7.036239974212715e-95
ScenRelAMIns,ScnRelPlFcst,N34StarFcst,4.127872968651355e-153
ScenRelAMIns,ScnRelPlFcst,N34StarFcst,4.127872968651355e-153
ScenRelAMIns,ScnRelPlFcst,N34StarFcst,4.127872968651355e-153
ScenRelAMIns,ScnRelPlFcst,N34StarFcst,4.127872968651355e-153
ScenRelAMIns,ScnRelPlFcst,N34StarFcst,4.127872968651355e-153
ScenRelAMIns,ScnRelPlFcst,N34StarFcst,4.127872968651355e-153
ScenRelAMIns,ScnRelPlFcst,N34StarFcst,4.127872968651355e-153
ScenRelAMIns,ScnRelPlFcst,N34StarFcst,4.127872968651355e-153
ScenRelAMIns,ScnRelPlFcst,N34StarFcst,4.127872968651355e-153
ScenRelAMIns,ScnRelPlFcst,N34StarFcst,4.127872968651355e-153
ScenRelAMIns,ScnRelPlFcst,N34StarFcst,4.127872968651355e-153
ScenRelAMIns,ScnRelPlFcst,N34StarFcst,4.127872968651355e-153
ScenRelAMIns,ScnRelPlFcst,N34StarFcst,4.127872968651355e-153
ScenRelAMIns,ScnRelPlFcst,N34StarFcst,4.127872968651355e-153
ScenRelAMIns,ScnRelPlFcst,N34StarFcst,4.127872968651355e-153
ScenRelAMIns,ScnRelPlFcst,N34StarFcst,4.127872968651355e-153
ScenRelAMIns,ScnRelPlFcst,N34StarFcst,4.127872968651355e-153
ScenRelAMIns,ScnRelPlFcst,N34StarFcst,4.127872968651355e-153
ScenRelAMIns,ScnRelPlFcst,N34StarFcst,4.127872968651355e-153
ScenRelAMIns,ScnRelPlFcst,N34StarFcst,4.127872968651355e-153
ScenRelAMIns,PlainsFcst,MidLLapse,0.11683577081882979
ScenRelAMIns,N34StarFcst,MidLLapse,0.23837306013337106
ScenRelAMIns,R5Fcst,MidLLapse,0.1910810280880606
ScenRelAMIns,Dewpoints,Scenario,0.9999999999998318
ScenRelAMIns,Dewpoints,Scenario,0.9999999999998318
ScenRelAMIns,LowLLapse,Scenario,0.9999999997553383
ScenRelAMIns,LowLLapse,Scenario,0.9999999997553383
ScenRelAMIns,MeanRH,Scenario,0.9999997316466678
ScenRelAMIns,MeanRH,Scenario,0.9999997316466678
ScenRelAMIns,MidLLapse,Scenario,1.0
ScenRelAMIns,MvmtFeatures,Scenario,0.997319000131291
ScenRelAMIns,MvmtFeatures,Scenario,0.997319000131291
ScenRelAMIns,RHRatio,Scenario,0.9999721967439752
ScenRelAMIns,RHRatio,Scenario,0.9999721967439752
ScenRelAMIns,SfcWndShfDis,Scenario,0.9999266706800269
ScenRelAMIns,SfcWndShfDis,Scenario,0.9999266706800269
ScenRelAMIns,SynForcng,Scenario,0.9999999999999737
ScenRelAMIns,SynForcng,Scenario,0.9999999999999737
ScenRelAMIns,TempDis,Scenario,0.9995318312942174
ScenRelAMIns,TempDis,Scenario,0.9995318312942174
ScenRelAMIns,WindAloft,Scenario,0.9923297863197756
ScenRelAMIns,WindAloft,Scenario,0.9923297863197756
ScenRelAMIns,WindFieldMt,MidLLapse,0.06970601995026561
ScenRelAMIns,WindFieldPln,Scenario,0.9999993822735688
ScenRelAMIns,WindFieldPln,Scenario,0.9999993822735688
LIfr12ZDENSd,AMInsWliScen,N34StarFcst,6.217122138397806e-09
LIfr12ZDENSd,AMInsWliScen,N34StarFcst,6.217122138397806e-09
LIfr12ZDENSd,AMInsWliScen,N34StarFcst,6.217122138397806e-09
LIfr12ZDENSd,AMInsWliScen,N34StarFcst,6.217122138397806e-09
LIfr12ZDENSd,AMInsWliScen,N34StarFcst,6.217122138397806e-09
LIfr12ZDENSd,InsSclInScen,AMInsWliScen,0.41962096105452057
LIfr12ZDENSd,InsSclInScen,AMInsWliScen,0.41962096105452057
LIfr12ZDENSd,InsSclInScen,AMInsWliScen,0.41962096105452057
LIfr12ZDENSd,InsSclInScen,AMInsWliScen,0.41962096105452057
LIfr12ZDENSd,PlainsFcst,CompPlFcst,0.35287050146744403
LIfr12ZDENSd,N34StarFcst,CompPlFcst,0.0999983265388628
AMDewptCalPl,AMInsWliScen,N0_7muVerMo,3.686254930202382e-12
AMDewptCalPl,AMInsWliScen,N0_7muVerMo,3.686254930202382e-12
AMDewptCalPl,AMInsWliScen,N0_7muVerMo,3.686254930202382e-12
AMDewptCalPl,InsSclInScen,AMInsWliScen,0.5505152954149319
AMDewptCalPl,InsSclInScen,AMInsWliScen,0.5505152954149319
AMDewptCalPl,InsSclInScen,AMInsWliScen,0.5505152954149319
AMDewptCalPl,MeanRH,InsSclInScen,0.07284083773454339
AMInsWliScen,InsSclInScen,N34StarFcst,1.2361486144492073e-61
AMInsWliScen,InsSclInScen,N34StarFcst,1.2361486144492073e-61
AMInsWliScen,InsSclInScen,N34StarFcst,1.2361486144492073e-61
AMInsWliScen,InsSclInScen,N34StarFcst,1.2361486144492073e-61
AMInsWliScen,InsSclInScen,N34StarFcst,1.2361486144492073e-61
AMInsWliScen,InsSclInScen,N34StarFcst,1.2361486144492073e-61
AMInsWliScen,PlainsFcst,InsSclInScen,0.8820509692673488
AMInsWliScen,PlainsFcst,InsSclInScen,0.8820509692673488
AMInsWliScen,PlainsFcst,InsSclInScen,0.8820509692673488
AMInsWliScen,PlainsFcst,InsSclInScen,0.8820509692673488
AMInsWliScen,N34StarFcst,R5Fcst,0.08358279258271775
AMInsWliScen,N34StarFcst,R5Fcst,0.08358279258271775
AMInsWliScen,N34StarFcst,R5Fcst,0.08358279258271775
AMInsWliScen,R5Fcst,LIfr12ZDENSd,0.34406740468711455
InsSclInScen,PlainsFcst,N34StarFcst,0.4856361902475682
InsSclInScen,PlainsFcst,N34StarFcst,0.4856361902475682
InsSclInScen,PlainsFcst,N34StarFcst,0.4856361902475682
InsSclInScen,PlainsFcst,N34StarFcst,0.4856361902475682
InsSclInScen,PlainsFcst,N34StarFcst,0.4856361902475682
InsSclInScen,PlainsFcst,N34StarFcst,0.4856361902475682
InsSclInScen,PlainsFcst,N34StarFcst,0.4856361902475682
InsSclInScen,PlainsFcst,N34StarFcst,0.4856361902475682
InsSclInScen,N34StarFcst,PlainsFcst,0.7084551085465174
InsSclInScen,N34StarFcst,PlainsFcst,0.7084551085465174
InsSclInScen,N34StarFcst,PlainsFcst,0.7084551085465174
InsSclInScen,N34StarFcst,PlainsFcst,0.7084551085465174
InsSclInScen,N34StarFcst,PlainsFcst,0.7084551085465174
InsSclInScen,N34StarFcst,PlainsFcst,0.7084551085465174
InsSclInScen,N34StarFcst,PlainsFcst,0.7084551085465174
InsSclInScen,R5Fcst,LIfr12ZDENSd,0.07015877040558294
ScenRel3_4,ScnRelPlFcst,MvmtFeatures,1.2781762414068176e-165
ScenRel3_4,ScnRelPlFcst,MvmtFeatures,1.2781762414068176e-165
ScenRel3_4,ScnRelPlFcst,MvmtFeatures,1.2781762414068176e-165
ScenRel3_4,ScnRelPlFcst,MvmtFeatures,1.2781762414068176e-165
ScenRel3_4,ScnRelPlFcst,MvmtFeatures,1.2781762414068176e-165
ScenRel3_4,ScnRelPlFcst,MvmtFeatures,1.2781762414068176e-165
ScenRel3_4,ScnRelPlFcst,MvmtFeatures,1.2781762414068176e-165
ScenRel3_4,ScnRelPlFcst,MvmtFeatures,1.2781762414068176e-165
ScenRel3_4,ScnRelPlFcst,MvmtFeatures,1.2781762414068176e-165
ScenRel3_4,ScnRelPlFcst,MvmtFeatures,1.2781762414068176e-165
ScenRel3_4,ScnRelPlFcst,MvmtFeatures,1.2781762414068176e-165
ScenRel3_4,ScnRelPlFcst,MvmtFeatures,1.2781762414068176e-165
ScenRel3_4,ScnRelPlFcst,MvmtFeatures,1.2781762414068176e-165
ScenRel3_4,ScnRelPlFcst,MvmtFeatures,1.2781762414068176e-165
ScenRel3_4,ScnRelPlFcst,MvmtFeatures,1.2781762414068176e-165
ScenRel3_4,Dewpoints,Scenario,0.9999999939406675
ScenRel3_4,LowLLapse,Scenario,0.9999997777157591
ScenRel3_4,MeanRH,Scenario,0.9999764095738474
ScenRel3_4,MvmtFeatures,Scenario,0.9747308030740075
ScenRel3_4,RHRatio,Scenario,0.999280473968209
ScenRel3_4,SfcWndShfDis,Scenario,0.9965476674326573
ScenRel3_4,SynForcng,Scenario,0.999999999640097
ScenRel3_4,TempDis,Scenario,0.9955993007606885
ScenRel3_4,WindAloft,Scenario,0.9476313757174849
ScenRel3_4,WindFieldMt,Scenario,0.93013298993308
ScenRel3_4,WindFieldPln,Scenario,0.9998452364098581
LLIW,CurPropConv,WindFieldMt,1.0612715815540899e-21
LLIW,CurPropConv,WindFieldMt,1.0612715815540899e-21
LLIW,CurPropConv,WindFieldMt,1.0612715815540899e-21
LLIW,PlainsFcst,N34StarFcst,0.8971021259259525
LLIW,N34StarFcst,CurPropConv,0.847842578716443
LLIW,WindFieldMt,CurPropConv,0.2051284142626159
CurPropConv,PlainsFcst,LLIW,0.07289261121187297
CurPropConv,PlainsFcst,LLIW,0.07289261121187297
CurPropConv,PlainsFcst,LLIW,0.07289261121187297
CurPropConv,N34StarFcst,LLIW,0.1264543615108422
CurPropConv,N34StarFcst,LLIW,0.1264543615108422
CurPropConv,N34StarFcst,LLIW,0.1264543615108422
ScnRelPlFcst,PlainsFcst,MidLLapse,0.403778943545251
ScnRelPlFcst,N34StarFcst,MidLLapse,0.2773534868794404
ScnRelPlFcst,R5Fcst,MidLLapse,0.5118412790384212
ScnRelPlFcst,Dewpoints,Scenario,1.0
ScnRelPlFcst,Dewpoints,Scenario,1.0
ScnRelPlFcst,LowLLapse,Scenario,1.0
ScnRelPlFcst,LowLLapse,Scenario,1.0
ScnRelPlFcst,MeanRH,Scenario,1.0
ScnRelPlFcst,MeanRH,Scenario,1.0
ScnRelPlFcst,MidLLapse,Scenario,1.0
ScnRelPlFcst,MvmtFeatures,Scenario,0.999999999998722
ScnRelPlFcst,MvmtFeatures,Scenario,0.999999999998722
ScnRelPlFcst,RHRatio,Scenario,0.9999999999999996
ScnRelPlFcst,RHRatio,Scenario,0.9999999999999996
ScnRelPlFcst,SfcWndShfDis,Scenario,1.0
ScnRelPlFcst,SfcWndShfDis,Scenario,1.0
ScnRelPlFcst,SynForcng,Scenario,1.0
ScnRelPlFcst,SynForcng,Scenario,1.0
ScnRelPlFcst,TempDis,Scenario,0.999999999989127
ScnRelPlFcst,TempDis,Scenario,0.999999999989127
ScnRelPlFcst,WindAloft,Scenario,0.9999999999792479
ScnRelPlFcst,WindAloft,Scenario,0.9999999999792479
ScnRelPlFcst,WindFieldMt,Scenario,0.9999830856000782
ScnRelPlFcst,WindFieldMt,Scenario,0.9999830856000782
ScnRelPlFcst,WindFieldPln,Scenario,1.0
ScnRelPlFcst,WindFieldPln,Scenario,1.0
PlainsFcst,N34StarFcst,CurPropConv,3.834120251483518e-156
PlainsFcst,N34StarFcst,CurPropConv,3.834120251483518e-156
PlainsFcst,N34StarFcst,CurPropConv,3.834120251483518e-156
PlainsFcst,N34StarFcst,CurPropConv,3.834120251483518e-156
PlainsFcst,N34StarFcst,CurPropConv,3.834120251483518e-156
PlainsFcst,N34StarFcst,CurPropConv,3.834120251483518e-156
PlainsFcst,N34StarFcst,CurPropConv,3.834120251483518e-156
PlainsFcst,N34StarFcst,CurPropConv,3.834120251483518e-156
PlainsFcst,N34StarFcst,CurPropConv,3.834120251483518e-156
PlainsFcst,N34StarFcst,CurPropConv,3.834120251483518e-156
PlainsFcst,N34StarFcst,CurPropConv,3.834120251483518e-156
PlainsFcst,N34StarFcst,CurPropConv,3.834120251483518e-156
PlainsFcst,N34StarFcst,CurPropConv,3.834120251483518e-156
PlainsFcst,N34StarFcst,CurPropConv,3.834120251483518e-156
PlainsFcst,R5Fcst,N34StarFcst,0.2854586331149156
PlainsFcst,R5Fcst,N34StarFcst,0.2854586331149156
PlainsFcst,R5Fcst,N34StarFcst,0.2854586331149156
PlainsFcst,R5Fcst,N34StarFcst,0.2854586331149156
PlainsFcst,R5Fcst,N34StarFcst,0.2854586331149156
PlainsFcst,R5Fcst,N34StarFcst,0.2854586331149156
PlainsFcst,R5Fcst,N34StarFcst,0.2854586331149156
PlainsFcst,R5Fcst,N34StarFcst,0.2854586331149156
PlainsFcst,R5Fcst,N34StarFcst,0.2854586331149156
PlainsFcst,R5Fcst,N34StarFcst,0.2854586331149156
PlainsFcst,SfcWndShfDis,LIfr12ZDENSd,0.7411733571557262
PlainsFcst,WindAloft,LIfr12ZDENSd,0.07024840699287598
N34StarFcst,R5Fcst,CurPropConv,1.0197627284642999e-52
N34StarFcst,R5Fcst,CurPropConv,1.0197627284642999e-52
N34StarFcst,R5Fcst,CurPropConv,1.0197627284642999e-52
N34StarFcst,R5Fcst,CurPropConv,1.0197627284642999e-52
N34StarFcst,R5Fcst,CurPropConv,1.0197627284642999e-52
N34StarFcst,R5Fcst,CurPropConv,1.0197627284642999e-52
N34StarFcst,R5Fcst,CurPropConv,1.0197627284642999e-52
N34StarFcst,R5Fcst,CurPropConv,1.0197627284642999e-52
N34StarFcst,R5Fcst,CurPropConv,1.0197627284642999e-52
N34StarFcst,R5Fcst,CurPropConv,1.0197627284642999e-52
N34StarFcst,R5Fcst,CurPropConv,1.0197627284642999e-52
N34StarFcst,R5Fcst,CurPropConv,1.0197627284642999e-52
N34StarFcst,R5Fcst,CurPropConv,1.0197627284642999e-52
N34StarFcst,SfcWndShfDis,LIfr12ZDENSd,0.770079209002549
Dewpoints,LowLLapse,Scenario,0.9999931301930145
Dewpoints,MeanRH,Scenario,0.9999757396656047
Dewpoints,MvmtFeatures,Scenario,0.9999999998920232
Dewpoints,RHRatio,Scenario,0.9997438970608626
Dewpoints,SfcWndShfDis,Scenario,1.0
Dewpoints,SynForcng,Scenario,0.9999999999999963
Dewpoints,TempDis,Scenario,0.9999904402650168
Dewpoints,WindAloft,Scenario,0.9999999998046404
Dewpoints,WindFieldMt,Scenario,0.9988860825511527
Dewpoints,WindFieldPln,Scenario,1.0
LowLLapse,MeanRH,Dewpoints,0.32578829607115445
LowLLapse,MeanRH,Dewpoints,0.32578829607115445
LowLLapse,MeanRH,Dewpoints,0.32578829607115445
LowLLapse,MidLLapse,CombMoisture,0.27346166614002676
LowLLapse,RHRatio,Dewpoints,0.054570952688702795
LowLLapse,RHRatio,Dewpoints,0.054570952688702795
LowLLapse,RHRatio,Dewpoints,0.054570952688702795
LowLLapse,SfcWndShfDis,Dewpoints,0.0599409872492349
LowLLapse,SfcWndShfDis,Dewpoints,0.0599409872492349
LowLLapse,SfcWndShfDis,Dewpoints,0.0599409872492349
LowLLapse,WindFieldMt,MidLLapse,0.10271109155103698
LowLLapse,WindFieldPln,Dewpoints,0.17170768759128896
LowLLapse,WindFieldPln,Dewpoints,0.17170768759128896
LowLLapse,WindFieldPln,Dewpoints,0.17170768759128896
MeanRH,MidLLapse,Dewpoints,0.17945406455553586
MeanRH,RHRatio,Dewpoints,0.7097396153780879
MeanRH,RHRatio,Dewpoints,0.7097396153780879
MeanRH,SfcWndShfDis,Dewpoints,0.2885031702828165
MeanRH,SfcWndShfDis,Dewpoints,0.2885031702828165
MeanRH,WindFieldPln,Dewpoints,0.46404370402902967
MeanRH,WindFieldPln,Dewpoints,0.46404370402902967
MvmtFeatures,SfcWndShfDis,CombMoisture,0.07264452534007075
MvmtFeatures,SynForcng,Scenario,0.9999996402930051
MvmtFeatures,SynForcng,Scenario,0.9999996402930051
MvmtFeatures,SynForcng,Scenario,0.9999996402930051
MvmtFeatures,WindAloft,Scenario,0.9742961322480331
MvmtFeatures,WindAloft,Scenario,0.9742961322480331
MvmtFeatures,WindAloft,Scenario,0.9742961322480331
MvmtFeatures,WindFieldMt,Scenario,0.6981649511601
MvmtFeatures,WindFieldMt,Scenario,0.6981649511601
MvmtFeatures,WindFieldMt,Scenario,0.6981649511601
MvmtFeatures,WindFieldPln,Scenario,0.9999184305352453
MvmtFeatures,WindFieldPln,Scenario,0.9999184305352453
MvmtFeatures,WindFieldPln,Scenario,0.9999184305352453
RHRatio,SfcWndShfDis,Scenario,0.999988575893175
RHRatio,TempDis,Scenario,0.9553467107778488
RHRatio,WindAloft,Scenario,0.9409104144982507
RHRatio,WindFieldMt,Scenario,0.9061657950344427
RHRatio,WindFieldPln,Scenario,0.9987736425055019
SfcWndShfDis,SynForcng,Scenario,0.9999999999999966
SfcWndShfDis,TempDis,Scenario,0.9999992090356989
SfcWndShfDis,WindAloft,Scenario,0.9999789928466867
SfcWndShfDis,WindFieldPln,Scenario,0.9999999998940401
SynForcng,TempDis,Dewpoints,0.39172675324730377
SynForcng,WindAloft,Scenario,0.99185429736559
SynForcng,WindAloft,Scenario,0.99185429736559
SynForcng,WindFieldMt,Scenario,0.81761725837546
SynForcng,WindFieldMt,Scenario,0.81761725837546
SynForcng,WindFieldPln,Dewpoints,0.9815848862738218
TempDis,WindAloft,Scenario,0.9333974670338586
TempDis,WindFieldPln,Scenario,0.9999999908367968
WindAloft,WindFieldMt,Scenario,0.4376208511388842
WindAloft,WindFieldMt,Scenario,0.4376208511388842
WindAloft,WindFieldPln,Dewpoints,0.3585501484753765
WindFieldMt,WindFieldPln,Scenario,0.8682500042009564
WindFieldMt,WindFieldPln,Scenario,0.8682500042009564
CombMoisture,AreaMoDryAir,"RaoContMoist,SatContMoist",4.717100453457794e-13
CombClouds,CldShadeOth,"IRCloudCover,VISCloudCov",1.8072829925100267e-38
CldShadeOth,InsInMt,"AreaMoDryAir,CombClouds",0.09415253141249424
InsInMt,OutflowFrMt,"AMInstabMt,CldShadeOth",4.320430683893137e-05
InsInMt,OutflowFrMt,"AMInstabMt,CldShadeOth",4.320430683893137e-05
InsInMt,OutflowFrMt,"AMInstabMt,CldShadeOth",4.320430683893137e-05
InsInMt,OutflowFrMt,"AMInstabMt,CldShadeOth",4.320430683893137e-05
InsInMt,OutflowFrMt,"AMInstabMt,CldShadeOth",4.320430683893137e-05
InsInMt,OutflowFrMt,"AMInstabMt,CldShadeOth",4.320430683893137e-05
InsInMt,OutflowFrMt,"AMInstabMt,CldShadeOth",4.320430683893137e-05
InsInMt,OutflowFrMt,"AMInstabMt,CldShadeOth",4.320430683893137e-05
InsInMt,OutflowFrMt,"AMInstabMt,CldShadeOth",4.320430683893137e-05
InsInMt,OutflowFrMt,"AMInstabMt,CldShadeOth",4.320430683893137e-05
InsInMt,CldShadeConv,"CldShadeOth,OutflowFrMt",7.5042336673459625e-06
InsInMt,CldShadeConv,"CldShadeOth,OutflowFrMt",7.5042336673459625e-06
InsInMt,CldShadeConv,"CldShadeOth,OutflowFrMt",7.5042336673459625e-06
InsInMt,CldShadeConv,"CldShadeOth,OutflowFrMt",7.5042336673459625e-06
InsInMt,CldShadeConv,"CldShadeOth,OutflowFrMt",7.5042336673459625e-06
InsInMt,CldShadeConv,"CldShadeOth,OutflowFrMt",7.5042336673459625e-06
InsInMt,CldShadeConv,"CldShadeOth,OutflowFrMt",7.5042336673459625e-06
InsInMt,CldShadeConv,"CldShadeOth,OutflowFrMt",7.5042336673459625e-06
InsInMt,CldShadeConv,"CldShadeOth,OutflowFrMt",7.5042336673459625e-06
InsInMt,CldShadeConv,"CldShadeOth,OutflowFrMt",7.5042336673459625e-06
InsInMt,MountainFcst,"OutflowFrMt,R5Fcst",0.06869895864585314
InsInMt,MountainFcst,"OutflowFrMt,R5Fcst",0.06869895864585314
InsInMt,MountainFcst,"OutflowFrMt,R5Fcst",0.06869895864585314
InsInMt,MountainFcst,"OutflowFrMt,R5Fcst",0.06869895864585314
InsInMt,MountainFcst,"OutflowFrMt,R5Fcst",0.06869895864585314
InsInMt,MountainFcst,"OutflowFrMt,R5Fcst",0.06869895864585314
InsInMt,R5Fcst,"AMInstabMt,CldShadeOth",0.08776566841385625
InsInMt,R5Fcst,"AMInstabMt,CldShadeOth",0.08776566841385625
InsInMt,R5Fcst,"AMInstabMt,CldShadeOth",0.08776566841385625
InsInMt,R5Fcst,"AMInstabMt,CldShadeOth",0.08776566841385625
InsInMt,R5Fcst,"AMInstabMt,CldShadeOth",0.08776566841385625
InsInMt,R5Fcst,"AMInstabMt,CldShadeOth",0.08776566841385625
InsInMt,R5Fcst,"AMInstabMt,CldShadeOth",0.08776566841385625
InsInMt,R5Fcst,"AMInstabMt,CldShadeOth",0.08776566841385625
InsInMt,R5Fcst,"AMInstabMt,CldShadeOth",0.08776566841385625
WndHodograph,OutflowFrMt,"Boundaries,CldShadeConv",1.2968936374852995e-09
WndHodograph,Boundaries,"CldShadeConv,OutflowFrMt",0.00047034203176236965
WndHodograph,CldShadeConv,"Boundaries,OutflowFrMt",1.0298092355314964e-08
OutflowFrMt,Boundaries,"InsInMt,WndHodograph",1.2865937024634324e-10
Scenario,ScenRelAMCIN,"ScenRelAMIns,ScnRelPlFcst",1.0
Scenario,ScenRelAMIns,"ScenRelAMCIN,ScnRelPlFcst",0.9999999999999319
Scenario,ScenRel3_4,"ScenRelAMCIN,ScnRelPlFcst",0.9999994909679653
Scenario,ScnRelPlFcst,"ScenRel3_4,ScenRelAMIns",1.0
Scenario,ScnRelPlFcst,"ScenRel3_4,ScenRelAMIns",1.0
ScenRelAMCIN,ScenRelAMIns,"Scenario,ScnRelPlFcst",1.0
ScenRelAMCIN,ScenRel3_4,"Scenario,ScnRelPlFcst",1.0
ScenRelAMCIN,ScnRelPlFcst,"ScenRelAMIns,Scenario",1.0
ScenRelAMIns,ScenRel3_4,"ScenRelAMCIN,ScnRelPlFcst",0.19533942552189792
ScenRelAMIns,ScnRelPlFcst,"ScenRelAMCIN,Scenario",0.9999999999999319
AMInsWliScen,InsSclInScen,"AMDewptCalPl,LIfr12ZDENSd",5.077377468545088e-33
ScenRel3_4,ScnRelPlFcst,"ScenRelAMCIN,Scenario",0.9999994909679653
