node_i,node_j,condition,p_value
N0_7muVerMo,SubjVertMo,,0.824788555312918
N0_7muVerMo,QGVertMotion,,0.6876303704119298
N0_7muVerMo,CombVerMo,,4.093137505321186e-32
N0_7muVerMo,AreaMeso_ALS,,4.093137505321186e-32
N0_7muVerMo,SatContMoist,,0.3115412269764082
N0_7muVerMo,RaoContMoist,,0.05388497359383689
N0_7muVerMo,CombMoisture,,0.20175539281405253
N0_7muVerMo,AreaMoDryAir,,0.0011095062536485955
N0_7muVerMo,VISCloudCov,,0.182056405821832
N0_7muVerMo,IRCloudCover,,0.40197864648463255
N0_7muVerMo,CombClouds,,0.7685648561787193
N0_7muVerMo,CldShadeOth,,0.03548185088750262
N0_7muVerMo,AMInstabMt,,0.1281932308611625
N0_7muVerMo,InsInMt,,0.9512882533698712
N0_7muVerMo,WndHodograph,,0.6388801804448279
N0_7muVerMo,OutflowFrMt,,0.7820636575732504
N0_7muVerMo,MorningBound,,0.9623072778031805
N0_7muVerMo,Boundaries,,0.9016260136642434
N0_7muVerMo,CldShadeConv,,0.03857171807435066
N0_7muVerMo,CompPlFcst,,8.756119011271559e-05
N0_7muVerMo,CapChange,,8.756119011271559e-05
N0_7muVerMo,LoLevMoistAd,,0.17796792701118835
N0_7muVerMo,InsChange,,0.036815641024811066
N0_7muVerMo,MountainFcst,,0.9660716356784543
N0_7muVerMo,Date,,0.6454371736419103
N0_7muVerMo,Scenario,,0.7382726894768425
N0_7muVerMo,ScenRelAMCIN,,0.19943711175448242
N0_7muVerMo,MorningCIN,,0.3437986469103715
N0_7muVerMo,AMCINInScen,,0.9159659560707137
N0_7muVerMo,CapInScen,,0.0007869055500918713
N0_7muVerMo,ScenRelAMIns,,0.6758302120827084
N0_7muVerMo,LIfr12ZDENSd,,0.16613759633331768
N0_7muVerMo,AMDewptCalPl,,0.45689832926148455
N0_7muVerMo,AMInsWliScen,,0.20939904132265358
N0_7muVerMo,InsSclInScen,,0.31435267686169244
N0_7muVerMo,ScenRel3_4,,0.38152544063624627
N0_7muVerMo,LatestCIN,,0.34365065709515497
N0_7muVerMo,LLIW,,0.7906463158487927
N0_7muVerMo,CurPropConv,,0.5053477700657423
N0_7muVerMo,ScnRelPlFcst,,0.7382726894768425
N0_7muVerMo,PlainsFcst,,0.8926513549471097
N0_7muVerMo,N34StarFcst,,0.7272169735918699
N0_7muVerMo,R5Fcst,,0.6774291064994302
N0_7muVerMo,Dewpoints,,0.8867127010507613
N0_7muVerMo,LowLLapse,,0.8771387999909063
N0_7muVerMo,MeanRH,,0.851569050340217
N0_7muVerMo,MidLLapse,,0.6624431303065614
N0_7muVerMo,MvmtFeatures,,0.8213064553691883
N0_7muVerMo,RHRatio,,0.33647129270170384
N0_7muVerMo,SfcWndShfDis,,0.8143615527358165
N0_7muVerMo,SynForcng,,0.7278780405901538
N0_7muVerMo,TempDis,,0.9086644087439496
N0_7muVerMo,WindAloft,,0.014528454138447583
N0_7muVerMo,WindFieldMt,,0.4502235388945556
N0_7muVerMo,WindFieldPln,,0.7965686655040559
SubjVertMo,QGVertMotion,,0.9461031683347999
SubjVertMo,CombVerMo,,4.2701759428261875e-30
SubjVertMo,AreaMeso_ALS,,4.2701759428261875e-30
SubjVertMo,SatContMoist,,0.3755142289407685
SubjVertMo,RaoContMoist,,0.2629747946900539
SubjVertMo,CombMoisture,,0.9471211502869821
SubjVertMo,AreaMoDryAir,,0.0013274416045425043
SubjVertMo,VISCloudCov,,0.6581241062314633
SubjVertMo,IRCloudCover,,0.34680136557767716
SubjVertMo,CombClouds,,0.46999873002351533
SubjVertMo,CldShadeOth,,0.061109011202248875
SubjVertMo,AMInstabMt,,0.913879802063905
SubjVertMo,InsInMt,,0.589143897585751
SubjVertMo,WndHodograph,,0.6027683588355607
SubjVertMo,OutflowFrMt,,0.049490236591984045
SubjVertMo,MorningBound,,0.3212936123228717
SubjVertMo,Boundaries,,0.4125892058940338
SubjVertMo,CldShadeConv,,0.816877811857592
SubjVertMo,CompPlFcst,,0.021877685306641192
SubjVertMo,CapChange,,0.021877685306641192
SubjVertMo,LoLevMoistAd,,0.9741078277765458
SubjVertMo,InsChange,,0.9658632272194231
SubjVertMo,MountainFcst,,0.7537896546706949
SubjVertMo,Date,,0.3686029816887158
SubjVertMo,Scenario,,0.9520219104956464
SubjVertMo,ScenRelAMCIN,,0.79356939271296
SubjVertMo,MorningCIN,,0.5677468547895184
SubjVertMo,AMCINInScen,,0.6602279222131195
SubjVertMo,CapInScen,,0.20527427230190895
SubjVertMo,ScenRelAMIns,,0.7233057262493947
SubjVertMo,LIfr12ZDENSd,,0.08208805972373247
SubjVertMo,AMDewptCalPl,,0.5281716968710255
SubjVertMo,AMInsWliScen,,0.4511917607511873
SubjVertMo,InsSclInScen,,0.7144753648151643
SubjVertMo,ScenRel3_4,,0.5630260884711336
SubjVertMo,LatestCIN,,0.40619340810546817
SubjVertMo,LLIW,,0.8936875562237525
SubjVertMo,CurPropConv,,0.23600576172897947
SubjVertMo,ScnRelPlFcst,,0.9520219104956464
SubjVertMo,PlainsFcst,,0.9317953643058711
SubjVertMo,N34StarFcst,,0.47438495113444024
SubjVertMo,R5Fcst,,0.44498491430379217
SubjVertMo,Dewpoints,,0.13218089870034824
SubjVertMo,LowLLapse,,0.07390820887572352
SubjVertMo,MeanRH,,0.3985077282653248
SubjVertMo,MidLLapse,,0.6822273276313462
SubjVertMo,MvmtFeatures,,0.967779289113022
SubjVertMo,RHRatio,,0.0020271219194331557
SubjVertMo,SfcWndShfDis,,0.11866634977032652
SubjVertMo,SynForcng,,0.4314221064911066
SubjVertMo,TempDis,,0.18457371590433405
SubjVertMo,WindAloft,,0.4503367439623661
SubjVertMo,WindFieldMt,,0.9462560836413421
SubjVertMo,WindFieldPln,,0.7342201220727813
QGVertMotion,CombVerMo,,2.262581774522679e-19
QGVertMotion,AreaMeso_ALS,,2.262581774522679e-19
QGVertMotion,SatContMoist,,0.5682299037056298
QGVertMotion,RaoContMoist,,0.3283599522346963
QGVertMotion,CombMoisture,,0.725962420322711
QGVertMotion,AreaMoDryAir,,0.06531669221244714
QGVertMotion,VISCloudCov,,0.08054846373260868
QGVertMotion,IRCloudCover,,0.27951050074262773
QGVertMotion,CombClouds,,0.6959174608668692
QGVertMotion,CldShadeOth,,0.00018908185173792245
QGVertMotion,AMInstabMt,,0.8631913435175773
QGVertMotion,InsInMt,,0.5071918954830508
QGVertMotion,WndHodograph,,0.9658952699912244
QGVertMotion,OutflowFrMt,,0.46025862244961024
QGVertMotion,MorningBound,,0.3638371578980477
QGVertMotion,Boundaries,,0.12795666863469934
QGVertMotion,CldShadeConv,,0.47810630639714125
QGVertMotion,CompPlFcst,,0.8770190311164002
QGVertMotion,CapChange,,0.8770190311164002
QGVertMotion,LoLevMoistAd,,0.751820437115428
QGVertMotion,InsChange,,0.43176000722077534
QGVertMotion,MountainFcst,,0.8578040295606942
QGVertMotion,Date,,0.8741184545376125
QGVertMotion,Scenario,,0.23509370688220216
QGVertMotion,ScenRelAMCIN,,0.30643202923584156
QGVertMotion,MorningCIN,,0.7232489081592497
QGVertMotion,AMCINInScen,,0.6167436063244494
QGVertMotion,CapInScen,,0.5314231431397607
QGVertMotion,ScenRelAMIns,,0.3243753926224353
QGVertMotion,LIfr12ZDENSd,,0.12332146640779892
QGVertMotion,AMDewptCalPl,,0.4394542969189329
QGVertMotion,AMInsWliScen,,0.8083370354555899
QGVertMotion,InsSclInScen,,0.652662449823898
QGVertMotion,ScenRel3_4,,0.10592655767605225
QGVertMotion,LatestCIN,,0.27056578374828333
QGVertMotion,LLIW,,0.2861517016628158
QGVertMotion,CurPropConv,,0.08758539755892501
QGVertMotion,ScnRelPlFcst,,0.23509370688220216
QGVertMotion,PlainsFcst,,0.997500377014445
QGVertMotion,N34StarFcst,,0.9716733359889705
QGVertMotion,R5Fcst,,0.7716694150435117
QGVertMotion,Dewpoints,,0.14350869370843536
QGVertMotion,LowLLapse,,0.9705800240334641
QGVertMotion,MeanRH,,0.08832710479300306
QGVertMotion,MidLLapse,,0.029672400293528342
QGVertMotion,MvmtFeatures,,0.06641390262820199
QGVertMotion,RHRatio,,0.19163113455055236
QGVertMotion,SfcWndShfDis,,0.016771424274899784
QGVertMotion,SynForcng,,0.8741837425249569
QGVertMotion,TempDis,,0.6238825961987848
QGVertMotion,WindAloft,,0.8890279903720063
QGVertMotion,WindFieldMt,,0.180126513215815
QGVertMotion,WindFieldPln,,0.0793017284369738
CombVerMo,AreaMeso_ALS,,2.9506921547916835e-305
CombVerMo,SatContMoist,,0.7803567231821291
CombVerMo,RaoContMoist,,0.07252433067367683
CombVerMo,CombMoisture,,0.4562096918123889
CombVerMo,AreaMoDryAir,,5.220143767799365e-17
CombVerMo,VISCloudCov,,0.012980938994856962
CombVerMo,IRCloudCover,,0.2335263539351627
CombVerMo,CombClouds,,0.16428791216836688
CombVerMo,CldShadeOth,,1.4194629407202807e-15
CombVerMo,AMInstabMt,,0.20708191234282639
CombVerMo,InsInMt,,0.21155286396706735
CombVerMo,WndHodograph,,0.6300491997610911
CombVerMo,OutflowFrMt,,0.9709491759819727
CombVerMo,MorningBound,,0.24957575641611132
CombVerMo,Boundaries,,0.175914033729223
CombVerMo,CldShadeConv,,0.37683872549250735
CombVerMo,CompPlFcst,,6.8503727826801365e-09
CombVerMo,CapChange,,6.8503727826801365e-09
CombVerMo,LoLevMoistAd,,0.7462332992166685
CombVerMo,InsChange,,0.32866621398978424
CombVerMo,MountainFcst,,0.46535628673857365
CombVerMo,Date,,0.7963080390349725
CombVerMo,Scenario,,0.9869656005025726
CombVerMo,ScenRelAMCIN,,0.7594902459341812
CombVerMo,MorningCIN,,0.4516601584056237
CombVerMo,AMCINInScen,,0.694384682505591
CombVerMo,CapInScen,,0.0015147423712373355
CombVerMo,ScenRelAMIns,,0.9700751138211282
CombVerMo,LIfr12ZDENSd,,0.01103725210324116
CombVerMo,AMDewptCalPl,,0.5997396494085077
CombVerMo,AMInsWliScen,,0.3863327700036609
CombVerMo,InsSclInScen,,0.6455975630523925
CombVerMo,ScenRel3_4,,0.867349480704416
CombVerMo,LatestCIN,,0.029863327466320994
CombVerMo,LLIW,,0.8250241325749703
CombVerMo,CurPropConv,,0.8927401575518155
CombVerMo,ScnRelPlFcst,,0.9869656005025726
CombVerMo,PlainsFcst,,0.5263714808224795
CombVerMo,N34StarFcst,,0.2807341990646618
CombVerMo,R5Fcst,,0.333380126737869
CombVerMo,Dewpoints,,0.23505831010232653
CombVerMo,LowLLapse,,0.38047535741627814
CombVerMo,MeanRH,,0.3762049891051186
CombVerMo,MidLLapse,,0.9181902833189635
CombVerMo,MvmtFeatures,,0.5366499815733398
CombVerMo,RHRatio,,0.7672593330655572
CombVerMo,SfcWndShfDis,,0.7530206475040085
CombVerMo,SynForcng,,0.94732090801731
CombVerMo,TempDis,,0.766202938313678
CombVerMo,WindAloft,,0.7558779960145815
CombVerMo,WindFieldMt,,0.04771786365112692
CombVerMo,WindFieldPln,,0.5023961579922506
AreaMeso_ALS,SatContMoist,,0.7803567231821291
AreaMeso_ALS,RaoContMoist,,0.07252433067367683
AreaMeso_ALS,CombMoisture,,0.4562096918123889
AreaMeso_ALS,AreaMoDryAir,,5.220143767799365e-17
AreaMeso_ALS,VISCloudCov,,0.012980938994856962
AreaMeso_ALS,IRCloudCover,,0.2335263539351627
AreaMeso_ALS,CombClouds,,0.16428791216836688
AreaMeso_ALS,CldShadeOth,,1.4194629407202807e-15
AreaMeso_ALS,AMInstabMt,,0.20708191234282639
AreaMeso_ALS,InsInMt,,0.21155286396706735
AreaMeso_ALS,WndHodograph,,0.6300491997610911
AreaMeso_ALS,OutflowFrMt,,0.9709491759819727
AreaMeso_ALS,MorningBound,,0.24957575641611132
AreaMeso_ALS,Boundaries,,0.175914033729223
AreaMeso_ALS,CldShadeConv,,0.37683872549250735
AreaMeso_ALS,CompPlFcst,,6.8503727826801365e-09
AreaMeso_ALS,CapChange,,6.8503727826801365e-09
AreaMeso_ALS,LoLevMoistAd,,0.7462332992166685
AreaMeso_ALS,InsChange,,0.32866621398978424
AreaMeso_ALS,MountainFcst,,0.46535628673857365
AreaMeso_ALS,Date,,0.7963080390349725
AreaMeso_ALS,Scenario,,0.9869656005025726
AreaMeso_ALS,ScenRelAMCIN,,0.7594902459341812
AreaMeso_ALS,MorningCIN,,0.4516601584056237
AreaMeso_ALS,AMCINInScen,,0.694384682505591
AreaMeso_ALS,CapInScen,,0.0015147423712373355
AreaMeso_ALS,ScenRelAMIns,,0.9700751138211282
AreaMeso_ALS,LIfr12ZDENSd,,0.01103725210324116
AreaMeso_ALS,AMDewptCalPl,,0.5997396494085077
AreaMeso_ALS,AMInsWliScen,,0.3863327700036609
AreaMeso_ALS,InsSclInScen,,0.6455975630523925
AreaMeso_ALS,ScenRel3_4,,0.867349480704416
AreaMeso_ALS,LatestCIN,,0.029863327466320994
AreaMeso_ALS,LLIW,,0.8250241325749703
AreaMeso_ALS,CurPropConv,,0.8927401575518155
AreaMeso_ALS,ScnRelPlFcst,,0.9869656005025726
AreaMeso_ALS,PlainsFcst,,0.5263714808224795
AreaMeso_ALS,N34StarFcst,,0.2807341990646618
AreaMeso_ALS,R5Fcst,,0.333380126737869
AreaMeso_ALS,Dewpoints,,0.23505831010232653
AreaMeso_ALS,LowLLapse,,0.38047535741627814
AreaMeso_ALS,MeanRH,,0.3762049891051186
AreaMeso_ALS,MidLLapse,,0.9181902833189635
AreaMeso_ALS,MvmtFeatures,,0.5366499815733398
AreaMeso_ALS,RHRatio,,0.7672593330655572
AreaMeso_ALS,SfcWndShfDis,,0.7530206475040085
AreaMeso_ALS,SynForcng,,0.94732090801731
AreaMeso_ALS,TempDis,,0.766202938313678
AreaMeso_ALS,WindAloft,,0.7558779960145815
AreaMeso_ALS,WindFieldMt,,0.04771786365112692
AreaMeso_ALS,WindFieldPln,,0.5023961579922506
SatContMoist,RaoContMoist,,0.9715852088992696
SatContMoist,CombMoisture,,4.5837776373253175e-22
SatContMoist,AreaMoDryAir,,6.484359181924736e-13
SatContMoist,VISCloudCov,,0.9921797224593089
SatContMoist,IRCloudCover,,0.8950895900890246
SatContMoist,CombClouds,,0.8718718121790192
SatContMoist,CldShadeOth,,0.7642397292850088
SatContMoist,AMInstabMt,,0.38449569037589343
SatContMoist,InsInMt,,0.3109653153396198
SatContMoist,WndHodograph,,0.7301589325704922
SatContMoist,OutflowFrMt,,0.15361520972775405
SatContMoist,MorningBound,,0.026793611805411094
SatContMoist,Boundaries,,0.008442305263984195
SatContMoist,CldShadeConv,,0.3698887826009597
SatContMoist,CompPlFcst,,0.44189318915145603
SatContMoist,CapChange,,0.44189318915145603
SatContMoist,LoLevMoistAd,,0.8031402600892952
SatContMoist,InsChange,,0.11247159406998493
SatContMoist,MountainFcst,,0.003954857710977428
SatContMoist,Date,,0.04495667243667322
SatContMoist,Scenario,,0.6936224492410705
SatContMoist,ScenRelAMCIN,,0.15777347533601468
SatContMoist,MorningCIN,,0.1554383288674397
SatContMoist,AMCINInScen,,0.7247246628882045
SatContMoist,CapInScen,,0.7189617995368016
SatContMoist,ScenRelAMIns,,0.7946425483083734
SatContMoist,LIfr12ZDENSd,,0.3734926813887679
SatContMoist,AMDewptCalPl,,0.7275421938136205
SatContMoist,AMInsWliScen,,0.3668085028397952
SatContMoist,InsSclInScen,,0.6808804506053796
SatContMoist,ScenRel3_4,,0.3498876886692184
SatContMoist,LatestCIN,,0.2999441024959174
SatContMoist,LLIW,,0.0854063783203873
SatContMoist,CurPropConv,,0.6457428020512259
SatContMoist,ScnRelPlFcst,,0.6936224492410705
SatContMoist,PlainsFcst,,0.7324256353053851
SatContMoist,N34StarFcst,,0.9316023183682213
SatContMoist,R5Fcst,,0.24398892106678513
SatContMoist,Dewpoints,,0.5795835799562656
SatContMoist,LowLLapse,,0.9194782787236448
SatContMoist,MeanRH,,0.06601013129495222
SatContMoist,MidLLapse,,0.20132154307441893
SatContMoist,MvmtFeatures,,0.5289748184080401
SatContMoist,RHRatio,,0.6572120024671733
SatContMoist,SfcWndShfDis,,0.5625304124219022
SatContMoist,SynForcng,,0.4815437002050985
SatContMoist,TempDis,,0.2574342804936123
SatContMoist,WindAloft,,0.41028770466839753
SatContMoist,WindFieldMt,,0.2413610912098472
SatContMoist,WindFieldPln,,0.7310613625239024
RaoContMoist,CombMoisture,,4.632578734127743e-16
RaoContMoist,AreaMoDryAir,,1.1652150489543781e-07
RaoContMoist,VISCloudCov,,0.7975967483361387
RaoContMoist,IRCloudCover,,0.5416593601973394
RaoContMoist,CombClouds,,0.6632796519366955
RaoContMoist,CldShadeOth,,0.08256431292314384
RaoContMoist,AMInstabMt,,0.6237535017452447
RaoContMoist,InsInMt,,0.8931978499181957
RaoContMoist,WndHodograph,,0.8144149529653636
RaoContMoist,OutflowFrMt,,0.8088894053715696
RaoContMoist,MorningBound,,0.29635623536503153
RaoContMoist,Boundaries,,0.7546914489053598
RaoContMoist,CldShadeConv,,0.744694273543159
RaoContMoist,CompPlFcst,,0.08989547253168288
RaoContMoist,CapChange,,0.08989547253168288
RaoContMoist,LoLevMoistAd,,0.5566307007978425
RaoContMoist,InsChange,,0.8308091404277818
RaoContMoist,MountainFcst,,0.837751659983125
RaoContMoist,Date,,0.4020921754736802
RaoContMoist,Scenario,,0.9906428454044343
RaoContMoist,ScenRelAMCIN,,0.8350200203395044
RaoContMoist,MorningCIN,,0.1098340094803771
RaoContMoist,AMCINInScen,,0.7278505996389917
RaoContMoist,CapInScen,,0.678342844129102
RaoContMoist,ScenRelAMIns,,0.994426628880622
RaoContMoist,LIfr12ZDENSd,,0.22104148632810278
RaoContMoist,AMDewptCalPl,,0.48203018777760565
RaoContMoist,AMInsWliScen,,0.9987939569304546
RaoContMoist,InsSclInScen,,0.9245745987925151
RaoContMoist,ScenRel3_4,,0.918276901064575
RaoContMoist,LatestCIN,,0.9980933685351286
RaoContMoist,LLIW,,0.2572314100442673
RaoContMoist,CurPropConv,,0.7415882501986599
RaoContMoist,ScnRelPlFcst,,0.9906428454044343
RaoContMoist,PlainsFcst,,0.30993191402134035
RaoContMoist,N34StarFcst,,0.402855165811686
RaoContMoist,R5Fcst,,0.4518780846018935
RaoContMoist,Dewpoints,,0.8291106113211684
RaoContMoist,LowLLapse,,0.42639135075867407
RaoContMoist,MeanRH,,0.34361294503819984
RaoContMoist,MidLLapse,,0.7245637569047274
RaoContMoist,MvmtFeatures,,0.2977947562177259
RaoContMoist,RHRatio,,0.7314175912520469
RaoContMoist,SfcWndShfDis,,0.4809879671296461
RaoContMoist,SynForcng,,0.48853320489099805
RaoContMoist,TempDis,,0.24364034056476003
RaoContMoist,WindAloft,,0.5695444590276352
RaoContMoist,WindFieldMt,,0.11338466428052509
RaoContMoist,WindFieldPln,,0.5569879182225825
CombMoisture,AreaMoDryAir,,1.9168310251326334e-95
CombMoisture,VISCloudCov,,0.32213705763173806
CombMoisture,IRCloudCover,,0.8724587125568057
CombMoisture,CombClouds,,0.5667167562876516
CombMoisture,CldShadeOth,,0.0512975065300901
CombMoisture,AMInstabMt,,0.38726497912532293
CombMoisture,InsInMt,,0.279832789475923
CombMoisture,WndHodograph,,0.8019601743590649
CombMoisture,OutflowFrMt,,0.9828842535066313
CombMoisture,MorningBound,,0.5069634916460677
CombMoisture,Boundaries,,0.5551234900468176
CombMoisture,CldShadeConv,,0.20542630090728545
CombMoisture,CompPlFcst,,0.9209844242102472
CombMoisture,CapChange,,0.9209844242102472
CombMoisture,LoLevMoistAd,,0.6929275814522857
CombMoisture,InsChange,,0.686542073934756
CombMoisture,MountainFcst,,0.877319571254665
CombMoisture,Date,,0.5383623966717876
CombMoisture,Scenario,,0.8203669646197184
CombMoisture,ScenRelAMCIN,,0.5648450973231254
CombMoisture,MorningCIN,,0.8291179565805401
CombMoisture,AMCINInScen,,0.24837318332397598
CombMoisture,CapInScen,,0.6569984084351457
CombMoisture,ScenRelAMIns,,0.45405930038220366
CombMoisture,LIfr12ZDENSd,,0.4942414012882913
CombMoisture,AMDewptCalPl,,0.8321208987450918
CombMoisture,AMInsWliScen,,0.9836995827100143
CombMoisture,InsSclInScen,,0.5257888113335885
CombMoisture,ScenRel3_4,,0.5161922148300628
CombMoisture,LatestCIN,,0.09523171214952805
CombMoisture,LLIW,,0.6337434155213807
CombMoisture,CurPropConv,,0.5278123419398493
CombMoisture,ScnRelPlFcst,,0.8203669646197184
CombMoisture,PlainsFcst,,0.3195487318678948
CombMoisture,N34StarFcst,,0.2053692990399419
CombMoisture,R5Fcst,,0.7928391160972215
CombMoisture,Dewpoints,,0.9065301874532012
CombMoisture,LowLLapse,,0.7071999215984737
CombMoisture,MeanRH,,0.690207895015323
CombMoisture,MidLLapse,,0.8949234737972704
CombMoisture,MvmtFeatures,,0.09700413057223192
CombMoisture,RHRatio,,0.2708832709172703
CombMoisture,SfcWndShfDis,,0.7602216024637822
CombMoisture,SynForcng,,0.11381287000391771
CombMoisture,TempDis,,0.06254665033485961
CombMoisture,WindAloft,,0.3375501997522136
CombMoisture,WindFieldMt,,0.13294956019497203
CombMoisture,WindFieldPln,,0.8484259129300018
AreaMoDryAir,VISCloudCov,,0.22856754717286765
AreaMoDryAir,IRCloudCover,,0.9248039047657775
AreaMoDryAir,CombClouds,,0.8105544545509344
AreaMoDryAir,CldShadeOth,,9.104155740003582e-07
AreaMoDryAir,AMInstabMt,,0.41253042510145577
AreaMoDryAir,InsInMt,,0.44055877491283624
AreaMoDryAir,WndHodograph,,0.6253962546389666
AreaMoDryAir,OutflowFrMt,,0.9484787017975025
AreaMoDryAir,MorningBound,,0.882639891571351
AreaMoDryAir,Boundaries,,0.7427204336012361
AreaMoDryAir,CldShadeConv,,0.389217177160036
AreaMoDryAir,CompPlFcst,,0.27363960527667036
AreaMoDryAir,CapChange,,0.27363960527667036
AreaMoDryAir,LoLevMoistAd,,0.9219803536354098
AreaMoDryAir,InsChange,,0.424572729352236
AreaMoDryAir,MountainFcst,,0.653047562638799
AreaMoDryAir,Date,,0.28178153174759
AreaMoDryAir,Scenario,,0.96375265161846
AreaMoDryAir,ScenRelAMCIN,,0.36948263384747687
AreaMoDryAir,MorningCIN,,0.15971988660440573
AreaMoDryAir,AMCINInScen,,0.967533070631404
AreaMoDryAir,CapInScen,,0.6670550391601149
AreaMoDryAir,ScenRelAMIns,,0.8495566732081941
AreaMoDryAir,LIfr12ZDENSd,,0.678037240750452
AreaMoDryAir,AMDewptCalPl,,0.7818696515689407
AreaMoDryAir,AMInsWliScen,,0.5430925378615155
AreaMoDryAir,InsSclInScen,,0.19017328117775525
AreaMoDryAir,ScenRel3_4,,0.9242352382276001
AreaMoDryAir,LatestCIN,,0.40253578302684606
AreaMoDryAir,LLIW,,0.5404176017128924
AreaMoDryAir,CurPropConv,,0.1958273493621873
AreaMoDryAir,ScnRelPlFcst,,0.96375265161846
AreaMoDryAir,PlainsFcst,,0.23364537821601816
AreaMoDryAir,N34StarFcst,,0.3777309828856536
AreaMoDryAir,R5Fcst,,0.15292605397396403
AreaMoDryAir,Dewpoints,,0.9569817663082055
AreaMoDryAir,LowLLapse,,0.01735734152547969
AreaMoDryAir,MeanRH,,0.594587159760688
AreaMoDryAir,MidLLapse,,0.5949614243504802
AreaMoDryAir,MvmtFeatures,,0.5121851121680179
AreaMoDryAir,RHRatio,,0.7597685833880846
AreaMoDryAir,SfcWndShfDis,,0.6220015382769768
AreaMoDryAir,SynForcng,,0.7686913564082242
AreaMoDryAir,TempDis,,0.19780787434452562
AreaMoDryAir,WindAloft,,0.047873140470589826
AreaMoDryAir,WindFieldMt,,0.5768814885800395
AreaMoDryAir,WindFieldPln,,0.5220775905971474
VISCloudCov,IRCloudCover,,0.07878575299644931
VISCloudCov,CombClouds,,3.5531425837957194e-65
VISCloudCov,CldShadeOth,,3.4315491142922284e-38
VISCloudCov,AMInstabMt,,0.12345308958772608
VISCloudCov,InsInMt,,0.30469676073156876
VISCloudCov,WndHodograph,,0.032232887171670624
VISCloudCov,OutflowFrMt,,0.33021219582656275
VISCloudCov,MorningBound,,0.37669019847037566
VISCloudCov,Boundaries,,0.33605346223003907
VISCloudCov,CldShadeConv,,0.2882516629128235
VISCloudCov,CompPlFcst,,0.16202872161118848
VISCloudCov,CapChange,,0.16202872161118848
VISCloudCov,LoLevMoistAd,,0.7913256528942217
VISCloudCov,InsChange,,0.1671766239936565
VISCloudCov,MountainFcst,,0.7128189598095764
VISCloudCov,Date,,0.6778223643919284
VISCloudCov,Scenario,,0.6719231796549245
VISCloudCov,ScenRelAMCIN,,0.7293790373300344
VISCloudCov,MorningCIN,,0.7144369074643093
VISCloudCov,AMCINInScen,,0.811387188041116
VISCloudCov,CapInScen,,0.3545694440467882
VISCloudCov,ScenRelAMIns,,0.9295842552387547
VISCloudCov,LIfr12ZDENSd,,0.6635888566949721
VISCloudCov,AMDewptCalPl,,0.7739782891867297
VISCloudCov,AMInsWliScen,,0.8692781496118692
VISCloudCov,InsSclInScen,,0.5239562716249706
VISCloudCov,ScenRel3_4,,0.47642960434638626
VISCloudCov,LatestCIN,,0.2688424312032832
VISCloudCov,LLIW,,0.771229490392078
VISCloudCov,CurPropConv,,0.6483949186720748
VISCloudCov,ScnRelPlFcst,,0.6719231796549245
VISCloudCov,PlainsFcst,,0.44333025125092906
VISCloudCov,N34StarFcst,,0.5744222389212603
VISCloudCov,R5Fcst,,0.4261601324441875
VISCloudCov,Dewpoints,,0.15658013919694164
VISCloudCov,LowLLapse,,0.18078117681042305
VISCloudCov,MeanRH,,0.8713903082690183
VISCloudCov,MidLLapse,,0.8601540053630089
VISCloudCov,MvmtFeatures,,0.8428267690209784
VISCloudCov,RHRatio,,0.5020510852860336
VISCloudCov,SfcWndShfDis,,0.3188440839870636
VISCloudCov,SynForcng,,0.3106114209645583
VISCloudCov,TempDis,,0.7502747455166279
VISCloudCov,WindAloft,,0.754485800740981
VISCloudCov,WindFieldMt,,0.794753945857068
VISCloudCov,WindFieldPln,,0.8336948666878103
IRCloudCover,CombClouds,,4.1815539583868295e-17
IRCloudCover,CldShadeOth,,1.3650487439559228e-08
IRCloudCover,AMInstabMt,,0.9615614719491531
IRCloudCover,InsInMt,,0.7412037969010514
IRCloudCover,WndHodograph,,0.24818345737359657
IRCloudCover,OutflowFrMt,,0.4307753588893247
IRCloudCover,MorningBound,,0.8702144445170344
IRCloudCover,Boundaries,,0.40363043572994184
IRCloudCover,CldShadeConv,,0.6044477251408036
IRCloudCover,CompPlFcst,,0.8342960948941669
IRCloudCover,CapChange,,0.8342960948941669
IRCloudCover,LoLevMoistAd,,0.834316751833768
IRCloudCover,InsChange,,0.1363439519049776
IRCloudCover,MountainFcst,,0.03209874738419139
IRCloudCover,Date,,0.9124238921155419
IRCloudCover,Scenario,,0.634646228704226
IRCloudCover,ScenRelAMCIN,,0.20043751946351443
IRCloudCover,MorningCIN,,0.8959672158127335
IRCloudCover,AMCINInScen,,0.6488517877114381
IRCloudCover,CapInScen,,0.9409503772865506
IRCloudCover,ScenRelAMIns,,0.8548962324015544
IRCloudCover,LIfr12ZDENSd,,0.3530706163979438
IRCloudCover,AMDewptCalPl,,0.33007142327956235
IRCloudCover,AMInsWliScen,,0.6101477267533318
IRCloudCover,InsSclInScen,,0.7428760779823449
IRCloudCover,ScenRel3_4,,0.5306566616238139
IRCloudCover,LatestCIN,,0.7773025740773816
IRCloudCover,LLIW,,0.4996975699199738
IRCloudCover,CurPropConv,,0.8022906603763746
IRCloudCover,ScnRelPlFcst,,0.634646228704226
IRCloudCover,PlainsFcst,,0.45745882357256096
IRCloudCover,N34StarFcst,,0.6417001971394324
IRCloudCover,R5Fcst,,0.05840642496039016
IRCloudCover,Dewpoints,,0.041996242427814294
IRCloudCover,LowLLapse,,0.09595186846352537
IRCloudCover,MeanRH,,0.3410711855448735
IRCloudCover,MidLLapse,,0.8258640622666865
IRCloudCover,MvmtFeatures,,0.42110796178511856
IRCloudCover,RHRatio,,0.9478900719433033
IRCloudCover,SfcWndShfDis,,0.9672407037610277
IRCloudCover,SynForcng,,0.14751562519528139
IRCloudCover,TempDis,,0.09597893481191774
IRCloudCover,WindAloft,,0.714851284862289
IRCloudCover,WindFieldMt,,0.5752230628712933
IRCloudCover,WindFieldPln,,0.8297813216855858
CombClouds,CldShadeOth,,6.096800479802482e-106
CombClouds,AMInstabMt,,0.11866554931022989
CombClouds,InsInMt,,0.6567898851765168
CombClouds,WndHodograph,,0.0634496938942408
CombClouds,OutflowFrMt,,0.10280526340914886
CombClouds,MorningBound,,0.11435168280652835
CombClouds,Boundaries,,0.6150563887481859
CombClouds,CldShadeConv,,0.14370056386592928
CombClouds,CompPlFcst,,0.2165790513169456
CombClouds,CapChange,,0.2165790513169456
CombClouds,LoLevMoistAd,,0.47473425162406324
CombClouds,InsChange,,0.26428201862316325
CombClouds,MountainFcst,,0.7939651172057324
CombClouds,Date,,0.17815869753421018
CombClouds,Scenario,,0.25924094169565953
CombClouds,ScenRelAMCIN,,0.05820270097980021
CombClouds,MorningCIN,,0.710599855890703
CombClouds,AMCINInScen,,0.07402801462788972
CombClouds,CapInScen,,0.526645757035815
CombClouds,ScenRelAMIns,,0.5027446996017076
CombClouds,LIfr12ZDENSd,,0.2525056121801002
CombClouds,AMDewptCalPl,,0.8345683394576054
CombClouds,AMInsWliScen,,0.8088864245556535
CombClouds,InsSclInScen,,0.653052981441725
CombClouds,ScenRel3_4,,0.504077074809632
CombClouds,LatestCIN,,0.7027229769036842
CombClouds,LLIW,,0.8641012626108622
CombClouds,CurPropConv,,0.9319038863377516
CombClouds,ScnRelPlFcst,,0.25924094169565953
CombClouds,PlainsFcst,,0.3656338776808876
CombClouds,N34StarFcst,,0.5681029941539175
CombClouds,R5Fcst,,0.5856033977573386
CombClouds,Dewpoints,,0.022854153703380536
CombClouds,LowLLapse,,0.21356619787230324
CombClouds,MeanRH,,0.8686761336244283
CombClouds,MidLLapse,,0.5936198275816851
CombClouds,MvmtFeatures,,0.2875669832531853
CombClouds,RHRatio,,0.05737282727430328
CombClouds,SfcWndShfDis,,0.11936471955482555
CombClouds,SynForcng,,0.41578897934188
CombClouds,TempDis,,0.9546102748323685
CombClouds,WindAloft,,0.6664001606387675
CombClouds,WindFieldMt,,0.5085708154038481
CombClouds,WindFieldPln,,0.7832823728286199
CldShadeOth,AMInstabMt,,0.42990818413370147
CldShadeOth,InsInMt,,0.005936528087195561
CldShadeOth,WndHodograph,,0.1327915351874903
CldShadeOth,OutflowFrMt,,0.14108608579202767
CldShadeOth,MorningBound,,0.098324273824628
CldShadeOth,Boundaries,,0.6398622310463808
CldShadeOth,CldShadeConv,,0.07070897862821891
CldShadeOth,CompPlFcst,,0.06698344809639514
CldShadeOth,CapChange,,0.06698344809639514
CldShadeOth,LoLevMoistAd,,0.7992713481158813
CldShadeOth,InsChange,,0.8592057529857301
CldShadeOth,MountainFcst,,0.561468315569503
CldShadeOth,Date,,0.18716654666263383
CldShadeOth,Scenario,,0.029124024863929197
CldShadeOth,ScenRelAMCIN,,0.36817286458938514
CldShadeOth,MorningCIN,,0.23230251049092054
CldShadeOth,AMCINInScen,,0.11752560662194272
CldShadeOth,CapInScen,,0.29776874732891906
CldShadeOth,ScenRelAMIns,,0.5725247802518234
CldShadeOth,LIfr12ZDENSd,,0.23607673588117925
CldShadeOth,AMDewptCalPl,,0.22154260684581806
CldShadeOth,AMInsWliScen,,0.45264385198208745
CldShadeOth,InsSclInScen,,0.6463123070444718
CldShadeOth,ScenRel3_4,,0.3313530992979768
CldShadeOth,LatestCIN,,0.7547221477504271
CldShadeOth,LLIW,,0.4664743236848031
CldShadeOth,CurPropConv,,0.38855341799195015
CldShadeOth,ScnRelPlFcst,,0.029124024863929197
CldShadeOth,PlainsFcst,,0.3343894167655308
CldShadeOth,N34StarFcst,,0.22692538840928153
CldShadeOth,R5Fcst,,0.852233599926925
CldShadeOth,Dewpoints,,0.10460466377513888
CldShadeOth,LowLLapse,,0.007832535441400933
CldShadeOth,MeanRH,,0.9546211054238481
CldShadeOth,MidLLapse,,0.99132682623936
CldShadeOth,MvmtFeatures,,0.05016436194338549
CldShadeOth,RHRatio,,0.31316181325876
CldShadeOth,SfcWndShfDis,,0.07553690177994334
CldShadeOth,SynForcng,,0.5526850049645391
CldShadeOth,TempDis,,0.44119153253542276
CldShadeOth,WindAloft,,0.5854848538707667
CldShadeOth,WindFieldMt,,0.13788738528542754
CldShadeOth,WindFieldPln,,0.3636539402867412
AMInstabMt,InsInMt,,1.236465799744556e-15
AMInstabMt,WndHodograph,,0.19323514932150312
AMInstabMt,OutflowFrMt,,0.350938377879476
AMInstabMt,MorningBound,,0.46674430433299896
AMInstabMt,Boundaries,,0.8939928244176807
AMInstabMt,CldShadeConv,,0.020086776961284063
AMInstabMt,CompPlFcst,,0.37384150909935465
AMInstabMt,CapChange,,0.37384150909935465
AMInstabMt,LoLevMoistAd,,0.20684910145552984
AMInstabMt,InsChange,,0.5814315360684778
AMInstabMt,MountainFcst,,0.11170174959198532
AMInstabMt,Date,,0.24181302921425316
AMInstabMt,Scenario,,0.09512738611404059
AMInstabMt,ScenRelAMCIN,,0.29403821850924927
AMInstabMt,MorningCIN,,0.6296465660640526
AMInstabMt,AMCINInScen,,0.38871523705195665
AMInstabMt,CapInScen,,0.9743035671635222
AMInstabMt,ScenRelAMIns,,0.78347175126252
AMInstabMt,LIfr12ZDENSd,,0.39555786078601096
AMInstabMt,AMDewptCalPl,,0.26882320444337504
AMInstabMt,AMInsWliScen,,0.5360500975050362
AMInstabMt,InsSclInScen,,0.9618213933274518
AMInstabMt,ScenRel3_4,,0.1993810498386915
AMInstabMt,LatestCIN,,0.6771914270044259
AMInstabMt,LLIW,,0.38939934817469807
AMInstabMt,CurPropConv,,0.7414572359510698
AMInstabMt,ScnRelPlFcst,,0.09512738611404059
AMInstabMt,PlainsFcst,,0.3934881714541728
AMInstabMt,N34StarFcst,,0.482056661559787
AMInstabMt,R5Fcst,,0.20972976728476095
AMInstabMt,Dewpoints,,0.7602677632690243
AMInstabMt,LowLLapse,,0.565666581864771
AMInstabMt,MeanRH,,0.6772370526055929
AMInstabMt,MidLLapse,,0.30365004237526655
AMInstabMt,MvmtFeatures,,0.6258151797893696
AMInstabMt,RHRatio,,0.8663981563273342
AMInstabMt,SfcWndShfDis,,0.016539439670094545
AMInstabMt,SynForcng,,0.48996896290597236
AMInstabMt,TempDis,,0.7250187028697903
AMInstabMt,WindAloft,,0.78537320811252
AMInstabMt,WindFieldMt,,0.6546978451464632
AMInstabMt,WindFieldPln,,0.4687267352449429
InsInMt,WndHodograph,,0.23697919821076982
InsInMt,OutflowFrMt,,0.00012501820194587817
InsInMt,MorningBound,,0.6093163297339061
InsInMt,Boundaries,,0.5210680096602986
InsInMt,CldShadeConv,,3.0200378438632664e-11
InsInMt,CompPlFcst,,0.3070329277151787
InsInMt,CapChange,,0.3070329277151787
InsInMt,LoLevMoistAd,,0.2238502014681255
InsInMt,InsChange,,0.960543270708741
InsInMt,MountainFcst,,6.607547537626655e-07
InsInMt,Date,,0.015245476997639737
InsInMt,Scenario,,0.5009444062152284
InsInMt,ScenRelAMCIN,,0.7689535549019393
InsInMt,MorningCIN,,0.16004372147687562
InsInMt,AMCINInScen,,0.693682912137829
InsInMt,CapInScen,,0.14224000142345486
InsInMt,ScenRelAMIns,,0.388732789154472
InsInMt,LIfr12ZDENSd,,0.4595130825116224
InsInMt,AMDewptCalPl,,0.14223734131012145
InsInMt,AMInsWliScen,,0.68729726787757
InsInMt,InsSclInScen,,0.588823657814016
InsInMt,ScenRel3_4,,0.9211979661700882
InsInMt,LatestCIN,,0.272154738735197
InsInMt,LLIW,,0.4992865516109002
InsInMt,CurPropConv,,0.3881502452825167
InsInMt,ScnRelPlFcst,,0.5009444062152284
InsInMt,PlainsFcst,,0.9479816047289972
InsInMt,N34StarFcst,,0.21720975687057997
InsInMt,R5Fcst,,0.05134677496097638
InsInMt,Dewpoints,,0.982238856161221
InsInMt,LowLLapse,,0.31414668272156143
InsInMt,MeanRH,,0.9263993860707482
InsInMt,MidLLapse,,0.4348061807051742
InsInMt,MvmtFeatures,,0.7747837156315757
InsInMt,RHRatio,,0.5592442978946082
InsInMt,SfcWndShfDis,,0.8092945055340592
InsInMt,SynForcng,,0.838900575185836
InsInMt,TempDis,,0.31199968122522587
InsInMt,WindAloft,,0.06026141912137816
InsInMt,WindFieldMt,,0.03984273158254301
InsInMt,WindFieldPln,,0.422392194305663
WndHodograph,OutflowFrMt,,3.707773547708801e-07
WndHodograph,MorningBound,,0.7104080835961695
WndHodograph,Boundaries,,0.0016163274474697918
WndHodograph,CldShadeConv,,9.927550251929019e-10
WndHodograph,CompPlFcst,,0.824515158460537
WndHodograph,CapChange,,0.824515158460537
WndHodograph,LoLevMoistAd,,0.4141919860496584
WndHodograph,InsChange,,0.380562370154722
WndHodograph,MountainFcst,,0.8546485020636896
WndHodograph,Date,,0.9281403282662049
WndHodograph,Scenario,,0.4714882953823961
WndHodograph,ScenRelAMCIN,,0.12019192510660595
WndHodograph,MorningCIN,,0.8887261674076742
WndHodograph,AMCINInScen,,0.8131400553907572
WndHodograph,CapInScen,,0.08053869241434455
WndHodograph,ScenRelAMIns,,0.320083557248342
WndHodograph,LIfr12ZDENSd,,0.21585471105397147
WndHodograph,AMDewptCalPl,,0.6205855023086377
WndHodograph,AMInsWliScen,,0.11243248521269161
WndHodograph,InsSclInScen,,0.9885674778508712
WndHodograph,ScenRel3_4,,0.26364498771939643
WndHodograph,LatestCIN,,0.5209876146645722
WndHodograph,LLIW,,0.9074405384041563
WndHodograph,CurPropConv,,0.18477662850744064
WndHodograph,ScnRelPlFcst,,0.4714882953823961
WndHodograph,PlainsFcst,,0.7330448025879457
WndHodograph,N34StarFcst,,0.4092279452720136
WndHodograph,R5Fcst,,0.5445854705891198
WndHodograph,Dewpoints,,0.4507523623066125
WndHodograph,LowLLapse,,0.3342130045685788
WndHodograph,MeanRH,,0.9059656429914841
WndHodograph,MidLLapse,,0.9112331067436663
WndHodograph,MvmtFeatures,,0.4775309813494991
WndHodograph,RHRatio,,0.8664826864106064
WndHodograph,SfcWndShfDis,,0.31155332914197487
WndHodograph,SynForcng,,0.7899950269993083
WndHodograph,TempDis,,0.41959755954804295
WndHodograph,WindAloft,,0.4914758244630656
WndHodograph,WindFieldMt,,0.37766783964285744
WndHodograph,WindFieldPln,,0.6909263194059988
OutflowFrMt,MorningBound,,0.7283577438150292
OutflowFrMt,Boundaries,,1.3503703241597525e-06
OutflowFrMt,CldShadeConv,,0.026232323347629205
OutflowFrMt,CompPlFcst,,0.0024200605379987978
OutflowFrMt,CapChange,,0.0024200605379987978
OutflowFrMt,LoLevMoistAd,,0.8370152525775243
OutflowFrMt,InsChange,,0.30857369985447164
OutflowFrMt,MountainFcst,,0.6866401501523306
OutflowFrMt,Date,,0.9673485776489468
OutflowFrMt,Scenario,,0.10925180173945707
OutflowFrMt,ScenRelAMCIN,,0.09473092681984228
OutflowFrMt,MorningCIN,,0.45397405420063797
OutflowFrMt,AMCINInScen,,0.5010849387285705
OutflowFrMt,CapInScen,,0.44504687776503093
OutflowFrMt,ScenRelAMIns,,0.20118333237942562
OutflowFrMt,LIfr12ZDENSd,,0.5441189624358145
OutflowFrMt,AMDewptCalPl,,0.8041327015768885
OutflowFrMt,AMInsWliScen,,0.9734760838183746
OutflowFrMt,InsSclInScen,,0.8466626004863902
OutflowFrMt,ScenRel3_4,,0.3559195059217669
OutflowFrMt,LatestCIN,,0.27571727332346263
OutflowFrMt,LLIW,,0.00964217725299611
OutflowFrMt,CurPropConv,,0.16147131639421405
OutflowFrMt,ScnRelPlFcst,,0.10925180173945707
OutflowFrMt,PlainsFcst,,0.6925301472673611
OutflowFrMt,N34StarFcst,,0.9493719532079499
OutflowFrMt,R5Fcst,,0.5423393333623301
OutflowFrMt,Dewpoints,,0.6727167750105969
OutflowFrMt,LowLLapse,,0.2015620586289103
OutflowFrMt,MeanRH,,0.9014988207132381
OutflowFrMt,MidLLapse,,0.17554272839580812
OutflowFrMt,MvmtFeatures,,0.7888007307294765
OutflowFrMt,RHRatio,,0.48051836467483555
OutflowFrMt,SfcWndShfDis,,0.027974168731992852
OutflowFrMt,SynForcng,,0.05806088161755053
OutflowFrMt,TempDis,,0.6783754851721808
OutflowFrMt,WindAloft,,0.7461077466739297
OutflowFrMt,WindFieldMt,,0.35397542590856934
OutflowFrMt,WindFieldPln,,0.0014925189333936937
MorningBound,Boundaries,,3.773677362570771e-10
MorningBound,CldShadeConv,,0.8935242666427492
MorningBound,CompPlFcst,,0.6097095725771491
MorningBound,CapChange,,0.6097095725771491
MorningBound,LoLevMoistAd,,0.8828275040069798
MorningBound,InsChange,,0.45879985882763186
MorningBound,MountainFcst,,0.7652536004865343
MorningBound,Date,,0.8732630372628798
MorningBound,Scenario,,0.7042183814606493
MorningBound,ScenRelAMCIN,,0.48491573675197797
MorningBound,MorningCIN,,0.9329567956249598
MorningBound,AMCINInScen,,0.5402477451471099
MorningBound,CapInScen,,0.1114935236464342
MorningBound,ScenRelAMIns,,0.7134592818195429
MorningBound,LIfr12ZDENSd,,0.7610359757671848
MorningBound,AMDewptCalPl,,0.9827650094969335
MorningBound,AMInsWliScen,,0.04647808356081081
MorningBound,InsSclInScen,,0.07275593261339
MorningBound,ScenRel3_4,,0.7041097265731225
MorningBound,LatestCIN,,0.7845702860608647
MorningBound,LLIW,,0.04991758663825416
MorningBound,CurPropConv,,0.5583623188982967
MorningBound,ScnRelPlFcst,,0.7042183814606493
MorningBound,PlainsFcst,,0.9297521338092347
MorningBound,N34StarFcst,,0.7091580667189767
MorningBound,R5Fcst,,0.726005383879619
MorningBound,Dewpoints,,0.16386527395181208
MorningBound,LowLLapse,,0.5045851153622722
MorningBound,MeanRH,,0.6961872168819121
MorningBound,MidLLapse,,0.045688920876771684
MorningBound,MvmtFeatures,,0.5236654041104529
MorningBound,RHRatio,,0.7206286539009428
MorningBound,SfcWndShfDis,,0.3513201095218804
MorningBound,SynForcng,,0.6994399891454993
MorningBound,TempDis,,0.9600449810896114
MorningBound,WindAloft,,0.917368687858156
MorningBound,WindFieldMt,,0.5408320349878566
MorningBound,WindFieldPln,,0.4574920792137357
Boundaries,CldShadeConv,,0.9134405570244875
Boundaries,CompPlFcst,,0.027886312267097185
Boundaries,CapChange,,0.027886312267097185
Boundaries,LoLevMoistAd,,0.26181138943108745
Boundaries,InsChange,,0.10841655790984886
Boundaries,MountainFcst,,0.9425890288189733
Boundaries,Date,,0.22849664272059128
Boundaries,Scenario,,0.20118943764260547
Boundaries,ScenRelAMCIN,,0.0800437895148619
Boundaries,MorningCIN,,0.8970308452525202
Boundaries,AMCINInScen,,0.39584775317810295
Boundaries,CapInScen,,0.5784548160060174
Boundaries,ScenRelAMIns,,0.1622942830471421
Boundaries,LIfr12ZDENSd,,0.8243710598449117
Boundaries,AMDewptCalPl,,0.7872256889307435
Boundaries,AMInsWliScen,,0.8236312979259803
Boundaries,InsSclInScen,,0.9529649125450521
Boundaries,ScenRel3_4,,0.4174612630830823
Boundaries,LatestCIN,,0.9928920554554044
Boundaries,LLIW,,0.7652038370542303
Boundaries,CurPropConv,,0.9072150732450875
Boundaries,ScnRelPlFcst,,0.20118943764260547
Boundaries,PlainsFcst,,0.9569442861587919
Boundaries,N34StarFcst,,0.8260698442178699
Boundaries,R5Fcst,,0.6531245581456102
Boundaries,Dewpoints,,0.22311215544716032
Boundaries,LowLLapse,,0.5623670893015438
Boundaries,MeanRH,,0.5196074948757687
Boundaries,MidLLapse,,0.24389006953675188
Boundaries,MvmtFeatures,,0.2990471360472003
Boundaries,RHRatio,,0.5275040215490405
Boundaries,SfcWndShfDis,,0.36622712292541343
Boundaries,SynForcng,,0.3719719207766765
Boundaries,TempDis,,0.307776236621157
Boundaries,WindAloft,,0.2731357573936891
Boundaries,WindFieldMt,,0.9870301052072644
Boundaries,WindFieldPln,,0.27647685381923726
CldShadeConv,CompPlFcst,,0.00035374607376579257
CldShadeConv,CapChange,,0.00035374607376579257
CldShadeConv,LoLevMoistAd,,0.061603176967644266
CldShadeConv,InsChange,,0.7823915638287762
CldShadeConv,MountainFcst,,0.19427429615561226
CldShadeConv,Date,,0.7214166864279623
CldShadeConv,Scenario,,0.43150417358875975
CldShadeConv,ScenRelAMCIN,,0.8917171947599952
CldShadeConv,MorningCIN,,0.06981261366021031
CldShadeConv,AMCINInScen,,0.34831028581574675
CldShadeConv,CapInScen,,0.12687289436582647
CldShadeConv,ScenRelAMIns,,0.45316148961602254
CldShadeConv,LIfr12ZDENSd,,0.17235287576133998
CldShadeConv,AMDewptCalPl,,0.5884679279396495
CldShadeConv,AMInsWliScen,,0.3381803845860066
CldShadeConv,InsSclInScen,,0.23793086989407952
CldShadeConv,ScenRel3_4,,0.2818458059966491
CldShadeConv,LatestCIN,,0.4683336682632412
CldShadeConv,LLIW,,0.14514225929446825
CldShadeConv,CurPropConv,,0.776907227792067
CldShadeConv,ScnRelPlFcst,,0.43150417358875975
CldShadeConv,PlainsFcst,,0.838320028963135
CldShadeConv,N34StarFcst,,0.5282521229360625
CldShadeConv,R5Fcst,,0.8829686142554424
CldShadeConv,Dewpoints,,0.38093081652879274
CldShadeConv,LowLLapse,,0.8082099415845756
CldShadeConv,MeanRH,,0.3470274797722738
CldShadeConv,MidLLapse,,0.9165251194901943
CldShadeConv,MvmtFeatures,,0.7173336442497271
CldShadeConv,RHRatio,,0.4119449555909299
CldShadeConv,SfcWndShfDis,,0.3638900477287723
CldShadeConv,SynForcng,,0.7369709879216007
CldShadeConv,TempDis,,0.125589490383708
CldShadeConv,WindAloft,,0.015845033194702093
CldShadeConv,WindFieldMt,,0.7234164984109948
CldShadeConv,WindFieldPln,,0.7091057448329642
CompPlFcst,CapChange,,9.453728507865705e-269
CompPlFcst,LoLevMoistAd,,0.244834659763567
CompPlFcst,InsChange,,5.023675994410612e-10
CompPlFcst,MountainFcst,,0.7791359141736985
CompPlFcst,Date,,0.46254907218527985
CompPlFcst,Scenario,,0.6639749481296224
CompPlFcst,ScenRelAMCIN,,0.29354977856707537
CompPlFcst,MorningCIN,,0.7628591489273702
CompPlFcst,AMCINInScen,,0.8869379509337463
CompPlFcst,CapInScen,,1.814175742263822e-43
CompPlFcst,ScenRelAMIns,,0.6498499590929311
CompPlFcst,LIfr12ZDENSd,,0.30774220098289407
CompPlFcst,AMDewptCalPl,,0.7497538223729376
CompPlFcst,AMInsWliScen,,0.14064246248685824
CompPlFcst,InsSclInScen,,0.3339902266428174
CompPlFcst,ScenRel3_4,,0.8083923577319155
CompPlFcst,LatestCIN,,0.6235857208747283
CompPlFcst,LLIW,,0.476568680514334
CompPlFcst,CurPropConv,,0.39131036691277227
CompPlFcst,ScnRelPlFcst,,0.6639749481296224
CompPlFcst,PlainsFcst,,0.9084693148575546
CompPlFcst,N34StarFcst,,0.6130371065777557
CompPlFcst,R5Fcst,,0.630158322346104
CompPlFcst,Dewpoints,,0.3755716900623514
CompPlFcst,LowLLapse,,0.33119188957851853
CompPlFcst,MeanRH,,0.6727192881723197
CompPlFcst,MidLLapse,,0.031163659240326762
CompPlFcst,MvmtFeatures,,0.32181698605847714
CompPlFcst,RHRatio,,0.891209857821216
CompPlFcst,SfcWndShfDis,,0.37738740054904035
CompPlFcst,SynForcng,,0.8460758212299588
CompPlFcst,TempDis,,0.47672082256163684
CompPlFcst,WindAloft,,0.0510159373999501
CompPlFcst,WindFieldMt,,0.09464055584743733
CompPlFcst,WindFieldPln,,0.6218419857707853
CapChange,LoLevMoistAd,,0.244834659763567
CapChange,InsChange,,5.023675994410612e-10
CapChange,MountainFcst,,0.7791359141736985
CapChange,Date,,0.46254907218527985
CapChange,Scenario,,0.6639749481296224
CapChange,ScenRelAMCIN,,0.29354977856707537
CapChange,MorningCIN,,0.7628591489273702
CapChange,AMCINInScen,,0.8869379509337463
CapChange,CapInScen,,1.814175742263822e-43
CapChange,ScenRelAMIns,,0.6498499590929311
CapChange,LIfr12ZDENSd,,0.30774220098289407
CapChange,AMDewptCalPl,,0.7497538223729376
CapChange,AMInsWliScen,,0.14064246248685824
CapChange,InsSclInScen,,0.3339902266428174
CapChange,ScenRel3_4,,0.8083923577319155
CapChange,LatestCIN,,0.6235857208747283
CapChange,LLIW,,0.476568680514334
CapChange,CurPropConv,,0.39131036691277227
CapChange,ScnRelPlFcst,,0.6639749481296224
CapChange,PlainsFcst,,0.9084693148575546
CapChange,N34StarFcst,,0.6130371065777557
CapChange,R5Fcst,,0.630158322346104
CapChange,Dewpoints,,0.3755716900623514
CapChange,LowLLapse,,0.33119188957851853
CapChange,MeanRH,,0.6727192881723197
CapChange,MidLLapse,,0.031163659240326762
CapChange,MvmtFeatures,,0.32181698605847714
CapChange,RHRatio,,0.891209857821216
CapChange,SfcWndShfDis,,0.37738740054904035
CapChange,SynForcng,,0.8460758212299588
CapChange,TempDis,,0.47672082256163684
CapChange,WindAloft,,0.0510159373999501
CapChange,WindFieldMt,,0.09464055584743733
CapChange,WindFieldPln,,0.6218419857707853
LoLevMoistAd,InsChange,,1.2396186537170721e-60
LoLevMoistAd,MountainFcst,,0.6385898693038166
LoLevMoistAd,Date,,0.5646790558196277
LoLevMoistAd,Scenario,,0.8015917113350164
LoLevMoistAd,ScenRelAMCIN,,0.4397307736462568
LoLevMoistAd,MorningCIN,,0.0061684073875029315
LoLevMoistAd,AMCINInScen,,0.0441630615035363
LoLevMoistAd,CapInScen,,0.05457636750510549
LoLevMoistAd,ScenRelAMIns,,0.3475597485701207
LoLevMoistAd,LIfr12ZDENSd,,0.7894634496248103
LoLevMoistAd,AMDewptCalPl,,0.4863059972310507
LoLevMoistAd,AMInsWliScen,,0.9322250814117826
LoLevMoistAd,InsSclInScen,,1.4065482235789439e-08
LoLevMoistAd,ScenRel3_4,,0.43250309424465594
LoLevMoistAd,LatestCIN,,0.9515027079101154
LoLevMoistAd,LLIW,,0.9853644435574771
LoLevMoistAd,CurPropConv,,0.15600915157266865
LoLevMoistAd,ScnRelPlFcst,,0.8015917113350164
LoLevMoistAd,PlainsFcst,,0.005151464253472778
LoLevMoistAd,N34StarFcst,,0.0016026707503986055
LoLevMoistAd,R5Fcst,,0.4514425276737706
LoLevMoistAd,Dewpoints,,0.6745530554044403
LoLevMoistAd,LowLLapse,,0.5178047162422319
LoLevMoistAd,MeanRH,,0.5138485629604097
LoLevMoistAd,MidLLapse,,0.8151256147630694
LoLevMoistAd,MvmtFeatures,,0.059961983925464125
LoLevMoistAd,RHRatio,,0.6216924768747039
LoLevMoistAd,SfcWndShfDis,,0.12390112979066353
LoLevMoistAd,SynForcng,,0.592311900015956
LoLevMoistAd,TempDis,,0.1843484903806299
LoLevMoistAd,WindAloft,,0.5921010991623625
LoLevMoistAd,WindFieldMt,,0.7449657956904825
LoLevMoistAd,WindFieldPln,,0.876456120089255
InsChange,MountainFcst,,0.6934808721811814
InsChange,Date,,0.17613115608458146
InsChange,Scenario,,0.8183044378326949
InsChange,ScenRelAMCIN,,0.8310603635178727
InsChange,MorningCIN,,0.6099046377041708
InsChange,AMCINInScen,,0.6933886330700649
InsChange,CapInScen,,0.002751580591360049
InsChange,ScenRelAMIns,,0.5161793945659562
InsChange,LIfr12ZDENSd,,0.7333996639613904
InsChange,AMDewptCalPl,,0.6094435752028742
InsChange,AMInsWliScen,,0.701203898523034
InsChange,InsSclInScen,,2.5016897195374588e-23
InsChange,ScenRel3_4,,0.6662965994206351
InsChange,LatestCIN,,0.23750110024065232
InsChange,LLIW,,0.837762268580724
InsChange,CurPropConv,,0.6122083374860472
InsChange,ScnRelPlFcst,,0.8183044378326949
InsChange,PlainsFcst,,0.019826800932511796
InsChange,N34StarFcst,,0.008132012379814816
InsChange,R5Fcst,,0.138499168359372
InsChange,Dewpoints,,0.3944580683457109
InsChange,LowLLapse,,0.8524882104382884
InsChange,MeanRH,,0.5676484137130889
InsChange,MidLLapse,,0.036318686730083684
InsChange,MvmtFeatures,,0.21002133653395005
InsChange,RHRatio,,0.6541785025941187
InsChange,SfcWndShfDis,,0.978403187463932
InsChange,SynForcng,,0.36596121435981793
InsChange,TempDis,,0.21726872877463746
InsChange,WindAloft,,0.8880824358583302
InsChange,WindFieldMt,,0.31720673820624
InsChange,WindFieldPln,,0.6444551413301368
MountainFcst,Date,,0.4066121499686543
MountainFcst,Scenario,,0.8063587541811763
MountainFcst,ScenRelAMCIN,,0.11252451610169477
MountainFcst,MorningCIN,,0.39324380039688533
MountainFcst,AMCINInScen,,0.5650914640242419
MountainFcst,CapInScen,,0.8128442860398113
MountainFcst,ScenRelAMIns,,0.7744401599302868
MountainFcst,LIfr12ZDENSd,,0.9649264557240571
MountainFcst,AMDewptCalPl,,0.30030828017429495
MountainFcst,AMInsWliScen,,0.9770202273122826
MountainFcst,InsSclInScen,,0.9884199717335452
MountainFcst,ScenRel3_4,,0.7806905043620315
MountainFcst,LatestCIN,,0.4881158014507453
MountainFcst,LLIW,,0.892201924675598
MountainFcst,CurPropConv,,0.5536721954642871
MountainFcst,ScnRelPlFcst,,0.8063587541811763
MountainFcst,PlainsFcst,,0.2737486798744635
MountainFcst,N34StarFcst,,0.24211918035976418
MountainFcst,R5Fcst,,2.5884549562113717e-137
MountainFcst,Dewpoints,,0.19676583363148453
MountainFcst,LowLLapse,,0.5811996656797407
MountainFcst,MeanRH,,0.32328268894063616
MountainFcst,MidLLapse,,0.40392518697811275
MountainFcst,MvmtFeatures,,0.830827375376125
MountainFcst,RHRatio,,0.5176457034755984
MountainFcst,SfcWndShfDis,,0.23194825577263317
MountainFcst,SynForcng,,0.7736048128875173
MountainFcst,TempDis,,0.9884668270218497
MountainFcst,WindAloft,,0.6005029917039486
MountainFcst,WindFieldMt,,0.3407050116496604
MountainFcst,WindFieldPln,,0.5546006415279543
Date,Scenario,,0.04936423011374489
Date,ScenRelAMCIN,,0.020447096506599167
Date,MorningCIN,,0.9280242817903689
Date,AMCINInScen,,0.7508796514934207
Date,CapInScen,,0.7205326334056195
Date,ScenRelAMIns,,0.12481837182028797
Date,LIfr12ZDENSd,,0.68929305533839
Date,AMDewptCalPl,,0.9864334051776497
Date,AMInsWliScen,,0.9974869972507368
Date,InsSclInScen,,0.13542552310527967
Date,ScenRel3_4,,0.06656717594497637
Date,LatestCIN,,0.5757808227306069
Date,LLIW,,0.20883696068592592
Date,CurPropConv,,0.9115859455820153
Date,ScnRelPlFcst,,0.04936423011374489
Date,PlainsFcst,,0.1549379978924769
Date,N34StarFcst,,0.17613213654318735
Date,R5Fcst,,0.03797998165240881
Date,Dewpoints,,0.4605440687906659
Date,LowLLapse,,0.12719301764280075
Date,MeanRH,,0.835487741604745
Date,MidLLapse,,0.6411183707953773
Date,MvmtFeatures,,0.17766275003570528
Date,RHRatio,,0.966554230802279
Date,SfcWndShfDis,,0.684081711167394
Date,SynForcng,,0.6916839873631924
Date,TempDis,,0.5753851352071802
Date,WindAloft,,0.1239793611805873
Date,WindFieldMt,,0.6396249223725565
Date,WindFieldPln,,0.4851928505917682
Scenario,ScenRelAMCIN,,3.2383950325245984e-136
Scenario,MorningCIN,,0.8926390207426828
Scenario,AMCINInScen,,0.004187451479798016
Scenario,CapInScen,,0.004603338360248222
Scenario,ScenRelAMIns,,1.515676630511367e-256
Scenario,LIfr12ZDENSd,,0.9835158552546223
Scenario,AMDewptCalPl,,0.23945427459406265
Scenario,AMInsWliScen,,0.0007369170394124447
Scenario,InsSclInScen,,0.5097436078812786
Scenario,ScenRel3_4,,2.0796218361024467e-291
Scenario,LatestCIN,,0.9973040374955079
Scenario,LLIW,,0.6128593971124829
Scenario,CurPropConv,,0.5191444658633404
Scenario,ScnRelPlFcst,,0.0
Scenario,PlainsFcst,,2.13890221249217e-08
Scenario,N34StarFcst,,1.7552932265139e-05
Scenario,R5Fcst,,0.23566878977575278
Scenario,Dewpoints,,1.998610704208696e-56
Scenario,LowLLapse,,2.0847194731351446e-20
Scenario,MeanRH,,8.474372021993377e-18
Scenario,MidLLapse,,1.6218787051518205e-11
Scenario,MvmtFeatures,,1.2117554135980422e-63
Scenario,RHRatio,,1.3432207831511494e-16
Scenario,SfcWndShfDis,,2.982589686673356e-101
Scenario,SynForcng,,6.7986368419614155e-46
Scenario,TempDis,,4.686642020465942e-44
Scenario,WindAloft,,5.035006244441733e-69
Scenario,WindFieldMt,,8.196204745009939e-26
Scenario,WindFieldPln,,5.0154252894298065e-96
ScenRelAMCIN,MorningCIN,,0.5097528132139054
ScenRelAMCIN,AMCINInScen,,1.8111637221981513e-07
ScenRelAMCIN,CapInScen,,0.008016186702492002
ScenRelAMCIN,ScenRelAMIns,,3.7655588656660636e-78
ScenRelAMCIN,LIfr12ZDENSd,,0.8800039328059929
ScenRelAMCIN,AMDewptCalPl,,0.06883250032852671
ScenRelAMCIN,AMInsWliScen,,0.0003091227165531681
ScenRelAMCIN,InsSclInScen,,0.033181454743881296
ScenRelAMCIN,ScenRel3_4,,8.066596887220888e-86
ScenRelAMCIN,LatestCIN,,0.5516943677596859
ScenRelAMCIN,LLIW,,0.4356681750255077
ScenRelAMCIN,CurPropConv,,0.411725089071314
ScenRelAMCIN,ScnRelPlFcst,,3.238395032524414e-136
ScenRelAMCIN,PlainsFcst,,5.073041911486779e-06
ScenRelAMCIN,N34StarFcst,,1.8571724220790118e-05
ScenRelAMCIN,R5Fcst,,0.043361051944832425
ScenRelAMCIN,Dewpoints,,2.5805414571413485e-05
ScenRelAMCIN,LowLLapse,,1.912537256652917e-06
ScenRelAMCIN,MeanRH,,1.0666926921350966e-12
ScenRelAMCIN,MidLLapse,,1.4407682069666556e-05
ScenRelAMCIN,MvmtFeatures,,0.1053729721808013
ScenRelAMCIN,RHRatio,,6.271102078879403e-05
ScenRelAMCIN,SfcWndShfDis,,2.415453024205727e-59
ScenRelAMCIN,SynForcng,,4.442543972054597e-10
ScenRelAMCIN,TempDis,,4.083155132226162e-07
ScenRelAMCIN,WindAloft,,4.599458948802319e-15
ScenRelAMCIN,WindFieldMt,,0.7025525495221688
ScenRelAMCIN,WindFieldPln,,1.6279363168920123e-44
MorningCIN,AMCINInScen,,3.148911826539596e-55
MorningCIN,CapInScen,,6.479626473155906e-19
MorningCIN,ScenRelAMIns,,0.6719646918081976
MorningCIN,LIfr12ZDENSd,,0.4924563527096655
MorningCIN,AMDewptCalPl,,0.6977058034925268
MorningCIN,AMInsWliScen,,0.8518617201321033
MorningCIN,InsSclInScen,,0.7468024444712298
MorningCIN,ScenRel3_4,,0.8411588842234383
MorningCIN,LatestCIN,,0.3829553549136044
MorningCIN,LLIW,,0.23222949662108705
MorningCIN,CurPropConv,,0.2937325335224474
MorningCIN,ScnRelPlFcst,,0.8926390207426828
MorningCIN,PlainsFcst,,0.08752251081359286
MorningCIN,N34StarFcst,,0.3933520509775172
MorningCIN,R5Fcst,,0.08812931704496876
MorningCIN,Dewpoints,,0.029777510378926626
MorningCIN,LowLLapse,,0.18513812232729654
MorningCIN,MeanRH,,0.09795877158845556
MorningCIN,MidLLapse,,0.19151395270250168
MorningCIN,MvmtFeatures,,0.44091405951615137
MorningCIN,RHRatio,,0.11684625554952323
MorningCIN,SfcWndShfDis,,0.7506739243348124
MorningCIN,SynForcng,,0.5530593608020327
MorningCIN,TempDis,,0.4633673671115134
MorningCIN,WindAloft,,0.07557295838119626
MorningCIN,WindFieldMt,,0.5497429391518638
MorningCIN,WindFieldPln,,0.8670756729200273
AMCINInScen,CapInScen,,4.891451657363528e-68
AMCINInScen,ScenRelAMIns,,0.020000126832657925
AMCINInScen,LIfr12ZDENSd,,0.6105528336111723
AMCINInScen,AMDewptCalPl,,0.48325241845398925
AMCINInScen,AMInsWliScen,,0.8402647211602197
AMCINInScen,InsSclInScen,,0.6005717483742395
AMCINInScen,ScenRel3_4,,0.00019400998666251304
AMCINInScen,LatestCIN,,0.4754693302615648
AMCINInScen,LLIW,,0.8611014525891643
AMCINInScen,CurPropConv,,0.8501572569219774
AMCINInScen,ScnRelPlFcst,,0.004187451479798016
AMCINInScen,PlainsFcst,,0.28413928615592493
AMCINInScen,N34StarFcst,,0.384743539715721
AMCINInScen,R5Fcst,,0.5045232846665697
AMCINInScen,Dewpoints,,0.11588442743178495
AMCINInScen,LowLLapse,,0.4699367718827713
AMCINInScen,MeanRH,,0.04643326233097339
AMCINInScen,MidLLapse,,0.11107071339386938
AMCINInScen,MvmtFeatures,,0.6949345847949995
AMCINInScen,RHRatio,,0.3865366221838633
AMCINInScen,SfcWndShfDis,,0.011361945939654452
AMCINInScen,SynForcng,,0.008339157791950632
AMCINInScen,TempDis,,0.07016504237869127
AMCINInScen,WindAloft,,0.28921797225461804
AMCINInScen,WindFieldMt,,0.5143960084359868
AMCINInScen,WindFieldPln,,0.030752422449128066
CapInScen,ScenRelAMIns,,0.05327802613343511
CapInScen,LIfr12ZDENSd,,0.64095839284614
CapInScen,AMDewptCalPl,,0.28796755192353535
CapInScen,AMInsWliScen,,0.15778430343054003
CapInScen,InsSclInScen,,0.5727394637772905
CapInScen,ScenRel3_4,,0.0019114729895809263
CapInScen,LatestCIN,,0.7758918602120924
CapInScen,LLIW,,0.1810051082976121
CapInScen,CurPropConv,,0.4333535751615035
CapInScen,ScnRelPlFcst,,0.004603338360248238
CapInScen,PlainsFcst,,0.13739334640334963
CapInScen,N34StarFcst,,0.04990032957624549
CapInScen,R5Fcst,,0.20329880257961608
CapInScen,Dewpoints,,0.3203549459851187
CapInScen,LowLLapse,,0.14913473589199072
CapInScen,MeanRH,,0.20459441531255732
CapInScen,MidLLapse,,0.789067636645303
CapInScen,MvmtFeatures,,0.4684532387050351
CapInScen,RHRatio,,0.564331997530723
CapInScen,SfcWndShfDis,,0.10619364549188393
CapInScen,SynForcng,,0.5161668637572059
CapInScen,TempDis,,0.19810118382086936
CapInScen,WindAloft,,0.5055858303601353
CapInScen,WindFieldMt,,0.03926371128922414
CapInScen,WindFieldPln,,0.33049273312292576
ScenRelAMIns,LIfr12ZDENSd,,0.8773125650818443
ScenRelAMIns,AMDewptCalPl,,0.16342233383682095
ScenRelAMIns,AMInsWliScen,,0.00014955614240514244
ScenRelAMIns,InsSclInScen,,0.4919127118858436
ScenRelAMIns,ScenRel3_4,,1.4965812230580275e-131
ScenRelAMIns,LatestCIN,,0.9672860027051641
ScenRelAMIns,LLIW,,0.1619006309925652
ScenRelAMIns,CurPropConv,,0.6878679858899958
ScenRelAMIns,ScnRelPlFcst,,1.515676630511367e-256
ScenRelAMIns,PlainsFcst,,5.009199371835907e-07
ScenRelAMIns,N34StarFcst,,0.001047358433180188
ScenRelAMIns,R5Fcst,,0.39403420317953713
ScenRelAMIns,Dewpoints,,7.569800380933941e-33
ScenRelAMIns,LowLLapse,,3.4193355362808917e-15
ScenRelAMIns,MeanRH,,4.999376566169584e-17
ScenRelAMIns,MidLLapse,,3.611958183730189e-11
ScenRelAMIns,MvmtFeatures,,3.3270262163726153e-26
ScenRelAMIns,RHRatio,,1.1635711313296982e-12
ScenRelAMIns,SfcWndShfDis,,1.904041792945836e-60
ScenRelAMIns,SynForcng,,4.099877324568414e-10
ScenRelAMIns,TempDis,,2.2231584207931568e-23
ScenRelAMIns,WindAloft,,3.8258440073406456e-28
ScenRelAMIns,WindFieldMt,,0.1373216581110431
ScenRelAMIns,WindFieldPln,,6.255945840074488e-79
LIfr12ZDENSd,AMDewptCalPl,,0.18068531506864374
LIfr12ZDENSd,AMInsWliScen,,6.887147843932654e-22
LIfr12ZDENSd,InsSclInScen,,8.080938224849242e-08
LIfr12ZDENSd,ScenRel3_4,,0.8481113262863119
LIfr12ZDENSd,LatestCIN,,0.9964472833241593
LIfr12ZDENSd,LLIW,,0.6958925156184357
LIfr12ZDENSd,CurPropConv,,0.3055126272794057
LIfr12ZDENSd,ScnRelPlFcst,,0.9835158552546223
LIfr12ZDENSd,PlainsFcst,,0.005838561913340175
LIfr12ZDENSd,N34StarFcst,,0.02505454465046382
LIfr12ZDENSd,R5Fcst,,0.8012012551706625
LIfr12ZDENSd,Dewpoints,,0.7803271738116904
LIfr12ZDENSd,LowLLapse,,0.3672363584816605
LIfr12ZDENSd,MeanRH,,0.2292688755470899
LIfr12ZDENSd,MidLLapse,,0.2932071926615528
LIfr12ZDENSd,MvmtFeatures,,0.8250336284718613
LIfr12ZDENSd,RHRatio,,0.2534204061333394
LIfr12ZDENSd,SfcWndShfDis,,0.958642331873365
LIfr12ZDENSd,SynForcng,,0.8287093422410753
LIfr12ZDENSd,TempDis,,0.20530186110329074
LIfr12ZDENSd,WindAloft,,0.33975160651391373
LIfr12ZDENSd,WindFieldMt,,0.14122151731465674
LIfr12ZDENSd,WindFieldPln,,0.640775251273399
AMDewptCalPl,AMInsWliScen,,2.6964245801509844e-22
AMDewptCalPl,InsSclInScen,,1.002824703836191e-07
AMDewptCalPl,ScenRel3_4,,0.16858867953502157
AMDewptCalPl,LatestCIN,,0.7257557820727187
AMDewptCalPl,LLIW,,0.6185043597681728
AMDewptCalPl,CurPropConv,,0.21251491158351188
AMDewptCalPl,ScnRelPlFcst,,0.239454274594063
AMDewptCalPl,PlainsFcst,,0.054720373721494346
AMDewptCalPl,N34StarFcst,,0.16389530712077305
AMDewptCalPl,R5Fcst,,0.049061462122320994
AMDewptCalPl,Dewpoints,,0.8777641496157121
AMDewptCalPl,LowLLapse,,0.270922912179597
AMDewptCalPl,MeanRH,,0.7193654174893249
AMDewptCalPl,MidLLapse,,0.1284095636187586
AMDewptCalPl,MvmtFeatures,,0.4304995830653001
AMDewptCalPl,RHRatio,,0.5369311337030133
AMDewptCalPl,SfcWndShfDis,,0.1111305369683356
AMDewptCalPl,SynForcng,,0.8987010428777876
AMDewptCalPl,TempDis,,0.9500792749867041
AMDewptCalPl,WindAloft,,0.5255148668548186
AMDewptCalPl,WindFieldMt,,0.7332125958506263
AMDewptCalPl,WindFieldPln,,0.8127996143144637
AMInsWliScen,InsSclInScen,,1.8481084891799563e-69
AMInsWliScen,ScenRel3_4,,0.23042767199964437
AMInsWliScen,LatestCIN,,0.0775654882961479
AMInsWliScen,LLIW,,0.19802546227618306
AMInsWliScen,CurPropConv,,0.5482285262445981
AMInsWliScen,ScnRelPlFcst,,0.0007369170394124474
AMInsWliScen,PlainsFcst,,0.08171303619061795
AMInsWliScen,N34StarFcst,,0.17170025493561347
AMInsWliScen,R5Fcst,,0.7617791602540228
AMInsWliScen,Dewpoints,,0.9188828124642154
AMInsWliScen,LowLLapse,,0.7533120604119775
AMInsWliScen,MeanRH,,0.14714690264925007
AMInsWliScen,MidLLapse,,0.019513409951245664
AMInsWliScen,MvmtFeatures,,0.006199971388856335
AMInsWliScen,RHRatio,,0.15575256951385053
AMInsWliScen,SfcWndShfDis,,0.34356602264802233
AMInsWliScen,SynForcng,,0.34593083304593786
AMInsWliScen,TempDis,,0.81886530177035
AMInsWliScen,WindAloft,,0.10394190363502545
AMInsWliScen,WindFieldMt,,0.2739120380982835
AMInsWliScen,WindFieldPln,,0.005932638492419467
InsSclInScen,ScenRel3_4,,0.2195741692240902
InsSclInScen,LatestCIN,,0.1095849869739458
InsSclInScen,LLIW,,0.044468543292397016
InsSclInScen,CurPropConv,,0.46821116651019734
InsSclInScen,ScnRelPlFcst,,0.5097436078812787
InsSclInScen,PlainsFcst,,1.4133557115220173e-08
InsSclInScen,N34StarFcst,,2.738904092788949e-08
InsSclInScen,R5Fcst,,0.0394065533110381
InsSclInScen,Dewpoints,,0.7415856217773283
InsSclInScen,LowLLapse,,0.9745418357122388
InsSclInScen,MeanRH,,0.15343945414459223
InsSclInScen,MidLLapse,,0.09944188095552328
InsSclInScen,MvmtFeatures,,0.05317120468191038
InsSclInScen,RHRatio,,0.6507621968494126
InsSclInScen,SfcWndShfDis,,0.6991969735572805
InsSclInScen,SynForcng,,0.3433336639463331
InsSclInScen,TempDis,,0.16984361179960586
InsSclInScen,WindAloft,,0.9133603868220947
InsSclInScen,WindFieldMt,,0.3200633069015391
InsSclInScen,WindFieldPln,,0.8845422562730456
ScenRel3_4,LatestCIN,,0.9924385858054791
ScenRel3_4,LLIW,,0.7336371208370362
ScenRel3_4,CurPropConv,,0.3646792397328373
ScenRel3_4,ScnRelPlFcst,,2.0796218361024467e-291
ScenRel3_4,PlainsFcst,,0.2054448350283189
ScenRel3_4,N34StarFcst,,0.6504910755053629
ScenRel3_4,R5Fcst,,0.1801441844814052
ScenRel3_4,Dewpoints,,3.1755738440092634e-42
ScenRel3_4,LowLLapse,,1.4403354826827167e-05
ScenRel3_4,MeanRH,,9.286759541442098e-09
ScenRel3_4,MidLLapse,,1.6557021050456755e-05
ScenRel3_4,MvmtFeatures,,3.244146183750981e-38
ScenRel3_4,RHRatio,,9.335304178932525e-07
ScenRel3_4,SfcWndShfDis,,1.2604208532018183e-74
ScenRel3_4,SynForcng,,7.217554152370784e-35
ScenRel3_4,TempDis,,3.4919359194566986e-26
ScenRel3_4,WindAloft,,8.016487018466896e-32
ScenRel3_4,WindFieldMt,,1.6082345465162872e-21
ScenRel3_4,WindFieldPln,,2.619762637759896e-58
LatestCIN,LLIW,,0.9745449743431193
LatestCIN,CurPropConv,,5.357020702100555e-08
LatestCIN,ScnRelPlFcst,,0.9973040374955079
LatestCIN,PlainsFcst,,0.07167651784364974
LatestCIN,N34StarFcst,,0.2705851680056541
LatestCIN,R5Fcst,,0.49445900630197126
LatestCIN,Dewpoints,,0.15718923585373615
LatestCIN,LowLLapse,,0.12577706622273405
LatestCIN,MeanRH,,0.08943354183335547
LatestCIN,MidLLapse,,0.6649794301423417
LatestCIN,MvmtFeatures,,0.14266082535826086
LatestCIN,RHRatio,,0.8687442247148609
LatestCIN,SfcWndShfDis,,0.7302675114249928
LatestCIN,SynForcng,,0.521157298350272
LatestCIN,TempDis,,0.15369980005463454
LatestCIN,WindAloft,,0.9842469035034496
LatestCIN,WindFieldMt,,0.23499155773433672
LatestCIN,WindFieldPln,,0.8079438719149857
LLIW,CurPropConv,,2.5200423163692698e-26
LLIW,ScnRelPlFcst,,0.6128593971124829
LLIW,PlainsFcst,,0.14096192600840793
LLIW,N34StarFcst,,0.23892356573005522
LLIW,R5Fcst,,0.31784965118010866
LLIW,Dewpoints,,0.7831984606472416
LLIW,LowLLapse,,0.14295435124079314
LLIW,MeanRH,,0.8116773311597618
LLIW,MidLLapse,,0.31502447347823564
LLIW,MvmtFeatures,,0.02208660383308154
LLIW,RHRatio,,0.13308702670754477
LLIW,SfcWndShfDis,,0.3443882879866549
LLIW,SynForcng,,0.5637757643740031
LLIW,TempDis,,0.8000155659925089
LLIW,WindAloft,,0.8963254801224478
LLIW,WindFieldMt,,0.38974819216151957
LLIW,WindFieldPln,,0.48385463998941225
CurPropConv,ScnRelPlFcst,,0.5191444658633404
CurPropConv,PlainsFcst,,2.4972157925216504e-08
CurPropConv,N34StarFcst,,1.9254330576964278e-07
CurPropConv,R5Fcst,,0.04005115473994743
CurPropConv,Dewpoints,,0.2904298890867055
CurPropConv,LowLLapse,,0.42932142086423963
CurPropConv,MeanRH,,0.6544298306785489
CurPropConv,MidLLapse,,0.6359439412406316
CurPropConv,MvmtFeatures,,0.1099415916224211
CurPropConv,RHRatio,,0.9698645435357384
CurPropConv,SfcWndShfDis,,0.020686245169918877
CurPropConv,SynForcng,,0.39414672148802343
CurPropConv,TempDis,,0.9720197415377002
CurPropConv,WindAloft,,0.4297438270691881
CurPropConv,WindFieldMt,,0.22818836861396316
CurPropConv,WindFieldPln,,0.4644963231940291
ScnRelPlFcst,PlainsFcst,,2.13890221249217e-08
ScnRelPlFcst,N34StarFcst,,1.7552932265139e-05
ScnRelPlFcst,R5Fcst,,0.23566878977575278
ScnRelPlFcst,Dewpoints,,1.998610704208696e-56
ScnRelPlFcst,LowLLapse,,2.0847194731351446e-20
ScnRelPlFcst,MeanRH,,8.474372021993377e-18
ScnRelPlFcst,MidLLapse,,1.6218787051518205e-11
ScnRelPlFcst,MvmtFeatures,,1.2117554135980422e-63
ScnRelPlFcst,RHRatio,,1.3432207831511494e-16
ScnRelPlFcst,SfcWndShfDis,,2.982589686673356e-101
ScnRelPlFcst,SynForcng,,6.7986368419614155e-46
ScnRelPlFcst,TempDis,,4.686642020465942e-44
ScnRelPlFcst,WindAloft,,5.035006244441733e-69
ScnRelPlFcst,WindFieldMt,,8.196204745009939e-26
ScnRelPlFcst,WindFieldPln,,5.0154252894298065e-96
PlainsFcst,N34StarFcst,,1.6504500119889364e-174
PlainsFcst,R5Fcst,,1.0537635296127592e-42
PlainsFcst,Dewpoints,,0.8412715619204894
PlainsFcst,LowLLapse,,0.6455699591326454
PlainsFcst,MeanRH,,0.374698059058141
PlainsFcst,MidLLapse,,0.6754715453575041
PlainsFcst,MvmtFeatures,,0.9287786783033248
PlainsFcst,RHRatio,,0.3867510848625876
PlainsFcst,SfcWndShfDis,,0.0462224730523426
PlainsFcst,SynForcng,,0.7143992386477888
PlainsFcst,TempDis,,0.2565102852606339
PlainsFcst,WindAloft,,0.000468374785796089
PlainsFcst,WindFieldMt,,0.34474870416789505
PlainsFcst,WindFieldPln,,0.007761826347167817
N34StarFcst,R5Fcst,,2.942122793221326e-56
N34StarFcst,Dewpoints,,0.9223527964724133
N34StarFcst,LowLLapse,,0.29703351408339335
N34StarFcst,MeanRH,,0.5818491509203161
N34StarFcst,MidLLapse,,0.5740859298875275
N34StarFcst,MvmtFeatures,,0.8996604399136506
N34StarFcst,RHRatio,,0.14177203731697163
N34StarFcst,SfcWndShfDis,,0.17650697790363284
N34StarFcst,SynForcng,,0.6483353070384965
N34StarFcst,TempDis,,0.4264737806791332
N34StarFcst,WindAloft,,0.00407588809759644
N34StarFcst,WindFieldMt,,0.23534356978418078
N34StarFcst,WindFieldPln,,0.024742934019128374
R5Fcst,Dewpoints,,0.23315067460649375
R5Fcst,LowLLapse,,0.351301026733591
R5Fcst,MeanRH,,0.13427595840444215
R5Fcst,MidLLapse,,0.5739037077401643
R5Fcst,MvmtFeatures,,0.6197635006477402
R5Fcst,RHRatio,,0.945214015473816
R5Fcst,SfcWndShfDis,,0.5255323845436892
R5Fcst,SynForcng,,0.9993593910616559
R5Fcst,TempDis,,0.740876179901441
R5Fcst,WindAloft,,0.02436449541745406
R5Fcst,WindFieldMt,,0.6635701851771236
R5Fcst,WindFieldPln,,0.01734325887801788
Dewpoints,LowLLapse,,0.058100248261304076
Dewpoints,MeanRH,,0.0010657326168843752
Dewpoints,MidLLapse,,0.000634507608279566
Dewpoints,MvmtFeatures,,0.00035234827489633
Dewpoints,RHRatio,,4.200633098261848e-06
Dewpoints,SfcWndShfDis,,7.066740868330926e-14
Dewpoints,SynForcng,,0.00043102627237470855
Dewpoints,TempDis,,2.780906432612853e-06
Dewpoints,WindAloft,,9.159259132523249e-05
Dewpoints,WindFieldMt,,0.12416821335778702
Dewpoints,WindFieldPln,,2.1173365371414756e-13
LowLLapse,MeanRH,,0.018400991001585588
LowLLapse,MidLLapse,,0.20562411156121463
LowLLapse,MvmtFeatures,,0.4786278795450126
LowLLapse,RHRatio,,0.007179290766382238
LowLLapse,SfcWndShfDis,,0.0067774299867170455
LowLLapse,SynForcng,,0.4904126583759768
LowLLapse,TempDis,,0.39683652479463305
LowLLapse,WindAloft,,0.28644035939141976
LowLLapse,WindFieldMt,,0.25995697049857186
LowLLapse,WindFieldPln,,4.636241678385447e-06
MeanRH,MidLLapse,,0.04687171285339734
MeanRH,MvmtFeatures,,0.255587885116254
MeanRH,RHRatio,,0.015893922250657715
MeanRH,SfcWndShfDis,,1.6916230796038098e-08
MeanRH,SynForcng,,0.19608334019290927
MeanRH,TempDis,,0.09367397465308316
MeanRH,WindAloft,,0.10610816562335496
MeanRH,WindFieldMt,,0.45963126735053317
MeanRH,WindFieldPln,,0.00011761010585008822
MidLLapse,MvmtFeatures,,0.43835735301432754
MidLLapse,RHRatio,,0.4467453747815421
MidLLapse,SfcWndShfDis,,0.41388279225886826
MidLLapse,SynForcng,,0.3208278187623193
MidLLapse,TempDis,,0.5319387455981841
MidLLapse,WindAloft,,0.6928365701938268
MidLLapse,WindFieldMt,,0.3633767350369288
MidLLapse,WindFieldPln,,0.08535627340308255
MvmtFeatures,RHRatio,,0.022453341642933278
MvmtFeatures,SfcWndShfDis,,0.04474892989894849
MvmtFeatures,SynForcng,,2.0832181599560318e-11
MvmtFeatures,TempDis,,0.0146582589706103
MvmtFeatures,WindAloft,,6.385412510026681e-13
MvmtFeatures,WindFieldMt,,1.1510871528293122e-08
MvmtFeatures,WindFieldPln,,7.541336386773115e-07
RHRatio,SfcWndShfDis,,0.0007420855055105432
RHRatio,SynForcng,,0.2794832749301621
RHRatio,TempDis,,0.11855656987932596
RHRatio,WindAloft,,0.053923491089840805
RHRatio,WindFieldMt,,0.7680238476208512
RHRatio,WindFieldPln,,2.295510174389656e-06
SfcWndShfDis,SynForcng,,6.502454019570375e-09
SfcWndShfDis,TempDis,,2.0772666671952894e-13
SfcWndShfDis,WindAloft,,2.2837249931015502e-07
SfcWndShfDis,WindFieldMt,,0.568515484478735
SfcWndShfDis,WindFieldPln,,1.163288018093686e-27
SynForcng,TempDis,,0.001037284257900426
SynForcng,WindAloft,,1.4778635825403262e-16
SynForcng,WindFieldMt,,2.2092412976766253e-06
SynForcng,WindFieldPln,,2.5126223622610274e-07
TempDis,WindAloft,,0.0008738083472945102
TempDis,WindFieldMt,,0.2033273760501653
TempDis,WindFieldPln,,0.00027926975681239613
WindAloft,WindFieldMt,,4.921589377379027e-11
WindAloft,WindFieldPln,,5.404995180739647e-18
WindFieldMt,WindFieldPln,,5.8701046169361824e-05
N0_7muVerMo,CombVerMo,AreaMeso_ALS,0.9962007003645229
N0_7muVerMo,CombVerMo,AreaMeso_ALS,0.9962007003645229
N0_7muVerMo,CombVerMo,AreaMeso_ALS,0.9962007003645229
N0_7muVerMo,CombVerMo,AreaMeso_ALS,0.9962007003645229
N0_7muVerMo,AreaMeso_ALS,CombVerMo,0.9962007003645229
N0_7muVerMo,AreaMeso_ALS,CombVerMo,0.9962007003645229
N0_7muVerMo,AreaMeso_ALS,CombVerMo,0.9962007003645229
N0_7muVerMo,AreaMeso_ALS,CombVerMo,0.9962007003645229
N0_7muVerMo,AreaMoDryAir,CldShadeOth,0.09060968951372746
N0_7muVerMo,AreaMoDryAir,CldShadeOth,0.09060968951372746
N0_7muVerMo,CldShadeOth,AreaMoDryAir,0.4623961826694122
N0_7muVerMo,CldShadeConv,AreaMoDryAir,0.4091301664062371
N0_7muVerMo,CompPlFcst,CapInScen,0.07778713762293511
N0_7muVerMo,CompPlFcst,CapInScen,0.07778713762293511
N0_7muVerMo,CapChange,CapInScen,0.07778713762293511
N0_7muVerMo,CapChange,CapInScen,0.07778713762293511
N0_7muVerMo,InsChange,AreaMoDryAir,0.1531936727327859
N0_7muVerMo,CapInScen,CombVerMo,0.20809006104462505
N0_7muVerMo,CapInScen,CombVerMo,0.20809006104462505
N0_7muVerMo,CapInScen,CombVerMo,0.20809006104462505
N0_7muVerMo,WindAloft,AreaMoDryAir,0.13864036161864032
SubjVertMo,CombVerMo,AreaMeso_ALS,0.8627436511107262
SubjVertMo,CombVerMo,AreaMeso_ALS,0.8627436511107262
SubjVertMo,AreaMeso_ALS,CombVerMo,0.8627436511107262
SubjVertMo,AreaMeso_ALS,CombVerMo,0.8627436511107262
SubjVertMo,AreaMoDryAir,CombVerMo,0.3954149904761888
SubjVertMo,OutflowFrMt,AreaMoDryAir,0.4058144052347334
SubjVertMo,CompPlFcst,AreaMoDryAir,0.062756262974202
SubjVertMo,CapChange,AreaMoDryAir,0.062756262974202
SubjVertMo,RHRatio,AreaMoDryAir,0.21560288514215747
QGVertMotion,CombVerMo,AreaMeso_ALS,0.9251596943609038
QGVertMotion,AreaMeso_ALS,CombVerMo,0.9251596943609038
QGVertMotion,CldShadeOth,CombVerMo,0.5723222208945986
QGVertMotion,MidLLapse,CombVerMo,0.324684216308696
QGVertMotion,SfcWndShfDis,CombVerMo,0.9313246691249383
CombVerMo,AreaMeso_ALS,CompPlFcst,5.333473652823861e-256
CombVerMo,AreaMeso_ALS,CompPlFcst,5.333473652823861e-256
CombVerMo,AreaMeso_ALS,CompPlFcst,5.333473652823861e-256
CombVerMo,AreaMeso_ALS,CompPlFcst,5.333473652823861e-256
CombVerMo,AreaMeso_ALS,CompPlFcst,5.333473652823861e-256
CombVerMo,AreaMeso_ALS,CompPlFcst,5.333473652823861e-256
CombVerMo,AreaMeso_ALS,CompPlFcst,5.333473652823861e-256
CombVerMo,AreaMeso_ALS,CompPlFcst,5.333473652823861e-256
CombVerMo,AreaMeso_ALS,CompPlFcst,5.333473652823861e-256
CombVerMo,AreaMeso_ALS,CompPlFcst,5.333473652823861e-256
CombVerMo,AreaMeso_ALS,CompPlFcst,5.333473652823861e-256
CombVerMo,AreaMeso_ALS,CompPlFcst,5.333473652823861e-256
CombVerMo,AreaMoDryAir,AreaMeso_ALS,0.9982107835063599
CombVerMo,AreaMoDryAir,AreaMeso_ALS,0.9982107835063599
CombVerMo,AreaMoDryAir,AreaMeso_ALS,0.9982107835063599
CombVerMo,AreaMoDryAir,AreaMeso_ALS,0.9982107835063599
CombVerMo,AreaMoDryAir,AreaMeso_ALS,0.9982107835063599
CombVerMo,AreaMoDryAir,AreaMeso_ALS,0.9982107835063599
CombVerMo,AreaMoDryAir,AreaMeso_ALS,0.9982107835063599
CombVerMo,VISCloudCov,AreaMoDryAir,0.3660934757513417
CombVerMo,CldShadeOth,AreaMeso_ALS,0.9996691512262648
CombVerMo,CldShadeOth,AreaMeso_ALS,0.9996691512262648
CombVerMo,CldShadeOth,AreaMeso_ALS,0.9996691512262648
CombVerMo,CldShadeOth,AreaMeso_ALS,0.9996691512262648
CombVerMo,CldShadeOth,AreaMeso_ALS,0.9996691512262648
CombVerMo,CldShadeOth,AreaMeso_ALS,0.9996691512262648
CombVerMo,CldShadeOth,AreaMeso_ALS,0.9996691512262648
CombVerMo,CompPlFcst,AreaMeso_ALS,0.9997058906689065
CombVerMo,CompPlFcst,AreaMeso_ALS,0.9997058906689065
CombVerMo,CompPlFcst,AreaMeso_ALS,0.9997058906689065
CombVerMo,CompPlFcst,AreaMeso_ALS,0.9997058906689065
CombVerMo,CompPlFcst,AreaMeso_ALS,0.9997058906689065
CombVerMo,CompPlFcst,AreaMeso_ALS,0.9997058906689065
CombVerMo,CompPlFcst,AreaMeso_ALS,0.9997058906689065
CombVerMo,CompPlFcst,AreaMeso_ALS,0.9997058906689065
CombVerMo,CapChange,AreaMeso_ALS,0.9997058906689065
CombVerMo,CapChange,AreaMeso_ALS,0.9997058906689065
CombVerMo,CapChange,AreaMeso_ALS,0.9997058906689065
CombVerMo,CapChange,AreaMeso_ALS,0.9997058906689065
CombVerMo,CapChange,AreaMeso_ALS,0.9997058906689065
CombVerMo,CapChange,AreaMeso_ALS,0.9997058906689065
CombVerMo,CapChange,AreaMeso_ALS,0.9997058906689065
CombVerMo,CapChange,AreaMeso_ALS,0.9997058906689065
CombVerMo,CapInScen,VISCloudCov,0.050468408178018107
CombVerMo,LIfr12ZDENSd,VISCloudCov,0.25059848318401523
CombVerMo,LatestCIN,VISCloudCov,0.18260908864546138
CombVerMo,WindFieldMt,VISCloudCov,0.12198465065293225
AreaMeso_ALS,AreaMoDryAir,CombVerMo,0.9982107835063599
AreaMeso_ALS,AreaMoDryAir,CombVerMo,0.9982107835063599
AreaMeso_ALS,AreaMoDryAir,CombVerMo,0.9982107835063599
AreaMeso_ALS,AreaMoDryAir,CombVerMo,0.9982107835063599
AreaMeso_ALS,AreaMoDryAir,CombVerMo,0.9982107835063599
AreaMeso_ALS,VISCloudCov,AreaMoDryAir,0.3660934757513417
AreaMeso_ALS,CldShadeOth,CombVerMo,0.9996691512262648
AreaMeso_ALS,CldShadeOth,CombVerMo,0.9996691512262648
AreaMeso_ALS,CldShadeOth,CombVerMo,0.9996691512262648
AreaMeso_ALS,CldShadeOth,CombVerMo,0.9996691512262648
AreaMeso_ALS,CldShadeOth,CombVerMo,0.9996691512262648
AreaMeso_ALS,CldShadeOth,CombVerMo,0.9996691512262648
AreaMeso_ALS,CompPlFcst,CombVerMo,0.9997058906689065
AreaMeso_ALS,CompPlFcst,CombVerMo,0.9997058906689065
AreaMeso_ALS,CompPlFcst,CombVerMo,0.9997058906689065
AreaMeso_ALS,CompPlFcst,CombVerMo,0.9997058906689065
AreaMeso_ALS,CompPlFcst,CombVerMo,0.9997058906689065
AreaMeso_ALS,CompPlFcst,CombVerMo,0.9997058906689065
AreaMeso_ALS,CapChange,CombVerMo,0.9997058906689065
AreaMeso_ALS,CapChange,CombVerMo,0.9997058906689065
AreaMeso_ALS,CapChange,CombVerMo,0.9997058906689065
AreaMeso_ALS,CapChange,CombVerMo,0.9997058906689065
AreaMeso_ALS,CapChange,CombVerMo,0.9997058906689065
AreaMeso_ALS,CapChange,CombVerMo,0.9997058906689065
AreaMeso_ALS,CapInScen,VISCloudCov,0.050468408178018107
AreaMeso_ALS,LIfr12ZDENSd,VISCloudCov,0.25059848318401523
AreaMeso_ALS,LatestCIN,VISCloudCov,0.18260908864546138
AreaMeso_ALS,WindFieldMt,VISCloudCov,0.12198465065293225
SatContMoist,CombMoisture,Boundaries,6.085467747493182e-18
SatContMoist,CombMoisture,Boundaries,6.085467747493182e-18
SatContMoist,CombMoisture,Boundaries,6.085467747493182e-18
SatContMoist,CombMoisture,Boundaries,6.085467747493182e-18
SatContMoist,CombMoisture,Boundaries,6.085467747493182e-18
SatContMoist,AreaMoDryAir,CombMoisture,0.8939687118315409
SatContMoist,MorningBound,CombMoisture,0.19037559348445063
SatContMoist,Boundaries,CombMoisture,0.12553976956807972
SatContMoist,MountainFcst,CombMoisture,0.1250950400780948
SatContMoist,Date,CombMoisture,0.5222451112210744
RaoContMoist,CombMoisture,AreaMoDryAir,0.001204064128115611
RaoContMoist,AreaMoDryAir,CombMoisture,0.8797317983377706
CombMoisture,AreaMoDryAir,RaoContMoist,8.508995765611563e-62
CombMoisture,AreaMoDryAir,RaoContMoist,8.508995765611563e-62
AreaMoDryAir,CldShadeOth,CombVerMo,0.346348148089872
AreaMoDryAir,CldShadeOth,CombVerMo,0.346348148089872
AreaMoDryAir,CldShadeOth,CombVerMo,0.346348148089872
AreaMoDryAir,CldShadeOth,CombVerMo,0.346348148089872
AreaMoDryAir,LowLLapse,CombMoisture,0.1883453951607139
AreaMoDryAir,WindAloft,CombMoisture,0.8714730034011039
VISCloudCov,CombClouds,CldShadeOth,2.39081466298758e-22
VISCloudCov,CombClouds,CldShadeOth,2.39081466298758e-22
VISCloudCov,CombClouds,CldShadeOth,2.39081466298758e-22
VISCloudCov,CombClouds,CldShadeOth,2.39081466298758e-22
VISCloudCov,CldShadeOth,CombClouds,0.4960621718627124
VISCloudCov,CldShadeOth,CombClouds,0.4960621718627124
VISCloudCov,CldShadeOth,CombClouds,0.4960621718627124
VISCloudCov,WndHodograph,CombVerMo,0.36375936522242974
IRCloudCover,CombClouds,CldShadeOth,6.201211874159112e-07
IRCloudCover,CombClouds,CldShadeOth,6.201211874159112e-07
IRCloudCover,CombClouds,CldShadeOth,6.201211874159112e-07
IRCloudCover,CldShadeOth,CombClouds,0.4458308025114218
IRCloudCover,MountainFcst,CombClouds,0.05244640118569484
IRCloudCover,Dewpoints,CombClouds,0.37005829619422587
CombClouds,CldShadeOth,Dewpoints,1.5785554917441582e-77
CombClouds,CldShadeOth,Dewpoints,1.5785554917441582e-77
CombClouds,CldShadeOth,Dewpoints,1.5785554917441582e-77
CombClouds,Dewpoints,VISCloudCov,0.3014440609105257
CldShadeOth,InsInMt,VISCloudCov,0.05225202957305176
CldShadeOth,Scenario,VISCloudCov,0.7522473067069446
CldShadeOth,ScnRelPlFcst,VISCloudCov,0.7522473067069446
CldShadeOth,LowLLapse,VISCloudCov,0.4394957075591371
AMInstabMt,InsInMt,CldShadeConv,9.391753211675468e-14
AMInstabMt,InsInMt,CldShadeConv,9.391753211675468e-14
AMInstabMt,CldShadeConv,InsInMt,0.10419741521258698
AMInstabMt,SfcWndShfDis,InsInMt,0.1075565881620059
InsInMt,OutflowFrMt,AMInstabMt,0.0005390736605055113
InsInMt,OutflowFrMt,AMInstabMt,0.0005390736605055113
InsInMt,OutflowFrMt,AMInstabMt,0.0005390736605055113
InsInMt,OutflowFrMt,AMInstabMt,0.0005390736605055113
InsInMt,OutflowFrMt,AMInstabMt,0.0005390736605055113
InsInMt,OutflowFrMt,AMInstabMt,0.0005390736605055113
InsInMt,CldShadeConv,AMInstabMt,7.988914844452321e-10
InsInMt,CldShadeConv,AMInstabMt,7.988914844452321e-10
InsInMt,CldShadeConv,AMInstabMt,7.988914844452321e-10
InsInMt,CldShadeConv,AMInstabMt,7.988914844452321e-10
InsInMt,CldShadeConv,AMInstabMt,7.988914844452321e-10
InsInMt,CldShadeConv,AMInstabMt,7.988914844452321e-10
InsInMt,MountainFcst,AMInstabMt,7.025742217999885e-05
InsInMt,MountainFcst,AMInstabMt,7.025742217999885e-05
InsInMt,MountainFcst,AMInstabMt,7.025742217999885e-05
InsInMt,MountainFcst,AMInstabMt,7.025742217999885e-05
InsInMt,MountainFcst,AMInstabMt,7.025742217999885e-05
InsInMt,MountainFcst,AMInstabMt,7.025742217999885e-05
InsInMt,Date,CldShadeOth,0.17647549876632093
InsInMt,WindFieldMt,CldShadeOth,0.2868498131888902
WndHodograph,OutflowFrMt,CldShadeConv,3.095664141765016e-05
WndHodograph,OutflowFrMt,CldShadeConv,3.095664141765016e-05
WndHodograph,OutflowFrMt,CldShadeConv,3.095664141765016e-05
WndHodograph,Boundaries,CldShadeConv,0.002631641646662517
WndHodograph,Boundaries,CldShadeConv,0.002631641646662517
WndHodograph,Boundaries,CldShadeConv,0.002631641646662517
WndHodograph,CldShadeConv,Boundaries,7.332345041513832e-09
WndHodograph,CldShadeConv,Boundaries,7.332345041513832e-09
WndHodograph,CldShadeConv,Boundaries,7.332345041513832e-09
OutflowFrMt,Boundaries,WndHodograph,3.809449549695874e-06
OutflowFrMt,Boundaries,WndHodograph,3.809449549695874e-06
OutflowFrMt,Boundaries,WndHodograph,3.809449549695874e-06
OutflowFrMt,Boundaries,WndHodograph,3.809449549695874e-06
OutflowFrMt,Boundaries,WndHodograph,3.809449549695874e-06
OutflowFrMt,Boundaries,WndHodograph,3.809449549695874e-06
OutflowFrMt,Boundaries,WndHodograph,3.809449549695874e-06
OutflowFrMt,Boundaries,WndHodograph,3.809449549695874e-06
OutflowFrMt,Boundaries,WndHodograph,3.809449549695874e-06
OutflowFrMt,CldShadeConv,SubjVertMo,0.15031856367850358
OutflowFrMt,CldShadeConv,SubjVertMo,0.15031856367850358
OutflowFrMt,CldShadeConv,SubjVertMo,0.15031856367850358
OutflowFrMt,CompPlFcst,LLIW,0.06440550878181159
OutflowFrMt,CapChange,LLIW,0.06440550878181159
OutflowFrMt,LLIW,SfcWndShfDis,0.1424846866854519
OutflowFrMt,SfcWndShfDis,LLIW,0.17035088380489438
OutflowFrMt,WindFieldPln,SfcWndShfDis,0.5971645835300843
OutflowFrMt,WindFieldPln,SfcWndShfDis,0.5971645835300843
MorningBound,Boundaries,LLIW,2.749054815469688e-09
MorningBound,Boundaries,LLIW,2.749054815469688e-09
MorningBound,Boundaries,LLIW,2.749054815469688e-09
MorningBound,Boundaries,LLIW,2.749054815469688e-09
MorningBound,AMInsWliScen,Boundaries,0.06371457342894549
MorningBound,LLIW,AMInsWliScen,0.06615652931231489
MorningBound,MidLLapse,Boundaries,0.17122675209277435
Boundaries,CompPlFcst,SatContMoist,0.3402059727928091
Boundaries,CapChange,SatContMoist,0.3402059727928091
CldShadeConv,CompPlFcst,CapChange,0.9952510269788517
CldShadeConv,CapChange,CompPlFcst,0.9952510269788517
CldShadeConv,CapChange,CompPlFcst,0.9952510269788517
CldShadeConv,CapChange,CompPlFcst,0.9952510269788517
CldShadeConv,CapChange,CompPlFcst,0.9952510269788517
CldShadeConv,WindAloft,CapChange,0.05334285954688399
CompPlFcst,CapChange,Boundaries,4.0981069092715444e-254
CompPlFcst,CapChange,Boundaries,4.0981069092715444e-254
CompPlFcst,CapChange,Boundaries,4.0981069092715444e-254
CompPlFcst,CapChange,Boundaries,4.0981069092715444e-254
CompPlFcst,CapChange,Boundaries,4.0981069092715444e-254
CompPlFcst,CapChange,Boundaries,4.0981069092715444e-254
CompPlFcst,CapChange,Boundaries,4.0981069092715444e-254
CompPlFcst,CapChange,Boundaries,4.0981069092715444e-254
CompPlFcst,CapChange,Boundaries,4.0981069092715444e-254
CompPlFcst,CapChange,Boundaries,4.0981069092715444e-254
CompPlFcst,InsChange,CapChange,0.9996189564505195
CompPlFcst,InsChange,CapChange,0.9996189564505195
CompPlFcst,InsChange,CapChange,0.9996189564505195
CompPlFcst,InsChange,CapChange,0.9996189564505195
CompPlFcst,InsChange,CapChange,0.9996189564505195
CompPlFcst,InsChange,CapChange,0.9996189564505195
CompPlFcst,CapInScen,CapChange,0.8591152345845315
CompPlFcst,CapInScen,CapChange,0.8591152345845315
CompPlFcst,CapInScen,CapChange,0.8591152345845315
CompPlFcst,CapInScen,CapChange,0.8591152345845315
CompPlFcst,CapInScen,CapChange,0.8591152345845315
CompPlFcst,MidLLapse,CapInScen,0.28439667415901954
CapChange,InsChange,CompPlFcst,0.9996189564505195
CapChange,InsChange,CompPlFcst,0.9996189564505195
CapChange,InsChange,CompPlFcst,0.9996189564505195
CapChange,InsChange,CompPlFcst,0.9996189564505195
CapChange,InsChange,CompPlFcst,0.9996189564505195
CapChange,InsChange,CompPlFcst,0.9996189564505195
CapChange,InsChange,CompPlFcst,0.9996189564505195
CapChange,InsChange,CompPlFcst,0.9996189564505195
CapChange,CapInScen,CompPlFcst,0.8591152345845315
CapChange,CapInScen,CompPlFcst,0.8591152345845315
CapChange,CapInScen,CompPlFcst,0.8591152345845315
CapChange,CapInScen,CompPlFcst,0.8591152345845315
CapChange,CapInScen,CompPlFcst,0.8591152345845315
CapChange,CapInScen,CompPlFcst,0.8591152345845315
CapChange,CapInScen,CompPlFcst,0.8591152345845315
CapChange,MidLLapse,CapInScen,0.28439667415901954
LoLevMoistAd,InsChange,InsSclInScen,8.990967800630125e-42
LoLevMoistAd,InsChange,InsSclInScen,8.990967800630125e-42
LoLevMoistAd,InsChange,InsSclInScen,8.990967800630125e-42
LoLevMoistAd,InsChange,InsSclInScen,8.990967800630125e-42
LoLevMoistAd,InsChange,InsSclInScen,8.990967800630125e-42
LoLevMoistAd,MorningCIN,N34StarFcst,0.15721434735930037
LoLevMoistAd,AMCINInScen,N34StarFcst,0.36024925930704443
LoLevMoistAd,InsSclInScen,InsChange,0.8314106165062046
LoLevMoistAd,InsSclInScen,InsChange,0.8314106165062046
LoLevMoistAd,InsSclInScen,InsChange,0.8314106165062046
LoLevMoistAd,InsSclInScen,InsChange,0.8314106165062046
LoLevMoistAd,InsSclInScen,InsChange,0.8314106165062046
LoLevMoistAd,PlainsFcst,N34StarFcst,0.8363160458472837
LoLevMoistAd,N34StarFcst,AMCINInScen,0.05831989689375696
InsChange,CapInScen,CapChange,0.2956562733828138
InsChange,CapInScen,CapChange,0.2956562733828138
InsChange,CapInScen,CapChange,0.2956562733828138
InsChange,InsSclInScen,LoLevMoistAd,2.1575607100644785e-09
InsChange,InsSclInScen,LoLevMoistAd,2.1575607100644785e-09
InsChange,InsSclInScen,LoLevMoistAd,2.1575607100644785e-09
InsChange,InsSclInScen,LoLevMoistAd,2.1575607100644785e-09
InsChange,InsSclInScen,LoLevMoistAd,2.1575607100644785e-09
InsChange,InsSclInScen,LoLevMoistAd,2.1575607100644785e-09
InsChange,InsSclInScen,LoLevMoistAd,2.1575607100644785e-09
InsChange,InsSclInScen,LoLevMoistAd,2.1575607100644785e-09
InsChange,PlainsFcst,CapInScen,0.18466801463282906
InsChange,N34StarFcst,CapInScen,0.06602751560256388
InsChange,MidLLapse,CapInScen,0.12674272352395452
MountainFcst,R5Fcst,InsInMt,1.0342386206599049e-131
MountainFcst,R5Fcst,InsInMt,1.0342386206599049e-131
MountainFcst,R5Fcst,InsInMt,1.0342386206599049e-131
Date,Scenario,R5Fcst,0.9865158093997448
Date,ScenRelAMCIN,R5Fcst,0.249990278968682
Date,ScnRelPlFcst,R5Fcst,0.9865158093997448
Date,R5Fcst,Scenario,0.9979636330421604
Scenario,ScenRelAMCIN,ScenRelAMIns,1.1834123316491892e-52
Scenario,ScenRelAMCIN,ScenRelAMIns,1.1834123316491892e-52
Scenario,ScenRelAMCIN,ScenRelAMIns,1.1834123316491892e-52
Scenario,ScenRelAMCIN,ScenRelAMIns,1.1834123316491892e-52
Scenario,ScenRelAMCIN,ScenRelAMIns,1.1834123316491892e-52
Scenario,ScenRelAMCIN,ScenRelAMIns,1.1834123316491892e-52
Scenario,ScenRelAMCIN,ScenRelAMIns,1.1834123316491892e-52
Scenario,ScenRelAMCIN,ScenRelAMIns,1.1834123316491892e-52
Scenario,ScenRelAMCIN,ScenRelAMIns,1.1834123316491892e-52
Scenario,ScenRelAMCIN,ScenRelAMIns,1.1834123316491892e-52
Scenario,ScenRelAMCIN,ScenRelAMIns,1.1834123316491892e-52
Scenario,ScenRelAMCIN,ScenRelAMIns,1.1834123316491892e-52
Scenario,ScenRelAMCIN,ScenRelAMIns,1.1834123316491892e-52
Scenario,ScenRelAMCIN,ScenRelAMIns,1.1834123316491892e-52
Scenario,ScenRelAMCIN,ScenRelAMIns,1.1834123316491892e-52
Scenario,ScenRelAMCIN,ScenRelAMIns,1.1834123316491892e-52
Scenario,ScenRelAMCIN,ScenRelAMIns,1.1834123316491892e-52
Scenario,ScenRelAMCIN,ScenRelAMIns,1.1834123316491892e-52
Scenario,ScenRelAMCIN,ScenRelAMIns,1.1834123316491892e-52
Scenario,ScenRelAMCIN,ScenRelAMIns,1.1834123316491892e-52
Scenario,ScenRelAMCIN,ScenRelAMIns,1.1834123316491892e-52
Scenario,ScenRelAMCIN,ScenRelAMIns,1.1834123316491892e-52
Scenario,AMCINInScen,N34StarFcst,0.1557576488131695
Scenario,CapInScen,N34StarFcst,0.051470987131451755
Scenario,ScenRelAMIns,AMInsWliScen,2.1581603591556537e-159
Scenario,ScenRelAMIns,AMInsWliScen,2.1581603591556537e-159
Scenario,ScenRelAMIns,AMInsWliScen,2.1581603591556537e-159
Scenario,ScenRelAMIns,AMInsWliScen,2.1581603591556537e-159
Scenario,ScenRelAMIns,AMInsWliScen,2.1581603591556537e-159
Scenario,ScenRelAMIns,AMInsWliScen,2.1581603591556537e-159
Scenario,ScenRelAMIns,AMInsWliScen,2.1581603591556537e-159
Scenario,ScenRelAMIns,AMInsWliScen,2.1581603591556537e-159
Scenario,ScenRelAMIns,AMInsWliScen,2.1581603591556537e-159
Scenario,ScenRelAMIns,AMInsWliScen,2.1581603591556537e-159
Scenario,ScenRelAMIns,AMInsWliScen,2.1581603591556537e-159
Scenario,ScenRelAMIns,AMInsWliScen,2.1581603591556537e-159
Scenario,ScenRelAMIns,AMInsWliScen,2.1581603591556537e-159
Scenario,ScenRelAMIns,AMInsWliScen,2.1581603591556537e-159
Scenario,ScenRelAMIns,AMInsWliScen,2.1581603591556537e-159
Scenario,ScenRelAMIns,AMInsWliScen,2.1581603591556537e-159
Scenario,ScenRelAMIns,AMInsWliScen,2.1581603591556537e-159
Scenario,ScenRelAMIns,AMInsWliScen,2.1581603591556537e-159
Scenario,ScenRelAMIns,AMInsWliScen,2.1581603591556537e-159
Scenario,ScenRelAMIns,AMInsWliScen,2.1581603591556537e-159
Scenario,ScenRelAMIns,AMInsWliScen,2.1581603591556537e-159
Scenario,ScenRelAMIns,AMInsWliScen,2.1581603591556537e-159
Scenario,AMInsWliScen,WindFieldMt,0.11403700243749615
Scenario,AMInsWliScen,WindFieldMt,0.11403700243749615
Scenario,ScenRel3_4,ScenRelAMIns,3.199596051120944e-115
Scenario,ScenRel3_4,ScenRelAMIns,3.199596051120944e-115
Scenario,ScenRel3_4,ScenRelAMIns,3.199596051120944e-115
Scenario,ScenRel3_4,ScenRelAMIns,3.199596051120944e-115
Scenario,ScenRel3_4,ScenRelAMIns,3.199596051120944e-115
Scenario,ScenRel3_4,ScenRelAMIns,3.199596051120944e-115
Scenario,ScenRel3_4,ScenRelAMIns,3.199596051120944e-115
Scenario,ScenRel3_4,ScenRelAMIns,3.199596051120944e-115
Scenario,ScenRel3_4,ScenRelAMIns,3.199596051120944e-115
Scenario,ScenRel3_4,ScenRelAMIns,3.199596051120944e-115
Scenario,ScenRel3_4,ScenRelAMIns,3.199596051120944e-115
Scenario,ScenRel3_4,ScenRelAMIns,3.199596051120944e-115
Scenario,ScenRel3_4,ScenRelAMIns,3.199596051120944e-115
Scenario,ScenRel3_4,ScenRelAMIns,3.199596051120944e-115
Scenario,ScenRel3_4,ScenRelAMIns,3.199596051120944e-115
Scenario,ScenRel3_4,ScenRelAMIns,3.199596051120944e-115
Scenario,ScenRel3_4,ScenRelAMIns,3.199596051120944e-115
Scenario,ScenRel3_4,ScenRelAMIns,3.199596051120944e-115
Scenario,ScenRel3_4,ScenRelAMIns,3.199596051120944e-115
Scenario,ScenRel3_4,ScenRelAMIns,3.199596051120944e-115
Scenario,ScenRel3_4,ScenRelAMIns,3.199596051120944e-115
Scenario,ScenRel3_4,ScenRelAMIns,3.199596051120944e-115
Scenario,ScnRelPlFcst,ScenRelAMIns,2.6114542587203232e-73
Scenario,ScnRelPlFcst,ScenRelAMIns,2.6114542587203232e-73
Scenario,ScnRelPlFcst,ScenRelAMIns,2.6114542587203232e-73
Scenario,ScnRelPlFcst,ScenRelAMIns,2.6114542587203232e-73
Scenario,ScnRelPlFcst,ScenRelAMIns,2.6114542587203232e-73
Scenario,ScnRelPlFcst,ScenRelAMIns,2.6114542587203232e-73
Scenario,ScnRelPlFcst,ScenRelAMIns,2.6114542587203232e-73
Scenario,ScnRelPlFcst,ScenRelAMIns,2.6114542587203232e-73
Scenario,ScnRelPlFcst,ScenRelAMIns,2.6114542587203232e-73
Scenario,ScnRelPlFcst,ScenRelAMIns,2.6114542587203232e-73
Scenario,ScnRelPlFcst,ScenRelAMIns,2.6114542587203232e-73
Scenario,ScnRelPlFcst,ScenRelAMIns,2.6114542587203232e-73
Scenario,ScnRelPlFcst,ScenRelAMIns,2.6114542587203232e-73
Scenario,ScnRelPlFcst,ScenRelAMIns,2.6114542587203232e-73
Scenario,ScnRelPlFcst,ScenRelAMIns,2.6114542587203232e-73
Scenario,ScnRelPlFcst,ScenRelAMIns,2.6114542587203232e-73
Scenario,ScnRelPlFcst,ScenRelAMIns,2.6114542587203232e-73
Scenario,ScnRelPlFcst,ScenRelAMIns,2.6114542587203232e-73
Scenario,ScnRelPlFcst,ScenRelAMIns,2.6114542587203232e-73
Scenario,ScnRelPlFcst,ScenRelAMIns,2.6114542587203232e-73
Scenario,ScnRelPlFcst,ScenRelAMIns,2.6114542587203232e-73
Scenario,ScnRelPlFcst,ScenRelAMIns,2.6114542587203232e-73
Scenario,PlainsFcst,N34StarFcst,0.20676000232055264
Scenario,N34StarFcst,Date,0.9049100045769533
Scenario,N34StarFcst,Date,0.9049100045769533
Scenario,N34StarFcst,Date,0.9049100045769533
Scenario,Dewpoints,Date,0.1311438164122964
Scenario,Dewpoints,Date,0.1311438164122964
Scenario,Dewpoints,Date,0.1311438164122964
Scenario,Dewpoints,Date,0.1311438164122964
Scenario,LowLLapse,Date,0.49054486792006
Scenario,LowLLapse,Date,0.49054486792006
Scenario,LowLLapse,Date,0.49054486792006
Scenario,LowLLapse,Date,0.49054486792006
Scenario,MeanRH,Date,0.06567489251444658
Scenario,MeanRH,Date,0.06567489251444658
Scenario,MeanRH,Date,0.06567489251444658
Scenario,MeanRH,Date,0.06567489251444658
Scenario,MidLLapse,Date,0.1692877421857346
Scenario,MidLLapse,Date,0.1692877421857346
Scenario,MidLLapse,Date,0.1692877421857346
Scenario,MidLLapse,Date,0.1692877421857346
Scenario,MvmtFeatures,ScnRelPlFcst,0.9999999999999896
Scenario,MvmtFeatures,ScnRelPlFcst,0.9999999999999896
Scenario,MvmtFeatures,ScnRelPlFcst,0.9999999999999896
Scenario,MvmtFeatures,ScnRelPlFcst,0.9999999999999896
Scenario,MvmtFeatures,ScnRelPlFcst,0.9999999999999896
Scenario,MvmtFeatures,ScnRelPlFcst,0.9999999999999896
Scenario,MvmtFeatures,ScnRelPlFcst,0.9999999999999896
Scenario,MvmtFeatures,ScnRelPlFcst,0.9999999999999896
Scenario,MvmtFeatures,ScnRelPlFcst,0.9999999999999896
Scenario,MvmtFeatures,ScnRelPlFcst,0.9999999999999896
Scenario,MvmtFeatures,ScnRelPlFcst,0.9999999999999896
Scenario,MvmtFeatures,ScnRelPlFcst,0.9999999999999896
Scenario,MvmtFeatures,ScnRelPlFcst,0.9999999999999896
Scenario,MvmtFeatures,ScnRelPlFcst,0.9999999999999896
Scenario,MvmtFeatures,ScnRelPlFcst,0.9999999999999896
Scenario,MvmtFeatures,ScnRelPlFcst,0.9999999999999896
Scenario,MvmtFeatures,ScnRelPlFcst,0.9999999999999896
Scenario,RHRatio,Date,0.08814286904450254
Scenario,RHRatio,Date,0.08814286904450254
Scenario,RHRatio,Date,0.08814286904450254
Scenario,SfcWndShfDis,ScnRelPlFcst,1.0
Scenario,SfcWndShfDis,ScnRelPlFcst,1.0
Scenario,SfcWndShfDis,ScnRelPlFcst,1.0
Scenario,SfcWndShfDis,ScnRelPlFcst,1.0
Scenario,SfcWndShfDis,ScnRelPlFcst,1.0
Scenario,SfcWndShfDis,ScnRelPlFcst,1.0
Scenario,SfcWndShfDis,ScnRelPlFcst,1.0
Scenario,SfcWndShfDis,ScnRelPlFcst,1.0
Scenario,SfcWndShfDis,ScnRelPlFcst,1.0
Scenario,SfcWndShfDis,ScnRelPlFcst,1.0
Scenario,SfcWndShfDis,ScnRelPlFcst,1.0
Scenario,SfcWndShfDis,ScnRelPlFcst,1.0
Scenario,SfcWndShfDis,ScnRelPlFcst,1.0
Scenario,SfcWndShfDis,ScnRelPlFcst,1.0
Scenario,SfcWndShfDis,ScnRelPlFcst,1.0
Scenario,SfcWndShfDis,ScnRelPlFcst,1.0
Scenario,SfcWndShfDis,ScnRelPlFcst,1.0
Scenario,SynForcng,ScenRel3_4,0.6414805950201621
Scenario,SynForcng,ScenRel3_4,0.6414805950201621
Scenario,SynForcng,ScenRel3_4,0.6414805950201621
Scenario,SynForcng,ScenRel3_4,0.6414805950201621
Scenario,SynForcng,ScenRel3_4,0.6414805950201621
Scenario,SynForcng,ScenRel3_4,0.6414805950201621
Scenario,TempDis,ScnRelPlFcst,0.9999999999998522
Scenario,TempDis,ScnRelPlFcst,0.9999999999998522
Scenario,TempDis,ScnRelPlFcst,0.9999999999998522
Scenario,TempDis,ScnRelPlFcst,0.9999999999998522
Scenario,TempDis,ScnRelPlFcst,0.9999999999998522
Scenario,TempDis,ScnRelPlFcst,0.9999999999998522
Scenario,TempDis,ScnRelPlFcst,0.9999999999998522
Scenario,TempDis,ScnRelPlFcst,0.9999999999998522
Scenario,TempDis,ScnRelPlFcst,0.9999999999998522
Scenario,TempDis,ScnRelPlFcst,0.9999999999998522
Scenario,TempDis,ScnRelPlFcst,0.9999999999998522
Scenario,TempDis,ScnRelPlFcst,0.9999999999998522
Scenario,TempDis,ScnRelPlFcst,0.9999999999998522
Scenario,TempDis,ScnRelPlFcst,0.9999999999998522
Scenario,TempDis,ScnRelPlFcst,0.9999999999998522
Scenario,TempDis,ScnRelPlFcst,0.9999999999998522
Scenario,TempDis,ScnRelPlFcst,0.9999999999998522
Scenario,WindAloft,ScnRelPlFcst,0.9999999999999765
Scenario,WindAloft,ScnRelPlFcst,0.9999999999999765
Scenario,WindAloft,ScnRelPlFcst,0.9999999999999765
Scenario,WindAloft,ScnRelPlFcst,0.9999999999999765
Scenario,WindAloft,ScnRelPlFcst,0.9999999999999765
Scenario,WindAloft,ScnRelPlFcst,0.9999999999999765
Scenario,WindAloft,ScnRelPlFcst,0.9999999999999765
Scenario,WindAloft,ScnRelPlFcst,0.9999999999999765
Scenario,WindAloft,ScnRelPlFcst,0.9999999999999765
Scenario,WindAloft,ScnRelPlFcst,0.9999999999999765
Scenario,WindAloft,ScnRelPlFcst,0.9999999999999765
Scenario,WindAloft,ScnRelPlFcst,0.9999999999999765
Scenario,WindAloft,ScnRelPlFcst,0.9999999999999765
Scenario,WindAloft,ScnRelPlFcst,0.9999999999999765
Scenario,WindAloft,ScnRelPlFcst,0.9999999999999765
Scenario,WindAloft,ScnRelPlFcst,0.9999999999999765
Scenario,WindAloft,ScnRelPlFcst,0.9999999999999765
Scenario,WindAloft,ScnRelPlFcst,0.9999999999999765
Scenario,WindFieldMt,ScenRel3_4,0.20498029109435392
Scenario,WindFieldMt,ScenRel3_4,0.20498029109435392
Scenario,WindFieldMt,ScenRel3_4,0.20498029109435392
Scenario,WindFieldMt,ScenRel3_4,0.20498029109435392
Scenario,WindFieldMt,ScenRel3_4,0.20498029109435392
Scenario,WindFieldPln,ScnRelPlFcst,1.0
Scenario,WindFieldPln,ScnRelPlFcst,1.0
Scenario,WindFieldPln,ScnRelPlFcst,1.0
Scenario,WindFieldPln,ScnRelPlFcst,1.0
Scenario,WindFieldPln,ScnRelPlFcst,1.0
Scenario,WindFieldPln,ScnRelPlFcst,1.0
Scenario,WindFieldPln,ScnRelPlFcst,1.0
Scenario,WindFieldPln,ScnRelPlFcst,1.0
Scenario,WindFieldPln,ScnRelPlFcst,1.0
Scenario,WindFieldPln,ScnRelPlFcst,1.0
Scenario,WindFieldPln,ScnRelPlFcst,1.0
Scenario,WindFieldPln,ScnRelPlFcst,1.0
Scenario,WindFieldPln,ScnRelPlFcst,1.0
Scenario,WindFieldPln,ScnRelPlFcst,1.0
Scenario,WindFieldPln,ScnRelPlFcst,1.0
Scenario,WindFieldPln,ScnRelPlFcst,1.0
Scenario,WindFieldPln,ScnRelPlFcst,1.0
ScenRelAMCIN,AMCINInScen,ScenRel3_4,0.7793318852907519
ScenRelAMCIN,AMCINInScen,ScenRel3_4,0.7793318852907519
ScenRelAMCIN,AMCINInScen,ScenRel3_4,0.7793318852907519
ScenRelAMCIN,AMCINInScen,ScenRel3_4,0.7793318852907519
ScenRelAMCIN,AMCINInScen,ScenRel3_4,0.7793318852907519
ScenRelAMCIN,AMCINInScen,ScenRel3_4,0.7793318852907519
ScenRelAMCIN,CapInScen,Date,0.09306126707012048
ScenRelAMCIN,CapInScen,Date,0.09306126707012048
ScenRelAMCIN,CapInScen,Date,0.09306126707012048
ScenRelAMCIN,CapInScen,Date,0.09306126707012048
ScenRelAMCIN,ScenRelAMIns,InsSclInScen,1.0490433861014328e-62
ScenRelAMCIN,ScenRelAMIns,InsSclInScen,1.0490433861014328e-62
ScenRelAMCIN,ScenRelAMIns,InsSclInScen,1.0490433861014328e-62
ScenRelAMCIN,ScenRelAMIns,InsSclInScen,1.0490433861014328e-62
ScenRelAMCIN,ScenRelAMIns,InsSclInScen,1.0490433861014328e-62
ScenRelAMCIN,ScenRelAMIns,InsSclInScen,1.0490433861014328e-62
ScenRelAMCIN,ScenRelAMIns,InsSclInScen,1.0490433861014328e-62
ScenRelAMCIN,ScenRelAMIns,InsSclInScen,1.0490433861014328e-62
ScenRelAMCIN,ScenRelAMIns,InsSclInScen,1.0490433861014328e-62
ScenRelAMCIN,ScenRelAMIns,InsSclInScen,1.0490433861014328e-62
ScenRelAMCIN,ScenRelAMIns,InsSclInScen,1.0490433861014328e-62
ScenRelAMCIN,ScenRelAMIns,InsSclInScen,1.0490433861014328e-62
ScenRelAMCIN,ScenRelAMIns,InsSclInScen,1.0490433861014328e-62
ScenRelAMCIN,ScenRelAMIns,InsSclInScen,1.0490433861014328e-62
ScenRelAMCIN,ScenRelAMIns,InsSclInScen,1.0490433861014328e-62
ScenRelAMCIN,ScenRelAMIns,InsSclInScen,1.0490433861014328e-62
ScenRelAMCIN,ScenRelAMIns,InsSclInScen,1.0490433861014328e-62
ScenRelAMCIN,ScenRelAMIns,InsSclInScen,1.0490433861014328e-62
ScenRelAMCIN,ScenRelAMIns,InsSclInScen,1.0490433861014328e-62
ScenRelAMCIN,ScenRelAMIns,InsSclInScen,1.0490433861014328e-62
ScenRelAMCIN,ScenRelAMIns,InsSclInScen,1.0490433861014328e-62
ScenRelAMCIN,AMInsWliScen,ScenRel3_4,0.41729564180804773
ScenRelAMCIN,AMInsWliScen,ScenRel3_4,0.41729564180804773
ScenRelAMCIN,AMInsWliScen,ScenRel3_4,0.41729564180804773
ScenRelAMCIN,AMInsWliScen,ScenRel3_4,0.41729564180804773
ScenRelAMCIN,AMInsWliScen,ScenRel3_4,0.41729564180804773
ScenRelAMCIN,AMInsWliScen,ScenRel3_4,0.41729564180804773
ScenRelAMCIN,InsSclInScen,RHRatio,0.09206722185252045
ScenRelAMCIN,InsSclInScen,RHRatio,0.09206722185252045
ScenRelAMCIN,InsSclInScen,RHRatio,0.09206722185252045
ScenRelAMCIN,ScenRel3_4,ScenRelAMIns,4.682327251769065e-61
ScenRelAMCIN,ScenRel3_4,ScenRelAMIns,4.682327251769065e-61
ScenRelAMCIN,ScenRel3_4,ScenRelAMIns,4.682327251769065e-61
ScenRelAMCIN,ScenRel3_4,ScenRelAMIns,4.682327251769065e-61
ScenRelAMCIN,ScenRel3_4,ScenRelAMIns,4.682327251769065e-61
ScenRelAMCIN,ScenRel3_4,ScenRelAMIns,4.682327251769065e-61
ScenRelAMCIN,ScenRel3_4,ScenRelAMIns,4.682327251769065e-61
ScenRelAMCIN,ScenRel3_4,ScenRelAMIns,4.682327251769065e-61
ScenRelAMCIN,ScenRel3_4,ScenRelAMIns,4.682327251769065e-61
ScenRelAMCIN,ScenRel3_4,ScenRelAMIns,4.682327251769065e-61
ScenRelAMCIN,ScenRel3_4,ScenRelAMIns,4.682327251769065e-61
ScenRelAMCIN,ScenRel3_4,ScenRelAMIns,4.682327251769065e-61
ScenRelAMCIN,ScenRel3_4,ScenRelAMIns,4.682327251769065e-61
ScenRelAMCIN,ScenRel3_4,ScenRelAMIns,4.682327251769065e-61
ScenRelAMCIN,ScenRel3_4,ScenRelAMIns,4.682327251769065e-61
ScenRelAMCIN,ScenRel3_4,ScenRelAMIns,4.682327251769065e-61
ScenRelAMCIN,ScenRel3_4,ScenRelAMIns,4.682327251769065e-61
ScenRelAMCIN,ScenRel3_4,ScenRelAMIns,4.682327251769065e-61
ScenRelAMCIN,ScenRel3_4,ScenRelAMIns,4.682327251769065e-61
ScenRelAMCIN,ScenRel3_4,ScenRelAMIns,4.682327251769065e-61
ScenRelAMCIN,ScenRel3_4,ScenRelAMIns,4.682327251769065e-61
ScenRelAMCIN,ScnRelPlFcst,ScenRelAMIns,1.1834123316491892e-52
ScenRelAMCIN,ScnRelPlFcst,ScenRelAMIns,1.1834123316491892e-52
ScenRelAMCIN,ScnRelPlFcst,ScenRelAMIns,1.1834123316491892e-52
ScenRelAMCIN,ScnRelPlFcst,ScenRelAMIns,1.1834123316491892e-52
ScenRelAMCIN,ScnRelPlFcst,ScenRelAMIns,1.1834123316491892e-52
ScenRelAMCIN,ScnRelPlFcst,ScenRelAMIns,1.1834123316491892e-52
ScenRelAMCIN,ScnRelPlFcst,ScenRelAMIns,1.1834123316491892e-52
ScenRelAMCIN,ScnRelPlFcst,ScenRelAMIns,1.1834123316491892e-52
ScenRelAMCIN,ScnRelPlFcst,ScenRelAMIns,1.1834123316491892e-52
ScenRelAMCIN,ScnRelPlFcst,ScenRelAMIns,1.1834123316491892e-52
ScenRelAMCIN,ScnRelPlFcst,ScenRelAMIns,1.1834123316491892e-52
ScenRelAMCIN,ScnRelPlFcst,ScenRelAMIns,1.1834123316491892e-52
ScenRelAMCIN,ScnRelPlFcst,ScenRelAMIns,1.1834123316491892e-52
ScenRelAMCIN,ScnRelPlFcst,ScenRelAMIns,1.1834123316491892e-52
ScenRelAMCIN,ScnRelPlFcst,ScenRelAMIns,1.1834123316491892e-52
ScenRelAMCIN,ScnRelPlFcst,ScenRelAMIns,1.1834123316491892e-52
ScenRelAMCIN,ScnRelPlFcst,ScenRelAMIns,1.1834123316491892e-52
ScenRelAMCIN,ScnRelPlFcst,ScenRelAMIns,1.1834123316491892e-52
ScenRelAMCIN,ScnRelPlFcst,ScenRelAMIns,1.1834123316491892e-52
ScenRelAMCIN,ScnRelPlFcst,ScenRelAMIns,1.1834123316491892e-52
ScenRelAMCIN,ScnRelPlFcst,ScenRelAMIns,1.1834123316491892e-52
ScenRelAMCIN,PlainsFcst,N34StarFcst,0.47921249476385575
ScenRelAMCIN,N34StarFcst,WindFieldPln,0.06143764205467067
ScenRelAMCIN,N34StarFcst,WindFieldPln,0.06143764205467067
ScenRelAMCIN,N34StarFcst,WindFieldPln,0.06143764205467067
ScenRelAMCIN,N34StarFcst,WindFieldPln,0.06143764205467067
ScenRelAMCIN,N34StarFcst,WindFieldPln,0.06143764205467067
ScenRelAMCIN,N34StarFcst,WindFieldPln,0.06143764205467067
ScenRelAMCIN,R5Fcst,N34StarFcst,0.8778452775793053
ScenRelAMCIN,Dewpoints,Date,0.09787222225609922
ScenRelAMCIN,Dewpoints,Date,0.09787222225609922
ScenRelAMCIN,Dewpoints,Date,0.09787222225609922
ScenRelAMCIN,Dewpoints,Date,0.09787222225609922
ScenRelAMCIN,LowLLapse,ScenRel3_4,0.1202235045863552
ScenRelAMCIN,LowLLapse,ScenRel3_4,0.1202235045863552
ScenRelAMCIN,LowLLapse,ScenRel3_4,0.1202235045863552
ScenRelAMCIN,LowLLapse,ScenRel3_4,0.1202235045863552
ScenRelAMCIN,LowLLapse,ScenRel3_4,0.1202235045863552
ScenRelAMCIN,LowLLapse,ScenRel3_4,0.1202235045863552
ScenRelAMCIN,MeanRH,Scenario,0.8584030190757592
ScenRelAMCIN,MeanRH,Scenario,0.8584030190757592
ScenRelAMCIN,MeanRH,Scenario,0.8584030190757592
ScenRelAMCIN,MeanRH,Scenario,0.8584030190757592
ScenRelAMCIN,MeanRH,Scenario,0.8584030190757592
ScenRelAMCIN,MeanRH,Scenario,0.8584030190757592
ScenRelAMCIN,MeanRH,Scenario,0.8584030190757592
ScenRelAMCIN,MeanRH,Scenario,0.8584030190757592
ScenRelAMCIN,MeanRH,Scenario,0.8584030190757592
ScenRelAMCIN,MeanRH,Scenario,0.8584030190757592
ScenRelAMCIN,MidLLapse,ScenRel3_4,0.4277924899731279
ScenRelAMCIN,MidLLapse,ScenRel3_4,0.4277924899731279
ScenRelAMCIN,MidLLapse,ScenRel3_4,0.4277924899731279
ScenRelAMCIN,MidLLapse,ScenRel3_4,0.4277924899731279
ScenRelAMCIN,MidLLapse,ScenRel3_4,0.4277924899731279
ScenRelAMCIN,MidLLapse,ScenRel3_4,0.4277924899731279
ScenRelAMCIN,RHRatio,Scenario,0.947146918022086
ScenRelAMCIN,RHRatio,Scenario,0.947146918022086
ScenRelAMCIN,RHRatio,Scenario,0.947146918022086
ScenRelAMCIN,RHRatio,Scenario,0.947146918022086
ScenRelAMCIN,RHRatio,Scenario,0.947146918022086
ScenRelAMCIN,RHRatio,Scenario,0.947146918022086
ScenRelAMCIN,RHRatio,Scenario,0.947146918022086
ScenRelAMCIN,RHRatio,Scenario,0.947146918022086
ScenRelAMCIN,RHRatio,Scenario,0.947146918022086
ScenRelAMCIN,RHRatio,Scenario,0.947146918022086
ScenRelAMCIN,SfcWndShfDis,Scenario,0.3801344440068523
ScenRelAMCIN,SfcWndShfDis,Scenario,0.3801344440068523
ScenRelAMCIN,SfcWndShfDis,Scenario,0.3801344440068523
ScenRelAMCIN,SfcWndShfDis,Scenario,0.3801344440068523
ScenRelAMCIN,SfcWndShfDis,Scenario,0.3801344440068523
ScenRelAMCIN,SfcWndShfDis,Scenario,0.3801344440068523
ScenRelAMCIN,SfcWndShfDis,Scenario,0.3801344440068523
ScenRelAMCIN,SfcWndShfDis,Scenario,0.3801344440068523
ScenRelAMCIN,SfcWndShfDis,Scenario,0.3801344440068523
ScenRelAMCIN,SfcWndShfDis,Scenario,0.3801344440068523
ScenRelAMCIN,SfcWndShfDis,Scenario,0.3801344440068523
ScenRelAMCIN,SynForcng,Scenario,0.9707046605714678
ScenRelAMCIN,SynForcng,Scenario,0.9707046605714678
ScenRelAMCIN,SynForcng,Scenario,0.9707046605714678
ScenRelAMCIN,SynForcng,Scenario,0.9707046605714678
ScenRelAMCIN,SynForcng,Scenario,0.9707046605714678
ScenRelAMCIN,SynForcng,Scenario,0.9707046605714678
ScenRelAMCIN,SynForcng,Scenario,0.9707046605714678
ScenRelAMCIN,SynForcng,Scenario,0.9707046605714678
ScenRelAMCIN,SynForcng,Scenario,0.9707046605714678
ScenRelAMCIN,SynForcng,Scenario,0.9707046605714678
ScenRelAMCIN,SynForcng,Scenario,0.9707046605714678
ScenRelAMCIN,TempDis,Scenario,0.8136604663314874
ScenRelAMCIN,TempDis,Scenario,0.8136604663314874
ScenRelAMCIN,TempDis,Scenario,0.8136604663314874
ScenRelAMCIN,TempDis,Scenario,0.8136604663314874
ScenRelAMCIN,TempDis,Scenario,0.8136604663314874
ScenRelAMCIN,TempDis,Scenario,0.8136604663314874
ScenRelAMCIN,TempDis,Scenario,0.8136604663314874
ScenRelAMCIN,TempDis,Scenario,0.8136604663314874
ScenRelAMCIN,TempDis,Scenario,0.8136604663314874
ScenRelAMCIN,TempDis,Scenario,0.8136604663314874
ScenRelAMCIN,WindAloft,Scenario,0.5017327225934105
ScenRelAMCIN,WindAloft,Scenario,0.5017327225934105
ScenRelAMCIN,WindAloft,Scenario,0.5017327225934105
ScenRelAMCIN,WindAloft,Scenario,0.5017327225934105
ScenRelAMCIN,WindAloft,Scenario,0.5017327225934105
ScenRelAMCIN,WindAloft,Scenario,0.5017327225934105
ScenRelAMCIN,WindAloft,Scenario,0.5017327225934105
ScenRelAMCIN,WindAloft,Scenario,0.5017327225934105
ScenRelAMCIN,WindAloft,Scenario,0.5017327225934105
ScenRelAMCIN,WindAloft,Scenario,0.5017327225934105
ScenRelAMCIN,WindAloft,Scenario,0.5017327225934105
ScenRelAMCIN,WindFieldPln,Scenario,0.4275229431797464
ScenRelAMCIN,WindFieldPln,Scenario,0.4275229431797464
ScenRelAMCIN,WindFieldPln,Scenario,0.4275229431797464
ScenRelAMCIN,WindFieldPln,Scenario,0.4275229431797464
ScenRelAMCIN,WindFieldPln,Scenario,0.4275229431797464
ScenRelAMCIN,WindFieldPln,Scenario,0.4275229431797464
ScenRelAMCIN,WindFieldPln,Scenario,0.4275229431797464
ScenRelAMCIN,WindFieldPln,Scenario,0.4275229431797464
ScenRelAMCIN,WindFieldPln,Scenario,0.4275229431797464
ScenRelAMCIN,WindFieldPln,Scenario,0.4275229431797464
MorningCIN,AMCINInScen,CapInScen,2.4956414293473904e-29
MorningCIN,AMCINInScen,CapInScen,2.4956414293473904e-29
MorningCIN,AMCINInScen,CapInScen,2.4956414293473904e-29
MorningCIN,CapInScen,AMCINInScen,0.9383334225411659
MorningCIN,CapInScen,AMCINInScen,0.9383334225411659
MorningCIN,Dewpoints,AMCINInScen,0.1259333980632778
AMCINInScen,CapInScen,LoLevMoistAd,1.4471450698293596e-57
AMCINInScen,CapInScen,LoLevMoistAd,1.4471450698293596e-57
AMCINInScen,CapInScen,LoLevMoistAd,1.4471450698293596e-57
AMCINInScen,CapInScen,LoLevMoistAd,1.4471450698293596e-57
AMCINInScen,CapInScen,LoLevMoistAd,1.4471450698293596e-57
AMCINInScen,CapInScen,LoLevMoistAd,1.4471450698293596e-57
AMCINInScen,CapInScen,LoLevMoistAd,1.4471450698293596e-57
AMCINInScen,CapInScen,LoLevMoistAd,1.4471450698293596e-57
AMCINInScen,CapInScen,LoLevMoistAd,1.4471450698293596e-57
AMCINInScen,CapInScen,LoLevMoistAd,1.4471450698293596e-57
AMCINInScen,CapInScen,LoLevMoistAd,1.4471450698293596e-57
AMCINInScen,ScenRelAMIns,CapInScen,0.21835476357147646
AMCINInScen,ScenRel3_4,CapInScen,0.1525600793551657
AMCINInScen,ScnRelPlFcst,CapInScen,0.8223474592591365
AMCINInScen,MeanRH,CapInScen,0.37870968649877107
AMCINInScen,SfcWndShfDis,CapInScen,0.3863216467300497
AMCINInScen,SynForcng,CapInScen,0.3081622595028069
AMCINInScen,WindFieldPln,CapInScen,0.8655813194212789
CapInScen,ScenRel3_4,CombVerMo,0.05215435835730076
CapInScen,ScenRel3_4,CombVerMo,0.05215435835730076
CapInScen,ScnRelPlFcst,N34StarFcst,0.05147098713145192
CapInScen,N34StarFcst,CombVerMo,0.1454460140319738
CapInScen,WindFieldMt,N34StarFcst,0.22094774736576545
ScenRelAMIns,AMInsWliScen,ScenRel3_4,0.9949400378093035
ScenRelAMIns,AMInsWliScen,ScenRel3_4,0.9949400378093035
ScenRelAMIns,AMInsWliScen,ScenRel3_4,0.9949400378093035
ScenRelAMIns,AMInsWliScen,ScenRel3_4,0.9949400378093035
ScenRelAMIns,ScenRel3_4,AMInsWliScen,1.2216895477588771e-88
ScenRelAMIns,ScenRel3_4,AMInsWliScen,1.2216895477588771e-88
ScenRelAMIns,ScenRel3_4,AMInsWliScen,1.2216895477588771e-88
ScenRelAMIns,ScenRel3_4,AMInsWliScen,1.2216895477588771e-88
ScenRelAMIns,ScenRel3_4,AMInsWliScen,1.2216895477588771e-88
ScenRelAMIns,ScenRel3_4,AMInsWliScen,1.2216895477588771e-88
ScenRelAMIns,ScenRel3_4,AMInsWliScen,1.2216895477588771e-88
ScenRelAMIns,ScenRel3_4,AMInsWliScen,1.2216895477588771e-88
ScenRelAMIns,ScenRel3_4,AMInsWliScen,1.2216895477588771e-88
ScenRelAMIns,ScenRel3_4,AMInsWliScen,1.2216895477588771e-88
ScenRelAMIns,ScenRel3_4,AMInsWliScen,1.2216895477588771e-88
ScenRelAMIns,ScenRel3_4,AMInsWliScen,1.2216895477588771e-88
ScenRelAMIns,ScenRel3_4,AMInsWliScen,1.2216895477588771e-88
ScenRelAMIns,ScenRel3_4,AMInsWliScen,1.2216895477588771e-88
ScenRelAMIns,ScenRel3_4,AMInsWliScen,1.2216895477588771e-88
ScenRelAMIns,ScenRel3_4,AMInsWliScen,1.2216895477588771e-88
ScenRelAMIns,ScenRel3_4,AMInsWliScen,1.2216895477588771e-88
ScenRelAMIns,ScenRel3_4,AMInsWliScen,1.2216895477588771e-88
ScenRelAMIns,ScnRelPlFcst,AMInsWliScen,2.1581603591556537e-159
ScenRelAMIns,ScnRelPlFcst,AMInsWliScen,2.1581603591556537e-159
ScenRelAMIns,ScnRelPlFcst,AMInsWliScen,2.1581603591556537e-159
ScenRelAMIns,ScnRelPlFcst,AMInsWliScen,2.1581603591556537e-159
ScenRelAMIns,ScnRelPlFcst,AMInsWliScen,2.1581603591556537e-159
ScenRelAMIns,ScnRelPlFcst,AMInsWliScen,2.1581603591556537e-159
ScenRelAMIns,ScnRelPlFcst,AMInsWliScen,2.1581603591556537e-159
ScenRelAMIns,ScnRelPlFcst,AMInsWliScen,2.1581603591556537e-159
ScenRelAMIns,ScnRelPlFcst,AMInsWliScen,2.1581603591556537e-159
ScenRelAMIns,ScnRelPlFcst,AMInsWliScen,2.1581603591556537e-159
ScenRelAMIns,ScnRelPlFcst,AMInsWliScen,2.1581603591556537e-159
ScenRelAMIns,ScnRelPlFcst,AMInsWliScen,2.1581603591556537e-159
ScenRelAMIns,ScnRelPlFcst,AMInsWliScen,2.1581603591556537e-159
ScenRelAMIns,ScnRelPlFcst,AMInsWliScen,2.1581603591556537e-159
ScenRelAMIns,ScnRelPlFcst,AMInsWliScen,2.1581603591556537e-159
ScenRelAMIns,ScnRelPlFcst,AMInsWliScen,2.1581603591556537e-159
ScenRelAMIns,ScnRelPlFcst,AMInsWliScen,2.1581603591556537e-159
ScenRelAMIns,ScnRelPlFcst,AMInsWliScen,2.1581603591556537e-159
ScenRelAMIns,PlainsFcst,WindFieldPln,0.4510422317526794
ScenRelAMIns,PlainsFcst,WindFieldPln,0.4510422317526794
ScenRelAMIns,PlainsFcst,WindFieldPln,0.4510422317526794
ScenRelAMIns,PlainsFcst,WindFieldPln,0.4510422317526794
ScenRelAMIns,PlainsFcst,WindFieldPln,0.4510422317526794
ScenRelAMIns,N34StarFcst,RHRatio,0.060039674330412886
ScenRelAMIns,Dewpoints,WindFieldPln,0.11318582456578115
ScenRelAMIns,Dewpoints,WindFieldPln,0.11318582456578115
ScenRelAMIns,Dewpoints,WindFieldPln,0.11318582456578115
ScenRelAMIns,Dewpoints,WindFieldPln,0.11318582456578115
ScenRelAMIns,Dewpoints,WindFieldPln,0.11318582456578115
ScenRelAMIns,LowLLapse,WindFieldPln,0.39008062268222427
ScenRelAMIns,LowLLapse,WindFieldPln,0.39008062268222427
ScenRelAMIns,LowLLapse,WindFieldPln,0.39008062268222427
ScenRelAMIns,LowLLapse,WindFieldPln,0.39008062268222427
ScenRelAMIns,LowLLapse,WindFieldPln,0.39008062268222427
ScenRelAMIns,MeanRH,Scenario,0.999999829711949
ScenRelAMIns,MeanRH,Scenario,0.999999829711949
ScenRelAMIns,MeanRH,Scenario,0.999999829711949
ScenRelAMIns,MeanRH,Scenario,0.999999829711949
ScenRelAMIns,MeanRH,Scenario,0.999999829711949
ScenRelAMIns,MeanRH,Scenario,0.999999829711949
ScenRelAMIns,MeanRH,Scenario,0.999999829711949
ScenRelAMIns,MidLLapse,ScenRel3_4,0.2547005774809489
ScenRelAMIns,MidLLapse,ScenRel3_4,0.2547005774809489
ScenRelAMIns,MidLLapse,ScenRel3_4,0.2547005774809489
ScenRelAMIns,MidLLapse,ScenRel3_4,0.2547005774809489
ScenRelAMIns,MvmtFeatures,Scenario,0.9995874392783551
ScenRelAMIns,MvmtFeatures,Scenario,0.9995874392783551
ScenRelAMIns,MvmtFeatures,Scenario,0.9995874392783551
ScenRelAMIns,MvmtFeatures,Scenario,0.9995874392783551
ScenRelAMIns,MvmtFeatures,Scenario,0.9995874392783551
ScenRelAMIns,MvmtFeatures,Scenario,0.9995874392783551
ScenRelAMIns,MvmtFeatures,Scenario,0.9995874392783551
ScenRelAMIns,MvmtFeatures,Scenario,0.9995874392783551
ScenRelAMIns,RHRatio,WindFieldPln,0.3424912866103523
ScenRelAMIns,RHRatio,WindFieldPln,0.3424912866103523
ScenRelAMIns,RHRatio,WindFieldPln,0.3424912866103523
ScenRelAMIns,RHRatio,WindFieldPln,0.3424912866103523
ScenRelAMIns,SfcWndShfDis,Scenario,0.9998439105491771
ScenRelAMIns,SfcWndShfDis,Scenario,0.9998439105491771
ScenRelAMIns,SfcWndShfDis,Scenario,0.9998439105491771
ScenRelAMIns,SfcWndShfDis,Scenario,0.9998439105491771
ScenRelAMIns,SfcWndShfDis,Scenario,0.9998439105491771
ScenRelAMIns,SfcWndShfDis,Scenario,0.9998439105491771
ScenRelAMIns,SfcWndShfDis,Scenario,0.9998439105491771
ScenRelAMIns,SfcWndShfDis,Scenario,0.9998439105491771
ScenRelAMIns,SynForcng,WindFieldPln,0.798467971949491
ScenRelAMIns,SynForcng,WindFieldPln,0.798467971949491
ScenRelAMIns,SynForcng,WindFieldPln,0.798467971949491
ScenRelAMIns,SynForcng,WindFieldPln,0.798467971949491
ScenRelAMIns,SynForcng,WindFieldPln,0.798467971949491
ScenRelAMIns,TempDis,Scenario,0.9999329267180872
ScenRelAMIns,TempDis,Scenario,0.9999329267180872
ScenRelAMIns,TempDis,Scenario,0.9999329267180872
ScenRelAMIns,TempDis,Scenario,0.9999329267180872
ScenRelAMIns,TempDis,Scenario,0.9999329267180872
ScenRelAMIns,TempDis,Scenario,0.9999329267180872
ScenRelAMIns,TempDis,Scenario,0.9999329267180872
ScenRelAMIns,WindAloft,Scenario,0.9992585954070557
ScenRelAMIns,WindAloft,Scenario,0.9992585954070557
ScenRelAMIns,WindAloft,Scenario,0.9992585954070557
ScenRelAMIns,WindAloft,Scenario,0.9992585954070557
ScenRelAMIns,WindAloft,Scenario,0.9992585954070557
ScenRelAMIns,WindAloft,Scenario,0.9992585954070557
ScenRelAMIns,WindAloft,Scenario,0.9992585954070557
ScenRelAMIns,WindAloft,Scenario,0.9992585954070557
ScenRelAMIns,WindFieldPln,Scenario,0.9999857176839888
ScenRelAMIns,WindFieldPln,Scenario,0.9999857176839888
ScenRelAMIns,WindFieldPln,Scenario,0.9999857176839888
ScenRelAMIns,WindFieldPln,Scenario,0.9999857176839888
ScenRelAMIns,WindFieldPln,Scenario,0.9999857176839888
ScenRelAMIns,WindFieldPln,Scenario,0.9999857176839888
ScenRelAMIns,WindFieldPln,Scenario,0.9999857176839888
LIfr12ZDENSd,AMInsWliScen,InsSclInScen,4.642091233093993e-09
LIfr12ZDENSd,AMInsWliScen,InsSclInScen,4.642091233093993e-09
LIfr12ZDENSd,AMInsWliScen,InsSclInScen,4.642091233093993e-09
LIfr12ZDENSd,AMInsWliScen,InsSclInScen,4.642091233093993e-09
LIfr12ZDENSd,AMInsWliScen,InsSclInScen,4.642091233093993e-09
LIfr12ZDENSd,InsSclInScen,AMInsWliScen,0.816886294090433
LIfr12ZDENSd,InsSclInScen,AMInsWliScen,0.816886294090433
LIfr12ZDENSd,InsSclInScen,AMInsWliScen,0.816886294090433
LIfr12ZDENSd,InsSclInScen,AMInsWliScen,0.816886294090433
LIfr12ZDENSd,InsSclInScen,AMInsWliScen,0.816886294090433
LIfr12ZDENSd,PlainsFcst,N34StarFcst,0.6183762038880777
LIfr12ZDENSd,N34StarFcst,PlainsFcst,0.8590435482870189
LIfr12ZDENSd,N34StarFcst,PlainsFcst,0.8590435482870189
LIfr12ZDENSd,N34StarFcst,PlainsFcst,0.8590435482870189
AMDewptCalPl,AMInsWliScen,R5Fcst,5.009688471184805e-19
AMDewptCalPl,AMInsWliScen,R5Fcst,5.009688471184805e-19
AMDewptCalPl,InsSclInScen,AMInsWliScen,0.9897604908269686
AMDewptCalPl,R5Fcst,AMInsWliScen,0.06103691287969894
AMInsWliScen,InsSclInScen,ScenRelAMIns,6.564373067476284e-52
AMInsWliScen,InsSclInScen,ScenRelAMIns,6.564373067476284e-52
AMInsWliScen,InsSclInScen,ScenRelAMIns,6.564373067476284e-52
AMInsWliScen,InsSclInScen,ScenRelAMIns,6.564373067476284e-52
AMInsWliScen,InsSclInScen,ScenRelAMIns,6.564373067476284e-52
AMInsWliScen,InsSclInScen,ScenRelAMIns,6.564373067476284e-52
AMInsWliScen,InsSclInScen,ScenRelAMIns,6.564373067476284e-52
AMInsWliScen,InsSclInScen,ScenRelAMIns,6.564373067476284e-52
AMInsWliScen,InsSclInScen,ScenRelAMIns,6.564373067476284e-52
AMInsWliScen,InsSclInScen,ScenRelAMIns,6.564373067476284e-52
AMInsWliScen,ScnRelPlFcst,LIfr12ZDENSd,0.30879113916342116
AMInsWliScen,MidLLapse,LIfr12ZDENSd,0.5854914649905405
AMInsWliScen,MvmtFeatures,LIfr12ZDENSd,0.10845299386701486
AMInsWliScen,WindFieldPln,LIfr12ZDENSd,0.21096709641933398
InsSclInScen,LLIW,LIfr12ZDENSd,0.7649076480045626
InsSclInScen,PlainsFcst,N34StarFcst,0.5623312232976294
InsSclInScen,PlainsFcst,N34StarFcst,0.5623312232976294
InsSclInScen,PlainsFcst,N34StarFcst,0.5623312232976294
InsSclInScen,PlainsFcst,N34StarFcst,0.5623312232976294
InsSclInScen,N34StarFcst,PlainsFcst,0.6737796543712926
InsSclInScen,N34StarFcst,PlainsFcst,0.6737796543712926
InsSclInScen,N34StarFcst,PlainsFcst,0.6737796543712926
InsSclInScen,N34StarFcst,PlainsFcst,0.6737796543712926
InsSclInScen,N34StarFcst,PlainsFcst,0.6737796543712926
InsSclInScen,N34StarFcst,PlainsFcst,0.6737796543712926
InsSclInScen,N34StarFcst,PlainsFcst,0.6737796543712926
InsSclInScen,R5Fcst,LLIW,0.6654855902363666
InsSclInScen,R5Fcst,LLIW,0.6654855902363666
ScenRel3_4,ScnRelPlFcst,ScenRelAMIns,3.199596051121309e-115
ScenRel3_4,ScnRelPlFcst,ScenRelAMIns,3.199596051121309e-115
ScenRel3_4,ScnRelPlFcst,ScenRelAMIns,3.199596051121309e-115
ScenRel3_4,ScnRelPlFcst,ScenRelAMIns,3.199596051121309e-115
ScenRel3_4,ScnRelPlFcst,ScenRelAMIns,3.199596051121309e-115
ScenRel3_4,ScnRelPlFcst,ScenRelAMIns,3.199596051121309e-115
ScenRel3_4,ScnRelPlFcst,ScenRelAMIns,3.199596051121309e-115
ScenRel3_4,ScnRelPlFcst,ScenRelAMIns,3.199596051121309e-115
ScenRel3_4,ScnRelPlFcst,ScenRelAMIns,3.199596051121309e-115
ScenRel3_4,ScnRelPlFcst,ScenRelAMIns,3.199596051121309e-115
ScenRel3_4,ScnRelPlFcst,ScenRelAMIns,3.199596051121309e-115
ScenRel3_4,ScnRelPlFcst,ScenRelAMIns,3.199596051121309e-115
ScenRel3_4,ScnRelPlFcst,ScenRelAMIns,3.199596051121309e-115
ScenRel3_4,ScnRelPlFcst,ScenRelAMIns,3.199596051121309e-115
ScenRel3_4,ScnRelPlFcst,ScenRelAMIns,3.199596051121309e-115
ScenRel3_4,ScnRelPlFcst,ScenRelAMIns,3.199596051121309e-115
ScenRel3_4,ScnRelPlFcst,ScenRelAMIns,3.199596051121309e-115
ScenRel3_4,Dewpoints,Scenario,0.9999999999998497
ScenRel3_4,Dewpoints,Scenario,0.9999999999998497
ScenRel3_4,Dewpoints,Scenario,0.9999999999998497
ScenRel3_4,Dewpoints,Scenario,0.9999999999998497
ScenRel3_4,Dewpoints,Scenario,0.9999999999998497
ScenRel3_4,Dewpoints,Scenario,0.9999999999998497
ScenRel3_4,Dewpoints,Scenario,0.9999999999998497
ScenRel3_4,Dewpoints,Scenario,0.9999999999998497
ScenRel3_4,LowLLapse,WindFieldPln,0.20693678997426657
ScenRel3_4,LowLLapse,WindFieldPln,0.20693678997426657
ScenRel3_4,LowLLapse,WindFieldPln,0.20693678997426657
ScenRel3_4,LowLLapse,WindFieldPln,0.20693678997426657
ScenRel3_4,MeanRH,WindFieldPln,0.17011560915016619
ScenRel3_4,MeanRH,WindFieldPln,0.17011560915016619
ScenRel3_4,MeanRH,WindFieldPln,0.17011560915016619
ScenRel3_4,MeanRH,WindFieldPln,0.17011560915016619
ScenRel3_4,MidLLapse,WindFieldPln,0.12189008414498212
ScenRel3_4,MidLLapse,WindFieldPln,0.12189008414498212
ScenRel3_4,MidLLapse,WindFieldPln,0.12189008414498212
ScenRel3_4,MidLLapse,WindFieldPln,0.12189008414498212
ScenRel3_4,MvmtFeatures,Scenario,0.9936440810936444
ScenRel3_4,MvmtFeatures,Scenario,0.9936440810936444
ScenRel3_4,MvmtFeatures,Scenario,0.9936440810936444
ScenRel3_4,MvmtFeatures,Scenario,0.9936440810936444
ScenRel3_4,MvmtFeatures,Scenario,0.9936440810936444
ScenRel3_4,MvmtFeatures,Scenario,0.9936440810936444
ScenRel3_4,MvmtFeatures,Scenario,0.9936440810936444
ScenRel3_4,MvmtFeatures,Scenario,0.9936440810936444
ScenRel3_4,RHRatio,WindFieldPln,0.10852070821905198
ScenRel3_4,RHRatio,WindFieldPln,0.10852070821905198
ScenRel3_4,RHRatio,WindFieldPln,0.10852070821905198
ScenRel3_4,SfcWndShfDis,Scenario,0.9938570876657098
ScenRel3_4,SfcWndShfDis,Scenario,0.9938570876657098
ScenRel3_4,SfcWndShfDis,Scenario,0.9938570876657098
ScenRel3_4,SfcWndShfDis,Scenario,0.9938570876657098
ScenRel3_4,SfcWndShfDis,Scenario,0.9938570876657098
ScenRel3_4,SfcWndShfDis,Scenario,0.9938570876657098
ScenRel3_4,SfcWndShfDis,Scenario,0.9938570876657098
ScenRel3_4,SfcWndShfDis,Scenario,0.9938570876657098
ScenRel3_4,SynForcng,Scenario,0.9999999997509202
ScenRel3_4,SynForcng,Scenario,0.9999999997509202
ScenRel3_4,SynForcng,Scenario,0.9999999997509202
ScenRel3_4,SynForcng,Scenario,0.9999999997509202
ScenRel3_4,SynForcng,Scenario,0.9999999997509202
ScenRel3_4,SynForcng,Scenario,0.9999999997509202
ScenRel3_4,SynForcng,Scenario,0.9999999997509202
ScenRel3_4,SynForcng,Scenario,0.9999999997509202
ScenRel3_4,TempDis,Scenario,0.9990469527374178
ScenRel3_4,TempDis,Scenario,0.9990469527374178
ScenRel3_4,TempDis,Scenario,0.9990469527374178
ScenRel3_4,TempDis,Scenario,0.9990469527374178
ScenRel3_4,TempDis,Scenario,0.9990469527374178
ScenRel3_4,TempDis,Scenario,0.9990469527374178
ScenRel3_4,TempDis,Scenario,0.9990469527374178
ScenRel3_4,WindAloft,Scenario,0.989743657025364
ScenRel3_4,WindAloft,Scenario,0.989743657025364
ScenRel3_4,WindAloft,Scenario,0.989743657025364
ScenRel3_4,WindAloft,Scenario,0.989743657025364
ScenRel3_4,WindAloft,Scenario,0.989743657025364
ScenRel3_4,WindAloft,Scenario,0.989743657025364
ScenRel3_4,WindAloft,Scenario,0.989743657025364
ScenRel3_4,WindAloft,Scenario,0.989743657025364
ScenRel3_4,WindFieldMt,Scenario,0.9915148546046776
ScenRel3_4,WindFieldMt,Scenario,0.9915148546046776
ScenRel3_4,WindFieldMt,Scenario,0.9915148546046776
ScenRel3_4,WindFieldMt,Scenario,0.9915148546046776
ScenRel3_4,WindFieldMt,Scenario,0.9915148546046776
ScenRel3_4,WindFieldMt,Scenario,0.9915148546046776
ScenRel3_4,WindFieldMt,Scenario,0.9915148546046776
ScenRel3_4,WindFieldPln,Scenario,0.9985794685651241
ScenRel3_4,WindFieldPln,Scenario,0.9985794685651241
ScenRel3_4,WindFieldPln,Scenario,0.9985794685651241
ScenRel3_4,WindFieldPln,Scenario,0.9985794685651241
ScenRel3_4,WindFieldPln,Scenario,0.9985794685651241
ScenRel3_4,WindFieldPln,Scenario,0.9985794685651241
ScenRel3_4,WindFieldPln,Scenario,0.9985794685651241
LatestCIN,CurPropConv,AreaMeso_ALS,0.0002615134607376819
LatestCIN,CurPropConv,AreaMeso_ALS,0.0002615134607376819
LLIW,CurPropConv,MvmtFeatures,7.512669039099096e-16
LLIW,CurPropConv,MvmtFeatures,7.512669039099096e-16
LLIW,CurPropConv,MvmtFeatures,7.512669039099096e-16
LLIW,CurPropConv,MvmtFeatures,7.512669039099096e-16
LLIW,MvmtFeatures,InsSclInScen,0.3821061320819205
CurPropConv,PlainsFcst,N34StarFcst,0.6703541998128777
CurPropConv,PlainsFcst,N34StarFcst,0.6703541998128777
CurPropConv,N34StarFcst,PlainsFcst,0.9549407113996804
CurPropConv,N34StarFcst,PlainsFcst,0.9549407113996804
CurPropConv,N34StarFcst,PlainsFcst,0.9549407113996804
CurPropConv,N34StarFcst,PlainsFcst,0.9549407113996804
CurPropConv,N34StarFcst,PlainsFcst,0.9549407113996804
CurPropConv,R5Fcst,LLIW,0.5904800018477507
CurPropConv,SfcWndShfDis,LLIW,0.9289628413990263
ScnRelPlFcst,PlainsFcst,N34StarFcst,0.20676000232055264
ScnRelPlFcst,N34StarFcst,Date,0.9049100045769533
ScnRelPlFcst,N34StarFcst,Date,0.9049100045769533
ScnRelPlFcst,N34StarFcst,Date,0.9049100045769533
ScnRelPlFcst,Dewpoints,Date,0.1311438164122964
ScnRelPlFcst,Dewpoints,Date,0.1311438164122964
ScnRelPlFcst,Dewpoints,Date,0.1311438164122964
ScnRelPlFcst,Dewpoints,Date,0.1311438164122964
ScnRelPlFcst,LowLLapse,Date,0.49054486792006
ScnRelPlFcst,LowLLapse,Date,0.49054486792006
ScnRelPlFcst,LowLLapse,Date,0.49054486792006
ScnRelPlFcst,LowLLapse,Date,0.49054486792006
ScnRelPlFcst,MeanRH,Date,0.06567489251444658
ScnRelPlFcst,MeanRH,Date,0.06567489251444658
ScnRelPlFcst,MeanRH,Date,0.06567489251444658
ScnRelPlFcst,MeanRH,Date,0.06567489251444658
ScnRelPlFcst,MidLLapse,Date,0.1692877421857346
ScnRelPlFcst,MidLLapse,Date,0.1692877421857346
ScnRelPlFcst,MidLLapse,Date,0.1692877421857346
ScnRelPlFcst,MidLLapse,Date,0.1692877421857346
ScnRelPlFcst,MvmtFeatures,Scenario,0.9999999999999896
ScnRelPlFcst,MvmtFeatures,Scenario,0.9999999999999896
ScnRelPlFcst,MvmtFeatures,Scenario,0.9999999999999896
ScnRelPlFcst,MvmtFeatures,Scenario,0.9999999999999896
ScnRelPlFcst,MvmtFeatures,Scenario,0.9999999999999896
ScnRelPlFcst,MvmtFeatures,Scenario,0.9999999999999896
ScnRelPlFcst,MvmtFeatures,Scenario,0.9999999999999896
ScnRelPlFcst,MvmtFeatures,Scenario,0.9999999999999896
ScnRelPlFcst,MvmtFeatures,Scenario,0.9999999999999896
ScnRelPlFcst,MvmtFeatures,Scenario,0.9999999999999896
ScnRelPlFcst,MvmtFeatures,Scenario,0.9999999999999896
ScnRelPlFcst,RHRatio,Date,0.08814286904450254
ScnRelPlFcst,RHRatio,Date,0.08814286904450254
ScnRelPlFcst,RHRatio,Date,0.08814286904450254
ScnRelPlFcst,SfcWndShfDis,Scenario,1.0
ScnRelPlFcst,SfcWndShfDis,Scenario,1.0
ScnRelPlFcst,SfcWndShfDis,Scenario,1.0
ScnRelPlFcst,SfcWndShfDis,Scenario,1.0
ScnRelPlFcst,SfcWndShfDis,Scenario,1.0
ScnRelPlFcst,SfcWndShfDis,Scenario,1.0
ScnRelPlFcst,SfcWndShfDis,Scenario,1.0
ScnRelPlFcst,SfcWndShfDis,Scenario,1.0
ScnRelPlFcst,SfcWndShfDis,Scenario,1.0
ScnRelPlFcst,SfcWndShfDis,Scenario,1.0
ScnRelPlFcst,SfcWndShfDis,Scenario,1.0
ScnRelPlFcst,SynForcng,ScenRel3_4,0.6414805950201621
ScnRelPlFcst,SynForcng,ScenRel3_4,0.6414805950201621
ScnRelPlFcst,SynForcng,ScenRel3_4,0.6414805950201621
ScnRelPlFcst,SynForcng,ScenRel3_4,0.6414805950201621
ScnRelPlFcst,SynForcng,ScenRel3_4,0.6414805950201621
ScnRelPlFcst,SynForcng,ScenRel3_4,0.6414805950201621
ScnRelPlFcst,TempDis,Scenario,0.9999999999998522
ScnRelPlFcst,TempDis,Scenario,0.9999999999998522
ScnRelPlFcst,TempDis,Scenario,0.9999999999998522
ScnRelPlFcst,TempDis,Scenario,0.9999999999998522
ScnRelPlFcst,TempDis,Scenario,0.9999999999998522
ScnRelPlFcst,TempDis,Scenario,0.9999999999998522
ScnRelPlFcst,TempDis,Scenario,0.9999999999998522
ScnRelPlFcst,TempDis,Scenario,0.9999999999998522
ScnRelPlFcst,TempDis,Scenario,0.9999999999998522
ScnRelPlFcst,TempDis,Scenario,0.9999999999998522
ScnRelPlFcst,WindAloft,Scenario,0.9999999999999765
ScnRelPlFcst,WindAloft,Scenario,0.9999999999999765
ScnRelPlFcst,WindAloft,Scenario,0.9999999999999765
ScnRelPlFcst,WindAloft,Scenario,0.9999999999999765
ScnRelPlFcst,WindAloft,Scenario,0.9999999999999765
ScnRelPlFcst,WindAloft,Scenario,0.9999999999999765
ScnRelPlFcst,WindAloft,Scenario,0.9999999999999765
ScnRelPlFcst,WindAloft,Scenario,0.9999999999999765
ScnRelPlFcst,WindAloft,Scenario,0.9999999999999765
ScnRelPlFcst,WindAloft,Scenario,0.9999999999999765
ScnRelPlFcst,WindAloft,Scenario,0.9999999999999765
ScnRelPlFcst,WindFieldMt,ScenRel3_4,0.20498029109435392
ScnRelPlFcst,WindFieldMt,ScenRel3_4,0.20498029109435392
ScnRelPlFcst,WindFieldMt,ScenRel3_4,0.20498029109435392
ScnRelPlFcst,WindFieldMt,ScenRel3_4,0.20498029109435392
ScnRelPlFcst,WindFieldMt,ScenRel3_4,0.20498029109435392
ScnRelPlFcst,WindFieldPln,Scenario,1.0
ScnRelPlFcst,WindFieldPln,Scenario,1.0
ScnRelPlFcst,WindFieldPln,Scenario,1.0
ScnRelPlFcst,WindFieldPln,Scenario,1.0
ScnRelPlFcst,WindFieldPln,Scenario,1.0
ScnRelPlFcst,WindFieldPln,Scenario,1.0
ScnRelPlFcst,WindFieldPln,Scenario,1.0
ScnRelPlFcst,WindFieldPln,Scenario,1.0
ScnRelPlFcst,WindFieldPln,Scenario,1.0
ScnRelPlFcst,WindFieldPln,Scenario,1.0
PlainsFcst,N34StarFcst,LoLevMoistAd,3.1865693829411886e-151
PlainsFcst,N34StarFcst,LoLevMoistAd,3.1865693829411886e-151
PlainsFcst,N34StarFcst,LoLevMoistAd,3.1865693829411886e-151
PlainsFcst,N34StarFcst,LoLevMoistAd,3.1865693829411886e-151
PlainsFcst,N34StarFcst,LoLevMoistAd,3.1865693829411886e-151
PlainsFcst,N34StarFcst,LoLevMoistAd,3.1865693829411886e-151
PlainsFcst,N34StarFcst,LoLevMoistAd,3.1865693829411886e-151
PlainsFcst,N34StarFcst,LoLevMoistAd,3.1865693829411886e-151
PlainsFcst,N34StarFcst,LoLevMoistAd,3.1865693829411886e-151
PlainsFcst,N34StarFcst,LoLevMoistAd,3.1865693829411886e-151
PlainsFcst,N34StarFcst,LoLevMoistAd,3.1865693829411886e-151
PlainsFcst,N34StarFcst,LoLevMoistAd,3.1865693829411886e-151
PlainsFcst,N34StarFcst,LoLevMoistAd,3.1865693829411886e-151
PlainsFcst,R5Fcst,N34StarFcst,0.052092050974283606
PlainsFcst,R5Fcst,N34StarFcst,0.052092050974283606
PlainsFcst,SfcWndShfDis,LIfr12ZDENSd,0.5674922305031879
PlainsFcst,WindAloft,N34StarFcst,0.7780758011590048
PlainsFcst,WindAloft,N34StarFcst,0.7780758011590048
PlainsFcst,WindFieldPln,LIfr12ZDENSd,0.05627692456300594
N34StarFcst,R5Fcst,LoLevMoistAd,6.514133772801102e-40
N34StarFcst,R5Fcst,LoLevMoistAd,6.514133772801102e-40
N34StarFcst,R5Fcst,LoLevMoistAd,6.514133772801102e-40
N34StarFcst,R5Fcst,LoLevMoistAd,6.514133772801102e-40
N34StarFcst,R5Fcst,LoLevMoistAd,6.514133772801102e-40
N34StarFcst,R5Fcst,LoLevMoistAd,6.514133772801102e-40
N34StarFcst,R5Fcst,LoLevMoistAd,6.514133772801102e-40
N34StarFcst,R5Fcst,LoLevMoistAd,6.514133772801102e-40
N34StarFcst,R5Fcst,LoLevMoistAd,6.514133772801102e-40
N34StarFcst,R5Fcst,LoLevMoistAd,6.514133772801102e-40
N34StarFcst,R5Fcst,LoLevMoistAd,6.514133772801102e-40
N34StarFcst,R5Fcst,LoLevMoistAd,6.514133772801102e-40
N34StarFcst,R5Fcst,LoLevMoistAd,6.514133772801102e-40
N34StarFcst,WindAloft,R5Fcst,0.7292862650817518
N34StarFcst,WindAloft,R5Fcst,0.7292862650817518
N34StarFcst,WindAloft,R5Fcst,0.7292862650817518
N34StarFcst,WindFieldPln,LIfr12ZDENSd,0.09259300167925252
R5Fcst,WindAloft,N34StarFcst,0.9337927075862292
R5Fcst,WindAloft,N34StarFcst,0.9337927075862292
R5Fcst,WindFieldPln,AMDewptCalPl,0.2519976100764304
Dewpoints,MeanRH,RHRatio,0.2599252572193873
Dewpoints,MidLLapse,RHRatio,0.09358088061912642
Dewpoints,MvmtFeatures,RHRatio,0.1179269986818004
Dewpoints,RHRatio,ScenRel3_4,0.558612283091139
Dewpoints,RHRatio,ScenRel3_4,0.558612283091139
Dewpoints,RHRatio,ScenRel3_4,0.558612283091139
Dewpoints,SfcWndShfDis,ScenRel3_4,0.830050788552018
Dewpoints,SfcWndShfDis,ScenRel3_4,0.830050788552018
Dewpoints,SfcWndShfDis,ScenRel3_4,0.830050788552018
Dewpoints,SfcWndShfDis,ScenRel3_4,0.830050788552018
Dewpoints,SynForcng,RHRatio,0.1037582572955825
Dewpoints,TempDis,ScenRel3_4,0.42339675876045635
Dewpoints,TempDis,ScenRel3_4,0.42339675876045635
Dewpoints,TempDis,ScenRel3_4,0.42339675876045635
Dewpoints,WindAloft,ScenRel3_4,0.5162831429918464
Dewpoints,WindAloft,ScenRel3_4,0.5162831429918464
Dewpoints,WindAloft,ScenRel3_4,0.5162831429918464
Dewpoints,WindAloft,ScenRel3_4,0.5162831429918464
Dewpoints,WindFieldPln,ScenRel3_4,0.9049512330098813
Dewpoints,WindFieldPln,ScenRel3_4,0.9049512330098813
Dewpoints,WindFieldPln,ScenRel3_4,0.9049512330098813
Dewpoints,WindFieldPln,ScenRel3_4,0.9049512330098813
LowLLapse,MeanRH,AreaMoDryAir,0.09624349969689955
LowLLapse,RHRatio,AreaMoDryAir,0.38510571677317323
LowLLapse,SfcWndShfDis,MeanRH,0.3388999390195369
LowLLapse,SfcWndShfDis,MeanRH,0.3388999390195369
LowLLapse,WindFieldPln,Scenario,0.999999980144505
LowLLapse,WindFieldPln,Scenario,0.999999980144505
LowLLapse,WindFieldPln,Scenario,0.999999980144505
LowLLapse,WindFieldPln,Scenario,0.999999980144505
MeanRH,MidLLapse,LowLLapse,0.5149109787868347
MeanRH,RHRatio,LowLLapse,0.5092260740890562
MeanRH,SfcWndShfDis,Scenario,0.9999146514837015
MeanRH,SfcWndShfDis,Scenario,0.9999146514837015
MeanRH,WindFieldPln,LowLLapse,0.1247139510991174
MvmtFeatures,RHRatio,LLIW,0.4544391625585625
MvmtFeatures,SfcWndShfDis,LLIW,0.5170001268836152
MvmtFeatures,SynForcng,Scenario,0.999983632878209
MvmtFeatures,SynForcng,Scenario,0.999983632878209
MvmtFeatures,TempDis,LLIW,0.05167530989491907
MvmtFeatures,WindAloft,Scenario,0.8727075297545662
MvmtFeatures,WindAloft,Scenario,0.8727075297545662
MvmtFeatures,WindFieldMt,Scenario,0.696678997383023
MvmtFeatures,WindFieldMt,Scenario,0.696678997383023
MvmtFeatures,WindFieldPln,Scenario,0.9999996858258321
MvmtFeatures,WindFieldPln,Scenario,0.9999996858258321
RHRatio,SfcWndShfDis,MeanRH,0.13895478580648243
RHRatio,SfcWndShfDis,MeanRH,0.13895478580648243
RHRatio,WindFieldPln,Scenario,0.9999335276063595
RHRatio,WindFieldPln,Scenario,0.9999335276063595
RHRatio,WindFieldPln,Scenario,0.9999335276063595
SfcWndShfDis,SynForcng,ScenRel3_4,0.2527859691629072
SfcWndShfDis,SynForcng,ScenRel3_4,0.2527859691629072
SfcWndShfDis,SynForcng,ScenRel3_4,0.2527859691629072
SfcWndShfDis,SynForcng,ScenRel3_4,0.2527859691629072
SfcWndShfDis,SynForcng,ScenRel3_4,0.2527859691629072
SfcWndShfDis,TempDis,ScenRel3_4,0.23602256557887444
SfcWndShfDis,TempDis,ScenRel3_4,0.23602256557887444
SfcWndShfDis,TempDis,ScenRel3_4,0.23602256557887444
SfcWndShfDis,TempDis,ScenRel3_4,0.23602256557887444
SfcWndShfDis,WindAloft,WindFieldPln,0.7416446033143665
SfcWndShfDis,WindAloft,WindFieldPln,0.7416446033143665
SfcWndShfDis,WindAloft,WindFieldPln,0.7416446033143665
SfcWndShfDis,WindAloft,WindFieldPln,0.7416446033143665
SfcWndShfDis,WindAloft,WindFieldPln,0.7416446033143665
SfcWndShfDis,WindAloft,WindFieldPln,0.7416446033143665
SfcWndShfDis,WindFieldPln,Scenario,0.9999999999999946
SfcWndShfDis,WindFieldPln,Scenario,0.9999999999999946
SfcWndShfDis,WindFieldPln,Scenario,0.9999999999999946
SfcWndShfDis,WindFieldPln,Scenario,0.9999999999999946
SfcWndShfDis,WindFieldPln,Scenario,0.9999999999999946
SfcWndShfDis,WindFieldPln,Scenario,0.9999999999999946
SfcWndShfDis,WindFieldPln,Scenario,0.9999999999999946
SfcWndShfDis,WindFieldPln,Scenario,0.9999999999999946
SynForcng,TempDis,Scenario,0.999966599943409
SynForcng,WindAloft,Scenario,0.9494529636955211
SynForcng,WindFieldMt,Scenario,0.5336206586542982
SynForcng,WindFieldPln,Scenario,0.9999999999255771
TempDis,WindAloft,Scenario,0.9943803479360918
TempDis,WindFieldPln,Scenario,0.9999811241598444
WindAloft,WindFieldMt,Scenario,0.6611397594622443
WindAloft,WindFieldMt,Scenario,0.6611397594622443
WindAloft,WindFieldMt,Scenario,0.6611397594622443
WindAloft,WindFieldMt,Scenario,0.6611397594622443
WindAloft,WindFieldMt,Scenario,0.6611397594622443
WindAloft,WindFieldMt,Scenario,0.6611397594622443
WindAloft,WindFieldMt,Scenario,0.6611397594622443
WindAloft,WindFieldMt,Scenario,0.6611397594622443
WindAloft,WindFieldMt,Scenario,0.6611397594622443
WindAloft,WindFieldPln,Scenario,0.9999810654326159
WindAloft,WindFieldPln,Scenario,0.9999810654326159
WindAloft,WindFieldPln,Scenario,0.9999810654326159
WindAloft,WindFieldPln,Scenario,0.9999810654326159
WindAloft,WindFieldPln,Scenario,0.9999810654326159
WindAloft,WindFieldPln,Scenario,0.9999810654326159
WindAloft,WindFieldPln,Scenario,0.9999810654326159
WindAloft,WindFieldPln,Scenario,0.9999810654326159
WindAloft,WindFieldPln,Scenario,0.9999810654326159
WindFieldMt,WindFieldPln,Scenario,0.9715143716505489
WindFieldMt,WindFieldPln,Scenario,0.9715143716505489
WindFieldMt,WindFieldPln,Scenario,0.9715143716505489
CombMoisture,AreaMoDryAir,"RaoContMoist,SatContMoist",9.553292062899283e-11
CombClouds,CldShadeOth,"IRCloudCover,VISCloudCov",9.846407523639117e-37
InsInMt,OutflowFrMt,"CldShadeConv,MountainFcst",0.05383646444710625
InsInMt,OutflowFrMt,"CldShadeConv,MountainFcst",0.05383646444710625
InsInMt,OutflowFrMt,"CldShadeConv,MountainFcst",0.05383646444710625
InsInMt,CldShadeConv,"MountainFcst,OutflowFrMt",2.5705403552174018e-06
InsInMt,CldShadeConv,"MountainFcst,OutflowFrMt",2.5705403552174018e-06
InsInMt,CldShadeConv,"MountainFcst,OutflowFrMt",2.5705403552174018e-06
InsInMt,MountainFcst,"CldShadeConv,OutflowFrMt",0.004052368995173623
InsInMt,MountainFcst,"CldShadeConv,OutflowFrMt",0.004052368995173623
InsInMt,MountainFcst,"CldShadeConv,OutflowFrMt",0.004052368995173623
WndHodograph,OutflowFrMt,"Boundaries,CldShadeConv",7.619404733106525e-05
WndHodograph,Boundaries,"CldShadeConv,OutflowFrMt",0.003441813859039901
WndHodograph,CldShadeConv,"Boundaries,OutflowFrMt",2.78824517906359e-06
OutflowFrMt,Boundaries,"InsInMt,WndHodograph",0.00042154400828220217
Scenario,ScenRelAMCIN,"ScenRel3_4,ScnRelPlFcst",1.0
Scenario,ScenRelAMIns,"ScenRelAMCIN,ScnRelPlFcst",0.9999999999998878
Scenario,ScenRel3_4,"ScenRelAMCIN,ScnRelPlFcst",0.9999993162709766
Scenario,ScnRelPlFcst,"ScenRel3_4,ScenRelAMIns",1.0
Scenario,ScnRelPlFcst,"ScenRel3_4,ScenRelAMIns",1.0
Scenario,ScnRelPlFcst,"ScenRel3_4,ScenRelAMIns",1.0
ScenRelAMCIN,ScenRelAMIns,"Scenario,ScnRelPlFcst",1.0
ScenRelAMCIN,ScenRel3_4,"Scenario,ScnRelPlFcst",1.0
ScenRelAMCIN,ScnRelPlFcst,"ScenRel3_4,Scenario",1.0
ScenRelAMIns,ScenRel3_4,"Scenario,ScnRelPlFcst",1.0
ScenRelAMIns,ScnRelPlFcst,"ScenRel3_4,Scenario",1.0
AMInsWliScen,InsSclInScen,"AMDewptCalPl,LIfr12ZDENSd",2.1397529300914253e-27
ScenRel3_4,ScnRelPlFcst,"ScenRelAMIns,Scenario",1.0
