N0_7muVerMo,SubjVertMo,QGVertMotion,CombVerMo,AreaMeso_ALS,SatContMoist,RaoContMoist,CombMoisture,AreaMoDryAir,VISCloudCov,IRCloudCover,CombClouds,CldShadeOth,AMInstabMt,InsInMt,WndHodograph,OutflowFrMt,MorningBound,Boundaries,CldShadeConv,CompPlFcst,CapChange,LoLevMoistAd,InsChange,MountainFcst,Date,Scenario,ScenRelAMCIN,MorningCIN,AMCINInScen,CapInScen,ScenRelAMIns,LIfr12ZDENSd,AMDewptCalPl,AMInsWliScen,InsSclInScen,ScenRel3_4,LatestCIN,LLIW,CurPropConv,ScnRelPlFcst,PlainsFcst,N34StarFcst,R5Fcst,Dewpoints,LowLLapse,MeanRH,MidLLapse,MvmtFeatures,RHRatio,SfcWndShfDis,SynForcng,TempDis,WindAloft,WindFieldMt,WindFieldPln
Down,Neutral,WeakUp,Down,Down,VeryWet,Wet,Wet,Wet,PC,Cloudy,Cloudy,Cloudy,,,StrongWest,,,,,IncCapDecIns,Increasing,Neutral,LittleChange,XNIL,Jul16_Aug10,H,CThruK,PartInhibit,LessThanAve,MoreThanAve,H,N5GtLIGt_8,Instability,MoreUnstable,MoreUnstable,HI,,Weak,Moderate,H,SVR,SIG,SIG,LowMtsHighPl,ModerateOrLe,VeryMoist,ModerateOrLe,MarkedUpper,DryMMoistL,,SigNegative,,NWQuad,Westerly,SEQuad
WeakUp,Neutral,WeakUp,WeakUp,WeakUp,Dry,VeryWet,Neutral,Wet,Clear,PC,Clear,PC,Weak,Weak,DCVZFavor,,Weak,Weak,,IncCapDecIns,Increasing,Neutral,LittleChange,XNIL,Jul2_Jul15,B,AB,,LessThanAve,MoreThanAve,ABI,N5GtLIGt_8,Neutral,Average,Average,B,PartInhibit,Moderate,Slight,B,XNIL,XNIL,XNIL,LowAtStation,ModerateOrLe,Average,Steep,OtherRapid,MoistMDryL,E_W_N,LittleChange,Other,NWQuad,LVorOther,SEQuad
StrongUp,WeakUp,WeakUp,StrongUp,StrongUp,VeryWet,VeryWet,VeryWet,VeryWet,PC,Clear,Clear,Clear,Strong,Strong,Other,,Strong,Strong,,DecCapIncIns,Decreasing,Neutral,Decreasing,SVR,Jul16_Aug10,D,CThruK,PartInhibit,Average,LessThanAve,CDEJ,N5GtLIGt_8,Instability,MoreUnstable,Average,D,,Weak,,D,SIG,SIG,SVR,LowAtStation,Steep,Average,Steep,MarkedUpper,Other,,SigNegative,,NWQuad,LVorOther,SEQuad
StrongUp,Down,StrongUp,StrongUp,StrongUp,Dry,Neutral,VeryWet,VeryWet,PC,PC,Cloudy,Cloudy,Weak,Weak,Westerly,Weak,,,,IncCapDecIns,Increasing,Neutral,Increasing,XNIL,Aug20_Sep15,I,CThruK,PartInhibit,Average,MoreThanAve,ABI,N1GtLIGt_4,Stability,LessUnstable,MoreUnstable,HI,,Moderate,Moderate,I,SVR,SVR,SVR,LowSHighN,ModerateOrLe,Dry,CloseToDryAd,StrongFront,DryMMoistL,E_W_S,PosToNeg,QStationary,LV,Westerly,LV
Down,Down,Neutral,Neutral,Neutral,Neutral,VeryWet,VeryWet,VeryWet,Clear,Clear,Clear,Clear,Weak,Strong,Other,Weak,Weak,Weak,Some,IncCapDecIns,Increasing,WeakPos,Increasing,SIG,Jul16_Aug10,C,CThruK,PartInhibit,LessThanAve,Average,CDEJ,N1GtLIGt_4,Neutral,Average,MoreUnstable,ACEFK,,Moderate,Strong,C,SIG,SIG,SIG,LowMtsHighPl,CloseToDryAd,Average,Steep,OtherRapid,MoistMDryL,E_W_N,LittleChange,Other,NWQuad,Westerly,LongAnticyc
Down,Neutral,WeakUp,Down,Down,Wet,VeryWet,VeryWet,VeryWet,PC,Clear,PC,Clear,Strong,Strong,Westerly,Strong,,Weak,Some,LittleChange,LittleChange,Neutral,LittleChange,SIG,Jul2_Jul15,C,CThruK,TotalInhibit,MoreThanAve,MoreThanAve,CDEJ,N5GtLIGt_8,Neutral,Average,Average,ACEFK,,Moderate,Moderate,C,SVR,SVR,SVR,LowEvrywhere,Steep,VeryMoist,Steep,MarkedUpper,MoistMDryL,E_W_N,SigPositive,Other,NWQuad,Westerly,LongAnticyc
WeakUp,Neutral,Down,Neutral,Neutral,Dry,Wet,Dry,Dry,Clear,Cloudy,PC,PC,,,Westerly,,Strong,Weak,,LittleChange,LittleChange,WeakPos,Decreasing,XNIL,Aug20_Sep15,J,CThruK,PartInhibit,Average,Average,CDEJ,N5GtLIGt_8,Stability,Average,LessUnstable,GJ,Stifling,Weak,,J,XNIL,XNIL,XNIL,LowNHighS,ModerateOrLe,Dry,CloseToDryAd,NoMajor,MoistMDryL,DryLine,LittleChange,,LV,LVorOther,LongAnticyc
StrongUp,WeakUp,Neutral,Neutral,Neutral,Wet,Neutral,Neutral,Neutral,PC,PC,PC,PC,Strong,Strong,Westerly,,Weak,Weak,Marked,IncCapDecIns,Increasing,StrongPos,Increasing,SVR,Aug20_Sep15,C,CThruK,PartInhibit,Average,MoreThanAve,CDEJ,N1GtLIGt_4,Stability,LessUnstable,Average,ACEFK,PartInhibit,Weak,Slight,C,SIG,SIG,SVR,LowEvrywhere,Steep,Dry,ModerateOrLe,MarkedUpper,Other,E_W_N,NegToPos,Other,AllElse,Westerly,LongAnticyc
WeakUp,Neutral,Down,Neutral,Neutral,Wet,Neutral,VeryWet,Neutral,Clear,Clear,Clear,Clear,Strong,Strong,StrongWest,Strong,,Weak,Some,DecCapIncIns,Decreasing,Negative,Decreasing,SIG,Jun15_Jul1,E,CThruK,PartInhibit,MoreThanAve,LessThanAve,CDEJ,LIGt0,Instability,MoreUnstable,Average,ACEFK,,Moderate,Strong,E,SVR,SVR,SVR,LowSHighN,CloseToDryAd,Average,Steep,OtherRapid,MoistMDryL,MovingFtorOt,SigNegative,,SWQuad,Westerly,LV
Down,Neutral,Neutral,Neutral,Neutral,Neutral,Dry,Wet,Wet,Clear,Clear,Clear,Clear,Strong,Strong,Other,,,,Some,DecCapIncIns,Decreasing,StrongPos,Increasing,SIG,Aug20_Sep15,D,CThruK,PartInhibit,Average,LessThanAve,CDEJ,N5GtLIGt_8,Instability,LessUnstable,Average,D,PartInhibit,Moderate,Moderate,D,XNIL,XNIL,SIG,Other,ModerateOrLe,Average,CloseToDryAd,MarkedUpper,Other,,SigPositive,QStationary,SWQuad,Westerly,WidespdDnsl
Neutral,Neutral,WeakUp,Neutral,Neutral,Dry,VeryWet,Neutral,Neutral,PC,Cloudy,Cloudy,Cloudy,Weak,Weak,Westerly,,Weak,Weak,,IncCapDecIns,Increasing,StrongPos,Increasing,XNIL,May15_Jun14,I,CThruK,,Average,MoreThanAve,ABI,N1GtLIGt_4,Instability,MoreUnstable,MoreUnstable,HI,PartInhibit,Moderate,,I,SIG,SIG,SIG,LowMtsHighPl,ModerateOrLe,Average,Steep,NoMajor,DryMMoistL,Other,LittleChange,Moving,AllElse,LVorOther,LV
Neutral,Down,Neutral,Down,Down,Wet,Neutral,Neutral,Dry,Clear,Clear,Clear,Clear,,,Westerly,,Weak,,,LittleChange,LittleChange,Negative,Decreasing,XNIL,May15_Jun14,B,AB,PartInhibit,LessThanAve,LessThanAve,ABI,N1GtLIGt_4,Instability,LessUnstable,LessUnstable,B,Stifling,Unfavorable,,B,SIG,SIG,SIG,LowMtsHighPl,Steep,Average,ModerateOrLe,NoMajor,DryMMoistL,DenvCyclone,LittleChange,QStationary,SWQuad,LVorOther,DenvCyclone
Neutral,Neutral,StrongUp,WeakUp,WeakUp,Dry,Neutral,Wet,Neutral,Clear,PC,Clear,Clear,Strong,Strong,StrongWest,Strong,Weak,Strong,Some,LittleChange,LittleChange,StrongPos,Increasing,SVR,Jul16_Aug10,B,AB,PartInhibit,LessThanAve,LessThanAve,ABI,N1GtLIGt_4,Neutral,LessUnstable,Average,B,PartInhibit,Moderate,,B,XNIL,XNIL,SVR,LowEvrywhere,Stable,VeryMoist,ModerateOrLe,MarkedUpper,DryMMoistL,DenvCyclone,PosToNeg,Other,LV,Westerly,DenvCyclone
StrongUp,Neutral,WeakUp,WeakUp,WeakUp,Wet,Neutral,Wet,VeryWet,PC,Clear,PC,PC,Strong,Strong,Westerly,Strong,Strong,Strong,Marked,LittleChange,LittleChange,StrongPos,Increasing,SVR,May15_Jun14,K,CThruK,PartInhibit,Average,Average,K,LIGt0,Neutral,LessUnstable,MoreUnstable,ACEFK,PartInhibit,Strong,Moderate,K,XNIL,XNIL,SVR,LowSHighN,ModerateOrLe,Dry,ModerateOrLe,StrongFront,DryMMoistL,MovingFtorOt,SigNegative,Moving,NWQuad,Westerly,WidespdDnsl
WeakUp,Neutral,Down,WeakUp,WeakUp,VeryWet,Neutral,VeryWet,VeryWet,Clear,Clear,Clear,Clear,,Weak,Westerly,Weak,,Weak,Some,DecCapIncIns,Decreasing,Negative,Decreasing,SIG,Aug20_Sep15,D,CThruK,PartInhibit,Average,LessThanAve,CDEJ,N5GtLIGt_8,Stability,Average,LessUnstable,D,,Weak,Moderate,D,SIG,SIG,SIG,HighEvrywher,CloseToDryAd,Average,Steep,StrongFront,Other,DenvCyclone,NegToPos,Other,AllElse,LVorOther,DenvCyclone
Neutral,Down,Neutral,Neutral,Neutral,Neutral,Neutral,Neutral,Wet,PC,PC,PC,PC,Weak,Strong,Other,,,,,DecCapIncIns,Decreasing,WeakPos,LittleChange,SIG,May15_Jun14,H,CThruK,PartInhibit,Average,LessThanAve,H,N1GtLIGt_4,Stability,Average,Average,HI,Stifling,Strong,Slight,H,XNIL,XNIL,SIG,LowMtsHighPl,ModerateOrLe,VeryMoist,Steep,MarkedUpper,DryMMoistL,Other,SigNegative,,LV,LVorOther,E_NE
WeakUp,StronUp,Neutral,Neutral,Neutral,Neutral,Neutral,Neutral,Neutral,Cloudy,PC,PC,PC,,,Other,,Weak,Weak,,LittleChange,LittleChange,WeakPos,Increasing,XNIL,May15_Jun14,K,CThruK,,LessThanAve,LessThanAve,K,N1GtLIGt_4,Instability,MoreUnstable,MoreUnstable,ACEFK,,Strong,Strong,K,XNIL,SIG,SIG,Other,Steep,Average,ModerateOrLe,StrongFront,Other,MovingFtorOt,PosToNeg,Moving,AllElse,Westerly,WidespdDnsl
Down,WeakUp,Neutral,Neutral,Neutral,Dry,Dry,VeryWet,VeryWet,PC,PC,Clear,Clear,,Weak,StrongWest,Strong,Weak,Strong,,DecCapIncIns,Decreasing,WeakPos,Increasing,XNIL,May15_Jun14,A,AB,PartInhibit,LessThanAve,LessThanAve,ABI,LIGt0,Stability,LessUnstable,MoreUnstable,ACEFK,,Unfavorable,,A,SVR,SVR,SVR,HighEvrywher,Stable,Average,ModerateOrLe,StrongFront,DryMMoistL,DenvCyclone,SigNegative,Other,SWQuad,LVorOther,DenvCyclone
StrongUp,Neutral,Down,Neutral,Neutral,Wet,Dry,Dry,Dry,Clear,Cloudy,PC,PC,Strong,Strong,StrongWest,Strong,,Strong,Marked,DecCapIncIns,Decreasing,Negative,Decreasing,SVR,Jul2_Jul15,K,CThruK,Stifling,MoreThanAve,MoreThanAve,K,N1GtLIGt_4,Stability,MoreUnstable,MoreUnstable,ACEFK,PartInhibit,Weak,Slight,K,SVR,SVR,SVR,HighEvrywher,ModerateOrLe,Average,Steep,MarkedUpper,DryMMoistL,MovingFtorOt,SigPositive,Other,AllElse,LVorOther,WidespdDnsl
StrongUp,Neutral,Neutral,WeakUp,WeakUp,Neutral,Neutral,Wet,Wet,Cloudy,Clear,Cloudy,PC,Strong,Strong,StrongWest,Strong,Strong,Strong,Marked,IncCapDecIns,Increasing,WeakPos,Increasing,XNIL,Aug20_Sep15,C,CThruK,Stifling,MoreThanAve,MoreThanAve,CDEJ,N5GtLIGt_8,Instability,MoreUnstable,MoreUnstable,ACEFK,Stifling,Weak,,C,XNIL,XNIL,XNIL,LowAtStation,Steep,Dry,ModerateOrLe,MarkedUpper,MoistMDryL,E_W_N,LittleChange,,SWQuad,Westerly,LongAnticyc
WeakUp,Neutral,StrongUp,WeakUp,WeakUp,Neutral,Neutral,Neutral,Wet,Clear,PC,Clear,Clear,,,StrongWest,,,,,LittleChange,LittleChange,WeakPos,LittleChange,XNIL,May15_Jun14,B,AB,,LessThanAve,LessThanAve,ABI,LILt_8,Stability,Average,MoreUnstable,B,,Moderate,Moderate,B,SVR,SVR,SVR,HighEvrywher,Steep,VeryMoist,Steep,NoMajor,DryMMoistL,DenvCyclone,SigNegative,QStationary,SWQuad,LVorOther,DenvCyclone
WeakUp,WeakUp,Neutral,WeakUp,WeakUp,Neutral,Neutral,Neutral,Neutral,PC,Clear,Clear,Clear,,Weak,DCVZFavor,Weak,Weak,Strong,Some,DecCapIncIns,Decreasing,Neutral,Decreasing,XNIL,Jul2_Jul15,E,CThruK,TotalInhibit,Average,LessThanAve,CDEJ,N1GtLIGt_4,Stability,LessUnstable,LessUnstable,ACEFK,PartInhibit,Moderate,Moderate,E,XNIL,XNIL,XNIL,HighEvrywher,CloseToDryAd,Average,ModerateOrLe,NoMajor,MoistMDryL,,NegToPos,,SWQuad,Westerly,LV
WeakUp,Neutral,Down,Down,Down,VeryWet,Dry,VeryWet,Wet,PC,Cloudy,PC,PC,Strong,Strong,Westerly,Strong,,Strong,Marked,IncCapDecIns,Increasing,Neutral,Increasing,SVR,Aug20_Sep15,C,CThruK,PartInhibit,MoreThanAve,MoreThanAve,CDEJ,N1GtLIGt_4,Stability,LessUnstable,LessUnstable,ACEFK,,Moderate,Strong,C,SIG,SIG,SVR,LowEvrywhere,Steep,Average,ModerateOrLe,OtherRapid,MoistMDryL,E_W_N,NegToPos,,NWQuad,LVorOther,WidespdDnsl
Neutral,Neutral,WeakUp,Neutral,Neutral,Dry,Wet,Neutral,Neutral,Clear,PC,Clear,Clear,Strong,Strong,DCVZFavor,Weak,Weak,Weak,Marked,IncCapDecIns,Increasing,Neutral,LittleChange,XNIL,May15_Jun14,K,CThruK,Stifling,MoreThanAve,MoreThanAve,K,N1GtLIGt_4,Instability,MoreUnstable,MoreUnstable,ACEFK,,Moderate,Strong,K,XNIL,XNIL,XNIL,LowAtStation,Steep,Dry,ModerateOrLe,StrongFront,Other,MovingFtorOt,SigPositive,Moving,NWQuad,Westerly,SEQuad
Neutral,Neutral,Neutral,Neutral,Neutral,Dry,Neutral,VeryWet,VeryWet,PC,Clear,PC,PC,,,Westerly,,,,,IncCapDecIns,Increasing,Negative,Decreasing,XNIL,Jul16_Aug10,B,AB,Stifling,Average,MoreThanAve,ABI,N1GtLIGt_4,Stability,LessUnstable,LessUnstable,B,,Strong,Strong,B,XNIL,XNIL,XNIL,LowNHighS,Stable,Dry,CloseToDryAd,OtherRapid,Other,,LittleChange,Other,NWQuad,LVorOther,E_NE
StrongUp,Neutral,StrongUp,StrongUp,StrongUp,Wet,VeryWet,VeryWet,VeryWet,PC,Clear,PC,PC,,Weak,DCVZFavor,,Strong,,Some,DecCapIncIns,Decreasing,Negative,Decreasing,XNIL,May15_Jun14,A,AB,Stifling,Average,Average,ABI,LILt_8,Neutral,Average,LessUnstable,ACEFK,Stifling,Strong,Moderate,A,XNIL,XNIL,XNIL,LowMtsHighPl,ModerateOrLe,Dry,Steep,MarkedUpper,DryMMoistL,DenvCyclone,PosToNeg,Other,SWQuad,Westerly,DenvCyclone
WeakUp,Down,WeakUp,Neutral,Neutral,Wet,Neutral,Dry,Dry,Clear,Clear,Clear,Clear,,Weak,Westerly,Weak,Weak,Weak,,DecCapIncIns,Decreasing,Negative,Decreasing,XNIL,Aug20_Sep15,B,AB,,LessThanAve,LessThanAve,ABI,N5GtLIGt_8,Stability,Average,LessUnstable,B,PartInhibit,Moderate,Moderate,B,XNIL,XNIL,XNIL,LowMtsHighPl,Stable,VeryMoist,CloseToDryAd,NoMajor,DryMMoistL,MovingFtorOt,LittleChange,Other,SWQuad,LVorOther,LV
WeakUp,Neutral,Neutral,Neutral,Neutral,Wet,Neutral,Dry,Dry,Clear,Clear,Clear,Clear,,,Other,,Weak,Weak,,LittleChange,LittleChange,Neutral,Decreasing,XNIL,Jul2_Jul15,C,CThruK,Stifling,Average,Average,CDEJ,LIGt0,Instability,LessUnstable,LessUnstable,ACEFK,PartInhibit,Unfavorable,,C,XNIL,XNIL,XNIL,LowAtStation,CloseToDryAd,Average,Steep,MarkedUpper,MoistMDryL,E_W_N,SigPositive,Other,AllElse,Westerly,LongAnticyc
Neutral,Neutral,StrongUp,Neutral,Neutral,Dry,Dry,Dry,Dry,Clear,Clear,Clear,Clear,,,DCVZFavor,,Strong,Strong,,LittleChange,LittleChange,WeakPos,Increasing,XNIL,Jul2_Jul15,E,CThruK,PartInhibit,LessThanAve,LessThanAve,CDEJ,N5GtLIGt_8,Neutral,MoreUnstable,MoreUnstable,ACEFK,PartInhibit,Moderate,Slight,E,SIG,SIG,SIG,LowMtsHighPl,ModerateOrLe,Dry,ModerateOrLe,NoMajor,Other,,LittleChange,,LV,Westerly,WidespdDnsl
Neutral,StronUp,Down,Down,Down,Dry,Dry,Dry,Dry,Clear,PC,Clear,Clear,,,Other,,,Weak,,IncCapDecIns,Increasing,Negative,Decreasing,XNIL,May15_Jun14,I,CThruK,PartInhibit,MoreThanAve,MoreThanAve,ABI,N1GtLIGt_4,Stability,Average,Average,HI,PartInhibit,Moderate,Slight,I,SVR,SVR,SVR,LowSHighN,ModerateOrLe,Average,CloseToDryAd,MarkedUpper,DryMMoistL,DryLine,LittleChange,QStationary,NWQuad,LVorOther,DenvCyclone
Down,Down,Neutral,Down,Down,Dry,Neutral,VeryWet,Wet,Clear,Cloudy,Cloudy,Cloudy,Strong,Strong,Westerly,Strong,Strong,Weak,Marked,IncCapDecIns,Increasing,StrongPos,Increasing,SIG,Jun15_Jul1,I,CThruK,PartInhibit,Average,Average,ABI,N5GtLIGt_8,Instability,MoreUnstable,MoreUnstable,HI,PartInhibit,Moderate,Moderate,I,SVR,XNIL,SIG,LowSHighN,CloseToDryAd,Average,CloseToDryAd,OtherRapid,DryMMoistL,E_W_S,SigNegative,Moving,SWQuad,Westerly,LV
Down,StronUp,StrongUp,StrongUp,StrongUp,Neutral,Neutral,Neutral,Neutral,Clear,PC,Clear,PC,Strong,Strong,DCVZFavor,Strong,,Weak,Marked,LittleChange,LittleChange,WeakPos,Increasing,SVR,Aug20_Sep15,B,AB,,LessThanAve,LessThanAve,ABI,N1GtLIGt_4,Stability,Average,MoreUnstable,B,,Unfavorable,,B,XNIL,XNIL,SVR,HighEvrywher,Steep,Average,Steep,NoMajor,DryMMoistL,DenvCyclone,LittleChange,QStationary,NWQuad,Westerly,DenvCyclone
Down,Down,StrongUp,Down,Down,Wet,Neutral,Wet,Dry,Cloudy,PC,Cloudy,Clear,,Weak,StrongWest,Strong,Weak,Strong,Some,IncCapDecIns,Increasing,Neutral,Increasing,XNIL,Aug20_Sep15,I,CThruK,,Average,MoreThanAve,ABI,N5GtLIGt_8,Neutral,MoreUnstable,MoreUnstable,HI,,Moderate,Strong,I,SVR,SVR,SVR,LowMtsHighPl,Steep,Average,CloseToDryAd,OtherRapid,DryMMoistL,E_W_S,PosToNeg,QStationary,SWQuad,Westerly,E_NE
Down,WeakUp,Neutral,WeakUp,WeakUp,Wet,Wet,VeryWet,VeryWet,PC,Cloudy,Cloudy,Cloudy,,,Westerly,,Weak,,,LittleChange,LittleChange,WeakPos,Increasing,XNIL,Aug20_Sep15,A,AB,,LessThanAve,LessThanAve,ABI,N1GtLIGt_4,Instability,LessUnstable,LessUnstable,ACEFK,PartInhibit,Unfavorable,Slight,A,XNIL,XNIL,XNIL,HighEvrywher,ModerateOrLe,Dry,Steep,MarkedUpper,Other,DenvCyclone,SigNegative,Other,SWQuad,Westerly,DenvCyclone
Neutral,WeakUp,WeakUp,WeakUp,WeakUp,Neutral,Neutral,Neutral,Wet,PC,Cloudy,PC,PC,,Weak,Other,,Strong,Weak,,DecCapIncIns,Decreasing,WeakPos,LittleChange,SIG,Aug20_Sep15,K,CThruK,Stifling,Average,LessThanAve,K,N1GtLIGt_4,Instability,MoreUnstable,MoreUnstable,ACEFK,,Moderate,Strong,K,SVR,SVR,SVR,Other,ModerateOrLe,Average,ModerateOrLe,StrongFront,Other,,PosToNeg,,NWQuad,Westerly,WidespdDnsl
Down,Neutral,Neutral,Neutral,Neutral,Neutral,Neutral,Dry,Neutral,Clear,PC,PC,PC,Weak,Weak,DCVZFavor,Weak,Weak,Weak,Some,LittleChange,LittleChange,Neutral,LittleChange,SIG,Jul16_Aug10,J,CThruK,PartInhibit,MoreThanAve,MoreThanAve,CDEJ,N1GtLIGt_4,Instability,MoreUnstable,MoreUnstable,GJ,Stifling,Weak,,J,SVR,SVR,SVR,LowAtStation,CloseToDryAd,Dry,CloseToDryAd,NoMajor,MoistMDryL,DryLine,LittleChange,,LV,LVorOther,SEQuad
WeakUp,Neutral,Neutral,WeakUp,WeakUp,Dry,Dry,Wet,VeryWet,Clear,PC,Clear,PC,Strong,Strong,Other,,Strong,Strong,,DecCapIncIns,Decreasing,Neutral,Decreasing,SIG,Jul16_Aug10,D,CThruK,Stifling,Average,LessThanAve,CDEJ,N1GtLIGt_4,Neutral,Average,LessUnstable,D,PartInhibit,Moderate,Moderate,D,XNIL,XNIL,SIG,LowAtStation,Stable,Dry,Steep,OtherRapid,Other,DryLine,SigNegative,Other,LV,LVorOther,WidespdDnsl
WeakUp,StronUp,Neutral,WeakUp,WeakUp,Neutral,VeryWet,Dry,Dry,PC,PC,PC,PC,Weak,Weak,Other,,Weak,Weak,,DecCapIncIns,Decreasing,WeakPos,Increasing,XNIL,May15_Jun14,A,AB,Stifling,Average,LessThanAve,ABI,N5GtLIGt_8,Neutral,Average,Average,ACEFK,,Strong,Strong,A,SIG,SIG,SIG,HighEvrywher,ModerateOrLe,Average,Steep,MarkedUpper,DryMMoistL,DenvCyclone,PosToNeg,Other,SWQuad,Westerly,DenvCyclone
Down,Neutral,Neutral,Neutral,Neutral,Wet,Dry,Neutral,Wet,PC,Cloudy,PC,Clear,Strong,Strong,StrongWest,Strong,,Strong,Marked,LittleChange,LittleChange,Neutral,Increasing,SVR,Jun15_Jul1,B,AB,PartInhibit,LessThanAve,LessThanAve,ABI,N5GtLIGt_8,Neutral,Average,MoreUnstable,B,PartInhibit,Moderate,Strong,B,SIG,SIG,SVR,LowSHighN,Stable,Average,Steep,NoMajor,DryMMoistL,DryLine,LittleChange,,LV,Westerly,DenvCyclone
WeakUp,StronUp,Down,Down,Down,Wet,Neutral,Neutral,Neutral,Cloudy,PC,Clear,Clear,Strong,Strong,Other,Weak,,,Some,IncCapDecIns,Increasing,Neutral,Increasing,SVR,Jul16_Aug10,C,CThruK,PartInhibit,LessThanAve,MoreThanAve,CDEJ,N5GtLIGt_8,Stability,Average,MoreUnstable,ACEFK,,Weak,Strong,C,SIG,SIG,SVR,LowMtsHighPl,CloseToDryAd,Average,Steep,MarkedUpper,Other,E_W_N,SigPositive,Other,NWQuad,Westerly,LongAnticyc
Neutral,Neutral,Neutral,Neutral,Neutral,Wet,Wet,Wet,Wet,Clear,PC,Clear,Clear,Weak,Strong,Westerly,Weak,,,Some,DecCapIncIns,Decreasing,Neutral,LittleChange,SVR,May15_Jun14,J,CThruK,,LessThanAve,LessThanAve,CDEJ,LIGt0,Instability,MoreUnstable,MoreUnstable,GJ,,Unfavorable,Slight,J,XNIL,XNIL,SVR,LowMtsHighPl,Steep,Average,CloseToDryAd,NoMajor,MoistMDryL,Other,LittleChange,Other,LV,LVorOther,LV
Down,Neutral,Down,Neutral,Neutral,Neutral,Dry,Dry,Dry,PC,Cloudy,PC,Clear,Strong,Strong,DCVZFavor,Strong,Weak,Strong,Marked,IncCapDecIns,Increasing,Negative,Increasing,SVR,May15_Jun14,D,CThruK,PartInhibit,LessThanAve,Average,CDEJ,N1GtLIGt_4,Instability,Average,Average,D,TotalInhibit,Moderate,Slight,D,SIG,SIG,SVR,LowSHighN,CloseToDryAd,Dry,CloseToDryAd,OtherRapid,Other,DryLine,LittleChange,Moving,NWQuad,Westerly,LV
Neutral,Neutral,StrongUp,WeakUp,WeakUp,Dry,VeryWet,Dry,Dry,Clear,Cloudy,PC,PC,,Weak,DCVZFavor,Weak,,Weak,Some,IncCapDecIns,Increasing,Negative,Decreasing,SIG,Aug20_Sep15,D,CThruK,Stifling,MoreThanAve,MoreThanAve,CDEJ,N5GtLIGt_8,Stability,Average,LessUnstable,D,Stifling,Moderate,,D,XNIL,XNIL,SIG,LowSHighN,CloseToDryAd,VeryMoist,CloseToDryAd,MarkedUpper,MoistMDryL,DryLine,SigPositive,Other,SWQuad,LVorOther,DenvCyclone
Down,Down,Neutral,Neutral,Neutral,Wet,Wet,Neutral,Neutral,PC,PC,PC,PC,Strong,Strong,DCVZFavor,Strong,,Strong,Some,LittleChange,LittleChange,Neutral,Decreasing,XNIL,Aug20_Sep15,A,AB,PartInhibit,Average,Average,ABI,N1GtLIGt_4,Stability,LessUnstable,LessUnstable,ACEFK,,Strong,Moderate,A,XNIL,SVR,SVR,HighEvrywher,Stable,Average,Steep,StrongFront,Other,DenvCyclone,PosToNeg,Other,SWQuad,LVorOther,DenvCyclone
Down,WeakUp,Neutral,Neutral,Neutral,Neutral,Neutral,Neutral,Neutral,Clear,Clear,PC,PC,Strong,Strong,Westerly,Weak,Strong,Strong,Some,IncCapDecIns,Increasing,Neutral,LittleChange,SIG,May15_Jun14,E,CThruK,,LessThanAve,Average,CDEJ,N1GtLIGt_4,Neutral,Average,Average,ACEFK,,Unfavorable,,E,XNIL,XNIL,SIG,LowAtStation,Steep,Dry,ModerateOrLe,NoMajor,MoistMDryL,,LittleChange,,SWQuad,Westerly,LV
WeakUp,Down,Neutral,Down,Down,Neutral,Dry,Wet,Wet,Clear,PC,Clear,Clear,Weak,Strong,DCVZFavor,Weak,Strong,Weak,Some,LittleChange,LittleChange,Neutral,LittleChange,XNIL,Jul16_Aug10,C,CThruK,Stifling,Average,Average,CDEJ,LIGt0,Stability,LessUnstable,Average,ACEFK,Stifling,Strong,,C,XNIL,XNIL,XNIL,LowAtStation,Steep,Average,Steep,NoMajor,Other,E_W_N,SigPositive,,NWQuad,Westerly,LongAnticyc
Down,Neutral,Neutral,Down,Down,Dry,Dry,Dry,Dry,PC,PC,Cloudy,Cloudy,Weak,Weak,StrongWest,Strong,Weak,Strong,Marked,IncCapDecIns,Increasing,WeakPos,Increasing,SIG,Jul16_Aug10,E,CThruK,PartInhibit,LessThanAve,Average,CDEJ,N1GtLIGt_4,Instability,MoreUnstable,MoreUnstable,ACEFK,PartInhibit,Moderate,Moderate,E,XNIL,XNIL,SIG,Other,Steep,Dry,Steep,OtherRapid,MoistMDryL,E_W_N,SigNegative,,AllElse,LVorOther,LongAnticyc
WeakUp,Neutral,StrongUp,WeakUp,WeakUp,Neutral,VeryWet,Wet,VeryWet,PC,Clear,PC,PC,,,Other,,Weak,Weak,,LittleChange,LittleChange,Negative,Decreasing,XNIL,Aug20_Sep15,J,CThruK,PartInhibit,LessThanAve,LessThanAve,CDEJ,N1GtLIGt_4,Neutral,Average,Average,GJ,,Weak,Strong,J,SVR,SVR,SVR,LowMtsHighPl,Steep,Average,Steep,NoMajor,Other,DryLine,LittleChange,,LV,LVorOther,LV
StrongUp,StronUp,WeakUp,StrongUp,StrongUp,VeryWet,Dry,VeryWet,VeryWet,PC,PC,Cloudy,Cloudy,Strong,Strong,DCVZFavor,Strong,,Strong,Marked,IncCapDecIns,Increasing,Neutral,LittleChange,XNIL,Jul2_Jul15,G,CThruK,PartInhibit,Average,MoreThanAve,G,N5GtLIGt_8,Neutral,MoreUnstable,MoreUnstable,GJ,,Moderate,Moderate,G,SIG,SIG,SIG,LowEvrywhere,CloseToDryAd,Dry,CloseToDryAd,NoMajor,Other,,PosToNeg,,AllElse,Westerly,LongAnticyc
WeakUp,Neutral,Neutral,Neutral,Neutral,Wet,Wet,Wet,Wet,Clear,Clear,PC,PC,Weak,Weak,StrongWest,Strong,,Weak,Some,LittleChange,LittleChange,Negative,Decreasing,SIG,May15_Jun14,K,CThruK,PartInhibit,LessThanAve,LessThanAve,K,N1GtLIGt_4,Instability,Average,LessUnstable,ACEFK,PartInhibit,Weak,Slight,K,XNIL,SIG,SIG,LowEvrywhere,ModerateOrLe,Dry,ModerateOrLe,StrongFront,MoistMDryL,E_W_N,SigPositive,QStationary,NWQuad,Westerly,WidespdDnsl
Down,Down,Neutral,Neutral,Neutral,Neutral,VeryWet,Dry,Dry,Clear,PC,PC,Clear,Strong,Strong,Other,Weak,Weak,,Some,LittleChange,LittleChange,Neutral,LittleChange,SVR,Jul2_Jul15,D,CThruK,TotalInhibit,MoreThanAve,MoreThanAve,CDEJ,N5GtLIGt_8,Instability,MoreUnstable,Average,D,PartInhibit,Moderate,Strong,D,XNIL,XNIL,SVR,LowSHighN,CloseToDryAd,Dry,CloseToDryAd,OtherRapid,DryMMoistL,,SigNegative,Other,AllElse,Westerly,SEQuad
Neutral,Neutral,StrongUp,WeakUp,WeakUp,Dry,Wet,Wet,Wet,PC,Clear,Clear,Clear,Strong,Strong,StrongWest,Strong,,Strong,Some,LittleChange,LittleChange,Negative,LittleChange,SIG,Aug20_Sep15,G,CThruK,,LessThanAve,LessThanAve,G,N1GtLIGt_4,Stability,Average,Average,GJ,Stifling,Moderate,Slight,G,SIG,SIG,SIG,LowSHighN,CloseToDryAd,Average,CloseToDryAd,MarkedUpper,MoistMDryL,DryLine,SigNegative,,NWQuad,Westerly,LongAnticyc
WeakUp,StronUp,StrongUp,StrongUp,StrongUp,Wet,Dry,Wet,VeryWet,PC,Clear,Clear,PC,Strong,Strong,StrongWest,Strong,Weak,Weak,Marked,LittleChange,LittleChange,Negative,LittleChange,SVR,Jul16_Aug10,H,CThruK,PartInhibit,Average,Average,H,N5GtLIGt_8,Stability,LessUnstable,LessUnstable,HI,PartInhibit,Unfavorable,,H,XNIL,XNIL,SVR,HighEvrywher,Stable,VeryMoist,ModerateOrLe,MarkedUpper,Other,MovingFtorOt,SigNegative,Moving,LV,Westerly,E_NE
StrongUp,Neutral,Neutral,WeakUp,WeakUp,Neutral,Neutral,Neutral,Wet,PC,Clear,Cloudy,Cloudy,Strong,Strong,Westerly,Weak,Strong,Strong,Marked,IncCapDecIns,Increasing,StrongPos,Increasing,SIG,May15_Jun14,K,CThruK,Stifling,MoreThanAve,MoreThanAve,K,N1GtLIGt_4,Instability,Average,MoreUnstable,ACEFK,PartInhibit,Weak,Slight,K,SIG,SIG,SIG,Other,ModerateOrLe,Dry,Steep,StrongFront,Other,MovingFtorOt,SigNegative,,NWQuad,LVorOther,LongAnticyc
Down,Neutral,Neutral,Neutral,Neutral,Neutral,Dry,Neutral,Dry,PC,Clear,Clear,Clear,,Weak,StrongWest,,Strong,Weak,Some,LittleChange,LittleChange,Neutral,LittleChange,XNIL,Jul2_Jul15,E,CThruK,PartInhibit,Average,Average,CDEJ,N5GtLIGt_8,Stability,Average,LessUnstable,ACEFK,,Weak,Strong,E,XNIL,XNIL,XNIL,LowSHighN,CloseToDryAd,Average,ModerateOrLe,MarkedUpper,MoistMDryL,E_W_N,LittleChange,,SWQuad,LVorOther,DenvCyclone
StrongUp,StronUp,Down,WeakUp,WeakUp,Dry,Wet,Wet,Wet,Cloudy,Cloudy,Cloudy,PC,,Weak,DCVZFavor,,Weak,Weak,Some,LittleChange,LittleChange,Neutral,Decreasing,XNIL,Jul2_Jul15,I,CThruK,,LessThanAve,LessThanAve,ABI,N5GtLIGt_8,Stability,LessUnstable,LessUnstable,HI,PartInhibit,Unfavorable,,I,XNIL,XNIL,XNIL,LowSHighN,ModerateOrLe,Dry,Steep,NoMajor,Other,MovingFtorOt,PosToNeg,Moving,NWQuad,LVorOther,SEQuad
WeakUp,WeakUp,Neutral,Neutral,Neutral,Wet,Neutral,Wet,Wet,Cloudy,Clear,Cloudy,Cloudy,Strong,Strong,DCVZFavor,Strong,,Strong,Some,IncCapDecIns,Increasing,StrongPos,Increasing,SVR,May15_Jun14,B,AB,PartInhibit,LessThanAve,LessThanAve,ABI,N1GtLIGt_4,Stability,Average,MoreUnstable,B,PartInhibit,Strong,Strong,B,SIG,SIG,SVR,Other,ModerateOrLe,Average,CloseToDryAd,NoMajor,Other,DenvCyclone,LittleChange,Other,AllElse,LVorOther,SEQuad
WeakUp,WeakUp,Neutral,Neutral,Neutral,Neutral,Neutral,Neutral,Neutral,PC,PC,PC,PC,Weak,Weak,Westerly,Weak,Strong,Weak,Some,IncCapDecIns,Increasing,Negative,Decreasing,SIG,Jun15_Jul1,I,CThruK,Stifling,Average,MoreThanAve,ABI,N1GtLIGt_4,Stability,LessUnstable,LessUnstable,HI,,Weak,Slight,I,XNIL,XNIL,SIG,LowSHighN,Steep,Average,Steep,MarkedUpper,DryMMoistL,E_W_S,NegToPos,QStationary,SWQuad,LVorOther,DenvCyclone
Down,Neutral,StrongUp,Neutral,Neutral,Dry,Dry,Dry,Dry,Clear,PC,Clear,Clear,Strong,Strong,StrongWest,Strong,Strong,Strong,Marked,DecCapIncIns,Decreasing,Negative,Decreasing,XNIL,Jul2_Jul15,J,CThruK,PartInhibit,Average,LessThanAve,CDEJ,N5GtLIGt_8,Neutral,MoreUnstable,Average,GJ,PartInhibit,Moderate,Slight,J,SIG,SIG,SIG,LowAtStation,Steep,Dry,ModerateOrLe,NoMajor,MoistMDryL,DryLine,LittleChange,Other,LV,LVorOther,SEQuad
Down,WeakUp,Neutral,WeakUp,WeakUp,Dry,VeryWet,VeryWet,VeryWet,Clear,PC,Clear,Cloudy,Strong,Strong,Westerly,Weak,Weak,,Marked,IncCapDecIns,Increasing,Negative,Decreasing,XNIL,Jul2_Jul15,C,CThruK,PartInhibit,Average,MoreThanAve,CDEJ,N1GtLIGt_4,Neutral,MoreUnstable,MoreUnstable,ACEFK,PartInhibit,Moderate,Strong,C,SIG,SIG,SIG,LowNHighS,Steep,Dry,CloseToDryAd,NoMajor,MoistMDryL,E_W_N,NegToPos,Other,AllElse,Westerly,LongAnticyc
WeakUp,Neutral,Down,Down,Down,Neutral,Neutral,Neutral,Dry,PC,PC,PC,PC,Strong,Strong,Westerly,Weak,,Weak,Marked,IncCapDecIns,Increasing,Neutral,LittleChange,SVR,Aug11_Aug20,D,CThruK,PartInhibit,LessThanAve,Average,CDEJ,N1GtLIGt_4,Stability,LessUnstable,LessUnstable,D,PartInhibit,Weak,Slight,D,SIG,SIG,SVR,LowSHighN,CloseToDryAd,Average,CloseToDryAd,OtherRapid,MoistMDryL,DryLine,PosToNeg,QStationary,AllElse,Westerly,WidespdDnsl
StrongUp,Neutral,Neutral,WeakUp,WeakUp,Neutral,Dry,Neutral,Neutral,Cloudy,PC,Cloudy,Cloudy,,,Westerly,,Weak,Weak,,DecCapIncIns,Decreasing,Negative,Decreasing,XNIL,Aug11_Aug20,B,AB,PartInhibit,Average,LessThanAve,ABI,N1GtLIGt_4,Stability,LessUnstable,LessUnstable,B,Stifling,Strong,Slight,B,XNIL,XNIL,XNIL,LowSHighN,ModerateOrLe,Average,Steep,NoMajor,Other,DenvCyclone,LittleChange,Other,AllElse,Westerly,E_NE
Neutral,WeakUp,Neutral,Neutral,Neutral,Dry,Neutral,Wet,VeryWet,PC,Cloudy,Cloudy,Cloudy,,,StrongWest,,,,,IncCapDecIns,Increasing,WeakPos,Increasing,XNIL,Aug11_Aug20,B,AB,PartInhibit,LessThanAve,Average,ABI,N5GtLIGt_8,Stability,LessUnstable,Average,B,,Unfavorable,,B,XNIL,XNIL,XNIL,LowSHighN,Steep,VeryMoist,Steep,NoMajor,DryMMoistL,DenvCyclone,LittleChange,Other,AllElse,LVorOther,E_NE
WeakUp,Neutral,Neutral,Neutral,Neutral,Wet,Dry,Neutral,Neutral,Clear,PC,Clear,Clear,Weak,Weak,Westerly,Weak,,Weak,,LittleChange,LittleChange,WeakPos,LittleChange,SIG,Aug11_Aug20,E,CThruK,PartInhibit,Average,Average,CDEJ,N5GtLIGt_8,Instability,MoreUnstable,MoreUnstable,ACEFK,PartInhibit,Weak,,E,XNIL,XNIL,SIG,LowEvrywhere,CloseToDryAd,Dry,Steep,NoMajor,DryMMoistL,E_W_N,SigNegative,,SWQuad,LVorOther,DenvCyclone
Neutral,Down,WeakUp,Neutral,Neutral,Neutral,Neutral,Neutral,Neutral,Clear,Clear,Clear,Clear,Weak,Strong,Westerly,Weak,Weak,Weak,Marked,IncCapDecIns,Increasing,Negative,LittleChange,XNIL,May15_Jun14,G,CThruK,PartInhibit,LessThanAve,LessThanAve,G,N1GtLIGt_4,Stability,Average,Average,GJ,Stifling,Moderate,,G,XNIL,XNIL,XNIL,LowEvrywhere,CloseToDryAd,Dry,Steep,NoMajor,MoistMDryL,,PosToNeg,,NWQuad,Westerly,WidespdDnsl
Down,StronUp,WeakUp,StrongUp,StrongUp,Wet,Neutral,Neutral,VeryWet,Clear,Clear,Clear,PC,Strong,Strong,Other,,Weak,Weak,,DecCapIncIns,Decreasing,Neutral,LittleChange,SIG,Jul2_Jul15,I,CThruK,PartInhibit,LessThanAve,LessThanAve,ABI,N1GtLIGt_4,Instability,MoreUnstable,Average,HI,PartInhibit,Weak,,I,XNIL,XNIL,SIG,LowSHighN,Steep,Average,CloseToDryAd,MarkedUpper,DryMMoistL,MovingFtorOt,NegToPos,QStationary,SWQuad,Westerly,LV
Neutral,WeakUp,Down,Neutral,Neutral,Dry,VeryWet,Dry,Neutral,Clear,Clear,Clear,Clear,Weak,Strong,StrongWest,Strong,Weak,Strong,Some,IncCapDecIns,Increasing,StrongPos,Increasing,SIG,Aug20_Sep15,I,CThruK,PartInhibit,Average,MoreThanAve,ABI,N1GtLIGt_4,Instability,Average,Average,HI,,Strong,Strong,I,SVR,SVR,SVR,LowSHighN,Steep,Average,ModerateOrLe,OtherRapid,DryMMoistL,E_W_S,LittleChange,Moving,LV,LVorOther,E_NE
Neutral,Neutral,Down,Neutral,Neutral,VeryWet,Wet,VeryWet,VeryWet,PC,Clear,Clear,Clear,Weak,Strong,DCVZFavor,Weak,Strong,Weak,Marked,IncCapDecIns,Increasing,Neutral,LittleChange,SIG,Aug20_Sep15,C,CThruK,Stifling,Average,Average,CDEJ,N1GtLIGt_4,Stability,Average,LessUnstable,ACEFK,TotalInhibit,Moderate,Slight,C,XNIL,XNIL,SIG,LowEvrywhere,Steep,Dry,Steep,MarkedUpper,MoistMDryL,E_W_N,NegToPos,,NWQuad,Westerly,WidespdDnsl
Down,Down,Down,Down,Down,Dry,Neutral,Dry,Dry,Clear,Clear,Clear,Clear,Weak,Strong,Other,,Strong,Strong,,IncCapDecIns,Increasing,StrongPos,Increasing,SIG,Aug20_Sep15,E,CThruK,Stifling,Average,Average,CDEJ,LIGt0,Instability,MoreUnstable,MoreUnstable,ACEFK,Stifling,Unfavorable,,E,XNIL,XNIL,SIG,LowSHighN,Stable,Average,Steep,NoMajor,MoistMDryL,DenvCyclone,LittleChange,QStationary,SWQuad,Westerly,WidespdDnsl
Neutral,Neutral,Neutral,Neutral,Neutral,Neutral,Neutral,Neutral,Neutral,Clear,PC,Clear,Clear,Weak,Weak,Other,,,,,LittleChange,LittleChange,StrongPos,Increasing,SIG,May15_Jun14,I,CThruK,,LessThanAve,LessThanAve,ABI,LILt_8,Instability,MoreUnstable,MoreUnstable,HI,PartInhibit,Moderate,,I,XNIL,XNIL,SIG,LowSHighN,Steep,Dry,Steep,StrongFront,Other,MovingFtorOt,SigNegative,QStationary,SWQuad,Westerly,DenvCyclone
StrongUp,StronUp,Down,Neutral,Neutral,Neutral,Wet,Neutral,Neutral,PC,Clear,Clear,Clear,Strong,Strong,Other,Strong,,Weak,Marked,IncCapDecIns,Increasing,WeakPos,Increasing,SIG,Aug11_Aug20,C,CThruK,PartInhibit,Average,MoreThanAve,CDEJ,N1GtLIGt_4,Instability,MoreUnstable,MoreUnstable,ACEFK,PartInhibit,Weak,,C,SVR,SVR,SVR,Other,CloseToDryAd,Dry,Steep,MarkedUpper,DryMMoistL,E_W_N,SigPositive,,NWQuad,Westerly,LongAnticyc
StrongUp,StronUp,Neutral,StrongUp,StrongUp,Neutral,Neutral,Neutral,Wet,PC,PC,PC,Cloudy,,,Westerly,,Weak,Weak,,LittleChange,LittleChange,Negative,LittleChange,XNIL,Aug11_Aug20,B,AB,,LessThanAve,LessThanAve,ABI,N1GtLIGt_4,Stability,LessUnstable,LessUnstable,B,,Strong,Strong,B,XNIL,XNIL,XNIL,LowSHighN,ModerateOrLe,Average,Steep,OtherRapid,Other,DenvCyclone,LittleChange,Moving,SWQuad,LVorOther,DenvCyclone
Down,Down,Neutral,Down,Down,Dry,Neutral,Wet,VeryWet,Clear,Clear,Clear,Clear,,Strong,Westerly,Weak,,Weak,Some,IncCapDecIns,Increasing,Negative,LittleChange,SIG,Aug20_Sep15,B,AB,Stifling,MoreThanAve,MoreThanAve,ABI,N1GtLIGt_4,Neutral,LessUnstable,LessUnstable,B,Stifling,Strong,Moderate,B,SIG,SIG,SIG,HighEvrywher,Steep,VeryMoist,ModerateOrLe,NoMajor,Other,DenvCyclone,PosToNeg,Other,NWQuad,Westerly,DenvCyclone
WeakUp,StronUp,Neutral,StrongUp,StrongUp,Wet,Wet,Neutral,Wet,PC,PC,PC,Cloudy,Strong,Strong,DCVZFavor,Strong,,Weak,Marked,LittleChange,LittleChange,StrongPos,Increasing,SIG,Aug20_Sep15,J,CThruK,,LessThanAve,LessThanAve,CDEJ,LILt_8,Stability,Average,MoreUnstable,GJ,Stifling,Moderate,,J,XNIL,XNIL,SIG,LowMtsHighPl,ModerateOrLe,Dry,Steep,NoMajor,DryMMoistL,DryLine,LittleChange,,LV,LVorOther,LV
Neutral,Neutral,Neutral,Neutral,Neutral,Wet,Neutral,Neutral,Neutral,Clear,PC,PC,PC,Weak,Weak,DCVZFavor,Weak,,Weak,Some,LittleChange,LittleChange,StrongPos,Increasing,SIG,Aug20_Sep15,C,CThruK,,LessThanAve,LessThanAve,CDEJ,N5GtLIGt_8,Stability,LessUnstable,Average,ACEFK,,Moderate,Strong,C,XNIL,XNIL,SIG,LowEvrywhere,CloseToDryAd,Dry,Steep,MarkedUpper,MoistMDryL,E_W_S,NegToPos,Other,AllElse,LVorOther,LV
WeakUp,Neutral,Neutral,Neutral,Neutral,Wet,Neutral,Wet,Neutral,PC,PC,PC,PC,,,StrongWest,,,,,IncCapDecIns,Increasing,Neutral,Increasing,XNIL,May15_Jun14,D,CThruK,PartInhibit,Average,MoreThanAve,CDEJ,N1GtLIGt_4,Stability,Average,MoreUnstable,D,PartInhibit,Weak,,D,SVR,SVR,SVR,LowAtStation,ModerateOrLe,Average,Steep,StrongFront,Other,,PosToNeg,Other,SWQuad,LVorOther,SEQuad
StrongUp,StronUp,Neutral,StrongUp,StrongUp,Dry,Wet,Wet,VeryWet,PC,Clear,Clear,Clear,,Strong,DCVZFavor,Weak,Strong,Strong,Some,DecCapIncIns,Decreasing,WeakPos,Increasing,SIG,Aug20_Sep15,G,CThruK,PartInhibit,Average,Average,G,N5GtLIGt_8,Stability,MoreUnstable,MoreUnstable,GJ,PartInhibit,Moderate,Moderate,G,XNIL,SIG,SIG,LowEvrywhere,CloseToDryAd,Average,CloseToDryAd,NoMajor,MoistMDryL,,PosToNeg,,LV,Westerly,LV
StrongUp,Down,Neutral,Neutral,Neutral,Neutral,Dry,Neutral,Wet,PC,PC,Cloudy,Cloudy,Weak,Strong,DCVZFavor,,Weak,Weak,Marked,IncCapDecIns,Increasing,Negative,Increasing,SIG,Aug20_Sep15,K,CThruK,Stifling,MoreThanAve,MoreThanAve,K,N1GtLIGt_4,Instability,Average,Average,ACEFK,PartInhibit,Moderate,Slight,K,XNIL,XNIL,SIG,LowMtsHighPl,ModerateOrLe,Dry,Steep,StrongFront,Other,DryLine,SigPositive,QStationary,NWQuad,LVorOther,WidespdDnsl
Neutral,WeakUp,Down,Neutral,Neutral,Dry,Wet,Dry,Dry,Clear,Clear,Clear,Clear,Strong,Strong,StrongWest,Weak,Weak,Weak,Marked,IncCapDecIns,Increasing,StrongPos,Increasing,SIG,Aug20_Sep15,J,CThruK,Stifling,Average,MoreThanAve,CDEJ,N5GtLIGt_8,Stability,LessUnstable,LessUnstable,GJ,PartInhibit,Strong,Moderate,J,XNIL,XNIL,SIG,LowEvrywhere,Stable,Average,Steep,NoMajor,MoistMDryL,DryLine,PosToNeg,,LV,LVorOther,LV
Neutral,StronUp,StrongUp,StrongUp,StrongUp,Neutral,Neutral,Neutral,Wet,Clear,Cloudy,Cloudy,Cloudy,,,DCVZFavor,,,Weak,,LittleChange,LittleChange,Neutral,Increasing,XNIL,Jul16_Aug10,J,CThruK,PartInhibit,LessThanAve,LessThanAve,CDEJ,N1GtLIGt_4,Stability,LessUnstable,Average,GJ,PartInhibit,Weak,Moderate,J,XNIL,XNIL,XNIL,LowAtStation,ModerateOrLe,Dry,CloseToDryAd,NoMajor,DryMMoistL,E_W_S,LittleChange,,LV,LVorOther,LongAnticyc
StrongUp,Neutral,Neutral,StrongUp,StrongUp,Neutral,Dry,Neutral,Wet,Clear,PC,PC,Cloudy,Weak,Weak,Westerly,Weak,,Weak,Some,DecCapIncIns,Decreasing,Negative,Decreasing,XNIL,Aug20_Sep15,H,CThruK,PartInhibit,LessThanAve,LessThanAve,H,LILt_8,Instability,MoreUnstable,Average,HI,,Moderate,Strong,H,SIG,SIG,SIG,LowMtsHighPl,Stable,Average,CloseToDryAd,MarkedUpper,Other,,PosToNeg,Moving,NWQuad,LVorOther,SEQuad
WeakUp,WeakUp,WeakUp,WeakUp,WeakUp,Neutral,Dry,Neutral,Neutral,Cloudy,PC,Cloudy,Cloudy,Weak,Strong,Westerly,Strong,,Weak,Marked,DecCapIncIns,Decreasing,Negative,Decreasing,SIG,Aug20_Sep15,B,AB,PartInhibit,LessThanAve,LessThanAve,ABI,N1GtLIGt_4,Instability,Average,LessUnstable,B,,Strong,Strong,B,SVR,SVR,SVR,LowMtsHighPl,Stable,Average,Steep,NoMajor,DryMMoistL,DenvCyclone,LittleChange,Other,NWQuad,Westerly,DenvCyclone
Down,Neutral,Neutral,Down,Down,VeryWet,Dry,Dry,Dry,PC,Clear,PC,PC,,,Westerly,,,,,IncCapDecIns,Increasing,Negative,LittleChange,XNIL,Jul16_Aug10,J,CThruK,PartInhibit,LessThanAve,LessThanAve,CDEJ,N5GtLIGt_8,Stability,LessUnstable,Average,GJ,,Weak,Moderate,J,XNIL,XNIL,XNIL,HighEvrywher,Steep,Average,CloseToDryAd,NoMajor,DryMMoistL,DenvCyclone,LittleChange,QStationary,LV,LVorOther,LV
Neutral,Neutral,Neutral,Neutral,Neutral,Neutral,Neutral,Neutral,Wet,PC,PC,Cloudy,Cloudy,Strong,Strong,StrongWest,Strong,Weak,Strong,Marked,LittleChange,LittleChange,WeakPos,LittleChange,SIG,Jul2_Jul15,K,CThruK,PartInhibit,Average,Average,K,N1GtLIGt_4,Instability,MoreUnstable,MoreUnstable,ACEFK,,Unfavorable,,K,XNIL,XNIL,SIG,Other,Stable,Average,ModerateOrLe,MarkedUpper,DryMMoistL,MovingFtorOt,SigPositive,,AllElse,LVorOther,WidespdDnsl
WeakUp,Neutral,StrongUp,Neutral,Neutral,Dry,VeryWet,Neutral,Dry,Clear,Clear,Clear,Clear,,,Other,,Weak,Weak,,IncCapDecIns,Increasing,StrongPos,Increasing,XNIL,Jun15_Jul1,I,CThruK,PartInhibit,LessThanAve,Average,ABI,LIGt0,Instability,Average,MoreUnstable,HI,PartInhibit,Weak,,I,XNIL,XNIL,XNIL,LowSHighN,Stable,Average,Steep,NoMajor,DryMMoistL,E_W_S,SigPositive,QStationary,SWQuad,LVorOther,DenvCyclone
WeakUp,WeakUp,WeakUp,WeakUp,WeakUp,Dry,Dry,Neutral,Neutral,PC,PC,Clear,Clear,,,Other,,Strong,Weak,,LittleChange,LittleChange,Neutral,LittleChange,XNIL,May15_Jun14,J,CThruK,Stifling,MoreThanAve,MoreThanAve,CDEJ,N1GtLIGt_4,Stability,LessUnstable,LessUnstable,GJ,,Weak,Moderate,J,SIG,SIG,SIG,LowAtStation,Steep,VeryMoist,ModerateOrLe,NoMajor,Other,DryLine,LittleChange,Other,LV,LVorOther,LongAnticyc
WeakUp,Neutral,Neutral,Neutral,Neutral,Neutral,Neutral,Neutral,Neutral,Cloudy,PC,Cloudy,Cloudy,,,DCVZFavor,,,Weak,,IncCapDecIns,Increasing,Neutral,Increasing,XNIL,Jul16_Aug10,E,CThruK,,Average,MoreThanAve,CDEJ,LILt_8,Stability,MoreUnstable,MoreUnstable,ACEFK,,Strong,Strong,E,SVR,SVR,SVR,LowAtStation,Steep,Average,ModerateOrLe,OtherRapid,MoistMDryL,E_W_S,NegToPos,Other,SWQuad,LVorOther,LongAnticyc
WeakUp,Down,WeakUp,Neutral,Neutral,Dry,VeryWet,VeryWet,VeryWet,PC,PC,PC,PC,Strong,Strong,Westerly,,,,Some,LittleChange,LittleChange,Neutral,Increasing,SVR,Jul2_Jul15,A,AB,PartInhibit,Average,Average,ABI,N5GtLIGt_8,Stability,Average,MoreUnstable,ACEFK,,Moderate,Strong,A,SVR,SVR,SVR,LowNHighS,Stable,VeryMoist,Steep,StrongFront,DryMMoistL,E_W_S,SigNegative,Other,SWQuad,Westerly,DenvCyclone
Neutral,StronUp,Neutral,WeakUp,WeakUp,Neutral,Neutral,Dry,Dry,Clear,PC,PC,PC,,,Westerly,,,,,LittleChange,LittleChange,StrongPos,LittleChange,XNIL,Aug20_Sep15,K,CThruK,Stifling,Average,Average,K,N1GtLIGt_4,Stability,MoreUnstable,Average,ACEFK,PartInhibit,Weak,,K,XNIL,XNIL,XNIL,Other,Steep,Average,CloseToDryAd,MarkedUpper,DryMMoistL,,SigNegative,,NWQuad,LVorOther,WidespdDnsl
Neutral,Down,WeakUp,Neutral,Neutral,Wet,Neutral,Neutral,Wet,PC,Clear,Cloudy,Cloudy,Weak,Weak,Westerly,Weak,Weak,Weak,Some,LittleChange,LittleChange,WeakPos,Decreasing,SIG,Jul2_Jul15,B,AB,Stifling,MoreThanAve,MoreThanAve,ABI,N1GtLIGt_4,Instability,MoreUnstable,MoreUnstable,B,,Moderate,Strong,B,SVR,SVR,SVR,HighEvrywher,Stable,VeryMoist,Steep,NoMajor,DryMMoistL,DenvCyclone,LittleChange,Other,AllElse,Westerly,SEQuad
Neutral,Neutral,Neutral,Neutral,Neutral,Neutral,VeryWet,VeryWet,VeryWet,Clear,Cloudy,Clear,PC,,,DCVZFavor,,,,,IncCapDecIns,Increasing,WeakPos,Increasing,XNIL,Jul2_Jul15,A,AB,,LessThanAve,LessThanAve,ABI,N5GtLIGt_8,Instability,Average,MoreUnstable,ACEFK,TotalInhibit,Moderate,Slight,A,SIG,SIG,SIG,HighEvrywher,ModerateOrLe,VeryMoist,Steep,MarkedUpper,DryMMoistL,E_W_S,NegToPos,Other,SWQuad,Westerly,DenvCyclone
Down,Neutral,Neutral,Neutral,Neutral,Dry,Neutral,VeryWet,Wet,Cloudy,Clear,Cloudy,Cloudy,Weak,Weak,StrongWest,Weak,Weak,,Some,LittleChange,LittleChange,Negative,Decreasing,XNIL,May15_Jun14,A,AB,TotalInhibit,Average,Average,ABI,N5GtLIGt_8,Neutral,Average,Average,ACEFK,PartInhibit,Moderate,Strong,A,XNIL,XNIL,XNIL,LowMtsHighPl,Steep,Average,Steep,OtherRapid,Other,DenvCyclone,LittleChange,Other,SWQuad,Westerly,DenvCyclone
StrongUp,StronUp,Down,WeakUp,WeakUp,Dry,Neutral,VeryWet,VeryWet,Clear,PC,Clear,PC,Weak,Strong,Other,,,,,DecCapIncIns,Decreasing,Negative,Decreasing,SIG,Jul16_Aug10,A,AB,PartInhibit,Average,Average,ABI,N5GtLIGt_8,Neutral,MoreUnstable,MoreUnstable,ACEFK,,Moderate,Strong,A,SVR,SVR,SVR,HighEvrywher,CloseToDryAd,Average,Steep,MarkedUpper,DryMMoistL,DenvCyclone,NegToPos,Other,AllElse,Westerly,DenvCyclone
Neutral,StronUp,WeakUp,WeakUp,WeakUp,Neutral,Neutral,Dry,Dry,Clear,Clear,Clear,Clear,,,Westerly,,,,,LittleChange,LittleChange,Neutral,LittleChange,XNIL,May15_Jun14,E,CThruK,PartInhibit,Average,Average,CDEJ,N1GtLIGt_4,Instability,MoreUnstable,MoreUnstable,ACEFK,PartInhibit,Moderate,Moderate,E,SVR,SVR,SVR,LowEvrywhere,Steep,Dry,ModerateOrLe,OtherRapid,MoistMDryL,,NegToPos,,SWQuad,Westerly,DenvCyclone
StrongUp,Neutral,Down,Neutral,Neutral,Dry,Neutral,Neutral,Neutral,Clear,PC,Clear,Clear,,,DCVZFavor,,,Weak,,LittleChange,LittleChange,Neutral,LittleChange,XNIL,May15_Jun14,A,AB,PartInhibit,Average,Average,ABI,N1GtLIGt_4,Neutral,LessUnstable,LessUnstable,ACEFK,,Unfavorable,,A,XNIL,XNIL,XNIL,LowNHighS,ModerateOrLe,Dry,Steep,MarkedUpper,DryMMoistL,,LittleChange,Moving,SWQuad,LVorOther,DenvCyclone
Down,StronUp,Down,Down,Down,Neutral,Wet,Neutral,Dry,PC,PC,PC,Clear,Weak,Strong,Westerly,Strong,Weak,Weak,Marked,IncCapDecIns,Increasing,Negative,Decreasing,XNIL,May15_Jun14,E,CThruK,TotalInhibit,MoreThanAve,MoreThanAve,CDEJ,N5GtLIGt_8,Neutral,MoreUnstable,LessUnstable,ACEFK,PartInhibit,Weak,,E,SIG,SIG,SIG,Other,CloseToDryAd,Average,ModerateOrLe,NoMajor,Other,DryLine,SigNegative,,SWQuad,LVorOther,LV
Neutral,StronUp,StrongUp,StrongUp,StrongUp,Wet,VeryWet,VeryWet,VeryWet,Clear,Cloudy,Cloudy,Cloudy,Strong,Strong,Other,,,Weak,,LittleChange,LittleChange,WeakPos,LittleChange,SVR,Aug20_Sep15,A,AB,,LessThanAve,LessThanAve,ABI,N1GtLIGt_4,Instability,MoreUnstable,MoreUnstable,ACEFK,PartInhibit,Strong,Strong,A,SVR,SVR,SVR,Other,ModerateOrLe,VeryMoist,CloseToDryAd,StrongFront,DryMMoistL,DenvCyclone,SigNegative,Other,SWQuad,Westerly,LV
WeakUp,Neutral,WeakUp,WeakUp,WeakUp,Neutral,Wet,Wet,VeryWet,Cloudy,Clear,PC,Cloudy,,,Other,,Strong,Strong,,LittleChange,LittleChange,Negative,Decreasing,XNIL,Jun15_Jul1,G,CThruK,TotalInhibit,MoreThanAve,MoreThanAve,G,N1GtLIGt_4,Instability,Average,Average,GJ,,Weak,Slight,G,SIG,SIG,SIG,LowAtStation,CloseToDryAd,Average,CloseToDryAd,OtherRapid,MoistMDryL,DryLine,SigNegative,,SWQuad,Westerly,LongAnticyc
WeakUp,WeakUp,WeakUp,WeakUp,WeakUp,VeryWet,Wet,Wet,Wet,PC,Cloudy,Cloudy,Cloudy,Strong,Strong,DCVZFavor,Weak,Weak,Strong,Marked,IncCapDecIns,Increasing,WeakPos,Increasing,SVR,May15_Jun14,K,CThruK,PartInhibit,Average,MoreThanAve,K,N5GtLIGt_8,Stability,MoreUnstable,MoreUnstable,ACEFK,PartInhibit,Weak,,K,XNIL,XNIL,SVR,Other,CloseToDryAd,VeryMoist,Steep,StrongFront,DryMMoistL,MovingFtorOt,SigPositive,Moving,AllElse,Westerly,LongAnticyc
Down,Neutral,Neutral,Neutral,Neutral,VeryWet,Wet,Wet,Wet,Clear,Clear,Clear,Clear,,,Westerly,,,,,LittleChange,LittleChange,Neutral,Decreasing,XNIL,Jul16_Aug10,A,AB,,LessThanAve,LessThanAve,ABI,N5GtLIGt_8,Stability,Average,LessUnstable,ACEFK,Stifling,Moderate,,A,XNIL,XNIL,XNIL,Other,Stable,Average,Steep,OtherRapid,Other,DenvCyclone,SigNegative,Other,SWQuad,Westerly,DenvCyclone
WeakUp,Down,Neutral,Neutral,Neutral,Neutral,VeryWet,Wet,Wet,Clear,Clear,Clear,Clear,,,Other,,Weak,Weak,,LittleChange,LittleChange,Neutral,LittleChange,XNIL,Aug20_Sep15,D,CThruK,TotalInhibit,MoreThanAve,MoreThanAve,CDEJ,N1GtLIGt_4,Neutral,Average,Average,D,PartInhibit,Strong,Strong,D,SVR,SVR,SVR,HighEvrywher,Stable,Average,Steep,MarkedUpper,DryMMoistL,DenvCyclone,SigNegative,Other,NWQuad,Westerly,LV
WeakUp,StronUp,Down,StrongUp,StrongUp,Wet,VeryWet,Wet,VeryWet,PC,PC,PC,Cloudy,Strong,Strong,StrongWest,Strong,Weak,Weak,Some,LittleChange,LittleChange,StrongPos,LittleChange,SIG,Aug20_Sep15,J,CThruK,TotalInhibit,MoreThanAve,MoreThanAve,CDEJ,N1GtLIGt_4,Stability,LessUnstable,LessUnstable,GJ,,Moderate,Strong,J,XNIL,XNIL,SIG,LowAtStation,ModerateOrLe,Average,Steep,OtherRapid,Other,DryLine,LittleChange,QStationary,LV,LVorOther,SEQuad
Neutral,Neutral,Neutral,Neutral,Neutral,Dry,Neutral,Dry,Neutral,PC,Clear,Cloudy,Cloudy,,,DCVZFavor,,Strong,Weak,,IncCapDecIns,Increasing,Negative,LittleChange,XNIL,Jul2_Jul15,J,CThruK,PartInhibit,LessThanAve,LessThanAve,CDEJ,LILt_8,Instability,MoreUnstable,MoreUnstable,GJ,PartInhibit,Strong,Slight,J,XNIL,XNIL,XNIL,LowMtsHighPl,ModerateOrLe,Average,ModerateOrLe,NoMajor,MoistMDryL,DryLine,NegToPos,Other,LV,LVorOther,SEQuad
Down,StronUp,Down,Neutral,Neutral,Wet,VeryWet,VeryWet,Wet,PC,Clear,Clear,Clear,Strong,Strong,StrongWest,Strong,Strong,Weak,Marked,IncCapDecIns,Increasing,Neutral,Decreasing,SVR,May15_Jun14,E,CThruK,Stifling,MoreThanAve,MoreThanAve,CDEJ,LIGt0,Stability,LessUnstable,LessUnstable,ACEFK,PartInhibit,Moderate,Slight,E,XNIL,XNIL,SVR,LowSHighN,Stable,Average,ModerateOrLe,NoMajor,MoistMDryL,DenvCyclone,LittleChange,,AllElse,Westerly,WidespdDnsl
Neutral,Down,Neutral,Neutral,Neutral,Wet,Dry,Wet,Wet,PC,Clear,Clear,Clear,,Strong,Westerly,Strong,,Strong,,DecCapIncIns,Decreasing,Neutral,Decreasing,XNIL,Jun15_Jul1,G,CThruK,Stifling,MoreThanAve,MoreThanAve,G,N5GtLIGt_8,Stability,Average,Average,GJ,,Moderate,Strong,G,SVR,SVR,SVR,Other,CloseToDryAd,Dry,CloseToDryAd,NoMajor,Other,,SigNegative,,LV,LVorOther,LongAnticyc
Neutral,StronUp,Neutral,WeakUp,WeakUp,Neutral,Dry,Dry,Dry,PC,PC,PC,PC,,Strong,Other,,Weak,Weak,Marked,IncCapDecIns,Increasing,Negative,LittleChange,SIG,May15_Jun14,G,CThruK,TotalInhibit,MoreThanAve,MoreThanAve,G,N5GtLIGt_8,Stability,Average,Average,GJ,PartInhibit,Moderate,Slight,G,SIG,SIG,SIG,LowEvrywhere,Steep,Dry,CloseToDryAd,MarkedUpper,Other,Other,SigNegative,,NWQuad,Westerly,WidespdDnsl
Down,Neutral,StrongUp,Down,Down,Dry,Wet,Wet,Neutral,Cloudy,Clear,Cloudy,Cloudy,,,Other,,Weak,Weak,,IncCapDecIns,Increasing,Neutral,Increasing,XNIL,Jul2_Jul15,G,CThruK,PartInhibit,LessThanAve,LessThanAve,G,N1GtLIGt_4,Stability,Average,Average,GJ,,Unfavorable,,G,XNIL,XNIL,XNIL,LowAtStation,CloseToDryAd,Dry,CloseToDryAd,NoMajor,MoistMDryL,,LittleChange,,SWQuad,LVorOther,LongAnticyc
WeakUp,Neutral,StrongUp,WeakUp,WeakUp,Wet,Dry,Neutral,Neutral,PC,Cloudy,Clear,PC,,Weak,Other,,,,Some,IncCapDecIns,Increasing,Negative,LittleChange,SVR,Aug20_Sep15,G,CThruK,PartInhibit,MoreThanAve,MoreThanAve,G,N1GtLIGt_4,Instability,LessUnstable,Average,GJ,,Weak,Moderate,G,SVR,SVR,SVR,LowAtStation,CloseToDryAd,Dry,Steep,NoMajor,MoistMDryL,DryLine,LittleChange,,AllElse,Westerly,WidespdDnsl
Neutral,Neutral,Neutral,Neutral,Neutral,VeryWet,Dry,VeryWet,Wet,PC,Cloudy,Cloudy,Cloudy,Strong,Strong,DCVZFavor,Weak,Strong,Strong,Some,IncCapDecIns,Increasing,Negative,LittleChange,SIG,May15_Jun14,B,AB,PartInhibit,Average,MoreThanAve,ABI,LIGt0,Neutral,LessUnstable,LessUnstable,B,,Unfavorable,,B,SIG,SIG,SIG,HighEvrywher,ModerateOrLe,Dry,Steep,NoMajor,DryMMoistL,Other,LittleChange,Moving,LV,Westerly,DenvCyclone
Down,Neutral,StrongUp,Neutral,Neutral,Neutral,Neutral,Wet,Wet,Clear,Clear,Clear,Clear,Weak,Strong,Westerly,Strong,,Weak,Marked,DecCapIncIns,Decreasing,Neutral,Decreasing,SVR,May15_Jun14,B,AB,TotalInhibit,MoreThanAve,LessThanAve,ABI,N1GtLIGt_4,Instability,LessUnstable,LessUnstable,B,,Moderate,Moderate,B,SVR,SVR,SVR,HighEvrywher,Steep,Dry,Steep,NoMajor,Other,E_W_S,PosToNeg,Other,SWQuad,LVorOther,DenvCyclone
Down,Down,Neutral,Down,Down,Wet,VeryWet,Wet,Wet,PC,Clear,Clear,Clear,,Weak,Westerly,Strong,,Weak,Some,LittleChange,LittleChange,Neutral,Increasing,SVR,Aug20_Sep15,K,CThruK,PartInhibit,Average,Average,K,N1GtLIGt_4,Stability,LessUnstable,LessUnstable,ACEFK,,Weak,Slight,K,XNIL,SIG,SVR,LowAtStation,Steep,Dry,ModerateOrLe,MarkedUpper,DryMMoistL,MovingFtorOt,NegToPos,,AllElse,LVorOther,LV
Neutral,Neutral,Down,Neutral,Neutral,Neutral,Dry,Dry,Dry,Clear,Clear,Clear,PC,Weak,Strong,DCVZFavor,Strong,,Weak,Marked,IncCapDecIns,Increasing,Negative,LittleChange,XNIL,May15_Jun14,E,CThruK,Stifling,MoreThanAve,MoreThanAve,CDEJ,N1GtLIGt_4,Neutral,LessUnstable,LessUnstable,ACEFK,,Weak,Slight,E,XNIL,XNIL,XNIL,LowEvrywhere,CloseToDryAd,Average,ModerateOrLe,NoMajor,MoistMDryL,DryLine,LittleChange,,SWQuad,Westerly,LV
WeakUp,Neutral,StrongUp,StrongUp,StrongUp,Neutral,Wet,VeryWet,VeryWet,PC,PC,PC,Cloudy,Strong,Strong,DCVZFavor,Strong,,Strong,Marked,DecCapIncIns,Decreasing,Negative,LittleChange,XNIL,Aug20_Sep15,B,AB,Stifling,Average,LessThanAve,ABI,LILt_8,Stability,LessUnstable,LessUnstable,B,TotalInhibit,Weak,,B,XNIL,XNIL,XNIL,HighEvrywher,Stable,VeryMoist,CloseToDryAd,NoMajor,DryMMoistL,E_W_N,LittleChange,Other,AllElse,Westerly,SEQuad
Down,StronUp,Neutral,Neutral,Neutral,Wet,Dry,Neutral,Neutral,PC,Clear,Clear,Clear,,,Other,,Weak,,,IncCapDecIns,Increasing,Negative,Decreasing,XNIL,Jul2_Jul15,J,CThruK,PartInhibit,LessThanAve,LessThanAve,CDEJ,N5GtLIGt_8,Instability,MoreUnstable,MoreUnstable,GJ,PartInhibit,Weak,Moderate,J,SVR,SVR,SVR,LowSHighN,ModerateOrLe,Dry,CloseToDryAd,NoMajor,MoistMDryL,DryLine,LittleChange,Other,AllElse,LVorOther,DenvCyclone
WeakUp,Neutral,Neutral,Neutral,Neutral,Wet,Dry,Neutral,Neutral,Clear,PC,Clear,Clear,Weak,Strong,Other,,Strong,Weak,,DecCapIncIns,Decreasing,Negative,Decreasing,SIG,Jul2_Jul15,E,CThruK,PartInhibit,Average,LessThanAve,CDEJ,N1GtLIGt_4,Stability,LessUnstable,LessUnstable,ACEFK,PartInhibit,Moderate,,E,XNIL,XNIL,SIG,LowAtStation,Steep,Average,ModerateOrLe,NoMajor,Other,E_W_N,SigNegative,,LV,Westerly,LV
WeakUp,StronUp,Down,Down,Down,Neutral,Wet,Wet,Wet,Clear,Clear,Clear,Clear,,Weak,DCVZFavor,Weak,Weak,Strong,,IncCapDecIns,Increasing,Negative,Decreasing,SIG,Aug20_Sep15,J,CThruK,PartInhibit,Average,MoreThanAve,CDEJ,LILt_8,Stability,Average,LessUnstable,GJ,TotalInhibit,Strong,Moderate,J,XNIL,XNIL,SIG,HighEvrywher,CloseToDryAd,Dry,CloseToDryAd,NoMajor,Other,DryLine,LittleChange,Other,LV,LVorOther,E_NE
Down,Neutral,Neutral,Neutral,Neutral,Wet,Neutral,Dry,Dry,Clear,Clear,Clear,Clear,,,StrongWest,,Weak,,,IncCapDecIns,Increasing,Neutral,LittleChange,XNIL,Jul2_Jul15,E,CThruK,Stifling,Average,Average,CDEJ,N1GtLIGt_4,Instability,Average,Average,ACEFK,Stifling,Moderate,Slight,E,SVR,SIG,SIG,HighEvrywher,CloseToDryAd,Average,Steep,NoMajor,MoistMDryL,,NegToPos,Other,SWQuad,Westerly,LV
Down,Neutral,Down,Down,Down,Neutral,Neutral,Neutral,Neutral,PC,PC,Cloudy,PC,,,StrongWest,,,Weak,,IncCapDecIns,Increasing,Neutral,Increasing,XNIL,May15_Jun14,B,AB,Stifling,LessThanAve,LessThanAve,ABI,N5GtLIGt_8,Neutral,LessUnstable,LessUnstable,B,,Moderate,Moderate,B,SIG,SIG,SIG,LowMtsHighPl,ModerateOrLe,VeryMoist,Steep,NoMajor,DryMMoistL,DenvCyclone,LittleChange,Other,NWQuad,LVorOther,SEQuad
StrongUp,Down,Neutral,Down,Down,VeryWet,Dry,Neutral,Dry,PC,Clear,Clear,Clear,,,DCVZFavor,,Weak,Weak,,IncCapDecIns,Increasing,Neutral,LittleChange,XNIL,May15_Jun14,D,CThruK,Stifling,MoreThanAve,MoreThanAve,CDEJ,N1GtLIGt_4,Stability,Average,Average,D,PartInhibit,Moderate,Slight,D,SIG,SIG,SIG,LowSHighN,CloseToDryAd,Average,Steep,OtherRapid,Other,,SigNegative,Other,AllElse,Westerly,SEQuad
Neutral,Neutral,StrongUp,Neutral,Neutral,Dry,Wet,Wet,Wet,PC,Clear,PC,PC,Strong,Strong,DCVZFavor,,,Weak,Some,IncCapDecIns,Increasing,Negative,LittleChange,SIG,Aug20_Sep15,K,CThruK,PartInhibit,Average,MoreThanAve,K,LIGt0,Instability,LessUnstable,LessUnstable,ACEFK,PartInhibit,Weak,Slight,K,XNIL,XNIL,SIG,LowNHighS,ModerateOrLe,VeryMoist,ModerateOrLe,StrongFront,Other,,NegToPos,QStationary,SWQuad,Westerly,WidespdDnsl
StrongUp,Down,Neutral,StrongUp,StrongUp,VeryWet,Wet,VeryWet,VeryWet,Clear,PC,Clear,Cloudy,Strong,Strong,DCVZFavor,Strong,,Weak,Marked,IncCapDecIns,Increasing,WeakPos,Increasing,SIG,Aug20_Sep15,C,CThruK,TotalInhibit,MoreThanAve,MoreThanAve,CDEJ,LILt_8,Instability,MoreUnstable,MoreUnstable,ACEFK,PartInhibit,Moderate,Moderate,C,XNIL,XNIL,SIG,LowEvrywhere,Steep,Average,ModerateOrLe,MarkedUpper,MoistMDryL,E_W_N,SigPositive,,AllElse,Westerly,LongAnticyc
WeakUp,WeakUp,Down,Neutral,Neutral,Wet,Neutral,Wet,Wet,Cloudy,PC,Cloudy,Cloudy,Weak,Strong,StrongWest,Weak,,Weak,Marked,IncCapDecIns,Increasing,Negative,LittleChange,SIG,Aug20_Sep15,F,CThruK,PartInhibit,Average,MoreThanAve,F,N5GtLIGt_8,Stability,LessUnstable,LessUnstable,ACEFK,PartInhibit,Moderate,Slight,F,XNIL,XNIL,SIG,HighEvrywher,Stable,VeryMoist,ModerateOrLe,StrongFront,Other,,SigNegative,,AllElse,LVorOther,E_NE
Down,StronUp,Down,Neutral,Neutral,Wet,Neutral,Neutral,Neutral,PC,Clear,Clear,Clear,Strong,Strong,StrongWest,Weak,Weak,,Some,LittleChange,LittleChange,Neutral,LittleChange,SIG,Jul2_Jul15,A,AB,PartInhibit,LessThanAve,LessThanAve,ABI,N5GtLIGt_8,Instability,MoreUnstable,MoreUnstable,ACEFK,,Moderate,Strong,A,SIG,SIG,SIG,LowEvrywhere,Steep,Average,CloseToDryAd,MarkedUpper,Other,DenvCyclone,SigNegative,Moving,SWQuad,Westerly,DenvCyclone
StrongUp,Neutral,StrongUp,WeakUp,WeakUp,Wet,Wet,Dry,Neutral,Cloudy,Cloudy,Cloudy,PC,,,Other,,,,,IncCapDecIns,Increasing,WeakPos,Increasing,XNIL,Jul16_Aug10,J,CThruK,PartInhibit,Average,MoreThanAve,CDEJ,N5GtLIGt_8,Stability,Average,MoreUnstable,GJ,,Moderate,Moderate,J,XNIL,XNIL,XNIL,LowNHighS,Steep,Average,Steep,NoMajor,Other,DryLine,LittleChange,,LV,LVorOther,LV
WeakUp,Neutral,Down,Neutral,Neutral,Wet,Wet,Neutral,Neutral,PC,PC,PC,PC,,,DCVZFavor,,Strong,,,IncCapDecIns,Increasing,StrongPos,Increasing,XNIL,Aug20_Sep15,A,AB,,LessThanAve,MoreThanAve,ABI,N1GtLIGt_4,Stability,LessUnstable,MoreUnstable,ACEFK,PartInhibit,Unfavorable,,A,SVR,SVR,SVR,HighEvrywher,Stable,VeryMoist,Steep,MarkedUpper,Other,DenvCyclone,NegToPos,QStationary,SWQuad,Westerly,DenvCyclone
WeakUp,StronUp,Down,WeakUp,WeakUp,Neutral,Neutral,Neutral,Wet,Clear,PC,Clear,Clear,,Weak,Westerly,,,Weak,Some,DecCapIncIns,Decreasing,Negative,Decreasing,XNIL,Aug20_Sep15,I,CThruK,PartInhibit,MoreThanAve,Average,ABI,N1GtLIGt_4,Neutral,MoreUnstable,MoreUnstable,HI,Stifling,Weak,,I,SVR,SVR,SVR,LowSHighN,Stable,Average,Steep,NoMajor,Other,MovingFtorOt,PosToNeg,Moving,SWQuad,Westerly,E_NE
WeakUp,WeakUp,Neutral,Neutral,Neutral,Dry,Dry,VeryWet,VeryWet,Clear,Cloudy,Cloudy,Cloudy,,,Other,,,,,IncCapDecIns,Increasing,StrongPos,Increasing,XNIL,May15_Jun14,B,AB,PartInhibit,LessThanAve,MoreThanAve,ABI,N1GtLIGt_4,Neutral,LessUnstable,Average,B,Stifling,Weak,,B,SIG,SIG,SIG,Other,ModerateOrLe,Average,Steep,NoMajor,DryMMoistL,E_W_N,LittleChange,,NWQuad,Westerly,SEQuad
Down,StronUp,Down,Down,Down,Dry,Neutral,VeryWet,Wet,Cloudy,PC,PC,Clear,Weak,Strong,DCVZFavor,Weak,,,Marked,LittleChange,LittleChange,Neutral,LittleChange,SIG,May15_Jun14,H,CThruK,PartInhibit,Average,Average,H,N5GtLIGt_8,Neutral,Average,Average,HI,PartInhibit,Unfavorable,,H,XNIL,XNIL,SIG,LowMtsHighPl,Stable,VeryMoist,Steep,MarkedUpper,DryMMoistL,MovingFtorOt,LittleChange,,AllElse,Westerly,E_NE
Down,Neutral,Neutral,Neutral,Neutral,Dry,Dry,VeryWet,Wet,Clear,Cloudy,Clear,Clear,Strong,Strong,StrongWest,Strong,Weak,Strong,Marked,LittleChange,LittleChange,Neutral,Decreasing,SIG,Aug20_Sep15,C,CThruK,Stifling,Average,Average,CDEJ,N1GtLIGt_4,Neutral,MoreUnstable,MoreUnstable,ACEFK,Stifling,Strong,Slight,C,SIG,SIG,SIG,LowEvrywhere,CloseToDryAd,Dry,Steep,NoMajor,Other,E_W_S,PosToNeg,Other,NWQuad,Westerly,LongAnticyc
StrongUp,WeakUp,Down,WeakUp,WeakUp,Neutral,Dry,Neutral,Neutral,PC,PC,PC,PC,,,DCVZFavor,,,Weak,,LittleChange,LittleChange,Negative,LittleChange,XNIL,May15_Jun14,F,CThruK,,LessThanAve,LessThanAve,F,N1GtLIGt_4,Stability,Average,Average,ACEFK,PartInhibit,Unfavorable,Slight,F,XNIL,XNIL,XNIL,HighEvrywher,Steep,VeryMoist,ModerateOrLe,NoMajor,Other,,PosToNeg,,AllElse,LVorOther,LV
StrongUp,Neutral,Neutral,Neutral,Neutral,Neutral,Wet,Wet,VeryWet,Clear,Cloudy,PC,Cloudy,Strong,Strong,DCVZFavor,Weak,Strong,Strong,Some,DecCapIncIns,Decreasing,WeakPos,LittleChange,SVR,Aug20_Sep15,C,CThruK,,LessThanAve,LessThanAve,CDEJ,N1GtLIGt_4,Stability,Average,LessUnstable,ACEFK,,Weak,Slight,C,XNIL,SVR,SVR,LowNHighS,CloseToDryAd,Average,CloseToDryAd,MarkedUpper,Other,E_W_S,SigPositive,,NWQuad,LVorOther,LongAnticyc
Neutral,Down,Neutral,Neutral,Neutral,Wet,Wet,Wet,Wet,Cloudy,Cloudy,Cloudy,PC,Weak,Weak,Other,,Weak,,,IncCapDecIns,Increasing,Neutral,LittleChange,SIG,May15_Jun14,E,CThruK,PartInhibit,Average,Average,CDEJ,N1GtLIGt_4,Stability,Average,MoreUnstable,ACEFK,PartInhibit,Strong,Moderate,E,SIG,SIG,SIG,LowNHighS,Stable,Average,ModerateOrLe,OtherRapid,MoistMDryL,,LittleChange,QStationary,SWQuad,LVorOther,LV
Neutral,Neutral,Neutral,Neutral,Neutral,Dry,VeryWet,Wet,VeryWet,PC,Cloudy,Cloudy,Cloudy,,,Other,,,Weak,,LittleChange,LittleChange,Neutral,LittleChange,XNIL,Aug20_Sep15,C,CThruK,PartInhibit,LessThanAve,LessThanAve,CDEJ,N1GtLIGt_4,Neutral,Average,Average,ACEFK,TotalInhibit,Moderate,Slight,C,XNIL,XNIL,XNIL,LowEvrywhere,CloseToDryAd,Dry,Steep,MarkedUpper,DryMMoistL,E_W_N,SigPositive,Other,AllElse,LVorOther,WidespdDnsl
WeakUp,Neutral,Neutral,Neutral,Neutral,Neutral,VeryWet,Neutral,Neutral,Clear,PC,Clear,Clear,Strong,Strong,DCVZFavor,Strong,Weak,Strong,Marked,IncCapDecIns,Increasing,Neutral,Increasing,SVR,Jul16_Aug10,H,CThruK,PartInhibit,Average,MoreThanAve,H,N1GtLIGt_4,Instability,Average,MoreUnstable,HI,Stifling,Moderate,,H,XNIL,XNIL,SVR,Other,Stable,VeryMoist,CloseToDryAd,MarkedUpper,DryMMoistL,E_W_N,NegToPos,Moving,NWQuad,LVorOther,E_NE
Neutral,Neutral,Neutral,Neutral,Neutral,Neutral,VeryWet,Wet,Wet,PC,Clear,PC,PC,,,Westerly,,,,,DecCapIncIns,Decreasing,Neutral,Decreasing,XNIL,Jul2_Jul15,D,CThruK,PartInhibit,Average,LessThanAve,CDEJ,N1GtLIGt_4,Neutral,LessUnstable,LessUnstable,D,TotalInhibit,Moderate,,D,XNIL,SIG,SIG,Other,Steep,Dry,ModerateOrLe,StrongFront,Other,,NegToPos,,SWQuad,LVorOther,LongAnticyc
Down,Neutral,Neutral,Neutral,Neutral,Neutral,Dry,Dry,Dry,Clear,PC,Clear,Clear,,Strong,Westerly,Weak,Weak,Strong,Some,LittleChange,LittleChange,Negative,Decreasing,SIG,Aug11_Aug20,J,CThruK,PartInhibit,LessThanAve,LessThanAve,CDEJ,LILt_8,Stability,Average,LessUnstable,GJ,PartInhibit,Unfavorable,,J,XNIL,XNIL,SIG,LowAtStation,CloseToDryAd,Dry,ModerateOrLe,NoMajor,DryMMoistL,,LittleChange,,LV,LVorOther,LV
WeakUp,Neutral,Neutral,WeakUp,WeakUp,VeryWet,VeryWet,VeryWet,VeryWet,PC,Cloudy,Clear,PC,Weak,Strong,Other,,,,Some,LittleChange,LittleChange,WeakPos,Increasing,SIG,Jul16_Aug10,B,AB,,LessThanAve,LessThanAve,ABI,LIGt0,Neutral,LessUnstable,MoreUnstable,B,PartInhibit,Moderate,Moderate,B,SIG,SIG,SIG,LowMtsHighPl,ModerateOrLe,VeryMoist,Steep,OtherRapid,MoistMDryL,DenvCyclone,LittleChange,Other,AllElse,LVorOther,DenvCyclone
StrongUp,Neutral,Down,Neutral,Neutral,Dry,Dry,Neutral,Neutral,Clear,Cloudy,Clear,Clear,,Weak,StrongWest,Weak,Weak,Weak,Some,IncCapDecIns,Increasing,Negative,Decreasing,XNIL,Jul16_Aug10,G,CThruK,,Average,MoreThanAve,G,N1GtLIGt_4,Neutral,Average,Average,GJ,,Strong,Strong,G,SIG,SIG,SIG,LowEvrywhere,CloseToDryAd,Dry,CloseToDryAd,OtherRapid,MoistMDryL,E_W_S,SigNegative,QStationary,AllElse,Westerly,LongAnticyc
WeakUp,Neutral,Neutral,Neutral,Neutral,Neutral,Wet,Neutral,Wet,Clear,Clear,Clear,Clear,,,StrongWest,,,,,DecCapIncIns,Decreasing,Neutral,Decreasing,XNIL,May15_Jun14,K,CThruK,PartInhibit,Average,LessThanAve,K,LIGt0,Stability,Average,Average,ACEFK,PartInhibit,Moderate,Strong,K,SIG,SIG,SIG,Other,Steep,VeryMoist,ModerateOrLe,StrongFront,DryMMoistL,DenvCyclone,SigPositive,,NWQuad,LVorOther,WidespdDnsl
Neutral,Neutral,Neutral,Neutral,Neutral,Neutral,VeryWet,Wet,Wet,Clear,PC,Clear,Clear,Weak,Strong,Westerly,Weak,,Weak,Some,IncCapDecIns,Increasing,Neutral,LittleChange,SVR,Aug20_Sep15,G,CThruK,PartInhibit,Average,MoreThanAve,G,N5GtLIGt_8,Stability,Average,LessUnstable,GJ,TotalInhibit,Weak,,G,XNIL,XNIL,SVR,LowEvrywhere,CloseToDryAd,Dry,CloseToDryAd,NoMajor,Other,,LittleChange,,NWQuad,LVorOther,WidespdDnsl
StrongUp,WeakUp,WeakUp,WeakUp,WeakUp,VeryWet,Dry,Wet,Wet,PC,PC,PC,PC,Weak,Strong,DCVZFavor,Weak,Weak,Strong,Marked,IncCapDecIns,Increasing,Negative,LittleChange,SIG,Aug20_Sep15,J,CThruK,PartInhibit,MoreThanAve,MoreThanAve,CDEJ,N1GtLIGt_4,Stability,Average,MoreUnstable,GJ,PartInhibit,Moderate,,J,XNIL,XNIL,SIG,LowAtStation,Stable,Dry,Steep,NoMajor,DryMMoistL,E_W_S,LittleChange,,LV,LVorOther,LV
StrongUp,Neutral,WeakUp,WeakUp,WeakUp,Neutral,Dry,Neutral,Wet,Clear,PC,Clear,Clear,,Weak,StrongWest,Strong,,Strong,,DecCapIncIns,Decreasing,StrongPos,Increasing,XNIL,Jun15_Jul1,J,CThruK,PartInhibit,LessThanAve,LessThanAve,CDEJ,N1GtLIGt_4,Stability,LessUnstable,LessUnstable,GJ,,Weak,Slight,J,XNIL,XNIL,XNIL,Other,ModerateOrLe,Dry,ModerateOrLe,OtherRapid,MoistMDryL,DryLine,SigNegative,Other,AllElse,LVorOther,LV
Down,WeakUp,StrongUp,Neutral,Neutral,Neutral,Dry,Neutral,Neutral,PC,Cloudy,Cloudy,Cloudy,Strong,Strong,Westerly,Strong,Weak,Strong,Some,IncCapDecIns,Increasing,WeakPos,Increasing,SIG,Jul16_Aug10,G,CThruK,TotalInhibit,MoreThanAve,MoreThanAve,G,N1GtLIGt_4,Instability,Average,MoreUnstable,GJ,,Moderate,Strong,G,SIG,SIG,SIG,LowEvrywhere,CloseToDryAd,Dry,CloseToDryAd,OtherRapid,MoistMDryL,,LittleChange,QStationary,SWQuad,LVorOther,WidespdDnsl
Down,WeakUp,StrongUp,Neutral,Neutral,VeryWet,Neutral,Wet,Wet,PC,PC,Cloudy,Cloudy,Weak,Strong,DCVZFavor,,,Weak,Some,IncCapDecIns,Increasing,Negative,LittleChange,SIG,May15_Jun14,H,CThruK,,Average,MoreThanAve,H,N5GtLIGt_8,Stability,LessUnstable,LessUnstable,HI,PartInhibit,Weak,Slight,H,XNIL,XNIL,SIG,LowMtsHighPl,Stable,Average,ModerateOrLe,MarkedUpper,DryMMoistL,MovingFtorOt,SigPositive,Moving,NWQuad,LVorOther,DenvCyclone
WeakUp,WeakUp,WeakUp,WeakUp,WeakUp,Neutral,VeryWet,Neutral,Neutral,Clear,PC,Clear,Clear,Strong,Strong,DCVZFavor,Weak,Weak,Weak,Marked,LittleChange,LittleChange,WeakPos,Decreasing,XNIL,May15_Jun14,B,AB,PartInhibit,LessThanAve,LessThanAve,ABI,N5GtLIGt_8,Instability,Average,LessUnstable,B,,Unfavorable,,B,XNIL,XNIL,XNIL,LowMtsHighPl,Steep,VeryMoist,Steep,NoMajor,DryMMoistL,E_W_N,LittleChange,,NWQuad,LVorOther,DenvCyclone
Down,Down,Neutral,Down,Down,VeryWet,Dry,Neutral,Neutral,PC,Cloudy,PC,PC,Weak,Strong,Other,,Weak,Weak,,IncCapDecIns,Increasing,Negative,LittleChange,SIG,Aug20_Sep15,E,CThruK,PartInhibit,Average,MoreThanAve,CDEJ,N1GtLIGt_4,Stability,Average,Average,ACEFK,PartInhibit,Strong,Moderate,E,XNIL,XNIL,SIG,LowAtStation,Steep,Dry,Steep,NoMajor,MoistMDryL,DryLine,SigNegative,QStationary,SWQuad,LVorOther,LongAnticyc
StrongUp,WeakUp,Neutral,WeakUp,WeakUp,Neutral,Dry,Dry,Dry,PC,PC,PC,Clear,Strong,Strong,Westerly,Strong,Strong,Strong,Some,DecCapIncIns,Decreasing,WeakPos,LittleChange,XNIL,Aug20_Sep15,K,CThruK,,Average,Average,K,N1GtLIGt_4,Instability,MoreUnstable,MoreUnstable,ACEFK,,Weak,Slight,K,XNIL,XNIL,XNIL,LowEvrywhere,Steep,Average,ModerateOrLe,StrongFront,DryMMoistL,MovingFtorOt,LittleChange,Other,AllElse,Westerly,LongAnticyc
Neutral,Neutral,StrongUp,WeakUp,WeakUp,Neutral,Neutral,Neutral,Neutral,PC,PC,PC,Cloudy,Strong,Strong,Other,Weak,,Weak,,LittleChange,LittleChange,StrongPos,Increasing,XNIL,Jul16_Aug10,J,CThruK,PartInhibit,Average,Average,CDEJ,N5GtLIGt_8,Instability,MoreUnstable,MoreUnstable,GJ,,Moderate,Strong,J,SIG,SIG,SIG,LowAtStation,ModerateOrLe,Average,Steep,NoMajor,MoistMDryL,,LittleChange,Other,LV,LVorOther,DenvCyclone
Down,Neutral,Neutral,Neutral,Neutral,Dry,Wet,Neutral,Neutral,Clear,PC,PC,PC,,Weak,DCVZFavor,Weak,Weak,Weak,,LittleChange,LittleChange,Neutral,LittleChange,XNIL,Jun15_Jul1,G,CThruK,Stifling,MoreThanAve,MoreThanAve,G,N5GtLIGt_8,Stability,MoreUnstable,MoreUnstable,GJ,,Moderate,Moderate,G,SIG,SIG,SIG,LowEvrywhere,CloseToDryAd,Dry,CloseToDryAd,MarkedUpper,MoistMDryL,E_W_S,SigPositive,,LV,LVorOther,LongAnticyc
WeakUp,Neutral,WeakUp,WeakUp,WeakUp,Neutral,Dry,Dry,Dry,Clear,PC,Clear,Clear,,,StrongWest,,Strong,Strong,,DecCapIncIns,Decreasing,StrongPos,Increasing,XNIL,Aug20_Sep15,B,AB,PartInhibit,MoreThanAve,Average,ABI,N5GtLIGt_8,Instability,MoreUnstable,MoreUnstable,B,PartInhibit,Weak,,B,SVR,SVR,SVR,HighEvrywher,Stable,VeryMoist,Steep,NoMajor,Other,DenvCyclone,PosToNeg,Other,NWQuad,LVorOther,E_NE
WeakUp,WeakUp,Neutral,WeakUp,WeakUp,Wet,Neutral,Wet,VeryWet,Clear,PC,Clear,PC,Strong,Strong,Westerly,Weak,Weak,Weak,Some,DecCapIncIns,Decreasing,Neutral,LittleChange,SVR,May15_Jun14,K,CThruK,,LessThanAve,LessThanAve,K,N5GtLIGt_8,Instability,MoreUnstable,MoreUnstable,ACEFK,PartInhibit,Unfavorable,,K,XNIL,XNIL,SVR,Other,Steep,Average,ModerateOrLe,StrongFront,DryMMoistL,MovingFtorOt,SigPositive,QStationary,AllElse,Westerly,WidespdDnsl
Neutral,StronUp,WeakUp,WeakUp,WeakUp,Neutral,VeryWet,Neutral,Wet,PC,Clear,PC,PC,Strong,Strong,StrongWest,Strong,,Weak,Marked,LittleChange,LittleChange,Neutral,Increasing,SIG,Aug20_Sep15,G,CThruK,PartInhibit,MoreThanAve,MoreThanAve,G,LILt_8,Stability,MoreUnstable,MoreUnstable,GJ,PartInhibit,Weak,,G,XNIL,XNIL,SIG,LowEvrywhere,CloseToDryAd,Average,CloseToDryAd,MarkedUpper,MoistMDryL,DryLine,PosToNeg,,AllElse,Westerly,WidespdDnsl
Neutral,WeakUp,StrongUp,WeakUp,WeakUp,Wet,Wet,Dry,Neutral,Clear,PC,Clear,Clear,Strong,Strong,Westerly,Strong,,Strong,Some,DecCapIncIns,Decreasing,WeakPos,LittleChange,XNIL,Jul16_Aug10,B,AB,Stifling,MoreThanAve,LessThanAve,ABI,N5GtLIGt_8,Instability,MoreUnstable,MoreUnstable,B,PartInhibit,Weak,,B,SIG,SIG,SIG,LowSHighN,Stable,Average,Steep,NoMajor,DryMMoistL,E_W_N,LittleChange,Moving,NWQuad,Westerly,DenvCyclone
WeakUp,Neutral,StrongUp,StrongUp,StrongUp,Wet,VeryWet,Wet,VeryWet,Clear,PC,PC,Cloudy,,,Westerly,,Weak,Weak,,LittleChange,LittleChange,Negative,LittleChange,XNIL,Jul16_Aug10,E,CThruK,PartInhibit,LessThanAve,LessThanAve,CDEJ,LIGt0,Stability,LessUnstable,LessUnstable,ACEFK,PartInhibit,Moderate,Strong,E,XNIL,XNIL,XNIL,LowMtsHighPl,Steep,Average,ModerateOrLe,OtherRapid,MoistMDryL,E_W_S,SigNegative,,AllElse,Westerly,LV
Down,Neutral,Down,Neutral,Neutral,Neutral,Neutral,Neutral,Neutral,Clear,PC,Clear,Clear,,Strong,StrongWest,Strong,Weak,Weak,Some,LittleChange,LittleChange,Negative,Decreasing,XNIL,Aug20_Sep15,A,AB,,LessThanAve,LessThanAve,ABI,LIGt0,Stability,LessUnstable,LessUnstable,ACEFK,,Moderate,Strong,A,SVR,SVR,SVR,HighEvrywher,Stable,Average,CloseToDryAd,StrongFront,DryMMoistL,DenvCyclone,LittleChange,QStationary,SWQuad,LVorOther,DenvCyclone
WeakUp,WeakUp,WeakUp,WeakUp,WeakUp,VeryWet,Neutral,Wet,VeryWet,PC,Clear,Clear,PC,Strong,Strong,StrongWest,Strong,Weak,Strong,Marked,LittleChange,LittleChange,Negative,Decreasing,XNIL,Jun15_Jul1,G,CThruK,PartInhibit,Average,Average,G,N5GtLIGt_8,Neutral,Average,LessUnstable,GJ,,Moderate,Moderate,G,SIG,SIG,SIG,LowEvrywhere,CloseToDryAd,Dry,CloseToDryAd,StrongFront,Other,E_W_N,SigNegative,,NWQuad,LVorOther,LongAnticyc
StrongUp,Down,WeakUp,WeakUp,WeakUp,Dry,Neutral,VeryWet,Wet,Clear,PC,Clear,Clear,Weak,Strong,DCVZFavor,Weak,Strong,Weak,Marked,IncCapDecIns,Increasing,WeakPos,Increasing,SIG,Aug20_Sep15,B,AB,PartInhibit,LessThanAve,LessThanAve,ABI,N1GtLIGt_4,Stability,LessUnstable,LessUnstable,B,TotalInhibit,Weak,,B,XNIL,XNIL,SIG,HighEvrywher,Steep,Dry,ModerateOrLe,OtherRapid,DryMMoistL,DenvCyclone,SigNegative,,AllElse,LVorOther,DenvCyclone
Down,StronUp,StrongUp,Neutral,Neutral,Neutral,Wet,Wet,Wet,Clear,Clear,Clear,Clear,Strong,Strong,DCVZFavor,Strong,,Strong,Some,IncCapDecIns,Increasing,Negative,Decreasing,SVR,May15_Jun14,K,CThruK,PartInhibit,LessThanAve,LessThanAve,K,N1GtLIGt_4,Neutral,LessUnstable,LessUnstable,ACEFK,PartInhibit,Moderate,Strong,K,SVR,SVR,SVR,Other,ModerateOrLe,VeryMoist,ModerateOrLe,MarkedUpper,DryMMoistL,DryLine,SigPositive,,AllElse,Westerly,SEQuad
Down,WeakUp,Neutral,WeakUp,WeakUp,Dry,Dry,VeryWet,VeryWet,PC,Clear,Clear,PC,,,Westerly,,,,,DecCapIncIns,Decreasing,Neutral,LittleChange,XNIL,Jul16_Aug10,D,CThruK,PartInhibit,Average,LessThanAve,CDEJ,N5GtLIGt_8,Neutral,Average,Average,D,,Moderate,Strong,D,SIG,SIG,SIG,LowMtsHighPl,Steep,Dry,Steep,MarkedUpper,MoistMDryL,DryLine,PosToNeg,,NWQuad,LVorOther,DenvCyclone
StrongUp,Neutral,WeakUp,WeakUp,WeakUp,Dry,Neutral,Dry,Neutral,PC,PC,PC,PC,Strong,Strong,StrongWest,Strong,Strong,Strong,Marked,LittleChange,LittleChange,WeakPos,Increasing,SIG,May15_Jun14,K,CThruK,PartInhibit,Average,Average,K,N5GtLIGt_8,Instability,MoreUnstable,MoreUnstable,ACEFK,,Strong,Strong,K,SVR,SVR,SVR,Other,Steep,VeryMoist,ModerateOrLe,MarkedUpper,DryMMoistL,DryLine,SigNegative,Moving,AllElse,LVorOther,WidespdDnsl
Neutral,Neutral,Neutral,Neutral,Neutral,Dry,Dry,Wet,Wet,PC,Clear,Cloudy,Cloudy,Strong,Strong,Westerly,Strong,,Weak,Some,IncCapDecIns,Increasing,WeakPos,Increasing,SIG,Jul16_Aug10,E,CThruK,,Average,MoreThanAve,CDEJ,N1GtLIGt_4,Neutral,Average,MoreUnstable,ACEFK,PartInhibit,Weak,Slight,E,XNIL,XNIL,SIG,LowEvrywhere,Steep,Average,CloseToDryAd,NoMajor,MoistMDryL,,NegToPos,Moving,SWQuad,LVorOther,LV
StrongUp,StronUp,WeakUp,StrongUp,StrongUp,Dry,Dry,Wet,Wet,PC,PC,Clear,PC,,Weak,DCVZFavor,Weak,Weak,Strong,Some,LittleChange,LittleChange,Neutral,LittleChange,XNIL,May15_Jun14,I,CThruK,PartInhibit,Average,Average,ABI,LILt_8,Stability,Average,MoreUnstable,HI,,Unfavorable,,I,SIG,SIG,SIG,LowMtsHighPl,Steep,Average,CloseToDryAd,NoMajor,DryMMoistL,E_W_N,LittleChange,Moving,SWQuad,Westerly,E_NE
Neutral,StronUp,Neutral,StrongUp,StrongUp,VeryWet,Neutral,VeryWet,VeryWet,Clear,PC,Clear,Clear,,Weak,Other,,,,,DecCapIncIns,Decreasing,Negative,Decreasing,SIG,Aug20_Sep15,B,AB,PartInhibit,LessThanAve,LessThanAve,ABI,N5GtLIGt_8,Instability,MoreUnstable,Average,B,PartInhibit,Moderate,Slight,B,XNIL,XNIL,SIG,HighEvrywher,Steep,VeryMoist,Steep,NoMajor,Other,E_W_S,LittleChange,Other,LV,LVorOther,SEQuad
StrongUp,Neutral,Neutral,Neutral,Neutral,Dry,Wet,Neutral,Neutral,Clear,Clear,Clear,Clear,,Weak,StrongWest,Strong,Weak,Weak,Some,LittleChange,LittleChange,WeakPos,Increasing,XNIL,Jul16_Aug10,F,CThruK,,LessThanAve,LessThanAve,F,N1GtLIGt_4,Neutral,Average,MoreUnstable,ACEFK,,Weak,Strong,F,XNIL,XNIL,XNIL,HighEvrywher,Steep,VeryMoist,ModerateOrLe,NoMajor,Other,E_W_N,SigNegative,,AllElse,LVorOther,LV
Down,Neutral,WeakUp,Down,Down,Neutral,Neutral,Wet,Wet,Clear,Clear,Clear,Clear,Weak,Strong,StrongWest,Weak,Weak,Weak,Marked,IncCapDecIns,Increasing,WeakPos,Decreasing,SIG,Jul2_Jul15,B,AB,PartInhibit,LessThanAve,LessThanAve,ABI,N1GtLIGt_4,Instability,MoreUnstable,MoreUnstable,B,,Unfavorable,,B,XNIL,XNIL,SIG,HighEvrywher,ModerateOrLe,Dry,CloseToDryAd,MarkedUpper,MoistMDryL,DenvCyclone,PosToNeg,Other,SWQuad,LVorOther,SEQuad
WeakUp,Neutral,Down,Neutral,Neutral,VeryWet,Wet,VeryWet,VeryWet,PC,Clear,PC,PC,Strong,Strong,Other,,,,,DecCapIncIns,Decreasing,WeakPos,LittleChange,XNIL,Aug20_Sep15,J,CThruK,Stifling,MoreThanAve,LessThanAve,CDEJ,N5GtLIGt_8,Neutral,Average,Average,GJ,,Strong,Moderate,J,SVR,SVR,SVR,LowAtStation,Steep,Average,ModerateOrLe,NoMajor,DryMMoistL,DryLine,LittleChange,QStationary,LV,LVorOther,DenvCyclone
StrongUp,WeakUp,Down,Down,Down,VeryWet,Wet,VeryWet,VeryWet,Cloudy,Cloudy,Cloudy,Cloudy,Strong,Strong,Westerly,Strong,,Weak,Some,IncCapDecIns,Increasing,StrongPos,LittleChange,SIG,Aug20_Sep15,K,CThruK,,LessThanAve,LessThanAve,K,N1GtLIGt_4,Neutral,MoreUnstable,MoreUnstable,ACEFK,,Moderate,Moderate,K,SVR,SVR,SVR,HighEvrywher,Stable,Dry,ModerateOrLe,StrongFront,Other,MovingFtorOt,SigNegative,QStationary,NWQuad,Westerly,WidespdDnsl
WeakUp,WeakUp,Neutral,WeakUp,WeakUp,Neutral,Dry,Dry,Dry,Cloudy,PC,Cloudy,PC,Weak,Weak,Westerly,Weak,Weak,,,IncCapDecIns,Increasing,Negative,Decreasing,SIG,Aug20_Sep15,C,CThruK,Stifling,MoreThanAve,MoreThanAve,CDEJ,N1GtLIGt_4,Stability,LessUnstable,LessUnstable,ACEFK,PartInhibit,Moderate,Moderate,C,XNIL,XNIL,SIG,LowEvrywhere,Stable,Dry,CloseToDryAd,NoMajor,MoistMDryL,E_W_N,PosToNeg,,LV,LVorOther,LongAnticyc
Neutral,StronUp,Neutral,StrongUp,StrongUp,Wet,Neutral,Neutral,Wet,PC,Clear,PC,PC,Weak,Strong,StrongWest,Strong,Strong,Strong,Marked,LittleChange,LittleChange,StrongPos,Increasing,SIG,Aug20_Sep15,A,AB,PartInhibit,Average,Average,ABI,LIGt0,Instability,LessUnstable,LessUnstable,ACEFK,PartInhibit,Moderate,,A,XNIL,XNIL,SIG,LowSHighN,ModerateOrLe,VeryMoist,Steep,StrongFront,DryMMoistL,Other,PosToNeg,Other,SWQuad,Westerly,E_NE
Down,Neutral,Neutral,Neutral,Neutral,VeryWet,Neutral,VeryWet,VeryWet,Clear,Clear,Clear,PC,Weak,Weak,StrongWest,Weak,,Weak,Some,IncCapDecIns,Increasing,Negative,Increasing,SIG,May15_Jun14,K,CThruK,PartInhibit,Average,MoreThanAve,K,N1GtLIGt_4,Stability,Average,MoreUnstable,ACEFK,PartInhibit,Weak,,K,XNIL,XNIL,SIG,Other,ModerateOrLe,Average,CloseToDryAd,StrongFront,Other,MovingFtorOt,SigPositive,,NWQuad,Westerly,LongAnticyc
Neutral,Neutral,WeakUp,WeakUp,WeakUp,Dry,Dry,Dry,Neutral,Cloudy,PC,Cloudy,Cloudy,Strong,Strong,Westerly,Strong,Weak,Weak,Marked,DecCapIncIns,Decreasing,Negative,Decreasing,SVR,May15_Jun14,E,CThruK,PartInhibit,Average,LessThanAve,CDEJ,N1GtLIGt_4,Instability,MoreUnstable,LessUnstable,ACEFK,,Moderate,Strong,E,XNIL,XNIL,SVR,LowAtStation,Steep,Dry,ModerateOrLe,NoMajor,MoistMDryL,MovingFtorOt,SigNegative,Moving,SWQuad,LVorOther,LV
Neutral,Neutral,Neutral,Neutral,Neutral,Neutral,Neutral,Wet,Wet,Clear,Clear,Clear,Clear,,Weak,Westerly,,,Weak,Some,LittleChange,LittleChange,Neutral,LittleChange,XNIL,May15_Jun14,C,CThruK,Stifling,MoreThanAve,MoreThanAve,CDEJ,N5GtLIGt_8,Instability,MoreUnstable,MoreUnstable,ACEFK,PartInhibit,Moderate,Slight,C,XNIL,XNIL,XNIL,LowAtStation,Steep,Dry,Steep,NoMajor,MoistMDryL,E_W_N,NegToPos,,AllElse,LVorOther,WidespdDnsl
Down,WeakUp,Neutral,Down,Down,VeryWet,Dry,Neutral,Dry,PC,PC,PC,PC,Strong,Strong,DCVZFavor,Strong,,Strong,Some,LittleChange,LittleChange,Neutral,LittleChange,XNIL,Jul16_Aug10,E,CThruK,Stifling,MoreThanAve,MoreThanAve,CDEJ,LILt_8,Stability,Average,Average,ACEFK,,Weak,Strong,E,SVR,SVR,SVR,LowSHighN,ModerateOrLe,Average,Steep,OtherRapid,MoistMDryL,,SigPositive,,SWQuad,Westerly,LV
Neutral,Neutral,StrongUp,WeakUp,WeakUp,Neutral,Dry,Neutral,Neutral,Clear,PC,Clear,Clear,Strong,Strong,DCVZFavor,Weak,Strong,Weak,Some,DecCapIncIns,Decreasing,WeakPos,LittleChange,SVR,Aug11_Aug20,J,CThruK,PartInhibit,LessThanAve,LessThanAve,CDEJ,N5GtLIGt_8,Stability,MoreUnstable,MoreUnstable,GJ,,Weak,Slight,J,XNIL,XNIL,SVR,LowAtStation,Steep,Dry,CloseToDryAd,NoMajor,DryMMoistL,DryLine,SigNegative,Other,LV,LVorOther,LV
Down,Neutral,Neutral,Neutral,Neutral,Wet,VeryWet,Wet,Wet,PC,PC,PC,PC,Weak,Strong,Westerly,Strong,Strong,Strong,Some,LittleChange,LittleChange,Neutral,Decreasing,XNIL,Jul2_Jul15,E,CThruK,PartInhibit,Average,LessThanAve,CDEJ,LILt_8,Instability,MoreUnstable,MoreUnstable,ACEFK,,Moderate,Moderate,E,SVR,SVR,SVR,LowNHighS,CloseToDryAd,Dry,ModerateOrLe,NoMajor,Other,DryLine,LittleChange,,SWQuad,LVorOther,LongAnticyc
StrongUp,Neutral,Neutral,WeakUp,WeakUp,Dry,Dry,VeryWet,VeryWet,PC,Clear,Clear,PC,Strong,Strong,DCVZFavor,Weak,,Weak,Marked,IncCapDecIns,Increasing,Negative,LittleChange,SIG,Aug20_Sep15,E,CThruK,PartInhibit,Average,MoreThanAve,CDEJ,N1GtLIGt_4,Stability,Average,Average,ACEFK,,Moderate,Slight,E,SIG,SIG,SIG,LowEvrywhere,CloseToDryAd,Average,ModerateOrLe,NoMajor,MoistMDryL,DenvCyclone,NegToPos,,SWQuad,Westerly,LongAnticyc
WeakUp,WeakUp,Neutral,WeakUp,WeakUp,Dry,Dry,VeryWet,VeryWet,Clear,Clear,Clear,Clear,Weak,Strong,DCVZFavor,Weak,Weak,Strong,Marked,LittleChange,LittleChange,Negative,Decreasing,SIG,Aug20_Sep15,I,CThruK,PartInhibit,LessThanAve,LessThanAve,ABI,N1GtLIGt_4,Stability,LessUnstable,LessUnstable,HI,PartInhibit,Moderate,Moderate,I,SIG,SIG,SIG,LowMtsHighPl,Steep,Dry,CloseToDryAd,NoMajor,DryMMoistL,Other,SigNegative,QStationary,SWQuad,Westerly,E_NE
Down,WeakUp,Neutral,Down,Down,Neutral,Dry,Dry,Dry,PC,Cloudy,PC,Cloudy,,,Westerly,,Weak,Weak,,LittleChange,LittleChange,Negative,Decreasing,XNIL,Aug20_Sep15,B,AB,PartInhibit,MoreThanAve,MoreThanAve,ABI,LIGt0,Neutral,LessUnstable,LessUnstable,B,PartInhibit,Weak,,B,XNIL,XNIL,XNIL,LowAtStation,Stable,VeryMoist,ModerateOrLe,NoMajor,Other,E_W_S,LittleChange,Other,LV,LVorOther,SEQuad
StrongUp,Neutral,Neutral,WeakUp,WeakUp,Wet,Wet,Wet,Neutral,Cloudy,Cloudy,Cloudy,Cloudy,Strong,Strong,Westerly,,Weak,Weak,Marked,DecCapIncIns,Decreasing,WeakPos,Increasing,SIG,Jul16_Aug10,J,CThruK,Stifling,MoreThanAve,MoreThanAve,CDEJ,N1GtLIGt_4,Neutral,Average,Average,GJ,,Moderate,Moderate,J,SIG,SIG,SIG,LowEvrywhere,CloseToDryAd,Average,Steep,NoMajor,Other,,LittleChange,,LV,LVorOther,LV
Neutral,StronUp,Neutral,WeakUp,WeakUp,Neutral,Dry,Dry,Dry,Clear,Clear,PC,Clear,Strong,Strong,StrongWest,Strong,Weak,Weak,Marked,IncCapDecIns,Increasing,WeakPos,Increasing,SVR,Jul16_Aug10,A,AB,,LessThanAve,Average,ABI,N1GtLIGt_4,Stability,LessUnstable,LessUnstable,ACEFK,Stifling,Weak,,A,XNIL,XNIL,SVR,HighEvrywher,Steep,VeryMoist,CloseToDryAd,MarkedUpper,Other,E_W_S,PosToNeg,Other,SWQuad,Westerly,DenvCyclone
WeakUp,Neutral,Down,Down,Down,Neutral,Neutral,Neutral,Neutral,Clear,PC,Clear,Clear,,,Westerly,,,,,LittleChange,LittleChange,Neutral,LittleChange,XNIL,Jul16_Aug10,C,CThruK,Stifling,MoreThanAve,MoreThanAve,CDEJ,LIGt0,Stability,LessUnstable,LessUnstable,ACEFK,,Weak,Moderate,C,XNIL,XNIL,XNIL,LowAtStation,Steep,Dry,ModerateOrLe,StrongFront,MoistMDryL,E_W_N,LittleChange,,SWQuad,Westerly,LongAnticyc
Down,Neutral,Down,Neutral,Neutral,Neutral,VeryWet,VeryWet,VeryWet,PC,PC,PC,PC,,Weak,Westerly,Weak,,Strong,,LittleChange,LittleChange,Negative,Decreasing,SIG,Aug20_Sep15,C,CThruK,Stifling,MoreThanAve,MoreThanAve,CDEJ,LIGt0,Stability,LessUnstable,LessUnstable,ACEFK,PartInhibit,Weak,,C,XNIL,XNIL,SIG,LowEvrywhere,CloseToDryAd,Average,ModerateOrLe,NoMajor,MoistMDryL,E_W_N,NegToPos,,NWQuad,Westerly,LongAnticyc
WeakUp,Neutral,WeakUp,WeakUp,WeakUp,VeryWet,Dry,Dry,Wet,PC,Clear,PC,PC,,Weak,DCVZFavor,Weak,,,,IncCapDecIns,Increasing,Neutral,LittleChange,XNIL,Aug20_Sep15,K,CThruK,PartInhibit,Average,MoreThanAve,K,N5GtLIGt_8,Instability,Average,Average,ACEFK,PartInhibit,Moderate,Slight,K,XNIL,XNIL,XNIL,LowNHighS,Steep,VeryMoist,CloseToDryAd,MarkedUpper,DryMMoistL,,SigPositive,,AllElse,Westerly,WidespdDnsl
StrongUp,Neutral,Down,Neutral,Neutral,Neutral,Neutral,Wet,VeryWet,Clear,Clear,Clear,Clear,Strong,Strong,StrongWest,Strong,,Weak,Some,LittleChange,LittleChange,WeakPos,LittleChange,SIG,Jun15_Jul1,B,AB,PartInhibit,LessThanAve,LessThanAve,ABI,N1GtLIGt_4,Stability,LessUnstable,LessUnstable,B,,Weak,Strong,B,SIG,SIG,SIG,LowMtsHighPl,Steep,Average,CloseToDryAd,NoMajor,Other,DenvCyclone,NegToPos,Other,LV,Westerly,SEQuad
StrongUp,Neutral,StrongUp,StrongUp,StrongUp,Neutral,Neutral,Neutral,Wet,Clear,PC,PC,PC,Weak,Strong,Westerly,Weak,,Weak,Some,LittleChange,LittleChange,Neutral,LittleChange,XNIL,May15_Jun14,I,CThruK,PartInhibit,LessThanAve,LessThanAve,ABI,N5GtLIGt_8,Neutral,Average,MoreUnstable,HI,PartInhibit,Weak,Slight,I,SVR,SVR,SVR,LowMtsHighPl,CloseToDryAd,Average,Steep,OtherRapid,DryMMoistL,MovingFtorOt,SigNegative,QStationary,AllElse,Westerly,E_NE
StrongUp,Down,Neutral,Neutral,Neutral,Dry,Wet,Neutral,Neutral,PC,Cloudy,PC,PC,Strong,Strong,StrongWest,Strong,Weak,Weak,Some,LittleChange,LittleChange,StrongPos,Increasing,SVR,Jul2_Jul15,I,CThruK,PartInhibit,LessThanAve,LessThanAve,ABI,N1GtLIGt_4,Neutral,Average,Average,HI,Stifling,Strong,,I,XNIL,XNIL,SVR,LowSHighN,ModerateOrLe,Dry,CloseToDryAd,StrongFront,DryMMoistL,E_W_S,SigNegative,QStationary,LV,LVorOther,LV
Down,StronUp,Neutral,Neutral,Neutral,Neutral,Neutral,Neutral,Neutral,PC,PC,PC,Cloudy,Strong,Strong,Other,,Weak,Weak,,LittleChange,LittleChange,Negative,Increasing,SIG,Jul16_Aug10,B,AB,Stifling,Average,Average,ABI,N1GtLIGt_4,Instability,Average,Average,B,,Moderate,Strong,B,XNIL,XNIL,SIG,LowMtsHighPl,Stable,Average,ModerateOrLe,NoMajor,DryMMoistL,MovingFtorOt,LittleChange,Moving,AllElse,Westerly,DenvCyclone
StrongUp,WeakUp,StrongUp,StrongUp,StrongUp,Neutral,Wet,Wet,VeryWet,Clear,Cloudy,Clear,PC,,Weak,DCVZFavor,Weak,,Weak,Some,LittleChange,LittleChange,Negative,Decreasing,SIG,Jul16_Aug10,E,CThruK,PartInhibit,Average,Average,CDEJ,N5GtLIGt_8,Instability,Average,LessUnstable,ACEFK,PartInhibit,Weak,Moderate,E,XNIL,XNIL,SIG,LowEvrywhere,ModerateOrLe,Average,Steep,MarkedUpper,MoistMDryL,E_W_N,NegToPos,,SWQuad,Westerly,DenvCyclone
Down,Neutral,Neutral,Neutral,Neutral,Neutral,Dry,Neutral,Dry,Clear,Clear,Clear,Clear,,Weak,Westerly,,,Weak,,DecCapIncIns,Decreasing,WeakPos,Increasing,XNIL,May15_Jun14,D,CThruK,TotalInhibit,MoreThanAve,Average,CDEJ,N1GtLIGt_4,Stability,LessUnstable,LessUnstable,D,TotalInhibit,Moderate,,D,XNIL,XNIL,XNIL,LowAtStation,Steep,Average,CloseToDryAd,MarkedUpper,DryMMoistL,,PosToNeg,QStationary,NWQuad,Westerly,WidespdDnsl
StrongUp,StronUp,Neutral,WeakUp,WeakUp,Neutral,Neutral,Dry,Neutral,Cloudy,Clear,Cloudy,Cloudy,Weak,Weak,StrongWest,Strong,,Weak,Some,IncCapDecIns,Increasing,Neutral,Decreasing,SIG,Jun15_Jul1,I,CThruK,,Average,MoreThanAve,ABI,LILt_8,Neutral,MoreUnstable,Average,HI,,Moderate,Strong,I,XNIL,XNIL,SIG,LowSHighN,Steep,Average,ModerateOrLe,NoMajor,DryMMoistL,E_W_S,SigPositive,QStationary,LV,Westerly,DenvCyclone
StrongUp,Down,Neutral,StrongUp,StrongUp,Wet,Dry,Wet,VeryWet,PC,Clear,Clear,PC,Strong,Strong,DCVZFavor,Strong,,Weak,Marked,IncCapDecIns,Increasing,WeakPos,Increasing,SIG,Jul2_Jul15,H,CThruK,,Average,MoreThanAve,H,N1GtLIGt_4,Instability,MoreUnstable,MoreUnstable,HI,PartInhibit,Strong,Strong,H,SVR,XNIL,SIG,LowMtsHighPl,ModerateOrLe,Average,ModerateOrLe,NoMajor,DryMMoistL,Other,SigNegative,,LV,Westerly,E_NE
Neutral,Neutral,WeakUp,Neutral,Neutral,VeryWet,Dry,VeryWet,VeryWet,Clear,PC,PC,Cloudy,Strong,Strong,StrongWest,Strong,,Weak,Marked,IncCapDecIns,Increasing,Neutral,LittleChange,SIG,Jul2_Jul15,J,CThruK,PartInhibit,Average,MoreThanAve,CDEJ,N1GtLIGt_4,Stability,LessUnstable,LessUnstable,GJ,PartInhibit,Moderate,Moderate,J,XNIL,XNIL,SIG,LowAtStation,Stable,Average,Steep,NoMajor,DryMMoistL,E_W_N,LittleChange,,LV,LVorOther,LV
StrongUp,WeakUp,Down,Down,Down,Neutral,Neutral,Wet,Wet,PC,Cloudy,Cloudy,Cloudy,,,StrongWest,,Weak,Weak,,IncCapDecIns,Increasing,WeakPos,Increasing,XNIL,Aug20_Sep15,E,CThruK,PartInhibit,Average,MoreThanAve,CDEJ,N5GtLIGt_8,Neutral,MoreUnstable,MoreUnstable,ACEFK,,Unfavorable,Slight,E,XNIL,XNIL,XNIL,LowAtStation,Stable,Dry,ModerateOrLe,OtherRapid,MoistMDryL,MovingFtorOt,PosToNeg,,SWQuad,LVorOther,DenvCyclone
StrongUp,Neutral,Neutral,WeakUp,WeakUp,Dry,Neutral,Dry,Neutral,PC,Clear,Clear,Clear,,,DCVZFavor,,,,,LittleChange,LittleChange,WeakPos,Increasing,XNIL,Aug20_Sep15,B,AB,PartInhibit,Average,Average,ABI,N1GtLIGt_4,Stability,LessUnstable,Average,B,,Moderate,Moderate,B,XNIL,XNIL,XNIL,LowSHighN,ModerateOrLe,VeryMoist,ModerateOrLe,NoMajor,DryMMoistL,DenvCyclone,LittleChange,Other,SWQuad,Westerly,LV
StrongUp,Neutral,StrongUp,Neutral,Neutral,Wet,Wet,Neutral,Neutral,PC,PC,PC,PC,,,Westerly,,Weak,,,LittleChange,LittleChange,Neutral,LittleChange,XNIL,Aug20_Sep15,K,CThruK,PartInhibit,Average,Average,K,LILt_8,Stability,MoreUnstable,MoreUnstable,ACEFK,,Moderate,Strong,K,SIG,SIG,SIG,LowEvrywhere,Steep,Average,Steep,StrongFront,DryMMoistL,,NegToPos,,NWQuad,Westerly,WidespdDnsl
Down,Neutral,WeakUp,Neutral,Neutral,Wet,Wet,Dry,Neutral,PC,Cloudy,PC,PC,Strong,Strong,DCVZFavor,Strong,,Weak,Marked,LittleChange,LittleChange,Neutral,LittleChange,SIG,Aug20_Sep15,K,CThruK,TotalInhibit,MoreThanAve,MoreThanAve,K,N1GtLIGt_4,Stability,Average,MoreUnstable,ACEFK,Stifling,Strong,Moderate,K,SVR,SVR,SVR,LowAtStation,ModerateOrLe,VeryMoist,Steep,StrongFront,MoistMDryL,,SigPositive,Other,NWQuad,LVorOther,WidespdDnsl
StrongUp,Down,Neutral,Neutral,Neutral,Neutral,Neutral,Neutral,Neutral,PC,PC,PC,PC,,,DCVZFavor,,,,,LittleChange,LittleChange,WeakPos,Decreasing,XNIL,May15_Jun14,K,CThruK,Stifling,MoreThanAve,MoreThanAve,K,N5GtLIGt_8,Instability,MoreUnstable,LessUnstable,ACEFK,PartInhibit,Moderate,,K,XNIL,XNIL,XNIL,LowSHighN,Steep,Dry,ModerateOrLe,StrongFront,DryMMoistL,DryLine,SigNegative,,NWQuad,LVorOther,WidespdDnsl
StrongUp,Down,Neutral,Neutral,Neutral,Neutral,VeryWet,Wet,Wet,PC,Clear,Clear,Clear,Weak,Strong,DCVZFavor,Strong,Strong,Weak,Marked,LittleChange,LittleChange,Negative,Decreasing,SVR,May15_Jun14,B,AB,TotalInhibit,MoreThanAve,MoreThanAve,ABI,N5GtLIGt_8,Stability,Average,LessUnstable,B,Stifling,Weak,Moderate,B,SIG,SIG,SVR,LowAtStation,Stable,Average,Steep,NoMajor,DryMMoistL,DenvCyclone,PosToNeg,Other,SWQuad,LVorOther,E_NE
Down,Neutral,WeakUp,Neutral,Neutral,Wet,Wet,VeryWet,VeryWet,PC,Clear,Clear,Clear,Weak,Weak,StrongWest,Weak,Strong,Weak,,DecCapIncIns,Decreasing,Negative,Decreasing,SIG,May15_Jun14,G,CThruK,Stifling,MoreThanAve,Average,G,N1GtLIGt_4,Stability,Average,LessUnstable,GJ,PartInhibit,Moderate,Moderate,G,XNIL,XNIL,SIG,LowSHighN,CloseToDryAd,Average,CloseToDryAd,MarkedUpper,Other,Other,NegToPos,,SWQuad,Westerly,SEQuad
StrongUp,Neutral,Down,WeakUp,WeakUp,Dry,Neutral,VeryWet,VeryWet,PC,Clear,PC,Cloudy,,,Other,,Weak,Weak,,IncCapDecIns,Increasing,WeakPos,Increasing,XNIL,Aug20_Sep15,K,CThruK,PartInhibit,Average,MoreThanAve,K,N5GtLIGt_8,Neutral,MoreUnstable,MoreUnstable,ACEFK,PartInhibit,Moderate,Slight,K,XNIL,XNIL,XNIL,LowNHighS,Steep,Dry,Steep,MarkedUpper,Other,DenvCyclone,SigPositive,QStationary,SWQuad,LVorOther,WidespdDnsl
Neutral,WeakUp,WeakUp,WeakUp,WeakUp,VeryWet,Wet,VeryWet,VeryWet,Clear,PC,PC,PC,Strong,Strong,StrongWest,Strong,,Strong,Marked,LittleChange,LittleChange,Negative,LittleChange,SVR,Aug20_Sep15,G,CThruK,PartInhibit,Average,Average,G,N1GtLIGt_4,Stability,MoreUnstable,MoreUnstable,GJ,,Moderate,Slight,G,XNIL,XNIL,SVR,LowNHighS,Steep,Dry,CloseToDryAd,NoMajor,Other,,LittleChange,,NWQuad,LVorOther,LV
WeakUp,Neutral,WeakUp,Neutral,Neutral,Wet,Neutral,Neutral,Neutral,Clear,Clear,Clear,Clear,Strong,Strong,Other,Weak,Weak,Weak,Some,LittleChange,LittleChange,Neutral,Decreasing,SIG,Jul16_Aug10,E,CThruK,PartInhibit,Average,Average,CDEJ,N1GtLIGt_4,Instability,LessUnstable,LessUnstable,ACEFK,,Weak,Slight,E,XNIL,SVR,SVR,LowMtsHighPl,ModerateOrLe,Dry,ModerateOrLe,NoMajor,MoistMDryL,,LittleChange,,SWQuad,LVorOther,LV
Neutral,Neutral,Neutral,Neutral,Neutral,Neutral,Neutral,Neutral,Neutral,Clear,PC,Clear,Clear,,,DCVZFavor,,,,,IncCapDecIns,Increasing,Neutral,LittleChange,XNIL,Jun15_Jul1,E,CThruK,PartInhibit,LessThanAve,LessThanAve,CDEJ,N1GtLIGt_4,Instability,MoreUnstable,MoreUnstable,ACEFK,,Weak,Moderate,E,SIG,SIG,SIG,Other,Steep,VeryMoist,ModerateOrLe,OtherRapid,Other,Other,LittleChange,,NWQuad,Westerly,LV
StrongUp,Neutral,Neutral,Neutral,Neutral,Neutral,Wet,Neutral,Neutral,PC,Clear,PC,PC,,,StrongWest,,,,,LittleChange,LittleChange,Neutral,Increasing,XNIL,Aug20_Sep15,B,AB,PartInhibit,LessThanAve,LessThanAve,ABI,N1GtLIGt_4,Instability,MoreUnstable,MoreUnstable,B,,Weak,Slight,B,SIG,SIG,SIG,LowAtStation,Stable,Average,ModerateOrLe,MarkedUpper,Other,DenvCyclone,LittleChange,,SWQuad,Westerly,E_NE
Down,Neutral,Neutral,Neutral,Neutral,VeryWet,Wet,Neutral,Neutral,PC,Clear,PC,PC,,,StrongWest,,Weak,,,LittleChange,LittleChange,Negative,Decreasing,XNIL,May15_Jun14,C,CThruK,PartInhibit,Average,Average,CDEJ,N5GtLIGt_8,Stability,MoreUnstable,Average,ACEFK,PartInhibit,Weak,,C,XNIL,XNIL,XNIL,LowEvrywhere,Steep,Dry,CloseToDryAd,NoMajor,Other,E_W_N,SigPositive,Other,NWQuad,Westerly,LongAnticyc
WeakUp,Neutral,Down,WeakUp,WeakUp,Neutral,Dry,Neutral,Wet,PC,Clear,Clear,Clear,Strong,Strong,StrongWest,Strong,,Strong,Some,LittleChange,LittleChange,Negative,Decreasing,SIG,Aug20_Sep15,E,CThruK,,Average,Average,CDEJ,N1GtLIGt_4,Neutral,MoreUnstable,Average,ACEFK,Stifling,Weak,,E,XNIL,XNIL,SIG,LowNHighS,Steep,Average,Steep,NoMajor,Other,DryLine,LittleChange,,SWQuad,Westerly,LV
Neutral,WeakUp,Neutral,Neutral,Neutral,Neutral,Neutral,Neutral,Neutral,PC,Cloudy,PC,PC,Weak,Weak,DCVZFavor,,Weak,Weak,,IncCapDecIns,Increasing,StrongPos,Increasing,SIG,Jun15_Jul1,C,CThruK,Stifling,Average,Average,CDEJ,N1GtLIGt_4,Stability,LessUnstable,LessUnstable,ACEFK,Stifling,Weak,,C,XNIL,XNIL,SIG,LowMtsHighPl,Steep,Average,ModerateOrLe,StrongFront,DryMMoistL,E_W_N,LittleChange,Moving,NWQuad,Westerly,LongAnticyc
Neutral,Neutral,StrongUp,Neutral,Neutral,Dry,Neutral,Dry,Dry,PC,Clear,Clear,Clear,,,DCVZFavor,,Weak,Weak,,LittleChange,LittleChange,Neutral,Increasing,XNIL,Jul16_Aug10,B,AB,TotalInhibit,MoreThanAve,MoreThanAve,ABI,N5GtLIGt_8,Stability,LessUnstable,MoreUnstable,B,PartInhibit,Unfavorable,,B,XNIL,XNIL,XNIL,HighEvrywher,Steep,Dry,CloseToDryAd,StrongFront,Other,DryLine,LittleChange,Other,LV,LVorOther,E_NE
StrongUp,Neutral,Down,StrongUp,StrongUp,Wet,Wet,Wet,VeryWet,Clear,PC,Clear,Clear,,,Westerly,,,Weak,,DecCapIncIns,Decreasing,Neutral,Increasing,XNIL,May15_Jun14,A,AB,PartInhibit,Average,LessThanAve,ABI,N5GtLIGt_8,Stability,MoreUnstable,MoreUnstable,ACEFK,PartInhibit,Strong,Slight,A,SVR,SVR,SVR,LowMtsHighPl,Stable,Average,Steep,StrongFront,DryMMoistL,E_W_S,PosToNeg,Other,SWQuad,Westerly,LV
StrongUp,Neutral,Down,Neutral,Neutral,Neutral,VeryWet,Wet,Wet,PC,PC,PC,PC,Strong,Strong,DCVZFavor,Strong,,Strong,Marked,DecCapIncIns,Decreasing,Neutral,Decreasing,SVR,Aug11_Aug20,E,CThruK,PartInhibit,Average,LessThanAve,CDEJ,N1GtLIGt_4,Stability,LessUnstable,LessUnstable,ACEFK,PartInhibit,Moderate,Slight,E,XNIL,XNIL,SVR,LowSHighN,Steep,Dry,ModerateOrLe,NoMajor,MoistMDryL,E_W_N,LittleChange,,SWQuad,Westerly,DenvCyclone
StrongUp,Neutral,Down,Neutral,Neutral,Wet,Neutral,Wet,Wet,Clear,Clear,Clear,Clear,,,Westerly,,Weak,Weak,,IncCapDecIns,Increasing,Neutral,Increasing,XNIL,Aug20_Sep15,C,CThruK,,LessThanAve,LessThanAve,CDEJ,N5GtLIGt_8,Neutral,Average,MoreUnstable,ACEFK,Stifling,Weak,,C,XNIL,XNIL,XNIL,LowEvrywhere,Stable,Average,Steep,OtherRapid,Other,E_W_N,SigPositive,,NWQuad,Westerly,LongAnticyc
Down,Down,Down,Down,Down,Neutral,Neutral,Neutral,Dry,Cloudy,PC,Cloudy,PC,Strong,Strong,Other,Strong,,Weak,,IncCapDecIns,Increasing,Negative,LittleChange,XNIL,May15_Jun14,B,AB,PartInhibit,MoreThanAve,MoreThanAve,ABI,N1GtLIGt_4,Instability,Average,Average,B,PartInhibit,Weak,Moderate,B,XNIL,XNIL,XNIL,LowMtsHighPl,Steep,Average,Steep,NoMajor,Other,E_W_S,PosToNeg,Moving,LV,LVorOther,DenvCyclone
Neutral,Down,Neutral,Neutral,Neutral,Neutral,Neutral,Neutral,Neutral,Clear,PC,Clear,Clear,,,DCVZFavor,,,,,DecCapIncIns,Decreasing,StrongPos,Increasing,XNIL,May15_Jun14,G,CThruK,PartInhibit,Average,Average,G,N1GtLIGt_4,Neutral,Average,Average,GJ,PartInhibit,Strong,Moderate,G,SIG,SIG,SIG,LowEvrywhere,Steep,Dry,CloseToDryAd,MarkedUpper,MoistMDryL,Other,LittleChange,,SWQuad,Westerly,LV
WeakUp,Neutral,StrongUp,WeakUp,WeakUp,Dry,Neutral,VeryWet,VeryWet,Clear,Clear,Clear,Clear,Strong,Strong,DCVZFavor,Weak,,Strong,Marked,LittleChange,LittleChange,Neutral,LittleChange,SVR,Aug20_Sep15,E,CThruK,,LessThanAve,LessThanAve,CDEJ,N1GtLIGt_4,Neutral,MoreUnstable,MoreUnstable,ACEFK,,Strong,Strong,E,SIG,SIG,SVR,LowAtStation,CloseToDryAd,Average,ModerateOrLe,NoMajor,DryMMoistL,Other,PosToNeg,,SWQuad,LVorOther,LV
WeakUp,WeakUp,StrongUp,StrongUp,StrongUp,Neutral,Neutral,Dry,Dry,PC,PC,PC,Cloudy,,,Westerly,,,,,IncCapDecIns,Increasing,WeakPos,Increasing,XNIL,Aug20_Sep15,B,AB,Stifling,Average,MoreThanAve,ABI,LIGt0,Neutral,LessUnstable,Average,B,Stifling,Moderate,Slight,B,SVR,SVR,SVR,LowMtsHighPl,Steep,VeryMoist,Steep,MarkedUpper,DryMMoistL,DenvCyclone,PosToNeg,Other,AllElse,LVorOther,DenvCyclone
Down,StronUp,Down,Down,Down,Dry,VeryWet,Wet,Wet,PC,Clear,PC,Clear,Strong,Strong,Other,,Strong,,,IncCapDecIns,Increasing,WeakPos,Increasing,SVR,Jul16_Aug10,E,CThruK,TotalInhibit,MoreThanAve,MoreThanAve,CDEJ,N5GtLIGt_8,Instability,LessUnstable,MoreUnstable,ACEFK,PartInhibit,Strong,Slight,E,SIG,SIG,SVR,LowNHighS,CloseToDryAd,Dry,ModerateOrLe,NoMajor,MoistMDryL,,PosToNeg,,LV,Westerly,LV
WeakUp,Down,WeakUp,Neutral,Neutral,Neutral,Neutral,Dry,Dry,Cloudy,PC,Cloudy,Cloudy,,Weak,DCVZFavor,,Strong,Weak,Marked,LittleChange,LittleChange,WeakPos,Increasing,XNIL,Jul16_Aug10,J,CThruK,PartInhibit,LessThanAve,LessThanAve,CDEJ,N1GtLIGt_4,Instability,MoreUnstable,MoreUnstable,GJ,PartInhibit,Strong,Strong,J,SVR,SVR,SVR,LowEvrywhere,Steep,VeryMoist,CloseToDryAd,NoMajor,DryMMoistL,Other,LittleChange,,LV,LVorOther,DenvCyclone
Down,Neutral,Neutral,Neutral,Neutral,Wet,Neutral,Neutral,Neutral,Clear,Clear,Clear,Clear,Weak,Strong,StrongWest,Strong,Strong,Strong,Marked,IncCapDecIns,Increasing,StrongPos,Increasing,SVR,Jun15_Jul1,C,CThruK,Stifling,MoreThanAve,MoreThanAve,CDEJ,N1GtLIGt_4,Stability,Average,MoreUnstable,ACEFK,,Moderate,Moderate,C,XNIL,XNIL,SVR,LowEvrywhere,Steep,Dry,CloseToDryAd,OtherRapid,DryMMoistL,E_W_N,NegToPos,,NWQuad,LVorOther,LongAnticyc
Neutral,Neutral,WeakUp,Neutral,Neutral,Dry,Neutral,Dry,Dry,PC,Cloudy,Cloudy,Cloudy,Weak,Weak,StrongWest,Strong,,Strong,Some,IncCapDecIns,Increasing,StrongPos,Increasing,SIG,Jul2_Jul15,E,CThruK,PartInhibit,LessThanAve,MoreThanAve,CDEJ,N1GtLIGt_4,Stability,LessUnstable,Average,ACEFK,PartInhibit,Unfavorable,,E,XNIL,XNIL,SIG,LowNHighS,CloseToDryAd,Average,Steep,NoMajor,Other,E_W_N,PosToNeg,,SWQuad,Westerly,LongAnticyc
Neutral,Neutral,Down,Down,Down,Dry,Wet,Dry,Dry,Clear,Cloudy,Clear,Clear,,,StrongWest,,Strong,Weak,,IncCapDecIns,Increasing,Negative,LittleChange,XNIL,Jul16_Aug10,C,CThruK,,LessThanAve,Average,CDEJ,N5GtLIGt_8,Stability,LessUnstable,LessUnstable,ACEFK,PartInhibit,Weak,,C,XNIL,XNIL,XNIL,LowEvrywhere,CloseToDryAd,Average,Steep,NoMajor,Other,E_W_S,NegToPos,Moving,NWQuad,LVorOther,LongAnticyc
Neutral,Neutral,Down,Neutral,Neutral,Dry,Neutral,Dry,Neutral,PC,PC,Cloudy,Cloudy,Strong,Strong,StrongWest,Strong,Strong,Weak,Marked,LittleChange,LittleChange,StrongPos,Increasing,SVR,Jul2_Jul15,G,CThruK,PartInhibit,LessThanAve,LessThanAve,G,N1GtLIGt_4,Neutral,Average,Average,GJ,TotalInhibit,Strong,Slight,G,XNIL,XNIL,SVR,LowSHighN,CloseToDryAd,Dry,CloseToDryAd,MarkedUpper,MoistMDryL,,LittleChange,,SWQuad,Westerly,SEQuad
WeakUp,Neutral,Neutral,Neutral,Neutral,Neutral,Wet,Wet,Wet,PC,Clear,PC,PC,Weak,Weak,Other,,,Weak,,IncCapDecIns,Increasing,Negative,LittleChange,XNIL,Jun15_Jul1,G,CThruK,PartInhibit,LessThanAve,LessThanAve,G,N5GtLIGt_8,Neutral,Average,MoreUnstable,GJ,PartInhibit,Weak,Slight,G,SIG,SIG,SIG,LowEvrywhere,CloseToDryAd,Dry,CloseToDryAd,MarkedUpper,MoistMDryL,Other,LittleChange,,SWQuad,Westerly,LV
Neutral,WeakUp,Neutral,WeakUp,WeakUp,VeryWet,Dry,VeryWet,VeryWet,Clear,Clear,Clear,PC,Weak,Strong,Westerly,Weak,,Weak,,IncCapDecIns,Increasing,Negative,Increasing,SVR,Aug20_Sep15,K,CThruK,PartInhibit,MoreThanAve,MoreThanAve,K,N1GtLIGt_4,Instability,LessUnstable,Average,ACEFK,PartInhibit,Moderate,Moderate,K,XNIL,XNIL,SVR,LowNHighS,ModerateOrLe,Average,ModerateOrLe,StrongFront,DryMMoistL,E_W_N,NegToPos,QStationary,NWQuad,Westerly,LongAnticyc
Neutral,Down,Down,Down,Down,VeryWet,Neutral,VeryWet,Wet,Clear,PC,Clear,Clear,Strong,Strong,Westerly,Weak,,Weak,Some,LittleChange,LittleChange,WeakPos,Increasing,SIG,Jul2_Jul15,D,CThruK,Stifling,Average,Average,CDEJ,N5GtLIGt_8,Neutral,LessUnstable,LessUnstable,D,,Moderate,Strong,D,XNIL,XNIL,SIG,LowNHighS,Steep,Average,ModerateOrLe,MarkedUpper,DryMMoistL,,PosToNeg,,NWQuad,LVorOther,SEQuad
Down,Down,Neutral,Down,Down,Dry,Dry,Neutral,Neutral,Clear,Clear,Clear,Clear,Strong,Strong,StrongWest,Strong,Weak,Strong,Marked,LittleChange,LittleChange,Neutral,LittleChange,SIG,Aug20_Sep15,G,CThruK,PartInhibit,MoreThanAve,MoreThanAve,G,N5GtLIGt_8,Stability,Average,Average,GJ,PartInhibit,Moderate,Moderate,G,SIG,SVR,SVR,LowAtStation,Steep,Dry,CloseToDryAd,MarkedUpper,Other,Other,LittleChange,,AllElse,Westerly,WidespdDnsl
Down,Down,Neutral,Neutral,Neutral,Dry,Dry,VeryWet,Wet,Clear,PC,PC,PC,,,DCVZFavor,,,Weak,,DecCapIncIns,Decreasing,Negative,Decreasing,XNIL,Jun15_Jul1,B,AB,,LessThanAve,LessThanAve,ABI,N1GtLIGt_4,Stability,LessUnstable,LessUnstable,B,PartInhibit,Unfavorable,,B,XNIL,XNIL,XNIL,LowEvrywhere,Steep,Average,Steep,NoMajor,Other,,LittleChange,QStationary,AllElse,LVorOther,SEQuad
Down,Down,Neutral,Down,Down,Neutral,Dry,Wet,Neutral,PC,PC,Cloudy,Cloudy,Weak,Strong,DCVZFavor,Weak,Weak,Weak,Marked,LittleChange,LittleChange,Negative,Decreasing,XNIL,Jul16_Aug10,G,CThruK,,LessThanAve,LessThanAve,G,N1GtLIGt_4,Stability,Average,LessUnstable,GJ,PartInhibit,Moderate,Moderate,G,XNIL,XNIL,XNIL,LowAtStation,Steep,Dry,CloseToDryAd,NoMajor,MoistMDryL,Other,PosToNeg,,AllElse,Westerly,LongAnticyc
WeakUp,WeakUp,StrongUp,StrongUp,StrongUp,Dry,Dry,Dry,Neutral,Clear,Cloudy,Clear,Clear,Weak,Strong,StrongWest,Strong,Weak,Strong,Marked,LittleChange,LittleChange,Neutral,Decreasing,XNIL,Jul16_Aug10,J,CThruK,PartInhibit,LessThanAve,LessThanAve,CDEJ,N1GtLIGt_4,Instability,Average,LessUnstable,GJ,,Moderate,Strong,J,XNIL,XNIL,XNIL,LowSHighN,Stable,Average,ModerateOrLe,NoMajor,DryMMoistL,E_W_S,LittleChange,,LV,LVorOther,LV
Down,Down,Neutral,Down,Down,Wet,VeryWet,Wet,Wet,Clear,Clear,PC,Clear,Strong,Strong,Other,,,Weak,,LittleChange,LittleChange,Neutral,LittleChange,SIG,Jun15_Jul1,D,CThruK,PartInhibit,Average,Average,CDEJ,LILt_8,Stability,LessUnstable,LessUnstable,D,,Unfavorable,Slight,D,XNIL,XNIL,SIG,LowAtStation,CloseToDryAd,Dry,CloseToDryAd,MarkedUpper,Other,,LittleChange,,NWQuad,LVorOther,LV
StrongUp,Neutral,Neutral,WeakUp,WeakUp,VeryWet,Wet,VeryWet,VeryWet,Cloudy,Cloudy,Cloudy,Cloudy,Weak,Weak,Other,,Weak,Weak,Some,IncCapDecIns,Increasing,WeakPos,Increasing,XNIL,Jul16_Aug10,E,CThruK,PartInhibit,Average,MoreThanAve,CDEJ,N1GtLIGt_4,Neutral,MoreUnstable,MoreUnstable,ACEFK,,Unfavorable,,E,SVR,SVR,SVR,HighEvrywher,CloseToDryAd,Dry,ModerateOrLe,NoMajor,MoistMDryL,Other,LittleChange,,AllElse,Westerly,WidespdDnsl
Neutral,Down,Neutral,Neutral,Neutral,Neutral,Neutral,Dry,Dry,Clear,Cloudy,PC,PC,,,DCVZFavor,,,Weak,,LittleChange,LittleChange,Negative,LittleChange,XNIL,May15_Jun14,H,CThruK,,LessThanAve,LessThanAve,H,N1GtLIGt_4,Stability,LessUnstable,LessUnstable,HI,PartInhibit,Weak,,H,XNIL,XNIL,XNIL,LowSHighN,Stable,VeryMoist,CloseToDryAd,MarkedUpper,DryMMoistL,,SigNegative,Moving,NWQuad,LVorOther,E_NE
WeakUp,Neutral,Neutral,WeakUp,WeakUp,Wet,Dry,Dry,Neutral,Clear,PC,PC,PC,Weak,Weak,Other,,,,,LittleChange,LittleChange,WeakPos,Increasing,SIG,Aug20_Sep15,I,CThruK,TotalInhibit,MoreThanAve,MoreThanAve,ABI,N1GtLIGt_4,Stability,LessUnstable,MoreUnstable,HI,PartInhibit,Weak,,I,SVR,SVR,SVR,LowSHighN,CloseToDryAd,Average,Steep,NoMajor,MoistMDryL,MovingFtorOt,LittleChange,QStationary,SWQuad,LVorOther,DenvCyclone
Neutral,Neutral,Down,Down,Down,Dry,VeryWet,Dry,Dry,PC,Clear,Clear,Clear,Strong,Strong,Westerly,Weak,,Weak,Some,IncCapDecIns,Increasing,Negative,Increasing,SIG,Jul16_Aug10,E,CThruK,PartInhibit,Average,Average,CDEJ,LILt_8,Stability,MoreUnstable,MoreUnstable,ACEFK,Stifling,Moderate,Slight,E,SVR,SVR,SVR,LowSHighN,Steep,Dry,ModerateOrLe,NoMajor,MoistMDryL,DryLine,NegToPos,,SWQuad,Westerly,WidespdDnsl
Neutral,Down,Neutral,Down,Down,Wet,Neutral,Neutral,Neutral,Clear,Clear,Clear,Clear,,Strong,StrongWest,Strong,,Weak,Marked,IncCapDecIns,Increasing,Negative,LittleChange,XNIL,Jul16_Aug10,D,CThruK,PartInhibit,LessThanAve,Average,CDEJ,N1GtLIGt_4,Instability,MoreUnstable,MoreUnstable,D,PartInhibit,Weak,,D,XNIL,XNIL,XNIL,LowAtStation,ModerateOrLe,Average,ModerateOrLe,StrongFront,DryMMoistL,DryLine,SigNegative,,AllElse,Westerly,SEQuad
Down,Neutral,StrongUp,Neutral,Neutral,Neutral,Dry,Dry,Dry,PC,Clear,Clear,Clear,Weak,Strong,Westerly,Strong,,Strong,Some,DecCapIncIns,Decreasing,Negative,Decreasing,SIG,Aug11_Aug20,J,CThruK,PartInhibit,LessThanAve,LessThanAve,CDEJ,LILt_8,Stability,Average,LessUnstable,GJ,PartInhibit,Strong,Strong,J,XNIL,XNIL,SIG,LowMtsHighPl,Steep,VeryMoist,CloseToDryAd,NoMajor,MoistMDryL,DryLine,LittleChange,QStationary,LV,LVorOther,LV
StrongUp,Neutral,Neutral,WeakUp,WeakUp,Neutral,Neutral,Wet,Wet,PC,Clear,PC,Clear,Strong,Strong,Other,Weak,Strong,Strong,Some,LittleChange,LittleChange,Negative,Decreasing,SVR,May15_Jun14,B,AB,PartInhibit,LessThanAve,LessThanAve,ABI,N5GtLIGt_8,Stability,MoreUnstable,LessUnstable,B,,Moderate,Moderate,B,SVR,SVR,SVR,LowMtsHighPl,Stable,VeryMoist,Steep,NoMajor,Other,DenvCyclone,SigPositive,Other,LV,LVorOther,DenvCyclone
WeakUp,Neutral,Neutral,Neutral,Neutral,Neutral,Dry,Neutral,VeryWet,PC,Clear,Clear,Clear,Weak,Strong,DCVZFavor,Strong,Weak,Weak,Some,LittleChange,LittleChange,Negative,Decreasing,SIG,Aug20_Sep15,K,CThruK,PartInhibit,Average,Average,K,N1GtLIGt_4,Stability,Average,LessUnstable,ACEFK,TotalInhibit,Strong,,K,XNIL,XNIL,SIG,LowNHighS,Stable,Average,CloseToDryAd,StrongFront,Other,Other,SigPositive,Other,NWQuad,LVorOther,WidespdDnsl
Down,Neutral,StrongUp,StrongUp,StrongUp,Wet,VeryWet,Wet,Wet,PC,PC,PC,Cloudy,,,StrongWest,,,,,LittleChange,LittleChange,Neutral,Decreasing,XNIL,Jul2_Jul15,G,CThruK,PartInhibit,LessThanAve,LessThanAve,G,N5GtLIGt_8,Instability,Average,LessUnstable,GJ,TotalInhibit,Weak,,G,XNIL,XNIL,XNIL,LowEvrywhere,CloseToDryAd,Dry,CloseToDryAd,MarkedUpper,MoistMDryL,DryLine,SigNegative,,NWQuad,Westerly,LV
StrongUp,Neutral,Down,Neutral,Neutral,Neutral,Neutral,Neutral,Wet,PC,PC,PC,PC,,,StrongWest,,Strong,Strong,,DecCapIncIns,Decreasing,WeakPos,LittleChange,XNIL,May15_Jun14,C,CThruK,PartInhibit,Average,LessThanAve,CDEJ,N1GtLIGt_4,Stability,LessUnstable,LessUnstable,ACEFK,PartInhibit,Weak,,C,XNIL,XNIL,XNIL,LowNHighS,Steep,Average,ModerateOrLe,NoMajor,DryMMoistL,,NegToPos,QStationary,NWQuad,Westerly,LongAnticyc
Neutral,StronUp,StrongUp,StrongUp,StrongUp,Dry,Neutral,VeryWet,VeryWet,PC,PC,PC,Cloudy,Weak,Strong,StrongWest,Strong,Weak,Strong,Marked,IncCapDecIns,Increasing,Neutral,Increasing,XNIL,Jul16_Aug10,J,CThruK,,LessThanAve,MoreThanAve,CDEJ,N1GtLIGt_4,Stability,LessUnstable,LessUnstable,GJ,PartInhibit,Moderate,Moderate,J,XNIL,XNIL,XNIL,LowAtStation,ModerateOrLe,Dry,Steep,NoMajor,MoistMDryL,DryLine,LittleChange,,LV,LVorOther,LV
Down,WeakUp,WeakUp,WeakUp,WeakUp,Neutral,Neutral,Neutral,Neutral,Clear,Clear,Clear,Clear,Strong,Strong,Westerly,Strong,,Strong,Some,LittleChange,LittleChange,Neutral,Increasing,SIG,May15_Jun14,K,CThruK,PartInhibit,Average,Average,K,N5GtLIGt_8,Stability,Average,MoreUnstable,ACEFK,PartInhibit,Weak,,K,XNIL,XNIL,SIG,Other,ModerateOrLe,Average,Steep,StrongFront,MoistMDryL,E_W_N,LittleChange,Moving,NWQuad,LVorOther,WidespdDnsl
Neutral,StronUp,WeakUp,Neutral,Neutral,Wet,Dry,Neutral,Neutral,Clear,PC,Clear,Clear,Weak,Strong,StrongWest,Weak,Weak,Weak,Marked,IncCapDecIns,Increasing,Negative,LittleChange,SVR,May15_Jun14,G,CThruK,Stifling,MoreThanAve,MoreThanAve,G,N1GtLIGt_4,Instability,MoreUnstable,MoreUnstable,GJ,PartInhibit,Moderate,Moderate,G,XNIL,XNIL,SVR,LowSHighN,CloseToDryAd,Dry,Steep,NoMajor,MoistMDryL,,PosToNeg,Other,SWQuad,Westerly,LongAnticyc
StrongUp,Neutral,StrongUp,StrongUp,StrongUp,VeryWet,Neutral,Wet,Wet,Cloudy,PC,PC,Cloudy,Weak,Weak,Westerly,Strong,Weak,Weak,Marked,IncCapDecIns,Increasing,WeakPos,Increasing,XNIL,Jul2_Jul15,K,CThruK,,Average,MoreThanAve,K,N1GtLIGt_4,Stability,Average,Average,ACEFK,PartInhibit,Weak,Moderate,K,XNIL,XNIL,XNIL,LowMtsHighPl,CloseToDryAd,VeryMoist,Steep,StrongFront,MoistMDryL,DenvCyclone,SigNegative,,AllElse,Westerly,DenvCyclone
WeakUp,Neutral,WeakUp,WeakUp,WeakUp,VeryWet,Neutral,Neutral,Neutral,Cloudy,Clear,Cloudy,Cloudy,,,StrongWest,,Strong,,,IncCapDecIns,Increasing,Neutral,Decreasing,XNIL,Aug20_Sep15,D,CThruK,PartInhibit,LessThanAve,LessThanAve,CDEJ,N1GtLIGt_4,Neutral,Average,LessUnstable,D,,Weak,,D,XNIL,XNIL,XNIL,LowAtStation,CloseToDryAd,Dry,CloseToDryAd,OtherRapid,MoistMDryL,DryLine,SigPositive,,AllElse,LVorOther,LongAnticyc
StrongUp,Neutral,WeakUp,WeakUp,WeakUp,Neutral,Neutral,Wet,Wet,Clear,Clear,Clear,PC,Strong,Strong,Westerly,Strong,,Weak,Some,IncCapDecIns,Increasing,WeakPos,Increasing,XNIL,May15_Jun14,B,AB,PartInhibit,LessThanAve,LessThanAve,ABI,N1GtLIGt_4,Stability,LessUnstable,LessUnstable,B,PartInhibit,Moderate,Slight,B,XNIL,XNIL,XNIL,HighEvrywher,Steep,VeryMoist,Steep,NoMajor,DryMMoistL,DenvCyclone,NegToPos,Other,AllElse,Westerly,DenvCyclone
StrongUp,Down,Down,Down,Down,VeryWet,Neutral,Neutral,Dry,Clear,Clear,Clear,Clear,Strong,Strong,StrongWest,Strong,,Strong,Marked,IncCapDecIns,Increasing,WeakPos,Increasing,SIG,Jul16_Aug10,B,AB,PartInhibit,LessThanAve,Average,ABI,N5GtLIGt_8,Stability,LessUnstable,LessUnstable,B,,Moderate,Strong,B,SVR,SVR,SVR,LowEvrywhere,Stable,VeryMoist,ModerateOrLe,NoMajor,Other,Other,LittleChange,QStationary,SWQuad,LVorOther,DenvCyclone
WeakUp,Neutral,Neutral,WeakUp,WeakUp,VeryWet,Neutral,Wet,Wet,PC,Clear,Clear,PC,Strong,Strong,DCVZFavor,Weak,Weak,,Marked,LittleChange,LittleChange,Negative,Decreasing,SVR,Aug20_Sep15,D,CThruK,Stifling,MoreThanAve,Average,CDEJ,N1GtLIGt_4,Stability,Average,Average,D,PartInhibit,Weak,,D,XNIL,XNIL,SVR,LowMtsHighPl,CloseToDryAd,Dry,CloseToDryAd,StrongFront,DryMMoistL,Other,PosToNeg,Other,NWQuad,Westerly,SEQuad
StrongUp,Neutral,WeakUp,WeakUp,WeakUp,Neutral,Wet,Neutral,Wet,PC,PC,PC,Cloudy,,,DCVZFavor,,Weak,Weak,,IncCapDecIns,Increasing,Negative,Increasing,XNIL,Aug11_Aug20,E,CThruK,PartInhibit,Average,Average,CDEJ,N1GtLIGt_4,Neutral,Average,Average,ACEFK,,Moderate,Strong,E,XNIL,XNIL,XNIL,LowAtStation,Steep,Average,ModerateOrLe,NoMajor,MoistMDryL,,LittleChange,Other,SWQuad,Westerly,LongAnticyc
WeakUp,WeakUp,StrongUp,WeakUp,WeakUp,Neutral,Wet,Neutral,Wet,Clear,Clear,Clear,Clear,,Weak,DCVZFavor,,,Weak,Some,DecCapIncIns,Decreasing,Negative,Decreasing,XNIL,Jun15_Jul1,E,CThruK,PartInhibit,LessThanAve,LessThanAve,CDEJ,N5GtLIGt_8,Instability,MoreUnstable,LessUnstable,ACEFK,PartInhibit,Strong,Strong,E,XNIL,XNIL,XNIL,LowMtsHighPl,ModerateOrLe,Dry,Steep,OtherRapid,MoistMDryL,,LittleChange,,SWQuad,Westerly,LongAnticyc
WeakUp,WeakUp,Neutral,WeakUp,WeakUp,Dry,Neutral,Dry,Neutral,PC,Clear,PC,PC,Strong,Strong,DCVZFavor,Weak,Strong,Strong,Marked,LittleChange,LittleChange,Neutral,LittleChange,SVR,Aug20_Sep15,K,CThruK,PartInhibit,Average,Average,K,N5GtLIGt_8,Stability,MoreUnstable,MoreUnstable,ACEFK,PartInhibit,Unfavorable,Moderate,K,SVR,SVR,SVR,LowMtsHighPl,ModerateOrLe,Average,ModerateOrLe,StrongFront,Other,DryLine,SigNegative,,NWQuad,Westerly,LV
Neutral,Neutral,Neutral,Neutral,Neutral,Wet,Wet,Wet,VeryWet,Clear,PC,PC,Cloudy,Weak,Weak,DCVZFavor,Strong,,Weak,Some,IncCapDecIns,Increasing,WeakPos,Increasing,XNIL,Jul16_Aug10,H,CThruK,,LessThanAve,LessThanAve,H,N5GtLIGt_8,Stability,Average,MoreUnstable,HI,Stifling,Weak,Slight,H,XNIL,XNIL,XNIL,Other,ModerateOrLe,Average,ModerateOrLe,MarkedUpper,DryMMoistL,MovingFtorOt,SigPositive,,SWQuad,LVorOther,LongAnticyc
WeakUp,WeakUp,Neutral,WeakUp,WeakUp,Dry,Neutral,VeryWet,VeryWet,PC,PC,Cloudy,Cloudy,Strong,Strong,StrongWest,Strong,Weak,Strong,Marked,IncCapDecIns,Increasing,Neutral,Decreasing,SVR,Jul16_Aug10,I,CThruK,Stifling,Average,MoreThanAve,ABI,N1GtLIGt_4,Stability,Average,LessUnstable,HI,PartInhibit,Weak,,I,XNIL,XNIL,SVR,LowSHighN,Steep,Dry,CloseToDryAd,NoMajor,DryMMoistL,Other,LittleChange,Moving,AllElse,LVorOther,DenvCyclone
Neutral,Neutral,Neutral,Neutral,Neutral,VeryWet,Wet,VeryWet,VeryWet,PC,Clear,PC,PC,,,Westerly,,Weak,,,IncCapDecIns,Increasing,Negative,Decreasing,XNIL,May15_Jun14,K,CThruK,TotalInhibit,MoreThanAve,MoreThanAve,K,N1GtLIGt_4,Neutral,MoreUnstable,MoreUnstable,ACEFK,Stifling,Strong,Slight,K,SIG,XNIL,XNIL,LowEvrywhere,ModerateOrLe,Average,Steep,StrongFront,DryMMoistL,MovingFtorOt,SigPositive,Moving,AllElse,LVorOther,LongAnticyc
StrongUp,Neutral,StrongUp,StrongUp,StrongUp,VeryWet,Neutral,Wet,Wet,PC,Clear,PC,Clear,,,Westerly,,Strong,Weak,,DecCapIncIns,Decreasing,Negative,LittleChange,XNIL,Jul16_Aug10,B,AB,Stifling,Average,LessThanAve,ABI,N1GtLIGt_4,Instability,MoreUnstable,Average,B,PartInhibit,Moderate,Slight,B,SIG,SIG,SIG,HighEvrywher,ModerateOrLe,VeryMoist,Steep,NoMajor,DryMMoistL,DenvCyclone,LittleChange,,AllElse,LVorOther,LV
StrongUp,Down,Neutral,Down,Down,Neutral,Neutral,Dry,Dry,Clear,PC,Clear,Clear,Strong,Strong,Westerly,,Strong,Strong,Marked,IncCapDecIns,Increasing,Negative,LittleChange,SIG,Aug20_Sep15,J,CThruK,PartInhibit,Average,Average,CDEJ,N1GtLIGt_4,Neutral,MoreUnstable,MoreUnstable,GJ,,Weak,Moderate,J,SVR,SVR,SVR,LowSHighN,Steep,Average,Steep,StrongFront,MoistMDryL,DryLine,LittleChange,Other,LV,LVorOther,LV
Down,StronUp,Neutral,WeakUp,WeakUp,Neutral,Dry,Neutral,Wet,Clear,PC,Clear,Clear,Weak,Strong,StrongWest,Strong,Strong,Strong,Marked,IncCapDecIns,Increasing,Neutral,LittleChange,XNIL,Jul16_Aug10,E,CThruK,PartInhibit,Average,Average,CDEJ,N5GtLIGt_8,Instability,MoreUnstable,MoreUnstable,ACEFK,,Unfavorable,,E,SVR,SIG,SIG,HighEvrywher,CloseToDryAd,Average,Steep,OtherRapid,MoistMDryL,MovingFtorOt,LittleChange,,SWQuad,Westerly,LV
WeakUp,Neutral,Neutral,Neutral,Neutral,Wet,Neutral,Wet,VeryWet,Clear,Cloudy,Clear,Clear,,Strong,DCVZFavor,Strong,Weak,Strong,Some,DecCapIncIns,Decreasing,Neutral,LittleChange,SIG,May15_Jun14,D,CThruK,PartInhibit,MoreThanAve,Average,CDEJ,N5GtLIGt_8,Neutral,Average,MoreUnstable,D,PartInhibit,Strong,Slight,D,SVR,SVR,SVR,LowSHighN,Steep,Average,CloseToDryAd,StrongFront,Other,,NegToPos,Other,AllElse,Westerly,LongAnticyc
Neutral,Down,WeakUp,Down,Down,Dry,Wet,Neutral,Neutral,PC,PC,Clear,Clear,Weak,Strong,DCVZFavor,Strong,,Strong,Marked,IncCapDecIns,Increasing,Negative,LittleChange,SIG,Aug20_Sep15,A,AB,,LessThanAve,Average,ABI,N1GtLIGt_4,Instability,MoreUnstable,MoreUnstable,ACEFK,PartInhibit,Moderate,Strong,A,SVR,SVR,SVR,LowSHighN,Steep,Average,CloseToDryAd,OtherRapid,DryMMoistL,MovingFtorOt,PosToNeg,Moving,SWQuad,Westerly,DenvCyclone
Neutral,Down,Neutral,Neutral,Neutral,Dry,Neutral,Wet,Wet,Clear,PC,Clear,Clear,Strong,Strong,Westerly,Strong,Weak,Strong,Some,IncCapDecIns,Increasing,Neutral,Decreasing,SVR,Aug20_Sep15,D,CThruK,Stifling,MoreThanAve,MoreThanAve,CDEJ,N1GtLIGt_4,Stability,LessUnstable,LessUnstable,D,PartInhibit,Strong,Moderate,D,XNIL,SIG,SVR,LowSHighN,Steep,Dry,Steep,MarkedUpper,DryMMoistL,DenvCyclone,PosToNeg,,NWQuad,Westerly,SEQuad
WeakUp,Neutral,WeakUp,Neutral,Neutral,Wet,Neutral,Wet,Wet,Clear,Cloudy,PC,PC,Weak,Strong,Westerly,Weak,Weak,Weak,Marked,LittleChange,LittleChange,Neutral,Decreasing,SVR,Jul16_Aug10,J,CThruK,Stifling,MoreThanAve,MoreThanAve,CDEJ,LILt_8,Instability,MoreUnstable,LessUnstable,GJ,PartInhibit,Unfavorable,,J,XNIL,XNIL,SVR,LowNHighS,CloseToDryAd,Dry,Steep,NoMajor,DryMMoistL,DryLine,LittleChange,,LV,LVorOther,LV
Down,Neutral,StrongUp,Neutral,Neutral,Neutral,Dry,Dry,Dry,Cloudy,Clear,Cloudy,PC,Weak,Weak,Westerly,Weak,Weak,Weak,,IncCapDecIns,Increasing,WeakPos,LittleChange,SIG,Aug20_Sep15,B,AB,PartInhibit,LessThanAve,LessThanAve,ABI,N1GtLIGt_4,Instability,MoreUnstable,MoreUnstable,B,,Moderate,Slight,B,SVR,SVR,SVR,LowSHighN,Steep,Average,ModerateOrLe,NoMajor,DryMMoistL,DenvCyclone,LittleChange,QStationary,SWQuad,Westerly,DenvCyclone
WeakUp,Down,StrongUp,WeakUp,WeakUp,Neutral,VeryWet,Neutral,Wet,PC,Cloudy,Cloudy,Cloudy,Strong,Strong,Westerly,Strong,Weak,Strong,Some,IncCapDecIns,Increasing,Neutral,Increasing,SVR,May15_Jun14,K,CThruK,PartInhibit,Average,Average,K,LIGt0,Stability,Average,MoreUnstable,ACEFK,PartInhibit,Weak,,K,XNIL,XNIL,SVR,LowEvrywhere,ModerateOrLe,Average,Steep,NoMajor,Other,E_W_N,SigPositive,Other,NWQuad,Westerly,LongAnticyc
StrongUp,Neutral,WeakUp,StrongUp,StrongUp,Neutral,Neutral,Neutral,Neutral,Clear,PC,Clear,Clear,,,StrongWest,,Weak,Weak,,DecCapIncIns,Decreasing,StrongPos,Increasing,XNIL,Aug20_Sep15,I,CThruK,PartInhibit,Average,Average,ABI,LIGt0,Stability,LessUnstable,Average,HI,,Weak,Slight,I,SIG,SIG,SIG,LowMtsHighPl,ModerateOrLe,Dry,Steep,OtherRapid,DryMMoistL,MovingFtorOt,PosToNeg,QStationary,AllElse,LVorOther,E_NE
Down,Neutral,WeakUp,Neutral,Neutral,Neutral,Wet,Wet,VeryWet,Clear,Clear,Clear,Clear,Strong,Strong,StrongWest,Strong,,Strong,Marked,LittleChange,LittleChange,Negative,Decreasing,SIG,May15_Jun14,C,CThruK,Stifling,Average,Average,CDEJ,LIGt0,Instability,MoreUnstable,LessUnstable,ACEFK,,Weak,Slight,C,XNIL,XNIL,SIG,LowNHighS,CloseToDryAd,Dry,CloseToDryAd,OtherRapid,MoistMDryL,E_W_S,LittleChange,,AllElse,Westerly,LongAnticyc
Neutral,Down,Neutral,Down,Down,Dry,Dry,Dry,Dry,PC,Clear,Clear,Clear,Strong,Strong,StrongWest,Strong,Weak,Strong,Some,LittleChange,LittleChange,Negative,LittleChange,SVR,Aug20_Sep15,I,CThruK,PartInhibit,LessThanAve,LessThanAve,ABI,N5GtLIGt_8,Instability,MoreUnstable,MoreUnstable,HI,TotalInhibit,Unfavorable,,I,XNIL,XNIL,SVR,Other,Steep,Dry,ModerateOrLe,StrongFront,DryMMoistL,E_W_S,PosToNeg,QStationary,AllElse,LVorOther,DenvCyclone
Down,Neutral,Neutral,Down,Down,Neutral,Neutral,Neutral,Wet,PC,Cloudy,Cloudy,Cloudy,Weak,Strong,Other,Weak,Weak,Weak,,IncCapDecIns,Increasing,Negative,LittleChange,SIG,May15_Jun14,C,CThruK,,Average,MoreThanAve,CDEJ,N1GtLIGt_4,Instability,Average,Average,ACEFK,,Strong,Moderate,C,XNIL,XNIL,SIG,LowNHighS,Stable,Dry,Steep,MarkedUpper,DryMMoistL,E_W_N,NegToPos,QStationary,NWQuad,Westerly,LongAnticyc
Neutral,StronUp,StrongUp,WeakUp,WeakUp,VeryWet,Neutral,Neutral,Neutral,PC,PC,PC,PC,Weak,Strong,Westerly,Strong,,Weak,Marked,DecCapIncIns,Decreasing,Neutral,LittleChange,SIG,Aug20_Sep15,I,CThruK,TotalInhibit,MoreThanAve,LessThanAve,ABI,N1GtLIGt_4,Neutral,LessUnstable,LessUnstable,HI,,Weak,Slight,I,SIG,SIG,SIG,LowSHighN,Stable,Average,Steep,OtherRapid,DryMMoistL,MovingFtorOt,LittleChange,QStationary,AllElse,LVorOther,DenvCyclone
StrongUp,StronUp,Neutral,WeakUp,WeakUp,Wet,VeryWet,VeryWet,VeryWet,PC,Cloudy,PC,PC,Strong,Strong,Other,,,,Some,DecCapIncIns,Decreasing,Negative,LittleChange,SIG,Aug11_Aug20,J,CThruK,TotalInhibit,Average,LessThanAve,CDEJ,N5GtLIGt_8,Stability,LessUnstable,LessUnstable,GJ,PartInhibit,Weak,,J,SVR,SVR,SVR,LowMtsHighPl,ModerateOrLe,Average,ModerateOrLe,StrongFront,DryMMoistL,DryLine,LittleChange,,LV,LVorOther,LV
WeakUp,Neutral,StrongUp,WeakUp,WeakUp,Neutral,Dry,Wet,Neutral,Clear,Clear,Clear,Clear,Weak,Strong,DCVZFavor,Weak,,Weak,Marked,IncCapDecIns,Increasing,Neutral,Increasing,SIG,Aug11_Aug20,K,CThruK,Stifling,Average,MoreThanAve,K,N1GtLIGt_4,Instability,MoreUnstable,MoreUnstable,ACEFK,,Moderate,Strong,K,XNIL,XNIL,SIG,LowAtStation,Steep,Dry,ModerateOrLe,MarkedUpper,DryMMoistL,Other,SigPositive,,AllElse,Westerly,WidespdDnsl
Down,WeakUp,StrongUp,Neutral,Neutral,Neutral,Neutral,Dry,Dry,PC,PC,PC,PC,Strong,Strong,Other,,,Weak,Marked,IncCapDecIns,Increasing,StrongPos,Increasing,SIG,May15_Jun14,K,CThruK,PartInhibit,Average,Average,K,N1GtLIGt_4,Stability,Average,Average,ACEFK,PartInhibit,Moderate,,K,XNIL,XNIL,SIG,Other,Steep,Dry,CloseToDryAd,StrongFront,DryMMoistL,MovingFtorOt,LittleChange,Moving,AllElse,Westerly,WidespdDnsl
WeakUp,Neutral,Neutral,Neutral,Neutral,Neutral,Wet,Neutral,Wet,Clear,PC,Clear,Clear,Strong,Strong,DCVZFavor,Weak,,,Marked,DecCapIncIns,Decreasing,Negative,Decreasing,SIG,Jul2_Jul15,B,AB,,LessThanAve,LessThanAve,ABI,LIGt0,Neutral,Average,LessUnstable,B,PartInhibit,Unfavorable,,B,XNIL,XNIL,SIG,HighEvrywher,ModerateOrLe,VeryMoist,CloseToDryAd,MarkedUpper,MoistMDryL,,LittleChange,Other,AllElse,Westerly,DenvCyclone
StrongUp,Down,StrongUp,WeakUp,WeakUp,Neutral,Neutral,Neutral,Wet,PC,PC,PC,Cloudy,,,StrongWest,,Weak,Weak,,IncCapDecIns,Increasing,Negative,Decreasing,XNIL,Jun15_Jul1,C,CThruK,PartInhibit,Average,MoreThanAve,CDEJ,LIGt0,Stability,Average,LessUnstable,ACEFK,,Moderate,Moderate,C,XNIL,SIG,SIG,LowAtStation,Steep,Dry,CloseToDryAd,NoMajor,Other,E_W_N,SigPositive,QStationary,NWQuad,Westerly,LongAnticyc
Down,Neutral,Down,Neutral,Neutral,Dry,Neutral,VeryWet,Wet,PC,PC,PC,PC,Strong,Strong,StrongWest,Strong,,Strong,Marked,IncCapDecIns,Increasing,Negative,Decreasing,SVR,May15_Jun14,G,CThruK,PartInhibit,Average,Average,G,N1GtLIGt_4,Neutral,Average,LessUnstable,GJ,,Moderate,Moderate,G,XNIL,XNIL,SVR,LowEvrywhere,CloseToDryAd,Dry,CloseToDryAd,NoMajor,Other,,LittleChange,,LV,LVorOther,WidespdDnsl
Down,Neutral,WeakUp,Down,Down,Neutral,Wet,Neutral,Dry,Clear,Cloudy,PC,PC,Strong,Strong,StrongWest,Strong,,Weak,Some,IncCapDecIns,Increasing,StrongPos,Increasing,SVR,Jul2_Jul15,J,CThruK,PartInhibit,MoreThanAve,MoreThanAve,CDEJ,N1GtLIGt_4,Stability,LessUnstable,MoreUnstable,GJ,TotalInhibit,Weak,,J,XNIL,SIG,SVR,LowAtStation,ModerateOrLe,Average,ModerateOrLe,NoMajor,DryMMoistL,DryLine,LittleChange,Other,LV,LVorOther,LV
StrongUp,WeakUp,Neutral,StrongUp,StrongUp,Dry,Neutral,VeryWet,VeryWet,PC,PC,PC,Cloudy,,,Other,,Weak,Weak,,DecCapIncIns,Decreasing,StrongPos,Increasing,XNIL,Jul2_Jul15,A,AB,PartInhibit,LessThanAve,LessThanAve,ABI,N5GtLIGt_8,Stability,Average,MoreUnstable,ACEFK,,Unfavorable,Slight,A,SVR,SVR,SVR,LowMtsHighPl,Stable,Average,Steep,MarkedUpper,DryMMoistL,DenvCyclone,LittleChange,Other,SWQuad,Westerly,DenvCyclone
StrongUp,Neutral,Down,WeakUp,WeakUp,Wet,Neutral,Neutral,Dry,Clear,Cloudy,Clear,Clear,Strong,Strong,StrongWest,Strong,,Weak,Marked,LittleChange,LittleChange,WeakPos,LittleChange,SIG,Aug20_Sep15,G,CThruK,Stifling,Average,Average,G,N5GtLIGt_8,Stability,LessUnstable,LessUnstable,GJ,PartInhibit,Moderate,Moderate,G,XNIL,XNIL,SIG,LowEvrywhere,Steep,Dry,CloseToDryAd,MarkedUpper,Other,DryLine,PosToNeg,,NWQuad,Westerly,SEQuad
WeakUp,Neutral,Down,Down,Down,Neutral,Neutral,Dry,Dry,Cloudy,Clear,Cloudy,PC,Weak,Strong,DCVZFavor,Weak,,Weak,Marked,IncCapDecIns,Increasing,WeakPos,Increasing,SVR,May15_Jun14,A,AB,PartInhibit,LessThanAve,Average,ABI,N1GtLIGt_4,Stability,LessUnstable,MoreUnstable,ACEFK,Stifling,Moderate,Slight,A,SVR,SVR,SVR,HighEvrywher,ModerateOrLe,VeryMoist,Steep,MarkedUpper,Other,E_W_S,PosToNeg,QStationary,SWQuad,Westerly,DenvCyclone
Down,Down,Down,Down,Down,Neutral,Dry,Wet,Neutral,Clear,PC,Cloudy,Cloudy,Weak,Strong,DCVZFavor,Weak,Strong,Strong,Marked,IncCapDecIns,Increasing,Negative,LittleChange,SIG,Aug11_Aug20,I,CThruK,PartInhibit,LessThanAve,MoreThanAve,ABI,N1GtLIGt_4,Stability,LessUnstable,LessUnstable,HI,Stifling,Moderate,,I,SIG,SIG,SIG,LowMtsHighPl,Steep,Average,CloseToDryAd,NoMajor,DryMMoistL,MovingFtorOt,SigPositive,Moving,LV,Westerly,E_NE
Neutral,Down,Neutral,Neutral,Neutral,Neutral,Wet,Wet,Wet,Clear,PC,PC,PC,,Strong,Westerly,Weak,Weak,Strong,Marked,IncCapDecIns,Increasing,WeakPos,Increasing,XNIL,Jul2_Jul15,G,CThruK,,LessThanAve,Average,G,N1GtLIGt_4,Stability,Average,MoreUnstable,GJ,TotalInhibit,Moderate,,G,XNIL,XNIL,XNIL,LowAtStation,CloseToDryAd,Dry,CloseToDryAd,MarkedUpper,Other,,NegToPos,Other,SWQuad,Westerly,LV
StrongUp,WeakUp,StrongUp,StrongUp,StrongUp,Wet,Neutral,Neutral,Wet,PC,PC,PC,Cloudy,Weak,Strong,Westerly,Strong,,Weak,Marked,DecCapIncIns,Decreasing,Neutral,Decreasing,SVR,May15_Jun14,D,CThruK,PartInhibit,Average,LessThanAve,CDEJ,LIGt0,Stability,LessUnstable,LessUnstable,D,PartInhibit,Strong,Moderate,D,XNIL,XNIL,SVR,LowMtsHighPl,CloseToDryAd,Average,CloseToDryAd,StrongFront,DryMMoistL,,NegToPos,,NWQuad,Westerly,SEQuad
StrongUp,StronUp,Neutral,StrongUp,StrongUp,Neutral,Dry,Dry,Wet,PC,PC,Clear,PC,Strong,Strong,Westerly,Strong,,Strong,Marked,DecCapIncIns,Decreasing,Neutral,LittleChange,SIG,Jun15_Jul1,K,CThruK,PartInhibit,Average,LessThanAve,K,N1GtLIGt_4,Instability,Average,MoreUnstable,ACEFK,,Moderate,Slight,K,XNIL,XNIL,SIG,Other,Steep,Dry,Steep,StrongFront,DryMMoistL,Other,NegToPos,,AllElse,LVorOther,LongAnticyc
StrongUp,WeakUp,Down,WeakUp,WeakUp,VeryWet,Neutral,VeryWet,VeryWet,Clear,Clear,Clear,PC,Weak,Strong,StrongWest,Strong,,Strong,Marked,IncCapDecIns,Increasing,Neutral,LittleChange,SVR,May15_Jun14,B,AB,PartInhibit,LessThanAve,Average,ABI,N1GtLIGt_4,Stability,LessUnstable,LessUnstable,B,,Moderate,Moderate,B,SVR,SVR,SVR,LowEvrywhere,Steep,Average,Steep,NoMajor,Other,DenvCyclone,PosToNeg,,LV,Westerly,DenvCyclone
Down,Neutral,Down,Down,Down,Neutral,VeryWet,Dry,Dry,Clear,PC,Clear,Clear,Strong,Strong,Westerly,Strong,Weak,Weak,Some,LittleChange,LittleChange,Negative,Decreasing,SVR,May15_Jun14,D,CThruK,PartInhibit,LessThanAve,LessThanAve,CDEJ,N1GtLIGt_4,Stability,LessUnstable,LessUnstable,D,,Weak,Moderate,D,SVR,SVR,SVR,LowSHighN,Steep,Dry,Steep,OtherRapid,Other,DenvCyclone,PosToNeg,,AllElse,Westerly,LV
Neutral,Neutral,Down,Down,Down,Neutral,Dry,Wet,Neutral,PC,Clear,Clear,Clear,,Weak,StrongWest,,,Weak,,IncCapDecIns,Increasing,Neutral,LittleChange,SIG,Jul16_Aug10,B,AB,TotalInhibit,Average,Average,ABI,N5GtLIGt_8,Stability,Average,MoreUnstable,B,PartInhibit,Weak,,B,XNIL,XNIL,SIG,LowNHighS,Steep,Average,Steep,OtherRapid,DryMMoistL,DenvCyclone,LittleChange,Other,SWQuad,LVorOther,E_NE
StrongUp,Neutral,StrongUp,StrongUp,StrongUp,VeryWet,Wet,VeryWet,VeryWet,Clear,Clear,Clear,PC,Strong,Strong,StrongWest,Strong,Weak,Strong,Marked,LittleChange,LittleChange,Negative,Decreasing,SVR,May15_Jun14,B,AB,PartInhibit,LessThanAve,LessThanAve,ABI,N1GtLIGt_4,Stability,LessUnstable,LessUnstable,B,Stifling,Moderate,Slight,B,XNIL,XNIL,SVR,LowEvrywhere,Steep,Dry,CloseToDryAd,OtherRapid,DryMMoistL,E_W_S,SigNegative,Other,AllElse,LVorOther,DenvCyclone
WeakUp,Down,Neutral,Neutral,Neutral,Neutral,Neutral,Dry,Neutral,Clear,PC,Clear,Clear,Weak,Weak,Other,,,,,IncCapDecIns,Increasing,Negative,Decreasing,SIG,May15_Jun14,A,AB,PartInhibit,MoreThanAve,MoreThanAve,ABI,N1GtLIGt_4,Stability,LessUnstable,LessUnstable,ACEFK,PartInhibit,Unfavorable,,A,XNIL,XNIL,SIG,LowMtsHighPl,ModerateOrLe,Average,Steep,OtherRapid,DryMMoistL,DenvCyclone,PosToNeg,Other,SWQuad,Westerly,SEQuad
StrongUp,Neutral,Neutral,WeakUp,WeakUp,Dry,VeryWet,Neutral,Wet,Cloudy,PC,Cloudy,Cloudy,Strong,Strong,Other,,Weak,,Marked,LittleChange,LittleChange,Negative,Decreasing,SIG,Jul16_Aug10,J,CThruK,Stifling,MoreThanAve,MoreThanAve,CDEJ,LIGt0,Stability,LessUnstable,LessUnstable,GJ,,Unfavorable,,J,XNIL,XNIL,SIG,HighEvrywher,ModerateOrLe,Average,Steep,NoMajor,MoistMDryL,DryLine,LittleChange,,LV,LVorOther,LV
Down,WeakUp,WeakUp,Neutral,Neutral,Wet,Dry,Wet,Wet,PC,PC,PC,PC,Weak,Strong,Westerly,Strong,,Strong,Marked,IncCapDecIns,Increasing,WeakPos,Increasing,SIG,Jul16_Aug10,B,AB,PartInhibit,Average,MoreThanAve,ABI,N1GtLIGt_4,Neutral,MoreUnstable,MoreUnstable,B,,Moderate,Strong,B,SVR,SVR,SVR,LowEvrywhere,ModerateOrLe,Average,CloseToDryAd,NoMajor,Other,MovingFtorOt,NegToPos,Other,NWQuad,LVorOther,DenvCyclone
StrongUp,WeakUp,Neutral,WeakUp,WeakUp,Dry,Neutral,VeryWet,VeryWet,Clear,Clear,Clear,PC,Weak,Strong,StrongWest,Strong,Weak,Weak,Marked,DecCapIncIns,Decreasing,Neutral,LittleChange,SVR,May15_Jun14,H,CThruK,Stifling,Average,Average,H,N1GtLIGt_4,Stability,Average,Average,HI,PartInhibit,Unfavorable,Slight,H,XNIL,XNIL,SVR,HighEvrywher,Stable,VeryMoist,CloseToDryAd,MarkedUpper,Other,,NegToPos,,NWQuad,LVorOther,E_NE
Neutral,Neutral,Down,Neutral,Neutral,Dry,Neutral,Neutral,Neutral,Clear,Clear,Clear,Clear,Strong,Strong,Westerly,,,,,IncCapDecIns,Increasing,Negative,LittleChange,SVR,Aug20_Sep15,G,CThruK,Stifling,Average,MoreThanAve,G,LILt_8,Stability,MoreUnstable,MoreUnstable,GJ,Stifling,Moderate,Slight,G,XNIL,XNIL,SVR,LowEvrywhere,CloseToDryAd,Dry,CloseToDryAd,StrongFront,MoistMDryL,,NegToPos,,AllElse,Westerly,WidespdDnsl
WeakUp,StronUp,Neutral,WeakUp,WeakUp,Dry,Wet,VeryWet,VeryWet,Clear,Clear,Clear,Clear,Weak,Strong,StrongWest,Strong,,Weak,Marked,LittleChange,LittleChange,Negative,Decreasing,SVR,Aug20_Sep15,D,CThruK,PartInhibit,Average,Average,CDEJ,N1GtLIGt_4,Stability,LessUnstable,LessUnstable,D,,Weak,Slight,D,SVR,SVR,SVR,LowAtStation,Steep,Average,ModerateOrLe,OtherRapid,DryMMoistL,DryLine,SigNegative,Other,AllElse,Westerly,SEQuad
WeakUp,Neutral,WeakUp,WeakUp,WeakUp,Neutral,VeryWet,Neutral,Wet,PC,Clear,Clear,PC,Weak,Weak,Westerly,Weak,,Strong,,LittleChange,LittleChange,Neutral,Decreasing,SIG,Aug20_Sep15,J,CThruK,PartInhibit,MoreThanAve,MoreThanAve,CDEJ,N1GtLIGt_4,Instability,Average,Average,GJ,,Moderate,Strong,J,XNIL,XNIL,SIG,Other,CloseToDryAd,Dry,Steep,NoMajor,MoistMDryL,DryLine,LittleChange,Other,LV,LVorOther,LV
StrongUp,Neutral,Down,Neutral,Neutral,Wet,Dry,Neutral,Neutral,Clear,Clear,Clear,Clear,Strong,Strong,DCVZFavor,Weak,Weak,Weak,Some,DecCapIncIns,Decreasing,Neutral,Decreasing,SIG,Jul2_Jul15,J,CThruK,Stifling,MoreThanAve,LessThanAve,CDEJ,N1GtLIGt_4,Stability,LessUnstable,LessUnstable,GJ,,Weak,Strong,J,SIG,SIG,SIG,LowAtStation,ModerateOrLe,Average,CloseToDryAd,NoMajor,MoistMDryL,DryLine,LittleChange,Other,LV,LVorOther,LV
WeakUp,Neutral,Neutral,Neutral,Neutral,Neutral,VeryWet,Neutral,Neutral,PC,PC,Cloudy,PC,Strong,Strong,StrongWest,Strong,Strong,Strong,Marked,IncCapDecIns,Increasing,WeakPos,Decreasing,SIG,Jul16_Aug10,I,CThruK,,LessThanAve,LessThanAve,ABI,N1GtLIGt_4,Instability,Average,Average,HI,,Weak,Slight,I,XNIL,XNIL,SIG,LowSHighN,ModerateOrLe,Average,CloseToDryAd,OtherRapid,DryMMoistL,E_W_N,PosToNeg,Moving,SWQuad,Westerly,LongAnticyc
StrongUp,Down,StrongUp,StrongUp,StrongUp,Neutral,VeryWet,Neutral,VeryWet,PC,PC,PC,Cloudy,Strong,Strong,StrongWest,Strong,,Strong,Marked,IncCapDecIns,Increasing,Negative,Decreasing,SIG,Aug20_Sep15,K,CThruK,PartInhibit,LessThanAve,LessThanAve,K,LIGt0,Stability,LessUnstable,LessUnstable,ACEFK,,Weak,Slight,K,XNIL,XNIL,SIG,Other,Steep,VeryMoist,CloseToDryAd,MarkedUpper,DryMMoistL,,SigPositive,Moving,AllElse,LVorOther,SEQuad
Down,Neutral,WeakUp,Neutral,Neutral,Neutral,VeryWet,Wet,Wet,PC,Clear,Clear,Clear,Strong,Strong,StrongWest,Strong,Strong,Strong,Some,LittleChange,LittleChange,Negative,Decreasing,XNIL,Aug20_Sep15,J,CThruK,Stifling,Average,Average,CDEJ,N5GtLIGt_8,Instability,MoreUnstable,MoreUnstable,GJ,PartInhibit,Moderate,,J,XNIL,XNIL,XNIL,LowMtsHighPl,Steep,Dry,Steep,NoMajor,DryMMoistL,DryLine,LittleChange,,AllElse,LVorOther,LV
Down,StronUp,WeakUp,Neutral,Neutral,Wet,Wet,Wet,Neutral,PC,Cloudy,Cloudy,Cloudy,Weak,Strong,Westerly,Weak,Weak,Weak,Some,LittleChange,LittleChange,WeakPos,Increasing,XNIL,Aug20_Sep15,H,CThruK,PartInhibit,Average,Average,H,N1GtLIGt_4,Stability,MoreUnstable,MoreUnstable,HI,PartInhibit,Unfavorable,,H,SIG,SIG,SIG,Other,ModerateOrLe,VeryMoist,ModerateOrLe,MarkedUpper,DryMMoistL,MovingFtorOt,SigNegative,,AllElse,Westerly,E_NE
Neutral,Down,StrongUp,Neutral,Neutral,Dry,Neutral,VeryWet,VeryWet,Clear,PC,PC,Cloudy,,,Other,,Weak,Weak,,DecCapIncIns,Decreasing,Neutral,LittleChange,XNIL,Jul16_Aug10,F,CThruK,,LessThanAve,LessThanAve,F,N1GtLIGt_4,Neutral,LessUnstable,LessUnstable,ACEFK,,Weak,Slight,F,XNIL,XNIL,XNIL,HighEvrywher,ModerateOrLe,VeryMoist,ModerateOrLe,NoMajor,Other,,LittleChange,,LV,LVorOther,E_NE
Neutral,Down,Neutral,Neutral,Neutral,Neutral,Neutral,Neutral,Neutral,PC,PC,PC,PC,,,Other,,Weak,Weak,,DecCapIncIns,Decreasing,WeakPos,LittleChange,XNIL,Aug20_Sep15,A,AB,PartInhibit,Average,Average,ABI,N5GtLIGt_8,Instability,MoreUnstable,MoreUnstable,ACEFK,PartInhibit,Moderate,Moderate,A,SIG,SIG,SIG,HighEvrywher,Stable,Average,ModerateOrLe,MarkedUpper,Other,MovingFtorOt,NegToPos,,SWQuad,Westerly,DenvCyclone
WeakUp,Neutral,Neutral,Neutral,Neutral,VeryWet,Dry,Neutral,Neutral,PC,Cloudy,PC,PC,Weak,Strong,Westerly,Strong,,Weak,Some,IncCapDecIns,Increasing,StrongPos,Increasing,SVR,May15_Jun14,K,CThruK,PartInhibit,Average,MoreThanAve,K,LILt_8,Neutral,MoreUnstable,MoreUnstable,ACEFK,PartInhibit,Weak,,K,XNIL,XNIL,SVR,Other,Steep,Dry,ModerateOrLe,NoMajor,Other,DryLine,SigPositive,Other,NWQuad,LVorOther,WidespdDnsl
Down,StronUp,Neutral,Neutral,Neutral,Neutral,Wet,Neutral,Neutral,Clear,PC,Clear,Clear,,Strong,Other,,,Strong,Marked,LittleChange,LittleChange,Negative,Decreasing,SIG,May15_Jun14,B,AB,PartInhibit,Average,Average,ABI,N1GtLIGt_4,Neutral,LessUnstable,LessUnstable,B,PartInhibit,Weak,Slight,B,SVR,SVR,SVR,LowNHighS,ModerateOrLe,VeryMoist,Steep,OtherRapid,MoistMDryL,DenvCyclone,LittleChange,Other,AllElse,LVorOther,DenvCyclone
WeakUp,StronUp,Neutral,Neutral,Neutral,Neutral,Neutral,Neutral,Neutral,PC,PC,Cloudy,Cloudy,Strong,Strong,DCVZFavor,Strong,Weak,Strong,Marked,LittleChange,LittleChange,WeakPos,LittleChange,SIG,May15_Jun14,E,CThruK,PartInhibit,Average,Average,CDEJ,LILt_8,Instability,MoreUnstable,MoreUnstable,ACEFK,Stifling,Strong,,E,SVR,SVR,SVR,LowNHighS,CloseToDryAd,Dry,Steep,OtherRapid,MoistMDryL,Other,LittleChange,Other,SWQuad,LVorOther,LV
Neutral,Neutral,StrongUp,WeakUp,WeakUp,Dry,Wet,Dry,Neutral,PC,PC,PC,PC,,,Westerly,,,,,DecCapIncIns,Decreasing,StrongPos,Increasing,XNIL,Jul16_Aug10,C,CThruK,PartInhibit,LessThanAve,LessThanAve,CDEJ,N1GtLIGt_4,Stability,Average,Average,ACEFK,PartInhibit,Moderate,,C,XNIL,XNIL,XNIL,LowAtStation,ModerateOrLe,Dry,Steep,OtherRapid,Other,E_W_S,PosToNeg,,NWQuad,LVorOther,WidespdDnsl
Neutral,Neutral,Neutral,Neutral,Neutral,Neutral,VeryWet,Wet,Wet,Clear,Clear,Clear,Clear,,,Other,,Weak,Weak,,LittleChange,LittleChange,Neutral,Increasing,XNIL,Jun15_Jul1,B,AB,Stifling,Average,Average,ABI,N5GtLIGt_8,Stability,Average,Average,B,PartInhibit,Unfavorable,,B,XNIL,XNIL,XNIL,LowSHighN,ModerateOrLe,Average,Steep,NoMajor,Other,DenvCyclone,LittleChange,Other,SWQuad,LVorOther,SEQuad
Down,Down,Down,Down,Down,Dry,Wet,VeryWet,Wet,Cloudy,PC,Cloudy,Cloudy,,Weak,Westerly,,Weak,,Some,IncCapDecIns,Increasing,Negative,Decreasing,XNIL,Jul2_Jul15,B,AB,PartInhibit,LessThanAve,Average,ABI,N1GtLIGt_4,Instability,Average,LessUnstable,B,Stifling,Weak,,B,XNIL,XNIL,XNIL,LowMtsHighPl,Steep,VeryMoist,Steep,NoMajor,DryMMoistL,DenvCyclone,PosToNeg,Other,SWQuad,Westerly,SEQuad
StrongUp,WeakUp,WeakUp,WeakUp,WeakUp,Dry,Dry,Neutral,Neutral,PC,Cloudy,Cloudy,Cloudy,Weak,Strong,StrongWest,,,,Some,IncCapDecIns,Increasing,Negative,Decreasing,SIG,Aug11_Aug20,E,CThruK,PartInhibit,Average,MoreThanAve,CDEJ,N1GtLIGt_4,Instability,MoreUnstable,Average,ACEFK,,Weak,Slight,E,XNIL,XNIL,SIG,HighEvrywher,Steep,Average,Steep,NoMajor,Other,DryLine,SigNegative,,SWQuad,Westerly,WidespdDnsl
WeakUp,StronUp,Neutral,Neutral,Neutral,Neutral,Wet,Neutral,Neutral,PC,PC,PC,PC,Strong,Strong,Westerly,Strong,,Weak,Some,IncCapDecIns,Increasing,Neutral,LittleChange,SIG,May15_Jun14,C,CThruK,PartInhibit,LessThanAve,LessThanAve,CDEJ,N5GtLIGt_8,Instability,Average,MoreUnstable,ACEFK,PartInhibit,Unfavorable,,C,SVR,SVR,SVR,Other,Steep,Dry,Steep,StrongFront,Other,E_W_S,LittleChange,Other,AllElse,Westerly,LongAnticyc
Neutral,Neutral,WeakUp,WeakUp,WeakUp,Neutral,Dry,Neutral,Neutral,PC,PC,Cloudy,Cloudy,,,Westerly,,,,,DecCapIncIns,Decreasing,StrongPos,Decreasing,XNIL,Jul2_Jul15,K,CThruK,PartInhibit,Average,LessThanAve,K,N1GtLIGt_4,Stability,Average,Average,ACEFK,PartInhibit,Weak,Moderate,K,XNIL,XNIL,XNIL,LowNHighS,Stable,Dry,Steep,StrongFront,DryMMoistL,DenvCyclone,NegToPos,QStationary,AllElse,Westerly,WidespdDnsl
WeakUp,Down,Neutral,Down,Down,Wet,VeryWet,VeryWet,Wet,Clear,PC,PC,PC,,Weak,StrongWest,Strong,,Strong,,DecCapIncIns,Decreasing,StrongPos,Increasing,SIG,Aug11_Aug20,G,CThruK,PartInhibit,Average,LessThanAve,G,N5GtLIGt_8,Neutral,Average,Average,GJ,PartInhibit,Moderate,Moderate,G,XNIL,XNIL,SIG,LowEvrywhere,CloseToDryAd,Dry,Steep,NoMajor,MoistMDryL,DryLine,NegToPos,,SWQuad,Westerly,LV
Down,Neutral,Neutral,Down,Down,Dry,VeryWet,Neutral,Dry,Clear,PC,Clear,Clear,Strong,Strong,Westerly,Strong,Weak,Weak,Some,LittleChange,LittleChange,WeakPos,LittleChange,SIG,Jun15_Jul1,E,CThruK,PartInhibit,Average,Average,CDEJ,N1GtLIGt_4,Stability,LessUnstable,LessUnstable,ACEFK,PartInhibit,Moderate,Slight,E,XNIL,XNIL,SIG,LowMtsHighPl,CloseToDryAd,Dry,ModerateOrLe,NoMajor,MoistMDryL,DryLine,NegToPos,,AllElse,Westerly,LV
StrongUp,Neutral,Neutral,WeakUp,WeakUp,Dry,Wet,Neutral,Dry,PC,Clear,Clear,Clear,,Weak,DCVZFavor,Weak,Weak,Strong,,IncCapDecIns,Increasing,WeakPos,Increasing,XNIL,Aug20_Sep15,F,CThruK,PartInhibit,Average,MoreThanAve,F,LILt_8,Stability,MoreUnstable,MoreUnstable,ACEFK,PartInhibit,Moderate,,F,XNIL,XNIL,XNIL,HighEvrywher,Steep,VeryMoist,ModerateOrLe,NoMajor,Other,Other,SigPositive,,AllElse,LVorOther,LV
WeakUp,Neutral,WeakUp,WeakUp,WeakUp,VeryWet,Wet,VeryWet,VeryWet,PC,Clear,Clear,Clear,Weak,Strong,DCVZFavor,Strong,,Strong,Marked,DecCapIncIns,Decreasing,WeakPos,Increasing,SVR,Aug11_Aug20,C,CThruK,PartInhibit,LessThanAve,LessThanAve,CDEJ,N5GtLIGt_8,Stability,LessUnstable,Average,ACEFK,,Strong,Strong,C,SVR,SVR,SVR,LowAtStation,CloseToDryAd,Average,CloseToDryAd,OtherRapid,MoistMDryL,E_W_N,LittleChange,Other,NWQuad,Westerly,LongAnticyc
Neutral,Neutral,Down,Neutral,Neutral,Dry,Wet,Neutral,Neutral,Cloudy,Clear,Cloudy,PC,Strong,Strong,DCVZFavor,Weak,,Weak,Marked,IncCapDecIns,Increasing,Negative,LittleChange,SIG,Jun15_Jul1,E,CThruK,,LessThanAve,LessThanAve,CDEJ,N1GtLIGt_4,Neutral,Average,Average,ACEFK,,Moderate,Moderate,E,XNIL,XNIL,SIG,HighEvrywher,ModerateOrLe,Average,ModerateOrLe,NoMajor,MoistMDryL,DryLine,LittleChange,Moving,SWQuad,LVorOther,LV
Down,Down,Neutral,Down,Down,Dry,Wet,VeryWet,Wet,PC,Cloudy,Cloudy,PC,Strong,Strong,StrongWest,Strong,,Weak,Some,IncCapDecIns,Increasing,Negative,LittleChange,SVR,May15_Jun14,I,CThruK,,LessThanAve,MoreThanAve,ABI,N5GtLIGt_8,Instability,MoreUnstable,MoreUnstable,HI,PartInhibit,Strong,Slight,I,XNIL,XNIL,SVR,LowSHighN,Steep,Dry,Steep,NoMajor,Other,E_W_S,PosToNeg,QStationary,LV,LVorOther,E_NE
Down,StronUp,Neutral,Neutral,Neutral,Neutral,VeryWet,Neutral,Neutral,Clear,PC,Clear,Clear,,Weak,StrongWest,Weak,Weak,Weak,,IncCapDecIns,Increasing,Negative,LittleChange,XNIL,Jul2_Jul15,J,CThruK,PartInhibit,Average,MoreThanAve,CDEJ,N5GtLIGt_8,Stability,MoreUnstable,MoreUnstable,GJ,Stifling,Unfavorable,,J,SVR,SVR,SVR,LowAtStation,Steep,Average,Steep,NoMajor,MoistMDryL,DenvCyclone,LittleChange,Moving,LV,LVorOther,LV
Neutral,Neutral,WeakUp,Neutral,Neutral,Neutral,Neutral,Dry,Dry,Clear,Clear,Clear,Clear,Strong,Strong,Westerly,Strong,,Weak,Marked,LittleChange,LittleChange,Neutral,LittleChange,SIG,Aug20_Sep15,G,CThruK,PartInhibit,Average,Average,G,N5GtLIGt_8,Stability,Average,MoreUnstable,GJ,PartInhibit,Unfavorable,,G,XNIL,XNIL,SIG,LowEvrywhere,CloseToDryAd,Dry,CloseToDryAd,MarkedUpper,MoistMDryL,Other,LittleChange,QStationary,NWQuad,Westerly,WidespdDnsl
StrongUp,WeakUp,Neutral,Neutral,Neutral,Neutral,Dry,Dry,Neutral,PC,Clear,Clear,Clear,,,Westerly,,,,,LittleChange,LittleChange,StrongPos,Increasing,XNIL,Aug20_Sep15,B,AB,TotalInhibit,MoreThanAve,MoreThanAve,ABI,N5GtLIGt_8,Instability,MoreUnstable,MoreUnstable,B,Stifling,Moderate,,B,SIG,SIG,SIG,LowNHighS,Steep,VeryMoist,Steep,StrongFront,DryMMoistL,DenvCyclone,PosToNeg,Other,LV,LVorOther,DenvCyclone
Down,Neutral,Down,Down,Down,Wet,Wet,Wet,Neutral,Clear,PC,Clear,Clear,Strong,Strong,StrongWest,Strong,,Strong,Marked,IncCapDecIns,Increasing,Negative,LittleChange,SVR,Jun15_Jul1,C,CThruK,Stifling,MoreThanAve,MoreThanAve,CDEJ,N5GtLIGt_8,Stability,LessUnstable,LessUnstable,ACEFK,,Moderate,Strong,C,SIG,SIG,SVR,LowEvrywhere,CloseToDryAd,Dry,Steep,MarkedUpper,DryMMoistL,E_W_N,SigNegative,Other,NWQuad,Westerly,LongAnticyc
StrongUp,Neutral,Neutral,WeakUp,WeakUp,Neutral,Neutral,Neutral,Wet,PC,Clear,Clear,Clear,Strong,Strong,DCVZFavor,Weak,Weak,,Some,IncCapDecIns,Increasing,Negative,LittleChange,SIG,Aug20_Sep15,E,CThruK,PartInhibit,LessThanAve,MoreThanAve,CDEJ,LIGt0,Stability,LessUnstable,LessUnstable,ACEFK,,Unfavorable,,E,XNIL,SIG,SIG,LowEvrywhere,Steep,Average,ModerateOrLe,NoMajor,MoistMDryL,DryLine,SigPositive,,AllElse,LVorOther,LV
StrongUp,WeakUp,StrongUp,StrongUp,StrongUp,VeryWet,VeryWet,VeryWet,VeryWet,Clear,Clear,Clear,Clear,Weak,Weak,DCVZFavor,Weak,Strong,Strong,Some,DecCapIncIns,Decreasing,WeakPos,LittleChange,SIG,Jun15_Jul1,J,CThruK,PartInhibit,LessThanAve,LessThanAve,CDEJ,N1GtLIGt_4,Stability,Average,Average,GJ,Stifling,Unfavorable,,J,SIG,SIG,SIG,LowNHighS,Steep,Average,Steep,StrongFront,DryMMoistL,DryLine,LittleChange,Other,LV,LVorOther,LV
Neutral,Down,WeakUp,Neutral,Neutral,Dry,Wet,Dry,Dry,PC,Cloudy,PC,Clear,,,Westerly,,Weak,Strong,,DecCapIncIns,Decreasing,Neutral,LittleChange,XNIL,Jun15_Jul1,J,CThruK,PartInhibit,MoreThanAve,LessThanAve,CDEJ,N1GtLIGt_4,Stability,Average,Average,GJ,PartInhibit,Weak,,J,XNIL,XNIL,XNIL,LowMtsHighPl,ModerateOrLe,Average,CloseToDryAd,NoMajor,DryMMoistL,DryLine,LittleChange,,LV,LVorOther,SEQuad
WeakUp,Neutral,Neutral,Neutral,Neutral,Wet,Dry,Neutral,Neutral,PC,PC,PC,PC,Weak,Strong,Other,Weak,Weak,Weak,,LittleChange,LittleChange,Neutral,LittleChange,SIG,Aug20_Sep15,J,CThruK,Stifling,MoreThanAve,MoreThanAve,CDEJ,LIGt0,Instability,MoreUnstable,MoreUnstable,GJ,,Weak,Slight,J,XNIL,XNIL,SIG,LowMtsHighPl,Stable,Average,CloseToDryAd,NoMajor,Other,DryLine,LittleChange,,LV,LVorOther,LV
Neutral,Neutral,StrongUp,WeakUp,WeakUp,Wet,Wet,Wet,Neutral,Clear,Clear,Clear,Clear,Weak,Strong,StrongWest,Strong,Weak,Weak,Marked,LittleChange,LittleChange,Negative,LittleChange,SIG,Jun15_Jul1,B,AB,PartInhibit,LessThanAve,Average,ABI,N5GtLIGt_8,Neutral,Average,MoreUnstable,B,PartInhibit,Weak,Slight,B,SVR,SVR,SVR,LowNHighS,ModerateOrLe,Dry,Steep,NoMajor,Other,DenvCyclone,NegToPos,Other,AllElse,LVorOther,LongAnticyc
StrongUp,Neutral,WeakUp,WeakUp,WeakUp,VeryWet,Neutral,VeryWet,VeryWet,Clear,Clear,Clear,Clear,,Weak,Westerly,,Strong,Weak,Some,IncCapDecIns,Increasing,WeakPos,Increasing,SIG,May15_Jun14,H,CThruK,Stifling,Average,MoreThanAve,H,LILt_8,Instability,Average,MoreUnstable,HI,TotalInhibit,Moderate,Moderate,H,SIG,SIG,SIG,LowMtsHighPl,Stable,VeryMoist,ModerateOrLe,MarkedUpper,DryMMoistL,E_W_N,SigNegative,,AllElse,LVorOther,E_NE
Neutral,WeakUp,Down,Neutral,Neutral,Neutral,Wet,Neutral,Wet,PC,Clear,PC,PC,Weak,Weak,Other,,,,,IncCapDecIns,Increasing,Neutral,LittleChange,XNIL,Aug20_Sep15,K,CThruK,Stifling,MoreThanAve,MoreThanAve,K,N1GtLIGt_4,Neutral,LessUnstable,LessUnstable,ACEFK,,Weak,Strong,K,XNIL,SIG,SIG,Other,ModerateOrLe,Dry,CloseToDryAd,StrongFront,Other,E_W_N,PosToNeg,Moving,AllElse,Westerly,DenvCyclone
Down,StronUp,Down,WeakUp,WeakUp,Dry,Dry,Dry,Dry,Clear,PC,PC,PC,,,StrongWest,,,Weak,,DecCapIncIns,Decreasing,WeakPos,Increasing,XNIL,Jul2_Jul15,I,CThruK,Stifling,MoreThanAve,MoreThanAve,ABI,N1GtLIGt_4,Instability,MoreUnstable,MoreUnstable,HI,,Unfavorable,,I,SVR,SVR,SVR,LowSHighN,ModerateOrLe,Dry,CloseToDryAd,NoMajor,Other,E_W_S,LittleChange,QStationary,LV,Westerly,DenvCyclone
Down,Neutral,Neutral,Down,Down,Neutral,Neutral,Neutral,Dry,Clear,Clear,Clear,Clear,Strong,Strong,StrongWest,Strong,,Weak,Marked,DecCapIncIns,Decreasing,Negative,Decreasing,SIG,Aug20_Sep15,C,CThruK,,LessThanAve,LessThanAve,CDEJ,N1GtLIGt_4,Instability,LessUnstable,LessUnstable,ACEFK,,Moderate,Strong,C,SIG,SVR,SVR,LowEvrywhere,Steep,Dry,ModerateOrLe,OtherRapid,Other,E_W_N,SigPositive,QStationary,NWQuad,Westerly,WidespdDnsl
Neutral,WeakUp,Down,Down,Down,Dry,Dry,Dry,Dry,PC,Cloudy,PC,PC,Strong,Strong,DCVZFavor,Strong,,Weak,Some,IncCapDecIns,Increasing,WeakPos,Increasing,SVR,Jul2_Jul15,H,CThruK,Stifling,MoreThanAve,MoreThanAve,H,N1GtLIGt_4,Stability,MoreUnstable,MoreUnstable,HI,Stifling,Moderate,Slight,H,XNIL,XNIL,SVR,LowMtsHighPl,Stable,Average,CloseToDryAd,MarkedUpper,DryMMoistL,E_W_S,SigPositive,QStationary,LV,LVorOther,SEQuad
WeakUp,Down,StrongUp,WeakUp,WeakUp,Dry,Dry,Neutral,Neutral,PC,PC,PC,PC,,Weak,StrongWest,Strong,Weak,Strong,Some,IncCapDecIns,Increasing,Neutral,LittleChange,XNIL,Aug20_Sep15,B,AB,PartInhibit,Average,MoreThanAve,ABI,N1GtLIGt_4,Instability,MoreUnstable,MoreUnstable,B,Stifling,Strong,Moderate,B,XNIL,XNIL,XNIL,LowAtStation,Steep,VeryMoist,CloseToDryAd,NoMajor,DryMMoistL,,PosToNeg,Other,NWQuad,LVorOther,DenvCyclone
WeakUp,Down,StrongUp,Down,Down,VeryWet,Wet,VeryWet,VeryWet,PC,PC,PC,PC,Weak,Weak,DCVZFavor,Strong,,Weak,Some,IncCapDecIns,Increasing,Neutral,LittleChange,SIG,Aug11_Aug20,K,CThruK,PartInhibit,Average,MoreThanAve,K,N1GtLIGt_4,Stability,Average,Average,ACEFK,PartInhibit,Moderate,Moderate,K,XNIL,XNIL,SIG,Other,Stable,Dry,Steep,StrongFront,DryMMoistL,MovingFtorOt,SigPositive,,SWQuad,Westerly,DenvCyclone
Down,StronUp,Down,Down,Down,Dry,Wet,Wet,Wet,PC,PC,PC,Clear,Strong,Strong,Westerly,Strong,Weak,Weak,Some,IncCapDecIns,Increasing,StrongPos,Increasing,SIG,May15_Jun14,E,CThruK,,LessThanAve,Average,CDEJ,LILt_8,Neutral,MoreUnstable,MoreUnstable,ACEFK,,Unfavorable,Slight,E,XNIL,XNIL,SIG,LowSHighN,ModerateOrLe,Dry,CloseToDryAd,NoMajor,MoistMDryL,DenvCyclone,PosToNeg,Other,AllElse,Westerly,WidespdDnsl
Neutral,Neutral,WeakUp,Neutral,Neutral,Wet,Neutral,Neutral,Neutral,PC,Clear,PC,PC,Weak,Weak,StrongWest,Strong,,Weak,Some,IncCapDecIns,Increasing,StrongPos,Increasing,SIG,Jul16_Aug10,J,CThruK,,LessThanAve,Average,CDEJ,N5GtLIGt_8,Instability,MoreUnstable,MoreUnstable,GJ,,Moderate,Strong,J,SIG,SIG,SIG,LowMtsHighPl,ModerateOrLe,Dry,CloseToDryAd,NoMajor,DryMMoistL,DryLine,LittleChange,Other,LV,LVorOther,SEQuad
StrongUp,Down,Neutral,Down,Down,Wet,Wet,Neutral,Neutral,PC,Clear,Clear,Clear,,,Westerly,,,,,IncCapDecIns,Increasing,StrongPos,Increasing,XNIL,Jul2_Jul15,B,AB,PartInhibit,LessThanAve,LessThanAve,ABI,N1GtLIGt_4,Stability,LessUnstable,Average,B,PartInhibit,Moderate,Moderate,B,SVR,SVR,SVR,HighEvrywher,Stable,VeryMoist,Steep,NoMajor,Other,DenvCyclone,NegToPos,QStationary,AllElse,Westerly,DenvCyclone
Neutral,Down,WeakUp,Down,Down,Neutral,Dry,Dry,Dry,Clear,PC,PC,Clear,Weak,Strong,Other,,Weak,Weak,,LittleChange,LittleChange,Negative,Decreasing,SIG,Jul16_Aug10,B,AB,PartInhibit,LessThanAve,LessThanAve,ABI,N1GtLIGt_4,Stability,Average,LessUnstable,B,,Unfavorable,Slight,B,XNIL,XNIL,SIG,HighEvrywher,CloseToDryAd,Average,Steep,MarkedUpper,DryMMoistL,DenvCyclone,PosToNeg,Other,NWQuad,LVorOther,DenvCyclone
StrongUp,StronUp,Neutral,Neutral,Neutral,Dry,Dry,VeryWet,Wet,PC,PC,Cloudy,Cloudy,Strong,Strong,Other,,Strong,Strong,Some,LittleChange,LittleChange,WeakPos,Increasing,SVR,Aug20_Sep15,F,CThruK,PartInhibit,MoreThanAve,MoreThanAve,F,N1GtLIGt_4,Instability,MoreUnstable,MoreUnstable,ACEFK,PartInhibit,Unfavorable,,F,XNIL,XNIL,SVR,HighEvrywher,ModerateOrLe,VeryMoist,ModerateOrLe,StrongFront,Other,DenvCyclone,LittleChange,,LV,LVorOther,E_NE
Down,StronUp,Neutral,Down,Down,Wet,Wet,Wet,Wet,PC,Clear,Clear,Clear,Weak,Strong,StrongWest,Strong,Strong,Strong,Marked,LittleChange,LittleChange,WeakPos,LittleChange,SVR,Jul16_Aug10,B,AB,PartInhibit,Average,Average,ABI,N1GtLIGt_4,Neutral,LessUnstable,LessUnstable,B,Stifling,Weak,Slight,B,XNIL,XNIL,SVR,LowMtsHighPl,ModerateOrLe,Average,ModerateOrLe,NoMajor,Other,DenvCyclone,LittleChange,Other,LV,LVorOther,DenvCyclone
Down,Neutral,Down,Down,Down,Neutral,Wet,Wet,Dry,PC,Cloudy,PC,PC,Weak,Strong,DCVZFavor,Weak,Strong,Strong,Some,IncCapDecIns,Increasing,Neutral,LittleChange,SIG,Jul16_Aug10,E,CThruK,,LessThanAve,LessThanAve,CDEJ,N5GtLIGt_8,Instability,MoreUnstable,MoreUnstable,ACEFK,PartInhibit,Moderate,Strong,E,XNIL,XNIL,SIG,HighEvrywher,ModerateOrLe,Average,ModerateOrLe,NoMajor,MoistMDryL,Other,LittleChange,,SWQuad,Westerly,LV
Down,Neutral,Down,Down,Down,Dry,VeryWet,VeryWet,Wet,PC,Clear,Clear,Clear,Strong,Strong,Other,,Weak,Weak,Marked,LittleChange,LittleChange,Negative,LittleChange,SVR,Jul16_Aug10,D,CThruK,PartInhibit,Average,Average,CDEJ,N1GtLIGt_4,Stability,LessUnstable,LessUnstable,D,,Unfavorable,,D,XNIL,XNIL,SVR,LowSHighN,CloseToDryAd,Average,Steep,OtherRapid,DryMMoistL,DryLine,NegToPos,Moving,NWQuad,Westerly,WidespdDnsl
StrongUp,Neutral,Neutral,WeakUp,WeakUp,Wet,Neutral,Wet,Wet,PC,Clear,Clear,PC,Strong,Strong,DCVZFavor,Strong,,Weak,Marked,DecCapIncIns,Decreasing,WeakPos,LittleChange,SIG,Jul16_Aug10,D,CThruK,PartInhibit,Average,Average,CDEJ,N1GtLIGt_4,Instability,Average,Average,D,,Weak,Moderate,D,SVR,SVR,SVR,LowSHighN,CloseToDryAd,Dry,CloseToDryAd,MarkedUpper,DryMMoistL,DryLine,SigNegative,Other,AllElse,Westerly,SEQuad
StrongUp,Neutral,Neutral,StrongUp,StrongUp,Neutral,Wet,Neutral,Wet,PC,PC,PC,Cloudy,Weak,Strong,DCVZFavor,Weak,,,Marked,IncCapDecIns,Increasing,Negative,LittleChange,SVR,Jul16_Aug10,A,AB,PartInhibit,LessThanAve,Average,ABI,N1GtLIGt_4,Stability,LessUnstable,LessUnstable,ACEFK,TotalInhibit,Weak,,A,SIG,SIG,SVR,Other,ModerateOrLe,Average,ModerateOrLe,OtherRapid,Other,DenvCyclone,SigNegative,Other,SWQuad,Westerly,DenvCyclone
Neutral,Neutral,Neutral,Neutral,Neutral,Wet,Dry,Dry,Dry,Clear,PC,PC,PC,Strong,Strong,Other,Weak,,Weak,Some,LittleChange,LittleChange,Neutral,Increasing,SVR,Jun15_Jul1,K,CThruK,PartInhibit,Average,Average,K,N1GtLIGt_4,Neutral,Average,MoreUnstable,ACEFK,Stifling,Unfavorable,Slight,K,XNIL,XNIL,SVR,LowNHighS,Stable,Average,ModerateOrLe,StrongFront,Other,MovingFtorOt,SigPositive,,NWQuad,LVorOther,LongAnticyc
Neutral,Down,Neutral,Neutral,Neutral,Wet,Neutral,Neutral,Dry,PC,Clear,PC,PC,,,Westerly,,Strong,Weak,,LittleChange,LittleChange,Neutral,LittleChange,XNIL,Aug11_Aug20,H,CThruK,PartInhibit,Average,Average,H,N1GtLIGt_4,Stability,LessUnstable,LessUnstable,HI,PartInhibit,Moderate,,H,XNIL,XNIL,XNIL,LowMtsHighPl,Stable,VeryMoist,ModerateOrLe,NoMajor,DryMMoistL,MovingFtorOt,NegToPos,Other,SWQuad,LVorOther,E_NE
Neutral,Down,Neutral,Neutral,Neutral,Neutral,Dry,Dry,Neutral,PC,PC,PC,PC,Strong,Strong,StrongWest,Weak,Weak,Weak,Marked,IncCapDecIns,Increasing,StrongPos,Increasing,XNIL,May15_Jun14,B,AB,Stifling,Average,MoreThanAve,ABI,N5GtLIGt_8,Neutral,Average,Average,B,,Weak,Slight,B,SIG,SIG,SIG,LowMtsHighPl,ModerateOrLe,VeryMoist,Steep,NoMajor,Other,DenvCyclone,PosToNeg,,LV,LVorOther,DenvCyclone
WeakUp,Neutral,StrongUp,StrongUp,StrongUp,VeryWet,Neutral,Neutral,Wet,PC,PC,Cloudy,Cloudy,Weak,Weak,DCVZFavor,Strong,,Weak,Some,IncCapDecIns,Increasing,Negative,LittleChange,SIG,May15_Jun14,A,AB,TotalInhibit,Average,Average,ABI,N1GtLIGt_4,Neutral,Average,Average,ACEFK,PartInhibit,Weak,,A,SVR,SVR,SVR,LowAtStation,Stable,VeryMoist,ModerateOrLe,MarkedUpper,DryMMoistL,DenvCyclone,NegToPos,Other,SWQuad,Westerly,LV
Neutral,StronUp,Neutral,WeakUp,WeakUp,Neutral,Wet,Neutral,Neutral,Clear,Clear,Clear,Clear,Strong,Strong,Westerly,Strong,Weak,Weak,Some,IncCapDecIns,Increasing,Neutral,LittleChange,SVR,Jul2_Jul15,E,CThruK,PartInhibit,Average,Average,CDEJ,N1GtLIGt_4,Neutral,MoreUnstable,MoreUnstable,ACEFK,,Moderate,Strong,E,XNIL,XNIL,SVR,LowEvrywhere,Steep,Average,ModerateOrLe,NoMajor,MoistMDryL,DryLine,LittleChange,,SWQuad,LVorOther,DenvCyclone
Down,WeakUp,Down,Down,Down,VeryWet,Dry,Dry,Dry,PC,PC,PC,Clear,Strong,Strong,Westerly,Strong,,Weak,Some,IncCapDecIns,Increasing,Negative,Decreasing,SIG,Jun15_Jul1,C,CThruK,PartInhibit,MoreThanAve,MoreThanAve,CDEJ,N1GtLIGt_4,Stability,LessUnstable,LessUnstable,ACEFK,Stifling,Weak,,C,XNIL,XNIL,SIG,LowEvrywhere,CloseToDryAd,Average,Steep,OtherRapid,Other,E_W_N,SigNegative,QStationary,AllElse,Westerly,LongAnticyc
Down,Down,Neutral,Down,Down,Wet,Dry,Dry,Dry,PC,PC,PC,Clear,,Weak,DCVZFavor,Weak,,,Some,IncCapDecIns,Increasing,Neutral,LittleChange,SIG,Aug20_Sep15,B,AB,Stifling,MoreThanAve,MoreThanAve,ABI,N1GtLIGt_4,Stability,LessUnstable,LessUnstable,B,,Moderate,Strong,B,XNIL,XNIL,SIG,LowAtStation,Steep,Dry,ModerateOrLe,MarkedUpper,DryMMoistL,E_W_S,LittleChange,Other,AllElse,LVorOther,DenvCyclone
StrongUp,Neutral,WeakUp,WeakUp,WeakUp,VeryWet,Neutral,Wet,Wet,Clear,Clear,Clear,PC,,,StrongWest,,Weak,,,DecCapIncIns,Decreasing,Neutral,LittleChange,XNIL,Jul16_Aug10,I,CThruK,PartInhibit,Average,LessThanAve,ABI,N5GtLIGt_8,Neutral,MoreUnstable,MoreUnstable,HI,PartInhibit,Weak,,I,XNIL,XNIL,XNIL,LowSHighN,Steep,Dry,Steep,NoMajor,DryMMoistL,E_W_S,NegToPos,QStationary,AllElse,LVorOther,DenvCyclone
StrongUp,Neutral,StrongUp,StrongUp,StrongUp,Dry,Neutral,Dry,Neutral,Clear,Clear,Clear,PC,Strong,Strong,StrongWest,Strong,,Weak,Marked,IncCapDecIns,Increasing,Neutral,LittleChange,SVR,Jul16_Aug10,B,AB,PartInhibit,LessThanAve,MoreThanAve,ABI,N1GtLIGt_4,Instability,LessUnstable,LessUnstable,B,,Weak,Moderate,B,SVR,SVR,SVR,LowNHighS,Steep,VeryMoist,Steep,NoMajor,DryMMoistL,E_W_N,PosToNeg,Other,AllElse,Westerly,DenvCyclone
Neutral,Down,WeakUp,Down,Down,Neutral,Wet,Neutral,Neutral,PC,Clear,Clear,Clear,Strong,Strong,Westerly,Strong,,Weak,Some,IncCapDecIns,Increasing,Neutral,LittleChange,SIG,Aug20_Sep15,I,CThruK,,LessThanAve,MoreThanAve,ABI,LILt_8,Instability,MoreUnstable,MoreUnstable,HI,,Moderate,Moderate,I,SIG,SIG,SIG,LowSHighN,Steep,Average,ModerateOrLe,StrongFront,Other,E_W_S,LittleChange,QStationary,LV,Westerly,LV
Down,Neutral,Down,Neutral,Neutral,Neutral,VeryWet,Neutral,Neutral,PC,Clear,Clear,Clear,,,Other,,Weak,,,IncCapDecIns,Increasing,Neutral,Increasing,XNIL,Jul16_Aug10,G,CThruK,TotalInhibit,MoreThanAve,MoreThanAve,G,N1GtLIGt_4,Stability,Average,Average,GJ,,Moderate,Moderate,G,XNIL,XNIL,XNIL,LowEvrywhere,CloseToDryAd,Dry,CloseToDryAd,NoMajor,MoistMDryL,DryLine,LittleChange,,NWQuad,LVorOther,LongAnticyc
Down,Neutral,Neutral,Neutral,Neutral,Dry,Wet,VeryWet,VeryWet,Clear,Clear,Clear,Clear,Weak,Strong,Westerly,Strong,,Weak,Some,LittleChange,LittleChange,Neutral,Increasing,SVR,Aug20_Sep15,A,AB,PartInhibit,LessThanAve,LessThanAve,ABI,N5GtLIGt_8,Neutral,Average,Average,ACEFK,PartInhibit,Moderate,Slight,A,SVR,SVR,SVR,LowMtsHighPl,Steep,Average,Steep,MarkedUpper,DryMMoistL,DenvCyclone,PosToNeg,Other,SWQuad,Westerly,DenvCyclone
StrongUp,StronUp,StrongUp,StrongUp,StrongUp,Neutral,VeryWet,VeryWet,VeryWet,PC,Clear,Clear,PC,,Weak,DCVZFavor,,,,Some,LittleChange,LittleChange,Negative,Decreasing,XNIL,May15_Jun14,B,AB,PartInhibit,LessThanAve,LessThanAve,ABI,N1GtLIGt_4,Neutral,Average,LessUnstable,B,Stifling,Weak,,B,SVR,SVR,SVR,LowSHighN,Steep,Average,Steep,NoMajor,Other,DenvCyclone,NegToPos,,NWQuad,LVorOther,DenvCyclone
Down,StronUp,WeakUp,Neutral,Neutral,Dry,Dry,Wet,Wet,PC,Clear,Clear,Clear,Strong,Strong,Westerly,Strong,,Strong,Marked,IncCapDecIns,Increasing,Negative,Decreasing,SIG,Jun15_Jul1,E,CThruK,PartInhibit,Average,MoreThanAve,CDEJ,N1GtLIGt_4,Neutral,Average,LessUnstable,ACEFK,PartInhibit,Unfavorable,,E,SIG,XNIL,SIG,LowSHighN,Steep,Average,CloseToDryAd,OtherRapid,MoistMDryL,DryLine,PosToNeg,,LV,LVorOther,DenvCyclone
WeakUp,StronUp,WeakUp,StrongUp,StrongUp,Wet,VeryWet,VeryWet,VeryWet,PC,Cloudy,PC,Cloudy,,,Other,,Weak,Weak,,IncCapDecIns,Increasing,Negative,LittleChange,XNIL,May15_Jun14,H,CThruK,PartInhibit,MoreThanAve,MoreThanAve,H,N1GtLIGt_4,Stability,Average,Average,HI,Stifling,Moderate,,H,XNIL,XNIL,XNIL,LowMtsHighPl,Stable,Dry,ModerateOrLe,MarkedUpper,DryMMoistL,E_W_S,NegToPos,,NWQuad,LVorOther,E_NE
Neutral,Down,StrongUp,WeakUp,WeakUp,Neutral,Dry,Dry,Neutral,Clear,Cloudy,PC,Cloudy,Strong,Weak,Other,,Weak,,,IncCapDecIns,Increasing,Neutral,LittleChange,SIG,May15_Jun14,C,CThruK,Stifling,Average,Average,CDEJ,N5GtLIGt_8,Stability,LessUnstable,LessUnstable,ACEFK,Stifling,Weak,,C,XNIL,XNIL,SIG,LowAtStation,CloseToDryAd,Average,Steep,MarkedUpper,Other,E_W_N,LittleChange,Other,NWQuad,LVorOther,LongAnticyc
Down,Down,Down,Down,Down,Dry,Neutral,VeryWet,Wet,Clear,PC,PC,PC,Weak,Strong,StrongWest,Strong,Weak,Weak,Marked,IncCapDecIns,Increasing,WeakPos,LittleChange,SVR,Jun15_Jul1,B,AB,Stifling,MoreThanAve,MoreThanAve,ABI,N1GtLIGt_4,Instability,Average,MoreUnstable,B,PartInhibit,Moderate,,B,SVR,SVR,SVR,LowSHighN,CloseToDryAd,VeryMoist,CloseToDryAd,NoMajor,DryMMoistL,DryLine,LittleChange,QStationary,AllElse,LVorOther,DenvCyclone
Neutral,Neutral,Neutral,Neutral,Neutral,Neutral,Wet,Neutral,Neutral,Clear,PC,Clear,Clear,Weak,Strong,StrongWest,Strong,,Weak,Marked,LittleChange,LittleChange,StrongPos,Increasing,SIG,Jun15_Jul1,C,CThruK,,LessThanAve,LessThanAve,CDEJ,N1GtLIGt_4,Stability,LessUnstable,MoreUnstable,ACEFK,PartInhibit,Moderate,Moderate,C,SVR,SVR,SVR,LowEvrywhere,CloseToDryAd,Dry,CloseToDryAd,OtherRapid,Other,E_W_N,SigNegative,Moving,NWQuad,Westerly,LongAnticyc
Neutral,Neutral,WeakUp,WeakUp,WeakUp,Neutral,Neutral,Dry,Neutral,PC,PC,PC,PC,,,Westerly,,Weak,,,IncCapDecIns,Increasing,WeakPos,Increasing,XNIL,Aug11_Aug20,C,CThruK,Stifling,Average,MoreThanAve,CDEJ,LIGt0,Stability,LessUnstable,Average,ACEFK,PartInhibit,Strong,Strong,C,SIG,SIG,SIG,LowEvrywhere,Steep,Average,CloseToDryAd,MarkedUpper,DryMMoistL,E_W_S,SigPositive,Other,AllElse,Westerly,LongAnticyc
Neutral,Neutral,Neutral,Neutral,Neutral,Neutral,Neutral,Neutral,Neutral,PC,PC,PC,PC,Strong,Strong,Westerly,Strong,,Weak,Some,IncCapDecIns,Increasing,WeakPos,Increasing,SIG,Jun15_Jul1,E,CThruK,PartInhibit,MoreThanAve,MoreThanAve,CDEJ,LIGt0,Neutral,MoreUnstable,MoreUnstable,ACEFK,PartInhibit,Weak,,E,XNIL,XNIL,SIG,LowAtStation,Stable,Dry,ModerateOrLe,NoMajor,Other,,SigNegative,,SWQuad,Westerly,LV
Down,WeakUp,Down,Down,Down,Neutral,VeryWet,VeryWet,Wet,PC,Clear,PC,PC,Strong,Strong,Other,Weak,Weak,Weak,Marked,LittleChange,LittleChange,Negative,Decreasing,SIG,Aug20_Sep15,K,CThruK,PartInhibit,Average,Average,K,N1GtLIGt_4,Neutral,MoreUnstable,MoreUnstable,ACEFK,,Moderate,Strong,K,SIG,XNIL,SIG,Other,ModerateOrLe,Dry,ModerateOrLe,MarkedUpper,Other,E_W_N,NegToPos,Other,SWQuad,Westerly,E_NE
Neutral,StronUp,Neutral,WeakUp,WeakUp,Dry,Dry,VeryWet,VeryWet,Clear,Cloudy,Clear,Clear,,Strong,Westerly,Strong,Weak,Strong,Marked,IncCapDecIns,Increasing,Neutral,Increasing,SVR,Aug20_Sep15,K,CThruK,PartInhibit,LessThanAve,MoreThanAve,K,N1GtLIGt_4,Instability,MoreUnstable,MoreUnstable,ACEFK,PartInhibit,Moderate,Slight,K,XNIL,XNIL,SVR,Other,Steep,Dry,ModerateOrLe,StrongFront,Other,MovingFtorOt,SigPositive,,NWQuad,LVorOther,DenvCyclone
Neutral,Neutral,Neutral,Neutral,Neutral,Neutral,Neutral,Neutral,Neutral,PC,PC,Cloudy,Cloudy,Weak,Strong,StrongWest,Weak,,Strong,Marked,LittleChange,LittleChange,Negative,LittleChange,SIG,Aug20_Sep15,E,CThruK,Stifling,Average,Average,CDEJ,N5GtLIGt_8,Instability,MoreUnstable,MoreUnstable,ACEFK,PartInhibit,Moderate,,E,XNIL,XNIL,SIG,LowNHighS,Steep,Average,ModerateOrLe,NoMajor,MoistMDryL,DryLine,LittleChange,,AllElse,Westerly,LV
WeakUp,WeakUp,Neutral,WeakUp,WeakUp,Neutral,Wet,Neutral,Neutral,PC,Clear,Clear,Clear,Strong,Strong,Westerly,Strong,,Weak,Marked,IncCapDecIns,Increasing,Negative,Decreasing,SIG,Aug20_Sep15,K,CThruK,PartInhibit,LessThanAve,LessThanAve,K,N5GtLIGt_8,Instability,MoreUnstable,MoreUnstable,ACEFK,Stifling,Weak,Slight,K,XNIL,XNIL,SIG,LowAtStation,Stable,Average,Steep,OtherRapid,MoistMDryL,,SigNegative,Moving,AllElse,Westerly,WidespdDnsl
Down,Neutral,Neutral,Neutral,Neutral,Dry,VeryWet,Wet,Neutral,PC,PC,PC,PC,Weak,Strong,Other,Weak,Weak,Weak,,DecCapIncIns,Decreasing,Negative,LittleChange,XNIL,Aug20_Sep15,C,CThruK,PartInhibit,Average,Average,CDEJ,N5GtLIGt_8,Stability,Average,Average,ACEFK,PartInhibit,Unfavorable,,C,XNIL,XNIL,XNIL,LowEvrywhere,Steep,Average,CloseToDryAd,OtherRapid,MoistMDryL,E_W_S,SigPositive,Other,NWQuad,LVorOther,LongAnticyc
Neutral,Neutral,Neutral,Neutral,Neutral,Wet,Dry,Wet,VeryWet,PC,PC,PC,Cloudy,,,StrongWest,,Weak,Weak,,LittleChange,LittleChange,Neutral,Increasing,XNIL,May15_Jun14,B,AB,TotalInhibit,MoreThanAve,MoreThanAve,ABI,N1GtLIGt_4,Stability,MoreUnstable,MoreUnstable,B,Stifling,Moderate,Slight,B,XNIL,XNIL,XNIL,LowNHighS,Steep,VeryMoist,Steep,NoMajor,Other,DenvCyclone,PosToNeg,,AllElse,Westerly,DenvCyclone
Neutral,Neutral,Neutral,Neutral,Neutral,Neutral,Neutral,Wet,Wet,PC,PC,PC,Clear,Weak,Weak,Westerly,Weak,Strong,Strong,Some,LittleChange,LittleChange,Negative,Decreasing,SIG,Jul2_Jul15,H,CThruK,PartInhibit,MoreThanAve,MoreThanAve,H,N1GtLIGt_4,Neutral,MoreUnstable,LessUnstable,HI,Stifling,Moderate,Slight,H,XNIL,XNIL,SIG,LowMtsHighPl,ModerateOrLe,Average,Steep,MarkedUpper,DryMMoistL,E_W_S,NegToPos,,NWQuad,LVorOther,E_NE
Down,Down,Neutral,Neutral,Neutral,Neutral,Neutral,Neutral,Neutral,PC,Clear,Clear,Clear,Weak,Strong,Other,Weak,Weak,Weak,Some,DecCapIncIns,Decreasing,Neutral,LittleChange,XNIL,Jul16_Aug10,J,CThruK,PartInhibit,Average,LessThanAve,CDEJ,LIGt0,Instability,MoreUnstable,MoreUnstable,GJ,TotalInhibit,Moderate,,J,XNIL,XNIL,XNIL,LowSHighN,Stable,Dry,Steep,NoMajor,DryMMoistL,E_W_S,NegToPos,,LV,LVorOther,LV
WeakUp,Down,Down,Down,Down,Dry,Neutral,Wet,Wet,Clear,Cloudy,PC,Clear,Weak,Strong,Westerly,Weak,Weak,Weak,Some,LittleChange,LittleChange,Negative,Increasing,SVR,May15_Jun14,B,AB,TotalInhibit,MoreThanAve,MoreThanAve,ABI,N5GtLIGt_8,Stability,Average,Average,B,PartInhibit,Strong,Strong,B,SVR,SIG,SVR,LowSHighN,Steep,VeryMoist,Steep,NoMajor,Other,DenvCyclone,PosToNeg,QStationary,NWQuad,LVorOther,DenvCyclone
StrongUp,Down,Neutral,WeakUp,WeakUp,Neutral,Neutral,Neutral,Wet,PC,PC,PC,PC,Weak,Strong,DCVZFavor,Strong,Weak,Strong,Marked,LittleChange,LittleChange,Neutral,Decreasing,SVR,Jul16_Aug10,G,CThruK,Stifling,MoreThanAve,MoreThanAve,G,N5GtLIGt_8,Stability,Average,LessUnstable,GJ,,Moderate,Moderate,G,XNIL,XNIL,SVR,LowEvrywhere,CloseToDryAd,Average,CloseToDryAd,MarkedUpper,Other,Other,LittleChange,,SWQuad,Westerly,SEQuad
Neutral,Neutral,StrongUp,Neutral,Neutral,VeryWet,Neutral,Wet,Neutral,PC,Clear,PC,PC,,Weak,Westerly,,Weak,,Marked,DecCapIncIns,Decreasing,Neutral,Decreasing,SIG,May15_Jun14,E,CThruK,PartInhibit,LessThanAve,LessThanAve,CDEJ,N1GtLIGt_4,Neutral,Average,LessUnstable,ACEFK,PartInhibit,Weak,Slight,E,XNIL,XNIL,SIG,LowAtStation,ModerateOrLe,Average,ModerateOrLe,NoMajor,MoistMDryL,,LittleChange,Moving,AllElse,LVorOther,LongAnticyc
Neutral,StronUp,StrongUp,StrongUp,StrongUp,Dry,Neutral,Wet,VeryWet,Cloudy,PC,Cloudy,Cloudy,Weak,Strong,StrongWest,Strong,,Weak,Some,DecCapIncIns,Decreasing,WeakPos,Decreasing,SVR,Aug20_Sep15,C,CThruK,PartInhibit,Average,LessThanAve,CDEJ,N1GtLIGt_4,Stability,LessUnstable,LessUnstable,ACEFK,Stifling,Weak,,C,XNIL,XNIL,SVR,Other,Steep,Average,Steep,OtherRapid,MoistMDryL,E_W_N,SigPositive,Moving,NWQuad,Westerly,LongAnticyc
StrongUp,StronUp,WeakUp,StrongUp,StrongUp,Neutral,Neutral,Dry,Neutral,PC,PC,PC,PC,Weak,Weak,StrongWest,Weak,Weak,Weak,Some,LittleChange,LittleChange,WeakPos,Increasing,SIG,Aug20_Sep15,K,CThruK,PartInhibit,Average,Average,K,N1GtLIGt_4,Neutral,LessUnstable,LessUnstable,ACEFK,,Unfavorable,,K,XNIL,XNIL,SIG,LowAtStation,Stable,Average,CloseToDryAd,StrongFront,DryMMoistL,MovingFtorOt,NegToPos,Moving,SWQuad,Westerly,LongAnticyc
WeakUp,Neutral,Down,Neutral,Neutral,Neutral,Neutral,Neutral,Neutral,Clear,PC,Clear,Clear,Weak,Strong,DCVZFavor,Strong,,Weak,Marked,IncCapDecIns,Increasing,StrongPos,Increasing,SIG,Aug20_Sep15,K,CThruK,PartInhibit,Average,Average,K,N5GtLIGt_8,Neutral,Average,MoreUnstable,ACEFK,TotalInhibit,Moderate,,K,XNIL,XNIL,SIG,HighEvrywher,CloseToDryAd,VeryMoist,CloseToDryAd,OtherRapid,Other,MovingFtorOt,SigPositive,QStationary,AllElse,LVorOther,WidespdDnsl
StrongUp,Neutral,StrongUp,StrongUp,StrongUp,Neutral,Neutral,Neutral,VeryWet,Clear,Clear,Clear,Cloudy,Strong,Strong,Other,,Weak,,,IncCapDecIns,Increasing,Negative,Decreasing,SIG,Jul16_Aug10,D,CThruK,PartInhibit,Average,MoreThanAve,CDEJ,N1GtLIGt_4,Stability,LessUnstable,LessUnstable,D,PartInhibit,Weak,Moderate,D,XNIL,SIG,SIG,LowEvrywhere,ModerateOrLe,Dry,Steep,OtherRapid,Other,MovingFtorOt,LittleChange,QStationary,SWQuad,LVorOther,SEQuad
Neutral,Neutral,Neutral,Neutral,Neutral,Neutral,VeryWet,VeryWet,Wet,PC,PC,PC,PC,Strong,Strong,Other,,Weak,,Some,LittleChange,LittleChange,StrongPos,Increasing,SIG,Jun15_Jul1,J,CThruK,PartInhibit,Average,Average,CDEJ,N1GtLIGt_4,Neutral,Average,MoreUnstable,GJ,,Unfavorable,,J,XNIL,XNIL,SIG,LowSHighN,Steep,Average,CloseToDryAd,NoMajor,MoistMDryL,DryLine,LittleChange,,LV,LVorOther,LV
WeakUp,Neutral,Down,Neutral,Neutral,Dry,Neutral,Neutral,Neutral,Cloudy,PC,Cloudy,Cloudy,,,StrongWest,,,Weak,,DecCapIncIns,Decreasing,WeakPos,LittleChange,XNIL,Jun15_Jul1,G,CThruK,,Average,Average,G,LIGt0,Stability,LessUnstable,LessUnstable,GJ,PartInhibit,Strong,Moderate,G,SIG,SIG,SIG,LowAtStation,CloseToDryAd,Dry,CloseToDryAd,NoMajor,MoistMDryL,E_W_N,SigPositive,,NWQuad,LVorOther,LV
WeakUp,Neutral,WeakUp,Neutral,Neutral,Neutral,VeryWet,Neutral,Neutral,Clear,PC,PC,Clear,Strong,Strong,DCVZFavor,Weak,Strong,Strong,Some,LittleChange,LittleChange,Neutral,Increasing,SIG,Jul2_Jul15,D,CThruK,PartInhibit,Average,Average,CDEJ,N5GtLIGt_8,Neutral,Average,MoreUnstable,D,PartInhibit,Weak,,D,SVR,SVR,SVR,LowAtStation,CloseToDryAd,Dry,Steep,StrongFront,MoistMDryL,Other,SigNegative,QStationary,NWQuad,LVorOther,LongAnticyc
WeakUp,Neutral,StrongUp,WeakUp,WeakUp,Dry,Neutral,VeryWet,VeryWet,PC,Cloudy,PC,Cloudy,Weak,Strong,Other,Strong,Weak,Weak,Some,IncCapDecIns,Increasing,WeakPos,Increasing,SIG,May15_Jun14,D,CThruK,Stifling,MoreThanAve,MoreThanAve,CDEJ,N5GtLIGt_8,Neutral,MoreUnstable,MoreUnstable,D,,Weak,,D,XNIL,XNIL,SIG,LowAtStation,CloseToDryAd,Average,CloseToDryAd,OtherRapid,Other,,SigNegative,,NWQuad,Westerly,LongAnticyc
Neutral,Neutral,Neutral,Neutral,Neutral,VeryWet,Wet,VeryWet,VeryWet,PC,Cloudy,Cloudy,PC,,Weak,Westerly,Weak,Weak,Weak,,IncCapDecIns,Increasing,Neutral,Increasing,SIG,Jun15_Jul1,G,CThruK,Stifling,Average,MoreThanAve,G,N5GtLIGt_8,Stability,MoreUnstable,MoreUnstable,GJ,,Strong,Strong,G,SIG,SIG,SIG,LowAtStation,CloseToDryAd,Dry,CloseToDryAd,OtherRapid,MoistMDryL,,LittleChange,,NWQuad,Westerly,LongAnticyc
Down,Down,Down,Down,Down,VeryWet,Wet,Wet,Wet,Clear,PC,Clear,Clear,Weak,Strong,StrongWest,Strong,Weak,Weak,Some,LittleChange,LittleChange,WeakPos,LittleChange,SIG,Aug20_Sep15,K,CThruK,PartInhibit,Average,Average,K,N1GtLIGt_4,Stability,MoreUnstable,MoreUnstable,ACEFK,PartInhibit,Weak,Slight,K,XNIL,XNIL,SIG,LowNHighS,Stable,Dry,Steep,StrongFront,Other,MovingFtorOt,NegToPos,,AllElse,Westerly,WidespdDnsl
Down,Neutral,Down,Down,Down,Wet,Neutral,Neutral,Dry,PC,PC,PC,PC,,,DCVZFavor,,,Weak,,IncCapDecIns,Increasing,Negative,Decreasing,XNIL,Aug11_Aug20,G,CThruK,Stifling,Average,Average,G,N1GtLIGt_4,Neutral,LessUnstable,LessUnstable,GJ,,Moderate,Moderate,G,XNIL,XNIL,XNIL,Other,CloseToDryAd,Dry,CloseToDryAd,NoMajor,MoistMDryL,,NegToPos,,AllElse,Westerly,WidespdDnsl
Down,Down,Neutral,Neutral,Neutral,Dry,Dry,Neutral,Neutral,PC,Cloudy,PC,PC,Strong,Strong,Other,,,,,LittleChange,LittleChange,StrongPos,Increasing,SVR,Aug20_Sep15,D,CThruK,PartInhibit,Average,Average,CDEJ,N1GtLIGt_4,Instability,Average,MoreUnstable,D,Stifling,Strong,Strong,D,XNIL,XNIL,SVR,LowEvrywhere,CloseToDryAd,Dry,Steep,MarkedUpper,DryMMoistL,DryLine,SigNegative,QStationary,SWQuad,LVorOther,DenvCyclone
Down,StronUp,Neutral,WeakUp,WeakUp,VeryWet,Wet,Wet,VeryWet,Cloudy,PC,PC,PC,Weak,Strong,StrongWest,Strong,Weak,Strong,Marked,IncCapDecIns,Increasing,Neutral,Increasing,SVR,Jul16_Aug10,H,CThruK,Stifling,MoreThanAve,MoreThanAve,H,N1GtLIGt_4,Stability,Average,MoreUnstable,HI,,Moderate,Moderate,H,SVR,XNIL,SVR,Other,Stable,Average,Steep,NoMajor,Other,Other,NegToPos,Moving,NWQuad,Westerly,E_NE
Down,Neutral,Down,Down,Down,VeryWet,Neutral,Wet,VeryWet,Clear,Clear,Clear,PC,Strong,Strong,StrongWest,Strong,Strong,Strong,Marked,IncCapDecIns,Increasing,Negative,Increasing,SIG,Jul16_Aug10,C,CThruK,PartInhibit,Average,MoreThanAve,CDEJ,N1GtLIGt_4,Instability,Average,Average,ACEFK,,Unfavorable,,C,XNIL,XNIL,SIG,LowEvrywhere,ModerateOrLe,Dry,ModerateOrLe,NoMajor,MoistMDryL,E_W_S,NegToPos,Other,NWQuad,Westerly,LongAnticyc
StrongUp,StronUp,Neutral,StrongUp,StrongUp,Dry,Neutral,Wet,VeryWet,PC,PC,PC,Cloudy,Weak,Strong,Westerly,Weak,,Strong,Marked,IncCapDecIns,Increasing,WeakPos,Increasing,SVR,Aug20_Sep15,B,AB,PartInhibit,LessThanAve,MoreThanAve,ABI,N1GtLIGt_4,Stability,MoreUnstable,MoreUnstable,B,PartInhibit,Weak,Slight,B,SIG,SIG,SVR,Other,Stable,Dry,Steep,NoMajor,DryMMoistL,MovingFtorOt,SigPositive,Other,SWQuad,LVorOther,DenvCyclone
Down,Down,WeakUp,Neutral,Neutral,VeryWet,Dry,Wet,VeryWet,PC,Clear,Clear,Clear,Weak,Strong,StrongWest,Strong,Weak,Strong,Marked,LittleChange,LittleChange,Negative,Decreasing,SVR,Jul16_Aug10,K,CThruK,PartInhibit,Average,Average,K,N1GtLIGt_4,Instability,LessUnstable,LessUnstable,ACEFK,,Moderate,Moderate,K,XNIL,XNIL,SVR,LowNHighS,Steep,Average,Steep,MarkedUpper,DryMMoistL,MovingFtorOt,PosToNeg,QStationary,SWQuad,Westerly,WidespdDnsl
StrongUp,Down,StrongUp,WeakUp,WeakUp,VeryWet,VeryWet,Wet,Wet,Clear,PC,Clear,Clear,Strong,Strong,DCVZFavor,Strong,Weak,Weak,Marked,DecCapIncIns,Decreasing,WeakPos,LittleChange,SIG,Jul16_Aug10,A,AB,Stifling,LessThanAve,LessThanAve,ABI,N1GtLIGt_4,Neutral,Average,MoreUnstable,ACEFK,PartInhibit,Strong,Strong,A,SVR,SIG,SIG,LowSHighN,Stable,VeryMoist,ModerateOrLe,StrongFront,MoistMDryL,DenvCyclone,SigNegative,Other,SWQuad,Westerly,SEQuad
Down,Neutral,Down,Down,Down,Wet,Neutral,Wet,Neutral,PC,Clear,PC,PC,Strong,Strong,StrongWest,Weak,Strong,Weak,Marked,IncCapDecIns,Increasing,WeakPos,Increasing,XNIL,May15_Jun14,K,CThruK,PartInhibit,LessThanAve,MoreThanAve,K,LIGt0,Stability,Average,MoreUnstable,ACEFK,,Weak,Moderate,K,SIG,SIG,SIG,Other,Steep,Dry,ModerateOrLe,MarkedUpper,DryMMoistL,Other,SigNegative,,AllElse,Westerly,WidespdDnsl
Down,Down,StrongUp,Down,Down,VeryWet,Neutral,Wet,Wet,PC,PC,Cloudy,PC,Weak,Weak,StrongWest,Strong,,Strong,Some,IncCapDecIns,Increasing,Neutral,LittleChange,SIG,Aug20_Sep15,J,CThruK,PartInhibit,MoreThanAve,MoreThanAve,CDEJ,N5GtLIGt_8,Stability,Average,Average,GJ,PartInhibit,Weak,,J,XNIL,XNIL,SIG,LowAtStation,ModerateOrLe,Dry,Steep,NoMajor,MoistMDryL,DryLine,LittleChange,QStationary,LV,LVorOther,LV
StrongUp,Down,Down,Down,Down,VeryWet,Wet,VeryWet,VeryWet,PC,PC,PC,PC,Weak,Strong,Other,Weak,Strong,Strong,,IncCapDecIns,Increasing,Negative,Decreasing,XNIL,May15_Jun14,K,CThruK,Stifling,Average,MoreThanAve,K,N1GtLIGt_4,Stability,Average,LessUnstable,ACEFK,Stifling,Strong,Slight,K,XNIL,XNIL,XNIL,LowNHighS,Steep,VeryMoist,Steep,StrongFront,DryMMoistL,DryLine,PosToNeg,Moving,AllElse,Westerly,WidespdDnsl
WeakUp,StronUp,Neutral,WeakUp,WeakUp,Wet,Dry,Neutral,Neutral,PC,Cloudy,PC,Cloudy,,Weak,Other,,Weak,Weak,,IncCapDecIns,Increasing,WeakPos,Increasing,XNIL,Jul16_Aug10,E,CThruK,Stifling,Average,MoreThanAve,CDEJ,N1GtLIGt_4,Stability,LessUnstable,LessUnstable,ACEFK,,Moderate,Strong,E,XNIL,SIG,SIG,LowEvrywhere,CloseToDryAd,Average,ModerateOrLe,NoMajor,Other,DryLine,LittleChange,,NWQuad,Westerly,WidespdDnsl
WeakUp,WeakUp,Neutral,WeakUp,WeakUp,Neutral,Neutral,Neutral,Wet,Clear,Clear,Clear,Clear,Strong,Strong,Other,Weak,,Weak,Some,IncCapDecIns,Increasing,WeakPos,LittleChange,SIG,May15_Jun14,G,CThruK,PartInhibit,LessThanAve,MoreThanAve,G,N1GtLIGt_4,Neutral,LessUnstable,LessUnstable,GJ,Stifling,Moderate,,G,XNIL,XNIL,SIG,LowNHighS,CloseToDryAd,Dry,CloseToDryAd,NoMajor,MoistMDryL,E_W_S,LittleChange,Other,SWQuad,LVorOther,WidespdDnsl
WeakUp,WeakUp,WeakUp,WeakUp,WeakUp,Neutral,Neutral,Neutral,Neutral,PC,PC,Clear,Clear,,,DCVZFavor,,Weak,,,DecCapIncIns,Decreasing,WeakPos,Decreasing,XNIL,Aug20_Sep15,K,CThruK,Stifling,MoreThanAve,MoreThanAve,K,N1GtLIGt_4,Instability,MoreUnstable,MoreUnstable,ACEFK,,Strong,Moderate,K,XNIL,XNIL,XNIL,HighEvrywher,Stable,Average,ModerateOrLe,OtherRapid,DryMMoistL,DryLine,SigPositive,Moving,NWQuad,Westerly,WidespdDnsl
Down,Neutral,Neutral,Neutral,Neutral,Wet,Neutral,Dry,Neutral,Clear,PC,Cloudy,Cloudy,,,DCVZFavor,,,Weak,,IncCapDecIns,Increasing,Neutral,Increasing,XNIL,Jul16_Aug10,J,CThruK,Stifling,MoreThanAve,MoreThanAve,CDEJ,N5GtLIGt_8,Stability,Average,MoreUnstable,GJ,Stifling,Unfavorable,Slight,J,XNIL,XNIL,XNIL,LowAtStation,ModerateOrLe,Average,Steep,NoMajor,MoistMDryL,DryLine,LittleChange,Other,LV,LVorOther,LV
StrongUp,WeakUp,Down,WeakUp,WeakUp,VeryWet,Wet,VeryWet,VeryWet,Clear,Clear,Clear,PC,Strong,Strong,DCVZFavor,Weak,,Strong,Marked,IncCapDecIns,Increasing,Negative,Decreasing,SVR,Aug20_Sep15,C,CThruK,,Average,MoreThanAve,CDEJ,N5GtLIGt_8,Neutral,LessUnstable,LessUnstable,ACEFK,,Strong,Strong,C,XNIL,XNIL,SVR,LowAtStation,CloseToDryAd,Dry,Steep,OtherRapid,Other,E_W_N,SigNegative,,NWQuad,Westerly,LongAnticyc
StrongUp,Neutral,StrongUp,StrongUp,StrongUp,Wet,Dry,Wet,VeryWet,Clear,PC,PC,Cloudy,,,Westerly,,Weak,Weak,,IncCapDecIns,Increasing,Negative,LittleChange,XNIL,May15_Jun14,G,CThruK,PartInhibit,LessThanAve,MoreThanAve,G,N1GtLIGt_4,Stability,Average,Average,GJ,Stifling,Strong,,G,SIG,SVR,SVR,LowAtStation,CloseToDryAd,Dry,CloseToDryAd,MarkedUpper,Other,Other,LittleChange,,AllElse,Westerly,LongAnticyc
Down,WeakUp,Neutral,Neutral,Neutral,Dry,Dry,VeryWet,VeryWet,Clear,Cloudy,PC,Cloudy,Strong,Strong,Westerly,Weak,,Weak,Marked,IncCapDecIns,Increasing,Neutral,LittleChange,SVR,Jul16_Aug10,I,CThruK,TotalInhibit,MoreThanAve,MoreThanAve,ABI,N5GtLIGt_8,Instability,LessUnstable,LessUnstable,HI,,Weak,Slight,I,XNIL,XNIL,SVR,Other,CloseToDryAd,Dry,ModerateOrLe,NoMajor,Other,MovingFtorOt,NegToPos,Moving,AllElse,Westerly,E_NE
Down,StronUp,Neutral,Neutral,Neutral,Dry,Dry,Neutral,Dry,PC,Cloudy,PC,PC,Weak,Strong,Other,,Weak,Weak,,LittleChange,LittleChange,StrongPos,Increasing,SVR,May15_Jun14,H,CThruK,,Average,Average,H,LILt_8,Instability,MoreUnstable,MoreUnstable,HI,PartInhibit,Moderate,Slight,H,SIG,SIG,SVR,Other,Stable,Average,Steep,MarkedUpper,Other,Other,NegToPos,,LV,LVorOther,LV
Down,Down,Down,Down,Down,Wet,Wet,Neutral,Neutral,PC,Clear,PC,PC,Strong,Strong,StrongWest,Strong,Weak,Weak,Marked,LittleChange,LittleChange,Neutral,Increasing,SVR,May15_Jun14,A,AB,,LessThanAve,LessThanAve,ABI,N1GtLIGt_4,Neutral,Average,Average,ACEFK,,Weak,Strong,A,SIG,SIG,SVR,LowEvrywhere,ModerateOrLe,Average,Steep,StrongFront,DryMMoistL,MovingFtorOt,PosToNeg,Other,SWQuad,Westerly,DenvCyclone
Down,Down,Down,Down,Down,Dry,Neutral,Neutral,Dry,Clear,Clear,Clear,Clear,Strong,Strong,DCVZFavor,Weak,Weak,,Marked,IncCapDecIns,Increasing,Neutral,LittleChange,SVR,Aug20_Sep15,G,CThruK,PartInhibit,LessThanAve,Average,G,LIGt0,Instability,Average,Average,GJ,,Unfavorable,,G,XNIL,XNIL,SVR,LowEvrywhere,CloseToDryAd,Dry,CloseToDryAd,NoMajor,MoistMDryL,,NegToPos,,NWQuad,Westerly,LongAnticyc
StrongUp,StronUp,WeakUp,StrongUp,StrongUp,Neutral,Neutral,Neutral,Wet,PC,PC,PC,PC,Weak,Weak,Westerly,Weak,,Strong,,LittleChange,LittleChange,Negative,Decreasing,SIG,Jun15_Jul1,D,CThruK,Stifling,MoreThanAve,MoreThanAve,CDEJ,N1GtLIGt_4,Stability,MoreUnstable,Average,D,PartInhibit,Weak,,D,XNIL,XNIL,SIG,LowSHighN,CloseToDryAd,Average,CloseToDryAd,OtherRapid,MoistMDryL,DryLine,SigNegative,Moving,NWQuad,Westerly,SEQuad
Neutral,Neutral,StrongUp,WeakUp,WeakUp,Dry,Dry,Neutral,Wet,PC,PC,PC,PC,Strong,Strong,DCVZFavor,Weak,Strong,Weak,Marked,IncCapDecIns,Increasing,WeakPos,Increasing,SIG,Jun15_Jul1,B,AB,PartInhibit,LessThanAve,Average,ABI,N5GtLIGt_8,Instability,MoreUnstable,MoreUnstable,B,PartInhibit,Weak,,B,SIG,SIG,SIG,HighEvrywher,ModerateOrLe,Average,Steep,OtherRapid,Other,DenvCyclone,PosToNeg,Moving,NWQuad,Westerly,E_NE
Neutral,Down,Down,Down,Down,Dry,Wet,Dry,Dry,PC,Clear,PC,PC,Strong,Strong,Westerly,Strong,,Strong,Some,DecCapIncIns,Decreasing,Negative,Decreasing,SIG,May15_Jun14,A,AB,PartInhibit,LessThanAve,LessThanAve,ABI,N1GtLIGt_4,Stability,LessUnstable,LessUnstable,ACEFK,PartInhibit,Moderate,Slight,A,XNIL,XNIL,SIG,Other,ModerateOrLe,Average,Steep,StrongFront,DryMMoistL,DenvCyclone,NegToPos,Other,SWQuad,Westerly,DenvCyclone
StrongUp,StronUp,WeakUp,StrongUp,StrongUp,Dry,Wet,VeryWet,VeryWet,PC,Cloudy,Cloudy,Cloudy,Weak,Strong,Westerly,Strong,Weak,Strong,Some,LittleChange,LittleChange,Neutral,Increasing,SVR,Aug20_Sep15,I,CThruK,PartInhibit,MoreThanAve,MoreThanAve,ABI,N1GtLIGt_4,Stability,MoreUnstable,MoreUnstable,HI,Stifling,Moderate,,I,SVR,SIG,SVR,LowMtsHighPl,ModerateOrLe,VeryMoist,CloseToDryAd,StrongFront,DryMMoistL,MovingFtorOt,LittleChange,QStationary,SWQuad,Westerly,DenvCyclone
Down,Neutral,WeakUp,WeakUp,WeakUp,Neutral,Neutral,Neutral,Neutral,Clear,PC,Clear,Clear,Strong,Strong,Other,Strong,Weak,Strong,Some,LittleChange,LittleChange,WeakPos,LittleChange,SIG,Aug11_Aug20,J,CThruK,TotalInhibit,MoreThanAve,MoreThanAve,CDEJ,N1GtLIGt_4,Instability,MoreUnstable,MoreUnstable,GJ,PartInhibit,Strong,Strong,J,XNIL,XNIL,SIG,LowAtStation,Steep,Dry,Steep,NoMajor,MoistMDryL,Other,LittleChange,Other,LV,LVorOther,LV
WeakUp,WeakUp,Neutral,Neutral,Neutral,Wet,Neutral,Neutral,Neutral,Clear,PC,Clear,Clear,Strong,Strong,StrongWest,Weak,Strong,Weak,Marked,LittleChange,LittleChange,WeakPos,Decreasing,SIG,May15_Jun14,E,CThruK,PartInhibit,Average,Average,CDEJ,N1GtLIGt_4,Instability,MoreUnstable,LessUnstable,ACEFK,PartInhibit,Strong,Moderate,E,SIG,SVR,SVR,LowAtStation,CloseToDryAd,Dry,ModerateOrLe,NoMajor,Other,,LittleChange,,LV,LVorOther,LV
Down,Neutral,WeakUp,Down,Down,Neutral,Dry,Neutral,Neutral,Clear,PC,PC,PC,,,Westerly,,,,,IncCapDecIns,Increasing,Neutral,Increasing,XNIL,Jul16_Aug10,J,CThruK,PartInhibit,Average,MoreThanAve,CDEJ,N5GtLIGt_8,Neutral,Average,MoreUnstable,GJ,Stifling,Moderate,Slight,J,XNIL,XNIL,XNIL,LowAtStation,ModerateOrLe,Average,Steep,NoMajor,MoistMDryL,DryLine,LittleChange,,LV,LVorOther,LV
StrongUp,Neutral,Neutral,WeakUp,WeakUp,Dry,Wet,Dry,Dry,Clear,PC,Clear,PC,,,DCVZFavor,,,Weak,,LittleChange,LittleChange,WeakPos,Increasing,XNIL,Jun15_Jul1,C,CThruK,,LessThanAve,Average,CDEJ,N5GtLIGt_8,Stability,LessUnstable,LessUnstable,ACEFK,Stifling,Strong,Strong,C,SVR,SVR,SVR,LowAtStation,CloseToDryAd,Dry,Steep,StrongFront,Other,E_W_S,SigPositive,Other,AllElse,LVorOther,LV
Down,WeakUp,Down,Down,Down,Neutral,Dry,Dry,Dry,Clear,Clear,Clear,Clear,,,StrongWest,,,Weak,,LittleChange,LittleChange,Neutral,LittleChange,XNIL,Aug20_Sep15,B,AB,PartInhibit,Average,Average,ABI,N5GtLIGt_8,Instability,MoreUnstable,MoreUnstable,B,TotalInhibit,Moderate,Slight,B,XNIL,XNIL,XNIL,HighEvrywher,Steep,VeryMoist,Steep,NoMajor,Other,DenvCyclone,LittleChange,Moving,AllElse,LVorOther,DenvCyclone
WeakUp,StronUp,StrongUp,StrongUp,StrongUp,Dry,Dry,Neutral,Neutral,PC,PC,PC,PC,Weak,Weak,DCVZFavor,Weak,,Weak,Some,DecCapIncIns,Decreasing,Negative,Decreasing,XNIL,Aug20_Sep15,I,CThruK,PartInhibit,Average,Average,ABI,N1GtLIGt_4,Stability,LessUnstable,LessUnstable,HI,TotalInhibit,Moderate,Slight,I,XNIL,XNIL,XNIL,LowSHighN,Steep,VeryMoist,ModerateOrLe,NoMajor,Other,MovingFtorOt,LittleChange,QStationary,LV,LVorOther,LV
Down,StronUp,StrongUp,Down,Down,Wet,Neutral,Neutral,Neutral,Cloudy,PC,Cloudy,Cloudy,,,StrongWest,,,,,DecCapIncIns,Decreasing,StrongPos,Increasing,XNIL,Jul16_Aug10,H,CThruK,PartInhibit,LessThanAve,LessThanAve,H,N1GtLIGt_4,Stability,LessUnstable,Average,HI,Stifling,Weak,,H,XNIL,XNIL,XNIL,HighEvrywher,Stable,VeryMoist,ModerateOrLe,MarkedUpper,Other,MovingFtorOt,SigNegative,,NWQuad,LVorOther,E_NE
StrongUp,Neutral,WeakUp,StrongUp,StrongUp,Wet,Dry,Wet,VeryWet,Clear,PC,Clear,Clear,Weak,Strong,DCVZFavor,Strong,Weak,Strong,Marked,LittleChange,LittleChange,Negative,Decreasing,XNIL,Aug20_Sep15,F,CThruK,,LessThanAve,LessThanAve,F,LIGt0,Stability,LessUnstable,LessUnstable,ACEFK,PartInhibit,Moderate,Moderate,F,XNIL,SIG,SIG,Other,Steep,VeryMoist,ModerateOrLe,NoMajor,Other,DenvCyclone,PosToNeg,,LV,LVorOther,SEQuad
StrongUp,StronUp,Neutral,StrongUp,StrongUp,Neutral,Neutral,Neutral,Wet,Clear,PC,Clear,PC,,Weak,Other,,,,,LittleChange,LittleChange,Neutral,LittleChange,SIG,Jul2_Jul15,G,CThruK,TotalInhibit,MoreThanAve,MoreThanAve,G,N5GtLIGt_8,Stability,Average,Average,GJ,Stifling,Moderate,Slight,G,SIG,SIG,SIG,LowEvrywhere,Steep,Dry,Steep,StrongFront,MoistMDryL,,SigNegative,,SWQuad,Westerly,LongAnticyc
WeakUp,StronUp,StrongUp,StrongUp,StrongUp,Dry,Neutral,Dry,Neutral,Clear,Clear,Clear,PC,Weak,Weak,DCVZFavor,Weak,Strong,Weak,,DecCapIncIns,Decreasing,Neutral,LittleChange,XNIL,May15_Jun14,H,CThruK,Stifling,Average,LessThanAve,H,N1GtLIGt_4,Neutral,Average,Average,HI,PartInhibit,Moderate,,H,XNIL,XNIL,XNIL,LowMtsHighPl,ModerateOrLe,Average,Steep,MarkedUpper,DryMMoistL,,NegToPos,,NWQuad,LVorOther,E_NE
Down,Neutral,StrongUp,Neutral,Neutral,Neutral,Dry,Neutral,Neutral,Clear,PC,Clear,Clear,Weak,Strong,DCVZFavor,Weak,Weak,Strong,Marked,LittleChange,LittleChange,WeakPos,Increasing,SIG,May15_Jun14,E,CThruK,Stifling,Average,Average,CDEJ,N1GtLIGt_4,Stability,MoreUnstable,MoreUnstable,ACEFK,PartInhibit,Weak,Slight,E,SVR,SVR,SVR,LowEvrywhere,CloseToDryAd,Average,ModerateOrLe,NoMajor,MoistMDryL,DryLine,SigPositive,QStationary,SWQuad,Westerly,DenvCyclone
Neutral,Neutral,Neutral,Neutral,Neutral,VeryWet,Dry,VeryWet,VeryWet,PC,Clear,PC,Cloudy,Weak,Weak,DCVZFavor,,,Weak,,IncCapDecIns,Increasing,WeakPos,LittleChange,XNIL,Aug20_Sep15,H,CThruK,TotalInhibit,MoreThanAve,MoreThanAve,H,N5GtLIGt_8,Stability,LessUnstable,LessUnstable,HI,Stifling,Unfavorable,,H,XNIL,XNIL,XNIL,Other,Stable,Average,ModerateOrLe,OtherRapid,DryMMoistL,,LittleChange,,LV,LVorOther,E_NE
Neutral,Down,StrongUp,Neutral,Neutral,Neutral,Wet,Neutral,Neutral,Clear,PC,Clear,PC,Weak,Strong,Westerly,Strong,Weak,Strong,Marked,IncCapDecIns,Increasing,Neutral,LittleChange,SIG,Aug11_Aug20,A,AB,PartInhibit,LessThanAve,Average,ABI,N5GtLIGt_8,Instability,Average,Average,ACEFK,,Strong,Moderate,A,SVR,SVR,SVR,HighEvrywher,Stable,Dry,Steep,StrongFront,DryMMoistL,DenvCyclone,SigNegative,Other,SWQuad,Westerly,DenvCyclone
StrongUp,Neutral,StrongUp,StrongUp,StrongUp,Dry,Wet,VeryWet,VeryWet,Clear,Clear,Clear,Clear,Weak,Strong,Other,,,,,LittleChange,LittleChange,Negative,Decreasing,SIG,Jun15_Jul1,C,CThruK,PartInhibit,Average,Average,CDEJ,N1GtLIGt_4,Neutral,Average,Average,ACEFK,PartInhibit,Moderate,,C,XNIL,XNIL,SIG,LowEvrywhere,Steep,Dry,Steep,NoMajor,MoistMDryL,E_W_N,NegToPos,QStationary,NWQuad,Westerly,WidespdDnsl
WeakUp,Neutral,Neutral,Neutral,Neutral,Neutral,Neutral,Neutral,VeryWet,PC,Clear,Clear,Clear,Strong,Strong,Other,,Weak,,,DecCapIncIns,Decreasing,Neutral,Decreasing,SVR,Aug20_Sep15,H,CThruK,,Average,LessThanAve,H,N1GtLIGt_4,Neutral,LessUnstable,LessUnstable,HI,Stifling,Moderate,Moderate,H,XNIL,XNIL,SVR,LowMtsHighPl,Stable,VeryMoist,ModerateOrLe,NoMajor,DryMMoistL,,SigNegative,,NWQuad,Westerly,E_NE
Neutral,Neutral,WeakUp,Neutral,Neutral,Wet,Dry,Dry,Neutral,PC,PC,PC,PC,,,Westerly,,,,,IncCapDecIns,Increasing,StrongPos,Increasing,XNIL,May15_Jun14,H,CThruK,Stifling,Average,MoreThanAve,H,N5GtLIGt_8,Stability,Average,MoreUnstable,HI,,Strong,Slight,H,SVR,SVR,SVR,HighEvrywher,Stable,Average,ModerateOrLe,MarkedUpper,DryMMoistL,MovingFtorOt,SigNegative,Moving,AllElse,LVorOther,E_NE
Down,Neutral,StrongUp,Neutral,Neutral,Dry,VeryWet,VeryWet,VeryWet,Clear,PC,PC,PC,Weak,Strong,Other,Strong,,Weak,Some,LittleChange,LittleChange,Neutral,Decreasing,SVR,Aug20_Sep15,H,CThruK,PartInhibit,LessThanAve,LessThanAve,H,N1GtLIGt_4,Instability,LessUnstable,LessUnstable,HI,Stifling,Weak,Slight,H,XNIL,XNIL,SVR,LowSHighN,Stable,Average,ModerateOrLe,NoMajor,Other,MovingFtorOt,PosToNeg,Moving,LV,Westerly,E_NE
StrongUp,StronUp,Down,WeakUp,WeakUp,Dry,Neutral,Dry,Dry,Clear,PC,Clear,Clear,Weak,Strong,Westerly,Strong,,Strong,Marked,IncCapDecIns,Increasing,Negative,Decreasing,SVR,Aug20_Sep15,K,CThruK,PartInhibit,Average,Average,K,N1GtLIGt_4,Neutral,LessUnstable,LessUnstable,ACEFK,,Weak,Moderate,K,XNIL,XNIL,SVR,Other,Steep,VeryMoist,Steep,MarkedUpper,DryMMoistL,DryLine,SigNegative,,NWQuad,LVorOther,WidespdDnsl
WeakUp,Neutral,Down,Down,Down,VeryWet,Wet,VeryWet,VeryWet,Clear,Cloudy,Cloudy,Cloudy,Strong,Strong,Other,Weak,Weak,,Some,IncCapDecIns,Increasing,StrongPos,Increasing,SVR,Jul2_Jul15,I,CThruK,PartInhibit,MoreThanAve,MoreThanAve,ABI,N1GtLIGt_4,Instability,LessUnstable,LessUnstable,HI,,Weak,,I,XNIL,XNIL,SVR,LowSHighN,Stable,Dry,CloseToDryAd,OtherRapid,DryMMoistL,E_W_S,PosToNeg,QStationary,SWQuad,LVorOther,SEQuad
Down,WeakUp,Down,Down,Down,Dry,Wet,Dry,Dry,Clear,PC,Clear,Clear,Strong,Strong,StrongWest,Strong,,Strong,Marked,DecCapIncIns,Decreasing,Neutral,Decreasing,SVR,Jul16_Aug10,J,CThruK,PartInhibit,MoreThanAve,MoreThanAve,CDEJ,N1GtLIGt_4,Stability,LessUnstable,LessUnstable,GJ,,Weak,Slight,J,XNIL,XNIL,SVR,LowNHighS,Steep,Dry,ModerateOrLe,NoMajor,DryMMoistL,DryLine,LittleChange,,LV,LVorOther,LongAnticyc
WeakUp,Neutral,StrongUp,WeakUp,WeakUp,Dry,Neutral,Dry,Dry,PC,Clear,Cloudy,Cloudy,Weak,Strong,Westerly,Strong,,Weak,,IncCapDecIns,Increasing,Negative,LittleChange,SIG,Jul16_Aug10,E,CThruK,PartInhibit,Average,MoreThanAve,CDEJ,N1GtLIGt_4,Stability,LessUnstable,LessUnstable,ACEFK,Stifling,Moderate,,E,XNIL,XNIL,SIG,LowNHighS,ModerateOrLe,Dry,Steep,NoMajor,MoistMDryL,,SigPositive,,AllElse,LVorOther,E_NE
StrongUp,StronUp,Neutral,WeakUp,WeakUp,Dry,Neutral,Dry,Dry,PC,PC,PC,PC,Weak,Strong,DCVZFavor,Strong,,Strong,Marked,DecCapIncIns,Decreasing,Neutral,LittleChange,SVR,Aug20_Sep15,D,CThruK,PartInhibit,Average,LessThanAve,CDEJ,N1GtLIGt_4,Neutral,MoreUnstable,MoreUnstable,D,,Moderate,Strong,D,XNIL,SIG,SVR,LowSHighN,CloseToDryAd,Average,Steep,MarkedUpper,MoistMDryL,,SigPositive,Other,AllElse,Westerly,E_NE
Down,StronUp,Down,WeakUp,WeakUp,Wet,Neutral,Neutral,Neutral,PC,PC,PC,PC,Strong,Strong,DCVZFavor,Strong,Weak,Strong,Marked,LittleChange,LittleChange,Negative,LittleChange,SVR,Aug20_Sep15,B,AB,PartInhibit,Average,Average,ABI,N5GtLIGt_8,Neutral,MoreUnstable,MoreUnstable,B,PartInhibit,Strong,Slight,B,SIG,SIG,SVR,LowMtsHighPl,Stable,VeryMoist,ModerateOrLe,OtherRapid,Other,MovingFtorOt,PosToNeg,Other,NWQuad,Westerly,DenvCyclone
Neutral,Neutral,StrongUp,Neutral,Neutral,Wet,Wet,Wet,Wet,PC,Clear,Clear,PC,Weak,Weak,DCVZFavor,Strong,Strong,Strong,Marked,LittleChange,LittleChange,Negative,LittleChange,SIG,May15_Jun14,A,AB,PartInhibit,LessThanAve,LessThanAve,ABI,N1GtLIGt_4,Instability,MoreUnstable,MoreUnstable,ACEFK,PartInhibit,Strong,Moderate,A,SIG,SIG,SIG,LowSHighN,ModerateOrLe,Average,Steep,OtherRapid,DryMMoistL,DenvCyclone,PosToNeg,Moving,SWQuad,Westerly,E_NE
Neutral,Neutral,Neutral,Neutral,Neutral,Neutral,Dry,Dry,Neutral,PC,Clear,Clear,Clear,,Weak,StrongWest,Weak,,Weak,Some,IncCapDecIns,Increasing,WeakPos,LittleChange,XNIL,Jul2_Jul15,I,CThruK,PartInhibit,Average,MoreThanAve,ABI,N5GtLIGt_8,Neutral,Average,Average,HI,PartInhibit,Strong,Strong,I,SIG,SIG,SIG,LowSHighN,CloseToDryAd,VeryMoist,CloseToDryAd,OtherRapid,Other,MovingFtorOt,SigPositive,QStationary,SWQuad,Westerly,E_NE
WeakUp,StronUp,WeakUp,StrongUp,StrongUp,Dry,Dry,Neutral,Neutral,Clear,PC,PC,Cloudy,Strong,Strong,StrongWest,Strong,,Strong,Some,IncCapDecIns,Increasing,Negative,LittleChange,SIG,Jul16_Aug10,K,CThruK,PartInhibit,MoreThanAve,MoreThanAve,K,N1GtLIGt_4,Stability,MoreUnstable,MoreUnstable,ACEFK,,Weak,,K,XNIL,XNIL,SIG,HighEvrywher,Steep,Dry,ModerateOrLe,MarkedUpper,DryMMoistL,MovingFtorOt,SigPositive,Other,NWQuad,Westerly,SEQuad
StrongUp,Down,StrongUp,StrongUp,StrongUp,Dry,Wet,Neutral,VeryWet,Clear,Cloudy,Clear,PC,,,Westerly,,Weak,Weak,,LittleChange,LittleChange,WeakPos,LittleChange,XNIL,May15_Jun14,K,CThruK,PartInhibit,Average,LessThanAve,K,N1GtLIGt_4,Stability,MoreUnstable,MoreUnstable,ACEFK,,Weak,Moderate,K,SVR,SVR,SVR,Other,Steep,Dry,CloseToDryAd,MarkedUpper,DryMMoistL,MovingFtorOt,NegToPos,Moving,NWQuad,Westerly,WidespdDnsl
Down,Neutral,Neutral,Down,Down,Dry,VeryWet,VeryWet,VeryWet,Clear,PC,PC,PC,,Weak,DCVZFavor,Weak,,Weak,Marked,LittleChange,LittleChange,Negative,Decreasing,SIG,Aug20_Sep15,K,CThruK,PartInhibit,Average,Average,K,N1GtLIGt_4,Instability,Average,Average,ACEFK,PartInhibit,Strong,Strong,K,XNIL,XNIL,SIG,LowNHighS,ModerateOrLe,Average,ModerateOrLe,MarkedUpper,DryMMoistL,MovingFtorOt,SigNegative,Moving,AllElse,LVorOther,WidespdDnsl
Neutral,Down,Neutral,Neutral,Neutral,Neutral,VeryWet,Neutral,Neutral,Cloudy,Clear,Cloudy,Cloudy,,,StrongWest,,,,,LittleChange,LittleChange,WeakPos,Increasing,XNIL,Jun15_Jul1,H,CThruK,,LessThanAve,LessThanAve,H,LIGt0,Instability,LessUnstable,Average,HI,PartInhibit,Moderate,Slight,H,XNIL,XNIL,XNIL,LowNHighS,Stable,Average,ModerateOrLe,NoMajor,Other,MovingFtorOt,SigNegative,Moving,NWQuad,LVorOther,E_NE
StrongUp,WeakUp,WeakUp,WeakUp,WeakUp,Neutral,Dry,Dry,Dry,Clear,PC,PC,PC,Strong,Strong,Other,,,,Some,IncCapDecIns,Increasing,StrongPos,Increasing,SVR,Jul16_Aug10,I,CThruK,,Average,MoreThanAve,ABI,N5GtLIGt_8,Stability,Average,Average,HI,PartInhibit,Weak,,I,XNIL,XNIL,SVR,LowSHighN,ModerateOrLe,Average,Steep,NoMajor,DryMMoistL,E_W_S,NegToPos,QStationary,LV,LVorOther,E_NE
Down,Neutral,Neutral,Down,Down,VeryWet,Dry,VeryWet,VeryWet,Clear,PC,Clear,Clear,Weak,Strong,StrongWest,Strong,Weak,Weak,Marked,LittleChange,LittleChange,Neutral,LittleChange,SIG,Jul2_Jul15,K,CThruK,PartInhibit,Average,Average,K,N5GtLIGt_8,Neutral,Average,Average,ACEFK,,Weak,Moderate,K,SVR,SVR,SVR,Other,Stable,VeryMoist,Steep,MarkedUpper,DryMMoistL,,LittleChange,QStationary,AllElse,LVorOther,SEQuad
Neutral,WeakUp,Down,Neutral,Neutral,Neutral,Wet,Neutral,Neutral,PC,Cloudy,PC,PC,Weak,Weak,DCVZFavor,,Strong,Weak,Some,LittleChange,LittleChange,StrongPos,Increasing,XNIL,Jul16_Aug10,E,CThruK,PartInhibit,Average,Average,CDEJ,N5GtLIGt_8,Neutral,Average,Average,ACEFK,PartInhibit,Weak,,E,XNIL,XNIL,XNIL,LowSHighN,CloseToDryAd,Dry,Steep,NoMajor,MoistMDryL,,SigNegative,,SWQuad,Westerly,LV
StrongUp,Neutral,WeakUp,WeakUp,WeakUp,Neutral,VeryWet,Wet,Wet,Cloudy,Cloudy,Cloudy,Cloudy,Weak,Strong,StrongWest,Strong,,Weak,Some,DecCapIncIns,Decreasing,Neutral,Decreasing,SVR,Jun15_Jul1,K,CThruK,PartInhibit,LessThanAve,LessThanAve,K,N1GtLIGt_4,Stability,Average,LessUnstable,ACEFK,PartInhibit,Weak,,K,XNIL,XNIL,SVR,LowEvrywhere,Steep,Dry,ModerateOrLe,OtherRapid,Other,MovingFtorOt,NegToPos,Other,NWQuad,Westerly,WidespdDnsl
Down,Neutral,Neutral,Down,Down,Wet,Wet,Wet,Wet,Clear,PC,PC,Clear,Weak,Strong,DCVZFavor,Weak,Weak,Weak,Marked,IncCapDecIns,Increasing,Negative,LittleChange,SIG,May15_Jun14,H,CThruK,TotalInhibit,MoreThanAve,MoreThanAve,H,N1GtLIGt_4,Instability,Average,Average,HI,PartInhibit,Unfavorable,,H,XNIL,XNIL,SIG,Other,Stable,Average,Steep,MarkedUpper,DryMMoistL,E_W_S,SigNegative,Other,NWQuad,LVorOther,E_NE
WeakUp,Neutral,StrongUp,WeakUp,WeakUp,Wet,Dry,Neutral,Dry,PC,PC,Clear,Clear,Strong,Strong,Westerly,Strong,Strong,Weak,Some,LittleChange,LittleChange,WeakPos,LittleChange,SVR,Jul2_Jul15,F,CThruK,TotalInhibit,MoreThanAve,MoreThanAve,F,N1GtLIGt_4,Stability,LessUnstable,LessUnstable,ACEFK,PartInhibit,Strong,Slight,F,XNIL,XNIL,SVR,HighEvrywher,Stable,VeryMoist,ModerateOrLe,OtherRapid,Other,Other,SigNegative,,LV,LVorOther,DenvCyclone
Neutral,Down,Down,Down,Down,Neutral,VeryWet,VeryWet,Wet,PC,Clear,PC,PC,Strong,Strong,Other,,Weak,Weak,Some,IncCapDecIns,Increasing,StrongPos,Increasing,SIG,Jun15_Jul1,A,AB,PartInhibit,Average,MoreThanAve,ABI,N1GtLIGt_4,Instability,LessUnstable,Average,ACEFK,,Moderate,Moderate,A,XNIL,XNIL,SIG,Other,ModerateOrLe,VeryMoist,CloseToDryAd,MarkedUpper,DryMMoistL,DenvCyclone,SigNegative,QStationary,SWQuad,Westerly,DenvCyclone
StrongUp,StronUp,Neutral,StrongUp,StrongUp,Neutral,Dry,Neutral,Wet,PC,Clear,Clear,PC,Weak,Strong,StrongWest,Strong,Weak,Weak,Marked,LittleChange,LittleChange,Neutral,Increasing,SIG,Jul16_Aug10,F,CThruK,TotalInhibit,MoreThanAve,MoreThanAve,F,N1GtLIGt_4,Neutral,Average,Average,ACEFK,TotalInhibit,Weak,,F,XNIL,XNIL,SIG,HighEvrywher,ModerateOrLe,VeryMoist,Steep,NoMajor,Other,,PosToNeg,,AllElse,LVorOther,SEQuad
Neutral,Neutral,Neutral,Neutral,Neutral,Dry,Neutral,Dry,Dry,PC,PC,PC,PC,Weak,Weak,Westerly,,Strong,Strong,Some,LittleChange,LittleChange,Neutral,LittleChange,SIG,Jul2_Jul15,E,CThruK,PartInhibit,Average,Average,CDEJ,N1GtLIGt_4,Stability,LessUnstable,LessUnstable,ACEFK,,Strong,Moderate,E,SVR,SIG,SIG,Other,ModerateOrLe,Dry,Steep,NoMajor,MoistMDryL,,PosToNeg,,LV,LVorOther,WidespdDnsl
Neutral,Down,Down,Down,Down,Neutral,VeryWet,Neutral,Dry,Clear,Clear,Clear,Clear,Strong,Strong,DCVZFavor,Strong,,Strong,Marked,IncCapDecIns,Increasing,Negative,Decreasing,SVR,Aug11_Aug20,K,CThruK,PartInhibit,LessThanAve,Average,K,N1GtLIGt_4,Stability,MoreUnstable,LessUnstable,ACEFK,PartInhibit,Strong,Strong,K,XNIL,XNIL,SVR,LowSHighN,ModerateOrLe,VeryMoist,ModerateOrLe,MarkedUpper,DryMMoistL,MovingFtorOt,PosToNeg,QStationary,NWQuad,Westerly,DenvCyclone
Neutral,Neutral,Neutral,Neutral,Neutral,Neutral,Neutral,Dry,Neutral,Clear,PC,Clear,Clear,Strong,Strong,Other,Strong,Weak,Strong,Some,DecCapIncIns,Decreasing,Neutral,Decreasing,XNIL,Aug20_Sep15,D,CThruK,Stifling,Average,Average,CDEJ,N5GtLIGt_8,Instability,MoreUnstable,Average,D,,Moderate,Strong,D,SIG,SIG,SIG,LowMtsHighPl,CloseToDryAd,Dry,Steep,OtherRapid,Other,DryLine,SigNegative,Moving,SWQuad,Westerly,LongAnticyc
WeakUp,Down,Down,Down,Down,Neutral,Dry,Wet,Dry,Cloudy,PC,Cloudy,Cloudy,Weak,Strong,StrongWest,Strong,,Weak,Marked,DecCapIncIns,Decreasing,Neutral,LittleChange,SIG,Jul2_Jul15,D,CThruK,PartInhibit,Average,LessThanAve,CDEJ,N1GtLIGt_4,Stability,Average,Average,D,Stifling,Weak,,D,XNIL,XNIL,SIG,LowEvrywhere,Steep,Dry,CloseToDryAd,MarkedUpper,Other,Other,SigPositive,,SWQuad,Westerly,DenvCyclone
StrongUp,Neutral,Neutral,WeakUp,WeakUp,VeryWet,Dry,VeryWet,VeryWet,PC,PC,PC,PC,,Weak,StrongWest,Strong,Weak,Strong,,LittleChange,LittleChange,Neutral,Decreasing,SIG,May15_Jun14,I,CThruK,PartInhibit,MoreThanAve,MoreThanAve,ABI,LIGt0,Neutral,LessUnstable,LessUnstable,HI,TotalInhibit,Weak,,I,XNIL,XNIL,SIG,LowMtsHighPl,ModerateOrLe,Average,Steep,MarkedUpper,Other,Other,SigNegative,QStationary,AllElse,Westerly,DenvCyclone
Down,Neutral,WeakUp,Neutral,Neutral,Neutral,VeryWet,Neutral,Neutral,Cloudy,PC,PC,PC,Strong,Strong,DCVZFavor,Weak,,Weak,Some,IncCapDecIns,Increasing,Negative,LittleChange,SVR,May15_Jun14,C,CThruK,,LessThanAve,Average,CDEJ,N1GtLIGt_4,Neutral,Average,Average,ACEFK,PartInhibit,Weak,,C,XNIL,XNIL,SVR,LowEvrywhere,CloseToDryAd,Dry,ModerateOrLe,StrongFront,Other,E_W_S,PosToNeg,,NWQuad,LVorOther,WidespdDnsl
Neutral,Neutral,Neutral,Neutral,Neutral,Neutral,Neutral,Neutral,Neutral,PC,Clear,PC,PC,,Weak,Other,,Weak,Weak,,LittleChange,LittleChange,Neutral,LittleChange,XNIL,Jul16_Aug10,C,CThruK,Stifling,MoreThanAve,MoreThanAve,CDEJ,N5GtLIGt_8,Stability,Average,Average,ACEFK,Stifling,Weak,,C,XNIL,XNIL,XNIL,LowAtStation,CloseToDryAd,Average,Steep,MarkedUpper,DryMMoistL,E_W_N,SigPositive,Other,LV,Westerly,LongAnticyc
WeakUp,Neutral,WeakUp,Neutral,Neutral,VeryWet,VeryWet,VeryWet,VeryWet,Clear,PC,PC,PC,Weak,Strong,StrongWest,Strong,,Strong,Marked,LittleChange,LittleChange,WeakPos,Increasing,XNIL,Jun15_Jul1,I,CThruK,PartInhibit,LessThanAve,LessThanAve,ABI,N1GtLIGt_4,Instability,MoreUnstable,MoreUnstable,HI,TotalInhibit,Moderate,,I,XNIL,XNIL,XNIL,LowSHighN,Steep,Dry,CloseToDryAd,NoMajor,DryMMoistL,MovingFtorOt,SigNegative,QStationary,SWQuad,Westerly,DenvCyclone
StrongUp,Neutral,StrongUp,WeakUp,WeakUp,Neutral,Neutral,Wet,VeryWet,Clear,Cloudy,Clear,Clear,,,DCVZFavor,,,,,LittleChange,LittleChange,WeakPos,LittleChange,XNIL,Jun15_Jul1,G,CThruK,Stifling,MoreThanAve,MoreThanAve,G,N5GtLIGt_8,Neutral,Average,Average,GJ,PartInhibit,Weak,,G,XNIL,XNIL,XNIL,LowAtStation,CloseToDryAd,Dry,Steep,NoMajor,Other,,PosToNeg,,NWQuad,LVorOther,LongAnticyc
StrongUp,Neutral,Neutral,WeakUp,WeakUp,Dry,Neutral,Wet,Wet,Cloudy,PC,Cloudy,Cloudy,Strong,Strong,StrongWest,Strong,,Strong,Marked,DecCapIncIns,Decreasing,WeakPos,Increasing,SVR,Jul2_Jul15,G,CThruK,Stifling,Average,LessThanAve,G,N5GtLIGt_8,Neutral,MoreUnstable,MoreUnstable,GJ,Stifling,Weak,,G,SIG,SIG,SVR,LowAtStation,CloseToDryAd,Dry,CloseToDryAd,OtherRapid,MoistMDryL,,SigNegative,,AllElse,Westerly,WidespdDnsl
Neutral,Neutral,Down,Neutral,Neutral,Dry,Dry,Dry,Neutral,PC,Clear,Clear,Clear,,Weak,StrongWest,Strong,Weak,Weak,Some,IncCapDecIns,Increasing,WeakPos,Increasing,XNIL,Jul16_Aug10,F,CThruK,PartInhibit,Average,MoreThanAve,F,N5GtLIGt_8,Instability,MoreUnstable,MoreUnstable,ACEFK,PartInhibit,Weak,Moderate,F,XNIL,XNIL,XNIL,HighEvrywher,Steep,VeryMoist,ModerateOrLe,NoMajor,Other,,SigPositive,,LV,LVorOther,LV
Down,StronUp,Neutral,Neutral,Neutral,Dry,Neutral,VeryWet,Wet,Clear,Clear,Clear,Clear,Weak,Strong,DCVZFavor,Weak,Weak,Weak,Marked,LittleChange,LittleChange,StrongPos,Increasing,SVR,May15_Jun14,I,CThruK,,LessThanAve,LessThanAve,ABI,N1GtLIGt_4,Instability,Average,MoreUnstable,HI,,Weak,Slight,I,XNIL,XNIL,SVR,LowSHighN,Steep,VeryMoist,ModerateOrLe,MarkedUpper,DryMMoistL,E_W_N,SigNegative,Moving,SWQuad,Westerly,E_NE
Neutral,StronUp,Neutral,WeakUp,WeakUp,Dry,Neutral,Wet,Neutral,PC,PC,PC,PC,Weak,Weak,DCVZFavor,,Weak,Strong,,LittleChange,LittleChange,Negative,Decreasing,XNIL,Jul16_Aug10,D,CThruK,PartInhibit,LessThanAve,LessThanAve,CDEJ,N5GtLIGt_8,Instability,MoreUnstable,Average,D,Stifling,Unfavorable,,D,XNIL,XNIL,XNIL,LowSHighN,Stable,Average,Steep,OtherRapid,DryMMoistL,,SigNegative,,AllElse,LVorOther,SEQuad
WeakUp,Down,WeakUp,Neutral,Neutral,Wet,Neutral,Wet,Wet,PC,Clear,Clear,Clear,Weak,Strong,Other,,Weak,Strong,Some,DecCapIncIns,Decreasing,Neutral,LittleChange,SIG,Aug20_Sep15,B,AB,PartInhibit,Average,Average,ABI,LILt_8,Neutral,MoreUnstable,MoreUnstable,B,,Weak,Slight,B,XNIL,XNIL,SIG,LowMtsHighPl,Steep,VeryMoist,Steep,OtherRapid,Other,,PosToNeg,QStationary,AllElse,LVorOther,E_NE
Down,StronUp,Neutral,Neutral,Neutral,Wet,VeryWet,VeryWet,VeryWet,Clear,Clear,Clear,Clear,Weak,Strong,DCVZFavor,Weak,,Weak,Marked,IncCapDecIns,Increasing,WeakPos,Increasing,SVR,Aug20_Sep15,D,CThruK,Stifling,Average,MoreThanAve,CDEJ,LIGt0,Instability,MoreUnstable,MoreUnstable,D,,Moderate,Moderate,D,XNIL,XNIL,SVR,LowAtStation,Steep,Dry,Steep,StrongFront,Other,DryLine,SigNegative,Moving,AllElse,Westerly,DenvCyclone
StrongUp,Neutral,StrongUp,StrongUp,StrongUp,Wet,Dry,Wet,VeryWet,PC,PC,PC,Cloudy,Weak,Strong,StrongWest,Strong,Weak,Strong,Marked,IncCapDecIns,Increasing,Negative,Decreasing,XNIL,Aug20_Sep15,D,CThruK,PartInhibit,Average,Average,CDEJ,N5GtLIGt_8,Neutral,LessUnstable,LessUnstable,D,PartInhibit,Moderate,Moderate,D,XNIL,XNIL,XNIL,LowAtStation,CloseToDryAd,Dry,CloseToDryAd,OtherRapid,MoistMDryL,DryLine,PosToNeg,Other,AllElse,Westerly,SEQuad
Down,Neutral,Down,Down,Down,Neutral,Wet,VeryWet,Wet,PC,Clear,PC,PC,Strong,Strong,Westerly,Strong,Weak,Strong,Some,IncCapDecIns,Increasing,StrongPos,Increasing,SVR,Aug20_Sep15,K,CThruK,PartInhibit,Average,MoreThanAve,K,N1GtLIGt_4,Stability,Average,MoreUnstable,ACEFK,Stifling,Moderate,Moderate,K,SVR,SVR,SVR,LowNHighS,Steep,Average,ModerateOrLe,MarkedUpper,DryMMoistL,,SigPositive,Moving,AllElse,LVorOther,LongAnticyc
StrongUp,Neutral,Down,Neutral,Neutral,Wet,VeryWet,VeryWet,VeryWet,PC,Clear,Cloudy,Cloudy,Strong,Strong,Westerly,Strong,Weak,Strong,Some,IncCapDecIns,Increasing,Neutral,Increasing,XNIL,May15_Jun14,I,CThruK,Stifling,Average,MoreThanAve,ABI,N5GtLIGt_8,Stability,Average,Average,HI,,Moderate,Moderate,I,SVR,SVR,SVR,LowSHighN,ModerateOrLe,VeryMoist,CloseToDryAd,OtherRapid,DryMMoistL,E_W_S,LittleChange,QStationary,AllElse,LVorOther,LV
StrongUp,Neutral,Neutral,WeakUp,WeakUp,Neutral,Neutral,Neutral,Wet,PC,PC,PC,Cloudy,,,StrongWest,,,,,LittleChange,LittleChange,Neutral,LittleChange,XNIL,Jun15_Jul1,K,CThruK,TotalInhibit,Average,LessThanAve,K,N5GtLIGt_8,Stability,MoreUnstable,MoreUnstable,ACEFK,,Weak,Slight,K,XNIL,XNIL,XNIL,Other,CloseToDryAd,Average,Steep,StrongFront,MoistMDryL,E_W_N,SigNegative,Other,AllElse,Westerly,WidespdDnsl
Down,StronUp,Down,Down,Down,Wet,Neutral,Neutral,Dry,Clear,Cloudy,PC,Clear,Weak,Weak,Westerly,Weak,Weak,Weak,Some,LittleChange,LittleChange,Neutral,Decreasing,XNIL,Jul2_Jul15,D,CThruK,Stifling,MoreThanAve,MoreThanAve,CDEJ,N1GtLIGt_4,Neutral,Average,LessUnstable,D,Stifling,Moderate,,D,XNIL,XNIL,XNIL,HighEvrywher,CloseToDryAd,Average,Steep,OtherRapid,MoistMDryL,E_W_S,NegToPos,Moving,NWQuad,LVorOther,E_NE
StrongUp,StronUp,Neutral,StrongUp,StrongUp,Wet,Dry,Dry,Dry,Clear,Clear,Clear,Cloudy,Weak,Weak,DCVZFavor,,,Weak,Some,DecCapIncIns,Decreasing,Neutral,LittleChange,XNIL,Aug20_Sep15,B,AB,PartInhibit,LessThanAve,LessThanAve,ABI,N1GtLIGt_4,Stability,LessUnstable,LessUnstable,B,PartInhibit,Moderate,,B,XNIL,XNIL,XNIL,LowMtsHighPl,ModerateOrLe,VeryMoist,Steep,NoMajor,DryMMoistL,DenvCyclone,NegToPos,Other,SWQuad,LVorOther,E_NE
Neutral,StronUp,Neutral,Neutral,Neutral,VeryWet,Neutral,Wet,Wet,Clear,Cloudy,Clear,Clear,Strong,Strong,DCVZFavor,Weak,,Weak,Marked,DecCapIncIns,Decreasing,Negative,Decreasing,SVR,May15_Jun14,K,CThruK,PartInhibit,MoreThanAve,Average,K,N5GtLIGt_8,Stability,LessUnstable,LessUnstable,ACEFK,,Moderate,Strong,K,SIG,SIG,SVR,LowSHighN,Steep,Dry,CloseToDryAd,StrongFront,DryMMoistL,Other,SigPositive,Other,AllElse,Westerly,SEQuad
StrongUp,Down,Down,Down,Down,Dry,VeryWet,VeryWet,Wet,PC,Clear,Clear,Clear,,Weak,Other,,,,Some,LittleChange,LittleChange,WeakPos,LittleChange,XNIL,May15_Jun14,D,CThruK,,LessThanAve,LessThanAve,CDEJ,N1GtLIGt_4,Instability,MoreUnstable,MoreUnstable,D,PartInhibit,Strong,Strong,D,SVR,SVR,SVR,LowSHighN,Steep,VeryMoist,Steep,MarkedUpper,Other,,SigNegative,QStationary,SWQuad,Westerly,DenvCyclone
WeakUp,WeakUp,Neutral,Neutral,Neutral,Dry,Wet,Dry,Neutral,PC,Clear,PC,PC,Weak,Weak,DCVZFavor,,Strong,Weak,Some,IncCapDecIns,Increasing,StrongPos,Increasing,SIG,Jul16_Aug10,E,CThruK,Stifling,MoreThanAve,MoreThanAve,CDEJ,N1GtLIGt_4,Stability,LessUnstable,Average,ACEFK,Stifling,Moderate,,E,XNIL,XNIL,SIG,LowAtStation,Steep,Dry,ModerateOrLe,NoMajor,MoistMDryL,,PosToNeg,QStationary,SWQuad,LVorOther,DenvCyclone
Neutral,Neutral,Neutral,Neutral,Neutral,Wet,Neutral,Wet,VeryWet,Clear,Clear,Clear,Clear,Strong,Strong,DCVZFavor,Strong,,Weak,Marked,IncCapDecIns,Increasing,StrongPos,Increasing,SVR,Jul2_Jul15,G,CThruK,PartInhibit,Average,Average,G,N1GtLIGt_4,Instability,MoreUnstable,MoreUnstable,GJ,PartInhibit,Moderate,Slight,G,SIG,SIG,SVR,LowEvrywhere,CloseToDryAd,Dry,CloseToDryAd,MarkedUpper,MoistMDryL,,SigPositive,,SWQuad,Westerly,LV
Neutral,StronUp,WeakUp,Neutral,Neutral,Wet,Neutral,Wet,VeryWet,PC,PC,PC,PC,,Weak,Other,,,,,IncCapDecIns,Increasing,Neutral,LittleChange,SIG,Jul2_Jul15,J,CThruK,PartInhibit,Average,MoreThanAve,CDEJ,N1GtLIGt_4,Instability,Average,Average,GJ,,Strong,Strong,J,SIG,SIG,SIG,LowEvrywhere,CloseToDryAd,Average,CloseToDryAd,OtherRapid,DryMMoistL,DryLine,LittleChange,Other,LV,LVorOther,LV
Neutral,WeakUp,WeakUp,WeakUp,WeakUp,Dry,Neutral,VeryWet,VeryWet,PC,Cloudy,Cloudy,Cloudy,Strong,Strong,DCVZFavor,Weak,,,Marked,IncCapDecIns,Increasing,WeakPos,Increasing,SIG,Jul16_Aug10,C,CThruK,PartInhibit,Average,MoreThanAve,CDEJ,N1GtLIGt_4,Stability,LessUnstable,Average,ACEFK,,Unfavorable,,C,XNIL,XNIL,SIG,LowEvrywhere,Steep,Average,CloseToDryAd,NoMajor,MoistMDryL,E_W_S,NegToPos,,LV,LVorOther,LongAnticyc
WeakUp,WeakUp,Neutral,Neutral,Neutral,Neutral,Neutral,Neutral,Neutral,Cloudy,Clear,Cloudy,Cloudy,Strong,Strong,StrongWest,Strong,,Weak,Some,LittleChange,LittleChange,Negative,Decreasing,XNIL,May15_Jun14,H,CThruK,TotalInhibit,MoreThanAve,MoreThanAve,H,N1GtLIGt_4,Stability,Average,LessUnstable,HI,PartInhibit,Moderate,,H,XNIL,XNIL,XNIL,LowMtsHighPl,Stable,Average,CloseToDryAd,MarkedUpper,DryMMoistL,,NegToPos,,SWQuad,Westerly,E_NE
WeakUp,Neutral,Neutral,Neutral,Neutral,Dry,VeryWet,Wet,VeryWet,Clear,Cloudy,Clear,Clear,,,StrongWest,,Strong,Strong,,DecCapIncIns,Decreasing,WeakPos,Increasing,XNIL,Jul16_Aug10,E,CThruK,Stifling,MoreThanAve,MoreThanAve,CDEJ,N1GtLIGt_4,Instability,MoreUnstable,MoreUnstable,ACEFK,PartInhibit,Moderate,Slight,E,XNIL,XNIL,XNIL,LowAtStation,CloseToDryAd,Dry,ModerateOrLe,NoMajor,MoistMDryL,,LittleChange,,SWQuad,Westerly,LV
StrongUp,WeakUp,StrongUp,StrongUp,StrongUp,Wet,Dry,Neutral,VeryWet,Clear,PC,Clear,Cloudy,,,StrongWest,,Weak,,,DecCapIncIns,Decreasing,StrongPos,Increasing,XNIL,May15_Jun14,A,AB,PartInhibit,LessThanAve,LessThanAve,ABI,N5GtLIGt_8,Neutral,Average,MoreUnstable,ACEFK,,Moderate,Strong,A,SVR,SVR,SVR,LowMtsHighPl,Steep,Average,CloseToDryAd,OtherRapid,DryMMoistL,E_W_S,NegToPos,Other,SWQuad,Westerly,DenvCyclone
WeakUp,Neutral,Down,Down,Down,Neutral,Dry,Dry,Dry,Clear,PC,Clear,Clear,,Weak,Other,,,Weak,,LittleChange,LittleChange,Neutral,Decreasing,SIG,Jul16_Aug10,E,CThruK,,LessThanAve,LessThanAve,CDEJ,N1GtLIGt_4,Stability,LessUnstable,LessUnstable,ACEFK,Stifling,Unfavorable,,E,SVR,SVR,SVR,LowMtsHighPl,Steep,Average,ModerateOrLe,NoMajor,MoistMDryL,Other,SigPositive,,SWQuad,Westerly,SEQuad
Neutral,WeakUp,Neutral,WeakUp,WeakUp,Neutral,Dry,Dry,Wet,PC,Cloudy,PC,Clear,Weak,Weak,Other,Weak,Weak,Weak,,LittleChange,LittleChange,Negative,LittleChange,SIG,Jul16_Aug10,E,CThruK,PartInhibit,Average,LessThanAve,CDEJ,LILt_8,Neutral,MoreUnstable,MoreUnstable,ACEFK,,Moderate,Moderate,E,SIG,SIG,SIG,LowNHighS,CloseToDryAd,Average,Steep,NoMajor,MoistMDryL,E_W_N,SigNegative,,SWQuad,LVorOther,LV
Down,WeakUp,Down,Down,Down,Neutral,VeryWet,Wet,VeryWet,Clear,PC,Clear,Clear,Strong,Strong,Other,Weak,,Weak,,LittleChange,LittleChange,StrongPos,Increasing,SVR,Jun15_Jul1,A,AB,PartInhibit,Average,Average,ABI,N1GtLIGt_4,Instability,MoreUnstable,MoreUnstable,ACEFK,PartInhibit,Moderate,Slight,A,SVR,SVR,SVR,HighEvrywher,Steep,Average,Steep,OtherRapid,Other,E_W_S,SigNegative,Other,SWQuad,LVorOther,DenvCyclone
Neutral,StronUp,Neutral,StrongUp,StrongUp,Neutral,Neutral,Wet,VeryWet,Clear,PC,Clear,PC,Weak,Strong,Westerly,Weak,Weak,Strong,Marked,IncCapDecIns,Increasing,WeakPos,Increasing,SIG,Jul2_Jul15,A,AB,PartInhibit,LessThanAve,LessThanAve,ABI,N5GtLIGt_8,Neutral,MoreUnstable,MoreUnstable,ACEFK,,Strong,Strong,A,SVR,SVR,SVR,HighEvrywher,ModerateOrLe,VeryMoist,CloseToDryAd,OtherRapid,Other,,SigNegative,Other,SWQuad,Westerly,LV
Neutral,Neutral,Neutral,Neutral,Neutral,Dry,Neutral,Wet,Neutral,PC,Cloudy,Cloudy,Cloudy,Strong,Strong,Other,,,,Some,LittleChange,LittleChange,Neutral,LittleChange,XNIL,Jun15_Jul1,K,CThruK,TotalInhibit,MoreThanAve,MoreThanAve,K,N1GtLIGt_4,Stability,LessUnstable,LessUnstable,ACEFK,,Weak,Slight,K,XNIL,XNIL,XNIL,LowSHighN,ModerateOrLe,Dry,ModerateOrLe,MarkedUpper,Other,,NegToPos,,NWQuad,Westerly,WidespdDnsl
StrongUp,Neutral,Neutral,Neutral,Neutral,Neutral,Neutral,Neutral,Neutral,Cloudy,Cloudy,Cloudy,Cloudy,Strong,Strong,DCVZFavor,Strong,Strong,Strong,Marked,IncCapDecIns,Increasing,Neutral,Increasing,SIG,May15_Jun14,K,CThruK,PartInhibit,Average,MoreThanAve,K,LIGt0,Instability,Average,MoreUnstable,ACEFK,PartInhibit,Moderate,,K,XNIL,XNIL,SIG,LowEvrywhere,ModerateOrLe,Dry,ModerateOrLe,StrongFront,DryMMoistL,,SigNegative,Moving,AllElse,LVorOther,WidespdDnsl
StrongUp,Neutral,Down,StrongUp,StrongUp,Dry,Dry,VeryWet,VeryWet,Clear,Clear,Clear,Clear,Strong,Strong,DCVZFavor,Strong,,Strong,Marked,IncCapDecIns,Increasing,Negative,LittleChange,SIG,Aug20_Sep15,I,CThruK,,Average,MoreThanAve,ABI,N1GtLIGt_4,Stability,LessUnstable,LessUnstable,HI,PartInhibit,Weak,,I,SIG,SIG,SIG,Other,Stable,VeryMoist,CloseToDryAd,MarkedUpper,Other,DenvCyclone,SigNegative,QStationary,LV,LVorOther,DenvCyclone
StrongUp,Neutral,StrongUp,StrongUp,StrongUp,Wet,Wet,Wet,VeryWet,Clear,PC,Clear,Cloudy,Weak,Strong,DCVZFavor,Weak,Weak,Strong,Marked,IncCapDecIns,Increasing,Neutral,Decreasing,SIG,Aug20_Sep15,J,CThruK,Stifling,Average,Average,CDEJ,N1GtLIGt_4,Neutral,MoreUnstable,Average,GJ,,Weak,Moderate,J,SVR,SVR,SVR,LowSHighN,Steep,Average,ModerateOrLe,NoMajor,DryMMoistL,,LittleChange,Other,LV,LVorOther,DenvCyclone
WeakUp,WeakUp,Neutral,Neutral,Neutral,Neutral,Neutral,Neutral,Neutral,PC,PC,PC,PC,Weak,Strong,DCVZFavor,Weak,Weak,Weak,Marked,LittleChange,LittleChange,StrongPos,Increasing,SVR,Jul16_Aug10,J,CThruK,PartInhibit,Average,Average,CDEJ,N1GtLIGt_4,Stability,LessUnstable,Average,GJ,PartInhibit,Unfavorable,,J,XNIL,XNIL,SVR,LowSHighN,Steep,Dry,CloseToDryAd,NoMajor,MoistMDryL,DryLine,LittleChange,Other,LV,LVorOther,SEQuad
Neutral,StronUp,Neutral,WeakUp,WeakUp,Dry,Dry,Wet,Wet,PC,Clear,PC,PC,Strong,Strong,Other,,,,,IncCapDecIns,Increasing,Neutral,LittleChange,SIG,May15_Jun14,G,CThruK,PartInhibit,Average,Average,G,N1GtLIGt_4,Neutral,Average,Average,GJ,,Unfavorable,Slight,G,XNIL,XNIL,SIG,LowEvrywhere,CloseToDryAd,Dry,CloseToDryAd,MarkedUpper,Other,DryLine,SigPositive,,SWQuad,LVorOther,LongAnticyc
Down,Neutral,Down,Down,Down,VeryWet,Neutral,VeryWet,Wet,Clear,Cloudy,Cloudy,Cloudy,Strong,Strong,Westerly,Strong,,Strong,Some,LittleChange,LittleChange,Neutral,LittleChange,SIG,Jul16_Aug10,A,AB,PartInhibit,LessThanAve,LessThanAve,ABI,N1GtLIGt_4,Instability,LessUnstable,LessUnstable,ACEFK,PartInhibit,Moderate,Moderate,A,SIG,SIG,SIG,LowNHighS,Stable,Average,CloseToDryAd,StrongFront,Other,DenvCyclone,NegToPos,Other,SWQuad,Westerly,DenvCyclone
StrongUp,Neutral,Down,Neutral,Neutral,VeryWet,Neutral,Wet,Wet,Clear,PC,PC,PC,Weak,Weak,Westerly,,Weak,,Some,DecCapIncIns,Decreasing,Negative,Decreasing,XNIL,Jul2_Jul15,D,CThruK,,Average,LessThanAve,CDEJ,N1GtLIGt_4,Stability,Average,LessUnstable,D,TotalInhibit,Strong,Slight,D,XNIL,XNIL,XNIL,LowEvrywhere,CloseToDryAd,Average,CloseToDryAd,OtherRapid,Other,,PosToNeg,Moving,AllElse,Westerly,WidespdDnsl
Neutral,Neutral,Neutral,Neutral,Neutral,Dry,Wet,VeryWet,VeryWet,PC,Clear,PC,PC,Weak,Weak,Westerly,Weak,Strong,Weak,Some,IncCapDecIns,Increasing,WeakPos,Increasing,SIG,Aug20_Sep15,A,AB,PartInhibit,LessThanAve,LessThanAve,ABI,N1GtLIGt_4,Stability,LessUnstable,Average,ACEFK,,Weak,Slight,A,SIG,SIG,SIG,LowSHighN,ModerateOrLe,VeryMoist,Steep,StrongFront,DryMMoistL,DenvCyclone,SigNegative,Other,SWQuad,LVorOther,SEQuad
WeakUp,WeakUp,Neutral,WeakUp,WeakUp,Neutral,VeryWet,Wet,Neutral,PC,PC,PC,PC,Weak,Weak,Other,,,Weak,,DecCapIncIns,Decreasing,WeakPos,LittleChange,XNIL,Jul2_Jul15,H,CThruK,PartInhibit,LessThanAve,LessThanAve,H,N1GtLIGt_4,Instability,MoreUnstable,MoreUnstable,HI,PartInhibit,Strong,Moderate,H,SIG,SIG,SIG,LowMtsHighPl,ModerateOrLe,Average,Steep,NoMajor,Other,E_W_N,PosToNeg,,SWQuad,Westerly,E_NE
Neutral,Neutral,Down,Neutral,Neutral,Wet,Dry,Neutral,Dry,PC,PC,PC,PC,Weak,Strong,Westerly,Strong,Weak,Strong,Some,IncCapDecIns,Increasing,StrongPos,LittleChange,SIG,Jul2_Jul15,E,CThruK,Stifling,MoreThanAve,MoreThanAve,CDEJ,LIGt0,Neutral,LessUnstable,LessUnstable,ACEFK,,Moderate,Strong,E,XNIL,XNIL,SIG,LowNHighS,CloseToDryAd,Average,ModerateOrLe,OtherRapid,Other,,SigPositive,,AllElse,Westerly,WidespdDnsl
Down,Neutral,Neutral,Neutral,Neutral,Dry,Neutral,Neutral,Neutral,PC,PC,PC,PC,Weak,Strong,Westerly,,Weak,Strong,Marked,LittleChange,LittleChange,Neutral,LittleChange,SIG,Jun15_Jul1,B,AB,PartInhibit,LessThanAve,LessThanAve,ABI,LIGt0,Stability,LessUnstable,LessUnstable,B,PartInhibit,Moderate,Strong,B,SIG,SIG,SIG,LowSHighN,Steep,Average,ModerateOrLe,OtherRapid,DryMMoistL,DenvCyclone,PosToNeg,Other,AllElse,Westerly,DenvCyclone
WeakUp,Down,WeakUp,Neutral,Neutral,VeryWet,Dry,Wet,Wet,PC,PC,PC,PC,Weak,Weak,StrongWest,Weak,,Weak,Some,LittleChange,LittleChange,Neutral,LittleChange,SIG,Jun15_Jul1,K,CThruK,Stifling,MoreThanAve,Average,K,N1GtLIGt_4,Stability,LessUnstable,LessUnstable,ACEFK,PartInhibit,Moderate,Slight,K,XNIL,XNIL,SIG,HighEvrywher,Stable,Dry,ModerateOrLe,StrongFront,MoistMDryL,MovingFtorOt,SigNegative,QStationary,SWQuad,Westerly,SEQuad
Neutral,Neutral,Neutral,Neutral,Neutral,Wet,Neutral,Wet,Wet,PC,PC,PC,PC,,Weak,Westerly,Weak,Weak,Weak,Some,LittleChange,LittleChange,StrongPos,Increasing,XNIL,Jul2_Jul15,B,AB,,LessThanAve,LessThanAve,ABI,N1GtLIGt_4,Stability,MoreUnstable,MoreUnstable,B,PartInhibit,Moderate,Moderate,B,SVR,SVR,SVR,LowSHighN,ModerateOrLe,Dry,ModerateOrLe,NoMajor,DryMMoistL,DenvCyclone,SigNegative,Other,AllElse,LVorOther,SEQuad
Neutral,WeakUp,Neutral,Neutral,Neutral,VeryWet,Neutral,Wet,VeryWet,PC,PC,PC,PC,,Weak,StrongWest,Strong,Weak,Strong,Some,LittleChange,LittleChange,Neutral,Decreasing,SIG,Jul16_Aug10,J,CThruK,PartInhibit,LessThanAve,LessThanAve,CDEJ,N5GtLIGt_8,Stability,MoreUnstable,Average,GJ,PartInhibit,Moderate,Slight,J,XNIL,XNIL,SIG,Other,Stable,Dry,Steep,NoMajor,Other,DryLine,LittleChange,,LV,LVorOther,DenvCyclone
StrongUp,Neutral,StrongUp,StrongUp,StrongUp,Neutral,Wet,Neutral,Neutral,Clear,Clear,Clear,Clear,Weak,Strong,DCVZFavor,Strong,,Strong,Marked,LittleChange,LittleChange,Neutral,LittleChange,SIG,Aug20_Sep15,B,AB,PartInhibit,LessThanAve,LessThanAve,ABI,N1GtLIGt_4,Instability,Average,LessUnstable,B,,Strong,Strong,B,XNIL,XNIL,SIG,LowNHighS,Steep,Dry,Steep,NoMajor,Other,DenvCyclone,LittleChange,Other,AllElse,LVorOther,E_NE
WeakUp,StronUp,Neutral,Neutral,Neutral,Dry,Dry,Dry,Dry,PC,PC,PC,PC,,Weak,StrongWest,Strong,Weak,Weak,,DecCapIncIns,Decreasing,Neutral,Increasing,SIG,Jul16_Aug10,J,CThruK,PartInhibit,LessThanAve,LessThanAve,CDEJ,N1GtLIGt_4,Neutral,Average,MoreUnstable,GJ,,Moderate,Strong,J,SVR,SVR,SVR,LowMtsHighPl,ModerateOrLe,Average,Steep,NoMajor,MoistMDryL,E_W_N,LittleChange,,AllElse,LVorOther,LV
Neutral,Neutral,Neutral,Neutral,Neutral,Neutral,Wet,VeryWet,VeryWet,Clear,Cloudy,PC,PC,Strong,Strong,Westerly,Strong,,Weak,Marked,LittleChange,LittleChange,Neutral,LittleChange,SVR,May15_Jun14,A,AB,,LessThanAve,LessThanAve,ABI,N5GtLIGt_8,Instability,MoreUnstable,MoreUnstable,ACEFK,,Weak,Slight,A,SVR,SVR,SVR,HighEvrywher,Stable,Average,Steep,MarkedUpper,DryMMoistL,DenvCyclone,SigNegative,QStationary,SWQuad,LVorOther,DenvCyclone
Neutral,Neutral,Down,Down,Down,Neutral,Dry,Neutral,Dry,Cloudy,Cloudy,Cloudy,PC,,,Westerly,,,,,IncCapDecIns,Increasing,Negative,Decreasing,XNIL,May15_Jun14,G,CThruK,,LessThanAve,LessThanAve,G,N5GtLIGt_8,Stability,Average,LessUnstable,GJ,PartInhibit,Unfavorable,,G,XNIL,XNIL,XNIL,LowEvrywhere,CloseToDryAd,Dry,CloseToDryAd,MarkedUpper,MoistMDryL,DryLine,LittleChange,Other,NWQuad,LVorOther,WidespdDnsl
StrongUp,Neutral,Neutral,StrongUp,StrongUp,Wet,VeryWet,VeryWet,VeryWet,PC,Cloudy,PC,Cloudy,Weak,Strong,StrongWest,Strong,,Strong,Marked,DecCapIncIns,Decreasing,WeakPos,Decreasing,SIG,May15_Jun14,C,CThruK,PartInhibit,Average,LessThanAve,CDEJ,N5GtLIGt_8,Instability,MoreUnstable,Average,ACEFK,,Strong,Strong,C,XNIL,XNIL,SIG,LowEvrywhere,Steep,Average,CloseToDryAd,MarkedUpper,Other,E_W_S,NegToPos,Moving,NWQuad,Westerly,LongAnticyc
StrongUp,Neutral,StrongUp,WeakUp,WeakUp,Neutral,Wet,Wet,VeryWet,PC,PC,PC,Cloudy,Strong,Strong,Other,,,,,LittleChange,LittleChange,WeakPos,Increasing,SIG,Aug20_Sep15,C,CThruK,Stifling,MoreThanAve,MoreThanAve,CDEJ,LIGt0,Stability,LessUnstable,MoreUnstable,ACEFK,,Weak,Moderate,C,SIG,SIG,SIG,LowAtStation,Steep,Dry,Steep,OtherRapid,Other,E_W_N,PosToNeg,Other,NWQuad,Westerly,LongAnticyc
WeakUp,Down,Neutral,Down,Down,Wet,Neutral,Neutral,Dry,PC,Clear,PC,PC,Weak,Weak,Westerly,,Weak,Strong,,LittleChange,LittleChange,WeakPos,LittleChange,XNIL,May15_Jun14,K,CThruK,PartInhibit,LessThanAve,LessThanAve,K,N1GtLIGt_4,Neutral,MoreUnstable,Average,ACEFK,Stifling,Weak,,K,XNIL,XNIL,XNIL,LowSHighN,ModerateOrLe,Average,CloseToDryAd,MarkedUpper,DryMMoistL,,SigPositive,,NWQuad,LVorOther,E_NE
Neutral,Neutral,Down,Neutral,Neutral,Neutral,Wet,Neutral,Neutral,PC,Clear,Clear,Clear,Weak,Weak,Westerly,Weak,Weak,Weak,Some,DecCapIncIns,Decreasing,WeakPos,Decreasing,SIG,May15_Jun14,E,CThruK,Stifling,MoreThanAve,MoreThanAve,CDEJ,N5GtLIGt_8,Instability,MoreUnstable,Average,ACEFK,,Moderate,Slight,E,SVR,SVR,SVR,LowNHighS,Steep,Average,ModerateOrLe,NoMajor,MoistMDryL,DryLine,LittleChange,,SWQuad,Westerly,LV
Down,Neutral,WeakUp,Neutral,Neutral,Dry,Neutral,Neutral,Neutral,Clear,Clear,Clear,Clear,Weak,Weak,DCVZFavor,,,Weak,,LittleChange,LittleChange,Negative,Decreasing,XNIL,May15_Jun14,I,CThruK,PartInhibit,Average,Average,ABI,N1GtLIGt_4,Stability,LessUnstable,LessUnstable,HI,,Weak,,I,XNIL,XNIL,XNIL,LowMtsHighPl,Steep,Dry,Steep,NoMajor,Other,E_W_S,PosToNeg,Moving,LV,Westerly,LongAnticyc
