node_i,node_j,condition,p_value
GoodStudent,Age,,1.8012175769185045e-165
GoodStudent,SocioEcon,,3.995956717664712e-31
GoodStudent,RiskAversion,,7.28752330260632e-09
GoodStudent,VehicleYear,,3.76852770408682e-11
GoodStudent,ThisCarDam,,0.031805550669773086
GoodStudent,RuggedAuto,,1.3452042145497935e-06
GoodStudent,Accident,,0.021338559496474757
GoodStudent,MakeModel,,2.304791705140442e-19
GoodStudent,DrivQuality,,0.059518516860684156
GoodStudent,Mileage,,0.9058253091063815
GoodStudent,Antilock,,1.1987662183173146e-10
GoodStudent,DrivingSkill,,0.053240080916830704
GoodStudent,SeniorTrain,,1.0971978359157442e-05
GoodStudent,ThisCarCost,,3.9342502381889736e-10
GoodStudent,Theft,,0.40640724871001166
GoodStudent,CarValue,,3.885876294915625e-17
GoodStudent,HomeBase,,3.914931828008056e-06
GoodStudent,AntiTheft,,0.606381384059705
GoodStudent,PropCost,,0.0046816266904135566
GoodStudent,OtherCarCost,,0.015721532219786966
GoodStudent,OtherCar,,0.0007832498432534735
GoodStudent,MedCost,,0.15384136975971288
GoodStudent,Cushioning,,4.891516159303727e-07
GoodStudent,Airbag,,3.2212609030785376e-08
GoodStudent,ILiCost,,0.05176374157118053
GoodStudent,DrivHist,,0.0006425956492759862
Age,SocioEcon,,8.8721464231969e-17
Age,RiskAversion,,8.219586375242684e-79
Age,VehicleYear,,0.13142847403421748
Age,ThisCarDam,,0.037080199707579455
Age,RuggedAuto,,0.002271299639389052
Age,Accident,,0.07470914079433909
Age,MakeModel,,0.0008329702554134793
Age,DrivQuality,,5.363968258863337e-11
Age,Mileage,,0.8447743609003491
Age,Antilock,,0.10238795567457619
Age,DrivingSkill,,1.1341865033898078e-09
Age,SeniorTrain,,1.869759554288742e-198
Age,ThisCarCost,,0.2602054006664414
Age,Theft,,0.12375857325403898
Age,CarValue,,0.03092955021643579
Age,HomeBase,,2.1897419142288303e-12
Age,AntiTheft,,1.3334586964063683e-35
Age,PropCost,,0.6194937581482765
Age,OtherCarCost,,0.27268897194259917
Age,OtherCar,,0.12155606830352685
Age,MedCost,,2.5308656459759327e-06
Age,Cushioning,,0.06112579544879815
Age,Airbag,,0.4213235630311718
Age,ILiCost,,0.36491510967672663
Age,DrivHist,,1.3714599111715318e-11
SocioEcon,RiskAversion,,7.61909593302437e-12
SocioEcon,VehicleYear,,2.10601726876661e-292
SocioEcon,ThisCarDam,,4.544578643646921e-09
SocioEcon,RuggedAuto,,1.3216708414832073e-128
SocioEcon,Accident,,6.504208224093425e-10
SocioEcon,MakeModel,,0.0
SocioEcon,DrivQuality,,0.03009986047333464
SocioEcon,Mileage,,0.23166746691768245
SocioEcon,Antilock,,6.052548753798105e-276
SocioEcon,DrivingSkill,,0.0035169740369725973
SocioEcon,SeniorTrain,,0.16033222157077223
SocioEcon,ThisCarCost,,1.0382168327407649e-206
SocioEcon,Theft,,0.08899444585312806
SocioEcon,CarValue,,0.0
SocioEcon,HomeBase,,0.0
SocioEcon,AntiTheft,,1.07406166520815e-138
SocioEcon,PropCost,,7.366565977400601e-34
SocioEcon,OtherCarCost,,2.807491917284489e-06
SocioEcon,OtherCar,,3.777987668075025e-165
SocioEcon,MedCost,,8.530826778908647e-32
SocioEcon,Cushioning,,7.818283701103802e-143
SocioEcon,Airbag,,1.9991043780501283e-269
SocioEcon,ILiCost,,0.8118513525762526
SocioEcon,DrivHist,,0.7527862754037288
RiskAversion,VehicleYear,,0.739762491253757
RiskAversion,ThisCarDam,,0.4315041935423497
RiskAversion,RuggedAuto,,0.44831047216677133
RiskAversion,Accident,,0.08733996567260716
RiskAversion,MakeModel,,0.10765428642343733
RiskAversion,DrivQuality,,5.191741291004368e-22
RiskAversion,Mileage,,0.3666650694126463
RiskAversion,Antilock,,0.9935548277501036
RiskAversion,DrivingSkill,,1.971370767839492e-107
RiskAversion,SeniorTrain,,5.31645961238834e-114
RiskAversion,ThisCarCost,,0.29988575817021673
RiskAversion,Theft,,0.1153930118181482
RiskAversion,CarValue,,0.9048106707747874
RiskAversion,HomeBase,,8.589924244334954e-238
RiskAversion,AntiTheft,,0.0
RiskAversion,PropCost,,0.5160738012824007
RiskAversion,OtherCarCost,,0.24067875250107054
RiskAversion,OtherCar,,0.15434579105118348
RiskAversion,MedCost,,0.5779037762754944
RiskAversion,Cushioning,,0.7299226239143557
RiskAversion,Airbag,,0.55369638989332
RiskAversion,ILiCost,,0.2932383010080756
RiskAversion,DrivHist,,2.2522272342772668e-102
VehicleYear,ThisCarDam,,4.160169871833643e-09
VehicleYear,RuggedAuto,,6.0287337652962136e-52
VehicleYear,Accident,,4.53685214444461e-09
VehicleYear,MakeModel,,3.189241896572598e-120
VehicleYear,DrivQuality,,0.010850086407754778
VehicleYear,Mileage,,0.1932254970289174
VehicleYear,Antilock,,0.0
VehicleYear,DrivingSkill,,0.12551455576446405
VehicleYear,SeniorTrain,,0.9288121526876949
VehicleYear,ThisCarCost,,8.079666258695924e-291
VehicleYear,Theft,,0.8069195218767073
VehicleYear,CarValue,,0.0
VehicleYear,HomeBase,,4.596383305600746e-87
VehicleYear,AntiTheft,,6.122684421640182e-41
VehicleYear,PropCost,,1.182522494377616e-48
VehicleYear,OtherCarCost,,0.00020666077168935077
VehicleYear,OtherCar,,2.2901602230127982e-32
VehicleYear,MedCost,,1.88255853707881e-30
VehicleYear,Cushioning,,2.276735921397187e-158
VehicleYear,Airbag,,0.0
VehicleYear,ILiCost,,0.6674361740619622
VehicleYear,DrivHist,,0.5661100313761926
ThisCarDam,RuggedAuto,,1.1646262621263742e-21
ThisCarDam,Accident,,0.0
ThisCarDam,MakeModel,,8.005512140312909e-15
ThisCarDam,DrivQuality,,1.2074244333068388e-22
ThisCarDam,Mileage,,1.1559332308913864e-20
ThisCarDam,Antilock,,4.691561666740163e-22
ThisCarDam,DrivingSkill,,2.478268434481517e-13
ThisCarDam,SeniorTrain,,0.049756174766884265
ThisCarDam,ThisCarCost,,0.0
ThisCarDam,Theft,,0.8558508927411692
ThisCarDam,CarValue,,1.0925422767982587e-15
ThisCarDam,HomeBase,,0.02804894704729015
ThisCarDam,AntiTheft,,0.02091125789659401
ThisCarDam,PropCost,,0.0
ThisCarDam,OtherCarCost,,0.0
ThisCarDam,OtherCar,,0.006551940561341518
ThisCarDam,MedCost,,7.694824011903607e-206
ThisCarDam,Cushioning,,8.98380494083981e-10
ThisCarDam,Airbag,,2.3177524779025724e-09
ThisCarDam,ILiCost,,5.086143190638605e-55
ThisCarDam,DrivHist,,2.674206986982708e-07
RuggedAuto,Accident,,7.584532575238736e-21
RuggedAuto,MakeModel,,0.0
RuggedAuto,DrivQuality,,0.271716181418974
RuggedAuto,Mileage,,0.08056108700580683
RuggedAuto,Antilock,,3.067902495192534e-06
RuggedAuto,DrivingSkill,,0.173099676917277
RuggedAuto,SeniorTrain,,0.2647736468603116
RuggedAuto,ThisCarCost,,1.233876146294315e-53
RuggedAuto,Theft,,0.9752913648525252
RuggedAuto,CarValue,,2.0520784854971492e-70
RuggedAuto,HomeBase,,8.134562455419225e-71
RuggedAuto,AntiTheft,,2.2532832175123483e-12
RuggedAuto,PropCost,,4.1293874054587176e-22
RuggedAuto,OtherCarCost,,3.8333990838877174e-47
RuggedAuto,OtherCar,,2.1042365977459225e-13
RuggedAuto,MedCost,,3.7714152443605692e-112
RuggedAuto,Cushioning,,0.0
RuggedAuto,Airbag,,3.2085882602120404e-71
RuggedAuto,ILiCost,,0.05122209184710894
RuggedAuto,DrivHist,,0.5266917530974161
Accident,MakeModel,,2.823901267116283e-13
Accident,DrivQuality,,3.0072907577435654e-34
Accident,Mileage,,6.910779020403382e-29
Accident,Antilock,,1.366968566005026e-26
Accident,DrivingSkill,,5.707508130150322e-16
Accident,SeniorTrain,,0.03570640021633207
Accident,ThisCarCost,,0.0
Accident,Theft,,0.5532354308298577
Accident,CarValue,,2.603642317102581e-10
Accident,HomeBase,,0.03710328600596235
Accident,AntiTheft,,0.0005885547464368492
Accident,PropCost,,0.0
Accident,OtherCarCost,,0.0
Accident,OtherCar,,0.04711494979745271
Accident,MedCost,,2.3083447013533486e-188
Accident,Cushioning,,6.45872904997692e-05
Accident,Airbag,,5.5145488256022115e-06
Accident,ILiCost,,4.584184239478498e-90
Accident,DrivHist,,1.5048359817625057e-07
MakeModel,DrivQuality,,0.024389455077171183
MakeModel,Mileage,,0.5482529561095733
MakeModel,Antilock,,0.0
MakeModel,DrivingSkill,,0.12592055743022462
MakeModel,SeniorTrain,,0.5352977324046311
MakeModel,ThisCarCost,,1.3562300364613397e-275
MakeModel,Theft,,0.12337198983553276
MakeModel,CarValue,,0.0
MakeModel,HomeBase,,4.2813322883829313e-209
MakeModel,AntiTheft,,1.0283638976803475e-68
MakeModel,PropCost,,1.1836402542916126e-46
MakeModel,OtherCarCost,,5.105589747546873e-21
MakeModel,OtherCar,,6.619334880115646e-58
MakeModel,MedCost,,1.0216108588420437e-69
MakeModel,Cushioning,,0.0
MakeModel,Airbag,,2.3515641775853553e-165
MakeModel,ILiCost,,0.42927527207295774
MakeModel,DrivHist,,0.8815361518598591
DrivQuality,Mileage,,0.7480756321424258
DrivQuality,Antilock,,0.0001237935184306629
DrivQuality,DrivingSkill,,1.8037028182335588e-307
DrivQuality,SeniorTrain,,1.2407336347996816e-17
DrivQuality,ThisCarCost,,3.6767710537535016e-13
DrivQuality,Theft,,0.0033209460986129377
DrivQuality,CarValue,,0.14778973591739114
DrivQuality,HomeBase,,0.1058864803416894
DrivQuality,AntiTheft,,4.450849496457657e-07
DrivQuality,PropCost,,2.4942706595386437e-11
DrivQuality,OtherCarCost,,3.2936260138805194e-13
DrivQuality,OtherCar,,0.1741903913951593
DrivQuality,MedCost,,0.05121078069793905
DrivQuality,Cushioning,,0.050179958679769834
DrivQuality,Airbag,,0.0017786450316888557
DrivQuality,ILiCost,,0.21853736189646808
DrivQuality,DrivHist,,1.363518187904033e-194
Mileage,Antilock,,0.5033225015765974
Mileage,DrivingSkill,,0.5216337813680898
Mileage,SeniorTrain,,0.8869619994811978
Mileage,ThisCarCost,,4.9834623009919814e-14
Mileage,Theft,,0.8289373544674333
Mileage,CarValue,,4.1641059299921224e-72
Mileage,HomeBase,,0.663460009364338
Mileage,AntiTheft,,0.8950024258552138
Mileage,PropCost,,1.5696054383660539e-09
Mileage,OtherCarCost,,1.2946885130612797e-10
Mileage,OtherCar,,0.8535766017000292
Mileage,MedCost,,0.014083648007572766
Mileage,Cushioning,,0.9539043791098912
Mileage,Airbag,,0.45116153966611294
Mileage,ILiCost,,0.10927530743722204
Mileage,DrivHist,,0.8746904178018374
Antilock,DrivingSkill,,0.12807953236933883
Antilock,SeniorTrain,,0.7346689977571881
Antilock,ThisCarCost,,5.008453470937925e-193
Antilock,Theft,,0.9147539953282108
Antilock,CarValue,,0.0
Antilock,HomeBase,,2.0181374844064764e-69
Antilock,AntiTheft,,4.986812858952932e-46
Antilock,PropCost,,7.22384613689996e-28
Antilock,OtherCarCost,,7.569599805125159e-13
Antilock,OtherCar,,8.747861216960333e-28
Antilock,MedCost,,7.107290727196007e-17
Antilock,Cushioning,,8.090622391839317e-40
Antilock,Airbag,,2.8695441673202147e-286
Antilock,ILiCost,,0.04325898662834971
Antilock,DrivHist,,0.4268483853960756
DrivingSkill,SeniorTrain,,3.6400174201051544e-05
DrivingSkill,ThisCarCost,,5.8264790402724295e-08
DrivingSkill,Theft,,0.0034256315509119343
DrivingSkill,CarValue,,0.34691192171226853
DrivingSkill,HomeBase,,8.424828397436852e-20
DrivingSkill,AntiTheft,,3.7807940827587146e-25
DrivingSkill,PropCost,,8.677028451911047e-08
DrivingSkill,OtherCarCost,,0.0001795440615544021
DrivingSkill,OtherCar,,0.4996888714429609
DrivingSkill,MedCost,,0.058069166601278234
DrivingSkill,Cushioning,,0.4424111194193959
DrivingSkill,Airbag,,0.060802777776057436
DrivingSkill,ILiCost,,0.4362954095042878
DrivingSkill,DrivHist,,0.0
SeniorTrain,ThisCarCost,,0.7907029950324627
SeniorTrain,Theft,,0.029725738712277704
SeniorTrain,CarValue,,0.19796629439931646
SeniorTrain,HomeBase,,2.2737273325069416e-15
SeniorTrain,AntiTheft,,4.3200164946556596e-70
SeniorTrain,PropCost,,0.9711262720295623
SeniorTrain,OtherCarCost,,0.026015694092746813
SeniorTrain,OtherCar,,0.9838302840086985
SeniorTrain,MedCost,,0.5403236552044823
SeniorTrain,Cushioning,,0.34222125563765016
SeniorTrain,Airbag,,0.381096698332548
SeniorTrain,ILiCost,,0.7108372590474448
SeniorTrain,DrivHist,,9.81165804872472e-25
ThisCarCost,Theft,,0.0034563435289014103
ThisCarCost,CarValue,,0.0
ThisCarCost,HomeBase,,1.3800134890935415e-67
ThisCarCost,AntiTheft,,1.950197855476765e-27
ThisCarCost,PropCost,,0.0
ThisCarCost,OtherCarCost,,1.0189487073055897e-247
ThisCarCost,OtherCar,,3.3530171629389385e-26
ThisCarCost,MedCost,,4.254869547294976e-139
ThisCarCost,Cushioning,,2.634461060757282e-92
ThisCarCost,Airbag,,5.248788167675895e-232
ThisCarCost,ILiCost,,9.014690658695342e-34
ThisCarCost,DrivHist,,0.00212265767309305
Theft,CarValue,,0.03176452284065376
Theft,HomeBase,,0.5017499372685195
Theft,AntiTheft,,0.2696022451896186
Theft,PropCost,,0.3720857808098746
Theft,OtherCarCost,,0.01896110346219484
Theft,OtherCar,,0.5326115778564383
Theft,MedCost,,0.7383974700439948
Theft,Cushioning,,0.7143705625148393
Theft,Airbag,,0.4696142238963168
Theft,ILiCost,,0.34796127910372465
Theft,DrivHist,,0.57423878898565
CarValue,HomeBase,,8.236769237488382e-124
CarValue,AntiTheft,,4.881701908382628e-64
CarValue,PropCost,,5.6150621576415816e-132
CarValue,OtherCarCost,,0.00027865597956320957
CarValue,OtherCar,,7.002633415595535e-50
CarValue,MedCost,,7.162854606698345e-32
CarValue,Cushioning,,3.132165496852648e-156
CarValue,Airbag,,0.0
CarValue,ILiCost,,0.4067444895136097
CarValue,DrivHist,,0.009140738729316809
HomeBase,AntiTheft,,1.627263166001914e-203
HomeBase,PropCost,,2.7135913848405814e-17
HomeBase,OtherCarCost,,0.08231308204615774
HomeBase,OtherCar,,7.2096858864586995e-96
HomeBase,MedCost,,9.402591417304536e-17
HomeBase,Cushioning,,1.9967804433524264e-73
HomeBase,Airbag,,8.350462549804794e-95
HomeBase,ILiCost,,0.4388989038408023
HomeBase,DrivHist,,1.3121593517274999e-09
AntiTheft,PropCost,,8.684800315692736e-06
AntiTheft,OtherCarCost,,0.11116265979218812
AntiTheft,OtherCar,,1.116354033397921e-15
AntiTheft,MedCost,,8.045489329168437e-07
AntiTheft,Cushioning,,5.430159288919383e-18
AntiTheft,Airbag,,1.2260826491072954e-40
AntiTheft,ILiCost,,0.7946333094384992
AntiTheft,DrivHist,,8.240903027800008e-45
PropCost,OtherCarCost,,0.0
PropCost,OtherCar,,0.00010516925647980913
PropCost,MedCost,,5.208766525660726e-68
PropCost,Cushioning,,4.583651301036982e-24
PropCost,Airbag,,9.7012522950845e-38
PropCost,ILiCost,,1.1971027321785729e-35
PropCost,DrivHist,,0.00901834247176277
OtherCarCost,OtherCar,,0.9834300471637164
OtherCarCost,MedCost,,4.728675212266102e-42
OtherCarCost,Cushioning,,4.711480263773129e-18
OtherCarCost,Airbag,,0.1733724811830788
OtherCarCost,ILiCost,,2.186959849997331e-35
OtherCarCost,DrivHist,,0.03446090124865076
OtherCar,MedCost,,0.0003687305895776461
OtherCar,Cushioning,,3.921316267776418e-16
OtherCar,Airbag,,2.4190152118857928e-32
OtherCar,ILiCost,,0.9364931834074409
OtherCar,DrivHist,,0.07755703354792777
MedCost,Cushioning,,7.653911323995882e-208
MedCost,Airbag,,2.2356483553252435e-45
MedCost,ILiCost,,1.372513593570426e-09
MedCost,DrivHist,,0.21132740527586108
Cushioning,Airbag,,3.917227261369513e-280
Cushioning,ILiCost,,0.022217550832669842
Cushioning,DrivHist,,0.8141965718659429
Airbag,ILiCost,,0.7434133768239517
Airbag,DrivHist,,0.576956111448185
ILiCost,DrivHist,,0.402923506842386
GoodStudent,Age,Accident,1.6938161431613811e-155
GoodStudent,Age,Accident,1.6938161431613811e-155
GoodStudent,Age,Accident,1.6938161431613811e-155
GoodStudent,Age,Accident,1.6938161431613811e-155
GoodStudent,Age,Accident,1.6938161431613811e-155
GoodStudent,Age,Accident,1.6938161431613811e-155
GoodStudent,Age,Accident,1.6938161431613811e-155
GoodStudent,Age,Accident,1.6938161431613811e-155
GoodStudent,Age,Accident,1.6938161431613811e-155
GoodStudent,Age,Accident,1.6938161431613811e-155
GoodStudent,Age,Accident,1.6938161431613811e-155
GoodStudent,Age,Accident,1.6938161431613811e-155
GoodStudent,Age,Accident,1.6938161431613811e-155
GoodStudent,Age,Accident,1.6938161431613811e-155
GoodStudent,Age,Accident,1.6938161431613811e-155
GoodStudent,Age,Accident,1.6938161431613811e-155
GoodStudent,Age,Accident,1.6938161431613811e-155
GoodStudent,Age,Accident,1.6938161431613811e-155
GoodStudent,SocioEcon,Accident,6.15332970390365e-29
GoodStudent,SocioEcon,Accident,6.15332970390365e-29
GoodStudent,SocioEcon,Accident,6.15332970390365e-29
GoodStudent,SocioEcon,Accident,6.15332970390365e-29
GoodStudent,SocioEcon,Accident,6.15332970390365e-29
GoodStudent,SocioEcon,Accident,6.15332970390365e-29
GoodStudent,SocioEcon,Accident,6.15332970390365e-29
GoodStudent,SocioEcon,Accident,6.15332970390365e-29
GoodStudent,SocioEcon,Accident,6.15332970390365e-29
GoodStudent,SocioEcon,Accident,6.15332970390365e-29
GoodStudent,SocioEcon,Accident,6.15332970390365e-29
GoodStudent,SocioEcon,Accident,6.15332970390365e-29
GoodStudent,SocioEcon,Accident,6.15332970390365e-29
GoodStudent,SocioEcon,Accident,6.15332970390365e-29
GoodStudent,SocioEcon,Accident,6.15332970390365e-29
GoodStudent,SocioEcon,Accident,6.15332970390365e-29
GoodStudent,SocioEcon,Accident,6.15332970390365e-29
GoodStudent,SocioEcon,Accident,6.15332970390365e-29
GoodStudent,RiskAversion,Age,0.5517809873261634
GoodStudent,RiskAversion,Age,0.5517809873261634
GoodStudent,RiskAversion,Age,0.5517809873261634
GoodStudent,RiskAversion,Age,0.5517809873261634
GoodStudent,RiskAversion,Age,0.5517809873261634
GoodStudent,RiskAversion,Age,0.5517809873261634
GoodStudent,RiskAversion,Age,0.5517809873261634
GoodStudent,RiskAversion,Age,0.5517809873261634
GoodStudent,RiskAversion,Age,0.5517809873261634
GoodStudent,RiskAversion,Age,0.5517809873261634
GoodStudent,RiskAversion,Age,0.5517809873261634
GoodStudent,RiskAversion,Age,0.5517809873261634
GoodStudent,RiskAversion,Age,0.5517809873261634
GoodStudent,RiskAversion,Age,0.5517809873261634
GoodStudent,RiskAversion,Age,0.5517809873261634
GoodStudent,VehicleYear,CarValue,0.4290827444032377
GoodStudent,VehicleYear,CarValue,0.4290827444032377
GoodStudent,ThisCarDam,DrivHist,0.056845173706876057
GoodStudent,RuggedAuto,CarValue,0.10511778597976258
GoodStudent,RuggedAuto,CarValue,0.10511778597976258
GoodStudent,Accident,DrivHist,0.12625152352664568
GoodStudent,MakeModel,Accident,2.5597624436004217e-16
GoodStudent,MakeModel,Accident,2.5597624436004217e-16
GoodStudent,MakeModel,Accident,2.5597624436004217e-16
GoodStudent,MakeModel,Accident,2.5597624436004217e-16
GoodStudent,MakeModel,Accident,2.5597624436004217e-16
GoodStudent,MakeModel,Accident,2.5597624436004217e-16
GoodStudent,MakeModel,Accident,2.5597624436004217e-16
GoodStudent,MakeModel,Accident,2.5597624436004217e-16
GoodStudent,MakeModel,Accident,2.5597624436004217e-16
GoodStudent,MakeModel,Accident,2.5597624436004217e-16
GoodStudent,MakeModel,Accident,2.5597624436004217e-16
GoodStudent,MakeModel,Accident,2.5597624436004217e-16
GoodStudent,MakeModel,Accident,2.5597624436004217e-16
GoodStudent,MakeModel,Accident,2.5597624436004217e-16
GoodStudent,MakeModel,Accident,2.5597624436004217e-16
GoodStudent,MakeModel,Accident,2.5597624436004217e-16
GoodStudent,MakeModel,Accident,2.5597624436004217e-16
GoodStudent,MakeModel,Accident,2.5597624436004217e-16
GoodStudent,Antilock,CarValue,0.7058245997214563
GoodStudent,Antilock,CarValue,0.7058245997214563
GoodStudent,SeniorTrain,Accident,0.005424369548040992
GoodStudent,SeniorTrain,Accident,0.005424369548040992
GoodStudent,SeniorTrain,Accident,0.005424369548040992
GoodStudent,SeniorTrain,Accident,0.005424369548040992
GoodStudent,SeniorTrain,Accident,0.005424369548040992
GoodStudent,SeniorTrain,Accident,0.005424369548040992
GoodStudent,SeniorTrain,Accident,0.005424369548040992
GoodStudent,SeniorTrain,Accident,0.005424369548040992
GoodStudent,SeniorTrain,Accident,0.005424369548040992
GoodStudent,SeniorTrain,Accident,0.005424369548040992
GoodStudent,SeniorTrain,Accident,0.005424369548040992
GoodStudent,SeniorTrain,Accident,0.005424369548040992
GoodStudent,SeniorTrain,Accident,0.005424369548040992
GoodStudent,SeniorTrain,Accident,0.005424369548040992
GoodStudent,SeniorTrain,Accident,0.005424369548040992
GoodStudent,SeniorTrain,Accident,0.005424369548040992
GoodStudent,SeniorTrain,Accident,0.005424369548040992
GoodStudent,SeniorTrain,Accident,0.005424369548040992
GoodStudent,ThisCarCost,CarValue,0.05103971145425609
GoodStudent,ThisCarCost,CarValue,0.05103971145425609
GoodStudent,CarValue,SocioEcon,0.2847532354236152
GoodStudent,CarValue,SocioEcon,0.2847532354236152
GoodStudent,CarValue,SocioEcon,0.2847532354236152
GoodStudent,CarValue,SocioEcon,0.2847532354236152
GoodStudent,CarValue,SocioEcon,0.2847532354236152
GoodStudent,CarValue,SocioEcon,0.2847532354236152
GoodStudent,HomeBase,CarValue,0.16818557032416834
GoodStudent,HomeBase,CarValue,0.16818557032416834
GoodStudent,PropCost,CarValue,0.1657016607059014
GoodStudent,PropCost,CarValue,0.1657016607059014
GoodStudent,OtherCarCost,CarValue,0.1388830014635955
GoodStudent,OtherCarCost,CarValue,0.1388830014635955
GoodStudent,OtherCar,CarValue,0.8031905888620134
GoodStudent,OtherCar,CarValue,0.8031905888620134
GoodStudent,Cushioning,CarValue,0.4143556844050846
GoodStudent,Cushioning,CarValue,0.4143556844050846
GoodStudent,Airbag,CarValue,0.794268479810155
GoodStudent,Airbag,CarValue,0.794268479810155
GoodStudent,DrivHist,CarValue,0.06824314356797999
Age,SocioEcon,DrivingSkill,8.248396179104796e-14
Age,SocioEcon,DrivingSkill,8.248396179104796e-14
Age,SocioEcon,DrivingSkill,8.248396179104796e-14
Age,SocioEcon,DrivingSkill,8.248396179104796e-14
Age,SocioEcon,DrivingSkill,8.248396179104796e-14
Age,SocioEcon,DrivingSkill,8.248396179104796e-14
Age,SocioEcon,DrivingSkill,8.248396179104796e-14
Age,SocioEcon,DrivingSkill,8.248396179104796e-14
Age,SocioEcon,DrivingSkill,8.248396179104796e-14
Age,SocioEcon,DrivingSkill,8.248396179104796e-14
Age,SocioEcon,DrivingSkill,8.248396179104796e-14
Age,SocioEcon,DrivingSkill,8.248396179104796e-14
Age,SocioEcon,DrivingSkill,8.248396179104796e-14
Age,RiskAversion,DrivingSkill,4.374853229415337e-85
Age,RiskAversion,DrivingSkill,4.374853229415337e-85
Age,RiskAversion,DrivingSkill,4.374853229415337e-85
Age,RiskAversion,DrivingSkill,4.374853229415337e-85
Age,RiskAversion,DrivingSkill,4.374853229415337e-85
Age,RiskAversion,DrivingSkill,4.374853229415337e-85
Age,RiskAversion,DrivingSkill,4.374853229415337e-85
Age,RiskAversion,DrivingSkill,4.374853229415337e-85
Age,RiskAversion,DrivingSkill,4.374853229415337e-85
Age,RiskAversion,DrivingSkill,4.374853229415337e-85
Age,RiskAversion,DrivingSkill,4.374853229415337e-85
Age,RiskAversion,DrivingSkill,4.374853229415337e-85
Age,RiskAversion,DrivingSkill,4.374853229415337e-85
Age,ThisCarDam,MakeModel,0.17269670481504995
Age,RuggedAuto,MakeModel,0.18740460076482052
Age,MakeModel,CarValue,0.34462711264216356
Age,MakeModel,CarValue,0.34462711264216356
Age,MakeModel,CarValue,0.34462711264216356
Age,MakeModel,CarValue,0.34462711264216356
Age,MakeModel,CarValue,0.34462711264216356
Age,MakeModel,CarValue,0.34462711264216356
Age,MakeModel,CarValue,0.34462711264216356
Age,DrivQuality,DrivingSkill,6.612041332874072e-09
Age,DrivQuality,DrivingSkill,6.612041332874072e-09
Age,DrivQuality,DrivingSkill,6.612041332874072e-09
Age,DrivQuality,DrivingSkill,6.612041332874072e-09
Age,DrivQuality,DrivingSkill,6.612041332874072e-09
Age,DrivQuality,DrivingSkill,6.612041332874072e-09
Age,DrivQuality,DrivingSkill,6.612041332874072e-09
Age,DrivQuality,DrivingSkill,6.612041332874072e-09
Age,DrivQuality,DrivingSkill,6.612041332874072e-09
Age,DrivQuality,DrivingSkill,6.612041332874072e-09
Age,DrivQuality,DrivingSkill,6.612041332874072e-09
Age,DrivQuality,DrivingSkill,6.612041332874072e-09
Age,DrivQuality,DrivingSkill,6.612041332874072e-09
Age,DrivingSkill,RuggedAuto,9.552742567937177e-07
Age,DrivingSkill,RuggedAuto,9.552742567937177e-07
Age,DrivingSkill,RuggedAuto,9.552742567937177e-07
Age,DrivingSkill,RuggedAuto,9.552742567937177e-07
Age,DrivingSkill,RuggedAuto,9.552742567937177e-07
Age,DrivingSkill,RuggedAuto,9.552742567937177e-07
Age,DrivingSkill,RuggedAuto,9.552742567937177e-07
Age,DrivingSkill,RuggedAuto,9.552742567937177e-07
Age,DrivingSkill,RuggedAuto,9.552742567937177e-07
Age,DrivingSkill,RuggedAuto,9.552742567937177e-07
Age,DrivingSkill,RuggedAuto,9.552742567937177e-07
Age,DrivingSkill,RuggedAuto,9.552742567937177e-07
Age,DrivingSkill,RuggedAuto,9.552742567937177e-07
Age,SeniorTrain,DrivingSkill,2.7235751945936676e-189
Age,SeniorTrain,DrivingSkill,2.7235751945936676e-189
Age,SeniorTrain,DrivingSkill,2.7235751945936676e-189
Age,SeniorTrain,DrivingSkill,2.7235751945936676e-189
Age,SeniorTrain,DrivingSkill,2.7235751945936676e-189
Age,SeniorTrain,DrivingSkill,2.7235751945936676e-189
Age,SeniorTrain,DrivingSkill,2.7235751945936676e-189
Age,SeniorTrain,DrivingSkill,2.7235751945936676e-189
Age,SeniorTrain,DrivingSkill,2.7235751945936676e-189
Age,SeniorTrain,DrivingSkill,2.7235751945936676e-189
Age,SeniorTrain,DrivingSkill,2.7235751945936676e-189
Age,SeniorTrain,DrivingSkill,2.7235751945936676e-189
Age,SeniorTrain,DrivingSkill,2.7235751945936676e-189
Age,CarValue,MakeModel,0.773291769523348
Age,HomeBase,DrivingSkill,3.2005689936866655e-09
Age,HomeBase,DrivingSkill,3.2005689936866655e-09
Age,HomeBase,DrivingSkill,3.2005689936866655e-09
Age,HomeBase,DrivingSkill,3.2005689936866655e-09
Age,HomeBase,DrivingSkill,3.2005689936866655e-09
Age,HomeBase,DrivingSkill,3.2005689936866655e-09
Age,HomeBase,DrivingSkill,3.2005689936866655e-09
Age,HomeBase,DrivingSkill,3.2005689936866655e-09
Age,HomeBase,DrivingSkill,3.2005689936866655e-09
Age,HomeBase,DrivingSkill,3.2005689936866655e-09
Age,HomeBase,DrivingSkill,3.2005689936866655e-09
Age,HomeBase,DrivingSkill,3.2005689936866655e-09
Age,HomeBase,DrivingSkill,3.2005689936866655e-09
Age,AntiTheft,RiskAversion,0.42570987060959214
Age,AntiTheft,RiskAversion,0.42570987060959214
Age,AntiTheft,RiskAversion,0.42570987060959214
Age,AntiTheft,RiskAversion,0.42570987060959214
Age,AntiTheft,RiskAversion,0.42570987060959214
Age,AntiTheft,RiskAversion,0.42570987060959214
Age,AntiTheft,RiskAversion,0.42570987060959214
Age,AntiTheft,RiskAversion,0.42570987060959214
Age,AntiTheft,RiskAversion,0.42570987060959214
Age,AntiTheft,RiskAversion,0.42570987060959214
Age,MedCost,DrivingSkill,0.0008396533312883948
Age,MedCost,DrivingSkill,0.0008396533312883948
Age,MedCost,DrivingSkill,0.0008396533312883948
Age,MedCost,DrivingSkill,0.0008396533312883948
Age,MedCost,DrivingSkill,0.0008396533312883948
Age,MedCost,DrivingSkill,0.0008396533312883948
Age,MedCost,DrivingSkill,0.0008396533312883948
Age,MedCost,DrivingSkill,0.0008396533312883948
Age,MedCost,DrivingSkill,0.0008396533312883948
Age,MedCost,DrivingSkill,0.0008396533312883948
Age,MedCost,DrivingSkill,0.0008396533312883948
Age,MedCost,DrivingSkill,0.0008396533312883948
Age,MedCost,DrivingSkill,0.0008396533312883948
Age,DrivHist,DrivingSkill,8.883957319095967e-13
Age,DrivHist,DrivingSkill,8.883957319095967e-13
Age,DrivHist,DrivingSkill,8.883957319095967e-13
Age,DrivHist,DrivingSkill,8.883957319095967e-13
Age,DrivHist,DrivingSkill,8.883957319095967e-13
Age,DrivHist,DrivingSkill,8.883957319095967e-13
Age,DrivHist,DrivingSkill,8.883957319095967e-13
Age,DrivHist,DrivingSkill,8.883957319095967e-13
Age,DrivHist,DrivingSkill,8.883957319095967e-13
Age,DrivHist,DrivingSkill,8.883957319095967e-13
Age,DrivHist,DrivingSkill,8.883957319095967e-13
Age,DrivHist,DrivingSkill,8.883957319095967e-13
Age,DrivHist,DrivingSkill,8.883957319095967e-13
SocioEcon,RiskAversion,Accident,9.67345070268026e-09
SocioEcon,RiskAversion,Accident,9.67345070268026e-09
SocioEcon,RiskAversion,Accident,9.67345070268026e-09
SocioEcon,RiskAversion,Accident,9.67345070268026e-09
SocioEcon,RiskAversion,Accident,9.67345070268026e-09
SocioEcon,RiskAversion,Accident,9.67345070268026e-09
SocioEcon,RiskAversion,Accident,9.67345070268026e-09
SocioEcon,RiskAversion,Accident,9.67345070268026e-09
SocioEcon,RiskAversion,Accident,9.67345070268026e-09
SocioEcon,RiskAversion,Accident,9.67345070268026e-09
SocioEcon,RiskAversion,Accident,9.67345070268026e-09
SocioEcon,RiskAversion,Accident,9.67345070268026e-09
SocioEcon,RiskAversion,Accident,9.67345070268026e-09
SocioEcon,RiskAversion,Accident,9.67345070268026e-09
SocioEcon,RiskAversion,Accident,9.67345070268026e-09
SocioEcon,RiskAversion,Accident,9.67345070268026e-09
SocioEcon,RiskAversion,Accident,9.67345070268026e-09
SocioEcon,RiskAversion,Accident,9.67345070268026e-09
SocioEcon,RiskAversion,Accident,9.67345070268026e-09
SocioEcon,RiskAversion,Accident,9.67345070268026e-09
SocioEcon,VehicleYear,Accident,2.3330428331595657e-280
SocioEcon,VehicleYear,Accident,2.3330428331595657e-280
SocioEcon,VehicleYear,Accident,2.3330428331595657e-280
SocioEcon,VehicleYear,Accident,2.3330428331595657e-280
SocioEcon,VehicleYear,Accident,2.3330428331595657e-280
SocioEcon,VehicleYear,Accident,2.3330428331595657e-280
SocioEcon,VehicleYear,Accident,2.3330428331595657e-280
SocioEcon,VehicleYear,Accident,2.3330428331595657e-280
SocioEcon,VehicleYear,Accident,2.3330428331595657e-280
SocioEcon,VehicleYear,Accident,2.3330428331595657e-280
SocioEcon,VehicleYear,Accident,2.3330428331595657e-280
SocioEcon,VehicleYear,Accident,2.3330428331595657e-280
SocioEcon,VehicleYear,Accident,2.3330428331595657e-280
SocioEcon,VehicleYear,Accident,2.3330428331595657e-280
SocioEcon,VehicleYear,Accident,2.3330428331595657e-280
SocioEcon,VehicleYear,Accident,2.3330428331595657e-280
SocioEcon,VehicleYear,Accident,2.3330428331595657e-280
SocioEcon,VehicleYear,Accident,2.3330428331595657e-280
SocioEcon,VehicleYear,Accident,2.3330428331595657e-280
SocioEcon,VehicleYear,Accident,2.3330428331595657e-280
SocioEcon,ThisCarDam,CarValue,0.9652983608089678
SocioEcon,ThisCarDam,CarValue,0.9652983608089678
SocioEcon,RuggedAuto,Accident,7.478366985880042e-119
SocioEcon,RuggedAuto,Accident,7.478366985880042e-119
SocioEcon,RuggedAuto,Accident,7.478366985880042e-119
SocioEcon,RuggedAuto,Accident,7.478366985880042e-119
SocioEcon,RuggedAuto,Accident,7.478366985880042e-119
SocioEcon,RuggedAuto,Accident,7.478366985880042e-119
SocioEcon,RuggedAuto,Accident,7.478366985880042e-119
SocioEcon,RuggedAuto,Accident,7.478366985880042e-119
SocioEcon,RuggedAuto,Accident,7.478366985880042e-119
SocioEcon,RuggedAuto,Accident,7.478366985880042e-119
SocioEcon,RuggedAuto,Accident,7.478366985880042e-119
SocioEcon,RuggedAuto,Accident,7.478366985880042e-119
SocioEcon,RuggedAuto,Accident,7.478366985880042e-119
SocioEcon,RuggedAuto,Accident,7.478366985880042e-119
SocioEcon,RuggedAuto,Accident,7.478366985880042e-119
SocioEcon,RuggedAuto,Accident,7.478366985880042e-119
SocioEcon,RuggedAuto,Accident,7.478366985880042e-119
SocioEcon,RuggedAuto,Accident,7.478366985880042e-119
SocioEcon,RuggedAuto,Accident,7.478366985880042e-119
SocioEcon,RuggedAuto,Accident,7.478366985880042e-119
SocioEcon,Accident,CarValue,0.08584927860339521
SocioEcon,Accident,CarValue,0.08584927860339521
SocioEcon,MakeModel,Accident,0.0
SocioEcon,MakeModel,Accident,0.0
SocioEcon,MakeModel,Accident,0.0
SocioEcon,MakeModel,Accident,0.0
SocioEcon,MakeModel,Accident,0.0
SocioEcon,MakeModel,Accident,0.0
SocioEcon,MakeModel,Accident,0.0
SocioEcon,MakeModel,Accident,0.0
SocioEcon,MakeModel,Accident,0.0
SocioEcon,MakeModel,Accident,0.0
SocioEcon,MakeModel,Accident,0.0
SocioEcon,MakeModel,Accident,0.0
SocioEcon,MakeModel,Accident,0.0
SocioEcon,MakeModel,Accident,0.0
SocioEcon,MakeModel,Accident,0.0
SocioEcon,MakeModel,Accident,0.0
SocioEcon,MakeModel,Accident,0.0
SocioEcon,MakeModel,Accident,0.0
SocioEcon,MakeModel,Accident,0.0
SocioEcon,MakeModel,Accident,0.0
SocioEcon,DrivQuality,RiskAversion,0.08123606375707414
SocioEcon,DrivQuality,RiskAversion,0.08123606375707414
SocioEcon,DrivQuality,RiskAversion,0.08123606375707414
SocioEcon,DrivQuality,RiskAversion,0.08123606375707414
SocioEcon,Antilock,Accident,4.697161418357188e-262
SocioEcon,Antilock,Accident,4.697161418357188e-262
SocioEcon,Antilock,Accident,4.697161418357188e-262
SocioEcon,Antilock,Accident,4.697161418357188e-262
SocioEcon,Antilock,Accident,4.697161418357188e-262
SocioEcon,Antilock,Accident,4.697161418357188e-262
SocioEcon,Antilock,Accident,4.697161418357188e-262
SocioEcon,Antilock,Accident,4.697161418357188e-262
SocioEcon,Antilock,Accident,4.697161418357188e-262
SocioEcon,Antilock,Accident,4.697161418357188e-262
SocioEcon,Antilock,Accident,4.697161418357188e-262
SocioEcon,Antilock,Accident,4.697161418357188e-262
SocioEcon,Antilock,Accident,4.697161418357188e-262
SocioEcon,Antilock,Accident,4.697161418357188e-262
SocioEcon,Antilock,Accident,4.697161418357188e-262
SocioEcon,Antilock,Accident,4.697161418357188e-262
SocioEcon,Antilock,Accident,4.697161418357188e-262
SocioEcon,Antilock,Accident,4.697161418357188e-262
SocioEcon,Antilock,Accident,4.697161418357188e-262
SocioEcon,Antilock,Accident,4.697161418357188e-262
SocioEcon,DrivingSkill,RiskAversion,0.2462813123676697
SocioEcon,DrivingSkill,RiskAversion,0.2462813123676697
SocioEcon,DrivingSkill,RiskAversion,0.2462813123676697
SocioEcon,DrivingSkill,RiskAversion,0.2462813123676697
SocioEcon,ThisCarCost,Accident,1.8647756043831887e-190
SocioEcon,ThisCarCost,Accident,1.8647756043831887e-190
SocioEcon,ThisCarCost,Accident,1.8647756043831887e-190
SocioEcon,ThisCarCost,Accident,1.8647756043831887e-190
SocioEcon,ThisCarCost,Accident,1.8647756043831887e-190
SocioEcon,ThisCarCost,Accident,1.8647756043831887e-190
SocioEcon,ThisCarCost,Accident,1.8647756043831887e-190
SocioEcon,ThisCarCost,Accident,1.8647756043831887e-190
SocioEcon,ThisCarCost,Accident,1.8647756043831887e-190
SocioEcon,ThisCarCost,Accident,1.8647756043831887e-190
SocioEcon,ThisCarCost,Accident,1.8647756043831887e-190
SocioEcon,ThisCarCost,Accident,1.8647756043831887e-190
SocioEcon,ThisCarCost,Accident,1.8647756043831887e-190
SocioEcon,ThisCarCost,Accident,1.8647756043831887e-190
SocioEcon,ThisCarCost,Accident,1.8647756043831887e-190
SocioEcon,ThisCarCost,Accident,1.8647756043831887e-190
SocioEcon,ThisCarCost,Accident,1.8647756043831887e-190
SocioEcon,ThisCarCost,Accident,1.8647756043831887e-190
SocioEcon,ThisCarCost,Accident,1.8647756043831887e-190
SocioEcon,ThisCarCost,Accident,1.8647756043831887e-190
SocioEcon,CarValue,Accident,0.0
SocioEcon,CarValue,Accident,0.0
SocioEcon,CarValue,Accident,0.0
SocioEcon,CarValue,Accident,0.0
SocioEcon,CarValue,Accident,0.0
SocioEcon,CarValue,Accident,0.0
SocioEcon,CarValue,Accident,0.0
SocioEcon,CarValue,Accident,0.0
SocioEcon,CarValue,Accident,0.0
SocioEcon,CarValue,Accident,0.0
SocioEcon,CarValue,Accident,0.0
SocioEcon,CarValue,Accident,0.0
SocioEcon,CarValue,Accident,0.0
SocioEcon,CarValue,Accident,0.0
SocioEcon,CarValue,Accident,0.0
SocioEcon,CarValue,Accident,0.0
SocioEcon,CarValue,Accident,0.0
SocioEcon,CarValue,Accident,0.0
SocioEcon,CarValue,Accident,0.0
SocioEcon,CarValue,Accident,0.0
SocioEcon,HomeBase,Accident,0.0
SocioEcon,HomeBase,Accident,0.0
SocioEcon,HomeBase,Accident,0.0
SocioEcon,HomeBase,Accident,0.0
SocioEcon,HomeBase,Accident,0.0
SocioEcon,HomeBase,Accident,0.0
SocioEcon,HomeBase,Accident,0.0
SocioEcon,HomeBase,Accident,0.0
SocioEcon,HomeBase,Accident,0.0
SocioEcon,HomeBase,Accident,0.0
SocioEcon,HomeBase,Accident,0.0
SocioEcon,HomeBase,Accident,0.0
SocioEcon,HomeBase,Accident,0.0
SocioEcon,HomeBase,Accident,0.0
SocioEcon,HomeBase,Accident,0.0
SocioEcon,HomeBase,Accident,0.0
SocioEcon,HomeBase,Accident,0.0
SocioEcon,HomeBase,Accident,0.0
SocioEcon,HomeBase,Accident,0.0
SocioEcon,HomeBase,Accident,0.0
SocioEcon,AntiTheft,Accident,1.394939866100152e-130
SocioEcon,AntiTheft,Accident,1.394939866100152e-130
SocioEcon,AntiTheft,Accident,1.394939866100152e-130
SocioEcon,AntiTheft,Accident,1.394939866100152e-130
SocioEcon,AntiTheft,Accident,1.394939866100152e-130
SocioEcon,AntiTheft,Accident,1.394939866100152e-130
SocioEcon,AntiTheft,Accident,1.394939866100152e-130
SocioEcon,AntiTheft,Accident,1.394939866100152e-130
SocioEcon,AntiTheft,Accident,1.394939866100152e-130
SocioEcon,AntiTheft,Accident,1.394939866100152e-130
SocioEcon,AntiTheft,Accident,1.394939866100152e-130
SocioEcon,AntiTheft,Accident,1.394939866100152e-130
SocioEcon,AntiTheft,Accident,1.394939866100152e-130
SocioEcon,AntiTheft,Accident,1.394939866100152e-130
SocioEcon,AntiTheft,Accident,1.394939866100152e-130
SocioEcon,AntiTheft,Accident,1.394939866100152e-130
SocioEcon,AntiTheft,Accident,1.394939866100152e-130
SocioEcon,AntiTheft,Accident,1.394939866100152e-130
SocioEcon,AntiTheft,Accident,1.394939866100152e-130
SocioEcon,AntiTheft,Accident,1.394939866100152e-130
SocioEcon,PropCost,CarValue,0.6589073166012636
SocioEcon,PropCost,CarValue,0.6589073166012636
SocioEcon,OtherCarCost,Accident,0.0022552965952064162
SocioEcon,OtherCarCost,Accident,0.0022552965952064162
SocioEcon,OtherCarCost,Accident,0.0022552965952064162
SocioEcon,OtherCarCost,Accident,0.0022552965952064162
SocioEcon,OtherCarCost,Accident,0.0022552965952064162
SocioEcon,OtherCarCost,Accident,0.0022552965952064162
SocioEcon,OtherCarCost,Accident,0.0022552965952064162
SocioEcon,OtherCarCost,Accident,0.0022552965952064162
SocioEcon,OtherCarCost,Accident,0.0022552965952064162
SocioEcon,OtherCarCost,Accident,0.0022552965952064162
SocioEcon,OtherCarCost,Accident,0.0022552965952064162
SocioEcon,OtherCarCost,Accident,0.0022552965952064162
SocioEcon,OtherCarCost,Accident,0.0022552965952064162
SocioEcon,OtherCarCost,Accident,0.0022552965952064162
SocioEcon,OtherCarCost,Accident,0.0022552965952064162
SocioEcon,OtherCarCost,Accident,0.0022552965952064162
SocioEcon,OtherCarCost,Accident,0.0022552965952064162
SocioEcon,OtherCarCost,Accident,0.0022552965952064162
SocioEcon,OtherCarCost,Accident,0.0022552965952064162
SocioEcon,OtherCarCost,Accident,0.0022552965952064162
SocioEcon,OtherCar,Accident,3.574018166337718e-156
SocioEcon,OtherCar,Accident,3.574018166337718e-156
SocioEcon,OtherCar,Accident,3.574018166337718e-156
SocioEcon,OtherCar,Accident,3.574018166337718e-156
SocioEcon,OtherCar,Accident,3.574018166337718e-156
SocioEcon,OtherCar,Accident,3.574018166337718e-156
SocioEcon,OtherCar,Accident,3.574018166337718e-156
SocioEcon,OtherCar,Accident,3.574018166337718e-156
SocioEcon,OtherCar,Accident,3.574018166337718e-156
SocioEcon,OtherCar,Accident,3.574018166337718e-156
SocioEcon,OtherCar,Accident,3.574018166337718e-156
SocioEcon,OtherCar,Accident,3.574018166337718e-156
SocioEcon,OtherCar,Accident,3.574018166337718e-156
SocioEcon,OtherCar,Accident,3.574018166337718e-156
SocioEcon,OtherCar,Accident,3.574018166337718e-156
SocioEcon,OtherCar,Accident,3.574018166337718e-156
SocioEcon,OtherCar,Accident,3.574018166337718e-156
SocioEcon,OtherCar,Accident,3.574018166337718e-156
SocioEcon,OtherCar,Accident,3.574018166337718e-156
SocioEcon,OtherCar,Accident,3.574018166337718e-156
SocioEcon,MedCost,Cushioning,0.5121415256450985
SocioEcon,MedCost,Cushioning,0.5121415256450985
SocioEcon,MedCost,Cushioning,0.5121415256450985
SocioEcon,MedCost,Cushioning,0.5121415256450985
SocioEcon,MedCost,Cushioning,0.5121415256450985
SocioEcon,MedCost,Cushioning,0.5121415256450985
SocioEcon,MedCost,Cushioning,0.5121415256450985
SocioEcon,MedCost,Cushioning,0.5121415256450985
SocioEcon,MedCost,Cushioning,0.5121415256450985
SocioEcon,MedCost,Cushioning,0.5121415256450985
SocioEcon,MedCost,Cushioning,0.5121415256450985
SocioEcon,MedCost,Cushioning,0.5121415256450985
SocioEcon,Cushioning,Accident,2.1124838690344548e-132
SocioEcon,Cushioning,Accident,2.1124838690344548e-132
SocioEcon,Cushioning,Accident,2.1124838690344548e-132
SocioEcon,Cushioning,Accident,2.1124838690344548e-132
SocioEcon,Cushioning,Accident,2.1124838690344548e-132
SocioEcon,Cushioning,Accident,2.1124838690344548e-132
SocioEcon,Cushioning,Accident,2.1124838690344548e-132
SocioEcon,Cushioning,Accident,2.1124838690344548e-132
SocioEcon,Cushioning,Accident,2.1124838690344548e-132
SocioEcon,Cushioning,Accident,2.1124838690344548e-132
SocioEcon,Cushioning,Accident,2.1124838690344548e-132
SocioEcon,Cushioning,Accident,2.1124838690344548e-132
SocioEcon,Cushioning,Accident,2.1124838690344548e-132
SocioEcon,Cushioning,Accident,2.1124838690344548e-132
SocioEcon,Cushioning,Accident,2.1124838690344548e-132
SocioEcon,Cushioning,Accident,2.1124838690344548e-132
SocioEcon,Cushioning,Accident,2.1124838690344548e-132
SocioEcon,Cushioning,Accident,2.1124838690344548e-132
SocioEcon,Cushioning,Accident,2.1124838690344548e-132
SocioEcon,Cushioning,Accident,2.1124838690344548e-132
SocioEcon,Airbag,Accident,4.975044994348837e-259
SocioEcon,Airbag,Accident,4.975044994348837e-259
SocioEcon,Airbag,Accident,4.975044994348837e-259
SocioEcon,Airbag,Accident,4.975044994348837e-259
SocioEcon,Airbag,Accident,4.975044994348837e-259
SocioEcon,Airbag,Accident,4.975044994348837e-259
SocioEcon,Airbag,Accident,4.975044994348837e-259
SocioEcon,Airbag,Accident,4.975044994348837e-259
SocioEcon,Airbag,Accident,4.975044994348837e-259
SocioEcon,Airbag,Accident,4.975044994348837e-259
SocioEcon,Airbag,Accident,4.975044994348837e-259
SocioEcon,Airbag,Accident,4.975044994348837e-259
SocioEcon,Airbag,Accident,4.975044994348837e-259
SocioEcon,Airbag,Accident,4.975044994348837e-259
SocioEcon,Airbag,Accident,4.975044994348837e-259
SocioEcon,Airbag,Accident,4.975044994348837e-259
SocioEcon,Airbag,Accident,4.975044994348837e-259
SocioEcon,Airbag,Accident,4.975044994348837e-259
SocioEcon,Airbag,Accident,4.975044994348837e-259
SocioEcon,Airbag,Accident,4.975044994348837e-259
RiskAversion,DrivQuality,SocioEcon,3.46649251745757e-15
RiskAversion,DrivQuality,SocioEcon,3.46649251745757e-15
RiskAversion,DrivQuality,SocioEcon,3.46649251745757e-15
RiskAversion,DrivQuality,SocioEcon,3.46649251745757e-15
RiskAversion,DrivQuality,SocioEcon,3.46649251745757e-15
RiskAversion,DrivQuality,SocioEcon,3.46649251745757e-15
RiskAversion,DrivQuality,SocioEcon,3.46649251745757e-15
RiskAversion,DrivQuality,SocioEcon,3.46649251745757e-15
RiskAversion,DrivingSkill,SocioEcon,3.002498080818989e-94
RiskAversion,DrivingSkill,SocioEcon,3.002498080818989e-94
RiskAversion,DrivingSkill,SocioEcon,3.002498080818989e-94
RiskAversion,DrivingSkill,SocioEcon,3.002498080818989e-94
RiskAversion,DrivingSkill,SocioEcon,3.002498080818989e-94
RiskAversion,DrivingSkill,SocioEcon,3.002498080818989e-94
RiskAversion,DrivingSkill,SocioEcon,3.002498080818989e-94
RiskAversion,DrivingSkill,SocioEcon,3.002498080818989e-94
RiskAversion,SeniorTrain,SocioEcon,1.1892489331729645e-103
RiskAversion,SeniorTrain,SocioEcon,1.1892489331729645e-103
RiskAversion,SeniorTrain,SocioEcon,1.1892489331729645e-103
RiskAversion,SeniorTrain,SocioEcon,1.1892489331729645e-103
RiskAversion,SeniorTrain,SocioEcon,1.1892489331729645e-103
RiskAversion,SeniorTrain,SocioEcon,1.1892489331729645e-103
RiskAversion,SeniorTrain,SocioEcon,1.1892489331729645e-103
RiskAversion,SeniorTrain,SocioEcon,1.1892489331729645e-103
RiskAversion,HomeBase,SocioEcon,0.0
RiskAversion,HomeBase,SocioEcon,0.0
RiskAversion,HomeBase,SocioEcon,0.0
RiskAversion,HomeBase,SocioEcon,0.0
RiskAversion,HomeBase,SocioEcon,0.0
RiskAversion,HomeBase,SocioEcon,0.0
RiskAversion,HomeBase,SocioEcon,0.0
RiskAversion,HomeBase,SocioEcon,0.0
RiskAversion,AntiTheft,SocioEcon,0.0
RiskAversion,AntiTheft,SocioEcon,0.0
RiskAversion,AntiTheft,SocioEcon,0.0
RiskAversion,AntiTheft,SocioEcon,0.0
RiskAversion,AntiTheft,SocioEcon,0.0
RiskAversion,AntiTheft,SocioEcon,0.0
RiskAversion,AntiTheft,SocioEcon,0.0
RiskAversion,AntiTheft,SocioEcon,0.0
RiskAversion,DrivHist,SocioEcon,6.44695195664333e-89
RiskAversion,DrivHist,SocioEcon,6.44695195664333e-89
RiskAversion,DrivHist,SocioEcon,6.44695195664333e-89
RiskAversion,DrivHist,SocioEcon,6.44695195664333e-89
RiskAversion,DrivHist,SocioEcon,6.44695195664333e-89
RiskAversion,DrivHist,SocioEcon,6.44695195664333e-89
RiskAversion,DrivHist,SocioEcon,6.44695195664333e-89
RiskAversion,DrivHist,SocioEcon,6.44695195664333e-89
VehicleYear,ThisCarDam,MedCost,0.15296639667119374
VehicleYear,RuggedAuto,Accident,5.277536263427725e-50
VehicleYear,RuggedAuto,Accident,5.277536263427725e-50
VehicleYear,RuggedAuto,Accident,5.277536263427725e-50
VehicleYear,RuggedAuto,Accident,5.277536263427725e-50
VehicleYear,RuggedAuto,Accident,5.277536263427725e-50
VehicleYear,RuggedAuto,Accident,5.277536263427725e-50
VehicleYear,RuggedAuto,Accident,5.277536263427725e-50
VehicleYear,RuggedAuto,Accident,5.277536263427725e-50
VehicleYear,RuggedAuto,Accident,5.277536263427725e-50
VehicleYear,RuggedAuto,Accident,5.277536263427725e-50
VehicleYear,RuggedAuto,Accident,5.277536263427725e-50
VehicleYear,RuggedAuto,Accident,5.277536263427725e-50
VehicleYear,RuggedAuto,Accident,5.277536263427725e-50
VehicleYear,RuggedAuto,Accident,5.277536263427725e-50
VehicleYear,RuggedAuto,Accident,5.277536263427725e-50
VehicleYear,RuggedAuto,Accident,5.277536263427725e-50
VehicleYear,RuggedAuto,Accident,5.277536263427725e-50
VehicleYear,Accident,MedCost,0.12068222615229714
VehicleYear,MakeModel,SocioEcon,0.8706090291245047
VehicleYear,MakeModel,SocioEcon,0.8706090291245047
VehicleYear,MakeModel,SocioEcon,0.8706090291245047
VehicleYear,MakeModel,SocioEcon,0.8706090291245047
VehicleYear,MakeModel,SocioEcon,0.8706090291245047
VehicleYear,DrivQuality,CarValue,0.3015797765064684
VehicleYear,DrivQuality,CarValue,0.3015797765064684
VehicleYear,Antilock,Accident,0.0
VehicleYear,Antilock,Accident,0.0
VehicleYear,Antilock,Accident,0.0
VehicleYear,Antilock,Accident,0.0
VehicleYear,Antilock,Accident,0.0
VehicleYear,Antilock,Accident,0.0
VehicleYear,Antilock,Accident,0.0
VehicleYear,Antilock,Accident,0.0
VehicleYear,Antilock,Accident,0.0
VehicleYear,Antilock,Accident,0.0
VehicleYear,Antilock,Accident,0.0
VehicleYear,Antilock,Accident,0.0
VehicleYear,Antilock,Accident,0.0
VehicleYear,Antilock,Accident,0.0
VehicleYear,Antilock,Accident,0.0
VehicleYear,Antilock,Accident,0.0
VehicleYear,Antilock,Accident,0.0
VehicleYear,ThisCarCost,Accident,1.4246415111588137e-289
VehicleYear,ThisCarCost,Accident,1.4246415111588137e-289
VehicleYear,ThisCarCost,Accident,1.4246415111588137e-289
VehicleYear,ThisCarCost,Accident,1.4246415111588137e-289
VehicleYear,ThisCarCost,Accident,1.4246415111588137e-289
VehicleYear,ThisCarCost,Accident,1.4246415111588137e-289
VehicleYear,ThisCarCost,Accident,1.4246415111588137e-289
VehicleYear,ThisCarCost,Accident,1.4246415111588137e-289
VehicleYear,ThisCarCost,Accident,1.4246415111588137e-289
VehicleYear,ThisCarCost,Accident,1.4246415111588137e-289
VehicleYear,ThisCarCost,Accident,1.4246415111588137e-289
VehicleYear,ThisCarCost,Accident,1.4246415111588137e-289
VehicleYear,ThisCarCost,Accident,1.4246415111588137e-289
VehicleYear,ThisCarCost,Accident,1.4246415111588137e-289
VehicleYear,ThisCarCost,Accident,1.4246415111588137e-289
VehicleYear,ThisCarCost,Accident,1.4246415111588137e-289
VehicleYear,ThisCarCost,Accident,1.4246415111588137e-289
VehicleYear,CarValue,Accident,0.0
VehicleYear,CarValue,Accident,0.0
VehicleYear,CarValue,Accident,0.0
VehicleYear,CarValue,Accident,0.0
VehicleYear,CarValue,Accident,0.0
VehicleYear,CarValue,Accident,0.0
VehicleYear,CarValue,Accident,0.0
VehicleYear,CarValue,Accident,0.0
VehicleYear,CarValue,Accident,0.0
VehicleYear,CarValue,Accident,0.0
VehicleYear,CarValue,Accident,0.0
VehicleYear,CarValue,Accident,0.0
VehicleYear,CarValue,Accident,0.0
VehicleYear,CarValue,Accident,0.0
VehicleYear,CarValue,Accident,0.0
VehicleYear,CarValue,Accident,0.0
VehicleYear,CarValue,Accident,0.0
VehicleYear,HomeBase,SocioEcon,0.6539282678345881
VehicleYear,HomeBase,SocioEcon,0.6539282678345881
VehicleYear,HomeBase,SocioEcon,0.6539282678345881
VehicleYear,HomeBase,SocioEcon,0.6539282678345881
VehicleYear,AntiTheft,SocioEcon,0.950702196658353
VehicleYear,AntiTheft,SocioEcon,0.950702196658353
VehicleYear,AntiTheft,SocioEcon,0.950702196658353
VehicleYear,AntiTheft,SocioEcon,0.950702196658353
VehicleYear,AntiTheft,SocioEcon,0.950702196658353
VehicleYear,PropCost,CarValue,0.730892244203641
VehicleYear,PropCost,CarValue,0.730892244203641
VehicleYear,OtherCarCost,MedCost,0.5783327806794252
VehicleYear,OtherCar,CarValue,0.3446856106286
VehicleYear,OtherCar,CarValue,0.3446856106286
VehicleYear,MedCost,Cushioning,0.410412203967158
VehicleYear,MedCost,Cushioning,0.410412203967158
VehicleYear,MedCost,Cushioning,0.410412203967158
VehicleYear,MedCost,Cushioning,0.410412203967158
VehicleYear,MedCost,Cushioning,0.410412203967158
VehicleYear,MedCost,Cushioning,0.410412203967158
VehicleYear,MedCost,Cushioning,0.410412203967158
VehicleYear,MedCost,Cushioning,0.410412203967158
VehicleYear,MedCost,Cushioning,0.410412203967158
VehicleYear,MedCost,Cushioning,0.410412203967158
VehicleYear,Cushioning,Accident,4.827336297082021e-159
VehicleYear,Cushioning,Accident,4.827336297082021e-159
VehicleYear,Cushioning,Accident,4.827336297082021e-159
VehicleYear,Cushioning,Accident,4.827336297082021e-159
VehicleYear,Cushioning,Accident,4.827336297082021e-159
VehicleYear,Cushioning,Accident,4.827336297082021e-159
VehicleYear,Cushioning,Accident,4.827336297082021e-159
VehicleYear,Cushioning,Accident,4.827336297082021e-159
VehicleYear,Cushioning,Accident,4.827336297082021e-159
VehicleYear,Cushioning,Accident,4.827336297082021e-159
VehicleYear,Cushioning,Accident,4.827336297082021e-159
VehicleYear,Cushioning,Accident,4.827336297082021e-159
VehicleYear,Cushioning,Accident,4.827336297082021e-159
VehicleYear,Cushioning,Accident,4.827336297082021e-159
VehicleYear,Cushioning,Accident,4.827336297082021e-159
VehicleYear,Cushioning,Accident,4.827336297082021e-159
VehicleYear,Cushioning,Accident,4.827336297082021e-159
VehicleYear,Airbag,Accident,0.0
VehicleYear,Airbag,Accident,0.0
VehicleYear,Airbag,Accident,0.0
VehicleYear,Airbag,Accident,0.0
VehicleYear,Airbag,Accident,0.0
VehicleYear,Airbag,Accident,0.0
VehicleYear,Airbag,Accident,0.0
VehicleYear,Airbag,Accident,0.0
VehicleYear,Airbag,Accident,0.0
VehicleYear,Airbag,Accident,0.0
VehicleYear,Airbag,Accident,0.0
VehicleYear,Airbag,Accident,0.0
VehicleYear,Airbag,Accident,0.0
VehicleYear,Airbag,Accident,0.0
VehicleYear,Airbag,Accident,0.0
VehicleYear,Airbag,Accident,0.0
VehicleYear,Airbag,Accident,0.0
ThisCarDam,RuggedAuto,Accident,9.249749766465714e-234
ThisCarDam,RuggedAuto,Accident,9.249749766465714e-234
ThisCarDam,RuggedAuto,Accident,9.249749766465714e-234
ThisCarDam,RuggedAuto,Accident,9.249749766465714e-234
ThisCarDam,RuggedAuto,Accident,9.249749766465714e-234
ThisCarDam,RuggedAuto,Accident,9.249749766465714e-234
ThisCarDam,RuggedAuto,Accident,9.249749766465714e-234
ThisCarDam,RuggedAuto,Accident,9.249749766465714e-234
ThisCarDam,RuggedAuto,Accident,9.249749766465714e-234
ThisCarDam,RuggedAuto,Accident,9.249749766465714e-234
ThisCarDam,RuggedAuto,Accident,9.249749766465714e-234
ThisCarDam,RuggedAuto,Accident,9.249749766465714e-234
ThisCarDam,RuggedAuto,Accident,9.249749766465714e-234
ThisCarDam,RuggedAuto,Accident,9.249749766465714e-234
ThisCarDam,RuggedAuto,Accident,9.249749766465714e-234
ThisCarDam,RuggedAuto,Accident,9.249749766465714e-234
ThisCarDam,RuggedAuto,Accident,9.249749766465714e-234
ThisCarDam,RuggedAuto,Accident,9.249749766465714e-234
ThisCarDam,RuggedAuto,Accident,9.249749766465714e-234
ThisCarDam,RuggedAuto,Accident,9.249749766465714e-234
ThisCarDam,RuggedAuto,Accident,9.249749766465714e-234
ThisCarDam,RuggedAuto,Accident,9.249749766465714e-234
ThisCarDam,RuggedAuto,Accident,9.249749766465714e-234
ThisCarDam,Accident,Airbag,0.0
ThisCarDam,Accident,Airbag,0.0
ThisCarDam,Accident,Airbag,0.0
ThisCarDam,Accident,Airbag,0.0
ThisCarDam,Accident,Airbag,0.0
ThisCarDam,Accident,Airbag,0.0
ThisCarDam,Accident,Airbag,0.0
ThisCarDam,Accident,Airbag,0.0
ThisCarDam,Accident,Airbag,0.0
ThisCarDam,Accident,Airbag,0.0
ThisCarDam,Accident,Airbag,0.0
ThisCarDam,Accident,Airbag,0.0
ThisCarDam,Accident,Airbag,0.0
ThisCarDam,Accident,Airbag,0.0
ThisCarDam,Accident,Airbag,0.0
ThisCarDam,Accident,Airbag,0.0
ThisCarDam,Accident,Airbag,0.0
ThisCarDam,Accident,Airbag,0.0
ThisCarDam,Accident,Airbag,0.0
ThisCarDam,Accident,Airbag,0.0
ThisCarDam,Accident,Airbag,0.0
ThisCarDam,Accident,Airbag,0.0
ThisCarDam,Accident,Airbag,0.0
ThisCarDam,MakeModel,CarValue,0.4270387092876522
ThisCarDam,MakeModel,CarValue,0.4270387092876522
ThisCarDam,MakeModel,CarValue,0.4270387092876522
ThisCarDam,DrivQuality,Accident,0.4963814536717781
ThisCarDam,DrivQuality,Accident,0.4963814536717781
ThisCarDam,DrivQuality,Accident,0.4963814536717781
ThisCarDam,DrivQuality,Accident,0.4963814536717781
ThisCarDam,DrivQuality,Accident,0.4963814536717781
ThisCarDam,DrivQuality,Accident,0.4963814536717781
ThisCarDam,DrivQuality,Accident,0.4963814536717781
ThisCarDam,DrivQuality,Accident,0.4963814536717781
ThisCarDam,DrivQuality,Accident,0.4963814536717781
ThisCarDam,DrivQuality,Accident,0.4963814536717781
ThisCarDam,DrivQuality,Accident,0.4963814536717781
ThisCarDam,DrivQuality,Accident,0.4963814536717781
ThisCarDam,DrivQuality,Accident,0.4963814536717781
ThisCarDam,DrivQuality,Accident,0.4963814536717781
ThisCarDam,DrivQuality,Accident,0.4963814536717781
ThisCarDam,DrivQuality,Accident,0.4963814536717781
ThisCarDam,DrivQuality,Accident,0.4963814536717781
ThisCarDam,DrivQuality,Accident,0.4963814536717781
ThisCarDam,DrivQuality,Accident,0.4963814536717781
ThisCarDam,DrivQuality,Accident,0.4963814536717781
ThisCarDam,DrivQuality,Accident,0.4963814536717781
ThisCarDam,DrivQuality,Accident,0.4963814536717781
ThisCarDam,DrivQuality,Accident,0.4963814536717781
ThisCarDam,Mileage,Accident,0.8787844721218601
ThisCarDam,Mileage,Accident,0.8787844721218601
ThisCarDam,Mileage,Accident,0.8787844721218601
ThisCarDam,Mileage,Accident,0.8787844721218601
ThisCarDam,Mileage,Accident,0.8787844721218601
ThisCarDam,Mileage,Accident,0.8787844721218601
ThisCarDam,Mileage,Accident,0.8787844721218601
ThisCarDam,Mileage,Accident,0.8787844721218601
ThisCarDam,Mileage,Accident,0.8787844721218601
ThisCarDam,Mileage,Accident,0.8787844721218601
ThisCarDam,Mileage,Accident,0.8787844721218601
ThisCarDam,Mileage,Accident,0.8787844721218601
ThisCarDam,Mileage,Accident,0.8787844721218601
ThisCarDam,Mileage,Accident,0.8787844721218601
ThisCarDam,Mileage,Accident,0.8787844721218601
ThisCarDam,Mileage,Accident,0.8787844721218601
ThisCarDam,Mileage,Accident,0.8787844721218601
ThisCarDam,Mileage,Accident,0.8787844721218601
ThisCarDam,Mileage,Accident,0.8787844721218601
ThisCarDam,Mileage,Accident,0.8787844721218601
ThisCarDam,Mileage,Accident,0.8787844721218601
ThisCarDam,Mileage,Accident,0.8787844721218601
ThisCarDam,Mileage,Accident,0.8787844721218601
ThisCarDam,Antilock,Accident,0.6812622520238331
ThisCarDam,Antilock,Accident,0.6812622520238331
ThisCarDam,Antilock,Accident,0.6812622520238331
ThisCarDam,Antilock,Accident,0.6812622520238331
ThisCarDam,Antilock,Accident,0.6812622520238331
ThisCarDam,Antilock,Accident,0.6812622520238331
ThisCarDam,Antilock,Accident,0.6812622520238331
ThisCarDam,Antilock,Accident,0.6812622520238331
ThisCarDam,Antilock,Accident,0.6812622520238331
ThisCarDam,Antilock,Accident,0.6812622520238331
ThisCarDam,Antilock,Accident,0.6812622520238331
ThisCarDam,Antilock,Accident,0.6812622520238331
ThisCarDam,Antilock,Accident,0.6812622520238331
ThisCarDam,Antilock,Accident,0.6812622520238331
ThisCarDam,Antilock,Accident,0.6812622520238331
ThisCarDam,Antilock,Accident,0.6812622520238331
ThisCarDam,Antilock,Accident,0.6812622520238331
ThisCarDam,Antilock,Accident,0.6812622520238331
ThisCarDam,Antilock,Accident,0.6812622520238331
ThisCarDam,Antilock,Accident,0.6812622520238331
ThisCarDam,Antilock,Accident,0.6812622520238331
ThisCarDam,Antilock,Accident,0.6812622520238331
ThisCarDam,Antilock,Accident,0.6812622520238331
ThisCarDam,DrivingSkill,DrivQuality,0.68665391541045
ThisCarDam,DrivingSkill,DrivQuality,0.68665391541045
ThisCarDam,DrivingSkill,DrivQuality,0.68665391541045
ThisCarDam,DrivingSkill,DrivQuality,0.68665391541045
ThisCarDam,DrivingSkill,DrivQuality,0.68665391541045
ThisCarDam,DrivingSkill,DrivQuality,0.68665391541045
ThisCarDam,DrivingSkill,DrivQuality,0.68665391541045
ThisCarDam,DrivingSkill,DrivQuality,0.68665391541045
ThisCarDam,DrivingSkill,DrivQuality,0.68665391541045
ThisCarDam,DrivingSkill,DrivQuality,0.68665391541045
ThisCarDam,DrivingSkill,DrivQuality,0.68665391541045
ThisCarDam,DrivingSkill,DrivQuality,0.68665391541045
ThisCarDam,DrivingSkill,DrivQuality,0.68665391541045
ThisCarDam,DrivingSkill,DrivQuality,0.68665391541045
ThisCarDam,DrivingSkill,DrivQuality,0.68665391541045
ThisCarDam,DrivingSkill,DrivQuality,0.68665391541045
ThisCarDam,DrivingSkill,DrivQuality,0.68665391541045
ThisCarDam,DrivingSkill,DrivQuality,0.68665391541045
ThisCarDam,DrivingSkill,DrivQuality,0.68665391541045
ThisCarDam,SeniorTrain,DrivHist,0.10884581607681247
ThisCarDam,SeniorTrain,DrivHist,0.10884581607681247
ThisCarDam,ThisCarCost,Accident,0.0
ThisCarDam,ThisCarCost,Accident,0.0
ThisCarDam,ThisCarCost,Accident,0.0
ThisCarDam,ThisCarCost,Accident,0.0
ThisCarDam,ThisCarCost,Accident,0.0
ThisCarDam,ThisCarCost,Accident,0.0
ThisCarDam,ThisCarCost,Accident,0.0
ThisCarDam,ThisCarCost,Accident,0.0
ThisCarDam,ThisCarCost,Accident,0.0
ThisCarDam,ThisCarCost,Accident,0.0
ThisCarDam,ThisCarCost,Accident,0.0
ThisCarDam,ThisCarCost,Accident,0.0
ThisCarDam,ThisCarCost,Accident,0.0
ThisCarDam,ThisCarCost,Accident,0.0
ThisCarDam,ThisCarCost,Accident,0.0
ThisCarDam,ThisCarCost,Accident,0.0
ThisCarDam,ThisCarCost,Accident,0.0
ThisCarDam,ThisCarCost,Accident,0.0
ThisCarDam,ThisCarCost,Accident,0.0
ThisCarDam,ThisCarCost,Accident,0.0
ThisCarDam,ThisCarCost,Accident,0.0
ThisCarDam,ThisCarCost,Accident,0.0
ThisCarDam,ThisCarCost,Accident,0.0
ThisCarDam,CarValue,Antilock,0.1841272311078173
ThisCarDam,CarValue,Antilock,0.1841272311078173
ThisCarDam,CarValue,Antilock,0.1841272311078173
ThisCarDam,CarValue,Antilock,0.1841272311078173
ThisCarDam,CarValue,Antilock,0.1841272311078173
ThisCarDam,CarValue,Antilock,0.1841272311078173
ThisCarDam,CarValue,Antilock,0.1841272311078173
ThisCarDam,HomeBase,MedCost,0.6732532103919953
ThisCarDam,AntiTheft,MedCost,0.06960841610829686
ThisCarDam,PropCost,Accident,9.867451000007294e-76
ThisCarDam,PropCost,Accident,9.867451000007294e-76
ThisCarDam,PropCost,Accident,9.867451000007294e-76
ThisCarDam,PropCost,Accident,9.867451000007294e-76
ThisCarDam,PropCost,Accident,9.867451000007294e-76
ThisCarDam,PropCost,Accident,9.867451000007294e-76
ThisCarDam,PropCost,Accident,9.867451000007294e-76
ThisCarDam,PropCost,Accident,9.867451000007294e-76
ThisCarDam,PropCost,Accident,9.867451000007294e-76
ThisCarDam,PropCost,Accident,9.867451000007294e-76
ThisCarDam,PropCost,Accident,9.867451000007294e-76
ThisCarDam,PropCost,Accident,9.867451000007294e-76
ThisCarDam,PropCost,Accident,9.867451000007294e-76
ThisCarDam,PropCost,Accident,9.867451000007294e-76
ThisCarDam,PropCost,Accident,9.867451000007294e-76
ThisCarDam,PropCost,Accident,9.867451000007294e-76
ThisCarDam,PropCost,Accident,9.867451000007294e-76
ThisCarDam,PropCost,Accident,9.867451000007294e-76
ThisCarDam,PropCost,Accident,9.867451000007294e-76
ThisCarDam,PropCost,Accident,9.867451000007294e-76
ThisCarDam,PropCost,Accident,9.867451000007294e-76
ThisCarDam,PropCost,Accident,9.867451000007294e-76
ThisCarDam,PropCost,Accident,9.867451000007294e-76
ThisCarDam,OtherCarCost,Accident,1.5603656547173838e-12
ThisCarDam,OtherCarCost,Accident,1.5603656547173838e-12
ThisCarDam,OtherCarCost,Accident,1.5603656547173838e-12
ThisCarDam,OtherCarCost,Accident,1.5603656547173838e-12
ThisCarDam,OtherCarCost,Accident,1.5603656547173838e-12
ThisCarDam,OtherCarCost,Accident,1.5603656547173838e-12
ThisCarDam,OtherCarCost,Accident,1.5603656547173838e-12
ThisCarDam,OtherCarCost,Accident,1.5603656547173838e-12
ThisCarDam,OtherCarCost,Accident,1.5603656547173838e-12
ThisCarDam,OtherCarCost,Accident,1.5603656547173838e-12
ThisCarDam,OtherCarCost,Accident,1.5603656547173838e-12
ThisCarDam,OtherCarCost,Accident,1.5603656547173838e-12
ThisCarDam,OtherCarCost,Accident,1.5603656547173838e-12
ThisCarDam,OtherCarCost,Accident,1.5603656547173838e-12
ThisCarDam,OtherCarCost,Accident,1.5603656547173838e-12
ThisCarDam,OtherCarCost,Accident,1.5603656547173838e-12
ThisCarDam,OtherCarCost,Accident,1.5603656547173838e-12
ThisCarDam,OtherCarCost,Accident,1.5603656547173838e-12
ThisCarDam,OtherCarCost,Accident,1.5603656547173838e-12
ThisCarDam,OtherCarCost,Accident,1.5603656547173838e-12
ThisCarDam,OtherCarCost,Accident,1.5603656547173838e-12
ThisCarDam,OtherCarCost,Accident,1.5603656547173838e-12
ThisCarDam,OtherCarCost,Accident,1.5603656547173838e-12
ThisCarDam,OtherCar,MedCost,0.20947297070847587
ThisCarDam,MedCost,Accident,1.1725030577170367e-29
ThisCarDam,MedCost,Accident,1.1725030577170367e-29
ThisCarDam,MedCost,Accident,1.1725030577170367e-29
ThisCarDam,MedCost,Accident,1.1725030577170367e-29
ThisCarDam,MedCost,Accident,1.1725030577170367e-29
ThisCarDam,MedCost,Accident,1.1725030577170367e-29
ThisCarDam,MedCost,Accident,1.1725030577170367e-29
ThisCarDam,MedCost,Accident,1.1725030577170367e-29
ThisCarDam,MedCost,Accident,1.1725030577170367e-29
ThisCarDam,MedCost,Accident,1.1725030577170367e-29
ThisCarDam,MedCost,Accident,1.1725030577170367e-29
ThisCarDam,MedCost,Accident,1.1725030577170367e-29
ThisCarDam,MedCost,Accident,1.1725030577170367e-29
ThisCarDam,MedCost,Accident,1.1725030577170367e-29
ThisCarDam,MedCost,Accident,1.1725030577170367e-29
ThisCarDam,MedCost,Accident,1.1725030577170367e-29
ThisCarDam,MedCost,Accident,1.1725030577170367e-29
ThisCarDam,MedCost,Accident,1.1725030577170367e-29
ThisCarDam,MedCost,Accident,1.1725030577170367e-29
ThisCarDam,MedCost,Accident,1.1725030577170367e-29
ThisCarDam,MedCost,Accident,1.1725030577170367e-29
ThisCarDam,MedCost,Accident,1.1725030577170367e-29
ThisCarDam,MedCost,Accident,1.1725030577170367e-29
ThisCarDam,Cushioning,RuggedAuto,0.7668971134742604
ThisCarDam,Cushioning,RuggedAuto,0.7668971134742604
ThisCarDam,Cushioning,RuggedAuto,0.7668971134742604
ThisCarDam,Cushioning,RuggedAuto,0.7668971134742604
ThisCarDam,Cushioning,RuggedAuto,0.7668971134742604
ThisCarDam,Cushioning,RuggedAuto,0.7668971134742604
ThisCarDam,Airbag,MedCost,0.30604982070349146
ThisCarDam,ILiCost,Accident,0.00034237767013400275
ThisCarDam,ILiCost,Accident,0.00034237767013400275
ThisCarDam,ILiCost,Accident,0.00034237767013400275
ThisCarDam,ILiCost,Accident,0.00034237767013400275
ThisCarDam,ILiCost,Accident,0.00034237767013400275
ThisCarDam,ILiCost,Accident,0.00034237767013400275
ThisCarDam,ILiCost,Accident,0.00034237767013400275
ThisCarDam,ILiCost,Accident,0.00034237767013400275
ThisCarDam,ILiCost,Accident,0.00034237767013400275
ThisCarDam,ILiCost,Accident,0.00034237767013400275
ThisCarDam,ILiCost,Accident,0.00034237767013400275
ThisCarDam,ILiCost,Accident,0.00034237767013400275
ThisCarDam,ILiCost,Accident,0.00034237767013400275
ThisCarDam,ILiCost,Accident,0.00034237767013400275
ThisCarDam,ILiCost,Accident,0.00034237767013400275
ThisCarDam,ILiCost,Accident,0.00034237767013400275
ThisCarDam,ILiCost,Accident,0.00034237767013400275
ThisCarDam,ILiCost,Accident,0.00034237767013400275
ThisCarDam,ILiCost,Accident,0.00034237767013400275
ThisCarDam,ILiCost,Accident,0.00034237767013400275
ThisCarDam,ILiCost,Accident,0.00034237767013400275
ThisCarDam,ILiCost,Accident,0.00034237767013400275
ThisCarDam,ILiCost,Accident,0.00034237767013400275
ThisCarDam,DrivHist,DrivingSkill,0.39322485705844673
ThisCarDam,DrivHist,DrivingSkill,0.39322485705844673
ThisCarDam,DrivHist,DrivingSkill,0.39322485705844673
ThisCarDam,DrivHist,DrivingSkill,0.39322485705844673
ThisCarDam,DrivHist,DrivingSkill,0.39322485705844673
ThisCarDam,DrivHist,DrivingSkill,0.39322485705844673
ThisCarDam,DrivHist,DrivingSkill,0.39322485705844673
ThisCarDam,DrivHist,DrivingSkill,0.39322485705844673
RuggedAuto,Accident,Airbag,1.6104880305903593e-20
RuggedAuto,Accident,Airbag,1.6104880305903593e-20
RuggedAuto,Accident,Airbag,1.6104880305903593e-20
RuggedAuto,Accident,Airbag,1.6104880305903593e-20
RuggedAuto,Accident,Airbag,1.6104880305903593e-20
RuggedAuto,Accident,Airbag,1.6104880305903593e-20
RuggedAuto,Accident,Airbag,1.6104880305903593e-20
RuggedAuto,Accident,Airbag,1.6104880305903593e-20
RuggedAuto,Accident,Airbag,1.6104880305903593e-20
RuggedAuto,Accident,Airbag,1.6104880305903593e-20
RuggedAuto,Accident,Airbag,1.6104880305903593e-20
RuggedAuto,Accident,Airbag,1.6104880305903593e-20
RuggedAuto,Accident,Airbag,1.6104880305903593e-20
RuggedAuto,Accident,Airbag,1.6104880305903593e-20
RuggedAuto,Accident,Airbag,1.6104880305903593e-20
RuggedAuto,Accident,Airbag,1.6104880305903593e-20
RuggedAuto,Accident,Airbag,1.6104880305903593e-20
RuggedAuto,MakeModel,Accident,0.0
RuggedAuto,MakeModel,Accident,0.0
RuggedAuto,MakeModel,Accident,0.0
RuggedAuto,MakeModel,Accident,0.0
RuggedAuto,MakeModel,Accident,0.0
RuggedAuto,MakeModel,Accident,0.0
RuggedAuto,MakeModel,Accident,0.0
RuggedAuto,MakeModel,Accident,0.0
RuggedAuto,MakeModel,Accident,0.0
RuggedAuto,MakeModel,Accident,0.0
RuggedAuto,MakeModel,Accident,0.0
RuggedAuto,MakeModel,Accident,0.0
RuggedAuto,MakeModel,Accident,0.0
RuggedAuto,MakeModel,Accident,0.0
RuggedAuto,MakeModel,Accident,0.0
RuggedAuto,MakeModel,Accident,0.0
RuggedAuto,MakeModel,Accident,0.0
RuggedAuto,Antilock,Accident,5.315340284350639e-06
RuggedAuto,Antilock,Accident,5.315340284350639e-06
RuggedAuto,Antilock,Accident,5.315340284350639e-06
RuggedAuto,Antilock,Accident,5.315340284350639e-06
RuggedAuto,Antilock,Accident,5.315340284350639e-06
RuggedAuto,Antilock,Accident,5.315340284350639e-06
RuggedAuto,Antilock,Accident,5.315340284350639e-06
RuggedAuto,Antilock,Accident,5.315340284350639e-06
RuggedAuto,Antilock,Accident,5.315340284350639e-06
RuggedAuto,Antilock,Accident,5.315340284350639e-06
RuggedAuto,Antilock,Accident,5.315340284350639e-06
RuggedAuto,Antilock,Accident,5.315340284350639e-06
RuggedAuto,Antilock,Accident,5.315340284350639e-06
RuggedAuto,Antilock,Accident,5.315340284350639e-06
RuggedAuto,Antilock,Accident,5.315340284350639e-06
RuggedAuto,Antilock,Accident,5.315340284350639e-06
RuggedAuto,Antilock,Accident,5.315340284350639e-06
RuggedAuto,ThisCarCost,Accident,2.2408010743176675e-125
RuggedAuto,ThisCarCost,Accident,2.2408010743176675e-125
RuggedAuto,ThisCarCost,Accident,2.2408010743176675e-125
RuggedAuto,ThisCarCost,Accident,2.2408010743176675e-125
RuggedAuto,ThisCarCost,Accident,2.2408010743176675e-125
RuggedAuto,ThisCarCost,Accident,2.2408010743176675e-125
RuggedAuto,ThisCarCost,Accident,2.2408010743176675e-125
RuggedAuto,ThisCarCost,Accident,2.2408010743176675e-125
RuggedAuto,ThisCarCost,Accident,2.2408010743176675e-125
RuggedAuto,ThisCarCost,Accident,2.2408010743176675e-125
RuggedAuto,ThisCarCost,Accident,2.2408010743176675e-125
RuggedAuto,ThisCarCost,Accident,2.2408010743176675e-125
RuggedAuto,ThisCarCost,Accident,2.2408010743176675e-125
RuggedAuto,ThisCarCost,Accident,2.2408010743176675e-125
RuggedAuto,ThisCarCost,Accident,2.2408010743176675e-125
RuggedAuto,ThisCarCost,Accident,2.2408010743176675e-125
RuggedAuto,ThisCarCost,Accident,2.2408010743176675e-125
RuggedAuto,CarValue,Accident,3.3628363370168e-67
RuggedAuto,CarValue,Accident,3.3628363370168e-67
RuggedAuto,CarValue,Accident,3.3628363370168e-67
RuggedAuto,CarValue,Accident,3.3628363370168e-67
RuggedAuto,CarValue,Accident,3.3628363370168e-67
RuggedAuto,CarValue,Accident,3.3628363370168e-67
RuggedAuto,CarValue,Accident,3.3628363370168e-67
RuggedAuto,CarValue,Accident,3.3628363370168e-67
RuggedAuto,CarValue,Accident,3.3628363370168e-67
RuggedAuto,CarValue,Accident,3.3628363370168e-67
RuggedAuto,CarValue,Accident,3.3628363370168e-67
RuggedAuto,CarValue,Accident,3.3628363370168e-67
RuggedAuto,CarValue,Accident,3.3628363370168e-67
RuggedAuto,CarValue,Accident,3.3628363370168e-67
RuggedAuto,CarValue,Accident,3.3628363370168e-67
RuggedAuto,CarValue,Accident,3.3628363370168e-67
RuggedAuto,CarValue,Accident,3.3628363370168e-67
RuggedAuto,HomeBase,SocioEcon,0.27181373196756065
RuggedAuto,HomeBase,SocioEcon,0.27181373196756065
RuggedAuto,HomeBase,SocioEcon,0.27181373196756065
RuggedAuto,HomeBase,SocioEcon,0.27181373196756065
RuggedAuto,AntiTheft,HomeBase,0.07976573141573312
RuggedAuto,AntiTheft,HomeBase,0.07976573141573312
RuggedAuto,AntiTheft,HomeBase,0.07976573141573312
RuggedAuto,PropCost,Accident,1.3682008669563393e-20
RuggedAuto,PropCost,Accident,1.3682008669563393e-20
RuggedAuto,PropCost,Accident,1.3682008669563393e-20
RuggedAuto,PropCost,Accident,1.3682008669563393e-20
RuggedAuto,PropCost,Accident,1.3682008669563393e-20
RuggedAuto,PropCost,Accident,1.3682008669563393e-20
RuggedAuto,PropCost,Accident,1.3682008669563393e-20
RuggedAuto,PropCost,Accident,1.3682008669563393e-20
RuggedAuto,PropCost,Accident,1.3682008669563393e-20
RuggedAuto,PropCost,Accident,1.3682008669563393e-20
RuggedAuto,PropCost,Accident,1.3682008669563393e-20
RuggedAuto,PropCost,Accident,1.3682008669563393e-20
RuggedAuto,PropCost,Accident,1.3682008669563393e-20
RuggedAuto,PropCost,Accident,1.3682008669563393e-20
RuggedAuto,PropCost,Accident,1.3682008669563393e-20
RuggedAuto,PropCost,Accident,1.3682008669563393e-20
RuggedAuto,PropCost,Accident,1.3682008669563393e-20
RuggedAuto,OtherCarCost,Accident,3.9848915873303245e-34
RuggedAuto,OtherCarCost,Accident,3.9848915873303245e-34
RuggedAuto,OtherCarCost,Accident,3.9848915873303245e-34
RuggedAuto,OtherCarCost,Accident,3.9848915873303245e-34
RuggedAuto,OtherCarCost,Accident,3.9848915873303245e-34
RuggedAuto,OtherCarCost,Accident,3.9848915873303245e-34
RuggedAuto,OtherCarCost,Accident,3.9848915873303245e-34
RuggedAuto,OtherCarCost,Accident,3.9848915873303245e-34
RuggedAuto,OtherCarCost,Accident,3.9848915873303245e-34
RuggedAuto,OtherCarCost,Accident,3.9848915873303245e-34
RuggedAuto,OtherCarCost,Accident,3.9848915873303245e-34
RuggedAuto,OtherCarCost,Accident,3.9848915873303245e-34
RuggedAuto,OtherCarCost,Accident,3.9848915873303245e-34
RuggedAuto,OtherCarCost,Accident,3.9848915873303245e-34
RuggedAuto,OtherCarCost,Accident,3.9848915873303245e-34
RuggedAuto,OtherCarCost,Accident,3.9848915873303245e-34
RuggedAuto,OtherCarCost,Accident,3.9848915873303245e-34
RuggedAuto,OtherCar,SocioEcon,0.6639765402320906
RuggedAuto,OtherCar,SocioEcon,0.6639765402320906
RuggedAuto,OtherCar,SocioEcon,0.6639765402320906
RuggedAuto,OtherCar,SocioEcon,0.6639765402320906
RuggedAuto,MedCost,Accident,6.1187930055898486e-145
RuggedAuto,MedCost,Accident,6.1187930055898486e-145
RuggedAuto,MedCost,Accident,6.1187930055898486e-145
RuggedAuto,MedCost,Accident,6.1187930055898486e-145
RuggedAuto,MedCost,Accident,6.1187930055898486e-145
RuggedAuto,MedCost,Accident,6.1187930055898486e-145
RuggedAuto,MedCost,Accident,6.1187930055898486e-145
RuggedAuto,MedCost,Accident,6.1187930055898486e-145
RuggedAuto,MedCost,Accident,6.1187930055898486e-145
RuggedAuto,MedCost,Accident,6.1187930055898486e-145
RuggedAuto,MedCost,Accident,6.1187930055898486e-145
RuggedAuto,MedCost,Accident,6.1187930055898486e-145
RuggedAuto,MedCost,Accident,6.1187930055898486e-145
RuggedAuto,MedCost,Accident,6.1187930055898486e-145
RuggedAuto,MedCost,Accident,6.1187930055898486e-145
RuggedAuto,MedCost,Accident,6.1187930055898486e-145
RuggedAuto,MedCost,Accident,6.1187930055898486e-145
RuggedAuto,Cushioning,Accident,0.0
RuggedAuto,Cushioning,Accident,0.0
RuggedAuto,Cushioning,Accident,0.0
RuggedAuto,Cushioning,Accident,0.0
RuggedAuto,Cushioning,Accident,0.0
RuggedAuto,Cushioning,Accident,0.0
RuggedAuto,Cushioning,Accident,0.0
RuggedAuto,Cushioning,Accident,0.0
RuggedAuto,Cushioning,Accident,0.0
RuggedAuto,Cushioning,Accident,0.0
RuggedAuto,Cushioning,Accident,0.0
RuggedAuto,Cushioning,Accident,0.0
RuggedAuto,Cushioning,Accident,0.0
RuggedAuto,Cushioning,Accident,0.0
RuggedAuto,Cushioning,Accident,0.0
RuggedAuto,Cushioning,Accident,0.0
RuggedAuto,Cushioning,Accident,0.0
RuggedAuto,Airbag,Accident,1.3614993408912642e-69
RuggedAuto,Airbag,Accident,1.3614993408912642e-69
RuggedAuto,Airbag,Accident,1.3614993408912642e-69
RuggedAuto,Airbag,Accident,1.3614993408912642e-69
RuggedAuto,Airbag,Accident,1.3614993408912642e-69
RuggedAuto,Airbag,Accident,1.3614993408912642e-69
RuggedAuto,Airbag,Accident,1.3614993408912642e-69
RuggedAuto,Airbag,Accident,1.3614993408912642e-69
RuggedAuto,Airbag,Accident,1.3614993408912642e-69
RuggedAuto,Airbag,Accident,1.3614993408912642e-69
RuggedAuto,Airbag,Accident,1.3614993408912642e-69
RuggedAuto,Airbag,Accident,1.3614993408912642e-69
RuggedAuto,Airbag,Accident,1.3614993408912642e-69
RuggedAuto,Airbag,Accident,1.3614993408912642e-69
RuggedAuto,Airbag,Accident,1.3614993408912642e-69
RuggedAuto,Airbag,Accident,1.3614993408912642e-69
RuggedAuto,Airbag,Accident,1.3614993408912642e-69
Accident,MakeModel,RuggedAuto,1.3863240241314041e-05
Accident,MakeModel,RuggedAuto,1.3863240241314041e-05
Accident,MakeModel,RuggedAuto,1.3863240241314041e-05
Accident,MakeModel,RuggedAuto,1.3863240241314041e-05
Accident,MakeModel,RuggedAuto,1.3863240241314041e-05
Accident,MakeModel,RuggedAuto,1.3863240241314041e-05
Accident,MakeModel,RuggedAuto,1.3863240241314041e-05
Accident,MakeModel,RuggedAuto,1.3863240241314041e-05
Accident,MakeModel,RuggedAuto,1.3863240241314041e-05
Accident,MakeModel,RuggedAuto,1.3863240241314041e-05
Accident,MakeModel,RuggedAuto,1.3863240241314041e-05
Accident,MakeModel,RuggedAuto,1.3863240241314041e-05
Accident,MakeModel,RuggedAuto,1.3863240241314041e-05
Accident,MakeModel,RuggedAuto,1.3863240241314041e-05
Accident,MakeModel,RuggedAuto,1.3863240241314041e-05
Accident,MakeModel,RuggedAuto,1.3863240241314041e-05
Accident,MakeModel,RuggedAuto,1.3863240241314041e-05
Accident,MakeModel,RuggedAuto,1.3863240241314041e-05
Accident,MakeModel,RuggedAuto,1.3863240241314041e-05
Accident,MakeModel,RuggedAuto,1.3863240241314041e-05
Accident,MakeModel,RuggedAuto,1.3863240241314041e-05
Accident,MakeModel,RuggedAuto,1.3863240241314041e-05
Accident,DrivQuality,RuggedAuto,1.6967763461676935e-29
Accident,DrivQuality,RuggedAuto,1.6967763461676935e-29
Accident,DrivQuality,RuggedAuto,1.6967763461676935e-29
Accident,DrivQuality,RuggedAuto,1.6967763461676935e-29
Accident,DrivQuality,RuggedAuto,1.6967763461676935e-29
Accident,DrivQuality,RuggedAuto,1.6967763461676935e-29
Accident,DrivQuality,RuggedAuto,1.6967763461676935e-29
Accident,DrivQuality,RuggedAuto,1.6967763461676935e-29
Accident,DrivQuality,RuggedAuto,1.6967763461676935e-29
Accident,DrivQuality,RuggedAuto,1.6967763461676935e-29
Accident,DrivQuality,RuggedAuto,1.6967763461676935e-29
Accident,DrivQuality,RuggedAuto,1.6967763461676935e-29
Accident,DrivQuality,RuggedAuto,1.6967763461676935e-29
Accident,DrivQuality,RuggedAuto,1.6967763461676935e-29
Accident,DrivQuality,RuggedAuto,1.6967763461676935e-29
Accident,DrivQuality,RuggedAuto,1.6967763461676935e-29
Accident,DrivQuality,RuggedAuto,1.6967763461676935e-29
Accident,DrivQuality,RuggedAuto,1.6967763461676935e-29
Accident,DrivQuality,RuggedAuto,1.6967763461676935e-29
Accident,DrivQuality,RuggedAuto,1.6967763461676935e-29
Accident,DrivQuality,RuggedAuto,1.6967763461676935e-29
Accident,DrivQuality,RuggedAuto,1.6967763461676935e-29
Accident,Mileage,RuggedAuto,5.800071972044648e-22
Accident,Mileage,RuggedAuto,5.800071972044648e-22
Accident,Mileage,RuggedAuto,5.800071972044648e-22
Accident,Mileage,RuggedAuto,5.800071972044648e-22
Accident,Mileage,RuggedAuto,5.800071972044648e-22
Accident,Mileage,RuggedAuto,5.800071972044648e-22
Accident,Mileage,RuggedAuto,5.800071972044648e-22
Accident,Mileage,RuggedAuto,5.800071972044648e-22
Accident,Mileage,RuggedAuto,5.800071972044648e-22
Accident,Mileage,RuggedAuto,5.800071972044648e-22
Accident,Mileage,RuggedAuto,5.800071972044648e-22
Accident,Mileage,RuggedAuto,5.800071972044648e-22
Accident,Mileage,RuggedAuto,5.800071972044648e-22
Accident,Mileage,RuggedAuto,5.800071972044648e-22
Accident,Mileage,RuggedAuto,5.800071972044648e-22
Accident,Mileage,RuggedAuto,5.800071972044648e-22
Accident,Mileage,RuggedAuto,5.800071972044648e-22
Accident,Mileage,RuggedAuto,5.800071972044648e-22
Accident,Mileage,RuggedAuto,5.800071972044648e-22
Accident,Mileage,RuggedAuto,5.800071972044648e-22
Accident,Mileage,RuggedAuto,5.800071972044648e-22
Accident,Mileage,RuggedAuto,5.800071972044648e-22
Accident,Antilock,RuggedAuto,3.403524866671171e-25
Accident,Antilock,RuggedAuto,3.403524866671171e-25
Accident,Antilock,RuggedAuto,3.403524866671171e-25
Accident,Antilock,RuggedAuto,3.403524866671171e-25
Accident,Antilock,RuggedAuto,3.403524866671171e-25
Accident,Antilock,RuggedAuto,3.403524866671171e-25
Accident,Antilock,RuggedAuto,3.403524866671171e-25
Accident,Antilock,RuggedAuto,3.403524866671171e-25
Accident,Antilock,RuggedAuto,3.403524866671171e-25
Accident,Antilock,RuggedAuto,3.403524866671171e-25
Accident,Antilock,RuggedAuto,3.403524866671171e-25
Accident,Antilock,RuggedAuto,3.403524866671171e-25
Accident,Antilock,RuggedAuto,3.403524866671171e-25
Accident,Antilock,RuggedAuto,3.403524866671171e-25
Accident,Antilock,RuggedAuto,3.403524866671171e-25
Accident,Antilock,RuggedAuto,3.403524866671171e-25
Accident,Antilock,RuggedAuto,3.403524866671171e-25
Accident,Antilock,RuggedAuto,3.403524866671171e-25
Accident,Antilock,RuggedAuto,3.403524866671171e-25
Accident,Antilock,RuggedAuto,3.403524866671171e-25
Accident,Antilock,RuggedAuto,3.403524866671171e-25
Accident,Antilock,RuggedAuto,3.403524866671171e-25
Accident,DrivingSkill,DrivQuality,0.3466118773340605
Accident,DrivingSkill,DrivQuality,0.3466118773340605
Accident,DrivingSkill,DrivQuality,0.3466118773340605
Accident,DrivingSkill,DrivQuality,0.3466118773340605
Accident,DrivingSkill,DrivQuality,0.3466118773340605
Accident,DrivingSkill,DrivQuality,0.3466118773340605
Accident,DrivingSkill,DrivQuality,0.3466118773340605
Accident,DrivingSkill,DrivQuality,0.3466118773340605
Accident,DrivingSkill,DrivQuality,0.3466118773340605
Accident,DrivingSkill,DrivQuality,0.3466118773340605
Accident,DrivingSkill,DrivQuality,0.3466118773340605
Accident,DrivingSkill,DrivQuality,0.3466118773340605
Accident,DrivingSkill,DrivQuality,0.3466118773340605
Accident,DrivingSkill,DrivQuality,0.3466118773340605
Accident,DrivingSkill,DrivQuality,0.3466118773340605
Accident,DrivingSkill,DrivQuality,0.3466118773340605
Accident,DrivingSkill,DrivQuality,0.3466118773340605
Accident,DrivingSkill,DrivQuality,0.3466118773340605
Accident,DrivingSkill,DrivQuality,0.3466118773340605
Accident,SeniorTrain,DrivHist,0.0626469156697166
Accident,SeniorTrain,DrivHist,0.0626469156697166
Accident,ThisCarCost,ThisCarDam,0.23513838514092264
Accident,ThisCarCost,ThisCarDam,0.23513838514092264
Accident,ThisCarCost,ThisCarDam,0.23513838514092264
Accident,ThisCarCost,ThisCarDam,0.23513838514092264
Accident,ThisCarCost,ThisCarDam,0.23513838514092264
Accident,ThisCarCost,ThisCarDam,0.23513838514092264
Accident,ThisCarCost,ThisCarDam,0.23513838514092264
Accident,ThisCarCost,ThisCarDam,0.23513838514092264
Accident,ThisCarCost,ThisCarDam,0.23513838514092264
Accident,ThisCarCost,ThisCarDam,0.23513838514092264
Accident,ThisCarCost,ThisCarDam,0.23513838514092264
Accident,ThisCarCost,ThisCarDam,0.23513838514092264
Accident,ThisCarCost,ThisCarDam,0.23513838514092264
Accident,CarValue,Antilock,0.9613359129144093
Accident,CarValue,Antilock,0.9613359129144093
Accident,CarValue,Antilock,0.9613359129144093
Accident,CarValue,Antilock,0.9613359129144093
Accident,CarValue,Antilock,0.9613359129144093
Accident,CarValue,Antilock,0.9613359129144093
Accident,HomeBase,OtherCar,0.22991719861636503
Accident,HomeBase,OtherCar,0.22991719861636503
Accident,HomeBase,OtherCar,0.22991719861636503
Accident,HomeBase,OtherCar,0.22991719861636503
Accident,AntiTheft,MedCost,0.05634898714525279
Accident,PropCost,RuggedAuto,0.0
Accident,PropCost,RuggedAuto,0.0
Accident,PropCost,RuggedAuto,0.0
Accident,PropCost,RuggedAuto,0.0
Accident,PropCost,RuggedAuto,0.0
Accident,PropCost,RuggedAuto,0.0
Accident,PropCost,RuggedAuto,0.0
Accident,PropCost,RuggedAuto,0.0
Accident,PropCost,RuggedAuto,0.0
Accident,PropCost,RuggedAuto,0.0
Accident,PropCost,RuggedAuto,0.0
Accident,PropCost,RuggedAuto,0.0
Accident,PropCost,RuggedAuto,0.0
Accident,PropCost,RuggedAuto,0.0
Accident,PropCost,RuggedAuto,0.0
Accident,PropCost,RuggedAuto,0.0
Accident,PropCost,RuggedAuto,0.0
Accident,PropCost,RuggedAuto,0.0
Accident,PropCost,RuggedAuto,0.0
Accident,PropCost,RuggedAuto,0.0
Accident,PropCost,RuggedAuto,0.0
Accident,PropCost,RuggedAuto,0.0
Accident,OtherCarCost,RuggedAuto,0.0
Accident,OtherCarCost,RuggedAuto,0.0
Accident,OtherCarCost,RuggedAuto,0.0
Accident,OtherCarCost,RuggedAuto,0.0
Accident,OtherCarCost,RuggedAuto,0.0
Accident,OtherCarCost,RuggedAuto,0.0
Accident,OtherCarCost,RuggedAuto,0.0
Accident,OtherCarCost,RuggedAuto,0.0
Accident,OtherCarCost,RuggedAuto,0.0
Accident,OtherCarCost,RuggedAuto,0.0
Accident,OtherCarCost,RuggedAuto,0.0
Accident,OtherCarCost,RuggedAuto,0.0
Accident,OtherCarCost,RuggedAuto,0.0
Accident,OtherCarCost,RuggedAuto,0.0
Accident,OtherCarCost,RuggedAuto,0.0
Accident,OtherCarCost,RuggedAuto,0.0
Accident,OtherCarCost,RuggedAuto,0.0
Accident,OtherCarCost,RuggedAuto,0.0
Accident,OtherCarCost,RuggedAuto,0.0
Accident,OtherCarCost,RuggedAuto,0.0
Accident,OtherCarCost,RuggedAuto,0.0
Accident,OtherCarCost,RuggedAuto,0.0
Accident,OtherCar,MedCost,0.09722440620974869
Accident,MedCost,RuggedAuto,5.264168058463729e-220
Accident,MedCost,RuggedAuto,5.264168058463729e-220
Accident,MedCost,RuggedAuto,5.264168058463729e-220
Accident,MedCost,RuggedAuto,5.264168058463729e-220
Accident,MedCost,RuggedAuto,5.264168058463729e-220
Accident,MedCost,RuggedAuto,5.264168058463729e-220
Accident,MedCost,RuggedAuto,5.264168058463729e-220
Accident,MedCost,RuggedAuto,5.264168058463729e-220
Accident,MedCost,RuggedAuto,5.264168058463729e-220
Accident,MedCost,RuggedAuto,5.264168058463729e-220
Accident,MedCost,RuggedAuto,5.264168058463729e-220
Accident,MedCost,RuggedAuto,5.264168058463729e-220
Accident,MedCost,RuggedAuto,5.264168058463729e-220
Accident,MedCost,RuggedAuto,5.264168058463729e-220
Accident,MedCost,RuggedAuto,5.264168058463729e-220
Accident,MedCost,RuggedAuto,5.264168058463729e-220
Accident,MedCost,RuggedAuto,5.264168058463729e-220
Accident,MedCost,RuggedAuto,5.264168058463729e-220
Accident,MedCost,RuggedAuto,5.264168058463729e-220
Accident,MedCost,RuggedAuto,5.264168058463729e-220
Accident,MedCost,RuggedAuto,5.264168058463729e-220
Accident,MedCost,RuggedAuto,5.264168058463729e-220
Accident,Cushioning,Mileage,0.05084578981785308
Accident,Cushioning,Mileage,0.05084578981785308
Accident,Cushioning,Mileage,0.05084578981785308
Accident,Cushioning,Mileage,0.05084578981785308
Accident,Cushioning,Mileage,0.05084578981785308
Accident,Cushioning,Mileage,0.05084578981785308
Accident,Cushioning,Mileage,0.05084578981785308
Accident,Cushioning,Mileage,0.05084578981785308
Accident,Cushioning,Mileage,0.05084578981785308
Accident,Airbag,MedCost,0.5062023991316297
Accident,ILiCost,RuggedAuto,1.4202979691199752e-74
Accident,ILiCost,RuggedAuto,1.4202979691199752e-74
Accident,ILiCost,RuggedAuto,1.4202979691199752e-74
Accident,ILiCost,RuggedAuto,1.4202979691199752e-74
Accident,ILiCost,RuggedAuto,1.4202979691199752e-74
Accident,ILiCost,RuggedAuto,1.4202979691199752e-74
Accident,ILiCost,RuggedAuto,1.4202979691199752e-74
Accident,ILiCost,RuggedAuto,1.4202979691199752e-74
Accident,ILiCost,RuggedAuto,1.4202979691199752e-74
Accident,ILiCost,RuggedAuto,1.4202979691199752e-74
Accident,ILiCost,RuggedAuto,1.4202979691199752e-74
Accident,ILiCost,RuggedAuto,1.4202979691199752e-74
Accident,ILiCost,RuggedAuto,1.4202979691199752e-74
Accident,ILiCost,RuggedAuto,1.4202979691199752e-74
Accident,ILiCost,RuggedAuto,1.4202979691199752e-74
Accident,ILiCost,RuggedAuto,1.4202979691199752e-74
Accident,ILiCost,RuggedAuto,1.4202979691199752e-74
Accident,ILiCost,RuggedAuto,1.4202979691199752e-74
Accident,ILiCost,RuggedAuto,1.4202979691199752e-74
Accident,ILiCost,RuggedAuto,1.4202979691199752e-74
Accident,ILiCost,RuggedAuto,1.4202979691199752e-74
Accident,ILiCost,RuggedAuto,1.4202979691199752e-74
Accident,DrivHist,DrivingSkill,0.27494997313516784
Accident,DrivHist,DrivingSkill,0.27494997313516784
Accident,DrivHist,DrivingSkill,0.27494997313516784
Accident,DrivHist,DrivingSkill,0.27494997313516784
Accident,DrivHist,DrivingSkill,0.27494997313516784
Accident,DrivHist,DrivingSkill,0.27494997313516784
Accident,DrivHist,DrivingSkill,0.27494997313516784
MakeModel,DrivQuality,OtherCarCost,0.06752670519915085
MakeModel,DrivQuality,OtherCarCost,0.06752670519915085
MakeModel,DrivQuality,OtherCarCost,0.06752670519915085
MakeModel,DrivQuality,OtherCarCost,0.06752670519915085
MakeModel,DrivQuality,OtherCarCost,0.06752670519915085
MakeModel,DrivQuality,OtherCarCost,0.06752670519915085
MakeModel,DrivQuality,OtherCarCost,0.06752670519915085
MakeModel,DrivQuality,OtherCarCost,0.06752670519915085
MakeModel,DrivQuality,OtherCarCost,0.06752670519915085
MakeModel,DrivQuality,OtherCarCost,0.06752670519915085
MakeModel,Antilock,Accident,0.0
MakeModel,Antilock,Accident,0.0
MakeModel,Antilock,Accident,0.0
MakeModel,Antilock,Accident,0.0
MakeModel,Antilock,Accident,0.0
MakeModel,Antilock,Accident,0.0
MakeModel,Antilock,Accident,0.0
MakeModel,Antilock,Accident,0.0
MakeModel,Antilock,Accident,0.0
MakeModel,Antilock,Accident,0.0
MakeModel,Antilock,Accident,0.0
MakeModel,Antilock,Accident,0.0
MakeModel,Antilock,Accident,0.0
MakeModel,Antilock,Accident,0.0
MakeModel,Antilock,Accident,0.0
MakeModel,Antilock,Accident,0.0
MakeModel,Antilock,Accident,0.0
MakeModel,Antilock,Accident,0.0
MakeModel,ThisCarCost,Accident,2.1977445664625388e-277
MakeModel,ThisCarCost,Accident,2.1977445664625388e-277
MakeModel,ThisCarCost,Accident,2.1977445664625388e-277
MakeModel,ThisCarCost,Accident,2.1977445664625388e-277
MakeModel,ThisCarCost,Accident,2.1977445664625388e-277
MakeModel,ThisCarCost,Accident,2.1977445664625388e-277
MakeModel,ThisCarCost,Accident,2.1977445664625388e-277
MakeModel,ThisCarCost,Accident,2.1977445664625388e-277
MakeModel,ThisCarCost,Accident,2.1977445664625388e-277
MakeModel,ThisCarCost,Accident,2.1977445664625388e-277
MakeModel,ThisCarCost,Accident,2.1977445664625388e-277
MakeModel,ThisCarCost,Accident,2.1977445664625388e-277
MakeModel,ThisCarCost,Accident,2.1977445664625388e-277
MakeModel,ThisCarCost,Accident,2.1977445664625388e-277
MakeModel,ThisCarCost,Accident,2.1977445664625388e-277
MakeModel,ThisCarCost,Accident,2.1977445664625388e-277
MakeModel,ThisCarCost,Accident,2.1977445664625388e-277
MakeModel,ThisCarCost,Accident,2.1977445664625388e-277
MakeModel,CarValue,Accident,0.0
MakeModel,CarValue,Accident,0.0
MakeModel,CarValue,Accident,0.0
MakeModel,CarValue,Accident,0.0
MakeModel,CarValue,Accident,0.0
MakeModel,CarValue,Accident,0.0
MakeModel,CarValue,Accident,0.0
MakeModel,CarValue,Accident,0.0
MakeModel,CarValue,Accident,0.0
MakeModel,CarValue,Accident,0.0
MakeModel,CarValue,Accident,0.0
MakeModel,CarValue,Accident,0.0
MakeModel,CarValue,Accident,0.0
MakeModel,CarValue,Accident,0.0
MakeModel,CarValue,Accident,0.0
MakeModel,CarValue,Accident,0.0
MakeModel,CarValue,Accident,0.0
MakeModel,CarValue,Accident,0.0
MakeModel,HomeBase,SocioEcon,0.4122625284811384
MakeModel,HomeBase,SocioEcon,0.4122625284811384
MakeModel,HomeBase,SocioEcon,0.4122625284811384
MakeModel,HomeBase,SocioEcon,0.4122625284811384
MakeModel,HomeBase,SocioEcon,0.4122625284811384
MakeModel,AntiTheft,SocioEcon,0.3662821109919143
MakeModel,AntiTheft,SocioEcon,0.3662821109919143
MakeModel,AntiTheft,SocioEcon,0.3662821109919143
MakeModel,AntiTheft,SocioEcon,0.3662821109919143
MakeModel,AntiTheft,SocioEcon,0.3662821109919143
MakeModel,AntiTheft,SocioEcon,0.3662821109919143
MakeModel,PropCost,CarValue,0.10975697247770896
MakeModel,PropCost,CarValue,0.10975697247770896
MakeModel,OtherCarCost,Accident,1.4234178853905868e-16
MakeModel,OtherCarCost,Accident,1.4234178853905868e-16
MakeModel,OtherCarCost,Accident,1.4234178853905868e-16
MakeModel,OtherCarCost,Accident,1.4234178853905868e-16
MakeModel,OtherCarCost,Accident,1.4234178853905868e-16
MakeModel,OtherCarCost,Accident,1.4234178853905868e-16
MakeModel,OtherCarCost,Accident,1.4234178853905868e-16
MakeModel,OtherCarCost,Accident,1.4234178853905868e-16
MakeModel,OtherCarCost,Accident,1.4234178853905868e-16
MakeModel,OtherCarCost,Accident,1.4234178853905868e-16
MakeModel,OtherCarCost,Accident,1.4234178853905868e-16
MakeModel,OtherCarCost,Accident,1.4234178853905868e-16
MakeModel,OtherCarCost,Accident,1.4234178853905868e-16
MakeModel,OtherCarCost,Accident,1.4234178853905868e-16
MakeModel,OtherCarCost,Accident,1.4234178853905868e-16
MakeModel,OtherCarCost,Accident,1.4234178853905868e-16
MakeModel,OtherCarCost,Accident,1.4234178853905868e-16
MakeModel,OtherCarCost,Accident,1.4234178853905868e-16
MakeModel,OtherCar,SocioEcon,0.8423933329598803
MakeModel,OtherCar,SocioEcon,0.8423933329598803
MakeModel,OtherCar,SocioEcon,0.8423933329598803
MakeModel,OtherCar,SocioEcon,0.8423933329598803
MakeModel,OtherCar,SocioEcon,0.8423933329598803
MakeModel,MedCost,Accident,5.837782635172866e-77
MakeModel,MedCost,Accident,5.837782635172866e-77
MakeModel,MedCost,Accident,5.837782635172866e-77
MakeModel,MedCost,Accident,5.837782635172866e-77
MakeModel,MedCost,Accident,5.837782635172866e-77
MakeModel,MedCost,Accident,5.837782635172866e-77
MakeModel,MedCost,Accident,5.837782635172866e-77
MakeModel,MedCost,Accident,5.837782635172866e-77
MakeModel,MedCost,Accident,5.837782635172866e-77
MakeModel,MedCost,Accident,5.837782635172866e-77
MakeModel,MedCost,Accident,5.837782635172866e-77
MakeModel,MedCost,Accident,5.837782635172866e-77
MakeModel,MedCost,Accident,5.837782635172866e-77
MakeModel,MedCost,Accident,5.837782635172866e-77
MakeModel,MedCost,Accident,5.837782635172866e-77
MakeModel,MedCost,Accident,5.837782635172866e-77
MakeModel,MedCost,Accident,5.837782635172866e-77
MakeModel,MedCost,Accident,5.837782635172866e-77
MakeModel,Cushioning,Accident,0.0
MakeModel,Cushioning,Accident,0.0
MakeModel,Cushioning,Accident,0.0
MakeModel,Cushioning,Accident,0.0
MakeModel,Cushioning,Accident,0.0
MakeModel,Cushioning,Accident,0.0
MakeModel,Cushioning,Accident,0.0
MakeModel,Cushioning,Accident,0.0
MakeModel,Cushioning,Accident,0.0
MakeModel,Cushioning,Accident,0.0
MakeModel,Cushioning,Accident,0.0
MakeModel,Cushioning,Accident,0.0
MakeModel,Cushioning,Accident,0.0
MakeModel,Cushioning,Accident,0.0
MakeModel,Cushioning,Accident,0.0
MakeModel,Cushioning,Accident,0.0
MakeModel,Cushioning,Accident,0.0
MakeModel,Cushioning,Accident,0.0
MakeModel,Airbag,Accident,1.6247673490292892e-160
MakeModel,Airbag,Accident,1.6247673490292892e-160
MakeModel,Airbag,Accident,1.6247673490292892e-160
MakeModel,Airbag,Accident,1.6247673490292892e-160
MakeModel,Airbag,Accident,1.6247673490292892e-160
MakeModel,Airbag,Accident,1.6247673490292892e-160
MakeModel,Airbag,Accident,1.6247673490292892e-160
MakeModel,Airbag,Accident,1.6247673490292892e-160
MakeModel,Airbag,Accident,1.6247673490292892e-160
MakeModel,Airbag,Accident,1.6247673490292892e-160
MakeModel,Airbag,Accident,1.6247673490292892e-160
MakeModel,Airbag,Accident,1.6247673490292892e-160
MakeModel,Airbag,Accident,1.6247673490292892e-160
MakeModel,Airbag,Accident,1.6247673490292892e-160
MakeModel,Airbag,Accident,1.6247673490292892e-160
MakeModel,Airbag,Accident,1.6247673490292892e-160
MakeModel,Airbag,Accident,1.6247673490292892e-160
MakeModel,Airbag,Accident,1.6247673490292892e-160
DrivQuality,Antilock,Accident,7.196006745983204e-09
DrivQuality,Antilock,Accident,7.196006745983204e-09
DrivQuality,Antilock,Accident,7.196006745983204e-09
DrivQuality,Antilock,Accident,7.196006745983204e-09
DrivQuality,Antilock,Accident,7.196006745983204e-09
DrivQuality,Antilock,Accident,7.196006745983204e-09
DrivQuality,Antilock,Accident,7.196006745983204e-09
DrivQuality,Antilock,Accident,7.196006745983204e-09
DrivQuality,Antilock,Accident,7.196006745983204e-09
DrivQuality,Antilock,Accident,7.196006745983204e-09
DrivQuality,Antilock,Accident,7.196006745983204e-09
DrivQuality,Antilock,Accident,7.196006745983204e-09
DrivQuality,Antilock,Accident,7.196006745983204e-09
DrivQuality,Antilock,Accident,7.196006745983204e-09
DrivQuality,Antilock,Accident,7.196006745983204e-09
DrivQuality,Antilock,Accident,7.196006745983204e-09
DrivQuality,DrivingSkill,Accident,3.4414665090028383e-282
DrivQuality,DrivingSkill,Accident,3.4414665090028383e-282
DrivQuality,DrivingSkill,Accident,3.4414665090028383e-282
DrivQuality,DrivingSkill,Accident,3.4414665090028383e-282
DrivQuality,DrivingSkill,Accident,3.4414665090028383e-282
DrivQuality,DrivingSkill,Accident,3.4414665090028383e-282
DrivQuality,DrivingSkill,Accident,3.4414665090028383e-282
DrivQuality,DrivingSkill,Accident,3.4414665090028383e-282
DrivQuality,DrivingSkill,Accident,3.4414665090028383e-282
DrivQuality,DrivingSkill,Accident,3.4414665090028383e-282
DrivQuality,DrivingSkill,Accident,3.4414665090028383e-282
DrivQuality,DrivingSkill,Accident,3.4414665090028383e-282
DrivQuality,DrivingSkill,Accident,3.4414665090028383e-282
DrivQuality,DrivingSkill,Accident,3.4414665090028383e-282
DrivQuality,DrivingSkill,Accident,3.4414665090028383e-282
DrivQuality,DrivingSkill,Accident,3.4414665090028383e-282
DrivQuality,SeniorTrain,Accident,1.8539209299024755e-16
DrivQuality,SeniorTrain,Accident,1.8539209299024755e-16
DrivQuality,SeniorTrain,Accident,1.8539209299024755e-16
DrivQuality,SeniorTrain,Accident,1.8539209299024755e-16
DrivQuality,SeniorTrain,Accident,1.8539209299024755e-16
DrivQuality,SeniorTrain,Accident,1.8539209299024755e-16
DrivQuality,SeniorTrain,Accident,1.8539209299024755e-16
DrivQuality,SeniorTrain,Accident,1.8539209299024755e-16
DrivQuality,SeniorTrain,Accident,1.8539209299024755e-16
DrivQuality,SeniorTrain,Accident,1.8539209299024755e-16
DrivQuality,SeniorTrain,Accident,1.8539209299024755e-16
DrivQuality,SeniorTrain,Accident,1.8539209299024755e-16
DrivQuality,SeniorTrain,Accident,1.8539209299024755e-16
DrivQuality,SeniorTrain,Accident,1.8539209299024755e-16
DrivQuality,SeniorTrain,Accident,1.8539209299024755e-16
DrivQuality,SeniorTrain,Accident,1.8539209299024755e-16
DrivQuality,ThisCarCost,Accident,0.0022921526936937786
DrivQuality,ThisCarCost,Accident,0.0022921526936937786
DrivQuality,ThisCarCost,Accident,0.0022921526936937786
DrivQuality,ThisCarCost,Accident,0.0022921526936937786
DrivQuality,ThisCarCost,Accident,0.0022921526936937786
DrivQuality,ThisCarCost,Accident,0.0022921526936937786
DrivQuality,ThisCarCost,Accident,0.0022921526936937786
DrivQuality,ThisCarCost,Accident,0.0022921526936937786
DrivQuality,ThisCarCost,Accident,0.0022921526936937786
DrivQuality,ThisCarCost,Accident,0.0022921526936937786
DrivQuality,ThisCarCost,Accident,0.0022921526936937786
DrivQuality,ThisCarCost,Accident,0.0022921526936937786
DrivQuality,ThisCarCost,Accident,0.0022921526936937786
DrivQuality,ThisCarCost,Accident,0.0022921526936937786
DrivQuality,ThisCarCost,Accident,0.0022921526936937786
DrivQuality,ThisCarCost,Accident,0.0022921526936937786
DrivQuality,Theft,Accident,0.00010400159133487317
DrivQuality,Theft,Accident,0.00010400159133487317
DrivQuality,Theft,Accident,0.00010400159133487317
DrivQuality,Theft,Accident,0.00010400159133487317
DrivQuality,Theft,Accident,0.00010400159133487317
DrivQuality,Theft,Accident,0.00010400159133487317
DrivQuality,Theft,Accident,0.00010400159133487317
DrivQuality,Theft,Accident,0.00010400159133487317
DrivQuality,Theft,Accident,0.00010400159133487317
DrivQuality,Theft,Accident,0.00010400159133487317
DrivQuality,Theft,Accident,0.00010400159133487317
DrivQuality,Theft,Accident,0.00010400159133487317
DrivQuality,Theft,Accident,0.00010400159133487317
DrivQuality,Theft,Accident,0.00010400159133487317
DrivQuality,Theft,Accident,0.00010400159133487317
DrivQuality,Theft,Accident,0.00010400159133487317
DrivQuality,AntiTheft,DrivHist,0.08170312400205025
DrivQuality,PropCost,ThisCarDam,0.3756769914169645
DrivQuality,PropCost,ThisCarDam,0.3756769914169645
DrivQuality,PropCost,ThisCarDam,0.3756769914169645
DrivQuality,PropCost,ThisCarDam,0.3756769914169645
DrivQuality,PropCost,ThisCarDam,0.3756769914169645
DrivQuality,PropCost,ThisCarDam,0.3756769914169645
DrivQuality,PropCost,ThisCarDam,0.3756769914169645
DrivQuality,PropCost,ThisCarDam,0.3756769914169645
DrivQuality,OtherCarCost,Accident,0.0020215948881837685
DrivQuality,OtherCarCost,Accident,0.0020215948881837685
DrivQuality,OtherCarCost,Accident,0.0020215948881837685
DrivQuality,OtherCarCost,Accident,0.0020215948881837685
DrivQuality,OtherCarCost,Accident,0.0020215948881837685
DrivQuality,OtherCarCost,Accident,0.0020215948881837685
DrivQuality,OtherCarCost,Accident,0.0020215948881837685
DrivQuality,OtherCarCost,Accident,0.0020215948881837685
DrivQuality,OtherCarCost,Accident,0.0020215948881837685
DrivQuality,OtherCarCost,Accident,0.0020215948881837685
DrivQuality,OtherCarCost,Accident,0.0020215948881837685
DrivQuality,OtherCarCost,Accident,0.0020215948881837685
DrivQuality,OtherCarCost,Accident,0.0020215948881837685
DrivQuality,OtherCarCost,Accident,0.0020215948881837685
DrivQuality,OtherCarCost,Accident,0.0020215948881837685
DrivQuality,OtherCarCost,Accident,0.0020215948881837685
DrivQuality,Airbag,RiskAversion,0.10110341575358016
DrivQuality,Airbag,RiskAversion,0.10110341575358016
DrivQuality,DrivHist,Accident,4.959445794778751e-178
DrivQuality,DrivHist,Accident,4.959445794778751e-178
DrivQuality,DrivHist,Accident,4.959445794778751e-178
DrivQuality,DrivHist,Accident,4.959445794778751e-178
DrivQuality,DrivHist,Accident,4.959445794778751e-178
DrivQuality,DrivHist,Accident,4.959445794778751e-178
DrivQuality,DrivHist,Accident,4.959445794778751e-178
DrivQuality,DrivHist,Accident,4.959445794778751e-178
DrivQuality,DrivHist,Accident,4.959445794778751e-178
DrivQuality,DrivHist,Accident,4.959445794778751e-178
DrivQuality,DrivHist,Accident,4.959445794778751e-178
DrivQuality,DrivHist,Accident,4.959445794778751e-178
DrivQuality,DrivHist,Accident,4.959445794778751e-178
DrivQuality,DrivHist,Accident,4.959445794778751e-178
DrivQuality,DrivHist,Accident,4.959445794778751e-178
DrivQuality,DrivHist,Accident,4.959445794778751e-178
Mileage,ThisCarCost,ThisCarDam,0.2772293984438888
Mileage,CarValue,Accident,2.002988194722778e-59
Mileage,CarValue,Accident,2.002988194722778e-59
Mileage,CarValue,Accident,2.002988194722778e-59
Mileage,CarValue,Accident,2.002988194722778e-59
Mileage,CarValue,Accident,2.002988194722778e-59
Mileage,CarValue,Accident,2.002988194722778e-59
Mileage,PropCost,ThisCarCost,0.6558279481277391
Mileage,OtherCarCost,Accident,0.9021384291331033
Mileage,OtherCarCost,Accident,0.9021384291331033
Mileage,OtherCarCost,Accident,0.9021384291331033
Mileage,OtherCarCost,Accident,0.9021384291331033
Mileage,OtherCarCost,Accident,0.9021384291331033
Mileage,OtherCarCost,Accident,0.9021384291331033
Mileage,MedCost,ThisCarCost,0.7586141487320618
Antilock,ThisCarCost,Accident,8.872569580548586e-180
Antilock,ThisCarCost,Accident,8.872569580548586e-180
Antilock,ThisCarCost,Accident,8.872569580548586e-180
Antilock,ThisCarCost,Accident,8.872569580548586e-180
Antilock,ThisCarCost,Accident,8.872569580548586e-180
Antilock,ThisCarCost,Accident,8.872569580548586e-180
Antilock,ThisCarCost,Accident,8.872569580548586e-180
Antilock,ThisCarCost,Accident,8.872569580548586e-180
Antilock,ThisCarCost,Accident,8.872569580548586e-180
Antilock,ThisCarCost,Accident,8.872569580548586e-180
Antilock,ThisCarCost,Accident,8.872569580548586e-180
Antilock,ThisCarCost,Accident,8.872569580548586e-180
Antilock,ThisCarCost,Accident,8.872569580548586e-180
Antilock,ThisCarCost,Accident,8.872569580548586e-180
Antilock,ThisCarCost,Accident,8.872569580548586e-180
Antilock,ThisCarCost,Accident,8.872569580548586e-180
Antilock,ThisCarCost,Accident,8.872569580548586e-180
Antilock,ThisCarCost,Accident,8.872569580548586e-180
Antilock,CarValue,Accident,0.0
Antilock,CarValue,Accident,0.0
Antilock,CarValue,Accident,0.0
Antilock,CarValue,Accident,0.0
Antilock,CarValue,Accident,0.0
Antilock,CarValue,Accident,0.0
Antilock,CarValue,Accident,0.0
Antilock,CarValue,Accident,0.0
Antilock,CarValue,Accident,0.0
Antilock,CarValue,Accident,0.0
Antilock,CarValue,Accident,0.0
Antilock,CarValue,Accident,0.0
Antilock,CarValue,Accident,0.0
Antilock,CarValue,Accident,0.0
Antilock,CarValue,Accident,0.0
Antilock,CarValue,Accident,0.0
Antilock,CarValue,Accident,0.0
Antilock,CarValue,Accident,0.0
Antilock,HomeBase,SocioEcon,0.5976194619708344
Antilock,HomeBase,SocioEcon,0.5976194619708344
Antilock,HomeBase,SocioEcon,0.5976194619708344
Antilock,HomeBase,SocioEcon,0.5976194619708344
Antilock,AntiTheft,SocioEcon,0.5026720162066698
Antilock,AntiTheft,SocioEcon,0.5026720162066698
Antilock,AntiTheft,SocioEcon,0.5026720162066698
Antilock,AntiTheft,SocioEcon,0.5026720162066698
Antilock,AntiTheft,SocioEcon,0.5026720162066698
Antilock,PropCost,CarValue,0.1453155138547391
Antilock,PropCost,CarValue,0.1453155138547391
Antilock,OtherCarCost,ThisCarDam,0.1152411746158019
Antilock,OtherCarCost,ThisCarDam,0.1152411746158019
Antilock,OtherCarCost,ThisCarDam,0.1152411746158019
Antilock,OtherCarCost,ThisCarDam,0.1152411746158019
Antilock,OtherCarCost,ThisCarDam,0.1152411746158019
Antilock,OtherCarCost,ThisCarDam,0.1152411746158019
Antilock,OtherCarCost,ThisCarDam,0.1152411746158019
Antilock,OtherCarCost,ThisCarDam,0.1152411746158019
Antilock,OtherCarCost,ThisCarDam,0.1152411746158019
Antilock,OtherCar,CarValue,0.6211582084415308
Antilock,OtherCar,CarValue,0.6211582084415308
Antilock,MedCost,CarValue,0.3850103980130391
Antilock,Cushioning,Airbag,0.08575286311915024
Antilock,Cushioning,Airbag,0.08575286311915024
Antilock,Cushioning,Airbag,0.08575286311915024
Antilock,Cushioning,Airbag,0.08575286311915024
Antilock,Cushioning,Airbag,0.08575286311915024
Antilock,Cushioning,Airbag,0.08575286311915024
Antilock,Cushioning,Airbag,0.08575286311915024
Antilock,Cushioning,Airbag,0.08575286311915024
Antilock,Cushioning,Airbag,0.08575286311915024
Antilock,Cushioning,Airbag,0.08575286311915024
Antilock,Cushioning,Airbag,0.08575286311915024
Antilock,Cushioning,Airbag,0.08575286311915024
Antilock,Cushioning,Airbag,0.08575286311915024
Antilock,Cushioning,Airbag,0.08575286311915024
Antilock,Cushioning,Airbag,0.08575286311915024
Antilock,Airbag,Accident,1.6497020686400106e-276
Antilock,Airbag,Accident,1.6497020686400106e-276
Antilock,Airbag,Accident,1.6497020686400106e-276
Antilock,Airbag,Accident,1.6497020686400106e-276
Antilock,Airbag,Accident,1.6497020686400106e-276
Antilock,Airbag,Accident,1.6497020686400106e-276
Antilock,Airbag,Accident,1.6497020686400106e-276
Antilock,Airbag,Accident,1.6497020686400106e-276
Antilock,Airbag,Accident,1.6497020686400106e-276
Antilock,Airbag,Accident,1.6497020686400106e-276
Antilock,Airbag,Accident,1.6497020686400106e-276
Antilock,Airbag,Accident,1.6497020686400106e-276
Antilock,Airbag,Accident,1.6497020686400106e-276
Antilock,Airbag,Accident,1.6497020686400106e-276
Antilock,Airbag,Accident,1.6497020686400106e-276
Antilock,Airbag,Accident,1.6497020686400106e-276
Antilock,Airbag,Accident,1.6497020686400106e-276
Antilock,Airbag,Accident,1.6497020686400106e-276
Antilock,ILiCost,CarValue,0.9355128742778667
Antilock,ILiCost,CarValue,0.9355128742778667
DrivingSkill,SeniorTrain,Accident,2.1798001285166104e-06
DrivingSkill,SeniorTrain,Accident,2.1798001285166104e-06
DrivingSkill,SeniorTrain,Accident,2.1798001285166104e-06
DrivingSkill,SeniorTrain,Accident,2.1798001285166104e-06
DrivingSkill,SeniorTrain,Accident,2.1798001285166104e-06
DrivingSkill,SeniorTrain,Accident,2.1798001285166104e-06
DrivingSkill,SeniorTrain,Accident,2.1798001285166104e-06
DrivingSkill,SeniorTrain,Accident,2.1798001285166104e-06
DrivingSkill,SeniorTrain,Accident,2.1798001285166104e-06
DrivingSkill,SeniorTrain,Accident,2.1798001285166104e-06
DrivingSkill,SeniorTrain,Accident,2.1798001285166104e-06
DrivingSkill,SeniorTrain,Accident,2.1798001285166104e-06
DrivingSkill,SeniorTrain,Accident,2.1798001285166104e-06
DrivingSkill,ThisCarCost,Accident,0.06749102190244169
DrivingSkill,ThisCarCost,Accident,0.06749102190244169
DrivingSkill,ThisCarCost,Accident,0.06749102190244169
DrivingSkill,ThisCarCost,Accident,0.06749102190244169
DrivingSkill,ThisCarCost,Accident,0.06749102190244169
DrivingSkill,ThisCarCost,Accident,0.06749102190244169
DrivingSkill,ThisCarCost,Accident,0.06749102190244169
DrivingSkill,ThisCarCost,Accident,0.06749102190244169
DrivingSkill,ThisCarCost,Accident,0.06749102190244169
DrivingSkill,ThisCarCost,Accident,0.06749102190244169
DrivingSkill,ThisCarCost,Accident,0.06749102190244169
DrivingSkill,ThisCarCost,Accident,0.06749102190244169
DrivingSkill,ThisCarCost,Accident,0.06749102190244169
DrivingSkill,Theft,Accident,0.000505635797534445
DrivingSkill,Theft,Accident,0.000505635797534445
DrivingSkill,Theft,Accident,0.000505635797534445
DrivingSkill,Theft,Accident,0.000505635797534445
DrivingSkill,Theft,Accident,0.000505635797534445
DrivingSkill,Theft,Accident,0.000505635797534445
DrivingSkill,Theft,Accident,0.000505635797534445
DrivingSkill,Theft,Accident,0.000505635797534445
DrivingSkill,Theft,Accident,0.000505635797534445
DrivingSkill,Theft,Accident,0.000505635797534445
DrivingSkill,Theft,Accident,0.000505635797534445
DrivingSkill,Theft,Accident,0.000505635797534445
DrivingSkill,Theft,Accident,0.000505635797534445
DrivingSkill,HomeBase,RiskAversion,0.10763746449917369
DrivingSkill,HomeBase,RiskAversion,0.10763746449917369
DrivingSkill,HomeBase,RiskAversion,0.10763746449917369
DrivingSkill,HomeBase,RiskAversion,0.10763746449917369
DrivingSkill,HomeBase,RiskAversion,0.10763746449917369
DrivingSkill,HomeBase,RiskAversion,0.10763746449917369
DrivingSkill,HomeBase,RiskAversion,0.10763746449917369
DrivingSkill,HomeBase,RiskAversion,0.10763746449917369
DrivingSkill,HomeBase,RiskAversion,0.10763746449917369
DrivingSkill,AntiTheft,RiskAversion,0.20168303255198597
DrivingSkill,AntiTheft,RiskAversion,0.20168303255198597
DrivingSkill,AntiTheft,RiskAversion,0.20168303255198597
DrivingSkill,AntiTheft,RiskAversion,0.20168303255198597
DrivingSkill,AntiTheft,RiskAversion,0.20168303255198597
DrivingSkill,AntiTheft,RiskAversion,0.20168303255198597
DrivingSkill,AntiTheft,RiskAversion,0.20168303255198597
DrivingSkill,AntiTheft,RiskAversion,0.20168303255198597
DrivingSkill,AntiTheft,RiskAversion,0.20168303255198597
DrivingSkill,PropCost,ThisCarDam,0.15414029886084912
DrivingSkill,PropCost,ThisCarDam,0.15414029886084912
DrivingSkill,OtherCarCost,ThisCarCost,0.1636619996501081
DrivingSkill,DrivHist,Accident,0.0
DrivingSkill,DrivHist,Accident,0.0
DrivingSkill,DrivHist,Accident,0.0
DrivingSkill,DrivHist,Accident,0.0
DrivingSkill,DrivHist,Accident,0.0
DrivingSkill,DrivHist,Accident,0.0
DrivingSkill,DrivHist,Accident,0.0
DrivingSkill,DrivHist,Accident,0.0
DrivingSkill,DrivHist,Accident,0.0
DrivingSkill,DrivHist,Accident,0.0
DrivingSkill,DrivHist,Accident,0.0
DrivingSkill,DrivHist,Accident,0.0
DrivingSkill,DrivHist,Accident,0.0
SeniorTrain,Theft,DrivQuality,0.19510873091643233
SeniorTrain,Theft,DrivQuality,0.19510873091643233
SeniorTrain,Theft,DrivQuality,0.19510873091643233
SeniorTrain,Theft,DrivQuality,0.19510873091643233
SeniorTrain,Theft,DrivQuality,0.19510873091643233
SeniorTrain,Theft,DrivQuality,0.19510873091643233
SeniorTrain,HomeBase,RiskAversion,0.3423164291053627
SeniorTrain,HomeBase,RiskAversion,0.3423164291053627
SeniorTrain,HomeBase,RiskAversion,0.3423164291053627
SeniorTrain,HomeBase,RiskAversion,0.3423164291053627
SeniorTrain,HomeBase,RiskAversion,0.3423164291053627
SeniorTrain,HomeBase,RiskAversion,0.3423164291053627
SeniorTrain,HomeBase,RiskAversion,0.3423164291053627
SeniorTrain,HomeBase,RiskAversion,0.3423164291053627
SeniorTrain,AntiTheft,Accident,2.730755940705605e-66
SeniorTrain,AntiTheft,Accident,2.730755940705605e-66
SeniorTrain,AntiTheft,Accident,2.730755940705605e-66
SeniorTrain,AntiTheft,Accident,2.730755940705605e-66
SeniorTrain,AntiTheft,Accident,2.730755940705605e-66
SeniorTrain,AntiTheft,Accident,2.730755940705605e-66
SeniorTrain,AntiTheft,Accident,2.730755940705605e-66
SeniorTrain,AntiTheft,Accident,2.730755940705605e-66
SeniorTrain,AntiTheft,Accident,2.730755940705605e-66
SeniorTrain,AntiTheft,Accident,2.730755940705605e-66
SeniorTrain,AntiTheft,Accident,2.730755940705605e-66
SeniorTrain,OtherCarCost,ThisCarDam,0.12364258631279113
SeniorTrain,DrivHist,Accident,3.954737464936167e-23
SeniorTrain,DrivHist,Accident,3.954737464936167e-23
SeniorTrain,DrivHist,Accident,3.954737464936167e-23
SeniorTrain,DrivHist,Accident,3.954737464936167e-23
SeniorTrain,DrivHist,Accident,3.954737464936167e-23
SeniorTrain,DrivHist,Accident,3.954737464936167e-23
SeniorTrain,DrivHist,Accident,3.954737464936167e-23
SeniorTrain,DrivHist,Accident,3.954737464936167e-23
SeniorTrain,DrivHist,Accident,3.954737464936167e-23
SeniorTrain,DrivHist,Accident,3.954737464936167e-23
SeniorTrain,DrivHist,Accident,3.954737464936167e-23
ThisCarCost,Theft,Accident,2.681522733145038e-06
ThisCarCost,Theft,Accident,2.681522733145038e-06
ThisCarCost,Theft,Accident,2.681522733145038e-06
ThisCarCost,Theft,Accident,2.681522733145038e-06
ThisCarCost,Theft,Accident,2.681522733145038e-06
ThisCarCost,Theft,Accident,2.681522733145038e-06
ThisCarCost,Theft,Accident,2.681522733145038e-06
ThisCarCost,Theft,Accident,2.681522733145038e-06
ThisCarCost,Theft,Accident,2.681522733145038e-06
ThisCarCost,Theft,Accident,2.681522733145038e-06
ThisCarCost,Theft,Accident,2.681522733145038e-06
ThisCarCost,Theft,Accident,2.681522733145038e-06
ThisCarCost,Theft,Accident,2.681522733145038e-06
ThisCarCost,Theft,Accident,2.681522733145038e-06
ThisCarCost,Theft,Accident,2.681522733145038e-06
ThisCarCost,Theft,Accident,2.681522733145038e-06
ThisCarCost,Theft,Accident,2.681522733145038e-06
ThisCarCost,Theft,Accident,2.681522733145038e-06
ThisCarCost,Theft,Accident,2.681522733145038e-06
ThisCarCost,Theft,Accident,2.681522733145038e-06
ThisCarCost,Theft,Accident,2.681522733145038e-06
ThisCarCost,Theft,Accident,2.681522733145038e-06
ThisCarCost,CarValue,Accident,0.0
ThisCarCost,CarValue,Accident,0.0
ThisCarCost,CarValue,Accident,0.0
ThisCarCost,CarValue,Accident,0.0
ThisCarCost,CarValue,Accident,0.0
ThisCarCost,CarValue,Accident,0.0
ThisCarCost,CarValue,Accident,0.0
ThisCarCost,CarValue,Accident,0.0
ThisCarCost,CarValue,Accident,0.0
ThisCarCost,CarValue,Accident,0.0
ThisCarCost,CarValue,Accident,0.0
ThisCarCost,CarValue,Accident,0.0
ThisCarCost,CarValue,Accident,0.0
ThisCarCost,CarValue,Accident,0.0
ThisCarCost,CarValue,Accident,0.0
ThisCarCost,CarValue,Accident,0.0
ThisCarCost,CarValue,Accident,0.0
ThisCarCost,CarValue,Accident,0.0
ThisCarCost,CarValue,Accident,0.0
ThisCarCost,CarValue,Accident,0.0
ThisCarCost,CarValue,Accident,0.0
ThisCarCost,CarValue,Accident,0.0
ThisCarCost,HomeBase,CarValue,0.9909790812789396
ThisCarCost,HomeBase,CarValue,0.9909790812789396
ThisCarCost,HomeBase,CarValue,0.9909790812789396
ThisCarCost,AntiTheft,CarValue,0.9734599416955335
ThisCarCost,AntiTheft,CarValue,0.9734599416955335
ThisCarCost,AntiTheft,CarValue,0.9734599416955335
ThisCarCost,PropCost,Accident,0.0
ThisCarCost,PropCost,Accident,0.0
ThisCarCost,PropCost,Accident,0.0
ThisCarCost,PropCost,Accident,0.0
ThisCarCost,PropCost,Accident,0.0
ThisCarCost,PropCost,Accident,0.0
ThisCarCost,PropCost,Accident,0.0
ThisCarCost,PropCost,Accident,0.0
ThisCarCost,PropCost,Accident,0.0
ThisCarCost,PropCost,Accident,0.0
ThisCarCost,PropCost,Accident,0.0
ThisCarCost,PropCost,Accident,0.0
ThisCarCost,PropCost,Accident,0.0
ThisCarCost,PropCost,Accident,0.0
ThisCarCost,PropCost,Accident,0.0
ThisCarCost,PropCost,Accident,0.0
ThisCarCost,PropCost,Accident,0.0
ThisCarCost,PropCost,Accident,0.0
ThisCarCost,PropCost,Accident,0.0
ThisCarCost,PropCost,Accident,0.0
ThisCarCost,PropCost,Accident,0.0
ThisCarCost,PropCost,Accident,0.0
ThisCarCost,OtherCarCost,Accident,2.978712142894206e-07
ThisCarCost,OtherCarCost,Accident,2.978712142894206e-07
ThisCarCost,OtherCarCost,Accident,2.978712142894206e-07
ThisCarCost,OtherCarCost,Accident,2.978712142894206e-07
ThisCarCost,OtherCarCost,Accident,2.978712142894206e-07
ThisCarCost,OtherCarCost,Accident,2.978712142894206e-07
ThisCarCost,OtherCarCost,Accident,2.978712142894206e-07
ThisCarCost,OtherCarCost,Accident,2.978712142894206e-07
ThisCarCost,OtherCarCost,Accident,2.978712142894206e-07
ThisCarCost,OtherCarCost,Accident,2.978712142894206e-07
ThisCarCost,OtherCarCost,Accident,2.978712142894206e-07
ThisCarCost,OtherCarCost,Accident,2.978712142894206e-07
ThisCarCost,OtherCarCost,Accident,2.978712142894206e-07
ThisCarCost,OtherCarCost,Accident,2.978712142894206e-07
ThisCarCost,OtherCarCost,Accident,2.978712142894206e-07
ThisCarCost,OtherCarCost,Accident,2.978712142894206e-07
ThisCarCost,OtherCarCost,Accident,2.978712142894206e-07
ThisCarCost,OtherCarCost,Accident,2.978712142894206e-07
ThisCarCost,OtherCarCost,Accident,2.978712142894206e-07
ThisCarCost,OtherCarCost,Accident,2.978712142894206e-07
ThisCarCost,OtherCarCost,Accident,2.978712142894206e-07
ThisCarCost,OtherCarCost,Accident,2.978712142894206e-07
ThisCarCost,OtherCar,CarValue,0.8563630052429221
ThisCarCost,OtherCar,CarValue,0.8563630052429221
ThisCarCost,OtherCar,CarValue,0.8563630052429221
ThisCarCost,MedCost,Accident,7.563071450296371e-21
ThisCarCost,MedCost,Accident,7.563071450296371e-21
ThisCarCost,MedCost,Accident,7.563071450296371e-21
ThisCarCost,MedCost,Accident,7.563071450296371e-21
ThisCarCost,MedCost,Accident,7.563071450296371e-21
ThisCarCost,MedCost,Accident,7.563071450296371e-21
ThisCarCost,MedCost,Accident,7.563071450296371e-21
ThisCarCost,MedCost,Accident,7.563071450296371e-21
ThisCarCost,MedCost,Accident,7.563071450296371e-21
ThisCarCost,MedCost,Accident,7.563071450296371e-21
ThisCarCost,MedCost,Accident,7.563071450296371e-21
ThisCarCost,MedCost,Accident,7.563071450296371e-21
ThisCarCost,MedCost,Accident,7.563071450296371e-21
ThisCarCost,MedCost,Accident,7.563071450296371e-21
ThisCarCost,MedCost,Accident,7.563071450296371e-21
ThisCarCost,MedCost,Accident,7.563071450296371e-21
ThisCarCost,MedCost,Accident,7.563071450296371e-21
ThisCarCost,MedCost,Accident,7.563071450296371e-21
ThisCarCost,MedCost,Accident,7.563071450296371e-21
ThisCarCost,MedCost,Accident,7.563071450296371e-21
ThisCarCost,MedCost,Accident,7.563071450296371e-21
ThisCarCost,MedCost,Accident,7.563071450296371e-21
ThisCarCost,Cushioning,CarValue,0.7128786013379503
ThisCarCost,Cushioning,CarValue,0.7128786013379503
ThisCarCost,Cushioning,CarValue,0.7128786013379503
ThisCarCost,Airbag,CarValue,0.3776557816292045
ThisCarCost,Airbag,CarValue,0.3776557816292045
ThisCarCost,Airbag,CarValue,0.3776557816292045
ThisCarCost,ILiCost,Accident,0.0013059851345009993
ThisCarCost,ILiCost,Accident,0.0013059851345009993
ThisCarCost,ILiCost,Accident,0.0013059851345009993
ThisCarCost,ILiCost,Accident,0.0013059851345009993
ThisCarCost,ILiCost,Accident,0.0013059851345009993
ThisCarCost,ILiCost,Accident,0.0013059851345009993
ThisCarCost,ILiCost,Accident,0.0013059851345009993
ThisCarCost,ILiCost,Accident,0.0013059851345009993
ThisCarCost,ILiCost,Accident,0.0013059851345009993
ThisCarCost,ILiCost,Accident,0.0013059851345009993
ThisCarCost,ILiCost,Accident,0.0013059851345009993
ThisCarCost,ILiCost,Accident,0.0013059851345009993
ThisCarCost,ILiCost,Accident,0.0013059851345009993
ThisCarCost,ILiCost,Accident,0.0013059851345009993
ThisCarCost,ILiCost,Accident,0.0013059851345009993
ThisCarCost,ILiCost,Accident,0.0013059851345009993
ThisCarCost,ILiCost,Accident,0.0013059851345009993
ThisCarCost,ILiCost,Accident,0.0013059851345009993
ThisCarCost,ILiCost,Accident,0.0013059851345009993
ThisCarCost,ILiCost,Accident,0.0013059851345009993
ThisCarCost,ILiCost,Accident,0.0013059851345009993
ThisCarCost,ILiCost,Accident,0.0013059851345009993
ThisCarCost,DrivHist,MedCost,0.2328564238079855
Theft,CarValue,SeniorTrain,0.05084619688609726
Theft,CarValue,SeniorTrain,0.05084619688609726
Theft,OtherCarCost,DrivingSkill,0.011898966249263752
Theft,OtherCarCost,DrivingSkill,0.011898966249263752
Theft,OtherCarCost,DrivingSkill,0.011898966249263752
Theft,OtherCarCost,DrivingSkill,0.011898966249263752
Theft,OtherCarCost,DrivingSkill,0.011898966249263752
CarValue,HomeBase,SocioEcon,0.6218662901651119
CarValue,HomeBase,SocioEcon,0.6218662901651119
CarValue,HomeBase,SocioEcon,0.6218662901651119
CarValue,HomeBase,SocioEcon,0.6218662901651119
CarValue,HomeBase,SocioEcon,0.6218662901651119
CarValue,AntiTheft,SocioEcon,0.5670796524968752
CarValue,AntiTheft,SocioEcon,0.5670796524968752
CarValue,AntiTheft,SocioEcon,0.5670796524968752
CarValue,AntiTheft,SocioEcon,0.5670796524968752
CarValue,AntiTheft,SocioEcon,0.5670796524968752
CarValue,AntiTheft,SocioEcon,0.5670796524968752
CarValue,PropCost,Accident,2.7986033593804006e-183
CarValue,PropCost,Accident,2.7986033593804006e-183
CarValue,PropCost,Accident,2.7986033593804006e-183
CarValue,PropCost,Accident,2.7986033593804006e-183
CarValue,PropCost,Accident,2.7986033593804006e-183
CarValue,PropCost,Accident,2.7986033593804006e-183
CarValue,PropCost,Accident,2.7986033593804006e-183
CarValue,PropCost,Accident,2.7986033593804006e-183
CarValue,PropCost,Accident,2.7986033593804006e-183
CarValue,PropCost,Accident,2.7986033593804006e-183
CarValue,PropCost,Accident,2.7986033593804006e-183
CarValue,PropCost,Accident,2.7986033593804006e-183
CarValue,PropCost,Accident,2.7986033593804006e-183
CarValue,PropCost,Accident,2.7986033593804006e-183
CarValue,PropCost,Accident,2.7986033593804006e-183
CarValue,PropCost,Accident,2.7986033593804006e-183
CarValue,PropCost,Accident,2.7986033593804006e-183
CarValue,PropCost,Accident,2.7986033593804006e-183
CarValue,PropCost,Accident,2.7986033593804006e-183
CarValue,PropCost,Accident,2.7986033593804006e-183
CarValue,OtherCarCost,Accident,0.011639670542493988
CarValue,OtherCarCost,Accident,0.011639670542493988
CarValue,OtherCarCost,Accident,0.011639670542493988
CarValue,OtherCarCost,Accident,0.011639670542493988
CarValue,OtherCarCost,Accident,0.011639670542493988
CarValue,OtherCarCost,Accident,0.011639670542493988
CarValue,OtherCarCost,Accident,0.011639670542493988
CarValue,OtherCarCost,Accident,0.011639670542493988
CarValue,OtherCarCost,Accident,0.011639670542493988
CarValue,OtherCarCost,Accident,0.011639670542493988
CarValue,OtherCarCost,Accident,0.011639670542493988
CarValue,OtherCarCost,Accident,0.011639670542493988
CarValue,OtherCarCost,Accident,0.011639670542493988
CarValue,OtherCarCost,Accident,0.011639670542493988
CarValue,OtherCarCost,Accident,0.011639670542493988
CarValue,OtherCarCost,Accident,0.011639670542493988
CarValue,OtherCarCost,Accident,0.011639670542493988
CarValue,OtherCarCost,Accident,0.011639670542493988
CarValue,OtherCarCost,Accident,0.011639670542493988
CarValue,OtherCarCost,Accident,0.011639670542493988
CarValue,OtherCar,SocioEcon,0.6596465284210107
CarValue,OtherCar,SocioEcon,0.6596465284210107
CarValue,OtherCar,SocioEcon,0.6596465284210107
CarValue,OtherCar,SocioEcon,0.6596465284210107
CarValue,OtherCar,SocioEcon,0.6596465284210107
CarValue,MedCost,Cushioning,0.069992675200528
CarValue,MedCost,Cushioning,0.069992675200528
CarValue,MedCost,Cushioning,0.069992675200528
CarValue,MedCost,Cushioning,0.069992675200528
CarValue,MedCost,Cushioning,0.069992675200528
CarValue,MedCost,Cushioning,0.069992675200528
CarValue,MedCost,Cushioning,0.069992675200528
CarValue,MedCost,Cushioning,0.069992675200528
CarValue,MedCost,Cushioning,0.069992675200528
CarValue,MedCost,Cushioning,0.069992675200528
CarValue,MedCost,Cushioning,0.069992675200528
CarValue,MedCost,Cushioning,0.069992675200528
CarValue,Cushioning,Accident,6.664058403235175e-148
CarValue,Cushioning,Accident,6.664058403235175e-148
CarValue,Cushioning,Accident,6.664058403235175e-148
CarValue,Cushioning,Accident,6.664058403235175e-148
CarValue,Cushioning,Accident,6.664058403235175e-148
CarValue,Cushioning,Accident,6.664058403235175e-148
CarValue,Cushioning,Accident,6.664058403235175e-148
CarValue,Cushioning,Accident,6.664058403235175e-148
CarValue,Cushioning,Accident,6.664058403235175e-148
CarValue,Cushioning,Accident,6.664058403235175e-148
CarValue,Cushioning,Accident,6.664058403235175e-148
CarValue,Cushioning,Accident,6.664058403235175e-148
CarValue,Cushioning,Accident,6.664058403235175e-148
CarValue,Cushioning,Accident,6.664058403235175e-148
CarValue,Cushioning,Accident,6.664058403235175e-148
CarValue,Cushioning,Accident,6.664058403235175e-148
CarValue,Cushioning,Accident,6.664058403235175e-148
CarValue,Cushioning,Accident,6.664058403235175e-148
CarValue,Cushioning,Accident,6.664058403235175e-148
CarValue,Cushioning,Accident,6.664058403235175e-148
CarValue,Airbag,Accident,0.0
CarValue,Airbag,Accident,0.0
CarValue,Airbag,Accident,0.0
CarValue,Airbag,Accident,0.0
CarValue,Airbag,Accident,0.0
CarValue,Airbag,Accident,0.0
CarValue,Airbag,Accident,0.0
CarValue,Airbag,Accident,0.0
CarValue,Airbag,Accident,0.0
CarValue,Airbag,Accident,0.0
CarValue,Airbag,Accident,0.0
CarValue,Airbag,Accident,0.0
CarValue,Airbag,Accident,0.0
CarValue,Airbag,Accident,0.0
CarValue,Airbag,Accident,0.0
CarValue,Airbag,Accident,0.0
CarValue,Airbag,Accident,0.0
CarValue,Airbag,Accident,0.0
CarValue,Airbag,Accident,0.0
CarValue,Airbag,Accident,0.0
CarValue,DrivHist,MedCost,0.12480643216855454
HomeBase,AntiTheft,Accident,7.323296187606865e-196
HomeBase,AntiTheft,Accident,7.323296187606865e-196
HomeBase,AntiTheft,Accident,7.323296187606865e-196
HomeBase,AntiTheft,Accident,7.323296187606865e-196
HomeBase,AntiTheft,Accident,7.323296187606865e-196
HomeBase,AntiTheft,Accident,7.323296187606865e-196
HomeBase,AntiTheft,Accident,7.323296187606865e-196
HomeBase,AntiTheft,Accident,7.323296187606865e-196
HomeBase,AntiTheft,Accident,7.323296187606865e-196
HomeBase,AntiTheft,Accident,7.323296187606865e-196
HomeBase,AntiTheft,Accident,7.323296187606865e-196
HomeBase,AntiTheft,Accident,7.323296187606865e-196
HomeBase,AntiTheft,Accident,7.323296187606865e-196
HomeBase,AntiTheft,Accident,7.323296187606865e-196
HomeBase,AntiTheft,Accident,7.323296187606865e-196
HomeBase,AntiTheft,Accident,7.323296187606865e-196
HomeBase,AntiTheft,Accident,7.323296187606865e-196
HomeBase,AntiTheft,Accident,7.323296187606865e-196
HomeBase,AntiTheft,Accident,7.323296187606865e-196
HomeBase,AntiTheft,Accident,7.323296187606865e-196
HomeBase,PropCost,CarValue,0.2078401882239056
HomeBase,PropCost,CarValue,0.2078401882239056
HomeBase,PropCost,CarValue,0.2078401882239056
HomeBase,OtherCar,SocioEcon,0.055444931969754425
HomeBase,OtherCar,SocioEcon,0.055444931969754425
HomeBase,OtherCar,SocioEcon,0.055444931969754425
HomeBase,OtherCar,SocioEcon,0.055444931969754425
HomeBase,OtherCar,SocioEcon,0.055444931969754425
HomeBase,OtherCar,SocioEcon,0.055444931969754425
HomeBase,MedCost,CarValue,0.06974476390029623
HomeBase,MedCost,CarValue,0.06974476390029623
HomeBase,Cushioning,SocioEcon,0.37361584960311767
HomeBase,Cushioning,SocioEcon,0.37361584960311767
HomeBase,Cushioning,SocioEcon,0.37361584960311767
HomeBase,Cushioning,SocioEcon,0.37361584960311767
HomeBase,Cushioning,SocioEcon,0.37361584960311767
HomeBase,Cushioning,SocioEcon,0.37361584960311767
HomeBase,Cushioning,SocioEcon,0.37361584960311767
HomeBase,Airbag,SocioEcon,0.16349598584023886
HomeBase,Airbag,SocioEcon,0.16349598584023886
HomeBase,Airbag,SocioEcon,0.16349598584023886
HomeBase,Airbag,SocioEcon,0.16349598584023886
HomeBase,Airbag,SocioEcon,0.16349598584023886
HomeBase,Airbag,SocioEcon,0.16349598584023886
HomeBase,Airbag,SocioEcon,0.16349598584023886
HomeBase,DrivHist,RiskAversion,0.8592872740738701
HomeBase,DrivHist,RiskAversion,0.8592872740738701
HomeBase,DrivHist,RiskAversion,0.8592872740738701
HomeBase,DrivHist,RiskAversion,0.8592872740738701
AntiTheft,PropCost,CarValue,0.26275150906085903
AntiTheft,PropCost,CarValue,0.26275150906085903
AntiTheft,PropCost,CarValue,0.26275150906085903
AntiTheft,OtherCar,HomeBase,0.16666196855473847
AntiTheft,OtherCar,HomeBase,0.16666196855473847
AntiTheft,OtherCar,HomeBase,0.16666196855473847
AntiTheft,OtherCar,HomeBase,0.16666196855473847
AntiTheft,MedCost,HomeBase,0.7594156139912471
AntiTheft,MedCost,HomeBase,0.7594156139912471
AntiTheft,MedCost,HomeBase,0.7594156139912471
AntiTheft,Cushioning,CarValue,0.09312455514566226
AntiTheft,Cushioning,CarValue,0.09312455514566226
AntiTheft,Cushioning,CarValue,0.09312455514566226
AntiTheft,Airbag,SocioEcon,0.22894039199922148
AntiTheft,Airbag,SocioEcon,0.22894039199922148
AntiTheft,Airbag,SocioEcon,0.22894039199922148
AntiTheft,Airbag,SocioEcon,0.22894039199922148
AntiTheft,Airbag,SocioEcon,0.22894039199922148
AntiTheft,Airbag,SocioEcon,0.22894039199922148
AntiTheft,Airbag,SocioEcon,0.22894039199922148
AntiTheft,Airbag,SocioEcon,0.22894039199922148
AntiTheft,DrivHist,RiskAversion,0.705333982266366
AntiTheft,DrivHist,RiskAversion,0.705333982266366
AntiTheft,DrivHist,RiskAversion,0.705333982266366
AntiTheft,DrivHist,RiskAversion,0.705333982266366
PropCost,OtherCarCost,Accident,0.0
PropCost,OtherCarCost,Accident,0.0
PropCost,OtherCarCost,Accident,0.0
PropCost,OtherCarCost,Accident,0.0
PropCost,OtherCarCost,Accident,0.0
PropCost,OtherCarCost,Accident,0.0
PropCost,OtherCarCost,Accident,0.0
PropCost,OtherCarCost,Accident,0.0
PropCost,OtherCarCost,Accident,0.0
PropCost,OtherCarCost,Accident,0.0
PropCost,OtherCarCost,Accident,0.0
PropCost,OtherCarCost,Accident,0.0
PropCost,OtherCarCost,Accident,0.0
PropCost,OtherCarCost,Accident,0.0
PropCost,OtherCarCost,Accident,0.0
PropCost,OtherCarCost,Accident,0.0
PropCost,OtherCarCost,Accident,0.0
PropCost,OtherCarCost,Accident,0.0
PropCost,OtherCarCost,Accident,0.0
PropCost,OtherCarCost,Accident,0.0
PropCost,OtherCarCost,Accident,0.0
PropCost,OtherCar,CarValue,0.3970449537462774
PropCost,OtherCar,CarValue,0.3970449537462774
PropCost,OtherCar,CarValue,0.3970449537462774
PropCost,MedCost,Accident,1.8700543368672127e-06
PropCost,MedCost,Accident,1.8700543368672127e-06
PropCost,MedCost,Accident,1.8700543368672127e-06
PropCost,MedCost,Accident,1.8700543368672127e-06
PropCost,MedCost,Accident,1.8700543368672127e-06
PropCost,MedCost,Accident,1.8700543368672127e-06
PropCost,MedCost,Accident,1.8700543368672127e-06
PropCost,MedCost,Accident,1.8700543368672127e-06
PropCost,MedCost,Accident,1.8700543368672127e-06
PropCost,MedCost,Accident,1.8700543368672127e-06
PropCost,MedCost,Accident,1.8700543368672127e-06
PropCost,MedCost,Accident,1.8700543368672127e-06
PropCost,MedCost,Accident,1.8700543368672127e-06
PropCost,MedCost,Accident,1.8700543368672127e-06
PropCost,MedCost,Accident,1.8700543368672127e-06
PropCost,MedCost,Accident,1.8700543368672127e-06
PropCost,MedCost,Accident,1.8700543368672127e-06
PropCost,MedCost,Accident,1.8700543368672127e-06
PropCost,MedCost,Accident,1.8700543368672127e-06
PropCost,MedCost,Accident,1.8700543368672127e-06
PropCost,MedCost,Accident,1.8700543368672127e-06
PropCost,Cushioning,MakeModel,0.18590824182979654
PropCost,Cushioning,MakeModel,0.18590824182979654
PropCost,Cushioning,MakeModel,0.18590824182979654
PropCost,Cushioning,MakeModel,0.18590824182979654
PropCost,Cushioning,MakeModel,0.18590824182979654
PropCost,Cushioning,MakeModel,0.18590824182979654
PropCost,Cushioning,MakeModel,0.18590824182979654
PropCost,Cushioning,MakeModel,0.18590824182979654
PropCost,Cushioning,MakeModel,0.18590824182979654
PropCost,Cushioning,MakeModel,0.18590824182979654
PropCost,Cushioning,MakeModel,0.18590824182979654
PropCost,Airbag,CarValue,0.9757011855407122
PropCost,Airbag,CarValue,0.9757011855407122
PropCost,Airbag,CarValue,0.9757011855407122
PropCost,ILiCost,Accident,0.008712910917916806
PropCost,ILiCost,Accident,0.008712910917916806
PropCost,ILiCost,Accident,0.008712910917916806
PropCost,ILiCost,Accident,0.008712910917916806
PropCost,ILiCost,Accident,0.008712910917916806
PropCost,ILiCost,Accident,0.008712910917916806
PropCost,ILiCost,Accident,0.008712910917916806
PropCost,ILiCost,Accident,0.008712910917916806
PropCost,ILiCost,Accident,0.008712910917916806
PropCost,ILiCost,Accident,0.008712910917916806
PropCost,ILiCost,Accident,0.008712910917916806
PropCost,ILiCost,Accident,0.008712910917916806
PropCost,ILiCost,Accident,0.008712910917916806
PropCost,ILiCost,Accident,0.008712910917916806
PropCost,ILiCost,Accident,0.008712910917916806
PropCost,ILiCost,Accident,0.008712910917916806
PropCost,ILiCost,Accident,0.008712910917916806
PropCost,ILiCost,Accident,0.008712910917916806
PropCost,ILiCost,Accident,0.008712910917916806
PropCost,ILiCost,Accident,0.008712910917916806
PropCost,ILiCost,Accident,0.008712910917916806
PropCost,DrivHist,MedCost,0.16051193097368732
OtherCarCost,MedCost,Accident,3.4789671677057995e-07
OtherCarCost,MedCost,Accident,3.4789671677057995e-07
OtherCarCost,MedCost,Accident,3.4789671677057995e-07
OtherCarCost,MedCost,Accident,3.4789671677057995e-07
OtherCarCost,MedCost,Accident,3.4789671677057995e-07
OtherCarCost,MedCost,Accident,3.4789671677057995e-07
OtherCarCost,MedCost,Accident,3.4789671677057995e-07
OtherCarCost,MedCost,Accident,3.4789671677057995e-07
OtherCarCost,MedCost,Accident,3.4789671677057995e-07
OtherCarCost,MedCost,Accident,3.4789671677057995e-07
OtherCarCost,MedCost,Accident,3.4789671677057995e-07
OtherCarCost,MedCost,Accident,3.4789671677057995e-07
OtherCarCost,MedCost,Accident,3.4789671677057995e-07
OtherCarCost,MedCost,Accident,3.4789671677057995e-07
OtherCarCost,MedCost,Accident,3.4789671677057995e-07
OtherCarCost,MedCost,Accident,3.4789671677057995e-07
OtherCarCost,MedCost,Accident,3.4789671677057995e-07
OtherCarCost,MedCost,Accident,3.4789671677057995e-07
OtherCarCost,MedCost,Accident,3.4789671677057995e-07
OtherCarCost,Cushioning,Accident,1.0539295812724568e-12
OtherCarCost,Cushioning,Accident,1.0539295812724568e-12
OtherCarCost,Cushioning,Accident,1.0539295812724568e-12
OtherCarCost,Cushioning,Accident,1.0539295812724568e-12
OtherCarCost,Cushioning,Accident,1.0539295812724568e-12
OtherCarCost,Cushioning,Accident,1.0539295812724568e-12
OtherCarCost,Cushioning,Accident,1.0539295812724568e-12
OtherCarCost,Cushioning,Accident,1.0539295812724568e-12
OtherCarCost,Cushioning,Accident,1.0539295812724568e-12
OtherCarCost,Cushioning,Accident,1.0539295812724568e-12
OtherCarCost,Cushioning,Accident,1.0539295812724568e-12
OtherCarCost,Cushioning,Accident,1.0539295812724568e-12
OtherCarCost,Cushioning,Accident,1.0539295812724568e-12
OtherCarCost,Cushioning,Accident,1.0539295812724568e-12
OtherCarCost,Cushioning,Accident,1.0539295812724568e-12
OtherCarCost,Cushioning,Accident,1.0539295812724568e-12
OtherCarCost,Cushioning,Accident,1.0539295812724568e-12
OtherCarCost,Cushioning,Accident,1.0539295812724568e-12
OtherCarCost,Cushioning,Accident,1.0539295812724568e-12
OtherCarCost,ILiCost,Accident,4.327320373024956e-08
OtherCarCost,ILiCost,Accident,4.327320373024956e-08
OtherCarCost,ILiCost,Accident,4.327320373024956e-08
OtherCarCost,ILiCost,Accident,4.327320373024956e-08
OtherCarCost,ILiCost,Accident,4.327320373024956e-08
OtherCarCost,ILiCost,Accident,4.327320373024956e-08
OtherCarCost,ILiCost,Accident,4.327320373024956e-08
OtherCarCost,ILiCost,Accident,4.327320373024956e-08
OtherCarCost,ILiCost,Accident,4.327320373024956e-08
OtherCarCost,ILiCost,Accident,4.327320373024956e-08
OtherCarCost,ILiCost,Accident,4.327320373024956e-08
OtherCarCost,ILiCost,Accident,4.327320373024956e-08
OtherCarCost,ILiCost,Accident,4.327320373024956e-08
OtherCarCost,ILiCost,Accident,4.327320373024956e-08
OtherCarCost,ILiCost,Accident,4.327320373024956e-08
OtherCarCost,ILiCost,Accident,4.327320373024956e-08
OtherCarCost,ILiCost,Accident,4.327320373024956e-08
OtherCarCost,ILiCost,Accident,4.327320373024956e-08
OtherCarCost,ILiCost,Accident,4.327320373024956e-08
OtherCarCost,DrivHist,MedCost,0.788979447663789
OtherCar,MedCost,CarValue,0.49866044100058626
OtherCar,Cushioning,SocioEcon,0.6395525917887459
OtherCar,Cushioning,SocioEcon,0.6395525917887459
OtherCar,Cushioning,SocioEcon,0.6395525917887459
OtherCar,Cushioning,SocioEcon,0.6395525917887459
OtherCar,Airbag,SocioEcon,0.45052373824413794
OtherCar,Airbag,SocioEcon,0.45052373824413794
OtherCar,Airbag,SocioEcon,0.45052373824413794
OtherCar,Airbag,SocioEcon,0.45052373824413794
MedCost,Cushioning,Accident,9.848736095252147e-252
MedCost,Cushioning,Accident,9.848736095252147e-252
MedCost,Cushioning,Accident,9.848736095252147e-252
MedCost,Cushioning,Accident,9.848736095252147e-252
MedCost,Cushioning,Accident,9.848736095252147e-252
MedCost,Cushioning,Accident,9.848736095252147e-252
MedCost,Cushioning,Accident,9.848736095252147e-252
MedCost,Cushioning,Accident,9.848736095252147e-252
MedCost,Cushioning,Accident,9.848736095252147e-252
MedCost,Cushioning,Accident,9.848736095252147e-252
MedCost,Cushioning,Accident,9.848736095252147e-252
MedCost,Cushioning,Accident,9.848736095252147e-252
MedCost,Cushioning,Accident,9.848736095252147e-252
MedCost,Cushioning,Accident,9.848736095252147e-252
MedCost,Cushioning,Accident,9.848736095252147e-252
MedCost,Cushioning,Accident,9.848736095252147e-252
MedCost,Cushioning,Accident,9.848736095252147e-252
MedCost,Cushioning,Accident,9.848736095252147e-252
MedCost,Airbag,Cushioning,0.17346460303763608
MedCost,Airbag,Cushioning,0.17346460303763608
MedCost,Airbag,Cushioning,0.17346460303763608
MedCost,Airbag,Cushioning,0.17346460303763608
MedCost,Airbag,Cushioning,0.17346460303763608
MedCost,Airbag,Cushioning,0.17346460303763608
MedCost,Airbag,Cushioning,0.17346460303763608
MedCost,Airbag,Cushioning,0.17346460303763608
MedCost,Airbag,Cushioning,0.17346460303763608
MedCost,Airbag,Cushioning,0.17346460303763608
MedCost,Airbag,Cushioning,0.17346460303763608
MedCost,Airbag,Cushioning,0.17346460303763608
MedCost,Airbag,Cushioning,0.17346460303763608
MedCost,ILiCost,Accident,4.769029983386665e-05
MedCost,ILiCost,Accident,4.769029983386665e-05
MedCost,ILiCost,Accident,4.769029983386665e-05
MedCost,ILiCost,Accident,4.769029983386665e-05
MedCost,ILiCost,Accident,4.769029983386665e-05
MedCost,ILiCost,Accident,4.769029983386665e-05
MedCost,ILiCost,Accident,4.769029983386665e-05
MedCost,ILiCost,Accident,4.769029983386665e-05
MedCost,ILiCost,Accident,4.769029983386665e-05
MedCost,ILiCost,Accident,4.769029983386665e-05
MedCost,ILiCost,Accident,4.769029983386665e-05
MedCost,ILiCost,Accident,4.769029983386665e-05
MedCost,ILiCost,Accident,4.769029983386665e-05
MedCost,ILiCost,Accident,4.769029983386665e-05
MedCost,ILiCost,Accident,4.769029983386665e-05
MedCost,ILiCost,Accident,4.769029983386665e-05
MedCost,ILiCost,Accident,4.769029983386665e-05
MedCost,ILiCost,Accident,4.769029983386665e-05
Cushioning,Airbag,Accident,7.524612642020043e-283
Cushioning,Airbag,Accident,7.524612642020043e-283
Cushioning,Airbag,Accident,7.524612642020043e-283
Cushioning,Airbag,Accident,7.524612642020043e-283
Cushioning,Airbag,Accident,7.524612642020043e-283
Cushioning,Airbag,Accident,7.524612642020043e-283
Cushioning,Airbag,Accident,7.524612642020043e-283
Cushioning,Airbag,Accident,7.524612642020043e-283
Cushioning,Airbag,Accident,7.524612642020043e-283
Cushioning,Airbag,Accident,7.524612642020043e-283
Cushioning,Airbag,Accident,7.524612642020043e-283
Cushioning,Airbag,Accident,7.524612642020043e-283
Cushioning,Airbag,Accident,7.524612642020043e-283
Cushioning,Airbag,Accident,7.524612642020043e-283
Cushioning,Airbag,Accident,7.524612642020043e-283
Cushioning,Airbag,Accident,7.524612642020043e-283
Cushioning,Airbag,Accident,7.524612642020043e-283
Cushioning,ILiCost,CarValue,0.14417224797425454
Cushioning,ILiCost,CarValue,0.14417224797425454
GoodStudent,Age,"SeniorTrain,SocioEcon",9.565775965490212e-152
GoodStudent,Age,"SeniorTrain,SocioEcon",9.565775965490212e-152
GoodStudent,Age,"SeniorTrain,SocioEcon",9.565775965490212e-152
GoodStudent,SocioEcon,"Age,SeniorTrain",7.689963372292106e-31
GoodStudent,SocioEcon,"Age,SeniorTrain",7.689963372292106e-31
GoodStudent,SocioEcon,"Age,SeniorTrain",7.689963372292106e-31
GoodStudent,MakeModel,"Age,SocioEcon",6.126646902555561e-05
GoodStudent,MakeModel,"Age,SocioEcon",6.126646902555561e-05
GoodStudent,MakeModel,"Age,SocioEcon",6.126646902555561e-05
GoodStudent,SeniorTrain,"MakeModel,SocioEcon",0.9353904230446481
GoodStudent,SeniorTrain,"MakeModel,SocioEcon",0.9353904230446481
Age,SocioEcon,"DrivingSkill,RiskAversion",7.554463212668853e-12
Age,SocioEcon,"DrivingSkill,RiskAversion",7.554463212668853e-12
Age,SocioEcon,"DrivingSkill,RiskAversion",7.554463212668853e-12
Age,SocioEcon,"DrivingSkill,RiskAversion",7.554463212668853e-12
Age,SocioEcon,"DrivingSkill,RiskAversion",7.554463212668853e-12
Age,SocioEcon,"DrivingSkill,RiskAversion",7.554463212668853e-12
Age,SocioEcon,"DrivingSkill,RiskAversion",7.554463212668853e-12
Age,SocioEcon,"DrivingSkill,RiskAversion",7.554463212668853e-12
Age,SocioEcon,"DrivingSkill,RiskAversion",7.554463212668853e-12
Age,SocioEcon,"DrivingSkill,RiskAversion",7.554463212668853e-12
Age,SocioEcon,"DrivingSkill,RiskAversion",7.554463212668853e-12
Age,SocioEcon,"DrivingSkill,RiskAversion",7.554463212668853e-12
Age,SocioEcon,"DrivingSkill,RiskAversion",7.554463212668853e-12
Age,SocioEcon,"DrivingSkill,RiskAversion",7.554463212668853e-12
Age,SocioEcon,"DrivingSkill,RiskAversion",7.554463212668853e-12
Age,SocioEcon,"DrivingSkill,RiskAversion",7.554463212668853e-12
Age,SocioEcon,"DrivingSkill,RiskAversion",7.554463212668853e-12
Age,SocioEcon,"DrivingSkill,RiskAversion",7.554463212668853e-12
Age,SocioEcon,"DrivingSkill,RiskAversion",7.554463212668853e-12
Age,SocioEcon,"DrivingSkill,RiskAversion",7.554463212668853e-12
Age,SocioEcon,"DrivingSkill,RiskAversion",7.554463212668853e-12
Age,SocioEcon,"DrivingSkill,RiskAversion",7.554463212668853e-12
Age,SocioEcon,"DrivingSkill,RiskAversion",7.554463212668853e-12
Age,SocioEcon,"DrivingSkill,RiskAversion",7.554463212668853e-12
Age,SocioEcon,"DrivingSkill,RiskAversion",7.554463212668853e-12
Age,SocioEcon,"DrivingSkill,RiskAversion",7.554463212668853e-12
Age,SocioEcon,"DrivingSkill,RiskAversion",7.554463212668853e-12
Age,SocioEcon,"DrivingSkill,RiskAversion",7.554463212668853e-12
Age,RiskAversion,"DrivingSkill,SocioEcon",7.990913172581093e-70
Age,RiskAversion,"DrivingSkill,SocioEcon",7.990913172581093e-70
Age,RiskAversion,"DrivingSkill,SocioEcon",7.990913172581093e-70
Age,RiskAversion,"DrivingSkill,SocioEcon",7.990913172581093e-70
Age,RiskAversion,"DrivingSkill,SocioEcon",7.990913172581093e-70
Age,RiskAversion,"DrivingSkill,SocioEcon",7.990913172581093e-70
Age,RiskAversion,"DrivingSkill,SocioEcon",7.990913172581093e-70
Age,RiskAversion,"DrivingSkill,SocioEcon",7.990913172581093e-70
Age,RiskAversion,"DrivingSkill,SocioEcon",7.990913172581093e-70
Age,RiskAversion,"DrivingSkill,SocioEcon",7.990913172581093e-70
Age,RiskAversion,"DrivingSkill,SocioEcon",7.990913172581093e-70
Age,RiskAversion,"DrivingSkill,SocioEcon",7.990913172581093e-70
Age,RiskAversion,"DrivingSkill,SocioEcon",7.990913172581093e-70
Age,RiskAversion,"DrivingSkill,SocioEcon",7.990913172581093e-70
Age,RiskAversion,"DrivingSkill,SocioEcon",7.990913172581093e-70
Age,RiskAversion,"DrivingSkill,SocioEcon",7.990913172581093e-70
Age,RiskAversion,"DrivingSkill,SocioEcon",7.990913172581093e-70
Age,RiskAversion,"DrivingSkill,SocioEcon",7.990913172581093e-70
Age,RiskAversion,"DrivingSkill,SocioEcon",7.990913172581093e-70
Age,RiskAversion,"DrivingSkill,SocioEcon",7.990913172581093e-70
Age,RiskAversion,"DrivingSkill,SocioEcon",7.990913172581093e-70
Age,RiskAversion,"DrivingSkill,SocioEcon",7.990913172581093e-70
Age,RiskAversion,"DrivingSkill,SocioEcon",7.990913172581093e-70
Age,RiskAversion,"DrivingSkill,SocioEcon",7.990913172581093e-70
Age,RiskAversion,"DrivingSkill,SocioEcon",7.990913172581093e-70
Age,RiskAversion,"DrivingSkill,SocioEcon",7.990913172581093e-70
Age,RiskAversion,"DrivingSkill,SocioEcon",7.990913172581093e-70
Age,RiskAversion,"DrivingSkill,SocioEcon",7.990913172581093e-70
Age,DrivQuality,"RiskAversion,SeniorTrain",0.05872104295248455
Age,DrivQuality,"RiskAversion,SeniorTrain",0.05872104295248455
Age,DrivQuality,"RiskAversion,SeniorTrain",0.05872104295248455
Age,DrivQuality,"RiskAversion,SeniorTrain",0.05872104295248455
Age,DrivQuality,"RiskAversion,SeniorTrain",0.05872104295248455
Age,DrivingSkill,"RiskAversion,SocioEcon",4.931125284520713e-08
Age,DrivingSkill,"RiskAversion,SocioEcon",4.931125284520713e-08
Age,DrivingSkill,"RiskAversion,SocioEcon",4.931125284520713e-08
Age,DrivingSkill,"RiskAversion,SocioEcon",4.931125284520713e-08
Age,DrivingSkill,"RiskAversion,SocioEcon",4.931125284520713e-08
Age,DrivingSkill,"RiskAversion,SocioEcon",4.931125284520713e-08
Age,DrivingSkill,"RiskAversion,SocioEcon",4.931125284520713e-08
Age,DrivingSkill,"RiskAversion,SocioEcon",4.931125284520713e-08
Age,DrivingSkill,"RiskAversion,SocioEcon",4.931125284520713e-08
Age,DrivingSkill,"RiskAversion,SocioEcon",4.931125284520713e-08
Age,DrivingSkill,"RiskAversion,SocioEcon",4.931125284520713e-08
Age,DrivingSkill,"RiskAversion,SocioEcon",4.931125284520713e-08
Age,DrivingSkill,"RiskAversion,SocioEcon",4.931125284520713e-08
Age,DrivingSkill,"RiskAversion,SocioEcon",4.931125284520713e-08
Age,DrivingSkill,"RiskAversion,SocioEcon",4.931125284520713e-08
Age,DrivingSkill,"RiskAversion,SocioEcon",4.931125284520713e-08
Age,DrivingSkill,"RiskAversion,SocioEcon",4.931125284520713e-08
Age,DrivingSkill,"RiskAversion,SocioEcon",4.931125284520713e-08
Age,DrivingSkill,"RiskAversion,SocioEcon",4.931125284520713e-08
Age,DrivingSkill,"RiskAversion,SocioEcon",4.931125284520713e-08
Age,DrivingSkill,"RiskAversion,SocioEcon",4.931125284520713e-08
Age,DrivingSkill,"RiskAversion,SocioEcon",4.931125284520713e-08
Age,DrivingSkill,"RiskAversion,SocioEcon",4.931125284520713e-08
Age,DrivingSkill,"RiskAversion,SocioEcon",4.931125284520713e-08
Age,DrivingSkill,"RiskAversion,SocioEcon",4.931125284520713e-08
Age,DrivingSkill,"RiskAversion,SocioEcon",4.931125284520713e-08
Age,DrivingSkill,"RiskAversion,SocioEcon",4.931125284520713e-08
Age,DrivingSkill,"RiskAversion,SocioEcon",4.931125284520713e-08
Age,SeniorTrain,"DrivingSkill,SocioEcon",1.1640995255617794e-168
Age,SeniorTrain,"DrivingSkill,SocioEcon",1.1640995255617794e-168
Age,SeniorTrain,"DrivingSkill,SocioEcon",1.1640995255617794e-168
Age,SeniorTrain,"DrivingSkill,SocioEcon",1.1640995255617794e-168
Age,SeniorTrain,"DrivingSkill,SocioEcon",1.1640995255617794e-168
Age,SeniorTrain,"DrivingSkill,SocioEcon",1.1640995255617794e-168
Age,SeniorTrain,"DrivingSkill,SocioEcon",1.1640995255617794e-168
Age,SeniorTrain,"DrivingSkill,SocioEcon",1.1640995255617794e-168
Age,SeniorTrain,"DrivingSkill,SocioEcon",1.1640995255617794e-168
Age,SeniorTrain,"DrivingSkill,SocioEcon",1.1640995255617794e-168
Age,SeniorTrain,"DrivingSkill,SocioEcon",1.1640995255617794e-168
Age,SeniorTrain,"DrivingSkill,SocioEcon",1.1640995255617794e-168
Age,SeniorTrain,"DrivingSkill,SocioEcon",1.1640995255617794e-168
Age,SeniorTrain,"DrivingSkill,SocioEcon",1.1640995255617794e-168
Age,SeniorTrain,"DrivingSkill,SocioEcon",1.1640995255617794e-168
Age,SeniorTrain,"DrivingSkill,SocioEcon",1.1640995255617794e-168
Age,SeniorTrain,"DrivingSkill,SocioEcon",1.1640995255617794e-168
Age,SeniorTrain,"DrivingSkill,SocioEcon",1.1640995255617794e-168
Age,SeniorTrain,"DrivingSkill,SocioEcon",1.1640995255617794e-168
Age,SeniorTrain,"DrivingSkill,SocioEcon",1.1640995255617794e-168
Age,SeniorTrain,"DrivingSkill,SocioEcon",1.1640995255617794e-168
Age,SeniorTrain,"DrivingSkill,SocioEcon",1.1640995255617794e-168
Age,SeniorTrain,"DrivingSkill,SocioEcon",1.1640995255617794e-168
Age,SeniorTrain,"DrivingSkill,SocioEcon",1.1640995255617794e-168
Age,SeniorTrain,"DrivingSkill,SocioEcon",1.1640995255617794e-168
Age,SeniorTrain,"DrivingSkill,SocioEcon",1.1640995255617794e-168
Age,SeniorTrain,"DrivingSkill,SocioEcon",1.1640995255617794e-168
Age,SeniorTrain,"DrivingSkill,SocioEcon",1.1640995255617794e-168
Age,HomeBase,"RiskAversion,SeniorTrain",0.21777592692070677
Age,HomeBase,"RiskAversion,SeniorTrain",0.21777592692070677
Age,HomeBase,"RiskAversion,SeniorTrain",0.21777592692070677
Age,HomeBase,"RiskAversion,SeniorTrain",0.21777592692070677
Age,HomeBase,"RiskAversion,SeniorTrain",0.21777592692070677
Age,MedCost,"DrivHist,DrivQuality",0.20768550626736088
Age,MedCost,"DrivHist,DrivQuality",0.20768550626736088
Age,MedCost,"DrivHist,DrivQuality",0.20768550626736088
Age,MedCost,"DrivHist,DrivQuality",0.20768550626736088
Age,MedCost,"DrivHist,DrivQuality",0.20768550626736088
Age,MedCost,"DrivHist,DrivQuality",0.20768550626736088
Age,MedCost,"DrivHist,DrivQuality",0.20768550626736088
Age,MedCost,"DrivHist,DrivQuality",0.20768550626736088
Age,MedCost,"DrivHist,DrivQuality",0.20768550626736088
Age,DrivHist,"MedCost,SeniorTrain",0.09167973421804253
SocioEcon,RiskAversion,"MakeModel,ThisCarCost",0.8348295298518036
SocioEcon,VehicleYear,"Airbag,RuggedAuto",5.664315165367396e-46
SocioEcon,VehicleYear,"Airbag,RuggedAuto",5.664315165367396e-46
SocioEcon,VehicleYear,"Airbag,RuggedAuto",5.664315165367396e-46
SocioEcon,VehicleYear,"Airbag,RuggedAuto",5.664315165367396e-46
SocioEcon,VehicleYear,"Airbag,RuggedAuto",5.664315165367396e-46
SocioEcon,VehicleYear,"Airbag,RuggedAuto",5.664315165367396e-46
SocioEcon,VehicleYear,"Airbag,RuggedAuto",5.664315165367396e-46
SocioEcon,VehicleYear,"Airbag,RuggedAuto",5.664315165367396e-46
SocioEcon,VehicleYear,"Airbag,RuggedAuto",5.664315165367396e-46
SocioEcon,VehicleYear,"Airbag,RuggedAuto",5.664315165367396e-46
SocioEcon,VehicleYear,"Airbag,RuggedAuto",5.664315165367396e-46
SocioEcon,VehicleYear,"Airbag,RuggedAuto",5.664315165367396e-46
SocioEcon,VehicleYear,"Airbag,RuggedAuto",5.664315165367396e-46
SocioEcon,VehicleYear,"Airbag,RuggedAuto",5.664315165367396e-46
SocioEcon,VehicleYear,"Airbag,RuggedAuto",5.664315165367396e-46
SocioEcon,VehicleYear,"Airbag,RuggedAuto",5.664315165367396e-46
SocioEcon,VehicleYear,"Airbag,RuggedAuto",5.664315165367396e-46
SocioEcon,VehicleYear,"Airbag,RuggedAuto",5.664315165367396e-46
SocioEcon,VehicleYear,"Airbag,RuggedAuto",5.664315165367396e-46
SocioEcon,VehicleYear,"Airbag,RuggedAuto",5.664315165367396e-46
SocioEcon,VehicleYear,"Airbag,RuggedAuto",5.664315165367396e-46
SocioEcon,VehicleYear,"Airbag,RuggedAuto",5.664315165367396e-46
SocioEcon,VehicleYear,"Airbag,RuggedAuto",5.664315165367396e-46
SocioEcon,VehicleYear,"Airbag,RuggedAuto",5.664315165367396e-46
SocioEcon,VehicleYear,"Airbag,RuggedAuto",5.664315165367396e-46
SocioEcon,VehicleYear,"Airbag,RuggedAuto",5.664315165367396e-46
SocioEcon,VehicleYear,"Airbag,RuggedAuto",5.664315165367396e-46
SocioEcon,VehicleYear,"Airbag,RuggedAuto",5.664315165367396e-46
SocioEcon,VehicleYear,"Airbag,RuggedAuto",5.664315165367396e-46
SocioEcon,VehicleYear,"Airbag,RuggedAuto",5.664315165367396e-46
SocioEcon,VehicleYear,"Airbag,RuggedAuto",5.664315165367396e-46
SocioEcon,VehicleYear,"Airbag,RuggedAuto",5.664315165367396e-46
SocioEcon,VehicleYear,"Airbag,RuggedAuto",5.664315165367396e-46
SocioEcon,VehicleYear,"Airbag,RuggedAuto",5.664315165367396e-46
SocioEcon,VehicleYear,"Airbag,RuggedAuto",5.664315165367396e-46
SocioEcon,VehicleYear,"Airbag,RuggedAuto",5.664315165367396e-46
SocioEcon,VehicleYear,"Airbag,RuggedAuto",5.664315165367396e-46
SocioEcon,VehicleYear,"Airbag,RuggedAuto",5.664315165367396e-46
SocioEcon,VehicleYear,"Airbag,RuggedAuto",5.664315165367396e-46
SocioEcon,VehicleYear,"Airbag,RuggedAuto",5.664315165367396e-46
SocioEcon,VehicleYear,"Airbag,RuggedAuto",5.664315165367396e-46
SocioEcon,VehicleYear,"Airbag,RuggedAuto",5.664315165367396e-46
SocioEcon,VehicleYear,"Airbag,RuggedAuto",5.664315165367396e-46
SocioEcon,VehicleYear,"Airbag,RuggedAuto",5.664315165367396e-46
SocioEcon,VehicleYear,"Airbag,RuggedAuto",5.664315165367396e-46
SocioEcon,VehicleYear,"Airbag,RuggedAuto",5.664315165367396e-46
SocioEcon,VehicleYear,"Airbag,RuggedAuto",5.664315165367396e-46
SocioEcon,VehicleYear,"Airbag,RuggedAuto",5.664315165367396e-46
SocioEcon,VehicleYear,"Airbag,RuggedAuto",5.664315165367396e-46
SocioEcon,VehicleYear,"Airbag,RuggedAuto",5.664315165367396e-46
SocioEcon,VehicleYear,"Airbag,RuggedAuto",5.664315165367396e-46
SocioEcon,VehicleYear,"Airbag,RuggedAuto",5.664315165367396e-46
SocioEcon,VehicleYear,"Airbag,RuggedAuto",5.664315165367396e-46
SocioEcon,VehicleYear,"Airbag,RuggedAuto",5.664315165367396e-46
SocioEcon,VehicleYear,"Airbag,RuggedAuto",5.664315165367396e-46
SocioEcon,VehicleYear,"Airbag,RuggedAuto",5.664315165367396e-46
SocioEcon,VehicleYear,"Airbag,RuggedAuto",5.664315165367396e-46
SocioEcon,VehicleYear,"Airbag,RuggedAuto",5.664315165367396e-46
SocioEcon,VehicleYear,"Airbag,RuggedAuto",5.664315165367396e-46
SocioEcon,VehicleYear,"Airbag,RuggedAuto",5.664315165367396e-46
SocioEcon,VehicleYear,"Airbag,RuggedAuto",5.664315165367396e-46
SocioEcon,VehicleYear,"Airbag,RuggedAuto",5.664315165367396e-46
SocioEcon,VehicleYear,"Airbag,RuggedAuto",5.664315165367396e-46
SocioEcon,VehicleYear,"Airbag,RuggedAuto",5.664315165367396e-46
SocioEcon,VehicleYear,"Airbag,RuggedAuto",5.664315165367396e-46
SocioEcon,VehicleYear,"Airbag,RuggedAuto",5.664315165367396e-46
SocioEcon,VehicleYear,"Airbag,RuggedAuto",5.664315165367396e-46
SocioEcon,VehicleYear,"Airbag,RuggedAuto",5.664315165367396e-46
SocioEcon,VehicleYear,"Airbag,RuggedAuto",5.664315165367396e-46
SocioEcon,VehicleYear,"Airbag,RuggedAuto",5.664315165367396e-46
SocioEcon,VehicleYear,"Airbag,RuggedAuto",5.664315165367396e-46
SocioEcon,VehicleYear,"Airbag,RuggedAuto",5.664315165367396e-46
SocioEcon,VehicleYear,"Airbag,RuggedAuto",5.664315165367396e-46
SocioEcon,VehicleYear,"Airbag,RuggedAuto",5.664315165367396e-46
SocioEcon,VehicleYear,"Airbag,RuggedAuto",5.664315165367396e-46
SocioEcon,VehicleYear,"Airbag,RuggedAuto",5.664315165367396e-46
SocioEcon,VehicleYear,"Airbag,RuggedAuto",5.664315165367396e-46
SocioEcon,VehicleYear,"Airbag,RuggedAuto",5.664315165367396e-46
SocioEcon,VehicleYear,"Airbag,RuggedAuto",5.664315165367396e-46
SocioEcon,VehicleYear,"Airbag,RuggedAuto",5.664315165367396e-46
SocioEcon,VehicleYear,"Airbag,RuggedAuto",5.664315165367396e-46
SocioEcon,VehicleYear,"Airbag,RuggedAuto",5.664315165367396e-46
SocioEcon,VehicleYear,"Airbag,RuggedAuto",5.664315165367396e-46
SocioEcon,VehicleYear,"Airbag,RuggedAuto",5.664315165367396e-46
SocioEcon,VehicleYear,"Airbag,RuggedAuto",5.664315165367396e-46
SocioEcon,VehicleYear,"Airbag,RuggedAuto",5.664315165367396e-46
SocioEcon,VehicleYear,"Airbag,RuggedAuto",5.664315165367396e-46
SocioEcon,VehicleYear,"Airbag,RuggedAuto",5.664315165367396e-46
SocioEcon,VehicleYear,"Airbag,RuggedAuto",5.664315165367396e-46
SocioEcon,VehicleYear,"Airbag,RuggedAuto",5.664315165367396e-46
SocioEcon,VehicleYear,"Airbag,RuggedAuto",5.664315165367396e-46
SocioEcon,RuggedAuto,"MakeModel,ThisCarCost",0.4272253276306213
SocioEcon,MakeModel,"Airbag,RuggedAuto",0.0
SocioEcon,MakeModel,"Airbag,RuggedAuto",0.0
SocioEcon,MakeModel,"Airbag,RuggedAuto",0.0
SocioEcon,MakeModel,"Airbag,RuggedAuto",0.0
SocioEcon,MakeModel,"Airbag,RuggedAuto",0.0
SocioEcon,MakeModel,"Airbag,RuggedAuto",0.0
SocioEcon,MakeModel,"Airbag,RuggedAuto",0.0
SocioEcon,MakeModel,"Airbag,RuggedAuto",0.0
SocioEcon,MakeModel,"Airbag,RuggedAuto",0.0
SocioEcon,MakeModel,"Airbag,RuggedAuto",0.0
SocioEcon,MakeModel,"Airbag,RuggedAuto",0.0
SocioEcon,MakeModel,"Airbag,RuggedAuto",0.0
SocioEcon,MakeModel,"Airbag,RuggedAuto",0.0
SocioEcon,MakeModel,"Airbag,RuggedAuto",0.0
SocioEcon,MakeModel,"Airbag,RuggedAuto",0.0
SocioEcon,MakeModel,"Airbag,RuggedAuto",0.0
SocioEcon,MakeModel,"Airbag,RuggedAuto",0.0
SocioEcon,MakeModel,"Airbag,RuggedAuto",0.0
SocioEcon,MakeModel,"Airbag,RuggedAuto",0.0
SocioEcon,MakeModel,"Airbag,RuggedAuto",0.0
SocioEcon,MakeModel,"Airbag,RuggedAuto",0.0
SocioEcon,MakeModel,"Airbag,RuggedAuto",0.0
SocioEcon,MakeModel,"Airbag,RuggedAuto",0.0
SocioEcon,MakeModel,"Airbag,RuggedAuto",0.0
SocioEcon,MakeModel,"Airbag,RuggedAuto",0.0
SocioEcon,MakeModel,"Airbag,RuggedAuto",0.0
SocioEcon,MakeModel,"Airbag,RuggedAuto",0.0
SocioEcon,MakeModel,"Airbag,RuggedAuto",0.0
SocioEcon,MakeModel,"Airbag,RuggedAuto",0.0
SocioEcon,MakeModel,"Airbag,RuggedAuto",0.0
SocioEcon,MakeModel,"Airbag,RuggedAuto",0.0
SocioEcon,MakeModel,"Airbag,RuggedAuto",0.0
SocioEcon,MakeModel,"Airbag,RuggedAuto",0.0
SocioEcon,MakeModel,"Airbag,RuggedAuto",0.0
SocioEcon,MakeModel,"Airbag,RuggedAuto",0.0
SocioEcon,MakeModel,"Airbag,RuggedAuto",0.0
SocioEcon,MakeModel,"Airbag,RuggedAuto",0.0
SocioEcon,MakeModel,"Airbag,RuggedAuto",0.0
SocioEcon,MakeModel,"Airbag,RuggedAuto",0.0
SocioEcon,MakeModel,"Airbag,RuggedAuto",0.0
SocioEcon,MakeModel,"Airbag,RuggedAuto",0.0
SocioEcon,MakeModel,"Airbag,RuggedAuto",0.0
SocioEcon,MakeModel,"Airbag,RuggedAuto",0.0
SocioEcon,MakeModel,"Airbag,RuggedAuto",0.0
SocioEcon,MakeModel,"Airbag,RuggedAuto",0.0
SocioEcon,MakeModel,"Airbag,RuggedAuto",0.0
SocioEcon,MakeModel,"Airbag,RuggedAuto",0.0
SocioEcon,MakeModel,"Airbag,RuggedAuto",0.0
SocioEcon,MakeModel,"Airbag,RuggedAuto",0.0
SocioEcon,MakeModel,"Airbag,RuggedAuto",0.0
SocioEcon,MakeModel,"Airbag,RuggedAuto",0.0
SocioEcon,MakeModel,"Airbag,RuggedAuto",0.0
SocioEcon,MakeModel,"Airbag,RuggedAuto",0.0
SocioEcon,MakeModel,"Airbag,RuggedAuto",0.0
SocioEcon,MakeModel,"Airbag,RuggedAuto",0.0
SocioEcon,MakeModel,"Airbag,RuggedAuto",0.0
SocioEcon,MakeModel,"Airbag,RuggedAuto",0.0
SocioEcon,MakeModel,"Airbag,RuggedAuto",0.0
SocioEcon,MakeModel,"Airbag,RuggedAuto",0.0
SocioEcon,MakeModel,"Airbag,RuggedAuto",0.0
SocioEcon,MakeModel,"Airbag,RuggedAuto",0.0
SocioEcon,MakeModel,"Airbag,RuggedAuto",0.0
SocioEcon,MakeModel,"Airbag,RuggedAuto",0.0
SocioEcon,MakeModel,"Airbag,RuggedAuto",0.0
SocioEcon,MakeModel,"Airbag,RuggedAuto",0.0
SocioEcon,MakeModel,"Airbag,RuggedAuto",0.0
SocioEcon,MakeModel,"Airbag,RuggedAuto",0.0
SocioEcon,MakeModel,"Airbag,RuggedAuto",0.0
SocioEcon,MakeModel,"Airbag,RuggedAuto",0.0
SocioEcon,MakeModel,"Airbag,RuggedAuto",0.0
SocioEcon,MakeModel,"Airbag,RuggedAuto",0.0
SocioEcon,MakeModel,"Airbag,RuggedAuto",0.0
SocioEcon,MakeModel,"Airbag,RuggedAuto",0.0
SocioEcon,MakeModel,"Airbag,RuggedAuto",0.0
SocioEcon,MakeModel,"Airbag,RuggedAuto",0.0
SocioEcon,MakeModel,"Airbag,RuggedAuto",0.0
SocioEcon,MakeModel,"Airbag,RuggedAuto",0.0
SocioEcon,MakeModel,"Airbag,RuggedAuto",0.0
SocioEcon,MakeModel,"Airbag,RuggedAuto",0.0
SocioEcon,MakeModel,"Airbag,RuggedAuto",0.0
SocioEcon,MakeModel,"Airbag,RuggedAuto",0.0
SocioEcon,MakeModel,"Airbag,RuggedAuto",0.0
SocioEcon,MakeModel,"Airbag,RuggedAuto",0.0
SocioEcon,MakeModel,"Airbag,RuggedAuto",0.0
SocioEcon,MakeModel,"Airbag,RuggedAuto",0.0
SocioEcon,MakeModel,"Airbag,RuggedAuto",0.0
SocioEcon,MakeModel,"Airbag,RuggedAuto",0.0
SocioEcon,MakeModel,"Airbag,RuggedAuto",0.0
SocioEcon,MakeModel,"Airbag,RuggedAuto",0.0
SocioEcon,MakeModel,"Airbag,RuggedAuto",0.0
SocioEcon,MakeModel,"Airbag,RuggedAuto",0.0
SocioEcon,Antilock,"Airbag,RuggedAuto",1.8628676230775342e-110
SocioEcon,Antilock,"Airbag,RuggedAuto",1.8628676230775342e-110
SocioEcon,Antilock,"Airbag,RuggedAuto",1.8628676230775342e-110
SocioEcon,Antilock,"Airbag,RuggedAuto",1.8628676230775342e-110
SocioEcon,Antilock,"Airbag,RuggedAuto",1.8628676230775342e-110
SocioEcon,Antilock,"Airbag,RuggedAuto",1.8628676230775342e-110
SocioEcon,Antilock,"Airbag,RuggedAuto",1.8628676230775342e-110
SocioEcon,Antilock,"Airbag,RuggedAuto",1.8628676230775342e-110
SocioEcon,Antilock,"Airbag,RuggedAuto",1.8628676230775342e-110
SocioEcon,Antilock,"Airbag,RuggedAuto",1.8628676230775342e-110
SocioEcon,Antilock,"Airbag,RuggedAuto",1.8628676230775342e-110
SocioEcon,Antilock,"Airbag,RuggedAuto",1.8628676230775342e-110
SocioEcon,Antilock,"Airbag,RuggedAuto",1.8628676230775342e-110
SocioEcon,Antilock,"Airbag,RuggedAuto",1.8628676230775342e-110
SocioEcon,Antilock,"Airbag,RuggedAuto",1.8628676230775342e-110
SocioEcon,Antilock,"Airbag,RuggedAuto",1.8628676230775342e-110
SocioEcon,Antilock,"Airbag,RuggedAuto",1.8628676230775342e-110
SocioEcon,Antilock,"Airbag,RuggedAuto",1.8628676230775342e-110
SocioEcon,Antilock,"Airbag,RuggedAuto",1.8628676230775342e-110
SocioEcon,Antilock,"Airbag,RuggedAuto",1.8628676230775342e-110
SocioEcon,Antilock,"Airbag,RuggedAuto",1.8628676230775342e-110
SocioEcon,Antilock,"Airbag,RuggedAuto",1.8628676230775342e-110
SocioEcon,Antilock,"Airbag,RuggedAuto",1.8628676230775342e-110
SocioEcon,Antilock,"Airbag,RuggedAuto",1.8628676230775342e-110
SocioEcon,Antilock,"Airbag,RuggedAuto",1.8628676230775342e-110
SocioEcon,Antilock,"Airbag,RuggedAuto",1.8628676230775342e-110
SocioEcon,Antilock,"Airbag,RuggedAuto",1.8628676230775342e-110
SocioEcon,Antilock,"Airbag,RuggedAuto",1.8628676230775342e-110
SocioEcon,Antilock,"Airbag,RuggedAuto",1.8628676230775342e-110
SocioEcon,Antilock,"Airbag,RuggedAuto",1.8628676230775342e-110
SocioEcon,Antilock,"Airbag,RuggedAuto",1.8628676230775342e-110
SocioEcon,Antilock,"Airbag,RuggedAuto",1.8628676230775342e-110
SocioEcon,Antilock,"Airbag,RuggedAuto",1.8628676230775342e-110
SocioEcon,Antilock,"Airbag,RuggedAuto",1.8628676230775342e-110
SocioEcon,Antilock,"Airbag,RuggedAuto",1.8628676230775342e-110
SocioEcon,Antilock,"Airbag,RuggedAuto",1.8628676230775342e-110
SocioEcon,Antilock,"Airbag,RuggedAuto",1.8628676230775342e-110
SocioEcon,Antilock,"Airbag,RuggedAuto",1.8628676230775342e-110
SocioEcon,Antilock,"Airbag,RuggedAuto",1.8628676230775342e-110
SocioEcon,Antilock,"Airbag,RuggedAuto",1.8628676230775342e-110
SocioEcon,Antilock,"Airbag,RuggedAuto",1.8628676230775342e-110
SocioEcon,Antilock,"Airbag,RuggedAuto",1.8628676230775342e-110
SocioEcon,Antilock,"Airbag,RuggedAuto",1.8628676230775342e-110
SocioEcon,Antilock,"Airbag,RuggedAuto",1.8628676230775342e-110
SocioEcon,Antilock,"Airbag,RuggedAuto",1.8628676230775342e-110
SocioEcon,Antilock,"Airbag,RuggedAuto",1.8628676230775342e-110
SocioEcon,Antilock,"Airbag,RuggedAuto",1.8628676230775342e-110
SocioEcon,Antilock,"Airbag,RuggedAuto",1.8628676230775342e-110
SocioEcon,Antilock,"Airbag,RuggedAuto",1.8628676230775342e-110
SocioEcon,Antilock,"Airbag,RuggedAuto",1.8628676230775342e-110
SocioEcon,Antilock,"Airbag,RuggedAuto",1.8628676230775342e-110
SocioEcon,Antilock,"Airbag,RuggedAuto",1.8628676230775342e-110
SocioEcon,Antilock,"Airbag,RuggedAuto",1.8628676230775342e-110
SocioEcon,Antilock,"Airbag,RuggedAuto",1.8628676230775342e-110
SocioEcon,Antilock,"Airbag,RuggedAuto",1.8628676230775342e-110
SocioEcon,Antilock,"Airbag,RuggedAuto",1.8628676230775342e-110
SocioEcon,Antilock,"Airbag,RuggedAuto",1.8628676230775342e-110
SocioEcon,Antilock,"Airbag,RuggedAuto",1.8628676230775342e-110
SocioEcon,Antilock,"Airbag,RuggedAuto",1.8628676230775342e-110
SocioEcon,Antilock,"Airbag,RuggedAuto",1.8628676230775342e-110
SocioEcon,Antilock,"Airbag,RuggedAuto",1.8628676230775342e-110
SocioEcon,Antilock,"Airbag,RuggedAuto",1.8628676230775342e-110
SocioEcon,Antilock,"Airbag,RuggedAuto",1.8628676230775342e-110
SocioEcon,Antilock,"Airbag,RuggedAuto",1.8628676230775342e-110
SocioEcon,Antilock,"Airbag,RuggedAuto",1.8628676230775342e-110
SocioEcon,Antilock,"Airbag,RuggedAuto",1.8628676230775342e-110
SocioEcon,Antilock,"Airbag,RuggedAuto",1.8628676230775342e-110
SocioEcon,Antilock,"Airbag,RuggedAuto",1.8628676230775342e-110
SocioEcon,Antilock,"Airbag,RuggedAuto",1.8628676230775342e-110
SocioEcon,Antilock,"Airbag,RuggedAuto",1.8628676230775342e-110
SocioEcon,Antilock,"Airbag,RuggedAuto",1.8628676230775342e-110
SocioEcon,Antilock,"Airbag,RuggedAuto",1.8628676230775342e-110
SocioEcon,Antilock,"Airbag,RuggedAuto",1.8628676230775342e-110
SocioEcon,Antilock,"Airbag,RuggedAuto",1.8628676230775342e-110
SocioEcon,Antilock,"Airbag,RuggedAuto",1.8628676230775342e-110
SocioEcon,Antilock,"Airbag,RuggedAuto",1.8628676230775342e-110
SocioEcon,Antilock,"Airbag,RuggedAuto",1.8628676230775342e-110
SocioEcon,Antilock,"Airbag,RuggedAuto",1.8628676230775342e-110
SocioEcon,Antilock,"Airbag,RuggedAuto",1.8628676230775342e-110
SocioEcon,Antilock,"Airbag,RuggedAuto",1.8628676230775342e-110
SocioEcon,Antilock,"Airbag,RuggedAuto",1.8628676230775342e-110
SocioEcon,Antilock,"Airbag,RuggedAuto",1.8628676230775342e-110
SocioEcon,Antilock,"Airbag,RuggedAuto",1.8628676230775342e-110
SocioEcon,Antilock,"Airbag,RuggedAuto",1.8628676230775342e-110
SocioEcon,Antilock,"Airbag,RuggedAuto",1.8628676230775342e-110
SocioEcon,Antilock,"Airbag,RuggedAuto",1.8628676230775342e-110
SocioEcon,Antilock,"Airbag,RuggedAuto",1.8628676230775342e-110
SocioEcon,Antilock,"Airbag,RuggedAuto",1.8628676230775342e-110
SocioEcon,Antilock,"Airbag,RuggedAuto",1.8628676230775342e-110
SocioEcon,Antilock,"Airbag,RuggedAuto",1.8628676230775342e-110
SocioEcon,Antilock,"Airbag,RuggedAuto",1.8628676230775342e-110
SocioEcon,ThisCarCost,"CarValue,MakeModel",0.937462799332094
SocioEcon,ThisCarCost,"CarValue,MakeModel",0.937462799332094
SocioEcon,ThisCarCost,"CarValue,MakeModel",0.937462799332094
SocioEcon,ThisCarCost,"CarValue,MakeModel",0.937462799332094
SocioEcon,ThisCarCost,"CarValue,MakeModel",0.937462799332094
SocioEcon,ThisCarCost,"CarValue,MakeModel",0.937462799332094
SocioEcon,CarValue,"Airbag,RuggedAuto",8.322766767010795e-208
SocioEcon,CarValue,"Airbag,RuggedAuto",8.322766767010795e-208
SocioEcon,CarValue,"Airbag,RuggedAuto",8.322766767010795e-208
SocioEcon,CarValue,"Airbag,RuggedAuto",8.322766767010795e-208
SocioEcon,CarValue,"Airbag,RuggedAuto",8.322766767010795e-208
SocioEcon,CarValue,"Airbag,RuggedAuto",8.322766767010795e-208
SocioEcon,CarValue,"Airbag,RuggedAuto",8.322766767010795e-208
SocioEcon,CarValue,"Airbag,RuggedAuto",8.322766767010795e-208
SocioEcon,CarValue,"Airbag,RuggedAuto",8.322766767010795e-208
SocioEcon,CarValue,"Airbag,RuggedAuto",8.322766767010795e-208
SocioEcon,CarValue,"Airbag,RuggedAuto",8.322766767010795e-208
SocioEcon,CarValue,"Airbag,RuggedAuto",8.322766767010795e-208
SocioEcon,CarValue,"Airbag,RuggedAuto",8.322766767010795e-208
SocioEcon,CarValue,"Airbag,RuggedAuto",8.322766767010795e-208
SocioEcon,CarValue,"Airbag,RuggedAuto",8.322766767010795e-208
SocioEcon,CarValue,"Airbag,RuggedAuto",8.322766767010795e-208
SocioEcon,CarValue,"Airbag,RuggedAuto",8.322766767010795e-208
SocioEcon,CarValue,"Airbag,RuggedAuto",8.322766767010795e-208
SocioEcon,CarValue,"Airbag,RuggedAuto",8.322766767010795e-208
SocioEcon,CarValue,"Airbag,RuggedAuto",8.322766767010795e-208
SocioEcon,CarValue,"Airbag,RuggedAuto",8.322766767010795e-208
SocioEcon,CarValue,"Airbag,RuggedAuto",8.322766767010795e-208
SocioEcon,CarValue,"Airbag,RuggedAuto",8.322766767010795e-208
SocioEcon,CarValue,"Airbag,RuggedAuto",8.322766767010795e-208
SocioEcon,CarValue,"Airbag,RuggedAuto",8.322766767010795e-208
SocioEcon,CarValue,"Airbag,RuggedAuto",8.322766767010795e-208
SocioEcon,CarValue,"Airbag,RuggedAuto",8.322766767010795e-208
SocioEcon,CarValue,"Airbag,RuggedAuto",8.322766767010795e-208
SocioEcon,CarValue,"Airbag,RuggedAuto",8.322766767010795e-208
SocioEcon,CarValue,"Airbag,RuggedAuto",8.322766767010795e-208
SocioEcon,CarValue,"Airbag,RuggedAuto",8.322766767010795e-208
SocioEcon,CarValue,"Airbag,RuggedAuto",8.322766767010795e-208
SocioEcon,CarValue,"Airbag,RuggedAuto",8.322766767010795e-208
SocioEcon,CarValue,"Airbag,RuggedAuto",8.322766767010795e-208
SocioEcon,CarValue,"Airbag,RuggedAuto",8.322766767010795e-208
SocioEcon,CarValue,"Airbag,RuggedAuto",8.322766767010795e-208
SocioEcon,CarValue,"Airbag,RuggedAuto",8.322766767010795e-208
SocioEcon,CarValue,"Airbag,RuggedAuto",8.322766767010795e-208
SocioEcon,CarValue,"Airbag,RuggedAuto",8.322766767010795e-208
SocioEcon,CarValue,"Airbag,RuggedAuto",8.322766767010795e-208
SocioEcon,CarValue,"Airbag,RuggedAuto",8.322766767010795e-208
SocioEcon,CarValue,"Airbag,RuggedAuto",8.322766767010795e-208
SocioEcon,CarValue,"Airbag,RuggedAuto",8.322766767010795e-208
SocioEcon,CarValue,"Airbag,RuggedAuto",8.322766767010795e-208
SocioEcon,CarValue,"Airbag,RuggedAuto",8.322766767010795e-208
SocioEcon,CarValue,"Airbag,RuggedAuto",8.322766767010795e-208
SocioEcon,CarValue,"Airbag,RuggedAuto",8.322766767010795e-208
SocioEcon,CarValue,"Airbag,RuggedAuto",8.322766767010795e-208
SocioEcon,CarValue,"Airbag,RuggedAuto",8.322766767010795e-208
SocioEcon,CarValue,"Airbag,RuggedAuto",8.322766767010795e-208
SocioEcon,CarValue,"Airbag,RuggedAuto",8.322766767010795e-208
SocioEcon,CarValue,"Airbag,RuggedAuto",8.322766767010795e-208
SocioEcon,CarValue,"Airbag,RuggedAuto",8.322766767010795e-208
SocioEcon,CarValue,"Airbag,RuggedAuto",8.322766767010795e-208
SocioEcon,CarValue,"Airbag,RuggedAuto",8.322766767010795e-208
SocioEcon,CarValue,"Airbag,RuggedAuto",8.322766767010795e-208
SocioEcon,CarValue,"Airbag,RuggedAuto",8.322766767010795e-208
SocioEcon,CarValue,"Airbag,RuggedAuto",8.322766767010795e-208
SocioEcon,CarValue,"Airbag,RuggedAuto",8.322766767010795e-208
SocioEcon,CarValue,"Airbag,RuggedAuto",8.322766767010795e-208
SocioEcon,CarValue,"Airbag,RuggedAuto",8.322766767010795e-208
SocioEcon,CarValue,"Airbag,RuggedAuto",8.322766767010795e-208
SocioEcon,CarValue,"Airbag,RuggedAuto",8.322766767010795e-208
SocioEcon,CarValue,"Airbag,RuggedAuto",8.322766767010795e-208
SocioEcon,CarValue,"Airbag,RuggedAuto",8.322766767010795e-208
SocioEcon,CarValue,"Airbag,RuggedAuto",8.322766767010795e-208
SocioEcon,CarValue,"Airbag,RuggedAuto",8.322766767010795e-208
SocioEcon,CarValue,"Airbag,RuggedAuto",8.322766767010795e-208
SocioEcon,CarValue,"Airbag,RuggedAuto",8.322766767010795e-208
SocioEcon,CarValue,"Airbag,RuggedAuto",8.322766767010795e-208
SocioEcon,CarValue,"Airbag,RuggedAuto",8.322766767010795e-208
SocioEcon,CarValue,"Airbag,RuggedAuto",8.322766767010795e-208
SocioEcon,CarValue,"Airbag,RuggedAuto",8.322766767010795e-208
SocioEcon,CarValue,"Airbag,RuggedAuto",8.322766767010795e-208
SocioEcon,CarValue,"Airbag,RuggedAuto",8.322766767010795e-208
SocioEcon,CarValue,"Airbag,RuggedAuto",8.322766767010795e-208
SocioEcon,CarValue,"Airbag,RuggedAuto",8.322766767010795e-208
SocioEcon,CarValue,"Airbag,RuggedAuto",8.322766767010795e-208
SocioEcon,CarValue,"Airbag,RuggedAuto",8.322766767010795e-208
SocioEcon,CarValue,"Airbag,RuggedAuto",8.322766767010795e-208
SocioEcon,CarValue,"Airbag,RuggedAuto",8.322766767010795e-208
SocioEcon,CarValue,"Airbag,RuggedAuto",8.322766767010795e-208
SocioEcon,CarValue,"Airbag,RuggedAuto",8.322766767010795e-208
SocioEcon,CarValue,"Airbag,RuggedAuto",8.322766767010795e-208
SocioEcon,CarValue,"Airbag,RuggedAuto",8.322766767010795e-208
SocioEcon,CarValue,"Airbag,RuggedAuto",8.322766767010795e-208
SocioEcon,CarValue,"Airbag,RuggedAuto",8.322766767010795e-208
SocioEcon,CarValue,"Airbag,RuggedAuto",8.322766767010795e-208
SocioEcon,CarValue,"Airbag,RuggedAuto",8.322766767010795e-208
SocioEcon,CarValue,"Airbag,RuggedAuto",8.322766767010795e-208
SocioEcon,CarValue,"Airbag,RuggedAuto",8.322766767010795e-208
SocioEcon,HomeBase,"Airbag,RuggedAuto",0.0
SocioEcon,HomeBase,"Airbag,RuggedAuto",0.0
SocioEcon,HomeBase,"Airbag,RuggedAuto",0.0
SocioEcon,HomeBase,"Airbag,RuggedAuto",0.0
SocioEcon,HomeBase,"Airbag,RuggedAuto",0.0
SocioEcon,HomeBase,"Airbag,RuggedAuto",0.0
SocioEcon,HomeBase,"Airbag,RuggedAuto",0.0
SocioEcon,HomeBase,"Airbag,RuggedAuto",0.0
SocioEcon,HomeBase,"Airbag,RuggedAuto",0.0
SocioEcon,HomeBase,"Airbag,RuggedAuto",0.0
SocioEcon,HomeBase,"Airbag,RuggedAuto",0.0
SocioEcon,HomeBase,"Airbag,RuggedAuto",0.0
SocioEcon,HomeBase,"Airbag,RuggedAuto",0.0
SocioEcon,HomeBase,"Airbag,RuggedAuto",0.0
SocioEcon,HomeBase,"Airbag,RuggedAuto",0.0
SocioEcon,HomeBase,"Airbag,RuggedAuto",0.0
SocioEcon,HomeBase,"Airbag,RuggedAuto",0.0
SocioEcon,HomeBase,"Airbag,RuggedAuto",0.0
SocioEcon,HomeBase,"Airbag,RuggedAuto",0.0
SocioEcon,HomeBase,"Airbag,RuggedAuto",0.0
SocioEcon,HomeBase,"Airbag,RuggedAuto",0.0
SocioEcon,HomeBase,"Airbag,RuggedAuto",0.0
SocioEcon,HomeBase,"Airbag,RuggedAuto",0.0
SocioEcon,HomeBase,"Airbag,RuggedAuto",0.0
SocioEcon,HomeBase,"Airbag,RuggedAuto",0.0
SocioEcon,HomeBase,"Airbag,RuggedAuto",0.0
SocioEcon,HomeBase,"Airbag,RuggedAuto",0.0
SocioEcon,HomeBase,"Airbag,RuggedAuto",0.0
SocioEcon,HomeBase,"Airbag,RuggedAuto",0.0
SocioEcon,HomeBase,"Airbag,RuggedAuto",0.0
SocioEcon,HomeBase,"Airbag,RuggedAuto",0.0
SocioEcon,HomeBase,"Airbag,RuggedAuto",0.0
SocioEcon,HomeBase,"Airbag,RuggedAuto",0.0
SocioEcon,HomeBase,"Airbag,RuggedAuto",0.0
SocioEcon,HomeBase,"Airbag,RuggedAuto",0.0
SocioEcon,HomeBase,"Airbag,RuggedAuto",0.0
SocioEcon,HomeBase,"Airbag,RuggedAuto",0.0
SocioEcon,HomeBase,"Airbag,RuggedAuto",0.0
SocioEcon,HomeBase,"Airbag,RuggedAuto",0.0
SocioEcon,HomeBase,"Airbag,RuggedAuto",0.0
SocioEcon,HomeBase,"Airbag,RuggedAuto",0.0
SocioEcon,HomeBase,"Airbag,RuggedAuto",0.0
SocioEcon,HomeBase,"Airbag,RuggedAuto",0.0
SocioEcon,HomeBase,"Airbag,RuggedAuto",0.0
SocioEcon,HomeBase,"Airbag,RuggedAuto",0.0
SocioEcon,HomeBase,"Airbag,RuggedAuto",0.0
SocioEcon,HomeBase,"Airbag,RuggedAuto",0.0
SocioEcon,HomeBase,"Airbag,RuggedAuto",0.0
SocioEcon,HomeBase,"Airbag,RuggedAuto",0.0
SocioEcon,HomeBase,"Airbag,RuggedAuto",0.0
SocioEcon,HomeBase,"Airbag,RuggedAuto",0.0
SocioEcon,HomeBase,"Airbag,RuggedAuto",0.0
SocioEcon,HomeBase,"Airbag,RuggedAuto",0.0
SocioEcon,HomeBase,"Airbag,RuggedAuto",0.0
SocioEcon,HomeBase,"Airbag,RuggedAuto",0.0
SocioEcon,HomeBase,"Airbag,RuggedAuto",0.0
SocioEcon,HomeBase,"Airbag,RuggedAuto",0.0
SocioEcon,HomeBase,"Airbag,RuggedAuto",0.0
SocioEcon,HomeBase,"Airbag,RuggedAuto",0.0
SocioEcon,HomeBase,"Airbag,RuggedAuto",0.0
SocioEcon,HomeBase,"Airbag,RuggedAuto",0.0
SocioEcon,HomeBase,"Airbag,RuggedAuto",0.0
SocioEcon,HomeBase,"Airbag,RuggedAuto",0.0
SocioEcon,HomeBase,"Airbag,RuggedAuto",0.0
SocioEcon,HomeBase,"Airbag,RuggedAuto",0.0
SocioEcon,HomeBase,"Airbag,RuggedAuto",0.0
SocioEcon,HomeBase,"Airbag,RuggedAuto",0.0
SocioEcon,HomeBase,"Airbag,RuggedAuto",0.0
SocioEcon,HomeBase,"Airbag,RuggedAuto",0.0
SocioEcon,HomeBase,"Airbag,RuggedAuto",0.0
SocioEcon,HomeBase,"Airbag,RuggedAuto",0.0
SocioEcon,HomeBase,"Airbag,RuggedAuto",0.0
SocioEcon,HomeBase,"Airbag,RuggedAuto",0.0
SocioEcon,HomeBase,"Airbag,RuggedAuto",0.0
SocioEcon,HomeBase,"Airbag,RuggedAuto",0.0
SocioEcon,HomeBase,"Airbag,RuggedAuto",0.0
SocioEcon,HomeBase,"Airbag,RuggedAuto",0.0
SocioEcon,HomeBase,"Airbag,RuggedAuto",0.0
SocioEcon,HomeBase,"Airbag,RuggedAuto",0.0
SocioEcon,HomeBase,"Airbag,RuggedAuto",0.0
SocioEcon,HomeBase,"Airbag,RuggedAuto",0.0
SocioEcon,HomeBase,"Airbag,RuggedAuto",0.0
SocioEcon,HomeBase,"Airbag,RuggedAuto",0.0
SocioEcon,HomeBase,"Airbag,RuggedAuto",0.0
SocioEcon,HomeBase,"Airbag,RuggedAuto",0.0
SocioEcon,HomeBase,"Airbag,RuggedAuto",0.0
SocioEcon,HomeBase,"Airbag,RuggedAuto",0.0
SocioEcon,HomeBase,"Airbag,RuggedAuto",0.0
SocioEcon,HomeBase,"Airbag,RuggedAuto",0.0
SocioEcon,HomeBase,"Airbag,RuggedAuto",0.0
SocioEcon,HomeBase,"Airbag,RuggedAuto",0.0
SocioEcon,AntiTheft,"Airbag,RuggedAuto",5.44598859724516e-85
SocioEcon,AntiTheft,"Airbag,RuggedAuto",5.44598859724516e-85
SocioEcon,AntiTheft,"Airbag,RuggedAuto",5.44598859724516e-85
SocioEcon,AntiTheft,"Airbag,RuggedAuto",5.44598859724516e-85
SocioEcon,AntiTheft,"Airbag,RuggedAuto",5.44598859724516e-85
SocioEcon,AntiTheft,"Airbag,RuggedAuto",5.44598859724516e-85
SocioEcon,AntiTheft,"Airbag,RuggedAuto",5.44598859724516e-85
SocioEcon,AntiTheft,"Airbag,RuggedAuto",5.44598859724516e-85
SocioEcon,AntiTheft,"Airbag,RuggedAuto",5.44598859724516e-85
SocioEcon,AntiTheft,"Airbag,RuggedAuto",5.44598859724516e-85
SocioEcon,AntiTheft,"Airbag,RuggedAuto",5.44598859724516e-85
SocioEcon,AntiTheft,"Airbag,RuggedAuto",5.44598859724516e-85
SocioEcon,AntiTheft,"Airbag,RuggedAuto",5.44598859724516e-85
SocioEcon,AntiTheft,"Airbag,RuggedAuto",5.44598859724516e-85
SocioEcon,AntiTheft,"Airbag,RuggedAuto",5.44598859724516e-85
SocioEcon,AntiTheft,"Airbag,RuggedAuto",5.44598859724516e-85
SocioEcon,AntiTheft,"Airbag,RuggedAuto",5.44598859724516e-85
SocioEcon,AntiTheft,"Airbag,RuggedAuto",5.44598859724516e-85
SocioEcon,AntiTheft,"Airbag,RuggedAuto",5.44598859724516e-85
SocioEcon,AntiTheft,"Airbag,RuggedAuto",5.44598859724516e-85
SocioEcon,AntiTheft,"Airbag,RuggedAuto",5.44598859724516e-85
SocioEcon,AntiTheft,"Airbag,RuggedAuto",5.44598859724516e-85
SocioEcon,AntiTheft,"Airbag,RuggedAuto",5.44598859724516e-85
SocioEcon,AntiTheft,"Airbag,RuggedAuto",5.44598859724516e-85
SocioEcon,AntiTheft,"Airbag,RuggedAuto",5.44598859724516e-85
SocioEcon,AntiTheft,"Airbag,RuggedAuto",5.44598859724516e-85
SocioEcon,AntiTheft,"Airbag,RuggedAuto",5.44598859724516e-85
SocioEcon,AntiTheft,"Airbag,RuggedAuto",5.44598859724516e-85
SocioEcon,AntiTheft,"Airbag,RuggedAuto",5.44598859724516e-85
SocioEcon,AntiTheft,"Airbag,RuggedAuto",5.44598859724516e-85
SocioEcon,AntiTheft,"Airbag,RuggedAuto",5.44598859724516e-85
SocioEcon,AntiTheft,"Airbag,RuggedAuto",5.44598859724516e-85
SocioEcon,AntiTheft,"Airbag,RuggedAuto",5.44598859724516e-85
SocioEcon,AntiTheft,"Airbag,RuggedAuto",5.44598859724516e-85
SocioEcon,AntiTheft,"Airbag,RuggedAuto",5.44598859724516e-85
SocioEcon,AntiTheft,"Airbag,RuggedAuto",5.44598859724516e-85
SocioEcon,AntiTheft,"Airbag,RuggedAuto",5.44598859724516e-85
SocioEcon,AntiTheft,"Airbag,RuggedAuto",5.44598859724516e-85
SocioEcon,AntiTheft,"Airbag,RuggedAuto",5.44598859724516e-85
SocioEcon,AntiTheft,"Airbag,RuggedAuto",5.44598859724516e-85
SocioEcon,AntiTheft,"Airbag,RuggedAuto",5.44598859724516e-85
SocioEcon,AntiTheft,"Airbag,RuggedAuto",5.44598859724516e-85
SocioEcon,AntiTheft,"Airbag,RuggedAuto",5.44598859724516e-85
SocioEcon,AntiTheft,"Airbag,RuggedAuto",5.44598859724516e-85
SocioEcon,AntiTheft,"Airbag,RuggedAuto",5.44598859724516e-85
SocioEcon,AntiTheft,"Airbag,RuggedAuto",5.44598859724516e-85
SocioEcon,AntiTheft,"Airbag,RuggedAuto",5.44598859724516e-85
SocioEcon,AntiTheft,"Airbag,RuggedAuto",5.44598859724516e-85
SocioEcon,AntiTheft,"Airbag,RuggedAuto",5.44598859724516e-85
SocioEcon,AntiTheft,"Airbag,RuggedAuto",5.44598859724516e-85
SocioEcon,AntiTheft,"Airbag,RuggedAuto",5.44598859724516e-85
SocioEcon,AntiTheft,"Airbag,RuggedAuto",5.44598859724516e-85
SocioEcon,AntiTheft,"Airbag,RuggedAuto",5.44598859724516e-85
SocioEcon,AntiTheft,"Airbag,RuggedAuto",5.44598859724516e-85
SocioEcon,AntiTheft,"Airbag,RuggedAuto",5.44598859724516e-85
SocioEcon,AntiTheft,"Airbag,RuggedAuto",5.44598859724516e-85
SocioEcon,AntiTheft,"Airbag,RuggedAuto",5.44598859724516e-85
SocioEcon,AntiTheft,"Airbag,RuggedAuto",5.44598859724516e-85
SocioEcon,AntiTheft,"Airbag,RuggedAuto",5.44598859724516e-85
SocioEcon,AntiTheft,"Airbag,RuggedAuto",5.44598859724516e-85
SocioEcon,AntiTheft,"Airbag,RuggedAuto",5.44598859724516e-85
SocioEcon,AntiTheft,"Airbag,RuggedAuto",5.44598859724516e-85
SocioEcon,AntiTheft,"Airbag,RuggedAuto",5.44598859724516e-85
SocioEcon,AntiTheft,"Airbag,RuggedAuto",5.44598859724516e-85
SocioEcon,AntiTheft,"Airbag,RuggedAuto",5.44598859724516e-85
SocioEcon,AntiTheft,"Airbag,RuggedAuto",5.44598859724516e-85
SocioEcon,AntiTheft,"Airbag,RuggedAuto",5.44598859724516e-85
SocioEcon,AntiTheft,"Airbag,RuggedAuto",5.44598859724516e-85
SocioEcon,AntiTheft,"Airbag,RuggedAuto",5.44598859724516e-85
SocioEcon,AntiTheft,"Airbag,RuggedAuto",5.44598859724516e-85
SocioEcon,AntiTheft,"Airbag,RuggedAuto",5.44598859724516e-85
SocioEcon,AntiTheft,"Airbag,RuggedAuto",5.44598859724516e-85
SocioEcon,AntiTheft,"Airbag,RuggedAuto",5.44598859724516e-85
SocioEcon,AntiTheft,"Airbag,RuggedAuto",5.44598859724516e-85
SocioEcon,AntiTheft,"Airbag,RuggedAuto",5.44598859724516e-85
SocioEcon,AntiTheft,"Airbag,RuggedAuto",5.44598859724516e-85
SocioEcon,AntiTheft,"Airbag,RuggedAuto",5.44598859724516e-85
SocioEcon,AntiTheft,"Airbag,RuggedAuto",5.44598859724516e-85
SocioEcon,AntiTheft,"Airbag,RuggedAuto",5.44598859724516e-85
SocioEcon,AntiTheft,"Airbag,RuggedAuto",5.44598859724516e-85
SocioEcon,AntiTheft,"Airbag,RuggedAuto",5.44598859724516e-85
SocioEcon,AntiTheft,"Airbag,RuggedAuto",5.44598859724516e-85
SocioEcon,AntiTheft,"Airbag,RuggedAuto",5.44598859724516e-85
SocioEcon,AntiTheft,"Airbag,RuggedAuto",5.44598859724516e-85
SocioEcon,AntiTheft,"Airbag,RuggedAuto",5.44598859724516e-85
SocioEcon,AntiTheft,"Airbag,RuggedAuto",5.44598859724516e-85
SocioEcon,AntiTheft,"Airbag,RuggedAuto",5.44598859724516e-85
SocioEcon,AntiTheft,"Airbag,RuggedAuto",5.44598859724516e-85
SocioEcon,AntiTheft,"Airbag,RuggedAuto",5.44598859724516e-85
SocioEcon,AntiTheft,"Airbag,RuggedAuto",5.44598859724516e-85
SocioEcon,AntiTheft,"Airbag,RuggedAuto",5.44598859724516e-85
SocioEcon,OtherCarCost,"MakeModel,ThisCarCost",0.9555778427388333
SocioEcon,OtherCar,"Airbag,RuggedAuto",3.509703476560655e-113
SocioEcon,OtherCar,"Airbag,RuggedAuto",3.509703476560655e-113
SocioEcon,OtherCar,"Airbag,RuggedAuto",3.509703476560655e-113
SocioEcon,OtherCar,"Airbag,RuggedAuto",3.509703476560655e-113
SocioEcon,OtherCar,"Airbag,RuggedAuto",3.509703476560655e-113
SocioEcon,OtherCar,"Airbag,RuggedAuto",3.509703476560655e-113
SocioEcon,OtherCar,"Airbag,RuggedAuto",3.509703476560655e-113
SocioEcon,OtherCar,"Airbag,RuggedAuto",3.509703476560655e-113
SocioEcon,OtherCar,"Airbag,RuggedAuto",3.509703476560655e-113
SocioEcon,OtherCar,"Airbag,RuggedAuto",3.509703476560655e-113
SocioEcon,OtherCar,"Airbag,RuggedAuto",3.509703476560655e-113
SocioEcon,OtherCar,"Airbag,RuggedAuto",3.509703476560655e-113
SocioEcon,OtherCar,"Airbag,RuggedAuto",3.509703476560655e-113
SocioEcon,OtherCar,"Airbag,RuggedAuto",3.509703476560655e-113
SocioEcon,OtherCar,"Airbag,RuggedAuto",3.509703476560655e-113
SocioEcon,OtherCar,"Airbag,RuggedAuto",3.509703476560655e-113
SocioEcon,OtherCar,"Airbag,RuggedAuto",3.509703476560655e-113
SocioEcon,OtherCar,"Airbag,RuggedAuto",3.509703476560655e-113
SocioEcon,OtherCar,"Airbag,RuggedAuto",3.509703476560655e-113
SocioEcon,OtherCar,"Airbag,RuggedAuto",3.509703476560655e-113
SocioEcon,OtherCar,"Airbag,RuggedAuto",3.509703476560655e-113
SocioEcon,OtherCar,"Airbag,RuggedAuto",3.509703476560655e-113
SocioEcon,OtherCar,"Airbag,RuggedAuto",3.509703476560655e-113
SocioEcon,OtherCar,"Airbag,RuggedAuto",3.509703476560655e-113
SocioEcon,OtherCar,"Airbag,RuggedAuto",3.509703476560655e-113
SocioEcon,OtherCar,"Airbag,RuggedAuto",3.509703476560655e-113
SocioEcon,OtherCar,"Airbag,RuggedAuto",3.509703476560655e-113
SocioEcon,OtherCar,"Airbag,RuggedAuto",3.509703476560655e-113
SocioEcon,OtherCar,"Airbag,RuggedAuto",3.509703476560655e-113
SocioEcon,OtherCar,"Airbag,RuggedAuto",3.509703476560655e-113
SocioEcon,OtherCar,"Airbag,RuggedAuto",3.509703476560655e-113
SocioEcon,OtherCar,"Airbag,RuggedAuto",3.509703476560655e-113
SocioEcon,OtherCar,"Airbag,RuggedAuto",3.509703476560655e-113
SocioEcon,OtherCar,"Airbag,RuggedAuto",3.509703476560655e-113
SocioEcon,OtherCar,"Airbag,RuggedAuto",3.509703476560655e-113
SocioEcon,OtherCar,"Airbag,RuggedAuto",3.509703476560655e-113
SocioEcon,OtherCar,"Airbag,RuggedAuto",3.509703476560655e-113
SocioEcon,OtherCar,"Airbag,RuggedAuto",3.509703476560655e-113
SocioEcon,OtherCar,"Airbag,RuggedAuto",3.509703476560655e-113
SocioEcon,OtherCar,"Airbag,RuggedAuto",3.509703476560655e-113
SocioEcon,OtherCar,"Airbag,RuggedAuto",3.509703476560655e-113
SocioEcon,OtherCar,"Airbag,RuggedAuto",3.509703476560655e-113
SocioEcon,OtherCar,"Airbag,RuggedAuto",3.509703476560655e-113
SocioEcon,OtherCar,"Airbag,RuggedAuto",3.509703476560655e-113
SocioEcon,OtherCar,"Airbag,RuggedAuto",3.509703476560655e-113
SocioEcon,OtherCar,"Airbag,RuggedAuto",3.509703476560655e-113
SocioEcon,OtherCar,"Airbag,RuggedAuto",3.509703476560655e-113
SocioEcon,OtherCar,"Airbag,RuggedAuto",3.509703476560655e-113
SocioEcon,OtherCar,"Airbag,RuggedAuto",3.509703476560655e-113
SocioEcon,OtherCar,"Airbag,RuggedAuto",3.509703476560655e-113
SocioEcon,OtherCar,"Airbag,RuggedAuto",3.509703476560655e-113
SocioEcon,OtherCar,"Airbag,RuggedAuto",3.509703476560655e-113
SocioEcon,OtherCar,"Airbag,RuggedAuto",3.509703476560655e-113
SocioEcon,OtherCar,"Airbag,RuggedAuto",3.509703476560655e-113
SocioEcon,OtherCar,"Airbag,RuggedAuto",3.509703476560655e-113
SocioEcon,OtherCar,"Airbag,RuggedAuto",3.509703476560655e-113
SocioEcon,OtherCar,"Airbag,RuggedAuto",3.509703476560655e-113
SocioEcon,OtherCar,"Airbag,RuggedAuto",3.509703476560655e-113
SocioEcon,OtherCar,"Airbag,RuggedAuto",3.509703476560655e-113
SocioEcon,OtherCar,"Airbag,RuggedAuto",3.509703476560655e-113
SocioEcon,OtherCar,"Airbag,RuggedAuto",3.509703476560655e-113
SocioEcon,OtherCar,"Airbag,RuggedAuto",3.509703476560655e-113
SocioEcon,OtherCar,"Airbag,RuggedAuto",3.509703476560655e-113
SocioEcon,OtherCar,"Airbag,RuggedAuto",3.509703476560655e-113
SocioEcon,OtherCar,"Airbag,RuggedAuto",3.509703476560655e-113
SocioEcon,OtherCar,"Airbag,RuggedAuto",3.509703476560655e-113
SocioEcon,OtherCar,"Airbag,RuggedAuto",3.509703476560655e-113
SocioEcon,OtherCar,"Airbag,RuggedAuto",3.509703476560655e-113
SocioEcon,OtherCar,"Airbag,RuggedAuto",3.509703476560655e-113
SocioEcon,OtherCar,"Airbag,RuggedAuto",3.509703476560655e-113
SocioEcon,OtherCar,"Airbag,RuggedAuto",3.509703476560655e-113
SocioEcon,OtherCar,"Airbag,RuggedAuto",3.509703476560655e-113
SocioEcon,OtherCar,"Airbag,RuggedAuto",3.509703476560655e-113
SocioEcon,OtherCar,"Airbag,RuggedAuto",3.509703476560655e-113
SocioEcon,OtherCar,"Airbag,RuggedAuto",3.509703476560655e-113
SocioEcon,OtherCar,"Airbag,RuggedAuto",3.509703476560655e-113
SocioEcon,OtherCar,"Airbag,RuggedAuto",3.509703476560655e-113
SocioEcon,OtherCar,"Airbag,RuggedAuto",3.509703476560655e-113
SocioEcon,OtherCar,"Airbag,RuggedAuto",3.509703476560655e-113
SocioEcon,OtherCar,"Airbag,RuggedAuto",3.509703476560655e-113
SocioEcon,OtherCar,"Airbag,RuggedAuto",3.509703476560655e-113
SocioEcon,OtherCar,"Airbag,RuggedAuto",3.509703476560655e-113
SocioEcon,OtherCar,"Airbag,RuggedAuto",3.509703476560655e-113
SocioEcon,OtherCar,"Airbag,RuggedAuto",3.509703476560655e-113
SocioEcon,OtherCar,"Airbag,RuggedAuto",3.509703476560655e-113
SocioEcon,OtherCar,"Airbag,RuggedAuto",3.509703476560655e-113
SocioEcon,OtherCar,"Airbag,RuggedAuto",3.509703476560655e-113
SocioEcon,OtherCar,"Airbag,RuggedAuto",3.509703476560655e-113
SocioEcon,OtherCar,"Airbag,RuggedAuto",3.509703476560655e-113
SocioEcon,OtherCar,"Airbag,RuggedAuto",3.509703476560655e-113
SocioEcon,OtherCar,"Airbag,RuggedAuto",3.509703476560655e-113
SocioEcon,Cushioning,"MakeModel,ThisCarCost",0.9948640882638906
SocioEcon,Airbag,"Age,RuggedAuto",6.231054792035381e-208
SocioEcon,Airbag,"Age,RuggedAuto",6.231054792035381e-208
SocioEcon,Airbag,"Age,RuggedAuto",6.231054792035381e-208
SocioEcon,Airbag,"Age,RuggedAuto",6.231054792035381e-208
SocioEcon,Airbag,"Age,RuggedAuto",6.231054792035381e-208
SocioEcon,Airbag,"Age,RuggedAuto",6.231054792035381e-208
SocioEcon,Airbag,"Age,RuggedAuto",6.231054792035381e-208
SocioEcon,Airbag,"Age,RuggedAuto",6.231054792035381e-208
SocioEcon,Airbag,"Age,RuggedAuto",6.231054792035381e-208
SocioEcon,Airbag,"Age,RuggedAuto",6.231054792035381e-208
SocioEcon,Airbag,"Age,RuggedAuto",6.231054792035381e-208
SocioEcon,Airbag,"Age,RuggedAuto",6.231054792035381e-208
SocioEcon,Airbag,"Age,RuggedAuto",6.231054792035381e-208
SocioEcon,Airbag,"Age,RuggedAuto",6.231054792035381e-208
SocioEcon,Airbag,"Age,RuggedAuto",6.231054792035381e-208
SocioEcon,Airbag,"Age,RuggedAuto",6.231054792035381e-208
SocioEcon,Airbag,"Age,RuggedAuto",6.231054792035381e-208
SocioEcon,Airbag,"Age,RuggedAuto",6.231054792035381e-208
SocioEcon,Airbag,"Age,RuggedAuto",6.231054792035381e-208
SocioEcon,Airbag,"Age,RuggedAuto",6.231054792035381e-208
SocioEcon,Airbag,"Age,RuggedAuto",6.231054792035381e-208
SocioEcon,Airbag,"Age,RuggedAuto",6.231054792035381e-208
SocioEcon,Airbag,"Age,RuggedAuto",6.231054792035381e-208
SocioEcon,Airbag,"Age,RuggedAuto",6.231054792035381e-208
SocioEcon,Airbag,"Age,RuggedAuto",6.231054792035381e-208
SocioEcon,Airbag,"Age,RuggedAuto",6.231054792035381e-208
SocioEcon,Airbag,"Age,RuggedAuto",6.231054792035381e-208
SocioEcon,Airbag,"Age,RuggedAuto",6.231054792035381e-208
SocioEcon,Airbag,"Age,RuggedAuto",6.231054792035381e-208
SocioEcon,Airbag,"Age,RuggedAuto",6.231054792035381e-208
SocioEcon,Airbag,"Age,RuggedAuto",6.231054792035381e-208
SocioEcon,Airbag,"Age,RuggedAuto",6.231054792035381e-208
SocioEcon,Airbag,"Age,RuggedAuto",6.231054792035381e-208
SocioEcon,Airbag,"Age,RuggedAuto",6.231054792035381e-208
SocioEcon,Airbag,"Age,RuggedAuto",6.231054792035381e-208
SocioEcon,Airbag,"Age,RuggedAuto",6.231054792035381e-208
SocioEcon,Airbag,"Age,RuggedAuto",6.231054792035381e-208
SocioEcon,Airbag,"Age,RuggedAuto",6.231054792035381e-208
SocioEcon,Airbag,"Age,RuggedAuto",6.231054792035381e-208
SocioEcon,Airbag,"Age,RuggedAuto",6.231054792035381e-208
SocioEcon,Airbag,"Age,RuggedAuto",6.231054792035381e-208
SocioEcon,Airbag,"Age,RuggedAuto",6.231054792035381e-208
SocioEcon,Airbag,"Age,RuggedAuto",6.231054792035381e-208
SocioEcon,Airbag,"Age,RuggedAuto",6.231054792035381e-208
SocioEcon,Airbag,"Age,RuggedAuto",6.231054792035381e-208
SocioEcon,Airbag,"Age,RuggedAuto",6.231054792035381e-208
SocioEcon,Airbag,"Age,RuggedAuto",6.231054792035381e-208
SocioEcon,Airbag,"Age,RuggedAuto",6.231054792035381e-208
SocioEcon,Airbag,"Age,RuggedAuto",6.231054792035381e-208
SocioEcon,Airbag,"Age,RuggedAuto",6.231054792035381e-208
SocioEcon,Airbag,"Age,RuggedAuto",6.231054792035381e-208
SocioEcon,Airbag,"Age,RuggedAuto",6.231054792035381e-208
SocioEcon,Airbag,"Age,RuggedAuto",6.231054792035381e-208
SocioEcon,Airbag,"Age,RuggedAuto",6.231054792035381e-208
SocioEcon,Airbag,"Age,RuggedAuto",6.231054792035381e-208
SocioEcon,Airbag,"Age,RuggedAuto",6.231054792035381e-208
SocioEcon,Airbag,"Age,RuggedAuto",6.231054792035381e-208
SocioEcon,Airbag,"Age,RuggedAuto",6.231054792035381e-208
SocioEcon,Airbag,"Age,RuggedAuto",6.231054792035381e-208
SocioEcon,Airbag,"Age,RuggedAuto",6.231054792035381e-208
SocioEcon,Airbag,"Age,RuggedAuto",6.231054792035381e-208
SocioEcon,Airbag,"Age,RuggedAuto",6.231054792035381e-208
SocioEcon,Airbag,"Age,RuggedAuto",6.231054792035381e-208
SocioEcon,Airbag,"Age,RuggedAuto",6.231054792035381e-208
SocioEcon,Airbag,"Age,RuggedAuto",6.231054792035381e-208
SocioEcon,Airbag,"Age,RuggedAuto",6.231054792035381e-208
SocioEcon,Airbag,"Age,RuggedAuto",6.231054792035381e-208
SocioEcon,Airbag,"Age,RuggedAuto",6.231054792035381e-208
SocioEcon,Airbag,"Age,RuggedAuto",6.231054792035381e-208
SocioEcon,Airbag,"Age,RuggedAuto",6.231054792035381e-208
SocioEcon,Airbag,"Age,RuggedAuto",6.231054792035381e-208
SocioEcon,Airbag,"Age,RuggedAuto",6.231054792035381e-208
SocioEcon,Airbag,"Age,RuggedAuto",6.231054792035381e-208
SocioEcon,Airbag,"Age,RuggedAuto",6.231054792035381e-208
SocioEcon,Airbag,"Age,RuggedAuto",6.231054792035381e-208
SocioEcon,Airbag,"Age,RuggedAuto",6.231054792035381e-208
SocioEcon,Airbag,"Age,RuggedAuto",6.231054792035381e-208
SocioEcon,Airbag,"Age,RuggedAuto",6.231054792035381e-208
SocioEcon,Airbag,"Age,RuggedAuto",6.231054792035381e-208
SocioEcon,Airbag,"Age,RuggedAuto",6.231054792035381e-208
SocioEcon,Airbag,"Age,RuggedAuto",6.231054792035381e-208
SocioEcon,Airbag,"Age,RuggedAuto",6.231054792035381e-208
SocioEcon,Airbag,"Age,RuggedAuto",6.231054792035381e-208
SocioEcon,Airbag,"Age,RuggedAuto",6.231054792035381e-208
SocioEcon,Airbag,"Age,RuggedAuto",6.231054792035381e-208
SocioEcon,Airbag,"Age,RuggedAuto",6.231054792035381e-208
SocioEcon,Airbag,"Age,RuggedAuto",6.231054792035381e-208
SocioEcon,Airbag,"Age,RuggedAuto",6.231054792035381e-208
SocioEcon,Airbag,"Age,RuggedAuto",6.231054792035381e-208
SocioEcon,Airbag,"Age,RuggedAuto",6.231054792035381e-208
SocioEcon,Airbag,"Age,RuggedAuto",6.231054792035381e-208
RiskAversion,DrivQuality,"DrivingSkill,SocioEcon",9.075783049724593e-143
RiskAversion,DrivQuality,"DrivingSkill,SocioEcon",9.075783049724593e-143
RiskAversion,DrivQuality,"DrivingSkill,SocioEcon",9.075783049724593e-143
RiskAversion,DrivQuality,"DrivingSkill,SocioEcon",9.075783049724593e-143
RiskAversion,DrivQuality,"DrivingSkill,SocioEcon",9.075783049724593e-143
RiskAversion,DrivQuality,"DrivingSkill,SocioEcon",9.075783049724593e-143
RiskAversion,DrivQuality,"DrivingSkill,SocioEcon",9.075783049724593e-143
RiskAversion,DrivQuality,"DrivingSkill,SocioEcon",9.075783049724593e-143
RiskAversion,DrivQuality,"DrivingSkill,SocioEcon",9.075783049724593e-143
RiskAversion,DrivQuality,"DrivingSkill,SocioEcon",9.075783049724593e-143
RiskAversion,DrivQuality,"DrivingSkill,SocioEcon",9.075783049724593e-143
RiskAversion,DrivQuality,"DrivingSkill,SocioEcon",9.075783049724593e-143
RiskAversion,DrivQuality,"DrivingSkill,SocioEcon",9.075783049724593e-143
RiskAversion,DrivQuality,"DrivingSkill,SocioEcon",9.075783049724593e-143
RiskAversion,DrivQuality,"DrivingSkill,SocioEcon",9.075783049724593e-143
RiskAversion,DrivQuality,"DrivingSkill,SocioEcon",9.075783049724593e-143
RiskAversion,DrivQuality,"DrivingSkill,SocioEcon",9.075783049724593e-143
RiskAversion,DrivQuality,"DrivingSkill,SocioEcon",9.075783049724593e-143
RiskAversion,DrivQuality,"DrivingSkill,SocioEcon",9.075783049724593e-143
RiskAversion,DrivQuality,"DrivingSkill,SocioEcon",9.075783049724593e-143
RiskAversion,DrivQuality,"DrivingSkill,SocioEcon",9.075783049724593e-143
RiskAversion,DrivingSkill,"Age,SocioEcon",2.2878986738574503e-86
RiskAversion,DrivingSkill,"Age,SocioEcon",2.2878986738574503e-86
RiskAversion,DrivingSkill,"Age,SocioEcon",2.2878986738574503e-86
RiskAversion,DrivingSkill,"Age,SocioEcon",2.2878986738574503e-86
RiskAversion,DrivingSkill,"Age,SocioEcon",2.2878986738574503e-86
RiskAversion,DrivingSkill,"Age,SocioEcon",2.2878986738574503e-86
RiskAversion,DrivingSkill,"Age,SocioEcon",2.2878986738574503e-86
RiskAversion,DrivingSkill,"Age,SocioEcon",2.2878986738574503e-86
RiskAversion,DrivingSkill,"Age,SocioEcon",2.2878986738574503e-86
RiskAversion,DrivingSkill,"Age,SocioEcon",2.2878986738574503e-86
RiskAversion,DrivingSkill,"Age,SocioEcon",2.2878986738574503e-86
RiskAversion,DrivingSkill,"Age,SocioEcon",2.2878986738574503e-86
RiskAversion,DrivingSkill,"Age,SocioEcon",2.2878986738574503e-86
RiskAversion,DrivingSkill,"Age,SocioEcon",2.2878986738574503e-86
RiskAversion,DrivingSkill,"Age,SocioEcon",2.2878986738574503e-86
RiskAversion,DrivingSkill,"Age,SocioEcon",2.2878986738574503e-86
RiskAversion,DrivingSkill,"Age,SocioEcon",2.2878986738574503e-86
RiskAversion,DrivingSkill,"Age,SocioEcon",2.2878986738574503e-86
RiskAversion,DrivingSkill,"Age,SocioEcon",2.2878986738574503e-86
RiskAversion,DrivingSkill,"Age,SocioEcon",2.2878986738574503e-86
RiskAversion,DrivingSkill,"Age,SocioEcon",2.2878986738574503e-86
RiskAversion,SeniorTrain,"DrivingSkill,SocioEcon",4.4483666780005686e-91
RiskAversion,SeniorTrain,"DrivingSkill,SocioEcon",4.4483666780005686e-91
RiskAversion,SeniorTrain,"DrivingSkill,SocioEcon",4.4483666780005686e-91
RiskAversion,SeniorTrain,"DrivingSkill,SocioEcon",4.4483666780005686e-91
RiskAversion,SeniorTrain,"DrivingSkill,SocioEcon",4.4483666780005686e-91
RiskAversion,SeniorTrain,"DrivingSkill,SocioEcon",4.4483666780005686e-91
RiskAversion,SeniorTrain,"DrivingSkill,SocioEcon",4.4483666780005686e-91
RiskAversion,SeniorTrain,"DrivingSkill,SocioEcon",4.4483666780005686e-91
RiskAversion,SeniorTrain,"DrivingSkill,SocioEcon",4.4483666780005686e-91
RiskAversion,SeniorTrain,"DrivingSkill,SocioEcon",4.4483666780005686e-91
RiskAversion,SeniorTrain,"DrivingSkill,SocioEcon",4.4483666780005686e-91
RiskAversion,SeniorTrain,"DrivingSkill,SocioEcon",4.4483666780005686e-91
RiskAversion,SeniorTrain,"DrivingSkill,SocioEcon",4.4483666780005686e-91
RiskAversion,SeniorTrain,"DrivingSkill,SocioEcon",4.4483666780005686e-91
RiskAversion,SeniorTrain,"DrivingSkill,SocioEcon",4.4483666780005686e-91
RiskAversion,SeniorTrain,"DrivingSkill,SocioEcon",4.4483666780005686e-91
RiskAversion,SeniorTrain,"DrivingSkill,SocioEcon",4.4483666780005686e-91
RiskAversion,SeniorTrain,"DrivingSkill,SocioEcon",4.4483666780005686e-91
RiskAversion,SeniorTrain,"DrivingSkill,SocioEcon",4.4483666780005686e-91
RiskAversion,SeniorTrain,"DrivingSkill,SocioEcon",4.4483666780005686e-91
RiskAversion,SeniorTrain,"DrivingSkill,SocioEcon",4.4483666780005686e-91
RiskAversion,HomeBase,"DrivingSkill,SocioEcon",1.3822647816781526e-292
RiskAversion,HomeBase,"DrivingSkill,SocioEcon",1.3822647816781526e-292
RiskAversion,HomeBase,"DrivingSkill,SocioEcon",1.3822647816781526e-292
RiskAversion,HomeBase,"DrivingSkill,SocioEcon",1.3822647816781526e-292
RiskAversion,HomeBase,"DrivingSkill,SocioEcon",1.3822647816781526e-292
RiskAversion,HomeBase,"DrivingSkill,SocioEcon",1.3822647816781526e-292
RiskAversion,HomeBase,"DrivingSkill,SocioEcon",1.3822647816781526e-292
RiskAversion,HomeBase,"DrivingSkill,SocioEcon",1.3822647816781526e-292
RiskAversion,HomeBase,"DrivingSkill,SocioEcon",1.3822647816781526e-292
RiskAversion,HomeBase,"DrivingSkill,SocioEcon",1.3822647816781526e-292
RiskAversion,HomeBase,"DrivingSkill,SocioEcon",1.3822647816781526e-292
RiskAversion,HomeBase,"DrivingSkill,SocioEcon",1.3822647816781526e-292
RiskAversion,HomeBase,"DrivingSkill,SocioEcon",1.3822647816781526e-292
RiskAversion,HomeBase,"DrivingSkill,SocioEcon",1.3822647816781526e-292
RiskAversion,HomeBase,"DrivingSkill,SocioEcon",1.3822647816781526e-292
RiskAversion,HomeBase,"DrivingSkill,SocioEcon",1.3822647816781526e-292
RiskAversion,HomeBase,"DrivingSkill,SocioEcon",1.3822647816781526e-292
RiskAversion,HomeBase,"DrivingSkill,SocioEcon",1.3822647816781526e-292
RiskAversion,HomeBase,"DrivingSkill,SocioEcon",1.3822647816781526e-292
RiskAversion,HomeBase,"DrivingSkill,SocioEcon",1.3822647816781526e-292
RiskAversion,HomeBase,"DrivingSkill,SocioEcon",1.3822647816781526e-292
RiskAversion,AntiTheft,"DrivingSkill,SocioEcon",0.0
RiskAversion,AntiTheft,"DrivingSkill,SocioEcon",0.0
RiskAversion,AntiTheft,"DrivingSkill,SocioEcon",0.0
RiskAversion,AntiTheft,"DrivingSkill,SocioEcon",0.0
RiskAversion,AntiTheft,"DrivingSkill,SocioEcon",0.0
RiskAversion,AntiTheft,"DrivingSkill,SocioEcon",0.0
RiskAversion,AntiTheft,"DrivingSkill,SocioEcon",0.0
RiskAversion,AntiTheft,"DrivingSkill,SocioEcon",0.0
RiskAversion,AntiTheft,"DrivingSkill,SocioEcon",0.0
RiskAversion,AntiTheft,"DrivingSkill,SocioEcon",0.0
RiskAversion,AntiTheft,"DrivingSkill,SocioEcon",0.0
RiskAversion,AntiTheft,"DrivingSkill,SocioEcon",0.0
RiskAversion,AntiTheft,"DrivingSkill,SocioEcon",0.0
RiskAversion,AntiTheft,"DrivingSkill,SocioEcon",0.0
RiskAversion,AntiTheft,"DrivingSkill,SocioEcon",0.0
RiskAversion,AntiTheft,"DrivingSkill,SocioEcon",0.0
RiskAversion,AntiTheft,"DrivingSkill,SocioEcon",0.0
RiskAversion,AntiTheft,"DrivingSkill,SocioEcon",0.0
RiskAversion,AntiTheft,"DrivingSkill,SocioEcon",0.0
RiskAversion,AntiTheft,"DrivingSkill,SocioEcon",0.0
RiskAversion,AntiTheft,"DrivingSkill,SocioEcon",0.0
RiskAversion,DrivHist,"DrivingSkill,SocioEcon",5.424923686790212e-250
RiskAversion,DrivHist,"DrivingSkill,SocioEcon",5.424923686790212e-250
RiskAversion,DrivHist,"DrivingSkill,SocioEcon",5.424923686790212e-250
RiskAversion,DrivHist,"DrivingSkill,SocioEcon",5.424923686790212e-250
RiskAversion,DrivHist,"DrivingSkill,SocioEcon",5.424923686790212e-250
RiskAversion,DrivHist,"DrivingSkill,SocioEcon",5.424923686790212e-250
RiskAversion,DrivHist,"DrivingSkill,SocioEcon",5.424923686790212e-250
RiskAversion,DrivHist,"DrivingSkill,SocioEcon",5.424923686790212e-250
RiskAversion,DrivHist,"DrivingSkill,SocioEcon",5.424923686790212e-250
RiskAversion,DrivHist,"DrivingSkill,SocioEcon",5.424923686790212e-250
RiskAversion,DrivHist,"DrivingSkill,SocioEcon",5.424923686790212e-250
RiskAversion,DrivHist,"DrivingSkill,SocioEcon",5.424923686790212e-250
RiskAversion,DrivHist,"DrivingSkill,SocioEcon",5.424923686790212e-250
RiskAversion,DrivHist,"DrivingSkill,SocioEcon",5.424923686790212e-250
RiskAversion,DrivHist,"DrivingSkill,SocioEcon",5.424923686790212e-250
RiskAversion,DrivHist,"DrivingSkill,SocioEcon",5.424923686790212e-250
RiskAversion,DrivHist,"DrivingSkill,SocioEcon",5.424923686790212e-250
RiskAversion,DrivHist,"DrivingSkill,SocioEcon",5.424923686790212e-250
RiskAversion,DrivHist,"DrivingSkill,SocioEcon",5.424923686790212e-250
RiskAversion,DrivHist,"DrivingSkill,SocioEcon",5.424923686790212e-250
RiskAversion,DrivHist,"DrivingSkill,SocioEcon",5.424923686790212e-250
VehicleYear,RuggedAuto,"Antilock,SocioEcon",9.378937852460349e-33
VehicleYear,RuggedAuto,"Antilock,SocioEcon",9.378937852460349e-33
VehicleYear,RuggedAuto,"Antilock,SocioEcon",9.378937852460349e-33
VehicleYear,RuggedAuto,"Antilock,SocioEcon",9.378937852460349e-33
VehicleYear,RuggedAuto,"Antilock,SocioEcon",9.378937852460349e-33
VehicleYear,RuggedAuto,"Antilock,SocioEcon",9.378937852460349e-33
VehicleYear,RuggedAuto,"Antilock,SocioEcon",9.378937852460349e-33
VehicleYear,RuggedAuto,"Antilock,SocioEcon",9.378937852460349e-33
VehicleYear,RuggedAuto,"Antilock,SocioEcon",9.378937852460349e-33
VehicleYear,RuggedAuto,"Antilock,SocioEcon",9.378937852460349e-33
VehicleYear,RuggedAuto,"Antilock,SocioEcon",9.378937852460349e-33
VehicleYear,RuggedAuto,"Antilock,SocioEcon",9.378937852460349e-33
VehicleYear,RuggedAuto,"Antilock,SocioEcon",9.378937852460349e-33
VehicleYear,RuggedAuto,"Antilock,SocioEcon",9.378937852460349e-33
VehicleYear,RuggedAuto,"Antilock,SocioEcon",9.378937852460349e-33
VehicleYear,Antilock,"RuggedAuto,SocioEcon",1.5741647014149332e-156
VehicleYear,Antilock,"RuggedAuto,SocioEcon",1.5741647014149332e-156
VehicleYear,Antilock,"RuggedAuto,SocioEcon",1.5741647014149332e-156
VehicleYear,Antilock,"RuggedAuto,SocioEcon",1.5741647014149332e-156
VehicleYear,Antilock,"RuggedAuto,SocioEcon",1.5741647014149332e-156
VehicleYear,Antilock,"RuggedAuto,SocioEcon",1.5741647014149332e-156
VehicleYear,Antilock,"RuggedAuto,SocioEcon",1.5741647014149332e-156
VehicleYear,Antilock,"RuggedAuto,SocioEcon",1.5741647014149332e-156
VehicleYear,Antilock,"RuggedAuto,SocioEcon",1.5741647014149332e-156
VehicleYear,Antilock,"RuggedAuto,SocioEcon",1.5741647014149332e-156
VehicleYear,Antilock,"RuggedAuto,SocioEcon",1.5741647014149332e-156
VehicleYear,Antilock,"RuggedAuto,SocioEcon",1.5741647014149332e-156
VehicleYear,Antilock,"RuggedAuto,SocioEcon",1.5741647014149332e-156
VehicleYear,Antilock,"RuggedAuto,SocioEcon",1.5741647014149332e-156
VehicleYear,Antilock,"RuggedAuto,SocioEcon",1.5741647014149332e-156
VehicleYear,ThisCarCost,"CarValue,SocioEcon",0.5924470627825151
VehicleYear,ThisCarCost,"CarValue,SocioEcon",0.5924470627825151
VehicleYear,ThisCarCost,"CarValue,SocioEcon",0.5924470627825151
VehicleYear,ThisCarCost,"CarValue,SocioEcon",0.5924470627825151
VehicleYear,ThisCarCost,"CarValue,SocioEcon",0.5924470627825151
VehicleYear,ThisCarCost,"CarValue,SocioEcon",0.5924470627825151
VehicleYear,ThisCarCost,"CarValue,SocioEcon",0.5924470627825151
VehicleYear,ThisCarCost,"CarValue,SocioEcon",0.5924470627825151
VehicleYear,CarValue,"RuggedAuto,SocioEcon",0.0
VehicleYear,CarValue,"RuggedAuto,SocioEcon",0.0
VehicleYear,CarValue,"RuggedAuto,SocioEcon",0.0
VehicleYear,CarValue,"RuggedAuto,SocioEcon",0.0
VehicleYear,CarValue,"RuggedAuto,SocioEcon",0.0
VehicleYear,CarValue,"RuggedAuto,SocioEcon",0.0
VehicleYear,CarValue,"RuggedAuto,SocioEcon",0.0
VehicleYear,CarValue,"RuggedAuto,SocioEcon",0.0
VehicleYear,CarValue,"RuggedAuto,SocioEcon",0.0
VehicleYear,CarValue,"RuggedAuto,SocioEcon",0.0
VehicleYear,CarValue,"RuggedAuto,SocioEcon",0.0
VehicleYear,CarValue,"RuggedAuto,SocioEcon",0.0
VehicleYear,CarValue,"RuggedAuto,SocioEcon",0.0
VehicleYear,CarValue,"RuggedAuto,SocioEcon",0.0
VehicleYear,CarValue,"RuggedAuto,SocioEcon",0.0
VehicleYear,Cushioning,"RuggedAuto,SocioEcon",1.4644625589702565e-141
VehicleYear,Cushioning,"RuggedAuto,SocioEcon",1.4644625589702565e-141
VehicleYear,Cushioning,"RuggedAuto,SocioEcon",1.4644625589702565e-141
VehicleYear,Cushioning,"RuggedAuto,SocioEcon",1.4644625589702565e-141
VehicleYear,Cushioning,"RuggedAuto,SocioEcon",1.4644625589702565e-141
VehicleYear,Cushioning,"RuggedAuto,SocioEcon",1.4644625589702565e-141
VehicleYear,Cushioning,"RuggedAuto,SocioEcon",1.4644625589702565e-141
VehicleYear,Cushioning,"RuggedAuto,SocioEcon",1.4644625589702565e-141
VehicleYear,Cushioning,"RuggedAuto,SocioEcon",1.4644625589702565e-141
VehicleYear,Cushioning,"RuggedAuto,SocioEcon",1.4644625589702565e-141
VehicleYear,Cushioning,"RuggedAuto,SocioEcon",1.4644625589702565e-141
VehicleYear,Cushioning,"RuggedAuto,SocioEcon",1.4644625589702565e-141
VehicleYear,Cushioning,"RuggedAuto,SocioEcon",1.4644625589702565e-141
VehicleYear,Cushioning,"RuggedAuto,SocioEcon",1.4644625589702565e-141
VehicleYear,Cushioning,"RuggedAuto,SocioEcon",1.4644625589702565e-141
VehicleYear,Airbag,"RuggedAuto,SocioEcon",0.0
VehicleYear,Airbag,"RuggedAuto,SocioEcon",0.0
VehicleYear,Airbag,"RuggedAuto,SocioEcon",0.0
VehicleYear,Airbag,"RuggedAuto,SocioEcon",0.0
VehicleYear,Airbag,"RuggedAuto,SocioEcon",0.0
VehicleYear,Airbag,"RuggedAuto,SocioEcon",0.0
VehicleYear,Airbag,"RuggedAuto,SocioEcon",0.0
VehicleYear,Airbag,"RuggedAuto,SocioEcon",0.0
VehicleYear,Airbag,"RuggedAuto,SocioEcon",0.0
VehicleYear,Airbag,"RuggedAuto,SocioEcon",0.0
VehicleYear,Airbag,"RuggedAuto,SocioEcon",0.0
VehicleYear,Airbag,"RuggedAuto,SocioEcon",0.0
VehicleYear,Airbag,"RuggedAuto,SocioEcon",0.0
VehicleYear,Airbag,"RuggedAuto,SocioEcon",0.0
VehicleYear,Airbag,"RuggedAuto,SocioEcon",0.0
ThisCarDam,RuggedAuto,"MedCost,ThisCarCost",0.6449987662936119
ThisCarDam,Accident,"ILiCost,RuggedAuto",0.0
ThisCarDam,Accident,"ILiCost,RuggedAuto",0.0
ThisCarDam,Accident,"ILiCost,RuggedAuto",0.0
ThisCarDam,Accident,"ILiCost,RuggedAuto",0.0
ThisCarDam,Accident,"ILiCost,RuggedAuto",0.0
ThisCarDam,Accident,"ILiCost,RuggedAuto",0.0
ThisCarDam,Accident,"ILiCost,RuggedAuto",0.0
ThisCarDam,Accident,"ILiCost,RuggedAuto",0.0
ThisCarDam,Accident,"ILiCost,RuggedAuto",0.0
ThisCarDam,Accident,"ILiCost,RuggedAuto",0.0
ThisCarDam,Accident,"ILiCost,RuggedAuto",0.0
ThisCarDam,Accident,"ILiCost,RuggedAuto",0.0
ThisCarDam,Accident,"ILiCost,RuggedAuto",0.0
ThisCarDam,Accident,"ILiCost,RuggedAuto",0.0
ThisCarDam,Accident,"ILiCost,RuggedAuto",0.0
ThisCarDam,ThisCarCost,"Accident,ILiCost",2.366132324189835e-289
ThisCarDam,ThisCarCost,"Accident,ILiCost",2.366132324189835e-289
ThisCarDam,ThisCarCost,"Accident,ILiCost",2.366132324189835e-289
ThisCarDam,ThisCarCost,"Accident,ILiCost",2.366132324189835e-289
ThisCarDam,ThisCarCost,"Accident,ILiCost",2.366132324189835e-289
ThisCarDam,ThisCarCost,"Accident,ILiCost",2.366132324189835e-289
ThisCarDam,ThisCarCost,"Accident,ILiCost",2.366132324189835e-289
ThisCarDam,ThisCarCost,"Accident,ILiCost",2.366132324189835e-289
ThisCarDam,ThisCarCost,"Accident,ILiCost",2.366132324189835e-289
ThisCarDam,ThisCarCost,"Accident,ILiCost",2.366132324189835e-289
ThisCarDam,ThisCarCost,"Accident,ILiCost",2.366132324189835e-289
ThisCarDam,ThisCarCost,"Accident,ILiCost",2.366132324189835e-289
ThisCarDam,ThisCarCost,"Accident,ILiCost",2.366132324189835e-289
ThisCarDam,ThisCarCost,"Accident,ILiCost",2.366132324189835e-289
ThisCarDam,ThisCarCost,"Accident,ILiCost",2.366132324189835e-289
ThisCarDam,PropCost,"OtherCarCost,ThisCarCost",0.2038466400921832
ThisCarDam,PropCost,"OtherCarCost,ThisCarCost",0.2038466400921832
ThisCarDam,OtherCarCost,"Accident,ILiCost",0.00016966595424465055
ThisCarDam,OtherCarCost,"Accident,ILiCost",0.00016966595424465055
ThisCarDam,OtherCarCost,"Accident,ILiCost",0.00016966595424465055
ThisCarDam,OtherCarCost,"Accident,ILiCost",0.00016966595424465055
ThisCarDam,OtherCarCost,"Accident,ILiCost",0.00016966595424465055
ThisCarDam,OtherCarCost,"Accident,ILiCost",0.00016966595424465055
ThisCarDam,OtherCarCost,"Accident,ILiCost",0.00016966595424465055
ThisCarDam,OtherCarCost,"Accident,ILiCost",0.00016966595424465055
ThisCarDam,OtherCarCost,"Accident,ILiCost",0.00016966595424465055
ThisCarDam,OtherCarCost,"Accident,ILiCost",0.00016966595424465055
ThisCarDam,OtherCarCost,"Accident,ILiCost",0.00016966595424465055
ThisCarDam,OtherCarCost,"Accident,ILiCost",0.00016966595424465055
ThisCarDam,OtherCarCost,"Accident,ILiCost",0.00016966595424465055
ThisCarDam,OtherCarCost,"Accident,ILiCost",0.00016966595424465055
ThisCarDam,OtherCarCost,"Accident,ILiCost",0.00016966595424465055
ThisCarDam,MedCost,"Accident,ILiCost",3.3061757879732383e-08
ThisCarDam,MedCost,"Accident,ILiCost",3.3061757879732383e-08
ThisCarDam,MedCost,"Accident,ILiCost",3.3061757879732383e-08
ThisCarDam,MedCost,"Accident,ILiCost",3.3061757879732383e-08
ThisCarDam,MedCost,"Accident,ILiCost",3.3061757879732383e-08
ThisCarDam,MedCost,"Accident,ILiCost",3.3061757879732383e-08
ThisCarDam,MedCost,"Accident,ILiCost",3.3061757879732383e-08
ThisCarDam,MedCost,"Accident,ILiCost",3.3061757879732383e-08
ThisCarDam,MedCost,"Accident,ILiCost",3.3061757879732383e-08
ThisCarDam,MedCost,"Accident,ILiCost",3.3061757879732383e-08
ThisCarDam,MedCost,"Accident,ILiCost",3.3061757879732383e-08
ThisCarDam,MedCost,"Accident,ILiCost",3.3061757879732383e-08
ThisCarDam,MedCost,"Accident,ILiCost",3.3061757879732383e-08
ThisCarDam,MedCost,"Accident,ILiCost",3.3061757879732383e-08
ThisCarDam,MedCost,"Accident,ILiCost",3.3061757879732383e-08
ThisCarDam,ILiCost,"Accident,RuggedAuto",3.2609959869837757e-07
ThisCarDam,ILiCost,"Accident,RuggedAuto",3.2609959869837757e-07
ThisCarDam,ILiCost,"Accident,RuggedAuto",3.2609959869837757e-07
ThisCarDam,ILiCost,"Accident,RuggedAuto",3.2609959869837757e-07
ThisCarDam,ILiCost,"Accident,RuggedAuto",3.2609959869837757e-07
ThisCarDam,ILiCost,"Accident,RuggedAuto",3.2609959869837757e-07
ThisCarDam,ILiCost,"Accident,RuggedAuto",3.2609959869837757e-07
ThisCarDam,ILiCost,"Accident,RuggedAuto",3.2609959869837757e-07
ThisCarDam,ILiCost,"Accident,RuggedAuto",3.2609959869837757e-07
ThisCarDam,ILiCost,"Accident,RuggedAuto",3.2609959869837757e-07
ThisCarDam,ILiCost,"Accident,RuggedAuto",3.2609959869837757e-07
ThisCarDam,ILiCost,"Accident,RuggedAuto",3.2609959869837757e-07
ThisCarDam,ILiCost,"Accident,RuggedAuto",3.2609959869837757e-07
ThisCarDam,ILiCost,"Accident,RuggedAuto",3.2609959869837757e-07
ThisCarDam,ILiCost,"Accident,RuggedAuto",3.2609959869837757e-07
RuggedAuto,Accident,"MakeModel,OtherCarCost",0.6259659168682755
RuggedAuto,Accident,"MakeModel,OtherCarCost",0.6259659168682755
RuggedAuto,Accident,"MakeModel,OtherCarCost",0.6259659168682755
RuggedAuto,Accident,"MakeModel,OtherCarCost",0.6259659168682755
RuggedAuto,MakeModel,"Accident,PropCost",0.0
RuggedAuto,MakeModel,"Accident,PropCost",0.0
RuggedAuto,MakeModel,"Accident,PropCost",0.0
RuggedAuto,MakeModel,"Accident,PropCost",0.0
RuggedAuto,MakeModel,"Accident,PropCost",0.0
RuggedAuto,MakeModel,"Accident,PropCost",0.0
RuggedAuto,MakeModel,"Accident,PropCost",0.0
RuggedAuto,MakeModel,"Accident,PropCost",0.0
RuggedAuto,MakeModel,"Accident,PropCost",0.0
RuggedAuto,MakeModel,"Accident,PropCost",0.0
RuggedAuto,MakeModel,"Accident,PropCost",0.0
RuggedAuto,MakeModel,"Accident,PropCost",0.0
RuggedAuto,MakeModel,"Accident,PropCost",0.0
RuggedAuto,MakeModel,"Accident,PropCost",0.0
RuggedAuto,MakeModel,"Accident,PropCost",0.0
RuggedAuto,MakeModel,"Accident,PropCost",0.0
RuggedAuto,MakeModel,"Accident,PropCost",0.0
RuggedAuto,MakeModel,"Accident,PropCost",0.0
RuggedAuto,MakeModel,"Accident,PropCost",0.0
RuggedAuto,MakeModel,"Accident,PropCost",0.0
RuggedAuto,MakeModel,"Accident,PropCost",0.0
RuggedAuto,MakeModel,"Accident,PropCost",0.0
RuggedAuto,MakeModel,"Accident,PropCost",0.0
RuggedAuto,MakeModel,"Accident,PropCost",0.0
RuggedAuto,MakeModel,"Accident,PropCost",0.0
RuggedAuto,MakeModel,"Accident,PropCost",0.0
RuggedAuto,MakeModel,"Accident,PropCost",0.0
RuggedAuto,MakeModel,"Accident,PropCost",0.0
RuggedAuto,MakeModel,"Accident,PropCost",0.0
RuggedAuto,MakeModel,"Accident,PropCost",0.0
RuggedAuto,MakeModel,"Accident,PropCost",0.0
RuggedAuto,MakeModel,"Accident,PropCost",0.0
RuggedAuto,MakeModel,"Accident,PropCost",0.0
RuggedAuto,MakeModel,"Accident,PropCost",0.0
RuggedAuto,MakeModel,"Accident,PropCost",0.0
RuggedAuto,MakeModel,"Accident,PropCost",0.0
RuggedAuto,MakeModel,"Accident,PropCost",0.0
RuggedAuto,MakeModel,"Accident,PropCost",0.0
RuggedAuto,MakeModel,"Accident,PropCost",0.0
RuggedAuto,MakeModel,"Accident,PropCost",0.0
RuggedAuto,MakeModel,"Accident,PropCost",0.0
RuggedAuto,MakeModel,"Accident,PropCost",0.0
RuggedAuto,MakeModel,"Accident,PropCost",0.0
RuggedAuto,MakeModel,"Accident,PropCost",0.0
RuggedAuto,MakeModel,"Accident,PropCost",0.0
RuggedAuto,MakeModel,"Accident,PropCost",0.0
RuggedAuto,MakeModel,"Accident,PropCost",0.0
RuggedAuto,MakeModel,"Accident,PropCost",0.0
RuggedAuto,MakeModel,"Accident,PropCost",0.0
RuggedAuto,MakeModel,"Accident,PropCost",0.0
RuggedAuto,MakeModel,"Accident,PropCost",0.0
RuggedAuto,MakeModel,"Accident,PropCost",0.0
RuggedAuto,MakeModel,"Accident,PropCost",0.0
RuggedAuto,MakeModel,"Accident,PropCost",0.0
RuggedAuto,MakeModel,"Accident,PropCost",0.0
RuggedAuto,MakeModel,"Accident,PropCost",0.0
RuggedAuto,MakeModel,"Accident,PropCost",0.0
RuggedAuto,MakeModel,"Accident,PropCost",0.0
RuggedAuto,MakeModel,"Accident,PropCost",0.0
RuggedAuto,MakeModel,"Accident,PropCost",0.0
RuggedAuto,MakeModel,"Accident,PropCost",0.0
RuggedAuto,MakeModel,"Accident,PropCost",0.0
RuggedAuto,MakeModel,"Accident,PropCost",0.0
RuggedAuto,MakeModel,"Accident,PropCost",0.0
RuggedAuto,MakeModel,"Accident,PropCost",0.0
RuggedAuto,MakeModel,"Accident,PropCost",0.0
RuggedAuto,Antilock,"CarValue,MakeModel",0.10184666538582965
RuggedAuto,Antilock,"CarValue,MakeModel",0.10184666538582965
RuggedAuto,Antilock,"CarValue,MakeModel",0.10184666538582965
RuggedAuto,Antilock,"CarValue,MakeModel",0.10184666538582965
RuggedAuto,Antilock,"CarValue,MakeModel",0.10184666538582965
RuggedAuto,Antilock,"CarValue,MakeModel",0.10184666538582965
RuggedAuto,Antilock,"CarValue,MakeModel",0.10184666538582965
RuggedAuto,ThisCarCost,"CarValue,ThisCarDam",0.9999955438840787
RuggedAuto,ThisCarCost,"CarValue,ThisCarDam",0.9999955438840787
RuggedAuto,ThisCarCost,"CarValue,ThisCarDam",0.9999955438840787
RuggedAuto,ThisCarCost,"CarValue,ThisCarDam",0.9999955438840787
RuggedAuto,ThisCarCost,"CarValue,ThisCarDam",0.9999955438840787
RuggedAuto,ThisCarCost,"CarValue,ThisCarDam",0.9999955438840787
RuggedAuto,ThisCarCost,"CarValue,ThisCarDam",0.9999955438840787
RuggedAuto,ThisCarCost,"CarValue,ThisCarDam",0.9999955438840787
RuggedAuto,ThisCarCost,"CarValue,ThisCarDam",0.9999955438840787
RuggedAuto,ThisCarCost,"CarValue,ThisCarDam",0.9999955438840787
RuggedAuto,ThisCarCost,"CarValue,ThisCarDam",0.9999955438840787
RuggedAuto,ThisCarCost,"CarValue,ThisCarDam",0.9999955438840787
RuggedAuto,ThisCarCost,"CarValue,ThisCarDam",0.9999955438840787
RuggedAuto,ThisCarCost,"CarValue,ThisCarDam",0.9999955438840787
RuggedAuto,ThisCarCost,"CarValue,ThisCarDam",0.9999955438840787
RuggedAuto,ThisCarCost,"CarValue,ThisCarDam",0.9999955438840787
RuggedAuto,CarValue,"MakeModel,VehicleYear",0.15126225384892036
RuggedAuto,CarValue,"MakeModel,VehicleYear",0.15126225384892036
RuggedAuto,CarValue,"MakeModel,VehicleYear",0.15126225384892036
RuggedAuto,CarValue,"MakeModel,VehicleYear",0.15126225384892036
RuggedAuto,CarValue,"MakeModel,VehicleYear",0.15126225384892036
RuggedAuto,CarValue,"MakeModel,VehicleYear",0.15126225384892036
RuggedAuto,PropCost,"Cushioning,MakeModel",0.36945322493232613
RuggedAuto,PropCost,"Cushioning,MakeModel",0.36945322493232613
RuggedAuto,PropCost,"Cushioning,MakeModel",0.36945322493232613
RuggedAuto,PropCost,"Cushioning,MakeModel",0.36945322493232613
RuggedAuto,PropCost,"Cushioning,MakeModel",0.36945322493232613
RuggedAuto,OtherCarCost,"Accident,PropCost",1.481399833706918e-24
RuggedAuto,OtherCarCost,"Accident,PropCost",1.481399833706918e-24
RuggedAuto,OtherCarCost,"Accident,PropCost",1.481399833706918e-24
RuggedAuto,OtherCarCost,"Accident,PropCost",1.481399833706918e-24
RuggedAuto,OtherCarCost,"Accident,PropCost",1.481399833706918e-24
RuggedAuto,OtherCarCost,"Accident,PropCost",1.481399833706918e-24
RuggedAuto,OtherCarCost,"Accident,PropCost",1.481399833706918e-24
RuggedAuto,OtherCarCost,"Accident,PropCost",1.481399833706918e-24
RuggedAuto,OtherCarCost,"Accident,PropCost",1.481399833706918e-24
RuggedAuto,OtherCarCost,"Accident,PropCost",1.481399833706918e-24
RuggedAuto,OtherCarCost,"Accident,PropCost",1.481399833706918e-24
RuggedAuto,OtherCarCost,"Accident,PropCost",1.481399833706918e-24
RuggedAuto,OtherCarCost,"Accident,PropCost",1.481399833706918e-24
RuggedAuto,OtherCarCost,"Accident,PropCost",1.481399833706918e-24
RuggedAuto,OtherCarCost,"Accident,PropCost",1.481399833706918e-24
RuggedAuto,OtherCarCost,"Accident,PropCost",1.481399833706918e-24
RuggedAuto,OtherCarCost,"Accident,PropCost",1.481399833706918e-24
RuggedAuto,OtherCarCost,"Accident,PropCost",1.481399833706918e-24
RuggedAuto,OtherCarCost,"Accident,PropCost",1.481399833706918e-24
RuggedAuto,OtherCarCost,"Accident,PropCost",1.481399833706918e-24
RuggedAuto,OtherCarCost,"Accident,PropCost",1.481399833706918e-24
RuggedAuto,OtherCarCost,"Accident,PropCost",1.481399833706918e-24
RuggedAuto,OtherCarCost,"Accident,PropCost",1.481399833706918e-24
RuggedAuto,OtherCarCost,"Accident,PropCost",1.481399833706918e-24
RuggedAuto,OtherCarCost,"Accident,PropCost",1.481399833706918e-24
RuggedAuto,OtherCarCost,"Accident,PropCost",1.481399833706918e-24
RuggedAuto,OtherCarCost,"Accident,PropCost",1.481399833706918e-24
RuggedAuto,OtherCarCost,"Accident,PropCost",1.481399833706918e-24
RuggedAuto,OtherCarCost,"Accident,PropCost",1.481399833706918e-24
RuggedAuto,OtherCarCost,"Accident,PropCost",1.481399833706918e-24
RuggedAuto,OtherCarCost,"Accident,PropCost",1.481399833706918e-24
RuggedAuto,OtherCarCost,"Accident,PropCost",1.481399833706918e-24
RuggedAuto,OtherCarCost,"Accident,PropCost",1.481399833706918e-24
RuggedAuto,OtherCarCost,"Accident,PropCost",1.481399833706918e-24
RuggedAuto,OtherCarCost,"Accident,PropCost",1.481399833706918e-24
RuggedAuto,OtherCarCost,"Accident,PropCost",1.481399833706918e-24
RuggedAuto,OtherCarCost,"Accident,PropCost",1.481399833706918e-24
RuggedAuto,OtherCarCost,"Accident,PropCost",1.481399833706918e-24
RuggedAuto,OtherCarCost,"Accident,PropCost",1.481399833706918e-24
RuggedAuto,OtherCarCost,"Accident,PropCost",1.481399833706918e-24
RuggedAuto,OtherCarCost,"Accident,PropCost",1.481399833706918e-24
RuggedAuto,OtherCarCost,"Accident,PropCost",1.481399833706918e-24
RuggedAuto,OtherCarCost,"Accident,PropCost",1.481399833706918e-24
RuggedAuto,OtherCarCost,"Accident,PropCost",1.481399833706918e-24
RuggedAuto,OtherCarCost,"Accident,PropCost",1.481399833706918e-24
RuggedAuto,OtherCarCost,"Accident,PropCost",1.481399833706918e-24
RuggedAuto,OtherCarCost,"Accident,PropCost",1.481399833706918e-24
RuggedAuto,OtherCarCost,"Accident,PropCost",1.481399833706918e-24
RuggedAuto,OtherCarCost,"Accident,PropCost",1.481399833706918e-24
RuggedAuto,OtherCarCost,"Accident,PropCost",1.481399833706918e-24
RuggedAuto,OtherCarCost,"Accident,PropCost",1.481399833706918e-24
RuggedAuto,OtherCarCost,"Accident,PropCost",1.481399833706918e-24
RuggedAuto,OtherCarCost,"Accident,PropCost",1.481399833706918e-24
RuggedAuto,OtherCarCost,"Accident,PropCost",1.481399833706918e-24
RuggedAuto,OtherCarCost,"Accident,PropCost",1.481399833706918e-24
RuggedAuto,OtherCarCost,"Accident,PropCost",1.481399833706918e-24
RuggedAuto,OtherCarCost,"Accident,PropCost",1.481399833706918e-24
RuggedAuto,OtherCarCost,"Accident,PropCost",1.481399833706918e-24
RuggedAuto,OtherCarCost,"Accident,PropCost",1.481399833706918e-24
RuggedAuto,OtherCarCost,"Accident,PropCost",1.481399833706918e-24
RuggedAuto,OtherCarCost,"Accident,PropCost",1.481399833706918e-24
RuggedAuto,OtherCarCost,"Accident,PropCost",1.481399833706918e-24
RuggedAuto,OtherCarCost,"Accident,PropCost",1.481399833706918e-24
RuggedAuto,OtherCarCost,"Accident,PropCost",1.481399833706918e-24
RuggedAuto,OtherCarCost,"Accident,PropCost",1.481399833706918e-24
RuggedAuto,OtherCarCost,"Accident,PropCost",1.481399833706918e-24
RuggedAuto,MedCost,"Cushioning,MakeModel",0.12864126837004494
RuggedAuto,MedCost,"Cushioning,MakeModel",0.12864126837004494
RuggedAuto,MedCost,"Cushioning,MakeModel",0.12864126837004494
RuggedAuto,MedCost,"Cushioning,MakeModel",0.12864126837004494
RuggedAuto,Cushioning,"Accident,PropCost",0.0
RuggedAuto,Cushioning,"Accident,PropCost",0.0
RuggedAuto,Cushioning,"Accident,PropCost",0.0
RuggedAuto,Cushioning,"Accident,PropCost",0.0
RuggedAuto,Cushioning,"Accident,PropCost",0.0
RuggedAuto,Cushioning,"Accident,PropCost",0.0
RuggedAuto,Cushioning,"Accident,PropCost",0.0
RuggedAuto,Cushioning,"Accident,PropCost",0.0
RuggedAuto,Cushioning,"Accident,PropCost",0.0
RuggedAuto,Cushioning,"Accident,PropCost",0.0
RuggedAuto,Cushioning,"Accident,PropCost",0.0
RuggedAuto,Cushioning,"Accident,PropCost",0.0
RuggedAuto,Cushioning,"Accident,PropCost",0.0
RuggedAuto,Cushioning,"Accident,PropCost",0.0
RuggedAuto,Cushioning,"Accident,PropCost",0.0
RuggedAuto,Cushioning,"Accident,PropCost",0.0
RuggedAuto,Cushioning,"Accident,PropCost",0.0
RuggedAuto,Cushioning,"Accident,PropCost",0.0
RuggedAuto,Cushioning,"Accident,PropCost",0.0
RuggedAuto,Cushioning,"Accident,PropCost",0.0
RuggedAuto,Cushioning,"Accident,PropCost",0.0
RuggedAuto,Cushioning,"Accident,PropCost",0.0
RuggedAuto,Cushioning,"Accident,PropCost",0.0
RuggedAuto,Cushioning,"Accident,PropCost",0.0
RuggedAuto,Cushioning,"Accident,PropCost",0.0
RuggedAuto,Cushioning,"Accident,PropCost",0.0
RuggedAuto,Cushioning,"Accident,PropCost",0.0
RuggedAuto,Cushioning,"Accident,PropCost",0.0
RuggedAuto,Cushioning,"Accident,PropCost",0.0
RuggedAuto,Cushioning,"Accident,PropCost",0.0
RuggedAuto,Cushioning,"Accident,PropCost",0.0
RuggedAuto,Cushioning,"Accident,PropCost",0.0
RuggedAuto,Cushioning,"Accident,PropCost",0.0
RuggedAuto,Cushioning,"Accident,PropCost",0.0
RuggedAuto,Cushioning,"Accident,PropCost",0.0
RuggedAuto,Cushioning,"Accident,PropCost",0.0
RuggedAuto,Cushioning,"Accident,PropCost",0.0
RuggedAuto,Cushioning,"Accident,PropCost",0.0
RuggedAuto,Cushioning,"Accident,PropCost",0.0
RuggedAuto,Cushioning,"Accident,PropCost",0.0
RuggedAuto,Cushioning,"Accident,PropCost",0.0
RuggedAuto,Cushioning,"Accident,PropCost",0.0
RuggedAuto,Cushioning,"Accident,PropCost",0.0
RuggedAuto,Cushioning,"Accident,PropCost",0.0
RuggedAuto,Cushioning,"Accident,PropCost",0.0
RuggedAuto,Cushioning,"Accident,PropCost",0.0
RuggedAuto,Cushioning,"Accident,PropCost",0.0
RuggedAuto,Cushioning,"Accident,PropCost",0.0
RuggedAuto,Cushioning,"Accident,PropCost",0.0
RuggedAuto,Cushioning,"Accident,PropCost",0.0
RuggedAuto,Cushioning,"Accident,PropCost",0.0
RuggedAuto,Cushioning,"Accident,PropCost",0.0
RuggedAuto,Cushioning,"Accident,PropCost",0.0
RuggedAuto,Cushioning,"Accident,PropCost",0.0
RuggedAuto,Cushioning,"Accident,PropCost",0.0
RuggedAuto,Cushioning,"Accident,PropCost",0.0
RuggedAuto,Cushioning,"Accident,PropCost",0.0
RuggedAuto,Cushioning,"Accident,PropCost",0.0
RuggedAuto,Cushioning,"Accident,PropCost",0.0
RuggedAuto,Cushioning,"Accident,PropCost",0.0
RuggedAuto,Cushioning,"Accident,PropCost",0.0
RuggedAuto,Cushioning,"Accident,PropCost",0.0
RuggedAuto,Cushioning,"Accident,PropCost",0.0
RuggedAuto,Cushioning,"Accident,PropCost",0.0
RuggedAuto,Cushioning,"Accident,PropCost",0.0
RuggedAuto,Cushioning,"Accident,PropCost",0.0
RuggedAuto,Airbag,"MakeModel,VehicleYear",0.1443824763480251
RuggedAuto,Airbag,"MakeModel,VehicleYear",0.1443824763480251
RuggedAuto,Airbag,"MakeModel,VehicleYear",0.1443824763480251
RuggedAuto,Airbag,"MakeModel,VehicleYear",0.1443824763480251
RuggedAuto,Airbag,"MakeModel,VehicleYear",0.1443824763480251
RuggedAuto,Airbag,"MakeModel,VehicleYear",0.1443824763480251
Accident,MakeModel,"MedCost,OtherCarCost",0.17644113156345456
Accident,MakeModel,"MedCost,OtherCarCost",0.17644113156345456
Accident,MakeModel,"MedCost,OtherCarCost",0.17644113156345456
Accident,MakeModel,"MedCost,OtherCarCost",0.17644113156345456
Accident,MakeModel,"MedCost,OtherCarCost",0.17644113156345456
Accident,MakeModel,"MedCost,OtherCarCost",0.17644113156345456
Accident,MakeModel,"MedCost,OtherCarCost",0.17644113156345456
Accident,MakeModel,"MedCost,OtherCarCost",0.17644113156345456
Accident,MakeModel,"MedCost,OtherCarCost",0.17644113156345456
Accident,DrivQuality,"Mileage,RuggedAuto",1.192275743548529e-21
Accident,DrivQuality,"Mileage,RuggedAuto",1.192275743548529e-21
Accident,DrivQuality,"Mileage,RuggedAuto",1.192275743548529e-21
Accident,DrivQuality,"Mileage,RuggedAuto",1.192275743548529e-21
Accident,DrivQuality,"Mileage,RuggedAuto",1.192275743548529e-21
Accident,DrivQuality,"Mileage,RuggedAuto",1.192275743548529e-21
Accident,DrivQuality,"Mileage,RuggedAuto",1.192275743548529e-21
Accident,DrivQuality,"Mileage,RuggedAuto",1.192275743548529e-21
Accident,DrivQuality,"Mileage,RuggedAuto",1.192275743548529e-21
Accident,DrivQuality,"Mileage,RuggedAuto",1.192275743548529e-21
Accident,DrivQuality,"Mileage,RuggedAuto",1.192275743548529e-21
Accident,DrivQuality,"Mileage,RuggedAuto",1.192275743548529e-21
Accident,DrivQuality,"Mileage,RuggedAuto",1.192275743548529e-21
Accident,DrivQuality,"Mileage,RuggedAuto",1.192275743548529e-21
Accident,DrivQuality,"Mileage,RuggedAuto",1.192275743548529e-21
Accident,DrivQuality,"Mileage,RuggedAuto",1.192275743548529e-21
Accident,DrivQuality,"Mileage,RuggedAuto",1.192275743548529e-21
Accident,DrivQuality,"Mileage,RuggedAuto",1.192275743548529e-21
Accident,DrivQuality,"Mileage,RuggedAuto",1.192275743548529e-21
Accident,DrivQuality,"Mileage,RuggedAuto",1.192275743548529e-21
Accident,DrivQuality,"Mileage,RuggedAuto",1.192275743548529e-21
Accident,DrivQuality,"Mileage,RuggedAuto",1.192275743548529e-21
Accident,DrivQuality,"Mileage,RuggedAuto",1.192275743548529e-21
Accident,DrivQuality,"Mileage,RuggedAuto",1.192275743548529e-21
Accident,DrivQuality,"Mileage,RuggedAuto",1.192275743548529e-21
Accident,DrivQuality,"Mileage,RuggedAuto",1.192275743548529e-21
Accident,DrivQuality,"Mileage,RuggedAuto",1.192275743548529e-21
Accident,DrivQuality,"Mileage,RuggedAuto",1.192275743548529e-21
Accident,DrivQuality,"Mileage,RuggedAuto",1.192275743548529e-21
Accident,DrivQuality,"Mileage,RuggedAuto",1.192275743548529e-21
Accident,DrivQuality,"Mileage,RuggedAuto",1.192275743548529e-21
Accident,DrivQuality,"Mileage,RuggedAuto",1.192275743548529e-21
Accident,DrivQuality,"Mileage,RuggedAuto",1.192275743548529e-21
Accident,DrivQuality,"Mileage,RuggedAuto",1.192275743548529e-21
Accident,DrivQuality,"Mileage,RuggedAuto",1.192275743548529e-21
Accident,DrivQuality,"Mileage,RuggedAuto",1.192275743548529e-21
Accident,Mileage,"MakeModel,ThisCarDam",0.3586504177290949
Accident,Antilock,"ILiCost,ThisCarDam",0.07921410408727296
Accident,Antilock,"ILiCost,ThisCarDam",0.07921410408727296
Accident,Antilock,"ILiCost,ThisCarDam",0.07921410408727296
Accident,Antilock,"ILiCost,ThisCarDam",0.07921410408727296
Accident,Antilock,"ILiCost,ThisCarDam",0.07921410408727296
Accident,Antilock,"ILiCost,ThisCarDam",0.07921410408727296
Accident,Antilock,"ILiCost,ThisCarDam",0.07921410408727296
Accident,Antilock,"ILiCost,ThisCarDam",0.07921410408727296
Accident,Antilock,"ILiCost,ThisCarDam",0.07921410408727296
Accident,Antilock,"ILiCost,ThisCarDam",0.07921410408727296
Accident,Antilock,"ILiCost,ThisCarDam",0.07921410408727296
Accident,PropCost,"Mileage,RuggedAuto",0.0
Accident,PropCost,"Mileage,RuggedAuto",0.0
Accident,PropCost,"Mileage,RuggedAuto",0.0
Accident,PropCost,"Mileage,RuggedAuto",0.0
Accident,PropCost,"Mileage,RuggedAuto",0.0
Accident,PropCost,"Mileage,RuggedAuto",0.0
Accident,PropCost,"Mileage,RuggedAuto",0.0
Accident,PropCost,"Mileage,RuggedAuto",0.0
Accident,PropCost,"Mileage,RuggedAuto",0.0
Accident,PropCost,"Mileage,RuggedAuto",0.0
Accident,PropCost,"Mileage,RuggedAuto",0.0
Accident,PropCost,"Mileage,RuggedAuto",0.0
Accident,PropCost,"Mileage,RuggedAuto",0.0
Accident,PropCost,"Mileage,RuggedAuto",0.0
Accident,PropCost,"Mileage,RuggedAuto",0.0
Accident,PropCost,"Mileage,RuggedAuto",0.0
Accident,PropCost,"Mileage,RuggedAuto",0.0
Accident,PropCost,"Mileage,RuggedAuto",0.0
Accident,PropCost,"Mileage,RuggedAuto",0.0
Accident,PropCost,"Mileage,RuggedAuto",0.0
Accident,PropCost,"Mileage,RuggedAuto",0.0
Accident,PropCost,"Mileage,RuggedAuto",0.0
Accident,PropCost,"Mileage,RuggedAuto",0.0
Accident,PropCost,"Mileage,RuggedAuto",0.0
Accident,PropCost,"Mileage,RuggedAuto",0.0
Accident,PropCost,"Mileage,RuggedAuto",0.0
Accident,PropCost,"Mileage,RuggedAuto",0.0
Accident,PropCost,"Mileage,RuggedAuto",0.0
Accident,PropCost,"Mileage,RuggedAuto",0.0
Accident,PropCost,"Mileage,RuggedAuto",0.0
Accident,PropCost,"Mileage,RuggedAuto",0.0
Accident,PropCost,"Mileage,RuggedAuto",0.0
Accident,PropCost,"Mileage,RuggedAuto",0.0
Accident,PropCost,"Mileage,RuggedAuto",0.0
Accident,PropCost,"Mileage,RuggedAuto",0.0
Accident,PropCost,"Mileage,RuggedAuto",0.0
Accident,OtherCarCost,"Mileage,RuggedAuto",0.0
Accident,OtherCarCost,"Mileage,RuggedAuto",0.0
Accident,OtherCarCost,"Mileage,RuggedAuto",0.0
Accident,OtherCarCost,"Mileage,RuggedAuto",0.0
Accident,OtherCarCost,"Mileage,RuggedAuto",0.0
Accident,OtherCarCost,"Mileage,RuggedAuto",0.0
Accident,OtherCarCost,"Mileage,RuggedAuto",0.0
Accident,OtherCarCost,"Mileage,RuggedAuto",0.0
Accident,OtherCarCost,"Mileage,RuggedAuto",0.0
Accident,OtherCarCost,"Mileage,RuggedAuto",0.0
Accident,OtherCarCost,"Mileage,RuggedAuto",0.0
Accident,OtherCarCost,"Mileage,RuggedAuto",0.0
Accident,OtherCarCost,"Mileage,RuggedAuto",0.0
Accident,OtherCarCost,"Mileage,RuggedAuto",0.0
Accident,OtherCarCost,"Mileage,RuggedAuto",0.0
Accident,OtherCarCost,"Mileage,RuggedAuto",0.0
Accident,OtherCarCost,"Mileage,RuggedAuto",0.0
Accident,OtherCarCost,"Mileage,RuggedAuto",0.0
Accident,OtherCarCost,"Mileage,RuggedAuto",0.0
Accident,OtherCarCost,"Mileage,RuggedAuto",0.0
Accident,OtherCarCost,"Mileage,RuggedAuto",0.0
Accident,OtherCarCost,"Mileage,RuggedAuto",0.0
Accident,OtherCarCost,"Mileage,RuggedAuto",0.0
Accident,OtherCarCost,"Mileage,RuggedAuto",0.0
Accident,OtherCarCost,"Mileage,RuggedAuto",0.0
Accident,OtherCarCost,"Mileage,RuggedAuto",0.0
Accident,OtherCarCost,"Mileage,RuggedAuto",0.0
Accident,OtherCarCost,"Mileage,RuggedAuto",0.0
Accident,OtherCarCost,"Mileage,RuggedAuto",0.0
Accident,OtherCarCost,"Mileage,RuggedAuto",0.0
Accident,OtherCarCost,"Mileage,RuggedAuto",0.0
Accident,OtherCarCost,"Mileage,RuggedAuto",0.0
Accident,OtherCarCost,"Mileage,RuggedAuto",0.0
Accident,OtherCarCost,"Mileage,RuggedAuto",0.0
Accident,OtherCarCost,"Mileage,RuggedAuto",0.0
Accident,OtherCarCost,"Mileage,RuggedAuto",0.0
Accident,MedCost,"Mileage,RuggedAuto",2.1784270766021215e-172
Accident,MedCost,"Mileage,RuggedAuto",2.1784270766021215e-172
Accident,MedCost,"Mileage,RuggedAuto",2.1784270766021215e-172
Accident,MedCost,"Mileage,RuggedAuto",2.1784270766021215e-172
Accident,MedCost,"Mileage,RuggedAuto",2.1784270766021215e-172
Accident,MedCost,"Mileage,RuggedAuto",2.1784270766021215e-172
Accident,MedCost,"Mileage,RuggedAuto",2.1784270766021215e-172
Accident,MedCost,"Mileage,RuggedAuto",2.1784270766021215e-172
Accident,MedCost,"Mileage,RuggedAuto",2.1784270766021215e-172
Accident,MedCost,"Mileage,RuggedAuto",2.1784270766021215e-172
Accident,MedCost,"Mileage,RuggedAuto",2.1784270766021215e-172
Accident,MedCost,"Mileage,RuggedAuto",2.1784270766021215e-172
Accident,MedCost,"Mileage,RuggedAuto",2.1784270766021215e-172
Accident,MedCost,"Mileage,RuggedAuto",2.1784270766021215e-172
Accident,MedCost,"Mileage,RuggedAuto",2.1784270766021215e-172
Accident,MedCost,"Mileage,RuggedAuto",2.1784270766021215e-172
Accident,MedCost,"Mileage,RuggedAuto",2.1784270766021215e-172
Accident,MedCost,"Mileage,RuggedAuto",2.1784270766021215e-172
Accident,MedCost,"Mileage,RuggedAuto",2.1784270766021215e-172
Accident,MedCost,"Mileage,RuggedAuto",2.1784270766021215e-172
Accident,MedCost,"Mileage,RuggedAuto",2.1784270766021215e-172
Accident,MedCost,"Mileage,RuggedAuto",2.1784270766021215e-172
Accident,MedCost,"Mileage,RuggedAuto",2.1784270766021215e-172
Accident,MedCost,"Mileage,RuggedAuto",2.1784270766021215e-172
Accident,MedCost,"Mileage,RuggedAuto",2.1784270766021215e-172
Accident,MedCost,"Mileage,RuggedAuto",2.1784270766021215e-172
Accident,MedCost,"Mileage,RuggedAuto",2.1784270766021215e-172
Accident,MedCost,"Mileage,RuggedAuto",2.1784270766021215e-172
Accident,MedCost,"Mileage,RuggedAuto",2.1784270766021215e-172
Accident,MedCost,"Mileage,RuggedAuto",2.1784270766021215e-172
Accident,MedCost,"Mileage,RuggedAuto",2.1784270766021215e-172
Accident,MedCost,"Mileage,RuggedAuto",2.1784270766021215e-172
Accident,MedCost,"Mileage,RuggedAuto",2.1784270766021215e-172
Accident,MedCost,"Mileage,RuggedAuto",2.1784270766021215e-172
Accident,MedCost,"Mileage,RuggedAuto",2.1784270766021215e-172
Accident,MedCost,"Mileage,RuggedAuto",2.1784270766021215e-172
Accident,ILiCost,"Mileage,RuggedAuto",3.2681621453683583e-39
Accident,ILiCost,"Mileage,RuggedAuto",3.2681621453683583e-39
Accident,ILiCost,"Mileage,RuggedAuto",3.2681621453683583e-39
Accident,ILiCost,"Mileage,RuggedAuto",3.2681621453683583e-39
Accident,ILiCost,"Mileage,RuggedAuto",3.2681621453683583e-39
Accident,ILiCost,"Mileage,RuggedAuto",3.2681621453683583e-39
Accident,ILiCost,"Mileage,RuggedAuto",3.2681621453683583e-39
Accident,ILiCost,"Mileage,RuggedAuto",3.2681621453683583e-39
Accident,ILiCost,"Mileage,RuggedAuto",3.2681621453683583e-39
Accident,ILiCost,"Mileage,RuggedAuto",3.2681621453683583e-39
Accident,ILiCost,"Mileage,RuggedAuto",3.2681621453683583e-39
Accident,ILiCost,"Mileage,RuggedAuto",3.2681621453683583e-39
Accident,ILiCost,"Mileage,RuggedAuto",3.2681621453683583e-39
Accident,ILiCost,"Mileage,RuggedAuto",3.2681621453683583e-39
Accident,ILiCost,"Mileage,RuggedAuto",3.2681621453683583e-39
Accident,ILiCost,"Mileage,RuggedAuto",3.2681621453683583e-39
Accident,ILiCost,"Mileage,RuggedAuto",3.2681621453683583e-39
Accident,ILiCost,"Mileage,RuggedAuto",3.2681621453683583e-39
Accident,ILiCost,"Mileage,RuggedAuto",3.2681621453683583e-39
Accident,ILiCost,"Mileage,RuggedAuto",3.2681621453683583e-39
Accident,ILiCost,"Mileage,RuggedAuto",3.2681621453683583e-39
Accident,ILiCost,"Mileage,RuggedAuto",3.2681621453683583e-39
Accident,ILiCost,"Mileage,RuggedAuto",3.2681621453683583e-39
Accident,ILiCost,"Mileage,RuggedAuto",3.2681621453683583e-39
Accident,ILiCost,"Mileage,RuggedAuto",3.2681621453683583e-39
Accident,ILiCost,"Mileage,RuggedAuto",3.2681621453683583e-39
Accident,ILiCost,"Mileage,RuggedAuto",3.2681621453683583e-39
Accident,ILiCost,"Mileage,RuggedAuto",3.2681621453683583e-39
Accident,ILiCost,"Mileage,RuggedAuto",3.2681621453683583e-39
Accident,ILiCost,"Mileage,RuggedAuto",3.2681621453683583e-39
Accident,ILiCost,"Mileage,RuggedAuto",3.2681621453683583e-39
Accident,ILiCost,"Mileage,RuggedAuto",3.2681621453683583e-39
Accident,ILiCost,"Mileage,RuggedAuto",3.2681621453683583e-39
Accident,ILiCost,"Mileage,RuggedAuto",3.2681621453683583e-39
Accident,ILiCost,"Mileage,RuggedAuto",3.2681621453683583e-39
Accident,ILiCost,"Mileage,RuggedAuto",3.2681621453683583e-39
MakeModel,Antilock,"Accident,SocioEcon",4.945923959257915e-133
MakeModel,Antilock,"Accident,SocioEcon",4.945923959257915e-133
MakeModel,Antilock,"Accident,SocioEcon",4.945923959257915e-133
MakeModel,Antilock,"Accident,SocioEcon",4.945923959257915e-133
MakeModel,Antilock,"Accident,SocioEcon",4.945923959257915e-133
MakeModel,Antilock,"Accident,SocioEcon",4.945923959257915e-133
MakeModel,Antilock,"Accident,SocioEcon",4.945923959257915e-133
MakeModel,Antilock,"Accident,SocioEcon",4.945923959257915e-133
MakeModel,Antilock,"Accident,SocioEcon",4.945923959257915e-133
MakeModel,Antilock,"Accident,SocioEcon",4.945923959257915e-133
MakeModel,Antilock,"Accident,SocioEcon",4.945923959257915e-133
MakeModel,Antilock,"Accident,SocioEcon",4.945923959257915e-133
MakeModel,Antilock,"Accident,SocioEcon",4.945923959257915e-133
MakeModel,Antilock,"Accident,SocioEcon",4.945923959257915e-133
MakeModel,Antilock,"Accident,SocioEcon",4.945923959257915e-133
MakeModel,Antilock,"Accident,SocioEcon",4.945923959257915e-133
MakeModel,Antilock,"Accident,SocioEcon",4.945923959257915e-133
MakeModel,Antilock,"Accident,SocioEcon",4.945923959257915e-133
MakeModel,Antilock,"Accident,SocioEcon",4.945923959257915e-133
MakeModel,Antilock,"Accident,SocioEcon",4.945923959257915e-133
MakeModel,Antilock,"Accident,SocioEcon",4.945923959257915e-133
MakeModel,Antilock,"Accident,SocioEcon",4.945923959257915e-133
MakeModel,Antilock,"Accident,SocioEcon",4.945923959257915e-133
MakeModel,Antilock,"Accident,SocioEcon",4.945923959257915e-133
MakeModel,Antilock,"Accident,SocioEcon",4.945923959257915e-133
MakeModel,Antilock,"Accident,SocioEcon",4.945923959257915e-133
MakeModel,Antilock,"Accident,SocioEcon",4.945923959257915e-133
MakeModel,Antilock,"Accident,SocioEcon",4.945923959257915e-133
MakeModel,Antilock,"Accident,SocioEcon",4.945923959257915e-133
MakeModel,Antilock,"Accident,SocioEcon",4.945923959257915e-133
MakeModel,Antilock,"Accident,SocioEcon",4.945923959257915e-133
MakeModel,Antilock,"Accident,SocioEcon",4.945923959257915e-133
MakeModel,Antilock,"Accident,SocioEcon",4.945923959257915e-133
MakeModel,Antilock,"Accident,SocioEcon",4.945923959257915e-133
MakeModel,Antilock,"Accident,SocioEcon",4.945923959257915e-133
MakeModel,Antilock,"Accident,SocioEcon",4.945923959257915e-133
MakeModel,Antilock,"Accident,SocioEcon",4.945923959257915e-133
MakeModel,Antilock,"Accident,SocioEcon",4.945923959257915e-133
MakeModel,Antilock,"Accident,SocioEcon",4.945923959257915e-133
MakeModel,Antilock,"Accident,SocioEcon",4.945923959257915e-133
MakeModel,Antilock,"Accident,SocioEcon",4.945923959257915e-133
MakeModel,Antilock,"Accident,SocioEcon",4.945923959257915e-133
MakeModel,Antilock,"Accident,SocioEcon",4.945923959257915e-133
MakeModel,Antilock,"Accident,SocioEcon",4.945923959257915e-133
MakeModel,Antilock,"Accident,SocioEcon",4.945923959257915e-133
MakeModel,ThisCarCost,"Accident,Antilock",4.359603298782259e-151
MakeModel,ThisCarCost,"Accident,Antilock",4.359603298782259e-151
MakeModel,ThisCarCost,"Accident,Antilock",4.359603298782259e-151
MakeModel,ThisCarCost,"Accident,Antilock",4.359603298782259e-151
MakeModel,ThisCarCost,"Accident,Antilock",4.359603298782259e-151
MakeModel,ThisCarCost,"Accident,Antilock",4.359603298782259e-151
MakeModel,ThisCarCost,"Accident,Antilock",4.359603298782259e-151
MakeModel,ThisCarCost,"Accident,Antilock",4.359603298782259e-151
MakeModel,ThisCarCost,"Accident,Antilock",4.359603298782259e-151
MakeModel,ThisCarCost,"Accident,Antilock",4.359603298782259e-151
MakeModel,ThisCarCost,"Accident,Antilock",4.359603298782259e-151
MakeModel,ThisCarCost,"Accident,Antilock",4.359603298782259e-151
MakeModel,ThisCarCost,"Accident,Antilock",4.359603298782259e-151
MakeModel,ThisCarCost,"Accident,Antilock",4.359603298782259e-151
MakeModel,ThisCarCost,"Accident,Antilock",4.359603298782259e-151
MakeModel,ThisCarCost,"Accident,Antilock",4.359603298782259e-151
MakeModel,ThisCarCost,"Accident,Antilock",4.359603298782259e-151
MakeModel,ThisCarCost,"Accident,Antilock",4.359603298782259e-151
MakeModel,ThisCarCost,"Accident,Antilock",4.359603298782259e-151
MakeModel,ThisCarCost,"Accident,Antilock",4.359603298782259e-151
MakeModel,ThisCarCost,"Accident,Antilock",4.359603298782259e-151
MakeModel,ThisCarCost,"Accident,Antilock",4.359603298782259e-151
MakeModel,ThisCarCost,"Accident,Antilock",4.359603298782259e-151
MakeModel,ThisCarCost,"Accident,Antilock",4.359603298782259e-151
MakeModel,ThisCarCost,"Accident,Antilock",4.359603298782259e-151
MakeModel,ThisCarCost,"Accident,Antilock",4.359603298782259e-151
MakeModel,ThisCarCost,"Accident,Antilock",4.359603298782259e-151
MakeModel,ThisCarCost,"Accident,Antilock",4.359603298782259e-151
MakeModel,ThisCarCost,"Accident,Antilock",4.359603298782259e-151
MakeModel,ThisCarCost,"Accident,Antilock",4.359603298782259e-151
MakeModel,ThisCarCost,"Accident,Antilock",4.359603298782259e-151
MakeModel,ThisCarCost,"Accident,Antilock",4.359603298782259e-151
MakeModel,ThisCarCost,"Accident,Antilock",4.359603298782259e-151
MakeModel,ThisCarCost,"Accident,Antilock",4.359603298782259e-151
MakeModel,ThisCarCost,"Accident,Antilock",4.359603298782259e-151
MakeModel,ThisCarCost,"Accident,Antilock",4.359603298782259e-151
MakeModel,ThisCarCost,"Accident,Antilock",4.359603298782259e-151
MakeModel,ThisCarCost,"Accident,Antilock",4.359603298782259e-151
MakeModel,ThisCarCost,"Accident,Antilock",4.359603298782259e-151
MakeModel,ThisCarCost,"Accident,Antilock",4.359603298782259e-151
MakeModel,ThisCarCost,"Accident,Antilock",4.359603298782259e-151
MakeModel,ThisCarCost,"Accident,Antilock",4.359603298782259e-151
MakeModel,ThisCarCost,"Accident,Antilock",4.359603298782259e-151
MakeModel,ThisCarCost,"Accident,Antilock",4.359603298782259e-151
MakeModel,ThisCarCost,"Accident,Antilock",4.359603298782259e-151
MakeModel,CarValue,"Accident,Antilock",0.0
MakeModel,CarValue,"Accident,Antilock",0.0
MakeModel,CarValue,"Accident,Antilock",0.0
MakeModel,CarValue,"Accident,Antilock",0.0
MakeModel,CarValue,"Accident,Antilock",0.0
MakeModel,CarValue,"Accident,Antilock",0.0
MakeModel,CarValue,"Accident,Antilock",0.0
MakeModel,CarValue,"Accident,Antilock",0.0
MakeModel,CarValue,"Accident,Antilock",0.0
MakeModel,CarValue,"Accident,Antilock",0.0
MakeModel,CarValue,"Accident,Antilock",0.0
MakeModel,CarValue,"Accident,Antilock",0.0
MakeModel,CarValue,"Accident,Antilock",0.0
MakeModel,CarValue,"Accident,Antilock",0.0
MakeModel,CarValue,"Accident,Antilock",0.0
MakeModel,CarValue,"Accident,Antilock",0.0
MakeModel,CarValue,"Accident,Antilock",0.0
MakeModel,CarValue,"Accident,Antilock",0.0
MakeModel,CarValue,"Accident,Antilock",0.0
MakeModel,CarValue,"Accident,Antilock",0.0
MakeModel,CarValue,"Accident,Antilock",0.0
MakeModel,CarValue,"Accident,Antilock",0.0
MakeModel,CarValue,"Accident,Antilock",0.0
MakeModel,CarValue,"Accident,Antilock",0.0
MakeModel,CarValue,"Accident,Antilock",0.0
MakeModel,CarValue,"Accident,Antilock",0.0
MakeModel,CarValue,"Accident,Antilock",0.0
MakeModel,CarValue,"Accident,Antilock",0.0
MakeModel,CarValue,"Accident,Antilock",0.0
MakeModel,CarValue,"Accident,Antilock",0.0
MakeModel,CarValue,"Accident,Antilock",0.0
MakeModel,CarValue,"Accident,Antilock",0.0
MakeModel,CarValue,"Accident,Antilock",0.0
MakeModel,CarValue,"Accident,Antilock",0.0
MakeModel,CarValue,"Accident,Antilock",0.0
MakeModel,CarValue,"Accident,Antilock",0.0
MakeModel,CarValue,"Accident,Antilock",0.0
MakeModel,CarValue,"Accident,Antilock",0.0
MakeModel,CarValue,"Accident,Antilock",0.0
MakeModel,CarValue,"Accident,Antilock",0.0
MakeModel,CarValue,"Accident,Antilock",0.0
MakeModel,CarValue,"Accident,Antilock",0.0
MakeModel,CarValue,"Accident,Antilock",0.0
MakeModel,CarValue,"Accident,Antilock",0.0
MakeModel,CarValue,"Accident,Antilock",0.0
MakeModel,OtherCarCost,"Cushioning,MedCost",0.2767654567656286
MakeModel,OtherCarCost,"Cushioning,MedCost",0.2767654567656286
MakeModel,OtherCarCost,"Cushioning,MedCost",0.2767654567656286
MakeModel,OtherCarCost,"Cushioning,MedCost",0.2767654567656286
MakeModel,OtherCarCost,"Cushioning,MedCost",0.2767654567656286
MakeModel,OtherCarCost,"Cushioning,MedCost",0.2767654567656286
MakeModel,OtherCarCost,"Cushioning,MedCost",0.2767654567656286
MakeModel,OtherCarCost,"Cushioning,MedCost",0.2767654567656286
MakeModel,OtherCarCost,"Cushioning,MedCost",0.2767654567656286
MakeModel,OtherCarCost,"Cushioning,MedCost",0.2767654567656286
MakeModel,MedCost,"Cushioning,ThisCarCost",0.08049699666337605
MakeModel,MedCost,"Cushioning,ThisCarCost",0.08049699666337605
MakeModel,Cushioning,"Accident,Antilock",0.0
MakeModel,Cushioning,"Accident,Antilock",0.0
MakeModel,Cushioning,"Accident,Antilock",0.0
MakeModel,Cushioning,"Accident,Antilock",0.0
MakeModel,Cushioning,"Accident,Antilock",0.0
MakeModel,Cushioning,"Accident,Antilock",0.0
MakeModel,Cushioning,"Accident,Antilock",0.0
MakeModel,Cushioning,"Accident,Antilock",0.0
MakeModel,Cushioning,"Accident,Antilock",0.0
MakeModel,Cushioning,"Accident,Antilock",0.0
MakeModel,Cushioning,"Accident,Antilock",0.0
MakeModel,Cushioning,"Accident,Antilock",0.0
MakeModel,Cushioning,"Accident,Antilock",0.0
MakeModel,Cushioning,"Accident,Antilock",0.0
MakeModel,Cushioning,"Accident,Antilock",0.0
MakeModel,Cushioning,"Accident,Antilock",0.0
MakeModel,Cushioning,"Accident,Antilock",0.0
MakeModel,Cushioning,"Accident,Antilock",0.0
MakeModel,Cushioning,"Accident,Antilock",0.0
MakeModel,Cushioning,"Accident,Antilock",0.0
MakeModel,Cushioning,"Accident,Antilock",0.0
MakeModel,Cushioning,"Accident,Antilock",0.0
MakeModel,Cushioning,"Accident,Antilock",0.0
MakeModel,Cushioning,"Accident,Antilock",0.0
MakeModel,Cushioning,"Accident,Antilock",0.0
MakeModel,Cushioning,"Accident,Antilock",0.0
MakeModel,Cushioning,"Accident,Antilock",0.0
MakeModel,Cushioning,"Accident,Antilock",0.0
MakeModel,Cushioning,"Accident,Antilock",0.0
MakeModel,Cushioning,"Accident,Antilock",0.0
MakeModel,Cushioning,"Accident,Antilock",0.0
MakeModel,Cushioning,"Accident,Antilock",0.0
MakeModel,Cushioning,"Accident,Antilock",0.0
MakeModel,Cushioning,"Accident,Antilock",0.0
MakeModel,Cushioning,"Accident,Antilock",0.0
MakeModel,Cushioning,"Accident,Antilock",0.0
MakeModel,Cushioning,"Accident,Antilock",0.0
MakeModel,Cushioning,"Accident,Antilock",0.0
MakeModel,Cushioning,"Accident,Antilock",0.0
MakeModel,Cushioning,"Accident,Antilock",0.0
MakeModel,Cushioning,"Accident,Antilock",0.0
MakeModel,Cushioning,"Accident,Antilock",0.0
MakeModel,Cushioning,"Accident,Antilock",0.0
MakeModel,Cushioning,"Accident,Antilock",0.0
MakeModel,Cushioning,"Accident,Antilock",0.0
MakeModel,Airbag,"Accident,Antilock",3.3097240497992263e-44
MakeModel,Airbag,"Accident,Antilock",3.3097240497992263e-44
MakeModel,Airbag,"Accident,Antilock",3.3097240497992263e-44
MakeModel,Airbag,"Accident,Antilock",3.3097240497992263e-44
MakeModel,Airbag,"Accident,Antilock",3.3097240497992263e-44
MakeModel,Airbag,"Accident,Antilock",3.3097240497992263e-44
MakeModel,Airbag,"Accident,Antilock",3.3097240497992263e-44
MakeModel,Airbag,"Accident,Antilock",3.3097240497992263e-44
MakeModel,Airbag,"Accident,Antilock",3.3097240497992263e-44
MakeModel,Airbag,"Accident,Antilock",3.3097240497992263e-44
MakeModel,Airbag,"Accident,Antilock",3.3097240497992263e-44
MakeModel,Airbag,"Accident,Antilock",3.3097240497992263e-44
MakeModel,Airbag,"Accident,Antilock",3.3097240497992263e-44
MakeModel,Airbag,"Accident,Antilock",3.3097240497992263e-44
MakeModel,Airbag,"Accident,Antilock",3.3097240497992263e-44
MakeModel,Airbag,"Accident,Antilock",3.3097240497992263e-44
MakeModel,Airbag,"Accident,Antilock",3.3097240497992263e-44
MakeModel,Airbag,"Accident,Antilock",3.3097240497992263e-44
MakeModel,Airbag,"Accident,Antilock",3.3097240497992263e-44
MakeModel,Airbag,"Accident,Antilock",3.3097240497992263e-44
MakeModel,Airbag,"Accident,Antilock",3.3097240497992263e-44
MakeModel,Airbag,"Accident,Antilock",3.3097240497992263e-44
MakeModel,Airbag,"Accident,Antilock",3.3097240497992263e-44
MakeModel,Airbag,"Accident,Antilock",3.3097240497992263e-44
MakeModel,Airbag,"Accident,Antilock",3.3097240497992263e-44
MakeModel,Airbag,"Accident,Antilock",3.3097240497992263e-44
MakeModel,Airbag,"Accident,Antilock",3.3097240497992263e-44
MakeModel,Airbag,"Accident,Antilock",3.3097240497992263e-44
MakeModel,Airbag,"Accident,Antilock",3.3097240497992263e-44
MakeModel,Airbag,"Accident,Antilock",3.3097240497992263e-44
MakeModel,Airbag,"Accident,Antilock",3.3097240497992263e-44
MakeModel,Airbag,"Accident,Antilock",3.3097240497992263e-44
MakeModel,Airbag,"Accident,Antilock",3.3097240497992263e-44
MakeModel,Airbag,"Accident,Antilock",3.3097240497992263e-44
MakeModel,Airbag,"Accident,Antilock",3.3097240497992263e-44
MakeModel,Airbag,"Accident,Antilock",3.3097240497992263e-44
MakeModel,Airbag,"Accident,Antilock",3.3097240497992263e-44
MakeModel,Airbag,"Accident,Antilock",3.3097240497992263e-44
MakeModel,Airbag,"Accident,Antilock",3.3097240497992263e-44
MakeModel,Airbag,"Accident,Antilock",3.3097240497992263e-44
MakeModel,Airbag,"Accident,Antilock",3.3097240497992263e-44
MakeModel,Airbag,"Accident,Antilock",3.3097240497992263e-44
MakeModel,Airbag,"Accident,Antilock",3.3097240497992263e-44
MakeModel,Airbag,"Accident,Antilock",3.3097240497992263e-44
MakeModel,Airbag,"Accident,Antilock",3.3097240497992263e-44
DrivQuality,Antilock,"OtherCarCost,ThisCarCost",0.10266755341147192
DrivQuality,Antilock,"OtherCarCost,ThisCarCost",0.10266755341147192
DrivQuality,DrivingSkill,"Accident,Antilock",4.228798246588945e-270
DrivQuality,DrivingSkill,"Accident,Antilock",4.228798246588945e-270
DrivQuality,DrivingSkill,"Accident,Antilock",4.228798246588945e-270
DrivQuality,DrivingSkill,"Accident,Antilock",4.228798246588945e-270
DrivQuality,DrivingSkill,"Accident,Antilock",4.228798246588945e-270
DrivQuality,DrivingSkill,"Accident,Antilock",4.228798246588945e-270
DrivQuality,DrivingSkill,"Accident,Antilock",4.228798246588945e-270
DrivQuality,DrivingSkill,"Accident,Antilock",4.228798246588945e-270
DrivQuality,DrivingSkill,"Accident,Antilock",4.228798246588945e-270
DrivQuality,DrivingSkill,"Accident,Antilock",4.228798246588945e-270
DrivQuality,DrivingSkill,"Accident,Antilock",4.228798246588945e-270
DrivQuality,DrivingSkill,"Accident,Antilock",4.228798246588945e-270
DrivQuality,DrivingSkill,"Accident,Antilock",4.228798246588945e-270
DrivQuality,DrivingSkill,"Accident,Antilock",4.228798246588945e-270
DrivQuality,DrivingSkill,"Accident,Antilock",4.228798246588945e-270
DrivQuality,DrivingSkill,"Accident,Antilock",4.228798246588945e-270
DrivQuality,DrivingSkill,"Accident,Antilock",4.228798246588945e-270
DrivQuality,DrivingSkill,"Accident,Antilock",4.228798246588945e-270
DrivQuality,DrivingSkill,"Accident,Antilock",4.228798246588945e-270
DrivQuality,DrivingSkill,"Accident,Antilock",4.228798246588945e-270
DrivQuality,DrivingSkill,"Accident,Antilock",4.228798246588945e-270
DrivQuality,DrivingSkill,"Accident,Antilock",4.228798246588945e-270
DrivQuality,DrivingSkill,"Accident,Antilock",4.228798246588945e-270
DrivQuality,DrivingSkill,"Accident,Antilock",4.228798246588945e-270
DrivQuality,DrivingSkill,"Accident,Antilock",4.228798246588945e-270
DrivQuality,DrivingSkill,"Accident,Antilock",4.228798246588945e-270
DrivQuality,DrivingSkill,"Accident,Antilock",4.228798246588945e-270
DrivQuality,DrivingSkill,"Accident,Antilock",4.228798246588945e-270
DrivQuality,DrivingSkill,"Accident,Antilock",4.228798246588945e-270
DrivQuality,DrivingSkill,"Accident,Antilock",4.228798246588945e-270
DrivQuality,DrivingSkill,"Accident,Antilock",4.228798246588945e-270
DrivQuality,DrivingSkill,"Accident,Antilock",4.228798246588945e-270
DrivQuality,DrivingSkill,"Accident,Antilock",4.228798246588945e-270
DrivQuality,DrivingSkill,"Accident,Antilock",4.228798246588945e-270
DrivQuality,DrivingSkill,"Accident,Antilock",4.228798246588945e-270
DrivQuality,DrivingSkill,"Accident,Antilock",4.228798246588945e-270
DrivQuality,SeniorTrain,"Accident,Antilock",8.479368263612767e-17
DrivQuality,SeniorTrain,"Accident,Antilock",8.479368263612767e-17
DrivQuality,SeniorTrain,"Accident,Antilock",8.479368263612767e-17
DrivQuality,SeniorTrain,"Accident,Antilock",8.479368263612767e-17
DrivQuality,SeniorTrain,"Accident,Antilock",8.479368263612767e-17
DrivQuality,SeniorTrain,"Accident,Antilock",8.479368263612767e-17
DrivQuality,SeniorTrain,"Accident,Antilock",8.479368263612767e-17
DrivQuality,SeniorTrain,"Accident,Antilock",8.479368263612767e-17
DrivQuality,SeniorTrain,"Accident,Antilock",8.479368263612767e-17
DrivQuality,SeniorTrain,"Accident,Antilock",8.479368263612767e-17
DrivQuality,SeniorTrain,"Accident,Antilock",8.479368263612767e-17
DrivQuality,SeniorTrain,"Accident,Antilock",8.479368263612767e-17
DrivQuality,SeniorTrain,"Accident,Antilock",8.479368263612767e-17
DrivQuality,SeniorTrain,"Accident,Antilock",8.479368263612767e-17
DrivQuality,SeniorTrain,"Accident,Antilock",8.479368263612767e-17
DrivQuality,SeniorTrain,"Accident,Antilock",8.479368263612767e-17
DrivQuality,SeniorTrain,"Accident,Antilock",8.479368263612767e-17
DrivQuality,SeniorTrain,"Accident,Antilock",8.479368263612767e-17
DrivQuality,SeniorTrain,"Accident,Antilock",8.479368263612767e-17
DrivQuality,SeniorTrain,"Accident,Antilock",8.479368263612767e-17
DrivQuality,SeniorTrain,"Accident,Antilock",8.479368263612767e-17
DrivQuality,SeniorTrain,"Accident,Antilock",8.479368263612767e-17
DrivQuality,SeniorTrain,"Accident,Antilock",8.479368263612767e-17
DrivQuality,SeniorTrain,"Accident,Antilock",8.479368263612767e-17
DrivQuality,SeniorTrain,"Accident,Antilock",8.479368263612767e-17
DrivQuality,SeniorTrain,"Accident,Antilock",8.479368263612767e-17
DrivQuality,SeniorTrain,"Accident,Antilock",8.479368263612767e-17
DrivQuality,SeniorTrain,"Accident,Antilock",8.479368263612767e-17
DrivQuality,SeniorTrain,"Accident,Antilock",8.479368263612767e-17
DrivQuality,SeniorTrain,"Accident,Antilock",8.479368263612767e-17
DrivQuality,SeniorTrain,"Accident,Antilock",8.479368263612767e-17
DrivQuality,SeniorTrain,"Accident,Antilock",8.479368263612767e-17
DrivQuality,SeniorTrain,"Accident,Antilock",8.479368263612767e-17
DrivQuality,SeniorTrain,"Accident,Antilock",8.479368263612767e-17
DrivQuality,SeniorTrain,"Accident,Antilock",8.479368263612767e-17
DrivQuality,SeniorTrain,"Accident,Antilock",8.479368263612767e-17
DrivQuality,ThisCarCost,"OtherCarCost,Theft",0.15203318137283875
DrivQuality,ThisCarCost,"OtherCarCost,Theft",0.15203318137283875
DrivQuality,ThisCarCost,"OtherCarCost,Theft",0.15203318137283875
DrivQuality,ThisCarCost,"OtherCarCost,Theft",0.15203318137283875
DrivQuality,ThisCarCost,"OtherCarCost,Theft",0.15203318137283875
DrivQuality,ThisCarCost,"OtherCarCost,Theft",0.15203318137283875
DrivQuality,ThisCarCost,"OtherCarCost,Theft",0.15203318137283875
DrivQuality,ThisCarCost,"OtherCarCost,Theft",0.15203318137283875
DrivQuality,ThisCarCost,"OtherCarCost,Theft",0.15203318137283875
DrivQuality,Theft,"Accident,Antilock",8.355411015816165e-08
DrivQuality,Theft,"Accident,Antilock",8.355411015816165e-08
DrivQuality,Theft,"Accident,Antilock",8.355411015816165e-08
DrivQuality,Theft,"Accident,Antilock",8.355411015816165e-08
DrivQuality,Theft,"Accident,Antilock",8.355411015816165e-08
DrivQuality,Theft,"Accident,Antilock",8.355411015816165e-08
DrivQuality,Theft,"Accident,Antilock",8.355411015816165e-08
DrivQuality,Theft,"Accident,Antilock",8.355411015816165e-08
DrivQuality,Theft,"Accident,Antilock",8.355411015816165e-08
DrivQuality,Theft,"Accident,Antilock",8.355411015816165e-08
DrivQuality,Theft,"Accident,Antilock",8.355411015816165e-08
DrivQuality,Theft,"Accident,Antilock",8.355411015816165e-08
DrivQuality,Theft,"Accident,Antilock",8.355411015816165e-08
DrivQuality,Theft,"Accident,Antilock",8.355411015816165e-08
DrivQuality,Theft,"Accident,Antilock",8.355411015816165e-08
DrivQuality,Theft,"Accident,Antilock",8.355411015816165e-08
DrivQuality,Theft,"Accident,Antilock",8.355411015816165e-08
DrivQuality,Theft,"Accident,Antilock",8.355411015816165e-08
DrivQuality,Theft,"Accident,Antilock",8.355411015816165e-08
DrivQuality,Theft,"Accident,Antilock",8.355411015816165e-08
DrivQuality,Theft,"Accident,Antilock",8.355411015816165e-08
DrivQuality,Theft,"Accident,Antilock",8.355411015816165e-08
DrivQuality,Theft,"Accident,Antilock",8.355411015816165e-08
DrivQuality,Theft,"Accident,Antilock",8.355411015816165e-08
DrivQuality,Theft,"Accident,Antilock",8.355411015816165e-08
DrivQuality,Theft,"Accident,Antilock",8.355411015816165e-08
DrivQuality,Theft,"Accident,Antilock",8.355411015816165e-08
DrivQuality,Theft,"Accident,Antilock",8.355411015816165e-08
DrivQuality,Theft,"Accident,Antilock",8.355411015816165e-08
DrivQuality,Theft,"Accident,Antilock",8.355411015816165e-08
DrivQuality,Theft,"Accident,Antilock",8.355411015816165e-08
DrivQuality,Theft,"Accident,Antilock",8.355411015816165e-08
DrivQuality,Theft,"Accident,Antilock",8.355411015816165e-08
DrivQuality,Theft,"Accident,Antilock",8.355411015816165e-08
DrivQuality,Theft,"Accident,Antilock",8.355411015816165e-08
DrivQuality,Theft,"Accident,Antilock",8.355411015816165e-08
DrivQuality,OtherCarCost,"Theft,ThisCarCost",0.14468618956552803
DrivQuality,OtherCarCost,"Theft,ThisCarCost",0.14468618956552803
DrivQuality,DrivHist,"Accident,Antilock",2.718586096166244e-166
DrivQuality,DrivHist,"Accident,Antilock",2.718586096166244e-166
DrivQuality,DrivHist,"Accident,Antilock",2.718586096166244e-166
DrivQuality,DrivHist,"Accident,Antilock",2.718586096166244e-166
DrivQuality,DrivHist,"Accident,Antilock",2.718586096166244e-166
DrivQuality,DrivHist,"Accident,Antilock",2.718586096166244e-166
DrivQuality,DrivHist,"Accident,Antilock",2.718586096166244e-166
DrivQuality,DrivHist,"Accident,Antilock",2.718586096166244e-166
DrivQuality,DrivHist,"Accident,Antilock",2.718586096166244e-166
DrivQuality,DrivHist,"Accident,Antilock",2.718586096166244e-166
DrivQuality,DrivHist,"Accident,Antilock",2.718586096166244e-166
DrivQuality,DrivHist,"Accident,Antilock",2.718586096166244e-166
DrivQuality,DrivHist,"Accident,Antilock",2.718586096166244e-166
DrivQuality,DrivHist,"Accident,Antilock",2.718586096166244e-166
DrivQuality,DrivHist,"Accident,Antilock",2.718586096166244e-166
DrivQuality,DrivHist,"Accident,Antilock",2.718586096166244e-166
DrivQuality,DrivHist,"Accident,Antilock",2.718586096166244e-166
DrivQuality,DrivHist,"Accident,Antilock",2.718586096166244e-166
DrivQuality,DrivHist,"Accident,Antilock",2.718586096166244e-166
DrivQuality,DrivHist,"Accident,Antilock",2.718586096166244e-166
DrivQuality,DrivHist,"Accident,Antilock",2.718586096166244e-166
DrivQuality,DrivHist,"Accident,Antilock",2.718586096166244e-166
DrivQuality,DrivHist,"Accident,Antilock",2.718586096166244e-166
DrivQuality,DrivHist,"Accident,Antilock",2.718586096166244e-166
DrivQuality,DrivHist,"Accident,Antilock",2.718586096166244e-166
DrivQuality,DrivHist,"Accident,Antilock",2.718586096166244e-166
DrivQuality,DrivHist,"Accident,Antilock",2.718586096166244e-166
DrivQuality,DrivHist,"Accident,Antilock",2.718586096166244e-166
DrivQuality,DrivHist,"Accident,Antilock",2.718586096166244e-166
DrivQuality,DrivHist,"Accident,Antilock",2.718586096166244e-166
DrivQuality,DrivHist,"Accident,Antilock",2.718586096166244e-166
DrivQuality,DrivHist,"Accident,Antilock",2.718586096166244e-166
DrivQuality,DrivHist,"Accident,Antilock",2.718586096166244e-166
DrivQuality,DrivHist,"Accident,Antilock",2.718586096166244e-166
DrivQuality,DrivHist,"Accident,Antilock",2.718586096166244e-166
DrivQuality,DrivHist,"Accident,Antilock",2.718586096166244e-166
Antilock,ThisCarCost,"Accident,RuggedAuto",1.0646620197994785e-166
Antilock,ThisCarCost,"Accident,RuggedAuto",1.0646620197994785e-166
Antilock,ThisCarCost,"Accident,RuggedAuto",1.0646620197994785e-166
Antilock,ThisCarCost,"Accident,RuggedAuto",1.0646620197994785e-166
Antilock,ThisCarCost,"Accident,RuggedAuto",1.0646620197994785e-166
Antilock,ThisCarCost,"Accident,RuggedAuto",1.0646620197994785e-166
Antilock,ThisCarCost,"Accident,RuggedAuto",1.0646620197994785e-166
Antilock,ThisCarCost,"Accident,RuggedAuto",1.0646620197994785e-166
Antilock,ThisCarCost,"Accident,RuggedAuto",1.0646620197994785e-166
Antilock,ThisCarCost,"Accident,RuggedAuto",1.0646620197994785e-166
Antilock,ThisCarCost,"Accident,RuggedAuto",1.0646620197994785e-166
Antilock,ThisCarCost,"Accident,RuggedAuto",1.0646620197994785e-166
Antilock,ThisCarCost,"Accident,RuggedAuto",1.0646620197994785e-166
Antilock,ThisCarCost,"Accident,RuggedAuto",1.0646620197994785e-166
Antilock,ThisCarCost,"Accident,RuggedAuto",1.0646620197994785e-166
Antilock,ThisCarCost,"Accident,RuggedAuto",1.0646620197994785e-166
Antilock,ThisCarCost,"Accident,RuggedAuto",1.0646620197994785e-166
Antilock,ThisCarCost,"Accident,RuggedAuto",1.0646620197994785e-166
Antilock,ThisCarCost,"Accident,RuggedAuto",1.0646620197994785e-166
Antilock,ThisCarCost,"Accident,RuggedAuto",1.0646620197994785e-166
Antilock,ThisCarCost,"Accident,RuggedAuto",1.0646620197994785e-166
Antilock,ThisCarCost,"Accident,RuggedAuto",1.0646620197994785e-166
Antilock,ThisCarCost,"Accident,RuggedAuto",1.0646620197994785e-166
Antilock,ThisCarCost,"Accident,RuggedAuto",1.0646620197994785e-166
Antilock,ThisCarCost,"Accident,RuggedAuto",1.0646620197994785e-166
Antilock,ThisCarCost,"Accident,RuggedAuto",1.0646620197994785e-166
Antilock,ThisCarCost,"Accident,RuggedAuto",1.0646620197994785e-166
Antilock,ThisCarCost,"Accident,RuggedAuto",1.0646620197994785e-166
Antilock,CarValue,"Accident,RuggedAuto",0.0
Antilock,CarValue,"Accident,RuggedAuto",0.0
Antilock,CarValue,"Accident,RuggedAuto",0.0
Antilock,CarValue,"Accident,RuggedAuto",0.0
Antilock,CarValue,"Accident,RuggedAuto",0.0
Antilock,CarValue,"Accident,RuggedAuto",0.0
Antilock,CarValue,"Accident,RuggedAuto",0.0
Antilock,CarValue,"Accident,RuggedAuto",0.0
Antilock,CarValue,"Accident,RuggedAuto",0.0
Antilock,CarValue,"Accident,RuggedAuto",0.0
Antilock,CarValue,"Accident,RuggedAuto",0.0
Antilock,CarValue,"Accident,RuggedAuto",0.0
Antilock,CarValue,"Accident,RuggedAuto",0.0
Antilock,CarValue,"Accident,RuggedAuto",0.0
Antilock,CarValue,"Accident,RuggedAuto",0.0
Antilock,CarValue,"Accident,RuggedAuto",0.0
Antilock,CarValue,"Accident,RuggedAuto",0.0
Antilock,CarValue,"Accident,RuggedAuto",0.0
Antilock,CarValue,"Accident,RuggedAuto",0.0
Antilock,CarValue,"Accident,RuggedAuto",0.0
Antilock,CarValue,"Accident,RuggedAuto",0.0
Antilock,CarValue,"Accident,RuggedAuto",0.0
Antilock,CarValue,"Accident,RuggedAuto",0.0
Antilock,CarValue,"Accident,RuggedAuto",0.0
Antilock,CarValue,"Accident,RuggedAuto",0.0
Antilock,CarValue,"Accident,RuggedAuto",0.0
Antilock,CarValue,"Accident,RuggedAuto",0.0
Antilock,CarValue,"Accident,RuggedAuto",0.0
Antilock,Airbag,"SocioEcon,VehicleYear",0.08305238410879312
Antilock,Airbag,"SocioEcon,VehicleYear",0.08305238410879312
Antilock,Airbag,"SocioEcon,VehicleYear",0.08305238410879312
Antilock,Airbag,"SocioEcon,VehicleYear",0.08305238410879312
Antilock,Airbag,"SocioEcon,VehicleYear",0.08305238410879312
Antilock,Airbag,"SocioEcon,VehicleYear",0.08305238410879312
Antilock,Airbag,"SocioEcon,VehicleYear",0.08305238410879312
Antilock,Airbag,"SocioEcon,VehicleYear",0.08305238410879312
Antilock,Airbag,"SocioEcon,VehicleYear",0.08305238410879312
Antilock,Airbag,"SocioEcon,VehicleYear",0.08305238410879312
Antilock,Airbag,"SocioEcon,VehicleYear",0.08305238410879312
Antilock,Airbag,"SocioEcon,VehicleYear",0.08305238410879312
Antilock,Airbag,"SocioEcon,VehicleYear",0.08305238410879312
Antilock,Airbag,"SocioEcon,VehicleYear",0.08305238410879312
Antilock,Airbag,"SocioEcon,VehicleYear",0.08305238410879312
Antilock,Airbag,"SocioEcon,VehicleYear",0.08305238410879312
DrivingSkill,SeniorTrain,"Age,RiskAversion",3.365727230606512e-09
DrivingSkill,SeniorTrain,"Age,RiskAversion",3.365727230606512e-09
DrivingSkill,SeniorTrain,"Age,RiskAversion",3.365727230606512e-09
DrivingSkill,SeniorTrain,"Age,RiskAversion",3.365727230606512e-09
DrivingSkill,SeniorTrain,"Age,RiskAversion",3.365727230606512e-09
DrivingSkill,SeniorTrain,"Age,RiskAversion",3.365727230606512e-09
DrivingSkill,SeniorTrain,"Age,RiskAversion",3.365727230606512e-09
DrivingSkill,SeniorTrain,"Age,RiskAversion",3.365727230606512e-09
DrivingSkill,SeniorTrain,"Age,RiskAversion",3.365727230606512e-09
DrivingSkill,SeniorTrain,"Age,RiskAversion",3.365727230606512e-09
DrivingSkill,Theft,"Age,RiskAversion",1.1177849489343626e-07
DrivingSkill,Theft,"Age,RiskAversion",1.1177849489343626e-07
DrivingSkill,Theft,"Age,RiskAversion",1.1177849489343626e-07
DrivingSkill,Theft,"Age,RiskAversion",1.1177849489343626e-07
DrivingSkill,Theft,"Age,RiskAversion",1.1177849489343626e-07
DrivingSkill,Theft,"Age,RiskAversion",1.1177849489343626e-07
DrivingSkill,Theft,"Age,RiskAversion",1.1177849489343626e-07
DrivingSkill,Theft,"Age,RiskAversion",1.1177849489343626e-07
DrivingSkill,Theft,"Age,RiskAversion",1.1177849489343626e-07
DrivingSkill,Theft,"Age,RiskAversion",1.1177849489343626e-07
DrivingSkill,DrivHist,"Age,RiskAversion",0.0
DrivingSkill,DrivHist,"Age,RiskAversion",0.0
DrivingSkill,DrivHist,"Age,RiskAversion",0.0
DrivingSkill,DrivHist,"Age,RiskAversion",0.0
DrivingSkill,DrivHist,"Age,RiskAversion",0.0
DrivingSkill,DrivHist,"Age,RiskAversion",0.0
DrivingSkill,DrivHist,"Age,RiskAversion",0.0
DrivingSkill,DrivHist,"Age,RiskAversion",0.0
DrivingSkill,DrivHist,"Age,RiskAversion",0.0
DrivingSkill,DrivHist,"Age,RiskAversion",0.0
SeniorTrain,AntiTheft,"DrivQuality,RiskAversion",0.13851613774190624
SeniorTrain,AntiTheft,"DrivQuality,RiskAversion",0.13851613774190624
SeniorTrain,AntiTheft,"DrivQuality,RiskAversion",0.13851613774190624
SeniorTrain,AntiTheft,"DrivQuality,RiskAversion",0.13851613774190624
SeniorTrain,AntiTheft,"DrivQuality,RiskAversion",0.13851613774190624
SeniorTrain,AntiTheft,"DrivQuality,RiskAversion",0.13851613774190624
SeniorTrain,AntiTheft,"DrivQuality,RiskAversion",0.13851613774190624
SeniorTrain,AntiTheft,"DrivQuality,RiskAversion",0.13851613774190624
SeniorTrain,AntiTheft,"DrivQuality,RiskAversion",0.13851613774190624
SeniorTrain,AntiTheft,"DrivQuality,RiskAversion",0.13851613774190624
SeniorTrain,DrivHist,"DrivQuality,RiskAversion",0.982597247522174
SeniorTrain,DrivHist,"DrivQuality,RiskAversion",0.982597247522174
SeniorTrain,DrivHist,"DrivQuality,RiskAversion",0.982597247522174
SeniorTrain,DrivHist,"DrivQuality,RiskAversion",0.982597247522174
SeniorTrain,DrivHist,"DrivQuality,RiskAversion",0.982597247522174
SeniorTrain,DrivHist,"DrivQuality,RiskAversion",0.982597247522174
SeniorTrain,DrivHist,"DrivQuality,RiskAversion",0.982597247522174
SeniorTrain,DrivHist,"DrivQuality,RiskAversion",0.982597247522174
SeniorTrain,DrivHist,"DrivQuality,RiskAversion",0.982597247522174
SeniorTrain,DrivHist,"DrivQuality,RiskAversion",0.982597247522174
ThisCarCost,Theft,"DrivQuality,ILiCost",0.0737551859452247
ThisCarCost,Theft,"DrivQuality,ILiCost",0.0737551859452247
ThisCarCost,Theft,"DrivQuality,ILiCost",0.0737551859452247
ThisCarCost,Theft,"DrivQuality,ILiCost",0.0737551859452247
ThisCarCost,Theft,"DrivQuality,ILiCost",0.0737551859452247
ThisCarCost,Theft,"DrivQuality,ILiCost",0.0737551859452247
ThisCarCost,Theft,"DrivQuality,ILiCost",0.0737551859452247
ThisCarCost,Theft,"DrivQuality,ILiCost",0.0737551859452247
ThisCarCost,Theft,"DrivQuality,ILiCost",0.0737551859452247
ThisCarCost,Theft,"DrivQuality,ILiCost",0.0737551859452247
ThisCarCost,Theft,"DrivQuality,ILiCost",0.0737551859452247
ThisCarCost,Theft,"DrivQuality,ILiCost",0.0737551859452247
ThisCarCost,Theft,"DrivQuality,ILiCost",0.0737551859452247
ThisCarCost,Theft,"DrivQuality,ILiCost",0.0737551859452247
ThisCarCost,Theft,"DrivQuality,ILiCost",0.0737551859452247
ThisCarCost,Theft,"DrivQuality,ILiCost",0.0737551859452247
ThisCarCost,Theft,"DrivQuality,ILiCost",0.0737551859452247
ThisCarCost,Theft,"DrivQuality,ILiCost",0.0737551859452247
ThisCarCost,Theft,"DrivQuality,ILiCost",0.0737551859452247
ThisCarCost,Theft,"DrivQuality,ILiCost",0.0737551859452247
ThisCarCost,Theft,"DrivQuality,ILiCost",0.0737551859452247
ThisCarCost,Theft,"DrivQuality,ILiCost",0.0737551859452247
ThisCarCost,Theft,"DrivQuality,ILiCost",0.0737551859452247
ThisCarCost,Theft,"DrivQuality,ILiCost",0.0737551859452247
ThisCarCost,Theft,"DrivQuality,ILiCost",0.0737551859452247
ThisCarCost,Theft,"DrivQuality,ILiCost",0.0737551859452247
ThisCarCost,Theft,"DrivQuality,ILiCost",0.0737551859452247
ThisCarCost,Theft,"DrivQuality,ILiCost",0.0737551859452247
ThisCarCost,Theft,"DrivQuality,ILiCost",0.0737551859452247
ThisCarCost,Theft,"DrivQuality,ILiCost",0.0737551859452247
ThisCarCost,Theft,"DrivQuality,ILiCost",0.0737551859452247
ThisCarCost,Theft,"DrivQuality,ILiCost",0.0737551859452247
ThisCarCost,Theft,"DrivQuality,ILiCost",0.0737551859452247
ThisCarCost,Theft,"DrivQuality,ILiCost",0.0737551859452247
ThisCarCost,Theft,"DrivQuality,ILiCost",0.0737551859452247
ThisCarCost,Theft,"DrivQuality,ILiCost",0.0737551859452247
ThisCarCost,Theft,"DrivQuality,ILiCost",0.0737551859452247
ThisCarCost,Theft,"DrivQuality,ILiCost",0.0737551859452247
ThisCarCost,Theft,"DrivQuality,ILiCost",0.0737551859452247
ThisCarCost,Theft,"DrivQuality,ILiCost",0.0737551859452247
ThisCarCost,Theft,"DrivQuality,ILiCost",0.0737551859452247
ThisCarCost,Theft,"DrivQuality,ILiCost",0.0737551859452247
ThisCarCost,Theft,"DrivQuality,ILiCost",0.0737551859452247
ThisCarCost,Theft,"DrivQuality,ILiCost",0.0737551859452247
ThisCarCost,Theft,"DrivQuality,ILiCost",0.0737551859452247
ThisCarCost,Theft,"DrivQuality,ILiCost",0.0737551859452247
ThisCarCost,Theft,"DrivQuality,ILiCost",0.0737551859452247
ThisCarCost,Theft,"DrivQuality,ILiCost",0.0737551859452247
ThisCarCost,Theft,"DrivQuality,ILiCost",0.0737551859452247
ThisCarCost,Theft,"DrivQuality,ILiCost",0.0737551859452247
ThisCarCost,Theft,"DrivQuality,ILiCost",0.0737551859452247
ThisCarCost,Theft,"DrivQuality,ILiCost",0.0737551859452247
ThisCarCost,Theft,"DrivQuality,ILiCost",0.0737551859452247
ThisCarCost,Theft,"DrivQuality,ILiCost",0.0737551859452247
ThisCarCost,Theft,"DrivQuality,ILiCost",0.0737551859452247
ThisCarCost,Theft,"DrivQuality,ILiCost",0.0737551859452247
ThisCarCost,CarValue,"ILiCost,PropCost",0.0
ThisCarCost,CarValue,"ILiCost,PropCost",0.0
ThisCarCost,CarValue,"ILiCost,PropCost",0.0
ThisCarCost,CarValue,"ILiCost,PropCost",0.0
ThisCarCost,CarValue,"ILiCost,PropCost",0.0
ThisCarCost,CarValue,"ILiCost,PropCost",0.0
ThisCarCost,CarValue,"ILiCost,PropCost",0.0
ThisCarCost,CarValue,"ILiCost,PropCost",0.0
ThisCarCost,CarValue,"ILiCost,PropCost",0.0
ThisCarCost,CarValue,"ILiCost,PropCost",0.0
ThisCarCost,CarValue,"ILiCost,PropCost",0.0
ThisCarCost,CarValue,"ILiCost,PropCost",0.0
ThisCarCost,CarValue,"ILiCost,PropCost",0.0
ThisCarCost,CarValue,"ILiCost,PropCost",0.0
ThisCarCost,CarValue,"ILiCost,PropCost",0.0
ThisCarCost,CarValue,"ILiCost,PropCost",0.0
ThisCarCost,CarValue,"ILiCost,PropCost",0.0
ThisCarCost,CarValue,"ILiCost,PropCost",0.0
ThisCarCost,CarValue,"ILiCost,PropCost",0.0
ThisCarCost,CarValue,"ILiCost,PropCost",0.0
ThisCarCost,CarValue,"ILiCost,PropCost",0.0
ThisCarCost,CarValue,"ILiCost,PropCost",0.0
ThisCarCost,CarValue,"ILiCost,PropCost",0.0
ThisCarCost,CarValue,"ILiCost,PropCost",0.0
ThisCarCost,CarValue,"ILiCost,PropCost",0.0
ThisCarCost,CarValue,"ILiCost,PropCost",0.0
ThisCarCost,CarValue,"ILiCost,PropCost",0.0
ThisCarCost,CarValue,"ILiCost,PropCost",0.0
ThisCarCost,CarValue,"ILiCost,PropCost",0.0
ThisCarCost,CarValue,"ILiCost,PropCost",0.0
ThisCarCost,CarValue,"ILiCost,PropCost",0.0
ThisCarCost,CarValue,"ILiCost,PropCost",0.0
ThisCarCost,CarValue,"ILiCost,PropCost",0.0
ThisCarCost,CarValue,"ILiCost,PropCost",0.0
ThisCarCost,CarValue,"ILiCost,PropCost",0.0
ThisCarCost,CarValue,"ILiCost,PropCost",0.0
ThisCarCost,CarValue,"ILiCost,PropCost",0.0
ThisCarCost,CarValue,"ILiCost,PropCost",0.0
ThisCarCost,CarValue,"ILiCost,PropCost",0.0
ThisCarCost,CarValue,"ILiCost,PropCost",0.0
ThisCarCost,CarValue,"ILiCost,PropCost",0.0
ThisCarCost,CarValue,"ILiCost,PropCost",0.0
ThisCarCost,CarValue,"ILiCost,PropCost",0.0
ThisCarCost,CarValue,"ILiCost,PropCost",0.0
ThisCarCost,CarValue,"ILiCost,PropCost",0.0
ThisCarCost,CarValue,"ILiCost,PropCost",0.0
ThisCarCost,CarValue,"ILiCost,PropCost",0.0
ThisCarCost,CarValue,"ILiCost,PropCost",0.0
ThisCarCost,CarValue,"ILiCost,PropCost",0.0
ThisCarCost,CarValue,"ILiCost,PropCost",0.0
ThisCarCost,CarValue,"ILiCost,PropCost",0.0
ThisCarCost,CarValue,"ILiCost,PropCost",0.0
ThisCarCost,CarValue,"ILiCost,PropCost",0.0
ThisCarCost,CarValue,"ILiCost,PropCost",0.0
ThisCarCost,CarValue,"ILiCost,PropCost",0.0
ThisCarCost,CarValue,"ILiCost,PropCost",0.0
ThisCarCost,CarValue,"ILiCost,PropCost",0.0
ThisCarCost,CarValue,"ILiCost,PropCost",0.0
ThisCarCost,CarValue,"ILiCost,PropCost",0.0
ThisCarCost,CarValue,"ILiCost,PropCost",0.0
ThisCarCost,CarValue,"ILiCost,PropCost",0.0
ThisCarCost,CarValue,"ILiCost,PropCost",0.0
ThisCarCost,CarValue,"ILiCost,PropCost",0.0
ThisCarCost,CarValue,"ILiCost,PropCost",0.0
ThisCarCost,CarValue,"ILiCost,PropCost",0.0
ThisCarCost,CarValue,"ILiCost,PropCost",0.0
ThisCarCost,PropCost,"ILiCost,RuggedAuto",0.0
ThisCarCost,PropCost,"ILiCost,RuggedAuto",0.0
ThisCarCost,PropCost,"ILiCost,RuggedAuto",0.0
ThisCarCost,PropCost,"ILiCost,RuggedAuto",0.0
ThisCarCost,PropCost,"ILiCost,RuggedAuto",0.0
ThisCarCost,PropCost,"ILiCost,RuggedAuto",0.0
ThisCarCost,PropCost,"ILiCost,RuggedAuto",0.0
ThisCarCost,PropCost,"ILiCost,RuggedAuto",0.0
ThisCarCost,PropCost,"ILiCost,RuggedAuto",0.0
ThisCarCost,PropCost,"ILiCost,RuggedAuto",0.0
ThisCarCost,PropCost,"ILiCost,RuggedAuto",0.0
ThisCarCost,PropCost,"ILiCost,RuggedAuto",0.0
ThisCarCost,PropCost,"ILiCost,RuggedAuto",0.0
ThisCarCost,PropCost,"ILiCost,RuggedAuto",0.0
ThisCarCost,PropCost,"ILiCost,RuggedAuto",0.0
ThisCarCost,PropCost,"ILiCost,RuggedAuto",0.0
ThisCarCost,PropCost,"ILiCost,RuggedAuto",0.0
ThisCarCost,PropCost,"ILiCost,RuggedAuto",0.0
ThisCarCost,PropCost,"ILiCost,RuggedAuto",0.0
ThisCarCost,PropCost,"ILiCost,RuggedAuto",0.0
ThisCarCost,PropCost,"ILiCost,RuggedAuto",0.0
ThisCarCost,PropCost,"ILiCost,RuggedAuto",0.0
ThisCarCost,PropCost,"ILiCost,RuggedAuto",0.0
ThisCarCost,PropCost,"ILiCost,RuggedAuto",0.0
ThisCarCost,PropCost,"ILiCost,RuggedAuto",0.0
ThisCarCost,PropCost,"ILiCost,RuggedAuto",0.0
ThisCarCost,PropCost,"ILiCost,RuggedAuto",0.0
ThisCarCost,PropCost,"ILiCost,RuggedAuto",0.0
ThisCarCost,PropCost,"ILiCost,RuggedAuto",0.0
ThisCarCost,PropCost,"ILiCost,RuggedAuto",0.0
ThisCarCost,PropCost,"ILiCost,RuggedAuto",0.0
ThisCarCost,PropCost,"ILiCost,RuggedAuto",0.0
ThisCarCost,PropCost,"ILiCost,RuggedAuto",0.0
ThisCarCost,PropCost,"ILiCost,RuggedAuto",0.0
ThisCarCost,PropCost,"ILiCost,RuggedAuto",0.0
ThisCarCost,PropCost,"ILiCost,RuggedAuto",0.0
ThisCarCost,PropCost,"ILiCost,RuggedAuto",0.0
ThisCarCost,PropCost,"ILiCost,RuggedAuto",0.0
ThisCarCost,PropCost,"ILiCost,RuggedAuto",0.0
ThisCarCost,PropCost,"ILiCost,RuggedAuto",0.0
ThisCarCost,PropCost,"ILiCost,RuggedAuto",0.0
ThisCarCost,PropCost,"ILiCost,RuggedAuto",0.0
ThisCarCost,PropCost,"ILiCost,RuggedAuto",0.0
ThisCarCost,PropCost,"ILiCost,RuggedAuto",0.0
ThisCarCost,PropCost,"ILiCost,RuggedAuto",0.0
ThisCarCost,PropCost,"ILiCost,RuggedAuto",0.0
ThisCarCost,PropCost,"ILiCost,RuggedAuto",0.0
ThisCarCost,PropCost,"ILiCost,RuggedAuto",0.0
ThisCarCost,PropCost,"ILiCost,RuggedAuto",0.0
ThisCarCost,PropCost,"ILiCost,RuggedAuto",0.0
ThisCarCost,PropCost,"ILiCost,RuggedAuto",0.0
ThisCarCost,PropCost,"ILiCost,RuggedAuto",0.0
ThisCarCost,PropCost,"ILiCost,RuggedAuto",0.0
ThisCarCost,PropCost,"ILiCost,RuggedAuto",0.0
ThisCarCost,PropCost,"ILiCost,RuggedAuto",0.0
ThisCarCost,PropCost,"ILiCost,RuggedAuto",0.0
ThisCarCost,PropCost,"ILiCost,RuggedAuto",0.0
ThisCarCost,PropCost,"ILiCost,RuggedAuto",0.0
ThisCarCost,PropCost,"ILiCost,RuggedAuto",0.0
ThisCarCost,PropCost,"ILiCost,RuggedAuto",0.0
ThisCarCost,PropCost,"ILiCost,RuggedAuto",0.0
ThisCarCost,PropCost,"ILiCost,RuggedAuto",0.0
ThisCarCost,PropCost,"ILiCost,RuggedAuto",0.0
ThisCarCost,PropCost,"ILiCost,RuggedAuto",0.0
ThisCarCost,PropCost,"ILiCost,RuggedAuto",0.0
ThisCarCost,PropCost,"ILiCost,RuggedAuto",0.0
ThisCarCost,OtherCarCost,"ILiCost,ThisCarDam",0.14950351663092956
ThisCarCost,OtherCarCost,"ILiCost,ThisCarDam",0.14950351663092956
ThisCarCost,OtherCarCost,"ILiCost,ThisCarDam",0.14950351663092956
ThisCarCost,OtherCarCost,"ILiCost,ThisCarDam",0.14950351663092956
ThisCarCost,OtherCarCost,"ILiCost,ThisCarDam",0.14950351663092956
ThisCarCost,OtherCarCost,"ILiCost,ThisCarDam",0.14950351663092956
ThisCarCost,OtherCarCost,"ILiCost,ThisCarDam",0.14950351663092956
ThisCarCost,OtherCarCost,"ILiCost,ThisCarDam",0.14950351663092956
ThisCarCost,OtherCarCost,"ILiCost,ThisCarDam",0.14950351663092956
ThisCarCost,OtherCarCost,"ILiCost,ThisCarDam",0.14950351663092956
ThisCarCost,OtherCarCost,"ILiCost,ThisCarDam",0.14950351663092956
ThisCarCost,OtherCarCost,"ILiCost,ThisCarDam",0.14950351663092956
ThisCarCost,OtherCarCost,"ILiCost,ThisCarDam",0.14950351663092956
ThisCarCost,OtherCarCost,"ILiCost,ThisCarDam",0.14950351663092956
ThisCarCost,OtherCarCost,"ILiCost,ThisCarDam",0.14950351663092956
ThisCarCost,OtherCarCost,"ILiCost,ThisCarDam",0.14950351663092956
ThisCarCost,OtherCarCost,"ILiCost,ThisCarDam",0.14950351663092956
ThisCarCost,OtherCarCost,"ILiCost,ThisCarDam",0.14950351663092956
ThisCarCost,OtherCarCost,"ILiCost,ThisCarDam",0.14950351663092956
ThisCarCost,OtherCarCost,"ILiCost,ThisCarDam",0.14950351663092956
ThisCarCost,OtherCarCost,"ILiCost,ThisCarDam",0.14950351663092956
ThisCarCost,MedCost,"ILiCost,PropCost",2.8968342527514037e-32
ThisCarCost,MedCost,"ILiCost,PropCost",2.8968342527514037e-32
ThisCarCost,MedCost,"ILiCost,PropCost",2.8968342527514037e-32
ThisCarCost,MedCost,"ILiCost,PropCost",2.8968342527514037e-32
ThisCarCost,MedCost,"ILiCost,PropCost",2.8968342527514037e-32
ThisCarCost,MedCost,"ILiCost,PropCost",2.8968342527514037e-32
ThisCarCost,MedCost,"ILiCost,PropCost",2.8968342527514037e-32
ThisCarCost,MedCost,"ILiCost,PropCost",2.8968342527514037e-32
ThisCarCost,MedCost,"ILiCost,PropCost",2.8968342527514037e-32
ThisCarCost,MedCost,"ILiCost,PropCost",2.8968342527514037e-32
ThisCarCost,MedCost,"ILiCost,PropCost",2.8968342527514037e-32
ThisCarCost,MedCost,"ILiCost,PropCost",2.8968342527514037e-32
ThisCarCost,MedCost,"ILiCost,PropCost",2.8968342527514037e-32
ThisCarCost,MedCost,"ILiCost,PropCost",2.8968342527514037e-32
ThisCarCost,MedCost,"ILiCost,PropCost",2.8968342527514037e-32
ThisCarCost,MedCost,"ILiCost,PropCost",2.8968342527514037e-32
ThisCarCost,MedCost,"ILiCost,PropCost",2.8968342527514037e-32
ThisCarCost,MedCost,"ILiCost,PropCost",2.8968342527514037e-32
ThisCarCost,MedCost,"ILiCost,PropCost",2.8968342527514037e-32
ThisCarCost,MedCost,"ILiCost,PropCost",2.8968342527514037e-32
ThisCarCost,MedCost,"ILiCost,PropCost",2.8968342527514037e-32
ThisCarCost,MedCost,"ILiCost,PropCost",2.8968342527514037e-32
ThisCarCost,MedCost,"ILiCost,PropCost",2.8968342527514037e-32
ThisCarCost,MedCost,"ILiCost,PropCost",2.8968342527514037e-32
ThisCarCost,MedCost,"ILiCost,PropCost",2.8968342527514037e-32
ThisCarCost,MedCost,"ILiCost,PropCost",2.8968342527514037e-32
ThisCarCost,MedCost,"ILiCost,PropCost",2.8968342527514037e-32
ThisCarCost,MedCost,"ILiCost,PropCost",2.8968342527514037e-32
ThisCarCost,MedCost,"ILiCost,PropCost",2.8968342527514037e-32
ThisCarCost,MedCost,"ILiCost,PropCost",2.8968342527514037e-32
ThisCarCost,MedCost,"ILiCost,PropCost",2.8968342527514037e-32
ThisCarCost,MedCost,"ILiCost,PropCost",2.8968342527514037e-32
ThisCarCost,MedCost,"ILiCost,PropCost",2.8968342527514037e-32
ThisCarCost,MedCost,"ILiCost,PropCost",2.8968342527514037e-32
ThisCarCost,MedCost,"ILiCost,PropCost",2.8968342527514037e-32
ThisCarCost,MedCost,"ILiCost,PropCost",2.8968342527514037e-32
ThisCarCost,MedCost,"ILiCost,PropCost",2.8968342527514037e-32
ThisCarCost,MedCost,"ILiCost,PropCost",2.8968342527514037e-32
ThisCarCost,MedCost,"ILiCost,PropCost",2.8968342527514037e-32
ThisCarCost,MedCost,"ILiCost,PropCost",2.8968342527514037e-32
ThisCarCost,MedCost,"ILiCost,PropCost",2.8968342527514037e-32
ThisCarCost,MedCost,"ILiCost,PropCost",2.8968342527514037e-32
ThisCarCost,MedCost,"ILiCost,PropCost",2.8968342527514037e-32
ThisCarCost,MedCost,"ILiCost,PropCost",2.8968342527514037e-32
ThisCarCost,MedCost,"ILiCost,PropCost",2.8968342527514037e-32
ThisCarCost,MedCost,"ILiCost,PropCost",2.8968342527514037e-32
ThisCarCost,MedCost,"ILiCost,PropCost",2.8968342527514037e-32
ThisCarCost,MedCost,"ILiCost,PropCost",2.8968342527514037e-32
ThisCarCost,MedCost,"ILiCost,PropCost",2.8968342527514037e-32
ThisCarCost,MedCost,"ILiCost,PropCost",2.8968342527514037e-32
ThisCarCost,MedCost,"ILiCost,PropCost",2.8968342527514037e-32
ThisCarCost,MedCost,"ILiCost,PropCost",2.8968342527514037e-32
ThisCarCost,MedCost,"ILiCost,PropCost",2.8968342527514037e-32
ThisCarCost,MedCost,"ILiCost,PropCost",2.8968342527514037e-32
ThisCarCost,MedCost,"ILiCost,PropCost",2.8968342527514037e-32
ThisCarCost,MedCost,"ILiCost,PropCost",2.8968342527514037e-32
ThisCarCost,MedCost,"ILiCost,PropCost",2.8968342527514037e-32
ThisCarCost,MedCost,"ILiCost,PropCost",2.8968342527514037e-32
ThisCarCost,MedCost,"ILiCost,PropCost",2.8968342527514037e-32
ThisCarCost,MedCost,"ILiCost,PropCost",2.8968342527514037e-32
ThisCarCost,MedCost,"ILiCost,PropCost",2.8968342527514037e-32
ThisCarCost,MedCost,"ILiCost,PropCost",2.8968342527514037e-32
ThisCarCost,MedCost,"ILiCost,PropCost",2.8968342527514037e-32
ThisCarCost,MedCost,"ILiCost,PropCost",2.8968342527514037e-32
ThisCarCost,MedCost,"ILiCost,PropCost",2.8968342527514037e-32
ThisCarCost,MedCost,"ILiCost,PropCost",2.8968342527514037e-32
ThisCarCost,ILiCost,"Theft,ThisCarDam",0.432227849351735
ThisCarCost,ILiCost,"Theft,ThisCarDam",0.432227849351735
ThisCarCost,ILiCost,"Theft,ThisCarDam",0.432227849351735
ThisCarCost,ILiCost,"Theft,ThisCarDam",0.432227849351735
ThisCarCost,ILiCost,"Theft,ThisCarDam",0.432227849351735
ThisCarCost,ILiCost,"Theft,ThisCarDam",0.432227849351735
ThisCarCost,ILiCost,"Theft,ThisCarDam",0.432227849351735
ThisCarCost,ILiCost,"Theft,ThisCarDam",0.432227849351735
ThisCarCost,ILiCost,"Theft,ThisCarDam",0.432227849351735
ThisCarCost,ILiCost,"Theft,ThisCarDam",0.432227849351735
ThisCarCost,ILiCost,"Theft,ThisCarDam",0.432227849351735
ThisCarCost,ILiCost,"Theft,ThisCarDam",0.432227849351735
ThisCarCost,ILiCost,"Theft,ThisCarDam",0.432227849351735
ThisCarCost,ILiCost,"Theft,ThisCarDam",0.432227849351735
Theft,OtherCarCost,"DrivQuality,DrivingSkill",0.2753518125018862
Theft,OtherCarCost,"DrivQuality,DrivingSkill",0.2753518125018862
Theft,OtherCarCost,"DrivQuality,DrivingSkill",0.2753518125018862
CarValue,PropCost,"Mileage,RuggedAuto",6.294305206159595e-81
CarValue,PropCost,"Mileage,RuggedAuto",6.294305206159595e-81
CarValue,PropCost,"Mileage,RuggedAuto",6.294305206159595e-81
CarValue,PropCost,"Mileage,RuggedAuto",6.294305206159595e-81
CarValue,PropCost,"Mileage,RuggedAuto",6.294305206159595e-81
CarValue,PropCost,"Mileage,RuggedAuto",6.294305206159595e-81
CarValue,PropCost,"Mileage,RuggedAuto",6.294305206159595e-81
CarValue,PropCost,"Mileage,RuggedAuto",6.294305206159595e-81
CarValue,PropCost,"Mileage,RuggedAuto",6.294305206159595e-81
CarValue,PropCost,"Mileage,RuggedAuto",6.294305206159595e-81
CarValue,PropCost,"Mileage,RuggedAuto",6.294305206159595e-81
CarValue,PropCost,"Mileage,RuggedAuto",6.294305206159595e-81
CarValue,PropCost,"Mileage,RuggedAuto",6.294305206159595e-81
CarValue,PropCost,"Mileage,RuggedAuto",6.294305206159595e-81
CarValue,PropCost,"Mileage,RuggedAuto",6.294305206159595e-81
CarValue,PropCost,"Mileage,RuggedAuto",6.294305206159595e-81
CarValue,PropCost,"Mileage,RuggedAuto",6.294305206159595e-81
CarValue,PropCost,"Mileage,RuggedAuto",6.294305206159595e-81
CarValue,PropCost,"Mileage,RuggedAuto",6.294305206159595e-81
CarValue,PropCost,"Mileage,RuggedAuto",6.294305206159595e-81
CarValue,PropCost,"Mileage,RuggedAuto",6.294305206159595e-81
CarValue,PropCost,"Mileage,RuggedAuto",6.294305206159595e-81
CarValue,PropCost,"Mileage,RuggedAuto",6.294305206159595e-81
CarValue,PropCost,"Mileage,RuggedAuto",6.294305206159595e-81
CarValue,PropCost,"Mileage,RuggedAuto",6.294305206159595e-81
CarValue,PropCost,"Mileage,RuggedAuto",6.294305206159595e-81
CarValue,PropCost,"Mileage,RuggedAuto",6.294305206159595e-81
CarValue,PropCost,"Mileage,RuggedAuto",6.294305206159595e-81
CarValue,PropCost,"Mileage,RuggedAuto",6.294305206159595e-81
CarValue,PropCost,"Mileage,RuggedAuto",6.294305206159595e-81
CarValue,PropCost,"Mileage,RuggedAuto",6.294305206159595e-81
CarValue,PropCost,"Mileage,RuggedAuto",6.294305206159595e-81
CarValue,PropCost,"Mileage,RuggedAuto",6.294305206159595e-81
CarValue,PropCost,"Mileage,RuggedAuto",6.294305206159595e-81
CarValue,PropCost,"Mileage,RuggedAuto",6.294305206159595e-81
CarValue,PropCost,"Mileage,RuggedAuto",6.294305206159595e-81
CarValue,PropCost,"Mileage,RuggedAuto",6.294305206159595e-81
CarValue,PropCost,"Mileage,RuggedAuto",6.294305206159595e-81
CarValue,PropCost,"Mileage,RuggedAuto",6.294305206159595e-81
CarValue,PropCost,"Mileage,RuggedAuto",6.294305206159595e-81
CarValue,PropCost,"Mileage,RuggedAuto",6.294305206159595e-81
CarValue,PropCost,"Mileage,RuggedAuto",6.294305206159595e-81
CarValue,PropCost,"Mileage,RuggedAuto",6.294305206159595e-81
CarValue,PropCost,"Mileage,RuggedAuto",6.294305206159595e-81
CarValue,PropCost,"Mileage,RuggedAuto",6.294305206159595e-81
CarValue,OtherCarCost,"MakeModel,ThisCarCost",0.1446005496890503
CarValue,Cushioning,"MakeModel,VehicleYear",0.7047707971778524
CarValue,Cushioning,"MakeModel,VehicleYear",0.7047707971778524
CarValue,Cushioning,"MakeModel,VehicleYear",0.7047707971778524
CarValue,Airbag,"Mileage,PropCost",0.0
CarValue,Airbag,"Mileage,PropCost",0.0
CarValue,Airbag,"Mileage,PropCost",0.0
CarValue,Airbag,"Mileage,PropCost",0.0
CarValue,Airbag,"Mileage,PropCost",0.0
CarValue,Airbag,"Mileage,PropCost",0.0
CarValue,Airbag,"Mileage,PropCost",0.0
CarValue,Airbag,"Mileage,PropCost",0.0
CarValue,Airbag,"Mileage,PropCost",0.0
CarValue,Airbag,"Mileage,PropCost",0.0
CarValue,Airbag,"Mileage,PropCost",0.0
CarValue,Airbag,"Mileage,PropCost",0.0
CarValue,Airbag,"Mileage,PropCost",0.0
CarValue,Airbag,"Mileage,PropCost",0.0
CarValue,Airbag,"Mileage,PropCost",0.0
CarValue,Airbag,"Mileage,PropCost",0.0
CarValue,Airbag,"Mileage,PropCost",0.0
CarValue,Airbag,"Mileage,PropCost",0.0
CarValue,Airbag,"Mileage,PropCost",0.0
CarValue,Airbag,"Mileage,PropCost",0.0
CarValue,Airbag,"Mileage,PropCost",0.0
CarValue,Airbag,"Mileage,PropCost",0.0
CarValue,Airbag,"Mileage,PropCost",0.0
CarValue,Airbag,"Mileage,PropCost",0.0
CarValue,Airbag,"Mileage,PropCost",0.0
CarValue,Airbag,"Mileage,PropCost",0.0
CarValue,Airbag,"Mileage,PropCost",0.0
CarValue,Airbag,"Mileage,PropCost",0.0
CarValue,Airbag,"Mileage,PropCost",0.0
CarValue,Airbag,"Mileage,PropCost",0.0
CarValue,Airbag,"Mileage,PropCost",0.0
CarValue,Airbag,"Mileage,PropCost",0.0
CarValue,Airbag,"Mileage,PropCost",0.0
CarValue,Airbag,"Mileage,PropCost",0.0
CarValue,Airbag,"Mileage,PropCost",0.0
CarValue,Airbag,"Mileage,PropCost",0.0
CarValue,Airbag,"Mileage,PropCost",0.0
CarValue,Airbag,"Mileage,PropCost",0.0
CarValue,Airbag,"Mileage,PropCost",0.0
CarValue,Airbag,"Mileage,PropCost",0.0
CarValue,Airbag,"Mileage,PropCost",0.0
CarValue,Airbag,"Mileage,PropCost",0.0
CarValue,Airbag,"Mileage,PropCost",0.0
CarValue,Airbag,"Mileage,PropCost",0.0
CarValue,Airbag,"Mileage,PropCost",0.0
HomeBase,AntiTheft,"RiskAversion,SocioEcon",0.000512129576439185
HomeBase,AntiTheft,"RiskAversion,SocioEcon",0.000512129576439185
HomeBase,AntiTheft,"RiskAversion,SocioEcon",0.000512129576439185
PropCost,OtherCarCost,"Accident,ILiCost",0.0
PropCost,OtherCarCost,"Accident,ILiCost",0.0
PropCost,OtherCarCost,"Accident,ILiCost",0.0
PropCost,OtherCarCost,"Accident,ILiCost",0.0
PropCost,OtherCarCost,"Accident,ILiCost",0.0
PropCost,OtherCarCost,"Accident,ILiCost",0.0
PropCost,OtherCarCost,"Accident,ILiCost",0.0
PropCost,OtherCarCost,"Accident,ILiCost",0.0
PropCost,OtherCarCost,"Accident,ILiCost",0.0
PropCost,OtherCarCost,"Accident,ILiCost",0.0
PropCost,OtherCarCost,"Accident,ILiCost",0.0
PropCost,OtherCarCost,"Accident,ILiCost",0.0
PropCost,OtherCarCost,"Accident,ILiCost",0.0
PropCost,OtherCarCost,"Accident,ILiCost",0.0
PropCost,OtherCarCost,"Accident,ILiCost",0.0
PropCost,OtherCarCost,"Accident,ILiCost",0.0
PropCost,OtherCarCost,"Accident,ILiCost",0.0
PropCost,OtherCarCost,"Accident,ILiCost",0.0
PropCost,OtherCarCost,"Accident,ILiCost",0.0
PropCost,OtherCarCost,"Accident,ILiCost",0.0
PropCost,OtherCarCost,"Accident,ILiCost",0.0
PropCost,MedCost,"ThisCarCost,ThisCarDam",0.8558373967883982
PropCost,ILiCost,"CarValue,ThisCarCost",0.0963812698686575
PropCost,ILiCost,"CarValue,ThisCarCost",0.0963812698686575
PropCost,ILiCost,"CarValue,ThisCarCost",0.0963812698686575
PropCost,ILiCost,"CarValue,ThisCarCost",0.0963812698686575
OtherCarCost,MedCost,"ThisCarCost,ThisCarDam",0.8788147889925351
OtherCarCost,MedCost,"ThisCarCost,ThisCarDam",0.8788147889925351
OtherCarCost,MedCost,"ThisCarCost,ThisCarDam",0.8788147889925351
OtherCarCost,MedCost,"ThisCarCost,ThisCarDam",0.8788147889925351
OtherCarCost,MedCost,"ThisCarCost,ThisCarDam",0.8788147889925351
OtherCarCost,MedCost,"ThisCarCost,ThisCarDam",0.8788147889925351
OtherCarCost,MedCost,"ThisCarCost,ThisCarDam",0.8788147889925351
OtherCarCost,MedCost,"ThisCarCost,ThisCarDam",0.8788147889925351
OtherCarCost,MedCost,"ThisCarCost,ThisCarDam",0.8788147889925351
OtherCarCost,MedCost,"ThisCarCost,ThisCarDam",0.8788147889925351
OtherCarCost,MedCost,"ThisCarCost,ThisCarDam",0.8788147889925351
OtherCarCost,MedCost,"ThisCarCost,ThisCarDam",0.8788147889925351
OtherCarCost,Cushioning,"MakeModel,ThisCarCost",0.8174590506785795
OtherCarCost,ILiCost,"Accident,PropCost",1.8761148997684696e-12
OtherCarCost,ILiCost,"Accident,PropCost",1.8761148997684696e-12
OtherCarCost,ILiCost,"Accident,PropCost",1.8761148997684696e-12
OtherCarCost,ILiCost,"Accident,PropCost",1.8761148997684696e-12
OtherCarCost,ILiCost,"Accident,PropCost",1.8761148997684696e-12
OtherCarCost,ILiCost,"Accident,PropCost",1.8761148997684696e-12
OtherCarCost,ILiCost,"Accident,PropCost",1.8761148997684696e-12
OtherCarCost,ILiCost,"Accident,PropCost",1.8761148997684696e-12
OtherCarCost,ILiCost,"Accident,PropCost",1.8761148997684696e-12
OtherCarCost,ILiCost,"Accident,PropCost",1.8761148997684696e-12
OtherCarCost,ILiCost,"Accident,PropCost",1.8761148997684696e-12
OtherCarCost,ILiCost,"Accident,PropCost",1.8761148997684696e-12
OtherCarCost,ILiCost,"Accident,PropCost",1.8761148997684696e-12
OtherCarCost,ILiCost,"Accident,PropCost",1.8761148997684696e-12
OtherCarCost,ILiCost,"Accident,PropCost",1.8761148997684696e-12
OtherCarCost,ILiCost,"Accident,PropCost",1.8761148997684696e-12
OtherCarCost,ILiCost,"Accident,PropCost",1.8761148997684696e-12
OtherCarCost,ILiCost,"Accident,PropCost",1.8761148997684696e-12
OtherCarCost,ILiCost,"Accident,PropCost",1.8761148997684696e-12
OtherCarCost,ILiCost,"Accident,PropCost",1.8761148997684696e-12
OtherCarCost,ILiCost,"Accident,PropCost",1.8761148997684696e-12
OtherCarCost,ILiCost,"Accident,PropCost",1.8761148997684696e-12
OtherCarCost,ILiCost,"Accident,PropCost",1.8761148997684696e-12
OtherCarCost,ILiCost,"Accident,PropCost",1.8761148997684696e-12
OtherCarCost,ILiCost,"Accident,PropCost",1.8761148997684696e-12
OtherCarCost,ILiCost,"Accident,PropCost",1.8761148997684696e-12
OtherCarCost,ILiCost,"Accident,PropCost",1.8761148997684696e-12
OtherCarCost,ILiCost,"Accident,PropCost",1.8761148997684696e-12
OtherCarCost,ILiCost,"Accident,PropCost",1.8761148997684696e-12
OtherCarCost,ILiCost,"Accident,PropCost",1.8761148997684696e-12
OtherCarCost,ILiCost,"Accident,PropCost",1.8761148997684696e-12
OtherCarCost,ILiCost,"Accident,PropCost",1.8761148997684696e-12
OtherCarCost,ILiCost,"Accident,PropCost",1.8761148997684696e-12
OtherCarCost,ILiCost,"Accident,PropCost",1.8761148997684696e-12
OtherCarCost,ILiCost,"Accident,PropCost",1.8761148997684696e-12
OtherCarCost,ILiCost,"Accident,PropCost",1.8761148997684696e-12
OtherCarCost,ILiCost,"Accident,PropCost",1.8761148997684696e-12
OtherCarCost,ILiCost,"Accident,PropCost",1.8761148997684696e-12
OtherCarCost,ILiCost,"Accident,PropCost",1.8761148997684696e-12
OtherCarCost,ILiCost,"Accident,PropCost",1.8761148997684696e-12
OtherCarCost,ILiCost,"Accident,PropCost",1.8761148997684696e-12
OtherCarCost,ILiCost,"Accident,PropCost",1.8761148997684696e-12
OtherCarCost,ILiCost,"Accident,PropCost",1.8761148997684696e-12
OtherCarCost,ILiCost,"Accident,PropCost",1.8761148997684696e-12
OtherCarCost,ILiCost,"Accident,PropCost",1.8761148997684696e-12
OtherCarCost,ILiCost,"Accident,PropCost",1.8761148997684696e-12
OtherCarCost,ILiCost,"Accident,PropCost",1.8761148997684696e-12
OtherCarCost,ILiCost,"Accident,PropCost",1.8761148997684696e-12
OtherCarCost,ILiCost,"Accident,PropCost",1.8761148997684696e-12
OtherCarCost,ILiCost,"Accident,PropCost",1.8761148997684696e-12
OtherCarCost,ILiCost,"Accident,PropCost",1.8761148997684696e-12
OtherCarCost,ILiCost,"Accident,PropCost",1.8761148997684696e-12
OtherCarCost,ILiCost,"Accident,PropCost",1.8761148997684696e-12
OtherCarCost,ILiCost,"Accident,PropCost",1.8761148997684696e-12
OtherCarCost,ILiCost,"Accident,PropCost",1.8761148997684696e-12
OtherCarCost,ILiCost,"Accident,PropCost",1.8761148997684696e-12
OtherCarCost,ILiCost,"Accident,PropCost",1.8761148997684696e-12
OtherCarCost,ILiCost,"Accident,PropCost",1.8761148997684696e-12
OtherCarCost,ILiCost,"Accident,PropCost",1.8761148997684696e-12
OtherCarCost,ILiCost,"Accident,PropCost",1.8761148997684696e-12
OtherCarCost,ILiCost,"Accident,PropCost",1.8761148997684696e-12
OtherCarCost,ILiCost,"Accident,PropCost",1.8761148997684696e-12
OtherCarCost,ILiCost,"Accident,PropCost",1.8761148997684696e-12
OtherCarCost,ILiCost,"Accident,PropCost",1.8761148997684696e-12
OtherCarCost,ILiCost,"Accident,PropCost",1.8761148997684696e-12
OtherCarCost,ILiCost,"Accident,PropCost",1.8761148997684696e-12
MedCost,Cushioning,"Accident,ILiCost",1.1282122388318256e-192
MedCost,Cushioning,"Accident,ILiCost",1.1282122388318256e-192
MedCost,Cushioning,"Accident,ILiCost",1.1282122388318256e-192
MedCost,Cushioning,"Accident,ILiCost",1.1282122388318256e-192
MedCost,Cushioning,"Accident,ILiCost",1.1282122388318256e-192
MedCost,Cushioning,"Accident,ILiCost",1.1282122388318256e-192
MedCost,Cushioning,"Accident,ILiCost",1.1282122388318256e-192
MedCost,Cushioning,"Accident,ILiCost",1.1282122388318256e-192
MedCost,Cushioning,"Accident,ILiCost",1.1282122388318256e-192
MedCost,Cushioning,"Accident,ILiCost",1.1282122388318256e-192
MedCost,Cushioning,"Accident,ILiCost",1.1282122388318256e-192
MedCost,Cushioning,"Accident,ILiCost",1.1282122388318256e-192
MedCost,Cushioning,"Accident,ILiCost",1.1282122388318256e-192
MedCost,Cushioning,"Accident,ILiCost",1.1282122388318256e-192
MedCost,Cushioning,"Accident,ILiCost",1.1282122388318256e-192
MedCost,Cushioning,"Accident,ILiCost",1.1282122388318256e-192
MedCost,Cushioning,"Accident,ILiCost",1.1282122388318256e-192
MedCost,Cushioning,"Accident,ILiCost",1.1282122388318256e-192
MedCost,Cushioning,"Accident,ILiCost",1.1282122388318256e-192
MedCost,Cushioning,"Accident,ILiCost",1.1282122388318256e-192
MedCost,Cushioning,"Accident,ILiCost",1.1282122388318256e-192
MedCost,Cushioning,"Accident,ILiCost",1.1282122388318256e-192
MedCost,Cushioning,"Accident,ILiCost",1.1282122388318256e-192
MedCost,Cushioning,"Accident,ILiCost",1.1282122388318256e-192
MedCost,Cushioning,"Accident,ILiCost",1.1282122388318256e-192
MedCost,Cushioning,"Accident,ILiCost",1.1282122388318256e-192
MedCost,Cushioning,"Accident,ILiCost",1.1282122388318256e-192
MedCost,Cushioning,"Accident,ILiCost",1.1282122388318256e-192
MedCost,Cushioning,"Accident,ILiCost",1.1282122388318256e-192
MedCost,Cushioning,"Accident,ILiCost",1.1282122388318256e-192
MedCost,Cushioning,"Accident,ILiCost",1.1282122388318256e-192
MedCost,Cushioning,"Accident,ILiCost",1.1282122388318256e-192
MedCost,Cushioning,"Accident,ILiCost",1.1282122388318256e-192
MedCost,Cushioning,"Accident,ILiCost",1.1282122388318256e-192
MedCost,Cushioning,"Accident,ILiCost",1.1282122388318256e-192
MedCost,Cushioning,"Accident,ILiCost",1.1282122388318256e-192
MedCost,ILiCost,"MakeModel,OtherCarCost",0.3999986192590609
MedCost,ILiCost,"MakeModel,OtherCarCost",0.3999986192590609
MedCost,ILiCost,"MakeModel,OtherCarCost",0.3999986192590609
Cushioning,Airbag,"RuggedAuto,SocioEcon",6.774641086555442e-292
Cushioning,Airbag,"RuggedAuto,SocioEcon",6.774641086555442e-292
Cushioning,Airbag,"RuggedAuto,SocioEcon",6.774641086555442e-292
Cushioning,Airbag,"RuggedAuto,SocioEcon",6.774641086555442e-292
Cushioning,Airbag,"RuggedAuto,SocioEcon",6.774641086555442e-292
Cushioning,Airbag,"RuggedAuto,SocioEcon",6.774641086555442e-292
Cushioning,Airbag,"RuggedAuto,SocioEcon",6.774641086555442e-292
Cushioning,Airbag,"RuggedAuto,SocioEcon",6.774641086555442e-292
Cushioning,Airbag,"RuggedAuto,SocioEcon",6.774641086555442e-292
Cushioning,Airbag,"RuggedAuto,SocioEcon",6.774641086555442e-292
Cushioning,Airbag,"RuggedAuto,SocioEcon",6.774641086555442e-292
Cushioning,Airbag,"RuggedAuto,SocioEcon",6.774641086555442e-292
Cushioning,Airbag,"RuggedAuto,SocioEcon",6.774641086555442e-292
Cushioning,Airbag,"RuggedAuto,SocioEcon",6.774641086555442e-292
Cushioning,Airbag,"RuggedAuto,SocioEcon",6.774641086555442e-292
Cushioning,Airbag,"RuggedAuto,SocioEcon",6.774641086555442e-292
Cushioning,Airbag,"RuggedAuto,SocioEcon",6.774641086555442e-292
Cushioning,Airbag,"RuggedAuto,SocioEcon",6.774641086555442e-292
Cushioning,Airbag,"RuggedAuto,SocioEcon",6.774641086555442e-292
Cushioning,Airbag,"RuggedAuto,SocioEcon",6.774641086555442e-292
Cushioning,Airbag,"RuggedAuto,SocioEcon",6.774641086555442e-292
Age,SocioEcon,"GoodStudent,RiskAversion,SeniorTrain",4.820735191199673e-10
Age,SocioEcon,"GoodStudent,RiskAversion,SeniorTrain",4.820735191199673e-10
Age,SocioEcon,"GoodStudent,RiskAversion,SeniorTrain",4.820735191199673e-10
Age,SocioEcon,"GoodStudent,RiskAversion,SeniorTrain",4.820735191199673e-10
Age,RiskAversion,"DrivingSkill,GoodStudent,SeniorTrain",5.425330663530715e-32
Age,RiskAversion,"DrivingSkill,GoodStudent,SeniorTrain",5.425330663530715e-32
Age,RiskAversion,"DrivingSkill,GoodStudent,SeniorTrain",5.425330663530715e-32
Age,RiskAversion,"DrivingSkill,GoodStudent,SeniorTrain",5.425330663530715e-32
Age,DrivingSkill,"RiskAversion,SeniorTrain,SocioEcon",0.05422402727737215
Age,DrivingSkill,"RiskAversion,SeniorTrain,SocioEcon",0.05422402727737215
Age,SeniorTrain,"DrivingSkill,GoodStudent,RiskAversion",3.853790083952143e-128
Age,SeniorTrain,"DrivingSkill,GoodStudent,RiskAversion",3.853790083952143e-128
Age,SeniorTrain,"DrivingSkill,GoodStudent,RiskAversion",3.853790083952143e-128
Age,SeniorTrain,"DrivingSkill,GoodStudent,RiskAversion",3.853790083952143e-128
SocioEcon,VehicleYear,"Age,Airbag,Antilock",3.153141472153648e-08
SocioEcon,VehicleYear,"Age,Airbag,Antilock",3.153141472153648e-08
SocioEcon,VehicleYear,"Age,Airbag,Antilock",3.153141472153648e-08
SocioEcon,VehicleYear,"Age,Airbag,Antilock",3.153141472153648e-08
SocioEcon,VehicleYear,"Age,Airbag,Antilock",3.153141472153648e-08
SocioEcon,VehicleYear,"Age,Airbag,Antilock",3.153141472153648e-08
SocioEcon,VehicleYear,"Age,Airbag,Antilock",3.153141472153648e-08
SocioEcon,VehicleYear,"Age,Airbag,Antilock",3.153141472153648e-08
SocioEcon,VehicleYear,"Age,Airbag,Antilock",3.153141472153648e-08
SocioEcon,VehicleYear,"Age,Airbag,Antilock",3.153141472153648e-08
SocioEcon,VehicleYear,"Age,Airbag,Antilock",3.153141472153648e-08
SocioEcon,VehicleYear,"Age,Airbag,Antilock",3.153141472153648e-08
SocioEcon,VehicleYear,"Age,Airbag,Antilock",3.153141472153648e-08
SocioEcon,VehicleYear,"Age,Airbag,Antilock",3.153141472153648e-08
SocioEcon,VehicleYear,"Age,Airbag,Antilock",3.153141472153648e-08
SocioEcon,VehicleYear,"Age,Airbag,Antilock",3.153141472153648e-08
SocioEcon,VehicleYear,"Age,Airbag,Antilock",3.153141472153648e-08
SocioEcon,VehicleYear,"Age,Airbag,Antilock",3.153141472153648e-08
SocioEcon,VehicleYear,"Age,Airbag,Antilock",3.153141472153648e-08
SocioEcon,VehicleYear,"Age,Airbag,Antilock",3.153141472153648e-08
SocioEcon,VehicleYear,"Age,Airbag,Antilock",3.153141472153648e-08
SocioEcon,VehicleYear,"Age,Airbag,Antilock",3.153141472153648e-08
SocioEcon,VehicleYear,"Age,Airbag,Antilock",3.153141472153648e-08
SocioEcon,VehicleYear,"Age,Airbag,Antilock",3.153141472153648e-08
SocioEcon,VehicleYear,"Age,Airbag,Antilock",3.153141472153648e-08
SocioEcon,VehicleYear,"Age,Airbag,Antilock",3.153141472153648e-08
SocioEcon,VehicleYear,"Age,Airbag,Antilock",3.153141472153648e-08
SocioEcon,VehicleYear,"Age,Airbag,Antilock",3.153141472153648e-08
SocioEcon,VehicleYear,"Age,Airbag,Antilock",3.153141472153648e-08
SocioEcon,VehicleYear,"Age,Airbag,Antilock",3.153141472153648e-08
SocioEcon,VehicleYear,"Age,Airbag,Antilock",3.153141472153648e-08
SocioEcon,VehicleYear,"Age,Airbag,Antilock",3.153141472153648e-08
SocioEcon,VehicleYear,"Age,Airbag,Antilock",3.153141472153648e-08
SocioEcon,VehicleYear,"Age,Airbag,Antilock",3.153141472153648e-08
SocioEcon,VehicleYear,"Age,Airbag,Antilock",3.153141472153648e-08
SocioEcon,VehicleYear,"Age,Airbag,Antilock",3.153141472153648e-08
SocioEcon,VehicleYear,"Age,Airbag,Antilock",3.153141472153648e-08
SocioEcon,VehicleYear,"Age,Airbag,Antilock",3.153141472153648e-08
SocioEcon,VehicleYear,"Age,Airbag,Antilock",3.153141472153648e-08
SocioEcon,VehicleYear,"Age,Airbag,Antilock",3.153141472153648e-08
SocioEcon,VehicleYear,"Age,Airbag,Antilock",3.153141472153648e-08
SocioEcon,VehicleYear,"Age,Airbag,Antilock",3.153141472153648e-08
SocioEcon,VehicleYear,"Age,Airbag,Antilock",3.153141472153648e-08
SocioEcon,VehicleYear,"Age,Airbag,Antilock",3.153141472153648e-08
SocioEcon,VehicleYear,"Age,Airbag,Antilock",3.153141472153648e-08
SocioEcon,VehicleYear,"Age,Airbag,Antilock",3.153141472153648e-08
SocioEcon,VehicleYear,"Age,Airbag,Antilock",3.153141472153648e-08
SocioEcon,VehicleYear,"Age,Airbag,Antilock",3.153141472153648e-08
SocioEcon,VehicleYear,"Age,Airbag,Antilock",3.153141472153648e-08
SocioEcon,VehicleYear,"Age,Airbag,Antilock",3.153141472153648e-08
SocioEcon,VehicleYear,"Age,Airbag,Antilock",3.153141472153648e-08
SocioEcon,VehicleYear,"Age,Airbag,Antilock",3.153141472153648e-08
SocioEcon,VehicleYear,"Age,Airbag,Antilock",3.153141472153648e-08
SocioEcon,VehicleYear,"Age,Airbag,Antilock",3.153141472153648e-08
SocioEcon,VehicleYear,"Age,Airbag,Antilock",3.153141472153648e-08
SocioEcon,VehicleYear,"Age,Airbag,Antilock",3.153141472153648e-08
SocioEcon,VehicleYear,"Age,Airbag,Antilock",3.153141472153648e-08
SocioEcon,VehicleYear,"Age,Airbag,Antilock",3.153141472153648e-08
SocioEcon,VehicleYear,"Age,Airbag,Antilock",3.153141472153648e-08
SocioEcon,VehicleYear,"Age,Airbag,Antilock",3.153141472153648e-08
SocioEcon,VehicleYear,"Age,Airbag,Antilock",3.153141472153648e-08
SocioEcon,VehicleYear,"Age,Airbag,Antilock",3.153141472153648e-08
SocioEcon,VehicleYear,"Age,Airbag,Antilock",3.153141472153648e-08
SocioEcon,VehicleYear,"Age,Airbag,Antilock",3.153141472153648e-08
SocioEcon,VehicleYear,"Age,Airbag,Antilock",3.153141472153648e-08
SocioEcon,VehicleYear,"Age,Airbag,Antilock",3.153141472153648e-08
SocioEcon,VehicleYear,"Age,Airbag,Antilock",3.153141472153648e-08
SocioEcon,VehicleYear,"Age,Airbag,Antilock",3.153141472153648e-08
SocioEcon,VehicleYear,"Age,Airbag,Antilock",3.153141472153648e-08
SocioEcon,VehicleYear,"Age,Airbag,Antilock",3.153141472153648e-08
SocioEcon,VehicleYear,"Age,Airbag,Antilock",3.153141472153648e-08
SocioEcon,VehicleYear,"Age,Airbag,Antilock",3.153141472153648e-08
SocioEcon,VehicleYear,"Age,Airbag,Antilock",3.153141472153648e-08
SocioEcon,VehicleYear,"Age,Airbag,Antilock",3.153141472153648e-08
SocioEcon,VehicleYear,"Age,Airbag,Antilock",3.153141472153648e-08
SocioEcon,VehicleYear,"Age,Airbag,Antilock",3.153141472153648e-08
SocioEcon,VehicleYear,"Age,Airbag,Antilock",3.153141472153648e-08
SocioEcon,VehicleYear,"Age,Airbag,Antilock",3.153141472153648e-08
SocioEcon,VehicleYear,"Age,Airbag,Antilock",3.153141472153648e-08
SocioEcon,VehicleYear,"Age,Airbag,Antilock",3.153141472153648e-08
SocioEcon,VehicleYear,"Age,Airbag,Antilock",3.153141472153648e-08
SocioEcon,VehicleYear,"Age,Airbag,Antilock",3.153141472153648e-08
SocioEcon,VehicleYear,"Age,Airbag,Antilock",3.153141472153648e-08
SocioEcon,VehicleYear,"Age,Airbag,Antilock",3.153141472153648e-08
SocioEcon,MakeModel,"Age,Airbag,Antilock",2.530101663597552e-278
SocioEcon,MakeModel,"Age,Airbag,Antilock",2.530101663597552e-278
SocioEcon,MakeModel,"Age,Airbag,Antilock",2.530101663597552e-278
SocioEcon,MakeModel,"Age,Airbag,Antilock",2.530101663597552e-278
SocioEcon,MakeModel,"Age,Airbag,Antilock",2.530101663597552e-278
SocioEcon,MakeModel,"Age,Airbag,Antilock",2.530101663597552e-278
SocioEcon,MakeModel,"Age,Airbag,Antilock",2.530101663597552e-278
SocioEcon,MakeModel,"Age,Airbag,Antilock",2.530101663597552e-278
SocioEcon,MakeModel,"Age,Airbag,Antilock",2.530101663597552e-278
SocioEcon,MakeModel,"Age,Airbag,Antilock",2.530101663597552e-278
SocioEcon,MakeModel,"Age,Airbag,Antilock",2.530101663597552e-278
SocioEcon,MakeModel,"Age,Airbag,Antilock",2.530101663597552e-278
SocioEcon,MakeModel,"Age,Airbag,Antilock",2.530101663597552e-278
SocioEcon,MakeModel,"Age,Airbag,Antilock",2.530101663597552e-278
SocioEcon,MakeModel,"Age,Airbag,Antilock",2.530101663597552e-278
SocioEcon,MakeModel,"Age,Airbag,Antilock",2.530101663597552e-278
SocioEcon,MakeModel,"Age,Airbag,Antilock",2.530101663597552e-278
SocioEcon,MakeModel,"Age,Airbag,Antilock",2.530101663597552e-278
SocioEcon,MakeModel,"Age,Airbag,Antilock",2.530101663597552e-278
SocioEcon,MakeModel,"Age,Airbag,Antilock",2.530101663597552e-278
SocioEcon,MakeModel,"Age,Airbag,Antilock",2.530101663597552e-278
SocioEcon,MakeModel,"Age,Airbag,Antilock",2.530101663597552e-278
SocioEcon,MakeModel,"Age,Airbag,Antilock",2.530101663597552e-278
SocioEcon,MakeModel,"Age,Airbag,Antilock",2.530101663597552e-278
SocioEcon,MakeModel,"Age,Airbag,Antilock",2.530101663597552e-278
SocioEcon,MakeModel,"Age,Airbag,Antilock",2.530101663597552e-278
SocioEcon,MakeModel,"Age,Airbag,Antilock",2.530101663597552e-278
SocioEcon,MakeModel,"Age,Airbag,Antilock",2.530101663597552e-278
SocioEcon,MakeModel,"Age,Airbag,Antilock",2.530101663597552e-278
SocioEcon,MakeModel,"Age,Airbag,Antilock",2.530101663597552e-278
SocioEcon,MakeModel,"Age,Airbag,Antilock",2.530101663597552e-278
SocioEcon,MakeModel,"Age,Airbag,Antilock",2.530101663597552e-278
SocioEcon,MakeModel,"Age,Airbag,Antilock",2.530101663597552e-278
SocioEcon,MakeModel,"Age,Airbag,Antilock",2.530101663597552e-278
SocioEcon,MakeModel,"Age,Airbag,Antilock",2.530101663597552e-278
SocioEcon,MakeModel,"Age,Airbag,Antilock",2.530101663597552e-278
SocioEcon,MakeModel,"Age,Airbag,Antilock",2.530101663597552e-278
SocioEcon,MakeModel,"Age,Airbag,Antilock",2.530101663597552e-278
SocioEcon,MakeModel,"Age,Airbag,Antilock",2.530101663597552e-278
SocioEcon,MakeModel,"Age,Airbag,Antilock",2.530101663597552e-278
SocioEcon,MakeModel,"Age,Airbag,Antilock",2.530101663597552e-278
SocioEcon,MakeModel,"Age,Airbag,Antilock",2.530101663597552e-278
SocioEcon,MakeModel,"Age,Airbag,Antilock",2.530101663597552e-278
SocioEcon,MakeModel,"Age,Airbag,Antilock",2.530101663597552e-278
SocioEcon,MakeModel,"Age,Airbag,Antilock",2.530101663597552e-278
SocioEcon,MakeModel,"Age,Airbag,Antilock",2.530101663597552e-278
SocioEcon,MakeModel,"Age,Airbag,Antilock",2.530101663597552e-278
SocioEcon,MakeModel,"Age,Airbag,Antilock",2.530101663597552e-278
SocioEcon,MakeModel,"Age,Airbag,Antilock",2.530101663597552e-278
SocioEcon,MakeModel,"Age,Airbag,Antilock",2.530101663597552e-278
SocioEcon,MakeModel,"Age,Airbag,Antilock",2.530101663597552e-278
SocioEcon,MakeModel,"Age,Airbag,Antilock",2.530101663597552e-278
SocioEcon,MakeModel,"Age,Airbag,Antilock",2.530101663597552e-278
SocioEcon,MakeModel,"Age,Airbag,Antilock",2.530101663597552e-278
SocioEcon,MakeModel,"Age,Airbag,Antilock",2.530101663597552e-278
SocioEcon,MakeModel,"Age,Airbag,Antilock",2.530101663597552e-278
SocioEcon,MakeModel,"Age,Airbag,Antilock",2.530101663597552e-278
SocioEcon,MakeModel,"Age,Airbag,Antilock",2.530101663597552e-278
SocioEcon,MakeModel,"Age,Airbag,Antilock",2.530101663597552e-278
SocioEcon,MakeModel,"Age,Airbag,Antilock",2.530101663597552e-278
SocioEcon,MakeModel,"Age,Airbag,Antilock",2.530101663597552e-278
SocioEcon,MakeModel,"Age,Airbag,Antilock",2.530101663597552e-278
SocioEcon,MakeModel,"Age,Airbag,Antilock",2.530101663597552e-278
SocioEcon,MakeModel,"Age,Airbag,Antilock",2.530101663597552e-278
SocioEcon,MakeModel,"Age,Airbag,Antilock",2.530101663597552e-278
SocioEcon,MakeModel,"Age,Airbag,Antilock",2.530101663597552e-278
SocioEcon,MakeModel,"Age,Airbag,Antilock",2.530101663597552e-278
SocioEcon,MakeModel,"Age,Airbag,Antilock",2.530101663597552e-278
SocioEcon,MakeModel,"Age,Airbag,Antilock",2.530101663597552e-278
SocioEcon,MakeModel,"Age,Airbag,Antilock",2.530101663597552e-278
SocioEcon,MakeModel,"Age,Airbag,Antilock",2.530101663597552e-278
SocioEcon,MakeModel,"Age,Airbag,Antilock",2.530101663597552e-278
SocioEcon,MakeModel,"Age,Airbag,Antilock",2.530101663597552e-278
SocioEcon,MakeModel,"Age,Airbag,Antilock",2.530101663597552e-278
SocioEcon,MakeModel,"Age,Airbag,Antilock",2.530101663597552e-278
SocioEcon,MakeModel,"Age,Airbag,Antilock",2.530101663597552e-278
SocioEcon,MakeModel,"Age,Airbag,Antilock",2.530101663597552e-278
SocioEcon,MakeModel,"Age,Airbag,Antilock",2.530101663597552e-278
SocioEcon,MakeModel,"Age,Airbag,Antilock",2.530101663597552e-278
SocioEcon,MakeModel,"Age,Airbag,Antilock",2.530101663597552e-278
SocioEcon,MakeModel,"Age,Airbag,Antilock",2.530101663597552e-278
SocioEcon,MakeModel,"Age,Airbag,Antilock",2.530101663597552e-278
SocioEcon,MakeModel,"Age,Airbag,Antilock",2.530101663597552e-278
SocioEcon,MakeModel,"Age,Airbag,Antilock",2.530101663597552e-278
SocioEcon,Antilock,"AntiTheft,CarValue,MakeModel",0.13340537621836304
SocioEcon,Antilock,"AntiTheft,CarValue,MakeModel",0.13340537621836304
SocioEcon,Antilock,"AntiTheft,CarValue,MakeModel",0.13340537621836304
SocioEcon,CarValue,"Airbag,MakeModel,VehicleYear",0.16745770296308635
SocioEcon,CarValue,"Airbag,MakeModel,VehicleYear",0.16745770296308635
SocioEcon,CarValue,"Airbag,MakeModel,VehicleYear",0.16745770296308635
SocioEcon,CarValue,"Airbag,MakeModel,VehicleYear",0.16745770296308635
SocioEcon,CarValue,"Airbag,MakeModel,VehicleYear",0.16745770296308635
SocioEcon,CarValue,"Airbag,MakeModel,VehicleYear",0.16745770296308635
SocioEcon,CarValue,"Airbag,MakeModel,VehicleYear",0.16745770296308635
SocioEcon,CarValue,"Airbag,MakeModel,VehicleYear",0.16745770296308635
SocioEcon,CarValue,"Airbag,MakeModel,VehicleYear",0.16745770296308635
SocioEcon,CarValue,"Airbag,MakeModel,VehicleYear",0.16745770296308635
SocioEcon,CarValue,"Airbag,MakeModel,VehicleYear",0.16745770296308635
SocioEcon,CarValue,"Airbag,MakeModel,VehicleYear",0.16745770296308635
SocioEcon,CarValue,"Airbag,MakeModel,VehicleYear",0.16745770296308635
SocioEcon,CarValue,"Airbag,MakeModel,VehicleYear",0.16745770296308635
SocioEcon,CarValue,"Airbag,MakeModel,VehicleYear",0.16745770296308635
SocioEcon,CarValue,"Airbag,MakeModel,VehicleYear",0.16745770296308635
SocioEcon,CarValue,"Airbag,MakeModel,VehicleYear",0.16745770296308635
SocioEcon,HomeBase,"Age,Airbag,Antilock",0.0
SocioEcon,HomeBase,"Age,Airbag,Antilock",0.0
SocioEcon,HomeBase,"Age,Airbag,Antilock",0.0
SocioEcon,HomeBase,"Age,Airbag,Antilock",0.0
SocioEcon,HomeBase,"Age,Airbag,Antilock",0.0
SocioEcon,HomeBase,"Age,Airbag,Antilock",0.0
SocioEcon,HomeBase,"Age,Airbag,Antilock",0.0
SocioEcon,HomeBase,"Age,Airbag,Antilock",0.0
SocioEcon,HomeBase,"Age,Airbag,Antilock",0.0
SocioEcon,HomeBase,"Age,Airbag,Antilock",0.0
SocioEcon,HomeBase,"Age,Airbag,Antilock",0.0
SocioEcon,HomeBase,"Age,Airbag,Antilock",0.0
SocioEcon,HomeBase,"Age,Airbag,Antilock",0.0
SocioEcon,HomeBase,"Age,Airbag,Antilock",0.0
SocioEcon,HomeBase,"Age,Airbag,Antilock",0.0
SocioEcon,HomeBase,"Age,Airbag,Antilock",0.0
SocioEcon,HomeBase,"Age,Airbag,Antilock",0.0
SocioEcon,HomeBase,"Age,Airbag,Antilock",0.0
SocioEcon,HomeBase,"Age,Airbag,Antilock",0.0
SocioEcon,HomeBase,"Age,Airbag,Antilock",0.0
SocioEcon,HomeBase,"Age,Airbag,Antilock",0.0
SocioEcon,HomeBase,"Age,Airbag,Antilock",0.0
SocioEcon,HomeBase,"Age,Airbag,Antilock",0.0
SocioEcon,HomeBase,"Age,Airbag,Antilock",0.0
SocioEcon,HomeBase,"Age,Airbag,Antilock",0.0
SocioEcon,HomeBase,"Age,Airbag,Antilock",0.0
SocioEcon,HomeBase,"Age,Airbag,Antilock",0.0
SocioEcon,HomeBase,"Age,Airbag,Antilock",0.0
SocioEcon,HomeBase,"Age,Airbag,Antilock",0.0
SocioEcon,HomeBase,"Age,Airbag,Antilock",0.0
SocioEcon,HomeBase,"Age,Airbag,Antilock",0.0
SocioEcon,HomeBase,"Age,Airbag,Antilock",0.0
SocioEcon,HomeBase,"Age,Airbag,Antilock",0.0
SocioEcon,HomeBase,"Age,Airbag,Antilock",0.0
SocioEcon,HomeBase,"Age,Airbag,Antilock",0.0
SocioEcon,HomeBase,"Age,Airbag,Antilock",0.0
SocioEcon,HomeBase,"Age,Airbag,Antilock",0.0
SocioEcon,HomeBase,"Age,Airbag,Antilock",0.0
SocioEcon,HomeBase,"Age,Airbag,Antilock",0.0
SocioEcon,HomeBase,"Age,Airbag,Antilock",0.0
SocioEcon,HomeBase,"Age,Airbag,Antilock",0.0
SocioEcon,HomeBase,"Age,Airbag,Antilock",0.0
SocioEcon,HomeBase,"Age,Airbag,Antilock",0.0
SocioEcon,HomeBase,"Age,Airbag,Antilock",0.0
SocioEcon,HomeBase,"Age,Airbag,Antilock",0.0
SocioEcon,HomeBase,"Age,Airbag,Antilock",0.0
SocioEcon,HomeBase,"Age,Airbag,Antilock",0.0
SocioEcon,HomeBase,"Age,Airbag,Antilock",0.0
SocioEcon,HomeBase,"Age,Airbag,Antilock",0.0
SocioEcon,HomeBase,"Age,Airbag,Antilock",0.0
SocioEcon,HomeBase,"Age,Airbag,Antilock",0.0
SocioEcon,HomeBase,"Age,Airbag,Antilock",0.0
SocioEcon,HomeBase,"Age,Airbag,Antilock",0.0
SocioEcon,HomeBase,"Age,Airbag,Antilock",0.0
SocioEcon,HomeBase,"Age,Airbag,Antilock",0.0
SocioEcon,HomeBase,"Age,Airbag,Antilock",0.0
SocioEcon,HomeBase,"Age,Airbag,Antilock",0.0
SocioEcon,HomeBase,"Age,Airbag,Antilock",0.0
SocioEcon,HomeBase,"Age,Airbag,Antilock",0.0
SocioEcon,HomeBase,"Age,Airbag,Antilock",0.0
SocioEcon,HomeBase,"Age,Airbag,Antilock",0.0
SocioEcon,HomeBase,"Age,Airbag,Antilock",0.0
SocioEcon,HomeBase,"Age,Airbag,Antilock",0.0
SocioEcon,HomeBase,"Age,Airbag,Antilock",0.0
SocioEcon,HomeBase,"Age,Airbag,Antilock",0.0
SocioEcon,HomeBase,"Age,Airbag,Antilock",0.0
SocioEcon,HomeBase,"Age,Airbag,Antilock",0.0
SocioEcon,HomeBase,"Age,Airbag,Antilock",0.0
SocioEcon,HomeBase,"Age,Airbag,Antilock",0.0
SocioEcon,HomeBase,"Age,Airbag,Antilock",0.0
SocioEcon,HomeBase,"Age,Airbag,Antilock",0.0
SocioEcon,HomeBase,"Age,Airbag,Antilock",0.0
SocioEcon,HomeBase,"Age,Airbag,Antilock",0.0
SocioEcon,HomeBase,"Age,Airbag,Antilock",0.0
SocioEcon,HomeBase,"Age,Airbag,Antilock",0.0
SocioEcon,HomeBase,"Age,Airbag,Antilock",0.0
SocioEcon,HomeBase,"Age,Airbag,Antilock",0.0
SocioEcon,HomeBase,"Age,Airbag,Antilock",0.0
SocioEcon,HomeBase,"Age,Airbag,Antilock",0.0
SocioEcon,HomeBase,"Age,Airbag,Antilock",0.0
SocioEcon,HomeBase,"Age,Airbag,Antilock",0.0
SocioEcon,HomeBase,"Age,Airbag,Antilock",0.0
SocioEcon,HomeBase,"Age,Airbag,Antilock",0.0
SocioEcon,HomeBase,"Age,Airbag,Antilock",0.0
SocioEcon,AntiTheft,"CarValue,HomeBase,MakeModel",0.9722123039619286
SocioEcon,AntiTheft,"CarValue,HomeBase,MakeModel",0.9722123039619286
SocioEcon,AntiTheft,"CarValue,HomeBase,MakeModel",0.9722123039619286
SocioEcon,AntiTheft,"CarValue,HomeBase,MakeModel",0.9722123039619286
SocioEcon,AntiTheft,"CarValue,HomeBase,MakeModel",0.9722123039619286
SocioEcon,AntiTheft,"CarValue,HomeBase,MakeModel",0.9722123039619286
SocioEcon,AntiTheft,"CarValue,HomeBase,MakeModel",0.9722123039619286
SocioEcon,AntiTheft,"CarValue,HomeBase,MakeModel",0.9722123039619286
SocioEcon,AntiTheft,"CarValue,HomeBase,MakeModel",0.9722123039619286
SocioEcon,AntiTheft,"CarValue,HomeBase,MakeModel",0.9722123039619286
SocioEcon,AntiTheft,"CarValue,HomeBase,MakeModel",0.9722123039619286
SocioEcon,AntiTheft,"CarValue,HomeBase,MakeModel",0.9722123039619286
SocioEcon,AntiTheft,"CarValue,HomeBase,MakeModel",0.9722123039619286
SocioEcon,AntiTheft,"CarValue,HomeBase,MakeModel",0.9722123039619286
SocioEcon,OtherCar,"CarValue,HomeBase,MakeModel",0.6581727302811959
SocioEcon,OtherCar,"CarValue,HomeBase,MakeModel",0.6581727302811959
SocioEcon,OtherCar,"CarValue,HomeBase,MakeModel",0.6581727302811959
SocioEcon,OtherCar,"CarValue,HomeBase,MakeModel",0.6581727302811959
SocioEcon,OtherCar,"CarValue,HomeBase,MakeModel",0.6581727302811959
SocioEcon,OtherCar,"CarValue,HomeBase,MakeModel",0.6581727302811959
SocioEcon,OtherCar,"CarValue,HomeBase,MakeModel",0.6581727302811959
SocioEcon,OtherCar,"CarValue,HomeBase,MakeModel",0.6581727302811959
SocioEcon,OtherCar,"CarValue,HomeBase,MakeModel",0.6581727302811959
SocioEcon,OtherCar,"CarValue,HomeBase,MakeModel",0.6581727302811959
SocioEcon,OtherCar,"CarValue,HomeBase,MakeModel",0.6581727302811959
SocioEcon,OtherCar,"CarValue,HomeBase,MakeModel",0.6581727302811959
SocioEcon,OtherCar,"CarValue,HomeBase,MakeModel",0.6581727302811959
SocioEcon,OtherCar,"CarValue,HomeBase,MakeModel",0.6581727302811959
SocioEcon,OtherCar,"CarValue,HomeBase,MakeModel",0.6581727302811959
SocioEcon,OtherCar,"CarValue,HomeBase,MakeModel",0.6581727302811959
SocioEcon,OtherCar,"CarValue,HomeBase,MakeModel",0.6581727302811959
SocioEcon,OtherCar,"CarValue,HomeBase,MakeModel",0.6581727302811959
SocioEcon,OtherCar,"CarValue,HomeBase,MakeModel",0.6581727302811959
SocioEcon,Airbag,"AntiTheft,MakeModel,VehicleYear",0.05757361791700258
SocioEcon,Airbag,"AntiTheft,MakeModel,VehicleYear",0.05757361791700258
RiskAversion,DrivQuality,"Age,DrivingSkill,HomeBase",5.795429269291804e-76
RiskAversion,DrivQuality,"Age,DrivingSkill,HomeBase",5.795429269291804e-76
RiskAversion,DrivQuality,"Age,DrivingSkill,HomeBase",5.795429269291804e-76
RiskAversion,DrivQuality,"Age,DrivingSkill,HomeBase",5.795429269291804e-76
RiskAversion,DrivQuality,"Age,DrivingSkill,HomeBase",5.795429269291804e-76
RiskAversion,DrivQuality,"Age,DrivingSkill,HomeBase",5.795429269291804e-76
RiskAversion,DrivQuality,"Age,DrivingSkill,HomeBase",5.795429269291804e-76
RiskAversion,DrivQuality,"Age,DrivingSkill,HomeBase",5.795429269291804e-76
RiskAversion,DrivQuality,"Age,DrivingSkill,HomeBase",5.795429269291804e-76
RiskAversion,DrivQuality,"Age,DrivingSkill,HomeBase",5.795429269291804e-76
RiskAversion,DrivQuality,"Age,DrivingSkill,HomeBase",5.795429269291804e-76
RiskAversion,DrivQuality,"Age,DrivingSkill,HomeBase",5.795429269291804e-76
RiskAversion,DrivQuality,"Age,DrivingSkill,HomeBase",5.795429269291804e-76
RiskAversion,DrivQuality,"Age,DrivingSkill,HomeBase",5.795429269291804e-76
RiskAversion,DrivQuality,"Age,DrivingSkill,HomeBase",5.795429269291804e-76
RiskAversion,DrivQuality,"Age,DrivingSkill,HomeBase",5.795429269291804e-76
RiskAversion,DrivQuality,"Age,DrivingSkill,HomeBase",5.795429269291804e-76
RiskAversion,DrivQuality,"Age,DrivingSkill,HomeBase",5.795429269291804e-76
RiskAversion,DrivQuality,"Age,DrivingSkill,HomeBase",5.795429269291804e-76
RiskAversion,DrivQuality,"Age,DrivingSkill,HomeBase",5.795429269291804e-76
RiskAversion,DrivingSkill,"Age,DrivQuality,HomeBase",1.648576774555109e-138
RiskAversion,DrivingSkill,"Age,DrivQuality,HomeBase",1.648576774555109e-138
RiskAversion,DrivingSkill,"Age,DrivQuality,HomeBase",1.648576774555109e-138
RiskAversion,DrivingSkill,"Age,DrivQuality,HomeBase",1.648576774555109e-138
RiskAversion,DrivingSkill,"Age,DrivQuality,HomeBase",1.648576774555109e-138
RiskAversion,DrivingSkill,"Age,DrivQuality,HomeBase",1.648576774555109e-138
RiskAversion,DrivingSkill,"Age,DrivQuality,HomeBase",1.648576774555109e-138
RiskAversion,DrivingSkill,"Age,DrivQuality,HomeBase",1.648576774555109e-138
RiskAversion,DrivingSkill,"Age,DrivQuality,HomeBase",1.648576774555109e-138
RiskAversion,DrivingSkill,"Age,DrivQuality,HomeBase",1.648576774555109e-138
RiskAversion,DrivingSkill,"Age,DrivQuality,HomeBase",1.648576774555109e-138
RiskAversion,DrivingSkill,"Age,DrivQuality,HomeBase",1.648576774555109e-138
RiskAversion,DrivingSkill,"Age,DrivQuality,HomeBase",1.648576774555109e-138
RiskAversion,DrivingSkill,"Age,DrivQuality,HomeBase",1.648576774555109e-138
RiskAversion,DrivingSkill,"Age,DrivQuality,HomeBase",1.648576774555109e-138
RiskAversion,DrivingSkill,"Age,DrivQuality,HomeBase",1.648576774555109e-138
RiskAversion,DrivingSkill,"Age,DrivQuality,HomeBase",1.648576774555109e-138
RiskAversion,DrivingSkill,"Age,DrivQuality,HomeBase",1.648576774555109e-138
RiskAversion,DrivingSkill,"Age,DrivQuality,HomeBase",1.648576774555109e-138
RiskAversion,DrivingSkill,"Age,DrivQuality,HomeBase",1.648576774555109e-138
RiskAversion,SeniorTrain,"Age,DrivingSkill,HomeBase",8.761229453125248e-40
RiskAversion,SeniorTrain,"Age,DrivingSkill,HomeBase",8.761229453125248e-40
RiskAversion,SeniorTrain,"Age,DrivingSkill,HomeBase",8.761229453125248e-40
RiskAversion,SeniorTrain,"Age,DrivingSkill,HomeBase",8.761229453125248e-40
RiskAversion,SeniorTrain,"Age,DrivingSkill,HomeBase",8.761229453125248e-40
RiskAversion,SeniorTrain,"Age,DrivingSkill,HomeBase",8.761229453125248e-40
RiskAversion,SeniorTrain,"Age,DrivingSkill,HomeBase",8.761229453125248e-40
RiskAversion,SeniorTrain,"Age,DrivingSkill,HomeBase",8.761229453125248e-40
RiskAversion,SeniorTrain,"Age,DrivingSkill,HomeBase",8.761229453125248e-40
RiskAversion,SeniorTrain,"Age,DrivingSkill,HomeBase",8.761229453125248e-40
RiskAversion,SeniorTrain,"Age,DrivingSkill,HomeBase",8.761229453125248e-40
RiskAversion,SeniorTrain,"Age,DrivingSkill,HomeBase",8.761229453125248e-40
RiskAversion,SeniorTrain,"Age,DrivingSkill,HomeBase",8.761229453125248e-40
RiskAversion,SeniorTrain,"Age,DrivingSkill,HomeBase",8.761229453125248e-40
RiskAversion,SeniorTrain,"Age,DrivingSkill,HomeBase",8.761229453125248e-40
RiskAversion,SeniorTrain,"Age,DrivingSkill,HomeBase",8.761229453125248e-40
RiskAversion,SeniorTrain,"Age,DrivingSkill,HomeBase",8.761229453125248e-40
RiskAversion,SeniorTrain,"Age,DrivingSkill,HomeBase",8.761229453125248e-40
RiskAversion,SeniorTrain,"Age,DrivingSkill,HomeBase",8.761229453125248e-40
RiskAversion,SeniorTrain,"Age,DrivingSkill,HomeBase",8.761229453125248e-40
RiskAversion,HomeBase,"Age,DrivQuality,DrivingSkill",8.637088911804837e-87
RiskAversion,HomeBase,"Age,DrivQuality,DrivingSkill",8.637088911804837e-87
RiskAversion,HomeBase,"Age,DrivQuality,DrivingSkill",8.637088911804837e-87
RiskAversion,HomeBase,"Age,DrivQuality,DrivingSkill",8.637088911804837e-87
RiskAversion,HomeBase,"Age,DrivQuality,DrivingSkill",8.637088911804837e-87
RiskAversion,HomeBase,"Age,DrivQuality,DrivingSkill",8.637088911804837e-87
RiskAversion,HomeBase,"Age,DrivQuality,DrivingSkill",8.637088911804837e-87
RiskAversion,HomeBase,"Age,DrivQuality,DrivingSkill",8.637088911804837e-87
RiskAversion,HomeBase,"Age,DrivQuality,DrivingSkill",8.637088911804837e-87
RiskAversion,HomeBase,"Age,DrivQuality,DrivingSkill",8.637088911804837e-87
RiskAversion,HomeBase,"Age,DrivQuality,DrivingSkill",8.637088911804837e-87
RiskAversion,HomeBase,"Age,DrivQuality,DrivingSkill",8.637088911804837e-87
RiskAversion,HomeBase,"Age,DrivQuality,DrivingSkill",8.637088911804837e-87
RiskAversion,HomeBase,"Age,DrivQuality,DrivingSkill",8.637088911804837e-87
RiskAversion,HomeBase,"Age,DrivQuality,DrivingSkill",8.637088911804837e-87
RiskAversion,HomeBase,"Age,DrivQuality,DrivingSkill",8.637088911804837e-87
RiskAversion,HomeBase,"Age,DrivQuality,DrivingSkill",8.637088911804837e-87
RiskAversion,HomeBase,"Age,DrivQuality,DrivingSkill",8.637088911804837e-87
RiskAversion,HomeBase,"Age,DrivQuality,DrivingSkill",8.637088911804837e-87
RiskAversion,HomeBase,"Age,DrivQuality,DrivingSkill",8.637088911804837e-87
RiskAversion,AntiTheft,"Age,DrivingSkill,HomeBase",0.0
RiskAversion,AntiTheft,"Age,DrivingSkill,HomeBase",0.0
RiskAversion,AntiTheft,"Age,DrivingSkill,HomeBase",0.0
RiskAversion,AntiTheft,"Age,DrivingSkill,HomeBase",0.0
RiskAversion,AntiTheft,"Age,DrivingSkill,HomeBase",0.0
RiskAversion,AntiTheft,"Age,DrivingSkill,HomeBase",0.0
RiskAversion,AntiTheft,"Age,DrivingSkill,HomeBase",0.0
RiskAversion,AntiTheft,"Age,DrivingSkill,HomeBase",0.0
RiskAversion,AntiTheft,"Age,DrivingSkill,HomeBase",0.0
RiskAversion,AntiTheft,"Age,DrivingSkill,HomeBase",0.0
RiskAversion,AntiTheft,"Age,DrivingSkill,HomeBase",0.0
RiskAversion,AntiTheft,"Age,DrivingSkill,HomeBase",0.0
RiskAversion,AntiTheft,"Age,DrivingSkill,HomeBase",0.0
RiskAversion,AntiTheft,"Age,DrivingSkill,HomeBase",0.0
RiskAversion,AntiTheft,"Age,DrivingSkill,HomeBase",0.0
RiskAversion,AntiTheft,"Age,DrivingSkill,HomeBase",0.0
RiskAversion,AntiTheft,"Age,DrivingSkill,HomeBase",0.0
RiskAversion,AntiTheft,"Age,DrivingSkill,HomeBase",0.0
RiskAversion,AntiTheft,"Age,DrivingSkill,HomeBase",0.0
RiskAversion,AntiTheft,"Age,DrivingSkill,HomeBase",0.0
RiskAversion,DrivHist,"Age,DrivingSkill,HomeBase",2.4280886553529056e-128
RiskAversion,DrivHist,"Age,DrivingSkill,HomeBase",2.4280886553529056e-128
RiskAversion,DrivHist,"Age,DrivingSkill,HomeBase",2.4280886553529056e-128
RiskAversion,DrivHist,"Age,DrivingSkill,HomeBase",2.4280886553529056e-128
RiskAversion,DrivHist,"Age,DrivingSkill,HomeBase",2.4280886553529056e-128
RiskAversion,DrivHist,"Age,DrivingSkill,HomeBase",2.4280886553529056e-128
RiskAversion,DrivHist,"Age,DrivingSkill,HomeBase",2.4280886553529056e-128
RiskAversion,DrivHist,"Age,DrivingSkill,HomeBase",2.4280886553529056e-128
RiskAversion,DrivHist,"Age,DrivingSkill,HomeBase",2.4280886553529056e-128
RiskAversion,DrivHist,"Age,DrivingSkill,HomeBase",2.4280886553529056e-128
RiskAversion,DrivHist,"Age,DrivingSkill,HomeBase",2.4280886553529056e-128
RiskAversion,DrivHist,"Age,DrivingSkill,HomeBase",2.4280886553529056e-128
RiskAversion,DrivHist,"Age,DrivingSkill,HomeBase",2.4280886553529056e-128
RiskAversion,DrivHist,"Age,DrivingSkill,HomeBase",2.4280886553529056e-128
RiskAversion,DrivHist,"Age,DrivingSkill,HomeBase",2.4280886553529056e-128
RiskAversion,DrivHist,"Age,DrivingSkill,HomeBase",2.4280886553529056e-128
RiskAversion,DrivHist,"Age,DrivingSkill,HomeBase",2.4280886553529056e-128
RiskAversion,DrivHist,"Age,DrivingSkill,HomeBase",2.4280886553529056e-128
RiskAversion,DrivHist,"Age,DrivingSkill,HomeBase",2.4280886553529056e-128
RiskAversion,DrivHist,"Age,DrivingSkill,HomeBase",2.4280886553529056e-128
VehicleYear,RuggedAuto,"Airbag,Antilock,SocioEcon",3.6143019997076248e-09
VehicleYear,RuggedAuto,"Airbag,Antilock,SocioEcon",3.6143019997076248e-09
VehicleYear,RuggedAuto,"Airbag,Antilock,SocioEcon",3.6143019997076248e-09
VehicleYear,RuggedAuto,"Airbag,Antilock,SocioEcon",3.6143019997076248e-09
VehicleYear,RuggedAuto,"Airbag,Antilock,SocioEcon",3.6143019997076248e-09
VehicleYear,RuggedAuto,"Airbag,Antilock,SocioEcon",3.6143019997076248e-09
VehicleYear,RuggedAuto,"Airbag,Antilock,SocioEcon",3.6143019997076248e-09
VehicleYear,RuggedAuto,"Airbag,Antilock,SocioEcon",3.6143019997076248e-09
VehicleYear,RuggedAuto,"Airbag,Antilock,SocioEcon",3.6143019997076248e-09
VehicleYear,RuggedAuto,"Airbag,Antilock,SocioEcon",3.6143019997076248e-09
VehicleYear,Antilock,"Airbag,RuggedAuto,SocioEcon",3.343008673295464e-35
VehicleYear,Antilock,"Airbag,RuggedAuto,SocioEcon",3.343008673295464e-35
VehicleYear,Antilock,"Airbag,RuggedAuto,SocioEcon",3.343008673295464e-35
VehicleYear,Antilock,"Airbag,RuggedAuto,SocioEcon",3.343008673295464e-35
VehicleYear,Antilock,"Airbag,RuggedAuto,SocioEcon",3.343008673295464e-35
VehicleYear,Antilock,"Airbag,RuggedAuto,SocioEcon",3.343008673295464e-35
VehicleYear,Antilock,"Airbag,RuggedAuto,SocioEcon",3.343008673295464e-35
VehicleYear,Antilock,"Airbag,RuggedAuto,SocioEcon",3.343008673295464e-35
VehicleYear,Antilock,"Airbag,RuggedAuto,SocioEcon",3.343008673295464e-35
VehicleYear,Antilock,"Airbag,RuggedAuto,SocioEcon",3.343008673295464e-35
VehicleYear,CarValue,"Airbag,Antilock,SocioEcon",1.0964449984090021e-108
VehicleYear,CarValue,"Airbag,Antilock,SocioEcon",1.0964449984090021e-108
VehicleYear,CarValue,"Airbag,Antilock,SocioEcon",1.0964449984090021e-108
VehicleYear,CarValue,"Airbag,Antilock,SocioEcon",1.0964449984090021e-108
VehicleYear,CarValue,"Airbag,Antilock,SocioEcon",1.0964449984090021e-108
VehicleYear,CarValue,"Airbag,Antilock,SocioEcon",1.0964449984090021e-108
VehicleYear,CarValue,"Airbag,Antilock,SocioEcon",1.0964449984090021e-108
VehicleYear,CarValue,"Airbag,Antilock,SocioEcon",1.0964449984090021e-108
VehicleYear,CarValue,"Airbag,Antilock,SocioEcon",1.0964449984090021e-108
VehicleYear,CarValue,"Airbag,Antilock,SocioEcon",1.0964449984090021e-108
VehicleYear,Cushioning,"Airbag,CarValue,SocioEcon",0.9586757077421351
VehicleYear,Cushioning,"Airbag,CarValue,SocioEcon",0.9586757077421351
VehicleYear,Cushioning,"Airbag,CarValue,SocioEcon",0.9586757077421351
VehicleYear,Cushioning,"Airbag,CarValue,SocioEcon",0.9586757077421351
VehicleYear,Airbag,"Antilock,RuggedAuto,SocioEcon",0.0
VehicleYear,Airbag,"Antilock,RuggedAuto,SocioEcon",0.0
VehicleYear,Airbag,"Antilock,RuggedAuto,SocioEcon",0.0
VehicleYear,Airbag,"Antilock,RuggedAuto,SocioEcon",0.0
VehicleYear,Airbag,"Antilock,RuggedAuto,SocioEcon",0.0
VehicleYear,Airbag,"Antilock,RuggedAuto,SocioEcon",0.0
VehicleYear,Airbag,"Antilock,RuggedAuto,SocioEcon",0.0
VehicleYear,Airbag,"Antilock,RuggedAuto,SocioEcon",0.0
VehicleYear,Airbag,"Antilock,RuggedAuto,SocioEcon",0.0
VehicleYear,Airbag,"Antilock,RuggedAuto,SocioEcon",0.0
ThisCarDam,Accident,"ILiCost,MedCost,OtherCarCost",0.0
ThisCarDam,Accident,"ILiCost,MedCost,OtherCarCost",0.0
ThisCarDam,Accident,"ILiCost,MedCost,OtherCarCost",0.0
ThisCarDam,Accident,"ILiCost,MedCost,OtherCarCost",0.0
ThisCarDam,ThisCarCost,"ILiCost,MedCost,OtherCarCost",0.0
ThisCarDam,ThisCarCost,"ILiCost,MedCost,OtherCarCost",0.0
ThisCarDam,ThisCarCost,"ILiCost,MedCost,OtherCarCost",0.0
ThisCarDam,ThisCarCost,"ILiCost,MedCost,OtherCarCost",0.0
ThisCarDam,OtherCarCost,"Accident,MedCost,ThisCarCost",0.9813511757887906
ThisCarDam,MedCost,"Accident,ILiCost,ThisCarCost",0.999116073400165
ThisCarDam,ILiCost,"Accident,MedCost,ThisCarCost",0.8953559039316933
RuggedAuto,MakeModel,"Cushioning,OtherCarCost,VehicleYear",3.5684594667101957e-213
RuggedAuto,OtherCarCost,"Cushioning,MakeModel,VehicleYear",0.01007293987860532
RuggedAuto,Cushioning,"MakeModel,OtherCarCost,VehicleYear",7.354497446802244e-293
Accident,DrivQuality,"OtherCarCost,PropCost,ThisCarDam",0.21537797532304845
Accident,DrivQuality,"OtherCarCost,PropCost,ThisCarDam",0.21537797532304845
Accident,DrivQuality,"OtherCarCost,PropCost,ThisCarDam",0.21537797532304845
Accident,DrivQuality,"OtherCarCost,PropCost,ThisCarDam",0.21537797532304845
Accident,PropCost,"MedCost,OtherCarCost,ThisCarDam",0.5274131214270731
Accident,OtherCarCost,"DrivQuality,ILiCost,PropCost",1.8025149490139317e-109
Accident,OtherCarCost,"DrivQuality,ILiCost,PropCost",1.8025149490139317e-109
Accident,OtherCarCost,"DrivQuality,ILiCost,PropCost",1.8025149490139317e-109
Accident,OtherCarCost,"DrivQuality,ILiCost,PropCost",1.8025149490139317e-109
Accident,OtherCarCost,"DrivQuality,ILiCost,PropCost",1.8025149490139317e-109
Accident,OtherCarCost,"DrivQuality,ILiCost,PropCost",1.8025149490139317e-109
Accident,OtherCarCost,"DrivQuality,ILiCost,PropCost",1.8025149490139317e-109
Accident,OtherCarCost,"DrivQuality,ILiCost,PropCost",1.8025149490139317e-109
Accident,OtherCarCost,"DrivQuality,ILiCost,PropCost",1.8025149490139317e-109
Accident,OtherCarCost,"DrivQuality,ILiCost,PropCost",1.8025149490139317e-109
Accident,MedCost,"DrivQuality,OtherCarCost,ThisCarDam",0.8325202115655694
Accident,ILiCost,"MedCost,OtherCarCost,ThisCarDam",0.10046585159573593
MakeModel,Antilock,"Airbag,RuggedAuto,SocioEcon",3.386763245925942e-133
MakeModel,Antilock,"Airbag,RuggedAuto,SocioEcon",3.386763245925942e-133
MakeModel,Antilock,"Airbag,RuggedAuto,SocioEcon",3.386763245925942e-133
MakeModel,Antilock,"Airbag,RuggedAuto,SocioEcon",3.386763245925942e-133
MakeModel,Antilock,"Airbag,RuggedAuto,SocioEcon",3.386763245925942e-133
MakeModel,Antilock,"Airbag,RuggedAuto,SocioEcon",3.386763245925942e-133
MakeModel,Antilock,"Airbag,RuggedAuto,SocioEcon",3.386763245925942e-133
MakeModel,Antilock,"Airbag,RuggedAuto,SocioEcon",3.386763245925942e-133
MakeModel,Antilock,"Airbag,RuggedAuto,SocioEcon",3.386763245925942e-133
MakeModel,Antilock,"Airbag,RuggedAuto,SocioEcon",3.386763245925942e-133
MakeModel,Antilock,"Airbag,RuggedAuto,SocioEcon",3.386763245925942e-133
MakeModel,Antilock,"Airbag,RuggedAuto,SocioEcon",3.386763245925942e-133
MakeModel,Antilock,"Airbag,RuggedAuto,SocioEcon",3.386763245925942e-133
MakeModel,Antilock,"Airbag,RuggedAuto,SocioEcon",3.386763245925942e-133
MakeModel,Antilock,"Airbag,RuggedAuto,SocioEcon",3.386763245925942e-133
MakeModel,Antilock,"Airbag,RuggedAuto,SocioEcon",3.386763245925942e-133
MakeModel,Antilock,"Airbag,RuggedAuto,SocioEcon",3.386763245925942e-133
MakeModel,Antilock,"Airbag,RuggedAuto,SocioEcon",3.386763245925942e-133
MakeModel,Antilock,"Airbag,RuggedAuto,SocioEcon",3.386763245925942e-133
MakeModel,Antilock,"Airbag,RuggedAuto,SocioEcon",3.386763245925942e-133
MakeModel,Antilock,"Airbag,RuggedAuto,SocioEcon",3.386763245925942e-133
MakeModel,Antilock,"Airbag,RuggedAuto,SocioEcon",3.386763245925942e-133
MakeModel,Antilock,"Airbag,RuggedAuto,SocioEcon",3.386763245925942e-133
MakeModel,Antilock,"Airbag,RuggedAuto,SocioEcon",3.386763245925942e-133
MakeModel,Antilock,"Airbag,RuggedAuto,SocioEcon",3.386763245925942e-133
MakeModel,Antilock,"Airbag,RuggedAuto,SocioEcon",3.386763245925942e-133
MakeModel,Antilock,"Airbag,RuggedAuto,SocioEcon",3.386763245925942e-133
MakeModel,Antilock,"Airbag,RuggedAuto,SocioEcon",3.386763245925942e-133
MakeModel,Antilock,"Airbag,RuggedAuto,SocioEcon",3.386763245925942e-133
MakeModel,Antilock,"Airbag,RuggedAuto,SocioEcon",3.386763245925942e-133
MakeModel,Antilock,"Airbag,RuggedAuto,SocioEcon",3.386763245925942e-133
MakeModel,Antilock,"Airbag,RuggedAuto,SocioEcon",3.386763245925942e-133
MakeModel,Antilock,"Airbag,RuggedAuto,SocioEcon",3.386763245925942e-133
MakeModel,Antilock,"Airbag,RuggedAuto,SocioEcon",3.386763245925942e-133
MakeModel,Antilock,"Airbag,RuggedAuto,SocioEcon",3.386763245925942e-133
MakeModel,ThisCarCost,"CarValue,Cushioning,GoodStudent",0.24507759196471662
MakeModel,CarValue,"Airbag,Antilock,SocioEcon",2.513110914176948e-243
MakeModel,CarValue,"Airbag,Antilock,SocioEcon",2.513110914176948e-243
MakeModel,CarValue,"Airbag,Antilock,SocioEcon",2.513110914176948e-243
MakeModel,CarValue,"Airbag,Antilock,SocioEcon",2.513110914176948e-243
MakeModel,CarValue,"Airbag,Antilock,SocioEcon",2.513110914176948e-243
MakeModel,CarValue,"Airbag,Antilock,SocioEcon",2.513110914176948e-243
MakeModel,CarValue,"Airbag,Antilock,SocioEcon",2.513110914176948e-243
MakeModel,CarValue,"Airbag,Antilock,SocioEcon",2.513110914176948e-243
MakeModel,CarValue,"Airbag,Antilock,SocioEcon",2.513110914176948e-243
MakeModel,CarValue,"Airbag,Antilock,SocioEcon",2.513110914176948e-243
MakeModel,CarValue,"Airbag,Antilock,SocioEcon",2.513110914176948e-243
MakeModel,CarValue,"Airbag,Antilock,SocioEcon",2.513110914176948e-243
MakeModel,CarValue,"Airbag,Antilock,SocioEcon",2.513110914176948e-243
MakeModel,CarValue,"Airbag,Antilock,SocioEcon",2.513110914176948e-243
MakeModel,CarValue,"Airbag,Antilock,SocioEcon",2.513110914176948e-243
MakeModel,CarValue,"Airbag,Antilock,SocioEcon",2.513110914176948e-243
MakeModel,CarValue,"Airbag,Antilock,SocioEcon",2.513110914176948e-243
MakeModel,CarValue,"Airbag,Antilock,SocioEcon",2.513110914176948e-243
MakeModel,CarValue,"Airbag,Antilock,SocioEcon",2.513110914176948e-243
MakeModel,CarValue,"Airbag,Antilock,SocioEcon",2.513110914176948e-243
MakeModel,CarValue,"Airbag,Antilock,SocioEcon",2.513110914176948e-243
MakeModel,CarValue,"Airbag,Antilock,SocioEcon",2.513110914176948e-243
MakeModel,CarValue,"Airbag,Antilock,SocioEcon",2.513110914176948e-243
MakeModel,CarValue,"Airbag,Antilock,SocioEcon",2.513110914176948e-243
MakeModel,CarValue,"Airbag,Antilock,SocioEcon",2.513110914176948e-243
MakeModel,CarValue,"Airbag,Antilock,SocioEcon",2.513110914176948e-243
MakeModel,CarValue,"Airbag,Antilock,SocioEcon",2.513110914176948e-243
MakeModel,CarValue,"Airbag,Antilock,SocioEcon",2.513110914176948e-243
MakeModel,CarValue,"Airbag,Antilock,SocioEcon",2.513110914176948e-243
MakeModel,CarValue,"Airbag,Antilock,SocioEcon",2.513110914176948e-243
MakeModel,CarValue,"Airbag,Antilock,SocioEcon",2.513110914176948e-243
MakeModel,CarValue,"Airbag,Antilock,SocioEcon",2.513110914176948e-243
MakeModel,CarValue,"Airbag,Antilock,SocioEcon",2.513110914176948e-243
MakeModel,CarValue,"Airbag,Antilock,SocioEcon",2.513110914176948e-243
MakeModel,CarValue,"Airbag,Antilock,SocioEcon",2.513110914176948e-243
MakeModel,Cushioning,"CarValue,RuggedAuto,ThisCarCost",0.9999999999999624
MakeModel,Cushioning,"CarValue,RuggedAuto,ThisCarCost",0.9999999999999624
MakeModel,Cushioning,"CarValue,RuggedAuto,ThisCarCost",0.9999999999999624
MakeModel,Cushioning,"CarValue,RuggedAuto,ThisCarCost",0.9999999999999624
MakeModel,Cushioning,"CarValue,RuggedAuto,ThisCarCost",0.9999999999999624
MakeModel,Cushioning,"CarValue,RuggedAuto,ThisCarCost",0.9999999999999624
MakeModel,Airbag,"GoodStudent,SocioEcon,ThisCarCost",0.07305714105607226
MakeModel,Airbag,"GoodStudent,SocioEcon,ThisCarCost",0.07305714105607226
MakeModel,Airbag,"GoodStudent,SocioEcon,ThisCarCost",0.07305714105607226
MakeModel,Airbag,"GoodStudent,SocioEcon,ThisCarCost",0.07305714105607226
MakeModel,Airbag,"GoodStudent,SocioEcon,ThisCarCost",0.07305714105607226
MakeModel,Airbag,"GoodStudent,SocioEcon,ThisCarCost",0.07305714105607226
MakeModel,Airbag,"GoodStudent,SocioEcon,ThisCarCost",0.07305714105607226
MakeModel,Airbag,"GoodStudent,SocioEcon,ThisCarCost",0.07305714105607226
DrivQuality,DrivingSkill,"Accident,DrivHist,RiskAversion",3.2417359585883447e-172
DrivQuality,DrivingSkill,"Accident,DrivHist,RiskAversion",3.2417359585883447e-172
DrivQuality,DrivingSkill,"Accident,DrivHist,RiskAversion",3.2417359585883447e-172
DrivQuality,DrivingSkill,"Accident,DrivHist,RiskAversion",3.2417359585883447e-172
DrivQuality,DrivingSkill,"Accident,DrivHist,RiskAversion",3.2417359585883447e-172
DrivQuality,DrivingSkill,"Accident,DrivHist,RiskAversion",3.2417359585883447e-172
DrivQuality,DrivingSkill,"Accident,DrivHist,RiskAversion",3.2417359585883447e-172
DrivQuality,DrivingSkill,"Accident,DrivHist,RiskAversion",3.2417359585883447e-172
DrivQuality,DrivingSkill,"Accident,DrivHist,RiskAversion",3.2417359585883447e-172
DrivQuality,DrivingSkill,"Accident,DrivHist,RiskAversion",3.2417359585883447e-172
DrivQuality,SeniorTrain,"Accident,DrivingSkill,RiskAversion",2.900365353780745e-09
DrivQuality,SeniorTrain,"Accident,DrivingSkill,RiskAversion",2.900365353780745e-09
DrivQuality,SeniorTrain,"Accident,DrivingSkill,RiskAversion",2.900365353780745e-09
DrivQuality,SeniorTrain,"Accident,DrivingSkill,RiskAversion",2.900365353780745e-09
DrivQuality,SeniorTrain,"Accident,DrivingSkill,RiskAversion",2.900365353780745e-09
DrivQuality,SeniorTrain,"Accident,DrivingSkill,RiskAversion",2.900365353780745e-09
DrivQuality,SeniorTrain,"Accident,DrivingSkill,RiskAversion",2.900365353780745e-09
DrivQuality,SeniorTrain,"Accident,DrivingSkill,RiskAversion",2.900365353780745e-09
DrivQuality,SeniorTrain,"Accident,DrivingSkill,RiskAversion",2.900365353780745e-09
DrivQuality,SeniorTrain,"Accident,DrivingSkill,RiskAversion",2.900365353780745e-09
DrivQuality,Theft,"Accident,DrivingSkill,RiskAversion",5.245670888483584e-19
DrivQuality,Theft,"Accident,DrivingSkill,RiskAversion",5.245670888483584e-19
DrivQuality,Theft,"Accident,DrivingSkill,RiskAversion",5.245670888483584e-19
DrivQuality,Theft,"Accident,DrivingSkill,RiskAversion",5.245670888483584e-19
DrivQuality,Theft,"Accident,DrivingSkill,RiskAversion",5.245670888483584e-19
DrivQuality,Theft,"Accident,DrivingSkill,RiskAversion",5.245670888483584e-19
DrivQuality,Theft,"Accident,DrivingSkill,RiskAversion",5.245670888483584e-19
DrivQuality,Theft,"Accident,DrivingSkill,RiskAversion",5.245670888483584e-19
DrivQuality,Theft,"Accident,DrivingSkill,RiskAversion",5.245670888483584e-19
DrivQuality,Theft,"Accident,DrivingSkill,RiskAversion",5.245670888483584e-19
DrivQuality,DrivHist,"DrivingSkill,RiskAversion,SeniorTrain",0.2784899088768018
DrivQuality,DrivHist,"DrivingSkill,RiskAversion,SeniorTrain",0.2784899088768018
DrivQuality,DrivHist,"DrivingSkill,RiskAversion,SeniorTrain",0.2784899088768018
DrivQuality,DrivHist,"DrivingSkill,RiskAversion,SeniorTrain",0.2784899088768018
Antilock,ThisCarCost,"CarValue,MakeModel,VehicleYear",0.35480052697306486
Antilock,CarValue,"MakeModel,SocioEcon,VehicleYear",0.12916079942004094
Antilock,CarValue,"MakeModel,SocioEcon,VehicleYear",0.12916079942004094
Antilock,CarValue,"MakeModel,SocioEcon,VehicleYear",0.12916079942004094
DrivingSkill,SeniorTrain,"Age,DrivHist,Theft",0.05640943614905607
DrivingSkill,SeniorTrain,"Age,DrivHist,Theft",0.05640943614905607
DrivingSkill,SeniorTrain,"Age,DrivHist,Theft",0.05640943614905607
DrivingSkill,Theft,"Age,DrivQuality,RiskAversion",2.864838656331187e-10
DrivingSkill,Theft,"Age,DrivQuality,RiskAversion",2.864838656331187e-10
DrivingSkill,Theft,"Age,DrivQuality,RiskAversion",2.864838656331187e-10
DrivingSkill,Theft,"Age,DrivQuality,RiskAversion",2.864838656331187e-10
DrivingSkill,Theft,"Age,DrivQuality,RiskAversion",2.864838656331187e-10
DrivingSkill,Theft,"Age,DrivQuality,RiskAversion",2.864838656331187e-10
DrivingSkill,Theft,"Age,DrivQuality,RiskAversion",2.864838656331187e-10
DrivingSkill,Theft,"Age,DrivQuality,RiskAversion",2.864838656331187e-10
DrivingSkill,Theft,"Age,DrivQuality,RiskAversion",2.864838656331187e-10
DrivingSkill,Theft,"Age,DrivQuality,RiskAversion",2.864838656331187e-10
DrivingSkill,DrivHist,"Age,DrivQuality,RiskAversion",2.042869261822554e-235
DrivingSkill,DrivHist,"Age,DrivQuality,RiskAversion",2.042869261822554e-235
DrivingSkill,DrivHist,"Age,DrivQuality,RiskAversion",2.042869261822554e-235
DrivingSkill,DrivHist,"Age,DrivQuality,RiskAversion",2.042869261822554e-235
DrivingSkill,DrivHist,"Age,DrivQuality,RiskAversion",2.042869261822554e-235
DrivingSkill,DrivHist,"Age,DrivQuality,RiskAversion",2.042869261822554e-235
DrivingSkill,DrivHist,"Age,DrivQuality,RiskAversion",2.042869261822554e-235
DrivingSkill,DrivHist,"Age,DrivQuality,RiskAversion",2.042869261822554e-235
DrivingSkill,DrivHist,"Age,DrivQuality,RiskAversion",2.042869261822554e-235
DrivingSkill,DrivHist,"Age,DrivQuality,RiskAversion",2.042869261822554e-235
ThisCarCost,CarValue,"Antilock,MedCost,PropCost",0.0
ThisCarCost,CarValue,"Antilock,MedCost,PropCost",0.0
ThisCarCost,CarValue,"Antilock,MedCost,PropCost",0.0
ThisCarCost,CarValue,"Antilock,MedCost,PropCost",0.0
ThisCarCost,CarValue,"Antilock,MedCost,PropCost",0.0
ThisCarCost,CarValue,"Antilock,MedCost,PropCost",0.0
ThisCarCost,CarValue,"Antilock,MedCost,PropCost",0.0
ThisCarCost,CarValue,"Antilock,MedCost,PropCost",0.0
ThisCarCost,CarValue,"Antilock,MedCost,PropCost",0.0
ThisCarCost,CarValue,"Antilock,MedCost,PropCost",0.0
ThisCarCost,PropCost,"Antilock,CarValue,MedCost",0.0
ThisCarCost,PropCost,"Antilock,CarValue,MedCost",0.0
ThisCarCost,PropCost,"Antilock,CarValue,MedCost",0.0
ThisCarCost,PropCost,"Antilock,CarValue,MedCost",0.0
ThisCarCost,PropCost,"Antilock,CarValue,MedCost",0.0
ThisCarCost,PropCost,"Antilock,CarValue,MedCost",0.0
ThisCarCost,PropCost,"Antilock,CarValue,MedCost",0.0
ThisCarCost,PropCost,"Antilock,CarValue,MedCost",0.0
ThisCarCost,PropCost,"Antilock,CarValue,MedCost",0.0
ThisCarCost,PropCost,"Antilock,CarValue,MedCost",0.0
ThisCarCost,MedCost,"CarValue,MakeModel,ThisCarDam",0.9999999972979269
CarValue,PropCost,"MakeModel,ThisCarCost,VehicleYear",0.6121912445839995
CarValue,Airbag,"Antilock,Mileage,PropCost",1.25960472836544e-202
CarValue,Airbag,"Antilock,Mileage,PropCost",1.25960472836544e-202
CarValue,Airbag,"Antilock,Mileage,PropCost",1.25960472836544e-202
CarValue,Airbag,"Antilock,Mileage,PropCost",1.25960472836544e-202
CarValue,Airbag,"Antilock,Mileage,PropCost",1.25960472836544e-202
CarValue,Airbag,"Antilock,Mileage,PropCost",1.25960472836544e-202
CarValue,Airbag,"Antilock,Mileage,PropCost",1.25960472836544e-202
CarValue,Airbag,"Antilock,Mileage,PropCost",1.25960472836544e-202
CarValue,Airbag,"Antilock,Mileage,PropCost",1.25960472836544e-202
CarValue,Airbag,"Antilock,Mileage,PropCost",1.25960472836544e-202
CarValue,Airbag,"Antilock,Mileage,PropCost",1.25960472836544e-202
CarValue,Airbag,"Antilock,Mileage,PropCost",1.25960472836544e-202
CarValue,Airbag,"Antilock,Mileage,PropCost",1.25960472836544e-202
CarValue,Airbag,"Antilock,Mileage,PropCost",1.25960472836544e-202
CarValue,Airbag,"Antilock,Mileage,PropCost",1.25960472836544e-202
CarValue,Airbag,"Antilock,Mileage,PropCost",1.25960472836544e-202
CarValue,Airbag,"Antilock,Mileage,PropCost",1.25960472836544e-202
CarValue,Airbag,"Antilock,Mileage,PropCost",1.25960472836544e-202
CarValue,Airbag,"Antilock,Mileage,PropCost",1.25960472836544e-202
CarValue,Airbag,"Antilock,Mileage,PropCost",1.25960472836544e-202
CarValue,Airbag,"Antilock,Mileage,PropCost",1.25960472836544e-202
CarValue,Airbag,"Antilock,Mileage,PropCost",1.25960472836544e-202
CarValue,Airbag,"Antilock,Mileage,PropCost",1.25960472836544e-202
CarValue,Airbag,"Antilock,Mileage,PropCost",1.25960472836544e-202
CarValue,Airbag,"Antilock,Mileage,PropCost",1.25960472836544e-202
CarValue,Airbag,"Antilock,Mileage,PropCost",1.25960472836544e-202
CarValue,Airbag,"Antilock,Mileage,PropCost",1.25960472836544e-202
CarValue,Airbag,"Antilock,Mileage,PropCost",1.25960472836544e-202
CarValue,Airbag,"Antilock,Mileage,PropCost",1.25960472836544e-202
CarValue,Airbag,"Antilock,Mileage,PropCost",1.25960472836544e-202
CarValue,Airbag,"Antilock,Mileage,PropCost",1.25960472836544e-202
CarValue,Airbag,"Antilock,Mileage,PropCost",1.25960472836544e-202
CarValue,Airbag,"Antilock,Mileage,PropCost",1.25960472836544e-202
CarValue,Airbag,"Antilock,Mileage,PropCost",1.25960472836544e-202
CarValue,Airbag,"Antilock,Mileage,PropCost",1.25960472836544e-202
PropCost,OtherCarCost,"Accident,CarValue,ThisCarCost",0.0
OtherCarCost,ILiCost,"Accident,PropCost,RuggedAuto",9.619654234147557e-12
OtherCarCost,ILiCost,"Accident,PropCost,RuggedAuto",9.619654234147557e-12
OtherCarCost,ILiCost,"Accident,PropCost,RuggedAuto",9.619654234147557e-12
OtherCarCost,ILiCost,"Accident,PropCost,RuggedAuto",9.619654234147557e-12
MedCost,Cushioning,"Accident,ThisCarCost,ThisCarDam",1.044537385486921e-76
Cushioning,Airbag,"MedCost,RuggedAuto,VehicleYear",1.697144379706642e-123
Cushioning,Airbag,"MedCost,RuggedAuto,VehicleYear",1.697144379706642e-123
Cushioning,Airbag,"MedCost,RuggedAuto,VehicleYear",1.697144379706642e-123
Cushioning,Airbag,"MedCost,RuggedAuto,VehicleYear",1.697144379706642e-123
