node_i,node_j,condition,p_value
GoodStudent,Age,,2.8092558069391248e-182
GoodStudent,SocioEcon,,4.283199044464921e-29
GoodStudent,RiskAversion,,2.382933548940275e-12
GoodStudent,VehicleYear,,1.394657007348096e-08
GoodStudent,ThisCarDam,,0.6969097109499427
GoodStudent,RuggedAuto,,0.030097884038606814
GoodStudent,Accident,,0.18070564266389455
GoodStudent,MakeModel,,4.305351903550412e-14
GoodStudent,DrivQuality,,0.00020670632101665745
GoodStudent,Mileage,,0.8455422178068018
GoodStudent,Antilock,,3.512323658051364e-12
GoodStudent,DrivingSkill,,0.14801257431142686
GoodStudent,SeniorTrain,,5.696309766406671e-06
GoodStudent,ThisCarCost,,5.631267920982083e-07
GoodStudent,Theft,,0.18638910031092987
GoodStudent,CarValue,,2.9485657957187184e-13
GoodStudent,HomeBase,,0.0010597206790784676
GoodStudent,AntiTheft,,0.9359223824967949
GoodStudent,PropCost,,0.06900913572304833
GoodStudent,OtherCarCost,,0.2250898814775348
GoodStudent,OtherCar,,0.0006290348052222265
GoodStudent,MedCost,,0.00021173348547052833
GoodStudent,Cushioning,,0.005088271299016012
GoodStudent,Airbag,,3.3245709234143643e-07
GoodStudent,ILiCost,,0.37886540290063303
GoodStudent,DrivHist,,0.015204873758675908
Age,SocioEcon,,9.507039456345591e-23
Age,RiskAversion,,7.220825270326904e-93
Age,VehicleYear,,0.24037135589445255
Age,ThisCarDam,,0.11457106996595606
Age,RuggedAuto,,0.09060589568564058
Age,Accident,,0.15430410410955922
Age,MakeModel,,2.2337094533280885e-05
Age,DrivQuality,,7.35024844154383e-21
Age,Mileage,,0.7302015427887136
Age,Antilock,,0.182004664267262
Age,DrivingSkill,,1.3137637167279885e-07
Age,SeniorTrain,,5.297673414865034e-186
Age,ThisCarCost,,0.5005131356371384
Age,Theft,,0.6006435307790058
Age,CarValue,,0.04267079436579973
Age,HomeBase,,4.929750689841975e-10
Age,AntiTheft,,5.368216824039988e-33
Age,PropCost,,0.31807251536312836
Age,OtherCarCost,,0.45072770202553647
Age,OtherCar,,0.7575891488975169
Age,MedCost,,3.8052133571260435e-11
Age,Cushioning,,0.21084947646667893
Age,Airbag,,0.292953974550143
Age,ILiCost,,0.7805670976967107
Age,DrivHist,,4.596852634175662e-12
SocioEcon,RiskAversion,,5.032648091881239e-13
SocioEcon,VehicleYear,,2.2812450138852938e-279
SocioEcon,ThisCarDam,,2.0312742312358663e-12
SocioEcon,RuggedAuto,,4.214018865026843e-148
SocioEcon,Accident,,2.6336170849254297e-09
SocioEcon,MakeModel,,0.0
SocioEcon,DrivQuality,,0.37339130609834453
SocioEcon,Mileage,,0.21237693620569983
SocioEcon,Antilock,,0.0
SocioEcon,DrivingSkill,,0.02486105816499698
SocioEcon,SeniorTrain,,0.0031693342059207256
SocioEcon,ThisCarCost,,1.1020562218249759e-222
SocioEcon,Theft,,0.036437171726729854
SocioEcon,CarValue,,0.0
SocioEcon,HomeBase,,0.0
SocioEcon,AntiTheft,,2.230114459400219e-133
SocioEcon,PropCost,,8.36209132961513e-33
SocioEcon,OtherCarCost,,7.350351179778304e-09
SocioEcon,OtherCar,,2.0822092984511355e-163
SocioEcon,MedCost,,9.327397934134106e-29
SocioEcon,Cushioning,,2.1577450560616873e-147
SocioEcon,Airbag,,5.556309292507022e-268
SocioEcon,ILiCost,,0.809975609044786
SocioEcon,DrivHist,,0.8238466216315612
RiskAversion,VehicleYear,,0.2675809909575935
RiskAversion,ThisCarDam,,0.3864634916816982
RiskAversion,RuggedAuto,,0.16118294154929755
RiskAversion,Accident,,0.45110423636359576
RiskAversion,MakeModel,,0.03935638609942448
RiskAversion,DrivQuality,,6.877020310449775e-24
RiskAversion,Mileage,,0.7111598956035439
RiskAversion,Antilock,,0.21783036286750315
RiskAversion,DrivingSkill,,1.8150578882858055e-108
RiskAversion,SeniorTrain,,2.635094790206571e-92
RiskAversion,ThisCarCost,,0.2800660453121947
RiskAversion,Theft,,0.13518511984882256
RiskAversion,CarValue,,0.44879636065733475
RiskAversion,HomeBase,,1.7851613670105823e-238
RiskAversion,AntiTheft,,0.0
RiskAversion,PropCost,,0.6131747365118909
RiskAversion,OtherCarCost,,0.9328946546869679
RiskAversion,OtherCar,,0.09584453517352011
RiskAversion,MedCost,,0.9745463541394347
RiskAversion,Cushioning,,0.16826831378444684
RiskAversion,Airbag,,0.2998825118850665
RiskAversion,ILiCost,,0.11234906780885222
RiskAversion,DrivHist,,1.5821976466818942e-106
VehicleYear,ThisCarDam,,5.655156174284585e-09
VehicleYear,RuggedAuto,,2.2360963137125814e-65
VehicleYear,Accident,,1.6900550973249607e-08
VehicleYear,MakeModel,,7.369974910531113e-127
VehicleYear,DrivQuality,,0.3448501114502351
VehicleYear,Mileage,,0.2023307834074989
VehicleYear,Antilock,,0.0
VehicleYear,DrivingSkill,,0.07887650373043392
VehicleYear,SeniorTrain,,0.9300956853918964
VehicleYear,ThisCarCost,,5.589241995109841e-281
VehicleYear,Theft,,0.007359721899986162
VehicleYear,CarValue,,0.0
VehicleYear,HomeBase,,3.04918945481006e-88
VehicleYear,AntiTheft,,1.89626853480877e-40
VehicleYear,PropCost,,5.05897002720144e-47
VehicleYear,OtherCarCost,,0.010909839834489449
VehicleYear,OtherCar,,6.376181873844768e-26
VehicleYear,MedCost,,1.2157848023642078e-30
VehicleYear,Cushioning,,1.4173114505067556e-172
VehicleYear,Airbag,,0.0
VehicleYear,ILiCost,,0.4005509800799064
VehicleYear,DrivHist,,0.6068872075606757
ThisCarDam,RuggedAuto,,2.453840568737597e-19
ThisCarDam,Accident,,0.0
ThisCarDam,MakeModel,,6.427022405089129e-18
ThisCarDam,DrivQuality,,5.072337456941355e-18
ThisCarDam,Mileage,,1.071193805487623e-16
ThisCarDam,Antilock,,1.0070268108884391e-26
ThisCarDam,DrivingSkill,,0.0001652976788736563
ThisCarDam,SeniorTrain,,0.049594924388330144
ThisCarDam,ThisCarCost,,0.0
ThisCarDam,Theft,,0.685739726982723
ThisCarDam,CarValue,,1.863234726292063e-15
ThisCarDam,HomeBase,,0.000450286084142366
ThisCarDam,AntiTheft,,0.00026159104343457146
ThisCarDam,PropCost,,0.0
ThisCarDam,OtherCarCost,,0.0
ThisCarDam,OtherCar,,0.0009156563362720289
ThisCarDam,MedCost,,1.2593028920793737e-201
ThisCarDam,Cushioning,,8.235741647787164e-14
ThisCarDam,Airbag,,1.572542428482009e-09
ThisCarDam,ILiCost,,1.8499914929524126e-51
ThisCarDam,DrivHist,,0.00043553140735205434
RuggedAuto,Accident,,1.059598445931213e-22
RuggedAuto,MakeModel,,0.0
RuggedAuto,DrivQuality,,0.5261622550716067
RuggedAuto,Mileage,,0.1780605155029482
RuggedAuto,Antilock,,5.0481166920743436e-11
RuggedAuto,DrivingSkill,,0.08921925056806614
RuggedAuto,SeniorTrain,,0.004277394675774687
RuggedAuto,ThisCarCost,,7.357502898330663e-55
RuggedAuto,Theft,,0.32754570789371273
RuggedAuto,CarValue,,7.451139392647964e-89
RuggedAuto,HomeBase,,5.631792660136463e-87
RuggedAuto,AntiTheft,,1.3794562910084744e-12
RuggedAuto,PropCost,,3.583761548912399e-23
RuggedAuto,OtherCarCost,,2.710269388511412e-44
RuggedAuto,OtherCar,,3.3290883525988107e-21
RuggedAuto,MedCost,,8.128272046165819e-121
RuggedAuto,Cushioning,,0.0
RuggedAuto,Airbag,,8.558372808301863e-92
RuggedAuto,ILiCost,,0.3226395293745007
RuggedAuto,DrivHist,,0.7372253330205043
Accident,MakeModel,,2.1800864354899016e-17
Accident,DrivQuality,,9.224371915633132e-24
Accident,Mileage,,5.676945777171608e-26
Accident,Antilock,,8.027673607324628e-31
Accident,DrivingSkill,,8.67214266538836e-06
Accident,SeniorTrain,,0.001329928243427418
Accident,ThisCarCost,,0.0
Accident,Theft,,0.8861991542946684
Accident,CarValue,,3.8034892371847084e-12
Accident,HomeBase,,0.4400862556735631
Accident,AntiTheft,,0.0011756867590701206
Accident,PropCost,,0.0
Accident,OtherCarCost,,0.0
Accident,OtherCar,,0.061064831223098345
Accident,MedCost,,5.948789260248546e-189
Accident,Cushioning,,0.00020605417020756018
Accident,Airbag,,1.18829037148512e-05
Accident,ILiCost,,6.4420287083308236e-80
Accident,DrivHist,,7.062329519600478e-05
MakeModel,DrivQuality,,0.12954636268671313
MakeModel,Mileage,,0.8864248063500794
MakeModel,Antilock,,0.0
MakeModel,DrivingSkill,,0.0040026973900445925
MakeModel,SeniorTrain,,0.019189151478731892
MakeModel,ThisCarCost,,2.314122295931095e-291
MakeModel,Theft,,0.007301582397143868
MakeModel,CarValue,,0.0
MakeModel,HomeBase,,1.4183625828708648e-268
MakeModel,AntiTheft,,8.515819824894111e-60
MakeModel,PropCost,,1.3984097301272648e-45
MakeModel,OtherCarCost,,4.826315437926631e-26
MakeModel,OtherCar,,3.1448947524054198e-71
MakeModel,MedCost,,3.869261451066527e-65
MakeModel,Cushioning,,0.0
MakeModel,Airbag,,1.2614645866528149e-182
MakeModel,ILiCost,,0.39818219318896414
MakeModel,DrivHist,,0.43721262359263746
DrivQuality,Mileage,,0.5527757888877909
DrivQuality,Antilock,,0.04775445924923032
DrivQuality,DrivingSkill,,4.8135869374708834e-306
DrivQuality,SeniorTrain,,1.1304977183775832e-16
DrivQuality,ThisCarCost,,3.806442174246935e-12
DrivQuality,Theft,,0.19570986022327674
DrivQuality,CarValue,,0.11836805741804085
DrivQuality,HomeBase,,0.11454316942158929
DrivQuality,AntiTheft,,0.00034329013111059927
DrivQuality,PropCost,,1.4890313020877725e-14
DrivQuality,OtherCarCost,,6.450767337149381e-14
DrivQuality,OtherCar,,0.8204862414303488
DrivQuality,MedCost,,0.05450067511359308
DrivQuality,Cushioning,,0.8969852628180501
DrivQuality,Airbag,,0.507230892307444
DrivQuality,ILiCost,,0.1603087448517139
DrivQuality,DrivHist,,4.308523014937563e-197
Mileage,Antilock,,0.11716737260580018
Mileage,DrivingSkill,,0.9653884389515229
Mileage,SeniorTrain,,0.22710606065525443
Mileage,ThisCarCost,,3.870703287614538e-10
Mileage,Theft,,0.8503912033655915
Mileage,CarValue,,2.978712350750785e-74
Mileage,HomeBase,,0.29808361368426944
Mileage,AntiTheft,,0.12516893062198864
Mileage,PropCost,,6.75419440709196e-10
Mileage,OtherCarCost,,8.782543259485604e-12
Mileage,OtherCar,,0.7960728720976991
Mileage,MedCost,,0.0004890732448761159
Mileage,Cushioning,,0.04984968922592209
Mileage,Airbag,,0.3028599007621376
Mileage,ILiCost,,0.04695150417458657
Mileage,DrivHist,,0.41510827294109975
Antilock,DrivingSkill,,8.298860649749423e-05
Antilock,SeniorTrain,,0.1070645324361408
Antilock,ThisCarCost,,1.560859278028915e-198
Antilock,Theft,,0.025320521533844453
Antilock,CarValue,,0.0
Antilock,HomeBase,,3.946953277300453e-91
Antilock,AntiTheft,,2.4435583105893848e-40
Antilock,PropCost,,2.0548700673009894e-22
Antilock,OtherCarCost,,3.817708915571622e-13
Antilock,OtherCar,,2.114788103504716e-31
Antilock,MedCost,,2.2369474959342112e-18
Antilock,Cushioning,,1.1099069254834652e-48
Antilock,Airbag,,1.0915964533992103e-293
Antilock,ILiCost,,0.4087606829973639
Antilock,DrivHist,,0.09877884852000544
DrivingSkill,SeniorTrain,,0.00040495976399519066
DrivingSkill,ThisCarCost,,0.0028893518518565355
DrivingSkill,Theft,,0.1806374225207821
DrivingSkill,CarValue,,0.01539045706570232
DrivingSkill,HomeBase,,2.3990763969305594e-15
DrivingSkill,AntiTheft,,1.9440202142975422e-29
DrivingSkill,PropCost,,4.28268524416178e-05
DrivingSkill,OtherCarCost,,0.0002901181319810909
DrivingSkill,OtherCar,,0.8376950457143865
DrivingSkill,MedCost,,0.3406179385536302
DrivingSkill,Cushioning,,0.158969643302677
DrivingSkill,Airbag,,0.08671257049239514
DrivingSkill,ILiCost,,0.7579156395184362
DrivingSkill,DrivHist,,0.0
SeniorTrain,ThisCarCost,,0.11282410057710857
SeniorTrain,Theft,,0.44735929461394963
SeniorTrain,CarValue,,0.7793323569167196
SeniorTrain,HomeBase,,6.933242249102569e-15
SeniorTrain,AntiTheft,,1.9303100096445872e-48
SeniorTrain,PropCost,,0.0006012068110056568
SeniorTrain,OtherCarCost,,0.02986355137234903
SeniorTrain,OtherCar,,0.767326939877804
SeniorTrain,MedCost,,0.00019177509712373702
SeniorTrain,Cushioning,,0.12704662427221508
SeniorTrain,Airbag,,0.7233873981720509
SeniorTrain,ILiCost,,0.42615870981900494
SeniorTrain,DrivHist,,4.5849515272880525e-19
ThisCarCost,Theft,,0.009737038542526022
ThisCarCost,CarValue,,0.0
ThisCarCost,HomeBase,,9.5325506454533e-81
ThisCarCost,AntiTheft,,1.2958845150231193e-29
ThisCarCost,PropCost,,0.0
ThisCarCost,OtherCarCost,,1.6020264045788956e-246
ThisCarCost,OtherCar,,1.9686073331083493e-22
ThisCarCost,MedCost,,3.178890507874504e-152
ThisCarCost,Cushioning,,4.33383277821366e-87
ThisCarCost,Airbag,,7.450907033573702e-237
ThisCarCost,ILiCost,,1.428960683478371e-31
ThisCarCost,DrivHist,,0.013900955331103554
Theft,CarValue,,0.007616764435823022
Theft,HomeBase,,0.2868742936424708
Theft,AntiTheft,,0.2810398150320844
Theft,PropCost,,0.5812314704735522
Theft,OtherCarCost,,0.9980175231521686
Theft,OtherCar,,0.7584979515859179
Theft,MedCost,,0.9607065891430525
Theft,Cushioning,,0.03265992920484179
Theft,Airbag,,0.03867104361750441
Theft,ILiCost,,0.25347889541708096
Theft,DrivHist,,0.7079220756239477
CarValue,HomeBase,,6.595671713943248e-148
CarValue,AntiTheft,,2.2896323013137623e-55
CarValue,PropCost,,1.1093456664800056e-121
CarValue,OtherCarCost,,0.0013457508595395582
CarValue,OtherCar,,6.754830336294701e-46
CarValue,MedCost,,3.998643024295417e-28
CarValue,Cushioning,,3.8662266101205545e-151
CarValue,Airbag,,0.0
CarValue,ILiCost,,0.07314097110432696
CarValue,DrivHist,,0.4507574445558249
HomeBase,AntiTheft,,3.856258378011284e-200
HomeBase,PropCost,,1.5163502653108048e-12
HomeBase,OtherCarCost,,0.15966214571168313
HomeBase,OtherCar,,1.7918922143091854e-82
HomeBase,MedCost,,1.0332632199456175e-15
HomeBase,Cushioning,,2.877610854601896e-81
HomeBase,Airbag,,1.5012698471283428e-89
HomeBase,ILiCost,,0.025387771141514186
HomeBase,DrivHist,,5.397487754907063e-09
AntiTheft,PropCost,,1.1103842340377635e-05
AntiTheft,OtherCarCost,,0.6313212650079504
AntiTheft,OtherCar,,3.757480765537005e-15
AntiTheft,MedCost,,0.04721651720661476
AntiTheft,Cushioning,,1.2649392798197514e-17
AntiTheft,Airbag,,7.965597844853025e-37
AntiTheft,ILiCost,,0.11093384485819109
AntiTheft,DrivHist,,1.2005620917496842e-35
PropCost,OtherCarCost,,0.0
PropCost,OtherCar,,0.0030443618930665202
PropCost,MedCost,,1.815889697869797e-78
PropCost,Cushioning,,8.05189684715133e-23
PropCost,Airbag,,1.428034691398675e-40
PropCost,ILiCost,,2.768547865711054e-34
PropCost,DrivHist,,0.0019697801135912505
OtherCarCost,OtherCar,,0.28764538497173026
OtherCarCost,MedCost,,2.2786469485837253e-46
OtherCarCost,Cushioning,,1.916116398538103e-17
OtherCarCost,Airbag,,0.22300398761821152
OtherCarCost,ILiCost,,1.640084475861134e-27
OtherCarCost,DrivHist,,0.0022182073758838304
OtherCar,MedCost,,0.00014218654784162193
OtherCar,Cushioning,,3.586130747338084e-18
OtherCar,Airbag,,2.8824173255445342e-27
OtherCar,ILiCost,,0.921012360122196
OtherCar,DrivHist,,0.06615198271861766
MedCost,Cushioning,,1.0893581212079101e-214
MedCost,Airbag,,4.182971446601104e-49
MedCost,ILiCost,,1.7647238030961942e-06
MedCost,DrivHist,,0.3063333850083581
Cushioning,Airbag,,8.219398800004328e-297
Cushioning,ILiCost,,0.2763832627631274
Cushioning,DrivHist,,0.5387789675837353
Airbag,ILiCost,,0.3245446644268359
Airbag,DrivHist,,0.3547576259735692
ILiCost,DrivHist,,0.8642950551666153
GoodStudent,Age,ThisCarCost,2.5983285784830666e-171
GoodStudent,Age,ThisCarCost,2.5983285784830666e-171
GoodStudent,Age,ThisCarCost,2.5983285784830666e-171
GoodStudent,Age,ThisCarCost,2.5983285784830666e-171
GoodStudent,Age,ThisCarCost,2.5983285784830666e-171
GoodStudent,Age,ThisCarCost,2.5983285784830666e-171
GoodStudent,Age,ThisCarCost,2.5983285784830666e-171
GoodStudent,Age,ThisCarCost,2.5983285784830666e-171
GoodStudent,Age,ThisCarCost,2.5983285784830666e-171
GoodStudent,Age,ThisCarCost,2.5983285784830666e-171
GoodStudent,Age,ThisCarCost,2.5983285784830666e-171
GoodStudent,Age,ThisCarCost,2.5983285784830666e-171
GoodStudent,Age,ThisCarCost,2.5983285784830666e-171
GoodStudent,Age,ThisCarCost,2.5983285784830666e-171
GoodStudent,Age,ThisCarCost,2.5983285784830666e-171
GoodStudent,Age,ThisCarCost,2.5983285784830666e-171
GoodStudent,SocioEcon,ThisCarCost,2.559654437997588e-19
GoodStudent,SocioEcon,ThisCarCost,2.559654437997588e-19
GoodStudent,SocioEcon,ThisCarCost,2.559654437997588e-19
GoodStudent,SocioEcon,ThisCarCost,2.559654437997588e-19
GoodStudent,SocioEcon,ThisCarCost,2.559654437997588e-19
GoodStudent,SocioEcon,ThisCarCost,2.559654437997588e-19
GoodStudent,SocioEcon,ThisCarCost,2.559654437997588e-19
GoodStudent,SocioEcon,ThisCarCost,2.559654437997588e-19
GoodStudent,SocioEcon,ThisCarCost,2.559654437997588e-19
GoodStudent,SocioEcon,ThisCarCost,2.559654437997588e-19
GoodStudent,SocioEcon,ThisCarCost,2.559654437997588e-19
GoodStudent,SocioEcon,ThisCarCost,2.559654437997588e-19
GoodStudent,SocioEcon,ThisCarCost,2.559654437997588e-19
GoodStudent,SocioEcon,ThisCarCost,2.559654437997588e-19
GoodStudent,SocioEcon,ThisCarCost,2.559654437997588e-19
GoodStudent,SocioEcon,ThisCarCost,2.559654437997588e-19
GoodStudent,RiskAversion,Age,0.14677996641419214
GoodStudent,VehicleYear,Antilock,0.14853744687206927
GoodStudent,VehicleYear,Antilock,0.14853744687206927
GoodStudent,VehicleYear,Antilock,0.14853744687206927
GoodStudent,VehicleYear,Antilock,0.14853744687206927
GoodStudent,VehicleYear,Antilock,0.14853744687206927
GoodStudent,VehicleYear,Antilock,0.14853744687206927
GoodStudent,VehicleYear,Antilock,0.14853744687206927
GoodStudent,VehicleYear,Antilock,0.14853744687206927
GoodStudent,VehicleYear,Antilock,0.14853744687206927
GoodStudent,RuggedAuto,Age,0.13726607358662185
GoodStudent,MakeModel,SocioEcon,0.11668015601890414
GoodStudent,MakeModel,SocioEcon,0.11668015601890414
GoodStudent,MakeModel,SocioEcon,0.11668015601890414
GoodStudent,MakeModel,SocioEcon,0.11668015601890414
GoodStudent,MakeModel,SocioEcon,0.11668015601890414
GoodStudent,MakeModel,SocioEcon,0.11668015601890414
GoodStudent,MakeModel,SocioEcon,0.11668015601890414
GoodStudent,MakeModel,SocioEcon,0.11668015601890414
GoodStudent,MakeModel,SocioEcon,0.11668015601890414
GoodStudent,MakeModel,SocioEcon,0.11668015601890414
GoodStudent,DrivQuality,HomeBase,0.08312668330763873
GoodStudent,DrivQuality,HomeBase,0.08312668330763873
GoodStudent,DrivQuality,HomeBase,0.08312668330763873
GoodStudent,DrivQuality,HomeBase,0.08312668330763873
GoodStudent,DrivQuality,HomeBase,0.08312668330763873
GoodStudent,Antilock,SocioEcon,0.6705189069872572
GoodStudent,Antilock,SocioEcon,0.6705189069872572
GoodStudent,Antilock,SocioEcon,0.6705189069872572
GoodStudent,Antilock,SocioEcon,0.6705189069872572
GoodStudent,Antilock,SocioEcon,0.6705189069872572
GoodStudent,Antilock,SocioEcon,0.6705189069872572
GoodStudent,Antilock,SocioEcon,0.6705189069872572
GoodStudent,Antilock,SocioEcon,0.6705189069872572
GoodStudent,Antilock,SocioEcon,0.6705189069872572
GoodStudent,SeniorTrain,MakeModel,0.06151714394634896
GoodStudent,SeniorTrain,MakeModel,0.06151714394634896
GoodStudent,SeniorTrain,MakeModel,0.06151714394634896
GoodStudent,SeniorTrain,MakeModel,0.06151714394634896
GoodStudent,SeniorTrain,MakeModel,0.06151714394634896
GoodStudent,SeniorTrain,MakeModel,0.06151714394634896
GoodStudent,SeniorTrain,MakeModel,0.06151714394634896
GoodStudent,SeniorTrain,MakeModel,0.06151714394634896
GoodStudent,SeniorTrain,MakeModel,0.06151714394634896
GoodStudent,SeniorTrain,MakeModel,0.06151714394634896
GoodStudent,ThisCarCost,SocioEcon,0.14474934898547698
GoodStudent,ThisCarCost,SocioEcon,0.14474934898547698
GoodStudent,ThisCarCost,SocioEcon,0.14474934898547698
GoodStudent,ThisCarCost,SocioEcon,0.14474934898547698
GoodStudent,ThisCarCost,SocioEcon,0.14474934898547698
GoodStudent,ThisCarCost,SocioEcon,0.14474934898547698
GoodStudent,ThisCarCost,SocioEcon,0.14474934898547698
GoodStudent,ThisCarCost,SocioEcon,0.14474934898547698
GoodStudent,ThisCarCost,SocioEcon,0.14474934898547698
GoodStudent,ThisCarCost,SocioEcon,0.14474934898547698
GoodStudent,CarValue,SocioEcon,0.16233337477628745
GoodStudent,CarValue,SocioEcon,0.16233337477628745
GoodStudent,CarValue,SocioEcon,0.16233337477628745
GoodStudent,CarValue,SocioEcon,0.16233337477628745
GoodStudent,CarValue,SocioEcon,0.16233337477628745
GoodStudent,CarValue,SocioEcon,0.16233337477628745
GoodStudent,CarValue,SocioEcon,0.16233337477628745
GoodStudent,CarValue,SocioEcon,0.16233337477628745
GoodStudent,CarValue,SocioEcon,0.16233337477628745
GoodStudent,CarValue,SocioEcon,0.16233337477628745
GoodStudent,HomeBase,MedCost,0.13321361648484528
GoodStudent,HomeBase,MedCost,0.13321361648484528
GoodStudent,OtherCar,Antilock,0.07582498520695777
GoodStudent,OtherCar,Antilock,0.07582498520695777
GoodStudent,OtherCar,Antilock,0.07582498520695777
GoodStudent,OtherCar,Antilock,0.07582498520695777
GoodStudent,OtherCar,Antilock,0.07582498520695777
GoodStudent,OtherCar,Antilock,0.07582498520695777
GoodStudent,OtherCar,Antilock,0.07582498520695777
GoodStudent,OtherCar,Antilock,0.07582498520695777
GoodStudent,OtherCar,Antilock,0.07582498520695777
GoodStudent,MedCost,Airbag,0.05785916608711909
GoodStudent,MedCost,Airbag,0.05785916608711909
GoodStudent,Cushioning,Age,0.053767837767657145
GoodStudent,Airbag,Antilock,0.13744534067780137
GoodStudent,Airbag,Antilock,0.13744534067780137
GoodStudent,Airbag,Antilock,0.13744534067780137
GoodStudent,Airbag,Antilock,0.13744534067780137
GoodStudent,Airbag,Antilock,0.13744534067780137
GoodStudent,Airbag,Antilock,0.13744534067780137
GoodStudent,Airbag,Antilock,0.13744534067780137
GoodStudent,Airbag,Antilock,0.13744534067780137
GoodStudent,DrivHist,Age,0.6273290881049123
Age,SocioEcon,AntiTheft,6.41897455954639e-22
Age,SocioEcon,AntiTheft,6.41897455954639e-22
Age,SocioEcon,AntiTheft,6.41897455954639e-22
Age,SocioEcon,AntiTheft,6.41897455954639e-22
Age,SocioEcon,AntiTheft,6.41897455954639e-22
Age,SocioEcon,AntiTheft,6.41897455954639e-22
Age,SocioEcon,AntiTheft,6.41897455954639e-22
Age,SocioEcon,AntiTheft,6.41897455954639e-22
Age,SocioEcon,AntiTheft,6.41897455954639e-22
Age,SocioEcon,AntiTheft,6.41897455954639e-22
Age,SocioEcon,AntiTheft,6.41897455954639e-22
Age,RiskAversion,AntiTheft,2.7185672828250826e-58
Age,RiskAversion,AntiTheft,2.7185672828250826e-58
Age,RiskAversion,AntiTheft,2.7185672828250826e-58
Age,RiskAversion,AntiTheft,2.7185672828250826e-58
Age,RiskAversion,AntiTheft,2.7185672828250826e-58
Age,RiskAversion,AntiTheft,2.7185672828250826e-58
Age,RiskAversion,AntiTheft,2.7185672828250826e-58
Age,RiskAversion,AntiTheft,2.7185672828250826e-58
Age,RiskAversion,AntiTheft,2.7185672828250826e-58
Age,RiskAversion,AntiTheft,2.7185672828250826e-58
Age,RiskAversion,AntiTheft,2.7185672828250826e-58
Age,MakeModel,CarValue,0.15610279739755228
Age,MakeModel,CarValue,0.15610279739755228
Age,DrivQuality,AntiTheft,3.2343007909318883e-18
Age,DrivQuality,AntiTheft,3.2343007909318883e-18
Age,DrivQuality,AntiTheft,3.2343007909318883e-18
Age,DrivQuality,AntiTheft,3.2343007909318883e-18
Age,DrivQuality,AntiTheft,3.2343007909318883e-18
Age,DrivQuality,AntiTheft,3.2343007909318883e-18
Age,DrivQuality,AntiTheft,3.2343007909318883e-18
Age,DrivQuality,AntiTheft,3.2343007909318883e-18
Age,DrivQuality,AntiTheft,3.2343007909318883e-18
Age,DrivQuality,AntiTheft,3.2343007909318883e-18
Age,DrivQuality,AntiTheft,3.2343007909318883e-18
Age,DrivingSkill,AntiTheft,2.753727783487897e-10
Age,DrivingSkill,AntiTheft,2.753727783487897e-10
Age,DrivingSkill,AntiTheft,2.753727783487897e-10
Age,DrivingSkill,AntiTheft,2.753727783487897e-10
Age,DrivingSkill,AntiTheft,2.753727783487897e-10
Age,DrivingSkill,AntiTheft,2.753727783487897e-10
Age,DrivingSkill,AntiTheft,2.753727783487897e-10
Age,DrivingSkill,AntiTheft,2.753727783487897e-10
Age,DrivingSkill,AntiTheft,2.753727783487897e-10
Age,DrivingSkill,AntiTheft,2.753727783487897e-10
Age,DrivingSkill,AntiTheft,2.753727783487897e-10
Age,SeniorTrain,AntiTheft,2.2116188988980984e-161
Age,SeniorTrain,AntiTheft,2.2116188988980984e-161
Age,SeniorTrain,AntiTheft,2.2116188988980984e-161
Age,SeniorTrain,AntiTheft,2.2116188988980984e-161
Age,SeniorTrain,AntiTheft,2.2116188988980984e-161
Age,SeniorTrain,AntiTheft,2.2116188988980984e-161
Age,SeniorTrain,AntiTheft,2.2116188988980984e-161
Age,SeniorTrain,AntiTheft,2.2116188988980984e-161
Age,SeniorTrain,AntiTheft,2.2116188988980984e-161
Age,SeniorTrain,AntiTheft,2.2116188988980984e-161
Age,SeniorTrain,AntiTheft,2.2116188988980984e-161
Age,CarValue,MakeModel,0.9046266390190003
Age,HomeBase,RiskAversion,0.059867435678137404
Age,HomeBase,RiskAversion,0.059867435678137404
Age,HomeBase,RiskAversion,0.059867435678137404
Age,HomeBase,RiskAversion,0.059867435678137404
Age,HomeBase,RiskAversion,0.059867435678137404
Age,HomeBase,RiskAversion,0.059867435678137404
Age,HomeBase,RiskAversion,0.059867435678137404
Age,HomeBase,RiskAversion,0.059867435678137404
Age,HomeBase,RiskAversion,0.059867435678137404
Age,AntiTheft,RiskAversion,0.20437666585491046
Age,AntiTheft,RiskAversion,0.20437666585491046
Age,AntiTheft,RiskAversion,0.20437666585491046
Age,AntiTheft,RiskAversion,0.20437666585491046
Age,AntiTheft,RiskAversion,0.20437666585491046
Age,AntiTheft,RiskAversion,0.20437666585491046
Age,AntiTheft,RiskAversion,0.20437666585491046
Age,AntiTheft,RiskAversion,0.20437666585491046
Age,AntiTheft,RiskAversion,0.20437666585491046
Age,AntiTheft,RiskAversion,0.20437666585491046
Age,MedCost,AntiTheft,1.761838170614358e-10
Age,MedCost,AntiTheft,1.761838170614358e-10
Age,MedCost,AntiTheft,1.761838170614358e-10
Age,MedCost,AntiTheft,1.761838170614358e-10
Age,MedCost,AntiTheft,1.761838170614358e-10
Age,MedCost,AntiTheft,1.761838170614358e-10
Age,MedCost,AntiTheft,1.761838170614358e-10
Age,MedCost,AntiTheft,1.761838170614358e-10
Age,MedCost,AntiTheft,1.761838170614358e-10
Age,MedCost,AntiTheft,1.761838170614358e-10
Age,MedCost,AntiTheft,1.761838170614358e-10
Age,DrivHist,AntiTheft,2.759377151234097e-08
Age,DrivHist,AntiTheft,2.759377151234097e-08
Age,DrivHist,AntiTheft,2.759377151234097e-08
Age,DrivHist,AntiTheft,2.759377151234097e-08
Age,DrivHist,AntiTheft,2.759377151234097e-08
Age,DrivHist,AntiTheft,2.759377151234097e-08
Age,DrivHist,AntiTheft,2.759377151234097e-08
Age,DrivHist,AntiTheft,2.759377151234097e-08
Age,DrivHist,AntiTheft,2.759377151234097e-08
Age,DrivHist,AntiTheft,2.759377151234097e-08
Age,DrivHist,AntiTheft,2.759377151234097e-08
SocioEcon,RiskAversion,AntiTheft,3.093457219858066e-137
SocioEcon,RiskAversion,AntiTheft,3.093457219858066e-137
SocioEcon,RiskAversion,AntiTheft,3.093457219858066e-137
SocioEcon,RiskAversion,AntiTheft,3.093457219858066e-137
SocioEcon,RiskAversion,AntiTheft,3.093457219858066e-137
SocioEcon,RiskAversion,AntiTheft,3.093457219858066e-137
SocioEcon,RiskAversion,AntiTheft,3.093457219858066e-137
SocioEcon,RiskAversion,AntiTheft,3.093457219858066e-137
SocioEcon,RiskAversion,AntiTheft,3.093457219858066e-137
SocioEcon,RiskAversion,AntiTheft,3.093457219858066e-137
SocioEcon,RiskAversion,AntiTheft,3.093457219858066e-137
SocioEcon,RiskAversion,AntiTheft,3.093457219858066e-137
SocioEcon,RiskAversion,AntiTheft,3.093457219858066e-137
SocioEcon,RiskAversion,AntiTheft,3.093457219858066e-137
SocioEcon,RiskAversion,AntiTheft,3.093457219858066e-137
SocioEcon,RiskAversion,AntiTheft,3.093457219858066e-137
SocioEcon,RiskAversion,AntiTheft,3.093457219858066e-137
SocioEcon,RiskAversion,AntiTheft,3.093457219858066e-137
SocioEcon,RiskAversion,AntiTheft,3.093457219858066e-137
SocioEcon,RiskAversion,AntiTheft,3.093457219858066e-137
SocioEcon,RiskAversion,AntiTheft,3.093457219858066e-137
SocioEcon,VehicleYear,AntiTheft,9.737769915954594e-237
SocioEcon,VehicleYear,AntiTheft,9.737769915954594e-237
SocioEcon,VehicleYear,AntiTheft,9.737769915954594e-237
SocioEcon,VehicleYear,AntiTheft,9.737769915954594e-237
SocioEcon,VehicleYear,AntiTheft,9.737769915954594e-237
SocioEcon,VehicleYear,AntiTheft,9.737769915954594e-237
SocioEcon,VehicleYear,AntiTheft,9.737769915954594e-237
SocioEcon,VehicleYear,AntiTheft,9.737769915954594e-237
SocioEcon,VehicleYear,AntiTheft,9.737769915954594e-237
SocioEcon,VehicleYear,AntiTheft,9.737769915954594e-237
SocioEcon,VehicleYear,AntiTheft,9.737769915954594e-237
SocioEcon,VehicleYear,AntiTheft,9.737769915954594e-237
SocioEcon,VehicleYear,AntiTheft,9.737769915954594e-237
SocioEcon,VehicleYear,AntiTheft,9.737769915954594e-237
SocioEcon,VehicleYear,AntiTheft,9.737769915954594e-237
SocioEcon,VehicleYear,AntiTheft,9.737769915954594e-237
SocioEcon,VehicleYear,AntiTheft,9.737769915954594e-237
SocioEcon,VehicleYear,AntiTheft,9.737769915954594e-237
SocioEcon,VehicleYear,AntiTheft,9.737769915954594e-237
SocioEcon,VehicleYear,AntiTheft,9.737769915954594e-237
SocioEcon,VehicleYear,AntiTheft,9.737769915954594e-237
SocioEcon,ThisCarDam,Antilock,0.2001265474498643
SocioEcon,ThisCarDam,Antilock,0.2001265474498643
SocioEcon,ThisCarDam,Antilock,0.2001265474498643
SocioEcon,ThisCarDam,Antilock,0.2001265474498643
SocioEcon,ThisCarDam,Antilock,0.2001265474498643
SocioEcon,ThisCarDam,Antilock,0.2001265474498643
SocioEcon,ThisCarDam,Antilock,0.2001265474498643
SocioEcon,ThisCarDam,Antilock,0.2001265474498643
SocioEcon,ThisCarDam,Antilock,0.2001265474498643
SocioEcon,ThisCarDam,Antilock,0.2001265474498643
SocioEcon,RuggedAuto,AntiTheft,2.6988668497346236e-131
SocioEcon,RuggedAuto,AntiTheft,2.6988668497346236e-131
SocioEcon,RuggedAuto,AntiTheft,2.6988668497346236e-131
SocioEcon,RuggedAuto,AntiTheft,2.6988668497346236e-131
SocioEcon,RuggedAuto,AntiTheft,2.6988668497346236e-131
SocioEcon,RuggedAuto,AntiTheft,2.6988668497346236e-131
SocioEcon,RuggedAuto,AntiTheft,2.6988668497346236e-131
SocioEcon,RuggedAuto,AntiTheft,2.6988668497346236e-131
SocioEcon,RuggedAuto,AntiTheft,2.6988668497346236e-131
SocioEcon,RuggedAuto,AntiTheft,2.6988668497346236e-131
SocioEcon,RuggedAuto,AntiTheft,2.6988668497346236e-131
SocioEcon,RuggedAuto,AntiTheft,2.6988668497346236e-131
SocioEcon,RuggedAuto,AntiTheft,2.6988668497346236e-131
SocioEcon,RuggedAuto,AntiTheft,2.6988668497346236e-131
SocioEcon,RuggedAuto,AntiTheft,2.6988668497346236e-131
SocioEcon,RuggedAuto,AntiTheft,2.6988668497346236e-131
SocioEcon,RuggedAuto,AntiTheft,2.6988668497346236e-131
SocioEcon,RuggedAuto,AntiTheft,2.6988668497346236e-131
SocioEcon,RuggedAuto,AntiTheft,2.6988668497346236e-131
SocioEcon,RuggedAuto,AntiTheft,2.6988668497346236e-131
SocioEcon,RuggedAuto,AntiTheft,2.6988668497346236e-131
SocioEcon,Accident,Antilock,0.1994660736227964
SocioEcon,Accident,Antilock,0.1994660736227964
SocioEcon,Accident,Antilock,0.1994660736227964
SocioEcon,Accident,Antilock,0.1994660736227964
SocioEcon,Accident,Antilock,0.1994660736227964
SocioEcon,Accident,Antilock,0.1994660736227964
SocioEcon,Accident,Antilock,0.1994660736227964
SocioEcon,Accident,Antilock,0.1994660736227964
SocioEcon,Accident,Antilock,0.1994660736227964
SocioEcon,MakeModel,AntiTheft,0.0
SocioEcon,MakeModel,AntiTheft,0.0
SocioEcon,MakeModel,AntiTheft,0.0
SocioEcon,MakeModel,AntiTheft,0.0
SocioEcon,MakeModel,AntiTheft,0.0
SocioEcon,MakeModel,AntiTheft,0.0
SocioEcon,MakeModel,AntiTheft,0.0
SocioEcon,MakeModel,AntiTheft,0.0
SocioEcon,MakeModel,AntiTheft,0.0
SocioEcon,MakeModel,AntiTheft,0.0
SocioEcon,MakeModel,AntiTheft,0.0
SocioEcon,MakeModel,AntiTheft,0.0
SocioEcon,MakeModel,AntiTheft,0.0
SocioEcon,MakeModel,AntiTheft,0.0
SocioEcon,MakeModel,AntiTheft,0.0
SocioEcon,MakeModel,AntiTheft,0.0
SocioEcon,MakeModel,AntiTheft,0.0
SocioEcon,MakeModel,AntiTheft,0.0
SocioEcon,MakeModel,AntiTheft,0.0
SocioEcon,MakeModel,AntiTheft,0.0
SocioEcon,MakeModel,AntiTheft,0.0
SocioEcon,Antilock,AntiTheft,4.4388965001352844e-274
SocioEcon,Antilock,AntiTheft,4.4388965001352844e-274
SocioEcon,Antilock,AntiTheft,4.4388965001352844e-274
SocioEcon,Antilock,AntiTheft,4.4388965001352844e-274
SocioEcon,Antilock,AntiTheft,4.4388965001352844e-274
SocioEcon,Antilock,AntiTheft,4.4388965001352844e-274
SocioEcon,Antilock,AntiTheft,4.4388965001352844e-274
SocioEcon,Antilock,AntiTheft,4.4388965001352844e-274
SocioEcon,Antilock,AntiTheft,4.4388965001352844e-274
SocioEcon,Antilock,AntiTheft,4.4388965001352844e-274
SocioEcon,Antilock,AntiTheft,4.4388965001352844e-274
SocioEcon,Antilock,AntiTheft,4.4388965001352844e-274
SocioEcon,Antilock,AntiTheft,4.4388965001352844e-274
SocioEcon,Antilock,AntiTheft,4.4388965001352844e-274
SocioEcon,Antilock,AntiTheft,4.4388965001352844e-274
SocioEcon,Antilock,AntiTheft,4.4388965001352844e-274
SocioEcon,Antilock,AntiTheft,4.4388965001352844e-274
SocioEcon,Antilock,AntiTheft,4.4388965001352844e-274
SocioEcon,Antilock,AntiTheft,4.4388965001352844e-274
SocioEcon,Antilock,AntiTheft,4.4388965001352844e-274
SocioEcon,Antilock,AntiTheft,4.4388965001352844e-274
SocioEcon,DrivingSkill,Age,0.07683702693888542
SocioEcon,SeniorTrain,Accident,0.09518243192783211
SocioEcon,SeniorTrain,Accident,0.09518243192783211
SocioEcon,ThisCarCost,AntiTheft,5.646822107957198e-186
SocioEcon,ThisCarCost,AntiTheft,5.646822107957198e-186
SocioEcon,ThisCarCost,AntiTheft,5.646822107957198e-186
SocioEcon,ThisCarCost,AntiTheft,5.646822107957198e-186
SocioEcon,ThisCarCost,AntiTheft,5.646822107957198e-186
SocioEcon,ThisCarCost,AntiTheft,5.646822107957198e-186
SocioEcon,ThisCarCost,AntiTheft,5.646822107957198e-186
SocioEcon,ThisCarCost,AntiTheft,5.646822107957198e-186
SocioEcon,ThisCarCost,AntiTheft,5.646822107957198e-186
SocioEcon,ThisCarCost,AntiTheft,5.646822107957198e-186
SocioEcon,ThisCarCost,AntiTheft,5.646822107957198e-186
SocioEcon,ThisCarCost,AntiTheft,5.646822107957198e-186
SocioEcon,ThisCarCost,AntiTheft,5.646822107957198e-186
SocioEcon,ThisCarCost,AntiTheft,5.646822107957198e-186
SocioEcon,ThisCarCost,AntiTheft,5.646822107957198e-186
SocioEcon,ThisCarCost,AntiTheft,5.646822107957198e-186
SocioEcon,ThisCarCost,AntiTheft,5.646822107957198e-186
SocioEcon,ThisCarCost,AntiTheft,5.646822107957198e-186
SocioEcon,ThisCarCost,AntiTheft,5.646822107957198e-186
SocioEcon,ThisCarCost,AntiTheft,5.646822107957198e-186
SocioEcon,ThisCarCost,AntiTheft,5.646822107957198e-186
SocioEcon,Theft,Age,0.052587968362457355
SocioEcon,CarValue,AntiTheft,0.0
SocioEcon,CarValue,AntiTheft,0.0
SocioEcon,CarValue,AntiTheft,0.0
SocioEcon,CarValue,AntiTheft,0.0
SocioEcon,CarValue,AntiTheft,0.0
SocioEcon,CarValue,AntiTheft,0.0
SocioEcon,CarValue,AntiTheft,0.0
SocioEcon,CarValue,AntiTheft,0.0
SocioEcon,CarValue,AntiTheft,0.0
SocioEcon,CarValue,AntiTheft,0.0
SocioEcon,CarValue,AntiTheft,0.0
SocioEcon,CarValue,AntiTheft,0.0
SocioEcon,CarValue,AntiTheft,0.0
SocioEcon,CarValue,AntiTheft,0.0
SocioEcon,CarValue,AntiTheft,0.0
SocioEcon,CarValue,AntiTheft,0.0
SocioEcon,CarValue,AntiTheft,0.0
SocioEcon,CarValue,AntiTheft,0.0
SocioEcon,CarValue,AntiTheft,0.0
SocioEcon,CarValue,AntiTheft,0.0
SocioEcon,CarValue,AntiTheft,0.0
SocioEcon,HomeBase,AntiTheft,0.0
SocioEcon,HomeBase,AntiTheft,0.0
SocioEcon,HomeBase,AntiTheft,0.0
SocioEcon,HomeBase,AntiTheft,0.0
SocioEcon,HomeBase,AntiTheft,0.0
SocioEcon,HomeBase,AntiTheft,0.0
SocioEcon,HomeBase,AntiTheft,0.0
SocioEcon,HomeBase,AntiTheft,0.0
SocioEcon,HomeBase,AntiTheft,0.0
SocioEcon,HomeBase,AntiTheft,0.0
SocioEcon,HomeBase,AntiTheft,0.0
SocioEcon,HomeBase,AntiTheft,0.0
SocioEcon,HomeBase,AntiTheft,0.0
SocioEcon,HomeBase,AntiTheft,0.0
SocioEcon,HomeBase,AntiTheft,0.0
SocioEcon,HomeBase,AntiTheft,0.0
SocioEcon,HomeBase,AntiTheft,0.0
SocioEcon,HomeBase,AntiTheft,0.0
SocioEcon,HomeBase,AntiTheft,0.0
SocioEcon,HomeBase,AntiTheft,0.0
SocioEcon,HomeBase,AntiTheft,0.0
SocioEcon,AntiTheft,ThisCarCost,9.532882531123474e-96
SocioEcon,AntiTheft,ThisCarCost,9.532882531123474e-96
SocioEcon,AntiTheft,ThisCarCost,9.532882531123474e-96
SocioEcon,AntiTheft,ThisCarCost,9.532882531123474e-96
SocioEcon,AntiTheft,ThisCarCost,9.532882531123474e-96
SocioEcon,AntiTheft,ThisCarCost,9.532882531123474e-96
SocioEcon,AntiTheft,ThisCarCost,9.532882531123474e-96
SocioEcon,AntiTheft,ThisCarCost,9.532882531123474e-96
SocioEcon,AntiTheft,ThisCarCost,9.532882531123474e-96
SocioEcon,AntiTheft,ThisCarCost,9.532882531123474e-96
SocioEcon,AntiTheft,ThisCarCost,9.532882531123474e-96
SocioEcon,AntiTheft,ThisCarCost,9.532882531123474e-96
SocioEcon,AntiTheft,ThisCarCost,9.532882531123474e-96
SocioEcon,AntiTheft,ThisCarCost,9.532882531123474e-96
SocioEcon,AntiTheft,ThisCarCost,9.532882531123474e-96
SocioEcon,AntiTheft,ThisCarCost,9.532882531123474e-96
SocioEcon,AntiTheft,ThisCarCost,9.532882531123474e-96
SocioEcon,AntiTheft,ThisCarCost,9.532882531123474e-96
SocioEcon,AntiTheft,ThisCarCost,9.532882531123474e-96
SocioEcon,AntiTheft,ThisCarCost,9.532882531123474e-96
SocioEcon,AntiTheft,ThisCarCost,9.532882531123474e-96
SocioEcon,PropCost,MakeModel,0.072057874812139
SocioEcon,PropCost,MakeModel,0.072057874812139
SocioEcon,PropCost,MakeModel,0.072057874812139
SocioEcon,PropCost,MakeModel,0.072057874812139
SocioEcon,PropCost,MakeModel,0.072057874812139
SocioEcon,PropCost,MakeModel,0.072057874812139
SocioEcon,PropCost,MakeModel,0.072057874812139
SocioEcon,PropCost,MakeModel,0.072057874812139
SocioEcon,PropCost,MakeModel,0.072057874812139
SocioEcon,PropCost,MakeModel,0.072057874812139
SocioEcon,PropCost,MakeModel,0.072057874812139
SocioEcon,PropCost,MakeModel,0.072057874812139
SocioEcon,PropCost,MakeModel,0.072057874812139
SocioEcon,OtherCarCost,MakeModel,0.7007000334966755
SocioEcon,OtherCarCost,MakeModel,0.7007000334966755
SocioEcon,OtherCarCost,MakeModel,0.7007000334966755
SocioEcon,OtherCarCost,MakeModel,0.7007000334966755
SocioEcon,OtherCarCost,MakeModel,0.7007000334966755
SocioEcon,OtherCarCost,MakeModel,0.7007000334966755
SocioEcon,OtherCarCost,MakeModel,0.7007000334966755
SocioEcon,OtherCarCost,MakeModel,0.7007000334966755
SocioEcon,OtherCarCost,MakeModel,0.7007000334966755
SocioEcon,OtherCarCost,MakeModel,0.7007000334966755
SocioEcon,OtherCarCost,MakeModel,0.7007000334966755
SocioEcon,OtherCarCost,MakeModel,0.7007000334966755
SocioEcon,OtherCarCost,MakeModel,0.7007000334966755
SocioEcon,OtherCar,AntiTheft,1.833367363964578e-146
SocioEcon,OtherCar,AntiTheft,1.833367363964578e-146
SocioEcon,OtherCar,AntiTheft,1.833367363964578e-146
SocioEcon,OtherCar,AntiTheft,1.833367363964578e-146
SocioEcon,OtherCar,AntiTheft,1.833367363964578e-146
SocioEcon,OtherCar,AntiTheft,1.833367363964578e-146
SocioEcon,OtherCar,AntiTheft,1.833367363964578e-146
SocioEcon,OtherCar,AntiTheft,1.833367363964578e-146
SocioEcon,OtherCar,AntiTheft,1.833367363964578e-146
SocioEcon,OtherCar,AntiTheft,1.833367363964578e-146
SocioEcon,OtherCar,AntiTheft,1.833367363964578e-146
SocioEcon,OtherCar,AntiTheft,1.833367363964578e-146
SocioEcon,OtherCar,AntiTheft,1.833367363964578e-146
SocioEcon,OtherCar,AntiTheft,1.833367363964578e-146
SocioEcon,OtherCar,AntiTheft,1.833367363964578e-146
SocioEcon,OtherCar,AntiTheft,1.833367363964578e-146
SocioEcon,OtherCar,AntiTheft,1.833367363964578e-146
SocioEcon,OtherCar,AntiTheft,1.833367363964578e-146
SocioEcon,OtherCar,AntiTheft,1.833367363964578e-146
SocioEcon,OtherCar,AntiTheft,1.833367363964578e-146
SocioEcon,OtherCar,AntiTheft,1.833367363964578e-146
SocioEcon,MedCost,MakeModel,0.05584855016922225
SocioEcon,MedCost,MakeModel,0.05584855016922225
SocioEcon,MedCost,MakeModel,0.05584855016922225
SocioEcon,MedCost,MakeModel,0.05584855016922225
SocioEcon,MedCost,MakeModel,0.05584855016922225
SocioEcon,MedCost,MakeModel,0.05584855016922225
SocioEcon,MedCost,MakeModel,0.05584855016922225
SocioEcon,MedCost,MakeModel,0.05584855016922225
SocioEcon,MedCost,MakeModel,0.05584855016922225
SocioEcon,MedCost,MakeModel,0.05584855016922225
SocioEcon,MedCost,MakeModel,0.05584855016922225
SocioEcon,MedCost,MakeModel,0.05584855016922225
SocioEcon,MedCost,MakeModel,0.05584855016922225
SocioEcon,Cushioning,AntiTheft,5.3763472609250334e-123
SocioEcon,Cushioning,AntiTheft,5.3763472609250334e-123
SocioEcon,Cushioning,AntiTheft,5.3763472609250334e-123
SocioEcon,Cushioning,AntiTheft,5.3763472609250334e-123
SocioEcon,Cushioning,AntiTheft,5.3763472609250334e-123
SocioEcon,Cushioning,AntiTheft,5.3763472609250334e-123
SocioEcon,Cushioning,AntiTheft,5.3763472609250334e-123
SocioEcon,Cushioning,AntiTheft,5.3763472609250334e-123
SocioEcon,Cushioning,AntiTheft,5.3763472609250334e-123
SocioEcon,Cushioning,AntiTheft,5.3763472609250334e-123
SocioEcon,Cushioning,AntiTheft,5.3763472609250334e-123
SocioEcon,Cushioning,AntiTheft,5.3763472609250334e-123
SocioEcon,Cushioning,AntiTheft,5.3763472609250334e-123
SocioEcon,Cushioning,AntiTheft,5.3763472609250334e-123
SocioEcon,Cushioning,AntiTheft,5.3763472609250334e-123
SocioEcon,Cushioning,AntiTheft,5.3763472609250334e-123
SocioEcon,Cushioning,AntiTheft,5.3763472609250334e-123
SocioEcon,Cushioning,AntiTheft,5.3763472609250334e-123
SocioEcon,Cushioning,AntiTheft,5.3763472609250334e-123
SocioEcon,Cushioning,AntiTheft,5.3763472609250334e-123
SocioEcon,Cushioning,AntiTheft,5.3763472609250334e-123
SocioEcon,Airbag,AntiTheft,4.484036460984361e-229
SocioEcon,Airbag,AntiTheft,4.484036460984361e-229
SocioEcon,Airbag,AntiTheft,4.484036460984361e-229
SocioEcon,Airbag,AntiTheft,4.484036460984361e-229
SocioEcon,Airbag,AntiTheft,4.484036460984361e-229
SocioEcon,Airbag,AntiTheft,4.484036460984361e-229
SocioEcon,Airbag,AntiTheft,4.484036460984361e-229
SocioEcon,Airbag,AntiTheft,4.484036460984361e-229
SocioEcon,Airbag,AntiTheft,4.484036460984361e-229
SocioEcon,Airbag,AntiTheft,4.484036460984361e-229
SocioEcon,Airbag,AntiTheft,4.484036460984361e-229
SocioEcon,Airbag,AntiTheft,4.484036460984361e-229
SocioEcon,Airbag,AntiTheft,4.484036460984361e-229
SocioEcon,Airbag,AntiTheft,4.484036460984361e-229
SocioEcon,Airbag,AntiTheft,4.484036460984361e-229
SocioEcon,Airbag,AntiTheft,4.484036460984361e-229
SocioEcon,Airbag,AntiTheft,4.484036460984361e-229
SocioEcon,Airbag,AntiTheft,4.484036460984361e-229
SocioEcon,Airbag,AntiTheft,4.484036460984361e-229
SocioEcon,Airbag,AntiTheft,4.484036460984361e-229
SocioEcon,Airbag,AntiTheft,4.484036460984361e-229
RiskAversion,MakeModel,GoodStudent,0.05581292291318288
RiskAversion,MakeModel,GoodStudent,0.05581292291318288
RiskAversion,DrivQuality,AntiTheft,1.119065726296431e-19
RiskAversion,DrivQuality,AntiTheft,1.119065726296431e-19
RiskAversion,DrivQuality,AntiTheft,1.119065726296431e-19
RiskAversion,DrivQuality,AntiTheft,1.119065726296431e-19
RiskAversion,DrivQuality,AntiTheft,1.119065726296431e-19
RiskAversion,DrivQuality,AntiTheft,1.119065726296431e-19
RiskAversion,DrivQuality,AntiTheft,1.119065726296431e-19
RiskAversion,DrivQuality,AntiTheft,1.119065726296431e-19
RiskAversion,DrivQuality,AntiTheft,1.119065726296431e-19
RiskAversion,DrivingSkill,AntiTheft,5.214285137662097e-78
RiskAversion,DrivingSkill,AntiTheft,5.214285137662097e-78
RiskAversion,DrivingSkill,AntiTheft,5.214285137662097e-78
RiskAversion,DrivingSkill,AntiTheft,5.214285137662097e-78
RiskAversion,DrivingSkill,AntiTheft,5.214285137662097e-78
RiskAversion,DrivingSkill,AntiTheft,5.214285137662097e-78
RiskAversion,DrivingSkill,AntiTheft,5.214285137662097e-78
RiskAversion,DrivingSkill,AntiTheft,5.214285137662097e-78
RiskAversion,DrivingSkill,AntiTheft,5.214285137662097e-78
RiskAversion,SeniorTrain,AntiTheft,8.854867545225159e-44
RiskAversion,SeniorTrain,AntiTheft,8.854867545225159e-44
RiskAversion,SeniorTrain,AntiTheft,8.854867545225159e-44
RiskAversion,SeniorTrain,AntiTheft,8.854867545225159e-44
RiskAversion,SeniorTrain,AntiTheft,8.854867545225159e-44
RiskAversion,SeniorTrain,AntiTheft,8.854867545225159e-44
RiskAversion,SeniorTrain,AntiTheft,8.854867545225159e-44
RiskAversion,SeniorTrain,AntiTheft,8.854867545225159e-44
RiskAversion,SeniorTrain,AntiTheft,8.854867545225159e-44
RiskAversion,HomeBase,AntiTheft,2.888426362072713e-134
RiskAversion,HomeBase,AntiTheft,2.888426362072713e-134
RiskAversion,HomeBase,AntiTheft,2.888426362072713e-134
RiskAversion,HomeBase,AntiTheft,2.888426362072713e-134
RiskAversion,HomeBase,AntiTheft,2.888426362072713e-134
RiskAversion,HomeBase,AntiTheft,2.888426362072713e-134
RiskAversion,HomeBase,AntiTheft,2.888426362072713e-134
RiskAversion,HomeBase,AntiTheft,2.888426362072713e-134
RiskAversion,HomeBase,AntiTheft,2.888426362072713e-134
RiskAversion,AntiTheft,SocioEcon,0.0
RiskAversion,AntiTheft,SocioEcon,0.0
RiskAversion,AntiTheft,SocioEcon,0.0
RiskAversion,AntiTheft,SocioEcon,0.0
RiskAversion,AntiTheft,SocioEcon,0.0
RiskAversion,AntiTheft,SocioEcon,0.0
RiskAversion,AntiTheft,SocioEcon,0.0
RiskAversion,AntiTheft,SocioEcon,0.0
RiskAversion,AntiTheft,SocioEcon,0.0
RiskAversion,DrivHist,AntiTheft,4.504008964324652e-68
RiskAversion,DrivHist,AntiTheft,4.504008964324652e-68
RiskAversion,DrivHist,AntiTheft,4.504008964324652e-68
RiskAversion,DrivHist,AntiTheft,4.504008964324652e-68
RiskAversion,DrivHist,AntiTheft,4.504008964324652e-68
RiskAversion,DrivHist,AntiTheft,4.504008964324652e-68
RiskAversion,DrivHist,AntiTheft,4.504008964324652e-68
RiskAversion,DrivHist,AntiTheft,4.504008964324652e-68
RiskAversion,DrivHist,AntiTheft,4.504008964324652e-68
VehicleYear,ThisCarDam,Accident,0.32746989919694497
VehicleYear,RuggedAuto,AntiTheft,1.2302651577140351e-57
VehicleYear,RuggedAuto,AntiTheft,1.2302651577140351e-57
VehicleYear,RuggedAuto,AntiTheft,1.2302651577140351e-57
VehicleYear,RuggedAuto,AntiTheft,1.2302651577140351e-57
VehicleYear,RuggedAuto,AntiTheft,1.2302651577140351e-57
VehicleYear,RuggedAuto,AntiTheft,1.2302651577140351e-57
VehicleYear,RuggedAuto,AntiTheft,1.2302651577140351e-57
VehicleYear,RuggedAuto,AntiTheft,1.2302651577140351e-57
VehicleYear,RuggedAuto,AntiTheft,1.2302651577140351e-57
VehicleYear,RuggedAuto,AntiTheft,1.2302651577140351e-57
VehicleYear,RuggedAuto,AntiTheft,1.2302651577140351e-57
VehicleYear,RuggedAuto,AntiTheft,1.2302651577140351e-57
VehicleYear,RuggedAuto,AntiTheft,1.2302651577140351e-57
VehicleYear,RuggedAuto,AntiTheft,1.2302651577140351e-57
VehicleYear,RuggedAuto,AntiTheft,1.2302651577140351e-57
VehicleYear,RuggedAuto,AntiTheft,1.2302651577140351e-57
VehicleYear,RuggedAuto,AntiTheft,1.2302651577140351e-57
VehicleYear,Accident,MedCost,0.7210000871781286
VehicleYear,MakeModel,SocioEcon,0.43797392066936014
VehicleYear,MakeModel,SocioEcon,0.43797392066936014
VehicleYear,MakeModel,SocioEcon,0.43797392066936014
VehicleYear,MakeModel,SocioEcon,0.43797392066936014
VehicleYear,MakeModel,SocioEcon,0.43797392066936014
VehicleYear,MakeModel,SocioEcon,0.43797392066936014
VehicleYear,MakeModel,SocioEcon,0.43797392066936014
VehicleYear,Antilock,AntiTheft,0.0
VehicleYear,Antilock,AntiTheft,0.0
VehicleYear,Antilock,AntiTheft,0.0
VehicleYear,Antilock,AntiTheft,0.0
VehicleYear,Antilock,AntiTheft,0.0
VehicleYear,Antilock,AntiTheft,0.0
VehicleYear,Antilock,AntiTheft,0.0
VehicleYear,Antilock,AntiTheft,0.0
VehicleYear,Antilock,AntiTheft,0.0
VehicleYear,Antilock,AntiTheft,0.0
VehicleYear,Antilock,AntiTheft,0.0
VehicleYear,Antilock,AntiTheft,0.0
VehicleYear,Antilock,AntiTheft,0.0
VehicleYear,Antilock,AntiTheft,0.0
VehicleYear,Antilock,AntiTheft,0.0
VehicleYear,Antilock,AntiTheft,0.0
VehicleYear,Antilock,AntiTheft,0.0
VehicleYear,ThisCarCost,CarValue,0.28229614668707825
VehicleYear,ThisCarCost,CarValue,0.28229614668707825
VehicleYear,ThisCarCost,CarValue,0.28229614668707825
VehicleYear,ThisCarCost,CarValue,0.28229614668707825
VehicleYear,ThisCarCost,CarValue,0.28229614668707825
VehicleYear,ThisCarCost,CarValue,0.28229614668707825
VehicleYear,ThisCarCost,CarValue,0.28229614668707825
VehicleYear,ThisCarCost,CarValue,0.28229614668707825
VehicleYear,ThisCarCost,CarValue,0.28229614668707825
VehicleYear,ThisCarCost,CarValue,0.28229614668707825
VehicleYear,ThisCarCost,CarValue,0.28229614668707825
VehicleYear,ThisCarCost,CarValue,0.28229614668707825
VehicleYear,ThisCarCost,CarValue,0.28229614668707825
VehicleYear,ThisCarCost,CarValue,0.28229614668707825
VehicleYear,Theft,Accident,0.055161536045472984
VehicleYear,CarValue,AntiTheft,0.0
VehicleYear,CarValue,AntiTheft,0.0
VehicleYear,CarValue,AntiTheft,0.0
VehicleYear,CarValue,AntiTheft,0.0
VehicleYear,CarValue,AntiTheft,0.0
VehicleYear,CarValue,AntiTheft,0.0
VehicleYear,CarValue,AntiTheft,0.0
VehicleYear,CarValue,AntiTheft,0.0
VehicleYear,CarValue,AntiTheft,0.0
VehicleYear,CarValue,AntiTheft,0.0
VehicleYear,CarValue,AntiTheft,0.0
VehicleYear,CarValue,AntiTheft,0.0
VehicleYear,CarValue,AntiTheft,0.0
VehicleYear,CarValue,AntiTheft,0.0
VehicleYear,CarValue,AntiTheft,0.0
VehicleYear,CarValue,AntiTheft,0.0
VehicleYear,CarValue,AntiTheft,0.0
VehicleYear,HomeBase,SocioEcon,0.3665096304196726
VehicleYear,HomeBase,SocioEcon,0.3665096304196726
VehicleYear,HomeBase,SocioEcon,0.3665096304196726
VehicleYear,HomeBase,SocioEcon,0.3665096304196726
VehicleYear,HomeBase,SocioEcon,0.3665096304196726
VehicleYear,HomeBase,SocioEcon,0.3665096304196726
VehicleYear,AntiTheft,SocioEcon,0.7527328980148252
VehicleYear,AntiTheft,SocioEcon,0.7527328980148252
VehicleYear,AntiTheft,SocioEcon,0.7527328980148252
VehicleYear,AntiTheft,SocioEcon,0.7527328980148252
VehicleYear,AntiTheft,SocioEcon,0.7527328980148252
VehicleYear,AntiTheft,SocioEcon,0.7527328980148252
VehicleYear,AntiTheft,SocioEcon,0.7527328980148252
VehicleYear,PropCost,CarValue,0.2522783741186495
VehicleYear,PropCost,CarValue,0.2522783741186495
VehicleYear,PropCost,CarValue,0.2522783741186495
VehicleYear,PropCost,CarValue,0.2522783741186495
VehicleYear,PropCost,CarValue,0.2522783741186495
VehicleYear,PropCost,CarValue,0.2522783741186495
VehicleYear,PropCost,CarValue,0.2522783741186495
VehicleYear,PropCost,CarValue,0.2522783741186495
VehicleYear,PropCost,CarValue,0.2522783741186495
VehicleYear,PropCost,CarValue,0.2522783741186495
VehicleYear,PropCost,CarValue,0.2522783741186495
VehicleYear,PropCost,CarValue,0.2522783741186495
VehicleYear,PropCost,CarValue,0.2522783741186495
VehicleYear,OtherCarCost,Accident,0.213204081264559
VehicleYear,OtherCar,SocioEcon,0.8945845450255162
VehicleYear,OtherCar,SocioEcon,0.8945845450255162
VehicleYear,OtherCar,SocioEcon,0.8945845450255162
VehicleYear,OtherCar,SocioEcon,0.8945845450255162
VehicleYear,OtherCar,SocioEcon,0.8945845450255162
VehicleYear,OtherCar,SocioEcon,0.8945845450255162
VehicleYear,OtherCar,SocioEcon,0.8945845450255162
VehicleYear,MedCost,Airbag,0.0637949199678704
VehicleYear,MedCost,Airbag,0.0637949199678704
VehicleYear,Cushioning,AntiTheft,1.87083859254871e-155
VehicleYear,Cushioning,AntiTheft,1.87083859254871e-155
VehicleYear,Cushioning,AntiTheft,1.87083859254871e-155
VehicleYear,Cushioning,AntiTheft,1.87083859254871e-155
VehicleYear,Cushioning,AntiTheft,1.87083859254871e-155
VehicleYear,Cushioning,AntiTheft,1.87083859254871e-155
VehicleYear,Cushioning,AntiTheft,1.87083859254871e-155
VehicleYear,Cushioning,AntiTheft,1.87083859254871e-155
VehicleYear,Cushioning,AntiTheft,1.87083859254871e-155
VehicleYear,Cushioning,AntiTheft,1.87083859254871e-155
VehicleYear,Cushioning,AntiTheft,1.87083859254871e-155
VehicleYear,Cushioning,AntiTheft,1.87083859254871e-155
VehicleYear,Cushioning,AntiTheft,1.87083859254871e-155
VehicleYear,Cushioning,AntiTheft,1.87083859254871e-155
VehicleYear,Cushioning,AntiTheft,1.87083859254871e-155
VehicleYear,Cushioning,AntiTheft,1.87083859254871e-155
VehicleYear,Cushioning,AntiTheft,1.87083859254871e-155
VehicleYear,Airbag,AntiTheft,0.0
VehicleYear,Airbag,AntiTheft,0.0
VehicleYear,Airbag,AntiTheft,0.0
VehicleYear,Airbag,AntiTheft,0.0
VehicleYear,Airbag,AntiTheft,0.0
VehicleYear,Airbag,AntiTheft,0.0
VehicleYear,Airbag,AntiTheft,0.0
VehicleYear,Airbag,AntiTheft,0.0
VehicleYear,Airbag,AntiTheft,0.0
VehicleYear,Airbag,AntiTheft,0.0
VehicleYear,Airbag,AntiTheft,0.0
VehicleYear,Airbag,AntiTheft,0.0
VehicleYear,Airbag,AntiTheft,0.0
VehicleYear,Airbag,AntiTheft,0.0
VehicleYear,Airbag,AntiTheft,0.0
VehicleYear,Airbag,AntiTheft,0.0
VehicleYear,Airbag,AntiTheft,0.0
ThisCarDam,RuggedAuto,AntiTheft,1.787682050753514e-16
ThisCarDam,RuggedAuto,AntiTheft,1.787682050753514e-16
ThisCarDam,RuggedAuto,AntiTheft,1.787682050753514e-16
ThisCarDam,RuggedAuto,AntiTheft,1.787682050753514e-16
ThisCarDam,RuggedAuto,AntiTheft,1.787682050753514e-16
ThisCarDam,RuggedAuto,AntiTheft,1.787682050753514e-16
ThisCarDam,RuggedAuto,AntiTheft,1.787682050753514e-16
ThisCarDam,RuggedAuto,AntiTheft,1.787682050753514e-16
ThisCarDam,RuggedAuto,AntiTheft,1.787682050753514e-16
ThisCarDam,RuggedAuto,AntiTheft,1.787682050753514e-16
ThisCarDam,RuggedAuto,AntiTheft,1.787682050753514e-16
ThisCarDam,RuggedAuto,AntiTheft,1.787682050753514e-16
ThisCarDam,RuggedAuto,AntiTheft,1.787682050753514e-16
ThisCarDam,RuggedAuto,AntiTheft,1.787682050753514e-16
ThisCarDam,RuggedAuto,AntiTheft,1.787682050753514e-16
ThisCarDam,RuggedAuto,AntiTheft,1.787682050753514e-16
ThisCarDam,RuggedAuto,AntiTheft,1.787682050753514e-16
ThisCarDam,RuggedAuto,AntiTheft,1.787682050753514e-16
ThisCarDam,RuggedAuto,AntiTheft,1.787682050753514e-16
ThisCarDam,RuggedAuto,AntiTheft,1.787682050753514e-16
ThisCarDam,RuggedAuto,AntiTheft,1.787682050753514e-16
ThisCarDam,Accident,AntiTheft,0.0
ThisCarDam,Accident,AntiTheft,0.0
ThisCarDam,Accident,AntiTheft,0.0
ThisCarDam,Accident,AntiTheft,0.0
ThisCarDam,Accident,AntiTheft,0.0
ThisCarDam,Accident,AntiTheft,0.0
ThisCarDam,Accident,AntiTheft,0.0
ThisCarDam,Accident,AntiTheft,0.0
ThisCarDam,Accident,AntiTheft,0.0
ThisCarDam,Accident,AntiTheft,0.0
ThisCarDam,Accident,AntiTheft,0.0
ThisCarDam,Accident,AntiTheft,0.0
ThisCarDam,Accident,AntiTheft,0.0
ThisCarDam,Accident,AntiTheft,0.0
ThisCarDam,Accident,AntiTheft,0.0
ThisCarDam,Accident,AntiTheft,0.0
ThisCarDam,Accident,AntiTheft,0.0
ThisCarDam,Accident,AntiTheft,0.0
ThisCarDam,Accident,AntiTheft,0.0
ThisCarDam,Accident,AntiTheft,0.0
ThisCarDam,Accident,AntiTheft,0.0
ThisCarDam,MakeModel,CarValue,0.11011108057491079
ThisCarDam,MakeModel,CarValue,0.11011108057491079
ThisCarDam,MakeModel,CarValue,0.11011108057491079
ThisCarDam,MakeModel,CarValue,0.11011108057491079
ThisCarDam,MakeModel,CarValue,0.11011108057491079
ThisCarDam,MakeModel,CarValue,0.11011108057491079
ThisCarDam,MakeModel,CarValue,0.11011108057491079
ThisCarDam,MakeModel,CarValue,0.11011108057491079
ThisCarDam,MakeModel,CarValue,0.11011108057491079
ThisCarDam,MakeModel,CarValue,0.11011108057491079
ThisCarDam,MakeModel,CarValue,0.11011108057491079
ThisCarDam,MakeModel,CarValue,0.11011108057491079
ThisCarDam,MakeModel,CarValue,0.11011108057491079
ThisCarDam,MakeModel,CarValue,0.11011108057491079
ThisCarDam,DrivQuality,Accident,0.37331843708627876
ThisCarDam,Mileage,Accident,0.9080578577284504
ThisCarDam,Antilock,Accident,0.16051888259859498
ThisCarDam,DrivingSkill,Accident,0.37619630211784877
ThisCarDam,SeniorTrain,Accident,0.8079661626058604
ThisCarDam,ThisCarCost,AntiTheft,0.0
ThisCarDam,ThisCarCost,AntiTheft,0.0
ThisCarDam,ThisCarCost,AntiTheft,0.0
ThisCarDam,ThisCarCost,AntiTheft,0.0
ThisCarDam,ThisCarCost,AntiTheft,0.0
ThisCarDam,ThisCarCost,AntiTheft,0.0
ThisCarDam,ThisCarCost,AntiTheft,0.0
ThisCarDam,ThisCarCost,AntiTheft,0.0
ThisCarDam,ThisCarCost,AntiTheft,0.0
ThisCarDam,ThisCarCost,AntiTheft,0.0
ThisCarDam,ThisCarCost,AntiTheft,0.0
ThisCarDam,ThisCarCost,AntiTheft,0.0
ThisCarDam,ThisCarCost,AntiTheft,0.0
ThisCarDam,ThisCarCost,AntiTheft,0.0
ThisCarDam,ThisCarCost,AntiTheft,0.0
ThisCarDam,ThisCarCost,AntiTheft,0.0
ThisCarDam,ThisCarCost,AntiTheft,0.0
ThisCarDam,ThisCarCost,AntiTheft,0.0
ThisCarDam,ThisCarCost,AntiTheft,0.0
ThisCarDam,ThisCarCost,AntiTheft,0.0
ThisCarDam,ThisCarCost,AntiTheft,0.0
ThisCarDam,CarValue,Antilock,0.24195654244565729
ThisCarDam,CarValue,Antilock,0.24195654244565729
ThisCarDam,CarValue,Antilock,0.24195654244565729
ThisCarDam,CarValue,Antilock,0.24195654244565729
ThisCarDam,CarValue,Antilock,0.24195654244565729
ThisCarDam,CarValue,Antilock,0.24195654244565729
ThisCarDam,CarValue,Antilock,0.24195654244565729
ThisCarDam,CarValue,Antilock,0.24195654244565729
ThisCarDam,CarValue,Antilock,0.24195654244565729
ThisCarDam,HomeBase,MedCost,0.3648378940490362
ThisCarDam,HomeBase,MedCost,0.3648378940490362
ThisCarDam,AntiTheft,Accident,0.5430707167409399
ThisCarDam,PropCost,AntiTheft,0.0
ThisCarDam,PropCost,AntiTheft,0.0
ThisCarDam,PropCost,AntiTheft,0.0
ThisCarDam,PropCost,AntiTheft,0.0
ThisCarDam,PropCost,AntiTheft,0.0
ThisCarDam,PropCost,AntiTheft,0.0
ThisCarDam,PropCost,AntiTheft,0.0
ThisCarDam,PropCost,AntiTheft,0.0
ThisCarDam,PropCost,AntiTheft,0.0
ThisCarDam,PropCost,AntiTheft,0.0
ThisCarDam,PropCost,AntiTheft,0.0
ThisCarDam,PropCost,AntiTheft,0.0
ThisCarDam,PropCost,AntiTheft,0.0
ThisCarDam,PropCost,AntiTheft,0.0
ThisCarDam,PropCost,AntiTheft,0.0
ThisCarDam,PropCost,AntiTheft,0.0
ThisCarDam,PropCost,AntiTheft,0.0
ThisCarDam,PropCost,AntiTheft,0.0
ThisCarDam,PropCost,AntiTheft,0.0
ThisCarDam,PropCost,AntiTheft,0.0
ThisCarDam,PropCost,AntiTheft,0.0
ThisCarDam,OtherCarCost,AntiTheft,0.0
ThisCarDam,OtherCarCost,AntiTheft,0.0
ThisCarDam,OtherCarCost,AntiTheft,0.0
ThisCarDam,OtherCarCost,AntiTheft,0.0
ThisCarDam,OtherCarCost,AntiTheft,0.0
ThisCarDam,OtherCarCost,AntiTheft,0.0
ThisCarDam,OtherCarCost,AntiTheft,0.0
ThisCarDam,OtherCarCost,AntiTheft,0.0
ThisCarDam,OtherCarCost,AntiTheft,0.0
ThisCarDam,OtherCarCost,AntiTheft,0.0
ThisCarDam,OtherCarCost,AntiTheft,0.0
ThisCarDam,OtherCarCost,AntiTheft,0.0
ThisCarDam,OtherCarCost,AntiTheft,0.0
ThisCarDam,OtherCarCost,AntiTheft,0.0
ThisCarDam,OtherCarCost,AntiTheft,0.0
ThisCarDam,OtherCarCost,AntiTheft,0.0
ThisCarDam,OtherCarCost,AntiTheft,0.0
ThisCarDam,OtherCarCost,AntiTheft,0.0
ThisCarDam,OtherCarCost,AntiTheft,0.0
ThisCarDam,OtherCarCost,AntiTheft,0.0
ThisCarDam,OtherCarCost,AntiTheft,0.0
ThisCarDam,OtherCar,MedCost,0.1549602410735531
ThisCarDam,OtherCar,MedCost,0.1549602410735531
ThisCarDam,MedCost,AntiTheft,2.4791362822073466e-192
ThisCarDam,MedCost,AntiTheft,2.4791362822073466e-192
ThisCarDam,MedCost,AntiTheft,2.4791362822073466e-192
ThisCarDam,MedCost,AntiTheft,2.4791362822073466e-192
ThisCarDam,MedCost,AntiTheft,2.4791362822073466e-192
ThisCarDam,MedCost,AntiTheft,2.4791362822073466e-192
ThisCarDam,MedCost,AntiTheft,2.4791362822073466e-192
ThisCarDam,MedCost,AntiTheft,2.4791362822073466e-192
ThisCarDam,MedCost,AntiTheft,2.4791362822073466e-192
ThisCarDam,MedCost,AntiTheft,2.4791362822073466e-192
ThisCarDam,MedCost,AntiTheft,2.4791362822073466e-192
ThisCarDam,MedCost,AntiTheft,2.4791362822073466e-192
ThisCarDam,MedCost,AntiTheft,2.4791362822073466e-192
ThisCarDam,MedCost,AntiTheft,2.4791362822073466e-192
ThisCarDam,MedCost,AntiTheft,2.4791362822073466e-192
ThisCarDam,MedCost,AntiTheft,2.4791362822073466e-192
ThisCarDam,MedCost,AntiTheft,2.4791362822073466e-192
ThisCarDam,MedCost,AntiTheft,2.4791362822073466e-192
ThisCarDam,MedCost,AntiTheft,2.4791362822073466e-192
ThisCarDam,MedCost,AntiTheft,2.4791362822073466e-192
ThisCarDam,MedCost,AntiTheft,2.4791362822073466e-192
ThisCarDam,Cushioning,RuggedAuto,0.8740654542771871
ThisCarDam,Cushioning,RuggedAuto,0.8740654542771871
ThisCarDam,Cushioning,RuggedAuto,0.8740654542771871
ThisCarDam,Cushioning,RuggedAuto,0.8740654542771871
ThisCarDam,Cushioning,RuggedAuto,0.8740654542771871
ThisCarDam,Cushioning,RuggedAuto,0.8740654542771871
ThisCarDam,Cushioning,RuggedAuto,0.8740654542771871
ThisCarDam,Cushioning,RuggedAuto,0.8740654542771871
ThisCarDam,Airbag,MedCost,0.9508861377971319
ThisCarDam,Airbag,MedCost,0.9508861377971319
ThisCarDam,ILiCost,AntiTheft,6.778951000498155e-46
ThisCarDam,ILiCost,AntiTheft,6.778951000498155e-46
ThisCarDam,ILiCost,AntiTheft,6.778951000498155e-46
ThisCarDam,ILiCost,AntiTheft,6.778951000498155e-46
ThisCarDam,ILiCost,AntiTheft,6.778951000498155e-46
ThisCarDam,ILiCost,AntiTheft,6.778951000498155e-46
ThisCarDam,ILiCost,AntiTheft,6.778951000498155e-46
ThisCarDam,ILiCost,AntiTheft,6.778951000498155e-46
ThisCarDam,ILiCost,AntiTheft,6.778951000498155e-46
ThisCarDam,ILiCost,AntiTheft,6.778951000498155e-46
ThisCarDam,ILiCost,AntiTheft,6.778951000498155e-46
ThisCarDam,ILiCost,AntiTheft,6.778951000498155e-46
ThisCarDam,ILiCost,AntiTheft,6.778951000498155e-46
ThisCarDam,ILiCost,AntiTheft,6.778951000498155e-46
ThisCarDam,ILiCost,AntiTheft,6.778951000498155e-46
ThisCarDam,ILiCost,AntiTheft,6.778951000498155e-46
ThisCarDam,ILiCost,AntiTheft,6.778951000498155e-46
ThisCarDam,ILiCost,AntiTheft,6.778951000498155e-46
ThisCarDam,ILiCost,AntiTheft,6.778951000498155e-46
ThisCarDam,ILiCost,AntiTheft,6.778951000498155e-46
ThisCarDam,ILiCost,AntiTheft,6.778951000498155e-46
ThisCarDam,DrivHist,Accident,0.7340567285452921
RuggedAuto,Accident,AntiTheft,6.341128058623691e-21
RuggedAuto,Accident,AntiTheft,6.341128058623691e-21
RuggedAuto,Accident,AntiTheft,6.341128058623691e-21
RuggedAuto,Accident,AntiTheft,6.341128058623691e-21
RuggedAuto,Accident,AntiTheft,6.341128058623691e-21
RuggedAuto,Accident,AntiTheft,6.341128058623691e-21
RuggedAuto,Accident,AntiTheft,6.341128058623691e-21
RuggedAuto,Accident,AntiTheft,6.341128058623691e-21
RuggedAuto,Accident,AntiTheft,6.341128058623691e-21
RuggedAuto,Accident,AntiTheft,6.341128058623691e-21
RuggedAuto,Accident,AntiTheft,6.341128058623691e-21
RuggedAuto,Accident,AntiTheft,6.341128058623691e-21
RuggedAuto,Accident,AntiTheft,6.341128058623691e-21
RuggedAuto,Accident,AntiTheft,6.341128058623691e-21
RuggedAuto,Accident,AntiTheft,6.341128058623691e-21
RuggedAuto,Accident,AntiTheft,6.341128058623691e-21
RuggedAuto,Accident,AntiTheft,6.341128058623691e-21
RuggedAuto,MakeModel,AntiTheft,0.0
RuggedAuto,MakeModel,AntiTheft,0.0
RuggedAuto,MakeModel,AntiTheft,0.0
RuggedAuto,MakeModel,AntiTheft,0.0
RuggedAuto,MakeModel,AntiTheft,0.0
RuggedAuto,MakeModel,AntiTheft,0.0
RuggedAuto,MakeModel,AntiTheft,0.0
RuggedAuto,MakeModel,AntiTheft,0.0
RuggedAuto,MakeModel,AntiTheft,0.0
RuggedAuto,MakeModel,AntiTheft,0.0
RuggedAuto,MakeModel,AntiTheft,0.0
RuggedAuto,MakeModel,AntiTheft,0.0
RuggedAuto,MakeModel,AntiTheft,0.0
RuggedAuto,MakeModel,AntiTheft,0.0
RuggedAuto,MakeModel,AntiTheft,0.0
RuggedAuto,MakeModel,AntiTheft,0.0
RuggedAuto,MakeModel,AntiTheft,0.0
RuggedAuto,Antilock,AntiTheft,4.865076358115067e-07
RuggedAuto,Antilock,AntiTheft,4.865076358115067e-07
RuggedAuto,Antilock,AntiTheft,4.865076358115067e-07
RuggedAuto,Antilock,AntiTheft,4.865076358115067e-07
RuggedAuto,Antilock,AntiTheft,4.865076358115067e-07
RuggedAuto,Antilock,AntiTheft,4.865076358115067e-07
RuggedAuto,Antilock,AntiTheft,4.865076358115067e-07
RuggedAuto,Antilock,AntiTheft,4.865076358115067e-07
RuggedAuto,Antilock,AntiTheft,4.865076358115067e-07
RuggedAuto,Antilock,AntiTheft,4.865076358115067e-07
RuggedAuto,Antilock,AntiTheft,4.865076358115067e-07
RuggedAuto,Antilock,AntiTheft,4.865076358115067e-07
RuggedAuto,Antilock,AntiTheft,4.865076358115067e-07
RuggedAuto,Antilock,AntiTheft,4.865076358115067e-07
RuggedAuto,Antilock,AntiTheft,4.865076358115067e-07
RuggedAuto,Antilock,AntiTheft,4.865076358115067e-07
RuggedAuto,Antilock,AntiTheft,4.865076358115067e-07
RuggedAuto,SeniorTrain,Accident,0.21583816164158914
RuggedAuto,ThisCarCost,AntiTheft,3.455514229576323e-45
RuggedAuto,ThisCarCost,AntiTheft,3.455514229576323e-45
RuggedAuto,ThisCarCost,AntiTheft,3.455514229576323e-45
RuggedAuto,ThisCarCost,AntiTheft,3.455514229576323e-45
RuggedAuto,ThisCarCost,AntiTheft,3.455514229576323e-45
RuggedAuto,ThisCarCost,AntiTheft,3.455514229576323e-45
RuggedAuto,ThisCarCost,AntiTheft,3.455514229576323e-45
RuggedAuto,ThisCarCost,AntiTheft,3.455514229576323e-45
RuggedAuto,ThisCarCost,AntiTheft,3.455514229576323e-45
RuggedAuto,ThisCarCost,AntiTheft,3.455514229576323e-45
RuggedAuto,ThisCarCost,AntiTheft,3.455514229576323e-45
RuggedAuto,ThisCarCost,AntiTheft,3.455514229576323e-45
RuggedAuto,ThisCarCost,AntiTheft,3.455514229576323e-45
RuggedAuto,ThisCarCost,AntiTheft,3.455514229576323e-45
RuggedAuto,ThisCarCost,AntiTheft,3.455514229576323e-45
RuggedAuto,ThisCarCost,AntiTheft,3.455514229576323e-45
RuggedAuto,ThisCarCost,AntiTheft,3.455514229576323e-45
RuggedAuto,CarValue,AntiTheft,1.313432652072801e-74
RuggedAuto,CarValue,AntiTheft,1.313432652072801e-74
RuggedAuto,CarValue,AntiTheft,1.313432652072801e-74
RuggedAuto,CarValue,AntiTheft,1.313432652072801e-74
RuggedAuto,CarValue,AntiTheft,1.313432652072801e-74
RuggedAuto,CarValue,AntiTheft,1.313432652072801e-74
RuggedAuto,CarValue,AntiTheft,1.313432652072801e-74
RuggedAuto,CarValue,AntiTheft,1.313432652072801e-74
RuggedAuto,CarValue,AntiTheft,1.313432652072801e-74
RuggedAuto,CarValue,AntiTheft,1.313432652072801e-74
RuggedAuto,CarValue,AntiTheft,1.313432652072801e-74
RuggedAuto,CarValue,AntiTheft,1.313432652072801e-74
RuggedAuto,CarValue,AntiTheft,1.313432652072801e-74
RuggedAuto,CarValue,AntiTheft,1.313432652072801e-74
RuggedAuto,CarValue,AntiTheft,1.313432652072801e-74
RuggedAuto,CarValue,AntiTheft,1.313432652072801e-74
RuggedAuto,CarValue,AntiTheft,1.313432652072801e-74
RuggedAuto,HomeBase,SocioEcon,0.9582580489831716
RuggedAuto,HomeBase,SocioEcon,0.9582580489831716
RuggedAuto,HomeBase,SocioEcon,0.9582580489831716
RuggedAuto,HomeBase,SocioEcon,0.9582580489831716
RuggedAuto,HomeBase,SocioEcon,0.9582580489831716
RuggedAuto,HomeBase,SocioEcon,0.9582580489831716
RuggedAuto,AntiTheft,HomeBase,0.23830586876202348
RuggedAuto,AntiTheft,HomeBase,0.23830586876202348
RuggedAuto,AntiTheft,HomeBase,0.23830586876202348
RuggedAuto,AntiTheft,HomeBase,0.23830586876202348
RuggedAuto,AntiTheft,HomeBase,0.23830586876202348
RuggedAuto,PropCost,AntiTheft,6.917455785558764e-19
RuggedAuto,PropCost,AntiTheft,6.917455785558764e-19
RuggedAuto,PropCost,AntiTheft,6.917455785558764e-19
RuggedAuto,PropCost,AntiTheft,6.917455785558764e-19
RuggedAuto,PropCost,AntiTheft,6.917455785558764e-19
RuggedAuto,PropCost,AntiTheft,6.917455785558764e-19
RuggedAuto,PropCost,AntiTheft,6.917455785558764e-19
RuggedAuto,PropCost,AntiTheft,6.917455785558764e-19
RuggedAuto,PropCost,AntiTheft,6.917455785558764e-19
RuggedAuto,PropCost,AntiTheft,6.917455785558764e-19
RuggedAuto,PropCost,AntiTheft,6.917455785558764e-19
RuggedAuto,PropCost,AntiTheft,6.917455785558764e-19
RuggedAuto,PropCost,AntiTheft,6.917455785558764e-19
RuggedAuto,PropCost,AntiTheft,6.917455785558764e-19
RuggedAuto,PropCost,AntiTheft,6.917455785558764e-19
RuggedAuto,PropCost,AntiTheft,6.917455785558764e-19
RuggedAuto,PropCost,AntiTheft,6.917455785558764e-19
RuggedAuto,OtherCarCost,AntiTheft,4.897276824210698e-43
RuggedAuto,OtherCarCost,AntiTheft,4.897276824210698e-43
RuggedAuto,OtherCarCost,AntiTheft,4.897276824210698e-43
RuggedAuto,OtherCarCost,AntiTheft,4.897276824210698e-43
RuggedAuto,OtherCarCost,AntiTheft,4.897276824210698e-43
RuggedAuto,OtherCarCost,AntiTheft,4.897276824210698e-43
RuggedAuto,OtherCarCost,AntiTheft,4.897276824210698e-43
RuggedAuto,OtherCarCost,AntiTheft,4.897276824210698e-43
RuggedAuto,OtherCarCost,AntiTheft,4.897276824210698e-43
RuggedAuto,OtherCarCost,AntiTheft,4.897276824210698e-43
RuggedAuto,OtherCarCost,AntiTheft,4.897276824210698e-43
RuggedAuto,OtherCarCost,AntiTheft,4.897276824210698e-43
RuggedAuto,OtherCarCost,AntiTheft,4.897276824210698e-43
RuggedAuto,OtherCarCost,AntiTheft,4.897276824210698e-43
RuggedAuto,OtherCarCost,AntiTheft,4.897276824210698e-43
RuggedAuto,OtherCarCost,AntiTheft,4.897276824210698e-43
RuggedAuto,OtherCarCost,AntiTheft,4.897276824210698e-43
RuggedAuto,OtherCar,SocioEcon,0.5958949100845066
RuggedAuto,OtherCar,SocioEcon,0.5958949100845066
RuggedAuto,OtherCar,SocioEcon,0.5958949100845066
RuggedAuto,OtherCar,SocioEcon,0.5958949100845066
RuggedAuto,OtherCar,SocioEcon,0.5958949100845066
RuggedAuto,OtherCar,SocioEcon,0.5958949100845066
RuggedAuto,OtherCar,SocioEcon,0.5958949100845066
RuggedAuto,MedCost,AntiTheft,2.659169884840489e-112
RuggedAuto,MedCost,AntiTheft,2.659169884840489e-112
RuggedAuto,MedCost,AntiTheft,2.659169884840489e-112
RuggedAuto,MedCost,AntiTheft,2.659169884840489e-112
RuggedAuto,MedCost,AntiTheft,2.659169884840489e-112
RuggedAuto,MedCost,AntiTheft,2.659169884840489e-112
RuggedAuto,MedCost,AntiTheft,2.659169884840489e-112
RuggedAuto,MedCost,AntiTheft,2.659169884840489e-112
RuggedAuto,MedCost,AntiTheft,2.659169884840489e-112
RuggedAuto,MedCost,AntiTheft,2.659169884840489e-112
RuggedAuto,MedCost,AntiTheft,2.659169884840489e-112
RuggedAuto,MedCost,AntiTheft,2.659169884840489e-112
RuggedAuto,MedCost,AntiTheft,2.659169884840489e-112
RuggedAuto,MedCost,AntiTheft,2.659169884840489e-112
RuggedAuto,MedCost,AntiTheft,2.659169884840489e-112
RuggedAuto,MedCost,AntiTheft,2.659169884840489e-112
RuggedAuto,MedCost,AntiTheft,2.659169884840489e-112
RuggedAuto,Cushioning,AntiTheft,0.0
RuggedAuto,Cushioning,AntiTheft,0.0
RuggedAuto,Cushioning,AntiTheft,0.0
RuggedAuto,Cushioning,AntiTheft,0.0
RuggedAuto,Cushioning,AntiTheft,0.0
RuggedAuto,Cushioning,AntiTheft,0.0
RuggedAuto,Cushioning,AntiTheft,0.0
RuggedAuto,Cushioning,AntiTheft,0.0
RuggedAuto,Cushioning,AntiTheft,0.0
RuggedAuto,Cushioning,AntiTheft,0.0
RuggedAuto,Cushioning,AntiTheft,0.0
RuggedAuto,Cushioning,AntiTheft,0.0
RuggedAuto,Cushioning,AntiTheft,0.0
RuggedAuto,Cushioning,AntiTheft,0.0
RuggedAuto,Cushioning,AntiTheft,0.0
RuggedAuto,Cushioning,AntiTheft,0.0
RuggedAuto,Cushioning,AntiTheft,0.0
RuggedAuto,Airbag,AntiTheft,9.668827662303719e-82
RuggedAuto,Airbag,AntiTheft,9.668827662303719e-82
RuggedAuto,Airbag,AntiTheft,9.668827662303719e-82
RuggedAuto,Airbag,AntiTheft,9.668827662303719e-82
RuggedAuto,Airbag,AntiTheft,9.668827662303719e-82
RuggedAuto,Airbag,AntiTheft,9.668827662303719e-82
RuggedAuto,Airbag,AntiTheft,9.668827662303719e-82
RuggedAuto,Airbag,AntiTheft,9.668827662303719e-82
RuggedAuto,Airbag,AntiTheft,9.668827662303719e-82
RuggedAuto,Airbag,AntiTheft,9.668827662303719e-82
RuggedAuto,Airbag,AntiTheft,9.668827662303719e-82
RuggedAuto,Airbag,AntiTheft,9.668827662303719e-82
RuggedAuto,Airbag,AntiTheft,9.668827662303719e-82
RuggedAuto,Airbag,AntiTheft,9.668827662303719e-82
RuggedAuto,Airbag,AntiTheft,9.668827662303719e-82
RuggedAuto,Airbag,AntiTheft,9.668827662303719e-82
RuggedAuto,Airbag,AntiTheft,9.668827662303719e-82
Accident,MakeModel,AntiTheft,2.5900514297569276e-13
Accident,MakeModel,AntiTheft,2.5900514297569276e-13
Accident,MakeModel,AntiTheft,2.5900514297569276e-13
Accident,MakeModel,AntiTheft,2.5900514297569276e-13
Accident,MakeModel,AntiTheft,2.5900514297569276e-13
Accident,MakeModel,AntiTheft,2.5900514297569276e-13
Accident,MakeModel,AntiTheft,2.5900514297569276e-13
Accident,MakeModel,AntiTheft,2.5900514297569276e-13
Accident,MakeModel,AntiTheft,2.5900514297569276e-13
Accident,MakeModel,AntiTheft,2.5900514297569276e-13
Accident,MakeModel,AntiTheft,2.5900514297569276e-13
Accident,MakeModel,AntiTheft,2.5900514297569276e-13
Accident,MakeModel,AntiTheft,2.5900514297569276e-13
Accident,MakeModel,AntiTheft,2.5900514297569276e-13
Accident,MakeModel,AntiTheft,2.5900514297569276e-13
Accident,MakeModel,AntiTheft,2.5900514297569276e-13
Accident,MakeModel,AntiTheft,2.5900514297569276e-13
Accident,MakeModel,AntiTheft,2.5900514297569276e-13
Accident,MakeModel,AntiTheft,2.5900514297569276e-13
Accident,DrivQuality,AntiTheft,6.80389852641732e-21
Accident,DrivQuality,AntiTheft,6.80389852641732e-21
Accident,DrivQuality,AntiTheft,6.80389852641732e-21
Accident,DrivQuality,AntiTheft,6.80389852641732e-21
Accident,DrivQuality,AntiTheft,6.80389852641732e-21
Accident,DrivQuality,AntiTheft,6.80389852641732e-21
Accident,DrivQuality,AntiTheft,6.80389852641732e-21
Accident,DrivQuality,AntiTheft,6.80389852641732e-21
Accident,DrivQuality,AntiTheft,6.80389852641732e-21
Accident,DrivQuality,AntiTheft,6.80389852641732e-21
Accident,DrivQuality,AntiTheft,6.80389852641732e-21
Accident,DrivQuality,AntiTheft,6.80389852641732e-21
Accident,DrivQuality,AntiTheft,6.80389852641732e-21
Accident,DrivQuality,AntiTheft,6.80389852641732e-21
Accident,DrivQuality,AntiTheft,6.80389852641732e-21
Accident,DrivQuality,AntiTheft,6.80389852641732e-21
Accident,DrivQuality,AntiTheft,6.80389852641732e-21
Accident,DrivQuality,AntiTheft,6.80389852641732e-21
Accident,DrivQuality,AntiTheft,6.80389852641732e-21
Accident,Mileage,AntiTheft,2.0353237184026377e-23
Accident,Mileage,AntiTheft,2.0353237184026377e-23
Accident,Mileage,AntiTheft,2.0353237184026377e-23
Accident,Mileage,AntiTheft,2.0353237184026377e-23
Accident,Mileage,AntiTheft,2.0353237184026377e-23
Accident,Mileage,AntiTheft,2.0353237184026377e-23
Accident,Mileage,AntiTheft,2.0353237184026377e-23
Accident,Mileage,AntiTheft,2.0353237184026377e-23
Accident,Mileage,AntiTheft,2.0353237184026377e-23
Accident,Mileage,AntiTheft,2.0353237184026377e-23
Accident,Mileage,AntiTheft,2.0353237184026377e-23
Accident,Mileage,AntiTheft,2.0353237184026377e-23
Accident,Mileage,AntiTheft,2.0353237184026377e-23
Accident,Mileage,AntiTheft,2.0353237184026377e-23
Accident,Mileage,AntiTheft,2.0353237184026377e-23
Accident,Mileage,AntiTheft,2.0353237184026377e-23
Accident,Mileage,AntiTheft,2.0353237184026377e-23
Accident,Mileage,AntiTheft,2.0353237184026377e-23
Accident,Mileage,AntiTheft,2.0353237184026377e-23
Accident,Antilock,AntiTheft,7.190628441175233e-27
Accident,Antilock,AntiTheft,7.190628441175233e-27
Accident,Antilock,AntiTheft,7.190628441175233e-27
Accident,Antilock,AntiTheft,7.190628441175233e-27
Accident,Antilock,AntiTheft,7.190628441175233e-27
Accident,Antilock,AntiTheft,7.190628441175233e-27
Accident,Antilock,AntiTheft,7.190628441175233e-27
Accident,Antilock,AntiTheft,7.190628441175233e-27
Accident,Antilock,AntiTheft,7.190628441175233e-27
Accident,Antilock,AntiTheft,7.190628441175233e-27
Accident,Antilock,AntiTheft,7.190628441175233e-27
Accident,Antilock,AntiTheft,7.190628441175233e-27
Accident,Antilock,AntiTheft,7.190628441175233e-27
Accident,Antilock,AntiTheft,7.190628441175233e-27
Accident,Antilock,AntiTheft,7.190628441175233e-27
Accident,Antilock,AntiTheft,7.190628441175233e-27
Accident,Antilock,AntiTheft,7.190628441175233e-27
Accident,Antilock,AntiTheft,7.190628441175233e-27
Accident,Antilock,AntiTheft,7.190628441175233e-27
Accident,DrivingSkill,DrivQuality,0.971490174362494
Accident,DrivingSkill,DrivQuality,0.971490174362494
Accident,DrivingSkill,DrivQuality,0.971490174362494
Accident,DrivingSkill,DrivQuality,0.971490174362494
Accident,SeniorTrain,DrivQuality,0.427320888598003
Accident,SeniorTrain,DrivQuality,0.427320888598003
Accident,SeniorTrain,DrivQuality,0.427320888598003
Accident,SeniorTrain,DrivQuality,0.427320888598003
Accident,ThisCarCost,ThisCarDam,0.09428359100046581
Accident,ThisCarCost,ThisCarDam,0.09428359100046581
Accident,ThisCarCost,ThisCarDam,0.09428359100046581
Accident,ThisCarCost,ThisCarDam,0.09428359100046581
Accident,ThisCarCost,ThisCarDam,0.09428359100046581
Accident,ThisCarCost,ThisCarDam,0.09428359100046581
Accident,ThisCarCost,ThisCarDam,0.09428359100046581
Accident,ThisCarCost,ThisCarDam,0.09428359100046581
Accident,ThisCarCost,ThisCarDam,0.09428359100046581
Accident,CarValue,Antilock,0.15344395580767317
Accident,CarValue,Antilock,0.15344395580767317
Accident,CarValue,Antilock,0.15344395580767317
Accident,CarValue,Antilock,0.15344395580767317
Accident,CarValue,Antilock,0.15344395580767317
Accident,CarValue,Antilock,0.15344395580767317
Accident,CarValue,Antilock,0.15344395580767317
Accident,AntiTheft,MedCost,0.15062928967941383
Accident,PropCost,AntiTheft,0.0
Accident,PropCost,AntiTheft,0.0
Accident,PropCost,AntiTheft,0.0
Accident,PropCost,AntiTheft,0.0
Accident,PropCost,AntiTheft,0.0
Accident,PropCost,AntiTheft,0.0
Accident,PropCost,AntiTheft,0.0
Accident,PropCost,AntiTheft,0.0
Accident,PropCost,AntiTheft,0.0
Accident,PropCost,AntiTheft,0.0
Accident,PropCost,AntiTheft,0.0
Accident,PropCost,AntiTheft,0.0
Accident,PropCost,AntiTheft,0.0
Accident,PropCost,AntiTheft,0.0
Accident,PropCost,AntiTheft,0.0
Accident,PropCost,AntiTheft,0.0
Accident,PropCost,AntiTheft,0.0
Accident,PropCost,AntiTheft,0.0
Accident,PropCost,AntiTheft,0.0
Accident,OtherCarCost,AntiTheft,0.0
Accident,OtherCarCost,AntiTheft,0.0
Accident,OtherCarCost,AntiTheft,0.0
Accident,OtherCarCost,AntiTheft,0.0
Accident,OtherCarCost,AntiTheft,0.0
Accident,OtherCarCost,AntiTheft,0.0
Accident,OtherCarCost,AntiTheft,0.0
Accident,OtherCarCost,AntiTheft,0.0
Accident,OtherCarCost,AntiTheft,0.0
Accident,OtherCarCost,AntiTheft,0.0
Accident,OtherCarCost,AntiTheft,0.0
Accident,OtherCarCost,AntiTheft,0.0
Accident,OtherCarCost,AntiTheft,0.0
Accident,OtherCarCost,AntiTheft,0.0
Accident,OtherCarCost,AntiTheft,0.0
Accident,OtherCarCost,AntiTheft,0.0
Accident,OtherCarCost,AntiTheft,0.0
Accident,OtherCarCost,AntiTheft,0.0
Accident,OtherCarCost,AntiTheft,0.0
Accident,MedCost,AntiTheft,6.653035250941365e-180
Accident,MedCost,AntiTheft,6.653035250941365e-180
Accident,MedCost,AntiTheft,6.653035250941365e-180
Accident,MedCost,AntiTheft,6.653035250941365e-180
Accident,MedCost,AntiTheft,6.653035250941365e-180
Accident,MedCost,AntiTheft,6.653035250941365e-180
Accident,MedCost,AntiTheft,6.653035250941365e-180
Accident,MedCost,AntiTheft,6.653035250941365e-180
Accident,MedCost,AntiTheft,6.653035250941365e-180
Accident,MedCost,AntiTheft,6.653035250941365e-180
Accident,MedCost,AntiTheft,6.653035250941365e-180
Accident,MedCost,AntiTheft,6.653035250941365e-180
Accident,MedCost,AntiTheft,6.653035250941365e-180
Accident,MedCost,AntiTheft,6.653035250941365e-180
Accident,MedCost,AntiTheft,6.653035250941365e-180
Accident,MedCost,AntiTheft,6.653035250941365e-180
Accident,MedCost,AntiTheft,6.653035250941365e-180
Accident,MedCost,AntiTheft,6.653035250941365e-180
Accident,MedCost,AntiTheft,6.653035250941365e-180
Accident,Cushioning,RuggedAuto,0.8205625249163173
Accident,Cushioning,RuggedAuto,0.8205625249163173
Accident,Cushioning,RuggedAuto,0.8205625249163173
Accident,Cushioning,RuggedAuto,0.8205625249163173
Accident,Cushioning,RuggedAuto,0.8205625249163173
Accident,Cushioning,RuggedAuto,0.8205625249163173
Accident,Airbag,MedCost,0.961870853456139
Accident,ILiCost,AntiTheft,3.175033550067294e-71
Accident,ILiCost,AntiTheft,3.175033550067294e-71
Accident,ILiCost,AntiTheft,3.175033550067294e-71
Accident,ILiCost,AntiTheft,3.175033550067294e-71
Accident,ILiCost,AntiTheft,3.175033550067294e-71
Accident,ILiCost,AntiTheft,3.175033550067294e-71
Accident,ILiCost,AntiTheft,3.175033550067294e-71
Accident,ILiCost,AntiTheft,3.175033550067294e-71
Accident,ILiCost,AntiTheft,3.175033550067294e-71
Accident,ILiCost,AntiTheft,3.175033550067294e-71
Accident,ILiCost,AntiTheft,3.175033550067294e-71
Accident,ILiCost,AntiTheft,3.175033550067294e-71
Accident,ILiCost,AntiTheft,3.175033550067294e-71
Accident,ILiCost,AntiTheft,3.175033550067294e-71
Accident,ILiCost,AntiTheft,3.175033550067294e-71
Accident,ILiCost,AntiTheft,3.175033550067294e-71
Accident,ILiCost,AntiTheft,3.175033550067294e-71
Accident,ILiCost,AntiTheft,3.175033550067294e-71
Accident,ILiCost,AntiTheft,3.175033550067294e-71
Accident,DrivHist,DrivQuality,0.43536480731601457
Accident,DrivHist,DrivQuality,0.43536480731601457
Accident,DrivHist,DrivQuality,0.43536480731601457
Accident,DrivHist,DrivQuality,0.43536480731601457
Accident,DrivHist,DrivQuality,0.43536480731601457
MakeModel,Antilock,AntiTheft,0.0
MakeModel,Antilock,AntiTheft,0.0
MakeModel,Antilock,AntiTheft,0.0
MakeModel,Antilock,AntiTheft,0.0
MakeModel,Antilock,AntiTheft,0.0
MakeModel,Antilock,AntiTheft,0.0
MakeModel,Antilock,AntiTheft,0.0
MakeModel,Antilock,AntiTheft,0.0
MakeModel,Antilock,AntiTheft,0.0
MakeModel,Antilock,AntiTheft,0.0
MakeModel,Antilock,AntiTheft,0.0
MakeModel,Antilock,AntiTheft,0.0
MakeModel,Antilock,AntiTheft,0.0
MakeModel,Antilock,AntiTheft,0.0
MakeModel,Antilock,AntiTheft,0.0
MakeModel,Antilock,AntiTheft,0.0
MakeModel,Antilock,AntiTheft,0.0
MakeModel,Antilock,AntiTheft,0.0
MakeModel,Antilock,AntiTheft,0.0
MakeModel,Antilock,AntiTheft,0.0
MakeModel,Antilock,AntiTheft,0.0
MakeModel,DrivingSkill,HomeBase,0.06467547039945691
MakeModel,DrivingSkill,HomeBase,0.06467547039945691
MakeModel,DrivingSkill,HomeBase,0.06467547039945691
MakeModel,DrivingSkill,HomeBase,0.06467547039945691
MakeModel,DrivingSkill,HomeBase,0.06467547039945691
MakeModel,DrivingSkill,HomeBase,0.06467547039945691
MakeModel,SeniorTrain,Accident,0.07145318882331661
MakeModel,SeniorTrain,Accident,0.07145318882331661
MakeModel,ThisCarCost,AntiTheft,1.391758259019363e-259
MakeModel,ThisCarCost,AntiTheft,1.391758259019363e-259
MakeModel,ThisCarCost,AntiTheft,1.391758259019363e-259
MakeModel,ThisCarCost,AntiTheft,1.391758259019363e-259
MakeModel,ThisCarCost,AntiTheft,1.391758259019363e-259
MakeModel,ThisCarCost,AntiTheft,1.391758259019363e-259
MakeModel,ThisCarCost,AntiTheft,1.391758259019363e-259
MakeModel,ThisCarCost,AntiTheft,1.391758259019363e-259
MakeModel,ThisCarCost,AntiTheft,1.391758259019363e-259
MakeModel,ThisCarCost,AntiTheft,1.391758259019363e-259
MakeModel,ThisCarCost,AntiTheft,1.391758259019363e-259
MakeModel,ThisCarCost,AntiTheft,1.391758259019363e-259
MakeModel,ThisCarCost,AntiTheft,1.391758259019363e-259
MakeModel,ThisCarCost,AntiTheft,1.391758259019363e-259
MakeModel,ThisCarCost,AntiTheft,1.391758259019363e-259
MakeModel,ThisCarCost,AntiTheft,1.391758259019363e-259
MakeModel,ThisCarCost,AntiTheft,1.391758259019363e-259
MakeModel,ThisCarCost,AntiTheft,1.391758259019363e-259
MakeModel,ThisCarCost,AntiTheft,1.391758259019363e-259
MakeModel,ThisCarCost,AntiTheft,1.391758259019363e-259
MakeModel,ThisCarCost,AntiTheft,1.391758259019363e-259
MakeModel,Theft,AntiTheft,0.0009560116411392117
MakeModel,Theft,AntiTheft,0.0009560116411392117
MakeModel,Theft,AntiTheft,0.0009560116411392117
MakeModel,Theft,AntiTheft,0.0009560116411392117
MakeModel,Theft,AntiTheft,0.0009560116411392117
MakeModel,Theft,AntiTheft,0.0009560116411392117
MakeModel,Theft,AntiTheft,0.0009560116411392117
MakeModel,Theft,AntiTheft,0.0009560116411392117
MakeModel,Theft,AntiTheft,0.0009560116411392117
MakeModel,Theft,AntiTheft,0.0009560116411392117
MakeModel,Theft,AntiTheft,0.0009560116411392117
MakeModel,Theft,AntiTheft,0.0009560116411392117
MakeModel,Theft,AntiTheft,0.0009560116411392117
MakeModel,Theft,AntiTheft,0.0009560116411392117
MakeModel,Theft,AntiTheft,0.0009560116411392117
MakeModel,Theft,AntiTheft,0.0009560116411392117
MakeModel,Theft,AntiTheft,0.0009560116411392117
MakeModel,Theft,AntiTheft,0.0009560116411392117
MakeModel,Theft,AntiTheft,0.0009560116411392117
MakeModel,Theft,AntiTheft,0.0009560116411392117
MakeModel,Theft,AntiTheft,0.0009560116411392117
MakeModel,CarValue,AntiTheft,0.0
MakeModel,CarValue,AntiTheft,0.0
MakeModel,CarValue,AntiTheft,0.0
MakeModel,CarValue,AntiTheft,0.0
MakeModel,CarValue,AntiTheft,0.0
MakeModel,CarValue,AntiTheft,0.0
MakeModel,CarValue,AntiTheft,0.0
MakeModel,CarValue,AntiTheft,0.0
MakeModel,CarValue,AntiTheft,0.0
MakeModel,CarValue,AntiTheft,0.0
MakeModel,CarValue,AntiTheft,0.0
MakeModel,CarValue,AntiTheft,0.0
MakeModel,CarValue,AntiTheft,0.0
MakeModel,CarValue,AntiTheft,0.0
MakeModel,CarValue,AntiTheft,0.0
MakeModel,CarValue,AntiTheft,0.0
MakeModel,CarValue,AntiTheft,0.0
MakeModel,CarValue,AntiTheft,0.0
MakeModel,CarValue,AntiTheft,0.0
MakeModel,CarValue,AntiTheft,0.0
MakeModel,CarValue,AntiTheft,0.0
MakeModel,HomeBase,SocioEcon,0.13278903402213832
MakeModel,HomeBase,SocioEcon,0.13278903402213832
MakeModel,HomeBase,SocioEcon,0.13278903402213832
MakeModel,HomeBase,SocioEcon,0.13278903402213832
MakeModel,HomeBase,SocioEcon,0.13278903402213832
MakeModel,HomeBase,SocioEcon,0.13278903402213832
MakeModel,HomeBase,SocioEcon,0.13278903402213832
MakeModel,HomeBase,SocioEcon,0.13278903402213832
MakeModel,HomeBase,SocioEcon,0.13278903402213832
MakeModel,HomeBase,SocioEcon,0.13278903402213832
MakeModel,AntiTheft,SocioEcon,0.9251958789782705
MakeModel,AntiTheft,SocioEcon,0.9251958789782705
MakeModel,AntiTheft,SocioEcon,0.9251958789782705
MakeModel,AntiTheft,SocioEcon,0.9251958789782705
MakeModel,AntiTheft,SocioEcon,0.9251958789782705
MakeModel,AntiTheft,SocioEcon,0.9251958789782705
MakeModel,AntiTheft,SocioEcon,0.9251958789782705
MakeModel,AntiTheft,SocioEcon,0.9251958789782705
MakeModel,AntiTheft,SocioEcon,0.9251958789782705
MakeModel,AntiTheft,SocioEcon,0.9251958789782705
MakeModel,AntiTheft,SocioEcon,0.9251958789782705
MakeModel,PropCost,AntiTheft,7.493441293845344e-37
MakeModel,PropCost,AntiTheft,7.493441293845344e-37
MakeModel,PropCost,AntiTheft,7.493441293845344e-37
MakeModel,PropCost,AntiTheft,7.493441293845344e-37
MakeModel,PropCost,AntiTheft,7.493441293845344e-37
MakeModel,PropCost,AntiTheft,7.493441293845344e-37
MakeModel,PropCost,AntiTheft,7.493441293845344e-37
MakeModel,PropCost,AntiTheft,7.493441293845344e-37
MakeModel,PropCost,AntiTheft,7.493441293845344e-37
MakeModel,PropCost,AntiTheft,7.493441293845344e-37
MakeModel,PropCost,AntiTheft,7.493441293845344e-37
MakeModel,PropCost,AntiTheft,7.493441293845344e-37
MakeModel,PropCost,AntiTheft,7.493441293845344e-37
MakeModel,PropCost,AntiTheft,7.493441293845344e-37
MakeModel,PropCost,AntiTheft,7.493441293845344e-37
MakeModel,PropCost,AntiTheft,7.493441293845344e-37
MakeModel,PropCost,AntiTheft,7.493441293845344e-37
MakeModel,PropCost,AntiTheft,7.493441293845344e-37
MakeModel,PropCost,AntiTheft,7.493441293845344e-37
MakeModel,PropCost,AntiTheft,7.493441293845344e-37
MakeModel,PropCost,AntiTheft,7.493441293845344e-37
MakeModel,OtherCarCost,AntiTheft,1.2308092097843067e-22
MakeModel,OtherCarCost,AntiTheft,1.2308092097843067e-22
MakeModel,OtherCarCost,AntiTheft,1.2308092097843067e-22
MakeModel,OtherCarCost,AntiTheft,1.2308092097843067e-22
MakeModel,OtherCarCost,AntiTheft,1.2308092097843067e-22
MakeModel,OtherCarCost,AntiTheft,1.2308092097843067e-22
MakeModel,OtherCarCost,AntiTheft,1.2308092097843067e-22
MakeModel,OtherCarCost,AntiTheft,1.2308092097843067e-22
MakeModel,OtherCarCost,AntiTheft,1.2308092097843067e-22
MakeModel,OtherCarCost,AntiTheft,1.2308092097843067e-22
MakeModel,OtherCarCost,AntiTheft,1.2308092097843067e-22
MakeModel,OtherCarCost,AntiTheft,1.2308092097843067e-22
MakeModel,OtherCarCost,AntiTheft,1.2308092097843067e-22
MakeModel,OtherCarCost,AntiTheft,1.2308092097843067e-22
MakeModel,OtherCarCost,AntiTheft,1.2308092097843067e-22
MakeModel,OtherCarCost,AntiTheft,1.2308092097843067e-22
MakeModel,OtherCarCost,AntiTheft,1.2308092097843067e-22
MakeModel,OtherCarCost,AntiTheft,1.2308092097843067e-22
MakeModel,OtherCarCost,AntiTheft,1.2308092097843067e-22
MakeModel,OtherCarCost,AntiTheft,1.2308092097843067e-22
MakeModel,OtherCarCost,AntiTheft,1.2308092097843067e-22
MakeModel,OtherCar,SocioEcon,0.08329192917232132
MakeModel,OtherCar,SocioEcon,0.08329192917232132
MakeModel,OtherCar,SocioEcon,0.08329192917232132
MakeModel,OtherCar,SocioEcon,0.08329192917232132
MakeModel,OtherCar,SocioEcon,0.08329192917232132
MakeModel,OtherCar,SocioEcon,0.08329192917232132
MakeModel,OtherCar,SocioEcon,0.08329192917232132
MakeModel,OtherCar,SocioEcon,0.08329192917232132
MakeModel,OtherCar,SocioEcon,0.08329192917232132
MakeModel,OtherCar,SocioEcon,0.08329192917232132
MakeModel,OtherCar,SocioEcon,0.08329192917232132
MakeModel,MedCost,AntiTheft,2.3293171445416662e-57
MakeModel,MedCost,AntiTheft,2.3293171445416662e-57
MakeModel,MedCost,AntiTheft,2.3293171445416662e-57
MakeModel,MedCost,AntiTheft,2.3293171445416662e-57
MakeModel,MedCost,AntiTheft,2.3293171445416662e-57
MakeModel,MedCost,AntiTheft,2.3293171445416662e-57
MakeModel,MedCost,AntiTheft,2.3293171445416662e-57
MakeModel,MedCost,AntiTheft,2.3293171445416662e-57
MakeModel,MedCost,AntiTheft,2.3293171445416662e-57
MakeModel,MedCost,AntiTheft,2.3293171445416662e-57
MakeModel,MedCost,AntiTheft,2.3293171445416662e-57
MakeModel,MedCost,AntiTheft,2.3293171445416662e-57
MakeModel,MedCost,AntiTheft,2.3293171445416662e-57
MakeModel,MedCost,AntiTheft,2.3293171445416662e-57
MakeModel,MedCost,AntiTheft,2.3293171445416662e-57
MakeModel,MedCost,AntiTheft,2.3293171445416662e-57
MakeModel,MedCost,AntiTheft,2.3293171445416662e-57
MakeModel,MedCost,AntiTheft,2.3293171445416662e-57
MakeModel,MedCost,AntiTheft,2.3293171445416662e-57
MakeModel,MedCost,AntiTheft,2.3293171445416662e-57
MakeModel,MedCost,AntiTheft,2.3293171445416662e-57
MakeModel,Cushioning,AntiTheft,0.0
MakeModel,Cushioning,AntiTheft,0.0
MakeModel,Cushioning,AntiTheft,0.0
MakeModel,Cushioning,AntiTheft,0.0
MakeModel,Cushioning,AntiTheft,0.0
MakeModel,Cushioning,AntiTheft,0.0
MakeModel,Cushioning,AntiTheft,0.0
MakeModel,Cushioning,AntiTheft,0.0
MakeModel,Cushioning,AntiTheft,0.0
MakeModel,Cushioning,AntiTheft,0.0
MakeModel,Cushioning,AntiTheft,0.0
MakeModel,Cushioning,AntiTheft,0.0
MakeModel,Cushioning,AntiTheft,0.0
MakeModel,Cushioning,AntiTheft,0.0
MakeModel,Cushioning,AntiTheft,0.0
MakeModel,Cushioning,AntiTheft,0.0
MakeModel,Cushioning,AntiTheft,0.0
MakeModel,Cushioning,AntiTheft,0.0
MakeModel,Cushioning,AntiTheft,0.0
MakeModel,Cushioning,AntiTheft,0.0
MakeModel,Cushioning,AntiTheft,0.0
MakeModel,Airbag,AntiTheft,7.30629486993265e-154
MakeModel,Airbag,AntiTheft,7.30629486993265e-154
MakeModel,Airbag,AntiTheft,7.30629486993265e-154
MakeModel,Airbag,AntiTheft,7.30629486993265e-154
MakeModel,Airbag,AntiTheft,7.30629486993265e-154
MakeModel,Airbag,AntiTheft,7.30629486993265e-154
MakeModel,Airbag,AntiTheft,7.30629486993265e-154
MakeModel,Airbag,AntiTheft,7.30629486993265e-154
MakeModel,Airbag,AntiTheft,7.30629486993265e-154
MakeModel,Airbag,AntiTheft,7.30629486993265e-154
MakeModel,Airbag,AntiTheft,7.30629486993265e-154
MakeModel,Airbag,AntiTheft,7.30629486993265e-154
MakeModel,Airbag,AntiTheft,7.30629486993265e-154
MakeModel,Airbag,AntiTheft,7.30629486993265e-154
MakeModel,Airbag,AntiTheft,7.30629486993265e-154
MakeModel,Airbag,AntiTheft,7.30629486993265e-154
MakeModel,Airbag,AntiTheft,7.30629486993265e-154
MakeModel,Airbag,AntiTheft,7.30629486993265e-154
MakeModel,Airbag,AntiTheft,7.30629486993265e-154
MakeModel,Airbag,AntiTheft,7.30629486993265e-154
MakeModel,Airbag,AntiTheft,7.30629486993265e-154
DrivQuality,Antilock,OtherCarCost,0.1409075221676364
DrivQuality,DrivingSkill,ThisCarDam,1.8351602115333514e-290
DrivQuality,DrivingSkill,ThisCarDam,1.8351602115333514e-290
DrivQuality,DrivingSkill,ThisCarDam,1.8351602115333514e-290
DrivQuality,DrivingSkill,ThisCarDam,1.8351602115333514e-290
DrivQuality,DrivingSkill,ThisCarDam,1.8351602115333514e-290
DrivQuality,DrivingSkill,ThisCarDam,1.8351602115333514e-290
DrivQuality,DrivingSkill,ThisCarDam,1.8351602115333514e-290
DrivQuality,DrivingSkill,ThisCarDam,1.8351602115333514e-290
DrivQuality,DrivingSkill,ThisCarDam,1.8351602115333514e-290
DrivQuality,DrivingSkill,ThisCarDam,1.8351602115333514e-290
DrivQuality,DrivingSkill,ThisCarDam,1.8351602115333514e-290
DrivQuality,DrivingSkill,ThisCarDam,1.8351602115333514e-290
DrivQuality,SeniorTrain,ThisCarDam,3.575649773768634e-15
DrivQuality,SeniorTrain,ThisCarDam,3.575649773768634e-15
DrivQuality,SeniorTrain,ThisCarDam,3.575649773768634e-15
DrivQuality,SeniorTrain,ThisCarDam,3.575649773768634e-15
DrivQuality,SeniorTrain,ThisCarDam,3.575649773768634e-15
DrivQuality,SeniorTrain,ThisCarDam,3.575649773768634e-15
DrivQuality,SeniorTrain,ThisCarDam,3.575649773768634e-15
DrivQuality,SeniorTrain,ThisCarDam,3.575649773768634e-15
DrivQuality,SeniorTrain,ThisCarDam,3.575649773768634e-15
DrivQuality,SeniorTrain,ThisCarDam,3.575649773768634e-15
DrivQuality,SeniorTrain,ThisCarDam,3.575649773768634e-15
DrivQuality,SeniorTrain,ThisCarDam,3.575649773768634e-15
DrivQuality,ThisCarCost,ThisCarDam,0.07298189496989939
DrivQuality,ThisCarCost,ThisCarDam,0.07298189496989939
DrivQuality,ThisCarCost,ThisCarDam,0.07298189496989939
DrivQuality,ThisCarCost,ThisCarDam,0.07298189496989939
DrivQuality,ThisCarCost,ThisCarDam,0.07298189496989939
DrivQuality,ThisCarCost,ThisCarDam,0.07298189496989939
DrivQuality,ThisCarCost,ThisCarDam,0.07298189496989939
DrivQuality,ThisCarCost,ThisCarDam,0.07298189496989939
DrivQuality,ThisCarCost,ThisCarDam,0.07298189496989939
DrivQuality,ThisCarCost,ThisCarDam,0.07298189496989939
DrivQuality,ThisCarCost,ThisCarDam,0.07298189496989939
DrivQuality,ThisCarCost,ThisCarDam,0.07298189496989939
DrivQuality,AntiTheft,SeniorTrain,0.4135429961727224
DrivQuality,AntiTheft,SeniorTrain,0.4135429961727224
DrivQuality,AntiTheft,SeniorTrain,0.4135429961727224
DrivQuality,AntiTheft,SeniorTrain,0.4135429961727224
DrivQuality,AntiTheft,SeniorTrain,0.4135429961727224
DrivQuality,AntiTheft,SeniorTrain,0.4135429961727224
DrivQuality,AntiTheft,SeniorTrain,0.4135429961727224
DrivQuality,PropCost,Accident,0.3296720927252021
DrivQuality,PropCost,Accident,0.3296720927252021
DrivQuality,PropCost,Accident,0.3296720927252021
DrivQuality,PropCost,Accident,0.3296720927252021
DrivQuality,OtherCarCost,Accident,0.6675519827168492
DrivQuality,OtherCarCost,Accident,0.6675519827168492
DrivQuality,OtherCarCost,Accident,0.6675519827168492
DrivQuality,OtherCarCost,Accident,0.6675519827168492
DrivQuality,DrivHist,ThisCarDam,1.0652079719417968e-185
DrivQuality,DrivHist,ThisCarDam,1.0652079719417968e-185
DrivQuality,DrivHist,ThisCarDam,1.0652079719417968e-185
DrivQuality,DrivHist,ThisCarDam,1.0652079719417968e-185
DrivQuality,DrivHist,ThisCarDam,1.0652079719417968e-185
DrivQuality,DrivHist,ThisCarDam,1.0652079719417968e-185
DrivQuality,DrivHist,ThisCarDam,1.0652079719417968e-185
DrivQuality,DrivHist,ThisCarDam,1.0652079719417968e-185
DrivQuality,DrivHist,ThisCarDam,1.0652079719417968e-185
DrivQuality,DrivHist,ThisCarDam,1.0652079719417968e-185
DrivQuality,DrivHist,ThisCarDam,1.0652079719417968e-185
DrivQuality,DrivHist,ThisCarDam,1.0652079719417968e-185
Mileage,ThisCarCost,PropCost,0.15100206278610379
Mileage,ThisCarCost,PropCost,0.15100206278610379
Mileage,ThisCarCost,PropCost,0.15100206278610379
Mileage,CarValue,ThisCarDam,1.4888435354808448e-61
Mileage,CarValue,ThisCarDam,1.4888435354808448e-61
Mileage,CarValue,ThisCarDam,1.4888435354808448e-61
Mileage,CarValue,ThisCarDam,1.4888435354808448e-61
Mileage,CarValue,ThisCarDam,1.4888435354808448e-61
Mileage,CarValue,ThisCarDam,1.4888435354808448e-61
Mileage,CarValue,ThisCarDam,1.4888435354808448e-61
Mileage,CarValue,ThisCarDam,1.4888435354808448e-61
Mileage,PropCost,Accident,0.2808619538527707
Mileage,PropCost,Accident,0.2808619538527707
Mileage,PropCost,Accident,0.2808619538527707
Mileage,OtherCarCost,Accident,0.5965804854203032
Mileage,OtherCarCost,Accident,0.5965804854203032
Mileage,OtherCarCost,Accident,0.5965804854203032
Mileage,MedCost,ILiCost,0.0509448363148859
Mileage,MedCost,ILiCost,0.0509448363148859
Mileage,Cushioning,OtherCarCost,0.6002409257253072
Mileage,ILiCost,OtherCarCost,0.9278941089585296
Antilock,DrivingSkill,HomeBase,0.32346090308115094
Antilock,DrivingSkill,HomeBase,0.32346090308115094
Antilock,DrivingSkill,HomeBase,0.32346090308115094
Antilock,DrivingSkill,HomeBase,0.32346090308115094
Antilock,ThisCarCost,AntiTheft,1.997042033098049e-177
Antilock,ThisCarCost,AntiTheft,1.997042033098049e-177
Antilock,ThisCarCost,AntiTheft,1.997042033098049e-177
Antilock,ThisCarCost,AntiTheft,1.997042033098049e-177
Antilock,ThisCarCost,AntiTheft,1.997042033098049e-177
Antilock,ThisCarCost,AntiTheft,1.997042033098049e-177
Antilock,ThisCarCost,AntiTheft,1.997042033098049e-177
Antilock,ThisCarCost,AntiTheft,1.997042033098049e-177
Antilock,ThisCarCost,AntiTheft,1.997042033098049e-177
Antilock,ThisCarCost,AntiTheft,1.997042033098049e-177
Antilock,ThisCarCost,AntiTheft,1.997042033098049e-177
Antilock,ThisCarCost,AntiTheft,1.997042033098049e-177
Antilock,ThisCarCost,AntiTheft,1.997042033098049e-177
Antilock,ThisCarCost,AntiTheft,1.997042033098049e-177
Antilock,ThisCarCost,AntiTheft,1.997042033098049e-177
Antilock,ThisCarCost,AntiTheft,1.997042033098049e-177
Antilock,ThisCarCost,AntiTheft,1.997042033098049e-177
Antilock,ThisCarCost,AntiTheft,1.997042033098049e-177
Antilock,ThisCarCost,AntiTheft,1.997042033098049e-177
Antilock,Theft,Accident,0.062105839381878414
Antilock,CarValue,AntiTheft,0.0
Antilock,CarValue,AntiTheft,0.0
Antilock,CarValue,AntiTheft,0.0
Antilock,CarValue,AntiTheft,0.0
Antilock,CarValue,AntiTheft,0.0
Antilock,CarValue,AntiTheft,0.0
Antilock,CarValue,AntiTheft,0.0
Antilock,CarValue,AntiTheft,0.0
Antilock,CarValue,AntiTheft,0.0
Antilock,CarValue,AntiTheft,0.0
Antilock,CarValue,AntiTheft,0.0
Antilock,CarValue,AntiTheft,0.0
Antilock,CarValue,AntiTheft,0.0
Antilock,CarValue,AntiTheft,0.0
Antilock,CarValue,AntiTheft,0.0
Antilock,CarValue,AntiTheft,0.0
Antilock,CarValue,AntiTheft,0.0
Antilock,CarValue,AntiTheft,0.0
Antilock,CarValue,AntiTheft,0.0
Antilock,HomeBase,SocioEcon,0.3806850634800272
Antilock,HomeBase,SocioEcon,0.3806850634800272
Antilock,HomeBase,SocioEcon,0.3806850634800272
Antilock,HomeBase,SocioEcon,0.3806850634800272
Antilock,HomeBase,SocioEcon,0.3806850634800272
Antilock,HomeBase,SocioEcon,0.3806850634800272
Antilock,HomeBase,SocioEcon,0.3806850634800272
Antilock,AntiTheft,SocioEcon,0.6848794916261303
Antilock,AntiTheft,SocioEcon,0.6848794916261303
Antilock,AntiTheft,SocioEcon,0.6848794916261303
Antilock,AntiTheft,SocioEcon,0.6848794916261303
Antilock,AntiTheft,SocioEcon,0.6848794916261303
Antilock,AntiTheft,SocioEcon,0.6848794916261303
Antilock,AntiTheft,SocioEcon,0.6848794916261303
Antilock,AntiTheft,SocioEcon,0.6848794916261303
Antilock,PropCost,AntiTheft,2.5628149138667476e-17
Antilock,PropCost,AntiTheft,2.5628149138667476e-17
Antilock,PropCost,AntiTheft,2.5628149138667476e-17
Antilock,PropCost,AntiTheft,2.5628149138667476e-17
Antilock,PropCost,AntiTheft,2.5628149138667476e-17
Antilock,PropCost,AntiTheft,2.5628149138667476e-17
Antilock,PropCost,AntiTheft,2.5628149138667476e-17
Antilock,PropCost,AntiTheft,2.5628149138667476e-17
Antilock,PropCost,AntiTheft,2.5628149138667476e-17
Antilock,PropCost,AntiTheft,2.5628149138667476e-17
Antilock,PropCost,AntiTheft,2.5628149138667476e-17
Antilock,PropCost,AntiTheft,2.5628149138667476e-17
Antilock,PropCost,AntiTheft,2.5628149138667476e-17
Antilock,PropCost,AntiTheft,2.5628149138667476e-17
Antilock,PropCost,AntiTheft,2.5628149138667476e-17
Antilock,PropCost,AntiTheft,2.5628149138667476e-17
Antilock,PropCost,AntiTheft,2.5628149138667476e-17
Antilock,PropCost,AntiTheft,2.5628149138667476e-17
Antilock,PropCost,AntiTheft,2.5628149138667476e-17
Antilock,OtherCarCost,Accident,0.9215869089835138
Antilock,OtherCar,SocioEcon,0.848475395913272
Antilock,OtherCar,SocioEcon,0.848475395913272
Antilock,OtherCar,SocioEcon,0.848475395913272
Antilock,OtherCar,SocioEcon,0.848475395913272
Antilock,OtherCar,SocioEcon,0.848475395913272
Antilock,OtherCar,SocioEcon,0.848475395913272
Antilock,OtherCar,SocioEcon,0.848475395913272
Antilock,OtherCar,SocioEcon,0.848475395913272
Antilock,MedCost,Airbag,0.3754872614249732
Antilock,MedCost,Airbag,0.3754872614249732
Antilock,Cushioning,Airbag,0.10047308880641383
Antilock,Cushioning,Airbag,0.10047308880641383
Antilock,Cushioning,Airbag,0.10047308880641383
Antilock,Airbag,AntiTheft,2.9232889631238047e-268
Antilock,Airbag,AntiTheft,2.9232889631238047e-268
Antilock,Airbag,AntiTheft,2.9232889631238047e-268
Antilock,Airbag,AntiTheft,2.9232889631238047e-268
Antilock,Airbag,AntiTheft,2.9232889631238047e-268
Antilock,Airbag,AntiTheft,2.9232889631238047e-268
Antilock,Airbag,AntiTheft,2.9232889631238047e-268
Antilock,Airbag,AntiTheft,2.9232889631238047e-268
Antilock,Airbag,AntiTheft,2.9232889631238047e-268
Antilock,Airbag,AntiTheft,2.9232889631238047e-268
Antilock,Airbag,AntiTheft,2.9232889631238047e-268
Antilock,Airbag,AntiTheft,2.9232889631238047e-268
Antilock,Airbag,AntiTheft,2.9232889631238047e-268
Antilock,Airbag,AntiTheft,2.9232889631238047e-268
Antilock,Airbag,AntiTheft,2.9232889631238047e-268
Antilock,Airbag,AntiTheft,2.9232889631238047e-268
Antilock,Airbag,AntiTheft,2.9232889631238047e-268
Antilock,Airbag,AntiTheft,2.9232889631238047e-268
Antilock,Airbag,AntiTheft,2.9232889631238047e-268
DrivingSkill,SeniorTrain,AntiTheft,1.5839961404776305e-08
DrivingSkill,SeniorTrain,AntiTheft,1.5839961404776305e-08
DrivingSkill,SeniorTrain,AntiTheft,1.5839961404776305e-08
DrivingSkill,SeniorTrain,AntiTheft,1.5839961404776305e-08
DrivingSkill,SeniorTrain,AntiTheft,1.5839961404776305e-08
DrivingSkill,SeniorTrain,AntiTheft,1.5839961404776305e-08
DrivingSkill,SeniorTrain,AntiTheft,1.5839961404776305e-08
DrivingSkill,SeniorTrain,AntiTheft,1.5839961404776305e-08
DrivingSkill,SeniorTrain,AntiTheft,1.5839961404776305e-08
DrivingSkill,SeniorTrain,AntiTheft,1.5839961404776305e-08
DrivingSkill,SeniorTrain,AntiTheft,1.5839961404776305e-08
DrivingSkill,SeniorTrain,AntiTheft,1.5839961404776305e-08
DrivingSkill,SeniorTrain,AntiTheft,1.5839961404776305e-08
DrivingSkill,SeniorTrain,AntiTheft,1.5839961404776305e-08
DrivingSkill,SeniorTrain,AntiTheft,1.5839961404776305e-08
DrivingSkill,ThisCarCost,DrivQuality,0.05061897294030565
DrivingSkill,ThisCarCost,DrivQuality,0.05061897294030565
DrivingSkill,ThisCarCost,DrivQuality,0.05061897294030565
DrivingSkill,ThisCarCost,DrivQuality,0.05061897294030565
DrivingSkill,CarValue,Age,0.1576539238483726
DrivingSkill,HomeBase,RiskAversion,0.7980543508802326
DrivingSkill,HomeBase,RiskAversion,0.7980543508802326
DrivingSkill,HomeBase,RiskAversion,0.7980543508802326
DrivingSkill,HomeBase,RiskAversion,0.7980543508802326
DrivingSkill,HomeBase,RiskAversion,0.7980543508802326
DrivingSkill,AntiTheft,RiskAversion,0.23362332229259156
DrivingSkill,AntiTheft,RiskAversion,0.23362332229259156
DrivingSkill,AntiTheft,RiskAversion,0.23362332229259156
DrivingSkill,AntiTheft,RiskAversion,0.23362332229259156
DrivingSkill,AntiTheft,RiskAversion,0.23362332229259156
DrivingSkill,AntiTheft,RiskAversion,0.23362332229259156
DrivingSkill,PropCost,Accident,0.23649200678233784
DrivingSkill,PropCost,Accident,0.23649200678233784
DrivingSkill,OtherCarCost,Accident,0.19648731014565962
DrivingSkill,OtherCarCost,Accident,0.19648731014565962
DrivingSkill,DrivHist,AntiTheft,0.0
DrivingSkill,DrivHist,AntiTheft,0.0
DrivingSkill,DrivHist,AntiTheft,0.0
DrivingSkill,DrivHist,AntiTheft,0.0
DrivingSkill,DrivHist,AntiTheft,0.0
DrivingSkill,DrivHist,AntiTheft,0.0
DrivingSkill,DrivHist,AntiTheft,0.0
DrivingSkill,DrivHist,AntiTheft,0.0
DrivingSkill,DrivHist,AntiTheft,0.0
DrivingSkill,DrivHist,AntiTheft,0.0
DrivingSkill,DrivHist,AntiTheft,0.0
DrivingSkill,DrivHist,AntiTheft,0.0
DrivingSkill,DrivHist,AntiTheft,0.0
DrivingSkill,DrivHist,AntiTheft,0.0
DrivingSkill,DrivHist,AntiTheft,0.0
SeniorTrain,HomeBase,RiskAversion,0.17280242435096554
SeniorTrain,HomeBase,RiskAversion,0.17280242435096554
SeniorTrain,HomeBase,RiskAversion,0.17280242435096554
SeniorTrain,HomeBase,RiskAversion,0.17280242435096554
SeniorTrain,HomeBase,RiskAversion,0.17280242435096554
SeniorTrain,HomeBase,RiskAversion,0.17280242435096554
SeniorTrain,AntiTheft,RiskAversion,0.07114477348038178
SeniorTrain,AntiTheft,RiskAversion,0.07114477348038178
SeniorTrain,AntiTheft,RiskAversion,0.07114477348038178
SeniorTrain,AntiTheft,RiskAversion,0.07114477348038178
SeniorTrain,AntiTheft,RiskAversion,0.07114477348038178
SeniorTrain,AntiTheft,RiskAversion,0.07114477348038178
SeniorTrain,AntiTheft,RiskAversion,0.07114477348038178
SeniorTrain,PropCost,Age,0.07159153330155923
SeniorTrain,OtherCarCost,Age,0.5862418506860603
SeniorTrain,MedCost,Age,0.2671987396639684
SeniorTrain,DrivHist,AntiTheft,7.748101228173396e-11
SeniorTrain,DrivHist,AntiTheft,7.748101228173396e-11
SeniorTrain,DrivHist,AntiTheft,7.748101228173396e-11
SeniorTrain,DrivHist,AntiTheft,7.748101228173396e-11
SeniorTrain,DrivHist,AntiTheft,7.748101228173396e-11
SeniorTrain,DrivHist,AntiTheft,7.748101228173396e-11
SeniorTrain,DrivHist,AntiTheft,7.748101228173396e-11
SeniorTrain,DrivHist,AntiTheft,7.748101228173396e-11
SeniorTrain,DrivHist,AntiTheft,7.748101228173396e-11
SeniorTrain,DrivHist,AntiTheft,7.748101228173396e-11
SeniorTrain,DrivHist,AntiTheft,7.748101228173396e-11
SeniorTrain,DrivHist,AntiTheft,7.748101228173396e-11
SeniorTrain,DrivHist,AntiTheft,7.748101228173396e-11
SeniorTrain,DrivHist,AntiTheft,7.748101228173396e-11
SeniorTrain,DrivHist,AntiTheft,7.748101228173396e-11
ThisCarCost,Theft,AntiTheft,0.00526976018348367
ThisCarCost,Theft,AntiTheft,0.00526976018348367
ThisCarCost,Theft,AntiTheft,0.00526976018348367
ThisCarCost,Theft,AntiTheft,0.00526976018348367
ThisCarCost,Theft,AntiTheft,0.00526976018348367
ThisCarCost,Theft,AntiTheft,0.00526976018348367
ThisCarCost,Theft,AntiTheft,0.00526976018348367
ThisCarCost,Theft,AntiTheft,0.00526976018348367
ThisCarCost,Theft,AntiTheft,0.00526976018348367
ThisCarCost,Theft,AntiTheft,0.00526976018348367
ThisCarCost,Theft,AntiTheft,0.00526976018348367
ThisCarCost,Theft,AntiTheft,0.00526976018348367
ThisCarCost,Theft,AntiTheft,0.00526976018348367
ThisCarCost,Theft,AntiTheft,0.00526976018348367
ThisCarCost,Theft,AntiTheft,0.00526976018348367
ThisCarCost,Theft,AntiTheft,0.00526976018348367
ThisCarCost,Theft,AntiTheft,0.00526976018348367
ThisCarCost,Theft,AntiTheft,0.00526976018348367
ThisCarCost,Theft,AntiTheft,0.00526976018348367
ThisCarCost,Theft,AntiTheft,0.00526976018348367
ThisCarCost,Theft,AntiTheft,0.00526976018348367
ThisCarCost,Theft,AntiTheft,0.00526976018348367
ThisCarCost,CarValue,AntiTheft,0.0
ThisCarCost,CarValue,AntiTheft,0.0
ThisCarCost,CarValue,AntiTheft,0.0
ThisCarCost,CarValue,AntiTheft,0.0
ThisCarCost,CarValue,AntiTheft,0.0
ThisCarCost,CarValue,AntiTheft,0.0
ThisCarCost,CarValue,AntiTheft,0.0
ThisCarCost,CarValue,AntiTheft,0.0
ThisCarCost,CarValue,AntiTheft,0.0
ThisCarCost,CarValue,AntiTheft,0.0
ThisCarCost,CarValue,AntiTheft,0.0
ThisCarCost,CarValue,AntiTheft,0.0
ThisCarCost,CarValue,AntiTheft,0.0
ThisCarCost,CarValue,AntiTheft,0.0
ThisCarCost,CarValue,AntiTheft,0.0
ThisCarCost,CarValue,AntiTheft,0.0
ThisCarCost,CarValue,AntiTheft,0.0
ThisCarCost,CarValue,AntiTheft,0.0
ThisCarCost,CarValue,AntiTheft,0.0
ThisCarCost,CarValue,AntiTheft,0.0
ThisCarCost,CarValue,AntiTheft,0.0
ThisCarCost,CarValue,AntiTheft,0.0
ThisCarCost,HomeBase,SocioEcon,0.14285961097938207
ThisCarCost,HomeBase,SocioEcon,0.14285961097938207
ThisCarCost,HomeBase,SocioEcon,0.14285961097938207
ThisCarCost,HomeBase,SocioEcon,0.14285961097938207
ThisCarCost,HomeBase,SocioEcon,0.14285961097938207
ThisCarCost,HomeBase,SocioEcon,0.14285961097938207
ThisCarCost,HomeBase,SocioEcon,0.14285961097938207
ThisCarCost,HomeBase,SocioEcon,0.14285961097938207
ThisCarCost,AntiTheft,SocioEcon,0.8946513239724729
ThisCarCost,AntiTheft,SocioEcon,0.8946513239724729
ThisCarCost,AntiTheft,SocioEcon,0.8946513239724729
ThisCarCost,AntiTheft,SocioEcon,0.8946513239724729
ThisCarCost,AntiTheft,SocioEcon,0.8946513239724729
ThisCarCost,AntiTheft,SocioEcon,0.8946513239724729
ThisCarCost,AntiTheft,SocioEcon,0.8946513239724729
ThisCarCost,AntiTheft,SocioEcon,0.8946513239724729
ThisCarCost,AntiTheft,SocioEcon,0.8946513239724729
ThisCarCost,PropCost,AntiTheft,0.0
ThisCarCost,PropCost,AntiTheft,0.0
ThisCarCost,PropCost,AntiTheft,0.0
ThisCarCost,PropCost,AntiTheft,0.0
ThisCarCost,PropCost,AntiTheft,0.0
ThisCarCost,PropCost,AntiTheft,0.0
ThisCarCost,PropCost,AntiTheft,0.0
ThisCarCost,PropCost,AntiTheft,0.0
ThisCarCost,PropCost,AntiTheft,0.0
ThisCarCost,PropCost,AntiTheft,0.0
ThisCarCost,PropCost,AntiTheft,0.0
ThisCarCost,PropCost,AntiTheft,0.0
ThisCarCost,PropCost,AntiTheft,0.0
ThisCarCost,PropCost,AntiTheft,0.0
ThisCarCost,PropCost,AntiTheft,0.0
ThisCarCost,PropCost,AntiTheft,0.0
ThisCarCost,PropCost,AntiTheft,0.0
ThisCarCost,PropCost,AntiTheft,0.0
ThisCarCost,PropCost,AntiTheft,0.0
ThisCarCost,PropCost,AntiTheft,0.0
ThisCarCost,PropCost,AntiTheft,0.0
ThisCarCost,PropCost,AntiTheft,0.0
ThisCarCost,OtherCarCost,ThisCarDam,0.3690073869152417
ThisCarCost,OtherCarCost,ThisCarDam,0.3690073869152417
ThisCarCost,OtherCarCost,ThisCarDam,0.3690073869152417
ThisCarCost,OtherCarCost,ThisCarDam,0.3690073869152417
ThisCarCost,OtherCarCost,ThisCarDam,0.3690073869152417
ThisCarCost,OtherCarCost,ThisCarDam,0.3690073869152417
ThisCarCost,OtherCarCost,ThisCarDam,0.3690073869152417
ThisCarCost,OtherCarCost,ThisCarDam,0.3690073869152417
ThisCarCost,OtherCarCost,ThisCarDam,0.3690073869152417
ThisCarCost,OtherCarCost,ThisCarDam,0.3690073869152417
ThisCarCost,OtherCar,SocioEcon,0.7506506284692983
ThisCarCost,OtherCar,SocioEcon,0.7506506284692983
ThisCarCost,OtherCar,SocioEcon,0.7506506284692983
ThisCarCost,OtherCar,SocioEcon,0.7506506284692983
ThisCarCost,OtherCar,SocioEcon,0.7506506284692983
ThisCarCost,OtherCar,SocioEcon,0.7506506284692983
ThisCarCost,OtherCar,SocioEcon,0.7506506284692983
ThisCarCost,OtherCar,SocioEcon,0.7506506284692983
ThisCarCost,OtherCar,SocioEcon,0.7506506284692983
ThisCarCost,MedCost,AntiTheft,2.3313428555794185e-143
ThisCarCost,MedCost,AntiTheft,2.3313428555794185e-143
ThisCarCost,MedCost,AntiTheft,2.3313428555794185e-143
ThisCarCost,MedCost,AntiTheft,2.3313428555794185e-143
ThisCarCost,MedCost,AntiTheft,2.3313428555794185e-143
ThisCarCost,MedCost,AntiTheft,2.3313428555794185e-143
ThisCarCost,MedCost,AntiTheft,2.3313428555794185e-143
ThisCarCost,MedCost,AntiTheft,2.3313428555794185e-143
ThisCarCost,MedCost,AntiTheft,2.3313428555794185e-143
ThisCarCost,MedCost,AntiTheft,2.3313428555794185e-143
ThisCarCost,MedCost,AntiTheft,2.3313428555794185e-143
ThisCarCost,MedCost,AntiTheft,2.3313428555794185e-143
ThisCarCost,MedCost,AntiTheft,2.3313428555794185e-143
ThisCarCost,MedCost,AntiTheft,2.3313428555794185e-143
ThisCarCost,MedCost,AntiTheft,2.3313428555794185e-143
ThisCarCost,MedCost,AntiTheft,2.3313428555794185e-143
ThisCarCost,MedCost,AntiTheft,2.3313428555794185e-143
ThisCarCost,MedCost,AntiTheft,2.3313428555794185e-143
ThisCarCost,MedCost,AntiTheft,2.3313428555794185e-143
ThisCarCost,MedCost,AntiTheft,2.3313428555794185e-143
ThisCarCost,MedCost,AntiTheft,2.3313428555794185e-143
ThisCarCost,MedCost,AntiTheft,2.3313428555794185e-143
ThisCarCost,Cushioning,CarValue,0.6722066026931036
ThisCarCost,Cushioning,CarValue,0.6722066026931036
ThisCarCost,Cushioning,CarValue,0.6722066026931036
ThisCarCost,Cushioning,CarValue,0.6722066026931036
ThisCarCost,Cushioning,CarValue,0.6722066026931036
ThisCarCost,Cushioning,CarValue,0.6722066026931036
ThisCarCost,Cushioning,CarValue,0.6722066026931036
ThisCarCost,Cushioning,CarValue,0.6722066026931036
ThisCarCost,Cushioning,CarValue,0.6722066026931036
ThisCarCost,Cushioning,CarValue,0.6722066026931036
ThisCarCost,Cushioning,CarValue,0.6722066026931036
ThisCarCost,Cushioning,CarValue,0.6722066026931036
ThisCarCost,Cushioning,CarValue,0.6722066026931036
ThisCarCost,Cushioning,CarValue,0.6722066026931036
ThisCarCost,Cushioning,CarValue,0.6722066026931036
ThisCarCost,Cushioning,CarValue,0.6722066026931036
ThisCarCost,Cushioning,CarValue,0.6722066026931036
ThisCarCost,Airbag,CarValue,0.6740518436125746
ThisCarCost,Airbag,CarValue,0.6740518436125746
ThisCarCost,Airbag,CarValue,0.6740518436125746
ThisCarCost,Airbag,CarValue,0.6740518436125746
ThisCarCost,Airbag,CarValue,0.6740518436125746
ThisCarCost,Airbag,CarValue,0.6740518436125746
ThisCarCost,Airbag,CarValue,0.6740518436125746
ThisCarCost,Airbag,CarValue,0.6740518436125746
ThisCarCost,Airbag,CarValue,0.6740518436125746
ThisCarCost,Airbag,CarValue,0.6740518436125746
ThisCarCost,Airbag,CarValue,0.6740518436125746
ThisCarCost,Airbag,CarValue,0.6740518436125746
ThisCarCost,Airbag,CarValue,0.6740518436125746
ThisCarCost,Airbag,CarValue,0.6740518436125746
ThisCarCost,Airbag,CarValue,0.6740518436125746
ThisCarCost,Airbag,CarValue,0.6740518436125746
ThisCarCost,ILiCost,AntiTheft,3.9584716900641305e-28
ThisCarCost,ILiCost,AntiTheft,3.9584716900641305e-28
ThisCarCost,ILiCost,AntiTheft,3.9584716900641305e-28
ThisCarCost,ILiCost,AntiTheft,3.9584716900641305e-28
ThisCarCost,ILiCost,AntiTheft,3.9584716900641305e-28
ThisCarCost,ILiCost,AntiTheft,3.9584716900641305e-28
ThisCarCost,ILiCost,AntiTheft,3.9584716900641305e-28
ThisCarCost,ILiCost,AntiTheft,3.9584716900641305e-28
ThisCarCost,ILiCost,AntiTheft,3.9584716900641305e-28
ThisCarCost,ILiCost,AntiTheft,3.9584716900641305e-28
ThisCarCost,ILiCost,AntiTheft,3.9584716900641305e-28
ThisCarCost,ILiCost,AntiTheft,3.9584716900641305e-28
ThisCarCost,ILiCost,AntiTheft,3.9584716900641305e-28
ThisCarCost,ILiCost,AntiTheft,3.9584716900641305e-28
ThisCarCost,ILiCost,AntiTheft,3.9584716900641305e-28
ThisCarCost,ILiCost,AntiTheft,3.9584716900641305e-28
ThisCarCost,ILiCost,AntiTheft,3.9584716900641305e-28
ThisCarCost,ILiCost,AntiTheft,3.9584716900641305e-28
ThisCarCost,ILiCost,AntiTheft,3.9584716900641305e-28
ThisCarCost,ILiCost,AntiTheft,3.9584716900641305e-28
ThisCarCost,ILiCost,AntiTheft,3.9584716900641305e-28
ThisCarCost,ILiCost,AntiTheft,3.9584716900641305e-28
ThisCarCost,DrivHist,Accident,0.30373938071742607
Theft,CarValue,ThisCarCost,6.549129020519937e-07
Theft,CarValue,ThisCarCost,6.549129020519937e-07
Theft,CarValue,ThisCarCost,6.549129020519937e-07
Theft,CarValue,ThisCarCost,6.549129020519937e-07
Theft,CarValue,ThisCarCost,6.549129020519937e-07
Theft,CarValue,ThisCarCost,6.549129020519937e-07
Theft,CarValue,ThisCarCost,6.549129020519937e-07
Theft,Cushioning,CarValue,0.9454878495626811
Theft,Cushioning,CarValue,0.9454878495626811
Theft,Airbag,MakeModel,0.24240982206630282
CarValue,HomeBase,SocioEcon,0.23262348157646107
CarValue,HomeBase,SocioEcon,0.23262348157646107
CarValue,HomeBase,SocioEcon,0.23262348157646107
CarValue,HomeBase,SocioEcon,0.23262348157646107
CarValue,HomeBase,SocioEcon,0.23262348157646107
CarValue,HomeBase,SocioEcon,0.23262348157646107
CarValue,HomeBase,SocioEcon,0.23262348157646107
CarValue,HomeBase,SocioEcon,0.23262348157646107
CarValue,AntiTheft,SocioEcon,0.9948622399202675
CarValue,AntiTheft,SocioEcon,0.9948622399202675
CarValue,AntiTheft,SocioEcon,0.9948622399202675
CarValue,AntiTheft,SocioEcon,0.9948622399202675
CarValue,AntiTheft,SocioEcon,0.9948622399202675
CarValue,AntiTheft,SocioEcon,0.9948622399202675
CarValue,AntiTheft,SocioEcon,0.9948622399202675
CarValue,AntiTheft,SocioEcon,0.9948622399202675
CarValue,AntiTheft,SocioEcon,0.9948622399202675
CarValue,PropCost,AntiTheft,4.709985363257496e-109
CarValue,PropCost,AntiTheft,4.709985363257496e-109
CarValue,PropCost,AntiTheft,4.709985363257496e-109
CarValue,PropCost,AntiTheft,4.709985363257496e-109
CarValue,PropCost,AntiTheft,4.709985363257496e-109
CarValue,PropCost,AntiTheft,4.709985363257496e-109
CarValue,PropCost,AntiTheft,4.709985363257496e-109
CarValue,PropCost,AntiTheft,4.709985363257496e-109
CarValue,PropCost,AntiTheft,4.709985363257496e-109
CarValue,PropCost,AntiTheft,4.709985363257496e-109
CarValue,PropCost,AntiTheft,4.709985363257496e-109
CarValue,PropCost,AntiTheft,4.709985363257496e-109
CarValue,PropCost,AntiTheft,4.709985363257496e-109
CarValue,PropCost,AntiTheft,4.709985363257496e-109
CarValue,PropCost,AntiTheft,4.709985363257496e-109
CarValue,PropCost,AntiTheft,4.709985363257496e-109
CarValue,PropCost,AntiTheft,4.709985363257496e-109
CarValue,PropCost,AntiTheft,4.709985363257496e-109
CarValue,PropCost,AntiTheft,4.709985363257496e-109
CarValue,PropCost,AntiTheft,4.709985363257496e-109
CarValue,OtherCarCost,Accident,0.1293785922011429
CarValue,OtherCarCost,Accident,0.1293785922011429
CarValue,OtherCar,SocioEcon,0.5265249364689417
CarValue,OtherCar,SocioEcon,0.5265249364689417
CarValue,OtherCar,SocioEcon,0.5265249364689417
CarValue,OtherCar,SocioEcon,0.5265249364689417
CarValue,OtherCar,SocioEcon,0.5265249364689417
CarValue,OtherCar,SocioEcon,0.5265249364689417
CarValue,OtherCar,SocioEcon,0.5265249364689417
CarValue,OtherCar,SocioEcon,0.5265249364689417
CarValue,OtherCar,SocioEcon,0.5265249364689417
CarValue,MedCost,AntiTheft,1.474543088800722e-21
CarValue,MedCost,AntiTheft,1.474543088800722e-21
CarValue,MedCost,AntiTheft,1.474543088800722e-21
CarValue,MedCost,AntiTheft,1.474543088800722e-21
CarValue,MedCost,AntiTheft,1.474543088800722e-21
CarValue,MedCost,AntiTheft,1.474543088800722e-21
CarValue,MedCost,AntiTheft,1.474543088800722e-21
CarValue,MedCost,AntiTheft,1.474543088800722e-21
CarValue,MedCost,AntiTheft,1.474543088800722e-21
CarValue,MedCost,AntiTheft,1.474543088800722e-21
CarValue,MedCost,AntiTheft,1.474543088800722e-21
CarValue,MedCost,AntiTheft,1.474543088800722e-21
CarValue,MedCost,AntiTheft,1.474543088800722e-21
CarValue,MedCost,AntiTheft,1.474543088800722e-21
CarValue,MedCost,AntiTheft,1.474543088800722e-21
CarValue,MedCost,AntiTheft,1.474543088800722e-21
CarValue,MedCost,AntiTheft,1.474543088800722e-21
CarValue,MedCost,AntiTheft,1.474543088800722e-21
CarValue,MedCost,AntiTheft,1.474543088800722e-21
CarValue,MedCost,AntiTheft,1.474543088800722e-21
CarValue,Cushioning,AntiTheft,1.988278973967851e-129
CarValue,Cushioning,AntiTheft,1.988278973967851e-129
CarValue,Cushioning,AntiTheft,1.988278973967851e-129
CarValue,Cushioning,AntiTheft,1.988278973967851e-129
CarValue,Cushioning,AntiTheft,1.988278973967851e-129
CarValue,Cushioning,AntiTheft,1.988278973967851e-129
CarValue,Cushioning,AntiTheft,1.988278973967851e-129
CarValue,Cushioning,AntiTheft,1.988278973967851e-129
CarValue,Cushioning,AntiTheft,1.988278973967851e-129
CarValue,Cushioning,AntiTheft,1.988278973967851e-129
CarValue,Cushioning,AntiTheft,1.988278973967851e-129
CarValue,Cushioning,AntiTheft,1.988278973967851e-129
CarValue,Cushioning,AntiTheft,1.988278973967851e-129
CarValue,Cushioning,AntiTheft,1.988278973967851e-129
CarValue,Cushioning,AntiTheft,1.988278973967851e-129
CarValue,Cushioning,AntiTheft,1.988278973967851e-129
CarValue,Cushioning,AntiTheft,1.988278973967851e-129
CarValue,Cushioning,AntiTheft,1.988278973967851e-129
CarValue,Cushioning,AntiTheft,1.988278973967851e-129
CarValue,Cushioning,AntiTheft,1.988278973967851e-129
CarValue,Airbag,AntiTheft,0.0
CarValue,Airbag,AntiTheft,0.0
CarValue,Airbag,AntiTheft,0.0
CarValue,Airbag,AntiTheft,0.0
CarValue,Airbag,AntiTheft,0.0
CarValue,Airbag,AntiTheft,0.0
CarValue,Airbag,AntiTheft,0.0
CarValue,Airbag,AntiTheft,0.0
CarValue,Airbag,AntiTheft,0.0
CarValue,Airbag,AntiTheft,0.0
CarValue,Airbag,AntiTheft,0.0
CarValue,Airbag,AntiTheft,0.0
CarValue,Airbag,AntiTheft,0.0
CarValue,Airbag,AntiTheft,0.0
CarValue,Airbag,AntiTheft,0.0
CarValue,Airbag,AntiTheft,0.0
CarValue,Airbag,AntiTheft,0.0
CarValue,Airbag,AntiTheft,0.0
CarValue,Airbag,AntiTheft,0.0
CarValue,Airbag,AntiTheft,0.0
HomeBase,AntiTheft,ThisCarCost,1.5152407092614624e-167
HomeBase,AntiTheft,ThisCarCost,1.5152407092614624e-167
HomeBase,AntiTheft,ThisCarCost,1.5152407092614624e-167
HomeBase,AntiTheft,ThisCarCost,1.5152407092614624e-167
HomeBase,AntiTheft,ThisCarCost,1.5152407092614624e-167
HomeBase,AntiTheft,ThisCarCost,1.5152407092614624e-167
HomeBase,AntiTheft,ThisCarCost,1.5152407092614624e-167
HomeBase,AntiTheft,ThisCarCost,1.5152407092614624e-167
HomeBase,AntiTheft,ThisCarCost,1.5152407092614624e-167
HomeBase,AntiTheft,ThisCarCost,1.5152407092614624e-167
HomeBase,AntiTheft,ThisCarCost,1.5152407092614624e-167
HomeBase,AntiTheft,ThisCarCost,1.5152407092614624e-167
HomeBase,AntiTheft,ThisCarCost,1.5152407092614624e-167
HomeBase,AntiTheft,ThisCarCost,1.5152407092614624e-167
HomeBase,AntiTheft,ThisCarCost,1.5152407092614624e-167
HomeBase,AntiTheft,ThisCarCost,1.5152407092614624e-167
HomeBase,AntiTheft,ThisCarCost,1.5152407092614624e-167
HomeBase,AntiTheft,ThisCarCost,1.5152407092614624e-167
HomeBase,AntiTheft,ThisCarCost,1.5152407092614624e-167
HomeBase,AntiTheft,ThisCarCost,1.5152407092614624e-167
HomeBase,PropCost,SocioEcon,0.5462749569246006
HomeBase,PropCost,SocioEcon,0.5462749569246006
HomeBase,PropCost,SocioEcon,0.5462749569246006
HomeBase,PropCost,SocioEcon,0.5462749569246006
HomeBase,PropCost,SocioEcon,0.5462749569246006
HomeBase,PropCost,SocioEcon,0.5462749569246006
HomeBase,PropCost,SocioEcon,0.5462749569246006
HomeBase,PropCost,SocioEcon,0.5462749569246006
HomeBase,PropCost,SocioEcon,0.5462749569246006
HomeBase,OtherCar,SocioEcon,0.37493892176490684
HomeBase,OtherCar,SocioEcon,0.37493892176490684
HomeBase,OtherCar,SocioEcon,0.37493892176490684
HomeBase,OtherCar,SocioEcon,0.37493892176490684
HomeBase,OtherCar,SocioEcon,0.37493892176490684
HomeBase,OtherCar,SocioEcon,0.37493892176490684
HomeBase,OtherCar,SocioEcon,0.37493892176490684
HomeBase,OtherCar,SocioEcon,0.37493892176490684
HomeBase,OtherCar,SocioEcon,0.37493892176490684
HomeBase,MedCost,SocioEcon,0.06984038846734539
HomeBase,MedCost,SocioEcon,0.06984038846734539
HomeBase,MedCost,SocioEcon,0.06984038846734539
HomeBase,MedCost,SocioEcon,0.06984038846734539
HomeBase,MedCost,SocioEcon,0.06984038846734539
HomeBase,MedCost,SocioEcon,0.06984038846734539
HomeBase,MedCost,SocioEcon,0.06984038846734539
HomeBase,MedCost,SocioEcon,0.06984038846734539
HomeBase,Cushioning,SocioEcon,0.7709752283842451
HomeBase,Cushioning,SocioEcon,0.7709752283842451
HomeBase,Cushioning,SocioEcon,0.7709752283842451
HomeBase,Cushioning,SocioEcon,0.7709752283842451
HomeBase,Cushioning,SocioEcon,0.7709752283842451
HomeBase,Cushioning,SocioEcon,0.7709752283842451
HomeBase,Cushioning,SocioEcon,0.7709752283842451
HomeBase,Cushioning,SocioEcon,0.7709752283842451
HomeBase,Cushioning,SocioEcon,0.7709752283842451
HomeBase,Airbag,SocioEcon,0.32150528608674356
HomeBase,Airbag,SocioEcon,0.32150528608674356
HomeBase,Airbag,SocioEcon,0.32150528608674356
HomeBase,Airbag,SocioEcon,0.32150528608674356
HomeBase,Airbag,SocioEcon,0.32150528608674356
HomeBase,Airbag,SocioEcon,0.32150528608674356
HomeBase,Airbag,SocioEcon,0.32150528608674356
HomeBase,Airbag,SocioEcon,0.32150528608674356
HomeBase,ILiCost,Age,0.379339886802517
HomeBase,DrivHist,RiskAversion,0.8051671491312532
HomeBase,DrivHist,RiskAversion,0.8051671491312532
HomeBase,DrivHist,RiskAversion,0.8051671491312532
HomeBase,DrivHist,RiskAversion,0.8051671491312532
HomeBase,DrivHist,RiskAversion,0.8051671491312532
HomeBase,DrivHist,RiskAversion,0.8051671491312532
AntiTheft,PropCost,Airbag,0.08701138794555928
AntiTheft,PropCost,Airbag,0.08701138794555928
AntiTheft,PropCost,Airbag,0.08701138794555928
AntiTheft,PropCost,Airbag,0.08701138794555928
AntiTheft,OtherCar,SocioEcon,0.6701143560816771
AntiTheft,OtherCar,SocioEcon,0.6701143560816771
AntiTheft,OtherCar,SocioEcon,0.6701143560816771
AntiTheft,OtherCar,SocioEcon,0.6701143560816771
AntiTheft,OtherCar,SocioEcon,0.6701143560816771
AntiTheft,OtherCar,SocioEcon,0.6701143560816771
AntiTheft,OtherCar,SocioEcon,0.6701143560816771
AntiTheft,OtherCar,SocioEcon,0.6701143560816771
AntiTheft,OtherCar,SocioEcon,0.6701143560816771
AntiTheft,OtherCar,SocioEcon,0.6701143560816771
AntiTheft,OtherCar,SocioEcon,0.6701143560816771
AntiTheft,OtherCar,SocioEcon,0.6701143560816771
AntiTheft,MedCost,Accident,0.751462333159124
AntiTheft,MedCost,Accident,0.751462333159124
AntiTheft,Cushioning,Airbag,0.05341137496746847
AntiTheft,Cushioning,Airbag,0.05341137496746847
AntiTheft,Cushioning,Airbag,0.05341137496746847
AntiTheft,Cushioning,Airbag,0.05341137496746847
AntiTheft,Airbag,SocioEcon,0.43085166095872574
AntiTheft,Airbag,SocioEcon,0.43085166095872574
AntiTheft,Airbag,SocioEcon,0.43085166095872574
AntiTheft,Airbag,SocioEcon,0.43085166095872574
AntiTheft,Airbag,SocioEcon,0.43085166095872574
AntiTheft,Airbag,SocioEcon,0.43085166095872574
AntiTheft,Airbag,SocioEcon,0.43085166095872574
AntiTheft,Airbag,SocioEcon,0.43085166095872574
AntiTheft,Airbag,SocioEcon,0.43085166095872574
AntiTheft,Airbag,SocioEcon,0.43085166095872574
AntiTheft,Airbag,SocioEcon,0.43085166095872574
AntiTheft,DrivHist,RiskAversion,0.4890739413661347
AntiTheft,DrivHist,RiskAversion,0.4890739413661347
AntiTheft,DrivHist,RiskAversion,0.4890739413661347
AntiTheft,DrivHist,RiskAversion,0.4890739413661347
AntiTheft,DrivHist,RiskAversion,0.4890739413661347
AntiTheft,DrivHist,RiskAversion,0.4890739413661347
AntiTheft,DrivHist,RiskAversion,0.4890739413661347
AntiTheft,DrivHist,RiskAversion,0.4890739413661347
AntiTheft,DrivHist,RiskAversion,0.4890739413661347
PropCost,OtherCarCost,AntiTheft,0.0
PropCost,OtherCarCost,AntiTheft,0.0
PropCost,OtherCarCost,AntiTheft,0.0
PropCost,OtherCarCost,AntiTheft,0.0
PropCost,OtherCarCost,AntiTheft,0.0
PropCost,OtherCarCost,AntiTheft,0.0
PropCost,OtherCarCost,AntiTheft,0.0
PropCost,OtherCarCost,AntiTheft,0.0
PropCost,OtherCarCost,AntiTheft,0.0
PropCost,OtherCarCost,AntiTheft,0.0
PropCost,OtherCarCost,AntiTheft,0.0
PropCost,OtherCarCost,AntiTheft,0.0
PropCost,OtherCarCost,AntiTheft,0.0
PropCost,OtherCarCost,AntiTheft,0.0
PropCost,OtherCarCost,AntiTheft,0.0
PropCost,OtherCarCost,AntiTheft,0.0
PropCost,OtherCarCost,AntiTheft,0.0
PropCost,OtherCarCost,AntiTheft,0.0
PropCost,OtherCarCost,AntiTheft,0.0
PropCost,OtherCarCost,AntiTheft,0.0
PropCost,OtherCarCost,AntiTheft,0.0
PropCost,OtherCar,Airbag,0.1439460101939358
PropCost,OtherCar,Airbag,0.1439460101939358
PropCost,OtherCar,Airbag,0.1439460101939358
PropCost,MedCost,ThisCarCost,0.05869961797213539
PropCost,MedCost,ThisCarCost,0.05869961797213539
PropCost,MedCost,ThisCarCost,0.05869961797213539
PropCost,MedCost,ThisCarCost,0.05869961797213539
PropCost,MedCost,ThisCarCost,0.05869961797213539
PropCost,MedCost,ThisCarCost,0.05869961797213539
PropCost,MedCost,ThisCarCost,0.05869961797213539
PropCost,MedCost,ThisCarCost,0.05869961797213539
PropCost,MedCost,ThisCarCost,0.05869961797213539
PropCost,MedCost,ThisCarCost,0.05869961797213539
PropCost,MedCost,ThisCarCost,0.05869961797213539
PropCost,MedCost,ThisCarCost,0.05869961797213539
PropCost,MedCost,ThisCarCost,0.05869961797213539
PropCost,MedCost,ThisCarCost,0.05869961797213539
PropCost,MedCost,ThisCarCost,0.05869961797213539
PropCost,MedCost,ThisCarCost,0.05869961797213539
PropCost,MedCost,ThisCarCost,0.05869961797213539
PropCost,MedCost,ThisCarCost,0.05869961797213539
PropCost,MedCost,ThisCarCost,0.05869961797213539
PropCost,MedCost,ThisCarCost,0.05869961797213539
PropCost,Cushioning,AntiTheft,7.464683426408349e-18
PropCost,Cushioning,AntiTheft,7.464683426408349e-18
PropCost,Cushioning,AntiTheft,7.464683426408349e-18
PropCost,Cushioning,AntiTheft,7.464683426408349e-18
PropCost,Cushioning,AntiTheft,7.464683426408349e-18
PropCost,Cushioning,AntiTheft,7.464683426408349e-18
PropCost,Cushioning,AntiTheft,7.464683426408349e-18
PropCost,Cushioning,AntiTheft,7.464683426408349e-18
PropCost,Cushioning,AntiTheft,7.464683426408349e-18
PropCost,Cushioning,AntiTheft,7.464683426408349e-18
PropCost,Cushioning,AntiTheft,7.464683426408349e-18
PropCost,Cushioning,AntiTheft,7.464683426408349e-18
PropCost,Cushioning,AntiTheft,7.464683426408349e-18
PropCost,Cushioning,AntiTheft,7.464683426408349e-18
PropCost,Cushioning,AntiTheft,7.464683426408349e-18
PropCost,Cushioning,AntiTheft,7.464683426408349e-18
PropCost,Cushioning,AntiTheft,7.464683426408349e-18
PropCost,Cushioning,AntiTheft,7.464683426408349e-18
PropCost,Cushioning,AntiTheft,7.464683426408349e-18
PropCost,Cushioning,AntiTheft,7.464683426408349e-18
PropCost,Cushioning,AntiTheft,7.464683426408349e-18
PropCost,Airbag,CarValue,0.1149015695012865
PropCost,Airbag,CarValue,0.1149015695012865
PropCost,Airbag,CarValue,0.1149015695012865
PropCost,Airbag,CarValue,0.1149015695012865
PropCost,Airbag,CarValue,0.1149015695012865
PropCost,Airbag,CarValue,0.1149015695012865
PropCost,Airbag,CarValue,0.1149015695012865
PropCost,Airbag,CarValue,0.1149015695012865
PropCost,Airbag,CarValue,0.1149015695012865
PropCost,Airbag,CarValue,0.1149015695012865
PropCost,Airbag,CarValue,0.1149015695012865
PropCost,Airbag,CarValue,0.1149015695012865
PropCost,Airbag,CarValue,0.1149015695012865
PropCost,Airbag,CarValue,0.1149015695012865
PropCost,ILiCost,AntiTheft,2.5076229018482026e-29
PropCost,ILiCost,AntiTheft,2.5076229018482026e-29
PropCost,ILiCost,AntiTheft,2.5076229018482026e-29
PropCost,ILiCost,AntiTheft,2.5076229018482026e-29
PropCost,ILiCost,AntiTheft,2.5076229018482026e-29
PropCost,ILiCost,AntiTheft,2.5076229018482026e-29
PropCost,ILiCost,AntiTheft,2.5076229018482026e-29
PropCost,ILiCost,AntiTheft,2.5076229018482026e-29
PropCost,ILiCost,AntiTheft,2.5076229018482026e-29
PropCost,ILiCost,AntiTheft,2.5076229018482026e-29
PropCost,ILiCost,AntiTheft,2.5076229018482026e-29
PropCost,ILiCost,AntiTheft,2.5076229018482026e-29
PropCost,ILiCost,AntiTheft,2.5076229018482026e-29
PropCost,ILiCost,AntiTheft,2.5076229018482026e-29
PropCost,ILiCost,AntiTheft,2.5076229018482026e-29
PropCost,ILiCost,AntiTheft,2.5076229018482026e-29
PropCost,ILiCost,AntiTheft,2.5076229018482026e-29
PropCost,ILiCost,AntiTheft,2.5076229018482026e-29
PropCost,ILiCost,AntiTheft,2.5076229018482026e-29
PropCost,ILiCost,AntiTheft,2.5076229018482026e-29
PropCost,ILiCost,AntiTheft,2.5076229018482026e-29
PropCost,DrivHist,Accident,0.6408859428843467
OtherCarCost,MedCost,ThisCarCost,4.5784957871874005e-06
OtherCarCost,MedCost,ThisCarCost,4.5784957871874005e-06
OtherCarCost,MedCost,ThisCarCost,4.5784957871874005e-06
OtherCarCost,MedCost,ThisCarCost,4.5784957871874005e-06
OtherCarCost,MedCost,ThisCarCost,4.5784957871874005e-06
OtherCarCost,MedCost,ThisCarCost,4.5784957871874005e-06
OtherCarCost,MedCost,ThisCarCost,4.5784957871874005e-06
OtherCarCost,MedCost,ThisCarCost,4.5784957871874005e-06
OtherCarCost,MedCost,ThisCarCost,4.5784957871874005e-06
OtherCarCost,MedCost,ThisCarCost,4.5784957871874005e-06
OtherCarCost,MedCost,ThisCarCost,4.5784957871874005e-06
OtherCarCost,MedCost,ThisCarCost,4.5784957871874005e-06
OtherCarCost,MedCost,ThisCarCost,4.5784957871874005e-06
OtherCarCost,MedCost,ThisCarCost,4.5784957871874005e-06
OtherCarCost,MedCost,ThisCarCost,4.5784957871874005e-06
OtherCarCost,MedCost,ThisCarCost,4.5784957871874005e-06
OtherCarCost,MedCost,ThisCarCost,4.5784957871874005e-06
OtherCarCost,Cushioning,RuggedAuto,0.6940155520075136
OtherCarCost,Cushioning,RuggedAuto,0.6940155520075136
OtherCarCost,Cushioning,RuggedAuto,0.6940155520075136
OtherCarCost,Cushioning,RuggedAuto,0.6940155520075136
OtherCarCost,Cushioning,RuggedAuto,0.6940155520075136
OtherCarCost,Cushioning,RuggedAuto,0.6940155520075136
OtherCarCost,ILiCost,ThisCarCost,2.50889638134409e-14
OtherCarCost,ILiCost,ThisCarCost,2.50889638134409e-14
OtherCarCost,ILiCost,ThisCarCost,2.50889638134409e-14
OtherCarCost,ILiCost,ThisCarCost,2.50889638134409e-14
OtherCarCost,ILiCost,ThisCarCost,2.50889638134409e-14
OtherCarCost,ILiCost,ThisCarCost,2.50889638134409e-14
OtherCarCost,ILiCost,ThisCarCost,2.50889638134409e-14
OtherCarCost,ILiCost,ThisCarCost,2.50889638134409e-14
OtherCarCost,ILiCost,ThisCarCost,2.50889638134409e-14
OtherCarCost,ILiCost,ThisCarCost,2.50889638134409e-14
OtherCarCost,ILiCost,ThisCarCost,2.50889638134409e-14
OtherCarCost,ILiCost,ThisCarCost,2.50889638134409e-14
OtherCarCost,ILiCost,ThisCarCost,2.50889638134409e-14
OtherCarCost,ILiCost,ThisCarCost,2.50889638134409e-14
OtherCarCost,ILiCost,ThisCarCost,2.50889638134409e-14
OtherCarCost,ILiCost,ThisCarCost,2.50889638134409e-14
OtherCarCost,ILiCost,ThisCarCost,2.50889638134409e-14
OtherCarCost,DrivHist,Accident,0.3846571633309313
OtherCar,MedCost,MakeModel,0.8044224984647068
OtherCar,MedCost,MakeModel,0.8044224984647068
OtherCar,Cushioning,MakeModel,0.6412627961467681
OtherCar,Cushioning,MakeModel,0.6412627961467681
OtherCar,Airbag,SocioEcon,0.8378944026987737
OtherCar,Airbag,SocioEcon,0.8378944026987737
OtherCar,Airbag,SocioEcon,0.8378944026987737
OtherCar,Airbag,SocioEcon,0.8378944026987737
OtherCar,Airbag,SocioEcon,0.8378944026987737
OtherCar,Airbag,SocioEcon,0.8378944026987737
OtherCar,Airbag,SocioEcon,0.8378944026987737
OtherCar,Airbag,SocioEcon,0.8378944026987737
OtherCar,Airbag,SocioEcon,0.8378944026987737
OtherCar,Airbag,SocioEcon,0.8378944026987737
OtherCar,Airbag,SocioEcon,0.8378944026987737
OtherCar,Airbag,SocioEcon,0.8378944026987737
MedCost,Cushioning,AntiTheft,1.5652612627393333e-203
MedCost,Cushioning,AntiTheft,1.5652612627393333e-203
MedCost,Cushioning,AntiTheft,1.5652612627393333e-203
MedCost,Cushioning,AntiTheft,1.5652612627393333e-203
MedCost,Cushioning,AntiTheft,1.5652612627393333e-203
MedCost,Cushioning,AntiTheft,1.5652612627393333e-203
MedCost,Cushioning,AntiTheft,1.5652612627393333e-203
MedCost,Cushioning,AntiTheft,1.5652612627393333e-203
MedCost,Cushioning,AntiTheft,1.5652612627393333e-203
MedCost,Cushioning,AntiTheft,1.5652612627393333e-203
MedCost,Cushioning,AntiTheft,1.5652612627393333e-203
MedCost,Cushioning,AntiTheft,1.5652612627393333e-203
MedCost,Cushioning,AntiTheft,1.5652612627393333e-203
MedCost,Cushioning,AntiTheft,1.5652612627393333e-203
MedCost,Cushioning,AntiTheft,1.5652612627393333e-203
MedCost,Cushioning,AntiTheft,1.5652612627393333e-203
MedCost,Cushioning,AntiTheft,1.5652612627393333e-203
MedCost,Cushioning,AntiTheft,1.5652612627393333e-203
MedCost,Cushioning,AntiTheft,1.5652612627393333e-203
MedCost,Cushioning,AntiTheft,1.5652612627393333e-203
MedCost,Airbag,Cushioning,0.335058123970301
MedCost,Airbag,Cushioning,0.335058123970301
MedCost,Airbag,Cushioning,0.335058123970301
MedCost,Airbag,Cushioning,0.335058123970301
MedCost,Airbag,Cushioning,0.335058123970301
MedCost,Airbag,Cushioning,0.335058123970301
MedCost,Airbag,Cushioning,0.335058123970301
MedCost,Airbag,Cushioning,0.335058123970301
MedCost,Airbag,Cushioning,0.335058123970301
MedCost,Airbag,Cushioning,0.335058123970301
MedCost,Airbag,Cushioning,0.335058123970301
MedCost,Airbag,Cushioning,0.335058123970301
MedCost,Airbag,Cushioning,0.335058123970301
MedCost,Airbag,Cushioning,0.335058123970301
MedCost,Airbag,Cushioning,0.335058123970301
MedCost,Airbag,Cushioning,0.335058123970301
MedCost,Airbag,Cushioning,0.335058123970301
MedCost,ILiCost,AntiTheft,4.93555132379955e-06
MedCost,ILiCost,AntiTheft,4.93555132379955e-06
MedCost,ILiCost,AntiTheft,4.93555132379955e-06
MedCost,ILiCost,AntiTheft,4.93555132379955e-06
MedCost,ILiCost,AntiTheft,4.93555132379955e-06
MedCost,ILiCost,AntiTheft,4.93555132379955e-06
MedCost,ILiCost,AntiTheft,4.93555132379955e-06
MedCost,ILiCost,AntiTheft,4.93555132379955e-06
MedCost,ILiCost,AntiTheft,4.93555132379955e-06
MedCost,ILiCost,AntiTheft,4.93555132379955e-06
MedCost,ILiCost,AntiTheft,4.93555132379955e-06
MedCost,ILiCost,AntiTheft,4.93555132379955e-06
MedCost,ILiCost,AntiTheft,4.93555132379955e-06
MedCost,ILiCost,AntiTheft,4.93555132379955e-06
MedCost,ILiCost,AntiTheft,4.93555132379955e-06
MedCost,ILiCost,AntiTheft,4.93555132379955e-06
MedCost,ILiCost,AntiTheft,4.93555132379955e-06
MedCost,ILiCost,AntiTheft,4.93555132379955e-06
MedCost,ILiCost,AntiTheft,4.93555132379955e-06
MedCost,ILiCost,AntiTheft,4.93555132379955e-06
Cushioning,Airbag,AntiTheft,2.88816106956978e-277
Cushioning,Airbag,AntiTheft,2.88816106956978e-277
Cushioning,Airbag,AntiTheft,2.88816106956978e-277
Cushioning,Airbag,AntiTheft,2.88816106956978e-277
Cushioning,Airbag,AntiTheft,2.88816106956978e-277
Cushioning,Airbag,AntiTheft,2.88816106956978e-277
Cushioning,Airbag,AntiTheft,2.88816106956978e-277
Cushioning,Airbag,AntiTheft,2.88816106956978e-277
Cushioning,Airbag,AntiTheft,2.88816106956978e-277
Cushioning,Airbag,AntiTheft,2.88816106956978e-277
Cushioning,Airbag,AntiTheft,2.88816106956978e-277
Cushioning,Airbag,AntiTheft,2.88816106956978e-277
Cushioning,Airbag,AntiTheft,2.88816106956978e-277
Cushioning,Airbag,AntiTheft,2.88816106956978e-277
Cushioning,Airbag,AntiTheft,2.88816106956978e-277
Cushioning,Airbag,AntiTheft,2.88816106956978e-277
Cushioning,Airbag,AntiTheft,2.88816106956978e-277
Cushioning,Airbag,AntiTheft,2.88816106956978e-277
Age,SocioEcon,"DrivHist,RiskAversion",1.3565849844785351e-12
Age,SocioEcon,"DrivHist,RiskAversion",1.3565849844785351e-12
Age,SocioEcon,"DrivHist,RiskAversion",1.3565849844785351e-12
Age,SocioEcon,"DrivHist,RiskAversion",1.3565849844785351e-12
Age,SocioEcon,"DrivHist,RiskAversion",1.3565849844785351e-12
Age,SocioEcon,"DrivHist,RiskAversion",1.3565849844785351e-12
Age,SocioEcon,"DrivHist,RiskAversion",1.3565849844785351e-12
Age,SocioEcon,"DrivHist,RiskAversion",1.3565849844785351e-12
Age,SocioEcon,"DrivHist,RiskAversion",1.3565849844785351e-12
Age,SocioEcon,"DrivHist,RiskAversion",1.3565849844785351e-12
Age,SocioEcon,"DrivHist,RiskAversion",1.3565849844785351e-12
Age,SocioEcon,"DrivHist,RiskAversion",1.3565849844785351e-12
Age,SocioEcon,"DrivHist,RiskAversion",1.3565849844785351e-12
Age,SocioEcon,"DrivHist,RiskAversion",1.3565849844785351e-12
Age,SocioEcon,"DrivHist,RiskAversion",1.3565849844785351e-12
Age,SocioEcon,"DrivHist,RiskAversion",1.3565849844785351e-12
Age,SocioEcon,"DrivHist,RiskAversion",1.3565849844785351e-12
Age,SocioEcon,"DrivHist,RiskAversion",1.3565849844785351e-12
Age,SocioEcon,"DrivHist,RiskAversion",1.3565849844785351e-12
Age,SocioEcon,"DrivHist,RiskAversion",1.3565849844785351e-12
Age,SocioEcon,"DrivHist,RiskAversion",1.3565849844785351e-12
Age,RiskAversion,"DrivHist,SocioEcon",5.688369156591921e-70
Age,RiskAversion,"DrivHist,SocioEcon",5.688369156591921e-70
Age,RiskAversion,"DrivHist,SocioEcon",5.688369156591921e-70
Age,RiskAversion,"DrivHist,SocioEcon",5.688369156591921e-70
Age,RiskAversion,"DrivHist,SocioEcon",5.688369156591921e-70
Age,RiskAversion,"DrivHist,SocioEcon",5.688369156591921e-70
Age,RiskAversion,"DrivHist,SocioEcon",5.688369156591921e-70
Age,RiskAversion,"DrivHist,SocioEcon",5.688369156591921e-70
Age,RiskAversion,"DrivHist,SocioEcon",5.688369156591921e-70
Age,RiskAversion,"DrivHist,SocioEcon",5.688369156591921e-70
Age,RiskAversion,"DrivHist,SocioEcon",5.688369156591921e-70
Age,RiskAversion,"DrivHist,SocioEcon",5.688369156591921e-70
Age,RiskAversion,"DrivHist,SocioEcon",5.688369156591921e-70
Age,RiskAversion,"DrivHist,SocioEcon",5.688369156591921e-70
Age,RiskAversion,"DrivHist,SocioEcon",5.688369156591921e-70
Age,RiskAversion,"DrivHist,SocioEcon",5.688369156591921e-70
Age,RiskAversion,"DrivHist,SocioEcon",5.688369156591921e-70
Age,RiskAversion,"DrivHist,SocioEcon",5.688369156591921e-70
Age,RiskAversion,"DrivHist,SocioEcon",5.688369156591921e-70
Age,RiskAversion,"DrivHist,SocioEcon",5.688369156591921e-70
Age,RiskAversion,"DrivHist,SocioEcon",5.688369156591921e-70
Age,DrivQuality,"DrivingSkill,RiskAversion",0.7489323050075575
Age,DrivQuality,"DrivingSkill,RiskAversion",0.7489323050075575
Age,DrivQuality,"DrivingSkill,RiskAversion",0.7489323050075575
Age,DrivQuality,"DrivingSkill,RiskAversion",0.7489323050075575
Age,DrivQuality,"DrivingSkill,RiskAversion",0.7489323050075575
Age,DrivQuality,"DrivingSkill,RiskAversion",0.7489323050075575
Age,DrivQuality,"DrivingSkill,RiskAversion",0.7489323050075575
Age,DrivQuality,"DrivingSkill,RiskAversion",0.7489323050075575
Age,DrivQuality,"DrivingSkill,RiskAversion",0.7489323050075575
Age,DrivQuality,"DrivingSkill,RiskAversion",0.7489323050075575
Age,DrivQuality,"DrivingSkill,RiskAversion",0.7489323050075575
Age,DrivQuality,"DrivingSkill,RiskAversion",0.7489323050075575
Age,DrivQuality,"DrivingSkill,RiskAversion",0.7489323050075575
Age,DrivQuality,"DrivingSkill,RiskAversion",0.7489323050075575
Age,DrivingSkill,"DrivQuality,MedCost",0.07429162354155473
Age,DrivingSkill,"DrivQuality,MedCost",0.07429162354155473
Age,DrivingSkill,"DrivQuality,MedCost",0.07429162354155473
Age,DrivingSkill,"DrivQuality,MedCost",0.07429162354155473
Age,DrivingSkill,"DrivQuality,MedCost",0.07429162354155473
Age,DrivingSkill,"DrivQuality,MedCost",0.07429162354155473
Age,DrivingSkill,"DrivQuality,MedCost",0.07429162354155473
Age,DrivingSkill,"DrivQuality,MedCost",0.07429162354155473
Age,SeniorTrain,"RiskAversion,SocioEcon",5.9260233285737555e-120
Age,SeniorTrain,"RiskAversion,SocioEcon",5.9260233285737555e-120
Age,SeniorTrain,"RiskAversion,SocioEcon",5.9260233285737555e-120
Age,SeniorTrain,"RiskAversion,SocioEcon",5.9260233285737555e-120
Age,SeniorTrain,"RiskAversion,SocioEcon",5.9260233285737555e-120
Age,SeniorTrain,"RiskAversion,SocioEcon",5.9260233285737555e-120
Age,SeniorTrain,"RiskAversion,SocioEcon",5.9260233285737555e-120
Age,SeniorTrain,"RiskAversion,SocioEcon",5.9260233285737555e-120
Age,SeniorTrain,"RiskAversion,SocioEcon",5.9260233285737555e-120
Age,SeniorTrain,"RiskAversion,SocioEcon",5.9260233285737555e-120
Age,SeniorTrain,"RiskAversion,SocioEcon",5.9260233285737555e-120
Age,SeniorTrain,"RiskAversion,SocioEcon",5.9260233285737555e-120
Age,SeniorTrain,"RiskAversion,SocioEcon",5.9260233285737555e-120
Age,SeniorTrain,"RiskAversion,SocioEcon",5.9260233285737555e-120
Age,SeniorTrain,"RiskAversion,SocioEcon",5.9260233285737555e-120
Age,SeniorTrain,"RiskAversion,SocioEcon",5.9260233285737555e-120
Age,SeniorTrain,"RiskAversion,SocioEcon",5.9260233285737555e-120
Age,SeniorTrain,"RiskAversion,SocioEcon",5.9260233285737555e-120
Age,SeniorTrain,"RiskAversion,SocioEcon",5.9260233285737555e-120
Age,SeniorTrain,"RiskAversion,SocioEcon",5.9260233285737555e-120
Age,SeniorTrain,"RiskAversion,SocioEcon",5.9260233285737555e-120
Age,MedCost,"DrivingSkill,SocioEcon",0.07624995088677614
Age,MedCost,"DrivingSkill,SocioEcon",0.07624995088677614
Age,MedCost,"DrivingSkill,SocioEcon",0.07624995088677614
Age,MedCost,"DrivingSkill,SocioEcon",0.07624995088677614
Age,MedCost,"DrivingSkill,SocioEcon",0.07624995088677614
Age,MedCost,"DrivingSkill,SocioEcon",0.07624995088677614
Age,MedCost,"DrivingSkill,SocioEcon",0.07624995088677614
Age,MedCost,"DrivingSkill,SocioEcon",0.07624995088677614
Age,MedCost,"DrivingSkill,SocioEcon",0.07624995088677614
Age,MedCost,"DrivingSkill,SocioEcon",0.07624995088677614
Age,MedCost,"DrivingSkill,SocioEcon",0.07624995088677614
Age,DrivHist,"DrivQuality,GoodStudent",0.1670042675259762
Age,DrivHist,"DrivQuality,GoodStudent",0.1670042675259762
Age,DrivHist,"DrivQuality,GoodStudent",0.1670042675259762
Age,DrivHist,"DrivQuality,GoodStudent",0.1670042675259762
SocioEcon,RiskAversion,"GoodStudent,MakeModel",0.054059278156966324
SocioEcon,RiskAversion,"GoodStudent,MakeModel",0.054059278156966324
SocioEcon,RiskAversion,"GoodStudent,MakeModel",0.054059278156966324
SocioEcon,RiskAversion,"GoodStudent,MakeModel",0.054059278156966324
SocioEcon,RiskAversion,"GoodStudent,MakeModel",0.054059278156966324
SocioEcon,RiskAversion,"GoodStudent,MakeModel",0.054059278156966324
SocioEcon,RiskAversion,"GoodStudent,MakeModel",0.054059278156966324
SocioEcon,RiskAversion,"GoodStudent,MakeModel",0.054059278156966324
SocioEcon,RiskAversion,"GoodStudent,MakeModel",0.054059278156966324
SocioEcon,RiskAversion,"GoodStudent,MakeModel",0.054059278156966324
SocioEcon,RiskAversion,"GoodStudent,MakeModel",0.054059278156966324
SocioEcon,RiskAversion,"GoodStudent,MakeModel",0.054059278156966324
SocioEcon,RiskAversion,"GoodStudent,MakeModel",0.054059278156966324
SocioEcon,VehicleYear,"AntiTheft,ThisCarCost",2.8039550451120443e-110
SocioEcon,VehicleYear,"AntiTheft,ThisCarCost",2.8039550451120443e-110
SocioEcon,VehicleYear,"AntiTheft,ThisCarCost",2.8039550451120443e-110
SocioEcon,VehicleYear,"AntiTheft,ThisCarCost",2.8039550451120443e-110
SocioEcon,VehicleYear,"AntiTheft,ThisCarCost",2.8039550451120443e-110
SocioEcon,VehicleYear,"AntiTheft,ThisCarCost",2.8039550451120443e-110
SocioEcon,VehicleYear,"AntiTheft,ThisCarCost",2.8039550451120443e-110
SocioEcon,VehicleYear,"AntiTheft,ThisCarCost",2.8039550451120443e-110
SocioEcon,VehicleYear,"AntiTheft,ThisCarCost",2.8039550451120443e-110
SocioEcon,VehicleYear,"AntiTheft,ThisCarCost",2.8039550451120443e-110
SocioEcon,VehicleYear,"AntiTheft,ThisCarCost",2.8039550451120443e-110
SocioEcon,VehicleYear,"AntiTheft,ThisCarCost",2.8039550451120443e-110
SocioEcon,VehicleYear,"AntiTheft,ThisCarCost",2.8039550451120443e-110
SocioEcon,VehicleYear,"AntiTheft,ThisCarCost",2.8039550451120443e-110
SocioEcon,VehicleYear,"AntiTheft,ThisCarCost",2.8039550451120443e-110
SocioEcon,VehicleYear,"AntiTheft,ThisCarCost",2.8039550451120443e-110
SocioEcon,VehicleYear,"AntiTheft,ThisCarCost",2.8039550451120443e-110
SocioEcon,VehicleYear,"AntiTheft,ThisCarCost",2.8039550451120443e-110
SocioEcon,VehicleYear,"AntiTheft,ThisCarCost",2.8039550451120443e-110
SocioEcon,VehicleYear,"AntiTheft,ThisCarCost",2.8039550451120443e-110
SocioEcon,VehicleYear,"AntiTheft,ThisCarCost",2.8039550451120443e-110
SocioEcon,VehicleYear,"AntiTheft,ThisCarCost",2.8039550451120443e-110
SocioEcon,VehicleYear,"AntiTheft,ThisCarCost",2.8039550451120443e-110
SocioEcon,VehicleYear,"AntiTheft,ThisCarCost",2.8039550451120443e-110
SocioEcon,VehicleYear,"AntiTheft,ThisCarCost",2.8039550451120443e-110
SocioEcon,VehicleYear,"AntiTheft,ThisCarCost",2.8039550451120443e-110
SocioEcon,VehicleYear,"AntiTheft,ThisCarCost",2.8039550451120443e-110
SocioEcon,VehicleYear,"AntiTheft,ThisCarCost",2.8039550451120443e-110
SocioEcon,VehicleYear,"AntiTheft,ThisCarCost",2.8039550451120443e-110
SocioEcon,VehicleYear,"AntiTheft,ThisCarCost",2.8039550451120443e-110
SocioEcon,VehicleYear,"AntiTheft,ThisCarCost",2.8039550451120443e-110
SocioEcon,VehicleYear,"AntiTheft,ThisCarCost",2.8039550451120443e-110
SocioEcon,VehicleYear,"AntiTheft,ThisCarCost",2.8039550451120443e-110
SocioEcon,VehicleYear,"AntiTheft,ThisCarCost",2.8039550451120443e-110
SocioEcon,VehicleYear,"AntiTheft,ThisCarCost",2.8039550451120443e-110
SocioEcon,VehicleYear,"AntiTheft,ThisCarCost",2.8039550451120443e-110
SocioEcon,VehicleYear,"AntiTheft,ThisCarCost",2.8039550451120443e-110
SocioEcon,VehicleYear,"AntiTheft,ThisCarCost",2.8039550451120443e-110
SocioEcon,VehicleYear,"AntiTheft,ThisCarCost",2.8039550451120443e-110
SocioEcon,VehicleYear,"AntiTheft,ThisCarCost",2.8039550451120443e-110
SocioEcon,VehicleYear,"AntiTheft,ThisCarCost",2.8039550451120443e-110
SocioEcon,VehicleYear,"AntiTheft,ThisCarCost",2.8039550451120443e-110
SocioEcon,VehicleYear,"AntiTheft,ThisCarCost",2.8039550451120443e-110
SocioEcon,VehicleYear,"AntiTheft,ThisCarCost",2.8039550451120443e-110
SocioEcon,VehicleYear,"AntiTheft,ThisCarCost",2.8039550451120443e-110
SocioEcon,VehicleYear,"AntiTheft,ThisCarCost",2.8039550451120443e-110
SocioEcon,VehicleYear,"AntiTheft,ThisCarCost",2.8039550451120443e-110
SocioEcon,VehicleYear,"AntiTheft,ThisCarCost",2.8039550451120443e-110
SocioEcon,VehicleYear,"AntiTheft,ThisCarCost",2.8039550451120443e-110
SocioEcon,VehicleYear,"AntiTheft,ThisCarCost",2.8039550451120443e-110
SocioEcon,VehicleYear,"AntiTheft,ThisCarCost",2.8039550451120443e-110
SocioEcon,VehicleYear,"AntiTheft,ThisCarCost",2.8039550451120443e-110
SocioEcon,VehicleYear,"AntiTheft,ThisCarCost",2.8039550451120443e-110
SocioEcon,VehicleYear,"AntiTheft,ThisCarCost",2.8039550451120443e-110
SocioEcon,VehicleYear,"AntiTheft,ThisCarCost",2.8039550451120443e-110
SocioEcon,VehicleYear,"AntiTheft,ThisCarCost",2.8039550451120443e-110
SocioEcon,VehicleYear,"AntiTheft,ThisCarCost",2.8039550451120443e-110
SocioEcon,VehicleYear,"AntiTheft,ThisCarCost",2.8039550451120443e-110
SocioEcon,VehicleYear,"AntiTheft,ThisCarCost",2.8039550451120443e-110
SocioEcon,VehicleYear,"AntiTheft,ThisCarCost",2.8039550451120443e-110
SocioEcon,VehicleYear,"AntiTheft,ThisCarCost",2.8039550451120443e-110
SocioEcon,VehicleYear,"AntiTheft,ThisCarCost",2.8039550451120443e-110
SocioEcon,VehicleYear,"AntiTheft,ThisCarCost",2.8039550451120443e-110
SocioEcon,VehicleYear,"AntiTheft,ThisCarCost",2.8039550451120443e-110
SocioEcon,VehicleYear,"AntiTheft,ThisCarCost",2.8039550451120443e-110
SocioEcon,VehicleYear,"AntiTheft,ThisCarCost",2.8039550451120443e-110
SocioEcon,VehicleYear,"AntiTheft,ThisCarCost",2.8039550451120443e-110
SocioEcon,VehicleYear,"AntiTheft,ThisCarCost",2.8039550451120443e-110
SocioEcon,VehicleYear,"AntiTheft,ThisCarCost",2.8039550451120443e-110
SocioEcon,VehicleYear,"AntiTheft,ThisCarCost",2.8039550451120443e-110
SocioEcon,VehicleYear,"AntiTheft,ThisCarCost",2.8039550451120443e-110
SocioEcon,VehicleYear,"AntiTheft,ThisCarCost",2.8039550451120443e-110
SocioEcon,VehicleYear,"AntiTheft,ThisCarCost",2.8039550451120443e-110
SocioEcon,VehicleYear,"AntiTheft,ThisCarCost",2.8039550451120443e-110
SocioEcon,VehicleYear,"AntiTheft,ThisCarCost",2.8039550451120443e-110
SocioEcon,VehicleYear,"AntiTheft,ThisCarCost",2.8039550451120443e-110
SocioEcon,VehicleYear,"AntiTheft,ThisCarCost",2.8039550451120443e-110
SocioEcon,VehicleYear,"AntiTheft,ThisCarCost",2.8039550451120443e-110
SocioEcon,RuggedAuto,"CarValue,MakeModel",0.8767039155533579
SocioEcon,RuggedAuto,"CarValue,MakeModel",0.8767039155533579
SocioEcon,RuggedAuto,"CarValue,MakeModel",0.8767039155533579
SocioEcon,RuggedAuto,"CarValue,MakeModel",0.8767039155533579
SocioEcon,RuggedAuto,"CarValue,MakeModel",0.8767039155533579
SocioEcon,RuggedAuto,"CarValue,MakeModel",0.8767039155533579
SocioEcon,RuggedAuto,"CarValue,MakeModel",0.8767039155533579
SocioEcon,RuggedAuto,"CarValue,MakeModel",0.8767039155533579
SocioEcon,RuggedAuto,"CarValue,MakeModel",0.8767039155533579
SocioEcon,RuggedAuto,"CarValue,MakeModel",0.8767039155533579
SocioEcon,RuggedAuto,"CarValue,MakeModel",0.8767039155533579
SocioEcon,RuggedAuto,"CarValue,MakeModel",0.8767039155533579
SocioEcon,RuggedAuto,"CarValue,MakeModel",0.8767039155533579
SocioEcon,RuggedAuto,"CarValue,MakeModel",0.8767039155533579
SocioEcon,MakeModel,"AntiTheft,ThisCarCost",0.0
SocioEcon,MakeModel,"AntiTheft,ThisCarCost",0.0
SocioEcon,MakeModel,"AntiTheft,ThisCarCost",0.0
SocioEcon,MakeModel,"AntiTheft,ThisCarCost",0.0
SocioEcon,MakeModel,"AntiTheft,ThisCarCost",0.0
SocioEcon,MakeModel,"AntiTheft,ThisCarCost",0.0
SocioEcon,MakeModel,"AntiTheft,ThisCarCost",0.0
SocioEcon,MakeModel,"AntiTheft,ThisCarCost",0.0
SocioEcon,MakeModel,"AntiTheft,ThisCarCost",0.0
SocioEcon,MakeModel,"AntiTheft,ThisCarCost",0.0
SocioEcon,MakeModel,"AntiTheft,ThisCarCost",0.0
SocioEcon,MakeModel,"AntiTheft,ThisCarCost",0.0
SocioEcon,MakeModel,"AntiTheft,ThisCarCost",0.0
SocioEcon,MakeModel,"AntiTheft,ThisCarCost",0.0
SocioEcon,MakeModel,"AntiTheft,ThisCarCost",0.0
SocioEcon,MakeModel,"AntiTheft,ThisCarCost",0.0
SocioEcon,MakeModel,"AntiTheft,ThisCarCost",0.0
SocioEcon,MakeModel,"AntiTheft,ThisCarCost",0.0
SocioEcon,MakeModel,"AntiTheft,ThisCarCost",0.0
SocioEcon,MakeModel,"AntiTheft,ThisCarCost",0.0
SocioEcon,MakeModel,"AntiTheft,ThisCarCost",0.0
SocioEcon,MakeModel,"AntiTheft,ThisCarCost",0.0
SocioEcon,MakeModel,"AntiTheft,ThisCarCost",0.0
SocioEcon,MakeModel,"AntiTheft,ThisCarCost",0.0
SocioEcon,MakeModel,"AntiTheft,ThisCarCost",0.0
SocioEcon,MakeModel,"AntiTheft,ThisCarCost",0.0
SocioEcon,MakeModel,"AntiTheft,ThisCarCost",0.0
SocioEcon,MakeModel,"AntiTheft,ThisCarCost",0.0
SocioEcon,MakeModel,"AntiTheft,ThisCarCost",0.0
SocioEcon,MakeModel,"AntiTheft,ThisCarCost",0.0
SocioEcon,MakeModel,"AntiTheft,ThisCarCost",0.0
SocioEcon,MakeModel,"AntiTheft,ThisCarCost",0.0
SocioEcon,MakeModel,"AntiTheft,ThisCarCost",0.0
SocioEcon,MakeModel,"AntiTheft,ThisCarCost",0.0
SocioEcon,MakeModel,"AntiTheft,ThisCarCost",0.0
SocioEcon,MakeModel,"AntiTheft,ThisCarCost",0.0
SocioEcon,MakeModel,"AntiTheft,ThisCarCost",0.0
SocioEcon,MakeModel,"AntiTheft,ThisCarCost",0.0
SocioEcon,MakeModel,"AntiTheft,ThisCarCost",0.0
SocioEcon,MakeModel,"AntiTheft,ThisCarCost",0.0
SocioEcon,MakeModel,"AntiTheft,ThisCarCost",0.0
SocioEcon,MakeModel,"AntiTheft,ThisCarCost",0.0
SocioEcon,MakeModel,"AntiTheft,ThisCarCost",0.0
SocioEcon,MakeModel,"AntiTheft,ThisCarCost",0.0
SocioEcon,MakeModel,"AntiTheft,ThisCarCost",0.0
SocioEcon,MakeModel,"AntiTheft,ThisCarCost",0.0
SocioEcon,MakeModel,"AntiTheft,ThisCarCost",0.0
SocioEcon,MakeModel,"AntiTheft,ThisCarCost",0.0
SocioEcon,MakeModel,"AntiTheft,ThisCarCost",0.0
SocioEcon,MakeModel,"AntiTheft,ThisCarCost",0.0
SocioEcon,MakeModel,"AntiTheft,ThisCarCost",0.0
SocioEcon,MakeModel,"AntiTheft,ThisCarCost",0.0
SocioEcon,MakeModel,"AntiTheft,ThisCarCost",0.0
SocioEcon,MakeModel,"AntiTheft,ThisCarCost",0.0
SocioEcon,MakeModel,"AntiTheft,ThisCarCost",0.0
SocioEcon,MakeModel,"AntiTheft,ThisCarCost",0.0
SocioEcon,MakeModel,"AntiTheft,ThisCarCost",0.0
SocioEcon,MakeModel,"AntiTheft,ThisCarCost",0.0
SocioEcon,MakeModel,"AntiTheft,ThisCarCost",0.0
SocioEcon,MakeModel,"AntiTheft,ThisCarCost",0.0
SocioEcon,MakeModel,"AntiTheft,ThisCarCost",0.0
SocioEcon,MakeModel,"AntiTheft,ThisCarCost",0.0
SocioEcon,MakeModel,"AntiTheft,ThisCarCost",0.0
SocioEcon,MakeModel,"AntiTheft,ThisCarCost",0.0
SocioEcon,MakeModel,"AntiTheft,ThisCarCost",0.0
SocioEcon,MakeModel,"AntiTheft,ThisCarCost",0.0
SocioEcon,MakeModel,"AntiTheft,ThisCarCost",0.0
SocioEcon,MakeModel,"AntiTheft,ThisCarCost",0.0
SocioEcon,MakeModel,"AntiTheft,ThisCarCost",0.0
SocioEcon,MakeModel,"AntiTheft,ThisCarCost",0.0
SocioEcon,MakeModel,"AntiTheft,ThisCarCost",0.0
SocioEcon,MakeModel,"AntiTheft,ThisCarCost",0.0
SocioEcon,MakeModel,"AntiTheft,ThisCarCost",0.0
SocioEcon,MakeModel,"AntiTheft,ThisCarCost",0.0
SocioEcon,MakeModel,"AntiTheft,ThisCarCost",0.0
SocioEcon,MakeModel,"AntiTheft,ThisCarCost",0.0
SocioEcon,MakeModel,"AntiTheft,ThisCarCost",0.0
SocioEcon,MakeModel,"AntiTheft,ThisCarCost",0.0
SocioEcon,Antilock,"AntiTheft,ThisCarCost",7.206196963976317e-153
SocioEcon,Antilock,"AntiTheft,ThisCarCost",7.206196963976317e-153
SocioEcon,Antilock,"AntiTheft,ThisCarCost",7.206196963976317e-153
SocioEcon,Antilock,"AntiTheft,ThisCarCost",7.206196963976317e-153
SocioEcon,Antilock,"AntiTheft,ThisCarCost",7.206196963976317e-153
SocioEcon,Antilock,"AntiTheft,ThisCarCost",7.206196963976317e-153
SocioEcon,Antilock,"AntiTheft,ThisCarCost",7.206196963976317e-153
SocioEcon,Antilock,"AntiTheft,ThisCarCost",7.206196963976317e-153
SocioEcon,Antilock,"AntiTheft,ThisCarCost",7.206196963976317e-153
SocioEcon,Antilock,"AntiTheft,ThisCarCost",7.206196963976317e-153
SocioEcon,Antilock,"AntiTheft,ThisCarCost",7.206196963976317e-153
SocioEcon,Antilock,"AntiTheft,ThisCarCost",7.206196963976317e-153
SocioEcon,Antilock,"AntiTheft,ThisCarCost",7.206196963976317e-153
SocioEcon,Antilock,"AntiTheft,ThisCarCost",7.206196963976317e-153
SocioEcon,Antilock,"AntiTheft,ThisCarCost",7.206196963976317e-153
SocioEcon,Antilock,"AntiTheft,ThisCarCost",7.206196963976317e-153
SocioEcon,Antilock,"AntiTheft,ThisCarCost",7.206196963976317e-153
SocioEcon,Antilock,"AntiTheft,ThisCarCost",7.206196963976317e-153
SocioEcon,Antilock,"AntiTheft,ThisCarCost",7.206196963976317e-153
SocioEcon,Antilock,"AntiTheft,ThisCarCost",7.206196963976317e-153
SocioEcon,Antilock,"AntiTheft,ThisCarCost",7.206196963976317e-153
SocioEcon,Antilock,"AntiTheft,ThisCarCost",7.206196963976317e-153
SocioEcon,Antilock,"AntiTheft,ThisCarCost",7.206196963976317e-153
SocioEcon,Antilock,"AntiTheft,ThisCarCost",7.206196963976317e-153
SocioEcon,Antilock,"AntiTheft,ThisCarCost",7.206196963976317e-153
SocioEcon,Antilock,"AntiTheft,ThisCarCost",7.206196963976317e-153
SocioEcon,Antilock,"AntiTheft,ThisCarCost",7.206196963976317e-153
SocioEcon,Antilock,"AntiTheft,ThisCarCost",7.206196963976317e-153
SocioEcon,Antilock,"AntiTheft,ThisCarCost",7.206196963976317e-153
SocioEcon,Antilock,"AntiTheft,ThisCarCost",7.206196963976317e-153
SocioEcon,Antilock,"AntiTheft,ThisCarCost",7.206196963976317e-153
SocioEcon,Antilock,"AntiTheft,ThisCarCost",7.206196963976317e-153
SocioEcon,Antilock,"AntiTheft,ThisCarCost",7.206196963976317e-153
SocioEcon,Antilock,"AntiTheft,ThisCarCost",7.206196963976317e-153
SocioEcon,Antilock,"AntiTheft,ThisCarCost",7.206196963976317e-153
SocioEcon,Antilock,"AntiTheft,ThisCarCost",7.206196963976317e-153
SocioEcon,Antilock,"AntiTheft,ThisCarCost",7.206196963976317e-153
SocioEcon,Antilock,"AntiTheft,ThisCarCost",7.206196963976317e-153
SocioEcon,Antilock,"AntiTheft,ThisCarCost",7.206196963976317e-153
SocioEcon,Antilock,"AntiTheft,ThisCarCost",7.206196963976317e-153
SocioEcon,Antilock,"AntiTheft,ThisCarCost",7.206196963976317e-153
SocioEcon,Antilock,"AntiTheft,ThisCarCost",7.206196963976317e-153
SocioEcon,Antilock,"AntiTheft,ThisCarCost",7.206196963976317e-153
SocioEcon,Antilock,"AntiTheft,ThisCarCost",7.206196963976317e-153
SocioEcon,Antilock,"AntiTheft,ThisCarCost",7.206196963976317e-153
SocioEcon,Antilock,"AntiTheft,ThisCarCost",7.206196963976317e-153
SocioEcon,Antilock,"AntiTheft,ThisCarCost",7.206196963976317e-153
SocioEcon,Antilock,"AntiTheft,ThisCarCost",7.206196963976317e-153
SocioEcon,Antilock,"AntiTheft,ThisCarCost",7.206196963976317e-153
SocioEcon,Antilock,"AntiTheft,ThisCarCost",7.206196963976317e-153
SocioEcon,Antilock,"AntiTheft,ThisCarCost",7.206196963976317e-153
SocioEcon,Antilock,"AntiTheft,ThisCarCost",7.206196963976317e-153
SocioEcon,Antilock,"AntiTheft,ThisCarCost",7.206196963976317e-153
SocioEcon,Antilock,"AntiTheft,ThisCarCost",7.206196963976317e-153
SocioEcon,Antilock,"AntiTheft,ThisCarCost",7.206196963976317e-153
SocioEcon,Antilock,"AntiTheft,ThisCarCost",7.206196963976317e-153
SocioEcon,Antilock,"AntiTheft,ThisCarCost",7.206196963976317e-153
SocioEcon,Antilock,"AntiTheft,ThisCarCost",7.206196963976317e-153
SocioEcon,Antilock,"AntiTheft,ThisCarCost",7.206196963976317e-153
SocioEcon,Antilock,"AntiTheft,ThisCarCost",7.206196963976317e-153
SocioEcon,Antilock,"AntiTheft,ThisCarCost",7.206196963976317e-153
SocioEcon,Antilock,"AntiTheft,ThisCarCost",7.206196963976317e-153
SocioEcon,Antilock,"AntiTheft,ThisCarCost",7.206196963976317e-153
SocioEcon,Antilock,"AntiTheft,ThisCarCost",7.206196963976317e-153
SocioEcon,Antilock,"AntiTheft,ThisCarCost",7.206196963976317e-153
SocioEcon,Antilock,"AntiTheft,ThisCarCost",7.206196963976317e-153
SocioEcon,Antilock,"AntiTheft,ThisCarCost",7.206196963976317e-153
SocioEcon,Antilock,"AntiTheft,ThisCarCost",7.206196963976317e-153
SocioEcon,Antilock,"AntiTheft,ThisCarCost",7.206196963976317e-153
SocioEcon,Antilock,"AntiTheft,ThisCarCost",7.206196963976317e-153
SocioEcon,Antilock,"AntiTheft,ThisCarCost",7.206196963976317e-153
SocioEcon,Antilock,"AntiTheft,ThisCarCost",7.206196963976317e-153
SocioEcon,Antilock,"AntiTheft,ThisCarCost",7.206196963976317e-153
SocioEcon,Antilock,"AntiTheft,ThisCarCost",7.206196963976317e-153
SocioEcon,Antilock,"AntiTheft,ThisCarCost",7.206196963976317e-153
SocioEcon,Antilock,"AntiTheft,ThisCarCost",7.206196963976317e-153
SocioEcon,Antilock,"AntiTheft,ThisCarCost",7.206196963976317e-153
SocioEcon,Antilock,"AntiTheft,ThisCarCost",7.206196963976317e-153
SocioEcon,ThisCarCost,"CarValue,MakeModel",0.9394227758095833
SocioEcon,ThisCarCost,"CarValue,MakeModel",0.9394227758095833
SocioEcon,ThisCarCost,"CarValue,MakeModel",0.9394227758095833
SocioEcon,ThisCarCost,"CarValue,MakeModel",0.9394227758095833
SocioEcon,ThisCarCost,"CarValue,MakeModel",0.9394227758095833
SocioEcon,ThisCarCost,"CarValue,MakeModel",0.9394227758095833
SocioEcon,ThisCarCost,"CarValue,MakeModel",0.9394227758095833
SocioEcon,ThisCarCost,"CarValue,MakeModel",0.9394227758095833
SocioEcon,ThisCarCost,"CarValue,MakeModel",0.9394227758095833
SocioEcon,ThisCarCost,"CarValue,MakeModel",0.9394227758095833
SocioEcon,ThisCarCost,"CarValue,MakeModel",0.9394227758095833
SocioEcon,ThisCarCost,"CarValue,MakeModel",0.9394227758095833
SocioEcon,ThisCarCost,"CarValue,MakeModel",0.9394227758095833
SocioEcon,ThisCarCost,"CarValue,MakeModel",0.9394227758095833
SocioEcon,CarValue,"AntiTheft,ThisCarCost",2.3807946923876807e-188
SocioEcon,CarValue,"AntiTheft,ThisCarCost",2.3807946923876807e-188
SocioEcon,CarValue,"AntiTheft,ThisCarCost",2.3807946923876807e-188
SocioEcon,CarValue,"AntiTheft,ThisCarCost",2.3807946923876807e-188
SocioEcon,CarValue,"AntiTheft,ThisCarCost",2.3807946923876807e-188
SocioEcon,CarValue,"AntiTheft,ThisCarCost",2.3807946923876807e-188
SocioEcon,CarValue,"AntiTheft,ThisCarCost",2.3807946923876807e-188
SocioEcon,CarValue,"AntiTheft,ThisCarCost",2.3807946923876807e-188
SocioEcon,CarValue,"AntiTheft,ThisCarCost",2.3807946923876807e-188
SocioEcon,CarValue,"AntiTheft,ThisCarCost",2.3807946923876807e-188
SocioEcon,CarValue,"AntiTheft,ThisCarCost",2.3807946923876807e-188
SocioEcon,CarValue,"AntiTheft,ThisCarCost",2.3807946923876807e-188
SocioEcon,CarValue,"AntiTheft,ThisCarCost",2.3807946923876807e-188
SocioEcon,CarValue,"AntiTheft,ThisCarCost",2.3807946923876807e-188
SocioEcon,CarValue,"AntiTheft,ThisCarCost",2.3807946923876807e-188
SocioEcon,CarValue,"AntiTheft,ThisCarCost",2.3807946923876807e-188
SocioEcon,CarValue,"AntiTheft,ThisCarCost",2.3807946923876807e-188
SocioEcon,CarValue,"AntiTheft,ThisCarCost",2.3807946923876807e-188
SocioEcon,CarValue,"AntiTheft,ThisCarCost",2.3807946923876807e-188
SocioEcon,CarValue,"AntiTheft,ThisCarCost",2.3807946923876807e-188
SocioEcon,CarValue,"AntiTheft,ThisCarCost",2.3807946923876807e-188
SocioEcon,CarValue,"AntiTheft,ThisCarCost",2.3807946923876807e-188
SocioEcon,CarValue,"AntiTheft,ThisCarCost",2.3807946923876807e-188
SocioEcon,CarValue,"AntiTheft,ThisCarCost",2.3807946923876807e-188
SocioEcon,CarValue,"AntiTheft,ThisCarCost",2.3807946923876807e-188
SocioEcon,CarValue,"AntiTheft,ThisCarCost",2.3807946923876807e-188
SocioEcon,CarValue,"AntiTheft,ThisCarCost",2.3807946923876807e-188
SocioEcon,CarValue,"AntiTheft,ThisCarCost",2.3807946923876807e-188
SocioEcon,CarValue,"AntiTheft,ThisCarCost",2.3807946923876807e-188
SocioEcon,CarValue,"AntiTheft,ThisCarCost",2.3807946923876807e-188
SocioEcon,CarValue,"AntiTheft,ThisCarCost",2.3807946923876807e-188
SocioEcon,CarValue,"AntiTheft,ThisCarCost",2.3807946923876807e-188
SocioEcon,CarValue,"AntiTheft,ThisCarCost",2.3807946923876807e-188
SocioEcon,CarValue,"AntiTheft,ThisCarCost",2.3807946923876807e-188
SocioEcon,CarValue,"AntiTheft,ThisCarCost",2.3807946923876807e-188
SocioEcon,CarValue,"AntiTheft,ThisCarCost",2.3807946923876807e-188
SocioEcon,CarValue,"AntiTheft,ThisCarCost",2.3807946923876807e-188
SocioEcon,CarValue,"AntiTheft,ThisCarCost",2.3807946923876807e-188
SocioEcon,CarValue,"AntiTheft,ThisCarCost",2.3807946923876807e-188
SocioEcon,CarValue,"AntiTheft,ThisCarCost",2.3807946923876807e-188
SocioEcon,CarValue,"AntiTheft,ThisCarCost",2.3807946923876807e-188
SocioEcon,CarValue,"AntiTheft,ThisCarCost",2.3807946923876807e-188
SocioEcon,CarValue,"AntiTheft,ThisCarCost",2.3807946923876807e-188
SocioEcon,CarValue,"AntiTheft,ThisCarCost",2.3807946923876807e-188
SocioEcon,CarValue,"AntiTheft,ThisCarCost",2.3807946923876807e-188
SocioEcon,CarValue,"AntiTheft,ThisCarCost",2.3807946923876807e-188
SocioEcon,CarValue,"AntiTheft,ThisCarCost",2.3807946923876807e-188
SocioEcon,CarValue,"AntiTheft,ThisCarCost",2.3807946923876807e-188
SocioEcon,CarValue,"AntiTheft,ThisCarCost",2.3807946923876807e-188
SocioEcon,CarValue,"AntiTheft,ThisCarCost",2.3807946923876807e-188
SocioEcon,CarValue,"AntiTheft,ThisCarCost",2.3807946923876807e-188
SocioEcon,CarValue,"AntiTheft,ThisCarCost",2.3807946923876807e-188
SocioEcon,CarValue,"AntiTheft,ThisCarCost",2.3807946923876807e-188
SocioEcon,CarValue,"AntiTheft,ThisCarCost",2.3807946923876807e-188
SocioEcon,CarValue,"AntiTheft,ThisCarCost",2.3807946923876807e-188
SocioEcon,CarValue,"AntiTheft,ThisCarCost",2.3807946923876807e-188
SocioEcon,CarValue,"AntiTheft,ThisCarCost",2.3807946923876807e-188
SocioEcon,CarValue,"AntiTheft,ThisCarCost",2.3807946923876807e-188
SocioEcon,CarValue,"AntiTheft,ThisCarCost",2.3807946923876807e-188
SocioEcon,CarValue,"AntiTheft,ThisCarCost",2.3807946923876807e-188
SocioEcon,CarValue,"AntiTheft,ThisCarCost",2.3807946923876807e-188
SocioEcon,CarValue,"AntiTheft,ThisCarCost",2.3807946923876807e-188
SocioEcon,CarValue,"AntiTheft,ThisCarCost",2.3807946923876807e-188
SocioEcon,CarValue,"AntiTheft,ThisCarCost",2.3807946923876807e-188
SocioEcon,CarValue,"AntiTheft,ThisCarCost",2.3807946923876807e-188
SocioEcon,CarValue,"AntiTheft,ThisCarCost",2.3807946923876807e-188
SocioEcon,CarValue,"AntiTheft,ThisCarCost",2.3807946923876807e-188
SocioEcon,CarValue,"AntiTheft,ThisCarCost",2.3807946923876807e-188
SocioEcon,CarValue,"AntiTheft,ThisCarCost",2.3807946923876807e-188
SocioEcon,CarValue,"AntiTheft,ThisCarCost",2.3807946923876807e-188
SocioEcon,CarValue,"AntiTheft,ThisCarCost",2.3807946923876807e-188
SocioEcon,CarValue,"AntiTheft,ThisCarCost",2.3807946923876807e-188
SocioEcon,CarValue,"AntiTheft,ThisCarCost",2.3807946923876807e-188
SocioEcon,CarValue,"AntiTheft,ThisCarCost",2.3807946923876807e-188
SocioEcon,CarValue,"AntiTheft,ThisCarCost",2.3807946923876807e-188
SocioEcon,CarValue,"AntiTheft,ThisCarCost",2.3807946923876807e-188
SocioEcon,CarValue,"AntiTheft,ThisCarCost",2.3807946923876807e-188
SocioEcon,CarValue,"AntiTheft,ThisCarCost",2.3807946923876807e-188
SocioEcon,HomeBase,"AntiTheft,ThisCarCost",0.0
SocioEcon,HomeBase,"AntiTheft,ThisCarCost",0.0
SocioEcon,HomeBase,"AntiTheft,ThisCarCost",0.0
SocioEcon,HomeBase,"AntiTheft,ThisCarCost",0.0
SocioEcon,HomeBase,"AntiTheft,ThisCarCost",0.0
SocioEcon,HomeBase,"AntiTheft,ThisCarCost",0.0
SocioEcon,HomeBase,"AntiTheft,ThisCarCost",0.0
SocioEcon,HomeBase,"AntiTheft,ThisCarCost",0.0
SocioEcon,HomeBase,"AntiTheft,ThisCarCost",0.0
SocioEcon,HomeBase,"AntiTheft,ThisCarCost",0.0
SocioEcon,HomeBase,"AntiTheft,ThisCarCost",0.0
SocioEcon,HomeBase,"AntiTheft,ThisCarCost",0.0
SocioEcon,HomeBase,"AntiTheft,ThisCarCost",0.0
SocioEcon,HomeBase,"AntiTheft,ThisCarCost",0.0
SocioEcon,HomeBase,"AntiTheft,ThisCarCost",0.0
SocioEcon,HomeBase,"AntiTheft,ThisCarCost",0.0
SocioEcon,HomeBase,"AntiTheft,ThisCarCost",0.0
SocioEcon,HomeBase,"AntiTheft,ThisCarCost",0.0
SocioEcon,HomeBase,"AntiTheft,ThisCarCost",0.0
SocioEcon,HomeBase,"AntiTheft,ThisCarCost",0.0
SocioEcon,HomeBase,"AntiTheft,ThisCarCost",0.0
SocioEcon,HomeBase,"AntiTheft,ThisCarCost",0.0
SocioEcon,HomeBase,"AntiTheft,ThisCarCost",0.0
SocioEcon,HomeBase,"AntiTheft,ThisCarCost",0.0
SocioEcon,HomeBase,"AntiTheft,ThisCarCost",0.0
SocioEcon,HomeBase,"AntiTheft,ThisCarCost",0.0
SocioEcon,HomeBase,"AntiTheft,ThisCarCost",0.0
SocioEcon,HomeBase,"AntiTheft,ThisCarCost",0.0
SocioEcon,HomeBase,"AntiTheft,ThisCarCost",0.0
SocioEcon,HomeBase,"AntiTheft,ThisCarCost",0.0
SocioEcon,HomeBase,"AntiTheft,ThisCarCost",0.0
SocioEcon,HomeBase,"AntiTheft,ThisCarCost",0.0
SocioEcon,HomeBase,"AntiTheft,ThisCarCost",0.0
SocioEcon,HomeBase,"AntiTheft,ThisCarCost",0.0
SocioEcon,HomeBase,"AntiTheft,ThisCarCost",0.0
SocioEcon,HomeBase,"AntiTheft,ThisCarCost",0.0
SocioEcon,HomeBase,"AntiTheft,ThisCarCost",0.0
SocioEcon,HomeBase,"AntiTheft,ThisCarCost",0.0
SocioEcon,HomeBase,"AntiTheft,ThisCarCost",0.0
SocioEcon,HomeBase,"AntiTheft,ThisCarCost",0.0
SocioEcon,HomeBase,"AntiTheft,ThisCarCost",0.0
SocioEcon,HomeBase,"AntiTheft,ThisCarCost",0.0
SocioEcon,HomeBase,"AntiTheft,ThisCarCost",0.0
SocioEcon,HomeBase,"AntiTheft,ThisCarCost",0.0
SocioEcon,HomeBase,"AntiTheft,ThisCarCost",0.0
SocioEcon,HomeBase,"AntiTheft,ThisCarCost",0.0
SocioEcon,HomeBase,"AntiTheft,ThisCarCost",0.0
SocioEcon,HomeBase,"AntiTheft,ThisCarCost",0.0
SocioEcon,HomeBase,"AntiTheft,ThisCarCost",0.0
SocioEcon,HomeBase,"AntiTheft,ThisCarCost",0.0
SocioEcon,HomeBase,"AntiTheft,ThisCarCost",0.0
SocioEcon,HomeBase,"AntiTheft,ThisCarCost",0.0
SocioEcon,HomeBase,"AntiTheft,ThisCarCost",0.0
SocioEcon,HomeBase,"AntiTheft,ThisCarCost",0.0
SocioEcon,HomeBase,"AntiTheft,ThisCarCost",0.0
SocioEcon,HomeBase,"AntiTheft,ThisCarCost",0.0
SocioEcon,HomeBase,"AntiTheft,ThisCarCost",0.0
SocioEcon,HomeBase,"AntiTheft,ThisCarCost",0.0
SocioEcon,HomeBase,"AntiTheft,ThisCarCost",0.0
SocioEcon,HomeBase,"AntiTheft,ThisCarCost",0.0
SocioEcon,HomeBase,"AntiTheft,ThisCarCost",0.0
SocioEcon,HomeBase,"AntiTheft,ThisCarCost",0.0
SocioEcon,HomeBase,"AntiTheft,ThisCarCost",0.0
SocioEcon,HomeBase,"AntiTheft,ThisCarCost",0.0
SocioEcon,HomeBase,"AntiTheft,ThisCarCost",0.0
SocioEcon,HomeBase,"AntiTheft,ThisCarCost",0.0
SocioEcon,HomeBase,"AntiTheft,ThisCarCost",0.0
SocioEcon,HomeBase,"AntiTheft,ThisCarCost",0.0
SocioEcon,HomeBase,"AntiTheft,ThisCarCost",0.0
SocioEcon,HomeBase,"AntiTheft,ThisCarCost",0.0
SocioEcon,HomeBase,"AntiTheft,ThisCarCost",0.0
SocioEcon,HomeBase,"AntiTheft,ThisCarCost",0.0
SocioEcon,HomeBase,"AntiTheft,ThisCarCost",0.0
SocioEcon,HomeBase,"AntiTheft,ThisCarCost",0.0
SocioEcon,HomeBase,"AntiTheft,ThisCarCost",0.0
SocioEcon,HomeBase,"AntiTheft,ThisCarCost",0.0
SocioEcon,HomeBase,"AntiTheft,ThisCarCost",0.0
SocioEcon,HomeBase,"AntiTheft,ThisCarCost",0.0
SocioEcon,AntiTheft,"Antilock,ThisCarCost",6.5576670228825254e-68
SocioEcon,AntiTheft,"Antilock,ThisCarCost",6.5576670228825254e-68
SocioEcon,AntiTheft,"Antilock,ThisCarCost",6.5576670228825254e-68
SocioEcon,AntiTheft,"Antilock,ThisCarCost",6.5576670228825254e-68
SocioEcon,AntiTheft,"Antilock,ThisCarCost",6.5576670228825254e-68
SocioEcon,AntiTheft,"Antilock,ThisCarCost",6.5576670228825254e-68
SocioEcon,AntiTheft,"Antilock,ThisCarCost",6.5576670228825254e-68
SocioEcon,AntiTheft,"Antilock,ThisCarCost",6.5576670228825254e-68
SocioEcon,AntiTheft,"Antilock,ThisCarCost",6.5576670228825254e-68
SocioEcon,AntiTheft,"Antilock,ThisCarCost",6.5576670228825254e-68
SocioEcon,AntiTheft,"Antilock,ThisCarCost",6.5576670228825254e-68
SocioEcon,AntiTheft,"Antilock,ThisCarCost",6.5576670228825254e-68
SocioEcon,AntiTheft,"Antilock,ThisCarCost",6.5576670228825254e-68
SocioEcon,AntiTheft,"Antilock,ThisCarCost",6.5576670228825254e-68
SocioEcon,AntiTheft,"Antilock,ThisCarCost",6.5576670228825254e-68
SocioEcon,AntiTheft,"Antilock,ThisCarCost",6.5576670228825254e-68
SocioEcon,AntiTheft,"Antilock,ThisCarCost",6.5576670228825254e-68
SocioEcon,AntiTheft,"Antilock,ThisCarCost",6.5576670228825254e-68
SocioEcon,AntiTheft,"Antilock,ThisCarCost",6.5576670228825254e-68
SocioEcon,AntiTheft,"Antilock,ThisCarCost",6.5576670228825254e-68
SocioEcon,AntiTheft,"Antilock,ThisCarCost",6.5576670228825254e-68
SocioEcon,AntiTheft,"Antilock,ThisCarCost",6.5576670228825254e-68
SocioEcon,AntiTheft,"Antilock,ThisCarCost",6.5576670228825254e-68
SocioEcon,AntiTheft,"Antilock,ThisCarCost",6.5576670228825254e-68
SocioEcon,AntiTheft,"Antilock,ThisCarCost",6.5576670228825254e-68
SocioEcon,AntiTheft,"Antilock,ThisCarCost",6.5576670228825254e-68
SocioEcon,AntiTheft,"Antilock,ThisCarCost",6.5576670228825254e-68
SocioEcon,AntiTheft,"Antilock,ThisCarCost",6.5576670228825254e-68
SocioEcon,AntiTheft,"Antilock,ThisCarCost",6.5576670228825254e-68
SocioEcon,AntiTheft,"Antilock,ThisCarCost",6.5576670228825254e-68
SocioEcon,AntiTheft,"Antilock,ThisCarCost",6.5576670228825254e-68
SocioEcon,AntiTheft,"Antilock,ThisCarCost",6.5576670228825254e-68
SocioEcon,AntiTheft,"Antilock,ThisCarCost",6.5576670228825254e-68
SocioEcon,AntiTheft,"Antilock,ThisCarCost",6.5576670228825254e-68
SocioEcon,AntiTheft,"Antilock,ThisCarCost",6.5576670228825254e-68
SocioEcon,AntiTheft,"Antilock,ThisCarCost",6.5576670228825254e-68
SocioEcon,AntiTheft,"Antilock,ThisCarCost",6.5576670228825254e-68
SocioEcon,AntiTheft,"Antilock,ThisCarCost",6.5576670228825254e-68
SocioEcon,AntiTheft,"Antilock,ThisCarCost",6.5576670228825254e-68
SocioEcon,AntiTheft,"Antilock,ThisCarCost",6.5576670228825254e-68
SocioEcon,AntiTheft,"Antilock,ThisCarCost",6.5576670228825254e-68
SocioEcon,AntiTheft,"Antilock,ThisCarCost",6.5576670228825254e-68
SocioEcon,AntiTheft,"Antilock,ThisCarCost",6.5576670228825254e-68
SocioEcon,AntiTheft,"Antilock,ThisCarCost",6.5576670228825254e-68
SocioEcon,AntiTheft,"Antilock,ThisCarCost",6.5576670228825254e-68
SocioEcon,AntiTheft,"Antilock,ThisCarCost",6.5576670228825254e-68
SocioEcon,AntiTheft,"Antilock,ThisCarCost",6.5576670228825254e-68
SocioEcon,AntiTheft,"Antilock,ThisCarCost",6.5576670228825254e-68
SocioEcon,AntiTheft,"Antilock,ThisCarCost",6.5576670228825254e-68
SocioEcon,AntiTheft,"Antilock,ThisCarCost",6.5576670228825254e-68
SocioEcon,AntiTheft,"Antilock,ThisCarCost",6.5576670228825254e-68
SocioEcon,AntiTheft,"Antilock,ThisCarCost",6.5576670228825254e-68
SocioEcon,AntiTheft,"Antilock,ThisCarCost",6.5576670228825254e-68
SocioEcon,AntiTheft,"Antilock,ThisCarCost",6.5576670228825254e-68
SocioEcon,AntiTheft,"Antilock,ThisCarCost",6.5576670228825254e-68
SocioEcon,AntiTheft,"Antilock,ThisCarCost",6.5576670228825254e-68
SocioEcon,AntiTheft,"Antilock,ThisCarCost",6.5576670228825254e-68
SocioEcon,AntiTheft,"Antilock,ThisCarCost",6.5576670228825254e-68
SocioEcon,AntiTheft,"Antilock,ThisCarCost",6.5576670228825254e-68
SocioEcon,AntiTheft,"Antilock,ThisCarCost",6.5576670228825254e-68
SocioEcon,AntiTheft,"Antilock,ThisCarCost",6.5576670228825254e-68
SocioEcon,AntiTheft,"Antilock,ThisCarCost",6.5576670228825254e-68
SocioEcon,AntiTheft,"Antilock,ThisCarCost",6.5576670228825254e-68
SocioEcon,AntiTheft,"Antilock,ThisCarCost",6.5576670228825254e-68
SocioEcon,AntiTheft,"Antilock,ThisCarCost",6.5576670228825254e-68
SocioEcon,AntiTheft,"Antilock,ThisCarCost",6.5576670228825254e-68
SocioEcon,AntiTheft,"Antilock,ThisCarCost",6.5576670228825254e-68
SocioEcon,AntiTheft,"Antilock,ThisCarCost",6.5576670228825254e-68
SocioEcon,AntiTheft,"Antilock,ThisCarCost",6.5576670228825254e-68
SocioEcon,AntiTheft,"Antilock,ThisCarCost",6.5576670228825254e-68
SocioEcon,AntiTheft,"Antilock,ThisCarCost",6.5576670228825254e-68
SocioEcon,AntiTheft,"Antilock,ThisCarCost",6.5576670228825254e-68
SocioEcon,AntiTheft,"Antilock,ThisCarCost",6.5576670228825254e-68
SocioEcon,AntiTheft,"Antilock,ThisCarCost",6.5576670228825254e-68
SocioEcon,AntiTheft,"Antilock,ThisCarCost",6.5576670228825254e-68
SocioEcon,AntiTheft,"Antilock,ThisCarCost",6.5576670228825254e-68
SocioEcon,AntiTheft,"Antilock,ThisCarCost",6.5576670228825254e-68
SocioEcon,AntiTheft,"Antilock,ThisCarCost",6.5576670228825254e-68
SocioEcon,OtherCar,"AntiTheft,ThisCarCost",8.080876350726669e-113
SocioEcon,OtherCar,"AntiTheft,ThisCarCost",8.080876350726669e-113
SocioEcon,OtherCar,"AntiTheft,ThisCarCost",8.080876350726669e-113
SocioEcon,OtherCar,"AntiTheft,ThisCarCost",8.080876350726669e-113
SocioEcon,OtherCar,"AntiTheft,ThisCarCost",8.080876350726669e-113
SocioEcon,OtherCar,"AntiTheft,ThisCarCost",8.080876350726669e-113
SocioEcon,OtherCar,"AntiTheft,ThisCarCost",8.080876350726669e-113
SocioEcon,OtherCar,"AntiTheft,ThisCarCost",8.080876350726669e-113
SocioEcon,OtherCar,"AntiTheft,ThisCarCost",8.080876350726669e-113
SocioEcon,OtherCar,"AntiTheft,ThisCarCost",8.080876350726669e-113
SocioEcon,OtherCar,"AntiTheft,ThisCarCost",8.080876350726669e-113
SocioEcon,OtherCar,"AntiTheft,ThisCarCost",8.080876350726669e-113
SocioEcon,OtherCar,"AntiTheft,ThisCarCost",8.080876350726669e-113
SocioEcon,OtherCar,"AntiTheft,ThisCarCost",8.080876350726669e-113
SocioEcon,OtherCar,"AntiTheft,ThisCarCost",8.080876350726669e-113
SocioEcon,OtherCar,"AntiTheft,ThisCarCost",8.080876350726669e-113
SocioEcon,OtherCar,"AntiTheft,ThisCarCost",8.080876350726669e-113
SocioEcon,OtherCar,"AntiTheft,ThisCarCost",8.080876350726669e-113
SocioEcon,OtherCar,"AntiTheft,ThisCarCost",8.080876350726669e-113
SocioEcon,OtherCar,"AntiTheft,ThisCarCost",8.080876350726669e-113
SocioEcon,OtherCar,"AntiTheft,ThisCarCost",8.080876350726669e-113
SocioEcon,OtherCar,"AntiTheft,ThisCarCost",8.080876350726669e-113
SocioEcon,OtherCar,"AntiTheft,ThisCarCost",8.080876350726669e-113
SocioEcon,OtherCar,"AntiTheft,ThisCarCost",8.080876350726669e-113
SocioEcon,OtherCar,"AntiTheft,ThisCarCost",8.080876350726669e-113
SocioEcon,OtherCar,"AntiTheft,ThisCarCost",8.080876350726669e-113
SocioEcon,OtherCar,"AntiTheft,ThisCarCost",8.080876350726669e-113
SocioEcon,OtherCar,"AntiTheft,ThisCarCost",8.080876350726669e-113
SocioEcon,OtherCar,"AntiTheft,ThisCarCost",8.080876350726669e-113
SocioEcon,OtherCar,"AntiTheft,ThisCarCost",8.080876350726669e-113
SocioEcon,OtherCar,"AntiTheft,ThisCarCost",8.080876350726669e-113
SocioEcon,OtherCar,"AntiTheft,ThisCarCost",8.080876350726669e-113
SocioEcon,OtherCar,"AntiTheft,ThisCarCost",8.080876350726669e-113
SocioEcon,OtherCar,"AntiTheft,ThisCarCost",8.080876350726669e-113
SocioEcon,OtherCar,"AntiTheft,ThisCarCost",8.080876350726669e-113
SocioEcon,OtherCar,"AntiTheft,ThisCarCost",8.080876350726669e-113
SocioEcon,OtherCar,"AntiTheft,ThisCarCost",8.080876350726669e-113
SocioEcon,OtherCar,"AntiTheft,ThisCarCost",8.080876350726669e-113
SocioEcon,OtherCar,"AntiTheft,ThisCarCost",8.080876350726669e-113
SocioEcon,OtherCar,"AntiTheft,ThisCarCost",8.080876350726669e-113
SocioEcon,OtherCar,"AntiTheft,ThisCarCost",8.080876350726669e-113
SocioEcon,OtherCar,"AntiTheft,ThisCarCost",8.080876350726669e-113
SocioEcon,OtherCar,"AntiTheft,ThisCarCost",8.080876350726669e-113
SocioEcon,OtherCar,"AntiTheft,ThisCarCost",8.080876350726669e-113
SocioEcon,OtherCar,"AntiTheft,ThisCarCost",8.080876350726669e-113
SocioEcon,OtherCar,"AntiTheft,ThisCarCost",8.080876350726669e-113
SocioEcon,OtherCar,"AntiTheft,ThisCarCost",8.080876350726669e-113
SocioEcon,OtherCar,"AntiTheft,ThisCarCost",8.080876350726669e-113
SocioEcon,OtherCar,"AntiTheft,ThisCarCost",8.080876350726669e-113
SocioEcon,OtherCar,"AntiTheft,ThisCarCost",8.080876350726669e-113
SocioEcon,OtherCar,"AntiTheft,ThisCarCost",8.080876350726669e-113
SocioEcon,OtherCar,"AntiTheft,ThisCarCost",8.080876350726669e-113
SocioEcon,OtherCar,"AntiTheft,ThisCarCost",8.080876350726669e-113
SocioEcon,OtherCar,"AntiTheft,ThisCarCost",8.080876350726669e-113
SocioEcon,OtherCar,"AntiTheft,ThisCarCost",8.080876350726669e-113
SocioEcon,OtherCar,"AntiTheft,ThisCarCost",8.080876350726669e-113
SocioEcon,OtherCar,"AntiTheft,ThisCarCost",8.080876350726669e-113
SocioEcon,OtherCar,"AntiTheft,ThisCarCost",8.080876350726669e-113
SocioEcon,OtherCar,"AntiTheft,ThisCarCost",8.080876350726669e-113
SocioEcon,OtherCar,"AntiTheft,ThisCarCost",8.080876350726669e-113
SocioEcon,OtherCar,"AntiTheft,ThisCarCost",8.080876350726669e-113
SocioEcon,OtherCar,"AntiTheft,ThisCarCost",8.080876350726669e-113
SocioEcon,OtherCar,"AntiTheft,ThisCarCost",8.080876350726669e-113
SocioEcon,OtherCar,"AntiTheft,ThisCarCost",8.080876350726669e-113
SocioEcon,OtherCar,"AntiTheft,ThisCarCost",8.080876350726669e-113
SocioEcon,OtherCar,"AntiTheft,ThisCarCost",8.080876350726669e-113
SocioEcon,OtherCar,"AntiTheft,ThisCarCost",8.080876350726669e-113
SocioEcon,OtherCar,"AntiTheft,ThisCarCost",8.080876350726669e-113
SocioEcon,OtherCar,"AntiTheft,ThisCarCost",8.080876350726669e-113
SocioEcon,OtherCar,"AntiTheft,ThisCarCost",8.080876350726669e-113
SocioEcon,OtherCar,"AntiTheft,ThisCarCost",8.080876350726669e-113
SocioEcon,OtherCar,"AntiTheft,ThisCarCost",8.080876350726669e-113
SocioEcon,OtherCar,"AntiTheft,ThisCarCost",8.080876350726669e-113
SocioEcon,OtherCar,"AntiTheft,ThisCarCost",8.080876350726669e-113
SocioEcon,OtherCar,"AntiTheft,ThisCarCost",8.080876350726669e-113
SocioEcon,OtherCar,"AntiTheft,ThisCarCost",8.080876350726669e-113
SocioEcon,OtherCar,"AntiTheft,ThisCarCost",8.080876350726669e-113
SocioEcon,OtherCar,"AntiTheft,ThisCarCost",8.080876350726669e-113
SocioEcon,Cushioning,"CarValue,MakeModel",0.9997255132719295
SocioEcon,Cushioning,"CarValue,MakeModel",0.9997255132719295
SocioEcon,Cushioning,"CarValue,MakeModel",0.9997255132719295
SocioEcon,Cushioning,"CarValue,MakeModel",0.9997255132719295
SocioEcon,Cushioning,"CarValue,MakeModel",0.9997255132719295
SocioEcon,Cushioning,"CarValue,MakeModel",0.9997255132719295
SocioEcon,Cushioning,"CarValue,MakeModel",0.9997255132719295
SocioEcon,Cushioning,"CarValue,MakeModel",0.9997255132719295
SocioEcon,Cushioning,"CarValue,MakeModel",0.9997255132719295
SocioEcon,Cushioning,"CarValue,MakeModel",0.9997255132719295
SocioEcon,Cushioning,"CarValue,MakeModel",0.9997255132719295
SocioEcon,Cushioning,"CarValue,MakeModel",0.9997255132719295
SocioEcon,Cushioning,"CarValue,MakeModel",0.9997255132719295
SocioEcon,Cushioning,"CarValue,MakeModel",0.9997255132719295
SocioEcon,Airbag,"AntiTheft,ThisCarCost",1.0585033541278088e-108
SocioEcon,Airbag,"AntiTheft,ThisCarCost",1.0585033541278088e-108
SocioEcon,Airbag,"AntiTheft,ThisCarCost",1.0585033541278088e-108
SocioEcon,Airbag,"AntiTheft,ThisCarCost",1.0585033541278088e-108
SocioEcon,Airbag,"AntiTheft,ThisCarCost",1.0585033541278088e-108
SocioEcon,Airbag,"AntiTheft,ThisCarCost",1.0585033541278088e-108
SocioEcon,Airbag,"AntiTheft,ThisCarCost",1.0585033541278088e-108
SocioEcon,Airbag,"AntiTheft,ThisCarCost",1.0585033541278088e-108
SocioEcon,Airbag,"AntiTheft,ThisCarCost",1.0585033541278088e-108
SocioEcon,Airbag,"AntiTheft,ThisCarCost",1.0585033541278088e-108
SocioEcon,Airbag,"AntiTheft,ThisCarCost",1.0585033541278088e-108
SocioEcon,Airbag,"AntiTheft,ThisCarCost",1.0585033541278088e-108
SocioEcon,Airbag,"AntiTheft,ThisCarCost",1.0585033541278088e-108
SocioEcon,Airbag,"AntiTheft,ThisCarCost",1.0585033541278088e-108
SocioEcon,Airbag,"AntiTheft,ThisCarCost",1.0585033541278088e-108
SocioEcon,Airbag,"AntiTheft,ThisCarCost",1.0585033541278088e-108
SocioEcon,Airbag,"AntiTheft,ThisCarCost",1.0585033541278088e-108
SocioEcon,Airbag,"AntiTheft,ThisCarCost",1.0585033541278088e-108
SocioEcon,Airbag,"AntiTheft,ThisCarCost",1.0585033541278088e-108
SocioEcon,Airbag,"AntiTheft,ThisCarCost",1.0585033541278088e-108
SocioEcon,Airbag,"AntiTheft,ThisCarCost",1.0585033541278088e-108
SocioEcon,Airbag,"AntiTheft,ThisCarCost",1.0585033541278088e-108
SocioEcon,Airbag,"AntiTheft,ThisCarCost",1.0585033541278088e-108
SocioEcon,Airbag,"AntiTheft,ThisCarCost",1.0585033541278088e-108
SocioEcon,Airbag,"AntiTheft,ThisCarCost",1.0585033541278088e-108
SocioEcon,Airbag,"AntiTheft,ThisCarCost",1.0585033541278088e-108
SocioEcon,Airbag,"AntiTheft,ThisCarCost",1.0585033541278088e-108
SocioEcon,Airbag,"AntiTheft,ThisCarCost",1.0585033541278088e-108
SocioEcon,Airbag,"AntiTheft,ThisCarCost",1.0585033541278088e-108
SocioEcon,Airbag,"AntiTheft,ThisCarCost",1.0585033541278088e-108
SocioEcon,Airbag,"AntiTheft,ThisCarCost",1.0585033541278088e-108
SocioEcon,Airbag,"AntiTheft,ThisCarCost",1.0585033541278088e-108
SocioEcon,Airbag,"AntiTheft,ThisCarCost",1.0585033541278088e-108
SocioEcon,Airbag,"AntiTheft,ThisCarCost",1.0585033541278088e-108
SocioEcon,Airbag,"AntiTheft,ThisCarCost",1.0585033541278088e-108
SocioEcon,Airbag,"AntiTheft,ThisCarCost",1.0585033541278088e-108
SocioEcon,Airbag,"AntiTheft,ThisCarCost",1.0585033541278088e-108
SocioEcon,Airbag,"AntiTheft,ThisCarCost",1.0585033541278088e-108
SocioEcon,Airbag,"AntiTheft,ThisCarCost",1.0585033541278088e-108
SocioEcon,Airbag,"AntiTheft,ThisCarCost",1.0585033541278088e-108
SocioEcon,Airbag,"AntiTheft,ThisCarCost",1.0585033541278088e-108
SocioEcon,Airbag,"AntiTheft,ThisCarCost",1.0585033541278088e-108
SocioEcon,Airbag,"AntiTheft,ThisCarCost",1.0585033541278088e-108
SocioEcon,Airbag,"AntiTheft,ThisCarCost",1.0585033541278088e-108
SocioEcon,Airbag,"AntiTheft,ThisCarCost",1.0585033541278088e-108
SocioEcon,Airbag,"AntiTheft,ThisCarCost",1.0585033541278088e-108
SocioEcon,Airbag,"AntiTheft,ThisCarCost",1.0585033541278088e-108
SocioEcon,Airbag,"AntiTheft,ThisCarCost",1.0585033541278088e-108
SocioEcon,Airbag,"AntiTheft,ThisCarCost",1.0585033541278088e-108
SocioEcon,Airbag,"AntiTheft,ThisCarCost",1.0585033541278088e-108
SocioEcon,Airbag,"AntiTheft,ThisCarCost",1.0585033541278088e-108
SocioEcon,Airbag,"AntiTheft,ThisCarCost",1.0585033541278088e-108
SocioEcon,Airbag,"AntiTheft,ThisCarCost",1.0585033541278088e-108
SocioEcon,Airbag,"AntiTheft,ThisCarCost",1.0585033541278088e-108
SocioEcon,Airbag,"AntiTheft,ThisCarCost",1.0585033541278088e-108
SocioEcon,Airbag,"AntiTheft,ThisCarCost",1.0585033541278088e-108
SocioEcon,Airbag,"AntiTheft,ThisCarCost",1.0585033541278088e-108
SocioEcon,Airbag,"AntiTheft,ThisCarCost",1.0585033541278088e-108
SocioEcon,Airbag,"AntiTheft,ThisCarCost",1.0585033541278088e-108
SocioEcon,Airbag,"AntiTheft,ThisCarCost",1.0585033541278088e-108
SocioEcon,Airbag,"AntiTheft,ThisCarCost",1.0585033541278088e-108
SocioEcon,Airbag,"AntiTheft,ThisCarCost",1.0585033541278088e-108
SocioEcon,Airbag,"AntiTheft,ThisCarCost",1.0585033541278088e-108
SocioEcon,Airbag,"AntiTheft,ThisCarCost",1.0585033541278088e-108
SocioEcon,Airbag,"AntiTheft,ThisCarCost",1.0585033541278088e-108
SocioEcon,Airbag,"AntiTheft,ThisCarCost",1.0585033541278088e-108
SocioEcon,Airbag,"AntiTheft,ThisCarCost",1.0585033541278088e-108
SocioEcon,Airbag,"AntiTheft,ThisCarCost",1.0585033541278088e-108
SocioEcon,Airbag,"AntiTheft,ThisCarCost",1.0585033541278088e-108
SocioEcon,Airbag,"AntiTheft,ThisCarCost",1.0585033541278088e-108
SocioEcon,Airbag,"AntiTheft,ThisCarCost",1.0585033541278088e-108
SocioEcon,Airbag,"AntiTheft,ThisCarCost",1.0585033541278088e-108
SocioEcon,Airbag,"AntiTheft,ThisCarCost",1.0585033541278088e-108
SocioEcon,Airbag,"AntiTheft,ThisCarCost",1.0585033541278088e-108
SocioEcon,Airbag,"AntiTheft,ThisCarCost",1.0585033541278088e-108
SocioEcon,Airbag,"AntiTheft,ThisCarCost",1.0585033541278088e-108
SocioEcon,Airbag,"AntiTheft,ThisCarCost",1.0585033541278088e-108
SocioEcon,Airbag,"AntiTheft,ThisCarCost",1.0585033541278088e-108
RiskAversion,DrivQuality,"AntiTheft,SocioEcon",3.803171729810041e-17
RiskAversion,DrivQuality,"AntiTheft,SocioEcon",3.803171729810041e-17
RiskAversion,DrivQuality,"AntiTheft,SocioEcon",3.803171729810041e-17
RiskAversion,DrivQuality,"AntiTheft,SocioEcon",3.803171729810041e-17
RiskAversion,DrivQuality,"AntiTheft,SocioEcon",3.803171729810041e-17
RiskAversion,DrivQuality,"AntiTheft,SocioEcon",3.803171729810041e-17
RiskAversion,DrivQuality,"AntiTheft,SocioEcon",3.803171729810041e-17
RiskAversion,DrivQuality,"AntiTheft,SocioEcon",3.803171729810041e-17
RiskAversion,DrivQuality,"AntiTheft,SocioEcon",3.803171729810041e-17
RiskAversion,DrivQuality,"AntiTheft,SocioEcon",3.803171729810041e-17
RiskAversion,DrivQuality,"AntiTheft,SocioEcon",3.803171729810041e-17
RiskAversion,DrivQuality,"AntiTheft,SocioEcon",3.803171729810041e-17
RiskAversion,DrivQuality,"AntiTheft,SocioEcon",3.803171729810041e-17
RiskAversion,DrivQuality,"AntiTheft,SocioEcon",3.803171729810041e-17
RiskAversion,DrivQuality,"AntiTheft,SocioEcon",3.803171729810041e-17
RiskAversion,DrivQuality,"AntiTheft,SocioEcon",3.803171729810041e-17
RiskAversion,DrivQuality,"AntiTheft,SocioEcon",3.803171729810041e-17
RiskAversion,DrivQuality,"AntiTheft,SocioEcon",3.803171729810041e-17
RiskAversion,DrivQuality,"AntiTheft,SocioEcon",3.803171729810041e-17
RiskAversion,DrivQuality,"AntiTheft,SocioEcon",3.803171729810041e-17
RiskAversion,DrivQuality,"AntiTheft,SocioEcon",3.803171729810041e-17
RiskAversion,DrivingSkill,"AntiTheft,SocioEcon",2.0313944894753596e-67
RiskAversion,DrivingSkill,"AntiTheft,SocioEcon",2.0313944894753596e-67
RiskAversion,DrivingSkill,"AntiTheft,SocioEcon",2.0313944894753596e-67
RiskAversion,DrivingSkill,"AntiTheft,SocioEcon",2.0313944894753596e-67
RiskAversion,DrivingSkill,"AntiTheft,SocioEcon",2.0313944894753596e-67
RiskAversion,DrivingSkill,"AntiTheft,SocioEcon",2.0313944894753596e-67
RiskAversion,DrivingSkill,"AntiTheft,SocioEcon",2.0313944894753596e-67
RiskAversion,DrivingSkill,"AntiTheft,SocioEcon",2.0313944894753596e-67
RiskAversion,DrivingSkill,"AntiTheft,SocioEcon",2.0313944894753596e-67
RiskAversion,DrivingSkill,"AntiTheft,SocioEcon",2.0313944894753596e-67
RiskAversion,DrivingSkill,"AntiTheft,SocioEcon",2.0313944894753596e-67
RiskAversion,DrivingSkill,"AntiTheft,SocioEcon",2.0313944894753596e-67
RiskAversion,DrivingSkill,"AntiTheft,SocioEcon",2.0313944894753596e-67
RiskAversion,DrivingSkill,"AntiTheft,SocioEcon",2.0313944894753596e-67
RiskAversion,DrivingSkill,"AntiTheft,SocioEcon",2.0313944894753596e-67
RiskAversion,DrivingSkill,"AntiTheft,SocioEcon",2.0313944894753596e-67
RiskAversion,DrivingSkill,"AntiTheft,SocioEcon",2.0313944894753596e-67
RiskAversion,DrivingSkill,"AntiTheft,SocioEcon",2.0313944894753596e-67
RiskAversion,DrivingSkill,"AntiTheft,SocioEcon",2.0313944894753596e-67
RiskAversion,DrivingSkill,"AntiTheft,SocioEcon",2.0313944894753596e-67
RiskAversion,DrivingSkill,"AntiTheft,SocioEcon",2.0313944894753596e-67
RiskAversion,SeniorTrain,"AntiTheft,SocioEcon",3.1893193562463844e-33
RiskAversion,SeniorTrain,"AntiTheft,SocioEcon",3.1893193562463844e-33
RiskAversion,SeniorTrain,"AntiTheft,SocioEcon",3.1893193562463844e-33
RiskAversion,SeniorTrain,"AntiTheft,SocioEcon",3.1893193562463844e-33
RiskAversion,SeniorTrain,"AntiTheft,SocioEcon",3.1893193562463844e-33
RiskAversion,SeniorTrain,"AntiTheft,SocioEcon",3.1893193562463844e-33
RiskAversion,SeniorTrain,"AntiTheft,SocioEcon",3.1893193562463844e-33
RiskAversion,SeniorTrain,"AntiTheft,SocioEcon",3.1893193562463844e-33
RiskAversion,SeniorTrain,"AntiTheft,SocioEcon",3.1893193562463844e-33
RiskAversion,SeniorTrain,"AntiTheft,SocioEcon",3.1893193562463844e-33
RiskAversion,SeniorTrain,"AntiTheft,SocioEcon",3.1893193562463844e-33
RiskAversion,SeniorTrain,"AntiTheft,SocioEcon",3.1893193562463844e-33
RiskAversion,SeniorTrain,"AntiTheft,SocioEcon",3.1893193562463844e-33
RiskAversion,SeniorTrain,"AntiTheft,SocioEcon",3.1893193562463844e-33
RiskAversion,SeniorTrain,"AntiTheft,SocioEcon",3.1893193562463844e-33
RiskAversion,SeniorTrain,"AntiTheft,SocioEcon",3.1893193562463844e-33
RiskAversion,SeniorTrain,"AntiTheft,SocioEcon",3.1893193562463844e-33
RiskAversion,SeniorTrain,"AntiTheft,SocioEcon",3.1893193562463844e-33
RiskAversion,SeniorTrain,"AntiTheft,SocioEcon",3.1893193562463844e-33
RiskAversion,SeniorTrain,"AntiTheft,SocioEcon",3.1893193562463844e-33
RiskAversion,SeniorTrain,"AntiTheft,SocioEcon",3.1893193562463844e-33
RiskAversion,HomeBase,"AntiTheft,SocioEcon",5.162164744970499e-222
RiskAversion,HomeBase,"AntiTheft,SocioEcon",5.162164744970499e-222
RiskAversion,HomeBase,"AntiTheft,SocioEcon",5.162164744970499e-222
RiskAversion,HomeBase,"AntiTheft,SocioEcon",5.162164744970499e-222
RiskAversion,HomeBase,"AntiTheft,SocioEcon",5.162164744970499e-222
RiskAversion,HomeBase,"AntiTheft,SocioEcon",5.162164744970499e-222
RiskAversion,HomeBase,"AntiTheft,SocioEcon",5.162164744970499e-222
RiskAversion,HomeBase,"AntiTheft,SocioEcon",5.162164744970499e-222
RiskAversion,HomeBase,"AntiTheft,SocioEcon",5.162164744970499e-222
RiskAversion,HomeBase,"AntiTheft,SocioEcon",5.162164744970499e-222
RiskAversion,HomeBase,"AntiTheft,SocioEcon",5.162164744970499e-222
RiskAversion,HomeBase,"AntiTheft,SocioEcon",5.162164744970499e-222
RiskAversion,HomeBase,"AntiTheft,SocioEcon",5.162164744970499e-222
RiskAversion,HomeBase,"AntiTheft,SocioEcon",5.162164744970499e-222
RiskAversion,HomeBase,"AntiTheft,SocioEcon",5.162164744970499e-222
RiskAversion,HomeBase,"AntiTheft,SocioEcon",5.162164744970499e-222
RiskAversion,HomeBase,"AntiTheft,SocioEcon",5.162164744970499e-222
RiskAversion,HomeBase,"AntiTheft,SocioEcon",5.162164744970499e-222
RiskAversion,HomeBase,"AntiTheft,SocioEcon",5.162164744970499e-222
RiskAversion,HomeBase,"AntiTheft,SocioEcon",5.162164744970499e-222
RiskAversion,HomeBase,"AntiTheft,SocioEcon",5.162164744970499e-222
RiskAversion,AntiTheft,"DrivHist,SocioEcon",0.0
RiskAversion,AntiTheft,"DrivHist,SocioEcon",0.0
RiskAversion,AntiTheft,"DrivHist,SocioEcon",0.0
RiskAversion,AntiTheft,"DrivHist,SocioEcon",0.0
RiskAversion,AntiTheft,"DrivHist,SocioEcon",0.0
RiskAversion,AntiTheft,"DrivHist,SocioEcon",0.0
RiskAversion,AntiTheft,"DrivHist,SocioEcon",0.0
RiskAversion,AntiTheft,"DrivHist,SocioEcon",0.0
RiskAversion,AntiTheft,"DrivHist,SocioEcon",0.0
RiskAversion,AntiTheft,"DrivHist,SocioEcon",0.0
RiskAversion,AntiTheft,"DrivHist,SocioEcon",0.0
RiskAversion,AntiTheft,"DrivHist,SocioEcon",0.0
RiskAversion,AntiTheft,"DrivHist,SocioEcon",0.0
RiskAversion,AntiTheft,"DrivHist,SocioEcon",0.0
RiskAversion,AntiTheft,"DrivHist,SocioEcon",0.0
RiskAversion,AntiTheft,"DrivHist,SocioEcon",0.0
RiskAversion,AntiTheft,"DrivHist,SocioEcon",0.0
RiskAversion,AntiTheft,"DrivHist,SocioEcon",0.0
RiskAversion,AntiTheft,"DrivHist,SocioEcon",0.0
RiskAversion,AntiTheft,"DrivHist,SocioEcon",0.0
RiskAversion,AntiTheft,"DrivHist,SocioEcon",0.0
RiskAversion,DrivHist,"AntiTheft,SocioEcon",4.533164536941974e-44
RiskAversion,DrivHist,"AntiTheft,SocioEcon",4.533164536941974e-44
RiskAversion,DrivHist,"AntiTheft,SocioEcon",4.533164536941974e-44
RiskAversion,DrivHist,"AntiTheft,SocioEcon",4.533164536941974e-44
RiskAversion,DrivHist,"AntiTheft,SocioEcon",4.533164536941974e-44
RiskAversion,DrivHist,"AntiTheft,SocioEcon",4.533164536941974e-44
RiskAversion,DrivHist,"AntiTheft,SocioEcon",4.533164536941974e-44
RiskAversion,DrivHist,"AntiTheft,SocioEcon",4.533164536941974e-44
RiskAversion,DrivHist,"AntiTheft,SocioEcon",4.533164536941974e-44
RiskAversion,DrivHist,"AntiTheft,SocioEcon",4.533164536941974e-44
RiskAversion,DrivHist,"AntiTheft,SocioEcon",4.533164536941974e-44
RiskAversion,DrivHist,"AntiTheft,SocioEcon",4.533164536941974e-44
RiskAversion,DrivHist,"AntiTheft,SocioEcon",4.533164536941974e-44
RiskAversion,DrivHist,"AntiTheft,SocioEcon",4.533164536941974e-44
RiskAversion,DrivHist,"AntiTheft,SocioEcon",4.533164536941974e-44
RiskAversion,DrivHist,"AntiTheft,SocioEcon",4.533164536941974e-44
RiskAversion,DrivHist,"AntiTheft,SocioEcon",4.533164536941974e-44
RiskAversion,DrivHist,"AntiTheft,SocioEcon",4.533164536941974e-44
RiskAversion,DrivHist,"AntiTheft,SocioEcon",4.533164536941974e-44
RiskAversion,DrivHist,"AntiTheft,SocioEcon",4.533164536941974e-44
RiskAversion,DrivHist,"AntiTheft,SocioEcon",4.533164536941974e-44
VehicleYear,RuggedAuto,"Antilock,SocioEcon",2.5256933296514516e-44
VehicleYear,RuggedAuto,"Antilock,SocioEcon",2.5256933296514516e-44
VehicleYear,RuggedAuto,"Antilock,SocioEcon",2.5256933296514516e-44
VehicleYear,RuggedAuto,"Antilock,SocioEcon",2.5256933296514516e-44
VehicleYear,RuggedAuto,"Antilock,SocioEcon",2.5256933296514516e-44
VehicleYear,RuggedAuto,"Antilock,SocioEcon",2.5256933296514516e-44
VehicleYear,RuggedAuto,"Antilock,SocioEcon",2.5256933296514516e-44
VehicleYear,RuggedAuto,"Antilock,SocioEcon",2.5256933296514516e-44
VehicleYear,RuggedAuto,"Antilock,SocioEcon",2.5256933296514516e-44
VehicleYear,RuggedAuto,"Antilock,SocioEcon",2.5256933296514516e-44
VehicleYear,Antilock,"RuggedAuto,SocioEcon",1.7834893723110272e-150
VehicleYear,Antilock,"RuggedAuto,SocioEcon",1.7834893723110272e-150
VehicleYear,Antilock,"RuggedAuto,SocioEcon",1.7834893723110272e-150
VehicleYear,Antilock,"RuggedAuto,SocioEcon",1.7834893723110272e-150
VehicleYear,Antilock,"RuggedAuto,SocioEcon",1.7834893723110272e-150
VehicleYear,Antilock,"RuggedAuto,SocioEcon",1.7834893723110272e-150
VehicleYear,Antilock,"RuggedAuto,SocioEcon",1.7834893723110272e-150
VehicleYear,Antilock,"RuggedAuto,SocioEcon",1.7834893723110272e-150
VehicleYear,Antilock,"RuggedAuto,SocioEcon",1.7834893723110272e-150
VehicleYear,Antilock,"RuggedAuto,SocioEcon",1.7834893723110272e-150
VehicleYear,CarValue,"Antilock,SocioEcon",6.3215566219506555e-298
VehicleYear,CarValue,"Antilock,SocioEcon",6.3215566219506555e-298
VehicleYear,CarValue,"Antilock,SocioEcon",6.3215566219506555e-298
VehicleYear,CarValue,"Antilock,SocioEcon",6.3215566219506555e-298
VehicleYear,CarValue,"Antilock,SocioEcon",6.3215566219506555e-298
VehicleYear,CarValue,"Antilock,SocioEcon",6.3215566219506555e-298
VehicleYear,CarValue,"Antilock,SocioEcon",6.3215566219506555e-298
VehicleYear,CarValue,"Antilock,SocioEcon",6.3215566219506555e-298
VehicleYear,CarValue,"Antilock,SocioEcon",6.3215566219506555e-298
VehicleYear,CarValue,"Antilock,SocioEcon",6.3215566219506555e-298
VehicleYear,Cushioning,"Antilock,SocioEcon",1.6703338813826235e-88
VehicleYear,Cushioning,"Antilock,SocioEcon",1.6703338813826235e-88
VehicleYear,Cushioning,"Antilock,SocioEcon",1.6703338813826235e-88
VehicleYear,Cushioning,"Antilock,SocioEcon",1.6703338813826235e-88
VehicleYear,Cushioning,"Antilock,SocioEcon",1.6703338813826235e-88
VehicleYear,Cushioning,"Antilock,SocioEcon",1.6703338813826235e-88
VehicleYear,Cushioning,"Antilock,SocioEcon",1.6703338813826235e-88
VehicleYear,Cushioning,"Antilock,SocioEcon",1.6703338813826235e-88
VehicleYear,Cushioning,"Antilock,SocioEcon",1.6703338813826235e-88
VehicleYear,Cushioning,"Antilock,SocioEcon",1.6703338813826235e-88
VehicleYear,Airbag,"Antilock,SocioEcon",0.0
VehicleYear,Airbag,"Antilock,SocioEcon",0.0
VehicleYear,Airbag,"Antilock,SocioEcon",0.0
VehicleYear,Airbag,"Antilock,SocioEcon",0.0
VehicleYear,Airbag,"Antilock,SocioEcon",0.0
VehicleYear,Airbag,"Antilock,SocioEcon",0.0
VehicleYear,Airbag,"Antilock,SocioEcon",0.0
VehicleYear,Airbag,"Antilock,SocioEcon",0.0
VehicleYear,Airbag,"Antilock,SocioEcon",0.0
VehicleYear,Airbag,"Antilock,SocioEcon",0.0
ThisCarDam,RuggedAuto,"MedCost,ThisCarCost",0.09117586259927499
ThisCarDam,RuggedAuto,"MedCost,ThisCarCost",0.09117586259927499
ThisCarDam,RuggedAuto,"MedCost,ThisCarCost",0.09117586259927499
ThisCarDam,RuggedAuto,"MedCost,ThisCarCost",0.09117586259927499
ThisCarDam,RuggedAuto,"MedCost,ThisCarCost",0.09117586259927499
ThisCarDam,RuggedAuto,"MedCost,ThisCarCost",0.09117586259927499
ThisCarDam,RuggedAuto,"MedCost,ThisCarCost",0.09117586259927499
ThisCarDam,RuggedAuto,"MedCost,ThisCarCost",0.09117586259927499
ThisCarDam,RuggedAuto,"MedCost,ThisCarCost",0.09117586259927499
ThisCarDam,RuggedAuto,"MedCost,ThisCarCost",0.09117586259927499
ThisCarDam,RuggedAuto,"MedCost,ThisCarCost",0.09117586259927499
ThisCarDam,RuggedAuto,"MedCost,ThisCarCost",0.09117586259927499
ThisCarDam,RuggedAuto,"MedCost,ThisCarCost",0.09117586259927499
ThisCarDam,RuggedAuto,"MedCost,ThisCarCost",0.09117586259927499
ThisCarDam,RuggedAuto,"MedCost,ThisCarCost",0.09117586259927499
ThisCarDam,Accident,"RuggedAuto,ThisCarCost",0.0
ThisCarDam,Accident,"RuggedAuto,ThisCarCost",0.0
ThisCarDam,Accident,"RuggedAuto,ThisCarCost",0.0
ThisCarDam,Accident,"RuggedAuto,ThisCarCost",0.0
ThisCarDam,Accident,"RuggedAuto,ThisCarCost",0.0
ThisCarDam,Accident,"RuggedAuto,ThisCarCost",0.0
ThisCarDam,Accident,"RuggedAuto,ThisCarCost",0.0
ThisCarDam,Accident,"RuggedAuto,ThisCarCost",0.0
ThisCarDam,Accident,"RuggedAuto,ThisCarCost",0.0
ThisCarDam,Accident,"RuggedAuto,ThisCarCost",0.0
ThisCarDam,Accident,"RuggedAuto,ThisCarCost",0.0
ThisCarDam,Accident,"RuggedAuto,ThisCarCost",0.0
ThisCarDam,Accident,"RuggedAuto,ThisCarCost",0.0
ThisCarDam,Accident,"RuggedAuto,ThisCarCost",0.0
ThisCarDam,Accident,"RuggedAuto,ThisCarCost",0.0
ThisCarDam,ThisCarCost,"MedCost,RuggedAuto",0.0
ThisCarDam,ThisCarCost,"MedCost,RuggedAuto",0.0
ThisCarDam,ThisCarCost,"MedCost,RuggedAuto",0.0
ThisCarDam,ThisCarCost,"MedCost,RuggedAuto",0.0
ThisCarDam,ThisCarCost,"MedCost,RuggedAuto",0.0
ThisCarDam,ThisCarCost,"MedCost,RuggedAuto",0.0
ThisCarDam,ThisCarCost,"MedCost,RuggedAuto",0.0
ThisCarDam,ThisCarCost,"MedCost,RuggedAuto",0.0
ThisCarDam,ThisCarCost,"MedCost,RuggedAuto",0.0
ThisCarDam,ThisCarCost,"MedCost,RuggedAuto",0.0
ThisCarDam,ThisCarCost,"MedCost,RuggedAuto",0.0
ThisCarDam,ThisCarCost,"MedCost,RuggedAuto",0.0
ThisCarDam,ThisCarCost,"MedCost,RuggedAuto",0.0
ThisCarDam,ThisCarCost,"MedCost,RuggedAuto",0.0
ThisCarDam,ThisCarCost,"MedCost,RuggedAuto",0.0
ThisCarDam,PropCost,"RuggedAuto,ThisCarCost",3.467281890914356e-45
ThisCarDam,PropCost,"RuggedAuto,ThisCarCost",3.467281890914356e-45
ThisCarDam,PropCost,"RuggedAuto,ThisCarCost",3.467281890914356e-45
ThisCarDam,PropCost,"RuggedAuto,ThisCarCost",3.467281890914356e-45
ThisCarDam,PropCost,"RuggedAuto,ThisCarCost",3.467281890914356e-45
ThisCarDam,PropCost,"RuggedAuto,ThisCarCost",3.467281890914356e-45
ThisCarDam,PropCost,"RuggedAuto,ThisCarCost",3.467281890914356e-45
ThisCarDam,PropCost,"RuggedAuto,ThisCarCost",3.467281890914356e-45
ThisCarDam,PropCost,"RuggedAuto,ThisCarCost",3.467281890914356e-45
ThisCarDam,PropCost,"RuggedAuto,ThisCarCost",3.467281890914356e-45
ThisCarDam,PropCost,"RuggedAuto,ThisCarCost",3.467281890914356e-45
ThisCarDam,PropCost,"RuggedAuto,ThisCarCost",3.467281890914356e-45
ThisCarDam,PropCost,"RuggedAuto,ThisCarCost",3.467281890914356e-45
ThisCarDam,PropCost,"RuggedAuto,ThisCarCost",3.467281890914356e-45
ThisCarDam,PropCost,"RuggedAuto,ThisCarCost",3.467281890914356e-45
ThisCarDam,OtherCarCost,"RuggedAuto,ThisCarCost",4.454205199272825e-171
ThisCarDam,OtherCarCost,"RuggedAuto,ThisCarCost",4.454205199272825e-171
ThisCarDam,OtherCarCost,"RuggedAuto,ThisCarCost",4.454205199272825e-171
ThisCarDam,OtherCarCost,"RuggedAuto,ThisCarCost",4.454205199272825e-171
ThisCarDam,OtherCarCost,"RuggedAuto,ThisCarCost",4.454205199272825e-171
ThisCarDam,OtherCarCost,"RuggedAuto,ThisCarCost",4.454205199272825e-171
ThisCarDam,OtherCarCost,"RuggedAuto,ThisCarCost",4.454205199272825e-171
ThisCarDam,OtherCarCost,"RuggedAuto,ThisCarCost",4.454205199272825e-171
ThisCarDam,OtherCarCost,"RuggedAuto,ThisCarCost",4.454205199272825e-171
ThisCarDam,OtherCarCost,"RuggedAuto,ThisCarCost",4.454205199272825e-171
ThisCarDam,OtherCarCost,"RuggedAuto,ThisCarCost",4.454205199272825e-171
ThisCarDam,OtherCarCost,"RuggedAuto,ThisCarCost",4.454205199272825e-171
ThisCarDam,OtherCarCost,"RuggedAuto,ThisCarCost",4.454205199272825e-171
ThisCarDam,OtherCarCost,"RuggedAuto,ThisCarCost",4.454205199272825e-171
ThisCarDam,OtherCarCost,"RuggedAuto,ThisCarCost",4.454205199272825e-171
ThisCarDam,MedCost,"RuggedAuto,ThisCarCost",1.7506242200914155e-36
ThisCarDam,MedCost,"RuggedAuto,ThisCarCost",1.7506242200914155e-36
ThisCarDam,MedCost,"RuggedAuto,ThisCarCost",1.7506242200914155e-36
ThisCarDam,MedCost,"RuggedAuto,ThisCarCost",1.7506242200914155e-36
ThisCarDam,MedCost,"RuggedAuto,ThisCarCost",1.7506242200914155e-36
ThisCarDam,MedCost,"RuggedAuto,ThisCarCost",1.7506242200914155e-36
ThisCarDam,MedCost,"RuggedAuto,ThisCarCost",1.7506242200914155e-36
ThisCarDam,MedCost,"RuggedAuto,ThisCarCost",1.7506242200914155e-36
ThisCarDam,MedCost,"RuggedAuto,ThisCarCost",1.7506242200914155e-36
ThisCarDam,MedCost,"RuggedAuto,ThisCarCost",1.7506242200914155e-36
ThisCarDam,MedCost,"RuggedAuto,ThisCarCost",1.7506242200914155e-36
ThisCarDam,MedCost,"RuggedAuto,ThisCarCost",1.7506242200914155e-36
ThisCarDam,MedCost,"RuggedAuto,ThisCarCost",1.7506242200914155e-36
ThisCarDam,MedCost,"RuggedAuto,ThisCarCost",1.7506242200914155e-36
ThisCarDam,MedCost,"RuggedAuto,ThisCarCost",1.7506242200914155e-36
ThisCarDam,ILiCost,"Accident,OtherCarCost",0.06385860973878058
ThisCarDam,ILiCost,"Accident,OtherCarCost",0.06385860973878058
RuggedAuto,Accident,"CarValue,MakeModel",0.418735287734505
RuggedAuto,Accident,"CarValue,MakeModel",0.418735287734505
RuggedAuto,Accident,"CarValue,MakeModel",0.418735287734505
RuggedAuto,Accident,"CarValue,MakeModel",0.418735287734505
RuggedAuto,Accident,"CarValue,MakeModel",0.418735287734505
RuggedAuto,Accident,"CarValue,MakeModel",0.418735287734505
RuggedAuto,Accident,"CarValue,MakeModel",0.418735287734505
RuggedAuto,Accident,"CarValue,MakeModel",0.418735287734505
RuggedAuto,Accident,"CarValue,MakeModel",0.418735287734505
RuggedAuto,Accident,"CarValue,MakeModel",0.418735287734505
RuggedAuto,Accident,"CarValue,MakeModel",0.418735287734505
RuggedAuto,Accident,"CarValue,MakeModel",0.418735287734505
RuggedAuto,Accident,"CarValue,MakeModel",0.418735287734505
RuggedAuto,Accident,"CarValue,MakeModel",0.418735287734505
RuggedAuto,Accident,"CarValue,MakeModel",0.418735287734505
RuggedAuto,Accident,"CarValue,MakeModel",0.418735287734505
RuggedAuto,Accident,"CarValue,MakeModel",0.418735287734505
RuggedAuto,Accident,"CarValue,MakeModel",0.418735287734505
RuggedAuto,Accident,"CarValue,MakeModel",0.418735287734505
RuggedAuto,Accident,"CarValue,MakeModel",0.418735287734505
RuggedAuto,Accident,"CarValue,MakeModel",0.418735287734505
RuggedAuto,Accident,"CarValue,MakeModel",0.418735287734505
RuggedAuto,MakeModel,"ThisCarCost,ThisCarDam",0.0
RuggedAuto,MakeModel,"ThisCarCost,ThisCarDam",0.0
RuggedAuto,MakeModel,"ThisCarCost,ThisCarDam",0.0
RuggedAuto,MakeModel,"ThisCarCost,ThisCarDam",0.0
RuggedAuto,MakeModel,"ThisCarCost,ThisCarDam",0.0
RuggedAuto,MakeModel,"ThisCarCost,ThisCarDam",0.0
RuggedAuto,MakeModel,"ThisCarCost,ThisCarDam",0.0
RuggedAuto,MakeModel,"ThisCarCost,ThisCarDam",0.0
RuggedAuto,MakeModel,"ThisCarCost,ThisCarDam",0.0
RuggedAuto,MakeModel,"ThisCarCost,ThisCarDam",0.0
RuggedAuto,MakeModel,"ThisCarCost,ThisCarDam",0.0
RuggedAuto,MakeModel,"ThisCarCost,ThisCarDam",0.0
RuggedAuto,MakeModel,"ThisCarCost,ThisCarDam",0.0
RuggedAuto,MakeModel,"ThisCarCost,ThisCarDam",0.0
RuggedAuto,MakeModel,"ThisCarCost,ThisCarDam",0.0
RuggedAuto,MakeModel,"ThisCarCost,ThisCarDam",0.0
RuggedAuto,MakeModel,"ThisCarCost,ThisCarDam",0.0
RuggedAuto,MakeModel,"ThisCarCost,ThisCarDam",0.0
RuggedAuto,MakeModel,"ThisCarCost,ThisCarDam",0.0
RuggedAuto,MakeModel,"ThisCarCost,ThisCarDam",0.0
RuggedAuto,MakeModel,"ThisCarCost,ThisCarDam",0.0
RuggedAuto,MakeModel,"ThisCarCost,ThisCarDam",0.0
RuggedAuto,MakeModel,"ThisCarCost,ThisCarDam",0.0
RuggedAuto,MakeModel,"ThisCarCost,ThisCarDam",0.0
RuggedAuto,MakeModel,"ThisCarCost,ThisCarDam",0.0
RuggedAuto,MakeModel,"ThisCarCost,ThisCarDam",0.0
RuggedAuto,MakeModel,"ThisCarCost,ThisCarDam",0.0
RuggedAuto,MakeModel,"ThisCarCost,ThisCarDam",0.0
RuggedAuto,MakeModel,"ThisCarCost,ThisCarDam",0.0
RuggedAuto,MakeModel,"ThisCarCost,ThisCarDam",0.0
RuggedAuto,MakeModel,"ThisCarCost,ThisCarDam",0.0
RuggedAuto,MakeModel,"ThisCarCost,ThisCarDam",0.0
RuggedAuto,MakeModel,"ThisCarCost,ThisCarDam",0.0
RuggedAuto,MakeModel,"ThisCarCost,ThisCarDam",0.0
RuggedAuto,MakeModel,"ThisCarCost,ThisCarDam",0.0
RuggedAuto,MakeModel,"ThisCarCost,ThisCarDam",0.0
RuggedAuto,MakeModel,"ThisCarCost,ThisCarDam",0.0
RuggedAuto,MakeModel,"ThisCarCost,ThisCarDam",0.0
RuggedAuto,MakeModel,"ThisCarCost,ThisCarDam",0.0
RuggedAuto,MakeModel,"ThisCarCost,ThisCarDam",0.0
RuggedAuto,MakeModel,"ThisCarCost,ThisCarDam",0.0
RuggedAuto,MakeModel,"ThisCarCost,ThisCarDam",0.0
RuggedAuto,MakeModel,"ThisCarCost,ThisCarDam",0.0
RuggedAuto,MakeModel,"ThisCarCost,ThisCarDam",0.0
RuggedAuto,MakeModel,"ThisCarCost,ThisCarDam",0.0
RuggedAuto,MakeModel,"ThisCarCost,ThisCarDam",0.0
RuggedAuto,MakeModel,"ThisCarCost,ThisCarDam",0.0
RuggedAuto,MakeModel,"ThisCarCost,ThisCarDam",0.0
RuggedAuto,MakeModel,"ThisCarCost,ThisCarDam",0.0
RuggedAuto,MakeModel,"ThisCarCost,ThisCarDam",0.0
RuggedAuto,MakeModel,"ThisCarCost,ThisCarDam",0.0
RuggedAuto,MakeModel,"ThisCarCost,ThisCarDam",0.0
RuggedAuto,MakeModel,"ThisCarCost,ThisCarDam",0.0
RuggedAuto,MakeModel,"ThisCarCost,ThisCarDam",0.0
RuggedAuto,MakeModel,"ThisCarCost,ThisCarDam",0.0
RuggedAuto,MakeModel,"ThisCarCost,ThisCarDam",0.0
RuggedAuto,MakeModel,"ThisCarCost,ThisCarDam",0.0
RuggedAuto,MakeModel,"ThisCarCost,ThisCarDam",0.0
RuggedAuto,MakeModel,"ThisCarCost,ThisCarDam",0.0
RuggedAuto,MakeModel,"ThisCarCost,ThisCarDam",0.0
RuggedAuto,MakeModel,"ThisCarCost,ThisCarDam",0.0
RuggedAuto,MakeModel,"ThisCarCost,ThisCarDam",0.0
RuggedAuto,MakeModel,"ThisCarCost,ThisCarDam",0.0
RuggedAuto,MakeModel,"ThisCarCost,ThisCarDam",0.0
RuggedAuto,MakeModel,"ThisCarCost,ThisCarDam",0.0
RuggedAuto,MakeModel,"ThisCarCost,ThisCarDam",0.0
RuggedAuto,Antilock,"PropCost,ThisCarCost",0.08016962568876895
RuggedAuto,Antilock,"PropCost,ThisCarCost",0.08016962568876895
RuggedAuto,Antilock,"PropCost,ThisCarCost",0.08016962568876895
RuggedAuto,Antilock,"PropCost,ThisCarCost",0.08016962568876895
RuggedAuto,Antilock,"PropCost,ThisCarCost",0.08016962568876895
RuggedAuto,Antilock,"PropCost,ThisCarCost",0.08016962568876895
RuggedAuto,Antilock,"PropCost,ThisCarCost",0.08016962568876895
RuggedAuto,Antilock,"PropCost,ThisCarCost",0.08016962568876895
RuggedAuto,Antilock,"PropCost,ThisCarCost",0.08016962568876895
RuggedAuto,Antilock,"PropCost,ThisCarCost",0.08016962568876895
RuggedAuto,Antilock,"PropCost,ThisCarCost",0.08016962568876895
RuggedAuto,Antilock,"PropCost,ThisCarCost",0.08016962568876895
RuggedAuto,Antilock,"PropCost,ThisCarCost",0.08016962568876895
RuggedAuto,Antilock,"PropCost,ThisCarCost",0.08016962568876895
RuggedAuto,Antilock,"PropCost,ThisCarCost",0.08016962568876895
RuggedAuto,Antilock,"PropCost,ThisCarCost",0.08016962568876895
RuggedAuto,Antilock,"PropCost,ThisCarCost",0.08016962568876895
RuggedAuto,Antilock,"PropCost,ThisCarCost",0.08016962568876895
RuggedAuto,Antilock,"PropCost,ThisCarCost",0.08016962568876895
RuggedAuto,Antilock,"PropCost,ThisCarCost",0.08016962568876895
RuggedAuto,ThisCarCost,"CarValue,MakeModel",0.2801427268465977
RuggedAuto,ThisCarCost,"CarValue,MakeModel",0.2801427268465977
RuggedAuto,ThisCarCost,"CarValue,MakeModel",0.2801427268465977
RuggedAuto,ThisCarCost,"CarValue,MakeModel",0.2801427268465977
RuggedAuto,ThisCarCost,"CarValue,MakeModel",0.2801427268465977
RuggedAuto,ThisCarCost,"CarValue,MakeModel",0.2801427268465977
RuggedAuto,ThisCarCost,"CarValue,MakeModel",0.2801427268465977
RuggedAuto,ThisCarCost,"CarValue,MakeModel",0.2801427268465977
RuggedAuto,ThisCarCost,"CarValue,MakeModel",0.2801427268465977
RuggedAuto,ThisCarCost,"CarValue,MakeModel",0.2801427268465977
RuggedAuto,ThisCarCost,"CarValue,MakeModel",0.2801427268465977
RuggedAuto,ThisCarCost,"CarValue,MakeModel",0.2801427268465977
RuggedAuto,ThisCarCost,"CarValue,MakeModel",0.2801427268465977
RuggedAuto,ThisCarCost,"CarValue,MakeModel",0.2801427268465977
RuggedAuto,ThisCarCost,"CarValue,MakeModel",0.2801427268465977
RuggedAuto,ThisCarCost,"CarValue,MakeModel",0.2801427268465977
RuggedAuto,ThisCarCost,"CarValue,MakeModel",0.2801427268465977
RuggedAuto,ThisCarCost,"CarValue,MakeModel",0.2801427268465977
RuggedAuto,ThisCarCost,"CarValue,MakeModel",0.2801427268465977
RuggedAuto,ThisCarCost,"CarValue,MakeModel",0.2801427268465977
RuggedAuto,ThisCarCost,"CarValue,MakeModel",0.2801427268465977
RuggedAuto,ThisCarCost,"CarValue,MakeModel",0.2801427268465977
RuggedAuto,ThisCarCost,"CarValue,MakeModel",0.2801427268465977
RuggedAuto,CarValue,"ThisCarCost,ThisCarDam",3.3755365555935235e-13
RuggedAuto,CarValue,"ThisCarCost,ThisCarDam",3.3755365555935235e-13
RuggedAuto,CarValue,"ThisCarCost,ThisCarDam",3.3755365555935235e-13
RuggedAuto,CarValue,"ThisCarCost,ThisCarDam",3.3755365555935235e-13
RuggedAuto,CarValue,"ThisCarCost,ThisCarDam",3.3755365555935235e-13
RuggedAuto,CarValue,"ThisCarCost,ThisCarDam",3.3755365555935235e-13
RuggedAuto,CarValue,"ThisCarCost,ThisCarDam",3.3755365555935235e-13
RuggedAuto,CarValue,"ThisCarCost,ThisCarDam",3.3755365555935235e-13
RuggedAuto,CarValue,"ThisCarCost,ThisCarDam",3.3755365555935235e-13
RuggedAuto,CarValue,"ThisCarCost,ThisCarDam",3.3755365555935235e-13
RuggedAuto,CarValue,"ThisCarCost,ThisCarDam",3.3755365555935235e-13
RuggedAuto,CarValue,"ThisCarCost,ThisCarDam",3.3755365555935235e-13
RuggedAuto,CarValue,"ThisCarCost,ThisCarDam",3.3755365555935235e-13
RuggedAuto,CarValue,"ThisCarCost,ThisCarDam",3.3755365555935235e-13
RuggedAuto,CarValue,"ThisCarCost,ThisCarDam",3.3755365555935235e-13
RuggedAuto,CarValue,"ThisCarCost,ThisCarDam",3.3755365555935235e-13
RuggedAuto,CarValue,"ThisCarCost,ThisCarDam",3.3755365555935235e-13
RuggedAuto,CarValue,"ThisCarCost,ThisCarDam",3.3755365555935235e-13
RuggedAuto,CarValue,"ThisCarCost,ThisCarDam",3.3755365555935235e-13
RuggedAuto,CarValue,"ThisCarCost,ThisCarDam",3.3755365555935235e-13
RuggedAuto,CarValue,"ThisCarCost,ThisCarDam",3.3755365555935235e-13
RuggedAuto,CarValue,"ThisCarCost,ThisCarDam",3.3755365555935235e-13
RuggedAuto,CarValue,"ThisCarCost,ThisCarDam",3.3755365555935235e-13
RuggedAuto,CarValue,"ThisCarCost,ThisCarDam",3.3755365555935235e-13
RuggedAuto,CarValue,"ThisCarCost,ThisCarDam",3.3755365555935235e-13
RuggedAuto,CarValue,"ThisCarCost,ThisCarDam",3.3755365555935235e-13
RuggedAuto,CarValue,"ThisCarCost,ThisCarDam",3.3755365555935235e-13
RuggedAuto,CarValue,"ThisCarCost,ThisCarDam",3.3755365555935235e-13
RuggedAuto,CarValue,"ThisCarCost,ThisCarDam",3.3755365555935235e-13
RuggedAuto,CarValue,"ThisCarCost,ThisCarDam",3.3755365555935235e-13
RuggedAuto,CarValue,"ThisCarCost,ThisCarDam",3.3755365555935235e-13
RuggedAuto,CarValue,"ThisCarCost,ThisCarDam",3.3755365555935235e-13
RuggedAuto,CarValue,"ThisCarCost,ThisCarDam",3.3755365555935235e-13
RuggedAuto,CarValue,"ThisCarCost,ThisCarDam",3.3755365555935235e-13
RuggedAuto,CarValue,"ThisCarCost,ThisCarDam",3.3755365555935235e-13
RuggedAuto,CarValue,"ThisCarCost,ThisCarDam",3.3755365555935235e-13
RuggedAuto,CarValue,"ThisCarCost,ThisCarDam",3.3755365555935235e-13
RuggedAuto,CarValue,"ThisCarCost,ThisCarDam",3.3755365555935235e-13
RuggedAuto,CarValue,"ThisCarCost,ThisCarDam",3.3755365555935235e-13
RuggedAuto,CarValue,"ThisCarCost,ThisCarDam",3.3755365555935235e-13
RuggedAuto,CarValue,"ThisCarCost,ThisCarDam",3.3755365555935235e-13
RuggedAuto,CarValue,"ThisCarCost,ThisCarDam",3.3755365555935235e-13
RuggedAuto,CarValue,"ThisCarCost,ThisCarDam",3.3755365555935235e-13
RuggedAuto,CarValue,"ThisCarCost,ThisCarDam",3.3755365555935235e-13
RuggedAuto,CarValue,"ThisCarCost,ThisCarDam",3.3755365555935235e-13
RuggedAuto,CarValue,"ThisCarCost,ThisCarDam",3.3755365555935235e-13
RuggedAuto,CarValue,"ThisCarCost,ThisCarDam",3.3755365555935235e-13
RuggedAuto,CarValue,"ThisCarCost,ThisCarDam",3.3755365555935235e-13
RuggedAuto,CarValue,"ThisCarCost,ThisCarDam",3.3755365555935235e-13
RuggedAuto,CarValue,"ThisCarCost,ThisCarDam",3.3755365555935235e-13
RuggedAuto,CarValue,"ThisCarCost,ThisCarDam",3.3755365555935235e-13
RuggedAuto,CarValue,"ThisCarCost,ThisCarDam",3.3755365555935235e-13
RuggedAuto,CarValue,"ThisCarCost,ThisCarDam",3.3755365555935235e-13
RuggedAuto,CarValue,"ThisCarCost,ThisCarDam",3.3755365555935235e-13
RuggedAuto,CarValue,"ThisCarCost,ThisCarDam",3.3755365555935235e-13
RuggedAuto,CarValue,"ThisCarCost,ThisCarDam",3.3755365555935235e-13
RuggedAuto,CarValue,"ThisCarCost,ThisCarDam",3.3755365555935235e-13
RuggedAuto,CarValue,"ThisCarCost,ThisCarDam",3.3755365555935235e-13
RuggedAuto,CarValue,"ThisCarCost,ThisCarDam",3.3755365555935235e-13
RuggedAuto,CarValue,"ThisCarCost,ThisCarDam",3.3755365555935235e-13
RuggedAuto,CarValue,"ThisCarCost,ThisCarDam",3.3755365555935235e-13
RuggedAuto,CarValue,"ThisCarCost,ThisCarDam",3.3755365555935235e-13
RuggedAuto,CarValue,"ThisCarCost,ThisCarDam",3.3755365555935235e-13
RuggedAuto,CarValue,"ThisCarCost,ThisCarDam",3.3755365555935235e-13
RuggedAuto,CarValue,"ThisCarCost,ThisCarDam",3.3755365555935235e-13
RuggedAuto,CarValue,"ThisCarCost,ThisCarDam",3.3755365555935235e-13
RuggedAuto,PropCost,"OtherCarCost,ThisCarCost",0.9996566190780989
RuggedAuto,PropCost,"OtherCarCost,ThisCarCost",0.9996566190780989
RuggedAuto,PropCost,"OtherCarCost,ThisCarCost",0.9996566190780989
RuggedAuto,PropCost,"OtherCarCost,ThisCarCost",0.9996566190780989
RuggedAuto,PropCost,"OtherCarCost,ThisCarCost",0.9996566190780989
RuggedAuto,PropCost,"OtherCarCost,ThisCarCost",0.9996566190780989
RuggedAuto,PropCost,"OtherCarCost,ThisCarCost",0.9996566190780989
RuggedAuto,PropCost,"OtherCarCost,ThisCarCost",0.9996566190780989
RuggedAuto,PropCost,"OtherCarCost,ThisCarCost",0.9996566190780989
RuggedAuto,PropCost,"OtherCarCost,ThisCarCost",0.9996566190780989
RuggedAuto,OtherCarCost,"ThisCarCost,ThisCarDam",8.106448050157016e-123
RuggedAuto,OtherCarCost,"ThisCarCost,ThisCarDam",8.106448050157016e-123
RuggedAuto,OtherCarCost,"ThisCarCost,ThisCarDam",8.106448050157016e-123
RuggedAuto,OtherCarCost,"ThisCarCost,ThisCarDam",8.106448050157016e-123
RuggedAuto,OtherCarCost,"ThisCarCost,ThisCarDam",8.106448050157016e-123
RuggedAuto,OtherCarCost,"ThisCarCost,ThisCarDam",8.106448050157016e-123
RuggedAuto,OtherCarCost,"ThisCarCost,ThisCarDam",8.106448050157016e-123
RuggedAuto,OtherCarCost,"ThisCarCost,ThisCarDam",8.106448050157016e-123
RuggedAuto,OtherCarCost,"ThisCarCost,ThisCarDam",8.106448050157016e-123
RuggedAuto,OtherCarCost,"ThisCarCost,ThisCarDam",8.106448050157016e-123
RuggedAuto,OtherCarCost,"ThisCarCost,ThisCarDam",8.106448050157016e-123
RuggedAuto,OtherCarCost,"ThisCarCost,ThisCarDam",8.106448050157016e-123
RuggedAuto,OtherCarCost,"ThisCarCost,ThisCarDam",8.106448050157016e-123
RuggedAuto,OtherCarCost,"ThisCarCost,ThisCarDam",8.106448050157016e-123
RuggedAuto,OtherCarCost,"ThisCarCost,ThisCarDam",8.106448050157016e-123
RuggedAuto,OtherCarCost,"ThisCarCost,ThisCarDam",8.106448050157016e-123
RuggedAuto,OtherCarCost,"ThisCarCost,ThisCarDam",8.106448050157016e-123
RuggedAuto,OtherCarCost,"ThisCarCost,ThisCarDam",8.106448050157016e-123
RuggedAuto,OtherCarCost,"ThisCarCost,ThisCarDam",8.106448050157016e-123
RuggedAuto,OtherCarCost,"ThisCarCost,ThisCarDam",8.106448050157016e-123
RuggedAuto,OtherCarCost,"ThisCarCost,ThisCarDam",8.106448050157016e-123
RuggedAuto,OtherCarCost,"ThisCarCost,ThisCarDam",8.106448050157016e-123
RuggedAuto,OtherCarCost,"ThisCarCost,ThisCarDam",8.106448050157016e-123
RuggedAuto,OtherCarCost,"ThisCarCost,ThisCarDam",8.106448050157016e-123
RuggedAuto,OtherCarCost,"ThisCarCost,ThisCarDam",8.106448050157016e-123
RuggedAuto,OtherCarCost,"ThisCarCost,ThisCarDam",8.106448050157016e-123
RuggedAuto,OtherCarCost,"ThisCarCost,ThisCarDam",8.106448050157016e-123
RuggedAuto,OtherCarCost,"ThisCarCost,ThisCarDam",8.106448050157016e-123
RuggedAuto,OtherCarCost,"ThisCarCost,ThisCarDam",8.106448050157016e-123
RuggedAuto,OtherCarCost,"ThisCarCost,ThisCarDam",8.106448050157016e-123
RuggedAuto,OtherCarCost,"ThisCarCost,ThisCarDam",8.106448050157016e-123
RuggedAuto,OtherCarCost,"ThisCarCost,ThisCarDam",8.106448050157016e-123
RuggedAuto,OtherCarCost,"ThisCarCost,ThisCarDam",8.106448050157016e-123
RuggedAuto,OtherCarCost,"ThisCarCost,ThisCarDam",8.106448050157016e-123
RuggedAuto,OtherCarCost,"ThisCarCost,ThisCarDam",8.106448050157016e-123
RuggedAuto,OtherCarCost,"ThisCarCost,ThisCarDam",8.106448050157016e-123
RuggedAuto,OtherCarCost,"ThisCarCost,ThisCarDam",8.106448050157016e-123
RuggedAuto,OtherCarCost,"ThisCarCost,ThisCarDam",8.106448050157016e-123
RuggedAuto,OtherCarCost,"ThisCarCost,ThisCarDam",8.106448050157016e-123
RuggedAuto,OtherCarCost,"ThisCarCost,ThisCarDam",8.106448050157016e-123
RuggedAuto,OtherCarCost,"ThisCarCost,ThisCarDam",8.106448050157016e-123
RuggedAuto,OtherCarCost,"ThisCarCost,ThisCarDam",8.106448050157016e-123
RuggedAuto,OtherCarCost,"ThisCarCost,ThisCarDam",8.106448050157016e-123
RuggedAuto,OtherCarCost,"ThisCarCost,ThisCarDam",8.106448050157016e-123
RuggedAuto,OtherCarCost,"ThisCarCost,ThisCarDam",8.106448050157016e-123
RuggedAuto,OtherCarCost,"ThisCarCost,ThisCarDam",8.106448050157016e-123
RuggedAuto,OtherCarCost,"ThisCarCost,ThisCarDam",8.106448050157016e-123
RuggedAuto,OtherCarCost,"ThisCarCost,ThisCarDam",8.106448050157016e-123
RuggedAuto,OtherCarCost,"ThisCarCost,ThisCarDam",8.106448050157016e-123
RuggedAuto,OtherCarCost,"ThisCarCost,ThisCarDam",8.106448050157016e-123
RuggedAuto,OtherCarCost,"ThisCarCost,ThisCarDam",8.106448050157016e-123
RuggedAuto,OtherCarCost,"ThisCarCost,ThisCarDam",8.106448050157016e-123
RuggedAuto,OtherCarCost,"ThisCarCost,ThisCarDam",8.106448050157016e-123
RuggedAuto,OtherCarCost,"ThisCarCost,ThisCarDam",8.106448050157016e-123
RuggedAuto,OtherCarCost,"ThisCarCost,ThisCarDam",8.106448050157016e-123
RuggedAuto,OtherCarCost,"ThisCarCost,ThisCarDam",8.106448050157016e-123
RuggedAuto,OtherCarCost,"ThisCarCost,ThisCarDam",8.106448050157016e-123
RuggedAuto,OtherCarCost,"ThisCarCost,ThisCarDam",8.106448050157016e-123
RuggedAuto,OtherCarCost,"ThisCarCost,ThisCarDam",8.106448050157016e-123
RuggedAuto,OtherCarCost,"ThisCarCost,ThisCarDam",8.106448050157016e-123
RuggedAuto,OtherCarCost,"ThisCarCost,ThisCarDam",8.106448050157016e-123
RuggedAuto,OtherCarCost,"ThisCarCost,ThisCarDam",8.106448050157016e-123
RuggedAuto,OtherCarCost,"ThisCarCost,ThisCarDam",8.106448050157016e-123
RuggedAuto,OtherCarCost,"ThisCarCost,ThisCarDam",8.106448050157016e-123
RuggedAuto,OtherCarCost,"ThisCarCost,ThisCarDam",8.106448050157016e-123
RuggedAuto,OtherCarCost,"ThisCarCost,ThisCarDam",8.106448050157016e-123
RuggedAuto,MedCost,"Cushioning,MakeModel",0.07885258592299284
RuggedAuto,MedCost,"Cushioning,MakeModel",0.07885258592299284
RuggedAuto,MedCost,"Cushioning,MakeModel",0.07885258592299284
RuggedAuto,MedCost,"Cushioning,MakeModel",0.07885258592299284
RuggedAuto,MedCost,"Cushioning,MakeModel",0.07885258592299284
RuggedAuto,MedCost,"Cushioning,MakeModel",0.07885258592299284
RuggedAuto,MedCost,"Cushioning,MakeModel",0.07885258592299284
RuggedAuto,MedCost,"Cushioning,MakeModel",0.07885258592299284
RuggedAuto,MedCost,"Cushioning,MakeModel",0.07885258592299284
RuggedAuto,MedCost,"Cushioning,MakeModel",0.07885258592299284
RuggedAuto,MedCost,"Cushioning,MakeModel",0.07885258592299284
RuggedAuto,MedCost,"Cushioning,MakeModel",0.07885258592299284
RuggedAuto,MedCost,"Cushioning,MakeModel",0.07885258592299284
RuggedAuto,MedCost,"Cushioning,MakeModel",0.07885258592299284
RuggedAuto,MedCost,"Cushioning,MakeModel",0.07885258592299284
RuggedAuto,MedCost,"Cushioning,MakeModel",0.07885258592299284
RuggedAuto,MedCost,"Cushioning,MakeModel",0.07885258592299284
RuggedAuto,MedCost,"Cushioning,MakeModel",0.07885258592299284
RuggedAuto,MedCost,"Cushioning,MakeModel",0.07885258592299284
RuggedAuto,MedCost,"Cushioning,MakeModel",0.07885258592299284
RuggedAuto,MedCost,"Cushioning,MakeModel",0.07885258592299284
RuggedAuto,MedCost,"Cushioning,MakeModel",0.07885258592299284
RuggedAuto,MedCost,"Cushioning,MakeModel",0.07885258592299284
RuggedAuto,MedCost,"Cushioning,MakeModel",0.07885258592299284
RuggedAuto,MedCost,"Cushioning,MakeModel",0.07885258592299284
RuggedAuto,MedCost,"Cushioning,MakeModel",0.07885258592299284
RuggedAuto,Cushioning,"ThisCarCost,ThisCarDam",0.0
RuggedAuto,Cushioning,"ThisCarCost,ThisCarDam",0.0
RuggedAuto,Cushioning,"ThisCarCost,ThisCarDam",0.0
RuggedAuto,Cushioning,"ThisCarCost,ThisCarDam",0.0
RuggedAuto,Cushioning,"ThisCarCost,ThisCarDam",0.0
RuggedAuto,Cushioning,"ThisCarCost,ThisCarDam",0.0
RuggedAuto,Cushioning,"ThisCarCost,ThisCarDam",0.0
RuggedAuto,Cushioning,"ThisCarCost,ThisCarDam",0.0
RuggedAuto,Cushioning,"ThisCarCost,ThisCarDam",0.0
RuggedAuto,Cushioning,"ThisCarCost,ThisCarDam",0.0
RuggedAuto,Cushioning,"ThisCarCost,ThisCarDam",0.0
RuggedAuto,Cushioning,"ThisCarCost,ThisCarDam",0.0
RuggedAuto,Cushioning,"ThisCarCost,ThisCarDam",0.0
RuggedAuto,Cushioning,"ThisCarCost,ThisCarDam",0.0
RuggedAuto,Cushioning,"ThisCarCost,ThisCarDam",0.0
RuggedAuto,Cushioning,"ThisCarCost,ThisCarDam",0.0
RuggedAuto,Cushioning,"ThisCarCost,ThisCarDam",0.0
RuggedAuto,Cushioning,"ThisCarCost,ThisCarDam",0.0
RuggedAuto,Cushioning,"ThisCarCost,ThisCarDam",0.0
RuggedAuto,Cushioning,"ThisCarCost,ThisCarDam",0.0
RuggedAuto,Cushioning,"ThisCarCost,ThisCarDam",0.0
RuggedAuto,Cushioning,"ThisCarCost,ThisCarDam",0.0
RuggedAuto,Cushioning,"ThisCarCost,ThisCarDam",0.0
RuggedAuto,Cushioning,"ThisCarCost,ThisCarDam",0.0
RuggedAuto,Cushioning,"ThisCarCost,ThisCarDam",0.0
RuggedAuto,Cushioning,"ThisCarCost,ThisCarDam",0.0
RuggedAuto,Cushioning,"ThisCarCost,ThisCarDam",0.0
RuggedAuto,Cushioning,"ThisCarCost,ThisCarDam",0.0
RuggedAuto,Cushioning,"ThisCarCost,ThisCarDam",0.0
RuggedAuto,Cushioning,"ThisCarCost,ThisCarDam",0.0
RuggedAuto,Cushioning,"ThisCarCost,ThisCarDam",0.0
RuggedAuto,Cushioning,"ThisCarCost,ThisCarDam",0.0
RuggedAuto,Cushioning,"ThisCarCost,ThisCarDam",0.0
RuggedAuto,Cushioning,"ThisCarCost,ThisCarDam",0.0
RuggedAuto,Cushioning,"ThisCarCost,ThisCarDam",0.0
RuggedAuto,Cushioning,"ThisCarCost,ThisCarDam",0.0
RuggedAuto,Cushioning,"ThisCarCost,ThisCarDam",0.0
RuggedAuto,Cushioning,"ThisCarCost,ThisCarDam",0.0
RuggedAuto,Cushioning,"ThisCarCost,ThisCarDam",0.0
RuggedAuto,Cushioning,"ThisCarCost,ThisCarDam",0.0
RuggedAuto,Cushioning,"ThisCarCost,ThisCarDam",0.0
RuggedAuto,Cushioning,"ThisCarCost,ThisCarDam",0.0
RuggedAuto,Cushioning,"ThisCarCost,ThisCarDam",0.0
RuggedAuto,Cushioning,"ThisCarCost,ThisCarDam",0.0
RuggedAuto,Cushioning,"ThisCarCost,ThisCarDam",0.0
RuggedAuto,Cushioning,"ThisCarCost,ThisCarDam",0.0
RuggedAuto,Cushioning,"ThisCarCost,ThisCarDam",0.0
RuggedAuto,Cushioning,"ThisCarCost,ThisCarDam",0.0
RuggedAuto,Cushioning,"ThisCarCost,ThisCarDam",0.0
RuggedAuto,Cushioning,"ThisCarCost,ThisCarDam",0.0
RuggedAuto,Cushioning,"ThisCarCost,ThisCarDam",0.0
RuggedAuto,Cushioning,"ThisCarCost,ThisCarDam",0.0
RuggedAuto,Cushioning,"ThisCarCost,ThisCarDam",0.0
RuggedAuto,Cushioning,"ThisCarCost,ThisCarDam",0.0
RuggedAuto,Cushioning,"ThisCarCost,ThisCarDam",0.0
RuggedAuto,Cushioning,"ThisCarCost,ThisCarDam",0.0
RuggedAuto,Cushioning,"ThisCarCost,ThisCarDam",0.0
RuggedAuto,Cushioning,"ThisCarCost,ThisCarDam",0.0
RuggedAuto,Cushioning,"ThisCarCost,ThisCarDam",0.0
RuggedAuto,Cushioning,"ThisCarCost,ThisCarDam",0.0
RuggedAuto,Cushioning,"ThisCarCost,ThisCarDam",0.0
RuggedAuto,Cushioning,"ThisCarCost,ThisCarDam",0.0
RuggedAuto,Cushioning,"ThisCarCost,ThisCarDam",0.0
RuggedAuto,Cushioning,"ThisCarCost,ThisCarDam",0.0
RuggedAuto,Cushioning,"ThisCarCost,ThisCarDam",0.0
RuggedAuto,Cushioning,"ThisCarCost,ThisCarDam",0.0
RuggedAuto,Airbag,"MakeModel,VehicleYear",0.08266676892936058
RuggedAuto,Airbag,"MakeModel,VehicleYear",0.08266676892936058
RuggedAuto,Airbag,"MakeModel,VehicleYear",0.08266676892936058
RuggedAuto,Airbag,"MakeModel,VehicleYear",0.08266676892936058
RuggedAuto,Airbag,"MakeModel,VehicleYear",0.08266676892936058
RuggedAuto,Airbag,"MakeModel,VehicleYear",0.08266676892936058
RuggedAuto,Airbag,"MakeModel,VehicleYear",0.08266676892936058
RuggedAuto,Airbag,"MakeModel,VehicleYear",0.08266676892936058
RuggedAuto,Airbag,"MakeModel,VehicleYear",0.08266676892936058
RuggedAuto,Airbag,"MakeModel,VehicleYear",0.08266676892936058
RuggedAuto,Airbag,"MakeModel,VehicleYear",0.08266676892936058
RuggedAuto,Airbag,"MakeModel,VehicleYear",0.08266676892936058
RuggedAuto,Airbag,"MakeModel,VehicleYear",0.08266676892936058
RuggedAuto,Airbag,"MakeModel,VehicleYear",0.08266676892936058
RuggedAuto,Airbag,"MakeModel,VehicleYear",0.08266676892936058
RuggedAuto,Airbag,"MakeModel,VehicleYear",0.08266676892936058
RuggedAuto,Airbag,"MakeModel,VehicleYear",0.08266676892936058
RuggedAuto,Airbag,"MakeModel,VehicleYear",0.08266676892936058
RuggedAuto,Airbag,"MakeModel,VehicleYear",0.08266676892936058
RuggedAuto,Airbag,"MakeModel,VehicleYear",0.08266676892936058
RuggedAuto,Airbag,"MakeModel,VehicleYear",0.08266676892936058
RuggedAuto,Airbag,"MakeModel,VehicleYear",0.08266676892936058
RuggedAuto,Airbag,"MakeModel,VehicleYear",0.08266676892936058
RuggedAuto,Airbag,"MakeModel,VehicleYear",0.08266676892936058
Accident,MakeModel,"Antilock,RuggedAuto",0.9543006028640616
Accident,MakeModel,"Antilock,RuggedAuto",0.9543006028640616
Accident,MakeModel,"Antilock,RuggedAuto",0.9543006028640616
Accident,MakeModel,"Antilock,RuggedAuto",0.9543006028640616
Accident,MakeModel,"Antilock,RuggedAuto",0.9543006028640616
Accident,MakeModel,"Antilock,RuggedAuto",0.9543006028640616
Accident,MakeModel,"Antilock,RuggedAuto",0.9543006028640616
Accident,MakeModel,"Antilock,RuggedAuto",0.9543006028640616
Accident,MakeModel,"Antilock,RuggedAuto",0.9543006028640616
Accident,MakeModel,"Antilock,RuggedAuto",0.9543006028640616
Accident,MakeModel,"Antilock,RuggedAuto",0.9543006028640616
Accident,MakeModel,"Antilock,RuggedAuto",0.9543006028640616
Accident,MakeModel,"Antilock,RuggedAuto",0.9543006028640616
Accident,MakeModel,"Antilock,RuggedAuto",0.9543006028640616
Accident,MakeModel,"Antilock,RuggedAuto",0.9543006028640616
Accident,MakeModel,"Antilock,RuggedAuto",0.9543006028640616
Accident,MakeModel,"Antilock,RuggedAuto",0.9543006028640616
Accident,MakeModel,"Antilock,RuggedAuto",0.9543006028640616
Accident,MakeModel,"Antilock,RuggedAuto",0.9543006028640616
Accident,MakeModel,"Antilock,RuggedAuto",0.9543006028640616
Accident,MakeModel,"Antilock,RuggedAuto",0.9543006028640616
Accident,MakeModel,"Antilock,RuggedAuto",0.9543006028640616
Accident,MakeModel,"Antilock,RuggedAuto",0.9543006028640616
Accident,MakeModel,"Antilock,RuggedAuto",0.9543006028640616
Accident,MakeModel,"Antilock,RuggedAuto",0.9543006028640616
Accident,DrivQuality,"Antilock,ThisCarDam",8.79377412462206e-05
Accident,DrivQuality,"Antilock,ThisCarDam",8.79377412462206e-05
Accident,DrivQuality,"Antilock,ThisCarDam",8.79377412462206e-05
Accident,DrivQuality,"Antilock,ThisCarDam",8.79377412462206e-05
Accident,DrivQuality,"Antilock,ThisCarDam",8.79377412462206e-05
Accident,DrivQuality,"Antilock,ThisCarDam",8.79377412462206e-05
Accident,DrivQuality,"Antilock,ThisCarDam",8.79377412462206e-05
Accident,DrivQuality,"Antilock,ThisCarDam",8.79377412462206e-05
Accident,DrivQuality,"Antilock,ThisCarDam",8.79377412462206e-05
Accident,DrivQuality,"Antilock,ThisCarDam",8.79377412462206e-05
Accident,DrivQuality,"Antilock,ThisCarDam",8.79377412462206e-05
Accident,DrivQuality,"Antilock,ThisCarDam",8.79377412462206e-05
Accident,DrivQuality,"Antilock,ThisCarDam",8.79377412462206e-05
Accident,DrivQuality,"Antilock,ThisCarDam",8.79377412462206e-05
Accident,DrivQuality,"Antilock,ThisCarDam",8.79377412462206e-05
Accident,DrivQuality,"Antilock,ThisCarDam",8.79377412462206e-05
Accident,DrivQuality,"Antilock,ThisCarDam",8.79377412462206e-05
Accident,DrivQuality,"Antilock,ThisCarDam",8.79377412462206e-05
Accident,DrivQuality,"Antilock,ThisCarDam",8.79377412462206e-05
Accident,DrivQuality,"Antilock,ThisCarDam",8.79377412462206e-05
Accident,DrivQuality,"Antilock,ThisCarDam",8.79377412462206e-05
Accident,DrivQuality,"Antilock,ThisCarDam",8.79377412462206e-05
Accident,DrivQuality,"Antilock,ThisCarDam",8.79377412462206e-05
Accident,DrivQuality,"Antilock,ThisCarDam",8.79377412462206e-05
Accident,DrivQuality,"Antilock,ThisCarDam",8.79377412462206e-05
Accident,DrivQuality,"Antilock,ThisCarDam",8.79377412462206e-05
Accident,DrivQuality,"Antilock,ThisCarDam",8.79377412462206e-05
Accident,DrivQuality,"Antilock,ThisCarDam",8.79377412462206e-05
Accident,DrivQuality,"Antilock,ThisCarDam",8.79377412462206e-05
Accident,DrivQuality,"Antilock,ThisCarDam",8.79377412462206e-05
Accident,DrivQuality,"Antilock,ThisCarDam",8.79377412462206e-05
Accident,DrivQuality,"Antilock,ThisCarDam",8.79377412462206e-05
Accident,DrivQuality,"Antilock,ThisCarDam",8.79377412462206e-05
Accident,DrivQuality,"Antilock,ThisCarDam",8.79377412462206e-05
Accident,DrivQuality,"Antilock,ThisCarDam",8.79377412462206e-05
Accident,DrivQuality,"Antilock,ThisCarDam",8.79377412462206e-05
Accident,Mileage,"OtherCarCost,ThisCarDam",0.06396300937639206
Accident,Mileage,"OtherCarCost,ThisCarDam",0.06396300937639206
Accident,Mileage,"OtherCarCost,ThisCarDam",0.06396300937639206
Accident,Mileage,"OtherCarCost,ThisCarDam",0.06396300937639206
Accident,Mileage,"OtherCarCost,ThisCarDam",0.06396300937639206
Accident,Mileage,"OtherCarCost,ThisCarDam",0.06396300937639206
Accident,Mileage,"OtherCarCost,ThisCarDam",0.06396300937639206
Accident,Mileage,"OtherCarCost,ThisCarDam",0.06396300937639206
Accident,Antilock,"Mileage,ThisCarDam",0.002755776620830077
Accident,Antilock,"Mileage,ThisCarDam",0.002755776620830077
Accident,Antilock,"Mileage,ThisCarDam",0.002755776620830077
Accident,Antilock,"Mileage,ThisCarDam",0.002755776620830077
Accident,Antilock,"Mileage,ThisCarDam",0.002755776620830077
Accident,Antilock,"Mileage,ThisCarDam",0.002755776620830077
Accident,Antilock,"Mileage,ThisCarDam",0.002755776620830077
Accident,Antilock,"Mileage,ThisCarDam",0.002755776620830077
Accident,Antilock,"Mileage,ThisCarDam",0.002755776620830077
Accident,Antilock,"Mileage,ThisCarDam",0.002755776620830077
Accident,Antilock,"Mileage,ThisCarDam",0.002755776620830077
Accident,Antilock,"Mileage,ThisCarDam",0.002755776620830077
Accident,Antilock,"Mileage,ThisCarDam",0.002755776620830077
Accident,Antilock,"Mileage,ThisCarDam",0.002755776620830077
Accident,Antilock,"Mileage,ThisCarDam",0.002755776620830077
Accident,Antilock,"Mileage,ThisCarDam",0.002755776620830077
Accident,Antilock,"Mileage,ThisCarDam",0.002755776620830077
Accident,Antilock,"Mileage,ThisCarDam",0.002755776620830077
Accident,Antilock,"Mileage,ThisCarDam",0.002755776620830077
Accident,Antilock,"Mileage,ThisCarDam",0.002755776620830077
Accident,Antilock,"Mileage,ThisCarDam",0.002755776620830077
Accident,Antilock,"Mileage,ThisCarDam",0.002755776620830077
Accident,Antilock,"Mileage,ThisCarDam",0.002755776620830077
Accident,Antilock,"Mileage,ThisCarDam",0.002755776620830077
Accident,Antilock,"Mileage,ThisCarDam",0.002755776620830077
Accident,Antilock,"Mileage,ThisCarDam",0.002755776620830077
Accident,Antilock,"Mileage,ThisCarDam",0.002755776620830077
Accident,Antilock,"Mileage,ThisCarDam",0.002755776620830077
Accident,Antilock,"Mileage,ThisCarDam",0.002755776620830077
Accident,Antilock,"Mileage,ThisCarDam",0.002755776620830077
Accident,Antilock,"Mileage,ThisCarDam",0.002755776620830077
Accident,Antilock,"Mileage,ThisCarDam",0.002755776620830077
Accident,Antilock,"Mileage,ThisCarDam",0.002755776620830077
Accident,Antilock,"Mileage,ThisCarDam",0.002755776620830077
Accident,Antilock,"Mileage,ThisCarDam",0.002755776620830077
Accident,Antilock,"Mileage,ThisCarDam",0.002755776620830077
Accident,PropCost,"Antilock,ThisCarDam",4.343556917139538e-113
Accident,PropCost,"Antilock,ThisCarDam",4.343556917139538e-113
Accident,PropCost,"Antilock,ThisCarDam",4.343556917139538e-113
Accident,PropCost,"Antilock,ThisCarDam",4.343556917139538e-113
Accident,PropCost,"Antilock,ThisCarDam",4.343556917139538e-113
Accident,PropCost,"Antilock,ThisCarDam",4.343556917139538e-113
Accident,PropCost,"Antilock,ThisCarDam",4.343556917139538e-113
Accident,PropCost,"Antilock,ThisCarDam",4.343556917139538e-113
Accident,PropCost,"Antilock,ThisCarDam",4.343556917139538e-113
Accident,PropCost,"Antilock,ThisCarDam",4.343556917139538e-113
Accident,PropCost,"Antilock,ThisCarDam",4.343556917139538e-113
Accident,PropCost,"Antilock,ThisCarDam",4.343556917139538e-113
Accident,PropCost,"Antilock,ThisCarDam",4.343556917139538e-113
Accident,PropCost,"Antilock,ThisCarDam",4.343556917139538e-113
Accident,PropCost,"Antilock,ThisCarDam",4.343556917139538e-113
Accident,PropCost,"Antilock,ThisCarDam",4.343556917139538e-113
Accident,PropCost,"Antilock,ThisCarDam",4.343556917139538e-113
Accident,PropCost,"Antilock,ThisCarDam",4.343556917139538e-113
Accident,PropCost,"Antilock,ThisCarDam",4.343556917139538e-113
Accident,PropCost,"Antilock,ThisCarDam",4.343556917139538e-113
Accident,PropCost,"Antilock,ThisCarDam",4.343556917139538e-113
Accident,PropCost,"Antilock,ThisCarDam",4.343556917139538e-113
Accident,PropCost,"Antilock,ThisCarDam",4.343556917139538e-113
Accident,PropCost,"Antilock,ThisCarDam",4.343556917139538e-113
Accident,PropCost,"Antilock,ThisCarDam",4.343556917139538e-113
Accident,PropCost,"Antilock,ThisCarDam",4.343556917139538e-113
Accident,PropCost,"Antilock,ThisCarDam",4.343556917139538e-113
Accident,PropCost,"Antilock,ThisCarDam",4.343556917139538e-113
Accident,PropCost,"Antilock,ThisCarDam",4.343556917139538e-113
Accident,PropCost,"Antilock,ThisCarDam",4.343556917139538e-113
Accident,PropCost,"Antilock,ThisCarDam",4.343556917139538e-113
Accident,PropCost,"Antilock,ThisCarDam",4.343556917139538e-113
Accident,PropCost,"Antilock,ThisCarDam",4.343556917139538e-113
Accident,PropCost,"Antilock,ThisCarDam",4.343556917139538e-113
Accident,PropCost,"Antilock,ThisCarDam",4.343556917139538e-113
Accident,PropCost,"Antilock,ThisCarDam",4.343556917139538e-113
Accident,OtherCarCost,"Antilock,ThisCarDam",9.499258580694134e-263
Accident,OtherCarCost,"Antilock,ThisCarDam",9.499258580694134e-263
Accident,OtherCarCost,"Antilock,ThisCarDam",9.499258580694134e-263
Accident,OtherCarCost,"Antilock,ThisCarDam",9.499258580694134e-263
Accident,OtherCarCost,"Antilock,ThisCarDam",9.499258580694134e-263
Accident,OtherCarCost,"Antilock,ThisCarDam",9.499258580694134e-263
Accident,OtherCarCost,"Antilock,ThisCarDam",9.499258580694134e-263
Accident,OtherCarCost,"Antilock,ThisCarDam",9.499258580694134e-263
Accident,OtherCarCost,"Antilock,ThisCarDam",9.499258580694134e-263
Accident,OtherCarCost,"Antilock,ThisCarDam",9.499258580694134e-263
Accident,OtherCarCost,"Antilock,ThisCarDam",9.499258580694134e-263
Accident,OtherCarCost,"Antilock,ThisCarDam",9.499258580694134e-263
Accident,OtherCarCost,"Antilock,ThisCarDam",9.499258580694134e-263
Accident,OtherCarCost,"Antilock,ThisCarDam",9.499258580694134e-263
Accident,OtherCarCost,"Antilock,ThisCarDam",9.499258580694134e-263
Accident,OtherCarCost,"Antilock,ThisCarDam",9.499258580694134e-263
Accident,OtherCarCost,"Antilock,ThisCarDam",9.499258580694134e-263
Accident,OtherCarCost,"Antilock,ThisCarDam",9.499258580694134e-263
Accident,OtherCarCost,"Antilock,ThisCarDam",9.499258580694134e-263
Accident,OtherCarCost,"Antilock,ThisCarDam",9.499258580694134e-263
Accident,OtherCarCost,"Antilock,ThisCarDam",9.499258580694134e-263
Accident,OtherCarCost,"Antilock,ThisCarDam",9.499258580694134e-263
Accident,OtherCarCost,"Antilock,ThisCarDam",9.499258580694134e-263
Accident,OtherCarCost,"Antilock,ThisCarDam",9.499258580694134e-263
Accident,OtherCarCost,"Antilock,ThisCarDam",9.499258580694134e-263
Accident,OtherCarCost,"Antilock,ThisCarDam",9.499258580694134e-263
Accident,OtherCarCost,"Antilock,ThisCarDam",9.499258580694134e-263
Accident,OtherCarCost,"Antilock,ThisCarDam",9.499258580694134e-263
Accident,OtherCarCost,"Antilock,ThisCarDam",9.499258580694134e-263
Accident,OtherCarCost,"Antilock,ThisCarDam",9.499258580694134e-263
Accident,OtherCarCost,"Antilock,ThisCarDam",9.499258580694134e-263
Accident,OtherCarCost,"Antilock,ThisCarDam",9.499258580694134e-263
Accident,OtherCarCost,"Antilock,ThisCarDam",9.499258580694134e-263
Accident,OtherCarCost,"Antilock,ThisCarDam",9.499258580694134e-263
Accident,OtherCarCost,"Antilock,ThisCarDam",9.499258580694134e-263
Accident,OtherCarCost,"Antilock,ThisCarDam",9.499258580694134e-263
Accident,MedCost,"Antilock,ThisCarDam",1.6484510226203395e-08
Accident,MedCost,"Antilock,ThisCarDam",1.6484510226203395e-08
Accident,MedCost,"Antilock,ThisCarDam",1.6484510226203395e-08
Accident,MedCost,"Antilock,ThisCarDam",1.6484510226203395e-08
Accident,MedCost,"Antilock,ThisCarDam",1.6484510226203395e-08
Accident,MedCost,"Antilock,ThisCarDam",1.6484510226203395e-08
Accident,MedCost,"Antilock,ThisCarDam",1.6484510226203395e-08
Accident,MedCost,"Antilock,ThisCarDam",1.6484510226203395e-08
Accident,MedCost,"Antilock,ThisCarDam",1.6484510226203395e-08
Accident,MedCost,"Antilock,ThisCarDam",1.6484510226203395e-08
Accident,MedCost,"Antilock,ThisCarDam",1.6484510226203395e-08
Accident,MedCost,"Antilock,ThisCarDam",1.6484510226203395e-08
Accident,MedCost,"Antilock,ThisCarDam",1.6484510226203395e-08
Accident,MedCost,"Antilock,ThisCarDam",1.6484510226203395e-08
Accident,MedCost,"Antilock,ThisCarDam",1.6484510226203395e-08
Accident,MedCost,"Antilock,ThisCarDam",1.6484510226203395e-08
Accident,MedCost,"Antilock,ThisCarDam",1.6484510226203395e-08
Accident,MedCost,"Antilock,ThisCarDam",1.6484510226203395e-08
Accident,MedCost,"Antilock,ThisCarDam",1.6484510226203395e-08
Accident,MedCost,"Antilock,ThisCarDam",1.6484510226203395e-08
Accident,MedCost,"Antilock,ThisCarDam",1.6484510226203395e-08
Accident,MedCost,"Antilock,ThisCarDam",1.6484510226203395e-08
Accident,MedCost,"Antilock,ThisCarDam",1.6484510226203395e-08
Accident,MedCost,"Antilock,ThisCarDam",1.6484510226203395e-08
Accident,MedCost,"Antilock,ThisCarDam",1.6484510226203395e-08
Accident,MedCost,"Antilock,ThisCarDam",1.6484510226203395e-08
Accident,MedCost,"Antilock,ThisCarDam",1.6484510226203395e-08
Accident,MedCost,"Antilock,ThisCarDam",1.6484510226203395e-08
Accident,MedCost,"Antilock,ThisCarDam",1.6484510226203395e-08
Accident,MedCost,"Antilock,ThisCarDam",1.6484510226203395e-08
Accident,MedCost,"Antilock,ThisCarDam",1.6484510226203395e-08
Accident,MedCost,"Antilock,ThisCarDam",1.6484510226203395e-08
Accident,MedCost,"Antilock,ThisCarDam",1.6484510226203395e-08
Accident,MedCost,"Antilock,ThisCarDam",1.6484510226203395e-08
Accident,MedCost,"Antilock,ThisCarDam",1.6484510226203395e-08
Accident,MedCost,"Antilock,ThisCarDam",1.6484510226203395e-08
Accident,ILiCost,"Antilock,ThisCarDam",3.246340782126968e-20
Accident,ILiCost,"Antilock,ThisCarDam",3.246340782126968e-20
Accident,ILiCost,"Antilock,ThisCarDam",3.246340782126968e-20
Accident,ILiCost,"Antilock,ThisCarDam",3.246340782126968e-20
Accident,ILiCost,"Antilock,ThisCarDam",3.246340782126968e-20
Accident,ILiCost,"Antilock,ThisCarDam",3.246340782126968e-20
Accident,ILiCost,"Antilock,ThisCarDam",3.246340782126968e-20
Accident,ILiCost,"Antilock,ThisCarDam",3.246340782126968e-20
Accident,ILiCost,"Antilock,ThisCarDam",3.246340782126968e-20
Accident,ILiCost,"Antilock,ThisCarDam",3.246340782126968e-20
Accident,ILiCost,"Antilock,ThisCarDam",3.246340782126968e-20
Accident,ILiCost,"Antilock,ThisCarDam",3.246340782126968e-20
Accident,ILiCost,"Antilock,ThisCarDam",3.246340782126968e-20
Accident,ILiCost,"Antilock,ThisCarDam",3.246340782126968e-20
Accident,ILiCost,"Antilock,ThisCarDam",3.246340782126968e-20
Accident,ILiCost,"Antilock,ThisCarDam",3.246340782126968e-20
Accident,ILiCost,"Antilock,ThisCarDam",3.246340782126968e-20
Accident,ILiCost,"Antilock,ThisCarDam",3.246340782126968e-20
Accident,ILiCost,"Antilock,ThisCarDam",3.246340782126968e-20
Accident,ILiCost,"Antilock,ThisCarDam",3.246340782126968e-20
Accident,ILiCost,"Antilock,ThisCarDam",3.246340782126968e-20
Accident,ILiCost,"Antilock,ThisCarDam",3.246340782126968e-20
Accident,ILiCost,"Antilock,ThisCarDam",3.246340782126968e-20
Accident,ILiCost,"Antilock,ThisCarDam",3.246340782126968e-20
Accident,ILiCost,"Antilock,ThisCarDam",3.246340782126968e-20
Accident,ILiCost,"Antilock,ThisCarDam",3.246340782126968e-20
Accident,ILiCost,"Antilock,ThisCarDam",3.246340782126968e-20
Accident,ILiCost,"Antilock,ThisCarDam",3.246340782126968e-20
Accident,ILiCost,"Antilock,ThisCarDam",3.246340782126968e-20
Accident,ILiCost,"Antilock,ThisCarDam",3.246340782126968e-20
Accident,ILiCost,"Antilock,ThisCarDam",3.246340782126968e-20
Accident,ILiCost,"Antilock,ThisCarDam",3.246340782126968e-20
Accident,ILiCost,"Antilock,ThisCarDam",3.246340782126968e-20
Accident,ILiCost,"Antilock,ThisCarDam",3.246340782126968e-20
Accident,ILiCost,"Antilock,ThisCarDam",3.246340782126968e-20
Accident,ILiCost,"Antilock,ThisCarDam",3.246340782126968e-20
MakeModel,Antilock,"SocioEcon,ThisCarCost",2.196176077134731e-91
MakeModel,Antilock,"SocioEcon,ThisCarCost",2.196176077134731e-91
MakeModel,Antilock,"SocioEcon,ThisCarCost",2.196176077134731e-91
MakeModel,Antilock,"SocioEcon,ThisCarCost",2.196176077134731e-91
MakeModel,Antilock,"SocioEcon,ThisCarCost",2.196176077134731e-91
MakeModel,Antilock,"SocioEcon,ThisCarCost",2.196176077134731e-91
MakeModel,Antilock,"SocioEcon,ThisCarCost",2.196176077134731e-91
MakeModel,Antilock,"SocioEcon,ThisCarCost",2.196176077134731e-91
MakeModel,Antilock,"SocioEcon,ThisCarCost",2.196176077134731e-91
MakeModel,Antilock,"SocioEcon,ThisCarCost",2.196176077134731e-91
MakeModel,Antilock,"SocioEcon,ThisCarCost",2.196176077134731e-91
MakeModel,Antilock,"SocioEcon,ThisCarCost",2.196176077134731e-91
MakeModel,Antilock,"SocioEcon,ThisCarCost",2.196176077134731e-91
MakeModel,Antilock,"SocioEcon,ThisCarCost",2.196176077134731e-91
MakeModel,Antilock,"SocioEcon,ThisCarCost",2.196176077134731e-91
MakeModel,Antilock,"SocioEcon,ThisCarCost",2.196176077134731e-91
MakeModel,Antilock,"SocioEcon,ThisCarCost",2.196176077134731e-91
MakeModel,Antilock,"SocioEcon,ThisCarCost",2.196176077134731e-91
MakeModel,Antilock,"SocioEcon,ThisCarCost",2.196176077134731e-91
MakeModel,Antilock,"SocioEcon,ThisCarCost",2.196176077134731e-91
MakeModel,Antilock,"SocioEcon,ThisCarCost",2.196176077134731e-91
MakeModel,Antilock,"SocioEcon,ThisCarCost",2.196176077134731e-91
MakeModel,Antilock,"SocioEcon,ThisCarCost",2.196176077134731e-91
MakeModel,Antilock,"SocioEcon,ThisCarCost",2.196176077134731e-91
MakeModel,Antilock,"SocioEcon,ThisCarCost",2.196176077134731e-91
MakeModel,Antilock,"SocioEcon,ThisCarCost",2.196176077134731e-91
MakeModel,Antilock,"SocioEcon,ThisCarCost",2.196176077134731e-91
MakeModel,Antilock,"SocioEcon,ThisCarCost",2.196176077134731e-91
MakeModel,Antilock,"SocioEcon,ThisCarCost",2.196176077134731e-91
MakeModel,Antilock,"SocioEcon,ThisCarCost",2.196176077134731e-91
MakeModel,Antilock,"SocioEcon,ThisCarCost",2.196176077134731e-91
MakeModel,Antilock,"SocioEcon,ThisCarCost",2.196176077134731e-91
MakeModel,Antilock,"SocioEcon,ThisCarCost",2.196176077134731e-91
MakeModel,Antilock,"SocioEcon,ThisCarCost",2.196176077134731e-91
MakeModel,Antilock,"SocioEcon,ThisCarCost",2.196176077134731e-91
MakeModel,Antilock,"SocioEcon,ThisCarCost",2.196176077134731e-91
MakeModel,Antilock,"SocioEcon,ThisCarCost",2.196176077134731e-91
MakeModel,Antilock,"SocioEcon,ThisCarCost",2.196176077134731e-91
MakeModel,Antilock,"SocioEcon,ThisCarCost",2.196176077134731e-91
MakeModel,Antilock,"SocioEcon,ThisCarCost",2.196176077134731e-91
MakeModel,Antilock,"SocioEcon,ThisCarCost",2.196176077134731e-91
MakeModel,Antilock,"SocioEcon,ThisCarCost",2.196176077134731e-91
MakeModel,Antilock,"SocioEcon,ThisCarCost",2.196176077134731e-91
MakeModel,Antilock,"SocioEcon,ThisCarCost",2.196176077134731e-91
MakeModel,Antilock,"SocioEcon,ThisCarCost",2.196176077134731e-91
MakeModel,Antilock,"SocioEcon,ThisCarCost",2.196176077134731e-91
MakeModel,Antilock,"SocioEcon,ThisCarCost",2.196176077134731e-91
MakeModel,Antilock,"SocioEcon,ThisCarCost",2.196176077134731e-91
MakeModel,Antilock,"SocioEcon,ThisCarCost",2.196176077134731e-91
MakeModel,Antilock,"SocioEcon,ThisCarCost",2.196176077134731e-91
MakeModel,Antilock,"SocioEcon,ThisCarCost",2.196176077134731e-91
MakeModel,Antilock,"SocioEcon,ThisCarCost",2.196176077134731e-91
MakeModel,Antilock,"SocioEcon,ThisCarCost",2.196176077134731e-91
MakeModel,Antilock,"SocioEcon,ThisCarCost",2.196176077134731e-91
MakeModel,Antilock,"SocioEcon,ThisCarCost",2.196176077134731e-91
MakeModel,ThisCarCost,"Antilock,SocioEcon",3.3782542639141534e-56
MakeModel,ThisCarCost,"Antilock,SocioEcon",3.3782542639141534e-56
MakeModel,ThisCarCost,"Antilock,SocioEcon",3.3782542639141534e-56
MakeModel,ThisCarCost,"Antilock,SocioEcon",3.3782542639141534e-56
MakeModel,ThisCarCost,"Antilock,SocioEcon",3.3782542639141534e-56
MakeModel,ThisCarCost,"Antilock,SocioEcon",3.3782542639141534e-56
MakeModel,ThisCarCost,"Antilock,SocioEcon",3.3782542639141534e-56
MakeModel,ThisCarCost,"Antilock,SocioEcon",3.3782542639141534e-56
MakeModel,ThisCarCost,"Antilock,SocioEcon",3.3782542639141534e-56
MakeModel,ThisCarCost,"Antilock,SocioEcon",3.3782542639141534e-56
MakeModel,ThisCarCost,"Antilock,SocioEcon",3.3782542639141534e-56
MakeModel,ThisCarCost,"Antilock,SocioEcon",3.3782542639141534e-56
MakeModel,ThisCarCost,"Antilock,SocioEcon",3.3782542639141534e-56
MakeModel,ThisCarCost,"Antilock,SocioEcon",3.3782542639141534e-56
MakeModel,ThisCarCost,"Antilock,SocioEcon",3.3782542639141534e-56
MakeModel,ThisCarCost,"Antilock,SocioEcon",3.3782542639141534e-56
MakeModel,ThisCarCost,"Antilock,SocioEcon",3.3782542639141534e-56
MakeModel,ThisCarCost,"Antilock,SocioEcon",3.3782542639141534e-56
MakeModel,ThisCarCost,"Antilock,SocioEcon",3.3782542639141534e-56
MakeModel,ThisCarCost,"Antilock,SocioEcon",3.3782542639141534e-56
MakeModel,ThisCarCost,"Antilock,SocioEcon",3.3782542639141534e-56
MakeModel,ThisCarCost,"Antilock,SocioEcon",3.3782542639141534e-56
MakeModel,ThisCarCost,"Antilock,SocioEcon",3.3782542639141534e-56
MakeModel,ThisCarCost,"Antilock,SocioEcon",3.3782542639141534e-56
MakeModel,ThisCarCost,"Antilock,SocioEcon",3.3782542639141534e-56
MakeModel,ThisCarCost,"Antilock,SocioEcon",3.3782542639141534e-56
MakeModel,ThisCarCost,"Antilock,SocioEcon",3.3782542639141534e-56
MakeModel,ThisCarCost,"Antilock,SocioEcon",3.3782542639141534e-56
MakeModel,ThisCarCost,"Antilock,SocioEcon",3.3782542639141534e-56
MakeModel,ThisCarCost,"Antilock,SocioEcon",3.3782542639141534e-56
MakeModel,ThisCarCost,"Antilock,SocioEcon",3.3782542639141534e-56
MakeModel,ThisCarCost,"Antilock,SocioEcon",3.3782542639141534e-56
MakeModel,ThisCarCost,"Antilock,SocioEcon",3.3782542639141534e-56
MakeModel,ThisCarCost,"Antilock,SocioEcon",3.3782542639141534e-56
MakeModel,ThisCarCost,"Antilock,SocioEcon",3.3782542639141534e-56
MakeModel,ThisCarCost,"Antilock,SocioEcon",3.3782542639141534e-56
MakeModel,ThisCarCost,"Antilock,SocioEcon",3.3782542639141534e-56
MakeModel,ThisCarCost,"Antilock,SocioEcon",3.3782542639141534e-56
MakeModel,ThisCarCost,"Antilock,SocioEcon",3.3782542639141534e-56
MakeModel,ThisCarCost,"Antilock,SocioEcon",3.3782542639141534e-56
MakeModel,ThisCarCost,"Antilock,SocioEcon",3.3782542639141534e-56
MakeModel,ThisCarCost,"Antilock,SocioEcon",3.3782542639141534e-56
MakeModel,ThisCarCost,"Antilock,SocioEcon",3.3782542639141534e-56
MakeModel,ThisCarCost,"Antilock,SocioEcon",3.3782542639141534e-56
MakeModel,ThisCarCost,"Antilock,SocioEcon",3.3782542639141534e-56
MakeModel,ThisCarCost,"Antilock,SocioEcon",3.3782542639141534e-56
MakeModel,ThisCarCost,"Antilock,SocioEcon",3.3782542639141534e-56
MakeModel,ThisCarCost,"Antilock,SocioEcon",3.3782542639141534e-56
MakeModel,ThisCarCost,"Antilock,SocioEcon",3.3782542639141534e-56
MakeModel,ThisCarCost,"Antilock,SocioEcon",3.3782542639141534e-56
MakeModel,ThisCarCost,"Antilock,SocioEcon",3.3782542639141534e-56
MakeModel,ThisCarCost,"Antilock,SocioEcon",3.3782542639141534e-56
MakeModel,ThisCarCost,"Antilock,SocioEcon",3.3782542639141534e-56
MakeModel,ThisCarCost,"Antilock,SocioEcon",3.3782542639141534e-56
MakeModel,ThisCarCost,"Antilock,SocioEcon",3.3782542639141534e-56
MakeModel,Theft,"OtherCarCost,PropCost",0.09966850736724202
MakeModel,CarValue,"SocioEcon,ThisCarCost",1.305215562127888e-180
MakeModel,CarValue,"SocioEcon,ThisCarCost",1.305215562127888e-180
MakeModel,CarValue,"SocioEcon,ThisCarCost",1.305215562127888e-180
MakeModel,CarValue,"SocioEcon,ThisCarCost",1.305215562127888e-180
MakeModel,CarValue,"SocioEcon,ThisCarCost",1.305215562127888e-180
MakeModel,CarValue,"SocioEcon,ThisCarCost",1.305215562127888e-180
MakeModel,CarValue,"SocioEcon,ThisCarCost",1.305215562127888e-180
MakeModel,CarValue,"SocioEcon,ThisCarCost",1.305215562127888e-180
MakeModel,CarValue,"SocioEcon,ThisCarCost",1.305215562127888e-180
MakeModel,CarValue,"SocioEcon,ThisCarCost",1.305215562127888e-180
MakeModel,CarValue,"SocioEcon,ThisCarCost",1.305215562127888e-180
MakeModel,CarValue,"SocioEcon,ThisCarCost",1.305215562127888e-180
MakeModel,CarValue,"SocioEcon,ThisCarCost",1.305215562127888e-180
MakeModel,CarValue,"SocioEcon,ThisCarCost",1.305215562127888e-180
MakeModel,CarValue,"SocioEcon,ThisCarCost",1.305215562127888e-180
MakeModel,CarValue,"SocioEcon,ThisCarCost",1.305215562127888e-180
MakeModel,CarValue,"SocioEcon,ThisCarCost",1.305215562127888e-180
MakeModel,CarValue,"SocioEcon,ThisCarCost",1.305215562127888e-180
MakeModel,CarValue,"SocioEcon,ThisCarCost",1.305215562127888e-180
MakeModel,CarValue,"SocioEcon,ThisCarCost",1.305215562127888e-180
MakeModel,CarValue,"SocioEcon,ThisCarCost",1.305215562127888e-180
MakeModel,CarValue,"SocioEcon,ThisCarCost",1.305215562127888e-180
MakeModel,CarValue,"SocioEcon,ThisCarCost",1.305215562127888e-180
MakeModel,CarValue,"SocioEcon,ThisCarCost",1.305215562127888e-180
MakeModel,CarValue,"SocioEcon,ThisCarCost",1.305215562127888e-180
MakeModel,CarValue,"SocioEcon,ThisCarCost",1.305215562127888e-180
MakeModel,CarValue,"SocioEcon,ThisCarCost",1.305215562127888e-180
MakeModel,CarValue,"SocioEcon,ThisCarCost",1.305215562127888e-180
MakeModel,CarValue,"SocioEcon,ThisCarCost",1.305215562127888e-180
MakeModel,CarValue,"SocioEcon,ThisCarCost",1.305215562127888e-180
MakeModel,CarValue,"SocioEcon,ThisCarCost",1.305215562127888e-180
MakeModel,CarValue,"SocioEcon,ThisCarCost",1.305215562127888e-180
MakeModel,CarValue,"SocioEcon,ThisCarCost",1.305215562127888e-180
MakeModel,CarValue,"SocioEcon,ThisCarCost",1.305215562127888e-180
MakeModel,CarValue,"SocioEcon,ThisCarCost",1.305215562127888e-180
MakeModel,CarValue,"SocioEcon,ThisCarCost",1.305215562127888e-180
MakeModel,CarValue,"SocioEcon,ThisCarCost",1.305215562127888e-180
MakeModel,CarValue,"SocioEcon,ThisCarCost",1.305215562127888e-180
MakeModel,CarValue,"SocioEcon,ThisCarCost",1.305215562127888e-180
MakeModel,CarValue,"SocioEcon,ThisCarCost",1.305215562127888e-180
MakeModel,CarValue,"SocioEcon,ThisCarCost",1.305215562127888e-180
MakeModel,CarValue,"SocioEcon,ThisCarCost",1.305215562127888e-180
MakeModel,CarValue,"SocioEcon,ThisCarCost",1.305215562127888e-180
MakeModel,CarValue,"SocioEcon,ThisCarCost",1.305215562127888e-180
MakeModel,CarValue,"SocioEcon,ThisCarCost",1.305215562127888e-180
MakeModel,CarValue,"SocioEcon,ThisCarCost",1.305215562127888e-180
MakeModel,CarValue,"SocioEcon,ThisCarCost",1.305215562127888e-180
MakeModel,CarValue,"SocioEcon,ThisCarCost",1.305215562127888e-180
MakeModel,CarValue,"SocioEcon,ThisCarCost",1.305215562127888e-180
MakeModel,CarValue,"SocioEcon,ThisCarCost",1.305215562127888e-180
MakeModel,CarValue,"SocioEcon,ThisCarCost",1.305215562127888e-180
MakeModel,CarValue,"SocioEcon,ThisCarCost",1.305215562127888e-180
MakeModel,CarValue,"SocioEcon,ThisCarCost",1.305215562127888e-180
MakeModel,CarValue,"SocioEcon,ThisCarCost",1.305215562127888e-180
MakeModel,CarValue,"SocioEcon,ThisCarCost",1.305215562127888e-180
MakeModel,PropCost,"CarValue,Theft",0.9795914399243618
MakeModel,PropCost,"CarValue,Theft",0.9795914399243618
MakeModel,PropCost,"CarValue,Theft",0.9795914399243618
MakeModel,PropCost,"CarValue,Theft",0.9795914399243618
MakeModel,PropCost,"CarValue,Theft",0.9795914399243618
MakeModel,PropCost,"CarValue,Theft",0.9795914399243618
MakeModel,PropCost,"CarValue,Theft",0.9795914399243618
MakeModel,PropCost,"CarValue,Theft",0.9795914399243618
MakeModel,PropCost,"CarValue,Theft",0.9795914399243618
MakeModel,PropCost,"CarValue,Theft",0.9795914399243618
MakeModel,PropCost,"CarValue,Theft",0.9795914399243618
MakeModel,PropCost,"CarValue,Theft",0.9795914399243618
MakeModel,OtherCarCost,"RuggedAuto,Theft",0.11235746168935183
MakeModel,OtherCarCost,"RuggedAuto,Theft",0.11235746168935183
MakeModel,OtherCarCost,"RuggedAuto,Theft",0.11235746168935183
MakeModel,OtherCarCost,"RuggedAuto,Theft",0.11235746168935183
MakeModel,OtherCarCost,"RuggedAuto,Theft",0.11235746168935183
MakeModel,OtherCarCost,"RuggedAuto,Theft",0.11235746168935183
MakeModel,OtherCarCost,"RuggedAuto,Theft",0.11235746168935183
MakeModel,OtherCarCost,"RuggedAuto,Theft",0.11235746168935183
MakeModel,OtherCarCost,"RuggedAuto,Theft",0.11235746168935183
MakeModel,OtherCarCost,"RuggedAuto,Theft",0.11235746168935183
MakeModel,OtherCarCost,"RuggedAuto,Theft",0.11235746168935183
MakeModel,OtherCarCost,"RuggedAuto,Theft",0.11235746168935183
MakeModel,OtherCarCost,"RuggedAuto,Theft",0.11235746168935183
MakeModel,OtherCarCost,"RuggedAuto,Theft",0.11235746168935183
MakeModel,OtherCarCost,"RuggedAuto,Theft",0.11235746168935183
MakeModel,OtherCarCost,"RuggedAuto,Theft",0.11235746168935183
MakeModel,MedCost,"Cushioning,PropCost",0.10006075536808998
MakeModel,MedCost,"Cushioning,PropCost",0.10006075536808998
MakeModel,MedCost,"Cushioning,PropCost",0.10006075536808998
MakeModel,MedCost,"Cushioning,PropCost",0.10006075536808998
MakeModel,MedCost,"Cushioning,PropCost",0.10006075536808998
MakeModel,MedCost,"Cushioning,PropCost",0.10006075536808998
MakeModel,MedCost,"Cushioning,PropCost",0.10006075536808998
MakeModel,MedCost,"Cushioning,PropCost",0.10006075536808998
MakeModel,MedCost,"Cushioning,PropCost",0.10006075536808998
MakeModel,MedCost,"Cushioning,PropCost",0.10006075536808998
MakeModel,MedCost,"Cushioning,PropCost",0.10006075536808998
MakeModel,MedCost,"Cushioning,PropCost",0.10006075536808998
MakeModel,MedCost,"Cushioning,PropCost",0.10006075536808998
MakeModel,MedCost,"Cushioning,PropCost",0.10006075536808998
MakeModel,MedCost,"Cushioning,PropCost",0.10006075536808998
MakeModel,Cushioning,"SocioEcon,ThisCarCost",2.5945144430973444e-210
MakeModel,Cushioning,"SocioEcon,ThisCarCost",2.5945144430973444e-210
MakeModel,Cushioning,"SocioEcon,ThisCarCost",2.5945144430973444e-210
MakeModel,Cushioning,"SocioEcon,ThisCarCost",2.5945144430973444e-210
MakeModel,Cushioning,"SocioEcon,ThisCarCost",2.5945144430973444e-210
MakeModel,Cushioning,"SocioEcon,ThisCarCost",2.5945144430973444e-210
MakeModel,Cushioning,"SocioEcon,ThisCarCost",2.5945144430973444e-210
MakeModel,Cushioning,"SocioEcon,ThisCarCost",2.5945144430973444e-210
MakeModel,Cushioning,"SocioEcon,ThisCarCost",2.5945144430973444e-210
MakeModel,Cushioning,"SocioEcon,ThisCarCost",2.5945144430973444e-210
MakeModel,Cushioning,"SocioEcon,ThisCarCost",2.5945144430973444e-210
MakeModel,Cushioning,"SocioEcon,ThisCarCost",2.5945144430973444e-210
MakeModel,Cushioning,"SocioEcon,ThisCarCost",2.5945144430973444e-210
MakeModel,Cushioning,"SocioEcon,ThisCarCost",2.5945144430973444e-210
MakeModel,Cushioning,"SocioEcon,ThisCarCost",2.5945144430973444e-210
MakeModel,Cushioning,"SocioEcon,ThisCarCost",2.5945144430973444e-210
MakeModel,Cushioning,"SocioEcon,ThisCarCost",2.5945144430973444e-210
MakeModel,Cushioning,"SocioEcon,ThisCarCost",2.5945144430973444e-210
MakeModel,Cushioning,"SocioEcon,ThisCarCost",2.5945144430973444e-210
MakeModel,Cushioning,"SocioEcon,ThisCarCost",2.5945144430973444e-210
MakeModel,Cushioning,"SocioEcon,ThisCarCost",2.5945144430973444e-210
MakeModel,Cushioning,"SocioEcon,ThisCarCost",2.5945144430973444e-210
MakeModel,Cushioning,"SocioEcon,ThisCarCost",2.5945144430973444e-210
MakeModel,Cushioning,"SocioEcon,ThisCarCost",2.5945144430973444e-210
MakeModel,Cushioning,"SocioEcon,ThisCarCost",2.5945144430973444e-210
MakeModel,Cushioning,"SocioEcon,ThisCarCost",2.5945144430973444e-210
MakeModel,Cushioning,"SocioEcon,ThisCarCost",2.5945144430973444e-210
MakeModel,Cushioning,"SocioEcon,ThisCarCost",2.5945144430973444e-210
MakeModel,Cushioning,"SocioEcon,ThisCarCost",2.5945144430973444e-210
MakeModel,Cushioning,"SocioEcon,ThisCarCost",2.5945144430973444e-210
MakeModel,Cushioning,"SocioEcon,ThisCarCost",2.5945144430973444e-210
MakeModel,Cushioning,"SocioEcon,ThisCarCost",2.5945144430973444e-210
MakeModel,Cushioning,"SocioEcon,ThisCarCost",2.5945144430973444e-210
MakeModel,Cushioning,"SocioEcon,ThisCarCost",2.5945144430973444e-210
MakeModel,Cushioning,"SocioEcon,ThisCarCost",2.5945144430973444e-210
MakeModel,Cushioning,"SocioEcon,ThisCarCost",2.5945144430973444e-210
MakeModel,Cushioning,"SocioEcon,ThisCarCost",2.5945144430973444e-210
MakeModel,Cushioning,"SocioEcon,ThisCarCost",2.5945144430973444e-210
MakeModel,Cushioning,"SocioEcon,ThisCarCost",2.5945144430973444e-210
MakeModel,Cushioning,"SocioEcon,ThisCarCost",2.5945144430973444e-210
MakeModel,Cushioning,"SocioEcon,ThisCarCost",2.5945144430973444e-210
MakeModel,Cushioning,"SocioEcon,ThisCarCost",2.5945144430973444e-210
MakeModel,Cushioning,"SocioEcon,ThisCarCost",2.5945144430973444e-210
MakeModel,Cushioning,"SocioEcon,ThisCarCost",2.5945144430973444e-210
MakeModel,Cushioning,"SocioEcon,ThisCarCost",2.5945144430973444e-210
MakeModel,Cushioning,"SocioEcon,ThisCarCost",2.5945144430973444e-210
MakeModel,Cushioning,"SocioEcon,ThisCarCost",2.5945144430973444e-210
MakeModel,Cushioning,"SocioEcon,ThisCarCost",2.5945144430973444e-210
MakeModel,Cushioning,"SocioEcon,ThisCarCost",2.5945144430973444e-210
MakeModel,Cushioning,"SocioEcon,ThisCarCost",2.5945144430973444e-210
MakeModel,Cushioning,"SocioEcon,ThisCarCost",2.5945144430973444e-210
MakeModel,Cushioning,"SocioEcon,ThisCarCost",2.5945144430973444e-210
MakeModel,Cushioning,"SocioEcon,ThisCarCost",2.5945144430973444e-210
MakeModel,Cushioning,"SocioEcon,ThisCarCost",2.5945144430973444e-210
MakeModel,Cushioning,"SocioEcon,ThisCarCost",2.5945144430973444e-210
MakeModel,Airbag,"SocioEcon,ThisCarCost",3.475636956816964e-09
MakeModel,Airbag,"SocioEcon,ThisCarCost",3.475636956816964e-09
MakeModel,Airbag,"SocioEcon,ThisCarCost",3.475636956816964e-09
MakeModel,Airbag,"SocioEcon,ThisCarCost",3.475636956816964e-09
MakeModel,Airbag,"SocioEcon,ThisCarCost",3.475636956816964e-09
MakeModel,Airbag,"SocioEcon,ThisCarCost",3.475636956816964e-09
MakeModel,Airbag,"SocioEcon,ThisCarCost",3.475636956816964e-09
MakeModel,Airbag,"SocioEcon,ThisCarCost",3.475636956816964e-09
MakeModel,Airbag,"SocioEcon,ThisCarCost",3.475636956816964e-09
MakeModel,Airbag,"SocioEcon,ThisCarCost",3.475636956816964e-09
MakeModel,Airbag,"SocioEcon,ThisCarCost",3.475636956816964e-09
MakeModel,Airbag,"SocioEcon,ThisCarCost",3.475636956816964e-09
MakeModel,Airbag,"SocioEcon,ThisCarCost",3.475636956816964e-09
MakeModel,Airbag,"SocioEcon,ThisCarCost",3.475636956816964e-09
MakeModel,Airbag,"SocioEcon,ThisCarCost",3.475636956816964e-09
MakeModel,Airbag,"SocioEcon,ThisCarCost",3.475636956816964e-09
MakeModel,Airbag,"SocioEcon,ThisCarCost",3.475636956816964e-09
MakeModel,Airbag,"SocioEcon,ThisCarCost",3.475636956816964e-09
MakeModel,Airbag,"SocioEcon,ThisCarCost",3.475636956816964e-09
MakeModel,Airbag,"SocioEcon,ThisCarCost",3.475636956816964e-09
MakeModel,Airbag,"SocioEcon,ThisCarCost",3.475636956816964e-09
MakeModel,Airbag,"SocioEcon,ThisCarCost",3.475636956816964e-09
MakeModel,Airbag,"SocioEcon,ThisCarCost",3.475636956816964e-09
MakeModel,Airbag,"SocioEcon,ThisCarCost",3.475636956816964e-09
MakeModel,Airbag,"SocioEcon,ThisCarCost",3.475636956816964e-09
MakeModel,Airbag,"SocioEcon,ThisCarCost",3.475636956816964e-09
MakeModel,Airbag,"SocioEcon,ThisCarCost",3.475636956816964e-09
MakeModel,Airbag,"SocioEcon,ThisCarCost",3.475636956816964e-09
MakeModel,Airbag,"SocioEcon,ThisCarCost",3.475636956816964e-09
MakeModel,Airbag,"SocioEcon,ThisCarCost",3.475636956816964e-09
MakeModel,Airbag,"SocioEcon,ThisCarCost",3.475636956816964e-09
MakeModel,Airbag,"SocioEcon,ThisCarCost",3.475636956816964e-09
MakeModel,Airbag,"SocioEcon,ThisCarCost",3.475636956816964e-09
MakeModel,Airbag,"SocioEcon,ThisCarCost",3.475636956816964e-09
MakeModel,Airbag,"SocioEcon,ThisCarCost",3.475636956816964e-09
MakeModel,Airbag,"SocioEcon,ThisCarCost",3.475636956816964e-09
MakeModel,Airbag,"SocioEcon,ThisCarCost",3.475636956816964e-09
MakeModel,Airbag,"SocioEcon,ThisCarCost",3.475636956816964e-09
MakeModel,Airbag,"SocioEcon,ThisCarCost",3.475636956816964e-09
MakeModel,Airbag,"SocioEcon,ThisCarCost",3.475636956816964e-09
MakeModel,Airbag,"SocioEcon,ThisCarCost",3.475636956816964e-09
MakeModel,Airbag,"SocioEcon,ThisCarCost",3.475636956816964e-09
MakeModel,Airbag,"SocioEcon,ThisCarCost",3.475636956816964e-09
MakeModel,Airbag,"SocioEcon,ThisCarCost",3.475636956816964e-09
MakeModel,Airbag,"SocioEcon,ThisCarCost",3.475636956816964e-09
MakeModel,Airbag,"SocioEcon,ThisCarCost",3.475636956816964e-09
MakeModel,Airbag,"SocioEcon,ThisCarCost",3.475636956816964e-09
MakeModel,Airbag,"SocioEcon,ThisCarCost",3.475636956816964e-09
MakeModel,Airbag,"SocioEcon,ThisCarCost",3.475636956816964e-09
MakeModel,Airbag,"SocioEcon,ThisCarCost",3.475636956816964e-09
MakeModel,Airbag,"SocioEcon,ThisCarCost",3.475636956816964e-09
MakeModel,Airbag,"SocioEcon,ThisCarCost",3.475636956816964e-09
MakeModel,Airbag,"SocioEcon,ThisCarCost",3.475636956816964e-09
MakeModel,Airbag,"SocioEcon,ThisCarCost",3.475636956816964e-09
MakeModel,Airbag,"SocioEcon,ThisCarCost",3.475636956816964e-09
DrivQuality,DrivingSkill,"DrivHist,RiskAversion",2.140633865819069e-206
DrivQuality,DrivingSkill,"DrivHist,RiskAversion",2.140633865819069e-206
DrivQuality,DrivingSkill,"DrivHist,RiskAversion",2.140633865819069e-206
DrivQuality,DrivingSkill,"DrivHist,RiskAversion",2.140633865819069e-206
DrivQuality,DrivingSkill,"DrivHist,RiskAversion",2.140633865819069e-206
DrivQuality,DrivingSkill,"DrivHist,RiskAversion",2.140633865819069e-206
DrivQuality,DrivingSkill,"DrivHist,RiskAversion",2.140633865819069e-206
DrivQuality,DrivingSkill,"DrivHist,RiskAversion",2.140633865819069e-206
DrivQuality,DrivingSkill,"DrivHist,RiskAversion",2.140633865819069e-206
DrivQuality,DrivingSkill,"DrivHist,RiskAversion",2.140633865819069e-206
DrivQuality,SeniorTrain,"DrivHist,RiskAversion",5.761609861328572e-10
DrivQuality,SeniorTrain,"DrivHist,RiskAversion",5.761609861328572e-10
DrivQuality,SeniorTrain,"DrivHist,RiskAversion",5.761609861328572e-10
DrivQuality,SeniorTrain,"DrivHist,RiskAversion",5.761609861328572e-10
DrivQuality,SeniorTrain,"DrivHist,RiskAversion",5.761609861328572e-10
DrivQuality,SeniorTrain,"DrivHist,RiskAversion",5.761609861328572e-10
DrivQuality,SeniorTrain,"DrivHist,RiskAversion",5.761609861328572e-10
DrivQuality,SeniorTrain,"DrivHist,RiskAversion",5.761609861328572e-10
DrivQuality,SeniorTrain,"DrivHist,RiskAversion",5.761609861328572e-10
DrivQuality,SeniorTrain,"DrivHist,RiskAversion",5.761609861328572e-10
DrivQuality,DrivHist,"RiskAversion,SeniorTrain",6.310254617939285e-210
DrivQuality,DrivHist,"RiskAversion,SeniorTrain",6.310254617939285e-210
DrivQuality,DrivHist,"RiskAversion,SeniorTrain",6.310254617939285e-210
DrivQuality,DrivHist,"RiskAversion,SeniorTrain",6.310254617939285e-210
DrivQuality,DrivHist,"RiskAversion,SeniorTrain",6.310254617939285e-210
DrivQuality,DrivHist,"RiskAversion,SeniorTrain",6.310254617939285e-210
DrivQuality,DrivHist,"RiskAversion,SeniorTrain",6.310254617939285e-210
DrivQuality,DrivHist,"RiskAversion,SeniorTrain",6.310254617939285e-210
DrivQuality,DrivHist,"RiskAversion,SeniorTrain",6.310254617939285e-210
DrivQuality,DrivHist,"RiskAversion,SeniorTrain",6.310254617939285e-210
Antilock,ThisCarCost,"RuggedAuto,SocioEcon",3.5617963784981913e-60
Antilock,ThisCarCost,"RuggedAuto,SocioEcon",3.5617963784981913e-60
Antilock,ThisCarCost,"RuggedAuto,SocioEcon",3.5617963784981913e-60
Antilock,ThisCarCost,"RuggedAuto,SocioEcon",3.5617963784981913e-60
Antilock,ThisCarCost,"RuggedAuto,SocioEcon",3.5617963784981913e-60
Antilock,ThisCarCost,"RuggedAuto,SocioEcon",3.5617963784981913e-60
Antilock,ThisCarCost,"RuggedAuto,SocioEcon",3.5617963784981913e-60
Antilock,ThisCarCost,"RuggedAuto,SocioEcon",3.5617963784981913e-60
Antilock,ThisCarCost,"RuggedAuto,SocioEcon",3.5617963784981913e-60
Antilock,ThisCarCost,"RuggedAuto,SocioEcon",3.5617963784981913e-60
Antilock,ThisCarCost,"RuggedAuto,SocioEcon",3.5617963784981913e-60
Antilock,ThisCarCost,"RuggedAuto,SocioEcon",3.5617963784981913e-60
Antilock,ThisCarCost,"RuggedAuto,SocioEcon",3.5617963784981913e-60
Antilock,ThisCarCost,"RuggedAuto,SocioEcon",3.5617963784981913e-60
Antilock,ThisCarCost,"RuggedAuto,SocioEcon",3.5617963784981913e-60
Antilock,ThisCarCost,"RuggedAuto,SocioEcon",3.5617963784981913e-60
Antilock,ThisCarCost,"RuggedAuto,SocioEcon",3.5617963784981913e-60
Antilock,ThisCarCost,"RuggedAuto,SocioEcon",3.5617963784981913e-60
Antilock,ThisCarCost,"RuggedAuto,SocioEcon",3.5617963784981913e-60
Antilock,ThisCarCost,"RuggedAuto,SocioEcon",3.5617963784981913e-60
Antilock,ThisCarCost,"RuggedAuto,SocioEcon",3.5617963784981913e-60
Antilock,ThisCarCost,"RuggedAuto,SocioEcon",3.5617963784981913e-60
Antilock,ThisCarCost,"RuggedAuto,SocioEcon",3.5617963784981913e-60
Antilock,ThisCarCost,"RuggedAuto,SocioEcon",3.5617963784981913e-60
Antilock,ThisCarCost,"RuggedAuto,SocioEcon",3.5617963784981913e-60
Antilock,ThisCarCost,"RuggedAuto,SocioEcon",3.5617963784981913e-60
Antilock,ThisCarCost,"RuggedAuto,SocioEcon",3.5617963784981913e-60
Antilock,ThisCarCost,"RuggedAuto,SocioEcon",3.5617963784981913e-60
Antilock,CarValue,"SocioEcon,ThisCarCost",4.848910444379318e-87
Antilock,CarValue,"SocioEcon,ThisCarCost",4.848910444379318e-87
Antilock,CarValue,"SocioEcon,ThisCarCost",4.848910444379318e-87
Antilock,CarValue,"SocioEcon,ThisCarCost",4.848910444379318e-87
Antilock,CarValue,"SocioEcon,ThisCarCost",4.848910444379318e-87
Antilock,CarValue,"SocioEcon,ThisCarCost",4.848910444379318e-87
Antilock,CarValue,"SocioEcon,ThisCarCost",4.848910444379318e-87
Antilock,CarValue,"SocioEcon,ThisCarCost",4.848910444379318e-87
Antilock,CarValue,"SocioEcon,ThisCarCost",4.848910444379318e-87
Antilock,CarValue,"SocioEcon,ThisCarCost",4.848910444379318e-87
Antilock,CarValue,"SocioEcon,ThisCarCost",4.848910444379318e-87
Antilock,CarValue,"SocioEcon,ThisCarCost",4.848910444379318e-87
Antilock,CarValue,"SocioEcon,ThisCarCost",4.848910444379318e-87
Antilock,CarValue,"SocioEcon,ThisCarCost",4.848910444379318e-87
Antilock,CarValue,"SocioEcon,ThisCarCost",4.848910444379318e-87
Antilock,CarValue,"SocioEcon,ThisCarCost",4.848910444379318e-87
Antilock,CarValue,"SocioEcon,ThisCarCost",4.848910444379318e-87
Antilock,CarValue,"SocioEcon,ThisCarCost",4.848910444379318e-87
Antilock,CarValue,"SocioEcon,ThisCarCost",4.848910444379318e-87
Antilock,CarValue,"SocioEcon,ThisCarCost",4.848910444379318e-87
Antilock,CarValue,"SocioEcon,ThisCarCost",4.848910444379318e-87
Antilock,CarValue,"SocioEcon,ThisCarCost",4.848910444379318e-87
Antilock,CarValue,"SocioEcon,ThisCarCost",4.848910444379318e-87
Antilock,CarValue,"SocioEcon,ThisCarCost",4.848910444379318e-87
Antilock,CarValue,"SocioEcon,ThisCarCost",4.848910444379318e-87
Antilock,CarValue,"SocioEcon,ThisCarCost",4.848910444379318e-87
Antilock,CarValue,"SocioEcon,ThisCarCost",4.848910444379318e-87
Antilock,CarValue,"SocioEcon,ThisCarCost",4.848910444379318e-87
Antilock,PropCost,"CarValue,MakeModel",0.9056654106946842
Antilock,PropCost,"CarValue,MakeModel",0.9056654106946842
Antilock,Airbag,"SocioEcon,VehicleYear",0.2083159587887538
Antilock,Airbag,"SocioEcon,VehicleYear",0.2083159587887538
Antilock,Airbag,"SocioEcon,VehicleYear",0.2083159587887538
Antilock,Airbag,"SocioEcon,VehicleYear",0.2083159587887538
Antilock,Airbag,"SocioEcon,VehicleYear",0.2083159587887538
Antilock,Airbag,"SocioEcon,VehicleYear",0.2083159587887538
Antilock,Airbag,"SocioEcon,VehicleYear",0.2083159587887538
Antilock,Airbag,"SocioEcon,VehicleYear",0.2083159587887538
Antilock,Airbag,"SocioEcon,VehicleYear",0.2083159587887538
Antilock,Airbag,"SocioEcon,VehicleYear",0.2083159587887538
Antilock,Airbag,"SocioEcon,VehicleYear",0.2083159587887538
Antilock,Airbag,"SocioEcon,VehicleYear",0.2083159587887538
Antilock,Airbag,"SocioEcon,VehicleYear",0.2083159587887538
Antilock,Airbag,"SocioEcon,VehicleYear",0.2083159587887538
Antilock,Airbag,"SocioEcon,VehicleYear",0.2083159587887538
Antilock,Airbag,"SocioEcon,VehicleYear",0.2083159587887538
Antilock,Airbag,"SocioEcon,VehicleYear",0.2083159587887538
Antilock,Airbag,"SocioEcon,VehicleYear",0.2083159587887538
Antilock,Airbag,"SocioEcon,VehicleYear",0.2083159587887538
Antilock,Airbag,"SocioEcon,VehicleYear",0.2083159587887538
Antilock,Airbag,"SocioEcon,VehicleYear",0.2083159587887538
Antilock,Airbag,"SocioEcon,VehicleYear",0.2083159587887538
Antilock,Airbag,"SocioEcon,VehicleYear",0.2083159587887538
Antilock,Airbag,"SocioEcon,VehicleYear",0.2083159587887538
DrivingSkill,SeniorTrain,"DrivHist,RiskAversion",5.882265059784056e-09
DrivingSkill,SeniorTrain,"DrivHist,RiskAversion",5.882265059784056e-09
DrivingSkill,SeniorTrain,"DrivHist,RiskAversion",5.882265059784056e-09
DrivingSkill,SeniorTrain,"DrivHist,RiskAversion",5.882265059784056e-09
DrivingSkill,SeniorTrain,"DrivHist,RiskAversion",5.882265059784056e-09
DrivingSkill,SeniorTrain,"DrivHist,RiskAversion",5.882265059784056e-09
DrivingSkill,DrivHist,"Age,RiskAversion",0.0
DrivingSkill,DrivHist,"Age,RiskAversion",0.0
DrivingSkill,DrivHist,"Age,RiskAversion",0.0
DrivingSkill,DrivHist,"Age,RiskAversion",0.0
DrivingSkill,DrivHist,"Age,RiskAversion",0.0
DrivingSkill,DrivHist,"Age,RiskAversion",0.0
SeniorTrain,DrivHist,"DrivingSkill,RiskAversion",0.1521370635351592
SeniorTrain,DrivHist,"DrivingSkill,RiskAversion",0.1521370635351592
SeniorTrain,DrivHist,"DrivingSkill,RiskAversion",0.1521370635351592
ThisCarCost,Theft,"SocioEcon,ThisCarDam",7.955402581701653e-16
ThisCarCost,Theft,"SocioEcon,ThisCarDam",7.955402581701653e-16
ThisCarCost,Theft,"SocioEcon,ThisCarDam",7.955402581701653e-16
ThisCarCost,Theft,"SocioEcon,ThisCarDam",7.955402581701653e-16
ThisCarCost,Theft,"SocioEcon,ThisCarDam",7.955402581701653e-16
ThisCarCost,Theft,"SocioEcon,ThisCarDam",7.955402581701653e-16
ThisCarCost,Theft,"SocioEcon,ThisCarDam",7.955402581701653e-16
ThisCarCost,Theft,"SocioEcon,ThisCarDam",7.955402581701653e-16
ThisCarCost,Theft,"SocioEcon,ThisCarDam",7.955402581701653e-16
ThisCarCost,Theft,"SocioEcon,ThisCarDam",7.955402581701653e-16
ThisCarCost,Theft,"SocioEcon,ThisCarDam",7.955402581701653e-16
ThisCarCost,Theft,"SocioEcon,ThisCarDam",7.955402581701653e-16
ThisCarCost,Theft,"SocioEcon,ThisCarDam",7.955402581701653e-16
ThisCarCost,Theft,"SocioEcon,ThisCarDam",7.955402581701653e-16
ThisCarCost,Theft,"SocioEcon,ThisCarDam",7.955402581701653e-16
ThisCarCost,Theft,"SocioEcon,ThisCarDam",7.955402581701653e-16
ThisCarCost,Theft,"SocioEcon,ThisCarDam",7.955402581701653e-16
ThisCarCost,Theft,"SocioEcon,ThisCarDam",7.955402581701653e-16
ThisCarCost,Theft,"SocioEcon,ThisCarDam",7.955402581701653e-16
ThisCarCost,Theft,"SocioEcon,ThisCarDam",7.955402581701653e-16
ThisCarCost,Theft,"SocioEcon,ThisCarDam",7.955402581701653e-16
ThisCarCost,Theft,"SocioEcon,ThisCarDam",7.955402581701653e-16
ThisCarCost,Theft,"SocioEcon,ThisCarDam",7.955402581701653e-16
ThisCarCost,Theft,"SocioEcon,ThisCarDam",7.955402581701653e-16
ThisCarCost,Theft,"SocioEcon,ThisCarDam",7.955402581701653e-16
ThisCarCost,Theft,"SocioEcon,ThisCarDam",7.955402581701653e-16
ThisCarCost,Theft,"SocioEcon,ThisCarDam",7.955402581701653e-16
ThisCarCost,Theft,"SocioEcon,ThisCarDam",7.955402581701653e-16
ThisCarCost,Theft,"SocioEcon,ThisCarDam",7.955402581701653e-16
ThisCarCost,Theft,"SocioEcon,ThisCarDam",7.955402581701653e-16
ThisCarCost,Theft,"SocioEcon,ThisCarDam",7.955402581701653e-16
ThisCarCost,Theft,"SocioEcon,ThisCarDam",7.955402581701653e-16
ThisCarCost,Theft,"SocioEcon,ThisCarDam",7.955402581701653e-16
ThisCarCost,Theft,"SocioEcon,ThisCarDam",7.955402581701653e-16
ThisCarCost,Theft,"SocioEcon,ThisCarDam",7.955402581701653e-16
ThisCarCost,Theft,"SocioEcon,ThisCarDam",7.955402581701653e-16
ThisCarCost,CarValue,"SocioEcon,ThisCarDam",0.0
ThisCarCost,CarValue,"SocioEcon,ThisCarDam",0.0
ThisCarCost,CarValue,"SocioEcon,ThisCarDam",0.0
ThisCarCost,CarValue,"SocioEcon,ThisCarDam",0.0
ThisCarCost,CarValue,"SocioEcon,ThisCarDam",0.0
ThisCarCost,CarValue,"SocioEcon,ThisCarDam",0.0
ThisCarCost,CarValue,"SocioEcon,ThisCarDam",0.0
ThisCarCost,CarValue,"SocioEcon,ThisCarDam",0.0
ThisCarCost,CarValue,"SocioEcon,ThisCarDam",0.0
ThisCarCost,CarValue,"SocioEcon,ThisCarDam",0.0
ThisCarCost,CarValue,"SocioEcon,ThisCarDam",0.0
ThisCarCost,CarValue,"SocioEcon,ThisCarDam",0.0
ThisCarCost,CarValue,"SocioEcon,ThisCarDam",0.0
ThisCarCost,CarValue,"SocioEcon,ThisCarDam",0.0
ThisCarCost,CarValue,"SocioEcon,ThisCarDam",0.0
ThisCarCost,CarValue,"SocioEcon,ThisCarDam",0.0
ThisCarCost,CarValue,"SocioEcon,ThisCarDam",0.0
ThisCarCost,CarValue,"SocioEcon,ThisCarDam",0.0
ThisCarCost,CarValue,"SocioEcon,ThisCarDam",0.0
ThisCarCost,CarValue,"SocioEcon,ThisCarDam",0.0
ThisCarCost,CarValue,"SocioEcon,ThisCarDam",0.0
ThisCarCost,CarValue,"SocioEcon,ThisCarDam",0.0
ThisCarCost,CarValue,"SocioEcon,ThisCarDam",0.0
ThisCarCost,CarValue,"SocioEcon,ThisCarDam",0.0
ThisCarCost,CarValue,"SocioEcon,ThisCarDam",0.0
ThisCarCost,CarValue,"SocioEcon,ThisCarDam",0.0
ThisCarCost,CarValue,"SocioEcon,ThisCarDam",0.0
ThisCarCost,CarValue,"SocioEcon,ThisCarDam",0.0
ThisCarCost,CarValue,"SocioEcon,ThisCarDam",0.0
ThisCarCost,CarValue,"SocioEcon,ThisCarDam",0.0
ThisCarCost,CarValue,"SocioEcon,ThisCarDam",0.0
ThisCarCost,CarValue,"SocioEcon,ThisCarDam",0.0
ThisCarCost,CarValue,"SocioEcon,ThisCarDam",0.0
ThisCarCost,CarValue,"SocioEcon,ThisCarDam",0.0
ThisCarCost,CarValue,"SocioEcon,ThisCarDam",0.0
ThisCarCost,CarValue,"SocioEcon,ThisCarDam",0.0
ThisCarCost,PropCost,"SocioEcon,ThisCarDam",3.571477995851168e-216
ThisCarCost,PropCost,"SocioEcon,ThisCarDam",3.571477995851168e-216
ThisCarCost,PropCost,"SocioEcon,ThisCarDam",3.571477995851168e-216
ThisCarCost,PropCost,"SocioEcon,ThisCarDam",3.571477995851168e-216
ThisCarCost,PropCost,"SocioEcon,ThisCarDam",3.571477995851168e-216
ThisCarCost,PropCost,"SocioEcon,ThisCarDam",3.571477995851168e-216
ThisCarCost,PropCost,"SocioEcon,ThisCarDam",3.571477995851168e-216
ThisCarCost,PropCost,"SocioEcon,ThisCarDam",3.571477995851168e-216
ThisCarCost,PropCost,"SocioEcon,ThisCarDam",3.571477995851168e-216
ThisCarCost,PropCost,"SocioEcon,ThisCarDam",3.571477995851168e-216
ThisCarCost,PropCost,"SocioEcon,ThisCarDam",3.571477995851168e-216
ThisCarCost,PropCost,"SocioEcon,ThisCarDam",3.571477995851168e-216
ThisCarCost,PropCost,"SocioEcon,ThisCarDam",3.571477995851168e-216
ThisCarCost,PropCost,"SocioEcon,ThisCarDam",3.571477995851168e-216
ThisCarCost,PropCost,"SocioEcon,ThisCarDam",3.571477995851168e-216
ThisCarCost,PropCost,"SocioEcon,ThisCarDam",3.571477995851168e-216
ThisCarCost,PropCost,"SocioEcon,ThisCarDam",3.571477995851168e-216
ThisCarCost,PropCost,"SocioEcon,ThisCarDam",3.571477995851168e-216
ThisCarCost,PropCost,"SocioEcon,ThisCarDam",3.571477995851168e-216
ThisCarCost,PropCost,"SocioEcon,ThisCarDam",3.571477995851168e-216
ThisCarCost,PropCost,"SocioEcon,ThisCarDam",3.571477995851168e-216
ThisCarCost,PropCost,"SocioEcon,ThisCarDam",3.571477995851168e-216
ThisCarCost,PropCost,"SocioEcon,ThisCarDam",3.571477995851168e-216
ThisCarCost,PropCost,"SocioEcon,ThisCarDam",3.571477995851168e-216
ThisCarCost,PropCost,"SocioEcon,ThisCarDam",3.571477995851168e-216
ThisCarCost,PropCost,"SocioEcon,ThisCarDam",3.571477995851168e-216
ThisCarCost,PropCost,"SocioEcon,ThisCarDam",3.571477995851168e-216
ThisCarCost,PropCost,"SocioEcon,ThisCarDam",3.571477995851168e-216
ThisCarCost,PropCost,"SocioEcon,ThisCarDam",3.571477995851168e-216
ThisCarCost,PropCost,"SocioEcon,ThisCarDam",3.571477995851168e-216
ThisCarCost,PropCost,"SocioEcon,ThisCarDam",3.571477995851168e-216
ThisCarCost,PropCost,"SocioEcon,ThisCarDam",3.571477995851168e-216
ThisCarCost,PropCost,"SocioEcon,ThisCarDam",3.571477995851168e-216
ThisCarCost,PropCost,"SocioEcon,ThisCarDam",3.571477995851168e-216
ThisCarCost,PropCost,"SocioEcon,ThisCarDam",3.571477995851168e-216
ThisCarCost,PropCost,"SocioEcon,ThisCarDam",3.571477995851168e-216
ThisCarCost,MedCost,"SocioEcon,ThisCarDam",5.588488278645133e-07
ThisCarCost,MedCost,"SocioEcon,ThisCarDam",5.588488278645133e-07
ThisCarCost,MedCost,"SocioEcon,ThisCarDam",5.588488278645133e-07
ThisCarCost,MedCost,"SocioEcon,ThisCarDam",5.588488278645133e-07
ThisCarCost,MedCost,"SocioEcon,ThisCarDam",5.588488278645133e-07
ThisCarCost,MedCost,"SocioEcon,ThisCarDam",5.588488278645133e-07
ThisCarCost,MedCost,"SocioEcon,ThisCarDam",5.588488278645133e-07
ThisCarCost,MedCost,"SocioEcon,ThisCarDam",5.588488278645133e-07
ThisCarCost,MedCost,"SocioEcon,ThisCarDam",5.588488278645133e-07
ThisCarCost,MedCost,"SocioEcon,ThisCarDam",5.588488278645133e-07
ThisCarCost,MedCost,"SocioEcon,ThisCarDam",5.588488278645133e-07
ThisCarCost,MedCost,"SocioEcon,ThisCarDam",5.588488278645133e-07
ThisCarCost,MedCost,"SocioEcon,ThisCarDam",5.588488278645133e-07
ThisCarCost,MedCost,"SocioEcon,ThisCarDam",5.588488278645133e-07
ThisCarCost,MedCost,"SocioEcon,ThisCarDam",5.588488278645133e-07
ThisCarCost,MedCost,"SocioEcon,ThisCarDam",5.588488278645133e-07
ThisCarCost,MedCost,"SocioEcon,ThisCarDam",5.588488278645133e-07
ThisCarCost,MedCost,"SocioEcon,ThisCarDam",5.588488278645133e-07
ThisCarCost,MedCost,"SocioEcon,ThisCarDam",5.588488278645133e-07
ThisCarCost,MedCost,"SocioEcon,ThisCarDam",5.588488278645133e-07
ThisCarCost,MedCost,"SocioEcon,ThisCarDam",5.588488278645133e-07
ThisCarCost,MedCost,"SocioEcon,ThisCarDam",5.588488278645133e-07
ThisCarCost,MedCost,"SocioEcon,ThisCarDam",5.588488278645133e-07
ThisCarCost,MedCost,"SocioEcon,ThisCarDam",5.588488278645133e-07
ThisCarCost,MedCost,"SocioEcon,ThisCarDam",5.588488278645133e-07
ThisCarCost,MedCost,"SocioEcon,ThisCarDam",5.588488278645133e-07
ThisCarCost,MedCost,"SocioEcon,ThisCarDam",5.588488278645133e-07
ThisCarCost,MedCost,"SocioEcon,ThisCarDam",5.588488278645133e-07
ThisCarCost,MedCost,"SocioEcon,ThisCarDam",5.588488278645133e-07
ThisCarCost,MedCost,"SocioEcon,ThisCarDam",5.588488278645133e-07
ThisCarCost,MedCost,"SocioEcon,ThisCarDam",5.588488278645133e-07
ThisCarCost,MedCost,"SocioEcon,ThisCarDam",5.588488278645133e-07
ThisCarCost,MedCost,"SocioEcon,ThisCarDam",5.588488278645133e-07
ThisCarCost,MedCost,"SocioEcon,ThisCarDam",5.588488278645133e-07
ThisCarCost,MedCost,"SocioEcon,ThisCarDam",5.588488278645133e-07
ThisCarCost,MedCost,"SocioEcon,ThisCarDam",5.588488278645133e-07
ThisCarCost,ILiCost,"SocioEcon,ThisCarDam",1.1669255877135632e-10
ThisCarCost,ILiCost,"SocioEcon,ThisCarDam",1.1669255877135632e-10
ThisCarCost,ILiCost,"SocioEcon,ThisCarDam",1.1669255877135632e-10
ThisCarCost,ILiCost,"SocioEcon,ThisCarDam",1.1669255877135632e-10
ThisCarCost,ILiCost,"SocioEcon,ThisCarDam",1.1669255877135632e-10
ThisCarCost,ILiCost,"SocioEcon,ThisCarDam",1.1669255877135632e-10
ThisCarCost,ILiCost,"SocioEcon,ThisCarDam",1.1669255877135632e-10
ThisCarCost,ILiCost,"SocioEcon,ThisCarDam",1.1669255877135632e-10
ThisCarCost,ILiCost,"SocioEcon,ThisCarDam",1.1669255877135632e-10
ThisCarCost,ILiCost,"SocioEcon,ThisCarDam",1.1669255877135632e-10
ThisCarCost,ILiCost,"SocioEcon,ThisCarDam",1.1669255877135632e-10
ThisCarCost,ILiCost,"SocioEcon,ThisCarDam",1.1669255877135632e-10
ThisCarCost,ILiCost,"SocioEcon,ThisCarDam",1.1669255877135632e-10
ThisCarCost,ILiCost,"SocioEcon,ThisCarDam",1.1669255877135632e-10
ThisCarCost,ILiCost,"SocioEcon,ThisCarDam",1.1669255877135632e-10
ThisCarCost,ILiCost,"SocioEcon,ThisCarDam",1.1669255877135632e-10
ThisCarCost,ILiCost,"SocioEcon,ThisCarDam",1.1669255877135632e-10
ThisCarCost,ILiCost,"SocioEcon,ThisCarDam",1.1669255877135632e-10
ThisCarCost,ILiCost,"SocioEcon,ThisCarDam",1.1669255877135632e-10
ThisCarCost,ILiCost,"SocioEcon,ThisCarDam",1.1669255877135632e-10
ThisCarCost,ILiCost,"SocioEcon,ThisCarDam",1.1669255877135632e-10
ThisCarCost,ILiCost,"SocioEcon,ThisCarDam",1.1669255877135632e-10
ThisCarCost,ILiCost,"SocioEcon,ThisCarDam",1.1669255877135632e-10
ThisCarCost,ILiCost,"SocioEcon,ThisCarDam",1.1669255877135632e-10
ThisCarCost,ILiCost,"SocioEcon,ThisCarDam",1.1669255877135632e-10
ThisCarCost,ILiCost,"SocioEcon,ThisCarDam",1.1669255877135632e-10
ThisCarCost,ILiCost,"SocioEcon,ThisCarDam",1.1669255877135632e-10
ThisCarCost,ILiCost,"SocioEcon,ThisCarDam",1.1669255877135632e-10
ThisCarCost,ILiCost,"SocioEcon,ThisCarDam",1.1669255877135632e-10
ThisCarCost,ILiCost,"SocioEcon,ThisCarDam",1.1669255877135632e-10
ThisCarCost,ILiCost,"SocioEcon,ThisCarDam",1.1669255877135632e-10
ThisCarCost,ILiCost,"SocioEcon,ThisCarDam",1.1669255877135632e-10
ThisCarCost,ILiCost,"SocioEcon,ThisCarDam",1.1669255877135632e-10
ThisCarCost,ILiCost,"SocioEcon,ThisCarDam",1.1669255877135632e-10
ThisCarCost,ILiCost,"SocioEcon,ThisCarDam",1.1669255877135632e-10
ThisCarCost,ILiCost,"SocioEcon,ThisCarDam",1.1669255877135632e-10
Theft,CarValue,"MakeModel,ThisCarCost",1.2261015926663018e-12
CarValue,PropCost,"SocioEcon,ThisCarCost",0.0004115106700889081
CarValue,PropCost,"SocioEcon,ThisCarCost",0.0004115106700889081
CarValue,PropCost,"SocioEcon,ThisCarCost",0.0004115106700889081
CarValue,PropCost,"SocioEcon,ThisCarCost",0.0004115106700889081
CarValue,PropCost,"SocioEcon,ThisCarCost",0.0004115106700889081
CarValue,PropCost,"SocioEcon,ThisCarCost",0.0004115106700889081
CarValue,PropCost,"SocioEcon,ThisCarCost",0.0004115106700889081
CarValue,PropCost,"SocioEcon,ThisCarCost",0.0004115106700889081
CarValue,PropCost,"SocioEcon,ThisCarCost",0.0004115106700889081
CarValue,PropCost,"SocioEcon,ThisCarCost",0.0004115106700889081
CarValue,PropCost,"SocioEcon,ThisCarCost",0.0004115106700889081
CarValue,PropCost,"SocioEcon,ThisCarCost",0.0004115106700889081
CarValue,PropCost,"SocioEcon,ThisCarCost",0.0004115106700889081
CarValue,PropCost,"SocioEcon,ThisCarCost",0.0004115106700889081
CarValue,PropCost,"SocioEcon,ThisCarCost",0.0004115106700889081
CarValue,PropCost,"SocioEcon,ThisCarCost",0.0004115106700889081
CarValue,PropCost,"SocioEcon,ThisCarCost",0.0004115106700889081
CarValue,PropCost,"SocioEcon,ThisCarCost",0.0004115106700889081
CarValue,PropCost,"SocioEcon,ThisCarCost",0.0004115106700889081
CarValue,PropCost,"SocioEcon,ThisCarCost",0.0004115106700889081
CarValue,PropCost,"SocioEcon,ThisCarCost",0.0004115106700889081
CarValue,PropCost,"SocioEcon,ThisCarCost",0.0004115106700889081
CarValue,PropCost,"SocioEcon,ThisCarCost",0.0004115106700889081
CarValue,PropCost,"SocioEcon,ThisCarCost",0.0004115106700889081
CarValue,PropCost,"SocioEcon,ThisCarCost",0.0004115106700889081
CarValue,PropCost,"SocioEcon,ThisCarCost",0.0004115106700889081
CarValue,PropCost,"SocioEcon,ThisCarCost",0.0004115106700889081
CarValue,PropCost,"SocioEcon,ThisCarCost",0.0004115106700889081
CarValue,PropCost,"SocioEcon,ThisCarCost",0.0004115106700889081
CarValue,PropCost,"SocioEcon,ThisCarCost",0.0004115106700889081
CarValue,PropCost,"SocioEcon,ThisCarCost",0.0004115106700889081
CarValue,PropCost,"SocioEcon,ThisCarCost",0.0004115106700889081
CarValue,PropCost,"SocioEcon,ThisCarCost",0.0004115106700889081
CarValue,PropCost,"SocioEcon,ThisCarCost",0.0004115106700889081
CarValue,PropCost,"SocioEcon,ThisCarCost",0.0004115106700889081
CarValue,PropCost,"SocioEcon,ThisCarCost",0.0004115106700889081
CarValue,PropCost,"SocioEcon,ThisCarCost",0.0004115106700889081
CarValue,PropCost,"SocioEcon,ThisCarCost",0.0004115106700889081
CarValue,PropCost,"SocioEcon,ThisCarCost",0.0004115106700889081
CarValue,PropCost,"SocioEcon,ThisCarCost",0.0004115106700889081
CarValue,PropCost,"SocioEcon,ThisCarCost",0.0004115106700889081
CarValue,PropCost,"SocioEcon,ThisCarCost",0.0004115106700889081
CarValue,PropCost,"SocioEcon,ThisCarCost",0.0004115106700889081
CarValue,PropCost,"SocioEcon,ThisCarCost",0.0004115106700889081
CarValue,PropCost,"SocioEcon,ThisCarCost",0.0004115106700889081
CarValue,PropCost,"SocioEcon,ThisCarCost",0.0004115106700889081
CarValue,PropCost,"SocioEcon,ThisCarCost",0.0004115106700889081
CarValue,PropCost,"SocioEcon,ThisCarCost",0.0004115106700889081
CarValue,PropCost,"SocioEcon,ThisCarCost",0.0004115106700889081
CarValue,PropCost,"SocioEcon,ThisCarCost",0.0004115106700889081
CarValue,PropCost,"SocioEcon,ThisCarCost",0.0004115106700889081
CarValue,PropCost,"SocioEcon,ThisCarCost",0.0004115106700889081
CarValue,PropCost,"SocioEcon,ThisCarCost",0.0004115106700889081
CarValue,PropCost,"SocioEcon,ThisCarCost",0.0004115106700889081
CarValue,PropCost,"SocioEcon,ThisCarCost",0.0004115106700889081
CarValue,MedCost,"Cushioning,PropCost",0.5631040595546145
CarValue,MedCost,"Cushioning,PropCost",0.5631040595546145
CarValue,MedCost,"Cushioning,PropCost",0.5631040595546145
CarValue,MedCost,"Cushioning,PropCost",0.5631040595546145
CarValue,MedCost,"Cushioning,PropCost",0.5631040595546145
CarValue,MedCost,"Cushioning,PropCost",0.5631040595546145
CarValue,Cushioning,"MakeModel,VehicleYear",0.706600728118739
CarValue,Cushioning,"MakeModel,VehicleYear",0.706600728118739
CarValue,Cushioning,"MakeModel,VehicleYear",0.706600728118739
CarValue,Cushioning,"MakeModel,VehicleYear",0.706600728118739
CarValue,Cushioning,"MakeModel,VehicleYear",0.706600728118739
CarValue,Cushioning,"MakeModel,VehicleYear",0.706600728118739
CarValue,Cushioning,"MakeModel,VehicleYear",0.706600728118739
CarValue,Cushioning,"MakeModel,VehicleYear",0.706600728118739
CarValue,Cushioning,"MakeModel,VehicleYear",0.706600728118739
CarValue,Cushioning,"MakeModel,VehicleYear",0.706600728118739
CarValue,Cushioning,"MakeModel,VehicleYear",0.706600728118739
CarValue,Cushioning,"MakeModel,VehicleYear",0.706600728118739
CarValue,Airbag,"SocioEcon,ThisCarCost",2.1716783108532933e-122
CarValue,Airbag,"SocioEcon,ThisCarCost",2.1716783108532933e-122
CarValue,Airbag,"SocioEcon,ThisCarCost",2.1716783108532933e-122
CarValue,Airbag,"SocioEcon,ThisCarCost",2.1716783108532933e-122
CarValue,Airbag,"SocioEcon,ThisCarCost",2.1716783108532933e-122
CarValue,Airbag,"SocioEcon,ThisCarCost",2.1716783108532933e-122
CarValue,Airbag,"SocioEcon,ThisCarCost",2.1716783108532933e-122
CarValue,Airbag,"SocioEcon,ThisCarCost",2.1716783108532933e-122
CarValue,Airbag,"SocioEcon,ThisCarCost",2.1716783108532933e-122
CarValue,Airbag,"SocioEcon,ThisCarCost",2.1716783108532933e-122
CarValue,Airbag,"SocioEcon,ThisCarCost",2.1716783108532933e-122
CarValue,Airbag,"SocioEcon,ThisCarCost",2.1716783108532933e-122
CarValue,Airbag,"SocioEcon,ThisCarCost",2.1716783108532933e-122
CarValue,Airbag,"SocioEcon,ThisCarCost",2.1716783108532933e-122
CarValue,Airbag,"SocioEcon,ThisCarCost",2.1716783108532933e-122
CarValue,Airbag,"SocioEcon,ThisCarCost",2.1716783108532933e-122
CarValue,Airbag,"SocioEcon,ThisCarCost",2.1716783108532933e-122
CarValue,Airbag,"SocioEcon,ThisCarCost",2.1716783108532933e-122
CarValue,Airbag,"SocioEcon,ThisCarCost",2.1716783108532933e-122
CarValue,Airbag,"SocioEcon,ThisCarCost",2.1716783108532933e-122
CarValue,Airbag,"SocioEcon,ThisCarCost",2.1716783108532933e-122
CarValue,Airbag,"SocioEcon,ThisCarCost",2.1716783108532933e-122
CarValue,Airbag,"SocioEcon,ThisCarCost",2.1716783108532933e-122
CarValue,Airbag,"SocioEcon,ThisCarCost",2.1716783108532933e-122
CarValue,Airbag,"SocioEcon,ThisCarCost",2.1716783108532933e-122
CarValue,Airbag,"SocioEcon,ThisCarCost",2.1716783108532933e-122
CarValue,Airbag,"SocioEcon,ThisCarCost",2.1716783108532933e-122
CarValue,Airbag,"SocioEcon,ThisCarCost",2.1716783108532933e-122
CarValue,Airbag,"SocioEcon,ThisCarCost",2.1716783108532933e-122
CarValue,Airbag,"SocioEcon,ThisCarCost",2.1716783108532933e-122
CarValue,Airbag,"SocioEcon,ThisCarCost",2.1716783108532933e-122
CarValue,Airbag,"SocioEcon,ThisCarCost",2.1716783108532933e-122
CarValue,Airbag,"SocioEcon,ThisCarCost",2.1716783108532933e-122
CarValue,Airbag,"SocioEcon,ThisCarCost",2.1716783108532933e-122
CarValue,Airbag,"SocioEcon,ThisCarCost",2.1716783108532933e-122
CarValue,Airbag,"SocioEcon,ThisCarCost",2.1716783108532933e-122
CarValue,Airbag,"SocioEcon,ThisCarCost",2.1716783108532933e-122
CarValue,Airbag,"SocioEcon,ThisCarCost",2.1716783108532933e-122
CarValue,Airbag,"SocioEcon,ThisCarCost",2.1716783108532933e-122
CarValue,Airbag,"SocioEcon,ThisCarCost",2.1716783108532933e-122
CarValue,Airbag,"SocioEcon,ThisCarCost",2.1716783108532933e-122
CarValue,Airbag,"SocioEcon,ThisCarCost",2.1716783108532933e-122
CarValue,Airbag,"SocioEcon,ThisCarCost",2.1716783108532933e-122
CarValue,Airbag,"SocioEcon,ThisCarCost",2.1716783108532933e-122
CarValue,Airbag,"SocioEcon,ThisCarCost",2.1716783108532933e-122
CarValue,Airbag,"SocioEcon,ThisCarCost",2.1716783108532933e-122
CarValue,Airbag,"SocioEcon,ThisCarCost",2.1716783108532933e-122
CarValue,Airbag,"SocioEcon,ThisCarCost",2.1716783108532933e-122
CarValue,Airbag,"SocioEcon,ThisCarCost",2.1716783108532933e-122
CarValue,Airbag,"SocioEcon,ThisCarCost",2.1716783108532933e-122
CarValue,Airbag,"SocioEcon,ThisCarCost",2.1716783108532933e-122
CarValue,Airbag,"SocioEcon,ThisCarCost",2.1716783108532933e-122
CarValue,Airbag,"SocioEcon,ThisCarCost",2.1716783108532933e-122
CarValue,Airbag,"SocioEcon,ThisCarCost",2.1716783108532933e-122
CarValue,Airbag,"SocioEcon,ThisCarCost",2.1716783108532933e-122
HomeBase,AntiTheft,"RiskAversion,SocioEcon",0.0010561703029272303
PropCost,OtherCarCost,"ThisCarCost,ThisCarDam",0.0
PropCost,OtherCarCost,"ThisCarCost,ThisCarDam",0.0
PropCost,OtherCarCost,"ThisCarCost,ThisCarDam",0.0
PropCost,OtherCarCost,"ThisCarCost,ThisCarDam",0.0
PropCost,OtherCarCost,"ThisCarCost,ThisCarDam",0.0
PropCost,OtherCarCost,"ThisCarCost,ThisCarDam",0.0
PropCost,OtherCarCost,"ThisCarCost,ThisCarDam",0.0
PropCost,OtherCarCost,"ThisCarCost,ThisCarDam",0.0
PropCost,OtherCarCost,"ThisCarCost,ThisCarDam",0.0
PropCost,OtherCarCost,"ThisCarCost,ThisCarDam",0.0
PropCost,OtherCarCost,"ThisCarCost,ThisCarDam",0.0
PropCost,OtherCarCost,"ThisCarCost,ThisCarDam",0.0
PropCost,OtherCarCost,"ThisCarCost,ThisCarDam",0.0
PropCost,OtherCarCost,"ThisCarCost,ThisCarDam",0.0
PropCost,OtherCarCost,"ThisCarCost,ThisCarDam",0.0
PropCost,OtherCarCost,"ThisCarCost,ThisCarDam",0.0
PropCost,OtherCarCost,"ThisCarCost,ThisCarDam",0.0
PropCost,OtherCarCost,"ThisCarCost,ThisCarDam",0.0
PropCost,OtherCarCost,"ThisCarCost,ThisCarDam",0.0
PropCost,OtherCarCost,"ThisCarCost,ThisCarDam",0.0
PropCost,OtherCarCost,"ThisCarCost,ThisCarDam",0.0
PropCost,OtherCarCost,"ThisCarCost,ThisCarDam",0.0
PropCost,OtherCarCost,"ThisCarCost,ThisCarDam",0.0
PropCost,OtherCarCost,"ThisCarCost,ThisCarDam",0.0
PropCost,OtherCarCost,"ThisCarCost,ThisCarDam",0.0
PropCost,OtherCarCost,"ThisCarCost,ThisCarDam",0.0
PropCost,OtherCarCost,"ThisCarCost,ThisCarDam",0.0
PropCost,OtherCarCost,"ThisCarCost,ThisCarDam",0.0
PropCost,OtherCarCost,"ThisCarCost,ThisCarDam",0.0
PropCost,OtherCarCost,"ThisCarCost,ThisCarDam",0.0
PropCost,OtherCarCost,"ThisCarCost,ThisCarDam",0.0
PropCost,OtherCarCost,"ThisCarCost,ThisCarDam",0.0
PropCost,OtherCarCost,"ThisCarCost,ThisCarDam",0.0
PropCost,OtherCarCost,"ThisCarCost,ThisCarDam",0.0
PropCost,OtherCarCost,"ThisCarCost,ThisCarDam",0.0
PropCost,OtherCarCost,"ThisCarCost,ThisCarDam",0.0
PropCost,Cushioning,"MakeModel,OtherCarCost",0.5968664976206141
PropCost,Cushioning,"MakeModel,OtherCarCost",0.5968664976206141
PropCost,ILiCost,"CarValue,MakeModel",0.6879932999794708
PropCost,ILiCost,"CarValue,MakeModel",0.6879932999794708
PropCost,ILiCost,"CarValue,MakeModel",0.6879932999794708
PropCost,ILiCost,"CarValue,MakeModel",0.6879932999794708
PropCost,ILiCost,"CarValue,MakeModel",0.6879932999794708
PropCost,ILiCost,"CarValue,MakeModel",0.6879932999794708
PropCost,ILiCost,"CarValue,MakeModel",0.6879932999794708
PropCost,ILiCost,"CarValue,MakeModel",0.6879932999794708
PropCost,ILiCost,"CarValue,MakeModel",0.6879932999794708
PropCost,ILiCost,"CarValue,MakeModel",0.6879932999794708
OtherCarCost,MedCost,"ILiCost,PropCost",0.1244764790732986
OtherCarCost,ILiCost,"RuggedAuto,ThisCarDam",4.548744590527842e-06
OtherCarCost,ILiCost,"RuggedAuto,ThisCarDam",4.548744590527842e-06
OtherCarCost,ILiCost,"RuggedAuto,ThisCarDam",4.548744590527842e-06
OtherCarCost,ILiCost,"RuggedAuto,ThisCarDam",4.548744590527842e-06
OtherCarCost,ILiCost,"RuggedAuto,ThisCarDam",4.548744590527842e-06
OtherCarCost,ILiCost,"RuggedAuto,ThisCarDam",4.548744590527842e-06
OtherCarCost,ILiCost,"RuggedAuto,ThisCarDam",4.548744590527842e-06
OtherCarCost,ILiCost,"RuggedAuto,ThisCarDam",4.548744590527842e-06
OtherCarCost,ILiCost,"RuggedAuto,ThisCarDam",4.548744590527842e-06
OtherCarCost,ILiCost,"RuggedAuto,ThisCarDam",4.548744590527842e-06
OtherCarCost,ILiCost,"RuggedAuto,ThisCarDam",4.548744590527842e-06
OtherCarCost,ILiCost,"RuggedAuto,ThisCarDam",4.548744590527842e-06
OtherCarCost,ILiCost,"RuggedAuto,ThisCarDam",4.548744590527842e-06
OtherCarCost,ILiCost,"RuggedAuto,ThisCarDam",4.548744590527842e-06
OtherCarCost,ILiCost,"RuggedAuto,ThisCarDam",4.548744590527842e-06
MedCost,Cushioning,"ThisCarCost,ThisCarDam",8.17209506688995e-129
MedCost,Cushioning,"ThisCarCost,ThisCarDam",8.17209506688995e-129
MedCost,Cushioning,"ThisCarCost,ThisCarDam",8.17209506688995e-129
MedCost,Cushioning,"ThisCarCost,ThisCarDam",8.17209506688995e-129
MedCost,Cushioning,"ThisCarCost,ThisCarDam",8.17209506688995e-129
MedCost,Cushioning,"ThisCarCost,ThisCarDam",8.17209506688995e-129
MedCost,Cushioning,"ThisCarCost,ThisCarDam",8.17209506688995e-129
MedCost,Cushioning,"ThisCarCost,ThisCarDam",8.17209506688995e-129
MedCost,Cushioning,"ThisCarCost,ThisCarDam",8.17209506688995e-129
MedCost,Cushioning,"ThisCarCost,ThisCarDam",8.17209506688995e-129
MedCost,Cushioning,"ThisCarCost,ThisCarDam",8.17209506688995e-129
MedCost,Cushioning,"ThisCarCost,ThisCarDam",8.17209506688995e-129
MedCost,Cushioning,"ThisCarCost,ThisCarDam",8.17209506688995e-129
MedCost,Cushioning,"ThisCarCost,ThisCarDam",8.17209506688995e-129
MedCost,Cushioning,"ThisCarCost,ThisCarDam",8.17209506688995e-129
MedCost,Cushioning,"ThisCarCost,ThisCarDam",8.17209506688995e-129
MedCost,Cushioning,"ThisCarCost,ThisCarDam",8.17209506688995e-129
MedCost,Cushioning,"ThisCarCost,ThisCarDam",8.17209506688995e-129
MedCost,Cushioning,"ThisCarCost,ThisCarDam",8.17209506688995e-129
MedCost,Cushioning,"ThisCarCost,ThisCarDam",8.17209506688995e-129
MedCost,Cushioning,"ThisCarCost,ThisCarDam",8.17209506688995e-129
MedCost,Cushioning,"ThisCarCost,ThisCarDam",8.17209506688995e-129
MedCost,Cushioning,"ThisCarCost,ThisCarDam",8.17209506688995e-129
MedCost,Cushioning,"ThisCarCost,ThisCarDam",8.17209506688995e-129
MedCost,Cushioning,"ThisCarCost,ThisCarDam",8.17209506688995e-129
MedCost,Cushioning,"ThisCarCost,ThisCarDam",8.17209506688995e-129
MedCost,Cushioning,"ThisCarCost,ThisCarDam",8.17209506688995e-129
MedCost,Cushioning,"ThisCarCost,ThisCarDam",8.17209506688995e-129
MedCost,Cushioning,"ThisCarCost,ThisCarDam",8.17209506688995e-129
MedCost,Cushioning,"ThisCarCost,ThisCarDam",8.17209506688995e-129
MedCost,Cushioning,"ThisCarCost,ThisCarDam",8.17209506688995e-129
MedCost,Cushioning,"ThisCarCost,ThisCarDam",8.17209506688995e-129
MedCost,Cushioning,"ThisCarCost,ThisCarDam",8.17209506688995e-129
MedCost,Cushioning,"ThisCarCost,ThisCarDam",8.17209506688995e-129
MedCost,Cushioning,"ThisCarCost,ThisCarDam",8.17209506688995e-129
MedCost,Cushioning,"ThisCarCost,ThisCarDam",8.17209506688995e-129
MedCost,ILiCost,"OtherCarCost,ThisCarCost",0.07543676387342968
MedCost,ILiCost,"OtherCarCost,ThisCarCost",0.07543676387342968
MedCost,ILiCost,"OtherCarCost,ThisCarCost",0.07543676387342968
MedCost,ILiCost,"OtherCarCost,ThisCarCost",0.07543676387342968
MedCost,ILiCost,"OtherCarCost,ThisCarCost",0.07543676387342968
MedCost,ILiCost,"OtherCarCost,ThisCarCost",0.07543676387342968
MedCost,ILiCost,"OtherCarCost,ThisCarCost",0.07543676387342968
Cushioning,Airbag,"RuggedAuto,SocioEcon",6.838193274121293e-301
Cushioning,Airbag,"RuggedAuto,SocioEcon",6.838193274121293e-301
Cushioning,Airbag,"RuggedAuto,SocioEcon",6.838193274121293e-301
Cushioning,Airbag,"RuggedAuto,SocioEcon",6.838193274121293e-301
Cushioning,Airbag,"RuggedAuto,SocioEcon",6.838193274121293e-301
Cushioning,Airbag,"RuggedAuto,SocioEcon",6.838193274121293e-301
Cushioning,Airbag,"RuggedAuto,SocioEcon",6.838193274121293e-301
Cushioning,Airbag,"RuggedAuto,SocioEcon",6.838193274121293e-301
Cushioning,Airbag,"RuggedAuto,SocioEcon",6.838193274121293e-301
Cushioning,Airbag,"RuggedAuto,SocioEcon",6.838193274121293e-301
Cushioning,Airbag,"RuggedAuto,SocioEcon",6.838193274121293e-301
Cushioning,Airbag,"RuggedAuto,SocioEcon",6.838193274121293e-301
Cushioning,Airbag,"RuggedAuto,SocioEcon",6.838193274121293e-301
Cushioning,Airbag,"RuggedAuto,SocioEcon",6.838193274121293e-301
Cushioning,Airbag,"RuggedAuto,SocioEcon",6.838193274121293e-301
Cushioning,Airbag,"RuggedAuto,SocioEcon",6.838193274121293e-301
Cushioning,Airbag,"RuggedAuto,SocioEcon",6.838193274121293e-301
Cushioning,Airbag,"RuggedAuto,SocioEcon",6.838193274121293e-301
Cushioning,Airbag,"RuggedAuto,SocioEcon",6.838193274121293e-301
Cushioning,Airbag,"RuggedAuto,SocioEcon",6.838193274121293e-301
Cushioning,Airbag,"RuggedAuto,SocioEcon",6.838193274121293e-301
Age,SocioEcon,"GoodStudent,RiskAversion,SeniorTrain",7.578872713783058e-11
Age,RiskAversion,"GoodStudent,SeniorTrain,SocioEcon",6.080459387079529e-33
Age,SeniorTrain,"GoodStudent,RiskAversion,SocioEcon",2.571579473960601e-110
SocioEcon,VehicleYear,"AntiTheft,Antilock,OtherCar",1.9050862575023752e-48
SocioEcon,VehicleYear,"AntiTheft,Antilock,OtherCar",1.9050862575023752e-48
SocioEcon,VehicleYear,"AntiTheft,Antilock,OtherCar",1.9050862575023752e-48
SocioEcon,VehicleYear,"AntiTheft,Antilock,OtherCar",1.9050862575023752e-48
SocioEcon,VehicleYear,"AntiTheft,Antilock,OtherCar",1.9050862575023752e-48
SocioEcon,VehicleYear,"AntiTheft,Antilock,OtherCar",1.9050862575023752e-48
SocioEcon,VehicleYear,"AntiTheft,Antilock,OtherCar",1.9050862575023752e-48
SocioEcon,VehicleYear,"AntiTheft,Antilock,OtherCar",1.9050862575023752e-48
SocioEcon,VehicleYear,"AntiTheft,Antilock,OtherCar",1.9050862575023752e-48
SocioEcon,VehicleYear,"AntiTheft,Antilock,OtherCar",1.9050862575023752e-48
SocioEcon,VehicleYear,"AntiTheft,Antilock,OtherCar",1.9050862575023752e-48
SocioEcon,VehicleYear,"AntiTheft,Antilock,OtherCar",1.9050862575023752e-48
SocioEcon,VehicleYear,"AntiTheft,Antilock,OtherCar",1.9050862575023752e-48
SocioEcon,VehicleYear,"AntiTheft,Antilock,OtherCar",1.9050862575023752e-48
SocioEcon,VehicleYear,"AntiTheft,Antilock,OtherCar",1.9050862575023752e-48
SocioEcon,VehicleYear,"AntiTheft,Antilock,OtherCar",1.9050862575023752e-48
SocioEcon,VehicleYear,"AntiTheft,Antilock,OtherCar",1.9050862575023752e-48
SocioEcon,VehicleYear,"AntiTheft,Antilock,OtherCar",1.9050862575023752e-48
SocioEcon,VehicleYear,"AntiTheft,Antilock,OtherCar",1.9050862575023752e-48
SocioEcon,VehicleYear,"AntiTheft,Antilock,OtherCar",1.9050862575023752e-48
SocioEcon,VehicleYear,"AntiTheft,Antilock,OtherCar",1.9050862575023752e-48
SocioEcon,VehicleYear,"AntiTheft,Antilock,OtherCar",1.9050862575023752e-48
SocioEcon,VehicleYear,"AntiTheft,Antilock,OtherCar",1.9050862575023752e-48
SocioEcon,VehicleYear,"AntiTheft,Antilock,OtherCar",1.9050862575023752e-48
SocioEcon,VehicleYear,"AntiTheft,Antilock,OtherCar",1.9050862575023752e-48
SocioEcon,VehicleYear,"AntiTheft,Antilock,OtherCar",1.9050862575023752e-48
SocioEcon,VehicleYear,"AntiTheft,Antilock,OtherCar",1.9050862575023752e-48
SocioEcon,VehicleYear,"AntiTheft,Antilock,OtherCar",1.9050862575023752e-48
SocioEcon,VehicleYear,"AntiTheft,Antilock,OtherCar",1.9050862575023752e-48
SocioEcon,VehicleYear,"AntiTheft,Antilock,OtherCar",1.9050862575023752e-48
SocioEcon,VehicleYear,"AntiTheft,Antilock,OtherCar",1.9050862575023752e-48
SocioEcon,VehicleYear,"AntiTheft,Antilock,OtherCar",1.9050862575023752e-48
SocioEcon,VehicleYear,"AntiTheft,Antilock,OtherCar",1.9050862575023752e-48
SocioEcon,VehicleYear,"AntiTheft,Antilock,OtherCar",1.9050862575023752e-48
SocioEcon,VehicleYear,"AntiTheft,Antilock,OtherCar",1.9050862575023752e-48
SocioEcon,VehicleYear,"AntiTheft,Antilock,OtherCar",1.9050862575023752e-48
SocioEcon,VehicleYear,"AntiTheft,Antilock,OtherCar",1.9050862575023752e-48
SocioEcon,VehicleYear,"AntiTheft,Antilock,OtherCar",1.9050862575023752e-48
SocioEcon,VehicleYear,"AntiTheft,Antilock,OtherCar",1.9050862575023752e-48
SocioEcon,VehicleYear,"AntiTheft,Antilock,OtherCar",1.9050862575023752e-48
SocioEcon,VehicleYear,"AntiTheft,Antilock,OtherCar",1.9050862575023752e-48
SocioEcon,VehicleYear,"AntiTheft,Antilock,OtherCar",1.9050862575023752e-48
SocioEcon,VehicleYear,"AntiTheft,Antilock,OtherCar",1.9050862575023752e-48
SocioEcon,VehicleYear,"AntiTheft,Antilock,OtherCar",1.9050862575023752e-48
SocioEcon,VehicleYear,"AntiTheft,Antilock,OtherCar",1.9050862575023752e-48
SocioEcon,VehicleYear,"AntiTheft,Antilock,OtherCar",1.9050862575023752e-48
SocioEcon,VehicleYear,"AntiTheft,Antilock,OtherCar",1.9050862575023752e-48
SocioEcon,VehicleYear,"AntiTheft,Antilock,OtherCar",1.9050862575023752e-48
SocioEcon,VehicleYear,"AntiTheft,Antilock,OtherCar",1.9050862575023752e-48
SocioEcon,VehicleYear,"AntiTheft,Antilock,OtherCar",1.9050862575023752e-48
SocioEcon,VehicleYear,"AntiTheft,Antilock,OtherCar",1.9050862575023752e-48
SocioEcon,VehicleYear,"AntiTheft,Antilock,OtherCar",1.9050862575023752e-48
SocioEcon,VehicleYear,"AntiTheft,Antilock,OtherCar",1.9050862575023752e-48
SocioEcon,VehicleYear,"AntiTheft,Antilock,OtherCar",1.9050862575023752e-48
SocioEcon,VehicleYear,"AntiTheft,Antilock,OtherCar",1.9050862575023752e-48
SocioEcon,VehicleYear,"AntiTheft,Antilock,OtherCar",1.9050862575023752e-48
SocioEcon,VehicleYear,"AntiTheft,Antilock,OtherCar",1.9050862575023752e-48
SocioEcon,VehicleYear,"AntiTheft,Antilock,OtherCar",1.9050862575023752e-48
SocioEcon,VehicleYear,"AntiTheft,Antilock,OtherCar",1.9050862575023752e-48
SocioEcon,VehicleYear,"AntiTheft,Antilock,OtherCar",1.9050862575023752e-48
SocioEcon,VehicleYear,"AntiTheft,Antilock,OtherCar",1.9050862575023752e-48
SocioEcon,VehicleYear,"AntiTheft,Antilock,OtherCar",1.9050862575023752e-48
SocioEcon,VehicleYear,"AntiTheft,Antilock,OtherCar",1.9050862575023752e-48
SocioEcon,VehicleYear,"AntiTheft,Antilock,OtherCar",1.9050862575023752e-48
SocioEcon,VehicleYear,"AntiTheft,Antilock,OtherCar",1.9050862575023752e-48
SocioEcon,VehicleYear,"AntiTheft,Antilock,OtherCar",1.9050862575023752e-48
SocioEcon,VehicleYear,"AntiTheft,Antilock,OtherCar",1.9050862575023752e-48
SocioEcon,VehicleYear,"AntiTheft,Antilock,OtherCar",1.9050862575023752e-48
SocioEcon,VehicleYear,"AntiTheft,Antilock,OtherCar",1.9050862575023752e-48
SocioEcon,VehicleYear,"AntiTheft,Antilock,OtherCar",1.9050862575023752e-48
SocioEcon,VehicleYear,"AntiTheft,Antilock,OtherCar",1.9050862575023752e-48
SocioEcon,VehicleYear,"AntiTheft,Antilock,OtherCar",1.9050862575023752e-48
SocioEcon,VehicleYear,"AntiTheft,Antilock,OtherCar",1.9050862575023752e-48
SocioEcon,VehicleYear,"AntiTheft,Antilock,OtherCar",1.9050862575023752e-48
SocioEcon,VehicleYear,"AntiTheft,Antilock,OtherCar",1.9050862575023752e-48
SocioEcon,VehicleYear,"AntiTheft,Antilock,OtherCar",1.9050862575023752e-48
SocioEcon,VehicleYear,"AntiTheft,Antilock,OtherCar",1.9050862575023752e-48
SocioEcon,VehicleYear,"AntiTheft,Antilock,OtherCar",1.9050862575023752e-48
SocioEcon,VehicleYear,"AntiTheft,Antilock,OtherCar",1.9050862575023752e-48
SocioEcon,VehicleYear,"AntiTheft,Antilock,OtherCar",1.9050862575023752e-48
SocioEcon,VehicleYear,"AntiTheft,Antilock,OtherCar",1.9050862575023752e-48
SocioEcon,VehicleYear,"AntiTheft,Antilock,OtherCar",1.9050862575023752e-48
SocioEcon,VehicleYear,"AntiTheft,Antilock,OtherCar",1.9050862575023752e-48
SocioEcon,VehicleYear,"AntiTheft,Antilock,OtherCar",1.9050862575023752e-48
SocioEcon,MakeModel,"AntiTheft,Antilock,OtherCar",0.0
SocioEcon,MakeModel,"AntiTheft,Antilock,OtherCar",0.0
SocioEcon,MakeModel,"AntiTheft,Antilock,OtherCar",0.0
SocioEcon,MakeModel,"AntiTheft,Antilock,OtherCar",0.0
SocioEcon,MakeModel,"AntiTheft,Antilock,OtherCar",0.0
SocioEcon,MakeModel,"AntiTheft,Antilock,OtherCar",0.0
SocioEcon,MakeModel,"AntiTheft,Antilock,OtherCar",0.0
SocioEcon,MakeModel,"AntiTheft,Antilock,OtherCar",0.0
SocioEcon,MakeModel,"AntiTheft,Antilock,OtherCar",0.0
SocioEcon,MakeModel,"AntiTheft,Antilock,OtherCar",0.0
SocioEcon,MakeModel,"AntiTheft,Antilock,OtherCar",0.0
SocioEcon,MakeModel,"AntiTheft,Antilock,OtherCar",0.0
SocioEcon,MakeModel,"AntiTheft,Antilock,OtherCar",0.0
SocioEcon,MakeModel,"AntiTheft,Antilock,OtherCar",0.0
SocioEcon,MakeModel,"AntiTheft,Antilock,OtherCar",0.0
SocioEcon,MakeModel,"AntiTheft,Antilock,OtherCar",0.0
SocioEcon,MakeModel,"AntiTheft,Antilock,OtherCar",0.0
SocioEcon,MakeModel,"AntiTheft,Antilock,OtherCar",0.0
SocioEcon,MakeModel,"AntiTheft,Antilock,OtherCar",0.0
SocioEcon,MakeModel,"AntiTheft,Antilock,OtherCar",0.0
SocioEcon,MakeModel,"AntiTheft,Antilock,OtherCar",0.0
SocioEcon,MakeModel,"AntiTheft,Antilock,OtherCar",0.0
SocioEcon,MakeModel,"AntiTheft,Antilock,OtherCar",0.0
SocioEcon,MakeModel,"AntiTheft,Antilock,OtherCar",0.0
SocioEcon,MakeModel,"AntiTheft,Antilock,OtherCar",0.0
SocioEcon,MakeModel,"AntiTheft,Antilock,OtherCar",0.0
SocioEcon,MakeModel,"AntiTheft,Antilock,OtherCar",0.0
SocioEcon,MakeModel,"AntiTheft,Antilock,OtherCar",0.0
SocioEcon,MakeModel,"AntiTheft,Antilock,OtherCar",0.0
SocioEcon,MakeModel,"AntiTheft,Antilock,OtherCar",0.0
SocioEcon,MakeModel,"AntiTheft,Antilock,OtherCar",0.0
SocioEcon,MakeModel,"AntiTheft,Antilock,OtherCar",0.0
SocioEcon,MakeModel,"AntiTheft,Antilock,OtherCar",0.0
SocioEcon,MakeModel,"AntiTheft,Antilock,OtherCar",0.0
SocioEcon,MakeModel,"AntiTheft,Antilock,OtherCar",0.0
SocioEcon,MakeModel,"AntiTheft,Antilock,OtherCar",0.0
SocioEcon,MakeModel,"AntiTheft,Antilock,OtherCar",0.0
SocioEcon,MakeModel,"AntiTheft,Antilock,OtherCar",0.0
SocioEcon,MakeModel,"AntiTheft,Antilock,OtherCar",0.0
SocioEcon,MakeModel,"AntiTheft,Antilock,OtherCar",0.0
SocioEcon,MakeModel,"AntiTheft,Antilock,OtherCar",0.0
SocioEcon,MakeModel,"AntiTheft,Antilock,OtherCar",0.0
SocioEcon,MakeModel,"AntiTheft,Antilock,OtherCar",0.0
SocioEcon,MakeModel,"AntiTheft,Antilock,OtherCar",0.0
SocioEcon,MakeModel,"AntiTheft,Antilock,OtherCar",0.0
SocioEcon,MakeModel,"AntiTheft,Antilock,OtherCar",0.0
SocioEcon,MakeModel,"AntiTheft,Antilock,OtherCar",0.0
SocioEcon,MakeModel,"AntiTheft,Antilock,OtherCar",0.0
SocioEcon,MakeModel,"AntiTheft,Antilock,OtherCar",0.0
SocioEcon,MakeModel,"AntiTheft,Antilock,OtherCar",0.0
SocioEcon,MakeModel,"AntiTheft,Antilock,OtherCar",0.0
SocioEcon,MakeModel,"AntiTheft,Antilock,OtherCar",0.0
SocioEcon,MakeModel,"AntiTheft,Antilock,OtherCar",0.0
SocioEcon,MakeModel,"AntiTheft,Antilock,OtherCar",0.0
SocioEcon,MakeModel,"AntiTheft,Antilock,OtherCar",0.0
SocioEcon,MakeModel,"AntiTheft,Antilock,OtherCar",0.0
SocioEcon,MakeModel,"AntiTheft,Antilock,OtherCar",0.0
SocioEcon,MakeModel,"AntiTheft,Antilock,OtherCar",0.0
SocioEcon,MakeModel,"AntiTheft,Antilock,OtherCar",0.0
SocioEcon,MakeModel,"AntiTheft,Antilock,OtherCar",0.0
SocioEcon,MakeModel,"AntiTheft,Antilock,OtherCar",0.0
SocioEcon,MakeModel,"AntiTheft,Antilock,OtherCar",0.0
SocioEcon,MakeModel,"AntiTheft,Antilock,OtherCar",0.0
SocioEcon,MakeModel,"AntiTheft,Antilock,OtherCar",0.0
SocioEcon,MakeModel,"AntiTheft,Antilock,OtherCar",0.0
SocioEcon,MakeModel,"AntiTheft,Antilock,OtherCar",0.0
SocioEcon,MakeModel,"AntiTheft,Antilock,OtherCar",0.0
SocioEcon,MakeModel,"AntiTheft,Antilock,OtherCar",0.0
SocioEcon,MakeModel,"AntiTheft,Antilock,OtherCar",0.0
SocioEcon,MakeModel,"AntiTheft,Antilock,OtherCar",0.0
SocioEcon,MakeModel,"AntiTheft,Antilock,OtherCar",0.0
SocioEcon,MakeModel,"AntiTheft,Antilock,OtherCar",0.0
SocioEcon,MakeModel,"AntiTheft,Antilock,OtherCar",0.0
SocioEcon,MakeModel,"AntiTheft,Antilock,OtherCar",0.0
SocioEcon,MakeModel,"AntiTheft,Antilock,OtherCar",0.0
SocioEcon,MakeModel,"AntiTheft,Antilock,OtherCar",0.0
SocioEcon,MakeModel,"AntiTheft,Antilock,OtherCar",0.0
SocioEcon,MakeModel,"AntiTheft,Antilock,OtherCar",0.0
SocioEcon,MakeModel,"AntiTheft,Antilock,OtherCar",0.0
SocioEcon,MakeModel,"AntiTheft,Antilock,OtherCar",0.0
SocioEcon,MakeModel,"AntiTheft,Antilock,OtherCar",0.0
SocioEcon,MakeModel,"AntiTheft,Antilock,OtherCar",0.0
SocioEcon,MakeModel,"AntiTheft,Antilock,OtherCar",0.0
SocioEcon,MakeModel,"AntiTheft,Antilock,OtherCar",0.0
SocioEcon,Antilock,"Age,CarValue,MakeModel",0.27076077089707234
SocioEcon,Antilock,"Age,CarValue,MakeModel",0.27076077089707234
SocioEcon,CarValue,"Airbag,MakeModel,VehicleYear",0.19757188103515294
SocioEcon,CarValue,"Airbag,MakeModel,VehicleYear",0.19757188103515294
SocioEcon,CarValue,"Airbag,MakeModel,VehicleYear",0.19757188103515294
SocioEcon,CarValue,"Airbag,MakeModel,VehicleYear",0.19757188103515294
SocioEcon,CarValue,"Airbag,MakeModel,VehicleYear",0.19757188103515294
SocioEcon,CarValue,"Airbag,MakeModel,VehicleYear",0.19757188103515294
SocioEcon,CarValue,"Airbag,MakeModel,VehicleYear",0.19757188103515294
SocioEcon,CarValue,"Airbag,MakeModel,VehicleYear",0.19757188103515294
SocioEcon,CarValue,"Airbag,MakeModel,VehicleYear",0.19757188103515294
SocioEcon,CarValue,"Airbag,MakeModel,VehicleYear",0.19757188103515294
SocioEcon,CarValue,"Airbag,MakeModel,VehicleYear",0.19757188103515294
SocioEcon,CarValue,"Airbag,MakeModel,VehicleYear",0.19757188103515294
SocioEcon,CarValue,"Airbag,MakeModel,VehicleYear",0.19757188103515294
SocioEcon,CarValue,"Airbag,MakeModel,VehicleYear",0.19757188103515294
SocioEcon,CarValue,"Airbag,MakeModel,VehicleYear",0.19757188103515294
SocioEcon,CarValue,"Airbag,MakeModel,VehicleYear",0.19757188103515294
SocioEcon,CarValue,"Airbag,MakeModel,VehicleYear",0.19757188103515294
SocioEcon,CarValue,"Airbag,MakeModel,VehicleYear",0.19757188103515294
SocioEcon,CarValue,"Airbag,MakeModel,VehicleYear",0.19757188103515294
SocioEcon,CarValue,"Airbag,MakeModel,VehicleYear",0.19757188103515294
SocioEcon,CarValue,"Airbag,MakeModel,VehicleYear",0.19757188103515294
SocioEcon,CarValue,"Airbag,MakeModel,VehicleYear",0.19757188103515294
SocioEcon,CarValue,"Airbag,MakeModel,VehicleYear",0.19757188103515294
SocioEcon,CarValue,"Airbag,MakeModel,VehicleYear",0.19757188103515294
SocioEcon,CarValue,"Airbag,MakeModel,VehicleYear",0.19757188103515294
SocioEcon,CarValue,"Airbag,MakeModel,VehicleYear",0.19757188103515294
SocioEcon,CarValue,"Airbag,MakeModel,VehicleYear",0.19757188103515294
SocioEcon,CarValue,"Airbag,MakeModel,VehicleYear",0.19757188103515294
SocioEcon,CarValue,"Airbag,MakeModel,VehicleYear",0.19757188103515294
SocioEcon,CarValue,"Airbag,MakeModel,VehicleYear",0.19757188103515294
SocioEcon,CarValue,"Airbag,MakeModel,VehicleYear",0.19757188103515294
SocioEcon,CarValue,"Airbag,MakeModel,VehicleYear",0.19757188103515294
SocioEcon,CarValue,"Airbag,MakeModel,VehicleYear",0.19757188103515294
SocioEcon,CarValue,"Airbag,MakeModel,VehicleYear",0.19757188103515294
SocioEcon,CarValue,"Airbag,MakeModel,VehicleYear",0.19757188103515294
SocioEcon,HomeBase,"AntiTheft,Antilock,OtherCar",0.0
SocioEcon,HomeBase,"AntiTheft,Antilock,OtherCar",0.0
SocioEcon,HomeBase,"AntiTheft,Antilock,OtherCar",0.0
SocioEcon,HomeBase,"AntiTheft,Antilock,OtherCar",0.0
SocioEcon,HomeBase,"AntiTheft,Antilock,OtherCar",0.0
SocioEcon,HomeBase,"AntiTheft,Antilock,OtherCar",0.0
SocioEcon,HomeBase,"AntiTheft,Antilock,OtherCar",0.0
SocioEcon,HomeBase,"AntiTheft,Antilock,OtherCar",0.0
SocioEcon,HomeBase,"AntiTheft,Antilock,OtherCar",0.0
SocioEcon,HomeBase,"AntiTheft,Antilock,OtherCar",0.0
SocioEcon,HomeBase,"AntiTheft,Antilock,OtherCar",0.0
SocioEcon,HomeBase,"AntiTheft,Antilock,OtherCar",0.0
SocioEcon,HomeBase,"AntiTheft,Antilock,OtherCar",0.0
SocioEcon,HomeBase,"AntiTheft,Antilock,OtherCar",0.0
SocioEcon,HomeBase,"AntiTheft,Antilock,OtherCar",0.0
SocioEcon,HomeBase,"AntiTheft,Antilock,OtherCar",0.0
SocioEcon,HomeBase,"AntiTheft,Antilock,OtherCar",0.0
SocioEcon,HomeBase,"AntiTheft,Antilock,OtherCar",0.0
SocioEcon,HomeBase,"AntiTheft,Antilock,OtherCar",0.0
SocioEcon,HomeBase,"AntiTheft,Antilock,OtherCar",0.0
SocioEcon,HomeBase,"AntiTheft,Antilock,OtherCar",0.0
SocioEcon,HomeBase,"AntiTheft,Antilock,OtherCar",0.0
SocioEcon,HomeBase,"AntiTheft,Antilock,OtherCar",0.0
SocioEcon,HomeBase,"AntiTheft,Antilock,OtherCar",0.0
SocioEcon,HomeBase,"AntiTheft,Antilock,OtherCar",0.0
SocioEcon,HomeBase,"AntiTheft,Antilock,OtherCar",0.0
SocioEcon,HomeBase,"AntiTheft,Antilock,OtherCar",0.0
SocioEcon,HomeBase,"AntiTheft,Antilock,OtherCar",0.0
SocioEcon,HomeBase,"AntiTheft,Antilock,OtherCar",0.0
SocioEcon,HomeBase,"AntiTheft,Antilock,OtherCar",0.0
SocioEcon,HomeBase,"AntiTheft,Antilock,OtherCar",0.0
SocioEcon,HomeBase,"AntiTheft,Antilock,OtherCar",0.0
SocioEcon,HomeBase,"AntiTheft,Antilock,OtherCar",0.0
SocioEcon,HomeBase,"AntiTheft,Antilock,OtherCar",0.0
SocioEcon,HomeBase,"AntiTheft,Antilock,OtherCar",0.0
SocioEcon,HomeBase,"AntiTheft,Antilock,OtherCar",0.0
SocioEcon,HomeBase,"AntiTheft,Antilock,OtherCar",0.0
SocioEcon,HomeBase,"AntiTheft,Antilock,OtherCar",0.0
SocioEcon,HomeBase,"AntiTheft,Antilock,OtherCar",0.0
SocioEcon,HomeBase,"AntiTheft,Antilock,OtherCar",0.0
SocioEcon,HomeBase,"AntiTheft,Antilock,OtherCar",0.0
SocioEcon,HomeBase,"AntiTheft,Antilock,OtherCar",0.0
SocioEcon,HomeBase,"AntiTheft,Antilock,OtherCar",0.0
SocioEcon,HomeBase,"AntiTheft,Antilock,OtherCar",0.0
SocioEcon,HomeBase,"AntiTheft,Antilock,OtherCar",0.0
SocioEcon,HomeBase,"AntiTheft,Antilock,OtherCar",0.0
SocioEcon,HomeBase,"AntiTheft,Antilock,OtherCar",0.0
SocioEcon,HomeBase,"AntiTheft,Antilock,OtherCar",0.0
SocioEcon,HomeBase,"AntiTheft,Antilock,OtherCar",0.0
SocioEcon,HomeBase,"AntiTheft,Antilock,OtherCar",0.0
SocioEcon,HomeBase,"AntiTheft,Antilock,OtherCar",0.0
SocioEcon,HomeBase,"AntiTheft,Antilock,OtherCar",0.0
SocioEcon,HomeBase,"AntiTheft,Antilock,OtherCar",0.0
SocioEcon,HomeBase,"AntiTheft,Antilock,OtherCar",0.0
SocioEcon,HomeBase,"AntiTheft,Antilock,OtherCar",0.0
SocioEcon,HomeBase,"AntiTheft,Antilock,OtherCar",0.0
SocioEcon,HomeBase,"AntiTheft,Antilock,OtherCar",0.0
SocioEcon,HomeBase,"AntiTheft,Antilock,OtherCar",0.0
SocioEcon,HomeBase,"AntiTheft,Antilock,OtherCar",0.0
SocioEcon,HomeBase,"AntiTheft,Antilock,OtherCar",0.0
SocioEcon,HomeBase,"AntiTheft,Antilock,OtherCar",0.0
SocioEcon,HomeBase,"AntiTheft,Antilock,OtherCar",0.0
SocioEcon,HomeBase,"AntiTheft,Antilock,OtherCar",0.0
SocioEcon,HomeBase,"AntiTheft,Antilock,OtherCar",0.0
SocioEcon,HomeBase,"AntiTheft,Antilock,OtherCar",0.0
SocioEcon,HomeBase,"AntiTheft,Antilock,OtherCar",0.0
SocioEcon,HomeBase,"AntiTheft,Antilock,OtherCar",0.0
SocioEcon,HomeBase,"AntiTheft,Antilock,OtherCar",0.0
SocioEcon,HomeBase,"AntiTheft,Antilock,OtherCar",0.0
SocioEcon,HomeBase,"AntiTheft,Antilock,OtherCar",0.0
SocioEcon,HomeBase,"AntiTheft,Antilock,OtherCar",0.0
SocioEcon,HomeBase,"AntiTheft,Antilock,OtherCar",0.0
SocioEcon,HomeBase,"AntiTheft,Antilock,OtherCar",0.0
SocioEcon,HomeBase,"AntiTheft,Antilock,OtherCar",0.0
SocioEcon,HomeBase,"AntiTheft,Antilock,OtherCar",0.0
SocioEcon,HomeBase,"AntiTheft,Antilock,OtherCar",0.0
SocioEcon,HomeBase,"AntiTheft,Antilock,OtherCar",0.0
SocioEcon,HomeBase,"AntiTheft,Antilock,OtherCar",0.0
SocioEcon,HomeBase,"AntiTheft,Antilock,OtherCar",0.0
SocioEcon,HomeBase,"AntiTheft,Antilock,OtherCar",0.0
SocioEcon,HomeBase,"AntiTheft,Antilock,OtherCar",0.0
SocioEcon,HomeBase,"AntiTheft,Antilock,OtherCar",0.0
SocioEcon,HomeBase,"AntiTheft,Antilock,OtherCar",0.0
SocioEcon,HomeBase,"AntiTheft,Antilock,OtherCar",0.0
SocioEcon,AntiTheft,"CarValue,HomeBase,MakeModel",0.988648201203795
SocioEcon,AntiTheft,"CarValue,HomeBase,MakeModel",0.988648201203795
SocioEcon,AntiTheft,"CarValue,HomeBase,MakeModel",0.988648201203795
SocioEcon,AntiTheft,"CarValue,HomeBase,MakeModel",0.988648201203795
SocioEcon,AntiTheft,"CarValue,HomeBase,MakeModel",0.988648201203795
SocioEcon,AntiTheft,"CarValue,HomeBase,MakeModel",0.988648201203795
SocioEcon,AntiTheft,"CarValue,HomeBase,MakeModel",0.988648201203795
SocioEcon,AntiTheft,"CarValue,HomeBase,MakeModel",0.988648201203795
SocioEcon,AntiTheft,"CarValue,HomeBase,MakeModel",0.988648201203795
SocioEcon,AntiTheft,"CarValue,HomeBase,MakeModel",0.988648201203795
SocioEcon,AntiTheft,"CarValue,HomeBase,MakeModel",0.988648201203795
SocioEcon,AntiTheft,"CarValue,HomeBase,MakeModel",0.988648201203795
SocioEcon,AntiTheft,"CarValue,HomeBase,MakeModel",0.988648201203795
SocioEcon,AntiTheft,"CarValue,HomeBase,MakeModel",0.988648201203795
SocioEcon,AntiTheft,"CarValue,HomeBase,MakeModel",0.988648201203795
SocioEcon,AntiTheft,"CarValue,HomeBase,MakeModel",0.988648201203795
SocioEcon,AntiTheft,"CarValue,HomeBase,MakeModel",0.988648201203795
SocioEcon,AntiTheft,"CarValue,HomeBase,MakeModel",0.988648201203795
SocioEcon,AntiTheft,"CarValue,HomeBase,MakeModel",0.988648201203795
SocioEcon,AntiTheft,"CarValue,HomeBase,MakeModel",0.988648201203795
SocioEcon,AntiTheft,"CarValue,HomeBase,MakeModel",0.988648201203795
SocioEcon,AntiTheft,"CarValue,HomeBase,MakeModel",0.988648201203795
SocioEcon,AntiTheft,"CarValue,HomeBase,MakeModel",0.988648201203795
SocioEcon,AntiTheft,"CarValue,HomeBase,MakeModel",0.988648201203795
SocioEcon,AntiTheft,"CarValue,HomeBase,MakeModel",0.988648201203795
SocioEcon,AntiTheft,"CarValue,HomeBase,MakeModel",0.988648201203795
SocioEcon,AntiTheft,"CarValue,HomeBase,MakeModel",0.988648201203795
SocioEcon,AntiTheft,"CarValue,HomeBase,MakeModel",0.988648201203795
SocioEcon,AntiTheft,"CarValue,HomeBase,MakeModel",0.988648201203795
SocioEcon,AntiTheft,"CarValue,HomeBase,MakeModel",0.988648201203795
SocioEcon,AntiTheft,"CarValue,HomeBase,MakeModel",0.988648201203795
SocioEcon,AntiTheft,"CarValue,HomeBase,MakeModel",0.988648201203795
SocioEcon,AntiTheft,"CarValue,HomeBase,MakeModel",0.988648201203795
SocioEcon,AntiTheft,"CarValue,HomeBase,MakeModel",0.988648201203795
SocioEcon,AntiTheft,"CarValue,HomeBase,MakeModel",0.988648201203795
SocioEcon,AntiTheft,"CarValue,HomeBase,MakeModel",0.988648201203795
SocioEcon,AntiTheft,"CarValue,HomeBase,MakeModel",0.988648201203795
SocioEcon,OtherCar,"CarValue,HomeBase,MakeModel",0.3225292172096903
SocioEcon,OtherCar,"CarValue,HomeBase,MakeModel",0.3225292172096903
SocioEcon,OtherCar,"CarValue,HomeBase,MakeModel",0.3225292172096903
SocioEcon,OtherCar,"CarValue,HomeBase,MakeModel",0.3225292172096903
SocioEcon,OtherCar,"CarValue,HomeBase,MakeModel",0.3225292172096903
SocioEcon,OtherCar,"CarValue,HomeBase,MakeModel",0.3225292172096903
SocioEcon,OtherCar,"CarValue,HomeBase,MakeModel",0.3225292172096903
SocioEcon,OtherCar,"CarValue,HomeBase,MakeModel",0.3225292172096903
SocioEcon,OtherCar,"CarValue,HomeBase,MakeModel",0.3225292172096903
SocioEcon,OtherCar,"CarValue,HomeBase,MakeModel",0.3225292172096903
SocioEcon,OtherCar,"CarValue,HomeBase,MakeModel",0.3225292172096903
SocioEcon,OtherCar,"CarValue,HomeBase,MakeModel",0.3225292172096903
SocioEcon,OtherCar,"CarValue,HomeBase,MakeModel",0.3225292172096903
SocioEcon,OtherCar,"CarValue,HomeBase,MakeModel",0.3225292172096903
SocioEcon,OtherCar,"CarValue,HomeBase,MakeModel",0.3225292172096903
SocioEcon,OtherCar,"CarValue,HomeBase,MakeModel",0.3225292172096903
SocioEcon,OtherCar,"CarValue,HomeBase,MakeModel",0.3225292172096903
SocioEcon,OtherCar,"CarValue,HomeBase,MakeModel",0.3225292172096903
SocioEcon,OtherCar,"CarValue,HomeBase,MakeModel",0.3225292172096903
SocioEcon,OtherCar,"CarValue,HomeBase,MakeModel",0.3225292172096903
SocioEcon,OtherCar,"CarValue,HomeBase,MakeModel",0.3225292172096903
SocioEcon,OtherCar,"CarValue,HomeBase,MakeModel",0.3225292172096903
SocioEcon,OtherCar,"CarValue,HomeBase,MakeModel",0.3225292172096903
SocioEcon,OtherCar,"CarValue,HomeBase,MakeModel",0.3225292172096903
SocioEcon,OtherCar,"CarValue,HomeBase,MakeModel",0.3225292172096903
SocioEcon,OtherCar,"CarValue,HomeBase,MakeModel",0.3225292172096903
SocioEcon,OtherCar,"CarValue,HomeBase,MakeModel",0.3225292172096903
SocioEcon,OtherCar,"CarValue,HomeBase,MakeModel",0.3225292172096903
SocioEcon,OtherCar,"CarValue,HomeBase,MakeModel",0.3225292172096903
SocioEcon,OtherCar,"CarValue,HomeBase,MakeModel",0.3225292172096903
SocioEcon,OtherCar,"CarValue,HomeBase,MakeModel",0.3225292172096903
SocioEcon,OtherCar,"CarValue,HomeBase,MakeModel",0.3225292172096903
SocioEcon,OtherCar,"CarValue,HomeBase,MakeModel",0.3225292172096903
SocioEcon,OtherCar,"CarValue,HomeBase,MakeModel",0.3225292172096903
SocioEcon,OtherCar,"CarValue,HomeBase,MakeModel",0.3225292172096903
SocioEcon,OtherCar,"CarValue,HomeBase,MakeModel",0.3225292172096903
SocioEcon,OtherCar,"CarValue,HomeBase,MakeModel",0.3225292172096903
SocioEcon,Airbag,"CarValue,MakeModel,VehicleYear",0.9999867961186825
SocioEcon,Airbag,"CarValue,MakeModel,VehicleYear",0.9999867961186825
SocioEcon,Airbag,"CarValue,MakeModel,VehicleYear",0.9999867961186825
SocioEcon,Airbag,"CarValue,MakeModel,VehicleYear",0.9999867961186825
SocioEcon,Airbag,"CarValue,MakeModel,VehicleYear",0.9999867961186825
SocioEcon,Airbag,"CarValue,MakeModel,VehicleYear",0.9999867961186825
SocioEcon,Airbag,"CarValue,MakeModel,VehicleYear",0.9999867961186825
SocioEcon,Airbag,"CarValue,MakeModel,VehicleYear",0.9999867961186825
SocioEcon,Airbag,"CarValue,MakeModel,VehicleYear",0.9999867961186825
SocioEcon,Airbag,"CarValue,MakeModel,VehicleYear",0.9999867961186825
SocioEcon,Airbag,"CarValue,MakeModel,VehicleYear",0.9999867961186825
SocioEcon,Airbag,"CarValue,MakeModel,VehicleYear",0.9999867961186825
SocioEcon,Airbag,"CarValue,MakeModel,VehicleYear",0.9999867961186825
SocioEcon,Airbag,"CarValue,MakeModel,VehicleYear",0.9999867961186825
SocioEcon,Airbag,"CarValue,MakeModel,VehicleYear",0.9999867961186825
SocioEcon,Airbag,"CarValue,MakeModel,VehicleYear",0.9999867961186825
SocioEcon,Airbag,"CarValue,MakeModel,VehicleYear",0.9999867961186825
SocioEcon,Airbag,"CarValue,MakeModel,VehicleYear",0.9999867961186825
SocioEcon,Airbag,"CarValue,MakeModel,VehicleYear",0.9999867961186825
SocioEcon,Airbag,"CarValue,MakeModel,VehicleYear",0.9999867961186825
SocioEcon,Airbag,"CarValue,MakeModel,VehicleYear",0.9999867961186825
SocioEcon,Airbag,"CarValue,MakeModel,VehicleYear",0.9999867961186825
SocioEcon,Airbag,"CarValue,MakeModel,VehicleYear",0.9999867961186825
SocioEcon,Airbag,"CarValue,MakeModel,VehicleYear",0.9999867961186825
SocioEcon,Airbag,"CarValue,MakeModel,VehicleYear",0.9999867961186825
SocioEcon,Airbag,"CarValue,MakeModel,VehicleYear",0.9999867961186825
SocioEcon,Airbag,"CarValue,MakeModel,VehicleYear",0.9999867961186825
SocioEcon,Airbag,"CarValue,MakeModel,VehicleYear",0.9999867961186825
SocioEcon,Airbag,"CarValue,MakeModel,VehicleYear",0.9999867961186825
SocioEcon,Airbag,"CarValue,MakeModel,VehicleYear",0.9999867961186825
SocioEcon,Airbag,"CarValue,MakeModel,VehicleYear",0.9999867961186825
SocioEcon,Airbag,"CarValue,MakeModel,VehicleYear",0.9999867961186825
SocioEcon,Airbag,"CarValue,MakeModel,VehicleYear",0.9999867961186825
SocioEcon,Airbag,"CarValue,MakeModel,VehicleYear",0.9999867961186825
SocioEcon,Airbag,"CarValue,MakeModel,VehicleYear",0.9999867961186825
RiskAversion,DrivQuality,"Age,HomeBase,SeniorTrain",0.06713205573337727
RiskAversion,DrivQuality,"Age,HomeBase,SeniorTrain",0.06713205573337727
RiskAversion,DrivQuality,"Age,HomeBase,SeniorTrain",0.06713205573337727
RiskAversion,DrivQuality,"Age,HomeBase,SeniorTrain",0.06713205573337727
RiskAversion,DrivQuality,"Age,HomeBase,SeniorTrain",0.06713205573337727
RiskAversion,DrivingSkill,"AntiTheft,DrivHist,HomeBase",1.307522757049359e-122
RiskAversion,DrivingSkill,"AntiTheft,DrivHist,HomeBase",1.307522757049359e-122
RiskAversion,DrivingSkill,"AntiTheft,DrivHist,HomeBase",1.307522757049359e-122
RiskAversion,DrivingSkill,"AntiTheft,DrivHist,HomeBase",1.307522757049359e-122
RiskAversion,DrivingSkill,"AntiTheft,DrivHist,HomeBase",1.307522757049359e-122
RiskAversion,DrivingSkill,"AntiTheft,DrivHist,HomeBase",1.307522757049359e-122
RiskAversion,DrivingSkill,"AntiTheft,DrivHist,HomeBase",1.307522757049359e-122
RiskAversion,DrivingSkill,"AntiTheft,DrivHist,HomeBase",1.307522757049359e-122
RiskAversion,DrivingSkill,"AntiTheft,DrivHist,HomeBase",1.307522757049359e-122
RiskAversion,DrivingSkill,"AntiTheft,DrivHist,HomeBase",1.307522757049359e-122
RiskAversion,DrivingSkill,"AntiTheft,DrivHist,HomeBase",1.307522757049359e-122
RiskAversion,DrivingSkill,"AntiTheft,DrivHist,HomeBase",1.307522757049359e-122
RiskAversion,DrivingSkill,"AntiTheft,DrivHist,HomeBase",1.307522757049359e-122
RiskAversion,DrivingSkill,"AntiTheft,DrivHist,HomeBase",1.307522757049359e-122
RiskAversion,DrivingSkill,"AntiTheft,DrivHist,HomeBase",1.307522757049359e-122
RiskAversion,DrivingSkill,"AntiTheft,DrivHist,HomeBase",1.307522757049359e-122
RiskAversion,DrivingSkill,"AntiTheft,DrivHist,HomeBase",1.307522757049359e-122
RiskAversion,DrivingSkill,"AntiTheft,DrivHist,HomeBase",1.307522757049359e-122
RiskAversion,DrivingSkill,"AntiTheft,DrivHist,HomeBase",1.307522757049359e-122
RiskAversion,DrivingSkill,"AntiTheft,DrivHist,HomeBase",1.307522757049359e-122
RiskAversion,SeniorTrain,"AntiTheft,DrivHist,DrivQuality",6.029165481615325e-20
RiskAversion,SeniorTrain,"AntiTheft,DrivHist,DrivQuality",6.029165481615325e-20
RiskAversion,SeniorTrain,"AntiTheft,DrivHist,DrivQuality",6.029165481615325e-20
RiskAversion,SeniorTrain,"AntiTheft,DrivHist,DrivQuality",6.029165481615325e-20
RiskAversion,SeniorTrain,"AntiTheft,DrivHist,DrivQuality",6.029165481615325e-20
RiskAversion,SeniorTrain,"AntiTheft,DrivHist,DrivQuality",6.029165481615325e-20
RiskAversion,SeniorTrain,"AntiTheft,DrivHist,DrivQuality",6.029165481615325e-20
RiskAversion,SeniorTrain,"AntiTheft,DrivHist,DrivQuality",6.029165481615325e-20
RiskAversion,SeniorTrain,"AntiTheft,DrivHist,DrivQuality",6.029165481615325e-20
RiskAversion,SeniorTrain,"AntiTheft,DrivHist,DrivQuality",6.029165481615325e-20
RiskAversion,SeniorTrain,"AntiTheft,DrivHist,DrivQuality",6.029165481615325e-20
RiskAversion,SeniorTrain,"AntiTheft,DrivHist,DrivQuality",6.029165481615325e-20
RiskAversion,SeniorTrain,"AntiTheft,DrivHist,DrivQuality",6.029165481615325e-20
RiskAversion,SeniorTrain,"AntiTheft,DrivHist,DrivQuality",6.029165481615325e-20
RiskAversion,SeniorTrain,"AntiTheft,DrivHist,DrivQuality",6.029165481615325e-20
RiskAversion,SeniorTrain,"AntiTheft,DrivHist,DrivQuality",6.029165481615325e-20
RiskAversion,SeniorTrain,"AntiTheft,DrivHist,DrivQuality",6.029165481615325e-20
RiskAversion,SeniorTrain,"AntiTheft,DrivHist,DrivQuality",6.029165481615325e-20
RiskAversion,SeniorTrain,"AntiTheft,DrivHist,DrivQuality",6.029165481615325e-20
RiskAversion,SeniorTrain,"AntiTheft,DrivHist,DrivQuality",6.029165481615325e-20
RiskAversion,HomeBase,"AntiTheft,DrivHist,DrivQuality",6.399475740100744e-59
RiskAversion,HomeBase,"AntiTheft,DrivHist,DrivQuality",6.399475740100744e-59
RiskAversion,HomeBase,"AntiTheft,DrivHist,DrivQuality",6.399475740100744e-59
RiskAversion,HomeBase,"AntiTheft,DrivHist,DrivQuality",6.399475740100744e-59
RiskAversion,HomeBase,"AntiTheft,DrivHist,DrivQuality",6.399475740100744e-59
RiskAversion,HomeBase,"AntiTheft,DrivHist,DrivQuality",6.399475740100744e-59
RiskAversion,HomeBase,"AntiTheft,DrivHist,DrivQuality",6.399475740100744e-59
RiskAversion,HomeBase,"AntiTheft,DrivHist,DrivQuality",6.399475740100744e-59
RiskAversion,HomeBase,"AntiTheft,DrivHist,DrivQuality",6.399475740100744e-59
RiskAversion,HomeBase,"AntiTheft,DrivHist,DrivQuality",6.399475740100744e-59
RiskAversion,HomeBase,"AntiTheft,DrivHist,DrivQuality",6.399475740100744e-59
RiskAversion,HomeBase,"AntiTheft,DrivHist,DrivQuality",6.399475740100744e-59
RiskAversion,HomeBase,"AntiTheft,DrivHist,DrivQuality",6.399475740100744e-59
RiskAversion,HomeBase,"AntiTheft,DrivHist,DrivQuality",6.399475740100744e-59
RiskAversion,HomeBase,"AntiTheft,DrivHist,DrivQuality",6.399475740100744e-59
RiskAversion,HomeBase,"AntiTheft,DrivHist,DrivQuality",6.399475740100744e-59
RiskAversion,HomeBase,"AntiTheft,DrivHist,DrivQuality",6.399475740100744e-59
RiskAversion,HomeBase,"AntiTheft,DrivHist,DrivQuality",6.399475740100744e-59
RiskAversion,HomeBase,"AntiTheft,DrivHist,DrivQuality",6.399475740100744e-59
RiskAversion,HomeBase,"AntiTheft,DrivHist,DrivQuality",6.399475740100744e-59
RiskAversion,AntiTheft,"DrivHist,DrivQuality,HomeBase",0.0
RiskAversion,AntiTheft,"DrivHist,DrivQuality,HomeBase",0.0
RiskAversion,AntiTheft,"DrivHist,DrivQuality,HomeBase",0.0
RiskAversion,AntiTheft,"DrivHist,DrivQuality,HomeBase",0.0
RiskAversion,AntiTheft,"DrivHist,DrivQuality,HomeBase",0.0
RiskAversion,AntiTheft,"DrivHist,DrivQuality,HomeBase",0.0
RiskAversion,AntiTheft,"DrivHist,DrivQuality,HomeBase",0.0
RiskAversion,AntiTheft,"DrivHist,DrivQuality,HomeBase",0.0
RiskAversion,AntiTheft,"DrivHist,DrivQuality,HomeBase",0.0
RiskAversion,AntiTheft,"DrivHist,DrivQuality,HomeBase",0.0
RiskAversion,AntiTheft,"DrivHist,DrivQuality,HomeBase",0.0
RiskAversion,AntiTheft,"DrivHist,DrivQuality,HomeBase",0.0
RiskAversion,AntiTheft,"DrivHist,DrivQuality,HomeBase",0.0
RiskAversion,AntiTheft,"DrivHist,DrivQuality,HomeBase",0.0
RiskAversion,AntiTheft,"DrivHist,DrivQuality,HomeBase",0.0
RiskAversion,AntiTheft,"DrivHist,DrivQuality,HomeBase",0.0
RiskAversion,AntiTheft,"DrivHist,DrivQuality,HomeBase",0.0
RiskAversion,AntiTheft,"DrivHist,DrivQuality,HomeBase",0.0
RiskAversion,AntiTheft,"DrivHist,DrivQuality,HomeBase",0.0
RiskAversion,AntiTheft,"DrivHist,DrivQuality,HomeBase",0.0
RiskAversion,DrivHist,"AntiTheft,DrivQuality,HomeBase",1.4813293970439015e-53
RiskAversion,DrivHist,"AntiTheft,DrivQuality,HomeBase",1.4813293970439015e-53
RiskAversion,DrivHist,"AntiTheft,DrivQuality,HomeBase",1.4813293970439015e-53
RiskAversion,DrivHist,"AntiTheft,DrivQuality,HomeBase",1.4813293970439015e-53
RiskAversion,DrivHist,"AntiTheft,DrivQuality,HomeBase",1.4813293970439015e-53
RiskAversion,DrivHist,"AntiTheft,DrivQuality,HomeBase",1.4813293970439015e-53
RiskAversion,DrivHist,"AntiTheft,DrivQuality,HomeBase",1.4813293970439015e-53
RiskAversion,DrivHist,"AntiTheft,DrivQuality,HomeBase",1.4813293970439015e-53
RiskAversion,DrivHist,"AntiTheft,DrivQuality,HomeBase",1.4813293970439015e-53
RiskAversion,DrivHist,"AntiTheft,DrivQuality,HomeBase",1.4813293970439015e-53
RiskAversion,DrivHist,"AntiTheft,DrivQuality,HomeBase",1.4813293970439015e-53
RiskAversion,DrivHist,"AntiTheft,DrivQuality,HomeBase",1.4813293970439015e-53
RiskAversion,DrivHist,"AntiTheft,DrivQuality,HomeBase",1.4813293970439015e-53
RiskAversion,DrivHist,"AntiTheft,DrivQuality,HomeBase",1.4813293970439015e-53
RiskAversion,DrivHist,"AntiTheft,DrivQuality,HomeBase",1.4813293970439015e-53
RiskAversion,DrivHist,"AntiTheft,DrivQuality,HomeBase",1.4813293970439015e-53
RiskAversion,DrivHist,"AntiTheft,DrivQuality,HomeBase",1.4813293970439015e-53
RiskAversion,DrivHist,"AntiTheft,DrivQuality,HomeBase",1.4813293970439015e-53
RiskAversion,DrivHist,"AntiTheft,DrivQuality,HomeBase",1.4813293970439015e-53
RiskAversion,DrivHist,"AntiTheft,DrivQuality,HomeBase",1.4813293970439015e-53
VehicleYear,RuggedAuto,"Antilock,Cushioning,SocioEcon",3.1157988679118574e-66
VehicleYear,RuggedAuto,"Antilock,Cushioning,SocioEcon",3.1157988679118574e-66
VehicleYear,RuggedAuto,"Antilock,Cushioning,SocioEcon",3.1157988679118574e-66
VehicleYear,RuggedAuto,"Antilock,Cushioning,SocioEcon",3.1157988679118574e-66
VehicleYear,RuggedAuto,"Antilock,Cushioning,SocioEcon",3.1157988679118574e-66
VehicleYear,RuggedAuto,"Antilock,Cushioning,SocioEcon",3.1157988679118574e-66
VehicleYear,RuggedAuto,"Antilock,Cushioning,SocioEcon",3.1157988679118574e-66
VehicleYear,RuggedAuto,"Antilock,Cushioning,SocioEcon",3.1157988679118574e-66
VehicleYear,RuggedAuto,"Antilock,Cushioning,SocioEcon",3.1157988679118574e-66
VehicleYear,RuggedAuto,"Antilock,Cushioning,SocioEcon",3.1157988679118574e-66
VehicleYear,Antilock,"Cushioning,RuggedAuto,SocioEcon",2.2116600262814702e-98
VehicleYear,Antilock,"Cushioning,RuggedAuto,SocioEcon",2.2116600262814702e-98
VehicleYear,Antilock,"Cushioning,RuggedAuto,SocioEcon",2.2116600262814702e-98
VehicleYear,Antilock,"Cushioning,RuggedAuto,SocioEcon",2.2116600262814702e-98
VehicleYear,Antilock,"Cushioning,RuggedAuto,SocioEcon",2.2116600262814702e-98
VehicleYear,Antilock,"Cushioning,RuggedAuto,SocioEcon",2.2116600262814702e-98
VehicleYear,Antilock,"Cushioning,RuggedAuto,SocioEcon",2.2116600262814702e-98
VehicleYear,Antilock,"Cushioning,RuggedAuto,SocioEcon",2.2116600262814702e-98
VehicleYear,Antilock,"Cushioning,RuggedAuto,SocioEcon",2.2116600262814702e-98
VehicleYear,Antilock,"Cushioning,RuggedAuto,SocioEcon",2.2116600262814702e-98
VehicleYear,CarValue,"Antilock,RuggedAuto,SocioEcon",8.014345621483287e-247
VehicleYear,CarValue,"Antilock,RuggedAuto,SocioEcon",8.014345621483287e-247
VehicleYear,CarValue,"Antilock,RuggedAuto,SocioEcon",8.014345621483287e-247
VehicleYear,CarValue,"Antilock,RuggedAuto,SocioEcon",8.014345621483287e-247
VehicleYear,CarValue,"Antilock,RuggedAuto,SocioEcon",8.014345621483287e-247
VehicleYear,CarValue,"Antilock,RuggedAuto,SocioEcon",8.014345621483287e-247
VehicleYear,CarValue,"Antilock,RuggedAuto,SocioEcon",8.014345621483287e-247
VehicleYear,CarValue,"Antilock,RuggedAuto,SocioEcon",8.014345621483287e-247
VehicleYear,CarValue,"Antilock,RuggedAuto,SocioEcon",8.014345621483287e-247
VehicleYear,CarValue,"Antilock,RuggedAuto,SocioEcon",8.014345621483287e-247
VehicleYear,Cushioning,"Airbag,Antilock,CarValue",0.3874258389867568
VehicleYear,Cushioning,"Airbag,Antilock,CarValue",0.3874258389867568
VehicleYear,Airbag,"Antilock,RuggedAuto,SocioEcon",0.0
VehicleYear,Airbag,"Antilock,RuggedAuto,SocioEcon",0.0
VehicleYear,Airbag,"Antilock,RuggedAuto,SocioEcon",0.0
VehicleYear,Airbag,"Antilock,RuggedAuto,SocioEcon",0.0
VehicleYear,Airbag,"Antilock,RuggedAuto,SocioEcon",0.0
VehicleYear,Airbag,"Antilock,RuggedAuto,SocioEcon",0.0
VehicleYear,Airbag,"Antilock,RuggedAuto,SocioEcon",0.0
VehicleYear,Airbag,"Antilock,RuggedAuto,SocioEcon",0.0
VehicleYear,Airbag,"Antilock,RuggedAuto,SocioEcon",0.0
VehicleYear,Airbag,"Antilock,RuggedAuto,SocioEcon",0.0
ThisCarDam,Accident,"MedCost,PropCost,ThisCarCost",0.0
ThisCarDam,Accident,"MedCost,PropCost,ThisCarCost",0.0
ThisCarDam,Accident,"MedCost,PropCost,ThisCarCost",0.0
ThisCarDam,Accident,"MedCost,PropCost,ThisCarCost",0.0
ThisCarDam,ThisCarCost,"Accident,MedCost,PropCost",1.4068047638755484e-131
ThisCarDam,ThisCarCost,"Accident,MedCost,PropCost",1.4068047638755484e-131
ThisCarDam,ThisCarCost,"Accident,MedCost,PropCost",1.4068047638755484e-131
ThisCarDam,ThisCarCost,"Accident,MedCost,PropCost",1.4068047638755484e-131
ThisCarDam,PropCost,"MedCost,OtherCarCost,ThisCarCost",0.7226456482210659
ThisCarDam,PropCost,"MedCost,OtherCarCost,ThisCarCost",0.7226456482210659
ThisCarDam,PropCost,"MedCost,OtherCarCost,ThisCarCost",0.7226456482210659
ThisCarDam,OtherCarCost,"Accident,PropCost,ThisCarCost",0.8794608085089457
ThisCarDam,MedCost,"Accident,OtherCarCost,PropCost",0.5989334257084927
RuggedAuto,MakeModel,"CarValue,Cushioning,VehicleYear",2.8184344291016875e-201
RuggedAuto,MakeModel,"CarValue,Cushioning,VehicleYear",2.8184344291016875e-201
RuggedAuto,MakeModel,"CarValue,Cushioning,VehicleYear",2.8184344291016875e-201
RuggedAuto,MakeModel,"CarValue,Cushioning,VehicleYear",2.8184344291016875e-201
RuggedAuto,CarValue,"MakeModel,OtherCarCost,VehicleYear",0.28512182432467886
RuggedAuto,OtherCarCost,"CarValue,MakeModel,VehicleYear",0.9832337645987573
RuggedAuto,Cushioning,"CarValue,MakeModel,VehicleYear",6.03697183397e-311
RuggedAuto,Cushioning,"CarValue,MakeModel,VehicleYear",6.03697183397e-311
RuggedAuto,Cushioning,"CarValue,MakeModel,VehicleYear",6.03697183397e-311
RuggedAuto,Cushioning,"CarValue,MakeModel,VehicleYear",6.03697183397e-311
Accident,DrivQuality,"ILiCost,OtherCarCost,PropCost",0.9919456027105058
Accident,Antilock,"ILiCost,OtherCarCost,ThisCarDam",0.429256227510469
Accident,Antilock,"ILiCost,OtherCarCost,ThisCarDam",0.429256227510469
Accident,Antilock,"ILiCost,OtherCarCost,ThisCarDam",0.429256227510469
Accident,Antilock,"ILiCost,OtherCarCost,ThisCarDam",0.429256227510469
Accident,PropCost,"ILiCost,OtherCarCost,ThisCarDam",0.3621000821204527
Accident,PropCost,"ILiCost,OtherCarCost,ThisCarDam",0.3621000821204527
Accident,PropCost,"ILiCost,OtherCarCost,ThisCarDam",0.3621000821204527
Accident,PropCost,"ILiCost,OtherCarCost,ThisCarDam",0.3621000821204527
Accident,OtherCarCost,"Antilock,DrivQuality,ThisCarDam",2.3377406885472877e-226
Accident,OtherCarCost,"Antilock,DrivQuality,ThisCarDam",2.3377406885472877e-226
Accident,OtherCarCost,"Antilock,DrivQuality,ThisCarDam",2.3377406885472877e-226
Accident,OtherCarCost,"Antilock,DrivQuality,ThisCarDam",2.3377406885472877e-226
Accident,OtherCarCost,"Antilock,DrivQuality,ThisCarDam",2.3377406885472877e-226
Accident,OtherCarCost,"Antilock,DrivQuality,ThisCarDam",2.3377406885472877e-226
Accident,OtherCarCost,"Antilock,DrivQuality,ThisCarDam",2.3377406885472877e-226
Accident,OtherCarCost,"Antilock,DrivQuality,ThisCarDam",2.3377406885472877e-226
Accident,OtherCarCost,"Antilock,DrivQuality,ThisCarDam",2.3377406885472877e-226
Accident,OtherCarCost,"Antilock,DrivQuality,ThisCarDam",2.3377406885472877e-226
Accident,OtherCarCost,"Antilock,DrivQuality,ThisCarDam",2.3377406885472877e-226
Accident,OtherCarCost,"Antilock,DrivQuality,ThisCarDam",2.3377406885472877e-226
Accident,OtherCarCost,"Antilock,DrivQuality,ThisCarDam",2.3377406885472877e-226
Accident,OtherCarCost,"Antilock,DrivQuality,ThisCarDam",2.3377406885472877e-226
Accident,OtherCarCost,"Antilock,DrivQuality,ThisCarDam",2.3377406885472877e-226
Accident,OtherCarCost,"Antilock,DrivQuality,ThisCarDam",2.3377406885472877e-226
Accident,OtherCarCost,"Antilock,DrivQuality,ThisCarDam",2.3377406885472877e-226
Accident,OtherCarCost,"Antilock,DrivQuality,ThisCarDam",2.3377406885472877e-226
Accident,OtherCarCost,"Antilock,DrivQuality,ThisCarDam",2.3377406885472877e-226
Accident,OtherCarCost,"Antilock,DrivQuality,ThisCarDam",2.3377406885472877e-226
Accident,MedCost,"ILiCost,OtherCarCost,ThisCarDam",0.8816398763382645
Accident,MedCost,"ILiCost,OtherCarCost,ThisCarDam",0.8816398763382645
Accident,MedCost,"ILiCost,OtherCarCost,ThisCarDam",0.8816398763382645
Accident,MedCost,"ILiCost,OtherCarCost,ThisCarDam",0.8816398763382645
Accident,ILiCost,"MedCost,OtherCarCost,PropCost",0.11417833169062074
MakeModel,Antilock,"RuggedAuto,SocioEcon,ThisCarCost",3.24353828806693e-57
MakeModel,Antilock,"RuggedAuto,SocioEcon,ThisCarCost",3.24353828806693e-57
MakeModel,Antilock,"RuggedAuto,SocioEcon,ThisCarCost",3.24353828806693e-57
MakeModel,Antilock,"RuggedAuto,SocioEcon,ThisCarCost",3.24353828806693e-57
MakeModel,Antilock,"RuggedAuto,SocioEcon,ThisCarCost",3.24353828806693e-57
MakeModel,Antilock,"RuggedAuto,SocioEcon,ThisCarCost",3.24353828806693e-57
MakeModel,Antilock,"RuggedAuto,SocioEcon,ThisCarCost",3.24353828806693e-57
MakeModel,Antilock,"RuggedAuto,SocioEcon,ThisCarCost",3.24353828806693e-57
MakeModel,Antilock,"RuggedAuto,SocioEcon,ThisCarCost",3.24353828806693e-57
MakeModel,Antilock,"RuggedAuto,SocioEcon,ThisCarCost",3.24353828806693e-57
MakeModel,Antilock,"RuggedAuto,SocioEcon,ThisCarCost",3.24353828806693e-57
MakeModel,Antilock,"RuggedAuto,SocioEcon,ThisCarCost",3.24353828806693e-57
MakeModel,Antilock,"RuggedAuto,SocioEcon,ThisCarCost",3.24353828806693e-57
MakeModel,Antilock,"RuggedAuto,SocioEcon,ThisCarCost",3.24353828806693e-57
MakeModel,Antilock,"RuggedAuto,SocioEcon,ThisCarCost",3.24353828806693e-57
MakeModel,Antilock,"RuggedAuto,SocioEcon,ThisCarCost",3.24353828806693e-57
MakeModel,Antilock,"RuggedAuto,SocioEcon,ThisCarCost",3.24353828806693e-57
MakeModel,Antilock,"RuggedAuto,SocioEcon,ThisCarCost",3.24353828806693e-57
MakeModel,Antilock,"RuggedAuto,SocioEcon,ThisCarCost",3.24353828806693e-57
MakeModel,Antilock,"RuggedAuto,SocioEcon,ThisCarCost",3.24353828806693e-57
MakeModel,ThisCarCost,"Airbag,CarValue,SocioEcon",0.9350605029584882
MakeModel,ThisCarCost,"Airbag,CarValue,SocioEcon",0.9350605029584882
MakeModel,ThisCarCost,"Airbag,CarValue,SocioEcon",0.9350605029584882
MakeModel,ThisCarCost,"Airbag,CarValue,SocioEcon",0.9350605029584882
MakeModel,CarValue,"Antilock,SocioEcon,ThisCarCost",3.8855223155695674e-86
MakeModel,CarValue,"Antilock,SocioEcon,ThisCarCost",3.8855223155695674e-86
MakeModel,CarValue,"Antilock,SocioEcon,ThisCarCost",3.8855223155695674e-86
MakeModel,CarValue,"Antilock,SocioEcon,ThisCarCost",3.8855223155695674e-86
MakeModel,CarValue,"Antilock,SocioEcon,ThisCarCost",3.8855223155695674e-86
MakeModel,CarValue,"Antilock,SocioEcon,ThisCarCost",3.8855223155695674e-86
MakeModel,CarValue,"Antilock,SocioEcon,ThisCarCost",3.8855223155695674e-86
MakeModel,CarValue,"Antilock,SocioEcon,ThisCarCost",3.8855223155695674e-86
MakeModel,CarValue,"Antilock,SocioEcon,ThisCarCost",3.8855223155695674e-86
MakeModel,CarValue,"Antilock,SocioEcon,ThisCarCost",3.8855223155695674e-86
MakeModel,CarValue,"Antilock,SocioEcon,ThisCarCost",3.8855223155695674e-86
MakeModel,CarValue,"Antilock,SocioEcon,ThisCarCost",3.8855223155695674e-86
MakeModel,CarValue,"Antilock,SocioEcon,ThisCarCost",3.8855223155695674e-86
MakeModel,CarValue,"Antilock,SocioEcon,ThisCarCost",3.8855223155695674e-86
MakeModel,CarValue,"Antilock,SocioEcon,ThisCarCost",3.8855223155695674e-86
MakeModel,CarValue,"Antilock,SocioEcon,ThisCarCost",3.8855223155695674e-86
MakeModel,CarValue,"Antilock,SocioEcon,ThisCarCost",3.8855223155695674e-86
MakeModel,CarValue,"Antilock,SocioEcon,ThisCarCost",3.8855223155695674e-86
MakeModel,CarValue,"Antilock,SocioEcon,ThisCarCost",3.8855223155695674e-86
MakeModel,CarValue,"Antilock,SocioEcon,ThisCarCost",3.8855223155695674e-86
MakeModel,Cushioning,"CarValue,RuggedAuto,SocioEcon",0.99946578957733
MakeModel,Cushioning,"CarValue,RuggedAuto,SocioEcon",0.99946578957733
MakeModel,Cushioning,"CarValue,RuggedAuto,SocioEcon",0.99946578957733
MakeModel,Cushioning,"CarValue,RuggedAuto,SocioEcon",0.99946578957733
MakeModel,Cushioning,"CarValue,RuggedAuto,SocioEcon",0.99946578957733
MakeModel,Cushioning,"CarValue,RuggedAuto,SocioEcon",0.99946578957733
MakeModel,Airbag,"Antilock,SocioEcon,ThisCarCost",3.4256924314131384e-16
MakeModel,Airbag,"Antilock,SocioEcon,ThisCarCost",3.4256924314131384e-16
MakeModel,Airbag,"Antilock,SocioEcon,ThisCarCost",3.4256924314131384e-16
MakeModel,Airbag,"Antilock,SocioEcon,ThisCarCost",3.4256924314131384e-16
MakeModel,Airbag,"Antilock,SocioEcon,ThisCarCost",3.4256924314131384e-16
MakeModel,Airbag,"Antilock,SocioEcon,ThisCarCost",3.4256924314131384e-16
MakeModel,Airbag,"Antilock,SocioEcon,ThisCarCost",3.4256924314131384e-16
MakeModel,Airbag,"Antilock,SocioEcon,ThisCarCost",3.4256924314131384e-16
MakeModel,Airbag,"Antilock,SocioEcon,ThisCarCost",3.4256924314131384e-16
MakeModel,Airbag,"Antilock,SocioEcon,ThisCarCost",3.4256924314131384e-16
MakeModel,Airbag,"Antilock,SocioEcon,ThisCarCost",3.4256924314131384e-16
MakeModel,Airbag,"Antilock,SocioEcon,ThisCarCost",3.4256924314131384e-16
MakeModel,Airbag,"Antilock,SocioEcon,ThisCarCost",3.4256924314131384e-16
MakeModel,Airbag,"Antilock,SocioEcon,ThisCarCost",3.4256924314131384e-16
MakeModel,Airbag,"Antilock,SocioEcon,ThisCarCost",3.4256924314131384e-16
MakeModel,Airbag,"Antilock,SocioEcon,ThisCarCost",3.4256924314131384e-16
MakeModel,Airbag,"Antilock,SocioEcon,ThisCarCost",3.4256924314131384e-16
MakeModel,Airbag,"Antilock,SocioEcon,ThisCarCost",3.4256924314131384e-16
MakeModel,Airbag,"Antilock,SocioEcon,ThisCarCost",3.4256924314131384e-16
MakeModel,Airbag,"Antilock,SocioEcon,ThisCarCost",3.4256924314131384e-16
DrivQuality,DrivingSkill,"DrivHist,RiskAversion,SeniorTrain",4.030666555809596e-173
DrivQuality,DrivingSkill,"DrivHist,RiskAversion,SeniorTrain",4.030666555809596e-173
DrivQuality,DrivingSkill,"DrivHist,RiskAversion,SeniorTrain",4.030666555809596e-173
DrivQuality,DrivingSkill,"DrivHist,RiskAversion,SeniorTrain",4.030666555809596e-173
DrivQuality,SeniorTrain,"Accident,DrivHist,RiskAversion",6.281880484526926e-13
DrivQuality,SeniorTrain,"Accident,DrivHist,RiskAversion",6.281880484526926e-13
DrivQuality,SeniorTrain,"Accident,DrivHist,RiskAversion",6.281880484526926e-13
DrivQuality,SeniorTrain,"Accident,DrivHist,RiskAversion",6.281880484526926e-13
DrivQuality,DrivHist,"DrivingSkill,RiskAversion,SeniorTrain",0.2158904434085892
DrivQuality,DrivHist,"DrivingSkill,RiskAversion,SeniorTrain",0.2158904434085892
DrivQuality,DrivHist,"DrivingSkill,RiskAversion,SeniorTrain",0.2158904434085892
Antilock,ThisCarCost,"Accident,CarValue,MakeModel",0.5806107596683663
Antilock,CarValue,"MakeModel,SocioEcon,VehicleYear",0.08486156233082894
Antilock,CarValue,"MakeModel,SocioEcon,VehicleYear",0.08486156233082894
Antilock,CarValue,"MakeModel,SocioEcon,VehicleYear",0.08486156233082894
Antilock,CarValue,"MakeModel,SocioEcon,VehicleYear",0.08486156233082894
DrivingSkill,SeniorTrain,"DrivHist,DrivQuality,RiskAversion",0.013926550120731764
DrivingSkill,DrivHist,"DrivQuality,RiskAversion,SeniorTrain",6.653813696901646e-246
ThisCarCost,Theft,"CarValue,ILiCost,MakeModel",0.9594081520241446
ThisCarCost,Theft,"CarValue,ILiCost,MakeModel",0.9594081520241446
ThisCarCost,Theft,"CarValue,ILiCost,MakeModel",0.9594081520241446
ThisCarCost,Theft,"CarValue,ILiCost,MakeModel",0.9594081520241446
ThisCarCost,Theft,"CarValue,ILiCost,MakeModel",0.9594081520241446
ThisCarCost,Theft,"CarValue,ILiCost,MakeModel",0.9594081520241446
ThisCarCost,CarValue,"Antilock,MedCost,ThisCarDam",0.0
ThisCarCost,CarValue,"Antilock,MedCost,ThisCarDam",0.0
ThisCarCost,CarValue,"Antilock,MedCost,ThisCarDam",0.0
ThisCarCost,CarValue,"Antilock,MedCost,ThisCarDam",0.0
ThisCarCost,CarValue,"Antilock,MedCost,ThisCarDam",0.0
ThisCarCost,CarValue,"Antilock,MedCost,ThisCarDam",0.0
ThisCarCost,CarValue,"Antilock,MedCost,ThisCarDam",0.0
ThisCarCost,CarValue,"Antilock,MedCost,ThisCarDam",0.0
ThisCarCost,CarValue,"Antilock,MedCost,ThisCarDam",0.0
ThisCarCost,CarValue,"Antilock,MedCost,ThisCarDam",0.0
ThisCarCost,CarValue,"Antilock,MedCost,ThisCarDam",0.0
ThisCarCost,CarValue,"Antilock,MedCost,ThisCarDam",0.0
ThisCarCost,CarValue,"Antilock,MedCost,ThisCarDam",0.0
ThisCarCost,CarValue,"Antilock,MedCost,ThisCarDam",0.0
ThisCarCost,CarValue,"Antilock,MedCost,ThisCarDam",0.0
ThisCarCost,CarValue,"Antilock,MedCost,ThisCarDam",0.0
ThisCarCost,CarValue,"Antilock,MedCost,ThisCarDam",0.0
ThisCarCost,CarValue,"Antilock,MedCost,ThisCarDam",0.0
ThisCarCost,CarValue,"Antilock,MedCost,ThisCarDam",0.0
ThisCarCost,CarValue,"Antilock,MedCost,ThisCarDam",0.0
ThisCarCost,CarValue,"Antilock,MedCost,ThisCarDam",0.0
ThisCarCost,CarValue,"Antilock,MedCost,ThisCarDam",0.0
ThisCarCost,CarValue,"Antilock,MedCost,ThisCarDam",0.0
ThisCarCost,CarValue,"Antilock,MedCost,ThisCarDam",0.0
ThisCarCost,CarValue,"Antilock,MedCost,ThisCarDam",0.0
ThisCarCost,CarValue,"Antilock,MedCost,ThisCarDam",0.0
ThisCarCost,CarValue,"Antilock,MedCost,ThisCarDam",0.0
ThisCarCost,CarValue,"Antilock,MedCost,ThisCarDam",0.0
ThisCarCost,CarValue,"Antilock,MedCost,ThisCarDam",0.0
ThisCarCost,CarValue,"Antilock,MedCost,ThisCarDam",0.0
ThisCarCost,CarValue,"Antilock,MedCost,ThisCarDam",0.0
ThisCarCost,CarValue,"Antilock,MedCost,ThisCarDam",0.0
ThisCarCost,CarValue,"Antilock,MedCost,ThisCarDam",0.0
ThisCarCost,CarValue,"Antilock,MedCost,ThisCarDam",0.0
ThisCarCost,CarValue,"Antilock,MedCost,ThisCarDam",0.0
ThisCarCost,PropCost,"Antilock,MedCost,ThisCarDam",8.247522512627704e-174
ThisCarCost,PropCost,"Antilock,MedCost,ThisCarDam",8.247522512627704e-174
ThisCarCost,PropCost,"Antilock,MedCost,ThisCarDam",8.247522512627704e-174
ThisCarCost,PropCost,"Antilock,MedCost,ThisCarDam",8.247522512627704e-174
ThisCarCost,PropCost,"Antilock,MedCost,ThisCarDam",8.247522512627704e-174
ThisCarCost,PropCost,"Antilock,MedCost,ThisCarDam",8.247522512627704e-174
ThisCarCost,PropCost,"Antilock,MedCost,ThisCarDam",8.247522512627704e-174
ThisCarCost,PropCost,"Antilock,MedCost,ThisCarDam",8.247522512627704e-174
ThisCarCost,PropCost,"Antilock,MedCost,ThisCarDam",8.247522512627704e-174
ThisCarCost,PropCost,"Antilock,MedCost,ThisCarDam",8.247522512627704e-174
ThisCarCost,PropCost,"Antilock,MedCost,ThisCarDam",8.247522512627704e-174
ThisCarCost,PropCost,"Antilock,MedCost,ThisCarDam",8.247522512627704e-174
ThisCarCost,PropCost,"Antilock,MedCost,ThisCarDam",8.247522512627704e-174
ThisCarCost,PropCost,"Antilock,MedCost,ThisCarDam",8.247522512627704e-174
ThisCarCost,PropCost,"Antilock,MedCost,ThisCarDam",8.247522512627704e-174
ThisCarCost,PropCost,"Antilock,MedCost,ThisCarDam",8.247522512627704e-174
ThisCarCost,PropCost,"Antilock,MedCost,ThisCarDam",8.247522512627704e-174
ThisCarCost,PropCost,"Antilock,MedCost,ThisCarDam",8.247522512627704e-174
ThisCarCost,PropCost,"Antilock,MedCost,ThisCarDam",8.247522512627704e-174
ThisCarCost,PropCost,"Antilock,MedCost,ThisCarDam",8.247522512627704e-174
ThisCarCost,PropCost,"Antilock,MedCost,ThisCarDam",8.247522512627704e-174
ThisCarCost,PropCost,"Antilock,MedCost,ThisCarDam",8.247522512627704e-174
ThisCarCost,PropCost,"Antilock,MedCost,ThisCarDam",8.247522512627704e-174
ThisCarCost,PropCost,"Antilock,MedCost,ThisCarDam",8.247522512627704e-174
ThisCarCost,PropCost,"Antilock,MedCost,ThisCarDam",8.247522512627704e-174
ThisCarCost,PropCost,"Antilock,MedCost,ThisCarDam",8.247522512627704e-174
ThisCarCost,PropCost,"Antilock,MedCost,ThisCarDam",8.247522512627704e-174
ThisCarCost,PropCost,"Antilock,MedCost,ThisCarDam",8.247522512627704e-174
ThisCarCost,PropCost,"Antilock,MedCost,ThisCarDam",8.247522512627704e-174
ThisCarCost,PropCost,"Antilock,MedCost,ThisCarDam",8.247522512627704e-174
ThisCarCost,PropCost,"Antilock,MedCost,ThisCarDam",8.247522512627704e-174
ThisCarCost,PropCost,"Antilock,MedCost,ThisCarDam",8.247522512627704e-174
ThisCarCost,PropCost,"Antilock,MedCost,ThisCarDam",8.247522512627704e-174
ThisCarCost,PropCost,"Antilock,MedCost,ThisCarDam",8.247522512627704e-174
ThisCarCost,PropCost,"Antilock,MedCost,ThisCarDam",8.247522512627704e-174
ThisCarCost,MedCost,"ILiCost,MakeModel,PropCost",0.999999960609626
ThisCarCost,ILiCost,"MakeModel,PropCost,Theft",0.12326305884868954
CarValue,PropCost,"MakeModel,Mileage,Theft",0.06271721732630735
CarValue,PropCost,"MakeModel,Mileage,Theft",0.06271721732630735
CarValue,PropCost,"MakeModel,Mileage,Theft",0.06271721732630735
CarValue,PropCost,"MakeModel,Mileage,Theft",0.06271721732630735
CarValue,Airbag,"Antilock,SocioEcon,ThisCarCost",8.97472634119318e-72
CarValue,Airbag,"Antilock,SocioEcon,ThisCarCost",8.97472634119318e-72
CarValue,Airbag,"Antilock,SocioEcon,ThisCarCost",8.97472634119318e-72
CarValue,Airbag,"Antilock,SocioEcon,ThisCarCost",8.97472634119318e-72
CarValue,Airbag,"Antilock,SocioEcon,ThisCarCost",8.97472634119318e-72
CarValue,Airbag,"Antilock,SocioEcon,ThisCarCost",8.97472634119318e-72
CarValue,Airbag,"Antilock,SocioEcon,ThisCarCost",8.97472634119318e-72
CarValue,Airbag,"Antilock,SocioEcon,ThisCarCost",8.97472634119318e-72
CarValue,Airbag,"Antilock,SocioEcon,ThisCarCost",8.97472634119318e-72
CarValue,Airbag,"Antilock,SocioEcon,ThisCarCost",8.97472634119318e-72
CarValue,Airbag,"Antilock,SocioEcon,ThisCarCost",8.97472634119318e-72
CarValue,Airbag,"Antilock,SocioEcon,ThisCarCost",8.97472634119318e-72
CarValue,Airbag,"Antilock,SocioEcon,ThisCarCost",8.97472634119318e-72
CarValue,Airbag,"Antilock,SocioEcon,ThisCarCost",8.97472634119318e-72
CarValue,Airbag,"Antilock,SocioEcon,ThisCarCost",8.97472634119318e-72
CarValue,Airbag,"Antilock,SocioEcon,ThisCarCost",8.97472634119318e-72
CarValue,Airbag,"Antilock,SocioEcon,ThisCarCost",8.97472634119318e-72
CarValue,Airbag,"Antilock,SocioEcon,ThisCarCost",8.97472634119318e-72
CarValue,Airbag,"Antilock,SocioEcon,ThisCarCost",8.97472634119318e-72
CarValue,Airbag,"Antilock,SocioEcon,ThisCarCost",8.97472634119318e-72
CarValue,Airbag,"Antilock,SocioEcon,ThisCarCost",8.97472634119318e-72
CarValue,Airbag,"Antilock,SocioEcon,ThisCarCost",8.97472634119318e-72
CarValue,Airbag,"Antilock,SocioEcon,ThisCarCost",8.97472634119318e-72
CarValue,Airbag,"Antilock,SocioEcon,ThisCarCost",8.97472634119318e-72
CarValue,Airbag,"Antilock,SocioEcon,ThisCarCost",8.97472634119318e-72
CarValue,Airbag,"Antilock,SocioEcon,ThisCarCost",8.97472634119318e-72
CarValue,Airbag,"Antilock,SocioEcon,ThisCarCost",8.97472634119318e-72
CarValue,Airbag,"Antilock,SocioEcon,ThisCarCost",8.97472634119318e-72
CarValue,Airbag,"Antilock,SocioEcon,ThisCarCost",8.97472634119318e-72
CarValue,Airbag,"Antilock,SocioEcon,ThisCarCost",8.97472634119318e-72
CarValue,Airbag,"Antilock,SocioEcon,ThisCarCost",8.97472634119318e-72
CarValue,Airbag,"Antilock,SocioEcon,ThisCarCost",8.97472634119318e-72
CarValue,Airbag,"Antilock,SocioEcon,ThisCarCost",8.97472634119318e-72
CarValue,Airbag,"Antilock,SocioEcon,ThisCarCost",8.97472634119318e-72
CarValue,Airbag,"Antilock,SocioEcon,ThisCarCost",8.97472634119318e-72
CarValue,Airbag,"Antilock,SocioEcon,ThisCarCost",8.97472634119318e-72
CarValue,Airbag,"Antilock,SocioEcon,ThisCarCost",8.97472634119318e-72
CarValue,Airbag,"Antilock,SocioEcon,ThisCarCost",8.97472634119318e-72
CarValue,Airbag,"Antilock,SocioEcon,ThisCarCost",8.97472634119318e-72
CarValue,Airbag,"Antilock,SocioEcon,ThisCarCost",8.97472634119318e-72
CarValue,Airbag,"Antilock,SocioEcon,ThisCarCost",8.97472634119318e-72
CarValue,Airbag,"Antilock,SocioEcon,ThisCarCost",8.97472634119318e-72
CarValue,Airbag,"Antilock,SocioEcon,ThisCarCost",8.97472634119318e-72
CarValue,Airbag,"Antilock,SocioEcon,ThisCarCost",8.97472634119318e-72
CarValue,Airbag,"Antilock,SocioEcon,ThisCarCost",8.97472634119318e-72
CarValue,Airbag,"Antilock,SocioEcon,ThisCarCost",8.97472634119318e-72
CarValue,Airbag,"Antilock,SocioEcon,ThisCarCost",8.97472634119318e-72
CarValue,Airbag,"Antilock,SocioEcon,ThisCarCost",8.97472634119318e-72
CarValue,Airbag,"Antilock,SocioEcon,ThisCarCost",8.97472634119318e-72
CarValue,Airbag,"Antilock,SocioEcon,ThisCarCost",8.97472634119318e-72
CarValue,Airbag,"Antilock,SocioEcon,ThisCarCost",8.97472634119318e-72
CarValue,Airbag,"Antilock,SocioEcon,ThisCarCost",8.97472634119318e-72
CarValue,Airbag,"Antilock,SocioEcon,ThisCarCost",8.97472634119318e-72
CarValue,Airbag,"Antilock,SocioEcon,ThisCarCost",8.97472634119318e-72
CarValue,Airbag,"Antilock,SocioEcon,ThisCarCost",8.97472634119318e-72
CarValue,Airbag,"Antilock,SocioEcon,ThisCarCost",8.97472634119318e-72
CarValue,Airbag,"Antilock,SocioEcon,ThisCarCost",8.97472634119318e-72
CarValue,Airbag,"Antilock,SocioEcon,ThisCarCost",8.97472634119318e-72
CarValue,Airbag,"Antilock,SocioEcon,ThisCarCost",8.97472634119318e-72
CarValue,Airbag,"Antilock,SocioEcon,ThisCarCost",8.97472634119318e-72
CarValue,Airbag,"Antilock,SocioEcon,ThisCarCost",8.97472634119318e-72
CarValue,Airbag,"Antilock,SocioEcon,ThisCarCost",8.97472634119318e-72
CarValue,Airbag,"Antilock,SocioEcon,ThisCarCost",8.97472634119318e-72
CarValue,Airbag,"Antilock,SocioEcon,ThisCarCost",8.97472634119318e-72
CarValue,Airbag,"Antilock,SocioEcon,ThisCarCost",8.97472634119318e-72
CarValue,Airbag,"Antilock,SocioEcon,ThisCarCost",8.97472634119318e-72
CarValue,Airbag,"Antilock,SocioEcon,ThisCarCost",8.97472634119318e-72
CarValue,Airbag,"Antilock,SocioEcon,ThisCarCost",8.97472634119318e-72
CarValue,Airbag,"Antilock,SocioEcon,ThisCarCost",8.97472634119318e-72
CarValue,Airbag,"Antilock,SocioEcon,ThisCarCost",8.97472634119318e-72
CarValue,Airbag,"Antilock,SocioEcon,ThisCarCost",8.97472634119318e-72
CarValue,Airbag,"Antilock,SocioEcon,ThisCarCost",8.97472634119318e-72
CarValue,Airbag,"Antilock,SocioEcon,ThisCarCost",8.97472634119318e-72
CarValue,Airbag,"Antilock,SocioEcon,ThisCarCost",8.97472634119318e-72
CarValue,Airbag,"Antilock,SocioEcon,ThisCarCost",8.97472634119318e-72
CarValue,Airbag,"Antilock,SocioEcon,ThisCarCost",8.97472634119318e-72
CarValue,Airbag,"Antilock,SocioEcon,ThisCarCost",8.97472634119318e-72
CarValue,Airbag,"Antilock,SocioEcon,ThisCarCost",8.97472634119318e-72
CarValue,Airbag,"Antilock,SocioEcon,ThisCarCost",8.97472634119318e-72
CarValue,Airbag,"Antilock,SocioEcon,ThisCarCost",8.97472634119318e-72
CarValue,Airbag,"Antilock,SocioEcon,ThisCarCost",8.97472634119318e-72
CarValue,Airbag,"Antilock,SocioEcon,ThisCarCost",8.97472634119318e-72
CarValue,Airbag,"Antilock,SocioEcon,ThisCarCost",8.97472634119318e-72
CarValue,Airbag,"Antilock,SocioEcon,ThisCarCost",8.97472634119318e-72
PropCost,OtherCarCost,"CarValue,ThisCarCost,ThisCarDam",0.0
PropCost,OtherCarCost,"CarValue,ThisCarCost,ThisCarDam",0.0
PropCost,OtherCarCost,"CarValue,ThisCarCost,ThisCarDam",0.0
PropCost,OtherCarCost,"CarValue,ThisCarCost,ThisCarDam",0.0
OtherCarCost,ILiCost,"Accident,RuggedAuto,ThisCarDam",0.07206399166652673
OtherCarCost,ILiCost,"Accident,RuggedAuto,ThisCarDam",0.07206399166652673
OtherCarCost,ILiCost,"Accident,RuggedAuto,ThisCarDam",0.07206399166652673
MedCost,Cushioning,"Accident,ThisCarCost,ThisCarDam",7.884632776637053e-79
Cushioning,Airbag,"MedCost,RuggedAuto,VehicleYear",5.060981427002907e-121
Cushioning,Airbag,"MedCost,RuggedAuto,VehicleYear",5.060981427002907e-121
Cushioning,Airbag,"MedCost,RuggedAuto,VehicleYear",5.060981427002907e-121
Cushioning,Airbag,"MedCost,RuggedAuto,VehicleYear",5.060981427002907e-121
